Administrative,Administrative_Duration,Informational,Informational_Duration,ProductRelated,ProductRelated_Duration,BounceRates,ExitRates,PageValues,SpecialDay,Month,OperatingSystems,Browser,Region,TrafficType,VisitorType,Weekend,Revenue
3,84.25,0,0.0,52,1725.97,0.0,0.03,0.01,0.0,Nov,2,2,1,2,New_Visitor,False,False
0,2.13,0,0.0,4,35.22,0.13,0.2,0.0,0.0,May,1,1,4,3,Returning_Visitor,False,False
0,9.57,0,0.17,46,900.92,0.03,0.02,0.14,0.6,May,1,1,8,1,Returning_Visitor,False,False
2,1.57,0,0.0,5,0.0,0.2,0.2,0.0,0.0,Nov,4,1,1,10,Returning_Visitor,True,False
13,388.3,5,417.0,67,6755.8,0.0,0.02,24.27,0.0,May,2,2,4,2,Returning_Visitor,False,False
0,0.0,0,0.0,4,13.5,0.2,0.2,0.0,0.0,May,2,2,1,3,Returning_Visitor,False,False
0,0.0,0,0.1,45,1970.0,0.02,0.04,0.0,0.0,June,4,1,3,3,Returning_Visitor,False,False
3,90.0,0,0.0,4,126.0,0.0,0.01,0.0,0.0,May,2,2,9,5,Returning_Visitor,False,False
0,3.29,0,0.0,11,242.92,0.0,0.02,16.16,0.01,Dec,2,2,7,2,Returning_Visitor,True,True
0,0.0,0,1.91,2,158.68,0.01,0.14,0.0,0.0,May,1,1,1,1,Returning_Visitor,True,False
3,104.07,0,0.0,46,1954.75,0.0,0.0,0.0,0.0,Dec,2,2,3,1,Returning_Visitor,False,False
2,103.68,0,1.16,5,97.0,0.0,0.03,0.0,0.0,Mar,3,3,1,10,Returning_Visitor,False,False
1,58.0,0,0.0,33,1490.28,0.0,0.01,0.0,0.0,Dec,3,2,3,2,New_Visitor,False,False
2,125.0,0,0.0,7,49.0,0.04,0.11,0.01,0.0,May,1,1,8,1,Returning_Visitor,False,False
0,0.0,0,0.0,1,487.0,0.0,0.1,0.0,0.0,Nov,1,1,3,10,Returning_Visitor,True,False
0,0.0,0,0.0,12,145.01,0.13,0.17,0.0,0.6,May,2,2,1,3,Returning_Visitor,False,False
0,1.69,0,0.0,75,1503.96,0.0,0.02,0.0,0.0,Nov,2,2,1,2,Returning_Visitor,False,False
0,0.0,0,0.0,77,1903.6,0.0,0.03,0.02,0.0,Dec,1,1,3,1,Returning_Visitor,False,False
0,0.0,0,0.0,10,60.25,0.03,0.07,0.0,0.0,Nov,2,2,7,3,Returning_Visitor,False,True
0,0.0,0,0.0,8,147.5,0.03,0.06,0.0,0.01,Mar,1,2,8,1,Returning_Visitor,False,False
1,0.0,0,0.0,29,1137.17,0.0,0.01,22.27,0.0,May,1,8,1,11,Returning_Visitor,True,True
2,54.19,1,0.44,32,2230.6,0.01,0.02,0.0,0.0,May,2,2,9,1,Returning_Visitor,False,False
1,108.0,0,0.0,37,1502.8,0.02,0.03,0.0,0.0,Dec,2,2,1,1,Returning_Visitor,False,False
0,0.0,0,0.0,39,1504.02,0.0,0.01,0.0,0.0,Dec,2,2,4,1,Returning_Visitor,True,False
3,406.0,0,1.87,52,2570.43,0.0,0.02,0.03,0.0,Nov,3,2,1,2,Returning_Visitor,False,False
11,225.22,2,106.8,68,1607.17,0.0,0.03,0.06,0.0,Sep,2,2,1,3,Returning_Visitor,False,True
2,139.3,0,0.0,42,1329.67,0.0,0.0,80.04,0.1,May,2,2,1,4,Returning_Visitor,True,True
2,2.42,0,0.19,0,501.89,0.0,0.07,0.0,0.8,May,1,1,1,4,Returning_Visitor,False,False
0,0.0,0,0.0,46,1505.86,0.01,0.04,0.01,0.0,May,4,1,9,3,Returning_Visitor,False,False
0,1.48,0,0.12,1,0.0,0.2,0.2,0.0,0.0,Mar,2,2,1,1,Returning_Visitor,False,False
7,268.42,0,0.0,41,1481.56,0.0,0.02,0.01,0.0,Nov,2,2,9,2,Returning_Visitor,False,True
3,2.19,0,0.0,46,1503.02,0.0,0.01,0.0,0.0,Dec,2,2,1,10,Returning_Visitor,False,False
7,301.08,0,0.0,46,1538.06,0.01,0.04,12.22,0.0,Jul,2,2,3,2,Returning_Visitor,False,False
0,0.0,0,0.0,14,15.13,0.13,0.2,0.0,0.0,Nov,3,2,9,2,Returning_Visitor,False,False
0,1.79,0,0.99,4,217.03,0.0,0.03,0.53,0.0,Nov,1,1,3,10,Returning_Visitor,True,True
0,0.0,0,0.0,40,184.98,0.0,0.03,0.0,0.0,Dec,2,2,4,2,Returning_Visitor,False,False
9,266.74,4,1312.4,26,308.34,0.0,0.05,9.28,0.0,Nov,2,7,3,3,Returning_Visitor,True,True
5,105.16,3,114.0,401,14568.16,0.0,0.02,3.55,0.0,Nov,2,2,4,1,Returning_Visitor,False,True
4,104.34,0,0.0,13,183.65,0.0,0.01,0.0,0.0,Nov,2,2,1,2,New_Visitor,False,False
0,0.0,1,297.2,8,320.27,0.0,0.04,17.8,0.01,Oct,2,2,1,3,Returning_Visitor,False,True
0,0.0,0,0.0,10,103.83,0.03,0.06,0.0,0.0,May,2,2,3,3,Returning_Visitor,False,False
1,0.0,0,3.56,28,2791.94,0.0,0.02,8.39,0.0,Oct,2,2,3,2,Returning_Visitor,False,True
2,104.18,0,0.0,21,1494.5,0.0,0.0,0.0,0.0,May,2,2,7,2,Returning_Visitor,False,False
1,0.0,0,0.11,45,1296.0,0.0,0.01,0.0,0.0,Nov,2,5,2,3,Returning_Visitor,False,False
6,47.3,0,0.0,14,858.2,0.0,0.01,0.0,0.0,Oct,4,1,3,5,New_Visitor,False,True
0,2.26,0,5.87,23,1544.6,0.02,0.09,0.01,0.0,Nov,3,2,8,1,Returning_Visitor,True,False
5,176.25,0,0.0,14,1499.86,0.0,0.04,0.0,0.0,Dec,2,2,1,2,Returning_Visitor,False,False
2,104.49,2,162.0,13,481.67,0.02,0.04,32.65,0.0,Mar,2,2,4,2,Returning_Visitor,False,False
1,27.5,0,0.0,11,243.67,0.0,0.02,0.0,0.0,Mar,3,2,1,3,Returning_Visitor,True,False
10,593.47,1,21.2,39,1110.97,0.0,0.01,112.44,0.0,Sep,4,2,7,2,Returning_Visitor,False,False
5,164.62,0,0.0,46,1110.58,0.0,0.01,12.38,0.0,Nov,2,2,3,3,Returning_Visitor,False,True
0,0.0,0,0.0,29,669.97,0.01,0.02,0.0,0.0,Mar,1,2,6,1,Returning_Visitor,False,False
0,0.0,2,28.0,12,276.0,0.0,0.02,0.03,0.0,May,4,5,9,2,New_Visitor,False,False
0,1.45,0,0.0,9,162.29,0.0,0.04,0.01,0.0,Mar,3,2,7,1,Returning_Visitor,True,False
2,125.5,0,0.0,45,1476.63,0.0,0.03,0.15,0.0,Mar,1,1,1,2,Returning_Visitor,True,False
1,29.0,0,0.0,46,381.36,0.0,0.02,0.01,0.8,May,2,2,1,2,New_Visitor,False,False
10,103.94,0,1.44,37,1553.52,0.01,0.01,0.0,0.0,Sep,2,2,1,2,Returning_Visitor,False,False
0,3.93,0,0.0,7,343.25,0.0,0.03,49.36,0.0,Mar,2,2,1,2,Returning_Visitor,True,True
4,76.0,0,0.0,39,1494.29,0.0,0.03,12.86,0.0,Mar,2,2,3,2,Returning_Visitor,False,False
0,0.0,0,0.0,45,275.17,0.0,0.02,0.0,0.0,Nov,4,2,6,3,Returning_Visitor,False,False
3,434.99,0,0.0,58,2034.26,0.01,0.04,0.0,0.0,Nov,2,2,1,1,Returning_Visitor,False,True
7,42.0,0,0.41,23,502.52,0.0,0.02,0.0,0.0,Nov,2,5,1,3,Returning_Visitor,True,False
0,1.97,0,0.0,13,210.5,0.03,0.05,0.0,0.0,Dec,2,2,1,1,Returning_Visitor,False,False
0,1.68,0,0.0,15,145.95,0.08,0.13,0.02,1.0,May,2,2,1,6,Returning_Visitor,False,False
0,0.0,0,0.0,10,1656.67,0.06,0.14,0.0,0.0,Mar,4,2,1,1,Returning_Visitor,True,False
0,0.0,0,0.1,23,1434.91,0.0,0.03,0.0,0.0,Dec,1,1,1,2,Returning_Visitor,False,False
0,2.04,0,0.0,15,688.18,0.0,0.01,61.78,0.0,Dec,2,2,3,2,New_Visitor,False,True
0,0.0,0,0.0,4,1503.38,0.05,0.07,0.0,0.58,May,2,2,1,6,Returning_Visitor,False,False
9,150.0,0,0.26,128,1799.14,0.01,0.02,0.01,0.8,May,3,2,1,13,Returning_Visitor,False,False
0,0.0,0,0.0,1,151.68,0.2,0.2,0.03,0.0,Dec,1,1,7,3,Returning_Visitor,False,False
9,291.24,0,2.38,30,1498.62,0.01,0.01,0.0,0.0,Dec,3,2,1,2,Returning_Visitor,True,False
0,0.0,0,0.0,26,553.5,0.0,0.01,35.66,0.51,May,2,2,3,4,Returning_Visitor,False,True
2,26.18,6,81.49,14,484.85,0.0,0.04,0.0,0.0,Nov,3,2,3,10,Returning_Visitor,False,False
5,110.47,0,0.0,24,734.72,0.0,0.02,0.0,0.0,Sep,2,2,4,4,Returning_Visitor,True,False
0,0.0,0,0.0,91,1503.85,0.0,0.02,0.01,0.0,Nov,2,2,1,2,Returning_Visitor,False,False
6,200.22,1,126.0,146,7253.68,0.01,0.02,12.24,0.4,May,2,2,3,4,Returning_Visitor,False,False
0,0.0,0,0.0,8,196.5,0.0,0.03,0.0,0.0,Mar,2,2,1,10,Returning_Visitor,False,False
3,208.4,0,0.0,13,145.81,0.0,0.03,0.0,0.0,May,1,1,8,4,Returning_Visitor,False,False
0,1.7,0,0.0,5,235.67,0.13,0.14,0.0,0.0,May,2,4,1,1,Returning_Visitor,False,False
0,0.0,0,0.0,46,6053.47,0.01,0.03,0.04,0.0,Sep,2,1,9,3,Returning_Visitor,False,False
0,0.0,0,0.0,5,153.08,0.0,0.04,0.04,0.0,Dec,2,2,4,2,New_Visitor,False,False
0,2.1,0,0.0,78,142.12,0.2,0.2,0.0,0.0,Nov,2,5,2,10,Returning_Visitor,False,False
8,259.83,0,5.72,48,535.47,0.0,0.01,0.0,0.0,May,2,2,4,4,Returning_Visitor,False,False
0,0.0,0,0.0,5,146.9,0.0,0.04,0.01,0.0,May,2,2,4,3,Returning_Visitor,False,False
0,3.51,0,0.0,8,135.25,0.0,0.05,0.0,0.0,Nov,2,2,9,3,Returning_Visitor,False,False
3,318.2,0,0.39,6,117.0,0.01,0.05,0.0,0.0,Dec,2,4,1,1,Returning_Visitor,False,False
3,0.0,0,0.0,16,1062.67,0.0,0.01,54.57,0.01,Sep,4,1,1,4,New_Visitor,False,True
0,0.0,0,0.0,1,0.0,0.13,0.2,0.01,0.0,Mar,2,2,1,1,Returning_Visitor,False,False
9,201.85,1,20.6,43,1458.94,0.0,0.01,0.01,0.0,Nov,3,2,3,1,New_Visitor,False,False
5,106.51,0,0.0,43,1502.87,0.02,0.03,5.56,0.0,Nov,3,2,1,13,Returning_Visitor,False,True
1,19.2,0,0.65,22,443.83,0.0,0.0,0.13,0.0,Nov,1,1,1,3,Returning_Visitor,False,False
4,364.33,1,2.44,85,1723.08,0.01,0.03,5.05,0.0,Nov,2,2,1,1,Returning_Visitor,False,False
3,299.0,1,41.0,36,696.4,0.0,0.0,0.0,0.0,May,2,2,2,4,Returning_Visitor,True,False
0,0.0,0,0.0,12,281.5,0.02,0.02,0.0,0.0,May,2,4,3,4,Returning_Visitor,True,False
0,0.0,0,0.47,10,214.25,0.0,0.02,0.0,0.0,Mar,3,2,2,1,Returning_Visitor,False,False
0,0.0,0,0.0,80,801.8,0.0,0.0,0.0,0.0,Mar,2,2,3,1,Returning_Visitor,False,False
0,0.0,0,0.26,24,727.5,0.0,0.02,0.0,0.02,Mar,2,2,3,1,Returning_Visitor,False,False
10,187.72,1,11.0,29,277.35,0.0,0.02,0.0,0.0,Sep,3,2,9,5,Returning_Visitor,False,False
8,57.06,3,88.79,46,154.12,0.02,0.07,0.79,0.0,Mar,2,2,1,1,Returning_Visitor,False,False
2,48.5,2,32.0,45,1502.36,0.01,0.04,0.0,0.0,Dec,1,1,1,2,Returning_Visitor,False,False
0,0.0,0,1.63,4,137.0,0.0,0.08,0.0,0.0,May,4,1,3,3,Returning_Visitor,True,False
3,65.93,0,0.0,17,557.69,0.0,0.01,12.25,0.0,Dec,2,2,1,2,Returning_Visitor,False,True
0,2.54,0,0.0,46,1502.48,0.0,0.04,0.2,0.0,Nov,2,2,3,1,Returning_Visitor,False,False
27,853.74,2,126.5,53,5904.5,0.0,0.01,4.51,0.0,Nov,2,4,3,8,Returning_Visitor,True,False
2,52.5,0,0.0,10,1489.83,0.0,0.02,0.0,0.0,Nov,2,2,1,2,Returning_Visitor,False,False
4,118.8,0,0.0,11,805.5,0.0,0.03,0.0,0.0,Dec,1,1,6,3,Returning_Visitor,False,False
0,0.0,0,0.0,1,6.66,0.2,0.2,0.0,0.0,Dec,2,2,6,13,Returning_Visitor,False,False
2,294.2,1,108.9,60,1994.02,0.02,0.04,0.0,0.0,Sep,3,2,6,2,Returning_Visitor,False,False
0,105.5,0,0.0,6,213.5,0.0,0.05,0.0,0.0,Mar,2,5,1,1,Returning_Visitor,True,False
0,0.0,0,0.0,17,1040.1,0.0,0.01,128.83,0.0,Dec,2,2,5,2,New_Visitor,False,True
0,6.33,0,0.42,23,977.77,0.0,0.07,0.0,0.0,June,2,2,3,2,Returning_Visitor,False,False
8,144.5,4,0.86,52,2826.79,0.01,0.03,0.0,0.0,May,3,2,3,13,Returning_Visitor,True,False
0,0.0,0,0.17,1,0.0,0.2,0.2,0.0,0.0,Mar,1,2,3,1,Returning_Visitor,False,False
3,162.05,0,0.0,45,399.69,0.0,0.01,0.0,0.0,Mar,1,1,7,2,New_Visitor,False,False
0,1.7,0,0.0,44,1457.11,0.03,0.03,0.18,0.0,Nov,2,2,3,1,Returning_Visitor,False,False
0,0.0,0,0.0,10,556.8,0.0,0.01,17.3,0.0,May,2,2,5,2,New_Visitor,True,True
3,103.66,1,4.55,46,711.57,0.0,0.01,0.0,0.0,Dec,3,2,1,4,Returning_Visitor,False,False
0,0.0,0,0.14,9,228.5,0.02,0.04,0.0,0.55,May,3,2,3,3,Returning_Visitor,False,False
0,0.0,0,0.16,2,0.0,0.13,0.2,0.0,0.0,May,1,1,3,3,Returning_Visitor,False,False
6,99.5,0,0.0,11,143.0,0.0,0.01,0.0,0.0,May,2,10,8,2,Returning_Visitor,False,False
10,200.58,1,86.0,65,1476.5,0.04,0.06,12.17,0.0,May,2,2,5,1,Returning_Visitor,False,False
1,21.25,1,0.0,23,1171.07,0.01,0.04,11.08,0.0,Dec,2,2,7,1,Returning_Visitor,False,False
3,1.57,0,0.0,56,2094.98,0.03,0.06,0.33,0.8,May,2,4,3,3,Returning_Visitor,False,False
10,305.91,1,12.41,44,6038.24,0.0,0.02,12.4,0.0,Nov,2,4,3,2,Returning_Visitor,True,True
4,118.5,1,20.6,62,2910.63,0.01,0.02,12.24,0.0,Nov,3,2,1,2,Returning_Visitor,False,True
0,0.0,0,0.0,3,0.0,0.2,0.2,0.05,0.0,May,3,2,6,13,Returning_Visitor,False,False
3,74.0,0,0.0,258,4937.26,0.0,0.01,0.0,0.0,Dec,2,2,2,1,Returning_Visitor,False,False
3,0.0,1,257.0,31,1062.07,0.02,0.05,22.63,0.6,May,2,2,1,4,Returning_Visitor,False,True
3,398.72,5,92.17,2,70.75,0.0,0.01,2.99,0.0,Dec,1,1,3,10,Returning_Visitor,True,False
0,0.0,0,0.0,6,1213.57,0.0,0.07,21.48,0.0,Oct,1,8,3,20,Returning_Visitor,True,True
0,0.0,0,0.0,7,984.5,0.04,0.05,0.01,0.0,Nov,2,2,2,3,Returning_Visitor,False,False
4,248.67,3,56.4,30,1039.48,0.0,0.06,9.51,0.0,May,3,2,2,11,Returning_Visitor,False,True
9,2.27,0,0.0,6,45.0,0.0,0.02,0.0,0.0,May,3,5,1,5,New_Visitor,False,False
3,5.24,1,0.0,3,14.0,0.02,0.01,0.06,0.0,Nov,2,7,7,2,New_Visitor,False,False
7,78.36,3,80.71,148,6518.92,0.01,0.03,2.67,0.0,Nov,2,2,1,2,Returning_Visitor,False,True
0,2.53,0,0.28,10,249.5,0.0,0.02,0.0,0.0,May,2,2,1,4,Returning_Visitor,False,False
0,0.0,0,0.0,12,414.08,0.0,0.01,0.0,0.0,Oct,2,2,3,4,Returning_Visitor,False,False
0,4.24,0,0.0,56,1510.01,0.07,0.14,0.0,0.0,Aug,3,2,1,3,Returning_Visitor,False,False
0,0.0,0,0.0,22,821.89,0.0,0.04,0.0,0.0,Nov,2,4,6,1,Returning_Visitor,False,False
4,29.0,1,13.5,24,1256.14,0.0,0.01,0.0,0.0,May,1,2,3,3,Returning_Visitor,True,False
0,0.0,0,2.62,46,912.43,0.0,0.03,0.0,0.0,Nov,2,2,7,2,Returning_Visitor,False,False
0,0.0,0,0.0,3,0.0,0.2,0.14,0.16,0.0,Aug,3,2,2,2,Returning_Visitor,False,False
0,0.0,0,0.0,48,2235.0,0.0,0.03,12.28,0.0,May,2,2,7,2,Returning_Visitor,True,False
1,12.0,0,3.01,29,1512.05,0.0,0.02,7.37,0.0,Aug,2,5,4,2,Returning_Visitor,False,True
2,0.0,0,0.0,40,905.49,0.01,0.04,0.13,0.0,Mar,3,2,2,1,Returning_Visitor,False,False
0,0.0,0,0.0,13,270.0,0.03,0.04,0.0,0.0,Mar,2,2,7,1,Returning_Visitor,False,False
1,37.61,0,0.0,46,1482.67,0.0,0.01,0.0,0.0,Dec,2,2,2,2,Returning_Visitor,False,False
2,0.0,0,3.14,7,169.99,0.01,0.03,21.27,0.0,Jul,2,2,7,2,New_Visitor,False,True
6,96.0,6,251.67,47,1506.44,0.02,0.06,0.0,0.0,Nov,3,2,3,1,Returning_Visitor,True,False
0,0.0,0,0.35,3,159.55,0.13,0.13,0.0,0.0,June,3,2,2,1,Returning_Visitor,False,False
3,97.75,1,46.5,12,289.01,0.01,0.03,0.0,0.0,Nov,3,2,6,2,Returning_Visitor,False,False
5,6.59,2,15.0,34,2193.38,0.0,0.02,0.0,0.0,Nov,1,1,1,2,Returning_Visitor,True,True
0,0.0,0,0.15,5,146.24,0.0,0.11,0.12,0.0,Nov,1,1,1,1,Returning_Visitor,False,False
1,34.62,0,0.0,46,3486.19,0.01,0.02,0.0,0.0,Mar,3,2,1,1,Returning_Visitor,False,False
0,0.0,0,0.0,3,45.0,0.0,0.05,0.0,0.0,May,1,1,1,3,Returning_Visitor,False,False
3,100.0,0,0.0,46,1495.07,0.0,0.03,0.28,0.0,Dec,3,2,1,2,Returning_Visitor,True,False
0,0.0,0,0.0,46,709.75,0.03,0.04,0.0,0.0,Nov,2,2,1,2,Returning_Visitor,True,False
3,179.88,0,0.0,47,1525.57,0.02,0.05,12.23,0.0,Nov,3,2,2,1,Returning_Visitor,False,True
1,0.0,0,0.0,41,647.82,0.01,0.03,0.0,0.58,May,2,2,6,1,Returning_Visitor,False,False
0,0.0,0,0.0,6,117.0,0.13,0.14,0.0,0.0,May,3,2,4,3,Returning_Visitor,False,False
3,106.5,0,0.0,40,1505.31,0.0,0.01,23.76,0.0,Nov,2,2,6,1,Returning_Visitor,True,True
0,0.0,5,161.5,60,2789.17,0.0,0.02,31.32,0.0,May,2,2,6,2,Returning_Visitor,False,True
19,341.82,1,51.4,429,9661.59,0.0,0.06,12.24,0.0,Sep,2,2,9,2,Returning_Visitor,False,False
2,136.4,0,0.0,41,1503.72,0.0,0.01,0.0,0.0,Nov,3,2,4,3,Returning_Visitor,True,False
0,0.0,0,0.0,1,0.0,0.0,0.2,0.0,0.0,Mar,2,2,1,2,Returning_Visitor,False,False
3,40.0,0,0.0,24,3830.0,0.0,0.03,0.0,0.0,Nov,1,1,3,8,New_Visitor,True,True
1,0.0,1,104.0,9,244.67,0.12,0.14,0.02,1.0,May,3,2,3,4,Returning_Visitor,False,False
0,0.0,0,0.0,9,17.0,0.0,0.05,0.08,0.0,Nov,2,2,9,3,Returning_Visitor,False,False
0,0.0,0,2.75,71,1499.99,0.01,0.01,4.72,0.0,Oct,4,1,7,2,Returning_Visitor,False,False
3,345.0,0,0.0,7,229.5,0.03,0.03,0.14,0.0,Mar,3,2,4,2,Returning_Visitor,False,False
9,117.55,1,51.0,47,3120.21,0.0,0.02,7.89,0.0,Mar,2,2,1,2,Returning_Visitor,False,False
0,0.0,2,32.97,13,506.0,0.03,0.04,0.0,0.6,May,2,2,1,4,Returning_Visitor,False,False
0,42.37,0,0.0,21,151.2,0.0,0.05,0.0,0.8,May,7,1,3,1,Returning_Visitor,False,False
7,440.58,0,0.0,47,1777.7,0.0,0.02,14.74,0.0,Dec,2,2,1,2,Returning_Visitor,False,False
1,29.0,0,0.0,46,451.93,0.01,0.02,7.78,0.4,May,3,2,3,2,Returning_Visitor,False,False
0,0.0,0,0.0,46,1230.37,0.0,0.02,0.0,0.0,May,2,5,1,2,Returning_Visitor,False,False
0,0.0,0,0.47,17,146.18,0.07,0.14,0.0,0.8,May,3,2,4,13,Returning_Visitor,False,False
3,45.0,0,0.0,47,1662.73,0.0,0.03,6.0,1.0,May,2,2,4,2,Returning_Visitor,False,False
0,1.42,0,0.0,2,20.45,0.2,0.14,0.0,0.6,May,2,2,1,3,Returning_Visitor,False,False
0,0.0,0,0.0,21,987.77,0.02,0.07,0.02,0.0,Mar,2,4,3,1,Returning_Visitor,False,False
1,97.78,2,34.0,41,1454.44,0.01,0.02,1.21,0.0,Nov,1,2,3,2,Returning_Visitor,False,False
10,44.75,2,51.5,107,3074.85,0.02,0.03,0.0,0.0,Nov,2,2,3,1,Returning_Visitor,True,False
0,0.0,0,0.0,4,67.0,0.0,0.05,0.0,0.0,Dec,2,2,9,3,Returning_Visitor,False,False
0,2.29,0,0.06,41,1502.88,0.01,0.03,0.03,0.0,Dec,2,2,1,1,Returning_Visitor,False,False
14,564.9,3,522.17,48,3410.7,0.03,0.0,0.12,0.0,Nov,3,2,1,2,Returning_Visitor,False,False
1,11.5,0,0.23,19,1503.58,0.01,0.03,0.0,0.0,Nov,3,2,1,3,Returning_Visitor,False,False
10,221.33,2,70.6,63,5245.28,0.0,0.02,0.18,0.0,Nov,2,2,3,1,Returning_Visitor,False,False
6,245.47,0,0.0,46,1575.22,0.0,0.03,0.0,0.0,May,4,2,3,6,Returning_Visitor,False,False
2,25.0,0,0.0,36,1445.6,0.0,0.04,0.0,1.0,May,3,3,3,2,Returning_Visitor,True,False
0,1.49,1,122.5,330,11208.36,0.01,0.02,0.0,0.0,Nov,2,2,1,2,Returning_Visitor,False,True
0,0.0,0,0.0,89,1496.59,0.0,0.01,0.0,0.8,May,1,1,1,2,Returning_Visitor,False,False
5,104.21,0,1.14,55,1170.71,0.01,0.0,0.0,0.0,Nov,2,2,1,2,New_Visitor,True,False
0,2.28,0,0.0,24,308.86,0.0,0.03,0.0,0.0,Mar,2,6,2,1,Returning_Visitor,False,False
0,0.0,1,67.24,46,1150.15,0.01,0.04,0.0,0.02,Dec,2,2,1,6,Returning_Visitor,True,False
3,0.0,5,194.4,8,273.21,0.04,0.05,0.85,0.0,Jul,1,1,1,4,Returning_Visitor,False,True
3,3.91,0,0.65,46,547.5,0.03,0.05,13.18,0.8,May,2,10,3,1,Returning_Visitor,False,False
0,0.0,0,0.0,12,201.33,0.02,0.04,0.0,0.0,Nov,3,2,1,13,Returning_Visitor,True,False
0,2.04,0,0.0,70,1453.9,0.01,0.02,0.0,0.56,May,2,6,2,3,Returning_Visitor,False,False
4,479.46,0,0.0,21,1493.84,0.0,0.02,0.0,0.0,May,2,2,1,2,Returning_Visitor,True,False
2,102.57,0,0.0,22,420.2,0.0,0.02,0.0,0.0,May,3,2,1,4,Returning_Visitor,False,False
5,85.0,0,0.0,24,567.45,0.04,0.05,0.0,1.0,May,2,2,3,1,Returning_Visitor,False,False
3,420.07,1,230.7,23,1251.6,0.06,0.08,0.0,0.0,Nov,1,2,3,2,Returning_Visitor,False,False
0,2.35,0,0.1,47,389.98,0.0,0.09,0.0,0.4,May,2,2,1,4,Returning_Visitor,False,False
0,0.0,0,0.0,73,1503.21,0.0,0.05,0.0,0.57,May,2,2,1,13,Returning_Visitor,False,True
7,99.8,0,4.22,28,839.73,0.0,0.01,0.0,0.0,Nov,2,2,9,1,Returning_Visitor,False,True
0,2.98,0,0.0,14,260.3,0.0,0.01,16.32,0.05,May,3,2,1,11,Returning_Visitor,False,True
11,903.7,1,26.2,109,3297.49,0.01,0.01,3.87,0.0,Mar,3,2,2,1,Returning_Visitor,False,False
2,630.53,0,0.0,45,357.89,0.0,0.01,0.17,0.0,Oct,3,2,7,4,Returning_Visitor,False,False
1,23.0,0,0.0,15,656.25,0.03,0.03,0.0,0.0,Mar,1,1,8,2,Returning_Visitor,True,False
13,496.8,0,0.0,46,1655.27,0.0,0.01,3.35,0.01,May,2,2,1,4,Returning_Visitor,False,False
3,33.2,0,0.0,9,162.23,0.0,0.02,0.0,0.0,Dec,2,2,1,2,Returning_Visitor,False,False
3,127.5,1,46.5,33,1440.93,0.01,0.03,0.0,0.0,Mar,2,2,1,1,Returning_Visitor,False,False
0,0.0,0,0.34,17,336.0,0.0,0.02,0.0,0.8,May,2,2,1,4,Returning_Visitor,False,False
0,0.0,0,0.0,1,0.0,0.2,0.2,0.01,0.0,Mar,3,2,3,1,Returning_Visitor,False,False
2,64.5,1,0.45,97,2696.11,0.0,0.02,5.77,0.0,Nov,2,2,1,13,Returning_Visitor,False,True
0,3.85,0,1.71,12,296.47,0.0,0.03,0.0,0.0,Dec,3,3,1,11,New_Visitor,False,False
0,0.0,0,0.0,13,315.0,0.0,0.03,0.0,0.0,Dec,3,2,6,2,New_Visitor,True,False
0,0.0,0,0.0,13,152.33,0.02,0.04,0.07,0.8,May,2,2,4,3,Returning_Visitor,False,False
0,0.0,0,0.0,56,1503.75,0.01,0.02,0.0,0.0,Nov,3,2,1,2,Returning_Visitor,True,False
3,120.6,3,183.8,85,1498.45,0.0,0.01,0.86,0.0,Aug,2,2,3,4,Returning_Visitor,False,False
0,0.0,0,1.4,7,444.25,0.03,0.05,0.47,0.0,Nov,3,2,1,3,Returning_Visitor,True,False
2,173.54,5,27.01,38,1859.38,0.0,0.01,0.0,0.0,Dec,3,2,8,10,Returning_Visitor,True,False
1,104.2,0,0.0,13,456.9,0.0,0.01,0.8,0.0,Aug,3,2,8,6,New_Visitor,True,False
6,121.0,0,0.56,7,65.5,0.01,0.01,0.0,0.0,Nov,1,1,6,2,Returning_Visitor,False,False
2,59.91,0,0.0,1,222.02,0.02,0.08,0.0,0.0,Sep,2,2,4,2,Returning_Visitor,False,False
0,0.0,0,0.0,6,1251.0,0.03,0.07,0.02,0.0,Mar,3,2,1,1,Returning_Visitor,False,False
0,0.0,0,0.41,39,710.5,0.03,0.08,0.0,0.06,Nov,2,2,2,13,Returning_Visitor,False,False
0,0.0,0,0.0,1,0.0,0.2,0.2,0.15,0.0,June,2,2,1,1,Returning_Visitor,False,False
0,0.0,0,0.0,34,1501.83,0.0,0.01,62.08,0.0,May,2,2,1,6,Returning_Visitor,True,True
5,226.09,0,3.19,37,692.87,0.0,0.01,0.0,0.0,May,1,1,4,4,Returning_Visitor,False,False
5,153.0,0,0.0,25,1074.68,0.01,0.02,17.95,0.0,Sep,1,1,6,2,Returning_Visitor,False,False
2,104.53,0,0.62,35,1907.14,0.01,0.02,64.25,0.0,Dec,2,2,1,10,Returning_Visitor,False,False
3,8.31,0,0.0,47,2378.26,0.02,0.07,4.14,0.0,Nov,2,6,9,1,Returning_Visitor,False,True
6,471.77,0,0.0,8,749.23,0.0,0.05,0.0,0.0,Nov,2,2,3,10,Returning_Visitor,False,False
3,10.0,0,0.39,13,700.0,0.0,0.01,1.12,0.0,Dec,2,2,9,10,Returning_Visitor,False,True
8,396.96,6,83.27,215,9247.38,0.0,0.02,7.98,0.0,Nov,2,2,7,1,Returning_Visitor,True,False
5,103.28,0,0.0,13,1076.5,0.0,0.01,0.0,0.0,Mar,2,2,1,2,New_Visitor,False,False
0,0.0,0,0.15,8,151.01,0.07,0.13,0.0,0.0,Sep,2,2,1,3,Returning_Visitor,False,False
3,133.47,2,199.4,224,6013.33,0.01,0.02,0.0,0.0,Oct,2,2,3,2,Returning_Visitor,True,False
2,58.5,2,125.0,16,529.5,0.0,0.01,0.0,0.0,Mar,2,2,7,2,New_Visitor,True,False
4,104.03,2,79.85,33,821.68,0.0,0.02,0.0,0.0,Dec,2,2,1,2,Returning_Visitor,False,True
0,0.0,0,0.0,57,1486.1,0.01,0.03,0.04,0.0,May,2,2,3,13,Returning_Visitor,False,False
5,216.25,2,107.0,46,1056.51,0.02,0.03,0.0,0.0,Dec,3,2,1,1,Returning_Visitor,True,False
1,124.07,0,0.0,7,177.18,0.0,0.0,61.12,0.0,Jul,1,1,6,2,Returning_Visitor,True,True
2,117.0,0,1.24,13,309.93,0.0,0.01,0.0,0.0,Mar,2,2,2,2,New_Visitor,False,False
0,0.0,0,0.0,5,167.01,0.12,0.16,0.0,0.61,May,2,5,1,3,Returning_Visitor,False,False
5,59.0,0,0.74,3,44.67,0.0,0.02,0.0,0.0,Mar,2,4,6,2,Returning_Visitor,True,False
0,0.0,0,0.88,2,135.0,0.0,0.1,0.0,0.0,Mar,1,1,1,2,Returning_Visitor,False,False
0,0.0,0,0.0,4,81.0,0.0,0.03,0.0,0.0,Mar,2,2,3,2,Returning_Visitor,False,False
0,0.0,0,1.99,8,186.5,0.0,0.03,0.01,0.0,Mar,2,2,3,3,Returning_Visitor,True,False
1,156.14,0,0.0,20,1181.2,0.0,0.05,0.0,0.0,Mar,3,2,4,1,Returning_Visitor,False,False
4,72.0,0,4.78,4,726.21,0.04,0.05,0.0,0.0,Nov,3,2,2,3,Returning_Visitor,False,False
0,1.57,0,0.0,7,139.5,0.0,0.03,0.0,0.0,May,3,2,3,2,Returning_Visitor,False,False
2,17.0,0,0.0,30,1448.93,0.04,0.05,0.0,0.0,Dec,3,2,1,13,Returning_Visitor,False,False
6,214.67,1,112.0,68,2822.17,0.0,0.02,0.0,0.0,Mar,2,2,1,10,Returning_Visitor,False,False
3,36.5,0,0.32,11,413.82,0.0,0.03,0.0,0.0,Dec,2,2,1,8,Returning_Visitor,False,False
7,204.39,1,187.0,61,1500.86,0.02,0.05,0.0,0.0,May,3,2,6,3,Returning_Visitor,False,False
3,37.0,1,0.23,17,1075.71,0.01,0.03,0.05,0.0,Dec,3,2,1,2,Returning_Visitor,True,False
0,0.0,0,1.01,7,459.67,0.03,0.05,0.0,0.0,Nov,2,2,1,3,Returning_Visitor,False,False
3,22.33,1,0.0,105,1465.04,0.0,0.02,0.0,0.0,May,3,2,3,3,Returning_Visitor,True,False
8,177.67,1,23.0,56,2581.36,0.0,0.01,0.0,0.01,Nov,3,2,3,2,Returning_Visitor,True,False
5,141.0,0,0.0,48,1371.63,0.0,0.01,55.59,0.0,Nov,2,2,3,8,Returning_Visitor,False,True
3,41.3,0,0.0,6,55.9,0.0,0.01,0.0,0.0,June,3,2,8,2,New_Visitor,False,False
4,103.96,0,0.0,3,146.34,0.0,0.03,0.06,0.0,May,1,1,1,2,Returning_Visitor,True,False
0,0.0,1,861.0,12,2250.35,0.01,0.03,0.0,0.0,Nov,1,1,1,2,Returning_Visitor,False,False
4,162.5,1,44.5,46,1115.27,0.0,0.02,0.0,0.0,Mar,2,2,3,2,Returning_Visitor,False,False
5,78.4,0,0.0,46,706.4,0.02,0.04,26.55,0.0,May,3,2,3,2,Returning_Visitor,True,False
0,8.03,1,19.0,10,852.0,0.0,0.02,0.0,0.0,Feb,2,2,3,10,Returning_Visitor,False,False
0,3.31,1,226.0,41,797.17,0.0,0.01,0.12,0.0,May,3,3,6,4,Returning_Visitor,False,False
0,0.0,0,0.0,4,145.26,0.1,0.15,0.0,0.0,May,2,2,6,3,Returning_Visitor,False,False
6,176.6,2,0.3,47,789.37,0.01,0.0,1.04,0.01,Dec,2,5,7,2,New_Visitor,False,False
11,394.65,1,99.8,50,1446.52,0.0,0.02,10.6,0.0,Aug,1,1,1,4,Returning_Visitor,False,False
2,14.0,0,0.19,46,2130.45,0.02,0.02,12.23,0.0,Nov,3,2,1,1,Returning_Visitor,False,False
0,0.0,1,0.0,5,430.17,0.01,0.02,0.21,0.0,Nov,3,2,1,2,Returning_Visitor,False,False
0,0.0,0,0.0,8,232.5,0.0,0.05,0.0,0.0,Nov,4,2,1,2,New_Visitor,False,False
0,0.0,0,0.0,32,1589.62,0.0,0.01,12.23,0.0,Dec,2,2,6,1,Returning_Visitor,False,False
5,106.57,3,158.5,167,8701.85,0.0,0.01,0.03,0.0,Nov,2,2,1,2,Returning_Visitor,False,False
0,0.0,0,0.23,24,550.17,0.01,0.02,0.0,0.0,Nov,2,2,1,2,Returning_Visitor,False,False
2,101.75,0,0.3,15,561.25,0.02,0.03,12.16,0.0,Nov,3,2,1,1,Returning_Visitor,False,False
3,69.1,0,0.21,46,1501.18,0.0,0.01,0.0,0.0,Dec,2,2,1,2,New_Visitor,False,False
0,0.0,0,0.0,11,855.25,0.01,0.05,0.0,0.0,May,2,2,3,13,Returning_Visitor,False,False
8,125.63,6,75.0,312,13379.37,0.0,0.02,8.06,0.0,Dec,2,2,4,2,Returning_Visitor,False,False
0,0.0,0,0.0,2,0.0,0.2,0.2,0.0,0.0,Nov,3,2,9,13,Returning_Visitor,False,False
8,104.1,0,0.0,15,230.83,0.0,0.04,0.0,0.0,Nov,2,2,1,3,Returning_Visitor,False,False
0,0.0,0,0.0,13,167.5,0.0,0.03,0.07,0.0,May,2,2,1,1,Returning_Visitor,False,False
0,0.0,0,0.0,5,351.4,0.07,0.1,0.0,0.0,June,2,2,1,3,Returning_Visitor,False,False
0,0.0,0,0.0,32,1503.52,0.01,0.03,0.0,0.0,May,4,2,3,1,Returning_Visitor,False,False
1,15.2,1,65.76,37,94.2,0.04,0.05,21.58,0.0,Aug,2,2,3,1,Returning_Visitor,False,False
0,0.0,0,0.0,2,28.2,0.0,0.14,0.0,0.0,Jul,2,2,1,1,Returning_Visitor,False,False
0,2.04,0,0.0,5,975.5,0.13,0.1,0.0,0.0,Nov,3,2,3,13,Returning_Visitor,False,False
1,103.03,0,0.0,20,1503.69,0.0,0.0,14.13,0.0,Nov,2,2,2,2,Returning_Visitor,True,True
3,423.0,0,0.0,24,1203.53,0.0,0.01,0.0,0.0,Oct,4,1,1,4,New_Visitor,False,False
3,104.16,0,0.0,16,859.17,0.0,0.01,9.99,0.0,May,3,2,2,2,Returning_Visitor,False,False
1,3.0,0,0.0,16,271.12,0.0,0.0,0.0,0.0,Nov,4,2,1,3,New_Visitor,False,False
3,113.25,0,0.17,46,1489.85,0.0,0.0,0.0,0.0,Nov,2,2,8,8,New_Visitor,False,False
0,0.0,0,0.0,6,20.2,0.18,0.19,0.0,0.0,Aug,3,2,4,20,Returning_Visitor,False,False
0,0.0,0,0.0,7,238.93,0.0,0.01,0.0,0.0,Sep,2,2,4,2,Returning_Visitor,False,False
3,80.0,0,0.23,32,931.5,0.01,0.02,44.52,0.0,May,2,2,1,2,Returning_Visitor,False,False
0,0.0,0,0.0,3,0.0,0.2,0.2,0.01,0.0,Dec,2,2,2,3,Returning_Visitor,False,False
3,102.71,0,0.0,14,1491.82,0.0,0.01,22.89,0.0,Mar,1,1,1,2,Returning_Visitor,True,True
2,31.5,0,0.0,12,402.5,0.0,0.0,0.0,0.0,Mar,2,2,7,1,Returning_Visitor,False,False
0,0.0,0,0.2,13,154.1,0.0,0.1,0.06,0.2,May,2,2,6,13,Returning_Visitor,True,False
3,43.0,0,0.0,11,610.0,0.0,0.02,0.0,0.0,Mar,2,4,1,1,Returning_Visitor,False,False
1,5.0,1,25.0,81,1421.67,0.0,0.0,0.11,0.6,May,2,4,3,4,Returning_Visitor,False,False
10,352.64,5,247.75,61,2267.33,0.0,0.01,29.11,0.0,Nov,2,2,1,2,Returning_Visitor,False,True
0,2.17,0,0.84,15,1733.67,0.0,0.03,0.0,0.0,Mar,2,2,7,2,Returning_Visitor,False,False
8,97.6,0,0.0,24,498.9,0.0,0.03,5.82,0.0,Oct,2,2,1,2,Returning_Visitor,False,True
1,15.1,0,0.0,13,248.05,0.0,0.02,0.0,0.0,Sep,3,2,4,4,New_Visitor,False,False
0,0.0,0,0.0,8,200.93,0.0,0.08,0.0,0.0,Dec,3,2,1,6,Returning_Visitor,False,False
0,0.0,0,0.0,7,148.13,0.08,0.12,0.02,0.16,May,3,2,3,13,Returning_Visitor,False,False
0,1.48,0,0.08,1,21.43,0.13,0.2,0.0,0.0,Nov,2,4,3,3,Returning_Visitor,False,False
0,8.36,0,0.0,46,974.85,0.0,0.02,0.0,0.0,May,2,4,9,3,Returning_Visitor,False,False
0,0.0,0,0.0,2,0.0,0.0,0.2,0.0,0.0,Nov,1,1,1,1,Returning_Visitor,False,False
0,0.0,0,0.0,6,1231.79,0.08,0.08,0.0,0.0,Dec,2,2,1,3,Returning_Visitor,False,False
2,24.6,0,0.0,26,779.51,0.0,0.03,12.52,0.0,Mar,1,1,3,2,Returning_Visitor,True,True
5,104.43,0,0.0,23,269.9,0.0,0.01,0.0,0.01,Nov,1,1,3,2,New_Visitor,False,False
6,224.0,0,0.0,46,677.95,0.01,0.03,0.0,0.0,May,3,2,3,4,Returning_Visitor,False,False
1,57.4,0,0.0,8,303.1,0.01,0.01,0.04,0.0,June,1,1,3,2,Returning_Visitor,False,False
5,96.75,0,6.52,46,2151.1,0.0,0.01,0.0,0.0,Nov,2,2,2,11,Returning_Visitor,True,False
4,495.62,0,0.24,6,415.5,0.0,0.01,0.93,0.0,Dec,2,2,3,8,New_Visitor,False,False
10,322.83,1,12.0,28,866.22,0.01,0.01,0.0,0.0,Dec,2,4,7,1,Returning_Visitor,False,False
1,40.5,1,0.26,56,1568.65,0.01,0.02,28.17,0.0,Nov,3,2,1,8,Returning_Visitor,True,False
0,0.0,0,0.0,24,460.45,0.02,0.03,0.01,0.4,May,2,2,6,13,Returning_Visitor,False,False
0,0.0,0,0.56,13,1008.39,0.0,0.02,0.04,0.0,May,2,7,1,2,New_Visitor,True,False
0,0.0,0,0.0,6,3.0,0.0,0.1,0.0,0.0,Dec,2,2,4,2,Returning_Visitor,False,False
0,10.0,0,0.0,27,1462.47,0.0,0.03,0.01,0.0,Dec,2,4,9,2,Returning_Visitor,False,False
0,0.0,0,0.0,9,361.0,0.0,0.03,0.0,0.0,Dec,1,1,3,3,Returning_Visitor,False,False
15,182.7,0,0.0,46,632.25,0.0,0.01,0.0,0.0,Dec,2,2,1,3,Returning_Visitor,False,False
0,4.12,0,0.0,22,524.0,0.0,0.02,61.67,0.0,Nov,2,4,6,2,New_Visitor,False,True
12,316.55,1,221.0,67,871.37,0.0,0.02,1.09,0.0,May,2,2,4,3,Returning_Visitor,False,False
0,0.0,0,0.0,6,135.88,0.03,0.08,0.0,0.0,Nov,1,1,1,1,Returning_Visitor,True,False
3,104.19,1,118.0,14,224.39,0.05,0.05,0.0,0.0,Nov,3,2,1,2,Returning_Visitor,False,False
0,0.0,0,0.0,14,1324.13,0.0,0.02,0.0,0.0,Nov,1,1,1,2,Returning_Visitor,False,False
8,487.0,0,0.0,46,1500.12,0.0,0.0,0.0,0.0,Dec,1,1,1,2,Returning_Visitor,False,False
3,104.6,2,12.0,46,1101.33,0.01,0.04,15.0,0.0,Mar,2,2,3,1,Returning_Visitor,False,False
5,15.5,0,1.53,32,1195.58,0.02,0.03,32.02,0.0,Nov,2,5,1,2,Returning_Visitor,False,True
3,155.75,1,0.0,48,2038.77,0.01,0.03,12.28,0.0,Nov,1,1,1,10,Returning_Visitor,True,False
0,0.0,0,0.0,7,109.25,0.0,0.03,0.0,0.0,Dec,8,13,9,20,Other,False,False
0,1.49,0,0.0,13,415.71,0.01,0.04,0.0,0.01,Mar,2,5,1,3,Returning_Visitor,False,False
0,0.0,0,0.97,200,6867.19,0.01,0.02,0.03,0.0,Nov,2,2,1,2,Returning_Visitor,False,False
0,0.0,0,1.79,35,15.6,0.0,0.0,47.79,0.0,Sep,1,1,6,3,New_Visitor,False,True
3,26.0,0,0.0,46,147.13,0.0,0.02,0.0,0.8,May,2,2,1,4,Returning_Visitor,False,False
0,0.0,0,0.0,46,1078.58,0.01,0.03,0.0,0.0,Dec,1,1,8,2,Returning_Visitor,False,False
0,0.0,0,0.0,6,74.0,0.0,0.02,0.0,0.01,Mar,2,2,6,8,Returning_Visitor,False,False
1,103.97,0,0.0,111,1420.9,0.0,0.01,12.02,0.0,Mar,3,2,5,2,Returning_Visitor,False,False
0,0.0,0,0.0,1,0.0,0.13,0.2,0.01,0.0,Mar,2,2,1,1,Returning_Visitor,False,False
3,33.0,0,0.67,14,237.0,0.0,0.01,0.0,0.0,May,4,2,9,2,Returning_Visitor,False,False
3,1.54,0,1.98,3,73.5,0.04,0.08,0.54,0.0,Dec,3,2,1,2,Returning_Visitor,False,False
4,105.82,0,11.53,3,22.0,0.0,0.03,0.59,0.0,Nov,2,2,3,2,New_Visitor,False,True
0,0.0,0,0.0,45,1497.79,0.02,0.03,0.0,0.0,Nov,2,2,7,13,Returning_Visitor,False,False
1,446.87,3,196.0,36,585.18,0.0,0.0,0.0,0.0,May,2,2,6,4,Returning_Visitor,False,False
3,199.0,0,0.0,34,1425.57,0.0,0.01,0.02,0.0,Nov,2,2,9,2,New_Visitor,False,True
0,2.08,0,0.0,7,151.42,0.0,0.01,0.05,0.0,Dec,8,13,9,20,Other,False,False
0,0.0,0,0.0,9,415.83,0.0,0.01,0.0,0.0,Mar,3,2,9,2,New_Visitor,True,False
6,103.9,0,0.19,32,639.78,0.0,0.03,0.0,0.0,Dec,2,2,3,2,Returning_Visitor,False,False
3,56.3,0,0.0,15,315.4,0.0,0.01,0.0,0.0,Oct,2,2,1,2,New_Visitor,False,False
2,48.29,0,0.0,13,959.66,0.0,0.02,0.0,0.0,Dec,2,2,1,2,New_Visitor,False,False
2,90.13,0,0.17,21,568.84,0.05,0.05,0.0,0.0,May,2,5,2,3,Returning_Visitor,False,False
2,104.06,0,0.0,6,130.0,0.0,0.03,0.0,0.0,Mar,1,1,4,2,New_Visitor,True,False
10,104.0,1,110.25,75,1585.61,0.01,0.02,8.98,0.0,Dec,2,2,1,1,Returning_Visitor,False,False
0,0.0,3,44.0,52,1216.36,0.05,0.1,0.0,0.0,Sep,3,2,1,13,Returning_Visitor,True,False
0,2.02,0,0.06,17,315.08,0.0,0.01,0.0,0.0,Dec,2,2,3,1,Returning_Visitor,False,True
1,8.44,0,0.0,64,2019.43,0.0,0.02,0.0,0.0,Nov,2,2,1,1,Returning_Visitor,True,False
0,0.0,2,109.0,23,1232.73,0.01,0.01,56.36,0.0,Dec,3,2,1,19,Returning_Visitor,True,True
0,2.83,0,0.0,24,607.97,0.0,0.01,14.6,0.0,Nov,4,1,1,2,New_Visitor,False,True
1,12.5,0,1.82,51,769.99,0.0,0.0,0.0,0.0,May,2,2,1,2,Returning_Visitor,True,False
0,0.0,0,0.0,7,314.5,0.03,0.07,0.0,0.0,Mar,2,2,3,1,Returning_Visitor,False,False
0,0.0,0,0.0,10,316.5,0.01,0.03,17.54,0.0,Mar,2,4,1,2,New_Visitor,True,True
1,2.01,0,0.0,44,1192.87,0.0,0.02,0.01,0.0,Sep,2,5,1,3,Returning_Visitor,False,False
0,0.0,2,38.2,39,873.0,0.01,0.02,0.0,0.0,Sep,1,1,1,4,Returning_Visitor,False,False
3,405.26,2,78.75,22,1505.02,0.01,0.01,0.0,0.0,May,1,1,4,2,Returning_Visitor,False,False
6,220.0,1,327.0,53,871.74,0.0,0.02,10.1,0.0,May,2,2,3,1,Returning_Visitor,False,False
1,2.37,0,0.0,10,109.19,0.04,0.06,0.0,0.0,Dec,1,1,3,3,Returning_Visitor,False,False
2,417.25,0,0.0,42,922.21,0.0,0.02,0.0,0.57,May,4,1,1,3,Returning_Visitor,True,False
0,1.61,0,0.0,7,145.2,0.0,0.04,0.0,0.0,Dec,2,2,1,13,Returning_Visitor,False,False
3,176.96,9,266.88,351,8650.05,0.01,0.03,1.98,0.0,Nov,3,2,1,4,Returning_Visitor,False,False
0,0.0,0,0.18,3,5.0,0.1,0.14,0.0,0.0,May,1,1,3,6,Returning_Visitor,False,False
10,204.1,1,170.0,47,4042.95,0.0,0.01,18.22,0.0,Dec,2,2,1,2,Returning_Visitor,False,True
0,0.0,0,0.0,7,48.0,0.13,0.16,0.0,0.4,May,1,1,6,3,Returning_Visitor,False,False
0,1.96,0,0.0,46,420.0,0.0,0.01,0.0,0.0,Mar,2,2,9,1,Returning_Visitor,True,False
0,0.0,0,0.44,13,1639.5,0.03,0.07,0.01,0.58,May,2,2,1,13,Returning_Visitor,False,False
0,0.0,0,0.08,2,0.0,0.2,0.14,0.0,0.0,Mar,3,2,9,1,Returning_Visitor,False,False
0,6.82,0,0.0,14,178.59,0.01,0.01,0.29,0.0,Jul,3,2,1,4,Returning_Visitor,True,False
0,0.0,0,0.0,4,166.66,0.0,0.05,0.25,0.0,Dec,1,1,8,10,Returning_Visitor,False,False
5,91.32,0,0.0,29,1352.98,0.0,0.02,7.91,0.0,Nov,1,1,1,1,Returning_Visitor,False,False
2,65.4,0,0.0,79,2426.01,0.0,0.02,0.0,0.0,Nov,3,2,1,3,Returning_Visitor,False,False
3,245.93,2,15.2,27,1333.8,0.01,0.04,4.95,0.0,Nov,2,2,1,6,Returning_Visitor,True,False
3,29.0,1,71.94,14,536.04,0.0,0.0,0.0,0.0,Dec,2,2,3,2,Returning_Visitor,False,False
3,21.0,1,26.0,22,326.58,0.0,0.07,0.0,0.0,Mar,3,2,4,1,Returning_Visitor,False,False
0,0.0,0,0.0,34,1504.71,0.0,0.02,0.0,0.4,May,2,2,3,3,Returning_Visitor,False,False
0,4.97,0,1.53,9,357.75,0.01,0.08,0.0,0.0,Nov,1,1,4,10,Returning_Visitor,True,False
0,0.0,0,0.0,5,56.0,0.01,0.08,0.0,0.0,Mar,2,2,1,1,Returning_Visitor,False,False
0,1.48,0,0.0,6,211.33,0.0,0.14,0.2,0.0,May,2,2,3,2,Returning_Visitor,False,False
0,0.0,0,0.0,12,429.0,0.0,0.02,0.1,0.0,Nov,1,1,3,2,Returning_Visitor,False,False
0,0.0,0,0.85,9,171.11,0.0,0.03,0.0,0.0,May,2,4,3,3,Returning_Visitor,False,False
8,102.59,0,0.0,36,2670.87,0.0,0.02,9.71,0.0,May,2,5,7,2,Returning_Visitor,False,False
6,573.5,1,0.0,33,1946.94,0.01,0.02,0.0,0.0,Mar,3,2,3,2,Returning_Visitor,False,False
3,103.35,2,55.5,13,1100.12,0.0,0.01,0.0,0.4,May,3,2,4,14,Returning_Visitor,False,False
8,656.0,1,1.68,39,1390.87,0.0,0.04,63.39,0.0,May,2,5,3,2,New_Visitor,False,True
0,14.63,0,0.0,16,1502.18,0.01,0.04,0.0,0.0,Mar,4,2,1,3,Returning_Visitor,False,False
3,175.47,1,84.74,82,2378.38,0.0,0.02,13.98,0.0,Nov,3,2,1,2,Returning_Visitor,False,True
0,1.99,0,0.0,12,115.25,0.07,0.11,0.0,0.0,Nov,2,2,1,1,Returning_Visitor,False,False
2,151.0,1,39.0,95,4990.96,0.0,0.02,12.24,0.0,May,2,2,1,2,Returning_Visitor,False,True
3,106.03,0,0.09,31,1390.03,0.01,0.02,0.19,0.0,Dec,2,2,1,8,Returning_Visitor,False,False
0,9.91,0,0.0,5,270.58,0.04,0.07,0.21,0.0,Dec,1,1,5,8,Returning_Visitor,True,False
0,4.04,0,2.02,13,206.6,0.0,0.01,0.0,0.0,Nov,2,4,3,2,New_Visitor,False,False
5,104.08,2,20.0,22,392.6,0.03,0.06,0.0,0.0,Oct,2,2,1,3,Returning_Visitor,False,False
3,55.0,3,17.25,13,1284.36,0.0,0.01,0.02,0.0,Dec,1,1,1,10,Returning_Visitor,False,False
0,0.0,0,0.0,8,123.0,0.03,0.03,7.36,0.01,Nov,3,2,1,2,Returning_Visitor,True,False
0,6.05,0,0.0,75,2532.96,0.0,0.02,0.0,0.01,Aug,1,6,6,1,Returning_Visitor,False,False
0,0.0,0,0.0,13,687.38,0.0,0.01,29.46,0.0,Nov,3,2,3,2,New_Visitor,True,False
0,0.0,0,0.0,28,1503.71,0.0,0.02,0.05,0.0,Nov,2,2,1,2,Returning_Visitor,True,False
0,0.0,0,0.0,13,169.0,0.02,0.03,0.05,0.0,May,1,1,1,1,Returning_Visitor,False,False
0,2.16,0,0.0,40,952.97,0.0,0.02,0.0,0.0,Mar,1,1,1,2,Returning_Visitor,False,False
0,0.0,0,0.0,13,546.96,0.0,0.03,0.0,0.0,Dec,2,2,1,3,Returning_Visitor,False,False
0,1.84,3,584.0,66,1535.81,0.0,0.02,0.0,0.0,Nov,2,2,1,2,Returning_Visitor,False,False
17,2629.25,24,2050.43,705,3188.83,0.0,0.03,12.19,0.0,May,2,2,1,14,Returning_Visitor,True,False
8,497.29,0,0.0,46,1504.95,0.0,0.02,12.25,0.0,Mar,2,2,1,2,Returning_Visitor,False,False
0,1.63,0,0.04,11,687.5,0.02,0.08,0.0,0.0,Mar,3,2,1,3,Returning_Visitor,True,False
0,1.94,0,0.0,26,2.33,0.15,0.14,0.0,0.58,May,2,2,4,13,Returning_Visitor,False,False
0,1.68,0,0.36,2,3.53,0.09,0.19,0.04,0.0,Dec,2,2,2,2,Returning_Visitor,True,False
0,0.0,0,0.0,25,1838.5,0.0,0.05,0.01,0.0,May,2,2,1,19,Returning_Visitor,False,False
0,77.1,6,60.3,5,944.8,0.0,0.02,0.0,0.0,Sep,2,2,3,2,New_Visitor,False,False
0,2.67,0,0.0,30,491.17,0.0,0.02,0.0,0.0,Mar,3,6,7,1,Returning_Visitor,False,False
0,0.0,0,0.0,16,2612.0,0.0,0.03,0.0,0.0,Dec,8,13,9,20,Other,False,False
2,104.24,0,0.0,30,1497.49,0.01,0.02,23.51,0.0,Dec,2,2,2,1,Returning_Visitor,False,False
0,0.0,0,0.08,3,71.0,0.13,0.1,0.02,0.0,May,3,2,6,13,Returning_Visitor,False,False
0,0.0,0,0.16,6,65.0,0.1,0.11,0.0,0.02,May,3,2,1,3,Returning_Visitor,False,False
7,294.0,0,0.0,7,639.0,0.0,0.02,0.0,0.0,Dec,2,4,9,10,Returning_Visitor,False,False
3,26.0,0,0.0,19,576.08,0.01,0.02,12.35,0.0,Mar,2,2,1,1,Returning_Visitor,True,True
0,0.0,0,0.0,14,414.09,0.0,0.01,0.05,0.0,Dec,2,2,2,1,Returning_Visitor,False,False
1,5.0,1,17.75,93,3009.04,0.0,0.02,12.21,0.0,Dec,1,2,1,3,Returning_Visitor,True,False
0,0.0,0,0.0,13,459.0,0.0,0.02,0.0,0.0,Mar,2,4,1,1,Returning_Visitor,False,False
2,104.1,0,0.0,52,1489.91,0.0,0.01,0.01,0.0,Nov,2,2,1,2,Returning_Visitor,False,False
0,2.23,0,0.0,1,0.0,0.2,0.2,0.0,0.0,Mar,1,1,2,1,Returning_Visitor,False,False
2,37.5,0,0.0,13,375.0,0.0,0.04,43.99,0.0,Mar,2,2,3,2,Returning_Visitor,False,True
2,76.0,0,0.0,45,831.11,0.0,0.01,77.97,0.01,Dec,2,2,4,2,Returning_Visitor,True,True
0,0.0,0,0.0,5,158.6,0.0,0.01,0.0,0.0,Jul,1,1,3,4,Returning_Visitor,False,False
9,82.64,0,0.79,9,126.92,0.0,0.02,0.0,0.0,Sep,1,1,3,4,Returning_Visitor,True,False
1,17.0,0,0.0,10,109.0,0.04,0.05,0.0,0.0,May,2,2,3,1,Returning_Visitor,False,False
4,104.09,0,0.0,46,1692.26,0.0,0.01,0.0,0.0,Nov,2,2,1,2,Returning_Visitor,False,False
0,0.0,0,0.0,49,1503.34,0.01,0.04,0.0,0.0,Nov,3,2,7,10,Returning_Visitor,False,False
0,0.0,0,0.0,8,148.07,0.01,0.13,0.0,0.0,Nov,3,2,1,6,Returning_Visitor,False,False
0,0.0,0,0.0,5,618.04,0.0,0.07,0.0,0.0,Dec,2,10,2,2,Returning_Visitor,False,False
8,185.0,0,0.15,13,186.17,0.02,0.04,0.02,0.0,May,3,2,3,2,Returning_Visitor,False,False
1,35.92,0,0.0,35,499.4,0.01,0.03,0.0,0.0,Mar,3,2,3,1,Returning_Visitor,True,False
11,170.78,1,81.6,100,4597.12,0.0,0.02,2.64,0.0,Nov,1,1,1,10,Returning_Visitor,True,True
3,54.93,0,0.0,46,1126.67,0.0,0.01,28.33,0.0,Jul,2,2,7,2,Returning_Visitor,False,False
0,0.0,0,0.08,13,146.1,0.03,0.09,0.0,0.4,May,2,2,6,4,Returning_Visitor,False,False
0,0.0,0,0.21,22,622.25,0.0,0.01,0.0,0.2,Feb,2,5,1,4,Returning_Visitor,False,False
0,4.15,0,0.0,1,44.13,0.2,0.2,0.07,0.0,Dec,8,13,9,20,Other,False,False
4,127.67,0,0.0,12,107.0,0.0,0.03,0.0,0.0,Nov,1,1,4,2,New_Visitor,True,False
3,11.43,0,0.13,13,1487.89,0.0,0.01,0.0,0.0,Mar,2,2,3,2,Returning_Visitor,False,False
0,4.68,0,0.0,30,1737.02,0.03,0.08,1.44,0.0,June,2,2,4,1,Returning_Visitor,True,False
0,1.86,0,0.34,1,4.64,0.2,0.2,0.0,0.0,Nov,1,1,1,1,Returning_Visitor,False,False
14,228.75,6,83.67,336,12166.69,0.0,0.01,0.07,0.0,Nov,2,2,7,2,Returning_Visitor,False,True
7,52.35,0,0.7,70,1087.7,0.0,0.0,0.04,0.0,Oct,2,2,1,5,Returning_Visitor,False,False
1,39.2,0,0.62,26,1497.97,0.01,0.09,2.48,0.0,Nov,4,2,1,2,Returning_Visitor,False,True
0,1.48,0,0.0,2,0.0,0.13,0.14,0.0,0.0,May,2,2,3,6,Returning_Visitor,False,False
0,1.98,0,0.13,2,21.71,0.1,0.15,0.0,0.08,May,2,2,4,13,Returning_Visitor,False,False
0,0.0,0,0.0,4,66.0,0.0,0.03,0.0,0.0,May,2,2,1,4,Returning_Visitor,False,False
8,233.25,0,9.0,38,2277.56,0.02,0.06,0.0,0.0,Dec,2,4,1,2,New_Visitor,True,False
4,130.0,0,0.0,46,1478.19,0.0,0.01,0.03,0.0,Mar,2,2,1,2,New_Visitor,False,False
0,1.72,0,0.0,6,156.0,0.0,0.04,0.0,0.0,Mar,2,2,4,1,Returning_Visitor,False,False
1,2.31,0,0.0,1,17.2,0.05,0.14,0.12,0.0,May,2,2,1,5,Returning_Visitor,False,False
0,0.0,1,12.0,22,1668.95,0.0,0.01,2.46,0.0,Nov,2,2,3,2,New_Visitor,True,True
1,95.33,0,0.0,13,819.33,0.0,0.02,25.26,0.0,Dec,2,2,7,2,New_Visitor,False,True
0,0.0,5,80.29,47,2091.71,0.0,0.03,0.04,0.0,Dec,2,2,3,6,Returning_Visitor,False,False
11,116.11,0,0.0,122,6141.43,0.01,0.03,0.0,0.2,May,3,2,1,1,Returning_Visitor,True,False
0,0.0,0,0.0,6,145.9,0.0,0.05,0.0,0.0,May,2,2,1,6,Returning_Visitor,False,False
0,0.0,0,0.0,29,1102.85,0.01,0.03,0.0,0.0,Nov,1,1,1,3,Returning_Visitor,False,False
3,55.5,0,0.57,8,220.07,0.0,0.02,0.39,0.0,Nov,2,2,3,10,Returning_Visitor,False,False
6,446.24,3,94.0,23,866.71,0.01,0.02,2.37,0.0,Nov,3,2,1,1,Returning_Visitor,True,False
2,44.5,0,0.0,35,1330.67,0.01,0.01,0.0,0.0,Nov,2,2,6,3,Returning_Visitor,False,False
0,0.0,0,0.0,8,984.0,0.12,0.14,0.0,0.25,May,2,5,3,6,Returning_Visitor,True,False
0,0.0,0,0.0,1,0.0,0.2,0.14,0.01,0.0,May,3,2,9,4,Returning_Visitor,False,False
0,0.0,0,0.0,2,0.0,0.13,0.2,0.0,0.0,Mar,3,2,1,1,Returning_Visitor,True,False
0,0.0,2,20.2,14,473.83,0.0,0.02,0.0,0.0,June,2,2,8,3,Returning_Visitor,False,False
0,0.0,0,0.52,9,436.0,0.0,0.02,0.0,0.0,Nov,2,2,1,2,Returning_Visitor,False,False
2,277.75,0,0.0,6,147.7,0.0,0.01,0.0,0.0,Mar,3,2,3,8,New_Visitor,False,False
0,0.0,0,0.0,46,723.0,0.02,0.03,0.0,0.0,Dec,3,2,2,13,Returning_Visitor,False,False
7,103.93,2,80.98,22,680.0,0.0,0.01,22.46,0.0,May,2,2,3,2,Returning_Visitor,True,True
6,190.29,3,609.0,47,2989.49,0.0,0.0,61.16,0.0,Mar,2,2,1,8,New_Visitor,True,True
11,108.38,0,0.0,65,2008.9,0.0,0.02,17.43,0.0,Dec,2,2,3,2,Returning_Visitor,False,False
0,1.47,0,0.0,46,1555.6,0.0,0.01,0.0,0.0,Nov,3,2,1,2,Returning_Visitor,False,False
3,223.0,1,24.0,46,1460.57,0.01,0.01,0.0,0.0,Mar,2,2,8,2,New_Visitor,True,False
3,112.9,0,0.09,32,414.09,0.0,0.01,0.01,0.0,Oct,2,2,6,2,New_Visitor,False,False
2,34.2,0,0.0,14,63.4,0.0,0.03,0.0,0.01,Nov,4,1,2,2,New_Visitor,False,False
7,27.83,3,9.0,39,1436.13,0.01,0.03,1.39,0.0,May,1,1,7,15,Returning_Visitor,False,False
4,73.33,0,0.0,13,412.9,0.0,0.01,0.0,0.0,Mar,1,2,1,2,Returning_Visitor,False,False
0,0.0,0,0.14,10,236.0,0.0,0.03,0.0,0.0,Mar,2,2,1,1,Returning_Visitor,False,False
0,26.06,0,0.0,11,1498.74,0.03,0.05,0.0,0.0,May,2,2,1,6,Returning_Visitor,True,False
3,117.8,0,0.0,17,586.1,0.0,0.02,0.01,0.0,Aug,2,2,7,13,Returning_Visitor,False,False
0,0.0,0,0.0,1,0.0,0.13,0.2,0.17,0.0,Nov,1,8,2,1,Returning_Visitor,False,False
0,1.87,0,0.0,4,145.96,0.01,0.04,0.0,0.4,May,2,2,3,4,Returning_Visitor,False,False
0,1.78,0,0.0,27,1320.64,0.01,0.01,0.04,0.0,May,3,2,1,4,Returning_Visitor,True,False
3,147.0,0,0.0,36,3473.73,0.02,0.03,0.0,0.0,May,2,2,8,3,Returning_Visitor,False,False
0,0.0,0,0.0,77,1503.17,0.0,0.02,0.0,0.6,May,2,2,3,6,Returning_Visitor,False,False
1,7.0,0,0.0,21,803.0,0.03,0.05,7.01,0.0,Nov,3,2,3,3,Returning_Visitor,False,True
0,0.0,0,0.0,3,1.0,0.13,0.13,0.08,0.0,May,2,2,1,6,Returning_Visitor,False,False
0,0.0,0,0.22,18,222.3,0.0,0.03,0.0,0.0,May,3,2,4,1,Returning_Visitor,True,False
8,119.0,0,0.0,31,1500.78,0.0,0.01,12.63,0.0,Nov,2,2,1,3,New_Visitor,False,True
2,21.0,0,2.65,25,278.14,0.0,0.02,77.46,0.0,Nov,2,2,2,2,New_Visitor,False,False
0,0.0,0,0.19,8,89.0,0.0,0.06,0.0,0.0,Nov,2,2,9,2,Returning_Visitor,True,False
2,59.83,0,0.0,70,1466.54,0.0,0.01,12.23,0.0,May,2,2,3,1,Returning_Visitor,False,True
2,129.0,0,0.0,15,1835.5,0.0,0.03,0.0,0.0,Aug,2,4,9,3,Returning_Visitor,False,False
0,0.0,0,0.0,6,436.0,0.13,0.08,0.0,0.0,May,1,1,4,2,Returning_Visitor,False,False
0,0.0,0,0.0,3,22.0,0.0,0.07,0.08,0.0,Nov,2,2,3,3,Returning_Visitor,False,False
0,1.72,0,0.0,3,50.4,0.0,0.05,0.0,0.0,May,2,2,3,1,Returning_Visitor,False,False
0,0.0,0,0.0,1,0.0,0.13,0.2,0.0,0.0,Nov,1,1,3,2,Returning_Visitor,False,False
6,130.5,2,439.2,78,5526.08,0.0,0.01,0.84,0.0,Nov,1,2,9,2,Returning_Visitor,False,False
1,104.09,0,0.85,46,1433.16,0.0,0.01,0.0,0.0,May,3,2,3,2,Returning_Visitor,True,True
11,162.75,3,67.5,45,2453.18,0.0,0.02,12.23,0.0,Nov,2,2,3,2,Returning_Visitor,False,True
0,0.0,0,0.15,12,412.88,0.0,0.02,0.2,0.0,Dec,3,2,4,1,Returning_Visitor,True,False
4,68.75,0,0.0,137,1501.4,0.0,0.01,0.0,0.0,Dec,2,2,3,1,Returning_Visitor,False,False
0,0.0,0,0.15,9,210.0,0.04,0.06,0.0,0.0,Mar,2,2,3,3,Returning_Visitor,False,False
2,94.0,0,1.52,25,893.1,0.0,0.01,0.01,0.0,May,2,4,4,1,Returning_Visitor,False,False
5,79.7,0,0.0,27,1051.55,0.01,0.02,9.13,0.0,Dec,2,5,1,1,Returning_Visitor,False,False
3,102.91,0,0.0,46,601.09,0.01,0.02,0.0,0.0,Dec,1,1,1,8,Returning_Visitor,False,False
3,333.0,2,80.12,12,151.9,0.03,0.06,0.02,0.0,Mar,2,2,1,1,Returning_Visitor,False,False
3,57.25,0,0.0,36,1930.41,0.02,0.02,21.4,0.0,Nov,3,1,1,2,Returning_Visitor,False,True
0,0.0,0,0.0,2,175.22,0.13,0.15,0.04,0.0,Dec,3,3,5,1,Returning_Visitor,False,False
0,0.0,0,0.0,30,1501.68,0.01,0.03,0.0,0.0,Nov,2,2,1,2,Returning_Visitor,False,False
3,9.0,0,29.72,13,372.25,0.0,0.02,0.0,0.02,Nov,4,1,3,1,Returning_Visitor,False,False
0,0.0,0,0.0,13,473.0,0.02,0.03,0.01,0.0,May,2,2,2,3,Returning_Visitor,True,False
1,22.2,2,80.09,37,400.8,0.01,0.04,0.19,0.0,Oct,2,10,1,2,Returning_Visitor,False,False
0,1.77,0,0.27,1,0.0,0.13,0.14,0.0,0.0,Feb,2,2,2,3,Returning_Visitor,False,False
0,0.0,0,0.0,6,686.6,0.01,0.03,0.0,0.0,Nov,2,5,1,10,Returning_Visitor,False,False
2,32.0,0,0.0,11,170.8,0.0,0.03,0.0,0.4,May,2,2,1,4,Returning_Visitor,False,False
1,13.0,0,0.27,2,20.0,0.0,0.05,0.0,0.0,Mar,3,2,3,2,Returning_Visitor,False,False
0,0.0,0,0.16,9,269.75,0.02,0.05,0.0,0.01,Dec,3,2,5,6,Returning_Visitor,False,False
0,0.0,0,0.0,25,612.58,0.0,0.01,0.0,0.8,May,3,2,1,13,Returning_Visitor,False,False
1,181.2,3,79.88,47,1502.8,0.0,0.01,0.0,0.0,Sep,2,2,6,4,Returning_Visitor,False,False
0,1.53,0,0.0,6,120.0,0.02,0.07,0.0,0.0,May,1,1,1,4,Returning_Visitor,False,False
0,0.0,0,0.09,2,234.76,0.07,0.17,0.0,0.0,Dec,1,1,4,3,Returning_Visitor,False,False
0,0.0,0,0.0,16,413.77,0.0,0.02,33.33,0.0,Mar,2,2,3,1,Returning_Visitor,False,False
2,45.5,0,0.0,22,1507.26,0.0,0.03,12.51,0.0,Nov,2,2,3,11,Returning_Visitor,True,True
6,96.32,3,394.0,46,599.1,0.01,0.03,8.02,0.0,May,1,1,3,2,Returning_Visitor,True,False
4,73.13,0,0.53,31,1028.53,0.02,0.03,77.66,0.0,Nov,3,2,1,7,Returning_Visitor,False,False
5,191.83,1,17.0,10,209.33,0.0,0.02,0.08,0.0,Dec,1,1,8,2,Returning_Visitor,False,False
0,0.0,0,0.0,46,1021.0,0.03,0.06,0.0,0.8,May,2,2,1,3,Returning_Visitor,False,False
13,297.75,2,352.5,41,289.04,0.0,0.07,72.44,0.0,Dec,2,2,1,8,Returning_Visitor,False,True
0,0.0,0,0.0,2,145.91,0.0,0.14,0.04,0.8,May,2,2,1,4,Returning_Visitor,False,False
6,82.01,0,211.6,162,6117.81,0.0,0.0,22.36,0.0,Nov,2,2,1,2,Returning_Visitor,False,False
0,2.35,0,0.0,11,437.83,0.0,0.02,0.0,0.0,Nov,2,3,3,11,Returning_Visitor,False,False
4,89.6,2,26.12,13,182.5,0.0,0.01,0.0,0.0,Dec,2,2,3,2,Returning_Visitor,False,False
3,87.52,0,0.37,13,334.5,0.0,0.0,0.0,0.0,Mar,3,2,1,8,New_Visitor,False,False
0,3.95,0,0.0,12,223.91,0.05,0.07,0.0,0.0,Jul,2,2,1,1,Returning_Visitor,False,False
0,3.0,0,0.0,15,791.0,0.01,0.03,12.23,0.0,May,2,2,3,1,Returning_Visitor,False,False
4,234.17,0,5.09,24,1589.58,0.0,0.01,61.2,0.0,Nov,2,2,1,10,Returning_Visitor,False,True
7,82.77,0,79.72,228,15025.23,0.0,0.01,1.27,0.0,Nov,2,2,1,1,Returning_Visitor,False,False
2,105.11,2,49.3,45,1465.15,0.0,0.01,0.01,0.0,Nov,2,2,6,2,Returning_Visitor,False,False
1,55.4,0,0.0,29,1500.32,0.0,0.02,0.0,0.0,Aug,2,2,3,3,Returning_Visitor,False,False
7,121.0,0,0.0,16,589.88,0.0,0.01,0.0,0.0,Dec,2,2,1,2,Returning_Visitor,True,False
0,2.9,0,0.0,14,512.5,0.0,0.02,0.0,0.0,Dec,2,7,7,3,Returning_Visitor,False,False
0,3.0,1,302.0,7,1389.88,0.0,0.01,2.27,0.0,Dec,2,2,2,2,Other,True,False
0,0.0,0,0.0,6,189.0,0.13,0.12,0.0,0.4,May,2,6,1,3,Returning_Visitor,False,False
2,104.08,0,0.81,30,1496.87,0.01,0.03,0.0,0.0,Mar,2,2,3,1,Returning_Visitor,True,False
0,2.12,0,0.0,46,624.62,0.0,0.02,0.07,0.8,May,2,5,4,2,Returning_Visitor,False,False
9,356.12,0,0.27,46,2187.34,0.01,0.03,0.0,0.0,Dec,1,1,8,1,Returning_Visitor,False,False
0,0.0,0,0.0,9,198.13,0.0,0.05,0.0,0.0,Nov,1,1,9,2,Returning_Visitor,False,False
0,18.0,0,0.0,46,1550.92,0.02,0.04,0.0,0.0,Nov,2,2,3,1,Returning_Visitor,False,False
2,0.0,0,0.0,0,0.0,0.2,0.14,0.0,0.0,May,3,2,1,6,Returning_Visitor,True,False
3,113.13,0,0.0,19,179.8,0.0,0.05,0.0,0.0,Nov,3,3,1,3,New_Visitor,True,False
0,1.57,0,0.0,2,32.0,0.0,0.14,0.0,0.0,Feb,2,2,1,3,Returning_Visitor,False,False
0,5.56,0,0.0,3,0.0,0.2,0.14,0.01,0.0,June,3,2,7,13,Returning_Visitor,False,False
1,16.76,0,0.18,8,57.0,0.0,0.06,0.02,0.0,Mar,2,2,4,8,New_Visitor,False,False
4,107.75,0,0.0,13,369.05,0.0,0.03,0.0,0.0,Mar,3,2,8,1,Returning_Visitor,False,False
1,93.98,0,0.0,46,739.83,0.02,0.03,0.0,0.0,May,2,2,3,3,Returning_Visitor,True,False
11,489.58,0,0.0,228,8437.1,0.0,0.01,0.0,0.0,Nov,2,4,1,2,Returning_Visitor,False,False
3,335.5,0,1.76,4,96.0,0.0,0.02,0.93,0.0,Nov,1,1,8,2,New_Visitor,False,False
1,23.2,0,0.0,4,1231.49,0.0,0.05,0.0,0.0,June,2,10,3,4,Returning_Visitor,True,False
0,0.0,0,0.27,8,321.23,0.0,0.01,0.0,0.0,Jul,3,5,1,1,Returning_Visitor,False,False
0,60.8,0,0.0,3,20.6,0.0,0.03,0.0,0.0,Nov,2,2,5,2,New_Visitor,True,False
0,0.0,0,0.0,13,148.5,0.09,0.1,0.0,0.4,May,1,1,1,2,Returning_Visitor,False,False
4,100.6,2,5.0,93,2002.76,0.0,0.03,0.0,0.0,Sep,2,2,3,13,Returning_Visitor,False,False
0,0.0,0,0.0,22,849.83,0.0,0.02,0.0,0.0,Nov,2,2,1,3,Returning_Visitor,False,False
5,103.9,1,71.92,46,7959.91,0.03,0.06,8.71,0.0,Aug,2,2,3,13,Returning_Visitor,False,False
0,0.0,0,0.0,17,887.83,0.01,0.04,0.0,0.0,May,2,4,3,3,Returning_Visitor,False,False
0,0.0,0,0.0,3,20.24,0.2,0.14,0.0,0.0,Dec,3,2,6,1,Returning_Visitor,False,False
0,0.0,0,0.0,16,591.25,0.0,0.02,0.0,0.0,Dec,2,2,1,2,Returning_Visitor,False,False
3,174.48,1,7.42,43,895.97,0.0,0.01,13.0,0.0,May,1,2,6,2,Returning_Visitor,False,True
0,3.77,0,0.0,25,1157.45,0.03,0.03,12.35,0.0,May,1,1,3,2,Returning_Visitor,False,False
0,0.0,0,0.0,5,28.33,0.0,0.13,0.0,0.0,May,1,8,4,11,Returning_Visitor,True,False
0,0.0,0,0.0,2,12.26,0.2,0.2,0.0,0.0,Mar,1,1,7,3,Returning_Visitor,True,False
4,130.5,2,51.0,48,2265.53,0.0,0.0,12.28,0.0,May,3,2,4,2,Returning_Visitor,False,False
2,20.48,0,0.0,13,591.17,0.02,0.02,0.02,0.0,Mar,3,2,1,2,Returning_Visitor,False,False
2,35.2,1,49.55,43,435.83,0.0,0.01,0.0,0.0,June,2,2,6,2,New_Visitor,False,False
5,211.25,0,0.0,22,1344.75,0.03,0.05,0.0,0.0,Nov,3,2,2,8,Returning_Visitor,False,False
6,53.38,0,0.0,6,54.38,0.0,0.04,0.0,0.0,Mar,2,2,6,2,New_Visitor,True,False
3,159.0,0,0.0,6,64.75,0.0,0.01,0.04,0.0,Mar,1,1,1,2,Returning_Visitor,False,False
2,82.6,2,316.0,34,1446.73,0.0,0.0,0.0,0.0,Oct,1,2,4,2,New_Visitor,True,False
3,104.38,0,0.32,46,2023.75,0.0,0.02,0.0,0.0,Nov,2,2,3,2,Returning_Visitor,False,False
3,87.26,0,0.38,25,510.38,0.01,0.02,0.0,0.0,Oct,2,2,2,1,Returning_Visitor,False,False
0,1.48,0,0.17,1,0.0,0.2,0.14,0.01,0.0,Mar,2,2,1,1,Returning_Visitor,False,False
7,272.03,0,0.0,13,295.1,0.01,0.03,0.08,0.0,Nov,3,2,1,20,Returning_Visitor,False,False
0,3.65,0,0.0,3,294.7,0.0,0.01,30.2,0.0,Nov,3,2,3,2,Returning_Visitor,True,True
3,44.0,0,0.0,58,6951.97,0.0,0.02,0.0,0.0,May,4,1,1,2,Returning_Visitor,False,False
5,36.33,0,53.0,13,406.0,0.0,0.01,0.31,0.0,Mar,4,1,1,1,Returning_Visitor,False,False
0,0.0,0,0.0,8,150.27,0.0,0.05,0.0,0.0,June,2,2,3,2,Returning_Visitor,True,False
0,0.0,0,0.0,9,154.8,0.02,0.03,20.75,0.0,Nov,1,1,4,2,Returning_Visitor,False,True
9,234.43,0,32.24,46,590.58,0.03,0.04,0.0,0.0,Nov,2,2,7,1,Returning_Visitor,True,False
0,0.0,0,0.0,1,0.0,0.13,0.2,0.0,0.0,May,1,1,1,3,Returning_Visitor,True,False
11,192.85,0,0.0,186,6975.89,0.0,0.01,12.34,0.0,Nov,1,1,3,2,Returning_Visitor,False,True
0,0.0,0,0.0,17,287.75,0.07,0.12,0.0,0.6,May,2,2,1,4,Returning_Visitor,False,False
6,265.04,0,2.79,59,2934.24,0.01,0.02,12.24,0.0,Nov,1,2,1,2,Returning_Visitor,False,False
0,1.75,0,1.2,46,2886.84,0.0,0.03,0.0,0.0,Nov,2,2,3,2,Returning_Visitor,False,False
1,80.6,2,112.8,10,390.2,0.0,0.02,0.0,0.0,Mar,2,5,3,20,Returning_Visitor,False,False
11,152.33,0,0.0,25,481.17,0.0,0.0,0.0,0.0,May,2,2,4,4,Returning_Visitor,False,False
3,104.56,0,0.0,27,696.9,0.0,0.01,0.01,0.0,Sep,2,2,6,4,Returning_Visitor,False,False
2,1.66,0,0.14,45,1660.0,0.02,0.04,0.0,0.0,Nov,2,5,1,1,Returning_Visitor,False,False
0,2.88,0,0.2,93,4261.84,0.0,0.05,0.02,0.0,Mar,3,3,8,1,Returning_Visitor,False,False
3,104.3,0,0.0,48,2307.66,0.03,0.04,12.22,0.0,Oct,1,1,7,1,Returning_Visitor,True,False
2,106.65,0,0.0,27,264.4,0.11,0.14,0.0,0.0,Jul,2,2,7,13,Returning_Visitor,False,False
3,66.33,0,0.8,13,368.68,0.02,0.08,3.36,0.0,Nov,2,2,1,2,Returning_Visitor,False,True
0,0.0,0,0.0,46,751.33,0.0,0.0,12.23,0.0,Mar,2,2,1,2,Returning_Visitor,True,True
5,78.5,1,26.0,48,1266.12,0.0,0.01,12.42,0.0,Mar,2,2,1,8,New_Visitor,False,False
3,285.2,0,2.42,54,1255.84,0.01,0.04,8.34,0.0,Jul,2,4,2,2,Returning_Visitor,False,False
0,0.0,0,0.19,2,264.75,0.0,0.1,0.06,0.0,Nov,1,1,9,3,Returning_Visitor,False,False
3,171.38,0,0.18,29,1343.95,0.04,0.03,0.0,0.0,Nov,3,2,8,13,Returning_Visitor,True,False
3,79.48,0,1.35,10,397.17,0.0,0.01,0.0,0.0,Mar,2,4,1,1,Returning_Visitor,True,False
6,160.1,0,0.63,47,1682.87,0.0,0.01,12.3,0.0,Mar,3,2,6,10,Returning_Visitor,False,True
0,0.0,0,0.12,1,11.52,0.2,0.2,0.0,0.0,Mar,1,1,3,3,Returning_Visitor,False,False
0,2.3,0,0.0,0,0.0,0.13,0.14,0.0,0.0,Nov,1,1,3,15,Returning_Visitor,False,False
0,0.0,0,0.51,5,14.0,0.13,0.16,0.0,0.6,May,2,4,2,3,Returning_Visitor,False,False
2,233.5,0,0.22,46,1433.44,0.03,0.05,0.01,0.0,Nov,2,2,9,1,Returning_Visitor,False,False
0,0.0,0,0.0,58,1502.94,0.01,0.03,0.0,0.0,Nov,2,2,1,2,Returning_Visitor,False,False
11,293.62,2,42.2,50,1831.94,0.0,0.02,0.97,0.0,Nov,2,5,7,4,Returning_Visitor,True,False
9,309.0,0,6.33,27,1481.03,0.0,0.01,44.48,0.0,Mar,1,1,1,4,New_Visitor,False,True
0,2.42,2,76.88,22,850.53,0.0,0.03,0.0,0.0,Mar,3,2,3,1,Returning_Visitor,False,False
0,1.58,0,0.0,9,384.64,0.03,0.07,0.0,0.0,Dec,3,2,1,2,Returning_Visitor,True,False
0,0.0,0,0.0,8,141.67,0.03,0.03,0.0,0.0,Dec,1,2,1,1,Returning_Visitor,True,False
0,0.0,0,0.0,16,142.5,0.03,0.08,0.0,0.0,May,2,2,1,4,Returning_Visitor,False,False
0,0.0,0,0.0,14,338.18,0.0,0.01,0.0,0.0,May,2,2,7,4,Returning_Visitor,True,False
0,0.0,0,0.0,33,1035.08,0.01,0.03,0.0,0.0,Nov,2,10,1,3,Returning_Visitor,False,False
0,0.0,0,0.0,24,1496.85,0.02,0.05,0.0,0.0,May,2,2,3,13,Returning_Visitor,False,False
2,85.43,1,9.0,30,1992.83,0.0,0.0,9.23,0.0,Mar,2,4,1,3,Returning_Visitor,False,True
0,0.0,0,0.0,20,666.99,0.02,0.04,0.0,0.0,May,2,2,5,1,Returning_Visitor,True,False
1,107.0,0,0.0,27,839.67,0.02,0.04,0.0,0.41,May,3,2,3,13,Returning_Visitor,False,False
0,0.0,0,0.16,2,15.0,0.0,0.14,0.03,0.8,May,2,2,1,13,Returning_Visitor,False,False
0,1.87,0,0.0,7,242.08,0.0,0.05,0.0,0.0,Nov,2,4,7,2,Returning_Visitor,False,False
3,115.12,0,0.28,46,909.52,0.0,0.04,0.0,0.0,Mar,2,2,6,1,Returning_Visitor,False,False
0,0.0,0,0.74,46,1028.12,0.0,0.01,0.0,0.0,Mar,2,4,1,2,Returning_Visitor,False,False
3,29.0,0,0.0,2,11.0,0.13,0.08,0.23,0.0,Dec,1,1,4,8,New_Visitor,False,False
0,1.6,0,0.0,6,49.5,0.05,0.08,0.02,0.0,Mar,3,2,1,1,Returning_Visitor,False,False
3,99.0,0,0.44,37,1488.81,0.0,0.02,0.0,0.01,Mar,2,2,3,1,Returning_Visitor,False,False
6,75.0,0,0.0,13,1930.33,0.01,0.04,0.0,0.0,May,2,2,4,11,Returning_Visitor,False,False
0,1.99,0,0.15,5,36.0,0.13,0.1,0.0,0.0,May,2,5,3,6,Returning_Visitor,False,False
5,94.73,0,0.0,14,629.29,0.0,0.03,0.0,0.0,Dec,2,4,1,8,Returning_Visitor,False,False
6,465.83,2,71.0,26,1500.45,0.0,0.01,7.17,0.0,Mar,2,2,1,1,Returning_Visitor,True,False
12,486.9,3,80.36,59,1096.29,0.0,0.02,1.21,0.0,Nov,1,2,3,1,Returning_Visitor,False,False
0,0.0,0,0.54,50,1232.03,0.0,0.0,173.47,0.0,May,2,2,9,2,New_Visitor,False,True
5,526.85,5,143.25,266,9770.81,0.01,0.02,0.25,0.0,Nov,2,2,1,2,Returning_Visitor,True,False
3,188.0,0,0.0,22,1436.45,0.0,0.01,0.0,0.0,Mar,2,2,3,1,Returning_Visitor,False,False
2,469.31,0,0.57,16,1215.77,0.0,0.01,61.79,0.0,May,2,2,1,4,New_Visitor,False,True
10,578.5,5,913.0,31,699.5,0.0,0.01,22.59,0.0,May,2,2,3,4,Returning_Visitor,True,True
3,103.0,0,0.0,17,314.0,0.0,0.02,0.0,0.0,May,1,1,1,3,Returning_Visitor,False,False
0,2.71,0,0.0,22,346.83,0.0,0.02,12.56,0.0,May,2,2,7,2,Returning_Visitor,False,True
0,1.41,0,0.0,5,106.5,0.0,0.03,0.05,0.0,May,1,1,1,3,Returning_Visitor,False,False
7,52.17,3,110.75,65,2019.77,0.0,0.02,12.27,0.0,May,1,1,6,2,Returning_Visitor,False,False
5,211.5,5,222.0,30,2266.27,0.0,0.04,10.56,0.0,Mar,2,2,1,2,Returning_Visitor,False,False
0,0.0,0,0.35,54,4053.75,0.0,0.03,16.57,0.11,Oct,2,2,8,1,Returning_Visitor,True,True
0,1.42,0,0.55,6,11.5,0.0,0.1,0.0,0.0,May,3,2,1,2,Returning_Visitor,True,False
0,0.0,0,0.0,13,700.67,0.01,0.02,0.0,0.0,May,3,2,1,4,Returning_Visitor,False,False
11,290.86,3,364.53,178,4339.53,0.0,0.02,12.25,0.01,May,2,2,3,4,Returning_Visitor,False,False
0,1.81,0,0.0,7,170.18,0.0,0.03,0.0,0.0,Nov,1,1,3,3,Returning_Visitor,False,False
0,0.0,0,0.0,6,70.0,0.04,0.12,0.06,0.0,May,1,1,1,3,Returning_Visitor,False,False
0,8.58,0,0.0,4,26.0,0.0,0.05,0.02,0.0,May,4,1,1,1,Returning_Visitor,False,False
0,0.0,0,0.0,21,1296.72,0.0,0.01,70.02,0.0,Dec,2,2,1,2,Returning_Visitor,False,True
13,109.4,2,28.2,97,2865.82,0.01,0.02,0.05,0.0,Oct,2,2,1,1,Returning_Visitor,False,False
1,54.4,0,19.63,42,2889.95,0.0,0.02,0.0,0.0,June,4,1,4,1,Returning_Visitor,False,False
0,0.0,0,0.0,5,168.9,0.0,0.01,0.12,0.0,Dec,3,2,1,2,New_Visitor,False,False
3,40.25,3,9.0,26,683.03,0.01,0.08,0.0,0.0,May,1,1,1,2,Returning_Visitor,False,True
3,10.0,5,53.0,47,1578.0,0.0,0.01,0.0,0.8,May,2,2,3,4,Returning_Visitor,False,False
2,11.0,0,0.0,25,976.0,0.02,0.04,0.0,0.06,Dec,1,1,3,3,Returning_Visitor,False,False
0,0.0,0,0.16,2,37.0,0.0,0.14,0.0,0.8,Feb,2,2,2,3,Returning_Visitor,False,False
0,0.0,1,1.48,18,268.75,0.01,0.04,13.43,0.0,Dec,1,1,1,1,Returning_Visitor,False,False
0,1.65,0,0.0,6,39.5,0.0,0.02,0.01,0.0,Dec,2,2,1,3,Returning_Visitor,False,False
0,3.09,0,0.0,2,145.58,0.0,0.1,0.0,0.0,Mar,2,2,4,2,Returning_Visitor,False,False
0,0.0,0,0.11,1,0.0,0.2,0.14,0.0,0.0,Dec,1,13,9,20,Returning_Visitor,False,False
0,0.0,0,0.0,10,26.0,0.0,0.05,0.0,0.0,Nov,2,5,6,3,Returning_Visitor,True,False
3,32.0,0,0.96,20,1498.64,0.0,0.0,0.0,0.0,Mar,2,2,1,2,New_Visitor,False,False
9,576.62,0,0.0,57,1878.2,0.0,0.02,5.0,0.0,Nov,2,2,4,8,New_Visitor,False,True
0,0.0,0,0.0,14,597.04,0.01,0.02,0.0,0.0,Nov,1,1,1,2,Returning_Visitor,False,True
0,68.05,0,0.0,46,1334.62,0.0,0.03,128.47,0.0,Dec,2,2,4,10,Returning_Visitor,False,True
0,13.0,0,0.0,15,47.13,0.04,0.05,20.95,0.0,Nov,3,2,2,4,Returning_Visitor,False,False
0,0.0,0,0.12,12,375.0,0.02,0.06,0.0,0.02,Feb,3,2,4,1,Returning_Visitor,False,False
2,104.46,0,0.0,31,1481.87,0.0,0.0,55.82,0.01,Oct,2,2,7,2,New_Visitor,True,True
0,0.0,0,0.0,3,54.0,0.0,0.05,0.0,0.0,Nov,1,1,5,3,Returning_Visitor,True,False
3,0.0,0,0.0,8,215.0,0.06,0.06,0.0,1.0,May,2,5,7,6,Returning_Visitor,True,False
0,0.0,2,79.77,13,190.71,0.03,0.04,0.0,0.0,Nov,3,2,4,13,Returning_Visitor,True,False
2,108.0,1,81.36,8,316.5,0.03,0.04,0.0,0.0,Nov,3,2,3,11,Returning_Visitor,True,False
0,0.0,0,0.76,8,726.0,0.08,0.11,0.0,0.6,May,2,2,1,19,Returning_Visitor,False,False
0,13.45,0,0.0,12,213.5,0.02,0.03,1.07,0.2,May,4,1,1,1,Returning_Visitor,True,False
0,0.0,0,0.0,11,276.0,0.0,0.01,0.0,0.0,May,2,2,1,1,Returning_Visitor,False,False
2,29.87,1,99.6,13,534.48,0.0,0.0,0.07,0.0,Oct,1,1,2,2,New_Visitor,False,False
1,1.68,1,2.0,43,1496.98,0.03,0.05,0.0,0.24,May,3,2,1,4,Returning_Visitor,False,False
0,2.2,0,0.0,2,0.0,0.2,0.2,0.0,0.0,Dec,1,1,6,2,Returning_Visitor,False,False
1,31.0,0,6.94,10,347.0,0.0,0.02,0.1,0.0,May,1,1,1,1,Returning_Visitor,True,False
0,0.0,0,0.0,5,72.75,0.0,0.05,0.0,0.0,Dec,3,2,1,2,New_Visitor,True,False
0,3.0,0,0.0,24,342.0,0.02,0.05,0.0,0.0,Oct,2,2,1,1,Returning_Visitor,False,False
4,766.83,0,0.0,217,4153.28,0.0,0.01,0.12,0.0,May,2,2,1,6,Returning_Visitor,True,False
1,15.0,0,0.0,19,817.5,0.01,0.02,0.0,0.0,Nov,2,2,1,2,Returning_Visitor,False,False
4,115.2,0,0.0,7,277.47,0.0,0.0,0.0,0.0,Nov,2,2,2,2,New_Visitor,True,False
0,0.0,0,0.0,4,15.0,0.1,0.14,0.0,0.0,May,1,1,3,3,Returning_Visitor,False,False
5,36.34,1,8.0,95,3715.78,0.01,0.01,0.0,0.0,Jul,2,4,3,1,Returning_Visitor,False,False
1,103.09,3,62.0,7,206.93,0.0,0.02,0.0,0.0,Mar,2,5,6,2,Returning_Visitor,False,False
0,0.0,0,0.0,1,0.0,0.13,0.14,0.04,0.0,Sep,2,2,6,1,Returning_Visitor,False,False
2,101.93,0,0.32,5,172.26,0.0,0.01,0.27,0.0,Mar,1,1,8,2,New_Visitor,False,False
0,0.0,0,0.0,21,1030.0,0.0,0.03,0.03,0.0,Dec,2,2,7,1,Returning_Visitor,False,False
4,96.39,0,0.0,52,1630.97,0.01,0.03,0.0,1.0,May,6,5,3,2,Returning_Visitor,True,False
2,100.0,4,131.0,40,2611.65,0.0,0.01,0.0,0.0,Dec,1,1,1,2,Returning_Visitor,False,False
3,1388.75,0,0.75,13,1373.75,0.0,0.02,0.0,0.0,Mar,1,1,7,8,Returning_Visitor,False,False
10,154.79,2,80.43,46,1528.55,0.02,0.03,12.26,0.0,May,1,1,1,2,Returning_Visitor,True,False
0,7.0,0,0.15,15,533.11,0.01,0.05,0.04,0.0,Nov,2,2,1,3,Returning_Visitor,False,False
14,574.45,0,0.0,47,2688.86,0.0,0.01,36.96,0.0,Sep,1,2,1,4,Returning_Visitor,False,True
5,10.18,0,0.0,47,787.2,0.0,0.01,2.78,0.4,May,2,2,4,4,Returning_Visitor,False,False
0,3.74,0,1.36,15,500.0,0.03,0.07,20.0,0.0,Mar,2,2,3,1,Returning_Visitor,False,True
1,40.03,0,0.0,35,536.73,0.0,0.01,12.27,0.0,Jul,2,2,3,4,Returning_Visitor,False,True
0,0.0,0,0.0,8,372.83,0.0,0.01,0.0,0.0,Mar,1,1,1,1,Returning_Visitor,False,False
0,19.25,0,0.0,32,501.42,0.06,0.11,10.4,0.11,May,2,2,7,1,Returning_Visitor,False,False
0,0.0,0,0.0,3,0.0,0.17,0.14,0.0,0.01,May,3,2,6,13,Returning_Visitor,False,False
0,0.0,0,0.0,16,414.11,0.01,0.05,0.0,0.6,May,1,1,1,6,Returning_Visitor,False,False
0,0.0,0,0.0,11,189.25,0.02,0.05,0.0,0.0,Dec,2,5,1,1,Returning_Visitor,False,False
1,61.5,0,0.0,13,949.75,0.0,0.01,51.76,0.0,Dec,1,1,1,2,New_Visitor,False,True
0,0.0,0,0.0,4,143.5,0.03,0.05,0.0,0.0,Dec,1,1,1,2,Returning_Visitor,False,False
2,108.19,0,0.0,196,8555.77,0.01,0.02,10.31,0.0,Nov,1,2,1,2,Returning_Visitor,False,True
0,3.86,0,0.0,10,122.8,0.11,0.13,0.09,0.0,Jul,3,2,3,13,Returning_Visitor,False,False
2,98.0,0,0.0,81,2628.0,0.0,0.01,12.27,0.0,Dec,2,1,1,2,Returning_Visitor,False,True
0,4.21,0,1.31,15,729.0,0.0,0.03,0.0,0.0,Nov,3,2,2,8,New_Visitor,True,False
0,0.0,0,0.0,13,443.0,0.03,0.05,0.0,0.0,Nov,2,5,1,1,Returning_Visitor,False,False
0,0.0,0,0.0,8,362.75,0.03,0.08,0.0,0.0,Nov,2,5,3,8,Returning_Visitor,False,False
0,0.0,0,0.0,14,1049.05,0.0,0.02,0.0,0.0,Nov,3,2,1,20,Returning_Visitor,False,False
0,0.0,1,148.5,72,2271.55,0.0,0.02,0.0,0.0,Dec,2,2,1,2,Returning_Visitor,False,False
3,105.58,0,0.0,22,1805.08,0.0,0.01,3.59,0.0,Sep,2,2,1,2,Returning_Visitor,True,True
2,91.32,0,0.0,46,2787.69,0.0,0.01,4.01,0.0,Jul,2,2,4,1,Returning_Visitor,False,False
0,0.0,0,0.21,68,207.57,0.0,0.01,0.0,0.0,Oct,2,2,1,5,Returning_Visitor,False,False
4,104.59,0,0.0,13,293.73,0.03,0.06,0.0,0.0,Nov,2,2,3,2,Returning_Visitor,False,False
0,0.0,0,0.0,8,428.5,0.0,0.02,0.0,0.0,Dec,2,2,1,2,Returning_Visitor,True,False
5,104.19,4,83.69,9,74.6,0.0,0.02,8.33,0.0,Sep,2,2,8,2,Returning_Visitor,False,False
0,0.0,0,0.0,46,526.8,0.0,0.01,104.2,0.0,Sep,2,2,1,2,Returning_Visitor,False,True
3,29.75,0,0.0,43,398.98,0.0,0.01,12.23,0.0,Nov,2,2,2,2,Returning_Visitor,False,True
0,0.0,0,0.0,1,10.12,0.13,0.2,0.0,0.57,May,2,2,1,1,Returning_Visitor,False,False
0,0.0,0,0.0,7,197.0,0.0,0.04,0.0,0.0,Dec,2,2,3,2,New_Visitor,True,False
2,27.0,0,6.0,6,129.2,0.03,0.08,0.0,0.0,May,3,2,4,3,Returning_Visitor,False,False
0,6.15,0,0.84,28,512.72,0.01,0.01,1.4,0.0,Jul,2,2,2,1,Returning_Visitor,True,True
0,1.77,0,0.36,3,163.52,0.0,0.1,0.0,0.0,Dec,2,2,1,10,Other,False,False
3,35.5,0,0.0,14,145.05,0.0,0.02,0.0,0.6,May,3,2,3,2,Returning_Visitor,False,False
1,9.0,1,80.04,18,1473.47,0.0,0.02,0.0,0.01,Nov,2,2,7,2,Returning_Visitor,False,False
3,739.21,1,16.0,21,1517.71,0.01,0.03,78.35,0.0,Mar,2,2,1,8,New_Visitor,False,True
4,190.0,0,0.25,53,1503.28,0.0,0.02,0.0,0.0,Dec,1,1,1,10,Returning_Visitor,False,False
3,39.2,0,0.0,6,184.84,0.0,0.03,0.13,0.0,Nov,1,1,3,3,Returning_Visitor,False,False
2,698.5,0,0.33,41,1053.84,0.0,0.01,0.07,0.0,Nov,2,5,6,1,Returning_Visitor,True,False
1,104.37,0,0.0,20,1002.85,0.0,0.01,41.13,0.0,Nov,2,2,3,2,Returning_Visitor,False,False
4,104.92,0,0.25,23,570.52,0.01,0.02,16.3,0.0,Mar,1,2,3,8,Returning_Visitor,False,False
3,48.4,0,0.0,137,3004.63,0.0,0.01,0.01,0.0,Oct,2,4,1,2,Returning_Visitor,False,False
0,0.0,0,0.0,4,145.2,0.0,0.03,0.0,0.0,Nov,2,2,7,2,Returning_Visitor,False,False
1,5.0,2,24.55,13,521.5,0.01,0.02,0.0,0.0,Mar,2,2,7,1,Returning_Visitor,False,False
0,2.11,0,0.05,9,147.3,0.16,0.18,0.0,0.0,May,1,1,1,3,Returning_Visitor,True,False
0,0.0,0,0.07,2,50.0,0.0,0.05,0.0,0.0,Dec,3,2,8,2,Returning_Visitor,False,False
0,0.0,0,0.0,27,75.2,0.03,0.05,0.0,0.0,Jul,2,2,2,3,Returning_Visitor,False,False
0,0.0,0,0.0,6,56.0,0.0,0.03,0.0,0.8,May,2,2,1,13,Returning_Visitor,False,False
1,2.26,0,0.52,27,787.54,0.0,0.02,0.04,0.0,Nov,3,2,1,3,Returning_Visitor,True,False
4,26.91,0,0.0,32,1489.45,0.0,0.01,0.02,0.0,Feb,2,2,1,3,Returning_Visitor,False,False
1,41.33,0,0.13,44,3227.5,0.0,0.01,12.31,0.6,May,2,2,4,13,Returning_Visitor,False,True
0,1.63,0,0.0,21,483.38,0.0,0.03,0.05,0.0,May,2,2,2,13,Returning_Visitor,False,False
0,0.0,0,0.0,8,267.0,0.0,0.05,0.0,0.0,Mar,2,2,3,3,Returning_Visitor,False,False
7,141.84,0,0.0,33,486.56,0.0,0.03,11.84,0.0,June,2,2,3,1,Returning_Visitor,False,False
0,0.0,0,0.11,3,0.0,0.2,0.2,0.0,0.0,May,3,2,3,13,Returning_Visitor,False,False
3,60.0,0,0.0,19,494.5,0.0,0.02,0.0,0.0,Mar,1,1,3,4,Returning_Visitor,True,False
0,0.0,0,0.0,4,157.2,0.04,0.14,0.0,0.0,Dec,1,8,3,1,Returning_Visitor,True,False
2,24.2,0,0.6,3,52.4,0.0,0.04,0.0,0.0,Sep,2,2,3,2,Returning_Visitor,False,False
2,569.0,1,58.5,23,941.7,0.0,0.01,8.17,0.0,Dec,2,2,4,2,New_Visitor,False,True
3,29.58,0,0.0,28,1206.61,0.0,0.02,5.42,0.0,Mar,2,2,1,2,Returning_Visitor,False,True
1,103.07,0,2.89,13,417.0,0.0,0.02,72.79,0.4,May,1,1,1,3,New_Visitor,False,True
0,1.6,0,0.0,17,1422.15,0.0,0.01,0.0,0.0,Mar,2,2,7,1,Returning_Visitor,False,False
0,0.0,0,0.0,45,2715.0,0.0,0.01,54.97,0.03,Dec,2,2,3,2,New_Visitor,True,True
1,10.35,0,0.0,31,1008.42,0.01,0.02,0.0,0.0,May,2,6,1,2,Returning_Visitor,False,False
0,1.62,0,0.0,5,94.5,0.0,0.04,0.0,0.0,Mar,2,2,1,1,Returning_Visitor,False,False
10,89.38,0,85.14,45,1558.62,0.0,0.01,12.13,0.0,Aug,3,2,4,4,Returning_Visitor,True,True
0,0.0,0,0.0,68,1806.17,0.0,0.03,0.0,0.0,Nov,2,2,2,13,Returning_Visitor,True,False
0,1.58,0,0.0,6,149.5,0.0,0.07,0.0,0.4,May,2,2,1,13,Returning_Visitor,False,False
0,1.48,0,0.0,13,289.56,0.03,0.03,0.0,0.0,Dec,1,1,1,10,Returning_Visitor,False,False
0,0.0,0,0.1,3,77.0,0.0,0.07,0.0,0.0,Mar,1,2,1,9,Returning_Visitor,True,False
0,0.0,0,0.0,2,12.0,0.13,0.12,0.01,0.6,May,1,1,1,4,Returning_Visitor,False,False
0,0.0,0,0.0,20,676.6,0.01,0.03,0.0,0.0,Sep,3,2,1,1,Returning_Visitor,False,False
3,401.15,0,0.0,38,1504.31,0.01,0.02,10.99,0.0,Sep,2,4,7,4,Returning_Visitor,False,False
0,2.44,0,0.0,11,555.62,0.02,0.05,0.0,0.0,Nov,2,2,1,3,Returning_Visitor,False,False
3,50.0,2,248.75,46,1034.31,0.01,0.02,0.0,0.0,Dec,1,1,1,2,Returning_Visitor,False,False
7,722.21,9,151.5,238,6515.6,0.0,0.02,3.85,0.0,Dec,2,2,4,4,Returning_Visitor,False,False
2,104.55,0,1.68,13,189.9,0.0,0.01,0.1,0.0,Nov,3,2,5,2,New_Visitor,False,False
3,0.0,0,0.0,4,60.0,0.05,0.08,0.0,1.0,May,1,1,1,2,Returning_Visitor,True,False
6,143.51,0,0.0,31,1359.96,0.0,0.01,32.89,0.0,Nov,2,2,2,2,Returning_Visitor,False,False
0,0.0,0,1.16,8,388.0,0.03,0.03,0.0,0.6,May,2,5,3,2,New_Visitor,False,False
5,282.0,0,0.0,8,326.0,0.0,0.02,0.0,0.0,Mar,1,1,1,3,Returning_Visitor,False,False
3,105.22,0,0.0,46,1833.24,0.0,0.01,18.62,0.0,Nov,2,2,6,1,Returning_Visitor,True,True
1,58.4,1,24.2,11,503.27,0.03,0.11,24.72,0.0,Oct,3,2,1,2,Returning_Visitor,False,True
3,160.0,0,0.0,55,1504.36,0.0,0.01,18.87,0.0,Dec,2,2,1,2,New_Visitor,False,True
11,189.48,1,303.2,91,4864.15,0.04,0.03,0.0,0.0,Oct,2,2,1,2,New_Visitor,True,False
0,0.0,0,0.0,89,1638.89,0.01,0.04,0.0,0.6,May,2,2,6,11,Returning_Visitor,False,False
2,93.47,0,15.83,11,148.76,0.02,0.07,0.0,0.8,May,1,1,1,3,Returning_Visitor,False,False
3,104.22,1,137.5,118,2595.1,0.0,0.01,61.73,0.0,Nov,2,2,1,3,Returning_Visitor,False,True
1,0.0,0,0.0,135,4590.43,0.01,0.02,12.01,0.0,Nov,2,2,2,1,Returning_Visitor,False,False
0,0.0,0,0.14,1,4.54,0.2,0.2,0.0,0.0,Mar,2,2,4,1,Returning_Visitor,False,False
0,1.51,0,0.0,1,0.0,0.2,0.2,0.02,0.59,May,2,2,3,1,Returning_Visitor,False,False
0,0.0,0,0.0,4,331.0,0.05,0.1,0.0,0.0,Mar,2,2,1,1,Returning_Visitor,False,False
0,0.0,0,0.0,46,1127.57,0.01,0.02,0.0,0.0,Nov,4,2,1,1,Returning_Visitor,False,False
11,494.17,4,151.0,55,1317.92,0.0,0.01,0.0,0.0,May,3,2,2,3,Returning_Visitor,False,False
0,0.0,0,0.0,24,1285.8,0.01,0.03,0.0,0.0,Dec,4,1,3,2,Returning_Visitor,True,False
5,67.19,0,0.0,8,204.0,0.0,0.03,0.0,0.0,Mar,2,4,4,1,Returning_Visitor,False,False
0,2.17,0,0.0,14,654.88,0.03,0.04,0.0,0.0,Nov,2,2,1,13,Returning_Visitor,False,False
0,0.0,2,88.6,35,682.18,0.0,0.0,0.0,0.0,Mar,1,1,3,1,Returning_Visitor,True,False
0,0.0,0,0.24,6,319.0,0.0,0.05,0.07,0.0,Mar,1,1,3,1,Returning_Visitor,True,False
4,218.97,0,0.0,12,1501.4,0.0,0.01,61.78,0.0,Nov,2,2,3,2,Returning_Visitor,True,True
0,0.0,0,0.0,15,1148.0,0.02,0.04,0.01,0.0,Mar,3,2,1,3,Returning_Visitor,False,False
0,0.0,0,0.0,7,116.8,0.12,0.14,0.0,0.0,Jul,2,2,6,13,Returning_Visitor,False,False
0,1.74,0,0.0,12,474.5,0.0,0.0,0.27,0.0,Mar,1,1,3,2,Returning_Visitor,True,False
0,0.0,0,0.0,2,689.0,0.0,0.1,0.0,0.0,May,2,2,3,2,New_Visitor,False,False
7,266.88,0,2.16,32,2092.5,0.0,0.03,23.57,0.0,Dec,2,2,1,1,Returning_Visitor,True,False
0,0.0,0,1.31,10,428.67,0.0,0.01,36.26,0.4,May,2,2,5,2,New_Visitor,False,True
0,0.0,0,0.0,4,107.0,0.0,0.05,0.01,0.59,May,2,5,3,2,Returning_Visitor,False,False
0,0.0,0,0.14,1,0.0,0.2,0.14,0.01,0.0,May,2,2,1,3,Returning_Visitor,False,False
0,0.0,0,0.0,48,783.69,0.01,0.02,0.0,0.0,Dec,2,2,3,2,Returning_Visitor,False,False
2,20.0,3,604.21,85,3881.79,0.0,0.03,0.0,0.0,Nov,2,2,1,2,Returning_Visitor,False,False
0,0.0,0,0.27,1,5.54,0.13,0.2,0.02,0.0,May,2,2,2,1,Returning_Visitor,False,False
0,0.0,0,0.0,18,587.73,0.01,0.02,32.52,0.0,Nov,2,2,7,4,Returning_Visitor,True,True
3,65.5,1,38.5,46,1410.32,0.01,0.02,0.0,0.0,Nov,3,2,3,1,Returning_Visitor,False,False
0,0.0,0,0.0,20,1055.33,0.0,0.01,0.01,0.01,Nov,3,2,4,13,Returning_Visitor,False,False
4,515.6,0,0.0,48,1505.19,0.0,0.0,0.03,0.01,May,2,2,4,2,Returning_Visitor,False,False
0,0.0,0,0.29,37,1212.0,0.0,0.02,0.0,0.0,Nov,2,2,1,2,Returning_Visitor,False,True
3,156.5,0,0.0,13,143.0,0.0,0.01,0.32,0.0,Nov,1,1,1,2,New_Visitor,False,False
3,0.0,0,0.0,14,267.25,0.0,0.02,0.0,0.0,Nov,3,2,1,11,New_Visitor,True,False
8,104.04,1,61.0,66,1505.33,0.0,0.01,0.0,0.0,Dec,2,2,1,2,Returning_Visitor,False,False
2,20.0,0,0.0,66,3391.69,0.03,0.04,0.0,0.0,Dec,2,2,8,1,Returning_Visitor,False,False
0,0.0,0,1.04,17,840.23,0.0,0.01,109.18,0.0,Mar,2,2,9,2,New_Visitor,False,True
1,137.5,1,59.4,53,1844.65,0.02,0.05,0.0,0.0,May,4,2,1,3,Returning_Visitor,False,False
2,17.42,2,97.45,13,1500.96,0.0,0.01,0.0,0.0,May,1,1,5,5,New_Visitor,False,False
0,2.28,1,66.57,82,1504.8,0.0,0.02,0.0,0.0,Nov,3,2,3,2,Returning_Visitor,False,True
0,0.0,0,0.0,13,151.18,0.0,0.03,0.0,0.0,Dec,2,2,7,2,Returning_Visitor,False,False
0,0.0,0,0.0,6,168.0,0.04,0.08,0.0,0.0,Nov,3,2,1,2,Returning_Visitor,False,False
8,104.15,0,0.0,374,12499.38,0.0,0.01,6.42,0.0,Nov,2,2,2,2,Returning_Visitor,False,False
0,0.0,0,0.0,6,34.0,0.13,0.17,0.0,0.4,May,3,2,4,13,Returning_Visitor,False,False
3,79.62,3,171.0,76,2208.79,0.01,0.0,3.2,0.0,May,4,1,7,2,Returning_Visitor,True,False
2,8.0,1,14.33,45,603.67,0.0,0.01,44.68,0.0,Mar,1,2,1,7,Returning_Visitor,False,True
9,241.84,0,0.0,25,673.03,0.0,0.01,27.97,0.0,Nov,1,1,3,2,New_Visitor,False,False
1,57.5,0,0.0,45,534.26,0.0,0.03,87.75,0.0,Dec,1,2,1,8,Returning_Visitor,True,True
8,108.83,0,0.0,21,780.58,0.01,0.02,12.22,0.0,Nov,2,5,1,3,Returning_Visitor,False,True
0,0.0,0,0.0,4,96.33,0.0,0.05,0.0,0.0,May,1,1,3,2,Returning_Visitor,True,False
3,37.0,0,0.0,21,1231.5,0.01,0.02,0.0,0.0,Nov,2,2,9,8,New_Visitor,True,True
2,243.75,1,1073.0,33,4931.2,0.02,0.03,25.1,0.0,Nov,3,2,2,2,Returning_Visitor,False,False
1,0.0,0,0.0,17,684.92,0.02,0.05,0.04,0.0,Mar,2,6,4,1,Returning_Visitor,True,False
2,37.0,0,2.01,15,145.26,0.0,0.01,0.1,0.0,Mar,2,2,3,2,New_Visitor,True,False
0,0.0,0,0.0,15,475.67,0.01,0.01,0.54,0.0,Dec,2,5,3,8,New_Visitor,False,False
2,19.0,0,18.0,48,1183.65,0.0,0.07,21.21,0.0,May,3,12,9,2,Returning_Visitor,False,True
1,7.64,0,0.42,8,710.0,0.0,0.03,2.1,0.0,May,1,1,6,4,Returning_Visitor,False,True
1,101.4,1,81.89,45,423.06,0.04,0.03,54.18,0.02,Feb,2,2,1,1,Returning_Visitor,True,False
0,0.0,0,0.0,8,145.12,0.0,0.03,0.0,0.0,May,2,2,1,2,Returning_Visitor,False,False
0,0.0,0,0.0,51,2122.66,0.0,0.01,9.29,0.0,Mar,2,2,1,10,Returning_Visitor,False,True
0,1.56,0,0.0,38,1633.83,0.0,0.01,0.0,0.0,May,2,2,1,1,Returning_Visitor,True,False
4,104.38,0,0.0,108,1504.95,0.0,0.03,0.0,0.0,Nov,3,2,3,10,Returning_Visitor,False,False
0,0.0,0,0.05,13,445.0,0.03,0.06,0.0,0.0,Mar,2,2,6,1,Returning_Visitor,False,False
11,152.75,1,94.09,228,7044.06,0.0,0.02,12.24,0.0,Nov,2,2,1,1,Returning_Visitor,False,True
0,0.0,0,45.72,14,999.0,0.0,0.03,8.48,0.0,Dec,2,2,3,6,Returning_Visitor,True,True
1,0.0,0,0.0,17,177.46,0.01,0.03,0.09,0.0,Nov,2,10,7,1,Returning_Visitor,False,False
3,81.37,0,0.36,7,35.17,0.02,0.02,0.0,0.0,Nov,2,7,8,2,Returning_Visitor,False,False
0,2.9,2,40.0,54,2847.34,0.0,0.03,0.0,0.0,Nov,2,2,4,2,Returning_Visitor,False,False
0,0.0,0,0.0,13,144.91,0.0,0.02,0.0,0.0,June,2,2,4,13,Returning_Visitor,False,False
3,79.24,3,540.33,47,1656.41,0.0,0.0,0.0,0.0,May,2,4,9,3,Returning_Visitor,False,False
6,137.92,0,2.26,92,3163.14,0.0,0.01,32.22,0.0,Nov,2,2,1,1,Returning_Visitor,False,True
0,0.0,1,98.0,14,416.92,0.0,0.01,0.29,0.0,Nov,1,1,3,2,Returning_Visitor,False,False
3,58.07,0,0.0,5,86.0,0.0,0.01,0.0,0.0,Mar,3,2,2,3,New_Visitor,False,False
4,390.5,0,0.54,49,1503.97,0.0,0.02,25.55,0.0,Dec,2,2,8,2,Returning_Visitor,False,True
1,27.87,0,0.0,30,613.99,0.03,0.05,0.05,0.0,Oct,1,1,1,1,Returning_Visitor,True,False
2,55.4,2,96.8,26,600.57,0.01,0.02,12.26,0.0,Nov,3,2,1,2,Returning_Visitor,False,False
0,1.68,0,0.0,43,1502.36,0.0,0.0,0.0,0.0,Mar,2,2,7,3,Returning_Visitor,True,False
1,1.9,0,0.0,56,1885.34,0.0,0.03,0.03,0.0,Nov,2,2,3,11,Returning_Visitor,False,True
0,0.0,0,0.0,9,640.67,0.0,0.01,0.05,0.0,Mar,3,2,7,1,Returning_Visitor,True,False
0,0.0,0,0.21,33,436.31,0.0,0.0,0.0,0.0,Mar,2,2,1,2,Returning_Visitor,False,False
1,10.0,0,0.63,55,3165.96,0.0,0.03,0.0,0.0,Dec,2,2,3,1,Returning_Visitor,False,False
1,4.0,0,10.08,8,244.0,0.02,0.05,15.45,0.0,Nov,2,4,1,1,Returning_Visitor,False,True
0,1.89,0,0.45,13,345.12,0.04,0.14,0.03,0.0,Nov,2,2,1,13,Returning_Visitor,False,False
0,0.0,0,0.0,10,385.0,0.0,0.02,0.0,0.0,Dec,2,2,1,2,Returning_Visitor,True,False
0,1.43,0,0.0,90,3111.68,0.0,0.01,0.0,0.0,Nov,2,2,1,2,Returning_Visitor,False,False
0,0.0,0,0.0,46,806.12,0.01,0.02,0.0,0.0,Nov,1,1,4,2,Returning_Visitor,False,False
3,104.29,2,41.0,46,1769.7,0.0,0.01,16.72,0.0,Mar,2,2,3,2,Returning_Visitor,False,False
2,25.0,1,0.0,46,243.17,0.01,0.06,0.0,0.0,Nov,2,2,1,6,New_Visitor,False,False
5,46.5,0,0.16,17,219.5,0.01,0.02,0.0,0.0,Nov,3,2,2,13,Returning_Visitor,False,False
0,0.0,0,0.0,15,148.89,0.0,0.04,0.0,0.2,May,2,2,6,3,Returning_Visitor,False,False
0,0.0,0,0.0,231,11246.13,0.0,0.02,0.0,0.0,Nov,2,2,3,2,Returning_Visitor,True,False
0,0.0,5,924.0,45,3198.19,0.02,0.02,32.42,0.0,Oct,2,6,4,3,Returning_Visitor,False,True
2,44.33,0,0.0,19,813.1,0.0,0.01,20.0,0.0,May,2,2,1,2,Returning_Visitor,False,True
0,0.0,0,0.0,1,0.0,0.2,0.2,0.16,0.0,Jul,1,1,1,2,Returning_Visitor,False,False
0,3.9,0,0.0,13,392.0,0.0,0.03,0.0,0.6,May,3,2,9,13,Returning_Visitor,False,False
1,31.0,3,80.77,13,196.2,0.0,0.01,0.0,0.0,Mar,2,2,1,1,New_Visitor,False,False
11,449.75,0,0.0,48,1786.11,0.0,0.01,40.66,0.0,Nov,1,1,1,2,Returning_Visitor,False,False
0,1.42,0,0.0,46,1441.64,0.01,0.01,0.06,0.0,Nov,1,1,1,2,Returning_Visitor,False,False
4,98.6,0,0.25,10,157.02,0.09,0.09,0.06,0.0,Sep,1,1,4,3,Returning_Visitor,True,False
1,34.3,0,0.0,22,722.13,0.02,0.05,0.0,0.0,Sep,2,2,8,1,Returning_Visitor,False,False
0,1.43,0,0.39,13,1162.1,0.02,0.02,11.19,0.0,May,1,1,1,3,Returning_Visitor,False,False
5,248.92,0,0.0,48,5075.0,0.0,0.03,7.96,0.0,Nov,2,2,2,2,Returning_Visitor,False,True
0,1.5,0,0.1,1,0.0,0.13,0.2,0.0,0.0,Mar,3,2,3,9,Returning_Visitor,True,False
9,230.67,0,4.66,46,1504.28,0.0,0.01,11.73,0.0,Nov,2,2,3,2,Returning_Visitor,True,True
5,104.37,0,0.0,69,1489.11,0.01,0.01,0.03,0.0,Oct,1,1,3,2,Returning_Visitor,False,False
3,41.28,3,169.2,14,517.66,0.01,0.02,50.18,0.0,May,3,2,1,2,Returning_Visitor,True,False
9,298.67,0,0.0,27,1339.75,0.0,0.01,22.96,0.0,May,2,2,3,8,New_Visitor,False,False
0,0.0,0,0.16,1,4.19,0.13,0.2,0.0,0.0,Mar,1,1,2,3,Returning_Visitor,False,False
1,28.0,0,0.0,45,1093.64,0.0,0.02,1.02,0.0,May,1,8,3,3,Returning_Visitor,True,False
2,26.75,0,0.09,103,2546.86,0.01,0.03,0.0,0.0,Nov,3,2,1,1,Returning_Visitor,False,False
3,9.78,6,129.12,47,1117.64,0.01,0.02,12.33,0.0,Dec,1,1,1,2,Returning_Visitor,False,False
2,11.0,0,0.0,59,779.26,0.0,0.01,0.03,0.0,Aug,4,1,1,2,Returning_Visitor,False,False
3,68.58,0,0.16,72,1781.19,0.01,0.02,0.0,0.0,Nov,1,1,1,9,Returning_Visitor,True,False
0,0.0,0,0.0,28,558.48,0.02,0.02,0.0,0.0,Nov,1,1,2,2,Returning_Visitor,False,False
0,15.0,0,0.0,15,1251.75,0.0,0.01,59.61,0.0,Nov,2,2,2,2,Returning_Visitor,False,True
6,197.25,0,0.0,46,3296.94,0.0,0.01,3.51,0.0,Nov,1,1,1,3,Returning_Visitor,True,False
4,70.25,1,139.5,47,3022.37,0.0,0.01,0.34,0.01,Nov,1,1,2,2,New_Visitor,False,True
0,0.0,0,0.0,1,11.15,0.2,0.2,0.0,0.0,Nov,1,8,1,1,Returning_Visitor,False,False
0,0.0,0,0.0,7,185.63,0.03,0.04,0.0,0.0,Dec,3,2,1,2,Returning_Visitor,False,False
0,0.0,0,0.0,34,0.0,0.2,0.2,0.15,0.0,Dec,2,5,6,6,Returning_Visitor,True,False
0,2.56,0,0.0,13,194.75,0.0,0.03,0.0,0.0,Dec,3,2,4,1,Returning_Visitor,False,False
4,213.75,1,43.33,30,1503.96,0.0,0.0,21.96,0.0,Dec,1,1,6,2,New_Visitor,False,True
5,724.5,0,8.05,23,867.33,0.0,0.0,61.57,0.0,Sep,1,2,1,2,Returning_Visitor,False,True
3,46.5,1,79.72,46,2085.97,0.0,0.06,0.01,0.0,Nov,3,2,1,2,Returning_Visitor,False,False
7,145.0,0,0.28,7,96.0,0.0,0.01,0.0,0.0,May,2,2,1,4,Returning_Visitor,False,False
0,0.0,0,0.0,16,263.27,0.0,0.04,0.0,0.0,June,2,2,1,4,Returning_Visitor,False,False
5,152.5,0,0.58,15,291.17,0.0,0.02,0.15,0.0,Dec,4,1,1,2,New_Visitor,False,False
0,0.0,0,0.0,21,604.5,0.0,0.03,0.33,0.0,Nov,2,2,1,13,New_Visitor,False,False
3,115.11,0,8.76,47,3639.74,0.0,0.02,1.22,0.8,May,2,2,7,3,Returning_Visitor,False,False
0,0.0,4,176.44,7,150.33,0.0,0.02,0.12,0.0,Mar,2,2,1,8,Returning_Visitor,False,False
0,0.0,0,0.0,9,980.57,0.0,0.01,78.57,0.01,Sep,2,2,5,2,New_Visitor,False,True
2,103.1,10,719.0,54,1986.55,0.01,0.02,12.27,0.0,Dec,1,1,2,2,Returning_Visitor,False,False
0,0.0,0,0.0,53,1503.3,0.02,0.03,0.0,0.0,Nov,3,2,8,1,Returning_Visitor,True,False
0,3.32,0,0.0,17,349.38,0.01,0.02,0.06,0.01,Nov,3,2,8,13,Returning_Visitor,False,False
2,89.75,1,63.12,49,2104.31,0.01,0.02,8.98,0.8,May,1,1,4,2,Returning_Visitor,False,False
0,0.0,0,0.0,5,155.0,0.04,0.05,0.02,0.01,Mar,2,2,1,2,Returning_Visitor,False,False
3,134.0,0,0.0,53,1659.32,0.0,0.0,62.35,0.0,Mar,4,1,1,2,Returning_Visitor,False,True
2,119.8,1,11.81,15,643.5,0.0,0.01,0.0,0.0,Sep,3,2,1,5,Returning_Visitor,True,False
6,76.33,0,0.0,7,78.83,0.0,0.01,0.03,0.0,Mar,2,2,8,2,New_Visitor,False,False
0,0.0,0,0.0,39,1496.74,0.02,0.03,0.02,0.0,May,2,2,7,1,Returning_Visitor,False,False
0,0.0,0,0.0,13,226.0,0.0,0.05,0.0,0.0,Mar,3,2,4,3,Returning_Visitor,True,False
12,81.5,0,46.51,47,2202.58,0.01,0.02,0.03,0.0,Mar,2,2,1,1,Returning_Visitor,False,False
0,1.71,0,0.08,12,173.5,0.0,0.01,0.0,0.0,Dec,2,2,2,2,Returning_Visitor,False,False
9,64.09,1,21.0,51,1933.9,0.01,0.02,2.99,0.0,May,2,2,6,13,Returning_Visitor,False,False
3,89.95,0,1.07,37,1510.64,0.01,0.02,0.0,0.0,Aug,1,1,4,3,Returning_Visitor,False,False
0,0.0,0,0.27,9,388.0,0.07,0.09,0.0,0.0,Mar,3,2,2,1,Returning_Visitor,False,False
3,52.33,0,1.91,14,148.12,0.0,0.01,0.0,0.0,May,2,2,1,3,New_Visitor,False,False
0,1.99,0,0.0,11,785.33,0.0,0.03,0.0,0.0,May,2,2,1,4,Returning_Visitor,False,False
0,0.0,0,0.0,36,808.08,0.0,0.01,53.1,0.0,May,2,2,6,4,Returning_Visitor,False,True
8,225.42,0,0.0,44,1254.11,0.01,0.03,0.0,0.0,Dec,3,2,3,1,Returning_Visitor,False,False
0,2.55,0,0.0,25,0.0,0.2,0.14,0.33,0.0,Nov,2,7,2,1,Returning_Visitor,True,False
0,0.0,0,0.87,2,39.5,0.0,0.1,0.0,0.0,Dec,2,2,7,1,Returning_Visitor,False,False
0,0.0,0,0.0,3,814.4,0.05,0.14,0.15,0.0,Dec,2,2,3,1,Returning_Visitor,False,False
0,0.0,0,0.0,27,458.26,0.01,0.02,38.12,0.0,June,1,1,2,3,Returning_Visitor,False,True
3,212.6,0,0.21,46,3898.82,0.0,0.0,0.0,0.0,Sep,2,2,7,1,Returning_Visitor,False,False
0,2.53,0,0.0,10,158.11,0.0,0.02,0.01,0.03,May,2,2,5,2,New_Visitor,False,False
4,42.0,1,28.5,34,1495.15,0.0,0.01,0.0,0.0,Nov,2,2,3,2,Returning_Visitor,False,False
8,97.34,2,5.0,46,3364.19,0.02,0.02,0.0,0.4,May,3,2,3,4,Returning_Visitor,False,False
3,72.5,0,1.48,46,1429.0,0.0,0.02,12.14,0.0,Nov,2,2,2,1,Returning_Visitor,False,True
7,111.08,0,0.0,45,431.5,0.0,0.01,0.0,0.0,Dec,1,1,1,3,Returning_Visitor,False,False
0,0.0,0,0.17,3,32.5,0.07,0.14,0.31,0.0,Dec,2,2,9,3,Returning_Visitor,True,False
0,0.0,0,0.0,38,643.9,0.03,0.06,0.0,0.0,June,2,4,9,3,Returning_Visitor,False,False
2,21.0,0,0.33,9,324.13,0.0,0.01,0.0,0.0,Oct,2,2,3,2,New_Visitor,False,False
0,2.04,0,0.49,46,4324.74,0.02,0.03,0.0,1.0,May,3,2,1,2,Returning_Visitor,True,False
7,78.3,5,120.0,87,1363.26,0.0,0.01,30.81,0.0,May,2,2,3,2,Returning_Visitor,False,True
0,2.57,0,0.0,4,0.0,0.2,0.2,0.0,0.0,Nov,1,1,4,10,Returning_Visitor,False,False
3,2.97,2,18.0,15,1518.1,0.0,0.03,31.76,0.0,May,2,2,6,2,Returning_Visitor,False,True
3,91.33,0,0.0,30,558.61,0.01,0.05,0.0,0.0,Sep,2,10,2,1,Returning_Visitor,False,True
0,0.0,0,0.0,6,151.0,0.0,0.08,0.08,0.0,Dec,1,8,4,11,Returning_Visitor,False,False
0,0.0,0,0.0,33,134.76,0.13,0.2,0.06,0.0,Nov,3,2,4,1,Other,False,False
0,0.0,0,0.0,46,803.33,0.0,0.04,0.0,0.0,Dec,4,1,1,2,Returning_Visitor,False,False
0,0.0,0,0.0,29,1501.25,0.0,0.0,0.02,0.0,Nov,2,5,1,2,Returning_Visitor,False,False
0,0.0,0,0.79,46,1494.32,0.0,0.02,0.0,0.0,Dec,2,4,7,2,Returning_Visitor,False,False
2,42.0,0,0.0,17,275.7,0.03,0.06,0.05,0.6,May,3,2,8,2,Returning_Visitor,False,False
3,153.75,0,0.0,17,670.0,0.0,0.01,0.0,0.0,Dec,2,2,1,2,New_Visitor,False,False
1,613.67,0,0.0,12,957.0,0.16,0.1,0.0,0.0,Mar,3,2,8,10,Returning_Visitor,False,False
3,152.0,1,64.4,46,1488.49,0.0,0.02,0.0,0.0,Oct,2,2,1,2,New_Visitor,True,False
0,0.0,0,0.0,17,1504.14,0.01,0.03,0.03,0.0,Sep,2,2,4,1,Returning_Visitor,False,False
0,0.0,0,0.0,12,407.0,0.0,0.03,0.03,0.0,Mar,2,2,4,3,Returning_Visitor,False,False
3,51.0,0,0.0,14,530.35,0.02,0.03,0.06,0.0,Mar,7,2,6,1,Returning_Visitor,True,False
0,0.0,0,0.0,2,16.0,0.0,0.1,0.05,0.8,May,2,2,1,2,Returning_Visitor,False,False
1,3.46,0,0.11,10,136.5,0.0,0.03,0.03,0.0,Mar,2,2,1,2,Returning_Visitor,False,False
0,0.0,0,0.0,7,157.77,0.0,0.03,0.46,0.0,May,1,1,1,2,New_Visitor,True,False
1,103.13,0,0.0,32,1501.61,0.0,0.03,1.33,0.0,Oct,2,2,3,1,Returning_Visitor,False,False
0,17.87,2,377.64,26,1911.71,0.02,0.04,12.32,0.0,Jul,3,2,1,2,Returning_Visitor,True,True
0,0.0,0,0.0,2,148.09,0.0,0.13,1.27,0.0,Nov,2,4,2,8,Returning_Visitor,False,False
3,104.19,0,0.0,25,830.94,0.0,0.0,70.26,0.0,Nov,2,2,1,2,Returning_Visitor,False,False
0,0.0,0,0.0,15,914.38,0.01,0.05,0.67,0.0,Nov,1,8,7,1,Returning_Visitor,False,False
1,101.67,1,142.85,45,1068.36,0.01,0.04,7.57,0.0,Jul,2,10,2,2,Returning_Visitor,False,False
0,0.0,0,0.0,9,218.0,0.0,0.03,0.0,0.0,Mar,2,2,6,9,Returning_Visitor,True,False
3,46.4,0,0.0,3,388.18,0.0,0.0,0.0,0.0,Oct,3,2,1,20,Returning_Visitor,False,False
4,101.7,0,0.21,46,708.55,0.01,0.02,0.0,0.0,Aug,2,2,3,13,Returning_Visitor,False,False
0,0.0,0,0.06,6,134.0,0.13,0.14,0.0,0.0,May,1,1,1,3,Returning_Visitor,False,False
3,32.0,0,0.0,6,209.0,0.0,0.02,0.01,0.0,May,2,4,1,2,New_Visitor,False,False
0,0.0,0,0.0,2,1207.0,0.0,0.05,0.0,0.0,May,3,3,3,1,Returning_Visitor,False,False
4,184.37,0,0.0,3,52.27,0.01,0.03,0.0,0.0,Oct,3,2,1,5,Returning_Visitor,False,False
11,228.03,1,32.0,17,457.8,0.01,0.04,0.0,0.0,Mar,1,2,9,8,Returning_Visitor,False,False
5,81.67,0,0.0,43,875.0,0.0,0.04,0.0,0.0,May,2,2,5,4,Returning_Visitor,False,False
3,466.16,5,3.0,24,3230.25,0.04,0.1,1.92,0.0,Mar,2,2,1,2,Returning_Visitor,False,False
0,0.0,0,0.0,41,881.17,0.01,0.02,0.02,0.6,May,2,5,1,6,Returning_Visitor,False,False
2,102.6,0,0.0,15,2190.67,0.0,0.0,0.0,0.0,Mar,2,2,8,8,Returning_Visitor,False,False
10,498.9,0,2.94,221,918.9,0.0,0.01,5.27,0.0,Oct,2,5,4,2,Returning_Visitor,False,False
0,0.0,0,0.0,10,249.0,0.04,0.06,0.53,0.0,Nov,1,1,8,3,Returning_Visitor,False,False
1,55.5,1,18.0,19,444.75,0.0,0.01,15.74,0.0,Nov,2,4,7,2,New_Visitor,False,True
3,33.6,0,0.0,42,1443.53,0.0,0.01,0.0,0.0,Oct,2,2,1,2,New_Visitor,False,False
0,3.75,0,0.0,7,49.87,0.13,0.09,0.0,0.0,Sep,1,1,9,3,Returning_Visitor,False,False
2,42.0,0,0.0,29,218.0,0.0,0.0,0.0,0.0,Mar,2,2,1,2,Returning_Visitor,False,False
0,1.86,0,0.0,37,954.02,0.01,0.02,0.02,0.23,Feb,2,2,1,3,Returning_Visitor,False,False
0,2.18,1,39.5,223,8864.04,0.0,0.04,9.96,0.0,Nov,2,2,1,2,Returning_Visitor,False,True
0,0.0,0,0.0,2,0.0,0.13,0.2,0.0,0.0,Jul,3,2,1,13,Returning_Visitor,False,False
3,96.0,0,0.0,61,1499.12,0.0,0.0,131.5,0.0,Nov,2,2,7,10,Returning_Visitor,False,True
0,0.0,0,0.0,1,4.44,0.2,0.2,0.01,0.0,Mar,1,1,1,3,Returning_Visitor,False,False
3,150.6,0,0.0,86,1463.74,0.02,0.05,0.0,0.0,Sep,2,2,1,1,Returning_Visitor,False,False
2,106.85,0,0.0,6,106.97,0.03,0.01,0.51,0.0,Oct,3,2,1,2,Returning_Visitor,True,False
3,143.83,0,0.0,43,997.71,0.0,0.02,0.0,0.0,Dec,2,5,1,1,Returning_Visitor,False,False
0,0.0,0,0.0,1,0.0,0.2,0.14,0.04,0.0,Dec,3,2,7,3,Returning_Visitor,False,False
0,2.87,0,0.0,1,0.0,0.13,0.2,0.0,0.0,Nov,1,1,4,1,Returning_Visitor,False,False
3,103.6,0,0.0,30,414.13,0.01,0.03,0.03,0.0,Aug,2,2,2,1,Returning_Visitor,True,False
0,0.0,0,0.0,2,139.0,0.0,0.1,0.0,0.8,May,2,2,1,4,Returning_Visitor,False,False
0,1.51,0,0.0,19,485.08,0.0,0.02,0.0,0.0,May,2,2,1,2,Returning_Visitor,False,False
0,0.0,0,0.0,9,386.25,0.0,0.02,0.0,0.0,May,3,2,6,6,New_Visitor,False,False
1,19.0,0,1.69,13,208.0,0.04,0.1,0.0,0.0,Nov,3,2,1,1,Returning_Visitor,False,False
0,0.0,1,69.05,38,1663.68,0.01,0.02,0.0,0.0,Mar,2,2,8,1,Returning_Visitor,False,False
2,0.0,0,0.46,5,145.29,0.0,0.05,0.0,0.0,Mar,2,2,7,1,Returning_Visitor,False,False
0,0.0,0,0.0,3,155.6,0.0,0.14,0.0,0.8,Feb,2,2,1,3,Returning_Visitor,False,False
1,54.5,0,0.0,50,1267.06,0.01,0.02,9.46,0.0,Dec,2,2,3,10,Returning_Visitor,False,False
13,499.6,1,14.0,55,1388.82,0.0,0.01,38.6,0.0,Nov,1,1,1,2,Returning_Visitor,False,False
0,0.0,0,0.0,15,2653.5,0.0,0.04,0.43,0.0,Sep,4,2,7,1,Returning_Visitor,False,False
0,1.97,0,0.0,15,270.08,0.02,0.03,0.0,0.0,Nov,3,2,3,11,Returning_Visitor,True,False
0,0.0,0,0.0,3,0.0,0.2,0.2,0.06,0.22,May,3,2,1,3,Returning_Visitor,False,False
3,32.07,0,0.0,41,1493.22,0.01,0.03,5.29,0.0,Jul,2,2,3,1,Returning_Visitor,False,False
0,0.0,0,0.0,4,214.33,0.0,0.05,0.0,0.0,Nov,1,1,9,3,Returning_Visitor,False,False
3,41.2,0,0.0,7,942.8,0.0,0.03,0.0,0.0,Aug,1,1,4,5,New_Visitor,True,False
0,2.0,0,0.0,27,463.83,0.04,0.07,0.0,0.0,May,3,2,2,4,Returning_Visitor,False,False
0,1.7,0,0.0,20,2403.25,0.01,0.03,0.02,0.0,Dec,2,2,1,2,Returning_Visitor,False,False
2,104.55,0,8.58,23,2244.42,0.0,0.01,0.0,0.0,Aug,2,2,3,3,Returning_Visitor,False,False
0,0.0,0,0.0,9,147.07,0.07,0.14,0.08,0.02,Dec,3,3,5,1,Returning_Visitor,False,False
2,13.0,0,0.0,17,296.23,0.01,0.03,0.26,0.0,May,1,1,3,3,Returning_Visitor,True,False
0,0.0,0,0.0,23,2420.65,0.01,0.05,0.0,0.0,Nov,4,1,9,3,Returning_Visitor,False,False
5,248.8,4,116.0,26,595.34,0.03,0.05,10.17,0.2,May,3,2,1,2,Returning_Visitor,False,False
1,162.0,3,75.5,4,158.5,0.01,0.02,0.0,0.0,Mar,2,4,1,10,Returning_Visitor,False,False
5,44.74,3,129.75,18,390.46,0.0,0.02,0.0,0.0,Aug,2,2,1,4,Returning_Visitor,False,False
0,0.0,0,0.0,43,967.25,0.0,0.03,0.01,0.07,Dec,2,2,1,3,Returning_Visitor,False,False
0,0.0,0,0.0,6,50.83,0.0,0.05,0.0,0.0,Nov,1,1,3,2,New_Visitor,False,False
3,2.58,0,0.0,120,3013.12,0.0,0.03,14.18,0.0,Nov,2,5,1,2,Returning_Visitor,False,True
0,1.48,0,0.0,2,0.0,0.13,0.2,0.0,0.0,Mar,2,2,1,1,Returning_Visitor,False,False
0,5.15,1,6.0,39,1502.59,0.01,0.02,1.27,0.0,Nov,2,4,7,10,Returning_Visitor,False,False
7,84.83,0,0.0,57,1503.66,0.01,0.02,0.0,0.0,Nov,1,2,3,3,Returning_Visitor,False,True
3,104.74,0,0.37,12,121.0,0.03,0.03,0.0,0.0,Mar,3,2,4,2,Returning_Visitor,False,False
0,0.0,0,0.0,6,169.0,0.0,0.03,0.0,0.04,Feb,1,1,3,3,Returning_Visitor,False,False
11,497.12,8,604.8,160,5349.56,0.0,0.0,17.35,0.0,Mar,2,2,1,4,Returning_Visitor,False,True
0,0.0,0,0.0,3,0.0,0.2,0.2,0.07,0.0,Feb,1,1,3,3,Returning_Visitor,False,False
0,0.0,0,1.42,28,2524.0,0.01,0.05,0.02,0.0,May,2,2,1,3,Returning_Visitor,True,False
18,103.19,0,0.0,37,1113.9,0.02,0.03,0.0,0.0,Nov,2,2,3,2,Returning_Visitor,False,False
0,0.0,0,0.33,6,1566.5,0.05,0.06,0.0,0.2,Feb,2,2,1,3,Returning_Visitor,False,False
4,183.25,1,21.0,20,651.4,0.0,0.0,0.0,0.0,Mar,1,1,1,2,Returning_Visitor,False,False
3,105.93,5,242.75,61,764.23,0.0,0.06,0.0,0.0,Nov,2,5,6,4,Returning_Visitor,True,False
1,68.0,0,0.0,20,870.67,0.0,0.02,0.01,0.0,May,2,4,3,3,Returning_Visitor,False,False
0,0.0,0,0.0,8,128.5,0.0,0.03,0.0,0.0,May,2,2,1,1,Returning_Visitor,False,False
0,0.0,0,0.0,1,0.0,0.2,0.2,0.0,0.0,Nov,1,1,3,8,Returning_Visitor,False,False
2,2.38,3,228.5,27,2451.0,0.01,0.02,42.22,0.0,Nov,2,2,4,2,Returning_Visitor,False,True
0,0.0,0,0.39,57,1492.62,0.0,0.02,0.01,0.0,May,2,2,3,2,Returning_Visitor,False,False
0,0.0,0,0.0,4,145.95,0.13,0.17,0.0,0.8,May,2,2,4,1,Returning_Visitor,False,False
4,175.87,0,0.0,2,5.0,0.0,0.04,0.0,0.0,Oct,1,1,3,2,New_Visitor,False,False
0,0.0,0,0.16,2,0.0,0.2,0.2,0.0,0.57,May,2,2,1,1,Returning_Visitor,False,False
1,19.0,0,0.0,100,3457.29,0.01,0.03,0.01,0.0,Nov,2,2,1,2,Returning_Visitor,False,False
5,224.8,0,0.0,30,974.9,0.0,0.01,25.11,0.0,Nov,2,2,4,4,Returning_Visitor,False,False
0,0.0,0,0.0,46,666.0,0.0,0.01,0.0,0.59,May,2,2,3,2,Returning_Visitor,False,False
0,0.0,0,0.0,3,75.0,0.0,0.07,0.01,0.0,Mar,2,2,2,3,Returning_Visitor,True,False
3,73.12,2,53.5,200,6671.29,0.0,0.01,0.0,0.0,Nov,2,2,1,2,Returning_Visitor,False,False
0,0.0,0,0.19,7,0.0,0.2,0.2,0.01,0.0,May,2,2,2,4,Returning_Visitor,False,False
0,16.67,0,0.0,22,413.97,0.0,0.04,0.0,0.0,Mar,3,2,1,1,Returning_Visitor,False,False
0,0.0,0,0.0,1,0.0,0.2,0.2,0.0,0.0,Nov,3,2,1,8,New_Visitor,True,False
1,2.0,0,0.0,46,2774.88,0.02,0.03,0.0,0.4,May,2,2,1,20,Returning_Visitor,True,False
1,30.5,0,0.0,29,1333.17,0.0,0.01,8.75,0.0,Mar,2,2,3,2,New_Visitor,False,True
0,0.0,0,0.0,10,379.08,0.0,0.01,0.0,0.0,Dec,3,12,1,1,Returning_Visitor,False,False
0,0.0,0,0.0,12,126.08,0.03,0.05,0.01,0.0,Nov,3,2,7,13,Returning_Visitor,False,False
0,0.0,0,1.29,19,521.92,0.0,0.03,0.3,0.0,Dec,3,2,1,2,Returning_Visitor,True,False
11,167.41,0,0.59,49,1512.57,0.0,0.01,0.0,0.0,Nov,1,1,3,2,New_Visitor,False,False
1,6.57,0,0.0,20,968.75,0.02,0.02,73.98,0.0,Dec,1,2,1,1,Returning_Visitor,False,True
1,5.0,0,0.0,40,2731.5,0.0,0.01,0.14,0.0,Nov,2,10,2,2,Returning_Visitor,True,False
3,109.8,0,0.0,55,1514.87,0.01,0.01,5.79,0.0,Nov,1,1,1,2,Returning_Visitor,False,False
5,85.17,4,365.97,31,538.72,0.01,0.03,0.0,0.0,May,4,1,3,1,Returning_Visitor,False,False
0,0.0,0,0.0,2,157.0,0.0,0.05,0.0,0.0,May,1,1,8,3,Returning_Visitor,False,False
2,63.5,0,0.0,13,99.07,0.04,0.07,0.0,0.0,Oct,1,1,1,4,Returning_Visitor,False,False
2,7.0,0,0.21,20,1458.6,0.01,0.03,0.0,0.0,Nov,2,2,1,10,Returning_Visitor,False,False
2,37.2,0,0.0,48,171.62,0.0,0.01,0.24,0.0,Nov,2,4,3,2,New_Visitor,False,False
0,0.0,0,0.0,2,4.41,0.2,0.2,0.39,0.0,Aug,3,2,1,1,Returning_Visitor,False,False
0,0.0,0,0.0,12,351.41,0.01,0.01,0.0,0.0,Sep,3,2,5,2,Returning_Visitor,False,False
8,239.83,1,33.0,46,2650.41,0.0,0.01,0.07,0.0,May,2,2,1,6,Returning_Visitor,False,False
0,4.26,0,0.0,53,1505.47,0.01,0.02,0.05,0.0,Nov,3,2,4,3,Returning_Visitor,False,False
4,43.5,0,0.0,39,930.3,0.0,0.01,10.65,0.0,Mar,4,2,1,3,Returning_Visitor,True,False
0,1.53,0,0.0,46,1503.79,0.0,0.01,5.69,0.0,Dec,2,2,1,2,Returning_Visitor,False,False
8,43.95,1,80.26,31,1492.94,0.0,0.03,0.0,0.0,Aug,2,2,3,3,Returning_Visitor,False,False
0,3.55,0,0.45,1,0.0,0.2,0.14,0.15,0.0,Nov,1,6,1,2,Returning_Visitor,False,False
0,0.0,0,0.06,2,19.82,0.2,0.14,0.02,0.0,Dec,1,1,1,3,Returning_Visitor,False,False
3,68.33,0,1.08,39,1263.86,0.0,0.02,14.94,0.0,Nov,3,2,1,2,Returning_Visitor,False,True
0,31.88,1,37.2,28,761.5,0.01,0.03,0.03,0.0,Mar,2,5,1,1,Returning_Visitor,False,False
6,97.03,1,25.2,18,1470.1,0.0,0.01,0.0,0.0,Jul,2,2,2,2,New_Visitor,True,False
8,164.58,1,880.25,62,2587.15,0.01,0.01,0.0,0.0,Dec,1,1,7,2,Returning_Visitor,False,False
4,134.58,0,0.0,10,414.16,0.0,0.02,0.0,0.0,Mar,2,2,6,2,New_Visitor,False,False
0,0.0,0,0.05,46,1500.54,0.01,0.03,0.03,0.0,Mar,3,2,1,1,Returning_Visitor,False,False
2,104.08,0,0.61,43,1543.5,0.0,0.0,0.09,0.0,Dec,8,13,9,20,Other,False,True
9,316.82,1,10.0,46,1233.31,0.0,0.03,3.7,0.0,Dec,2,2,1,3,Returning_Visitor,False,False
0,0.0,0,0.0,18,217.0,0.01,0.03,0.08,0.8,May,1,1,1,1,Returning_Visitor,False,False
0,1.59,1,55.0,38,1377.41,0.0,0.04,0.0,0.0,May,2,2,2,4,Returning_Visitor,False,False
1,17.5,0,0.0,8,163.0,0.0,0.01,0.17,0.0,Mar,2,2,1,2,New_Visitor,True,False
0,2.08,0,0.11,34,143.58,0.02,0.05,0.0,0.0,Nov,2,2,3,1,Returning_Visitor,False,False
6,408.2,0,0.0,33,878.62,0.0,0.02,12.23,0.0,Mar,2,2,1,2,Returning_Visitor,False,True
3,220.33,1,76.76,75,1495.12,0.0,0.03,11.6,0.0,Mar,2,2,6,1,Returning_Visitor,False,False
0,4.7,0,0.0,7,1101.87,0.06,0.11,0.0,0.6,May,2,4,1,3,Returning_Visitor,False,False
8,111.54,3,82.62,68,1664.15,0.0,0.02,6.69,0.0,Dec,2,1,4,2,Returning_Visitor,False,True
3,200.5,0,1.16,49,837.42,0.0,0.01,34.33,0.06,May,2,2,1,3,New_Visitor,False,True
0,0.0,0,0.0,9,1331.0,0.02,0.04,0.0,0.6,May,2,2,3,1,Returning_Visitor,False,False
0,0.0,0,0.95,6,216.0,0.0,0.03,0.02,0.0,Mar,2,2,2,10,Returning_Visitor,False,False
0,0.0,0,0.0,38,972.77,0.0,0.04,0.0,0.0,May,2,4,3,3,Returning_Visitor,False,False
3,113.47,0,0.0,10,408.47,0.08,0.04,0.0,0.0,Aug,4,1,3,1,Returning_Visitor,True,False
1,18.0,2,13.0,20,1287.27,0.02,0.04,0.26,0.0,Nov,3,2,4,1,Returning_Visitor,False,False
0,0.0,0,3.12,22,1398.64,0.0,0.03,0.0,0.0,Mar,2,4,7,2,Returning_Visitor,False,False
1,9.43,1,62.5,166,9666.86,0.0,0.04,29.35,0.0,Nov,2,2,1,2,Returning_Visitor,False,True
0,0.0,0,0.0,13,27.5,0.04,0.1,0.04,0.0,May,2,2,1,1,Returning_Visitor,False,False
7,103.7,0,0.0,5,69.4,0.02,0.03,0.0,0.0,Jul,3,2,2,5,New_Visitor,False,False
0,49.4,4,321.4,49,6418.82,0.02,0.05,13.84,0.0,Jul,2,2,1,2,Returning_Visitor,True,False
0,0.0,0,0.0,18,680.92,0.01,0.04,0.0,0.0,Mar,1,1,1,2,Returning_Visitor,False,False
3,62.0,0,0.0,13,392.93,0.01,0.03,0.0,0.0,May,3,2,3,2,New_Visitor,False,False
2,94.6,1,108.8,49,1157.78,0.0,0.04,12.24,0.0,Oct,2,4,1,1,Returning_Visitor,False,False
5,104.64,0,0.0,35,1389.32,0.0,0.02,0.0,0.0,Sep,2,2,3,13,Returning_Visitor,False,False
3,102.93,0,0.0,13,1507.33,0.02,0.03,0.0,0.0,Mar,2,2,1,2,Returning_Visitor,False,False
3,113.1,0,0.7,17,237.61,0.0,0.03,46.92,0.01,Oct,1,1,2,2,Returning_Visitor,False,True
3,110.55,1,37.0,24,1067.8,0.0,0.01,32.79,0.0,May,1,1,4,3,Returning_Visitor,False,False
4,104.61,0,0.0,10,364.78,0.0,0.0,0.03,0.0,Nov,2,2,7,2,New_Visitor,False,False
0,1.67,0,0.19,5,0.0,0.13,0.2,0.0,0.2,May,1,2,3,4,Returning_Visitor,False,False
0,2.02,0,0.0,40,1178.5,0.03,0.04,0.16,0.0,Aug,2,2,4,1,Returning_Visitor,False,False
2,9.44,2,31.0,95,4817.92,0.01,0.03,50.09,0.0,Nov,1,1,3,2,Returning_Visitor,False,True
0,0.0,0,0.0,5,44.5,0.0,0.07,0.0,0.0,Mar,1,1,3,1,Returning_Visitor,False,False
3,217.0,2,78.86,5,236.17,0.0,0.03,0.02,0.0,Mar,2,2,3,3,New_Visitor,False,False
0,1.44,0,0.07,45,383.0,0.03,0.05,0.0,0.0,May,1,1,1,4,Returning_Visitor,True,False
4,126.08,2,43.33,34,777.72,0.04,0.04,48.66,0.0,Nov,3,2,1,10,Returning_Visitor,False,True
0,0.0,0,0.25,1,16.06,0.2,0.2,0.0,0.4,May,2,4,3,3,Returning_Visitor,False,False
0,0.0,0,0.0,4,145.99,0.0,0.07,0.0,0.0,Mar,2,2,3,1,Returning_Visitor,False,False
3,141.0,0,46.3,20,606.67,0.0,0.03,36.67,0.0,Aug,2,2,7,4,Returning_Visitor,False,False
1,13.5,1,28.0,88,1759.28,0.0,0.02,0.0,0.0,Dec,2,2,1,2,Returning_Visitor,False,False
11,382.35,2,21.6,32,1718.39,0.0,0.01,0.0,0.0,Nov,3,2,1,3,Returning_Visitor,True,False
3,99.15,0,0.09,15,336.14,0.0,0.01,0.0,0.0,Nov,2,4,9,3,Returning_Visitor,False,False
0,0.0,0,0.0,2,461.84,0.01,0.1,1.46,0.0,Nov,2,10,2,6,Returning_Visitor,False,False
3,70.5,0,0.0,28,1398.94,0.01,0.02,12.24,0.0,Nov,3,2,3,3,Returning_Visitor,False,False
3,283.02,1,20.77,21,1338.93,0.0,0.01,0.0,0.0,Dec,2,2,7,1,Returning_Visitor,False,False
0,0.0,0,0.0,12,268.5,0.06,0.1,0.0,0.8,May,2,2,1,6,Returning_Visitor,False,False
8,91.01,0,1.45,12,468.2,0.0,0.02,0.0,0.0,Oct,1,2,1,13,Returning_Visitor,True,False
6,174.75,2,81.0,46,773.26,0.01,0.02,31.74,0.01,Nov,2,2,1,2,Returning_Visitor,False,True
0,0.0,3,27.0,45,1218.03,0.02,0.05,0.0,0.0,Dec,2,2,7,1,Returning_Visitor,True,False
4,214.0,1,0.0,5,259.0,0.0,0.04,0.0,0.0,May,1,1,1,3,New_Visitor,True,False
3,80.43,0,0.0,61,5900.35,0.0,0.01,0.04,0.0,Mar,3,2,3,10,Returning_Visitor,False,False
0,0.0,0,0.75,29,488.41,0.01,0.02,0.3,0.0,Nov,3,8,1,11,New_Visitor,False,True
2,40.9,0,0.12,9,437.4,0.02,0.04,0.0,0.0,Jul,3,2,1,4,Returning_Visitor,True,False
7,76.15,0,0.0,67,1553.7,0.01,0.02,8.93,0.01,June,2,2,2,13,Returning_Visitor,False,False
3,103.71,2,136.0,54,2631.1,0.0,0.01,0.0,0.0,Mar,1,2,1,2,Returning_Visitor,False,False
0,9.0,1,79.9,23,1157.58,0.01,0.03,0.0,0.0,Nov,2,2,7,2,Returning_Visitor,False,False
3,60.4,0,0.35,7,202.79,0.0,0.03,0.12,0.0,Sep,2,2,3,3,Returning_Visitor,False,False
0,0.0,0,0.0,46,1500.14,0.0,0.02,0.0,0.0,Dec,2,2,1,2,Returning_Visitor,False,False
3,39.5,3,45.37,77,3909.62,0.0,0.05,9.85,0.0,May,2,4,3,2,Returning_Visitor,False,False
1,119.0,0,0.0,13,297.67,0.0,0.01,0.0,0.0,Mar,3,2,1,10,Returning_Visitor,False,False
8,455.19,10,961.45,40,2460.32,0.03,0.02,2.33,0.0,Nov,2,2,3,3,Returning_Visitor,True,True
4,54.6,1,22.13,44,1100.79,0.01,0.02,0.0,0.0,Oct,2,2,1,1,Returning_Visitor,False,False
0,1.56,0,0.0,18,894.58,0.0,0.01,0.0,0.0,Dec,3,2,4,6,Returning_Visitor,False,False
0,0.0,0,0.0,1,0.0,0.2,0.14,0.01,0.0,Mar,2,2,1,1,Returning_Visitor,False,False
1,38.0,2,20.0,57,1162.24,0.0,0.02,0.0,1.0,May,2,2,4,2,Returning_Visitor,True,False
0,0.0,0,0.0,8,316.13,0.0,0.04,0.0,0.0,May,2,2,4,10,Returning_Visitor,False,False
1,58.74,2,199.0,30,661.14,0.0,0.03,0.0,0.0,Mar,2,2,3,10,Returning_Visitor,False,True
9,104.01,3,81.36,76,2002.23,0.0,0.02,7.25,0.0,Nov,2,2,1,1,Returning_Visitor,False,False
0,0.0,0,0.0,11,116.5,0.04,0.08,0.0,0.0,Dec,2,2,1,1,Returning_Visitor,False,False
0,0.0,0,0.0,13,927.17,0.0,0.01,0.0,0.0,Mar,1,1,2,3,Returning_Visitor,False,False
3,98.0,0,0.0,44,2279.22,0.0,0.01,11.96,0.6,May,3,2,7,4,Returning_Visitor,False,False
7,87.92,1,0.0,46,1621.03,0.0,0.02,6.02,0.0,Dec,1,1,3,2,Returning_Visitor,False,False
4,104.49,2,2.1,43,1568.32,0.01,0.02,12.23,0.0,Oct,1,1,3,2,Returning_Visitor,False,False
12,317.63,2,256.5,42,1354.46,0.0,0.02,11.62,0.0,Dec,2,2,1,10,Returning_Visitor,True,True
1,0.0,0,0.0,27,889.0,0.02,0.07,0.64,0.61,May,4,1,7,3,Returning_Visitor,False,False
3,13.0,0,0.0,13,441.0,0.07,0.1,0.0,0.0,Nov,2,2,1,1,Returning_Visitor,False,False
5,150.75,1,14.0,13,414.48,0.0,0.01,0.49,0.0,Dec,2,2,5,2,New_Visitor,True,False
1,7.5,0,0.15,19,1454.99,0.04,0.05,0.0,0.61,May,2,2,1,3,Returning_Visitor,False,False
0,2.05,0,0.13,20,1066.17,0.0,0.01,0.02,0.8,May,2,2,4,2,Returning_Visitor,False,False
10,272.37,0,0.0,27,897.78,0.0,0.02,48.93,0.0,Dec,2,2,1,3,Returning_Visitor,False,False
1,7.59,1,41.2,46,1491.54,0.0,0.01,0.03,0.0,Nov,2,2,9,2,Returning_Visitor,False,False
6,91.2,1,69.6,29,1618.23,0.0,0.02,9.23,0.0,May,2,2,1,2,Returning_Visitor,False,False
3,22.0,2,69.5,46,1671.58,0.0,0.02,0.0,0.0,Nov,2,2,1,2,Returning_Visitor,False,False
3,1.41,0,0.72,51,2981.17,0.0,0.01,0.0,0.0,Feb,2,4,3,4,Returning_Visitor,False,False
2,52.0,0,0.0,28,1265.75,0.0,0.03,4.2,0.0,May,2,2,8,1,Returning_Visitor,False,False
2,104.1,0,0.0,46,929.91,0.0,0.03,0.0,0.0,Aug,1,1,3,3,Returning_Visitor,False,False
0,0.0,0,0.0,2,0.0,0.2,0.2,0.01,0.0,May,2,2,2,3,Returning_Visitor,False,False
0,0.0,0,0.0,9,1296.05,0.02,0.05,0.0,0.0,Nov,3,2,1,3,Returning_Visitor,False,False
0,0.0,0,2.22,6,375.0,0.0,0.04,1.28,0.0,Nov,1,1,3,10,Returning_Visitor,True,False
1,5.0,0,0.0,63,1405.33,0.0,0.01,12.24,0.0,Nov,2,2,1,1,Returning_Visitor,True,True
1,8.0,0,0.97,28,643.88,0.0,0.01,0.0,0.6,May,2,4,1,2,New_Visitor,False,False
6,103.26,0,0.0,46,1092.98,0.0,0.01,0.0,0.0,May,2,2,1,2,New_Visitor,True,False
5,72.5,0,0.0,31,649.31,0.0,0.0,16.75,0.0,Mar,2,2,2,2,Returning_Visitor,False,True
1,7.0,0,0.0,13,183.33,0.0,0.01,0.0,0.0,Mar,2,2,3,10,Returning_Visitor,False,False
0,0.0,0,0.11,12,1485.19,0.02,0.05,0.0,0.0,Mar,1,1,6,3,Returning_Visitor,False,False
2,17.0,2,1231.0,8,27.38,0.04,0.09,0.0,0.0,Nov,2,2,1,2,Returning_Visitor,False,False
3,119.0,1,86.0,25,413.72,0.0,0.01,15.4,0.0,May,1,1,3,4,Returning_Visitor,False,False
2,104.21,0,0.0,25,1720.0,0.0,0.01,60.29,0.0,Mar,2,5,3,1,Returning_Visitor,False,True
3,82.0,0,0.0,16,587.25,0.01,0.03,2.24,0.0,Dec,3,2,1,8,Returning_Visitor,True,False
24,876.23,5,625.5,34,1246.77,0.0,0.01,0.0,0.0,Dec,2,2,2,2,Returning_Visitor,False,False
0,2.41,0,0.0,9,195.25,0.02,0.08,0.0,0.0,Nov,1,1,3,10,Returning_Visitor,False,False
5,139.98,0,0.0,27,677.88,0.0,0.01,0.0,0.01,Dec,1,2,3,2,New_Visitor,False,False
8,130.55,4,214.1,37,385.75,0.0,0.01,0.0,0.0,Sep,2,2,6,4,New_Visitor,False,False
0,0.0,0,0.0,4,157.5,0.0,0.05,0.0,0.0,Nov,2,4,9,2,Returning_Visitor,False,False
0,3.55,0,0.06,7,383.5,0.0,0.02,0.0,0.0,Mar,3,2,6,3,Returning_Visitor,False,False
0,0.0,0,0.31,3,47.5,0.1,0.17,1.61,0.0,Nov,3,3,3,1,Returning_Visitor,False,False
0,0.0,0,0.0,3,136.5,0.0,0.05,0.1,0.0,Dec,1,1,4,3,Returning_Visitor,False,False
0,0.0,0,0.0,6,20.0,0.0,0.07,0.0,0.0,Dec,2,4,3,2,Returning_Visitor,False,False
19,739.19,1,7.22,114,4269.49,0.0,0.02,8.47,0.0,Nov,2,2,2,1,Returning_Visitor,False,False
0,0.0,0,0.0,25,952.68,0.0,0.02,12.33,0.0,Nov,2,2,3,2,Returning_Visitor,False,True
0,0.0,0,0.0,20,869.8,0.01,0.03,0.0,0.0,May,3,2,3,2,Returning_Visitor,True,False
0,0.0,0,0.0,1,0.0,0.13,0.2,0.0,0.0,Nov,3,2,1,1,Returning_Visitor,False,False
2,89.0,3,119.0,41,4270.14,0.0,0.03,0.0,0.0,Mar,2,2,4,1,Returning_Visitor,False,False
2,92.58,0,0.0,6,392.4,0.0,0.04,0.0,0.0,May,1,1,3,1,Returning_Visitor,True,False
0,1.72,0,0.0,13,507.33,0.0,0.02,0.0,0.0,May,2,4,1,3,Returning_Visitor,False,False
3,190.5,1,575.0,30,2375.08,0.0,0.01,49.41,0.0,Nov,2,2,3,2,Returning_Visitor,False,True
1,23.0,0,0.0,20,1487.97,0.0,0.01,1.87,0.0,Mar,2,2,3,13,Returning_Visitor,False,False
0,0.0,0,0.0,175,6594.56,0.0,0.02,3.98,0.0,May,2,2,1,1,Returning_Visitor,True,False
0,0.0,0,0.0,26,2107.26,0.01,0.03,0.13,0.02,Dec,2,5,6,2,Returning_Visitor,True,False
3,105.13,0,1.04,46,1502.07,0.0,0.03,20.92,0.0,May,2,2,1,1,Returning_Visitor,False,False
1,1.6,0,0.0,44,1509.01,0.03,0.04,0.02,0.0,May,2,2,6,3,Returning_Visitor,False,False
1,0.0,2,79.99,46,1463.1,0.0,0.01,0.0,0.0,Nov,4,2,1,2,Returning_Visitor,True,False
11,157.39,3,338.4,46,975.58,0.01,0.02,0.0,0.0,Nov,3,2,3,3,Returning_Visitor,False,False
0,0.0,0,0.13,2,0.0,0.2,0.14,0.0,0.0,May,2,2,6,13,Returning_Visitor,False,False
0,1.5,0,2.52,2,86.0,0.0,0.14,0.08,0.0,May,2,4,3,1,Returning_Visitor,False,False
9,175.33,0,0.0,88,2638.24,0.0,0.02,8.28,0.0,Nov,1,1,8,10,Returning_Visitor,True,False
6,104.63,0,0.0,23,1505.47,0.0,0.03,12.23,0.0,Dec,2,2,1,2,Returning_Visitor,False,False
1,38.93,0,0.14,13,1296.6,0.02,0.03,13.28,0.0,Mar,3,2,1,2,Returning_Visitor,False,True
2,6.9,1,20.0,96,1498.3,0.0,0.03,12.34,0.0,May,2,7,1,4,Returning_Visitor,False,True
0,0.0,0,0.0,21,475.26,0.0,0.02,0.1,0.0,Nov,1,1,1,3,Returning_Visitor,False,False
4,39.8,0,0.0,13,132.4,0.0,0.01,0.0,0.0,Aug,2,2,1,5,New_Visitor,False,True
3,310.0,1,73.0,16,416.4,0.0,0.01,0.0,0.0,Mar,1,1,1,2,Returning_Visitor,True,False
1,14.0,0,0.0,4,204.17,0.0,0.05,0.0,0.0,Mar,2,4,3,3,Returning_Visitor,False,False
5,230.25,2,135.0,46,1503.27,0.0,0.01,30.27,0.0,May,2,2,4,2,Returning_Visitor,True,True
5,93.68,1,0.0,38,1869.45,0.0,0.01,0.0,0.0,Dec,2,2,8,2,New_Visitor,False,True
13,103.51,1,10.0,64,817.02,0.0,0.01,3.0,0.0,May,2,2,3,2,Returning_Visitor,True,False
2,44.0,0,20.67,46,1636.02,0.0,0.03,0.0,0.0,Nov,2,2,1,2,Returning_Visitor,False,False
4,337.58,0,0.0,14,443.5,0.0,0.03,0.0,0.0,Oct,2,2,1,3,Returning_Visitor,False,False
0,0.0,0,0.0,46,3480.81,0.0,0.01,0.0,0.0,Nov,4,2,1,1,Returning_Visitor,True,True
3,33.2,0,3.06,10,278.43,0.0,0.03,32.7,0.0,Jul,2,2,6,1,Returning_Visitor,False,True
2,16.0,0,0.0,29,1412.5,0.01,0.05,0.0,0.0,May,2,2,8,13,Returning_Visitor,False,False
7,102.46,0,0.0,39,1505.91,0.02,0.02,7.5,0.0,Nov,3,2,1,1,Returning_Visitor,False,False
0,0.0,3,103.17,46,1586.33,0.02,0.03,0.0,0.0,Nov,2,2,1,2,Returning_Visitor,False,False
13,1230.33,7,22.15,68,3147.25,0.0,0.03,12.79,0.0,Dec,1,1,1,2,Returning_Visitor,False,True
3,48.0,1,58.5,35,1698.0,0.01,0.01,93.53,0.0,Nov,4,1,1,2,Returning_Visitor,True,True
1,14.5,0,2.35,25,1040.75,0.0,0.03,0.0,0.0,Mar,4,1,1,2,Returning_Visitor,True,False
0,1.69,0,0.0,17,414.22,0.0,0.01,2.38,0.0,Nov,2,2,6,2,New_Visitor,True,False
0,0.0,0,0.0,18,147.43,0.01,0.06,0.0,0.8,May,2,2,9,3,Returning_Visitor,False,False
0,0.0,0,0.08,3,145.38,0.13,0.1,0.07,0.0,May,3,2,1,15,Returning_Visitor,False,False
3,58.5,0,0.0,13,281.67,0.0,0.02,0.0,0.19,Feb,1,1,3,4,Returning_Visitor,False,False
2,100.45,0,0.0,13,295.9,0.0,0.08,0.0,0.01,May,3,2,9,4,Returning_Visitor,True,False
4,118.5,0,0.0,7,74.4,0.0,0.02,0.0,0.0,Oct,2,2,4,5,Returning_Visitor,False,False
0,16.0,0,0.0,43,821.28,0.02,0.02,0.0,0.0,Nov,1,1,6,3,Returning_Visitor,False,False
16,497.69,0,0.0,45,1765.94,0.01,0.03,7.22,0.0,Oct,2,2,1,2,Returning_Visitor,True,False
3,0.0,0,0.23,3,116.75,0.0,0.07,0.0,0.0,Nov,3,2,1,10,Returning_Visitor,False,False
3,272.5,2,52.25,55,1127.29,0.0,0.01,0.0,0.0,Mar,2,2,7,1,Returning_Visitor,False,False
0,0.0,0,0.0,13,721.42,0.01,0.01,0.0,0.0,Nov,2,5,3,8,New_Visitor,True,False
0,0.0,1,35.0,33,782.08,0.0,0.01,12.6,0.0,May,2,4,9,2,New_Visitor,True,True
0,0.0,0,0.09,24,64.5,0.0,0.05,0.0,0.0,Nov,3,2,8,2,Returning_Visitor,False,False
2,137.0,0,0.0,6,185.4,0.0,0.03,42.43,0.0,Oct,2,2,2,3,Returning_Visitor,False,True
1,100.54,0,0.0,24,1332.25,0.0,0.01,0.02,0.0,Dec,2,2,1,2,New_Visitor,False,False
3,86.08,0,0.0,13,396.5,0.0,0.01,0.0,0.0,Nov,3,2,3,2,New_Visitor,True,False
0,2.07,0,0.0,8,183.0,0.0,0.01,0.0,0.0,Dec,2,4,4,1,Returning_Visitor,True,False
11,221.1,4,629.51,44,1161.48,0.01,0.02,12.76,0.0,Oct,2,2,3,20,Returning_Visitor,False,True
10,1751.05,3,69.0,45,1552.55,0.01,0.07,8.77,0.0,Dec,2,2,2,3,Returning_Visitor,False,False
3,104.77,1,7.0,5,23.0,0.07,0.07,0.0,0.0,May,1,1,1,8,Returning_Visitor,True,False
6,101.62,0,12.23,55,7097.58,0.0,0.01,21.89,0.0,Nov,2,2,3,13,Returning_Visitor,False,True
2,386.0,1,25.0,31,1500.87,0.01,0.02,0.0,0.0,May,2,6,2,3,Returning_Visitor,True,False
13,493.75,0,0.0,22,1508.49,0.01,0.02,0.01,0.0,Nov,3,2,1,1,Returning_Visitor,True,True
3,23.0,1,10.17,85,1367.65,0.0,0.02,1.06,0.0,May,3,2,1,3,Returning_Visitor,True,False
3,29.2,0,12.74,10,190.01,0.0,0.03,0.0,0.0,May,1,1,4,2,Returning_Visitor,True,False
7,155.0,0,0.34,6,252.98,0.0,0.03,0.0,0.0,Oct,2,2,1,3,Returning_Visitor,False,False
2,161.2,0,7.47,7,669.14,0.04,0.06,21.09,0.0,Oct,2,2,2,1,Returning_Visitor,False,False
0,1.71,0,0.0,14,806.67,0.0,0.03,0.0,0.0,Mar,2,2,2,3,Returning_Visitor,False,False
3,192.5,0,0.0,46,1484.23,0.0,0.01,0.0,0.0,Mar,2,2,3,2,Returning_Visitor,False,False
0,0.0,0,0.0,94,9836.07,0.01,0.03,0.0,0.0,Nov,2,2,1,13,Returning_Visitor,False,False
0,0.0,0,0.15,1,6.39,0.2,0.2,0.01,0.0,May,2,2,1,1,Returning_Visitor,False,False
0,0.0,0,2.18,2,186.15,0.0,0.14,0.0,0.0,Mar,2,2,3,11,Returning_Visitor,False,False
6,102.65,1,79.05,46,1497.74,0.01,0.01,0.0,0.0,Nov,2,2,1,3,Returning_Visitor,False,False
0,0.0,0,0.0,1,2.39,0.13,0.2,0.0,0.0,Mar,3,2,1,1,Returning_Visitor,False,False
0,0.0,0,0.0,25,1102.13,0.01,0.03,0.0,0.6,May,2,2,5,6,Returning_Visitor,False,False
4,53.75,0,0.0,46,1479.1,0.02,0.02,0.0,0.0,Dec,3,2,1,2,Returning_Visitor,False,False
1,5.0,0,0.0,21,1342.5,0.01,0.06,0.0,0.0,May,2,2,2,2,Returning_Visitor,False,False
0,0.0,0,0.0,6,104.0,0.0,0.07,0.26,0.0,Nov,2,4,3,1,Returning_Visitor,False,False
3,86.0,0,0.0,47,819.24,0.01,0.01,0.08,0.0,May,2,10,2,5,New_Visitor,False,False
0,0.0,0,0.99,2,70.0,0.0,0.1,0.0,0.0,May,1,1,1,4,Returning_Visitor,True,False
4,91.0,3,79.56,69,3596.93,0.0,0.01,0.01,0.0,May,1,1,1,4,Returning_Visitor,False,False
3,35.4,0,0.0,38,937.81,0.01,0.04,0.0,0.0,Nov,3,2,1,1,Returning_Visitor,False,False
0,2.07,1,0.08,15,181.5,0.01,0.05,0.0,0.18,May,2,5,3,3,Returning_Visitor,False,False
0,0.0,0,0.0,13,238.17,0.0,0.01,0.03,0.0,Mar,2,2,6,2,Returning_Visitor,False,False
3,72.5,0,523.75,8,178.75,0.02,0.05,0.0,0.0,Nov,1,1,1,3,Returning_Visitor,False,False
0,0.0,0,0.0,12,582.5,0.0,0.01,0.0,0.0,May,2,4,1,2,New_Visitor,True,False
0,0.0,0,0.0,5,127.5,0.04,0.06,0.0,0.0,Nov,3,2,6,3,Returning_Visitor,False,False
0,0.0,0,0.11,11,800.83,0.0,0.06,0.0,0.0,Feb,1,2,1,3,Returning_Visitor,False,False
0,0.0,0,0.0,14,391.87,0.0,0.03,0.07,0.01,May,2,2,3,2,Returning_Visitor,True,False
0,1.95,0,0.0,3,181.5,0.0,0.04,0.0,0.0,Dec,1,1,1,2,Returning_Visitor,False,False
3,22.2,0,0.0,34,606.2,0.0,0.03,0.54,0.0,Oct,2,2,1,2,New_Visitor,True,False
1,28.2,0,0.0,2,0.0,0.07,0.13,0.0,0.0,June,1,2,2,3,Returning_Visitor,True,False
3,116.02,1,42.87,24,203.07,0.0,0.04,57.27,0.0,June,2,2,1,4,Returning_Visitor,False,True
0,1.61,0,0.0,14,419.72,0.0,0.02,31.86,0.0,May,2,2,1,1,Returning_Visitor,False,True
3,17.67,0,0.0,45,1999.83,0.02,0.02,0.0,0.0,May,2,10,7,4,Returning_Visitor,False,False
3,104.08,0,3.09,14,414.22,0.01,0.0,16.5,0.0,Aug,2,2,8,2,Returning_Visitor,False,True
8,359.0,1,16.0,19,497.67,0.01,0.02,0.0,0.0,May,2,4,7,1,Returning_Visitor,False,False
0,1.58,0,0.0,5,150.71,0.0,0.06,0.0,0.0,Mar,2,2,7,3,Returning_Visitor,True,False
0,0.0,0,0.0,22,762.55,0.0,0.02,0.0,0.0,Mar,2,2,1,3,Returning_Visitor,True,False
3,61.27,0,0.0,7,216.33,0.0,0.01,0.0,0.0,Sep,2,2,1,2,Returning_Visitor,False,False
0,0.0,0,0.0,13,194.0,0.0,0.02,0.0,0.0,Mar,2,2,2,1,Returning_Visitor,False,False
1,76.75,0,0.0,33,1504.26,0.0,0.02,0.02,0.0,Nov,2,2,1,10,Returning_Visitor,False,False
0,1.51,0,0.0,46,691.75,0.0,0.0,0.0,0.0,Dec,3,2,4,2,New_Visitor,False,False
0,7.35,0,0.0,32,584.33,0.0,0.03,12.59,0.0,Nov,2,2,3,8,Returning_Visitor,False,False
3,128.0,0,12.91,13,1445.97,0.01,0.04,0.0,0.0,Oct,2,2,7,4,Returning_Visitor,True,False
4,48.8,0,0.0,13,344.8,0.02,0.05,0.01,0.0,Oct,3,2,1,4,Returning_Visitor,True,False
5,98.92,0,8.28,10,177.58,0.01,0.02,0.35,0.0,Nov,4,2,7,2,Returning_Visitor,False,False
0,0.0,0,0.0,2,19.0,0.0,0.1,0.0,0.0,Mar,1,1,1,1,Returning_Visitor,False,False
4,10.5,1,308.0,14,3027.0,0.0,0.02,9.18,0.0,May,2,2,2,13,Returning_Visitor,True,False
0,0.0,0,0.95,4,166.9,0.0,0.0,0.07,0.0,Jul,3,2,4,4,Returning_Visitor,True,False
0,1.68,0,0.28,7,495.1,0.03,0.08,0.14,0.0,Sep,3,2,1,4,Returning_Visitor,False,True
3,103.05,1,79.76,97,1479.31,0.0,0.01,0.0,0.0,Nov,2,2,1,3,Returning_Visitor,False,False
2,77.0,0,0.55,6,112.0,0.0,0.03,0.0,0.0,Mar,1,1,2,2,Returning_Visitor,True,False
0,0.0,0,2.21,35,1498.5,0.0,0.01,0.0,0.0,Nov,2,2,6,2,New_Visitor,False,False
11,488.49,1,34.0,140,4817.37,0.0,0.01,11.97,0.0,Nov,2,2,9,3,Returning_Visitor,False,False
0,0.0,0,0.65,16,195.5,0.01,0.05,0.0,0.0,May,2,4,3,4,Returning_Visitor,False,False
1,17.0,0,0.29,22,475.89,0.02,0.04,0.0,0.0,Mar,2,5,2,1,Returning_Visitor,False,False
0,0.0,0,0.0,8,152.47,0.0,0.02,0.39,0.0,Nov,2,2,9,2,New_Visitor,False,False
7,667.25,0,0.0,4,154.96,0.0,0.01,0.23,0.0,Nov,3,2,6,2,New_Visitor,True,False
0,11.31,0,0.63,14,1246.45,0.0,0.03,0.0,0.0,Mar,4,1,9,3,Returning_Visitor,True,False
0,0.0,0,0.0,46,3543.81,0.0,0.02,0.0,0.0,May,2,7,5,1,Returning_Visitor,True,False
0,0.0,0,0.0,15,1652.0,0.04,0.07,0.0,0.0,May,2,5,1,1,Returning_Visitor,False,False
1,127.59,0,1.58,8,278.58,0.0,0.01,26.18,0.0,Jul,1,1,1,2,New_Visitor,False,False
0,0.0,0,0.0,8,726.6,0.0,0.03,9.58,0.0,Nov,1,1,2,3,New_Visitor,True,True
0,0.0,0,0.0,11,153.75,0.03,0.07,0.0,0.0,Nov,3,2,2,1,Returning_Visitor,False,False
4,0.0,0,0.0,26,1114.73,0.02,0.03,26.13,0.02,Nov,3,2,9,20,Returning_Visitor,True,False
2,73.75,0,0.0,20,546.67,0.0,0.0,0.0,0.0,Oct,2,2,1,2,Returning_Visitor,False,False
3,96.5,0,0.0,8,323.5,0.0,0.02,0.0,0.0,Dec,1,1,6,2,Returning_Visitor,False,False
3,117.85,0,3.34,13,492.9,0.05,0.03,2.65,0.0,Aug,4,1,1,1,Returning_Visitor,True,False
0,1.89,0,0.5,4,160.73,0.05,0.1,0.0,0.0,Nov,2,2,4,3,Returning_Visitor,False,False
3,343.07,0,0.0,63,1108.37,0.0,0.0,7.83,0.0,Aug,2,10,1,2,Returning_Visitor,False,True
0,0.0,0,0.72,14,159.99,0.04,0.08,0.01,0.6,May,2,2,7,11,Returning_Visitor,False,False
0,0.0,0,0.06,3,88.5,0.0,0.03,0.0,0.0,Nov,3,2,1,3,Returning_Visitor,True,False
0,0.0,0,0.0,14,151.05,0.0,0.01,0.05,0.0,June,1,1,1,2,Returning_Visitor,False,False
7,350.6,9,406.92,68,2435.74,0.0,0.02,2.09,0.0,Dec,1,1,1,2,Returning_Visitor,False,False
6,201.0,0,0.0,84,1501.37,0.01,0.02,61.88,0.0,Nov,2,2,4,2,Returning_Visitor,False,False
7,93.5,0,1.74,101,1496.29,0.0,0.0,61.58,0.0,Nov,2,2,1,1,Returning_Visitor,False,False
0,0.0,0,0.43,36,576.83,0.0,0.02,0.11,0.0,Dec,4,1,1,3,Returning_Visitor,False,False
3,92.6,0,0.0,13,626.6,0.0,0.02,0.0,0.0,Nov,2,2,1,2,Returning_Visitor,False,False
0,1.53,0,0.0,73,1209.76,0.0,0.01,0.0,0.0,May,2,4,3,1,Returning_Visitor,False,False
1,40.0,2,2.09,48,1501.88,0.0,0.01,12.44,0.0,Mar,3,2,1,2,Returning_Visitor,False,True
0,0.0,0,0.0,22,573.75,0.0,0.02,0.0,0.0,Nov,3,2,8,2,New_Visitor,False,False
0,1.44,0,0.0,7,98.33,0.03,0.03,0.0,0.0,May,1,1,1,3,Returning_Visitor,False,False
2,51.0,2,82.8,58,1475.27,0.01,0.02,12.36,0.0,May,2,4,2,4,Returning_Visitor,True,True
3,96.09,0,0.0,13,412.08,0.0,0.02,0.0,0.0,May,3,3,3,2,New_Visitor,False,False
5,183.79,1,81.36,95,3346.5,0.0,0.02,5.93,0.0,May,3,2,2,2,Returning_Visitor,False,True
2,105.74,0,0.54,8,191.15,0.0,0.02,0.0,0.0,Oct,1,1,6,2,New_Visitor,False,False
5,294.7,6,329.5,62,2816.78,0.0,0.01,2.35,0.0,Mar,2,2,4,2,Returning_Visitor,False,False
6,631.11,3,7.6,46,2104.57,0.01,0.03,35.52,0.01,May,2,2,3,6,Returning_Visitor,False,False
3,97.0,0,0.17,23,414.18,0.0,0.02,0.0,0.0,Dec,1,1,1,2,Returning_Visitor,False,False
2,104.69,0,0.0,79,1513.4,0.02,0.02,0.0,0.0,Nov,1,1,3,3,Returning_Visitor,True,False
0,1.62,0,0.0,15,535.25,0.0,0.02,0.0,0.0,Nov,3,2,1,2,Returning_Visitor,True,False
3,78.24,0,0.0,11,416.11,0.02,0.04,0.0,0.0,May,2,5,4,4,Returning_Visitor,False,False
1,159.2,0,0.0,21,526.5,0.0,0.01,0.15,0.0,Aug,3,2,1,1,Returning_Visitor,True,False
11,27.4,4,23.0,47,1534.82,0.02,0.04,5.19,0.0,Sep,1,1,1,1,Returning_Visitor,False,False
1,19.6,0,0.0,6,0.0,0.13,0.14,0.0,0.0,Dec,3,2,1,3,Returning_Visitor,False,False
0,2.07,0,0.2,10,172.5,0.01,0.02,0.0,0.0,May,2,2,3,6,Returning_Visitor,False,False
0,0.0,0,0.0,7,72.25,0.13,0.14,0.0,0.0,Dec,1,1,4,3,Returning_Visitor,True,False
1,67.4,0,0.35,18,150.12,0.0,0.04,0.0,0.0,Mar,2,2,3,2,Returning_Visitor,False,False
2,38.72,0,0.81,29,1504.75,0.0,0.01,4.7,0.0,Nov,3,2,1,1,Returning_Visitor,True,False
0,0.0,0,0.0,11,414.45,0.0,0.05,0.14,0.0,Dec,3,2,6,2,New_Visitor,True,False
0,0.0,2,7.0,48,598.87,0.0,0.03,0.0,0.0,Nov,2,2,1,10,Returning_Visitor,False,False
3,53.17,0,0.62,11,145.69,0.0,0.0,0.0,0.0,Mar,3,2,1,9,Returning_Visitor,False,False
6,468.26,0,2.61,13,879.8,0.0,0.01,0.0,0.0,Nov,2,2,4,2,New_Visitor,True,False
0,0.0,3,120.56,31,916.62,0.01,0.03,0.09,0.0,Mar,2,2,1,1,Returning_Visitor,False,False
1,4.75,0,0.0,13,161.17,0.02,0.06,0.0,0.6,May,2,5,9,5,Returning_Visitor,False,False
0,0.0,0,0.0,1,0.0,0.2,0.2,0.0,0.2,Feb,2,4,1,3,Returning_Visitor,False,False
5,242.12,3,176.0,10,225.83,0.0,0.02,0.09,0.0,Mar,2,2,2,2,Returning_Visitor,False,False
3,41.0,0,0.0,6,68.5,0.0,0.03,0.04,0.4,May,1,1,1,2,Returning_Visitor,False,False
5,65.0,0,0.0,48,1142.67,0.01,0.01,0.0,0.0,May,2,5,7,3,Returning_Visitor,False,False
0,0.0,0,1.0,1,1.0,0.0,0.1,0.0,0.0,Mar,2,2,2,1,Returning_Visitor,False,False
0,4.0,0,0.09,45,3000.25,0.0,0.03,0.0,0.01,May,2,2,3,1,Returning_Visitor,False,False
4,165.0,0,0.0,22,1501.4,0.0,0.02,0.0,0.0,May,2,2,1,1,Returning_Visitor,False,False
2,56.0,1,144.0,67,1499.41,0.0,0.01,19.34,0.0,Mar,2,2,1,2,Returning_Visitor,True,True
0,0.0,0,0.0,17,390.77,0.0,0.03,1.59,0.0,Nov,1,1,3,3,New_Visitor,True,False
0,28.4,2,38.25,51,2767.98,0.0,0.03,0.0,0.0,Dec,2,5,1,2,Returning_Visitor,False,False
8,246.53,0,0.0,46,2150.43,0.0,0.02,17.35,0.0,Nov,1,1,1,3,Returning_Visitor,False,False
3,112.33,0,0.0,46,2831.56,0.0,0.04,8.9,0.0,May,2,2,3,1,Returning_Visitor,False,False
3,89.0,1,0.0,29,1498.16,0.01,0.03,12.15,0.2,May,3,2,1,2,Returning_Visitor,False,False
0,0.0,0,0.0,2,146.14,0.0,0.1,0.1,0.0,Feb,3,2,3,3,Returning_Visitor,False,False
4,117.32,2,15.0,230,6978.61,0.02,0.04,0.0,0.0,Jul,2,2,6,2,Returning_Visitor,True,False
0,1.52,0,0.0,15,463.33,0.04,0.05,0.0,0.0,May,2,2,1,1,Returning_Visitor,False,False
2,30.2,0,0.46,29,630.33,0.0,0.04,0.0,0.0,Sep,2,2,1,1,Returning_Visitor,False,False
4,103.86,0,0.0,31,1975.46,0.0,0.01,0.0,0.0,Mar,2,2,3,2,New_Visitor,False,False
4,302.0,0,0.0,29,1588.4,0.0,0.02,0.48,0.0,Dec,2,2,1,6,Returning_Visitor,False,False
0,0.0,0,0.0,9,242.75,0.0,0.05,0.05,0.0,Nov,3,3,1,11,Returning_Visitor,True,False
0,10.04,0,0.0,7,460.75,0.02,0.03,0.0,0.0,Dec,3,2,3,2,Returning_Visitor,False,False
0,2.55,0,0.0,13,169.06,0.03,0.05,0.38,0.0,Nov,2,2,5,3,Returning_Visitor,True,False
5,104.1,0,3.48,16,423.5,0.01,0.1,0.0,0.0,Aug,3,2,1,3,Returning_Visitor,True,False
3,94.6,0,0.0,1,4346.37,0.0,0.05,0.0,0.0,Jul,2,2,1,2,New_Visitor,False,False
2,87.0,0,0.0,20,1502.02,0.01,0.01,0.02,0.0,May,1,1,2,3,Returning_Visitor,False,False
3,15.0,0,0.21,13,936.15,0.01,0.03,0.0,0.0,Mar,2,2,3,1,Returning_Visitor,False,False
3,104.92,0,0.52,9,199.13,0.0,0.01,0.0,0.0,Jul,1,1,1,2,New_Visitor,True,False
0,4.11,0,0.0,11,272.0,0.0,0.02,0.0,0.8,May,2,2,4,4,Returning_Visitor,True,False
0,0.0,0,1.03,4,393.6,0.03,0.05,36.26,0.0,Oct,2,2,3,2,Returning_Visitor,False,True
0,0.0,0,0.0,13,60.0,0.0,0.05,0.0,0.0,May,2,2,5,4,Returning_Visitor,False,False
0,2.12,0,0.0,1,23.93,0.13,0.2,0.0,0.0,May,3,2,2,19,Returning_Visitor,True,False
0,0.0,0,0.0,46,1933.42,0.0,0.02,0.0,0.0,Nov,2,2,1,2,Returning_Visitor,False,False
0,0.0,0,0.0,18,862.0,0.04,0.06,0.0,0.0,May,2,2,3,4,Returning_Visitor,False,False
1,0.0,0,0.41,28,1231.23,0.0,0.03,0.18,0.0,Feb,1,1,4,3,Returning_Visitor,False,False
0,0.0,0,0.0,11,1497.99,0.02,0.02,0.01,0.0,May,3,2,1,13,Returning_Visitor,False,False
0,0.0,0,0.19,4,0.0,0.2,0.14,0.0,0.0,Mar,2,2,3,1,Returning_Visitor,False,False
0,1.69,0,0.0,19,414.41,0.01,0.0,0.0,0.0,Mar,1,1,3,2,Returning_Visitor,False,False
0,0.0,0,0.0,42,922.3,0.02,0.03,0.11,0.0,Aug,3,2,8,2,Returning_Visitor,False,False
2,79.0,0,0.0,47,1366.06,0.01,0.03,12.34,0.0,Dec,2,2,1,2,New_Visitor,False,False
0,0.0,0,0.0,61,4501.43,0.01,0.04,0.0,0.2,May,4,5,3,2,Returning_Visitor,True,False
0,0.0,0,0.0,6,454.34,0.0,0.04,0.0,0.0,May,3,2,9,2,Returning_Visitor,False,False
1,14.2,1,26.2,3,25.2,0.0,0.04,0.0,0.0,Nov,6,2,9,2,Returning_Visitor,False,False
0,0.0,0,0.0,6,75.0,0.03,0.08,0.0,0.0,Dec,3,2,7,1,Returning_Visitor,False,False
0,0.0,0,0.0,4,124.0,0.0,0.03,0.0,0.0,May,3,2,1,4,Returning_Visitor,True,False
6,302.0,0,0.0,18,834.67,0.0,0.02,0.0,0.0,Mar,1,1,1,3,Returning_Visitor,True,False
1,20.2,0,0.0,46,3107.17,0.0,0.02,18.75,0.0,Dec,2,2,7,2,Returning_Visitor,False,True
0,0.0,0,0.0,1,0.0,0.2,0.14,0.11,0.0,Nov,3,2,1,3,Returning_Visitor,False,False
3,70.5,2,9.0,25,1362.62,0.01,0.02,6.88,0.0,May,2,2,9,3,Returning_Visitor,False,False
4,177.33,1,69.6,13,402.62,0.0,0.01,0.0,0.0,Nov,1,1,3,2,Returning_Visitor,False,False
0,0.0,0,0.0,4,146.09,0.0,0.04,0.0,0.0,May,2,2,8,4,Returning_Visitor,False,False
0,0.0,0,0.33,41,1501.65,0.03,0.05,0.01,0.4,May,2,2,1,13,Returning_Visitor,False,False
3,64.5,0,0.5,13,269.68,0.0,0.0,0.0,0.0,Nov,2,2,1,2,Returning_Visitor,False,False
5,93.4,0,5.51,38,1506.07,0.0,0.01,57.52,0.0,Oct,2,2,7,2,New_Visitor,True,True
19,704.87,2,269.5,47,9487.64,0.0,0.01,2.87,0.0,May,2,2,1,2,Returning_Visitor,False,False
3,158.33,1,9.0,46,634.2,0.0,0.01,0.0,0.0,Mar,3,2,3,1,Returning_Visitor,True,False
3,42.4,0,0.44,20,546.23,0.0,0.0,0.0,0.0,Aug,2,2,9,1,Returning_Visitor,True,False
1,64.91,0,0.0,18,1382.96,0.0,0.05,0.06,0.0,Aug,1,1,1,1,Returning_Visitor,False,False
0,0.0,0,0.0,2,144.82,0.0,0.14,0.13,0.0,Mar,2,2,1,2,Returning_Visitor,False,False
0,0.0,0,0.2,13,399.5,0.0,0.01,0.0,1.0,May,3,2,5,1,Returning_Visitor,False,False
3,127.2,1,33.0,46,2720.27,0.0,0.03,0.0,0.0,Sep,2,2,1,1,Returning_Visitor,True,False
0,1.69,0,0.05,20,855.0,0.0,0.04,0.0,0.0,May,2,2,1,1,Returning_Visitor,False,False
3,248.5,0,0.0,11,456.67,0.0,0.02,0.24,0.0,Mar,2,2,4,2,New_Visitor,False,False
0,0.0,0,0.0,3,80.0,0.07,0.13,0.0,0.2,May,3,2,1,3,Returning_Visitor,False,False
0,1.51,2,80.64,188,5728.67,0.0,0.02,0.0,0.0,Nov,2,2,1,2,Returning_Visitor,False,False
10,163.43,0,0.0,73,1077.51,0.0,0.01,0.0,0.0,Nov,3,2,5,4,Returning_Visitor,False,False
8,103.77,0,0.6,32,1206.83,0.01,0.01,12.26,0.0,Nov,2,2,1,3,Returning_Visitor,False,True
3,314.67,0,1.34,42,1504.33,0.0,0.03,0.0,0.0,Mar,1,1,1,1,Returning_Visitor,False,False
3,14.5,0,0.21,61,1423.97,0.0,0.02,8.0,0.8,May,2,2,7,4,Returning_Visitor,False,False
0,0.0,0,0.0,6,97.33,0.0,0.04,0.0,0.0,Mar,1,2,1,2,Returning_Visitor,True,False
3,104.0,0,0.0,46,1171.33,0.0,0.02,0.0,0.0,May,3,2,2,4,Returning_Visitor,True,False
4,61.0,0,0.0,117,1501.49,0.0,0.01,61.78,0.0,May,2,2,1,3,Returning_Visitor,False,False
0,0.0,0,0.0,12,74.5,0.13,0.08,0.01,0.6,May,1,1,1,3,Returning_Visitor,False,False
0,0.0,0,0.0,46,715.5,0.03,0.05,0.0,1.0,May,2,2,7,3,Returning_Visitor,True,False
0,5.85,1,13.5,38,531.04,0.0,0.03,0.0,0.0,Nov,2,2,1,4,Returning_Visitor,False,False
1,5.5,1,28.0,20,929.33,0.0,0.02,0.0,0.0,Dec,2,2,6,2,Returning_Visitor,False,False
0,2.11,1,68.5,25,927.0,0.01,0.03,0.0,0.0,Nov,2,2,3,2,Returning_Visitor,True,False
1,97.0,0,0.0,4,59.0,0.0,0.01,0.0,0.0,May,2,2,6,6,New_Visitor,False,False
3,40.8,1,12.0,5,479.46,0.03,0.05,0.0,0.0,Sep,3,2,7,4,Returning_Visitor,True,False
4,64.33,1,13.0,27,1433.92,0.0,0.02,14.68,0.0,Mar,1,1,1,8,New_Visitor,False,True
0,0.0,0,0.0,1,155.22,0.13,0.2,0.06,0.0,Mar,2,5,2,3,Returning_Visitor,False,False
3,49.5,0,0.0,22,1220.38,0.02,0.06,0.0,0.0,Dec,1,1,1,3,Returning_Visitor,True,False
11,215.24,2,108.65,101,3558.58,0.01,0.01,46.26,0.01,Sep,3,2,1,2,Returning_Visitor,False,True
0,0.0,0,0.0,50,694.52,0.01,0.02,0.0,0.0,Dec,2,4,1,1,Returning_Visitor,False,False
0,0.0,0,0.13,9,478.0,0.0,0.01,0.0,0.0,Mar,3,2,2,3,Returning_Visitor,True,False
0,0.0,0,0.13,44,1183.2,0.0,0.02,0.01,0.0,Dec,1,1,5,3,Returning_Visitor,False,False
3,57.29,3,82.59,27,393.3,0.0,0.01,6.21,0.0,Sep,3,2,1,2,Returning_Visitor,False,True
0,0.0,0,0.0,2,67.03,0.0,0.1,0.0,0.0,Nov,1,1,1,10,Returning_Visitor,False,False
3,0.0,1,60.5,46,1038.92,0.02,0.04,0.01,0.0,Mar,2,2,6,1,Returning_Visitor,False,True
0,0.0,0,0.0,15,216.0,0.03,0.03,0.0,1.0,May,2,2,6,1,Returning_Visitor,True,False
2,131.5,2,80.28,96,3541.32,0.0,0.02,0.0,0.0,Nov,3,2,1,2,Returning_Visitor,True,False
3,45.5,0,0.0,43,1738.25,0.01,0.03,0.02,0.0,May,2,5,7,3,Returning_Visitor,False,False
0,0.0,0,0.0,2,5.99,0.13,0.2,0.12,0.0,Nov,3,2,1,13,Returning_Visitor,False,False
5,135.5,0,4.46,86,2106.89,0.0,0.01,0.0,0.0,Nov,2,2,3,2,Returning_Visitor,False,False
7,187.83,0,0.0,36,1775.52,0.0,0.01,4.75,0.0,Dec,2,2,1,2,Returning_Visitor,False,True
3,52.4,0,0.0,13,447.2,0.01,0.01,42.3,0.0,Aug,1,1,1,20,Returning_Visitor,True,True
3,49.5,1,0.0,50,1570.36,0.01,0.03,1.82,0.0,Nov,3,2,1,10,Returning_Visitor,False,True
3,319.0,1,43.27,33,1507.19,0.0,0.04,13.01,0.6,May,2,4,7,2,Returning_Visitor,False,True
0,4.39,1,39.4,6,169.97,0.01,0.03,12.26,0.0,Jul,2,2,3,2,Returning_Visitor,True,False
9,8.15,4,124.2,94,796.64,0.0,0.01,0.35,0.0,June,2,2,5,2,New_Visitor,False,False
0,1.68,0,0.67,23,206.3,0.01,0.04,0.0,0.13,May,4,2,1,5,Returning_Visitor,False,False
3,104.8,0,0.37,28,1397.39,0.01,0.03,12.02,0.0,Jul,2,2,7,13,Returning_Visitor,False,True
3,22.2,0,0.77,11,836.2,0.0,0.04,0.0,0.0,Sep,2,2,8,2,Returning_Visitor,True,False
3,100.77,0,0.0,3,82.0,0.04,0.06,0.05,0.0,May,1,1,6,3,Returning_Visitor,False,False
0,0.0,0,2.2,79,4567.94,0.0,0.02,0.0,0.0,Dec,1,1,3,2,Returning_Visitor,False,False
2,104.77,1,29.2,12,150.88,0.0,0.02,0.0,0.01,Oct,1,1,3,2,New_Visitor,True,False
4,41.0,0,0.0,41,393.49,0.02,0.04,0.1,0.0,May,2,5,3,3,Returning_Visitor,True,False
5,13.83,2,99.7,4,417.4,0.0,0.01,0.0,0.0,Sep,2,1,6,2,New_Visitor,False,False
0,1.51,0,0.0,9,244.5,0.0,0.01,0.0,0.0,Mar,3,2,1,3,Returning_Visitor,False,False
1,10.0,2,34.0,22,367.38,0.0,0.01,1.31,0.0,May,1,1,4,6,Returning_Visitor,True,False
0,5.54,0,0.0,10,466.5,0.0,0.02,0.0,0.0,May,1,6,6,6,Returning_Visitor,False,False
0,0.0,0,0.0,15,431.2,0.0,0.01,0.04,0.0,Sep,2,5,9,5,New_Visitor,False,False
0,0.0,0,0.0,12,184.31,0.01,0.06,0.0,0.0,Dec,2,6,1,2,Returning_Visitor,False,False
0,0.0,0,0.0,51,1503.95,0.01,0.03,0.0,0.0,Nov,2,2,7,2,Returning_Visitor,False,False
3,33.5,0,0.36,8,556.0,0.0,0.02,0.0,0.0,Dec,2,2,1,2,New_Visitor,True,False
6,172.12,0,0.55,122,2767.37,0.0,0.0,61.9,0.07,Dec,4,1,1,2,Returning_Visitor,False,False
0,0.0,0,0.0,46,857.18,0.0,0.03,0.0,0.0,Nov,2,2,9,10,Returning_Visitor,False,False
3,104.1,0,0.25,46,1480.49,0.0,0.06,0.0,0.0,Dec,2,2,1,2,Returning_Visitor,False,False
0,16.2,0,0.0,3,220.18,0.0,0.01,49.55,0.0,Feb,2,2,5,5,New_Visitor,False,False
0,1.49,0,0.0,20,1006.67,0.0,0.01,0.0,0.01,Mar,1,1,1,2,Returning_Visitor,False,False
0,0.0,0,0.0,52,1439.52,0.0,0.04,0.0,0.0,Mar,2,6,1,1,Returning_Visitor,False,False
1,20.0,0,0.0,283,9354.48,0.0,0.02,0.0,0.0,Nov,2,2,1,3,Returning_Visitor,False,False
0,2.81,0,0.34,3,13.0,0.13,0.14,0.06,0.0,Feb,2,4,1,1,Returning_Visitor,False,False
1,30.25,2,0.0,46,1432.83,0.01,0.03,0.12,0.0,Dec,2,2,1,2,Returning_Visitor,False,False
1,9.0,0,0.0,45,734.58,0.02,0.04,0.0,0.0,Mar,2,10,1,1,Returning_Visitor,False,False
0,1.75,0,0.0,15,365.17,0.01,0.02,0.0,0.0,Nov,2,2,1,13,Returning_Visitor,False,False
0,0.0,0,0.68,1,59.47,0.0,0.1,0.36,0.0,Nov,3,2,3,3,Returning_Visitor,False,False
0,0.0,0,2.47,13,598.5,0.0,0.02,0.15,0.01,Nov,2,2,7,2,New_Visitor,False,False
0,1.72,0,0.0,6,162.5,0.0,0.03,0.0,0.0,May,2,2,1,1,Returning_Visitor,False,False
6,171.08,0,0.91,45,1497.41,0.0,0.01,52.11,0.0,Mar,2,2,1,2,Returning_Visitor,False,True
0,0.0,0,0.0,6,25.0,0.0,0.03,0.03,0.0,Mar,2,2,1,2,Returning_Visitor,False,False
9,60.52,2,26.67,67,1354.83,0.0,0.01,0.0,0.0,May,1,1,2,4,Returning_Visitor,False,False
0,0.0,0,0.0,15,296.0,0.0,0.05,0.01,0.0,Mar,2,5,6,3,Returning_Visitor,False,False
0,23.0,0,0.0,30,465.42,0.0,0.01,50.66,0.0,Mar,2,1,4,3,Returning_Visitor,False,False
0,0.0,0,0.13,24,612.21,0.02,0.03,0.0,0.0,Dec,3,2,3,10,Returning_Visitor,False,False
0,0.0,0,0.0,7,147.08,0.04,0.08,0.14,0.0,Dec,2,2,1,1,Returning_Visitor,False,False
1,15.8,3,97.8,32,1213.65,0.01,0.02,12.24,0.0,Aug,2,2,3,2,Returning_Visitor,False,True
0,0.0,0,2.79,49,1015.08,0.0,0.01,14.14,0.0,May,2,8,2,6,New_Visitor,True,True
6,39.85,3,42.08,65,1503.67,0.01,0.03,0.13,1.0,May,2,10,2,1,Returning_Visitor,True,False
3,62.29,1,15.0,19,512.07,0.01,0.03,0.0,0.0,May,2,2,1,4,Returning_Visitor,False,False
9,292.3,0,0.0,117,1953.54,0.0,0.01,2.77,0.01,Aug,1,1,1,4,Returning_Visitor,True,False
0,1.51,0,0.24,59,1560.6,0.0,0.01,0.1,0.0,Mar,1,1,1,2,Returning_Visitor,False,False
0,0.0,0,0.0,17,701.8,0.0,0.01,61.07,0.0,May,3,2,5,6,New_Visitor,False,True
0,2.62,0,0.0,10,22.5,0.1,0.11,0.0,0.6,May,2,5,1,4,Returning_Visitor,False,False
3,380.8,0,0.0,46,2653.2,0.02,0.04,0.0,0.0,Aug,2,2,2,1,Returning_Visitor,False,False
5,105.85,0,0.0,6,153.09,0.0,0.01,0.0,0.0,Dec,2,2,6,8,New_Visitor,True,False
0,1.65,0,0.0,8,833.75,0.01,0.04,0.0,0.0,Dec,2,5,1,3,Returning_Visitor,False,False
4,32.2,2,79.82,23,1487.76,0.0,0.02,11.28,0.0,Aug,2,2,5,4,Returning_Visitor,False,False
3,102.11,0,0.0,18,929.2,0.01,0.01,0.0,0.0,Jul,2,2,5,2,Returning_Visitor,True,False
1,9.0,5,86.0,26,1496.31,0.0,0.01,0.0,0.0,May,2,2,1,4,Returning_Visitor,False,False
1,1.92,0,0.0,33,122.67,0.0,0.01,0.0,0.0,Nov,2,1,1,8,New_Visitor,False,False
0,0.0,0,0.0,27,1065.45,0.0,0.01,0.0,0.0,Nov,2,2,1,2,New_Visitor,False,False
0,0.0,0,0.0,6,474.33,0.0,0.01,0.11,0.0,May,1,1,3,3,Returning_Visitor,False,False
1,98.0,0,0.0,39,2555.99,0.01,0.01,0.0,0.0,Dec,2,2,1,2,Returning_Visitor,False,False
3,99.75,0,2.09,46,835.58,0.0,0.01,47.45,0.0,Nov,2,2,1,10,Returning_Visitor,False,True
0,16.61,0,0.0,45,1438.72,0.0,0.03,0.58,0.8,May,4,2,3,4,Returning_Visitor,False,False
11,233.48,0,0.0,220,4251.21,0.0,0.01,14.67,0.0,Nov,2,2,1,2,Returning_Visitor,False,True
3,671.0,0,0.0,15,1106.0,0.0,0.03,0.0,0.0,Dec,2,2,3,3,Returning_Visitor,False,False
2,216.6,0,0.28,46,937.87,0.04,0.07,0.0,0.0,Oct,3,2,6,1,Returning_Visitor,True,False
3,104.71,0,1.26,50,10278.9,0.01,0.02,12.24,0.0,Oct,1,1,3,3,Returning_Visitor,False,False
0,3.95,0,0.0,5,1471.11,0.0,0.0,125.89,0.0,Nov,3,2,3,2,Returning_Visitor,True,True
0,0.0,0,0.0,3,0.0,0.2,0.2,0.23,0.0,Nov,2,2,1,1,Returning_Visitor,False,False
0,0.0,0,0.0,6,85.5,0.08,0.1,0.0,0.0,May,2,2,1,1,Returning_Visitor,False,False
0,1.62,0,0.0,17,1491.06,0.04,0.05,0.01,0.0,May,3,2,3,4,Returning_Visitor,False,False
0,12.29,0,0.2,16,316.0,0.03,0.04,0.22,0.0,Nov,1,2,9,2,Returning_Visitor,False,False
0,0.0,0,0.0,14,1037.5,0.01,0.05,0.01,0.0,Mar,2,2,4,2,Returning_Visitor,False,False
1,103.92,0,0.0,37,1476.45,0.0,0.01,0.0,0.0,Nov,2,4,3,2,New_Visitor,False,False
0,0.0,0,0.04,14,158.5,0.0,0.03,0.0,0.23,May,2,2,6,6,Returning_Visitor,True,False
1,62.13,0,0.29,79,5143.54,0.01,0.02,12.25,0.0,Oct,2,4,1,2,Returning_Visitor,False,True
9,211.0,1,79.48,22,501.07,0.0,0.04,0.38,0.0,Aug,1,2,1,1,Returning_Visitor,True,True
3,104.24,1,33.75,32,929.08,0.01,0.01,34.29,0.0,Mar,2,2,1,3,New_Visitor,False,True
0,1.46,0,0.0,1,0.0,0.2,0.2,0.0,0.0,Mar,2,2,3,3,Returning_Visitor,False,False
0,0.0,0,0.0,62,4391.67,0.0,0.03,0.0,0.0,June,2,2,2,1,Returning_Visitor,False,False
3,103.39,0,0.0,13,1846.64,0.01,0.04,0.0,0.0,May,3,2,8,6,Returning_Visitor,False,False
2,25.0,0,0.0,5,40.0,0.13,0.08,0.0,0.6,May,2,2,1,1,Returning_Visitor,False,False
0,0.0,0,0.0,21,591.9,0.03,0.06,0.0,0.0,Dec,3,2,1,1,Returning_Visitor,True,False
4,131.33,1,4.0,95,1500.4,0.0,0.01,12.28,0.0,May,2,2,4,4,Returning_Visitor,True,False
0,0.0,0,0.0,7,65.0,0.11,0.15,0.0,0.0,May,3,2,1,1,Returning_Visitor,False,False
2,12.1,0,0.0,4,38.3,0.01,0.07,0.0,0.0,Nov,3,2,1,5,Returning_Visitor,False,False
0,2.7,0,0.0,25,846.33,0.02,0.04,10.44,0.0,May,2,2,5,1,Returning_Visitor,False,True
0,1.77,0,0.09,46,4310.77,0.0,0.01,0.0,0.0,Dec,2,2,1,2,Returning_Visitor,False,False
11,85.94,2,72.5,80,1552.5,0.0,0.01,28.25,0.0,May,2,2,3,4,Returning_Visitor,True,False
2,104.11,0,0.0,15,614.64,0.0,0.03,0.0,0.0,Nov,1,1,3,2,Returning_Visitor,False,False
14,14.14,1,291.2,47,4100.26,0.01,0.03,6.43,0.0,Aug,1,1,3,2,Returning_Visitor,False,False
0,1.74,0,0.0,35,586.38,0.02,0.05,0.0,0.0,Nov,2,4,1,3,Returning_Visitor,False,False
0,0.0,0,0.3,5,50.5,0.0,0.05,0.01,0.0,Mar,2,2,1,1,Returning_Visitor,True,False
1,57.0,3,59.5,15,553.17,0.0,0.02,0.0,0.0,May,2,2,1,1,Returning_Visitor,True,False
0,0.0,1,0.0,46,489.25,0.0,0.03,0.0,0.01,Dec,2,5,1,2,Returning_Visitor,False,False
3,125.73,0,0.0,7,81.67,0.03,0.02,0.08,0.0,Sep,3,2,1,1,Returning_Visitor,False,False
3,106.0,0,0.0,19,1503.1,0.0,0.01,0.0,0.0,May,3,2,3,6,Returning_Visitor,False,False
0,0.0,0,0.0,1,0.0,0.2,0.2,0.0,0.0,May,1,8,1,3,Returning_Visitor,False,False
10,293.78,2,153.0,47,3283.17,0.0,0.01,12.24,0.0,Mar,1,2,6,1,Returning_Visitor,True,False
0,0.0,0,0.0,6,70.83,0.0,0.02,0.0,0.0,Mar,2,2,8,2,Returning_Visitor,False,False
0,0.0,0,0.0,13,138.54,0.03,0.03,0.0,0.0,Dec,1,1,8,1,Returning_Visitor,True,False
0,0.0,0,0.6,13,217.59,0.06,0.09,0.39,0.0,Aug,3,2,3,1,Returning_Visitor,False,True
0,0.0,0,0.0,20,236.75,0.03,0.05,0.0,0.8,May,3,2,1,3,Returning_Visitor,False,False
0,0.0,1,0.0,13,101.0,0.13,0.17,0.04,0.13,May,3,2,1,13,Returning_Visitor,False,False
6,98.83,0,0.0,34,1500.59,0.0,0.03,0.0,0.0,May,2,5,1,1,Returning_Visitor,False,False
0,0.0,0,0.0,10,1038.33,0.0,0.01,0.0,0.6,May,2,2,4,1,Returning_Visitor,False,False
0,0.0,0,0.0,46,819.59,0.0,0.03,0.0,0.0,Nov,3,2,1,3,Returning_Visitor,False,False
0,0.0,1,2.12,2,835.28,0.0,0.07,0.0,0.01,May,1,2,8,1,Returning_Visitor,False,False
3,62.0,0,0.0,14,484.89,0.0,0.02,0.0,0.0,May,2,2,8,3,New_Visitor,False,False
0,0.0,0,0.0,6,226.8,0.04,0.06,12.84,0.0,Nov,3,2,1,2,Returning_Visitor,False,True
0,0.0,0,0.13,14,124.75,0.0,0.03,0.0,0.0,Dec,2,1,4,2,Returning_Visitor,False,False
3,27.0,0,1.55,4,467.0,0.0,0.03,0.0,0.0,May,1,1,1,4,New_Visitor,True,False
0,0.0,0,0.0,44,1144.97,0.01,0.01,77.04,0.0,Dec,2,2,7,2,New_Visitor,False,True
0,0.0,1,36.5,13,318.25,0.01,0.02,10.29,0.0,Nov,2,2,1,1,Returning_Visitor,True,True
0,0.0,0,0.0,13,303.5,0.02,0.02,0.0,0.0,Dec,1,1,7,2,Returning_Visitor,True,False
1,11.0,1,0.0,12,91.75,0.0,0.04,0.06,0.0,Nov,1,1,1,3,Returning_Visitor,False,False
10,375.5,0,12.5,36,853.85,0.01,0.01,5.65,0.0,Oct,3,2,3,2,Returning_Visitor,True,False
4,105.59,0,0.0,2,44.5,0.0,0.02,1.2,0.0,Dec,1,1,2,2,New_Visitor,False,False
3,319.4,1,251.8,53,2525.31,0.0,0.01,6.83,0.01,Jul,2,2,3,1,Returning_Visitor,False,True
0,0.0,0,0.0,46,1251.93,0.0,0.01,0.0,0.0,Nov,1,1,1,1,Returning_Visitor,False,False
3,134.0,0,0.0,5,78.5,0.0,0.02,0.0,0.0,Sep,2,2,7,2,Returning_Visitor,True,False
0,0.0,0,0.0,2,0.0,0.2,0.2,0.06,0.0,Aug,1,1,1,1,Returning_Visitor,False,False
0,0.0,0,0.0,2,167.67,0.13,0.2,0.0,0.0,Mar,1,1,8,1,Returning_Visitor,False,False
9,16.82,0,0.0,44,1527.17,0.02,0.03,0.0,0.0,May,2,2,8,6,Returning_Visitor,True,False
3,108.08,0,0.0,93,4895.02,0.0,0.02,0.22,0.0,May,2,2,1,13,Returning_Visitor,False,False
3,259.18,0,5.81,48,1511.46,0.0,0.02,0.0,0.0,Oct,2,2,3,2,Returning_Visitor,False,False
3,16.0,3,86.0,15,2773.5,0.0,0.03,78.81,0.0,Dec,1,1,8,2,Returning_Visitor,False,True
9,118.0,2,10.0,26,401.95,0.0,0.01,0.0,0.0,May,1,2,1,3,Returning_Visitor,False,False
0,2.56,0,0.43,46,1262.65,0.0,0.01,0.0,0.0,Nov,3,2,2,10,Returning_Visitor,False,True
0,0.0,0,0.0,3,0.0,0.2,0.14,0.02,0.0,Dec,3,2,1,13,Returning_Visitor,False,False
13,104.56,3,80.14,46,1513.05,0.0,0.02,12.29,0.0,Aug,2,2,4,2,Returning_Visitor,True,False
0,0.0,0,0.0,18,1456.92,0.0,0.03,0.0,0.0,Dec,3,3,3,2,Returning_Visitor,False,False
1,54.4,0,1.21,6,270.9,0.0,0.01,0.0,0.0,May,1,1,7,3,New_Visitor,False,False
11,82.23,0,3.25,440,9951.87,0.0,0.02,1.56,0.0,Nov,3,2,1,20,Returning_Visitor,True,False
0,0.0,0,0.0,10,482.5,0.0,0.03,0.0,0.6,May,3,2,9,13,Returning_Visitor,True,False
0,0.0,0,0.0,46,1503.04,0.0,0.01,0.0,0.0,Mar,2,4,1,3,Returning_Visitor,True,False
0,0.0,0,0.0,3,0.0,0.13,0.2,0.18,0.0,Nov,2,2,5,1,Returning_Visitor,False,False
3,145.0,0,0.0,13,644.0,0.0,0.01,0.0,0.0,Mar,2,2,1,2,New_Visitor,False,False
0,0.0,0,0.0,35,340.2,0.07,0.08,0.0,0.0,May,1,1,3,2,Returning_Visitor,True,False
0,0.0,0,0.0,2,144.89,0.0,0.1,0.03,0.0,Mar,2,2,1,1,Returning_Visitor,False,False
0,0.0,1,0.0,21,228.0,0.0,0.03,0.0,0.0,Dec,1,1,6,3,Returning_Visitor,False,False
11,102.87,5,339.5,29,693.25,0.0,0.01,61.18,0.0,Dec,2,2,1,2,Returning_Visitor,False,True
0,0.0,0,0.0,11,242.3,0.04,0.03,1.41,0.0,Nov,2,10,3,2,Returning_Visitor,False,False
0,0.0,0,0.0,10,455.0,0.01,0.02,25.75,0.0,Dec,1,1,2,2,New_Visitor,False,True
0,0.0,0,0.14,4,104.0,0.0,0.05,0.02,0.0,May,2,10,2,2,Returning_Visitor,False,False
3,168.0,0,0.0,31,1502.11,0.01,0.02,0.0,0.0,May,2,2,6,13,Returning_Visitor,False,False
0,2.04,0,0.0,12,61.5,0.07,0.1,0.0,0.0,Dec,3,2,1,8,New_Visitor,False,False
3,148.67,0,1.01,23,1517.58,0.05,0.05,25.62,0.8,May,3,2,1,2,Returning_Visitor,False,False
2,112.37,0,0.34,1,27.2,0.0,0.04,0.0,0.01,Oct,1,2,3,5,New_Visitor,False,True
5,228.2,1,0.0,22,186.4,0.01,0.03,11.92,0.0,Nov,2,2,1,20,Returning_Visitor,False,False
0,0.0,0,0.0,2,130.0,0.0,0.05,0.0,0.0,May,4,1,1,3,Returning_Visitor,False,False
7,179.27,0,0.0,101,5276.59,0.0,0.01,17.54,0.0,Nov,2,2,6,2,Returning_Visitor,False,False
2,162.0,0,0.0,7,148.3,0.0,0.02,0.0,0.0,May,1,1,8,2,New_Visitor,False,False
5,265.04,1,0.0,38,1712.78,0.01,0.04,0.0,0.0,Aug,2,2,8,1,Returning_Visitor,False,False
1,88.95,0,0.0,41,2377.0,0.0,0.01,0.0,0.0,Mar,2,2,9,10,Returning_Visitor,False,False
0,0.0,0,0.0,3,0.0,0.2,0.2,0.0,0.0,Nov,2,2,1,13,Returning_Visitor,False,False
0,0.0,0,0.0,3,14.0,0.0,0.1,0.0,0.0,May,2,2,1,1,Returning_Visitor,False,False
0,3.72,0,0.0,14,419.38,0.02,0.06,0.0,0.0,Nov,2,2,8,1,Returning_Visitor,False,False
3,0.0,0,0.0,44,3357.34,0.02,0.03,0.0,1.0,May,3,2,6,2,Returning_Visitor,True,False
16,104.7,0,71.18,32,1504.93,0.0,0.02,4.37,0.0,Mar,2,2,3,2,Returning_Visitor,False,True
4,104.22,0,0.3,20,1504.79,0.0,0.01,12.63,0.0,Nov,2,2,1,2,Returning_Visitor,False,True
1,38.0,0,0.0,29,986.83,0.01,0.04,0.0,0.0,May,2,2,3,4,Returning_Visitor,False,False
0,0.0,0,0.14,0,12.95,0.2,0.2,0.0,0.0,Nov,1,1,9,2,Returning_Visitor,False,False
0,0.0,2,6.0,50,3831.1,0.0,0.02,0.0,0.0,Nov,2,2,1,10,Returning_Visitor,False,False
1,14.0,1,19.0,49,1527.58,0.01,0.03,8.93,0.0,May,2,2,9,3,Returning_Visitor,False,True
4,52.5,0,0.15,12,234.4,0.0,0.01,0.0,0.0,Oct,2,2,1,2,New_Visitor,False,False
1,75.17,0,0.0,20,1173.42,0.0,0.01,19.04,0.0,Nov,3,2,8,11,Returning_Visitor,False,True
3,2.67,2,15.0,50,1766.86,0.02,0.01,12.3,0.8,May,3,2,4,3,Returning_Visitor,False,False
2,67.5,2,100.2,17,1468.76,0.0,0.06,0.0,0.0,Nov,2,2,2,2,Returning_Visitor,False,False
3,104.76,0,0.0,46,1445.46,0.0,0.01,12.31,0.0,Nov,2,2,1,3,Returning_Visitor,False,True
3,5.02,0,0.34,40,2338.95,0.02,0.03,9.47,0.0,Nov,1,1,1,3,Returning_Visitor,False,True
0,0.0,0,0.0,7,649.5,0.03,0.06,0.0,0.0,Dec,2,2,4,2,New_Visitor,False,True
4,19.5,0,0.0,47,483.3,0.02,0.03,0.01,1.0,May,2,2,1,6,Returning_Visitor,True,False
0,0.0,0,0.0,13,88.0,0.12,0.13,0.0,0.6,May,3,2,1,4,Returning_Visitor,False,False
0,0.0,0,0.0,14,150.28,0.02,0.06,0.0,0.0,Dec,1,1,1,2,Returning_Visitor,False,False
5,243.0,0,0.0,19,500.79,0.0,0.02,0.07,0.0,May,1,1,3,4,Returning_Visitor,True,False
5,105.1,0,0.82,13,146.75,0.0,0.02,0.0,0.0,Nov,1,1,1,2,Returning_Visitor,False,False
0,0.0,0,0.0,20,558.92,0.0,0.02,0.0,0.0,Nov,1,1,3,3,Returning_Visitor,False,False
4,86.32,0,0.0,16,315.17,0.0,0.02,12.53,0.0,Mar,1,1,3,3,Returning_Visitor,False,True
0,0.0,0,0.0,46,1138.79,0.0,0.01,0.0,0.0,Mar,2,4,3,2,Returning_Visitor,False,False
0,1.77,0,0.18,7,50.5,0.13,0.1,0.0,0.0,May,3,2,1,3,Returning_Visitor,True,False
1,90.02,0,0.0,21,1504.73,0.0,0.02,6.28,0.0,Mar,2,2,1,2,Returning_Visitor,False,True
0,0.0,0,0.0,56,2633.87,0.0,0.02,0.0,0.0,Mar,2,5,1,1,Returning_Visitor,False,False
2,202.83,0,0.08,11,613.9,0.0,0.03,3.73,0.0,Dec,2,2,1,2,Returning_Visitor,False,False
0,1.58,0,0.0,2,64.0,0.0,0.1,0.07,0.0,Feb,2,2,1,3,Returning_Visitor,False,False
2,56.4,0,0.0,45,3166.33,0.0,0.0,12.23,0.0,Aug,2,2,2,1,Returning_Visitor,True,False
1,56.0,0,0.12,45,831.39,0.03,0.06,0.0,0.0,May,3,2,4,3,Returning_Visitor,False,False
6,315.17,2,85.0,13,750.91,0.0,0.05,0.0,0.0,Dec,3,2,2,2,New_Visitor,False,True
0,0.0,0,0.0,62,3564.59,0.02,0.05,0.12,0.0,Aug,2,2,4,1,Returning_Visitor,False,False
0,2.65,0,0.17,38,1593.58,0.0,0.01,0.0,0.0,Nov,2,2,2,1,Returning_Visitor,False,False
4,71.33,0,0.0,47,295.33,0.02,0.06,0.0,0.0,May,2,10,3,2,Returning_Visitor,True,True
4,101.16,0,0.0,7,1413.33,0.04,0.03,0.12,0.0,Mar,3,2,7,3,Returning_Visitor,False,False
0,1.75,0,0.19,1,0.0,0.11,0.1,0.09,0.0,Nov,2,2,9,13,Returning_Visitor,False,False
0,0.0,0,0.0,2,5.0,0.0,0.1,0.14,0.0,Mar,2,2,1,1,Returning_Visitor,True,False
0,0.0,1,26.0,15,817.42,0.03,0.04,0.05,0.0,Mar,2,2,1,1,Returning_Visitor,False,False
0,1.54,0,0.27,24,381.36,0.01,0.02,0.0,0.0,May,2,2,1,2,Returning_Visitor,False,False
0,0.0,0,0.0,29,738.89,0.0,0.0,0.03,0.0,Dec,3,2,6,2,Returning_Visitor,True,False
0,0.0,0,0.08,24,1476.02,0.01,0.02,0.0,0.0,Sep,2,2,8,2,Returning_Visitor,False,False
0,0.0,0,0.0,19,1504.89,0.01,0.03,0.0,0.8,May,2,4,1,3,Returning_Visitor,False,False
3,16.67,0,0.3,68,2593.74,0.0,0.01,0.0,0.0,Mar,2,2,4,2,Returning_Visitor,False,False
0,1.72,0,0.0,1,11.6,0.2,0.2,0.0,0.0,Dec,3,2,7,1,Returning_Visitor,False,False
1,7.0,0,0.45,20,326.8,0.02,0.05,0.0,0.0,Nov,2,2,3,3,Returning_Visitor,False,False
3,227.6,0,0.0,27,1301.3,0.0,0.02,5.9,0.0,Aug,2,2,1,3,Returning_Visitor,False,False
0,0.0,0,0.0,6,13.0,0.13,0.14,0.02,0.0,Mar,2,2,1,3,Returning_Visitor,False,False
2,222.5,0,0.0,23,1183.9,0.04,0.05,0.0,0.0,Dec,2,2,6,2,Returning_Visitor,False,False
3,94.6,0,0.0,13,1254.0,0.0,0.02,0.0,0.0,Nov,3,2,7,2,New_Visitor,False,False
0,0.0,0,0.0,3,333.0,0.0,0.05,0.01,0.0,Mar,2,2,2,1,Returning_Visitor,True,False
0,0.0,0,0.0,4,145.51,0.0,0.05,0.0,0.0,Mar,2,2,1,1,Returning_Visitor,False,False
1,0.0,0,0.0,3,0.0,0.2,0.14,0.1,0.0,June,1,6,3,4,Returning_Visitor,True,False
0,0.0,1,29.5,46,1460.44,0.0,0.0,0.0,0.0,Nov,3,2,8,1,Returning_Visitor,True,False
11,631.42,5,740.13,225,21672.24,0.0,0.01,12.31,0.0,Nov,2,2,1,2,Returning_Visitor,False,True
7,103.84,0,0.0,96,4803.83,0.01,0.03,6.84,0.0,Nov,3,2,3,2,Returning_Visitor,False,False
3,67.6,0,0.0,8,184.18,0.0,0.02,5.08,0.01,Oct,1,1,3,5,New_Visitor,False,False
7,147.79,2,80.52,49,1507.09,0.01,0.02,11.28,0.0,May,3,2,1,3,Returning_Visitor,True,False
4,47.0,0,0.0,29,435.56,0.0,0.02,0.0,0.0,May,2,4,2,2,Returning_Visitor,False,False
0,1.67,0,0.0,15,149.91,0.0,0.04,0.03,0.0,May,2,4,1,1,Returning_Visitor,False,False
8,104.1,0,10.21,46,6659.4,0.02,0.03,8.3,0.0,Aug,2,2,2,1,Returning_Visitor,True,False
11,186.67,0,1.43,73,1606.31,0.01,0.01,0.0,0.0,Nov,3,2,8,2,Returning_Visitor,True,False
3,98.94,0,4.68,41,1267.67,0.0,0.01,0.0,0.0,Mar,2,2,2,2,New_Visitor,False,False
0,0.0,0,0.0,3,161.0,0.0,0.07,0.0,0.0,Mar,2,2,1,1,Returning_Visitor,False,False
2,20.0,0,0.0,24,242.0,0.02,0.05,0.0,0.0,May,2,2,4,11,Returning_Visitor,False,False
0,1.76,0,0.0,3,112.0,0.07,0.14,0.0,0.0,Mar,2,2,7,10,Returning_Visitor,False,False
0,0.0,1,53.83,40,31.17,0.0,0.04,0.0,0.0,Nov,2,2,3,2,Returning_Visitor,False,False
0,2.41,0,0.0,10,414.22,0.0,0.04,0.0,0.0,May,1,1,3,2,Returning_Visitor,False,False
3,12.53,7,475.2,46,393.41,0.03,0.03,2.21,0.0,Jul,2,2,1,4,Returning_Visitor,False,True
1,18.0,0,0.0,13,272.33,0.0,0.04,0.01,0.6,May,2,2,3,3,Returning_Visitor,False,False
0,0.0,0,0.0,3,35.0,0.07,0.14,0.0,0.6,May,1,1,1,3,Returning_Visitor,False,False
1,36.0,0,0.46,34,2240.17,0.01,0.03,0.06,0.6,May,1,1,1,4,Returning_Visitor,False,False
5,523.92,2,21.0,25,439.52,0.0,0.02,0.03,0.0,Mar,2,2,7,2,Returning_Visitor,False,False
6,281.33,3,108.0,14,562.67,0.0,0.01,0.31,0.6,Dec,1,1,1,2,New_Visitor,False,False
4,120.9,0,0.0,46,534.0,0.0,0.03,0.0,0.0,Aug,2,2,7,3,Returning_Visitor,False,False
7,104.37,4,195.0,124,3197.29,0.0,0.02,7.06,0.0,Dec,3,2,4,2,Returning_Visitor,False,False
14,95.31,2,85.49,33,1062.39,0.0,0.03,0.0,0.0,Sep,2,8,1,2,Returning_Visitor,False,False
0,0.0,0,0.0,1,20.05,0.2,0.2,0.0,0.0,May,1,1,3,15,Returning_Visitor,False,False
6,61.0,0,0.0,21,585.39,0.0,0.01,0.0,0.0,Dec,2,2,4,1,New_Visitor,False,True
0,1.56,0,5.0,5,122.4,0.03,0.04,0.0,0.0,Dec,3,2,2,4,Returning_Visitor,False,False
0,0.0,0,0.0,3,9.64,0.07,0.14,0.0,0.0,Mar,2,4,1,3,Returning_Visitor,False,False
3,202.4,1,0.0,14,2006.05,0.01,0.03,8.05,0.53,May,2,5,4,2,Returning_Visitor,False,False
11,169.88,1,160.4,25,1417.36,0.02,0.03,0.0,0.0,Aug,3,2,1,1,Returning_Visitor,True,False
3,179.5,0,0.0,36,1501.17,0.0,0.0,0.0,0.0,Mar,2,2,3,10,Returning_Visitor,False,False
0,1.67,0,0.0,46,2516.83,0.03,0.05,0.39,0.4,May,2,2,3,13,Returning_Visitor,False,False
0,0.0,0,0.0,27,1206.0,0.02,0.03,0.02,0.0,Mar,2,2,1,1,Returning_Visitor,False,False
0,0.0,0,0.0,8,863.33,0.0,0.01,0.0,0.0,Mar,2,2,4,3,Returning_Visitor,True,False
3,238.4,0,0.25,8,132.23,0.0,0.01,0.0,0.0,Mar,3,2,1,18,Returning_Visitor,False,False
1,49.5,0,0.0,14,207.54,0.0,0.02,0.0,0.0,Dec,2,4,1,2,New_Visitor,False,False
0,0.0,0,0.0,35,1500.51,0.01,0.02,5.22,0.0,Mar,3,2,2,3,Returning_Visitor,False,True
0,3.74,1,0.0,4,95.0,0.0,0.05,0.03,0.0,Dec,8,13,9,20,Other,False,False
0,0.0,0,0.0,8,150.94,0.0,0.03,0.0,0.0,Dec,2,5,3,2,Returning_Visitor,False,False
2,25.0,0,0.29,35,289.17,0.0,0.02,0.0,0.0,Dec,2,2,1,2,Returning_Visitor,False,False
0,58.69,0,0.0,12,1287.0,0.0,0.02,0.0,0.4,May,4,2,1,13,Returning_Visitor,False,False
0,0.0,0,0.0,3,55.0,0.0,0.07,0.0,0.0,Mar,2,2,1,10,Returning_Visitor,False,False
3,103.83,0,0.0,46,1711.33,0.0,0.01,0.0,0.0,May,2,2,3,1,Returning_Visitor,False,False
7,201.5,0,0.0,17,750.17,0.0,0.03,0.01,0.0,Mar,3,2,4,2,Returning_Visitor,False,False
3,97.5,0,0.0,24,419.55,0.0,0.03,0.0,0.0,Mar,3,2,2,1,Returning_Visitor,True,False
3,4.0,0,0.0,22,2706.38,0.0,0.04,0.0,0.0,Nov,4,2,1,2,Returning_Visitor,False,False
5,210.78,3,215.0,33,1094.48,0.01,0.03,0.42,0.0,May,3,2,3,2,Returning_Visitor,False,True
0,0.0,0,0.54,70,1498.88,0.0,0.01,0.0,0.0,Nov,1,2,3,8,New_Visitor,False,False
3,444.44,0,0.0,36,641.69,0.02,0.04,0.0,0.0,Nov,3,2,1,13,Returning_Visitor,False,False
0,0.0,0,0.12,7,701.0,0.0,0.06,0.0,0.05,May,2,2,1,4,Returning_Visitor,False,False
2,48.5,0,0.0,5,412.54,0.0,0.11,0.0,0.0,Dec,3,2,6,10,Returning_Visitor,False,False
3,150.12,4,26.5,46,1408.27,0.03,0.05,0.22,0.0,Dec,3,2,3,2,Returning_Visitor,False,False
3,93.61,1,395.0,34,343.58,0.0,0.02,0.09,0.0,Mar,2,2,1,2,New_Visitor,False,False
3,80.0,1,21.0,41,1193.33,0.0,0.02,6.53,0.0,May,2,2,3,4,Returning_Visitor,False,False
18,514.08,5,155.78,178,6630.48,0.0,0.01,0.0,0.0,Nov,3,2,1,3,Returning_Visitor,False,True
1,1.51,0,0.0,45,591.26,0.0,0.01,0.0,0.0,Nov,2,2,1,2,Returning_Visitor,False,True
3,1946.0,0,0.0,31,1505.79,0.0,0.03,0.0,0.0,Dec,2,2,1,2,Returning_Visitor,False,False
3,159.33,0,0.0,24,520.67,0.01,0.01,0.31,0.0,Mar,2,10,4,4,New_Visitor,True,False
0,0.0,0,0.0,7,889.09,0.0,0.14,0.27,0.0,Nov,4,1,4,10,Returning_Visitor,False,False
0,1.54,0,0.0,2,35.2,0.0,0.1,0.0,0.0,May,2,2,2,3,Returning_Visitor,True,False
0,1.57,0,0.0,72,3559.38,0.0,0.02,0.0,0.0,Nov,2,2,1,2,Returning_Visitor,False,False
0,0.0,0,0.0,2,5.0,0.0,0.14,0.0,0.0,Mar,2,2,1,2,Returning_Visitor,False,False
0,105.81,0,4.92,48,1504.99,0.0,0.01,47.58,0.0,Oct,2,2,4,2,Returning_Visitor,True,True
3,3.18,1,80.3,47,1505.61,0.0,0.02,0.0,0.0,Nov,2,2,1,1,Returning_Visitor,True,False
0,0.0,0,0.0,13,143.75,0.08,0.09,0.0,0.6,May,3,2,1,13,Returning_Visitor,False,False
0,0.0,0,0.0,12,147.93,0.0,0.05,0.01,0.0,May,3,2,3,3,Returning_Visitor,False,False
0,2.08,0,0.0,24,1503.29,0.0,0.01,0.0,0.0,Nov,2,2,3,10,Returning_Visitor,False,False
0,1.49,0,0.15,30,401.17,0.0,0.01,0.0,0.0,May,3,2,1,3,Returning_Visitor,False,False
0,0.0,0,0.0,3,192.47,0.0,0.07,0.26,0.0,Dec,1,1,7,2,Returning_Visitor,False,False
1,0.0,0,0.0,2,0.0,0.2,0.2,0.78,0.0,Nov,1,1,3,8,Returning_Visitor,False,False
6,36.0,0,0.32,13,445.87,0.05,0.05,0.0,0.0,Nov,3,2,3,1,Returning_Visitor,True,False
3,90.0,0,0.06,22,650.67,0.03,0.05,0.0,0.0,May,2,2,4,1,Returning_Visitor,False,False
0,187.27,2,79.72,64,2121.3,0.0,0.02,12.32,0.0,May,3,3,3,4,Returning_Visitor,True,False
0,0.0,0,0.13,8,228.0,0.0,0.03,0.0,0.0,Mar,1,1,3,3,Returning_Visitor,False,False
1,5.0,0,1.05,58,2492.22,0.01,0.03,0.0,0.0,Nov,3,2,1,2,Returning_Visitor,False,False
0,1.56,0,0.0,2,7.89,0.2,0.14,0.0,0.0,May,1,1,1,1,Returning_Visitor,False,False
3,46.61,0,0.0,45,1497.33,0.0,0.01,61.86,0.0,Dec,1,1,3,2,New_Visitor,False,False
0,0.0,1,5.46,48,1062.81,0.0,0.03,0.0,0.0,Sep,1,1,4,2,Returning_Visitor,False,False
3,53.5,0,0.0,82,3801.68,0.01,0.03,0.91,0.0,Nov,2,2,1,4,Returning_Visitor,False,False
1,246.25,1,9.0,20,1263.05,0.02,0.05,0.0,0.01,May,1,1,2,2,Returning_Visitor,True,False
5,106.9,0,0.59,195,7442.39,0.0,0.03,0.0,0.0,Aug,2,2,3,13,Returning_Visitor,False,False
0,0.0,0,0.0,1,0.0,0.2,0.2,0.0,0.0,Mar,3,2,3,3,Returning_Visitor,False,False
0,0.0,0,0.18,14,521.5,0.02,0.06,0.0,0.0,May,2,2,6,6,Returning_Visitor,False,False
0,11.17,0,0.0,26,453.33,0.02,0.03,0.0,0.8,May,2,4,1,3,Returning_Visitor,False,False
0,1.54,0,0.0,3,0.0,0.2,0.2,0.0,0.0,May,3,2,3,2,Returning_Visitor,True,False
0,0.0,0,0.0,6,147.93,0.03,0.04,0.08,0.0,May,3,2,6,4,Returning_Visitor,False,False
0,0.0,0,0.0,6,1356.18,0.01,0.07,0.02,0.0,Mar,1,1,1,1,Returning_Visitor,False,False
2,58.4,0,0.0,84,3528.69,0.02,0.04,0.0,0.0,June,2,2,1,1,Returning_Visitor,False,False
0,0.0,0,0.42,13,242.75,0.0,0.0,0.11,0.0,Nov,1,8,2,11,Returning_Visitor,True,False
9,483.44,1,48.58,146,5429.34,0.01,0.03,9.53,0.0,Dec,2,2,9,2,Returning_Visitor,True,False
0,1.59,0,0.0,7,182.67,0.03,0.09,0.0,0.0,Dec,2,11,4,1,Returning_Visitor,True,False
3,50.5,0,0.0,13,1503.27,0.0,0.01,100.78,0.0,Dec,2,2,3,2,Returning_Visitor,False,True
10,236.41,3,62.64,313,7428.18,0.0,0.07,6.98,1.0,May,2,2,3,1,Returning_Visitor,True,False
8,263.36,0,0.0,69,1500.48,0.01,0.02,0.01,0.0,Nov,3,2,1,2,Returning_Visitor,False,True
0,0.0,0,0.0,21,597.33,0.09,0.14,0.02,0.6,May,3,2,1,13,Returning_Visitor,False,False
0,1.45,0,0.12,1,0.0,0.2,0.2,0.01,0.0,May,3,2,1,3,Returning_Visitor,False,False
3,108.0,0,0.0,16,448.5,0.0,0.01,0.0,0.02,May,2,6,1,1,Returning_Visitor,False,False
0,1.77,0,0.0,34,315.08,0.1,0.15,0.0,0.8,May,2,2,4,2,Returning_Visitor,False,False
0,1.53,0,0.0,11,0.0,0.13,0.2,0.02,0.59,May,3,2,1,3,Returning_Visitor,False,False
7,218.83,0,0.17,33,916.46,0.0,0.03,0.0,0.0,Dec,2,2,1,2,Returning_Visitor,False,False
3,0.0,0,0.0,9,269.7,0.0,0.04,0.0,0.01,Dec,3,2,3,10,New_Visitor,False,False
2,100.31,0,0.0,74,14.35,0.0,0.05,0.0,0.0,Mar,3,2,6,5,New_Visitor,True,False
9,509.83,2,77.45,27,1438.85,0.02,0.04,0.0,0.0,Dec,1,1,1,2,Returning_Visitor,False,False
0,0.0,0,0.0,91,6437.19,0.01,0.03,1.9,0.0,Jul,2,2,1,13,Returning_Visitor,False,False
4,105.35,0,0.0,37,1513.22,0.01,0.02,12.97,0.0,Nov,1,1,1,2,Returning_Visitor,False,True
3,99.75,0,4.91,46,2520.06,0.0,0.01,61.13,0.0,Nov,2,2,1,3,Returning_Visitor,False,True
0,0.0,0,0.0,14,183.67,0.0,0.0,0.0,0.0,Mar,3,2,3,1,Returning_Visitor,False,False
3,105.75,0,0.32,47,3332.29,0.0,0.01,11.45,0.0,Mar,1,1,6,3,Returning_Visitor,False,False
0,0.0,2,46.0,44,546.0,0.0,0.02,0.0,0.0,Mar,2,6,1,2,Returning_Visitor,False,False
3,124.0,0,0.0,0,0.0,0.0,0.03,0.0,0.0,Mar,3,2,6,3,Returning_Visitor,False,False
3,606.0,1,33.0,26,631.46,0.0,0.02,0.0,0.0,Mar,1,1,7,2,Returning_Visitor,False,False
3,85.64,0,0.0,18,367.25,0.01,0.04,0.0,0.0,Mar,3,2,2,1,Returning_Visitor,True,False
0,0.0,0,0.0,15,354.35,0.01,0.03,0.03,0.0,Dec,2,2,2,1,Returning_Visitor,False,False
0,0.0,0,0.0,14,253.1,0.06,0.14,0.03,0.0,June,1,1,2,3,Returning_Visitor,False,False
3,2.15,0,0.0,20,411.08,0.02,0.02,0.0,0.0,Nov,3,2,7,1,Returning_Visitor,False,False
0,0.0,0,1.67,30,1358.96,0.01,0.02,0.0,0.0,Nov,1,1,3,10,Returning_Visitor,True,True
16,427.07,3,111.0,122,335.7,0.02,0.02,86.58,0.0,Nov,1,1,1,3,Returning_Visitor,False,False
0,0.0,0,0.33,79,3129.39,0.03,0.05,0.0,0.0,May,3,2,3,3,Returning_Visitor,False,False
2,61.0,0,0.43,6,97.0,0.0,0.04,0.0,0.0,Mar,2,2,1,1,Returning_Visitor,False,False
2,0.0,0,0.0,5,185.0,0.0,0.04,0.0,0.0,Nov,3,2,7,6,New_Visitor,True,False
0,1.8,0,11.71,27,694.3,0.0,0.01,11.99,0.0,Mar,1,1,1,2,Returning_Visitor,True,True
2,26.75,3,49.5,62,2964.65,0.01,0.03,0.0,0.0,Nov,2,2,1,1,Returning_Visitor,False,False
1,16.16,0,0.0,46,2479.34,0.0,0.01,0.04,0.0,Nov,2,2,3,2,Returning_Visitor,False,False
0,0.0,0,0.0,3,25.0,0.07,0.14,0.06,1.0,May,3,2,3,3,Returning_Visitor,False,False
7,73.9,0,0.0,58,1505.45,0.0,0.01,0.0,0.0,Oct,2,2,1,2,Returning_Visitor,False,False
2,145.2,0,0.0,14,266.66,0.01,0.03,0.0,0.0,Sep,3,2,3,1,Returning_Visitor,False,False
7,119.57,0,0.0,15,656.74,0.0,0.03,0.0,0.0,Nov,1,1,1,8,Returning_Visitor,False,False
3,79.98,2,19.75,37,1502.11,0.0,0.02,0.0,0.0,Nov,2,2,1,2,Returning_Visitor,True,False
0,0.0,0,0.0,13,413.45,0.0,0.02,32.38,0.0,May,2,2,2,2,Returning_Visitor,False,True
3,85.0,0,0.0,3,43.5,0.0,0.05,0.08,0.0,Dec,1,1,1,8,New_Visitor,True,False
3,19.0,0,0.43,11,501.75,0.02,0.03,55.49,0.0,May,2,4,4,2,Returning_Visitor,False,True
0,0.0,0,0.0,48,2492.17,0.0,0.01,0.16,0.0,Nov,2,4,1,2,Returning_Visitor,False,False
14,2.76,4,211.0,61,2582.23,0.01,0.02,27.62,0.0,Oct,1,1,3,1,Returning_Visitor,False,False
3,99.42,0,6.83,12,526.33,0.0,0.02,0.0,0.0,Mar,1,1,3,1,Returning_Visitor,False,False
0,0.0,0,0.0,15,176.5,0.03,0.12,0.0,0.0,Jul,2,2,1,3,Returning_Visitor,False,False
0,0.0,1,42.4,46,1485.12,0.0,0.0,0.0,0.0,June,2,2,6,2,Returning_Visitor,False,False
0,0.0,1,62.08,20,402.33,0.0,0.03,0.0,0.11,May,2,2,3,13,Returning_Visitor,False,False
0,1.8,0,0.45,14,0.0,0.2,0.14,0.0,1.0,May,4,1,2,2,Returning_Visitor,True,False
0,0.0,0,0.0,19,623.2,0.02,0.14,0.04,0.0,May,2,5,4,1,Returning_Visitor,True,False
5,129.62,1,25.95,43,1055.22,0.01,0.01,0.03,0.03,Dec,3,2,1,2,Returning_Visitor,True,False
0,0.0,0,0.0,4,97.0,0.0,0.05,0.0,0.0,Mar,2,2,2,1,Returning_Visitor,False,False
0,0.0,0,0.0,10,318.43,0.04,0.07,0.0,0.2,May,1,8,1,19,Returning_Visitor,False,False
0,1.58,0,0.0,24,409.3,0.01,0.02,0.0,0.02,May,3,2,3,2,Returning_Visitor,False,False
5,84.35,0,106.8,48,4240.04,0.0,0.01,12.31,0.0,Nov,3,2,1,2,Returning_Visitor,False,False
0,0.0,0,0.23,25,883.98,0.02,0.03,0.29,0.0,Sep,3,2,3,13,Returning_Visitor,True,False
4,68.73,0,0.0,44,1469.08,0.0,0.01,11.33,0.0,Oct,2,2,4,1,Returning_Visitor,False,True
0,0.0,0,4.63,14,1490.1,0.0,0.02,61.21,0.0,May,1,1,6,5,New_Visitor,False,True
2,74.21,0,0.0,32,1367.63,0.0,0.02,50.83,0.0,May,3,2,1,2,Returning_Visitor,True,True
3,103.06,0,0.0,8,155.85,0.0,0.01,0.15,0.0,Mar,1,1,3,2,New_Visitor,True,False
2,104.56,0,0.0,39,1743.37,0.01,0.02,0.82,0.0,Mar,3,3,2,1,Returning_Visitor,True,True
11,144.85,0,43.66,200,7972.32,0.0,0.01,21.83,0.0,Nov,2,2,1,2,Returning_Visitor,False,True
2,3.0,2,83.99,51,5250.89,0.0,0.01,0.0,0.0,Nov,2,2,1,2,Returning_Visitor,True,False
3,486.98,0,0.74,24,751.63,0.0,0.02,14.85,0.0,Jul,3,2,2,1,Returning_Visitor,True,False
0,156.65,7,141.0,25,1308.72,0.0,0.03,0.0,0.0,Dec,2,4,1,10,Returning_Visitor,False,False
3,56.25,0,0.0,10,164.62,0.0,0.02,0.0,0.0,Nov,3,2,6,2,New_Visitor,False,False
1,7.0,0,0.0,26,933.33,0.01,0.03,1.85,0.0,May,2,2,1,13,Returning_Visitor,False,False
2,2.0,0,0.36,3,0.0,0.1,0.1,0.0,0.0,May,1,1,3,2,Returning_Visitor,False,False
1,18.5,0,0.1,13,173.52,0.01,0.07,0.0,0.01,Mar,2,2,4,1,Returning_Visitor,False,False
5,105.44,1,8.0,16,792.75,0.0,0.01,38.41,0.01,Nov,2,2,1,3,Returning_Visitor,False,False
3,250.33,0,0.0,7,159.16,0.0,0.02,0.0,0.0,Dec,2,2,3,2,New_Visitor,True,False
0,0.0,0,0.0,3,17.09,0.2,0.2,0.14,0.0,Nov,2,5,1,1,Returning_Visitor,False,False
0,0.0,0,0.0,4,206.36,0.0,0.06,0.0,0.0,Dec,8,13,9,20,Other,False,False
4,68.75,0,0.4,13,585.65,0.0,0.01,0.0,0.0,Dec,8,1,1,2,New_Visitor,True,False
2,102.32,0,0.08,46,1106.33,0.03,0.05,0.0,0.0,Mar,1,1,3,1,Returning_Visitor,True,False
0,0.0,0,0.0,5,406.51,0.0,0.02,0.0,0.0,Dec,4,1,2,1,Returning_Visitor,False,False
0,0.0,0,0.0,15,212.8,0.02,0.03,0.0,0.0,Mar,1,1,6,1,Returning_Visitor,False,False
3,102.56,0,0.0,37,592.84,0.01,0.07,0.0,0.0,Nov,2,2,1,11,Returning_Visitor,False,False
0,0.0,0,0.0,37,703.3,0.0,0.07,0.0,0.0,Dec,4,1,1,2,Returning_Visitor,False,False
1,4.32,1,6.0,28,155.92,0.0,0.02,0.63,0.0,May,1,1,6,1,Returning_Visitor,True,True
0,0.0,1,1.38,65,6203.69,0.01,0.03,0.0,0.0,Dec,2,1,1,2,Returning_Visitor,False,False
0,1.94,0,0.21,21,987.9,0.01,0.02,0.0,0.0,Dec,2,4,2,1,Returning_Visitor,False,False
0,0.0,0,0.0,12,418.33,0.0,0.01,0.0,0.0,May,2,4,1,5,Returning_Visitor,False,False
0,0.0,0,0.0,2,0.0,0.2,0.2,0.0,0.0,Mar,1,1,1,3,Returning_Visitor,True,False
5,6.69,1,13.0,66,2049.46,0.0,0.01,29.46,0.01,Nov,3,2,3,1,Returning_Visitor,True,False
0,0.0,0,0.0,8,332.0,0.0,0.03,14.13,0.0,Nov,1,2,4,8,New_Visitor,True,True
3,120.0,4,64.0,52,1859.08,0.0,0.02,17.25,0.0,May,2,2,2,13,Returning_Visitor,False,True
5,74.25,2,84.0,37,1483.81,0.0,0.01,0.0,0.0,Mar,2,2,3,1,Returning_Visitor,False,False
0,1.82,0,0.0,2,0.0,0.2,0.14,0.05,0.0,May,2,2,4,6,Returning_Visitor,True,False
1,103.48,1,15.0,26,670.17,0.0,0.05,0.0,0.0,May,2,2,3,4,Returning_Visitor,False,False
1,13.88,1,2.48,22,1504.14,0.02,0.02,0.0,0.0,Nov,3,2,7,4,Returning_Visitor,False,False
2,37.5,0,0.79,55,1429.74,0.01,0.01,0.0,0.8,May,1,1,3,4,Returning_Visitor,False,False
3,105.19,0,1.05,24,1737.0,0.01,0.02,23.52,0.0,Nov,1,1,6,10,Returning_Visitor,True,True
0,0.0,0,0.0,9,104.0,0.0,0.05,0.02,0.4,Feb,2,2,6,3,Returning_Visitor,False,False
1,0.0,0,0.14,20,806.5,0.0,0.04,0.0,0.6,May,2,4,1,3,Returning_Visitor,False,False
8,116.96,4,225.37,42,1391.09,0.02,0.01,0.0,0.0,Jul,2,1,1,2,Returning_Visitor,False,True
0,0.0,0,0.0,6,173.18,0.0,0.01,0.38,0.0,Nov,1,2,9,2,Returning_Visitor,False,False
11,286.53,2,95.16,31,1498.37,0.0,0.01,33.06,0.0,Nov,2,2,7,2,Returning_Visitor,False,True
2,99.9,0,0.69,29,598.3,0.0,0.02,0.08,0.0,Mar,2,6,3,1,Returning_Visitor,False,False
10,375.28,0,0.0,156,6785.91,0.01,0.03,2.99,1.0,May,2,2,6,1,Returning_Visitor,True,False
2,62.5,0,0.0,17,548.33,0.0,0.03,0.01,0.0,Mar,2,2,1,2,Returning_Visitor,False,False
0,0.0,0,0.46,1,6.06,0.13,0.2,0.21,0.0,Nov,1,1,3,2,Returning_Visitor,False,False
0,0.0,0,0.0,17,935.25,0.0,0.01,0.0,0.0,Nov,2,2,1,2,New_Visitor,False,False
3,46.3,0,0.0,2,9.0,0.0,0.03,0.16,0.0,Sep,2,4,1,2,New_Visitor,False,False
0,0.0,0,0.11,29,743.17,0.0,0.01,0.0,0.0,May,1,1,6,4,Returning_Visitor,False,False
0,3.82,0,0.11,5,371.0,0.0,0.02,0.0,0.0,Mar,2,2,4,10,Returning_Visitor,False,False
0,0.0,0,0.0,6,70.0,0.13,0.08,0.03,0.4,May,2,5,8,3,Returning_Visitor,False,False
0,1.77,0,0.0,33,850.6,0.0,0.02,0.0,0.0,Nov,1,1,3,2,Returning_Visitor,True,False
0,1.82,0,0.0,9,151.5,0.0,0.04,0.01,0.8,May,2,2,1,4,Returning_Visitor,False,False
3,294.0,0,0.0,12,936.0,0.0,0.04,11.64,0.01,May,2,2,1,4,Returning_Visitor,True,True
0,5.9,0,0.0,9,372.6,0.0,0.02,50.08,0.0,May,2,2,1,4,Returning_Visitor,False,True
0,3.65,0,0.0,65,418.22,0.0,0.02,2.74,0.0,May,2,4,2,1,Returning_Visitor,False,False
0,0.0,0,0.0,6,150.22,0.0,0.03,0.0,0.0,May,1,1,2,3,Returning_Visitor,False,False
0,1.57,0,0.0,13,456.66,0.0,0.01,0.0,0.0,Nov,3,2,3,2,New_Visitor,True,False
0,0.0,0,0.0,6,233.11,0.0,0.07,0.6,0.0,Oct,1,1,7,2,Returning_Visitor,True,False
6,479.25,0,0.0,51,1505.87,0.0,0.01,6.23,0.0,Nov,2,2,1,2,Returning_Visitor,False,True
0,0.0,0,0.0,2,24.5,0.0,0.1,0.11,0.0,Dec,2,4,3,1,Returning_Visitor,False,False
9,159.92,2,83.5,53,1262.49,0.0,0.01,0.0,0.0,Dec,2,2,1,2,New_Visitor,True,False
10,236.83,0,25.45,20,411.39,0.01,0.02,1.26,0.0,May,3,2,3,3,Returning_Visitor,True,True
0,2.32,0,0.0,27,1010.63,0.0,0.01,0.0,0.0,June,2,2,1,2,Returning_Visitor,False,False
0,0.0,1,0.0,28,2743.22,0.02,0.05,0.0,0.0,Mar,2,5,2,1,Returning_Visitor,False,False
0,0.0,0,0.13,46,598.25,0.0,0.04,0.0,0.4,May,2,5,1,6,Returning_Visitor,False,False
0,0.0,0,0.3,8,188.0,0.05,0.14,0.0,0.0,Dec,1,1,2,1,Returning_Visitor,False,False
1,0.0,1,0.0,0,0.0,0.13,0.2,0.0,0.0,May,1,1,6,3,Returning_Visitor,False,False
2,178.5,2,314.0,50,2340.5,0.0,0.02,52.08,0.0,May,2,4,1,4,Returning_Visitor,False,False
2,126.75,0,0.0,22,2281.58,0.03,0.04,0.0,0.0,Dec,3,2,2,3,Returning_Visitor,False,False
1,9.5,0,0.6,25,674.25,0.0,0.02,0.0,0.0,Mar,2,2,7,2,Returning_Visitor,False,False
1,137.47,2,104.8,46,2725.71,0.01,0.02,20.15,0.0,Mar,2,2,3,1,Returning_Visitor,False,True
2,104.23,0,0.58,6,1571.61,0.02,0.04,24.16,0.0,Nov,3,2,1,2,Returning_Visitor,False,False
3,98.01,0,0.0,27,608.4,0.01,0.02,7.11,0.24,May,2,2,3,4,Returning_Visitor,False,False
0,0.0,0,0.0,31,881.44,0.02,0.03,0.0,0.0,Oct,2,2,2,13,Returning_Visitor,True,False
10,89.98,0,0.0,46,1500.9,0.0,0.01,6.18,0.0,Oct,2,2,1,3,Returning_Visitor,False,False
7,118.5,0,0.0,28,829.21,0.0,0.02,17.79,0.0,Dec,1,2,3,2,Returning_Visitor,False,False
0,0.0,0,0.0,53,1556.6,0.0,0.03,0.0,0.59,May,2,2,3,6,Returning_Visitor,False,False
0,0.0,0,0.0,7,145.67,0.06,0.09,0.0,0.0,Mar,2,2,3,3,Returning_Visitor,False,False
6,2.98,2,900.5,24,1355.01,0.0,0.0,9.26,0.0,May,2,4,3,2,New_Visitor,True,False
0,0.0,1,0.0,45,1646.2,0.01,0.08,0.0,0.0,Dec,2,2,1,2,Returning_Visitor,False,False
0,0.0,0,0.99,87,1197.7,0.0,0.01,38.0,0.0,Nov,2,2,1,2,New_Visitor,False,True
6,100.5,0,0.0,10,332.58,0.0,0.0,0.0,0.0,Dec,8,13,9,20,Other,False,False
3,71.3,0,0.0,18,813.8,0.01,0.05,0.0,0.8,May,3,2,8,13,Returning_Visitor,False,False
2,287.5,2,12.5,9,979.0,0.01,0.03,0.0,0.0,Oct,1,1,3,3,Returning_Visitor,False,False
6,104.1,0,0.0,46,830.1,0.0,0.02,0.0,0.0,Dec,1,1,2,2,Returning_Visitor,False,False
2,34.25,0,0.0,55,3227.48,0.0,0.02,0.01,0.0,Nov,2,2,3,13,Returning_Visitor,False,False
0,0.0,0,0.0,13,216.0,0.02,0.04,0.0,0.0,May,2,5,1,1,Returning_Visitor,False,False
0,2.6,2,24.92,43,760.88,0.02,0.04,0.0,0.0,Dec,4,2,1,2,Returning_Visitor,True,False
4,175.0,0,0.0,13,270.5,0.0,0.01,0.01,0.0,Mar,1,1,3,2,Returning_Visitor,False,False
2,7.0,0,0.0,13,559.4,0.01,0.04,0.0,0.0,Mar,2,4,4,3,Returning_Visitor,True,False
1,0.0,0,0.0,2,114.0,0.0,0.07,0.0,0.8,Feb,3,3,1,3,Returning_Visitor,False,False
3,104.8,0,0.75,37,1305.53,0.02,0.04,6.32,0.0,Jul,1,2,8,2,Returning_Visitor,True,True
6,136.56,0,3.3,59,3224.82,0.0,0.01,12.23,0.0,Mar,2,4,2,2,Returning_Visitor,True,True
0,2.63,0,0.0,1,16.98,0.13,0.2,0.02,0.0,Dec,2,2,4,11,Returning_Visitor,True,False
3,57.0,0,0.0,42,1447.52,0.0,0.01,26.98,0.0,Dec,2,4,3,1,Returning_Visitor,False,False
0,0.0,0,0.0,6,155.37,0.04,0.04,0.0,0.0,Nov,3,2,1,2,Returning_Visitor,False,False
10,500.24,3,258.62,77,394.01,0.01,0.05,12.24,0.0,Nov,2,2,1,2,Returning_Visitor,False,True
0,0.0,0,0.0,12,168.29,0.0,0.07,0.0,0.6,May,2,2,2,2,Returning_Visitor,False,False
3,56.0,0,0.0,7,198.23,0.09,0.12,0.0,0.4,May,3,2,1,13,Returning_Visitor,False,False
0,0.0,0,0.0,39,769.5,0.02,0.05,0.0,0.0,May,2,2,3,13,Returning_Visitor,False,False
3,5.5,6,417.97,25,621.2,0.0,0.01,0.0,0.0,May,3,2,1,4,Returning_Visitor,True,False
2,140.2,0,0.0,8,1239.2,0.0,0.02,0.01,0.0,Sep,3,2,3,10,Returning_Visitor,False,False
0,0.0,0,0.0,13,1495.42,0.01,0.04,0.0,0.0,May,2,4,1,3,Returning_Visitor,False,False
3,36.0,0,0.0,13,71.33,0.0,0.02,0.0,0.0,Mar,2,2,1,11,New_Visitor,False,False
6,104.22,0,0.0,26,323.37,0.03,0.03,19.4,0.0,Sep,2,2,3,1,Returning_Visitor,True,False
1,6.0,0,0.0,23,2767.2,0.0,0.01,0.0,0.0,Sep,2,2,7,1,Returning_Visitor,False,False
0,0.0,0,0.0,10,1415.25,0.01,0.05,88.39,0.0,Oct,2,2,1,20,Returning_Visitor,True,True
3,101.0,0,6.4,46,241.24,0.0,0.02,0.0,0.0,May,3,2,4,4,Returning_Visitor,True,False
0,1.88,0,0.0,7,87.5,0.03,0.14,0.11,0.6,May,3,2,4,2,Returning_Visitor,False,False
0,0.0,0,0.0,31,528.73,0.0,0.05,0.17,0.0,Nov,2,2,1,3,Returning_Visitor,False,False
2,104.63,0,0.0,46,2495.61,0.01,0.02,0.0,0.0,Dec,2,2,3,2,Returning_Visitor,True,False
0,0.0,0,0.0,5,298.0,0.01,0.05,0.0,0.0,Nov,2,2,8,3,Returning_Visitor,False,False
0,0.0,0,0.0,8,111.67,0.0,0.03,0.0,0.02,Mar,2,2,1,1,Returning_Visitor,False,False
3,103.8,0,0.0,4,683.4,0.06,0.02,0.82,0.0,Aug,3,2,6,1,Returning_Visitor,False,False
1,65.57,0,0.0,45,3177.37,0.01,0.02,0.01,0.0,Nov,2,2,5,1,Returning_Visitor,False,False
0,0.0,0,0.15,4,118.0,0.03,0.07,0.0,0.0,May,1,1,2,3,Returning_Visitor,False,False
3,50.07,0,0.0,159,2184.48,0.0,0.01,0.0,0.0,Oct,2,2,4,4,Returning_Visitor,True,False
0,0.0,0,0.0,27,783.25,0.01,0.03,0.0,0.6,May,2,10,1,4,Returning_Visitor,False,False
3,0.0,1,41.0,47,459.67,0.0,0.02,18.27,0.0,May,2,2,1,4,Returning_Visitor,False,True
4,26.0,0,0.0,43,727.62,0.0,0.02,0.12,0.0,May,2,2,5,2,New_Visitor,True,False
4,105.27,0,1.96,35,655.68,0.0,0.01,1.03,0.0,Nov,2,10,7,2,New_Visitor,True,False
0,0.0,0,0.0,2,115.0,0.0,0.05,0.05,0.0,Mar,3,2,1,1,Returning_Visitor,True,False
0,0.0,0,0.0,4,59.0,0.0,0.05,0.0,0.0,Mar,1,1,1,10,Returning_Visitor,False,False
6,65.42,0,0.0,29,1904.54,0.0,0.03,0.0,0.0,Nov,1,1,2,8,Returning_Visitor,False,True
0,0.0,0,0.16,6,81.75,0.0,0.05,0.0,0.0,Nov,2,2,1,3,Returning_Visitor,False,True
4,82.5,3,419.0,47,302.32,0.0,0.01,2.71,0.0,Mar,2,2,2,2,New_Visitor,True,False
0,0.0,0,0.0,31,1383.17,0.03,0.09,1.03,0.4,May,2,4,3,6,Returning_Visitor,False,False
3,91.0,0,1.04,11,451.0,0.0,0.01,45.75,0.0,Mar,2,2,1,2,New_Visitor,False,True
0,0.0,0,0.12,1,0.0,0.2,0.14,0.42,0.0,Nov,3,2,1,13,Returning_Visitor,True,False
0,0.0,0,0.0,5,176.6,0.0,0.06,0.01,0.0,Mar,2,2,3,3,Returning_Visitor,True,False
3,86.0,0,0.0,46,2450.69,0.03,0.05,0.0,0.01,Dec,1,1,3,3,Returning_Visitor,False,False
0,0.0,0,0.0,4,145.98,0.13,0.14,0.0,0.0,Mar,2,2,2,1,Returning_Visitor,False,False
0,0.0,0,0.0,10,283.01,0.03,0.05,0.0,0.0,Dec,2,2,1,1,Returning_Visitor,False,False
3,261.5,1,55.5,122,3411.96,0.0,0.03,0.0,0.0,Nov,2,2,1,13,Returning_Visitor,False,True
12,101.88,1,13.0,46,1047.04,0.02,0.07,18.23,0.0,June,2,2,3,2,Returning_Visitor,False,False
9,177.2,0,0.0,34,1502.92,0.0,0.01,0.0,0.0,Nov,2,2,3,1,Returning_Visitor,False,False
0,0.0,0,0.0,21,607.59,0.03,0.05,0.0,0.0,Dec,3,2,1,2,Returning_Visitor,True,False
0,0.0,0,0.0,46,1395.26,0.0,0.01,0.1,0.0,Mar,1,1,1,9,New_Visitor,True,False
0,0.0,0,0.23,10,111.42,0.0,0.02,0.01,0.0,May,2,2,1,2,Returning_Visitor,False,False
0,0.0,0,0.0,39,609.5,0.0,0.01,0.0,0.0,Mar,2,2,1,2,Returning_Visitor,False,False
0,0.0,0,0.0,6,143.5,0.0,0.02,0.38,0.0,Dec,1,1,3,10,Returning_Visitor,False,False
0,0.0,0,0.12,4,156.5,0.0,0.05,0.04,0.0,Dec,1,8,1,2,Returning_Visitor,False,False
0,0.0,0,1.25,5,426.67,0.0,0.01,0.0,0.0,Feb,2,4,3,2,Returning_Visitor,False,False
2,38.0,0,0.93,21,733.7,0.0,0.01,0.0,0.0,Mar,2,7,1,3,Returning_Visitor,True,False
3,102.48,0,0.0,13,796.0,0.0,0.01,0.02,0.0,Mar,2,2,5,2,Returning_Visitor,False,False
0,0.0,1,21.3,14,103.76,0.0,0.03,45.93,0.0,Nov,2,2,1,20,Returning_Visitor,False,True
6,53.0,0,0.0,48,778.83,0.0,0.01,19.11,0.01,Aug,1,1,1,4,New_Visitor,True,False
0,0.0,0,0.1,20,1958.83,0.01,0.04,0.0,0.0,Nov,3,2,9,1,Returning_Visitor,False,False
0,0.0,0,0.0,46,615.0,0.01,0.03,0.13,0.0,Dec,4,1,3,1,Returning_Visitor,False,False
0,0.0,0,0.89,5,488.5,0.0,0.04,0.0,0.0,Mar,2,7,2,3,Returning_Visitor,False,False
0,0.0,0,0.0,44,1522.42,0.0,0.02,0.0,0.8,May,2,10,1,3,Returning_Visitor,False,False
3,52.5,0,3.27,13,463.5,0.0,0.01,0.0,0.0,Nov,3,2,6,11,New_Visitor,True,False
0,0.0,0,0.0,6,26.0,0.13,0.14,0.0,0.0,May,3,2,1,3,Returning_Visitor,False,False
0,0.0,0,0.28,6,85.25,0.0,0.01,0.0,0.0,Dec,2,2,3,2,Returning_Visitor,False,False
4,100.24,0,0.0,13,280.5,0.03,0.04,0.0,0.0,May,2,2,1,4,Returning_Visitor,False,False
0,0.0,0,0.0,21,434.5,0.0,0.02,0.0,0.0,Mar,2,2,2,1,Returning_Visitor,False,False
1,37.5,0,0.29,5,169.78,0.03,0.07,0.0,0.01,Nov,1,1,3,2,New_Visitor,False,False
1,493.36,0,0.0,28,1529.3,0.0,0.03,0.0,0.0,Mar,3,2,4,2,Returning_Visitor,False,False
8,245.17,2,133.65,129,1490.3,0.0,0.0,9.07,0.0,May,2,4,1,4,Returning_Visitor,True,False
10,208.51,0,8.13,17,150.05,0.0,0.0,0.0,0.0,Dec,3,2,1,6,New_Visitor,False,False
0,0.0,0,0.0,13,1196.07,0.02,0.04,0.0,0.0,Dec,2,2,1,3,Returning_Visitor,False,False
0,0.0,0,0.0,9,144.9,0.0,0.02,0.0,0.0,Mar,2,2,1,2,Returning_Visitor,True,False
0,0.0,0,0.0,8,551.17,0.03,0.04,0.0,0.0,Mar,3,2,2,3,Returning_Visitor,False,False
8,104.2,1,180.47,19,298.0,0.0,0.02,19.67,0.0,Mar,2,2,3,1,Returning_Visitor,False,False
3,314.49,1,8.86,85,1505.12,0.01,0.02,10.13,0.0,Dec,3,2,1,2,Returning_Visitor,False,False
0,1.92,0,0.0,23,363.5,0.0,0.01,0.0,0.8,May,3,2,7,1,Returning_Visitor,False,False
0,1.57,0,0.27,15,64.6,0.01,0.13,0.01,0.0,May,2,2,1,4,Returning_Visitor,False,False
3,73.3,0,0.0,120,2872.72,0.0,0.01,12.23,0.0,Aug,2,2,2,1,Returning_Visitor,True,False
0,0.0,0,0.0,16,480.3,0.01,0.03,0.0,0.0,May,1,1,4,4,Returning_Visitor,True,False
0,1.6,0,0.0,31,804.04,0.0,0.0,0.04,0.0,June,3,2,1,3,Returning_Visitor,False,False
0,0.0,0,0.0,8,184.0,0.0,0.04,0.0,0.0,Nov,4,1,4,2,Returning_Visitor,False,False
2,30.75,0,0.42,150,995.83,0.01,0.02,0.0,0.0,Nov,3,2,8,13,Returning_Visitor,False,False
2,109.35,0,0.0,115,5381.75,0.0,0.0,0.0,0.0,Oct,2,2,4,2,Returning_Visitor,False,False
8,403.0,0,0.0,52,1503.35,0.0,0.0,0.03,0.0,Nov,1,1,1,3,Returning_Visitor,False,False
1,5.0,1,292.0,35,1916.9,0.01,0.02,12.22,0.03,May,2,2,8,3,Returning_Visitor,False,True
1,5.0,0,0.0,65,2498.83,0.0,0.01,0.23,0.0,Dec,3,2,1,6,Returning_Visitor,True,False
1,5.5,0,1.1,103,1955.17,0.02,0.04,0.0,0.0,June,2,2,9,13,Returning_Visitor,True,False
0,2.1,0,0.36,20,414.18,0.0,0.03,0.0,0.0,Dec,2,3,3,2,New_Visitor,False,True
3,91.67,2,23.52,29,1347.27,0.0,0.01,0.0,0.0,Dec,2,5,1,1,Returning_Visitor,False,False
0,0.0,1,94.11,17,1385.83,0.01,0.02,61.39,0.0,Mar,2,2,1,2,Returning_Visitor,False,True
0,1.92,0,0.0,12,136.5,0.02,0.03,0.0,0.0,May,2,2,3,4,Returning_Visitor,False,False
0,0.0,0,0.0,10,144.9,0.0,0.02,0.0,0.0,Jul,2,2,1,1,Returning_Visitor,False,False
0,0.0,0,0.0,8,202.33,0.0,0.02,0.0,0.0,May,3,2,1,6,Returning_Visitor,True,False
0,0.0,0,0.0,6,203.0,0.0,0.03,0.0,0.0,May,4,1,1,3,Returning_Visitor,False,False
0,1.46,0,0.0,19,455.16,0.0,0.01,0.02,0.0,May,1,2,1,4,Returning_Visitor,False,False
0,0.0,2,80.18,36,1609.94,0.0,0.01,6.28,0.0,Nov,2,2,3,2,Returning_Visitor,False,True
0,0.0,0,0.0,13,300.07,0.0,0.02,41.07,0.0,Mar,2,2,1,11,Returning_Visitor,True,True
4,67.5,0,0.0,27,834.67,0.0,0.01,0.0,0.0,Nov,2,2,2,2,New_Visitor,True,False
3,0.0,0,3.36,5,68.4,0.0,0.08,0.0,0.0,June,2,4,2,4,Returning_Visitor,False,False
1,18.2,0,0.56,44,725.2,0.01,0.03,24.84,0.0,Mar,2,2,1,2,Returning_Visitor,False,True
3,4.0,0,0.0,46,652.92,0.03,0.04,0.0,0.59,May,1,1,3,4,Returning_Visitor,True,False
5,1.59,6,2549.38,46,1495.7,0.0,0.03,0.0,0.0,Dec,2,2,1,2,Returning_Visitor,False,False
0,0.0,0,0.72,6,147.09,0.13,0.08,0.0,0.2,May,2,2,2,2,Returning_Visitor,False,False
3,24.17,0,0.0,46,1977.39,0.0,0.01,0.3,0.59,May,2,2,1,4,Returning_Visitor,False,False
10,192.67,3,211.0,153,3812.16,0.0,0.01,5.91,0.0,Dec,2,2,3,1,Returning_Visitor,False,False
4,495.17,0,0.0,29,1506.91,0.0,0.01,0.0,0.0,Dec,1,1,1,2,New_Visitor,False,False
0,0.0,0,0.0,40,1500.46,0.01,0.03,0.0,0.0,May,3,2,1,2,Returning_Visitor,False,False
3,42.0,0,0.16,16,1266.5,0.02,0.02,0.01,0.0,Mar,2,2,6,1,Returning_Visitor,False,False
5,75.5,0,0.08,24,1009.95,0.01,0.02,0.0,0.0,Nov,2,4,6,3,Returning_Visitor,False,False
2,150.06,0,0.35,2,37.2,0.0,0.05,0.0,0.0,June,1,1,1,2,Returning_Visitor,False,False
0,0.0,0,0.0,9,1225.5,0.02,0.04,0.0,0.0,Mar,1,2,8,1,Returning_Visitor,False,False
0,0.0,0,0.0,5,0.0,0.13,0.14,0.12,0.4,May,3,2,4,13,Returning_Visitor,False,False
0,0.0,0,0.0,76,1553.27,0.0,0.01,0.13,0.0,Nov,2,4,1,2,Returning_Visitor,False,False
0,2.92,0,0.86,30,350.95,0.0,0.04,87.9,0.0,Dec,8,13,9,20,Other,False,True
0,5.51,0,0.0,44,757.81,0.01,0.03,0.0,0.6,May,4,1,1,4,Returning_Visitor,False,False
3,25.77,0,0.0,19,498.44,0.0,0.02,12.56,0.0,Nov,2,2,2,2,Returning_Visitor,False,True
4,338.0,0,0.0,13,724.76,0.0,0.02,0.0,0.0,Sep,2,2,7,4,Returning_Visitor,True,False
0,1.73,0,0.0,3,156.85,0.0,0.07,0.0,0.0,Nov,2,2,3,3,Returning_Visitor,False,False
11,103.31,0,0.0,19,538.2,0.0,0.01,0.08,0.0,May,2,5,3,6,New_Visitor,False,False
3,384.03,0,0.0,5,416.84,0.0,0.01,0.65,0.0,May,1,1,8,15,New_Visitor,True,False
1,15.2,1,55.4,52,1483.52,0.0,0.08,0.23,0.0,Nov,2,6,1,1,Returning_Visitor,False,False
0,0.0,0,0.0,13,1502.44,0.0,0.02,287.95,0.0,Dec,2,2,1,2,New_Visitor,False,True
2,70.5,0,0.0,20,855.67,0.0,0.04,0.0,0.0,Nov,2,2,9,20,New_Visitor,False,False
2,57.0,0,0.0,28,724.07,0.01,0.02,32.99,0.0,May,1,1,1,4,Returning_Visitor,True,True
3,30.75,0,0.0,17,473.17,0.01,0.02,0.02,0.0,Nov,1,2,3,1,Returning_Visitor,False,False
0,1.74,0,0.0,5,156.0,0.0,0.04,0.0,0.0,Feb,1,1,9,3,Returning_Visitor,False,False
0,0.0,0,0.57,30,401.84,0.13,0.15,0.08,0.6,May,2,4,3,1,Returning_Visitor,False,False
2,101.76,0,0.0,26,1488.45,0.0,0.01,0.0,0.0,Nov,2,2,9,5,Returning_Visitor,False,False
5,103.53,1,16.0,113,6223.87,0.0,0.05,12.23,0.0,Nov,2,2,3,2,Returning_Visitor,True,True
11,208.25,2,109.0,54,2871.1,0.0,0.02,0.0,0.0,Nov,2,2,1,2,Returning_Visitor,False,False
4,104.37,0,0.0,6,134.68,0.0,0.03,0.0,0.0,Nov,1,2,1,2,Returning_Visitor,False,False
0,21.5,0,0.0,46,1000.8,0.0,0.01,0.0,0.0,Dec,4,2,1,2,Returning_Visitor,False,False
2,104.25,0,0.0,46,3043.92,0.03,0.05,0.0,0.0,Nov,2,2,3,2,Returning_Visitor,False,False
0,0.0,0,0.0,6,244.67,0.0,0.06,0.0,0.0,Dec,1,1,1,1,Returning_Visitor,False,False
0,0.0,0,0.0,16,1486.43,0.02,0.05,0.0,0.0,Mar,2,6,3,1,Returning_Visitor,False,False
3,46.4,0,0.0,13,463.36,0.01,0.01,55.45,0.0,Nov,2,2,7,2,Returning_Visitor,True,True
0,0.0,0,0.0,25,412.95,0.0,0.0,0.02,0.6,May,2,2,1,4,Returning_Visitor,False,False
0,0.0,0,0.12,9,329.25,0.05,0.08,4.15,0.0,Dec,3,2,7,1,Returning_Visitor,False,True
8,227.53,3,292.68,66,1324.33,0.02,0.05,7.37,0.01,Mar,3,2,3,6,Returning_Visitor,False,True
0,0.0,0,1.4,2,150.34,0.0,0.1,0.06,0.0,May,2,4,3,3,Returning_Visitor,False,False
0,0.0,0,0.0,1,0.0,0.2,0.2,0.0,0.0,Sep,2,4,4,3,Returning_Visitor,False,False
0,6.08,0,0.0,3,0.0,0.2,0.2,0.0,0.0,Nov,1,1,4,10,Returning_Visitor,True,False
0,0.0,0,0.07,6,47.25,0.0,0.03,0.0,0.0,Dec,2,5,1,1,Returning_Visitor,False,False
0,0.0,0,0.0,7,198.03,0.02,0.13,0.0,0.0,Nov,2,5,3,10,Returning_Visitor,False,False
3,16.0,0,0.0,46,423.17,0.01,0.03,0.0,0.0,Dec,3,2,6,1,Returning_Visitor,True,False
7,109.96,1,0.0,32,1038.8,0.0,0.02,59.97,0.15,May,1,1,1,4,Returning_Visitor,False,True
3,91.5,0,0.0,14,189.7,0.0,0.03,0.0,0.0,Dec,1,1,3,2,Returning_Visitor,False,False
0,0.0,0,0.0,27,1838.15,0.05,0.06,0.13,0.0,June,3,2,2,3,Returning_Visitor,False,False
0,0.0,0,0.0,1,0.0,0.2,0.14,0.0,0.0,Dec,2,2,1,3,Returning_Visitor,False,False
5,39.83,0,0.0,34,2348.81,0.01,0.02,0.0,0.0,Dec,2,2,3,1,Returning_Visitor,False,False
3,103.6,0,0.0,1,422.83,0.0,0.04,0.0,0.0,Nov,3,2,1,5,New_Visitor,False,True
0,0.0,0,0.0,3,31.0,0.13,0.13,0.0,0.0,May,2,2,4,3,Returning_Visitor,False,False
3,333.54,0,0.0,12,946.56,0.0,0.01,19.63,0.0,Nov,2,4,5,2,New_Visitor,False,True
0,1.49,0,2.0,8,201.0,0.0,0.06,0.0,0.0,Mar,2,4,2,1,Returning_Visitor,True,False
5,316.8,0,0.0,46,1086.18,0.01,0.02,5.98,0.0,May,2,2,3,2,Returning_Visitor,False,False
1,76.0,0,0.0,37,821.33,0.0,0.01,0.0,0.0,May,2,2,4,4,Returning_Visitor,False,False
0,0.0,0,0.0,20,2280.83,0.01,0.04,0.0,0.0,May,1,1,1,4,Returning_Visitor,False,False
3,41.64,0,0.0,16,1498.74,0.0,0.01,10.78,0.0,Mar,1,1,2,3,Returning_Visitor,False,False
0,2.38,2,81.81,42,1266.49,0.01,0.09,0.05,0.0,June,2,2,6,13,Returning_Visitor,False,False
0,3.1,0,0.0,6,20.2,0.13,0.14,0.0,0.0,June,3,2,1,1,Returning_Visitor,False,False
4,99.5,0,0.0,3,176.9,0.0,0.01,0.0,0.0,Nov,1,1,2,8,New_Visitor,True,True
0,0.0,0,0.0,48,4293.83,0.0,0.03,13.37,0.0,Nov,2,1,1,2,Returning_Visitor,True,False
0,0.0,0,0.0,16,1369.81,0.0,0.01,21.59,0.8,May,2,2,1,4,Returning_Visitor,False,True
5,103.52,0,1.38,12,231.18,0.0,0.01,0.45,0.0,Mar,2,2,1,2,New_Visitor,True,False
5,46.0,0,0.94,35,539.0,0.0,0.01,39.15,0.0,May,2,2,3,2,Returning_Visitor,True,True
0,0.0,0,0.0,1,0.0,0.2,0.2,0.0,0.0,Dec,1,1,1,3,Returning_Visitor,False,False
13,462.67,4,56.25,182,5402.79,0.0,0.01,16.28,0.0,Dec,3,2,1,2,Returning_Visitor,False,False
8,171.75,2,16.0,47,1494.08,0.0,0.03,0.0,0.0,Nov,2,2,1,1,Returning_Visitor,False,False
10,527.0,3,80.03,26,1405.46,0.0,0.0,0.0,0.0,May,3,2,1,3,Returning_Visitor,False,False
3,85.5,0,1.9,46,1570.5,0.0,0.0,13.07,0.0,May,2,2,6,4,Returning_Visitor,True,True
0,0.0,0,0.0,6,0.0,0.18,0.18,0.0,0.0,May,2,2,7,6,Returning_Visitor,False,False
0,0.0,0,0.0,14,343.52,0.02,0.03,0.0,0.0,Jul,3,2,9,13,Returning_Visitor,True,False
3,251.0,2,104.0,15,675.83,0.0,0.01,0.0,0.0,May,2,10,6,2,Returning_Visitor,False,False
4,454.0,1,17.0,29,1514.6,0.02,0.03,0.0,0.01,May,3,2,1,3,Returning_Visitor,False,False
5,34.5,0,0.0,12,154.5,0.02,0.01,0.0,0.0,Dec,3,2,4,2,Returning_Visitor,False,False
3,296.0,0,0.0,9,394.5,0.0,0.01,28.4,0.0,May,2,2,8,2,New_Visitor,True,True
2,54.54,0,6.91,13,1075.5,0.01,0.04,0.0,0.0,May,6,2,4,2,Returning_Visitor,True,False
2,47.0,1,0.0,20,738.91,0.02,0.02,0.02,0.0,Nov,3,2,1,2,Returning_Visitor,False,False
1,0.0,0,0.0,4,44.0,0.0,0.05,0.34,0.0,May,2,4,3,2,New_Visitor,True,False
3,73.36,4,472.0,14,1426.68,0.0,0.01,0.12,0.6,May,3,2,3,3,New_Visitor,False,False
0,0.0,1,165.0,13,833.0,0.0,0.02,34.49,0.8,May,2,2,8,4,Returning_Visitor,False,True
3,40.2,0,0.0,6,226.56,0.0,0.01,0.0,0.0,Oct,2,2,1,2,Returning_Visitor,False,False
0,1.54,0,0.0,15,748.57,0.02,0.04,0.0,0.0,Mar,2,2,1,2,Returning_Visitor,False,False
0,2.56,0,0.42,38,1417.67,0.02,0.03,0.0,0.6,May,2,6,3,6,Returning_Visitor,False,False
1,4.0,0,0.0,18,151.83,0.0,0.03,0.0,0.0,May,2,2,3,3,Returning_Visitor,False,False
0,0.0,0,0.0,2,144.93,0.0,0.1,0.0,0.0,Sep,2,2,1,2,Returning_Visitor,False,False
4,103.14,0,0.0,31,1503.88,0.0,0.01,9.75,0.0,May,2,4,1,4,Returning_Visitor,False,True
6,82.14,0,0.0,46,191.1,0.0,0.01,0.0,0.0,Nov,2,4,9,3,Returning_Visitor,False,False
0,0.0,0,0.0,49,5.0,0.0,0.1,0.0,0.0,Nov,2,4,1,5,New_Visitor,False,False
3,35.3,0,1.3,3,164.27,0.03,0.05,0.0,0.0,Jul,3,2,3,13,Returning_Visitor,True,True
9,101.89,0,0.0,214,5969.57,0.0,0.01,10.69,0.0,Nov,2,5,1,2,Returning_Visitor,False,True
8,103.68,0,0.0,49,4051.38,0.01,0.02,0.0,0.0,May,2,4,3,4,Returning_Visitor,False,False
1,7.0,0,0.0,11,146.08,0.0,0.01,0.0,0.0,Mar,3,2,1,3,Returning_Visitor,True,False
0,0.0,0,0.15,4,112.0,0.03,0.06,0.0,0.6,May,2,2,1,3,Returning_Visitor,False,False
1,44.0,0,0.51,10,798.65,0.0,0.07,0.0,0.0,Sep,1,1,1,2,New_Visitor,False,True
0,0.0,1,0.0,13,1500.37,0.01,0.03,0.0,0.0,May,1,1,2,3,Returning_Visitor,False,False
3,6.0,0,0.0,6,45.5,0.13,0.11,0.0,0.0,Mar,1,1,3,3,Returning_Visitor,False,False
0,1.45,0,0.0,3,22.5,0.0,0.05,0.0,0.0,May,1,1,3,2,Returning_Visitor,True,False
4,55.0,0,0.5,4,13.0,0.0,0.05,0.1,0.0,Dec,2,10,4,2,New_Visitor,False,True
9,179.45,7,277.63,37,829.19,0.0,0.01,13.92,0.0,Nov,2,2,3,2,Returning_Visitor,True,False
0,0.0,1,56.0,9,379.0,0.0,0.03,0.0,0.0,May,2,2,2,4,New_Visitor,False,False
3,97.31,0,0.0,35,1090.49,0.0,0.02,0.03,0.0,Mar,1,1,3,2,Returning_Visitor,True,False
3,81.6,0,1.68,9,1346.2,0.0,0.02,0.01,0.0,Nov,2,2,2,2,New_Visitor,False,False
7,100.2,0,0.0,39,3566.99,0.01,0.01,23.15,0.0,May,2,5,1,5,Returning_Visitor,False,True
5,345.15,2,222.12,19,1328.5,0.03,0.03,12.03,0.0,Nov,3,2,1,13,Returning_Visitor,False,False
1,43.0,0,0.0,46,1505.17,0.0,0.01,0.0,0.0,Mar,2,2,1,2,Returning_Visitor,False,False
1,8.0,0,0.0,5,143.5,0.0,0.01,0.0,0.0,Mar,3,2,2,3,New_Visitor,True,False
0,0.0,0,0.28,2,0.0,0.2,0.2,0.0,0.0,Dec,2,2,7,1,Returning_Visitor,True,False
2,154.5,0,0.0,7,108.42,0.0,0.04,0.0,0.0,Nov,1,2,9,2,New_Visitor,False,False
3,104.18,0,0.0,95,2354.98,0.0,0.01,5.21,0.0,Dec,3,2,1,2,Returning_Visitor,True,False
3,28.0,0,0.0,46,384.16,0.01,0.01,0.0,0.0,May,2,2,4,4,Returning_Visitor,False,False
0,0.0,0,0.0,2,11.0,0.0,0.14,0.0,0.0,May,2,2,1,1,Returning_Visitor,True,False
0,0.0,0,1.54,4,740.91,0.01,0.03,67.99,0.0,Oct,1,2,3,2,Returning_Visitor,True,True
0,0.0,0,0.08,6,1156.5,0.0,0.02,0.02,0.0,Nov,2,2,1,20,Returning_Visitor,False,False
0,1.42,0,0.12,1,0.0,0.2,0.14,0.0,0.0,May,2,2,1,4,Returning_Visitor,False,False
0,0.0,0,0.0,10,146.94,0.04,0.09,0.0,0.59,May,2,5,1,4,Returning_Visitor,False,False
2,132.0,0,0.0,7,1502.35,0.04,0.05,0.0,0.0,May,3,2,1,13,Returning_Visitor,False,False
1,4.0,1,6.46,14,1503.16,0.01,0.05,0.01,0.0,Mar,2,2,7,10,Returning_Visitor,False,False
0,0.0,0,0.0,1,0.0,0.2,0.2,0.03,0.0,May,2,2,1,13,Returning_Visitor,True,False
3,87.96,0,0.0,10,177.96,0.0,0.01,0.0,0.0,Nov,1,1,8,2,New_Visitor,True,False
0,0.0,0,0.29,1,0.0,0.2,0.14,0.06,0.0,Dec,3,2,3,1,Returning_Visitor,False,False
4,115.02,0,0.0,39,1477.15,0.04,0.04,0.78,0.0,Nov,1,1,4,3,Returning_Visitor,False,False
0,1.96,0,0.0,3,149.65,0.0,0.07,0.0,0.2,May,2,2,2,5,Returning_Visitor,False,False
7,119.0,1,5.7,67,1472.58,0.0,0.01,0.9,0.0,May,2,2,3,2,Returning_Visitor,False,False
8,104.28,0,0.0,27,1503.8,0.0,0.01,0.0,0.0,Mar,3,2,1,3,Returning_Visitor,True,False
0,0.0,0,0.32,3,149.78,0.0,0.07,0.01,0.0,June,2,2,3,4,Returning_Visitor,False,False
0,0.0,0,0.0,46,2617.23,0.0,0.01,53.23,0.0,May,2,2,1,2,New_Visitor,True,True
2,500.03,0,0.0,17,815.47,0.0,0.02,0.05,0.0,May,3,2,1,3,Returning_Visitor,False,False
3,23.0,0,0.0,9,91.0,0.0,0.01,0.0,0.0,Mar,2,2,6,18,Returning_Visitor,False,False
6,60.37,0,3.14,16,251.94,0.0,0.04,0.03,0.0,June,2,2,1,4,Returning_Visitor,False,True
10,103.87,0,0.0,45,1010.98,0.0,0.01,0.0,0.0,Dec,2,2,4,2,New_Visitor,True,False
1,40.11,6,505.6,21,838.15,0.0,0.0,0.0,0.0,Nov,3,2,3,2,Returning_Visitor,True,False
11,494.53,0,0.0,33,1504.98,0.0,0.02,9.58,0.0,Nov,2,5,1,3,Returning_Visitor,False,True
3,57.42,0,73.1,42,281.42,0.0,0.05,0.0,0.0,Nov,2,2,4,2,Returning_Visitor,False,False
0,0.0,0,0.0,6,149.05,0.0,0.07,0.0,0.0,May,1,1,8,3,Returning_Visitor,False,False
9,208.1,5,383.75,151,4270.89,0.02,0.02,12.23,0.01,Nov,1,2,1,1,Returning_Visitor,True,False
3,130.35,0,1.72,13,314.85,0.0,0.02,0.0,0.0,June,2,2,6,2,New_Visitor,False,True
0,37.74,5,88.9,11,1481.38,0.01,0.01,0.06,0.0,June,2,2,8,2,New_Visitor,False,False
0,2.45,0,0.0,8,1121.5,0.0,0.13,0.36,0.0,Nov,8,2,4,3,Returning_Visitor,False,False
4,210.5,0,0.0,131,2749.06,0.01,0.02,8.96,0.0,May,2,2,8,1,Returning_Visitor,False,False
2,40.72,5,331.75,7,1350.02,0.05,0.05,0.0,0.4,May,3,2,1,13,Returning_Visitor,False,False
0,0.0,0,0.0,5,241.0,0.0,0.08,0.0,0.59,May,2,2,2,1,Returning_Visitor,True,False
1,19.0,0,0.0,10,413.51,0.0,0.01,0.0,0.0,Dec,3,2,8,8,New_Visitor,False,False
1,104.07,0,0.0,10,1202.88,0.0,0.02,0.0,0.0,Dec,1,1,8,3,Returning_Visitor,False,False
2,21.25,0,0.0,33,968.64,0.02,0.02,0.0,0.0,Nov,3,2,1,8,Returning_Visitor,True,False
0,0.0,0,0.0,30,849.75,0.08,0.14,0.0,0.8,May,2,2,3,6,Returning_Visitor,False,False
3,19.0,0,0.0,53,2544.17,0.0,0.02,0.0,0.0,Dec,2,2,1,2,Returning_Visitor,False,False
0,0.0,0,0.11,38,1656.61,0.02,0.04,0.0,0.0,Dec,3,2,2,2,Returning_Visitor,False,False
3,66.83,0,0.08,125,1503.02,0.01,0.02,0.08,0.0,Nov,2,5,7,1,Returning_Visitor,True,True
0,0.0,0,0.0,15,145.6,0.07,0.07,0.0,0.56,May,3,2,1,3,Returning_Visitor,False,False
0,0.0,0,0.0,7,149.6,0.0,0.07,0.02,0.0,May,1,2,1,2,Returning_Visitor,True,False
4,72.6,0,0.0,14,1256.82,0.0,0.02,0.0,0.0,Nov,1,1,4,2,Returning_Visitor,False,False
11,103.99,0,0.0,46,1484.89,0.01,0.03,0.0,0.0,May,2,2,5,6,Returning_Visitor,False,False
0,0.0,0,0.0,1,0.0,0.13,0.2,0.0,0.0,Feb,1,1,9,3,Returning_Visitor,False,False
2,50.62,0,0.0,42,1503.1,0.0,0.03,0.01,0.0,Mar,2,2,6,1,Returning_Visitor,False,False
16,164.93,5,66.88,55,1899.6,0.01,0.01,8.74,0.01,Nov,2,2,1,3,Returning_Visitor,False,False
10,720.5,2,88.72,220,10580.34,0.0,0.02,0.0,0.0,Nov,2,2,1,1,Returning_Visitor,True,False
0,0.0,0,0.0,3,20.0,0.0,0.07,0.01,0.0,Mar,2,2,2,1,Returning_Visitor,True,False
2,18.0,0,0.0,14,156.27,0.0,0.01,0.0,0.0,Nov,2,2,1,2,New_Visitor,False,False
0,1.7,0,0.16,4,146.76,0.05,0.1,0.01,0.4,May,2,2,1,13,Returning_Visitor,False,False
3,93.68,4,90.0,35,1496.18,0.0,0.02,0.0,0.0,Dec,3,2,4,2,Returning_Visitor,False,False
0,0.0,0,0.56,4,0.0,0.2,0.2,0.0,0.42,May,1,1,3,2,Returning_Visitor,False,False
0,0.0,0,0.09,11,0.0,0.13,0.2,0.0,0.07,Nov,2,4,1,10,Returning_Visitor,True,False
1,103.83,1,115.0,46,1404.46,0.01,0.04,0.03,0.0,Dec,2,2,2,2,Returning_Visitor,True,False
3,152.7,1,75.43,13,200.25,0.02,0.03,0.0,0.0,Mar,2,2,7,1,Returning_Visitor,True,False
0,18.0,0,0.41,46,1288.13,0.0,0.01,13.64,0.0,Nov,2,2,1,3,Returning_Visitor,False,True
4,104.95,0,0.0,41,2303.18,0.01,0.02,0.0,0.0,Dec,2,2,1,2,Returning_Visitor,True,False
0,0.0,0,0.06,13,129.33,0.0,0.01,0.01,0.08,May,2,6,1,1,Returning_Visitor,False,False
4,54.5,0,0.2,46,1457.77,0.0,0.0,67.27,0.0,Dec,2,4,6,2,Returning_Visitor,False,True
0,0.0,0,0.0,2,21.0,0.0,0.1,0.0,0.0,May,3,2,1,3,New_Visitor,False,False
0,0.0,0,0.0,16,1011.0,0.0,0.02,0.0,0.0,Mar,2,2,1,1,Returning_Visitor,False,False
0,0.0,0,0.0,25,948.34,0.0,0.01,0.08,0.0,Nov,2,4,1,3,Returning_Visitor,False,False
0,0.0,0,0.0,45,1492.17,0.03,0.05,0.0,0.0,May,2,2,3,3,Returning_Visitor,False,False
3,43.62,1,16.0,109,3624.06,0.01,0.03,11.33,0.0,Nov,1,2,1,2,Returning_Visitor,False,True
1,61.7,1,34.0,64,1486.35,0.0,0.01,19.12,0.6,May,2,2,7,4,Returning_Visitor,False,True
0,0.0,0,0.0,46,454.29,0.01,0.01,0.0,0.6,May,2,2,1,3,Returning_Visitor,False,False
2,143.25,0,8.85,38,1456.13,0.0,0.01,54.16,0.01,Nov,2,2,7,2,Returning_Visitor,False,True
0,0.0,0,4.33,22,348.43,0.03,0.04,0.18,0.0,Nov,1,8,6,11,Returning_Visitor,False,True
0,0.0,0,0.0,1,0.0,0.2,0.14,0.02,0.0,Mar,3,2,3,1,Returning_Visitor,False,False
0,0.0,0,0.0,13,385.5,0.0,0.01,0.0,0.0,Dec,2,2,4,1,Returning_Visitor,False,False
1,67.5,0,1.54,13,592.25,0.0,0.02,61.92,0.0,Dec,1,1,1,3,New_Visitor,False,True
0,0.0,0,0.0,21,1275.9,0.05,0.14,0.0,0.0,Mar,2,4,5,1,Returning_Visitor,False,False
3,108.14,0,0.63,24,678.0,0.0,0.01,15.5,0.0,May,2,5,7,4,Returning_Visitor,True,True
5,850.0,0,0.0,20,1490.14,0.0,0.05,0.0,0.0,Oct,2,2,9,2,Returning_Visitor,False,False
1,14.81,0,0.21,46,3586.83,0.0,0.04,0.0,0.0,Dec,2,2,1,2,Returning_Visitor,False,False
0,0.0,0,0.0,83,1543.42,0.03,0.06,12.29,0.0,Sep,2,6,4,1,Returning_Visitor,False,False
0,0.0,0,5.26,46,1621.77,0.01,0.04,0.0,0.0,Nov,2,2,1,2,Returning_Visitor,True,False
0,1.66,0,0.0,19,1040.2,0.0,0.01,115.98,0.0,May,2,2,6,2,New_Visitor,True,True
3,63.5,0,0.0,7,155.99,0.0,0.03,0.0,0.0,Dec,1,1,2,2,New_Visitor,False,False
3,80.92,3,242.06,17,1419.52,0.01,0.02,62.17,0.0,Mar,3,2,1,2,Returning_Visitor,False,False
3,1.84,0,0.0,3,18.0,0.0,0.04,0.06,0.0,Dec,2,4,3,2,Other,False,False
0,0.0,0,0.0,2,44.95,0.2,0.14,0.0,0.0,Mar,1,1,4,1,Returning_Visitor,False,False
3,104.88,0,0.0,15,183.1,0.0,0.03,0.0,0.6,May,1,1,3,2,New_Visitor,False,False
0,0.0,0,0.16,3,55.0,0.07,0.14,0.07,0.58,May,1,1,4,20,Returning_Visitor,False,False
5,72.43,1,72.0,50,1143.66,0.0,0.02,4.23,0.0,Mar,2,2,2,1,Returning_Visitor,True,False
2,1.67,0,0.6,3,32.0,0.0,0.07,0.0,0.53,May,2,2,2,2,Returning_Visitor,True,False
0,0.0,0,0.0,5,145.63,0.0,0.03,0.04,0.0,Mar,2,2,1,2,Returning_Visitor,True,False
0,0.0,0,0.48,41,1130.93,0.0,0.02,0.0,0.0,Dec,2,2,8,2,New_Visitor,False,False
1,154.22,0,0.0,0,0.0,0.0,0.07,0.45,0.0,Nov,1,1,1,3,Returning_Visitor,True,True
1,12.0,0,0.0,43,851.89,0.0,0.01,11.66,0.0,Nov,2,2,1,2,Returning_Visitor,False,True
0,0.0,0,0.0,7,151.4,0.0,0.03,0.0,0.0,Dec,1,1,1,2,New_Visitor,True,False
0,0.0,1,0.0,20,581.5,0.01,0.05,0.0,0.0,Sep,2,2,1,1,Returning_Visitor,False,False
4,75.87,0,0.38,72,1822.87,0.01,0.02,11.35,0.0,June,2,2,7,1,Returning_Visitor,False,False
0,0.0,0,0.07,12,1197.47,0.02,0.04,0.02,0.0,Nov,3,2,3,13,Returning_Visitor,False,False
1,2.52,0,0.0,56,60.08,0.07,0.14,0.9,0.0,Nov,3,2,9,20,Returning_Visitor,True,False
11,471.39,3,147.17,47,1504.72,0.0,0.01,11.58,0.0,Dec,2,2,1,6,Returning_Visitor,False,False
0,2.17,0,0.0,1,18.54,0.2,0.2,0.01,0.0,May,1,1,4,3,Returning_Visitor,False,False
1,81.0,0,0.0,93,3359.62,0.0,0.02,0.0,0.0,Nov,2,2,3,1,Returning_Visitor,False,True
3,46.4,0,0.0,5,61.4,0.0,0.01,0.05,0.0,Oct,2,2,3,4,Returning_Visitor,False,False
0,0.0,0,0.0,56,2354.96,0.0,0.02,0.0,0.0,Nov,2,2,1,2,New_Visitor,True,False
3,47.0,0,0.0,13,624.0,0.0,0.02,0.0,0.0,Mar,2,2,1,1,Returning_Visitor,False,False
1,38.14,0,0.0,46,580.2,0.0,0.01,12.32,0.0,Mar,2,2,1,1,Returning_Visitor,False,True
0,0.0,0,0.34,15,618.25,0.0,0.03,0.0,0.0,Nov,2,2,7,8,Returning_Visitor,True,False
0,2.08,0,0.0,23,161.44,0.04,0.07,0.01,0.6,May,2,2,1,3,Returning_Visitor,False,False
0,95.62,0,0.0,56,276.37,0.0,0.0,55.82,0.0,Nov,2,4,1,2,New_Visitor,False,False
0,0.0,0,0.0,15,549.0,0.08,0.13,0.13,0.0,Nov,2,5,1,3,Returning_Visitor,False,False
6,104.03,1,80.5,60,1513.4,0.0,0.02,13.32,0.0,May,3,12,1,6,Returning_Visitor,False,True
1,23.2,0,20.64,27,1061.55,0.01,0.02,43.3,0.0,Aug,2,2,6,2,Returning_Visitor,False,True
0,2.22,0,0.0,3,168.12,0.0,0.07,0.0,0.2,May,2,5,1,2,Returning_Visitor,False,False
9,113.09,2,812.0,47,3282.58,0.01,0.04,26.01,0.0,Nov,2,2,3,1,Returning_Visitor,False,False
0,0.0,0,0.0,1,5.39,0.13,0.2,0.11,0.0,Nov,2,1,1,1,Returning_Visitor,False,False
0,0.0,0,0.08,5,60.0,0.0,0.05,0.0,0.0,Dec,2,2,1,20,Returning_Visitor,False,False
3,15.0,0,0.0,7,50.5,0.0,0.03,0.01,0.0,Mar,2,2,1,3,Returning_Visitor,False,False
4,60.0,2,37.83,21,868.02,0.0,0.01,40.73,0.0,Dec,1,1,1,2,New_Visitor,False,True
10,459.33,0,0.0,25,2408.82,0.0,0.01,5.07,0.0,Nov,3,2,7,8,Returning_Visitor,True,True
10,110.79,5,89.1,225,1439.85,0.01,0.04,2.66,0.0,June,2,2,6,1,Returning_Visitor,False,False
7,337.0,4,334.39,261,6558.31,0.01,0.03,0.95,0.0,Nov,2,2,1,2,Returning_Visitor,False,True
0,0.0,0,0.25,20,1559.6,0.0,0.03,0.02,0.0,Mar,2,4,1,1,Returning_Visitor,False,False
0,5.47,0,0.0,50,1149.43,0.03,0.03,4.55,0.0,May,4,2,3,4,Returning_Visitor,False,True
0,0.0,0,0.0,2,738.64,0.0,0.1,0.0,0.0,Jul,2,2,9,13,Returning_Visitor,True,False
0,2.14,0,0.0,39,1294.6,0.0,0.01,0.0,0.0,Nov,3,2,1,20,Returning_Visitor,True,False
3,104.06,2,108.0,46,1474.45,0.0,0.01,12.06,0.0,May,1,1,1,2,Returning_Visitor,True,False
1,26.0,1,0.0,55,887.06,0.0,0.02,0.0,0.0,Mar,2,5,1,1,Returning_Visitor,True,False
3,0.0,0,0.31,9,257.9,0.01,0.04,0.32,0.0,June,1,1,1,20,Returning_Visitor,True,False
0,0.0,0,0.0,10,127.5,0.0,0.02,0.0,0.0,Mar,3,2,1,10,Returning_Visitor,False,False
8,160.5,2,1467.0,26,721.0,0.0,0.03,0.16,0.0,Mar,2,2,1,1,Returning_Visitor,False,False
3,9.5,0,0.0,46,528.97,0.01,0.04,3.3,0.0,May,2,2,2,3,Returning_Visitor,False,False
7,103.91,3,92.33,31,892.72,0.0,0.01,31.14,0.01,Oct,2,2,1,6,Returning_Visitor,False,False
4,353.5,0,0.0,48,583.08,0.0,0.01,0.05,0.0,Nov,1,1,1,2,Returning_Visitor,False,False
0,28.34,1,11.0,54,1299.2,0.0,0.02,0.0,0.0,Sep,1,1,3,2,Returning_Visitor,False,False
0,0.0,0,0.0,11,1429.91,0.0,0.01,0.0,0.0,Dec,1,1,3,2,New_Visitor,False,False
0,3.01,0,0.0,13,443.5,0.0,0.07,3.16,0.0,May,2,5,3,4,Returning_Visitor,True,True
3,104.03,0,0.0,12,295.68,0.0,0.02,0.0,0.0,Mar,2,2,3,2,New_Visitor,False,False
0,1.58,0,0.0,4,0.0,0.0,0.2,0.18,0.8,May,3,2,3,13,Returning_Visitor,False,False
5,178.17,4,162.67,21,883.54,0.0,0.02,0.0,0.0,Mar,2,2,2,1,Returning_Visitor,False,False
0,0.0,0,0.0,46,1871.9,0.01,0.02,0.02,0.0,Dec,1,1,1,3,Returning_Visitor,False,False
0,2.41,0,0.16,37,511.17,0.02,0.04,0.0,1.0,May,3,2,1,13,Returning_Visitor,True,False
2,53.4,0,0.0,3,66.4,0.0,0.02,0.0,0.0,Oct,1,1,4,2,Returning_Visitor,True,False
0,0.0,1,80.24,47,4053.09,0.01,0.03,0.7,0.0,Mar,1,1,1,2,Returning_Visitor,False,False
3,62.67,0,0.19,46,1805.28,0.0,0.02,0.0,0.0,Dec,1,1,2,2,Returning_Visitor,False,False
6,634.5,3,312.75,172,433.32,0.01,0.02,0.0,0.0,Nov,2,4,1,2,Returning_Visitor,False,False
4,104.03,0,0.07,20,364.7,0.0,0.03,0.0,0.0,Oct,2,2,1,4,Returning_Visitor,False,False
0,0.0,0,0.0,2,34.0,0.0,0.05,0.0,0.4,Feb,3,2,2,3,Returning_Visitor,False,False
0,1.95,0,0.0,13,303.5,0.0,0.01,0.06,0.0,Nov,3,2,1,2,Returning_Visitor,False,False
13,189.22,3,22.5,108,4033.47,0.01,0.01,0.46,0.0,Nov,2,2,9,1,Returning_Visitor,True,True
11,365.12,4,65.5,51,6479.83,0.01,0.03,0.0,0.0,Nov,1,1,3,2,Returning_Visitor,False,False
0,0.0,1,26.0,90,4875.61,0.02,0.04,0.04,0.0,Nov,2,2,7,1,Returning_Visitor,False,True
0,2.33,0,0.0,15,266.8,0.0,0.02,0.0,0.01,May,2,5,7,4,Returning_Visitor,False,False
0,0.0,0,0.0,4,158.0,0.05,0.1,0.01,0.52,May,3,2,1,13,Returning_Visitor,False,False
0,1.52,0,0.0,46,3386.0,0.03,0.06,0.0,0.8,May,2,2,1,6,Returning_Visitor,False,False
0,0.0,0,0.0,2,0.0,0.2,0.2,0.0,0.0,May,2,2,6,13,Returning_Visitor,False,False
0,1.49,0,0.0,1,0.0,0.2,0.14,0.0,0.0,Mar,3,2,3,2,Returning_Visitor,False,False
3,120.0,0,0.0,13,293.0,0.0,0.01,0.0,0.0,Mar,3,2,1,10,Returning_Visitor,False,False
8,259.28,2,80.79,53,1854.24,0.0,0.01,22.22,0.0,Nov,2,2,9,1,Returning_Visitor,False,False
3,59.79,0,0.23,39,1506.05,0.0,0.0,0.14,0.0,Nov,2,4,1,2,New_Visitor,False,False
12,255.52,0,0.0,38,436.86,0.0,0.01,0.0,0.0,Oct,2,2,1,5,Returning_Visitor,True,False
5,488.46,0,0.0,56,3327.54,0.01,0.02,0.0,0.0,Dec,2,2,3,1,Returning_Visitor,False,False
0,0.0,0,0.28,32,556.6,0.01,0.04,0.0,0.0,Mar,2,2,3,1,Returning_Visitor,False,False
9,197.64,1,0.0,14,172.43,0.01,0.03,0.0,0.0,May,3,2,1,6,Returning_Visitor,True,False
2,44.0,0,0.0,8,182.0,0.0,0.01,0.0,0.0,May,2,4,1,2,New_Visitor,False,False
7,496.71,0,0.74,52,3572.24,0.01,0.01,13.95,0.01,Oct,2,2,8,2,Returning_Visitor,False,False
3,316.5,0,0.0,8,298.69,0.0,0.0,0.0,0.0,May,3,2,2,8,New_Visitor,True,False
0,1.74,0,0.0,18,628.83,0.0,0.01,0.05,0.0,Mar,1,1,2,2,Returning_Visitor,True,False
0,2.29,0,0.23,5,54.5,0.0,0.04,0.0,0.0,Dec,2,5,1,2,New_Visitor,False,False
1,4.12,1,17.0,126,5276.23,0.01,0.03,0.0,0.0,Dec,2,2,9,1,Returning_Visitor,True,False
4,126.5,0,0.0,5,138.8,0.0,0.0,0.0,0.0,May,1,1,1,4,Returning_Visitor,True,False
3,68.4,1,6.0,41,728.87,0.04,0.06,0.35,0.0,Oct,3,2,1,3,Returning_Visitor,True,False
10,335.17,5,219.0,107,6235.07,0.01,0.02,12.34,0.0,Nov,1,1,1,2,Returning_Visitor,False,False
3,113.0,0,0.0,31,316.83,0.0,0.03,0.16,0.6,May,1,1,1,2,Returning_Visitor,False,False
0,0.0,0,0.35,7,15.0,0.0,0.1,0.08,0.0,May,2,10,7,3,Returning_Visitor,False,False
3,67.4,0,1.07,8,281.1,0.0,0.05,12.25,0.0,Nov,3,2,1,20,Returning_Visitor,False,True
0,1.76,0,0.0,13,159.17,0.02,0.05,0.0,0.0,Nov,2,2,3,1,Returning_Visitor,False,False
0,2.96,0,0.0,13,222.5,0.0,0.01,0.0,0.0,May,2,2,7,2,Returning_Visitor,False,False
4,103.5,0,0.0,28,884.8,0.0,0.01,0.0,0.0,May,1,1,1,4,Returning_Visitor,False,False
1,9.0,0,0.0,43,536.68,0.0,0.0,0.0,0.0,Mar,2,2,1,3,Returning_Visitor,False,False
0,9.01,0,0.0,13,149.79,0.0,0.02,0.0,0.0,Dec,3,2,1,11,Returning_Visitor,False,False
3,217.67,0,0.42,18,494.67,0.01,0.02,33.15,0.0,Mar,3,2,1,2,Returning_Visitor,False,True
7,54.64,1,79.83,67,1498.47,0.0,0.03,4.15,0.0,May,2,2,7,4,Returning_Visitor,False,False
6,10.38,2,79.85,204,1473.99,0.0,0.06,0.0,0.0,May,2,2,7,4,Returning_Visitor,False,False
1,9.18,0,1.1,0,0.0,0.0,0.03,0.07,0.0,Aug,3,2,6,2,Returning_Visitor,True,True
0,0.0,0,0.11,12,241.2,0.05,0.14,0.0,0.6,May,3,2,6,4,Returning_Visitor,True,False
0,1.66,0,0.0,14,313.02,0.0,0.02,0.0,0.0,Nov,3,2,4,2,Returning_Visitor,False,False
0,0.0,0,0.16,5,178.2,0.0,0.02,0.0,0.0,Mar,1,1,1,2,Returning_Visitor,False,False
0,0.0,0,0.18,2,0.0,0.2,0.2,0.02,0.01,May,1,1,3,3,Returning_Visitor,False,False
3,104.93,0,0.0,46,1502.9,0.0,0.0,59.21,0.0,Nov,2,2,3,1,Returning_Visitor,False,True
0,4.78,0,0.0,30,469.1,0.0,0.01,0.0,0.0,Jul,2,4,4,2,Returning_Visitor,False,False
6,213.5,0,0.0,58,303.5,0.01,0.02,87.9,0.0,Dec,8,13,9,20,Other,False,True
0,0.0,0,0.18,5,167.29,0.04,0.12,0.0,0.0,Nov,1,1,1,3,Returning_Visitor,False,False
5,258.04,0,0.23,85,2197.2,0.02,0.03,12.33,0.8,May,2,2,1,2,Returning_Visitor,False,False
3,138.0,2,1005.0,62,2450.44,0.0,0.01,4.87,0.0,May,2,2,4,4,Returning_Visitor,True,False
8,197.71,6,130.52,55,1359.77,0.0,0.08,0.0,0.0,Nov,2,2,1,11,Returning_Visitor,True,False
2,36.5,0,0.0,46,770.38,0.0,0.02,0.0,0.0,Dec,2,2,3,2,Returning_Visitor,False,False
3,98.6,0,5.81,7,131.8,0.0,0.02,17.77,0.0,Oct,2,2,7,2,Returning_Visitor,False,True
0,1.9,0,21.99,44,1502.41,0.0,0.03,7.53,0.0,May,2,2,1,2,Returning_Visitor,True,False
8,112.67,2,81.42,144,4204.13,0.0,0.02,0.24,0.0,Nov,2,2,1,2,Returning_Visitor,False,False
0,0.0,0,0.88,14,208.9,0.0,0.01,0.0,0.0,Nov,1,8,4,11,Returning_Visitor,True,False
0,4.94,0,0.0,7,1180.3,0.03,0.03,0.0,0.09,May,3,3,9,1,Returning_Visitor,False,False
3,117.5,0,0.0,8,193.86,0.0,0.02,0.0,0.0,Nov,1,1,2,2,Returning_Visitor,True,True
4,600.42,0,0.0,17,1477.88,0.0,0.01,0.12,0.0,Mar,2,2,1,8,Returning_Visitor,False,True
0,0.0,0,0.0,2,9.0,0.0,0.07,0.32,0.0,Nov,1,1,8,6,Returning_Visitor,False,False
3,94.6,0,0.0,17,265.5,0.0,0.01,0.0,0.0,Oct,2,2,1,2,New_Visitor,False,False
3,50.95,1,80.44,38,1323.09,0.01,0.01,5.62,0.0,May,3,2,8,2,Returning_Visitor,True,False
0,0.0,0,0.0,9,267.75,0.0,0.02,0.08,0.0,Nov,3,2,8,2,New_Visitor,True,False
3,104.07,0,0.0,46,1387.94,0.03,0.05,0.0,0.0,Sep,2,2,3,1,Returning_Visitor,False,False
3,104.17,0,0.11,59,1702.37,0.0,0.01,12.24,0.0,May,2,2,6,1,Returning_Visitor,False,True
3,104.22,1,8.0,79,2693.58,0.0,0.0,0.0,0.0,Dec,1,1,3,2,Returning_Visitor,False,False
0,0.0,0,0.0,2,42.0,0.0,0.05,0.0,0.0,Mar,2,2,6,3,Returning_Visitor,False,False
2,135.54,0,0.0,19,685.76,0.0,0.03,0.0,0.0,Sep,2,2,3,4,Returning_Visitor,True,False
0,0.0,0,0.0,6,123.75,0.0,0.01,0.0,0.0,May,2,2,3,6,Returning_Visitor,False,False
3,475.0,0,0.0,33,2760.72,0.04,0.03,0.0,0.0,Mar,3,2,1,13,Returning_Visitor,False,False
0,0.0,0,0.0,7,117.0,0.0,0.03,0.0,0.0,May,2,10,2,1,Returning_Visitor,True,False
1,60.5,0,0.0,21,431.97,0.0,0.02,0.01,0.0,Nov,2,5,1,2,Returning_Visitor,False,False
0,3.43,0,0.08,13,1001.3,0.0,0.03,0.0,0.0,Dec,2,2,1,1,Returning_Visitor,False,False
3,1.44,0,0.0,61,2183.5,0.0,0.03,0.0,0.0,Mar,2,2,7,9,Returning_Visitor,True,False
2,105.5,1,437.5,55,1984.03,0.0,0.0,12.35,0.0,May,3,2,1,2,Returning_Visitor,True,False
4,47.25,0,0.0,2,24.25,0.0,0.05,0.0,0.0,Dec,2,2,1,2,New_Visitor,False,False
0,9.0,0,0.16,37,2368.11,0.03,0.05,9.71,0.01,Nov,1,1,8,1,Returning_Visitor,True,False
6,192.5,0,0.0,13,414.15,0.0,0.02,0.0,0.0,Mar,1,1,1,2,Returning_Visitor,True,False
6,161.52,0,0.0,13,295.7,0.0,0.03,0.0,0.0,Nov,3,2,8,2,Returning_Visitor,False,False
5,232.4,0,0.0,6,181.24,0.04,0.06,0.0,0.0,May,1,1,1,3,Returning_Visitor,True,False
2,104.19,0,0.0,14,2077.17,0.0,0.01,0.0,0.0,Nov,2,2,8,2,Returning_Visitor,False,False
0,0.0,0,0.0,10,208.01,0.03,0.08,0.04,0.0,Mar,1,1,3,1,Returning_Visitor,False,False
0,2.99,0,0.0,111,2805.04,0.01,0.04,0.0,0.0,Nov,4,1,3,3,Returning_Visitor,False,False
0,2.78,0,0.0,44,197.42,0.02,0.14,0.33,0.03,Dec,4,1,1,2,Returning_Visitor,False,False
1,59.9,2,8.0,15,2359.52,0.02,0.03,3.48,0.0,June,1,1,3,3,Returning_Visitor,False,False
0,0.0,0,0.0,46,1385.67,0.0,0.02,0.0,0.0,Nov,2,2,1,1,Returning_Visitor,False,False
0,0.0,0,0.05,11,142.12,0.0,0.03,0.0,0.0,Nov,2,2,6,2,Returning_Visitor,False,False
6,76.25,0,0.0,22,1502.1,0.0,0.01,0.0,0.0,Dec,2,2,4,2,Returning_Visitor,False,False
1,28.0,0,0.45,19,362.0,0.0,0.02,0.0,0.19,May,2,2,2,5,Returning_Visitor,False,False
0,0.0,0,0.0,46,1484.53,0.0,0.0,0.0,0.0,Dec,2,2,3,1,New_Visitor,False,False
9,189.11,3,39.0,73,3059.01,0.01,0.02,10.31,0.0,Nov,2,2,3,2,Returning_Visitor,True,True
6,81.54,0,0.18,23,808.04,0.02,0.04,0.0,0.0,Dec,2,2,7,1,Returning_Visitor,True,False
3,104.06,1,80.37,24,567.25,0.0,0.01,0.0,0.0,May,2,5,3,2,Returning_Visitor,False,False
1,21.2,0,0.0,53,2224.63,0.01,0.04,0.04,0.0,Aug,2,2,3,3,Returning_Visitor,False,False
3,107.14,1,34.2,69,3051.53,0.0,0.02,0.0,0.0,Oct,2,2,9,3,Returning_Visitor,False,False
3,0.0,2,22.09,93,1389.91,0.02,0.02,0.0,0.0,May,2,2,1,4,Returning_Visitor,False,False
2,129.74,0,0.0,5,47.3,0.0,0.02,36.03,0.0,Sep,2,2,1,3,Returning_Visitor,False,True
3,103.76,0,0.0,8,292.5,0.0,0.03,0.0,0.0,Mar,2,2,1,3,Returning_Visitor,True,False
7,104.26,0,0.0,6,154.43,0.0,0.01,0.0,0.0,Oct,1,1,3,2,New_Visitor,False,False
0,1.58,0,0.2,55,0.0,0.2,0.2,0.46,0.0,Nov,3,2,1,3,Returning_Visitor,False,False
3,0.0,0,0.0,22,1489.04,0.0,0.02,0.18,0.0,Mar,2,2,2,8,Returning_Visitor,True,False
0,2.23,0,0.28,10,422.5,0.0,0.02,0.0,0.0,Nov,3,2,5,10,Returning_Visitor,False,False
4,106.0,0,0.0,7,180.42,0.0,0.03,0.0,0.02,Nov,3,6,3,2,New_Visitor,False,False
0,0.0,0,0.0,11,415.83,0.04,0.06,0.0,0.0,Nov,3,2,1,13,Returning_Visitor,True,False
7,144.8,1,11.27,31,1374.63,0.02,0.03,0.0,0.0,Jul,1,1,3,4,Returning_Visitor,False,False
0,0.0,0,0.19,34,920.55,0.03,0.04,0.0,0.0,Dec,3,2,1,1,Returning_Visitor,True,False
2,104.16,0,0.0,46,1741.48,0.0,0.0,12.64,0.0,Mar,2,10,1,2,Returning_Visitor,False,False
3,41.33,0,0.0,136,4569.9,0.0,0.01,0.0,0.8,May,2,2,4,4,Returning_Visitor,False,False
0,2.25,0,0.0,2,14.0,0.0,0.11,0.0,0.0,Dec,4,2,1,1,Returning_Visitor,True,False
0,0.0,0,0.0,29,1970.0,0.0,0.0,100.73,0.0,Oct,4,1,5,2,Returning_Visitor,False,True
0,1.69,0,0.0,4,26.5,0.0,0.05,0.01,0.0,Mar,2,2,9,2,Returning_Visitor,True,False
18,505.4,1,10.0,46,4434.28,0.01,0.03,4.53,0.0,Dec,2,2,1,1,Returning_Visitor,False,False
3,26.7,2,69.98,16,703.3,0.0,0.01,0.0,0.0,Aug,2,4,3,4,Returning_Visitor,False,False
0,1.9,0,1.45,45,1503.48,0.01,0.01,0.0,0.0,Nov,3,2,3,1,Returning_Visitor,False,False
3,35.55,0,0.0,46,1199.92,0.0,0.01,23.66,0.0,Jul,3,2,3,4,Returning_Visitor,False,False
3,9.44,0,0.68,46,2193.15,0.01,0.02,9.09,0.0,Mar,1,1,2,3,Returning_Visitor,False,True
0,0.0,0,0.11,12,145.45,0.0,0.02,0.01,0.0,Dec,2,2,7,3,Returning_Visitor,False,False
0,0.0,0,0.0,22,0.0,0.0,0.1,0.0,0.0,Mar,2,2,2,3,Returning_Visitor,False,False
0,0.0,0,0.0,6,65.0,0.03,0.05,0.0,0.0,May,2,2,4,13,Returning_Visitor,True,False
0,2.92,0,0.0,46,1919.55,0.0,0.03,4.28,0.0,Nov,2,2,4,1,Returning_Visitor,False,False
0,0.0,1,55.09,31,1503.12,0.0,0.03,0.01,0.0,Nov,2,2,3,2,Returning_Visitor,False,False
3,122.04,0,0.0,14,338.79,0.0,0.03,0.02,0.0,Dec,3,2,7,3,New_Visitor,False,False
1,40.5,0,0.0,7,170.0,0.0,0.02,0.0,0.0,Dec,2,2,1,2,Returning_Visitor,False,False
0,1.66,0,0.0,38,667.17,0.0,0.01,0.0,0.0,May,2,2,4,1,Returning_Visitor,True,False
6,446.38,0,4.39,46,1483.97,0.01,0.01,37.55,0.0,Nov,2,2,1,2,Returning_Visitor,False,False
1,0.0,1,93.58,23,1463.46,0.02,0.02,72.52,0.0,May,2,2,1,4,Returning_Visitor,True,True
3,75.0,0,0.0,46,1066.0,0.0,0.01,0.0,0.0,May,2,2,1,4,Returning_Visitor,False,False
4,132.0,0,0.0,85,2299.39,0.0,0.01,0.0,0.0,May,2,2,2,3,Returning_Visitor,False,False
0,0.0,0,0.0,5,152.59,0.0,0.05,0.01,0.0,Dec,2,2,1,2,Returning_Visitor,False,False
0,0.0,0,0.07,20,545.1,0.0,0.03,0.0,0.0,Jul,3,2,8,1,Returning_Visitor,False,False
0,0.0,0,0.33,3,0.0,0.2,0.2,0.0,0.0,Nov,3,2,7,13,Returning_Visitor,False,False
3,78.0,0,0.0,6,29.0,0.03,0.05,0.0,0.01,Dec,1,1,7,2,Returning_Visitor,True,False
2,107.83,0,0.14,6,84.25,0.03,0.04,0.0,0.0,May,3,2,4,20,Returning_Visitor,False,False
2,84.24,1,730.17,47,6266.21,0.0,0.01,8.93,0.0,May,2,2,1,2,Returning_Visitor,True,False
1,0.0,0,0.0,20,809.0,0.01,0.03,0.06,0.0,Dec,2,5,1,1,Returning_Visitor,False,False
3,276.0,0,0.0,24,1021.2,0.0,0.02,82.43,0.0,Dec,1,1,1,2,Returning_Visitor,False,False
0,2.15,0,0.0,5,252.5,0.0,0.02,0.0,0.0,Dec,2,2,7,2,Returning_Visitor,False,False
0,0.0,0,0.17,3,0.0,0.13,0.2,0.06,0.0,Dec,8,13,9,20,Returning_Visitor,False,False
2,0.0,1,60.0,43,1131.81,0.03,0.05,0.0,0.0,Mar,1,1,3,3,Returning_Visitor,False,False
0,0.0,0,0.0,57,980.83,0.0,0.04,0.0,0.8,May,2,2,3,6,Returning_Visitor,False,False
0,0.0,0,0.0,1,0.0,0.13,0.2,0.01,0.0,Dec,2,2,1,1,Returning_Visitor,False,False
0,0.0,0,0.0,36,872.83,0.0,0.01,81.03,0.0,Nov,2,2,1,8,New_Visitor,False,True
1,0.0,0,0.0,23,440.58,0.03,0.04,0.66,0.01,Dec,1,1,8,2,Returning_Visitor,True,False
0,0.0,0,0.22,14,258.0,0.16,0.14,0.0,0.3,May,3,2,6,13,Returning_Visitor,False,False
0,0.0,5,140.0,26,1501.63,0.01,0.04,0.0,0.0,Dec,3,2,1,2,Returning_Visitor,False,False
5,89.62,2,12.32,31,1063.42,0.01,0.02,0.0,0.0,Nov,3,2,1,2,Returning_Visitor,True,False
0,0.0,0,0.0,34,1497.92,0.01,0.03,0.15,0.4,May,2,2,3,4,Returning_Visitor,False,False
7,500.46,0,0.0,7,244.73,0.0,0.02,0.0,0.0,Nov,1,1,4,2,New_Visitor,False,False
0,12.64,0,0.0,7,1721.67,0.04,0.03,0.0,0.0,Nov,1,1,3,3,Returning_Visitor,False,False
0,0.0,0,0.0,13,329.21,0.02,0.03,0.0,0.0,Nov,2,2,1,2,Returning_Visitor,False,False
4,251.0,9,172.0,64,4326.67,0.01,0.02,0.0,0.0,Dec,2,2,4,2,Returning_Visitor,False,False
0,3.89,0,0.0,21,1396.81,0.0,0.01,0.0,0.0,Mar,3,2,6,1,Returning_Visitor,False,False
3,136.0,1,62.32,30,2205.67,0.0,0.01,28.33,0.0,May,2,2,4,6,Returning_Visitor,False,True
3,160.5,0,0.0,10,414.79,0.0,0.02,0.0,0.0,Mar,1,1,7,10,Returning_Visitor,False,False
0,1.59,0,0.05,9,148.33,0.04,0.06,0.02,0.0,May,3,2,6,3,Returning_Visitor,False,False
2,37.0,1,8.43,18,270.55,0.0,0.03,0.0,0.0,May,2,5,3,6,Returning_Visitor,False,False
0,1.61,0,1.06,16,421.25,0.0,0.04,0.0,0.0,May,1,1,1,1,Returning_Visitor,False,False
0,0.0,0,0.0,2,67.0,0.0,0.1,0.0,0.0,Mar,1,1,4,9,Returning_Visitor,False,False
0,2.01,0,0.26,2,17.0,0.0,0.14,0.04,0.0,Dec,2,2,1,10,Returning_Visitor,False,False
0,7.43,5,173.54,27,1546.76,0.0,0.01,6.66,0.0,Oct,2,6,3,20,Returning_Visitor,False,False
4,148.5,1,118.0,156,4764.43,0.0,0.04,22.32,0.0,Mar,2,2,5,2,Returning_Visitor,False,False
0,0.0,0,0.12,13,219.5,0.02,0.04,0.0,0.02,May,2,1,3,3,Returning_Visitor,False,False
0,0.0,0,0.0,7,166.34,0.0,0.04,0.01,0.0,Dec,3,2,6,13,Returning_Visitor,False,False
0,18.0,0,0.0,26,1499.77,0.03,0.05,15.95,0.11,Dec,2,2,1,1,Returning_Visitor,False,True
10,295.93,1,76.72,190,6759.31,0.01,0.04,11.69,0.0,Nov,2,2,3,10,Returning_Visitor,True,False
0,0.0,0,0.0,16,157.9,0.05,0.06,0.0,0.0,May,2,2,1,3,Returning_Visitor,False,False
0,2.71,0,0.0,13,94.8,0.07,0.06,0.0,0.0,Nov,3,2,4,13,Returning_Visitor,False,False
3,27.0,0,0.0,17,1723.0,0.0,0.0,0.0,0.0,May,2,5,9,4,New_Visitor,False,False
0,0.0,0,0.21,3,15.0,0.13,0.13,0.0,0.4,May,2,2,4,1,Returning_Visitor,False,False
9,418.67,0,0.0,21,1476.0,0.02,0.02,23.07,0.0,May,2,2,1,5,Returning_Visitor,False,False
3,102.54,0,0.15,13,300.67,0.0,0.01,0.0,0.0,May,1,8,1,2,Returning_Visitor,False,False
0,1.89,0,0.07,17,85.67,0.0,0.04,0.0,0.0,Mar,2,2,6,1,Returning_Visitor,False,False
0,0.0,0,0.08,2,21.1,0.2,0.2,0.0,0.0,June,3,2,3,13,Returning_Visitor,False,False
0,0.0,0,0.0,56,1514.04,0.02,0.02,0.0,0.0,Dec,3,2,1,3,Returning_Visitor,False,False
0,0.0,0,0.07,46,1608.5,0.01,0.03,0.01,0.6,May,2,2,9,1,Returning_Visitor,False,False
1,6.0,0,1.64,23,249.06,0.0,0.0,0.5,0.0,Nov,3,2,6,10,New_Visitor,True,True
0,0.0,0,0.06,10,411.92,0.0,0.04,0.0,0.0,Dec,3,2,1,2,Returning_Visitor,False,True
0,2.14,0,0.0,14,115.67,0.06,0.08,0.0,0.0,May,3,2,1,13,Returning_Visitor,False,False
1,85.1,0,0.0,8,194.23,0.08,0.08,0.14,0.0,Nov,3,3,1,1,Returning_Visitor,False,False
4,103.6,1,27.2,26,2609.0,0.01,0.0,61.85,0.0,Nov,2,6,1,2,Returning_Visitor,False,True
11,102.17,1,20.0,25,1222.62,0.0,0.03,0.0,0.0,Dec,2,2,1,2,Returning_Visitor,False,False
10,363.13,0,0.0,40,991.72,0.01,0.01,0.02,0.0,Mar,1,2,1,1,Returning_Visitor,False,False
1,21.2,0,0.0,24,1504.09,0.0,0.02,30.05,0.0,Sep,2,2,1,2,Returning_Visitor,False,True
0,0.0,0,0.0,1,0.0,0.2,0.2,0.01,0.0,May,1,1,9,3,Returning_Visitor,False,False
0,0.0,2,174.0,105,6801.27,0.0,0.02,0.0,0.0,Nov,2,2,3,2,Returning_Visitor,False,False
0,0.0,0,0.74,8,262.17,0.0,0.03,0.0,0.0,May,2,2,1,2,Returning_Visitor,False,False
1,3.5,0,0.0,13,1186.36,0.0,0.01,9.84,0.0,Nov,3,2,5,2,New_Visitor,False,True
0,0.0,0,0.32,46,606.79,0.02,0.05,0.0,0.4,May,1,1,1,3,Returning_Visitor,False,False
0,1.75,0,0.0,6,192.43,0.0,0.05,0.0,0.6,May,2,10,2,3,Returning_Visitor,False,False
4,76.6,7,89.53,87,4131.16,0.01,0.03,0.0,0.0,Sep,2,2,1,3,Returning_Visitor,False,False
1,2.04,0,0.0,5,147.64,0.07,0.14,0.0,0.52,May,1,1,4,1,Returning_Visitor,False,False
0,0.0,0,0.16,46,662.67,0.01,0.04,0.01,0.4,May,2,2,4,2,Returning_Visitor,False,False
0,1.81,0,0.0,41,4373.85,0.0,0.03,0.0,0.0,Nov,2,5,1,3,Returning_Visitor,False,False
0,2.34,0,0.2,21,263.0,0.01,0.04,0.0,0.0,Mar,2,6,2,3,Returning_Visitor,False,False
2,50.4,0,0.44,14,652.71,0.01,0.05,0.02,0.0,Sep,3,6,4,2,Returning_Visitor,False,False
5,104.21,0,0.0,46,1503.03,0.01,0.03,0.0,0.0,Nov,3,2,1,2,Returning_Visitor,False,False
3,86.0,0,0.0,18,1461.84,0.01,0.03,0.01,0.0,Nov,3,2,1,2,Returning_Visitor,False,False
5,104.13,0,0.0,94,2129.54,0.0,0.01,0.0,0.0,May,3,2,1,3,Returning_Visitor,False,False
2,63.5,1,19.98,46,1667.16,0.0,0.0,4.5,0.0,Jul,2,4,1,1,Returning_Visitor,True,False
15,4.39,1,32.75,95,3879.83,0.0,0.02,0.0,0.0,Nov,3,2,3,10,Returning_Visitor,True,True
8,456.9,0,1.22,35,1498.0,0.0,0.01,12.25,0.0,Dec,2,2,2,2,Returning_Visitor,False,True
0,0.0,0,0.0,21,344.17,0.01,0.01,13.59,0.0,Oct,1,1,3,2,Returning_Visitor,False,True
0,0.0,0,0.57,3,181.0,0.13,0.1,0.31,0.0,Dec,2,2,3,2,Returning_Visitor,True,False
0,0.0,0,0.0,22,657.42,0.02,0.05,0.17,0.0,May,3,2,3,4,Returning_Visitor,True,False
0,0.0,0,0.0,24,1499.12,0.0,0.02,31.82,0.0,Dec,3,2,8,2,Returning_Visitor,False,True
3,104.05,0,0.82,10,409.47,0.01,0.04,0.0,0.0,Dec,2,2,1,2,Returning_Visitor,False,False
1,46.5,0,0.13,22,1502.25,0.01,0.05,0.0,0.0,Dec,1,1,2,3,Returning_Visitor,False,False
0,0.0,0,0.24,2,8.79,0.0,0.1,0.0,0.0,Mar,2,2,1,1,Returning_Visitor,False,False
0,2.79,0,0.0,11,315.6,0.0,0.02,0.0,0.0,Mar,1,1,6,3,Returning_Visitor,True,False
6,803.47,0,0.0,30,634.69,0.08,0.11,0.0,0.0,Nov,3,2,8,13,Returning_Visitor,False,False
12,214.05,0,0.0,33,536.32,0.01,0.02,0.0,0.0,Dec,1,1,1,2,Returning_Visitor,False,False
0,0.0,0,0.0,8,136.75,0.0,0.1,0.0,0.0,Mar,2,2,2,10,Returning_Visitor,False,False
6,95.92,0,0.0,46,671.55,0.0,0.02,28.13,0.01,Dec,2,2,7,2,Returning_Visitor,False,False
0,0.0,0,0.65,38,1355.37,0.0,0.01,0.0,0.0,Nov,1,2,6,2,Returning_Visitor,False,False
8,117.02,2,85.71,47,900.6,0.0,0.01,0.0,0.0,May,2,2,2,4,Returning_Visitor,False,False
3,135.5,0,0.13,30,1480.83,0.0,0.02,4.35,0.0,Dec,2,2,8,2,Returning_Visitor,False,True
3,100.8,0,0.0,20,221.78,0.0,0.0,0.0,0.0,Nov,1,1,1,2,Returning_Visitor,False,False
0,0.0,0,0.0,4,69.0,0.0,0.02,0.0,0.0,Mar,1,1,1,2,Returning_Visitor,False,False
2,104.77,0,0.0,22,664.01,0.0,0.01,19.1,0.0,Dec,4,1,3,2,Returning_Visitor,True,True
0,0.0,0,0.0,46,1501.24,0.0,0.05,0.06,0.0,Nov,2,4,1,1,Returning_Visitor,False,False
4,104.39,0,74.23,219,6747.41,0.0,0.02,5.41,0.0,June,2,2,6,1,Returning_Visitor,False,False
5,36.87,0,0.0,123,3886.82,0.0,0.02,0.0,0.0,June,2,2,1,4,Returning_Visitor,False,False
1,1.94,0,0.14,46,1269.92,0.01,0.03,0.0,1.0,May,2,2,7,2,Returning_Visitor,True,False
1,3.5,0,0.0,11,332.5,0.0,0.01,0.0,0.2,May,2,2,2,1,Returning_Visitor,False,False
3,120.67,0,0.0,10,261.6,0.0,0.01,0.0,0.0,May,2,7,1,2,New_Visitor,False,False
2,34.5,0,0.19,17,491.83,0.0,0.01,0.02,0.0,Dec,1,1,3,2,New_Visitor,False,False
5,134.75,3,16.0,139,806.25,0.0,0.03,12.38,0.0,Nov,1,1,1,2,Returning_Visitor,False,True
0,3.48,0,0.0,14,148.0,0.06,0.1,0.0,0.6,May,3,2,4,1,Returning_Visitor,False,False
2,21.33,0,1.33,3,45.33,0.0,0.02,0.0,0.0,May,3,2,4,2,Returning_Visitor,True,False
10,511.5,4,164.0,73,2490.14,0.0,0.01,30.09,0.0,Mar,2,2,7,2,Returning_Visitor,False,False
0,1.88,0,0.23,6,85.75,0.0,0.05,0.0,0.0,Nov,2,4,1,2,Returning_Visitor,False,False
5,58.76,0,0.14,46,1506.67,0.01,0.02,12.58,0.6,May,2,2,2,6,Returning_Visitor,False,True
0,1.91,0,0.0,9,214.75,0.0,0.03,0.11,0.0,Nov,1,1,3,6,Returning_Visitor,False,False
9,490.44,0,1.86,534,18504.13,0.01,0.02,12.26,0.0,Nov,2,2,3,2,Returning_Visitor,True,True
4,63.6,0,0.0,27,414.17,0.01,0.02,0.0,0.0,May,1,1,2,3,Returning_Visitor,True,False
3,86.6,0,0.0,35,1466.08,0.0,0.01,0.0,0.0,Oct,2,5,1,2,Returning_Visitor,False,False
0,13.18,1,1220.0,28,1491.06,0.0,0.04,0.36,0.0,Mar,2,2,1,2,Returning_Visitor,True,False
0,7.36,0,0.0,11,199.5,0.13,0.14,0.0,0.0,Jul,3,2,1,1,Returning_Visitor,False,False
2,28.0,2,175.5,46,1253.33,0.01,0.01,39.72,0.0,Mar,2,2,1,2,Returning_Visitor,False,True
0,0.0,0,0.0,54,3371.05,0.0,0.02,0.0,0.56,May,2,4,1,3,Returning_Visitor,False,False
3,230.1,0,0.0,35,1504.03,0.02,0.02,0.0,0.0,Jul,3,2,6,1,Returning_Visitor,False,False
1,0.0,0,0.0,48,1732.07,0.03,0.05,13.13,0.0,Nov,2,2,9,10,Returning_Visitor,False,False
12,187.28,3,88.58,46,3266.13,0.0,0.04,12.41,0.0,Nov,1,1,1,10,Returning_Visitor,False,False
0,2.62,0,0.0,30,480.61,0.03,0.04,0.0,0.0,May,3,2,3,3,Returning_Visitor,False,False
3,97.57,2,80.47,27,1686.97,0.01,0.02,7.96,0.0,Mar,2,6,7,2,Returning_Visitor,False,False
9,468.37,1,88.0,49,3772.41,0.0,0.0,59.45,0.0,May,2,2,2,4,Returning_Visitor,True,True
3,105.17,3,65.4,13,1036.53,0.03,0.05,11.48,0.0,Nov,3,2,1,4,Returning_Visitor,True,False
0,3.08,0,0.0,8,102.75,0.0,0.07,0.0,0.0,Dec,2,2,9,6,Returning_Visitor,False,False
3,0.0,0,0.0,1,145.35,0.0,0.07,0.0,0.0,Mar,3,2,6,2,Returning_Visitor,True,False
3,101.24,0,2.78,64,1226.39,0.0,0.01,12.49,0.0,Mar,2,4,2,1,Returning_Visitor,False,True
8,522.25,0,0.0,53,1899.06,0.0,0.01,12.26,0.0,Dec,1,1,1,2,Returning_Visitor,False,False
0,1.8,0,0.44,3,152.7,0.0,0.05,0.03,0.0,Dec,2,4,3,2,Returning_Visitor,False,False
0,0.0,0,0.0,8,170.0,0.08,0.08,0.0,0.0,Mar,1,1,4,3,Returning_Visitor,True,False
3,105.19,5,869.0,34,1123.1,0.02,0.05,12.19,0.0,May,2,2,4,4,Returning_Visitor,False,False
0,5.5,1,12.0,46,1470.97,0.01,0.02,0.09,0.0,May,3,2,4,2,Returning_Visitor,False,False
1,0.0,0,0.96,7,82.2,0.06,0.11,0.0,0.0,June,2,2,2,4,Returning_Visitor,False,False
2,58.0,0,0.0,6,294.11,0.0,0.01,0.0,0.0,Mar,3,2,8,2,New_Visitor,False,False
0,3.98,0,0.0,13,101.6,0.06,0.14,0.0,0.0,June,2,2,3,13,Returning_Visitor,False,False
4,93.99,4,216.0,46,1243.5,0.0,0.01,32.81,0.0,May,2,1,2,2,Returning_Visitor,False,True
0,0.0,0,0.0,10,17.24,0.2,0.2,0.0,0.6,May,2,2,7,3,Returning_Visitor,False,False
0,0.0,0,0.0,13,178.83,0.0,0.04,0.0,0.6,May,2,2,1,2,Returning_Visitor,False,False
3,66.5,3,65.75,152,3684.32,0.01,0.03,12.22,0.0,Nov,2,2,1,2,Returning_Visitor,False,True
3,51.5,0,0.15,21,1504.48,0.0,0.03,12.32,0.6,May,3,2,2,3,Returning_Visitor,False,True
7,152.6,1,50.5,30,1089.29,0.0,0.01,23.6,0.0,Nov,2,2,4,2,Returning_Visitor,False,False
0,0.0,0,0.0,37,327.71,0.01,0.04,0.13,0.0,Nov,2,4,1,3,Returning_Visitor,False,False
0,0.0,0,0.0,14,253.17,0.01,0.05,0.0,0.6,May,3,2,4,13,Returning_Visitor,False,False
0,1.51,0,1.59,46,1333.91,0.01,0.01,0.04,0.0,Nov,2,2,2,2,Returning_Visitor,False,False
0,1.48,0,0.0,4,0.0,0.13,0.2,0.16,0.0,Feb,3,2,3,3,Returning_Visitor,False,False
3,139.0,2,20.0,31,960.83,0.01,0.02,1.02,0.0,May,1,1,3,4,Returning_Visitor,True,False
0,0.0,0,0.25,6,157.95,0.05,0.04,0.0,0.2,May,2,2,1,3,Returning_Visitor,False,False
0,0.0,0,0.0,2,3.83,0.2,0.14,0.0,0.0,Dec,2,2,6,1,Returning_Visitor,True,False
1,64.0,0,0.0,54,1268.44,0.0,0.0,0.0,0.01,May,4,2,2,4,Returning_Visitor,False,False
0,0.0,0,0.0,24,610.63,0.0,0.02,0.25,0.0,Nov,1,1,3,2,Returning_Visitor,True,True
0,0.0,0,0.0,20,1503.49,0.0,0.04,0.3,0.0,Nov,2,2,1,3,Returning_Visitor,False,True
0,0.0,0,0.29,21,761.25,0.0,0.01,0.0,0.0,May,3,2,3,1,Returning_Visitor,False,False
0,28.8,1,2195.3,21,378.4,0.03,0.07,0.0,0.0,Nov,1,1,3,1,Returning_Visitor,False,False
2,64.75,0,0.0,44,1498.55,0.0,0.01,0.0,0.0,Nov,2,2,1,10,Returning_Visitor,False,False
3,40.6,0,0.0,18,340.92,0.0,0.02,0.03,0.0,Sep,2,4,1,5,Returning_Visitor,False,False
3,104.08,0,0.17,54,1500.74,0.01,0.01,0.0,0.0,Oct,2,5,7,3,Returning_Visitor,False,False
1,0.0,2,84.21,47,4627.49,0.0,0.02,0.02,0.0,Nov,2,2,1,2,Returning_Visitor,False,True
0,1.77,0,0.34,21,882.75,0.0,0.02,0.0,0.0,Dec,2,2,2,2,New_Visitor,False,False
3,97.0,0,0.0,13,739.58,0.01,0.01,0.02,0.0,May,1,1,6,4,New_Visitor,False,False
0,0.0,0,1.07,5,200.93,0.04,0.12,0.0,0.0,Mar,1,1,3,1,Returning_Visitor,False,False
0,0.0,0,0.0,20,333.0,0.02,0.04,0.0,0.0,Dec,2,2,1,1,Returning_Visitor,False,False
3,0.0,0,0.0,159,5878.94,0.01,0.02,0.0,0.0,Nov,2,2,1,2,Returning_Visitor,False,True
0,0.0,0,0.0,1,0.0,0.13,0.2,0.61,0.01,Dec,6,7,3,15,Returning_Visitor,False,False
0,1.7,0,0.0,28,160.0,0.0,0.01,0.03,0.56,May,2,2,2,2,Returning_Visitor,False,False
0,0.0,2,52.0,12,1502.58,0.02,0.03,0.07,0.0,May,2,2,3,3,Returning_Visitor,False,False
5,83.0,0,0.0,5,29.5,0.04,0.06,0.0,0.0,Dec,1,1,4,2,Returning_Visitor,True,False
1,49.0,0,0.0,112,2237.6,0.0,0.02,0.0,0.0,Dec,1,1,1,2,Returning_Visitor,False,False
4,44.75,0,0.0,9,414.27,0.0,0.03,0.0,0.0,Nov,2,2,1,2,Returning_Visitor,False,False
3,53.4,0,0.0,1,0.0,0.05,0.1,0.0,0.0,Sep,1,1,6,3,Returning_Visitor,False,False
7,167.01,0,0.0,40,1432.11,0.0,0.03,0.0,0.0,Dec,3,2,2,2,Returning_Visitor,False,False
0,1.73,0,0.0,29,367.34,0.0,0.01,0.01,0.55,May,2,2,3,2,Returning_Visitor,False,False
2,306.0,0,0.0,14,964.5,0.0,0.03,0.02,0.0,Mar,2,2,4,1,Returning_Visitor,False,False
0,7.07,1,27.0,20,566.5,0.0,0.02,0.0,0.6,May,3,2,1,3,Returning_Visitor,False,False
0,0.0,0,0.0,7,753.0,0.0,0.01,0.01,0.0,Mar,2,2,1,2,Returning_Visitor,False,False
0,0.0,0,0.0,20,197.38,0.0,0.03,0.01,0.0,Mar,2,6,6,1,Returning_Visitor,False,False
2,452.5,0,0.0,18,762.24,0.0,0.0,0.17,0.0,Nov,1,1,6,2,New_Visitor,False,False
1,115.11,2,272.5,30,974.27,0.01,0.05,11.48,0.0,Mar,2,2,4,1,Returning_Visitor,True,True
3,176.0,0,0.0,21,654.5,0.01,0.03,0.16,0.2,May,1,1,2,3,Returning_Visitor,False,False
3,106.06,0,0.0,44,844.94,0.0,0.02,0.01,0.0,Dec,1,2,1,10,Returning_Visitor,False,False
7,104.83,2,80.0,14,246.79,0.0,0.01,0.0,0.0,May,2,2,1,3,New_Visitor,False,False
0,0.0,0,0.42,25,1225.86,0.01,0.04,0.0,0.6,May,2,2,5,3,Returning_Visitor,False,False
0,0.0,0,0.0,46,1867.03,0.0,0.02,0.0,0.0,Nov,2,4,4,2,Returning_Visitor,False,False
0,0.0,0,0.0,42,1020.01,0.01,0.02,0.1,0.0,Dec,3,2,7,1,Returning_Visitor,True,False
3,104.25,0,0.0,46,1503.75,0.0,0.01,0.0,0.0,Jul,2,2,6,1,Returning_Visitor,False,False
3,77.75,0,0.59,18,941.92,0.0,0.0,0.0,0.0,Nov,2,2,1,2,New_Visitor,False,False
0,0.0,0,0.0,13,162.09,0.02,0.04,0.0,0.6,May,2,2,1,2,Returning_Visitor,False,False
9,104.08,2,310.5,19,123.5,0.0,0.02,0.0,0.0,Dec,1,1,3,2,Returning_Visitor,False,False
0,0.0,0,0.0,47,2493.99,0.02,0.03,0.05,0.0,Dec,2,4,9,1,Returning_Visitor,False,True
0,0.0,0,0.0,36,955.38,0.0,0.01,0.0,0.0,Dec,2,2,7,2,New_Visitor,True,False
0,0.0,0,0.0,1,0.0,0.2,0.2,0.0,0.0,May,1,1,2,3,New_Visitor,False,False
1,3.24,1,37.3,7,156.57,0.06,0.14,0.0,0.0,Nov,2,2,1,13,Returning_Visitor,False,False
0,1.8,0,0.13,1,34.8,0.2,0.14,0.0,0.0,Mar,2,5,1,3,Returning_Visitor,False,False
3,227.0,0,0.0,5,157.55,0.0,0.01,0.21,0.0,Mar,1,1,3,2,New_Visitor,False,False
0,0.0,4,105.73,22,1087.99,0.0,0.02,0.05,0.0,Nov,2,2,3,2,Returning_Visitor,False,False
0,0.0,0,0.0,47,1144.48,0.04,0.06,0.0,0.0,May,3,2,3,13,Returning_Visitor,False,False
0,0.0,0,0.0,8,206.5,0.05,0.05,0.0,0.0,Dec,1,1,1,8,New_Visitor,False,False
0,0.0,0,0.0,39,0.0,0.2,0.14,1.33,0.0,Jul,3,2,1,13,Returning_Visitor,False,False
3,103.79,0,0.0,11,131.3,0.0,0.02,0.0,0.0,Mar,2,2,1,2,New_Visitor,False,False
9,65.54,0,1.38,47,744.17,0.0,0.0,0.0,0.0,Mar,2,4,1,3,Returning_Visitor,False,False
1,2.0,0,0.0,46,1335.74,0.0,0.0,20.16,0.0,Nov,2,4,1,3,Returning_Visitor,True,True
2,73.29,0,0.18,28,1489.42,0.0,0.01,0.06,0.0,May,1,2,6,4,Returning_Visitor,True,False
11,441.85,0,0.0,122,2577.45,0.0,0.01,75.28,0.0,Nov,1,1,1,2,New_Visitor,False,True
1,90.95,0,0.0,15,762.0,0.0,0.01,0.15,0.0,Nov,2,2,9,11,Returning_Visitor,False,False
3,129.0,0,0.0,31,1495.69,0.0,0.03,18.11,0.0,Mar,2,2,6,1,Returning_Visitor,False,True
8,535.75,2,12.0,44,2178.67,0.01,0.03,15.0,0.0,May,1,2,2,13,Returning_Visitor,False,False
0,0.0,0,0.11,77,1504.0,0.01,0.03,0.34,0.0,Nov,1,1,1,2,Returning_Visitor,False,False
0,0.0,0,0.0,47,490.08,0.0,0.0,11.99,0.53,May,2,8,1,3,New_Visitor,False,True
0,0.0,0,0.0,13,323.92,0.0,0.01,61.4,0.0,Mar,1,1,4,10,New_Visitor,False,True
0,0.0,0,0.0,4,1077.46,0.0,0.07,0.0,0.0,Mar,2,2,5,1,Returning_Visitor,True,False
2,13.0,0,0.0,23,855.17,0.01,0.03,0.0,0.0,Mar,2,5,1,3,Returning_Visitor,False,False
6,146.42,0,0.0,46,2405.65,0.0,0.03,0.0,0.0,Dec,2,2,1,2,Returning_Visitor,False,True
7,140.57,1,7.1,43,1912.75,0.02,0.01,19.64,0.0,Nov,3,2,6,5,Returning_Visitor,False,False
1,63.4,0,0.0,6,137.6,0.0,0.04,0.08,0.0,Oct,2,2,3,1,Returning_Visitor,False,False
3,15.0,0,2.52,102,4021.17,0.0,0.01,0.0,0.0,Nov,2,2,1,2,Returning_Visitor,False,False
9,34.18,0,0.0,70,1216.67,0.0,0.0,0.0,0.0,Nov,2,4,3,5,New_Visitor,False,False
3,35.0,0,0.77,46,979.08,0.0,0.01,60.05,0.0,Mar,2,2,3,2,Returning_Visitor,False,True
0,0.0,0,0.39,49,2110.12,0.0,0.02,62.94,0.0,Nov,2,2,1,10,Returning_Visitor,False,True
7,40.5,0,0.0,39,1503.89,0.0,0.01,0.0,0.0,May,2,2,1,3,Returning_Visitor,True,False
3,218.0,0,0.0,13,284.5,0.0,0.0,0.0,0.0,Mar,2,2,1,2,New_Visitor,False,False
5,206.0,0,0.0,15,650.7,0.0,0.02,0.0,0.0,Mar,1,1,1,3,New_Visitor,False,False
0,0.0,0,0.19,1,2.7,0.2,0.2,0.0,0.0,Mar,2,2,1,1,Returning_Visitor,False,False
2,11.0,0,0.0,14,101.25,0.0,0.04,0.0,0.6,May,2,2,3,2,Returning_Visitor,False,False
0,0.0,0,0.0,26,586.85,0.02,0.03,0.0,0.0,Dec,3,2,1,10,Returning_Visitor,False,False
3,60.0,3,23.0,46,2524.5,0.0,0.02,6.45,0.0,May,3,2,1,2,Returning_Visitor,True,False
0,0.0,0,0.0,32,386.18,0.0,0.02,0.0,0.0,Jul,1,1,1,4,Returning_Visitor,False,False
0,0.0,0,0.0,1,146.08,0.2,0.2,0.0,0.0,Mar,1,1,8,1,Returning_Visitor,False,False
0,0.0,0,0.33,13,421.17,0.0,0.03,0.0,0.8,May,1,1,1,2,Returning_Visitor,False,False
3,17.0,0,0.47,62,1493.35,0.01,0.04,0.0,0.0,Dec,2,2,1,2,Returning_Visitor,False,False
7,1443.1,0,205.0,225,588.91,0.0,0.01,9.24,0.0,Nov,2,2,4,2,Returning_Visitor,False,True
1,11.0,0,0.0,6,43.7,0.0,0.06,0.02,0.0,Oct,2,2,1,2,Returning_Visitor,False,False
5,157.5,5,433.5,46,599.5,0.0,0.03,12.4,0.0,Nov,1,1,1,2,New_Visitor,False,False
0,0.0,0,0.22,6,144.88,0.0,0.01,0.01,0.0,May,2,2,1,2,Returning_Visitor,False,False
0,1.69,0,0.0,1,0.0,0.2,0.2,0.02,0.0,Mar,1,1,3,3,Returning_Visitor,False,False
1,26.0,1,55.0,12,457.0,0.01,0.04,2.99,0.0,Mar,2,2,9,6,Returning_Visitor,True,False
5,436.0,0,0.0,7,163.03,0.07,0.14,0.0,0.0,May,3,2,2,13,Returning_Visitor,False,False
3,0.0,0,3.99,64,170.53,0.01,0.0,37.97,0.0,Nov,2,5,1,5,New_Visitor,False,True
0,0.0,0,0.07,48,1304.67,0.02,0.05,0.01,0.6,May,3,2,1,2,Returning_Visitor,False,False
0,2.01,1,14.35,46,1497.76,0.0,0.0,0.0,0.0,Aug,2,4,1,2,New_Visitor,False,False
0,1.67,0,0.0,11,445.89,0.0,0.05,0.0,0.2,May,2,2,3,4,Returning_Visitor,False,False
0,0.0,0,0.0,47,286.46,0.0,0.0,57.82,0.0,Nov,2,4,1,2,New_Visitor,False,True
0,0.0,0,0.0,24,255.32,0.03,0.03,0.0,0.6,May,2,2,8,1,Returning_Visitor,True,False
0,3.0,0,0.0,1,15.24,0.2,0.14,0.0,0.0,Nov,1,1,9,3,Returning_Visitor,False,False
0,0.0,0,0.0,4,163.5,0.0,0.03,0.25,0.0,Nov,2,6,2,2,Returning_Visitor,False,False
3,203.0,0,0.0,28,2394.0,0.03,0.05,0.0,0.06,May,2,2,7,3,Returning_Visitor,False,False
1,5.0,0,0.0,9,2397.5,0.0,0.02,0.0,0.0,Dec,4,1,3,3,Returning_Visitor,False,False
8,116.97,0,7.32,19,1135.88,0.01,0.01,0.0,0.0,May,3,2,4,2,New_Visitor,True,False
0,0.0,0,0.05,5,273.5,0.0,0.05,0.0,0.32,May,2,2,6,4,Returning_Visitor,False,False
0,1.52,0,0.59,6,108.0,0.06,0.08,0.0,0.0,May,2,2,3,2,Returning_Visitor,False,False
6,34.0,0,0.0,69,2456.3,0.0,0.0,0.0,0.0,May,2,2,3,2,Returning_Visitor,False,False
0,0.0,0,0.0,8,147.9,0.0,0.03,0.0,0.0,Mar,2,2,1,1,Returning_Visitor,True,False
1,0.0,0,0.0,1,56.99,0.13,0.2,0.0,0.0,Dec,8,13,9,20,Other,False,False
3,1629.33,3,80.35,47,4509.82,0.0,0.02,0.0,0.0,May,2,1,3,3,Returning_Visitor,False,False
0,0.0,0,0.0,13,423.18,0.01,0.02,0.03,0.0,Nov,3,2,7,10,Returning_Visitor,False,False
0,0.0,0,0.0,7,151.95,0.03,0.06,0.04,0.0,May,2,2,3,3,Returning_Visitor,True,False
2,35.5,0,2.73,45,1419.66,0.01,0.02,18.25,0.0,Dec,4,2,3,1,Returning_Visitor,False,False
1,2.78,1,7.0,25,591.89,0.0,0.05,165.62,0.0,May,1,1,8,4,Returning_Visitor,True,True
0,1.57,0,0.0,9,356.51,0.16,0.18,0.0,0.0,May,2,2,2,3,Returning_Visitor,False,False
0,2.6,0,0.0,5,17.0,0.0,0.1,0.01,0.4,May,2,2,4,4,Returning_Visitor,False,False
1,78.0,0,0.0,21,555.89,0.0,0.0,24.75,0.0,Mar,1,1,1,2,New_Visitor,False,True
0,0.0,0,0.0,14,1489.94,0.0,0.02,0.0,0.0,Mar,1,1,1,3,Returning_Visitor,True,False
7,188.17,0,0.0,52,1089.64,0.0,0.01,0.01,0.0,May,2,5,6,5,Returning_Visitor,True,True
0,0.0,0,0.0,5,0.0,0.2,0.14,0.0,0.0,Aug,2,2,7,3,Returning_Visitor,False,False
3,48.05,1,11.0,55,3494.07,0.0,0.01,4.01,0.0,Nov,2,2,3,1,Returning_Visitor,False,False
0,0.0,0,0.0,24,400.97,0.08,0.09,0.0,0.0,Dec,1,1,2,3,Returning_Visitor,False,False
3,48.0,0,0.12,52,1472.4,0.02,0.05,13.33,0.0,May,2,2,3,3,Returning_Visitor,False,False
3,25.0,0,0.55,20,733.5,0.02,0.02,0.0,0.0,May,3,2,2,2,Returning_Visitor,False,False
0,0.0,0,0.0,5,90.67,0.04,0.14,0.0,0.0,May,2,2,1,6,Returning_Visitor,False,False
0,1.57,1,28.75,82,2375.11,0.01,0.03,0.0,0.0,Nov,2,2,1,1,Returning_Visitor,True,False
0,1.58,1,80.22,10,649.5,0.0,0.02,0.0,0.0,May,2,2,1,2,Returning_Visitor,False,False
0,1.54,0,0.0,1,0.0,0.0,0.2,0.06,0.0,Mar,2,2,2,1,Returning_Visitor,False,False
0,0.0,0,0.0,46,947.39,0.01,0.03,0.0,0.0,Dec,1,1,1,10,Returning_Visitor,False,False
0,0.0,0,0.0,4,152.14,0.13,0.17,0.08,0.6,May,3,2,3,3,Returning_Visitor,False,False
0,0.0,0,0.13,5,258.5,0.0,0.03,0.43,0.0,May,1,1,4,2,Returning_Visitor,True,False
3,273.96,3,86.4,46,1182.43,0.0,0.0,19.67,0.0,Nov,2,2,1,13,Returning_Visitor,True,True
11,104.26,3,144.5,37,1630.14,0.02,0.04,0.0,0.0,Nov,2,2,7,2,Returning_Visitor,False,True
3,77.67,0,0.16,41,1414.71,0.02,0.03,8.63,0.0,Nov,3,2,3,2,Returning_Visitor,False,True
10,186.77,3,431.07,122,2743.21,0.0,0.01,1.48,0.0,Nov,2,2,1,2,Returning_Visitor,False,True
4,49.86,0,0.0,94,4804.83,0.01,0.02,0.0,0.0,Nov,2,2,1,2,Returning_Visitor,False,True
1,3.0,0,0.0,10,577.17,0.0,0.02,0.05,0.0,Dec,4,1,3,1,Returning_Visitor,False,False
3,112.96,0,0.0,13,3014.02,0.01,0.06,0.0,0.0,Mar,2,5,1,2,Returning_Visitor,False,False
0,0.0,0,0.0,9,82.5,0.0,0.03,0.0,0.0,Dec,2,2,1,1,Returning_Visitor,False,False
0,0.0,0,0.25,3,311.0,0.1,0.17,0.0,0.6,May,1,1,1,3,Returning_Visitor,False,False
0,0.0,0,0.0,2,86.0,0.0,0.05,0.0,0.0,Mar,1,1,1,9,Returning_Visitor,True,False
0,0.0,0,0.0,4,40.5,0.0,0.05,0.03,0.0,May,4,1,1,3,Returning_Visitor,False,False
0,0.0,0,0.21,46,1496.02,0.0,0.01,0.0,0.0,Dec,2,2,6,2,New_Visitor,False,False
1,1.65,0,0.0,7,153.6,0.0,0.02,0.0,0.0,Mar,2,2,1,8,New_Visitor,True,False
0,0.0,0,0.12,13,315.3,0.0,0.03,0.29,0.0,Nov,1,1,1,3,Returning_Visitor,False,False
3,70.6,0,0.0,11,160.43,0.1,0.11,0.03,0.0,Dec,1,1,1,3,Returning_Visitor,False,False
3,104.54,0,0.0,49,1574.65,0.0,0.01,15.07,0.0,Nov,2,2,6,2,Returning_Visitor,False,True
0,1.84,0,0.0,4,46.0,0.0,0.05,0.13,0.0,May,1,1,7,2,Returning_Visitor,False,False
3,98.25,0,0.0,13,303.25,0.0,0.01,0.0,0.0,Mar,2,2,2,2,New_Visitor,True,False
12,430.16,14,622.4,57,3684.86,0.02,0.01,34.46,0.0,Nov,3,2,1,3,Returning_Visitor,True,False
9,79.61,5,61.0,53,1849.63,0.0,0.01,17.2,0.01,May,2,6,2,3,Returning_Visitor,False,False
0,0.0,0,0.0,49,3414.88,0.02,0.03,0.0,0.0,Nov,2,2,7,2,Returning_Visitor,False,False
11,572.58,2,103.79,226,13717.4,0.0,0.03,45.16,0.0,Nov,2,2,1,2,Returning_Visitor,False,True
11,311.92,0,0.0,40,633.4,0.0,0.02,0.04,0.0,Mar,2,2,1,3,Returning_Visitor,False,False
5,72.5,0,0.0,16,1503.45,0.01,0.03,0.0,0.0,May,2,4,1,2,New_Visitor,True,False
0,1.51,0,0.0,24,1316.58,0.0,0.03,0.0,0.6,May,2,2,2,4,Returning_Visitor,True,False
0,0.0,0,0.0,16,1533.0,0.0,0.01,0.0,0.0,Mar,2,2,3,1,Returning_Visitor,False,False
0,3.68,0,0.15,46,985.0,0.13,0.09,0.0,0.0,June,3,2,3,13,Returning_Visitor,False,False
0,4.53,1,81.21,19,472.54,0.0,0.02,0.68,0.0,Nov,1,1,4,2,Returning_Visitor,False,False
0,0.0,0,0.0,46,1016.88,0.04,0.05,0.0,0.0,Jul,3,2,4,4,Returning_Visitor,False,False
0,0.0,0,0.0,18,770.55,0.01,0.03,0.0,0.0,Nov,2,10,7,10,Returning_Visitor,False,False
2,1223.0,4,563.18,21,1500.16,0.0,0.03,0.0,0.0,Dec,3,2,1,2,Returning_Visitor,True,False
2,2.71,0,0.55,33,601.97,0.01,0.01,0.01,0.0,Dec,2,2,7,2,Returning_Visitor,False,False
9,57.96,0,1.22,32,498.2,0.0,0.01,27.61,0.0,Nov,2,2,1,2,Returning_Visitor,False,False
0,0.0,0,0.0,8,187.9,0.0,0.05,1.77,0.0,Nov,1,1,3,8,New_Visitor,True,False
13,428.02,2,11.0,133,6678.48,0.0,0.02,22.98,0.0,May,2,2,1,4,Returning_Visitor,False,False
0,0.0,0,0.0,21,289.5,0.01,0.04,0.08,0.0,Dec,2,2,1,1,Returning_Visitor,False,False
0,3.85,0,0.0,86,1481.48,0.01,0.03,0.0,0.6,May,2,5,3,3,Returning_Visitor,False,False
0,0.0,0,0.64,20,559.92,0.0,0.0,10.3,0.0,May,1,1,1,2,Returning_Visitor,True,True
1,16.0,1,29.0,19,1083.69,0.02,0.02,19.32,0.0,May,3,2,1,2,Returning_Visitor,False,False
0,4.64,0,0.0,1,0.0,0.0,0.1,0.0,0.0,Dec,8,13,9,20,Other,False,False
0,0.0,0,0.0,24,528.0,0.03,0.06,0.0,0.0,May,2,2,4,3,Returning_Visitor,False,False
0,1.42,0,0.29,14,536.81,0.0,0.01,24.5,0.0,May,3,2,2,6,New_Visitor,False,True
0,0.0,0,0.0,9,389.0,0.12,0.12,0.0,0.57,May,3,2,2,13,Returning_Visitor,False,False
15,304.58,0,0.0,48,761.22,0.01,0.02,0.0,0.0,Oct,3,2,1,3,Returning_Visitor,True,False
2,194.4,0,0.0,13,148.5,0.01,0.04,0.14,0.0,Jul,2,2,4,3,New_Visitor,False,False
3,2.04,0,0.17,6,156.0,0.06,0.1,0.0,0.0,May,1,1,1,4,Returning_Visitor,True,False
0,1.67,0,0.0,4,146.16,0.1,0.14,0.0,0.01,May,3,2,1,13,Returning_Visitor,False,False
0,1.95,0,0.0,2,0.0,0.13,0.2,0.07,0.0,May,1,1,3,2,Returning_Visitor,True,False
0,0.0,0,0.0,8,7.0,0.05,0.15,0.0,0.59,May,2,2,7,4,Returning_Visitor,False,False
1,0.0,0,0.05,9,837.67,0.0,0.02,0.0,0.0,May,3,2,1,13,Returning_Visitor,False,False
4,73.5,0,0.0,59,4679.03,0.0,0.03,0.0,0.0,Dec,2,2,1,13,Returning_Visitor,False,False
3,185.0,6,263.0,6,133.33,0.0,0.02,0.23,0.0,Mar,3,2,3,3,Returning_Visitor,False,False
1,0.0,0,0.22,0,0.0,0.13,0.2,0.16,0.0,Dec,3,2,1,3,Returning_Visitor,True,False
0,4.01,0,0.09,46,1735.6,0.0,0.01,0.01,0.2,May,2,2,3,1,Returning_Visitor,False,False
6,103.59,0,0.0,25,437.22,0.03,0.04,0.0,0.0,Mar,3,2,1,1,Returning_Visitor,True,False
3,4.48,3,140.83,46,5478.53,0.01,0.04,8.09,0.0,May,2,2,3,6,Returning_Visitor,False,False
4,493.25,0,0.12,4,1543.78,0.0,0.01,0.0,0.0,Oct,3,2,1,2,Returning_Visitor,False,False
0,0.0,0,0.0,46,1504.24,0.0,0.03,0.0,0.0,Sep,2,2,3,1,Returning_Visitor,False,False
7,485.19,1,4.0,155,2374.97,0.03,0.04,0.1,0.0,Jul,3,2,4,2,Returning_Visitor,False,False
3,102.68,0,0.72,46,2818.09,0.02,0.02,2.05,0.0,May,1,1,6,2,Returning_Visitor,False,False
0,0.0,0,0.0,46,527.5,0.0,0.0,0.02,0.8,May,2,2,1,4,Returning_Visitor,False,False
8,115.7,0,1.68,24,1360.32,0.0,0.02,0.0,0.0,Dec,2,2,1,2,Returning_Visitor,False,False
6,104.04,0,0.0,21,884.33,0.0,0.03,17.95,0.0,May,3,2,5,2,Returning_Visitor,False,False
0,0.0,0,0.0,2,0.0,0.2,0.2,0.0,0.0,Mar,1,1,1,1,Returning_Visitor,False,False
0,0.0,0,0.0,11,146.5,0.02,0.02,0.0,0.0,Nov,1,1,1,2,Returning_Visitor,False,False
5,613.5,0,0.62,53,14129.88,0.0,0.0,12.5,0.0,Nov,4,2,9,2,Returning_Visitor,True,True
0,0.0,0,0.0,15,145.72,0.0,0.04,0.0,0.0,May,2,2,1,3,Returning_Visitor,True,False
0,0.0,0,0.0,14,724.77,0.03,0.04,0.0,0.0,Nov,3,2,1,3,Returning_Visitor,True,False
3,64.3,0,0.0,46,2199.52,0.0,0.04,3.18,0.0,Oct,2,2,3,1,Returning_Visitor,False,False
2,190.4,1,274.0,39,1321.85,0.0,0.02,0.0,0.0,Aug,2,2,8,1,Returning_Visitor,False,False
21,1079.18,4,176.5,67,2162.84,0.01,0.02,0.55,0.0,Nov,3,2,1,3,Returning_Visitor,True,False
5,130.33,2,68.0,46,2660.25,0.0,0.0,59.12,0.0,May,2,2,1,4,Returning_Visitor,False,False
2,38.0,0,0.0,15,33.33,0.0,0.03,0.0,0.0,Nov,2,2,8,2,Returning_Visitor,False,True
1,6.0,0,0.0,46,2011.31,0.0,0.01,0.0,0.0,Nov,2,2,1,3,Returning_Visitor,False,False
4,229.25,0,1.9,8,372.25,0.02,0.01,0.67,0.0,Oct,1,2,1,4,Returning_Visitor,False,False
1,11.49,0,0.0,2,587.58,0.13,0.15,0.0,0.6,May,1,1,5,2,Returning_Visitor,False,False
0,0.0,1,100.0,22,2175.99,0.01,0.05,0.01,0.0,Mar,2,2,3,2,Returning_Visitor,False,False
0,0.0,0,0.0,11,123.0,0.0,0.04,0.0,0.0,May,2,2,1,13,Returning_Visitor,False,False
0,0.0,0,0.0,17,185.16,0.0,0.03,0.0,0.61,May,2,2,9,3,Returning_Visitor,False,False
0,4.05,0,0.0,21,499.75,0.01,0.03,0.0,0.0,Nov,2,4,3,10,Returning_Visitor,False,True
11,155.6,0,1.59,13,248.6,0.0,0.01,0.06,0.0,Aug,2,2,1,5,New_Visitor,False,False
0,0.0,0,0.0,20,1499.9,0.0,0.03,0.0,0.0,Mar,2,2,1,1,Returning_Visitor,False,False
1,38.0,1,1.37,28,1522.82,0.03,0.03,0.0,0.0,May,3,2,2,13,Returning_Visitor,False,False
0,0.0,0,0.0,13,338.2,0.03,0.05,0.0,0.0,May,1,1,4,4,Returning_Visitor,True,False
0,0.0,0,0.0,13,170.61,0.0,0.02,0.0,0.0,Nov,3,2,6,2,New_Visitor,True,False
2,98.6,0,1.3,11,1519.6,0.01,0.04,18.41,0.0,Nov,2,2,2,1,Returning_Visitor,True,False
3,35.0,0,0.0,7,117.08,0.0,0.04,0.01,0.0,Dec,2,2,1,2,Returning_Visitor,False,False
3,103.1,0,0.0,9,34.0,0.0,0.03,0.0,0.0,May,2,2,9,5,New_Visitor,False,False
0,0.0,0,0.0,5,25.0,0.13,0.16,0.03,0.59,May,3,2,1,3,Returning_Visitor,False,False
0,0.0,0,0.0,27,1502.69,0.0,0.01,31.41,0.0,May,2,2,1,2,New_Visitor,False,True
1,28.25,0,0.0,30,1862.33,0.0,0.03,0.74,0.0,Nov,3,2,1,13,Returning_Visitor,False,False
0,0.0,0,0.35,50,3002.9,0.0,0.01,0.0,0.0,Nov,2,2,1,2,New_Visitor,False,False
6,78.51,1,63.4,110,1691.24,0.0,0.02,12.18,0.0,Jul,2,2,7,4,Returning_Visitor,True,False
0,0.0,0,0.0,37,276.97,0.03,0.05,0.02,0.0,May,2,2,2,3,Returning_Visitor,False,False
1,30.5,0,285.0,2,296.0,0.01,0.06,1.89,0.0,Dec,2,2,2,8,New_Visitor,True,False
0,0.0,0,0.0,6,257.4,0.0,0.03,0.0,0.0,Jul,2,2,1,1,Returning_Visitor,True,False
0,0.0,0,0.0,46,676.17,0.0,0.01,2.71,0.0,May,2,2,6,4,Returning_Visitor,True,True
0,0.0,0,0.29,2,19.0,0.0,0.1,0.03,0.0,Mar,2,2,1,4,Returning_Visitor,False,False
0,0.0,0,0.0,7,413.83,0.0,0.03,49.82,0.0,Mar,2,2,4,1,New_Visitor,False,True
0,0.0,0,0.0,100,1494.25,0.01,0.04,0.0,0.0,Dec,2,2,1,1,Returning_Visitor,False,False
5,368.4,0,0.0,13,481.97,0.01,0.03,0.16,0.0,Sep,1,1,1,2,Returning_Visitor,False,False
1,10.0,0,0.0,30,602.5,0.01,0.01,0.0,0.0,Dec,2,2,2,10,Returning_Visitor,False,False
0,0.0,0,0.0,46,1390.49,0.0,0.01,17.51,0.0,Nov,4,1,6,2,New_Visitor,False,True
3,1.65,0,1.26,4,52.3,0.0,0.1,0.0,0.0,Mar,2,2,6,5,Returning_Visitor,False,False
3,78.0,0,1.18,11,369.17,0.0,0.02,0.0,0.0,Mar,3,2,1,1,Returning_Visitor,True,False
0,0.0,0,0.0,159,4668.05,0.01,0.02,0.0,0.6,May,2,2,2,1,Returning_Visitor,False,False
4,117.8,0,0.0,12,267.8,0.03,0.05,0.02,0.0,Sep,3,2,3,13,Returning_Visitor,False,False
0,3.99,0,0.07,15,239.0,0.05,0.07,0.0,0.0,May,3,2,1,3,Returning_Visitor,True,False
1,2.0,6,657.83,140,3252.2,0.01,0.02,0.55,0.0,Oct,2,2,4,1,Returning_Visitor,True,False
4,314.08,1,27.0,130,4761.79,0.0,0.01,0.0,0.0,Nov,2,2,1,2,Returning_Visitor,False,False
3,5.0,0,0.0,46,1240.65,0.0,0.02,0.0,0.0,Nov,2,2,1,2,Returning_Visitor,False,False
0,4.92,1,75.0,46,1470.53,0.0,0.03,0.0,0.8,Feb,2,2,3,6,Returning_Visitor,False,False
0,0.0,2,52.5,14,502.0,0.0,0.01,0.0,0.0,May,8,2,9,2,New_Visitor,True,False
3,104.15,0,0.0,46,1483.37,0.0,0.06,0.0,0.0,Nov,2,2,9,2,Returning_Visitor,False,False
0,0.0,0,0.0,12,405.1,0.05,0.06,0.0,0.0,Nov,3,2,2,13,Returning_Visitor,False,False
3,122.0,0,1.12,34,1474.98,0.0,0.02,0.0,0.0,May,3,3,1,11,New_Visitor,False,False
11,202.43,2,83.44,338,13265.36,0.01,0.02,12.24,0.0,Nov,2,2,3,2,Returning_Visitor,False,True
0,0.0,0,0.06,4,66.0,0.0,0.05,0.0,0.0,Dec,1,1,8,2,Returning_Visitor,False,False
0,0.0,0,0.0,1,0.0,0.2,0.2,0.0,0.0,Mar,2,2,5,3,Returning_Visitor,True,False
3,346.71,3,207.25,292,452.8,0.01,0.01,13.92,0.0,Nov,2,2,2,2,Returning_Visitor,False,False
1,8.66,0,0.0,7,0.0,0.0,0.05,0.0,0.0,Sep,1,1,1,5,New_Visitor,False,True
5,104.75,0,0.0,131,3865.84,0.0,0.02,0.82,0.0,Nov,2,2,3,2,Returning_Visitor,False,True
3,85.67,0,0.24,25,1194.5,0.0,0.01,17.53,0.0,Nov,2,2,1,2,New_Visitor,False,True
1,9.0,1,72.87,93,3148.17,0.02,0.04,3.78,0.0,May,3,2,8,13,Returning_Visitor,False,False
0,1.8,0,1.17,2,146.32,0.0,0.1,0.14,0.0,Nov,1,1,3,2,Returning_Visitor,False,False
0,3.98,0,0.0,9,165.0,0.0,0.02,0.08,0.6,May,2,2,4,4,Returning_Visitor,True,False
0,0.0,0,0.0,4,21.0,0.13,0.15,0.0,0.6,May,2,2,1,3,Returning_Visitor,False,False
2,132.4,0,0.0,13,153.85,0.0,0.02,0.0,0.0,Dec,2,2,1,2,New_Visitor,False,False
1,2.01,0,0.0,10,506.4,0.0,0.02,0.0,0.0,Sep,1,1,3,5,New_Visitor,True,False
0,0.0,0,0.0,27,610.19,0.02,0.04,0.0,0.0,Dec,2,2,2,2,Returning_Visitor,False,False
4,123.4,0,0.0,38,1503.76,0.02,0.03,0.0,0.0,Jul,1,1,3,3,Returning_Visitor,True,False
1,8.93,1,26.86,46,1489.27,0.02,0.06,0.0,0.0,Nov,1,1,1,10,Returning_Visitor,True,False
1,6.23,0,0.33,9,1467.29,0.0,0.02,0.6,0.0,Mar,2,2,1,1,Returning_Visitor,False,False
0,0.0,0,0.0,6,87.71,0.04,0.09,0.03,0.0,Mar,3,2,1,3,Returning_Visitor,False,False
3,391.3,0,0.0,24,1499.01,0.0,0.01,23.18,0.0,Nov,2,2,3,2,New_Visitor,False,True
0,1.7,0,0.0,1,0.0,0.2,0.2,0.09,0.0,Dec,3,2,3,1,Returning_Visitor,True,False
0,0.0,0,0.0,50,1503.16,0.01,0.03,0.02,0.0,Dec,2,2,1,2,Returning_Visitor,False,False
0,0.0,0,0.0,4,155.9,0.0,0.05,0.0,0.0,May,1,1,3,3,Returning_Visitor,False,False
0,0.0,0,0.0,3,60.5,0.13,0.14,0.32,0.0,Nov,3,2,6,2,Returning_Visitor,False,False
0,0.0,0,0.0,13,667.92,0.0,0.01,0.0,0.0,Dec,2,5,1,2,Returning_Visitor,False,True
0,0.0,0,0.16,5,111.0,0.0,0.04,0.0,0.0,Nov,2,2,1,2,New_Visitor,False,False
3,82.6,0,1.61,10,1494.22,0.0,0.01,27.19,0.0,Sep,2,2,1,2,New_Visitor,True,True
0,0.0,0,0.0,1,5.69,0.2,0.2,0.0,0.0,Nov,3,2,1,13,Returning_Visitor,False,False
0,0.0,1,15.0,10,1235.65,0.04,0.04,0.0,0.01,Mar,1,1,1,4,Returning_Visitor,True,False
3,104.28,0,0.0,18,607.5,0.0,0.01,361.76,0.0,Nov,2,2,3,2,New_Visitor,False,True
0,1.68,0,0.0,13,1447.22,0.01,0.04,0.05,0.0,Nov,1,8,1,11,Returning_Visitor,True,False
0,0.0,2,36.5,41,1383.66,0.0,0.01,0.38,0.0,Dec,1,1,1,2,Returning_Visitor,False,False
3,21.2,0,0.3,1,0.0,0.05,0.1,0.0,0.0,Oct,1,1,6,3,Returning_Visitor,True,False
3,63.5,0,0.0,94,4620.09,0.0,0.01,10.07,0.0,Dec,2,2,1,2,Returning_Visitor,True,False
0,0.0,0,0.0,14,244.0,0.0,0.05,0.03,0.0,May,2,4,3,4,Returning_Visitor,False,False
7,172.06,0,0.0,104,5155.35,0.01,0.03,12.35,0.0,Nov,2,5,1,1,Returning_Visitor,False,False
7,94.03,1,81.23,47,5252.86,0.0,0.02,0.68,0.0,Nov,2,2,1,2,Returning_Visitor,False,True
0,0.0,0,0.0,7,280.5,0.0,0.03,0.0,0.0,Feb,1,1,1,3,Returning_Visitor,False,False
11,267.17,0,0.0,46,881.44,0.0,0.01,20.12,0.0,May,2,2,3,1,New_Visitor,False,False
4,97.54,0,0.0,22,1671.38,0.02,0.03,0.0,0.0,Nov,2,2,3,8,Returning_Visitor,False,False
0,0.0,0,0.0,46,901.27,0.0,0.02,0.0,0.0,Mar,1,1,1,2,New_Visitor,True,False
21,157.89,3,80.26,170,6571.24,0.0,0.0,0.0,0.0,Nov,2,2,3,2,Returning_Visitor,False,False
0,2.77,0,0.0,11,266.58,0.0,0.01,0.0,0.0,Mar,2,2,1,2,Returning_Visitor,False,False
3,66.33,0,0.21,15,424.83,0.0,0.01,0.0,0.0,Mar,2,2,6,6,Returning_Visitor,False,False
2,40.42,0,0.77,33,1477.73,0.0,0.01,12.26,0.0,Dec,2,2,4,1,Returning_Visitor,True,False
0,0.0,0,0.0,10,0.0,0.2,0.2,0.06,0.8,May,3,2,1,13,Returning_Visitor,False,False
3,91.05,4,277.5,46,1508.15,0.0,0.01,32.1,0.0,Nov,3,2,3,2,Returning_Visitor,True,True
4,324.5,0,3.23,30,1503.18,0.0,0.01,15.6,0.0,May,2,2,6,2,Returning_Visitor,False,True
1,0.0,0,0.3,2,149.15,0.01,0.05,0.0,0.4,May,3,2,1,13,Returning_Visitor,False,False
1,20.0,0,0.0,46,1501.44,0.0,0.0,0.0,0.0,May,2,2,1,2,Returning_Visitor,True,False
5,60.0,1,1.56,10,647.67,0.02,0.04,0.0,0.0,May,2,4,1,2,Returning_Visitor,True,False
0,0.0,0,0.0,3,52.0,0.0,0.07,0.0,0.0,Mar,2,5,8,3,Returning_Visitor,True,False
1,63.33,0,0.0,20,473.5,0.03,0.03,12.23,0.0,Dec,3,2,2,1,Returning_Visitor,True,True
0,0.0,0,0.0,6,245.0,0.1,0.12,0.12,0.0,May,2,4,3,1,Returning_Visitor,False,False
0,2.38,0,0.05,46,1017.5,0.0,0.03,0.0,0.0,Nov,2,2,1,1,Returning_Visitor,False,False
2,25.0,0,3.07,7,65.0,0.0,0.03,0.05,0.0,Mar,2,2,6,2,New_Visitor,True,False
5,175.1,0,0.0,26,1462.49,0.01,0.0,62.77,0.0,Sep,1,1,1,3,New_Visitor,True,True
3,174.6,0,0.63,12,155.45,0.06,0.08,0.0,0.0,Aug,3,2,6,1,Returning_Visitor,False,False
2,13.0,0,0.0,46,637.43,0.01,0.04,13.13,0.0,Nov,2,2,1,3,Returning_Visitor,False,False
0,0.0,0,0.0,25,588.72,0.0,0.02,0.02,0.0,Dec,3,2,4,2,Returning_Visitor,False,False
6,104.09,0,0.0,41,1502.57,0.0,0.01,0.0,0.0,Nov,3,2,3,11,Returning_Visitor,False,False
0,2.33,0,0.46,1,13.6,0.2,0.2,0.0,0.0,May,2,1,4,1,Returning_Visitor,True,False
4,21.1,0,341.6,92,440.8,0.02,0.05,0.0,0.0,Aug,2,2,1,3,Returning_Visitor,True,False
1,0.0,0,0.0,7,153.28,0.06,0.14,0.04,0.6,May,3,2,1,2,Returning_Visitor,False,False
0,11.28,0,0.67,4,51.3,0.0,0.03,0.0,0.0,Mar,2,2,1,2,Returning_Visitor,True,False
0,0.0,0,0.38,6,203.5,0.0,0.03,0.27,0.0,Mar,1,1,1,2,New_Visitor,True,False
3,64.0,0,0.0,13,371.23,0.0,0.03,0.0,0.0,Mar,2,4,9,10,Returning_Visitor,False,False
0,2.39,0,0.0,32,1916.63,0.0,0.03,0.01,0.0,Mar,2,2,1,10,Returning_Visitor,False,False
1,11.0,0,0.0,46,651.07,0.0,0.02,0.01,0.0,Nov,4,2,1,3,Returning_Visitor,False,False
3,1.58,0,0.0,7,1252.77,0.0,0.02,0.0,0.0,May,1,2,1,4,Returning_Visitor,False,False
0,1.74,0,0.35,2,21.0,0.0,0.1,0.0,1.0,May,2,2,7,1,Returning_Visitor,False,False
0,0.0,0,0.0,36,2070.32,0.01,0.03,0.0,0.0,Dec,1,1,1,2,Returning_Visitor,False,False
2,19.98,1,79.0,49,2072.67,0.01,0.04,12.48,0.8,May,2,4,7,2,Returning_Visitor,False,False
0,0.0,0,0.0,2,0.0,0.2,0.14,0.09,0.0,Nov,3,2,9,3,Returning_Visitor,False,False
11,771.93,2,82.6,39,1022.47,0.0,0.01,52.05,0.0,May,2,2,1,2,Returning_Visitor,False,True
0,0.0,0,0.17,10,145.45,0.13,0.11,0.01,0.2,May,2,2,2,3,Returning_Visitor,False,False
0,0.0,2,246.5,20,710.22,0.0,0.01,0.0,0.0,Dec,2,7,3,2,New_Visitor,False,False
3,0.0,1,64.52,65,2349.1,0.03,0.05,0.03,0.0,Jul,2,2,2,3,Returning_Visitor,False,False
0,0.0,0,0.0,4,562.0,0.13,0.1,0.0,0.0,Dec,3,2,1,13,Returning_Visitor,False,False
4,91.0,1,78.05,160,2418.53,0.0,0.02,0.58,0.0,May,2,2,1,6,Returning_Visitor,False,False
0,0.0,0,0.0,21,452.8,0.0,0.02,16.83,0.0,May,1,1,1,4,Returning_Visitor,False,True
5,499.87,0,0.0,36,1463.97,0.03,0.04,0.0,0.4,May,3,2,1,11,Returning_Visitor,False,False
0,0.0,0,0.0,4,11.58,0.2,0.2,0.0,0.0,May,3,2,9,3,Returning_Visitor,False,False
0,0.0,0,0.0,46,357.56,0.0,0.02,0.0,0.0,May,1,8,3,11,Returning_Visitor,False,False
2,178.0,0,0.25,36,943.62,0.03,0.05,0.01,0.13,May,3,2,1,13,Returning_Visitor,False,False
0,1.88,0,0.0,6,252.3,0.0,0.0,52.38,0.0,Nov,1,1,3,3,Returning_Visitor,False,True
6,104.76,0,0.0,40,1296.92,0.0,0.02,1.34,0.0,Sep,2,2,7,1,Returning_Visitor,False,False
3,121.03,3,60.0,91,2345.59,0.0,0.01,61.06,0.0,Dec,2,5,7,2,Returning_Visitor,False,False
3,93.6,0,0.0,8,69.4,0.09,0.14,0.04,0.01,Sep,2,2,1,3,Returning_Visitor,False,False
0,0.0,0,0.0,31,347.0,0.0,0.01,0.26,0.0,Dec,2,2,2,1,Returning_Visitor,False,False
9,198.43,7,636.75,113,3312.88,0.0,0.02,0.0,0.0,May,2,2,2,2,Returning_Visitor,False,True
8,75.17,1,145.6,48,2734.97,0.0,0.02,12.07,0.0,Oct,2,2,4,5,Returning_Visitor,False,True
11,739.12,0,0.0,47,1655.19,0.0,0.02,27.97,0.0,Dec,2,2,7,2,New_Visitor,False,False
6,105.0,1,9.05,43,1343.1,0.04,0.05,0.08,0.0,May,3,2,4,6,Returning_Visitor,True,False
0,0.0,0,0.0,6,88.0,0.0,0.06,0.0,0.8,May,2,2,1,1,Returning_Visitor,False,False
2,75.6,2,652.8,10,1143.67,0.02,0.02,0.0,0.0,Nov,3,2,4,2,Returning_Visitor,False,False
3,36.7,0,0.44,12,122.22,0.0,0.01,0.0,0.0,Mar,2,2,9,2,New_Visitor,True,False
1,69.0,0,0.0,8,1582.94,0.0,0.03,28.05,0.0,Mar,2,4,1,8,New_Visitor,False,True
0,0.0,0,0.0,2,63.5,0.0,0.1,0.0,0.0,Nov,1,1,1,1,Returning_Visitor,False,False
4,100.98,1,88.0,6,157.69,0.0,0.03,0.01,0.0,Mar,3,2,3,4,Returning_Visitor,False,False
3,56.0,0,0.0,19,2117.65,0.0,0.01,6.71,0.0,Dec,2,2,1,2,Returning_Visitor,False,True
4,111.05,0,1.0,186,5106.26,0.0,0.02,0.0,0.0,Nov,2,2,1,2,Returning_Visitor,True,False
0,0.0,0,0.0,9,309.91,0.2,0.2,0.0,0.8,May,2,2,4,13,Returning_Visitor,False,False
0,1.58,0,0.97,13,1497.49,0.02,0.05,0.07,0.0,Nov,3,2,1,2,Returning_Visitor,True,False
3,104.06,1,9.0,10,491.0,0.0,0.0,0.0,0.6,May,1,1,3,2,Returning_Visitor,False,False
3,28.5,0,0.0,8,181.67,0.02,0.05,0.0,0.0,Dec,1,1,3,1,Returning_Visitor,True,False
2,104.59,0,0.2,46,1407.5,0.01,0.03,15.51,0.0,May,2,2,1,13,Returning_Visitor,False,True
3,28.73,0,0.0,10,589.45,0.0,0.04,8.15,0.0,Mar,3,2,4,2,Returning_Visitor,True,True
2,67.0,0,0.0,4,36.0,0.0,0.03,0.0,0.0,May,2,2,4,4,Returning_Visitor,False,False
0,0.0,0,0.0,39,1429.5,0.01,0.02,0.03,0.0,June,2,2,1,3,Returning_Visitor,False,False
3,104.52,0,0.0,15,2022.12,0.01,0.02,11.55,0.0,Sep,3,2,3,2,Returning_Visitor,False,False
10,76.58,0,0.0,24,364.42,0.0,0.01,0.0,0.2,May,3,2,1,5,Returning_Visitor,False,False
1,21.2,1,141.0,54,324.78,0.0,0.0,0.0,0.0,Aug,2,2,1,3,New_Visitor,False,False
0,0.0,0,0.0,13,414.42,0.02,0.06,0.0,0.0,May,2,2,7,3,Returning_Visitor,False,False
0,1.84,0,0.0,4,54.5,0.13,0.15,0.07,0.01,Nov,2,2,1,10,Returning_Visitor,False,False
1,30.2,0,0.0,5,323.4,0.07,0.08,0.1,0.0,May,2,4,1,3,Returning_Visitor,True,False
1,27.2,0,0.0,91,1486.2,0.0,0.01,33.62,0.0,Mar,2,2,1,2,Returning_Visitor,False,False
0,0.0,0,0.0,4,81.5,0.0,0.03,0.59,0.0,May,1,1,2,4,Returning_Visitor,True,False
3,86.0,0,0.36,36,1484.01,0.0,0.01,0.01,0.2,May,2,10,4,1,Returning_Visitor,False,False
0,1.55,0,0.0,10,87.0,0.04,0.06,0.0,0.56,May,2,2,3,6,Returning_Visitor,False,False
4,103.91,0,0.0,14,496.97,0.0,0.01,0.01,0.0,Oct,2,2,5,20,Returning_Visitor,False,False
0,0.0,5,521.98,46,733.29,0.02,0.03,0.0,0.0,Nov,2,2,1,2,Returning_Visitor,False,False
0,1.81,0,0.06,18,2334.92,0.01,0.02,0.0,0.0,Dec,3,2,1,3,Returning_Visitor,False,False
3,161.7,3,95.0,46,1268.12,0.01,0.03,2.92,0.0,Nov,2,2,1,10,Returning_Visitor,False,True
0,0.0,0,0.0,7,160.11,0.0,0.06,0.0,0.0,Dec,1,1,4,2,Returning_Visitor,True,False
1,44.0,0,0.68,56,2075.98,0.0,0.01,13.82,0.0,May,2,2,2,3,Returning_Visitor,False,True
0,0.0,0,0.0,46,1502.54,0.0,0.01,0.0,0.0,Mar,2,2,6,1,Returning_Visitor,False,False
3,107.9,3,68.75,227,12460.67,0.01,0.01,0.0,0.0,Nov,2,2,1,2,Returning_Visitor,False,False
2,225.0,0,0.0,44,549.0,0.0,0.01,0.0,0.0,May,3,2,3,4,New_Visitor,False,False
0,5.1,0,0.16,46,1489.75,0.02,0.05,0.0,0.8,May,2,10,2,4,Returning_Visitor,False,False
0,61.4,0,0.0,19,1093.91,0.04,0.06,8.33,0.01,Aug,1,1,4,1,Returning_Visitor,False,True
4,101.8,0,0.0,91,5692.21,0.01,0.04,0.0,0.0,Dec,4,1,9,1,Returning_Visitor,False,False
0,0.0,0,0.0,11,225.5,0.02,0.05,0.0,0.0,Nov,2,5,4,11,Returning_Visitor,False,False
0,0.0,0,1.49,84,2197.78,0.01,0.01,0.0,0.0,Nov,1,1,3,2,Returning_Visitor,False,True
4,296.75,0,0.0,10,183.71,0.02,0.03,0.0,0.0,Dec,1,1,3,3,Returning_Visitor,False,False
3,7.5,0,1.14,63,914.14,0.01,0.01,0.01,0.06,May,2,2,2,4,Returning_Visitor,False,False
1,105.48,0,0.0,13,118.27,0.0,0.01,0.0,0.0,Jul,1,2,1,4,Returning_Visitor,True,False
0,0.0,0,4.03,4,0.0,0.2,0.2,0.38,0.0,Nov,3,2,2,8,New_Visitor,False,False
0,0.0,0,0.45,4,126.5,0.0,0.1,0.0,0.0,May,3,2,3,2,Returning_Visitor,True,False
6,106.18,0,1.22,32,518.44,0.0,0.01,0.0,0.0,Aug,3,2,6,4,Returning_Visitor,False,False
0,0.0,0,0.0,3,36.0,0.07,0.1,0.0,0.0,Nov,2,2,3,2,Returning_Visitor,False,False
3,4.0,5,161.5,64,3757.08,0.01,0.02,18.88,0.0,Nov,1,2,6,2,Returning_Visitor,False,False
10,24.64,2,213.0,49,829.52,0.0,0.03,12.28,0.0,Dec,2,2,4,1,Returning_Visitor,False,False
0,0.0,0,0.14,13,275.17,0.02,0.03,0.11,0.0,Dec,3,2,1,13,Returning_Visitor,False,False
9,482.35,1,26.5,50,5057.17,0.0,0.02,17.79,0.0,Nov,2,2,3,3,Returning_Visitor,False,True
0,0.0,0,0.0,2,0.0,0.13,0.2,0.0,0.0,Mar,1,1,1,1,Returning_Visitor,True,False
3,69.0,0,6.26,37,769.0,0.0,0.0,47.93,0.0,May,3,2,3,2,Returning_Visitor,True,True
0,0.0,0,0.36,6,148.93,0.07,0.13,0.0,0.6,May,2,2,2,3,Returning_Visitor,False,False
3,104.78,2,725.96,132,6809.85,0.01,0.01,12.25,0.0,Nov,1,2,1,2,Returning_Visitor,False,True
3,104.15,0,0.0,105,4797.99,0.0,0.01,8.07,0.0,May,2,2,3,1,Returning_Visitor,False,False
3,103.0,0,0.0,16,399.0,0.02,0.05,0.0,0.0,May,2,2,1,19,Returning_Visitor,True,False
0,0.0,0,0.0,18,481.4,0.1,0.14,0.0,0.0,Aug,2,2,3,3,Returning_Visitor,False,False
0,0.0,0,0.0,16,1558.25,0.0,0.01,0.29,0.0,Nov,3,2,3,2,New_Visitor,True,False
1,0.0,0,0.0,6,149.04,0.0,0.07,0.0,0.0,Nov,3,2,1,10,Returning_Visitor,False,False
7,275.08,0,0.0,37,806.03,0.01,0.0,0.03,0.0,Oct,2,5,1,2,New_Visitor,False,False
1,62.58,0,0.0,3,397.8,0.0,0.01,0.0,0.0,Aug,2,2,1,4,Returning_Visitor,False,False
6,103.89,0,0.0,60,3222.76,0.02,0.02,0.0,0.6,May,3,2,2,4,Returning_Visitor,False,False
1,215.6,2,8.0,27,2968.9,0.02,0.03,0.0,0.0,Nov,3,2,6,1,Returning_Visitor,True,False
7,102.34,1,79.87,13,338.13,0.0,0.01,0.0,0.0,Mar,3,2,1,3,Returning_Visitor,False,False
6,93.5,0,1.25,13,251.33,0.0,0.01,0.0,0.0,Mar,2,2,3,4,New_Visitor,False,False
0,3.74,0,0.0,48,4509.0,0.0,0.04,0.0,0.0,Nov,2,2,7,1,Returning_Visitor,False,False
3,87.25,0,0.0,37,1503.76,0.01,0.03,0.0,0.0,Nov,2,2,1,1,Returning_Visitor,False,False
2,104.89,0,0.0,23,1193.0,0.0,0.01,45.61,0.0,Dec,2,2,3,2,New_Visitor,False,True
0,0.0,0,0.0,16,79.0,0.03,0.03,0.0,0.0,May,2,2,2,4,Returning_Visitor,True,False
5,58.29,1,81.2,177,4041.73,0.0,0.01,9.42,0.01,Nov,2,2,1,2,Returning_Visitor,False,False
3,57.5,1,39.0,46,1502.16,0.0,0.03,24.41,0.0,May,2,4,2,2,Returning_Visitor,False,False
0,1.54,0,0.0,5,145.64,0.03,0.06,0.0,0.0,May,2,2,1,13,Returning_Visitor,False,False
0,0.0,0,0.0,18,542.93,0.0,0.01,0.0,0.0,Nov,3,2,1,11,New_Visitor,False,False
2,39.5,0,0.0,46,986.93,0.07,0.06,0.01,0.0,Dec,1,1,3,2,Returning_Visitor,False,False
0,0.0,0,0.13,1,0.0,0.13,0.2,0.01,0.0,Mar,1,1,3,3,Returning_Visitor,False,False
0,0.0,0,0.0,6,1503.08,0.0,0.04,0.0,0.8,Feb,2,2,4,3,Returning_Visitor,False,False
0,0.0,0,0.0,46,1501.81,0.0,0.03,0.0,0.0,Nov,2,2,6,2,Returning_Visitor,False,False
12,251.87,0,0.0,60,1502.82,0.01,0.01,12.28,0.0,May,2,2,1,2,Returning_Visitor,False,False
4,105.16,0,0.0,46,1499.43,0.0,0.01,23.83,0.0,Mar,4,2,1,2,Returning_Visitor,True,True
0,0.0,0,0.0,7,906.0,0.0,0.02,0.01,0.4,May,4,1,2,2,New_Visitor,False,True
3,104.13,0,0.15,96,1949.65,0.0,0.04,0.0,0.0,Dec,1,1,1,3,Returning_Visitor,False,False
0,0.0,0,0.0,9,148.58,0.0,0.04,0.0,0.0,Feb,2,6,1,1,Returning_Visitor,False,False
0,0.0,0,0.0,6,108.0,0.0,0.04,0.0,0.0,May,2,2,3,2,Returning_Visitor,True,False
0,0.0,0,0.0,19,465.63,0.0,0.03,1.2,0.0,Nov,1,1,1,2,New_Visitor,True,False
0,0.0,0,0.0,46,1558.36,0.0,0.02,0.02,0.0,Nov,2,2,3,2,Returning_Visitor,False,True
6,276.75,0,0.0,12,342.12,0.0,0.01,0.09,0.0,Nov,1,2,3,2,New_Visitor,False,False
3,93.57,1,16.0,47,2986.92,0.02,0.04,0.0,0.0,May,2,2,8,1,Returning_Visitor,False,False
0,0.0,0,0.21,45,801.05,0.0,0.02,0.0,0.0,Dec,2,2,1,2,Returning_Visitor,False,False
1,0.0,0,0.47,8,192.46,0.0,0.02,0.0,0.0,Mar,2,4,6,3,Returning_Visitor,True,False
0,1.61,0,0.21,11,136.67,0.13,0.12,0.0,0.0,Mar,3,2,1,1,Returning_Visitor,True,False
0,9.0,0,0.0,95,4334.82,0.0,0.04,0.0,0.01,Dec,2,2,1,1,Returning_Visitor,False,False
0,0.0,0,0.0,6,224.0,0.0,0.01,0.0,0.0,May,1,1,1,3,Returning_Visitor,False,False
2,103.34,0,0.0,46,1278.09,0.0,0.01,0.0,0.0,Mar,2,2,2,2,New_Visitor,True,False
3,61.0,4,0.7,1,43.0,0.0,0.03,0.0,0.0,Dec,8,13,9,1,Returning_Visitor,False,False
14,1261.92,12,216.93,30,2084.41,0.0,0.02,0.0,0.6,May,2,2,3,2,Returning_Visitor,False,False
0,0.0,0,0.0,2,221.5,0.0,0.05,0.01,0.0,Mar,3,2,3,3,Returning_Visitor,False,False
0,0.0,0,0.0,12,976.2,0.02,0.05,0.0,0.0,Mar,2,2,7,1,Returning_Visitor,False,False
0,0.0,0,0.11,8,400.8,0.13,0.12,0.0,0.0,Feb,1,1,1,3,Returning_Visitor,False,False
2,95.9,1,55.0,41,1705.04,0.0,0.02,7.26,0.0,May,2,4,2,2,Returning_Visitor,False,False
3,94.62,0,0.27,10,431.53,0.0,0.03,0.0,0.0,Nov,1,4,1,8,New_Visitor,True,True
4,104.04,0,0.05,12,806.25,0.01,0.03,0.0,0.0,Dec,2,2,1,2,Returning_Visitor,False,False
0,1.7,0,0.0,6,75.0,0.07,0.13,0.0,0.0,Dec,3,2,1,20,Returning_Visitor,False,False
4,185.0,0,0.0,45,1694.75,0.02,0.03,0.0,0.0,Mar,2,2,6,1,Returning_Visitor,False,False
0,0.0,0,0.18,15,178.0,0.02,0.05,0.0,0.18,May,2,2,1,4,Returning_Visitor,False,False
0,0.0,0,0.37,1,0.0,0.2,0.2,0.0,0.0,Mar,2,2,2,1,Returning_Visitor,False,False
12,77.94,0,0.78,38,1504.82,0.02,0.03,5.29,0.0,Sep,3,2,6,1,Returning_Visitor,True,False
4,2.57,0,0.0,10,226.4,0.13,0.08,0.0,0.0,Nov,3,2,1,13,Returning_Visitor,False,False
1,102.83,0,0.0,2,8.0,0.0,0.07,0.0,0.0,Mar,2,2,6,6,New_Visitor,False,False
1,9.65,0,1.17,32,1493.61,0.03,0.04,0.0,0.0,May,3,2,3,2,Returning_Visitor,False,False
0,7.35,1,0.0,39,1165.84,0.0,0.03,7.2,0.0,Oct,2,2,5,1,Returning_Visitor,False,True
0,2.26,0,0.0,3,13.25,0.07,0.13,0.0,0.0,Nov,1,1,1,1,Returning_Visitor,False,False
3,27.0,0,4.38,2,266.01,0.0,0.05,0.0,0.0,Nov,2,2,2,2,New_Visitor,True,True
0,0.0,0,0.0,7,17.0,0.09,0.14,0.0,0.0,May,2,4,3,3,Returning_Visitor,False,False
0,2.49,0,1.19,66,1504.18,0.0,0.0,0.15,0.0,Sep,2,2,4,4,Returning_Visitor,True,False
0,0.0,0,0.46,8,183.58,0.04,0.05,0.0,0.0,Nov,3,2,1,4,Returning_Visitor,False,False
0,0.0,2,26.5,226,6001.17,0.0,0.02,0.02,0.0,Nov,2,2,1,2,Returning_Visitor,False,True
9,183.3,2,34.0,45,2904.92,0.0,0.01,0.79,0.0,Dec,1,1,1,8,Returning_Visitor,True,False
1,18.0,0,1.69,46,765.39,0.0,0.0,0.04,0.0,Nov,2,2,1,3,Returning_Visitor,False,False
3,78.0,0,0.15,11,225.17,0.02,0.03,0.11,0.0,Nov,1,1,4,2,Returning_Visitor,False,False
11,92.03,2,79.84,11,1403.87,0.01,0.03,18.81,0.0,May,2,2,3,6,Returning_Visitor,False,False
0,0.0,0,0.32,43,3382.08,0.0,0.01,0.0,0.0,May,2,2,1,2,Returning_Visitor,False,False
0,1.57,0,0.0,6,91.0,0.0,0.03,0.0,0.59,May,2,2,1,13,Returning_Visitor,False,False
9,255.87,0,0.0,19,1408.79,0.01,0.02,0.06,0.0,May,1,2,3,2,Returning_Visitor,False,False
2,121.0,0,0.0,28,1830.58,0.02,0.02,111.51,0.0,Dec,1,1,6,2,Returning_Visitor,False,False
1,12.0,0,0.0,13,1491.96,0.03,0.04,0.0,0.01,Mar,1,1,6,1,Returning_Visitor,True,False
0,0.0,0,0.0,42,1392.17,0.0,0.01,0.0,0.0,Mar,4,1,1,2,Returning_Visitor,True,False
0,0.0,0,0.0,1,0.0,0.2,0.14,0.0,0.0,May,3,3,4,4,Returning_Visitor,False,False
0,1.93,0,0.0,46,1489.67,0.0,0.02,0.0,0.0,Dec,2,2,1,2,Returning_Visitor,False,False
0,4.65,0,0.0,69,2734.82,0.0,0.0,12.31,0.11,Dec,4,5,3,2,Returning_Visitor,False,True
4,158.2,0,0.0,62,600.16,0.0,0.0,246.76,0.0,Oct,4,1,8,2,New_Visitor,False,False
3,193.75,0,0.74,60,1316.43,0.0,0.01,0.0,0.0,Nov,1,2,3,2,Returning_Visitor,False,False
0,0.0,0,0.0,7,155.89,0.03,0.07,0.05,0.17,May,1,1,1,1,Returning_Visitor,False,False
1,111.0,0,0.0,13,274.58,0.0,0.02,0.0,0.0,Nov,1,1,1,2,New_Visitor,False,False
3,241.35,0,0.0,5,244.7,0.01,0.03,0.0,0.0,Nov,2,2,4,1,Returning_Visitor,True,False
3,18.0,0,0.31,7,379.64,0.0,0.05,0.0,0.0,Dec,8,13,9,20,Other,False,False
3,9.17,1,24.0,46,5426.02,0.01,0.03,0.0,0.0,May,2,2,6,13,Returning_Visitor,False,False
0,1.9,0,0.0,5,152.68,0.0,0.02,0.0,0.0,Dec,1,2,1,3,Returning_Visitor,False,False
0,0.0,0,0.0,8,15.0,0.0,0.07,0.0,0.2,May,1,1,3,3,Returning_Visitor,False,False
0,0.0,0,0.05,11,1482.14,0.02,0.05,0.02,0.0,Dec,3,12,2,3,Returning_Visitor,False,False
8,206.0,3,81.19,39,1750.33,0.0,0.01,1.79,0.0,Mar,2,2,1,1,Returning_Visitor,False,False
2,104.08,0,0.0,41,857.27,0.01,0.03,5.85,0.0,Nov,2,2,1,1,Returning_Visitor,False,False
0,0.0,0,0.23,6,1162.5,0.0,0.03,0.0,0.0,Mar,2,2,2,2,Returning_Visitor,False,False
0,4.7,0,0.0,16,571.5,0.04,0.13,0.0,0.4,May,2,1,6,3,Returning_Visitor,False,False
1,18.2,0,0.0,17,225.68,0.0,0.0,0.0,0.0,Nov,2,10,1,2,Returning_Visitor,False,False
8,57.5,0,0.0,44,1323.11,0.0,0.01,19.3,0.6,May,2,2,1,3,Returning_Visitor,False,True
5,277.8,0,16.24,25,884.5,0.0,0.0,7.48,0.0,Jul,2,10,2,2,Returning_Visitor,True,True
3,120.36,0,0.0,75,3275.11,0.0,0.02,29.61,0.0,Aug,4,1,1,3,Returning_Visitor,False,True
0,0.0,2,45.5,117,3228.5,0.01,0.02,0.0,0.0,Nov,1,2,1,2,Returning_Visitor,True,False
0,3.0,0,0.0,45,1280.84,0.04,0.07,0.02,0.0,May,2,2,1,6,Returning_Visitor,False,False
0,0.0,0,0.0,34,1014.83,0.01,0.05,0.0,0.4,May,2,2,2,13,Returning_Visitor,False,False
0,0.0,0,0.0,1,71.76,0.13,0.2,0.0,0.0,Dec,2,2,6,11,Returning_Visitor,False,False
0,1.53,0,0.0,27,352.08,0.02,0.02,0.0,0.0,May,3,2,3,3,Returning_Visitor,False,False
0,0.0,0,0.0,5,357.25,0.0,0.06,0.0,0.0,Mar,2,10,4,3,Returning_Visitor,False,False
5,62.77,0,0.0,22,742.0,0.0,0.01,55.88,0.0,Sep,1,1,1,5,New_Visitor,False,True
0,3.31,0,0.0,24,671.09,0.03,0.04,0.36,0.0,Nov,1,1,3,1,Returning_Visitor,False,False
3,31.33,0,0.0,47,1077.87,0.0,0.02,0.0,0.0,Mar,3,2,6,2,Returning_Visitor,False,False
1,46.66,3,88.85,46,754.32,0.0,0.03,0.0,0.0,Mar,2,2,1,1,Returning_Visitor,False,False
0,0.0,0,0.0,6,413.66,0.0,0.02,0.0,0.4,Feb,1,1,3,3,Returning_Visitor,False,False
5,102.07,0,0.0,35,1510.07,0.0,0.02,12.42,0.6,May,2,2,1,4,Returning_Visitor,False,False
3,143.17,0,0.0,46,925.95,0.0,0.01,13.61,0.0,Mar,2,2,1,2,Returning_Visitor,False,True
6,65.0,1,41.5,19,1510.5,0.0,0.01,28.3,0.28,May,2,2,1,2,Returning_Visitor,False,True
1,5.0,0,0.0,46,2235.83,0.0,0.01,54.96,0.0,Nov,2,5,7,10,Returning_Visitor,True,True
10,255.42,2,81.08,22,612.82,0.02,0.03,22.31,0.0,Nov,3,2,4,2,Returning_Visitor,False,True
6,1013.89,1,378.8,8,230.28,0.0,0.02,11.46,0.0,Sep,3,2,3,2,Returning_Visitor,True,False
0,1.45,0,0.0,3,0.0,0.2,0.2,0.03,0.0,May,3,2,1,3,Returning_Visitor,False,False
3,33.4,0,0.5,46,1488.56,0.0,0.01,0.0,0.0,Nov,2,2,1,3,Returning_Visitor,False,False
0,0.0,0,0.0,2,7.98,0.2,0.14,0.0,0.0,Dec,2,2,1,1,Returning_Visitor,False,False
10,233.09,0,0.0,46,1044.8,0.02,0.02,0.0,0.0,May,3,2,7,4,Returning_Visitor,False,False
1,16.0,3,585.62,40,765.04,0.01,0.03,0.0,0.0,Dec,3,2,1,2,Returning_Visitor,False,False
0,0.0,0,0.79,17,639.76,0.0,0.01,63.46,0.0,Oct,2,2,3,4,New_Visitor,False,True
3,31.0,1,73.15,36,2083.53,0.01,0.01,0.0,0.05,Feb,2,2,4,3,Returning_Visitor,False,False
1,14.36,0,0.0,10,279.33,0.02,0.02,0.0,0.0,Nov,3,2,6,2,New_Visitor,False,False
2,327.5,0,0.0,7,570.5,0.0,0.03,0.03,0.0,Nov,2,2,2,2,Returning_Visitor,False,False
3,543.0,5,320.5,20,2039.0,0.0,0.01,12.47,0.0,Nov,2,2,1,2,Returning_Visitor,False,True
0,0.0,0,0.35,5,42.0,0.0,0.05,0.0,0.0,Mar,2,2,3,1,Returning_Visitor,False,False
6,265.4,0,0.0,6,161.6,0.0,0.02,0.0,0.0,Dec,1,1,3,2,New_Visitor,False,False
0,0.0,0,0.09,5,108.0,0.02,0.05,0.0,0.0,May,1,1,4,3,Returning_Visitor,False,False
0,0.0,0,0.0,2,0.0,0.13,0.2,0.0,0.0,Mar,2,2,1,1,Returning_Visitor,False,False
0,0.0,0,0.0,7,147.25,0.03,0.05,0.0,0.0,Mar,1,1,6,3,Returning_Visitor,False,False
4,178.0,2,209.0,13,2777.67,0.0,0.03,0.0,0.0,Mar,3,2,7,1,Returning_Visitor,False,False
0,1.58,0,0.24,2,93.88,0.0,0.14,0.12,0.0,May,3,2,3,13,Returning_Visitor,False,False
1,1.48,0,0.0,227,11231.41,0.0,0.01,0.0,0.0,Nov,2,2,1,2,Returning_Visitor,False,False
3,99.33,1,28.5,5,164.6,0.0,0.01,0.3,0.0,Mar,2,2,3,8,New_Visitor,False,False
0,1.91,0,0.0,46,1475.37,0.02,0.03,0.0,0.0,Nov,1,1,4,1,Returning_Visitor,True,False
0,0.0,6,97.17,46,1500.54,0.02,0.02,0.09,0.0,Nov,3,2,1,13,Returning_Visitor,True,False
4,70.5,0,0.0,3,51.3,0.0,0.01,0.0,0.0,Sep,3,3,4,2,New_Visitor,False,False
1,26.5,0,0.0,71,1260.44,0.0,0.01,3.74,0.0,Nov,2,2,1,1,Returning_Visitor,False,True
0,0.0,0,0.0,7,275.5,0.0,0.03,0.17,0.0,Dec,2,2,2,1,Returning_Visitor,False,False
0,0.0,0,0.0,10,60.5,0.02,0.04,0.0,0.0,Mar,2,2,3,1,Returning_Visitor,False,False
0,0.0,0,1.24,13,770.25,0.01,0.03,0.0,0.0,Dec,2,2,1,8,New_Visitor,False,False
0,0.0,0,0.71,46,1288.56,0.0,0.02,0.0,0.0,June,2,4,3,4,Returning_Visitor,False,False
3,35.0,0,0.0,10,89.33,0.0,0.04,0.0,0.0,May,2,2,1,3,New_Visitor,False,False
0,0.0,0,0.0,8,194.55,0.0,0.04,0.0,0.0,Mar,3,2,2,3,Returning_Visitor,False,False
2,37.0,0,0.0,24,1270.17,0.01,0.02,0.0,0.0,May,2,2,1,6,Returning_Visitor,False,False
0,0.0,0,0.1,20,381.0,0.13,0.08,0.2,0.0,June,1,1,2,3,Returning_Visitor,False,False
5,104.06,0,0.0,30,585.8,0.0,0.01,0.0,0.0,Nov,2,2,1,10,Returning_Visitor,False,False
2,54.5,0,0.0,5,945.14,0.0,0.03,0.05,0.0,Dec,8,13,9,20,Other,False,False
3,3.0,0,3.27,40,624.75,0.0,0.01,0.0,0.0,Mar,2,7,3,3,Returning_Visitor,False,False
0,0.0,0,0.0,6,200.0,0.0,0.05,0.0,0.0,May,2,2,1,4,Returning_Visitor,False,False
0,1.53,0,0.0,1,0.0,0.2,0.2,0.11,0.0,Nov,3,2,1,2,Returning_Visitor,False,False
3,48.0,0,0.0,23,11.0,0.0,0.01,0.0,0.0,Mar,2,6,6,7,Returning_Visitor,False,False
1,12.0,0,0.0,13,510.0,0.0,0.04,0.17,1.0,May,1,1,2,2,Returning_Visitor,True,False
2,75.05,0,1.93,106,4143.18,0.02,0.04,12.24,0.0,Nov,3,2,1,1,Returning_Visitor,False,False
0,1.46,0,0.0,17,392.17,0.01,0.02,0.0,0.2,May,1,1,1,1,Returning_Visitor,False,False
1,18.2,0,0.13,6,32.2,0.09,0.14,0.01,0.21,May,1,1,1,3,Returning_Visitor,False,False
3,29.88,0,0.0,13,520.0,0.0,0.01,0.0,0.0,Nov,8,2,3,20,New_Visitor,False,True
0,0.0,0,0.41,13,406.0,0.03,0.05,0.0,0.2,May,2,2,1,13,Returning_Visitor,False,False
0,0.0,0,0.0,2,15.0,0.0,0.1,0.0,0.0,Dec,2,2,9,1,Returning_Visitor,False,False
0,0.0,0,0.0,19,1497.39,0.0,0.01,0.0,0.0,May,2,2,3,2,Returning_Visitor,False,False
2,17.0,0,0.0,13,1349.0,0.0,0.01,0.01,0.0,Mar,2,2,1,1,Returning_Visitor,False,False
0,28.23,0,0.0,7,116.0,0.0,0.05,0.0,0.0,Mar,2,5,1,1,Returning_Visitor,False,False
5,65.0,2,34.0,13,1302.5,0.0,0.02,0.0,0.0,Mar,1,1,1,10,Returning_Visitor,False,False
0,2.24,0,0.0,45,1312.33,0.03,0.05,0.0,0.0,Nov,3,2,1,13,Returning_Visitor,False,False
3,197.0,1,25.0,46,1596.67,0.0,0.01,19.93,0.0,Mar,4,2,2,2,New_Visitor,True,False
0,2.64,0,1.3,36,312.03,0.0,0.01,12.87,0.0,May,2,2,8,6,Returning_Visitor,False,True
5,238.38,0,0.0,24,2174.38,0.01,0.02,27.08,0.0,Mar,3,2,3,1,Returning_Visitor,False,False
0,2.25,0,0.0,2,93.0,0.0,0.05,0.0,0.0,Dec,3,2,5,2,Returning_Visitor,False,False
6,88.75,0,0.48,48,3983.32,0.0,0.04,27.98,0.0,Nov,2,2,1,2,Returning_Visitor,False,False
0,0.0,0,0.0,6,463.5,0.0,0.03,0.0,0.0,Mar,2,2,2,3,Returning_Visitor,False,False
0,0.0,0,1.25,2,59.0,0.0,0.1,0.0,0.0,May,2,2,7,4,Returning_Visitor,False,False
0,1.49,0,0.1,21,366.75,0.02,0.05,0.0,0.0,Mar,2,2,1,1,Returning_Visitor,False,False
3,104.66,0,0.92,11,212.92,0.0,0.01,0.0,0.0,Nov,3,2,5,2,New_Visitor,False,False
1,19.67,0,0.06,14,512.11,0.03,0.03,0.0,0.0,Mar,3,2,8,9,Returning_Visitor,True,False
0,1.62,0,0.3,96,1231.79,0.0,0.01,0.08,0.03,Jul,2,4,3,1,Returning_Visitor,False,False
0,1.5,0,0.0,10,377.5,0.02,0.03,0.0,0.0,May,2,1,2,2,Returning_Visitor,True,False
2,94.6,1,82.89,16,149.15,0.0,0.02,0.0,0.0,Jul,2,2,9,2,New_Visitor,False,False
0,0.0,0,0.0,6,185.0,0.0,0.1,0.0,0.0,Mar,1,1,1,10,Returning_Visitor,False,False
2,9.05,4,15.0,30,569.12,0.0,0.04,0.0,0.0,May,2,2,1,4,Returning_Visitor,False,False
1,6.0,0,0.0,6,125.0,0.0,0.05,0.0,0.0,Dec,2,2,6,1,Returning_Visitor,False,False
1,129.0,1,26.7,28,1392.1,0.03,0.06,0.0,0.0,Sep,3,2,7,1,Returning_Visitor,True,False
0,0.0,0,0.0,2,21.0,0.0,0.05,0.0,0.8,May,2,2,9,3,Returning_Visitor,False,False
1,13.0,0,0.0,13,391.85,0.02,0.05,0.0,0.0,Dec,3,2,4,3,Returning_Visitor,True,False
8,179.91,5,759.5,58,1280.78,0.03,0.02,41.68,0.01,Dec,2,4,1,2,Returning_Visitor,True,False
6,105.2,0,0.0,11,169.33,0.01,0.04,0.0,0.0,Nov,2,2,1,3,Returning_Visitor,False,False
1,17.0,0,1.79,21,602.92,0.03,0.04,0.0,0.0,Nov,3,2,1,13,Returning_Visitor,False,False
0,0.0,0,0.0,14,1405.13,0.04,0.05,0.01,0.0,Mar,2,2,3,1,Returning_Visitor,False,False
0,0.0,0,0.0,6,110.0,0.0,0.05,0.0,0.0,May,2,2,4,2,Returning_Visitor,False,False
1,104.01,0,143.75,6,17.0,0.03,0.05,0.0,0.0,May,3,2,3,1,Returning_Visitor,False,False
0,0.0,0,0.11,32,1028.57,0.02,0.02,0.08,0.0,Aug,1,1,6,3,Returning_Visitor,False,False
3,76.5,0,0.0,55,1493.55,0.01,0.03,0.04,0.0,May,2,2,1,13,Returning_Visitor,False,False
5,45.26,0,0.0,5,51.2,0.0,0.0,0.0,0.0,Aug,2,2,2,2,Returning_Visitor,False,True
3,32.1,0,0.0,3,21.1,0.0,0.03,0.0,0.0,June,2,2,1,5,Returning_Visitor,False,False
3,29.5,0,0.13,26,1068.76,0.01,0.02,12.02,0.0,Nov,2,2,2,1,Returning_Visitor,False,True
0,0.0,0,0.0,9,234.85,0.03,0.05,22.9,0.04,May,2,2,1,1,Returning_Visitor,False,True
1,32.64,0,0.0,46,608.22,0.01,0.06,0.0,0.0,Jul,2,2,2,2,Returning_Visitor,False,False
6,189.25,0,0.0,46,635.49,0.01,0.01,10.58,0.0,Nov,3,2,3,8,Returning_Visitor,False,True
1,8.0,3,181.25,51,6797.95,0.02,0.02,24.29,0.0,Nov,1,1,1,3,Returning_Visitor,False,True
0,0.0,0,0.0,2,0.0,0.2,0.14,0.0,0.4,May,2,2,1,1,Returning_Visitor,False,False
0,0.0,1,37.2,37,2767.75,0.01,0.01,0.01,0.0,Nov,2,2,7,2,Returning_Visitor,False,False
1,28.2,0,0.0,18,1138.44,0.0,0.01,60.85,0.0,Mar,2,2,4,4,New_Visitor,False,True
0,0.0,0,0.0,2,24.0,0.0,0.1,0.0,0.0,Mar,2,6,1,2,Returning_Visitor,False,False
0,0.0,0,0.0,5,27.0,0.04,0.08,0.1,0.0,Dec,2,2,1,1,Returning_Visitor,False,False
0,0.0,0,0.0,7,201.21,0.0,0.04,0.0,0.0,Dec,3,2,9,6,Returning_Visitor,False,False
0,8.5,0,0.0,4,464.67,0.0,0.03,0.01,0.6,May,3,2,1,1,Returning_Visitor,False,False
0,0.0,0,0.39,10,1503.67,0.0,0.01,18.85,0.0,Nov,2,2,1,2,Returning_Visitor,False,True
0,1.82,0,0.0,16,392.14,0.0,0.03,0.05,0.0,Mar,3,2,1,4,Returning_Visitor,False,False
0,0.0,0,0.0,46,683.3,0.03,0.09,0.0,0.0,June,2,2,3,1,Returning_Visitor,False,False
0,0.0,0,0.0,6,170.05,0.0,0.03,0.07,0.0,May,4,2,7,2,New_Visitor,True,False
1,1.87,0,1.09,0,0.0,0.2,0.2,0.0,0.0,May,2,2,6,5,Returning_Visitor,False,False
0,0.0,0,0.0,9,326.0,0.0,0.06,0.0,0.0,May,3,2,4,3,Returning_Visitor,False,False
5,174.3,0,0.31,39,794.71,0.03,0.05,0.0,0.0,Sep,3,2,1,1,Returning_Visitor,False,False
2,40.8,0,10.22,45,1668.13,0.0,0.02,47.57,0.0,Sep,1,1,4,2,Returning_Visitor,False,False
11,570.25,0,0.0,39,1728.25,0.01,0.02,22.43,0.0,Nov,2,2,1,2,Returning_Visitor,False,True
0,0.0,0,0.2,46,414.19,0.0,0.04,0.0,0.0,May,2,6,3,1,Returning_Visitor,False,False
0,2.68,0,0.0,2,0.0,0.2,0.2,0.04,0.0,Feb,3,3,1,1,Returning_Visitor,False,False
0,0.0,0,0.09,2,0.0,0.13,0.2,0.01,0.0,Dec,2,2,1,20,Returning_Visitor,False,False
0,1.49,0,0.0,21,849.88,0.01,0.03,0.03,0.0,Mar,1,1,1,1,Returning_Visitor,False,False
1,5.0,0,0.15,15,228.8,0.02,0.07,0.05,0.0,Nov,3,2,1,3,Returning_Visitor,False,False
0,0.0,0,0.0,6,291.0,0.0,0.03,0.0,0.0,Nov,2,10,2,1,Returning_Visitor,False,False
1,82.0,0,0.0,59,1450.29,0.01,0.02,23.88,0.0,May,2,2,9,13,Returning_Visitor,False,True
0,0.0,0,0.15,25,770.03,0.0,0.03,0.0,0.0,Mar,3,2,8,10,Returning_Visitor,False,False
0,1.61,0,0.0,16,973.5,0.03,0.05,0.0,0.0,May,2,2,1,1,Returning_Visitor,False,False
0,2.02,0,0.0,13,190.31,0.0,0.05,0.0,0.0,May,2,2,5,4,Returning_Visitor,False,False
0,0.0,0,0.0,9,145.52,0.09,0.12,0.0,0.0,Dec,2,2,1,3,Returning_Visitor,False,False
0,0.0,0,1.39,23,177.47,0.03,0.06,56.58,0.02,Nov,2,4,1,3,Returning_Visitor,False,True
2,102.57,0,0.0,46,1486.93,0.0,0.01,0.0,0.0,May,2,2,3,13,Returning_Visitor,False,False
3,92.75,2,79.92,23,1347.96,0.01,0.03,32.41,0.0,Nov,2,2,6,2,Returning_Visitor,False,False
0,0.0,0,0.0,16,344.4,0.03,0.05,0.0,0.0,Jul,2,2,2,3,Returning_Visitor,False,False
0,1.55,0,0.0,5,74.0,0.0,0.02,0.0,0.0,May,2,2,2,2,Returning_Visitor,True,False
0,1.83,0,0.0,13,549.2,0.02,0.05,0.02,0.0,Nov,2,2,6,2,Returning_Visitor,False,False
3,1715.0,0,0.0,20,536.62,0.0,0.0,14.72,0.0,Nov,1,1,1,2,New_Visitor,False,False
3,95.45,0,0.0,27,3188.48,0.01,0.03,0.0,0.0,Dec,2,5,1,2,Returning_Visitor,False,False
2,84.0,0,0.0,13,506.77,0.02,0.04,0.0,0.0,Dec,3,2,4,3,Returning_Visitor,False,False
0,0.0,0,0.28,6,196.33,0.01,0.04,0.0,0.0,Oct,1,1,3,2,Returning_Visitor,False,False
0,1.58,0,0.0,4,505.0,0.0,0.05,0.0,0.0,Mar,2,2,1,1,Returning_Visitor,False,False
14,173.55,0,0.0,164,4155.75,0.0,0.01,12.27,0.0,Nov,2,2,3,2,Returning_Visitor,False,True
0,0.0,0,0.0,6,224.0,0.0,0.02,0.0,0.0,May,4,1,3,2,Returning_Visitor,True,False
1,82.6,0,0.0,25,243.47,0.02,0.02,0.0,0.0,Nov,2,2,1,2,Returning_Visitor,False,False
0,0.0,0,0.0,48,1454.18,0.03,0.03,16.61,0.0,Jul,2,4,3,1,Returning_Visitor,False,False
0,23.15,0,0.19,6,1502.38,0.08,0.05,0.0,0.0,Dec,3,3,1,3,Returning_Visitor,False,False
0,1.6,0,0.0,46,677.92,0.01,0.01,0.0,0.0,Nov,3,2,1,2,Returning_Visitor,True,False
8,130.7,0,0.0,46,87.5,0.0,0.03,0.0,0.0,Nov,2,2,1,3,New_Visitor,True,False
9,126.26,1,50.83,59,2004.37,0.01,0.03,0.2,0.0,Dec,2,2,6,2,Returning_Visitor,False,False
3,107.87,0,0.0,11,162.05,0.0,0.02,0.0,0.0,Nov,2,2,4,2,New_Visitor,True,False
0,0.0,0,0.0,16,278.29,0.0,0.02,0.0,0.0,Dec,2,2,9,10,Returning_Visitor,False,False
0,0.0,0,0.0,36,1493.48,0.03,0.07,0.0,0.8,May,2,2,1,13,Returning_Visitor,False,False
3,89.75,2,16.0,47,1488.58,0.01,0.02,0.0,0.0,Nov,2,2,7,1,Returning_Visitor,False,False
6,124.2,0,1.3,5,94.6,0.0,0.02,0.0,0.0,Nov,1,1,2,2,New_Visitor,False,True
3,203.5,0,0.0,8,153.54,0.0,0.02,0.03,0.0,May,1,1,8,2,Returning_Visitor,False,False
1,12.87,1,22.2,16,240.6,0.03,0.06,0.0,0.0,Jul,2,2,9,13,Returning_Visitor,False,False
3,199.75,0,0.0,8,331.4,0.0,0.01,0.0,0.0,Mar,3,2,2,10,New_Visitor,False,False
1,0.0,0,0.0,4,0.0,0.13,0.2,0.0,0.0,May,1,1,4,4,Returning_Visitor,True,False
0,0.0,0,0.0,69,653.28,0.01,0.05,0.0,0.6,May,2,4,7,4,Returning_Visitor,False,False
0,0.0,0,0.0,14,413.0,0.0,0.01,0.0,0.0,Sep,1,1,4,3,New_Visitor,False,False
0,0.0,0,0.05,11,76.0,0.03,0.06,0.0,0.0,Mar,2,2,6,1,Returning_Visitor,False,False
3,63.0,1,16.0,57,4987.69,0.0,0.01,10.8,0.0,May,4,1,2,2,Returning_Visitor,False,False
0,1.58,0,0.0,16,413.83,0.01,0.02,0.0,0.0,Nov,3,2,1,2,Returning_Visitor,False,False
2,37.0,0,0.0,46,1504.05,0.01,0.02,5.57,0.0,May,2,2,2,11,Returning_Visitor,True,False
3,80.0,0,0.74,326,6625.25,0.0,0.02,0.01,0.0,Nov,2,2,1,2,Returning_Visitor,False,True
7,237.5,1,82.17,37,1302.52,0.0,0.02,0.0,0.0,Dec,3,2,2,2,Returning_Visitor,False,True
0,0.0,0,0.0,64,3025.06,0.0,0.02,0.01,0.0,Nov,3,2,1,2,Returning_Visitor,False,False
1,25.18,0,0.52,7,381.5,0.0,0.03,0.1,0.0,Mar,1,1,3,2,Returning_Visitor,True,False
7,170.5,1,161.5,114,1501.99,0.0,0.01,0.0,0.0,Mar,2,10,2,2,Returning_Visitor,False,False
3,68.0,1,103.0,10,808.5,0.0,0.02,35.99,0.0,Mar,2,2,3,7,Returning_Visitor,True,True
0,1.53,0,0.0,5,57.0,0.0,0.03,0.0,0.0,Mar,2,2,6,2,Returning_Visitor,False,False
11,298.58,0,0.0,210,8115.85,0.0,0.03,0.0,0.0,Nov,2,2,1,2,Returning_Visitor,False,False
2,219.14,7,200.92,76,1487.18,0.0,0.02,1.08,0.0,Mar,2,5,1,7,Returning_Visitor,False,True
10,144.95,1,78.83,36,673.64,0.02,0.03,0.0,0.0,Nov,1,1,1,2,Returning_Visitor,False,False
0,0.0,0,0.0,15,428.0,0.0,0.01,89.13,0.0,Nov,2,8,3,6,Returning_Visitor,True,True
2,23.0,0,0.0,97,1589.18,0.01,0.02,0.02,0.0,Dec,2,5,1,1,Returning_Visitor,False,False
3,124.0,0,0.36,13,173.0,0.0,0.02,0.01,0.0,May,2,2,1,2,New_Visitor,False,False
1,5.19,0,0.0,4,67.25,0.0,0.05,0.01,0.0,Dec,2,2,2,2,Returning_Visitor,True,False
0,0.0,1,36.5,46,1121.42,0.0,0.02,0.0,0.0,Nov,2,2,3,2,Returning_Visitor,False,False
0,1.77,0,0.14,2,12.02,0.2,0.2,0.04,0.0,Dec,1,1,1,2,Returning_Visitor,False,False
0,1.76,0,0.0,8,143.2,0.03,0.05,0.16,0.0,Nov,3,2,1,2,Returning_Visitor,False,False
0,0.0,0,0.0,5,44.5,0.13,0.16,0.0,0.0,Nov,1,1,1,2,Returning_Visitor,False,False
0,975.65,4,81.26,53,2822.62,0.0,0.02,0.0,0.0,Sep,3,2,8,2,Returning_Visitor,True,False
3,16.0,6,171.43,46,1605.58,0.01,0.04,0.0,0.0,Nov,2,2,1,2,Returning_Visitor,False,True
3,79.91,0,0.0,2,15.0,0.0,0.04,0.0,0.0,Nov,2,2,1,2,Returning_Visitor,False,False
4,104.25,0,0.13,43,1429.88,0.0,0.02,4.11,0.0,Nov,2,2,1,13,Returning_Visitor,False,True
7,104.2,0,0.0,48,1032.75,0.0,0.02,12.24,0.0,Nov,3,2,2,10,Returning_Visitor,True,False
3,56.0,0,0.44,61,1669.99,0.01,0.02,0.03,0.0,Nov,1,1,7,2,Returning_Visitor,False,False
0,0.0,0,0.0,4,47.0,0.1,0.12,0.0,0.03,Mar,2,2,1,3,Returning_Visitor,True,False
11,280.34,0,0.0,20,337.85,0.0,0.02,0.0,0.0,Dec,3,2,2,5,New_Visitor,False,False
0,1.42,0,0.0,7,123.5,0.0,0.05,0.0,0.0,May,1,1,1,3,Returning_Visitor,False,False
2,34.0,0,0.0,81,2241.0,0.0,0.01,0.03,0.0,Mar,2,2,1,1,Returning_Visitor,False,False
0,0.0,0,0.07,6,72.0,0.0,0.05,0.0,0.8,May,2,2,1,4,Returning_Visitor,False,False
2,30.98,0,1.53,11,160.41,0.0,0.02,0.0,0.0,Nov,2,2,7,2,Returning_Visitor,False,False
0,0.0,0,0.0,5,112.0,0.0,0.02,0.0,0.0,Mar,3,2,1,2,Returning_Visitor,True,False
3,146.0,1,79.44,42,2054.11,0.01,0.01,11.83,0.0,May,1,1,9,3,Returning_Visitor,False,False
2,7.0,0,0.17,31,11.0,0.0,0.03,0.0,0.0,May,1,1,5,4,Returning_Visitor,False,False
3,23.0,0,0.0,46,934.0,0.0,0.01,0.0,0.0,May,2,2,1,3,New_Visitor,False,False
0,0.0,0,0.0,19,256.49,0.01,0.03,0.0,0.0,Nov,2,2,1,13,Returning_Visitor,True,False
0,0.0,0,0.0,65,1503.99,0.0,0.02,0.03,0.0,Nov,2,2,1,2,New_Visitor,False,False
0,36.07,0,0.0,23,1516.97,0.0,0.02,0.11,0.49,May,1,1,8,1,Returning_Visitor,False,False
0,0.0,0,32.68,8,590.9,0.0,0.03,31.5,0.0,Nov,1,2,1,8,New_Visitor,True,True
13,243.65,0,0.0,46,417.47,0.02,0.02,0.0,0.0,Oct,2,2,1,2,Returning_Visitor,False,False
3,62.04,0,0.0,6,86.0,0.0,0.03,0.03,0.0,May,2,2,4,5,New_Visitor,False,False
0,0.0,0,0.0,20,562.01,0.0,0.01,0.0,0.0,Nov,1,1,1,3,Returning_Visitor,False,False
0,0.0,0,0.08,35,888.33,0.0,0.02,2.92,0.2,May,2,2,6,3,Returning_Visitor,False,True
8,499.53,6,181.95,23,959.9,0.01,0.02,12.31,0.0,Nov,1,1,6,3,Returning_Visitor,True,True
0,0.0,0,0.06,1,94.48,0.13,0.2,0.0,0.0,June,2,4,3,3,Returning_Visitor,False,False
7,89.34,1,2.67,46,1509.01,0.01,0.03,5.39,0.0,Nov,2,2,9,1,Returning_Visitor,False,True
2,109.82,0,0.0,30,1397.3,0.0,0.02,19.31,0.0,Dec,2,4,1,2,Returning_Visitor,False,True
0,0.0,0,0.24,8,162.01,0.09,0.14,0.0,0.2,May,3,2,1,3,Returning_Visitor,False,False
8,33.87,4,32.7,47,1759.69,0.0,0.01,1.37,0.0,Oct,4,1,3,6,Returning_Visitor,False,True
2,83.5,1,125.5,11,1353.53,0.01,0.0,0.0,0.0,Dec,2,2,9,2,Returning_Visitor,False,False
5,118.7,1,26.0,45,1019.29,0.03,0.01,0.0,1.0,May,3,2,3,3,Returning_Visitor,False,False
3,39.0,0,0.0,6,1180.5,0.0,0.02,0.01,0.0,May,2,2,1,3,Returning_Visitor,False,False
7,46.2,0,0.0,22,886.7,0.01,0.02,0.0,0.0,Aug,2,2,1,3,New_Visitor,True,False
10,821.08,1,0.0,46,2400.78,0.0,0.01,12.24,0.0,Nov,2,2,2,1,Returning_Visitor,False,False
0,0.0,0,0.1,3,105.0,0.0,0.03,0.0,0.0,Dec,2,2,2,2,Returning_Visitor,True,False
0,1.48,0,0.16,2,0.0,0.2,0.2,0.0,0.0,Mar,2,2,1,1,Returning_Visitor,False,False
1,87.0,0,0.0,38,1498.48,0.01,0.03,7.15,0.0,May,2,2,1,4,Returning_Visitor,False,True
0,0.0,0,0.0,4,839.06,0.2,0.14,0.0,0.6,Feb,3,2,3,3,Returning_Visitor,False,False
4,102.91,1,152.2,46,906.12,0.0,0.01,0.0,0.0,Aug,3,2,3,2,New_Visitor,False,False
0,1.85,4,758.5,23,1133.33,0.0,0.04,1.76,0.0,Dec,3,2,6,2,Returning_Visitor,True,False
0,0.0,0,0.1,1,0.0,0.2,0.2,0.0,0.02,May,2,4,9,3,Returning_Visitor,False,False
6,571.5,0,0.0,14,1509.15,0.01,0.02,0.0,0.0,Dec,2,2,3,10,Returning_Visitor,True,False
1,99.46,0,0.1,8,1493.59,0.0,0.04,10.68,0.0,Nov,2,2,1,4,Returning_Visitor,False,False
0,1.66,0,0.47,6,117.5,0.0,0.07,0.0,0.0,May,2,2,1,1,Returning_Visitor,True,False
11,147.0,0,6.21,23,1494.02,0.01,0.01,25.19,0.0,Dec,1,1,8,2,Returning_Visitor,False,False
0,0.0,0,0.0,28,1504.47,0.0,0.02,0.0,0.0,Nov,2,2,1,3,Returning_Visitor,False,False
0,0.0,0,0.0,24,1494.43,0.03,0.06,0.02,0.0,Dec,2,2,4,1,Returning_Visitor,False,False
0,0.0,1,88.09,82,6858.67,0.0,0.02,2.24,0.0,Nov,1,1,3,2,Returning_Visitor,False,False
0,0.0,0,13.57,22,2386.0,0.0,0.02,0.0,0.0,Dec,2,2,6,2,New_Visitor,False,True
16,387.44,0,0.0,147,4123.96,0.0,0.01,13.33,0.0,Nov,2,2,3,8,Returning_Visitor,False,True
0,1.9,0,0.0,43,1502.18,0.0,0.03,0.0,0.0,May,2,2,7,2,Returning_Visitor,False,False
12,98.85,1,16.51,59,22.05,0.0,0.02,0.0,0.0,Oct,2,2,1,4,Returning_Visitor,False,False
0,0.0,0,0.0,2,17.4,0.2,0.2,0.04,0.01,Feb,1,1,1,2,Returning_Visitor,True,False
0,1.81,0,0.0,3,46.0,0.0,0.03,0.0,0.0,Dec,1,1,3,2,Returning_Visitor,False,False
3,71.51,0,0.53,22,1146.89,0.0,0.01,0.01,0.0,June,2,2,2,2,New_Visitor,False,False
0,0.0,0,0.07,1,0.0,0.13,0.14,0.07,0.0,June,3,2,1,4,Returning_Visitor,False,False
0,1.49,0,0.28,8,220.18,0.03,0.04,0.05,0.0,Mar,2,2,3,3,Returning_Visitor,False,False
0,0.0,0,0.84,7,129.25,0.0,0.03,0.66,0.0,Dec,1,1,4,2,New_Visitor,True,False
3,62.5,0,0.0,17,775.33,0.0,0.05,0.0,0.0,Nov,2,2,3,1,Returning_Visitor,False,True
0,1.5,0,0.0,7,145.24,0.0,0.04,0.0,0.0,Mar,2,2,3,1,Returning_Visitor,False,False
8,86.81,1,21.5,51,1483.78,0.02,0.04,0.0,0.0,Mar,2,2,2,1,Returning_Visitor,False,False
0,0.0,0,0.0,55,1165.62,0.02,0.02,0.0,0.0,May,3,2,1,19,Returning_Visitor,False,False
0,0.0,0,0.0,16,444.58,0.03,0.03,0.0,0.0,Mar,2,5,7,1,Returning_Visitor,False,False
1,2.0,0,0.5,9,466.67,0.0,0.01,0.06,0.0,May,2,4,8,4,New_Visitor,True,False
0,0.0,0,0.0,3,19.0,0.0,0.1,0.0,0.0,May,2,2,1,4,Returning_Visitor,False,False
0,0.0,0,0.0,1,19.04,0.2,0.2,0.0,0.0,May,2,2,4,3,Returning_Visitor,True,False
0,0.0,0,0.0,24,663.0,0.04,0.07,0.04,0.0,Dec,2,2,1,1,Returning_Visitor,False,False
3,100.27,2,87.0,69,1918.9,0.0,0.02,0.0,0.0,Nov,2,2,3,2,Returning_Visitor,False,False
0,0.0,0,0.62,41,1500.17,0.01,0.08,0.07,0.01,Dec,2,6,1,2,New_Visitor,False,False
0,0.0,0,0.0,13,514.42,0.0,0.02,0.0,0.0,Nov,2,2,1,2,Returning_Visitor,False,False
3,101.17,0,0.27,16,414.14,0.0,0.03,0.0,0.03,May,1,1,1,3,Returning_Visitor,False,False
7,69.88,0,3.22,33,1051.12,0.0,0.01,25.12,0.0,Nov,2,2,9,11,Returning_Visitor,True,True
0,1.5,0,0.0,15,418.38,0.01,0.02,13.19,0.0,May,3,2,1,2,New_Visitor,True,True
3,250.8,2,270.6,45,1270.21,0.0,0.03,0.12,0.0,Nov,2,2,5,5,New_Visitor,False,True
0,0.0,0,0.09,46,771.75,0.02,0.06,0.0,0.0,Mar,3,2,3,1,Returning_Visitor,False,False
2,133.0,0,0.17,19,414.12,0.0,0.01,0.0,0.0,May,1,1,1,2,Returning_Visitor,False,False
0,2.2,0,0.0,46,896.5,0.01,0.01,0.38,0.6,May,2,5,1,5,Returning_Visitor,False,True
1,2.02,0,0.0,4,146.59,0.0,0.04,0.05,0.0,May,2,2,2,1,Returning_Visitor,True,False
10,77.0,3,447.0,42,1469.7,0.0,0.02,12.26,0.0,Mar,2,2,1,2,Returning_Visitor,False,False
0,1.51,0,0.0,38,726.28,0.03,0.06,0.0,1.0,May,2,2,4,13,Returning_Visitor,True,False
0,2.09,1,1411.0,1,1411.0,0.0,0.09,0.0,0.0,Mar,2,2,1,1,Returning_Visitor,False,False
4,100.78,1,58.0,71,3424.58,0.0,0.04,0.0,0.0,Mar,2,2,5,3,Returning_Visitor,True,False
6,45.03,0,71.23,120,870.78,0.0,0.01,12.89,0.0,Aug,4,2,1,2,Returning_Visitor,False,False
0,0.0,0,0.0,77,313.63,0.13,0.13,0.0,0.0,Nov,2,2,3,3,Returning_Visitor,False,False
9,247.05,4,72.0,44,484.4,0.01,0.06,0.0,0.0,Nov,1,1,1,10,Returning_Visitor,False,False
7,434.32,1,0.0,34,1513.22,0.01,0.02,5.41,0.0,Nov,3,2,1,13,Returning_Visitor,True,False
0,0.0,0,0.0,48,501.82,0.0,0.03,0.0,0.0,Aug,1,1,1,2,Returning_Visitor,False,False
10,598.87,1,252.11,60,4538.61,0.01,0.02,12.23,0.0,Nov,3,2,2,2,Returning_Visitor,False,False
0,0.0,0,0.0,3,173.45,0.0,0.07,1.22,0.0,Nov,2,2,3,2,Other,True,False
0,0.0,0,0.2,2,0.0,0.2,0.14,0.0,0.4,May,1,1,3,3,Returning_Visitor,False,False
0,1.67,0,0.0,2,0.0,0.2,0.2,0.07,0.0,Nov,2,2,1,1,Returning_Visitor,False,False
3,19.33,0,0.0,28,710.91,0.01,0.01,0.0,0.02,May,2,2,8,3,Returning_Visitor,False,False
0,4.13,0,0.0,1,0.0,0.2,0.14,0.06,0.0,Dec,8,13,9,20,Other,False,False
7,104.52,0,0.0,27,1342.67,0.0,0.02,29.36,0.0,Mar,2,2,1,2,Returning_Visitor,False,True
0,0.0,0,0.26,3,0.0,0.2,0.2,0.05,0.0,May,2,4,1,6,Returning_Visitor,True,False
0,0.0,0,0.0,33,2086.24,0.02,0.02,0.05,0.0,Feb,2,2,7,1,Returning_Visitor,False,False
0,0.0,0,0.43,8,24.0,0.15,0.17,0.0,0.4,May,2,2,1,3,Returning_Visitor,False,False
2,25.62,0,0.66,222,8596.67,0.01,0.01,1.47,0.0,Dec,2,2,2,1,Returning_Visitor,False,False
1,16.0,0,0.0,13,251.54,0.0,0.01,0.0,0.0,May,1,1,1,4,New_Visitor,False,False
7,77.5,0,0.0,13,192.93,0.0,0.01,0.01,0.0,Mar,2,2,1,1,Returning_Visitor,False,False
0,0.0,0,0.0,2,102.01,0.0,0.1,0.0,0.0,May,2,2,1,3,Returning_Visitor,False,False
2,22.0,0,0.0,24,415.25,0.0,0.05,0.0,0.0,Mar,3,3,1,1,Returning_Visitor,False,False
0,1.97,0,0.08,13,787.75,0.02,0.05,0.0,0.0,Nov,2,2,4,3,Returning_Visitor,False,False
4,56.67,0,0.0,21,797.3,0.0,0.02,0.0,0.0,May,3,2,3,2,Returning_Visitor,False,False
0,0.0,0,0.11,5,0.0,0.2,0.2,0.11,0.57,May,3,2,6,13,Returning_Visitor,False,False
3,32.0,0,0.0,16,214.04,0.0,0.01,0.0,0.0,May,2,2,2,1,Returning_Visitor,False,False
5,104.28,2,25.5,61,2590.02,0.0,0.02,19.3,0.0,Dec,1,1,1,1,Returning_Visitor,False,False
0,1.66,0,0.95,6,421.41,0.0,0.04,0.0,0.0,May,2,4,1,5,Returning_Visitor,False,False
1,6.82,0,0.0,8,96.0,0.03,0.05,1.06,0.0,Nov,2,4,9,1,Returning_Visitor,False,False
5,23.75,0,0.0,4,12.0,0.0,0.03,2.16,0.0,Nov,2,2,1,1,Returning_Visitor,True,False
0,1.96,0,0.19,18,771.08,0.06,0.05,0.0,0.0,Mar,2,2,3,1,Returning_Visitor,False,False
0,0.0,0,0.0,8,373.92,0.0,0.1,0.17,0.46,May,3,2,3,1,Returning_Visitor,False,False
1,7.5,0,0.0,44,1489.33,0.03,0.04,0.0,0.0,Nov,3,2,1,3,Returning_Visitor,False,False
3,54.34,0,0.0,65,1506.2,0.0,0.02,5.38,0.03,Nov,2,2,3,3,Returning_Visitor,False,False
0,0.0,0,0.0,5,517.5,0.03,0.1,0.2,0.0,May,3,2,2,4,Returning_Visitor,False,False
0,1.8,0,0.0,6,68.0,0.0,0.05,0.01,0.0,May,2,2,1,6,Returning_Visitor,False,False
2,84.5,0,0.0,13,596.08,0.0,0.04,0.0,0.0,May,2,4,3,3,Returning_Visitor,False,False
0,0.0,0,0.0,8,118.0,0.0,0.05,0.01,0.59,May,2,2,2,2,Returning_Visitor,False,False
6,81.75,0,4.72,152,6503.16,0.0,0.03,0.79,0.0,Nov,2,2,2,2,Returning_Visitor,False,False
3,170.25,0,4.18,55,3057.05,0.0,0.02,0.01,0.0,Nov,3,2,4,2,Returning_Visitor,False,False
4,103.99,0,0.0,47,1375.76,0.0,0.01,25.85,0.0,Nov,2,2,2,4,Returning_Visitor,False,False
0,0.0,0,0.0,3,293.5,0.0,0.13,0.0,0.4,May,2,2,1,5,Returning_Visitor,False,False
9,922.75,0,0.0,56,4681.42,0.01,0.02,12.26,0.0,Nov,2,2,1,13,Returning_Visitor,False,False
0,0.0,0,0.0,5,145.89,0.0,0.04,0.0,0.0,Mar,2,2,1,2,Returning_Visitor,False,False
12,411.19,4,144.2,136,5944.39,0.01,0.03,12.4,0.0,Oct,2,5,1,1,Returning_Visitor,False,False
8,387.6,3,32.0,328,9694.26,0.0,0.06,6.47,0.0,Mar,2,2,3,1,Returning_Visitor,False,False
2,34.0,0,0.47,8,358.0,0.0,0.02,0.0,0.0,Mar,2,2,1,2,Returning_Visitor,False,False
0,0.0,0,0.68,13,177.5,0.03,0.09,0.0,0.6,May,2,2,1,6,Returning_Visitor,False,False
2,3.85,0,0.0,8,214.33,0.04,0.05,0.0,0.0,May,3,2,1,3,Returning_Visitor,False,False
0,3.48,0,0.0,12,169.3,0.0,0.02,0.09,0.0,Mar,2,2,3,2,Returning_Visitor,True,False
3,33.0,0,0.0,13,26.0,0.02,0.04,0.0,1.0,May,1,1,3,4,Returning_Visitor,True,False
7,95.17,1,11.1,68,824.16,0.0,0.01,37.69,0.0,June,2,2,3,3,Returning_Visitor,False,False
0,0.0,0,0.0,23,0.0,0.2,0.2,0.0,1.0,May,3,2,3,6,Returning_Visitor,True,False
0,0.0,0,0.0,6,62.75,0.0,0.05,0.0,0.0,Dec,2,2,1,2,Returning_Visitor,True,False
2,108.8,0,0.0,13,542.0,0.0,0.04,0.0,0.0,Nov,2,2,1,3,Returning_Visitor,False,False
0,0.0,0,0.2,17,1095.05,0.01,0.03,0.0,0.0,Mar,2,2,1,1,Returning_Visitor,False,False
2,58.4,0,0.0,5,303.1,0.0,0.03,0.0,0.0,Dec,3,2,3,2,Returning_Visitor,False,True
0,0.0,0,0.0,10,254.0,0.0,0.04,14.03,0.0,Nov,2,2,9,2,New_Visitor,False,True
0,1.49,0,0.0,13,63.0,0.0,0.07,0.0,0.8,May,1,1,1,1,Returning_Visitor,False,False
0,1.94,0,0.15,64,1504.45,0.01,0.03,0.03,0.0,Nov,1,2,2,10,Returning_Visitor,True,False
2,104.98,0,0.21,22,1140.15,0.01,0.02,12.24,0.0,Nov,1,1,1,2,Returning_Visitor,False,False
3,104.4,0,1.55,27,1451.67,0.0,0.01,43.9,0.0,Nov,2,2,1,2,New_Visitor,False,True
5,145.88,0,0.0,13,112.08,0.02,0.05,12.23,0.0,Jul,3,2,1,1,Returning_Visitor,False,False
0,0.0,0,0.0,20,298.5,0.01,0.04,0.0,0.0,May,2,4,3,1,Returning_Visitor,False,False
0,0.0,1,0.19,45,1401.08,0.02,0.05,0.0,0.01,Dec,2,2,1,2,Returning_Visitor,False,False
0,0.0,0,0.0,10,153.0,0.02,0.04,0.0,0.0,Mar,1,1,6,1,Returning_Visitor,True,False
5,106.05,0,13.54,13,66.53,0.0,0.02,0.39,0.0,Aug,4,1,3,2,New_Visitor,False,False
0,2.64,0,0.05,17,701.54,0.01,0.03,0.02,0.0,Mar,2,2,1,2,Returning_Visitor,False,False
0,0.0,0,0.0,3,146.0,0.0,0.04,0.0,0.0,May,3,2,4,4,Returning_Visitor,True,False
6,71.5,0,0.0,46,707.82,0.04,0.07,2.85,0.0,Jul,2,2,9,1,Returning_Visitor,False,False
0,1.83,0,0.0,10,231.0,0.12,0.14,0.0,0.0,May,3,2,2,13,Returning_Visitor,False,False
0,0.0,0,0.71,10,173.25,0.0,0.02,0.0,0.0,May,2,2,2,2,Returning_Visitor,False,False
2,267.8,0,0.08,15,616.5,0.03,0.03,0.0,0.0,Sep,3,2,4,4,Returning_Visitor,False,False
0,0.0,1,0.0,14,171.16,0.01,0.05,0.0,0.0,Nov,2,5,1,2,Returning_Visitor,False,False
2,67.01,0,0.0,27,1502.96,0.01,0.01,0.0,0.6,May,2,2,1,2,Returning_Visitor,False,False
2,126.0,1,79.73,47,1101.8,0.0,0.0,4.41,0.0,Nov,2,2,1,4,Returning_Visitor,False,False
1,88.14,0,0.0,13,314.9,0.0,0.02,0.0,0.0,Mar,1,1,6,9,New_Visitor,True,False
0,1.84,0,0.0,1,0.0,0.13,0.2,0.0,0.0,Dec,2,2,4,1,Returning_Visitor,False,False
3,63.0,0,0.24,2,14.6,0.0,0.02,0.0,0.0,Oct,1,1,1,2,New_Visitor,False,False
0,0.0,0,0.29,4,44.0,0.0,0.05,0.01,0.0,May,2,2,2,1,Returning_Visitor,False,False
2,33.0,0,0.0,63,5.0,0.0,0.05,0.0,0.0,May,2,2,1,3,Returning_Visitor,False,False
5,45.0,0,0.0,59,1100.47,0.01,0.03,24.75,0.0,Nov,2,2,4,2,Returning_Visitor,False,True
0,1.45,0,0.09,6,149.08,0.0,0.04,0.0,0.0,Mar,1,1,1,1,Returning_Visitor,True,False
0,0.0,0,0.0,13,252.0,0.0,0.06,0.0,0.0,May,2,2,8,3,Returning_Visitor,False,False
0,1.72,0,0.0,4,41.0,0.1,0.15,0.01,0.58,May,2,2,1,2,Returning_Visitor,False,False
0,2.43,0,0.0,43,1264.28,0.0,0.03,0.0,0.6,May,2,2,9,4,Returning_Visitor,False,False
3,19.0,1,80.73,17,475.67,0.0,0.02,0.0,0.0,Nov,2,10,3,2,Returning_Visitor,False,False
0,0.0,0,0.06,25,942.85,0.02,0.04,0.02,0.0,Dec,2,10,1,1,Returning_Visitor,False,False
0,0.0,0,0.0,44,547.0,0.13,0.14,0.02,0.6,May,3,2,1,13,Returning_Visitor,False,False
7,624.2,3,79.77,52,1887.16,0.0,0.01,64.08,0.0,May,2,2,2,2,Returning_Visitor,False,False
0,0.0,0,0.0,1,2.99,0.2,0.2,0.17,0.0,Sep,2,2,1,1,Returning_Visitor,True,False
9,103.99,0,20.8,97,1935.89,0.0,0.01,0.0,0.0,Dec,2,2,1,2,Returning_Visitor,False,False
0,0.0,0,0.0,25,1229.25,0.03,0.04,0.0,1.0,May,3,2,3,4,Returning_Visitor,True,False
1,16.0,0,1.47,44,2939.62,0.0,0.02,12.31,0.0,Nov,2,2,1,2,Returning_Visitor,False,True
0,0.0,0,0.0,28,534.58,0.0,0.02,0.0,1.0,May,2,4,4,1,Returning_Visitor,True,False
6,60.0,2,61.0,23,1031.7,0.0,0.01,33.15,0.0,Mar,4,2,1,10,Returning_Visitor,True,True
3,960.0,0,0.0,10,1218.0,0.0,0.03,0.0,0.0,Mar,2,5,1,2,New_Visitor,False,False
0,0.0,0,0.0,6,153.59,0.1,0.09,0.0,0.0,Dec,3,2,3,2,Returning_Visitor,False,False
3,36.36,0,8.0,13,435.38,0.02,0.04,0.0,0.0,Nov,3,8,4,3,Returning_Visitor,True,False
0,0.0,0,0.0,1,8.46,0.13,0.2,0.03,0.0,Dec,1,1,1,2,New_Visitor,False,False
0,0.0,0,0.0,7,0.0,0.13,0.2,0.0,0.0,June,2,2,6,13,Returning_Visitor,False,False
4,79.74,2,5.0,46,1903.45,0.0,0.02,0.0,0.0,Jul,2,2,9,13,Returning_Visitor,False,False
2,474.48,3,167.14,92,2324.82,0.01,0.02,12.1,0.0,Nov,3,2,2,13,Returning_Visitor,False,True
1,5.0,0,0.4,13,271.0,0.0,0.0,0.24,0.0,May,1,1,2,2,New_Visitor,True,False
1,2.17,0,0.16,63,2138.38,0.0,0.01,0.0,0.01,Dec,2,2,7,1,Returning_Visitor,False,False
0,0.0,0,0.25,1,30.38,0.2,0.2,0.0,0.0,Jul,3,2,3,1,Returning_Visitor,False,False
3,34.5,0,0.0,18,3026.37,0.0,0.01,61.8,0.0,Dec,1,1,3,2,Returning_Visitor,False,True
4,140.48,0,0.0,48,1252.56,0.01,0.02,0.0,0.0,Nov,3,2,1,2,Returning_Visitor,True,False
1,9.0,0,0.0,33,1597.11,0.0,0.01,12.25,0.0,Dec,2,2,3,2,Returning_Visitor,False,True
10,770.74,2,138.67,35,1497.58,0.0,0.01,10.82,0.0,Nov,2,2,7,2,Returning_Visitor,False,True
3,106.27,0,4.12,10,116.0,0.0,0.02,0.07,0.0,Nov,2,2,7,2,New_Visitor,False,False
0,3.28,0,0.4,1,0.0,0.2,0.2,0.0,0.0,Feb,2,6,1,2,Returning_Visitor,False,False
11,459.45,0,0.51,97,2293.49,0.01,0.03,12.2,0.02,Aug,1,1,3,4,Returning_Visitor,False,False
0,0.0,0,0.45,38,3287.0,0.04,0.08,0.0,0.0,June,2,2,1,1,Returning_Visitor,False,False
0,28.0,1,47.0,33,224.5,0.0,0.01,0.0,0.0,Mar,1,1,1,8,New_Visitor,False,False
3,65.0,0,2.87,29,386.26,0.0,0.0,0.0,0.0,Nov,8,2,9,2,Other,False,False
3,9.0,0,0.0,14,169.5,0.01,0.03,0.0,0.0,May,2,2,4,3,Returning_Visitor,False,False
5,71.08,0,4.23,24,1249.71,0.0,0.01,52.28,0.01,Dec,2,2,3,2,New_Visitor,False,True
0,0.0,0,2.55,13,173.0,0.0,0.02,0.0,0.8,May,1,1,6,1,Returning_Visitor,True,False
4,121.5,0,0.0,2,34.0,0.0,0.02,19.41,0.0,Nov,2,2,9,8,Returning_Visitor,False,False
0,1.54,0,0.0,13,496.81,0.0,0.01,0.0,0.0,May,1,1,3,2,Returning_Visitor,False,False
3,143.0,2,62.75,3,317.07,0.01,0.04,0.01,0.4,May,2,2,1,3,New_Visitor,False,False
2,166.0,2,55.0,10,1968.25,0.0,0.07,0.0,0.0,May,1,1,1,6,New_Visitor,True,False
0,4.49,0,0.0,4,41.4,0.08,0.14,0.22,0.0,Jul,3,2,1,1,Returning_Visitor,False,False
3,74.26,0,1.1,12,528.58,0.0,0.02,0.0,0.0,Dec,8,13,9,20,Other,False,False
0,0.0,0,0.0,19,1503.93,0.0,0.04,0.17,0.0,Nov,3,2,4,11,Returning_Visitor,True,True
0,0.0,0,0.0,1,0.0,0.2,0.14,0.07,0.0,Nov,2,10,2,1,Returning_Visitor,False,False
0,0.0,0,0.0,4,1245.0,0.0,0.1,0.0,0.0,May,2,2,3,6,Returning_Visitor,False,False
6,132.02,3,79.97,45,1504.36,0.0,0.01,0.1,0.0,May,1,1,1,2,Returning_Visitor,False,False
0,0.0,0,0.67,7,71.0,0.0,0.04,0.0,0.0,May,4,2,1,2,Returning_Visitor,True,False
0,0.0,0,0.0,1,0.0,0.2,0.2,0.0,0.0,May,3,2,1,13,Returning_Visitor,False,False
3,37.09,0,0.0,36,1505.96,0.0,0.03,0.0,0.0,Nov,2,6,3,2,Returning_Visitor,False,False
0,0.0,0,0.0,13,635.33,0.0,0.01,0.0,0.0,Mar,2,2,3,1,Returning_Visitor,False,False
0,1.49,0,0.0,3,0.0,0.13,0.2,0.0,0.0,Mar,3,2,6,3,Returning_Visitor,False,False
0,2.32,0,0.04,6,1361.89,0.03,0.05,0.0,0.2,May,3,2,6,1,Returning_Visitor,False,False
0,28.0,0,0.0,27,434.5,0.0,0.02,0.0,0.0,Dec,8,2,7,2,New_Visitor,False,True
0,2.34,0,0.0,81,2092.67,0.01,0.03,0.0,0.0,Oct,2,2,1,1,Returning_Visitor,False,False
14,101.85,2,120.67,56,1080.27,0.02,0.03,24.73,0.6,May,3,2,1,1,Returning_Visitor,False,False
4,102.08,0,0.0,21,863.17,0.0,0.02,0.07,0.0,Dec,1,1,1,8,Returning_Visitor,False,False
0,0.0,0,0.0,30,1258.35,0.0,0.02,0.0,0.0,Dec,3,2,1,1,Returning_Visitor,True,False
13,311.83,4,201.5,166,4646.87,0.0,0.02,4.12,0.0,Dec,2,2,1,1,Returning_Visitor,True,False
5,44.02,0,0.0,50,842.67,0.0,0.0,60.9,0.0,Aug,4,2,1,2,Returning_Visitor,False,True
0,1.57,0,0.0,13,414.2,0.03,0.07,0.0,0.0,Mar,2,2,4,1,Returning_Visitor,False,False
0,0.0,0,0.0,3,0.0,0.2,0.14,0.0,0.0,Mar,2,2,4,1,Returning_Visitor,False,False
0,0.0,0,0.94,13,737.17,0.04,0.08,0.0,0.0,Nov,3,2,3,13,Returning_Visitor,False,False
0,0.0,0,0.42,7,63.0,0.03,0.07,0.0,0.6,Feb,2,2,1,3,Returning_Visitor,False,False
0,1.47,0,0.0,1,0.0,0.2,0.2,0.0,0.0,Dec,2,2,1,13,Returning_Visitor,False,False
0,2.8,0,0.91,31,413.71,0.02,0.02,0.28,1.0,May,1,1,3,4,Returning_Visitor,True,False
0,0.0,0,0.0,16,146.02,0.0,0.01,0.0,0.0,Dec,2,2,7,2,Returning_Visitor,False,False
0,0.0,0,0.0,5,109.0,0.0,0.03,0.0,0.6,May,1,1,4,1,Returning_Visitor,False,False
2,13.5,0,0.0,23,1491.69,0.02,0.05,0.0,0.8,May,2,2,1,2,Returning_Visitor,False,False
1,53.4,0,1.41,18,539.5,0.01,0.02,0.0,0.0,Oct,2,2,3,1,Returning_Visitor,False,False
3,49.2,0,0.0,13,300.77,0.0,0.02,0.0,0.0,Jul,1,1,3,4,Returning_Visitor,False,False
0,0.0,0,0.0,16,636.5,0.0,0.03,0.0,0.0,Dec,2,2,3,2,Returning_Visitor,False,False
0,3.08,0,0.2,21,1148.5,0.0,0.02,0.04,0.0,May,2,4,8,4,Returning_Visitor,False,False
1,1.67,2,7.67,98,3561.14,0.01,0.02,78.2,0.0,Nov,2,2,1,13,Returning_Visitor,True,True
3,103.4,0,0.0,98,3653.64,0.0,0.03,0.06,0.02,May,2,5,9,2,Returning_Visitor,True,False
3,23.0,0,0.14,44,2473.2,0.0,0.01,0.0,0.0,Mar,3,2,8,8,New_Visitor,False,False
6,91.25,0,18.06,56,955.54,0.0,0.02,0.0,0.0,Nov,3,2,4,2,Returning_Visitor,True,True
3,104.07,1,58.61,59,1125.9,0.0,0.01,0.0,0.0,Dec,3,2,3,2,Returning_Visitor,False,False
0,3.19,0,0.0,6,1465.32,0.01,0.04,50.81,0.0,Dec,1,1,7,2,New_Visitor,False,True
0,0.0,0,0.22,4,145.64,0.0,0.03,0.0,0.0,Dec,2,2,1,10,Returning_Visitor,False,False
0,0.0,0,0.2,112,1503.89,0.0,0.02,0.0,0.0,Nov,2,2,1,2,Returning_Visitor,False,False
0,0.0,0,0.0,3,22.0,0.07,0.1,0.0,0.59,May,2,2,1,6,Returning_Visitor,False,False
3,58.4,0,0.73,18,1045.3,0.0,0.03,0.0,0.0,Sep,2,2,2,1,Returning_Visitor,False,False
0,0.0,0,0.0,21,706.7,0.05,0.07,0.15,0.0,Nov,3,2,1,2,Returning_Visitor,False,False
0,4.0,1,49.23,46,877.67,0.01,0.01,0.0,0.0,Nov,2,2,9,2,New_Visitor,True,False
6,76.31,0,0.27,187,6338.26,0.0,0.02,12.24,0.0,Nov,2,4,1,2,Returning_Visitor,False,False
0,1.69,0,0.56,7,128.33,0.0,0.06,0.0,0.0,May,4,1,3,3,Returning_Visitor,False,False
4,162.23,0,0.56,101,2682.0,0.0,0.02,4.2,0.0,Nov,2,2,3,2,Returning_Visitor,False,False
2,107.22,0,14.21,38,1880.97,0.01,0.02,12.6,0.0,May,4,1,1,4,Returning_Visitor,True,True
1,1.55,0,1.08,5,53.0,0.0,0.06,0.0,0.0,Mar,2,2,7,3,Returning_Visitor,True,False
5,104.99,0,0.0,13,467.92,0.01,0.02,0.0,0.0,Dec,3,2,4,2,Returning_Visitor,True,False
0,0.0,0,0.0,6,140.0,0.0,0.03,0.07,0.0,May,2,2,3,6,Returning_Visitor,False,False
0,0.0,0,0.0,38,1504.67,0.01,0.02,0.2,0.0,Nov,1,1,1,3,Returning_Visitor,True,False
0,1.91,0,0.0,1,933.1,0.2,0.2,0.04,0.8,Feb,1,1,1,3,Returning_Visitor,False,False
9,307.39,0,0.0,146,7750.54,0.0,0.02,3.01,0.0,Nov,3,2,1,13,Returning_Visitor,False,True
0,0.0,0,0.0,13,272.0,0.06,0.14,0.0,0.8,May,3,2,3,4,Returning_Visitor,False,False
3,2.76,0,0.0,23,1503.56,0.02,0.02,0.0,0.0,Nov,3,2,1,13,Returning_Visitor,False,False
0,0.0,0,0.0,43,1493.85,0.02,0.04,0.0,0.0,May,3,2,5,13,Returning_Visitor,False,False
0,1.59,0,0.15,46,1425.18,0.0,0.01,0.0,0.12,May,2,2,1,1,Returning_Visitor,False,False
3,83.29,2,38.5,46,1523.2,0.02,0.03,0.0,0.0,Nov,2,1,3,2,Returning_Visitor,True,False
0,1.71,0,0.0,1,18.05,0.13,0.2,0.03,0.6,May,3,2,3,13,Returning_Visitor,False,False
0,0.0,0,0.0,5,28.0,0.13,0.16,0.01,0.4,May,2,2,4,1,Returning_Visitor,False,False
3,198.75,0,0.0,20,818.58,0.0,0.0,0.0,0.0,Dec,3,2,3,8,New_Visitor,False,False
0,1.75,0,0.16,5,149.57,0.16,0.17,0.01,0.4,May,1,1,1,3,Returning_Visitor,False,False
0,1.53,0,0.0,5,223.0,0.0,0.05,0.0,0.0,May,2,2,3,13,Returning_Visitor,False,False
3,40.0,0,0.0,47,1502.67,0.01,0.01,12.18,0.59,May,1,1,1,2,Returning_Visitor,False,True
0,0.0,0,0.09,7,261.5,0.0,0.01,0.01,0.0,Mar,2,2,4,2,Returning_Visitor,False,False
3,79.5,2,31.5,46,6000.81,0.0,0.02,0.0,0.0,Nov,2,2,3,2,Returning_Visitor,False,False
0,4.11,0,2.81,30,182.86,0.0,0.02,0.0,0.0,May,4,1,1,4,Returning_Visitor,True,False
0,4.0,0,0.0,44,347.67,0.02,0.06,0.36,0.0,June,4,1,1,3,Returning_Visitor,False,False
10,586.65,2,263.67,41,687.3,0.0,0.03,11.29,0.0,May,1,1,1,6,Returning_Visitor,True,False
0,0.0,0,0.0,5,384.0,0.0,0.05,0.0,0.0,May,2,4,4,2,Returning_Visitor,False,False
0,0.0,0,0.25,2,411.33,0.13,0.2,0.17,0.0,Dec,2,5,2,1,Returning_Visitor,False,False
0,0.0,0,0.0,1,0.0,0.13,0.2,0.0,0.0,May,1,1,1,3,Returning_Visitor,False,False
0,0.0,0,0.0,13,458.5,0.0,0.01,0.0,0.0,May,1,1,1,4,Returning_Visitor,False,False
0,16.43,0,1.56,1,0.0,0.2,0.2,0.4,0.0,Oct,3,2,2,3,New_Visitor,True,False
0,1.96,0,0.0,46,925.29,0.01,0.03,0.0,0.0,June,1,1,1,4,Returning_Visitor,False,False
11,95.75,0,0.0,169,8276.29,0.0,0.02,8.17,0.0,Nov,4,1,1,8,Returning_Visitor,False,False
0,0.0,0,0.0,2,15.0,0.0,0.1,0.06,0.0,Mar,1,1,1,2,Returning_Visitor,False,False
0,1.92,0,0.0,37,1469.62,0.0,0.02,0.0,0.0,Nov,3,2,1,6,Returning_Visitor,False,False
17,180.13,1,80.6,180,6512.01,0.0,0.07,0.08,0.0,Sep,2,2,1,3,Returning_Visitor,False,False
3,123.0,0,0.0,8,461.48,0.01,0.03,0.0,0.4,May,1,1,5,2,New_Visitor,False,False
0,0.0,0,0.0,13,197.5,0.02,0.04,0.07,0.18,May,2,2,1,1,Returning_Visitor,False,False
6,595.1,3,79.25,19,1119.72,0.0,0.02,0.0,0.0,May,1,1,8,2,Returning_Visitor,False,False
8,102.0,0,0.45,18,414.36,0.0,0.0,0.01,0.0,Dec,2,2,9,2,New_Visitor,False,False
6,187.0,0,0.16,46,1496.89,0.01,0.01,0.0,0.0,Mar,2,2,3,1,Returning_Visitor,False,False
0,0.0,0,0.38,9,465.5,0.03,0.06,43.8,0.0,Mar,2,2,1,1,Returning_Visitor,False,False
0,3.62,0,0.85,31,688.17,0.0,0.02,0.0,0.01,Nov,4,1,1,3,Returning_Visitor,False,False
0,1.58,0,0.0,18,760.0,0.13,0.12,0.0,0.58,May,2,2,2,3,Returning_Visitor,False,False
1,4.0,0,0.0,24,957.9,0.0,0.03,22.74,0.4,May,3,2,6,13,Returning_Visitor,False,True
0,1.62,0,0.0,45,1089.21,0.0,0.01,0.0,0.0,Dec,2,2,1,2,New_Visitor,False,False
0,1.64,0,0.28,1,0.0,0.2,0.14,0.0,0.0,Mar,1,1,1,1,Returning_Visitor,False,False
3,204.4,0,0.0,4,156.31,0.0,0.03,0.0,0.0,Nov,2,2,6,2,New_Visitor,False,False
0,0.0,0,0.0,1,288.35,0.2,0.2,0.0,0.6,Feb,2,2,5,1,Returning_Visitor,False,False
2,46.5,0,0.28,90,1322.0,0.0,0.01,25.31,0.0,Dec,2,2,7,10,Returning_Visitor,True,False
17,469.55,0,0.0,46,3970.7,0.0,0.03,0.48,0.6,May,2,5,1,4,Returning_Visitor,False,False
6,81.12,0,0.0,26,2134.1,0.0,0.02,13.38,0.0,Jul,2,2,1,6,Returning_Visitor,False,False
0,1.89,0,0.0,37,1493.91,0.01,0.02,0.01,0.1,Mar,2,2,3,1,Returning_Visitor,False,False
0,3.07,0,0.0,47,548.81,0.0,0.04,0.03,0.0,Jul,2,2,9,6,Returning_Visitor,False,False
7,102.65,0,0.0,237,8956.1,0.0,0.01,0.0,0.0,Nov,2,2,1,2,Returning_Visitor,False,False
0,0.0,0,0.0,46,440.0,0.0,0.03,0.0,0.8,May,4,1,1,2,Returning_Visitor,False,False
0,1.93,1,50.5,95,4379.86,0.0,0.03,0.0,0.0,Nov,2,2,1,2,Returning_Visitor,True,False
0,0.0,0,0.0,6,89.5,0.15,0.16,0.0,0.8,May,3,2,1,3,Returning_Visitor,False,False
2,152.83,0,3.28,20,1500.17,0.01,0.01,41.35,0.0,Mar,2,2,1,2,Returning_Visitor,False,True
0,0.0,0,0.0,69,1504.54,0.0,0.02,0.02,0.0,Nov,2,2,1,2,Returning_Visitor,False,False
2,14.0,0,0.0,45,789.96,0.0,0.02,0.0,0.0,Mar,3,2,7,1,Returning_Visitor,False,False
0,1.78,0,0.0,13,482.5,0.02,0.05,0.0,0.0,Nov,3,2,1,10,Returning_Visitor,False,False
3,265.75,0,0.52,8,188.2,0.0,0.03,0.0,0.0,Nov,3,2,1,2,New_Visitor,False,False
0,0.0,0,0.0,2,19.2,0.1,0.15,0.0,0.0,Sep,3,2,3,1,Returning_Visitor,False,False
0,0.0,0,0.15,1,0.0,0.2,0.2,0.0,0.0,Jul,1,1,3,4,Returning_Visitor,False,False
0,0.0,0,0.22,13,557.17,0.03,0.05,0.0,0.0,Mar,2,2,1,1,Returning_Visitor,False,False
0,0.0,0,0.16,6,376.81,0.0,0.04,0.0,0.01,May,2,2,7,2,Returning_Visitor,False,False
10,104.07,0,0.0,114,2139.16,0.0,0.01,0.0,0.0,Nov,2,2,3,1,Returning_Visitor,False,False
1,96.67,0,0.0,23,1469.95,0.0,0.05,54.1,0.0,Dec,2,2,2,10,Returning_Visitor,False,True
0,0.0,0,0.0,27,284.05,0.07,0.09,0.0,0.6,May,2,2,3,6,Returning_Visitor,False,False
1,11.0,0,0.0,13,285.67,0.0,0.02,0.0,0.0,May,2,10,3,3,Returning_Visitor,False,False
0,0.0,0,0.09,14,244.75,0.0,0.01,0.01,0.0,Dec,2,2,1,3,Returning_Visitor,False,False
9,497.36,3,287.88,55,1509.59,0.01,0.02,14.68,0.0,Mar,2,5,1,2,Returning_Visitor,False,False
2,52.5,0,0.0,13,605.5,0.0,0.01,0.0,0.0,Nov,2,2,3,2,Returning_Visitor,False,False
2,116.46,0,0.4,44,1410.43,0.01,0.04,0.0,0.0,Nov,2,2,1,8,Returning_Visitor,True,False
9,406.42,0,0.0,46,1428.34,0.02,0.02,0.0,0.0,May,3,2,3,1,Returning_Visitor,True,False
0,0.0,0,0.0,4,160.5,0.0,0.05,0.0,0.0,Nov,1,1,1,3,Returning_Visitor,False,False
0,0.0,0,0.0,4,86.36,0.06,0.12,0.0,0.0,Jul,3,2,4,1,Returning_Visitor,True,False
3,30.0,0,0.0,46,518.0,0.0,0.02,0.0,0.0,May,2,6,1,3,Returning_Visitor,False,False
0,68.32,0,0.47,2,310.87,0.0,0.04,0.01,0.0,Mar,2,5,1,1,Returning_Visitor,False,False
5,75.66,1,12.55,4,431.38,0.0,0.04,0.36,0.0,Oct,2,5,7,2,Returning_Visitor,False,False
0,0.0,0,0.79,9,281.5,0.0,0.01,0.0,0.0,Oct,4,2,1,7,Returning_Visitor,False,False
0,0.0,0,0.0,7,219.98,0.0,0.05,0.0,0.0,Nov,2,4,1,8,Returning_Visitor,False,False
0,3.11,0,0.0,9,250.2,0.03,0.03,0.0,0.0,June,2,2,4,1,Returning_Visitor,False,False
5,46.5,0,0.0,8,26.0,0.0,0.03,0.0,0.0,Nov,2,2,1,2,Returning_Visitor,False,True
0,0.0,0,0.0,13,146.32,0.14,0.15,0.0,0.56,May,3,2,7,13,Returning_Visitor,False,False
3,119.33,0,38.71,174,4849.57,0.0,0.01,0.0,0.0,Dec,2,2,4,2,Returning_Visitor,False,False
5,70.33,0,47.1,46,1488.6,0.03,0.05,0.0,0.0,Nov,3,2,3,2,Returning_Visitor,True,False
0,0.0,0,0.0,6,147.33,0.07,0.14,0.0,0.0,Nov,3,2,3,13,Returning_Visitor,False,False
11,198.4,2,114.0,47,607.98,0.0,0.02,4.99,0.0,May,2,2,1,2,Returning_Visitor,False,False
1,12.62,1,360.0,28,769.5,0.02,0.04,19.38,0.0,May,2,2,1,6,Returning_Visitor,False,False
0,0.0,0,0.0,6,80.0,0.05,0.08,0.0,0.0,Mar,3,2,4,1,Returning_Visitor,False,False
3,29.82,0,0.0,189,7190.55,0.0,0.01,39.29,0.0,Nov,2,2,1,2,Returning_Visitor,False,True
0,0.0,0,0.0,14,156.7,0.0,0.06,0.17,0.0,Nov,2,2,9,20,Returning_Visitor,True,False
3,117.8,0,0.21,62,2032.4,0.01,0.03,0.01,0.0,Dec,3,2,6,2,Returning_Visitor,False,False
0,0.0,0,0.0,9,87.5,0.0,0.03,0.0,0.0,May,2,2,2,4,Returning_Visitor,False,False
6,104.18,1,8.59,47,1723.81,0.0,0.02,12.82,0.0,May,1,1,2,4,Returning_Visitor,False,True
0,0.0,0,0.0,1,0.0,0.2,0.1,0.0,0.01,May,6,2,3,5,Returning_Visitor,True,False
0,0.0,0,0.0,2,143.07,0.1,0.1,0.56,0.0,Sep,4,1,3,2,Returning_Visitor,False,False
0,0.0,0,0.0,13,414.23,0.0,0.03,0.07,0.6,May,3,2,9,13,Returning_Visitor,False,False
3,47.0,0,0.0,46,1503.57,0.0,0.01,11.97,0.0,May,2,2,1,2,Returning_Visitor,False,False
12,401.26,6,282.0,52,1283.05,0.01,0.03,12.07,0.0,Dec,1,1,3,2,Returning_Visitor,False,False
0,0.0,0,0.07,6,63.0,0.0,0.03,0.0,0.0,May,2,2,4,4,Returning_Visitor,False,False
2,0.0,1,42.0,45,408.33,0.0,0.0,12.24,0.0,Mar,2,4,7,2,Returning_Visitor,False,True
0,2.23,0,0.14,6,111.75,0.0,0.05,0.0,0.0,Dec,2,2,1,2,Returning_Visitor,False,False
5,69.9,0,0.0,62,1846.67,0.0,0.02,0.0,0.0,Aug,2,2,1,3,Returning_Visitor,False,False
5,105.0,3,167.8,216,6801.58,0.0,0.02,2.78,0.0,Nov,2,2,3,2,Returning_Visitor,False,False
0,0.0,0,0.13,46,1479.92,0.01,0.03,0.0,0.0,Dec,1,1,3,2,Returning_Visitor,True,False
0,0.0,0,0.0,13,414.23,0.0,0.02,61.93,0.0,Mar,1,1,1,2,New_Visitor,False,True
0,2.18,0,0.32,46,1501.62,0.02,0.06,0.2,0.0,Sep,1,1,1,2,Returning_Visitor,False,False
2,26.0,0,0.0,19,3277.0,0.01,0.03,0.0,0.0,Mar,2,2,4,3,Returning_Visitor,False,False
7,397.83,0,0.54,28,1249.63,0.0,0.02,0.0,0.0,May,3,2,7,6,Returning_Visitor,False,False
1,12.0,0,0.0,99,4097.71,0.0,0.01,0.0,0.0,Nov,2,2,1,2,Returning_Visitor,False,False
2,20.0,0,0.0,7,720.0,0.0,0.01,0.0,0.0,Mar,2,2,3,3,Returning_Visitor,False,False
4,104.56,0,0.0,13,1450.33,0.0,0.0,27.31,0.0,Mar,1,1,1,2,Returning_Visitor,False,True
1,64.4,0,0.0,22,2364.65,0.0,0.04,0.0,0.0,Oct,2,2,1,2,Returning_Visitor,False,False
5,122.44,0,0.0,4,154.37,0.0,0.03,31.44,0.0,Oct,2,2,6,2,Returning_Visitor,False,True
0,0.0,0,0.0,10,151.33,0.0,0.03,0.0,0.0,Feb,2,2,1,3,Returning_Visitor,False,False
3,83.0,0,0.09,5,47.0,0.0,0.04,0.0,0.0,May,2,2,1,4,Returning_Visitor,False,False
0,1.56,0,0.0,20,1501.92,0.02,0.05,0.01,0.0,Mar,2,2,1,1,Returning_Visitor,False,False
3,103.98,1,127.0,4,1231.02,0.03,0.04,0.0,0.0,Dec,3,2,3,2,Returning_Visitor,False,False
10,1222.4,0,0.0,26,2988.88,0.0,0.06,0.0,0.0,Sep,2,2,1,2,Returning_Visitor,False,False
1,100.96,4,123.5,47,1481.43,0.0,0.0,20.92,0.0,Mar,1,1,1,2,New_Visitor,False,True
2,36.5,0,20.19,46,1080.89,0.0,0.01,10.1,0.0,Nov,4,2,3,2,Returning_Visitor,False,True
0,0.0,1,8.0,36,1447.55,0.0,0.0,0.04,0.0,May,1,1,6,4,Returning_Visitor,False,False
16,397.14,0,0.0,48,1522.58,0.01,0.01,11.92,0.0,Aug,2,10,7,3,Returning_Visitor,False,False
6,100.71,1,52.33,6,126.67,0.0,0.02,0.0,0.0,Mar,1,1,1,2,Returning_Visitor,False,False
0,0.0,0,0.0,12,145.37,0.0,0.03,0.02,0.03,May,2,2,5,4,Returning_Visitor,False,False
2,15.0,0,0.0,10,894.67,0.0,0.02,0.01,0.0,May,2,4,4,2,Returning_Visitor,False,False
0,0.0,0,0.0,6,105.0,0.0,0.03,0.0,0.0,May,4,1,1,3,Returning_Visitor,False,False
0,0.0,0,0.18,2,10.0,0.0,0.14,0.02,0.0,May,1,1,1,3,Returning_Visitor,False,False
8,964.25,6,80.93,134,5889.73,0.03,0.05,0.03,0.0,Nov,3,2,1,3,Returning_Visitor,False,False
2,31.5,0,0.0,27,1498.78,0.0,0.02,0.0,0.0,Nov,1,1,4,2,Returning_Visitor,True,False
0,0.0,0,0.0,7,1749.0,0.05,0.14,0.0,0.0,Dec,2,2,1,2,Returning_Visitor,False,False
6,169.57,0,0.0,21,1853.54,0.0,0.02,0.0,0.0,Dec,3,2,4,2,Returning_Visitor,True,False
6,30.85,1,10.5,5,172.37,0.02,0.05,0.0,0.0,May,2,2,1,5,Returning_Visitor,False,False
0,0.0,0,4.5,46,1669.0,0.0,0.02,0.0,0.0,Mar,2,4,7,2,Returning_Visitor,False,False
0,0.0,0,0.0,24,348.03,0.08,0.14,0.59,0.0,Oct,1,1,1,3,Returning_Visitor,False,False
3,82.5,0,0.0,12,221.12,0.02,0.01,0.43,0.01,Nov,1,2,1,8,Returning_Visitor,False,False
3,31.56,0,0.0,24,1500.06,0.04,0.05,0.01,0.31,May,2,2,3,1,Returning_Visitor,False,False
0,3.48,0,0.2,2,0.0,0.2,0.2,0.0,0.0,Nov,1,1,9,1,Returning_Visitor,False,False
0,0.0,0,0.0,10,150.87,0.0,0.02,0.05,0.0,Dec,1,1,6,2,Returning_Visitor,False,False
9,345.6,6,191.87,189,3428.53,0.0,0.05,0.87,0.0,June,2,2,2,1,Returning_Visitor,False,False
1,4.0,0,0.97,13,1208.64,0.02,0.03,42.75,0.0,Nov,2,2,1,3,Returning_Visitor,False,True
0,0.0,0,0.0,5,156.71,0.0,0.05,0.0,0.0,Dec,2,2,2,2,Returning_Visitor,False,False
0,1.9,0,0.0,13,70.4,0.1,0.14,0.0,0.0,Nov,2,2,2,4,Returning_Visitor,False,False
7,51.71,2,280.5,48,3628.94,0.0,0.05,11.38,0.0,Nov,2,2,2,2,Returning_Visitor,False,True
4,99.5,0,0.0,46,1496.14,0.0,0.01,0.0,0.0,May,1,1,1,4,Returning_Visitor,False,False
6,140.67,0,0.0,46,1504.22,0.01,0.02,42.2,0.0,Dec,1,2,1,2,Returning_Visitor,False,True
0,0.0,0,1.54,15,1134.46,0.0,0.01,30.31,0.0,May,2,4,1,2,Returning_Visitor,False,True
0,0.0,0,0.0,13,427.74,0.0,0.03,0.0,0.0,Mar,2,2,4,3,Returning_Visitor,False,False
1,10.0,0,0.54,82,2093.01,0.0,0.01,0.07,1.0,May,2,2,4,2,Returning_Visitor,True,False
5,59.5,0,0.0,116,3363.18,0.0,0.01,0.01,0.0,Nov,2,2,1,2,Returning_Visitor,False,False
0,0.0,0,0.22,2,0.0,0.13,0.2,0.0,0.0,May,3,2,4,3,Returning_Visitor,False,False
0,0.0,0,0.0,3,149.08,0.01,0.07,0.0,0.8,May,2,2,4,4,Returning_Visitor,False,False
0,5.06,1,0.0,18,648.0,0.01,0.02,0.0,0.0,Nov,2,4,1,2,New_Visitor,True,False
0,0.0,0,1.5,31,1477.61,0.0,0.01,0.0,0.0,Dec,4,2,1,2,New_Visitor,False,False
3,62.49,0,0.0,46,719.74,0.0,0.01,1.84,0.0,Mar,2,2,1,3,Returning_Visitor,False,False
0,0.0,1,14.0,119,2763.01,0.01,0.01,0.0,0.0,Nov,3,2,3,13,Returning_Visitor,True,False
5,86.0,0,0.19,23,267.3,0.0,0.02,0.0,0.0,Mar,1,1,3,9,Returning_Visitor,True,False
0,0.0,0,0.0,13,344.7,0.03,0.03,0.0,0.0,May,1,1,5,1,Returning_Visitor,False,False
0,0.0,0,0.58,6,114.0,0.0,0.03,0.0,0.0,May,2,2,3,1,Returning_Visitor,False,False
0,0.0,0,0.54,7,1803.67,0.08,0.08,0.0,0.0,Dec,2,5,1,1,Returning_Visitor,True,False
1,72.0,0,0.37,29,343.0,0.0,0.04,0.0,0.0,Mar,2,2,6,1,Returning_Visitor,False,False
0,0.0,0,0.0,1,0.0,0.2,0.14,0.0,0.0,Mar,3,2,3,1,Returning_Visitor,False,False
0,0.0,0,0.0,1,5.3,0.2,0.14,0.0,0.0,Mar,1,1,1,1,Returning_Visitor,True,False
0,26.39,0,0.33,17,213.76,0.02,0.04,36.08,0.0,Oct,1,1,9,3,Returning_Visitor,False,True
0,0.0,0,0.0,2,96.0,0.0,0.05,0.0,0.0,Nov,2,4,3,2,New_Visitor,False,False
0,0.0,1,59.5,44,1298.48,0.0,0.0,0.37,0.0,Dec,3,2,2,8,Returning_Visitor,True,False
0,0.0,0,0.0,2,0.0,0.2,0.14,0.01,0.0,Dec,2,2,1,13,Returning_Visitor,False,False
0,0.0,0,0.0,1,2.44,0.2,0.2,0.0,0.0,Mar,2,2,1,1,Returning_Visitor,False,False
0,0.0,1,117.0,8,404.0,0.03,0.04,0.0,0.0,Dec,2,2,8,2,Returning_Visitor,False,False
3,105.93,0,0.0,46,1458.9,0.02,0.02,0.02,0.01,May,2,2,9,3,Returning_Visitor,True,False
1,3.0,0,0.0,11,228.67,0.0,0.03,0.01,0.6,May,2,2,4,3,Returning_Visitor,False,False
0,0.0,0,0.0,4,214.0,0.0,0.05,0.0,0.0,Mar,2,2,3,3,Returning_Visitor,False,False
0,0.0,0,0.0,16,530.62,0.0,0.01,0.0,0.0,Nov,2,5,3,3,Returning_Visitor,True,False
1,32.25,0,0.0,18,434.58,0.0,0.01,0.01,0.0,Dec,3,2,1,2,Returning_Visitor,False,False
0,0.0,0,0.0,13,157.1,0.05,0.1,0.0,0.0,Nov,1,1,4,1,Returning_Visitor,True,False
10,465.47,0,0.0,22,623.42,0.02,0.05,0.0,0.2,May,3,2,1,2,Returning_Visitor,False,False
3,102.44,0,6.48,8,131.58,0.0,0.01,0.34,0.0,Nov,3,2,1,8,New_Visitor,False,False
3,404.12,1,163.0,36,2928.78,0.0,0.02,0.0,0.0,May,2,10,2,4,Returning_Visitor,True,False
0,0.0,0,0.27,4,0.0,0.2,0.2,0.15,0.0,Aug,2,2,1,4,Returning_Visitor,False,False
0,0.0,0,0.0,3,30.0,0.0,0.03,0.0,0.0,Dec,1,1,3,1,Returning_Visitor,False,False
0,0.0,0,0.0,7,121.0,0.01,0.05,0.05,0.0,Dec,2,2,7,2,Returning_Visitor,True,False
0,0.0,2,19.5,48,1249.75,0.01,0.02,0.0,0.0,Dec,2,2,1,2,Returning_Visitor,False,False
9,179.38,0,0.0,8,131.98,0.01,0.0,0.0,0.0,Sep,2,2,1,5,New_Visitor,False,False
0,3.44,0,0.0,7,197.0,0.03,0.04,0.0,0.0,Dec,3,2,1,2,Returning_Visitor,False,False
14,367.25,2,400.38,203,7980.36,0.0,0.01,12.26,0.0,Nov,2,2,2,1,Returning_Visitor,True,True
0,0.0,0,0.0,16,412.45,0.07,0.06,0.0,0.0,Sep,3,2,2,1,Returning_Visitor,True,False
0,11.17,1,63.5,45,2245.33,0.01,0.03,0.01,0.0,Nov,4,2,1,11,Returning_Visitor,False,True
0,0.0,0,0.0,6,80.0,0.0,0.03,0.11,0.0,Mar,3,2,1,10,Returning_Visitor,True,False
0,0.0,0,0.0,6,189.2,0.0,0.01,78.57,0.01,Sep,3,2,3,2,Returning_Visitor,False,True
0,0.0,0,0.0,6,25.0,0.0,0.05,0.0,0.0,Mar,1,1,1,1,Returning_Visitor,True,False
3,4.8,0,0.0,40,526.69,0.02,0.02,12.97,0.0,Sep,1,2,4,2,Returning_Visitor,False,False
0,0.0,0,0.0,2,242.59,0.1,0.15,0.0,0.0,Mar,2,5,3,10,Returning_Visitor,False,False
0,0.0,0,0.0,7,463.73,0.0,0.03,49.32,0.0,Dec,1,1,2,8,New_Visitor,True,True
0,1.93,0,0.04,1,0.0,0.2,0.2,0.0,0.0,Mar,3,3,1,1,Returning_Visitor,True,False
0,0.0,1,3.0,20,780.5,0.0,0.04,0.03,0.0,Jul,3,2,3,1,Returning_Visitor,False,False
7,278.83,0,15.0,38,2311.09,0.01,0.04,4.25,0.0,Dec,2,5,1,3,Returning_Visitor,False,False
0,3.56,0,0.0,19,231.31,0.06,0.05,0.0,0.0,Dec,1,1,4,3,Returning_Visitor,False,False
0,1.86,0,0.0,13,171.5,0.02,0.13,0.0,0.8,May,2,2,3,1,Returning_Visitor,False,False
0,1.5,0,0.0,22,1492.74,0.0,0.01,10.52,0.0,May,2,2,7,4,Returning_Visitor,True,True
5,200.5,1,79.14,46,904.57,0.01,0.03,0.01,0.0,Dec,3,2,1,2,Returning_Visitor,True,False
0,1.45,0,0.14,1,0.0,0.2,0.2,0.0,0.0,Mar,2,2,1,2,Returning_Visitor,False,False
0,0.0,0,0.1,46,3357.05,0.02,0.05,0.0,0.0,Sep,2,2,4,1,Returning_Visitor,False,False
9,268.5,0,62.2,8,407.5,0.0,0.01,8.44,0.0,Dec,3,2,3,8,Returning_Visitor,False,False
3,539.5,0,0.0,1,0.0,0.0,0.05,0.26,0.0,Mar,2,2,8,8,New_Visitor,False,False
0,0.0,0,0.13,6,42.0,0.02,0.05,0.0,0.0,Nov,2,2,9,3,Returning_Visitor,False,False
15,190.55,2,6.0,21,280.65,0.03,0.04,0.0,0.0,Oct,1,1,1,3,Returning_Visitor,False,False
1,3.0,0,0.0,11,549.33,0.0,0.0,0.0,0.0,May,4,2,1,3,Returning_Visitor,False,False
3,95.8,0,0.0,83,4052.36,0.0,0.01,19.62,0.01,Sep,2,2,4,3,Returning_Visitor,False,True
0,1.48,0,0.38,5,95.5,0.0,0.01,0.0,0.0,May,2,2,1,3,Returning_Visitor,False,False
0,1.54,0,0.15,1,0.0,0.2,0.14,0.0,0.0,Mar,3,2,1,1,Returning_Visitor,False,False
0,0.0,0,0.0,12,1488.88,0.0,0.02,0.01,0.0,May,2,4,8,3,Returning_Visitor,False,False
0,0.0,0,0.27,6,43.9,0.0,0.02,0.0,0.0,Dec,2,2,1,2,Returning_Visitor,False,False
1,24.0,0,1.05,8,147.0,0.03,0.03,0.0,0.0,May,2,6,6,3,Returning_Visitor,False,False
3,11.0,0,0.0,104,4877.26,0.0,0.02,0.0,0.0,May,2,2,1,6,Returning_Visitor,True,False
1,4.0,0,0.0,36,440.6,0.01,0.04,0.0,1.0,May,3,2,3,1,Returning_Visitor,True,False
0,0.0,0,0.0,1,0.0,0.2,0.14,0.1,0.8,May,2,4,1,6,Returning_Visitor,False,False
0,0.0,1,90.0,11,1056.5,0.02,0.05,0.0,0.0,Mar,4,2,1,2,Returning_Visitor,False,False
1,44.18,1,80.55,27,1211.07,0.02,0.05,0.0,0.0,Aug,2,2,1,1,Returning_Visitor,False,False
1,2.0,0,0.79,5,86.6,0.0,0.1,0.0,0.0,Sep,3,2,3,2,Returning_Visitor,False,False
0,1.86,4,34.3,137,1504.51,0.01,0.02,0.13,0.0,Nov,1,2,1,2,Returning_Visitor,False,False
0,3.51,0,0.61,1,61.0,0.0,0.1,0.0,0.0,Mar,3,2,4,15,Returning_Visitor,True,False
2,28.2,0,0.0,46,312.2,0.03,0.05,0.03,0.0,Oct,2,2,1,1,Returning_Visitor,False,False
0,0.0,0,0.0,33,889.37,0.0,0.0,8.42,0.0,Oct,2,2,3,2,Returning_Visitor,False,True
1,162.31,0,0.17,22,1505.89,0.01,0.02,0.02,0.18,Oct,2,2,7,3,Returning_Visitor,False,False
0,0.0,0,0.0,15,194.07,0.0,0.05,0.01,0.0,May,3,2,4,3,Returning_Visitor,False,False
4,149.95,0,0.0,1,156.96,0.0,0.04,0.0,0.0,Jul,1,8,1,2,Returning_Visitor,False,False
7,116.48,0,124.9,78,4362.01,0.0,0.01,6.05,0.0,Aug,2,2,2,2,Returning_Visitor,False,False
10,123.88,0,0.0,87,1502.39,0.01,0.02,1.77,0.0,Dec,2,2,3,2,Returning_Visitor,False,False
14,416.39,6,449.33,258,5412.62,0.0,0.01,33.61,0.0,Dec,2,4,1,2,Returning_Visitor,False,True
0,1.73,0,0.0,7,145.93,0.03,0.06,0.0,0.0,May,2,2,1,4,Returning_Visitor,False,False
5,60.5,0,0.0,5,50.0,0.0,0.03,0.0,0.0,Dec,8,13,9,20,Other,False,True
1,0.0,1,10.0,69,1310.64,0.0,0.03,0.0,0.0,Nov,2,2,2,3,Returning_Visitor,True,False
1,103.73,0,0.0,13,432.02,0.0,0.01,0.0,0.0,Nov,4,1,3,2,New_Visitor,False,False
4,191.0,0,0.0,45,1498.44,0.0,0.02,0.0,0.4,May,2,4,3,6,Returning_Visitor,False,False
7,634.27,3,89.5,46,2864.63,0.01,0.02,5.67,0.0,Nov,3,2,1,3,Returning_Visitor,False,False
0,1.73,0,0.0,5,46.75,0.0,0.05,0.0,0.0,Dec,1,1,3,3,Returning_Visitor,False,False
1,77.0,0,0.0,13,414.25,0.0,0.02,0.0,0.0,May,1,1,3,3,New_Visitor,False,False
4,793.5,0,0.0,61,1510.92,0.01,0.03,12.58,0.0,Nov,3,2,9,1,Returning_Visitor,True,False
0,0.0,0,0.14,18,415.39,0.0,0.05,0.01,0.2,May,2,2,7,2,Returning_Visitor,False,False
1,71.6,0,0.0,7,286.7,0.0,0.01,0.0,0.0,Aug,1,1,7,3,New_Visitor,False,False
3,27.45,0,1.17,13,402.69,0.0,0.01,0.0,0.0,Mar,2,4,1,1,Returning_Visitor,True,False
0,0.0,0,0.0,20,438.33,0.02,0.03,0.02,0.0,Mar,3,2,7,1,Returning_Visitor,False,False
0,0.0,0,0.36,5,83.0,0.04,0.06,0.0,0.0,Mar,2,2,1,1,Returning_Visitor,False,False
0,0.0,0,0.57,3,21.0,0.0,0.07,0.0,0.0,Nov,2,4,8,2,Returning_Visitor,True,True
0,2.55,0,0.0,11,315.58,0.0,0.05,0.0,0.0,Jul,2,2,4,1,Returning_Visitor,False,False
3,104.08,0,0.0,12,175.18,0.02,0.03,0.0,0.0,Nov,3,2,8,2,Returning_Visitor,False,False
0,0.0,0,0.0,23,1202.75,0.0,0.0,0.17,0.0,Mar,8,13,9,3,Other,True,False
0,0.0,0,0.08,15,378.5,0.0,0.04,0.0,0.0,Nov,2,2,1,13,Returning_Visitor,False,False
2,40.0,0,0.0,5,558.5,0.0,0.03,0.02,0.0,Mar,2,2,7,2,New_Visitor,True,False
0,0.0,0,0.0,45,1501.33,0.01,0.02,0.0,0.0,Nov,2,2,3,3,Returning_Visitor,False,False
8,103.63,2,153.0,46,880.8,0.01,0.02,8.55,0.0,May,1,1,2,2,Returning_Visitor,False,True
0,0.0,0,0.0,2,96.0,0.0,0.1,0.0,0.01,Mar,4,1,1,1,Returning_Visitor,False,False
1,0.0,1,0.0,30,171.43,0.0,0.05,0.0,0.0,Dec,8,13,9,20,Other,False,False
0,3.94,0,0.0,12,145.37,0.02,0.08,0.0,0.0,Mar,2,2,3,2,Returning_Visitor,False,False
2,15.6,0,0.22,10,963.05,0.02,0.05,0.01,0.2,May,2,2,2,3,Returning_Visitor,False,False
0,2.03,0,0.38,6,44.0,0.05,0.1,0.0,0.0,Mar,2,2,9,10,Returning_Visitor,False,False
0,0.0,2,80.5,46,5485.02,0.01,0.02,0.0,0.0,Nov,2,2,3,2,Returning_Visitor,False,False
7,598.0,3,144.5,58,6860.63,0.01,0.04,0.0,0.4,May,2,2,1,2,Returning_Visitor,False,False
0,1.9,7,185.8,162,5918.31,0.0,0.02,0.0,0.0,Nov,2,2,1,1,Returning_Visitor,True,False
0,67.37,0,0.46,49,1270.1,0.0,0.06,0.0,0.0,May,1,8,9,4,Returning_Visitor,True,False
0,0.0,0,0.0,6,223.0,0.0,0.03,0.0,0.0,Mar,1,1,1,1,Returning_Visitor,False,False
0,15.7,0,0.0,12,48.5,0.05,0.1,0.68,0.0,Dec,2,2,9,2,New_Visitor,False,False
0,0.0,0,0.0,20,526.5,0.02,0.04,0.0,0.0,Nov,3,2,2,13,Returning_Visitor,False,False
1,61.2,0,0.0,46,2054.33,0.0,0.02,0.0,0.0,Mar,2,2,9,1,Returning_Visitor,False,False
0,0.0,0,0.99,7,495.0,0.0,0.02,0.45,0.0,Mar,1,1,3,2,Returning_Visitor,False,False
0,0.0,0,0.0,2,25.53,0.2,0.2,0.02,0.0,Dec,2,2,8,1,Returning_Visitor,False,False
0,0.0,0,0.23,1,7.84,0.2,0.2,0.0,0.0,Mar,2,2,7,3,Returning_Visitor,False,False
2,101.5,0,3.8,16,692.67,0.0,0.01,146.24,0.0,Dec,2,2,3,2,New_Visitor,False,True
8,47.0,0,2.59,46,1796.58,0.0,0.02,0.06,0.0,Nov,2,1,2,1,Returning_Visitor,True,False
11,1064.0,1,10.0,58,1500.75,0.0,0.03,6.22,0.0,May,2,2,3,1,Returning_Visitor,False,False
0,0.0,0,0.0,1,0.0,0.2,0.2,0.0,0.0,Mar,2,2,2,3,Returning_Visitor,False,False
0,2.37,0,0.14,2,0.0,0.13,0.2,0.37,0.0,Nov,1,8,1,1,Returning_Visitor,True,False
3,224.88,0,0.68,30,845.75,0.0,0.01,0.0,0.0,Dec,8,13,9,20,Other,False,False
3,389.5,0,0.0,8,1374.29,0.0,0.01,0.0,0.0,Nov,1,1,8,2,New_Visitor,False,False
13,450.97,0,5.11,255,8467.58,0.0,0.03,12.26,0.0,June,3,2,1,2,Returning_Visitor,False,False
0,0.0,0,0.0,12,70.0,0.15,0.17,0.02,0.4,May,1,1,3,3,Returning_Visitor,False,False
3,39.3,0,0.71,29,316.2,0.01,0.02,0.0,0.0,Sep,2,2,3,2,Returning_Visitor,False,False
0,0.0,0,0.0,10,170.26,0.0,0.04,0.11,0.0,May,1,1,1,1,Returning_Visitor,False,False
0,3.93,0,0.0,46,3200.37,0.0,0.03,0.0,0.0,Mar,2,2,6,1,Returning_Visitor,False,False
0,1.76,0,0.14,6,167.83,0.0,0.05,0.03,0.0,Nov,2,2,1,2,Returning_Visitor,False,False
4,102.9,0,0.61,46,708.92,0.0,0.0,0.0,0.0,May,2,2,1,3,New_Visitor,False,False
0,1.61,0,0.94,5,145.44,0.0,0.05,0.01,0.0,May,2,4,3,1,Returning_Visitor,False,False
1,1.59,0,0.32,5,78.5,0.0,0.03,0.0,0.0,Dec,2,2,2,1,Returning_Visitor,False,False
1,57.5,0,0.0,22,353.15,0.0,0.01,0.0,0.0,Nov,2,2,1,2,New_Visitor,False,False
5,145.2,0,0.0,28,828.01,0.0,0.0,0.0,0.0,Oct,3,2,7,11,New_Visitor,True,False
0,3.2,0,0.0,3,52.5,0.0,0.08,0.0,0.0,Nov,1,1,9,2,Returning_Visitor,False,False
12,101.43,1,19.2,13,504.03,0.0,0.0,0.0,0.0,Sep,2,1,1,1,New_Visitor,False,False
3,279.5,0,0.29,5,426.0,0.0,0.01,0.0,0.0,May,1,1,4,2,Returning_Visitor,True,False
12,500.03,0,0.0,3,97.5,0.0,0.04,0.0,0.0,Dec,3,2,4,8,Returning_Visitor,False,True
3,89.47,1,32.0,81,1503.79,0.0,0.0,27.9,0.0,May,4,2,6,1,Returning_Visitor,True,False
1,0.0,0,0.0,46,1159.54,0.02,0.03,0.0,0.0,Nov,2,2,6,2,Returning_Visitor,False,True
1,85.0,4,208.5,29,413.8,0.0,0.04,0.0,0.0,May,1,1,1,2,Returning_Visitor,False,False
0,2.08,0,0.0,6,19.6,0.08,0.11,0.03,0.57,May,3,2,6,4,Returning_Visitor,True,False
3,82.46,1,35.0,44,461.05,0.02,0.02,16.34,0.0,Mar,3,2,2,1,Returning_Visitor,False,False
1,19.0,0,0.0,46,748.67,0.0,0.02,0.0,0.0,Mar,1,2,6,3,Returning_Visitor,False,False
2,75.6,1,11.0,28,2074.93,0.0,0.02,0.0,0.0,Dec,2,2,3,2,Returning_Visitor,False,False
6,129.75,0,2.55,42,1493.63,0.0,0.01,18.95,0.0,Mar,2,2,3,2,Returning_Visitor,False,True
0,0.0,0,0.0,22,1310.5,0.01,0.03,9.25,0.0,Mar,2,2,1,1,Returning_Visitor,False,True
2,32.5,0,0.86,19,423.82,0.0,0.04,0.0,0.0,Mar,3,2,1,3,Returning_Visitor,False,False
0,7.24,0,3.27,43,848.21,0.0,0.02,0.02,0.04,May,4,2,1,1,Returning_Visitor,False,False
0,0.0,0,0.0,46,794.16,0.0,0.01,0.0,0.0,Sep,2,2,1,2,Returning_Visitor,False,False
0,1.47,0,0.0,37,167.0,0.1,0.07,0.03,0.0,Dec,2,2,1,3,Returning_Visitor,False,False
5,104.46,0,0.0,44,1909.08,0.0,0.02,0.02,0.0,Dec,1,8,1,10,Returning_Visitor,False,False
12,245.73,4,1511.7,439,21857.05,0.0,0.01,11.44,0.01,May,2,2,1,13,Returning_Visitor,False,False
3,32.0,2,9.0,16,1501.59,0.0,0.04,0.07,0.0,Dec,2,2,3,2,Returning_Visitor,False,True
0,1.84,0,0.0,8,53.0,0.13,0.11,0.0,0.0,Dec,2,5,3,1,Returning_Visitor,True,False
0,0.0,0,0.59,9,276.54,0.01,0.03,0.0,0.0,Mar,4,1,1,3,Returning_Visitor,True,False
1,103.77,0,0.0,36,1488.88,0.0,0.06,0.0,0.0,May,2,4,6,3,Returning_Visitor,False,False
0,0.0,0,0.0,11,126.67,0.07,0.09,0.0,0.4,May,2,2,1,3,Returning_Visitor,False,False
2,38.33,0,0.0,68,2277.38,0.01,0.03,12.32,1.0,May,2,2,2,2,Returning_Visitor,False,False
10,15.93,1,46.4,271,12292.46,0.01,0.07,0.04,0.0,Jul,2,2,2,3,Returning_Visitor,True,False
10,118.0,0,0.0,85,2694.83,0.0,0.0,0.0,0.0,May,2,4,3,2,New_Visitor,False,False
3,41.5,0,0.0,31,68.75,0.0,0.04,0.0,0.01,Nov,1,2,1,8,New_Visitor,False,False
5,55.5,0,2.32,63,1501.19,0.0,0.02,4.18,0.0,Mar,2,2,2,2,Returning_Visitor,True,False
3,164.5,0,0.0,73,3022.48,0.0,0.03,4.25,0.0,May,2,2,5,1,Returning_Visitor,False,False
0,0.0,0,0.0,22,1503.14,0.0,0.05,0.0,0.8,May,2,2,6,3,Returning_Visitor,False,False
4,471.01,1,0.0,15,1494.57,0.01,0.03,0.0,0.0,Nov,2,2,1,2,New_Visitor,False,True
0,0.0,0,0.0,7,203.67,0.0,0.01,0.0,0.0,May,1,1,1,2,Returning_Visitor,False,False
0,0.0,0,0.56,6,76.75,0.0,0.02,0.0,0.0,Nov,1,1,8,2,New_Visitor,False,True
5,263.0,0,0.88,3,212.0,0.0,0.03,0.0,0.0,Dec,1,1,1,2,New_Visitor,False,False
0,0.0,0,0.0,12,223.8,0.03,0.03,1.27,0.0,Jul,1,1,2,4,Returning_Visitor,True,False
0,0.0,0,0.0,46,676.17,0.0,0.03,0.0,0.0,Nov,2,2,3,2,Returning_Visitor,False,False
3,39.0,0,0.0,15,497.42,0.0,0.02,0.0,0.0,Mar,4,1,1,10,Returning_Visitor,False,False
3,36.2,0,0.0,16,166.71,0.0,0.01,0.0,0.0,Aug,2,2,1,5,New_Visitor,False,False
0,1.5,0,0.13,50,27.0,0.0,0.05,0.0,0.0,May,3,2,3,3,Returning_Visitor,False,False
0,0.0,0,0.0,8,158.76,0.0,0.03,59.99,0.0,Nov,2,2,1,2,New_Visitor,False,True
0,0.0,0,0.13,25,1327.69,0.0,0.03,0.0,0.0,Mar,1,1,1,1,Returning_Visitor,False,False
0,0.0,0,0.0,13,253.33,0.02,0.05,0.0,0.8,May,2,2,5,3,Returning_Visitor,False,False
7,58.42,0,0.0,22,1043.58,0.01,0.05,0.0,0.0,Nov,2,2,3,2,Returning_Visitor,False,False
11,2047.23,9,748.63,45,3641.21,0.0,0.01,7.75,0.0,Mar,2,2,1,2,Returning_Visitor,False,True
4,181.5,0,4.94,34,2265.57,0.0,0.02,28.11,0.0,Nov,4,1,1,1,Returning_Visitor,False,True
0,1.5,0,0.0,26,1026.75,0.0,0.02,0.01,0.2,May,2,2,1,3,Returning_Visitor,False,False
0,1.49,0,0.0,62,1136.6,0.0,0.01,0.0,0.0,Mar,1,1,1,3,Returning_Visitor,True,False
1,15.0,0,0.0,18,1198.78,0.0,0.01,38.34,0.0,Dec,4,13,9,20,New_Visitor,False,True
7,81.25,0,0.0,37,1500.42,0.01,0.02,12.43,0.0,Mar,2,4,3,2,Returning_Visitor,False,False
0,0.0,0,0.2,1,0.0,0.2,0.2,0.0,0.0,Mar,1,1,1,1,Returning_Visitor,False,False
0,1.66,0,0.34,12,396.5,0.0,0.04,0.0,0.0,Mar,2,4,3,2,Returning_Visitor,False,False
0,1.67,0,0.0,30,480.25,0.0,0.03,0.0,0.0,Mar,2,2,2,1,Returning_Visitor,False,False
2,49.33,4,209.0,48,1358.05,0.0,0.02,68.91,0.0,Nov,2,2,7,2,Returning_Visitor,False,True
4,93.75,0,0.0,46,2161.39,0.0,0.02,0.0,0.0,Nov,1,1,1,2,Returning_Visitor,False,True
0,0.0,0,0.0,9,1352.0,0.01,0.05,0.0,0.0,Nov,4,1,7,2,Returning_Visitor,False,False
0,0.0,0,0.0,39,1504.0,0.0,0.02,0.01,0.0,Nov,2,2,8,2,Returning_Visitor,False,False
3,104.93,0,0.0,13,134.0,0.0,0.03,0.0,0.8,May,3,2,8,2,Returning_Visitor,False,False
3,150.38,0,0.0,73,2260.86,0.0,0.02,0.05,0.02,June,2,2,7,4,Returning_Visitor,True,False
1,116.89,1,86.08,39,1706.12,0.01,0.01,5.25,0.0,June,2,2,2,2,Returning_Visitor,True,False
4,71.4,0,0.55,14,449.4,0.03,0.08,0.35,0.0,Aug,1,1,1,3,Returning_Visitor,False,False
0,0.0,0,0.0,8,358.0,0.13,0.08,0.0,0.49,May,1,1,1,1,Returning_Visitor,True,False
8,121.43,3,79.96,100,2565.8,0.0,0.03,0.0,0.0,Nov,2,1,7,13,Returning_Visitor,True,False
0,0.0,0,0.0,6,17.0,0.13,0.13,0.0,0.01,May,3,2,1,1,Returning_Visitor,False,False
0,0.0,0,0.37,3,0.0,0.2,0.2,0.03,0.0,Feb,1,1,4,3,Returning_Visitor,False,False
8,276.87,0,4.32,19,1465.54,0.01,0.01,5.74,0.0,May,3,2,1,2,Returning_Visitor,True,False
0,1.62,0,0.0,1,5.47,0.13,0.2,0.16,0.0,Nov,3,2,3,3,Returning_Visitor,False,False
0,0.0,0,0.0,10,866.0,0.06,0.06,0.0,0.0,Dec,2,2,1,6,Returning_Visitor,False,False
0,0.0,0,0.0,1,0.0,0.2,0.14,0.84,0.0,Nov,4,2,1,1,Returning_Visitor,True,False
0,0.0,8,707.5,51,3981.89,0.0,0.02,0.0,0.4,May,2,2,8,3,Returning_Visitor,False,False
8,104.09,0,4.91,47,1481.11,0.0,0.03,0.0,0.0,Dec,2,4,3,1,Returning_Visitor,False,False
3,1.96,0,0.0,4,31.0,0.0,0.05,0.0,0.0,Mar,2,2,2,10,Returning_Visitor,True,False
0,0.0,0,0.0,91,1503.3,0.0,0.01,0.0,0.0,Dec,3,2,1,1,Returning_Visitor,False,False
3,204.2,0,0.0,46,652.38,0.01,0.02,0.02,0.0,Nov,1,1,6,3,Returning_Visitor,False,False
3,23.2,0,0.0,224,0.0,0.0,0.03,0.0,0.0,Oct,2,2,6,3,Returning_Visitor,False,True
0,4.72,0,0.0,36,497.25,0.0,0.03,0.49,0.0,Dec,1,8,3,1,Returning_Visitor,True,False
3,0.0,0,0.0,8,119.0,0.08,0.1,0.0,0.0,May,1,2,1,2,Returning_Visitor,False,False
0,0.0,0,0.0,5,182.0,0.0,0.04,0.0,0.0,Mar,3,2,6,1,Returning_Visitor,False,False
2,27.25,0,0.21,1,31.5,0.05,0.07,0.29,0.0,Sep,2,1,3,3,Returning_Visitor,False,True
0,2.4,0,0.0,7,276.17,0.03,0.05,55.32,0.0,Nov,2,2,1,1,Returning_Visitor,False,False
4,22.5,0,0.0,51,289.85,0.0,0.02,57.96,0.0,Mar,2,2,2,3,New_Visitor,True,True
3,93.3,0,0.0,46,2678.06,0.0,0.01,0.0,0.0,Jul,2,2,1,2,New_Visitor,True,False
8,315.37,2,34.48,49,1929.19,0.0,0.03,2.58,0.0,Dec,3,2,1,13,Returning_Visitor,False,False
0,5.66,0,0.0,10,140.0,0.04,0.07,1.35,0.8,Dec,1,8,3,1,Returning_Visitor,False,False
0,0.0,0,0.0,6,657.5,0.0,0.01,0.0,0.0,May,2,2,1,13,Returning_Visitor,False,False
0,0.0,0,0.0,22,414.98,0.0,0.01,20.89,0.01,May,3,2,1,2,Returning_Visitor,True,True
0,0.0,0,0.0,19,1651.93,0.02,0.07,0.0,1.0,May,2,10,3,1,Returning_Visitor,True,False
0,1.67,0,0.0,5,396.7,0.05,0.1,0.03,0.0,Mar,2,10,3,3,Returning_Visitor,False,False
0,2.02,0,0.0,12,890.0,0.04,0.07,0.0,0.4,May,2,2,6,2,Returning_Visitor,False,False
3,95.75,0,0.13,41,1164.2,0.0,0.02,27.08,0.0,Dec,3,2,1,1,Returning_Visitor,False,True
0,0.0,2,20.0,28,1085.25,0.0,0.02,0.0,0.0,Nov,2,2,1,11,Returning_Visitor,False,True
1,90.0,0,0.0,30,860.32,0.0,0.01,0.06,0.0,May,1,1,1,7,Returning_Visitor,False,False
9,101.94,1,79.46,88,2663.82,0.01,0.03,5.48,0.6,May,4,2,8,3,Returning_Visitor,False,False
2,92.0,2,59.5,39,1472.96,0.0,0.02,0.0,0.0,Dec,3,2,1,2,Returning_Visitor,False,False
8,499.2,0,0.0,48,1784.76,0.0,0.0,0.02,0.0,Sep,3,2,1,2,Returning_Visitor,False,False
1,18.0,0,2.04,32,495.0,0.0,0.0,0.0,0.0,Nov,2,2,6,2,New_Visitor,False,False
3,54.5,0,6.03,26,531.5,0.01,0.02,0.08,0.0,Nov,2,2,1,2,Returning_Visitor,False,False
0,0.0,0,0.97,1,0.0,0.2,0.2,0.44,0.0,Nov,3,2,1,2,New_Visitor,True,False
22,438.33,3,533.68,178,1686.98,0.0,0.02,12.24,0.0,Nov,2,2,1,10,Returning_Visitor,False,True
4,104.34,0,0.0,13,498.61,0.0,0.01,20.1,0.0,Nov,2,1,4,2,New_Visitor,False,True
1,235.0,0,0.0,6,127.6,0.0,0.02,0.0,0.0,Dec,2,2,1,2,New_Visitor,False,False
0,0.0,0,0.0,9,355.17,0.0,0.0,18.03,0.0,Mar,2,4,1,2,Returning_Visitor,False,True
0,2.4,0,0.0,90,601.79,0.0,0.01,0.0,0.8,May,2,2,3,1,Returning_Visitor,False,False
0,0.0,0,0.0,20,840.1,0.02,0.06,0.01,0.0,Nov,2,2,1,2,Returning_Visitor,False,False
0,1.57,0,0.0,13,1409.13,0.0,0.03,0.0,0.0,Nov,2,2,1,3,Returning_Visitor,False,False
3,24.0,0,0.0,54,1379.5,0.01,0.01,0.0,0.2,May,1,1,1,3,New_Visitor,False,False
3,103.75,0,0.0,21,1469.67,0.01,0.01,0.0,0.0,Nov,1,1,1,8,Returning_Visitor,True,False
0,8.0,0,0.0,11,701.0,0.0,0.02,0.0,0.0,Aug,2,2,1,2,Returning_Visitor,False,False
7,199.83,0,0.0,27,669.93,0.0,0.0,0.0,0.0,Aug,2,5,1,2,New_Visitor,True,False
1,23.0,0,0.0,35,1513.0,0.04,0.07,0.0,0.4,May,2,2,1,3,Returning_Visitor,False,False
2,96.87,0,0.0,20,559.38,0.0,0.01,0.0,0.02,May,2,2,1,2,New_Visitor,True,False
1,11.0,2,79.73,25,1925.98,0.02,0.06,0.0,0.0,Dec,2,2,7,2,Returning_Visitor,False,False
4,105.57,0,1.31,41,803.51,0.0,0.01,0.0,0.0,Dec,1,2,1,8,Returning_Visitor,True,False
0,21.05,0,0.0,1,0.0,0.2,0.2,0.0,0.0,Dec,3,3,1,8,New_Visitor,True,False
6,106.0,0,0.0,42,1513.54,0.0,0.0,136.94,0.0,Dec,8,13,9,2,Other,False,True
1,37.94,0,0.0,45,1318.16,0.0,0.03,0.0,0.0,Mar,3,2,2,10,Returning_Visitor,False,False
3,45.5,0,0.19,23,317.25,0.0,0.07,0.0,0.0,Dec,2,2,1,2,Returning_Visitor,False,False
3,80.6,0,0.0,6,936.42,0.0,0.01,0.0,0.0,Jul,1,1,4,2,Returning_Visitor,False,False
0,0.0,0,0.0,24,950.02,0.01,0.03,0.05,0.0,Oct,2,2,1,20,Returning_Visitor,False,False
3,284.0,0,0.0,33,2270.75,0.0,0.01,0.0,0.0,Dec,2,2,7,2,Returning_Visitor,False,False
5,1.52,3,239.2,3,78.5,0.0,0.01,0.0,0.0,Sep,2,2,1,5,New_Visitor,False,False
2,101.96,0,0.48,31,1514.3,0.04,0.05,0.0,0.0,Oct,1,8,7,1,Returning_Visitor,True,False
0,0.0,0,0.0,19,360.47,0.02,0.04,0.0,0.0,Jul,1,1,1,3,Returning_Visitor,False,False
3,45.4,0,0.0,15,114.9,0.0,0.03,0.0,0.0,Jul,2,2,3,4,New_Visitor,False,False
0,2.89,0,0.0,4,148.49,0.05,0.07,0.01,0.55,May,2,2,1,13,Returning_Visitor,True,False
0,0.0,0,0.0,17,236.26,0.03,0.05,0.0,0.0,Nov,3,2,6,13,Returning_Visitor,False,False
3,28.65,0,0.31,9,75.05,0.07,0.11,0.11,0.0,Sep,3,2,3,3,Returning_Visitor,False,False
9,196.25,1,62.5,6,148.75,0.0,0.02,0.0,0.0,Dec,4,1,9,2,Returning_Visitor,False,False
3,49.4,1,9.0,18,330.53,0.0,0.01,0.0,0.0,Sep,2,2,8,4,New_Visitor,True,False
0,0.0,0,0.0,5,0.0,0.13,0.2,0.27,0.0,Aug,3,2,2,3,Returning_Visitor,False,False
0,1.73,0,0.13,1,7.03,0.2,0.2,0.0,0.0,Dec,3,2,9,1,Returning_Visitor,False,False
0,0.0,0,0.25,5,156.98,0.12,0.13,0.01,0.49,May,1,1,4,3,Returning_Visitor,False,False
0,0.0,0,0.78,11,149.52,0.03,0.07,0.0,0.0,Dec,3,2,7,1,Returning_Visitor,True,False
2,386.0,0,0.0,46,712.3,0.0,0.0,0.0,0.0,Nov,2,2,4,2,New_Visitor,False,False
0,0.0,0,0.0,40,700.13,0.01,0.03,0.0,0.0,Nov,1,1,1,10,Returning_Visitor,True,False
3,17.0,0,0.0,14,260.2,0.0,0.04,0.0,0.4,May,2,2,3,4,Returning_Visitor,False,False
1,98.55,0,21.97,92,2716.52,0.01,0.04,12.3,0.0,May,3,2,3,2,Returning_Visitor,True,False
0,1.67,4,83.0,68,2162.66,0.0,0.02,0.0,0.0,Dec,1,2,1,2,Returning_Visitor,False,False
3,2.66,0,0.0,15,936.17,0.02,0.09,0.1,0.0,Mar,2,4,3,1,Returning_Visitor,False,False
0,0.0,0,0.0,13,414.57,0.0,0.01,0.05,0.8,May,3,2,1,13,Returning_Visitor,False,False
3,167.45,1,168.2,33,755.88,0.03,0.04,0.0,0.0,Oct,2,2,3,3,Returning_Visitor,False,False
3,24.5,1,13.19,46,1525.67,0.0,0.01,107.22,0.0,May,2,2,2,4,Returning_Visitor,False,True
6,162.14,0,0.0,50,1513.87,0.0,0.0,28.07,0.0,June,2,2,2,2,New_Visitor,False,True
3,40.0,0,1.92,46,1394.93,0.0,0.02,0.0,0.0,Mar,3,3,3,1,Returning_Visitor,False,False
0,2.48,0,0.0,22,415.5,0.01,0.01,14.01,0.0,Oct,2,2,6,2,New_Visitor,False,True
0,1.95,0,0.0,6,156.0,0.0,0.02,0.0,0.2,May,2,2,2,1,Returning_Visitor,False,False
0,0.0,0,0.09,15,581.42,0.0,0.01,0.0,0.0,Mar,2,5,1,2,Returning_Visitor,False,False
3,59.2,0,0.0,9,421.67,0.02,0.05,0.0,0.0,Aug,2,5,1,5,Returning_Visitor,False,False
1,1.75,1,6.0,7,162.62,0.0,0.02,0.0,0.0,Nov,2,2,1,13,Returning_Visitor,True,False
0,2.12,0,0.0,9,444.0,0.0,0.04,0.01,0.0,Nov,2,2,6,13,Returning_Visitor,False,False
2,104.85,1,4.0,219,8584.03,0.01,0.02,0.0,0.0,Nov,2,2,1,2,Returning_Visitor,False,True
3,54.0,0,0.0,16,487.67,0.0,0.04,0.0,0.0,May,1,1,2,3,Returning_Visitor,False,False
0,27.47,3,245.8,28,524.06,0.02,0.05,20.43,0.0,May,1,2,3,1,Returning_Visitor,True,True
4,459.5,4,199.1,94,1020.19,0.02,0.11,3.09,0.0,Jul,3,2,1,13,Returning_Visitor,False,False
14,88.19,3,218.65,168,1229.92,0.0,0.03,11.72,0.0,Jul,2,2,1,1,Returning_Visitor,False,False
12,397.72,3,431.33,336,12595.63,0.0,0.01,1.18,0.0,Nov,2,2,1,2,Returning_Visitor,False,True
13,140.55,1,80.58,149,8147.11,0.01,0.05,0.0,0.0,Nov,2,2,1,2,Returning_Visitor,False,False
0,0.0,0,0.0,5,382.64,0.0,0.04,0.0,0.0,May,1,1,1,3,Returning_Visitor,False,False
3,178.3,2,66.13,40,2237.77,0.0,0.01,12.23,0.0,Oct,1,1,3,2,Returning_Visitor,False,False
0,0.0,0,0.35,4,16.0,0.1,0.15,0.0,0.0,Feb,2,5,5,1,Returning_Visitor,False,False
0,0.0,0,0.9,30,4262.97,0.0,0.01,65.3,0.0,Dec,2,10,7,1,Returning_Visitor,True,True
1,149.2,0,0.41,13,272.01,0.0,0.01,82.02,0.01,Oct,1,1,1,20,Returning_Visitor,True,True
0,0.0,0,0.0,3,27.18,0.2,0.2,0.0,0.0,Dec,2,2,3,1,Other,True,False
1,106.07,0,0.0,15,152.29,0.0,0.02,64.73,0.0,Mar,2,2,1,2,New_Visitor,False,True
1,73.0,1,740.0,50,1434.26,0.0,0.05,22.03,0.0,Mar,2,2,3,2,Returning_Visitor,True,False
0,0.0,0,0.0,3,41.0,0.0,0.07,0.0,0.0,Feb,1,1,3,3,Returning_Visitor,False,False
3,82.42,0,0.0,46,3633.95,0.0,0.02,4.46,0.0,Nov,2,2,1,2,Returning_Visitor,False,False
0,3.4,0,0.76,20,275.16,0.0,0.03,0.0,0.0,May,1,1,4,3,Returning_Visitor,False,False
0,1.53,0,0.1,1,0.0,0.13,0.2,0.0,0.0,May,2,2,6,3,Returning_Visitor,False,False
3,64.5,0,0.21,46,1468.45,0.01,0.02,0.0,0.0,May,2,2,1,2,Returning_Visitor,True,False
5,100.92,1,54.08,114,3488.07,0.0,0.02,10.66,0.0,Nov,2,2,3,2,Returning_Visitor,False,False
0,1.51,0,0.0,4,46.0,0.0,0.05,0.0,0.0,Mar,2,2,1,3,Returning_Visitor,False,False
14,603.9,2,80.02,46,1503.55,0.01,0.03,2.01,0.0,Sep,1,1,6,4,Returning_Visitor,False,False
0,0.0,0,0.0,14,145.15,0.09,0.09,0.02,0.0,May,3,2,1,13,Returning_Visitor,False,False
8,75.25,0,0.0,30,88.75,0.02,0.06,0.16,1.0,May,3,2,3,2,Returning_Visitor,True,False
0,2.56,0,0.0,5,154.11,0.09,0.05,0.0,0.0,May,1,1,1,3,Returning_Visitor,False,False
0,1.83,0,0.0,95,3208.21,0.0,0.01,12.24,0.0,Nov,2,2,1,1,Returning_Visitor,False,True
1,14.0,0,0.0,4,0.0,0.1,0.15,0.0,0.0,Nov,1,1,1,10,Returning_Visitor,False,False
2,33.5,0,1.55,23,398.4,0.0,0.02,0.0,0.0,Dec,2,2,3,2,Returning_Visitor,False,False
0,82.62,1,78.41,46,2068.93,0.0,0.01,39.27,0.0,May,2,2,6,6,Returning_Visitor,False,True
0,0.0,0,0.47,13,191.0,0.0,0.03,0.0,0.0,Nov,4,1,1,1,Returning_Visitor,False,False
0,1.49,0,0.0,1,2.38,0.2,0.2,0.0,0.0,Mar,2,2,1,1,Returning_Visitor,False,False
3,45.75,0,0.0,42,1273.08,0.0,0.03,6.75,0.0,Dec,1,1,1,1,Returning_Visitor,False,True
10,211.95,9,991.25,183,6205.88,0.0,0.02,12.27,0.0,May,2,2,2,2,Returning_Visitor,False,True
0,0.0,0,0.0,13,1325.56,0.0,0.02,0.0,0.0,Dec,4,1,3,2,New_Visitor,False,False
5,262.12,1,0.0,46,7468.86,0.0,0.02,12.23,0.0,Nov,3,2,1,2,Returning_Visitor,False,False
3,175.12,0,0.0,7,96.12,0.0,0.03,0.0,0.0,Nov,1,1,2,8,New_Visitor,True,False
0,0.0,0,0.0,7,330.17,0.0,0.02,0.0,0.0,Dec,3,2,9,2,Returning_Visitor,False,False
3,311.41,0,0.0,96,4233.48,0.0,0.03,3.54,0.03,Mar,2,4,6,2,Returning_Visitor,True,False
0,0.0,0,0.0,24,566.73,0.01,0.04,0.0,0.8,May,2,2,2,13,Returning_Visitor,False,False
1,12.0,1,11.0,74,4312.09,0.02,0.03,0.0,0.0,Nov,2,2,9,3,Returning_Visitor,False,False
3,0.0,0,0.67,13,258.29,0.0,0.02,0.0,0.0,May,2,5,3,2,Returning_Visitor,False,False
0,0.0,0,0.13,2,0.0,0.13,0.2,0.0,0.0,May,2,2,6,13,Returning_Visitor,False,False
5,218.58,1,0.0,11,370.46,0.0,0.04,0.0,0.0,Dec,3,7,1,2,New_Visitor,False,False
3,7.0,1,25.17,21,446.0,0.02,0.03,32.39,0.0,Nov,2,2,1,1,Returning_Visitor,False,False
0,0.0,0,0.0,20,885.0,0.04,0.04,49.73,0.0,Nov,3,2,1,8,Returning_Visitor,False,True
0,0.0,0,0.0,1,0.0,0.13,0.2,0.0,0.0,Dec,1,1,1,1,Returning_Visitor,True,False
0,0.0,0,0.0,46,3038.38,0.02,0.04,0.0,0.0,Nov,2,2,1,1,Returning_Visitor,False,False
0,3.37,0,0.0,4,39.25,0.0,0.05,0.04,0.0,Mar,2,2,1,1,Returning_Visitor,False,False
0,0.0,0,0.0,60,1315.18,0.01,0.03,0.0,0.0,Nov,2,2,3,2,Returning_Visitor,False,True
3,106.8,0,0.0,20,470.87,0.03,0.05,0.0,0.0,Oct,2,2,1,13,Returning_Visitor,False,False
3,49.12,0,0.0,19,344.35,0.01,0.02,0.0,0.0,Nov,3,2,1,13,Returning_Visitor,False,False
2,279.0,0,0.0,15,1357.86,0.0,0.01,0.0,0.0,Nov,2,4,3,2,Returning_Visitor,False,False
0,0.0,0,0.15,10,174.69,0.0,0.05,0.0,0.4,Feb,1,1,8,3,Returning_Visitor,False,False
2,34.0,1,9.0,174,4994.25,0.0,0.02,0.0,0.0,Nov,2,2,1,2,Returning_Visitor,False,False
0,1.46,0,0.11,58,148.81,0.0,0.05,0.0,0.0,Mar,3,2,3,3,Returning_Visitor,False,False
6,179.75,2,8.0,46,1238.68,0.01,0.01,0.12,0.0,Dec,2,5,9,2,Returning_Visitor,False,False
2,95.0,0,0.0,15,449.5,0.02,0.04,0.0,0.0,Mar,2,2,4,1,Returning_Visitor,False,False
12,1106.39,9,627.46,125,6768.26,0.01,0.02,7.2,0.0,Oct,3,2,4,2,Returning_Visitor,False,True
3,120.0,0,0.0,5,198.0,0.0,0.02,0.0,0.0,May,3,2,4,2,New_Visitor,True,False
0,0.0,0,1.49,46,638.25,0.01,0.02,0.0,0.0,Nov,2,2,4,1,Returning_Visitor,False,True
1,81.25,0,1.77,41,1119.54,0.01,0.04,0.01,0.0,Nov,3,2,1,2,Returning_Visitor,False,False
0,3.03,0,0.47,6,1008.28,0.0,0.04,0.0,0.0,Mar,4,2,4,3,Returning_Visitor,False,False
0,0.0,0,1.78,23,1497.77,0.0,0.03,22.3,0.0,May,2,2,3,2,Returning_Visitor,False,False
4,105.04,0,0.53,6,307.62,0.0,0.02,0.0,0.0,Oct,1,1,3,2,Returning_Visitor,True,False
2,49.25,0,1.0,77,4130.94,0.01,0.03,43.99,0.0,Nov,4,1,1,2,Returning_Visitor,False,False
0,0.0,0,0.0,6,190.52,0.0,0.04,0.25,0.0,Nov,1,1,1,2,Returning_Visitor,False,False
3,154.4,0,0.37,33,1267.06,0.02,0.04,0.0,0.0,June,2,2,1,3,Returning_Visitor,False,False
3,14.17,1,14.0,89,1332.09,0.0,0.0,0.0,0.01,May,1,2,7,3,Returning_Visitor,True,False
5,76.33,2,0.0,36,1420.55,0.03,0.04,0.0,0.0,May,3,2,3,4,Returning_Visitor,False,False
8,345.81,3,195.0,75,5610.69,0.0,0.02,4.45,0.0,Nov,2,2,3,2,Returning_Visitor,False,False
0,1.79,0,0.0,6,159.5,0.0,0.05,0.07,0.0,Nov,2,4,1,3,Returning_Visitor,False,False
9,219.25,1,31.0,41,1005.47,0.0,0.01,37.7,0.0,Mar,1,1,1,1,New_Visitor,False,False
2,334.5,2,29.0,17,939.08,0.0,0.02,18.22,0.01,Dec,2,2,1,6,Returning_Visitor,False,True
0,0.0,0,0.0,7,277.17,0.03,0.05,0.0,0.0,Nov,3,2,4,13,Returning_Visitor,False,False
4,70.4,1,645.5,82,11257.11,0.01,0.02,0.0,0.0,Nov,2,5,1,2,Returning_Visitor,False,False
2,108.01,0,0.0,17,1144.75,0.0,0.01,0.0,0.0,Nov,3,2,1,8,New_Visitor,True,False
4,206.25,0,0.56,16,1500.52,0.0,0.03,10.18,0.0,Nov,3,2,1,2,Returning_Visitor,True,True
0,0.0,0,0.0,6,162.25,0.07,0.09,0.09,0.0,Dec,2,2,3,3,Returning_Visitor,False,False
0,0.0,0,0.0,8,212.5,0.0,0.03,0.0,0.0,Nov,3,2,1,11,Returning_Visitor,True,False
10,462.0,1,79.57,48,1621.15,0.01,0.02,0.29,0.0,May,3,2,5,1,Returning_Visitor,True,False
2,3.87,0,0.0,29,911.5,0.02,0.05,0.41,0.59,May,2,7,3,4,Returning_Visitor,False,False
2,103.23,0,0.0,32,897.36,0.02,0.03,11.38,0.0,Sep,2,10,1,2,Returning_Visitor,False,False
2,128.5,0,0.0,13,445.64,0.03,0.05,0.0,0.0,Nov,3,2,3,2,Returning_Visitor,False,False
1,11.65,1,3.0,48,1462.66,0.0,0.02,7.73,0.0,May,2,2,6,4,Returning_Visitor,False,True
0,0.0,0,0.0,2,73.0,0.05,0.15,0.01,0.0,Mar,2,2,1,1,Returning_Visitor,False,False
0,0.0,0,0.0,40,1161.9,0.05,0.08,0.0,0.0,Sep,1,8,8,1,Returning_Visitor,False,False
0,0.0,0,0.0,16,148.53,0.0,0.02,0.0,0.0,Aug,2,2,3,4,Returning_Visitor,False,False
5,104.28,0,0.0,46,2408.31,0.0,0.01,12.25,0.0,Oct,2,4,1,2,Returning_Visitor,False,True
17,698.13,1,1.68,83,4306.61,0.0,0.02,0.0,0.0,Oct,2,1,2,1,Returning_Visitor,True,True
2,67.18,0,1.04,26,1030.06,0.0,0.01,0.05,0.0,Nov,3,2,1,2,New_Visitor,False,False
0,0.0,0,0.0,13,277.0,0.0,0.02,0.0,0.0,Nov,4,1,1,8,Returning_Visitor,False,False
8,274.5,0,0.0,24,515.58,0.0,0.0,0.0,0.0,Mar,3,2,2,1,Returning_Visitor,True,False
0,0.0,0,0.14,4,0.0,0.2,0.2,0.0,0.0,May,3,2,3,3,Returning_Visitor,False,False
0,1.47,0,0.0,45,426.26,0.03,0.06,0.0,0.0,Aug,2,2,1,3,Returning_Visitor,False,False
0,19.6,0,0.0,20,680.0,0.02,0.06,0.0,0.6,May,2,6,2,3,Returning_Visitor,False,False
0,15.0,0,0.0,3,21.0,0.0,0.05,0.0,0.0,Mar,2,2,4,8,Returning_Visitor,False,False
0,2.21,0,0.0,4,151.5,0.0,0.05,0.0,0.0,Nov,1,1,4,8,Returning_Visitor,True,False
2,46.4,0,1.02,8,349.0,0.12,0.08,0.0,0.0,Aug,1,1,1,1,Returning_Visitor,False,False
3,157.5,1,23.0,47,3503.02,0.0,0.02,12.28,0.0,May,2,2,1,2,Returning_Visitor,False,False
9,324.0,2,40.5,46,1274.96,0.0,0.0,7.32,0.0,Dec,1,1,1,10,Returning_Visitor,True,False
0,0.0,0,0.0,2,0.0,0.2,0.14,0.0,0.0,May,1,1,1,6,Returning_Visitor,False,False
0,0.0,0,0.0,36,404.34,0.0,0.03,0.0,0.0,Mar,1,8,3,20,Returning_Visitor,True,False
0,0.0,0,0.0,15,789.67,0.0,0.01,14.55,0.0,May,2,2,3,2,Returning_Visitor,True,True
2,24.2,0,0.0,46,1376.3,0.01,0.04,6.01,0.0,Sep,2,4,3,1,Returning_Visitor,False,False
5,115.97,0,0.0,9,181.3,0.0,0.02,0.33,0.0,Dec,1,1,1,2,New_Visitor,False,False
0,0.0,0,0.0,8,125.0,0.0,0.02,0.0,0.0,May,2,2,1,1,Returning_Visitor,True,False
1,25.7,0,0.0,61,587.2,0.0,0.03,38.27,0.0,Nov,2,5,1,4,New_Visitor,False,True
1,115.0,0,0.0,46,1383.19,0.01,0.02,0.0,0.0,May,1,1,1,3,Returning_Visitor,False,False
3,44.3,0,0.0,17,394.75,0.01,0.01,64.29,0.0,Aug,1,2,1,2,Returning_Visitor,False,True
3,381.67,3,199.4,86,1618.4,0.0,0.02,11.99,0.0,May,3,2,8,4,Returning_Visitor,False,True
0,0.0,0,0.0,10,185.76,0.0,0.13,0.01,0.0,Mar,1,1,1,1,Returning_Visitor,True,False
3,104.11,0,0.0,44,315.47,0.0,0.01,34.75,0.0,Nov,2,2,1,1,Returning_Visitor,True,True
2,32.5,0,0.0,3,39.0,0.04,0.03,0.0,0.0,Dec,1,1,1,2,Returning_Visitor,True,False
0,0.0,0,0.0,46,681.58,0.01,0.03,14.64,0.0,Nov,1,1,1,3,Returning_Visitor,True,True
0,1.51,0,0.0,46,661.45,0.0,0.03,0.0,0.0,Nov,3,2,1,11,Returning_Visitor,True,False
1,3.73,1,66.5,8,1503.28,0.02,0.03,26.45,0.0,Nov,1,1,1,2,Returning_Visitor,False,False
0,0.0,0,0.0,12,797.84,0.0,0.02,0.01,0.11,Aug,2,2,3,4,Returning_Visitor,False,False
0,0.0,0,0.0,40,273.02,0.2,0.2,0.03,0.0,June,2,4,3,3,Returning_Visitor,False,False
0,0.0,0,0.0,6,112.71,0.04,0.07,0.0,0.0,Nov,3,2,6,11,New_Visitor,True,False
0,0.0,0,0.0,27,910.0,0.01,0.01,0.58,0.0,Nov,3,2,1,3,New_Visitor,True,False
0,0.0,0,0.36,11,231.86,0.05,0.05,0.0,0.4,May,2,2,1,4,Returning_Visitor,False,False
0,3.28,0,0.0,42,2058.25,0.02,0.05,0.0,0.6,May,2,10,7,1,Returning_Visitor,False,False
0,0.0,0,0.0,32,905.1,0.0,0.0,83.81,0.0,Oct,2,2,6,2,New_Visitor,False,True
1,3.31,1,7.0,41,1474.05,0.02,0.06,4.29,0.0,June,2,2,1,13,Returning_Visitor,False,False
0,2.35,0,0.0,46,1505.97,0.0,0.03,0.0,0.0,Aug,1,1,3,3,Returning_Visitor,False,False
0,0.0,0,0.99,10,208.0,0.0,0.02,61.59,0.0,Dec,2,2,1,2,New_Visitor,False,True
1,25.57,1,0.0,44,1035.96,0.01,0.07,0.0,0.0,May,4,1,1,1,Returning_Visitor,False,False
0,1.96,0,0.0,8,376.33,0.0,0.03,53.99,0.0,Dec,2,2,2,1,Returning_Visitor,True,True
1,104.46,0,0.0,46,1380.17,0.0,0.01,0.0,0.0,Dec,1,1,1,2,New_Visitor,False,False
0,0.0,0,0.0,57,820.36,0.04,0.05,0.0,0.0,June,3,2,3,13,Returning_Visitor,False,False
3,23.0,0,0.0,19,723.48,0.0,0.02,12.21,0.0,Jul,2,2,2,2,Returning_Visitor,False,False
3,42.0,1,47.0,48,1994.5,0.01,0.03,0.01,0.0,May,2,2,7,4,Returning_Visitor,False,False
1,14.5,0,0.0,24,1277.84,0.0,0.02,0.01,0.0,Nov,3,2,1,2,Returning_Visitor,True,False
0,0.0,0,0.0,6,83.0,0.03,0.1,0.0,0.56,May,2,2,4,6,Returning_Visitor,False,False
3,509.67,0,0.0,19,1504.78,0.0,0.01,12.32,0.0,May,1,1,1,2,Returning_Visitor,True,True
0,0.0,0,0.0,3,203.0,0.0,0.1,0.0,0.0,May,2,2,1,3,Returning_Visitor,False,False
1,4.0,0,0.0,26,242.11,0.0,0.0,0.0,0.0,June,4,1,2,1,Returning_Visitor,False,False
0,2.2,0,0.0,7,1544.75,0.02,0.03,0.0,0.0,Dec,1,1,3,1,Returning_Visitor,False,False
0,0.0,0,0.0,2,0.0,0.2,0.14,0.0,0.0,Mar,2,2,4,1,Returning_Visitor,False,False
6,221.83,1,0.31,46,841.78,0.01,0.02,0.0,0.0,Dec,1,2,8,1,Returning_Visitor,False,False
0,0.0,0,0.0,1,46.99,0.2,0.2,0.0,0.6,May,1,1,7,3,Returning_Visitor,False,False
0,0.0,0,1.16,16,819.17,0.0,0.01,24.74,0.0,May,3,2,5,2,New_Visitor,False,True
0,1.6,1,96.5,76,1966.09,0.01,0.03,0.0,0.0,Dec,3,2,1,2,Returning_Visitor,True,True
0,1.62,0,0.0,44,671.67,0.0,0.02,0.0,0.0,May,2,4,1,3,Returning_Visitor,False,False
0,55.75,0,0.0,19,685.95,0.0,0.02,7.14,0.0,Mar,3,2,7,2,Returning_Visitor,True,True
7,150.5,0,0.0,7,179.43,0.0,0.01,2.15,0.0,May,1,1,1,2,Returning_Visitor,False,True
1,7.0,0,0.0,29,906.57,0.0,0.01,0.36,0.0,Mar,4,1,1,2,New_Visitor,False,False
3,6.22,0,0.0,10,219.5,0.0,0.03,0.0,0.0,Dec,2,2,1,11,Returning_Visitor,False,False
9,266.53,0,0.0,114,1509.67,0.0,0.01,32.57,0.0,Nov,1,1,2,2,Returning_Visitor,False,True
1,19.0,0,0.0,29,605.67,0.0,0.02,0.0,0.58,May,2,2,3,6,Returning_Visitor,False,False
0,0.0,0,0.82,11,146.39,0.05,0.14,0.0,0.8,May,2,2,1,2,Returning_Visitor,False,False
0,0.0,0,0.14,21,677.0,0.0,0.03,0.0,0.0,May,2,2,7,1,Returning_Visitor,False,False
3,66.99,3,170.58,5,124.96,0.0,0.01,0.0,0.0,Mar,2,2,7,2,New_Visitor,False,False
0,0.0,0,0.0,5,99.67,0.0,0.04,0.0,0.6,May,2,2,5,4,Returning_Visitor,False,False
0,1.58,0,0.0,6,325.52,0.0,0.02,0.45,0.0,May,1,1,3,1,Returning_Visitor,True,False
13,98.25,1,3.0,34,858.95,0.0,0.01,17.79,0.0,Nov,2,2,5,1,Returning_Visitor,True,False
0,0.0,0,0.0,24,1504.6,0.0,0.02,0.22,0.0,Nov,1,1,1,3,Returning_Visitor,True,False
1,64.5,0,0.0,46,1443.64,0.0,0.01,61.79,0.0,Nov,2,2,1,2,Returning_Visitor,True,True
3,133.58,2,64.0,67,1222.47,0.01,0.03,6.09,0.0,May,3,2,2,4,Returning_Visitor,False,True
0,3.8,0,0.0,20,96.0,0.0,0.02,0.0,0.0,May,1,8,6,11,Returning_Visitor,False,False
2,42.0,0,10.44,10,558.78,0.0,0.01,0.0,0.0,Mar,2,2,8,1,Returning_Visitor,False,False
4,357.25,3,80.06,45,1500.83,0.0,0.01,54.98,0.0,May,2,2,1,4,Returning_Visitor,True,True
0,2.05,0,0.0,17,141.5,0.08,0.14,0.0,0.6,May,2,2,1,6,Returning_Visitor,False,False
6,90.6,2,206.6,46,709.43,0.01,0.02,15.71,0.0,Aug,2,2,2,2,Returning_Visitor,False,True
0,0.0,0,0.0,4,132.5,0.13,0.14,0.0,0.0,Nov,3,2,4,13,Returning_Visitor,True,False
0,0.0,0,0.0,1,423.28,0.0,0.0,0.0,0.0,Jul,2,2,7,13,Returning_Visitor,False,False
0,2.37,0,0.2,17,2156.0,0.02,0.03,0.0,0.0,Mar,2,2,3,1,Returning_Visitor,False,False
0,0.0,0,0.0,1,0.0,0.2,0.14,0.02,0.0,May,1,1,2,3,Returning_Visitor,False,False
1,18.2,0,0.0,0,1863.52,0.0,0.07,0.0,0.0,Oct,2,4,1,5,New_Visitor,False,False
0,0.0,1,81.26,7,225.83,0.0,0.02,0.0,0.0,Mar,2,2,1,13,Returning_Visitor,True,False
11,243.78,3,332.08,34,1011.02,0.0,0.02,5.13,0.0,Oct,2,2,7,1,Returning_Visitor,True,True
0,1.53,0,0.0,12,150.74,0.02,0.03,0.21,0.0,Nov,3,2,1,2,Returning_Visitor,False,False
2,27.5,3,17.0,1,10.0,0.01,0.04,0.0,0.0,Nov,1,1,1,2,New_Visitor,False,True
4,82.0,0,0.0,17,269.0,0.03,0.05,0.19,0.0,Oct,3,2,1,13,Returning_Visitor,False,False
0,0.0,0,0.0,5,325.17,0.0,0.06,0.0,0.0,Nov,1,1,3,3,Returning_Visitor,False,False
0,0.0,0,0.0,5,146.25,0.0,0.02,0.0,0.0,May,3,2,4,2,Returning_Visitor,True,False
0,0.0,0,0.0,171,6324.66,0.01,0.02,2.38,0.0,Nov,2,2,1,1,Returning_Visitor,False,True
0,0.0,0,0.0,6,33.2,0.0,0.07,0.0,0.0,May,1,1,3,1,Returning_Visitor,True,False
3,110.0,2,169.05,230,9648.18,0.0,0.02,3.36,0.0,Nov,2,2,1,2,Returning_Visitor,False,False
0,0.0,0,0.45,13,135.23,0.0,0.01,0.0,0.0,Dec,3,2,2,1,Returning_Visitor,False,False
3,28.0,3,37.83,46,3132.49,0.0,0.03,2.35,0.0,Nov,2,2,1,2,Returning_Visitor,False,False
7,251.75,0,0.0,5,50.0,0.0,0.05,0.0,0.0,Dec,1,1,3,2,Returning_Visitor,False,False
3,50.67,0,0.34,85,1360.9,0.01,0.04,0.0,1.0,May,2,2,3,6,Returning_Visitor,True,False
0,7.5,0,0.0,2,180.15,0.03,0.06,0.23,0.0,Nov,6,2,3,8,Returning_Visitor,False,False
0,2.18,0,0.0,45,1295.97,0.01,0.05,0.0,0.8,May,2,5,2,6,Returning_Visitor,False,False
0,1.56,0,0.37,2,135.46,0.13,0.12,0.08,0.0,May,3,2,1,6,Returning_Visitor,True,False
1,17.83,1,0.0,3,156.71,0.02,0.04,0.0,0.6,May,2,2,1,4,Returning_Visitor,False,False
0,23.75,0,1.71,9,340.5,0.0,0.03,0.0,0.0,Nov,2,4,4,2,New_Visitor,True,False
1,54.5,1,132.5,14,516.5,0.02,0.04,18.72,0.0,May,2,2,3,4,Returning_Visitor,False,False
0,1.51,0,0.0,38,1500.48,0.03,0.04,0.0,0.0,Nov,2,2,1,2,Returning_Visitor,False,False
0,1.65,0,0.16,2,0.0,0.2,0.2,0.01,0.0,Mar,1,1,3,3,Returning_Visitor,False,False
0,0.0,0,0.0,14,18.57,0.13,0.2,0.0,0.0,Mar,3,2,3,1,Returning_Visitor,False,False
0,0.0,0,3.0,22,415.85,0.02,0.05,0.04,0.0,Nov,2,2,2,11,Returning_Visitor,False,False
5,98.28,0,0.05,4,24.5,0.02,0.04,0.0,1.0,May,3,2,6,3,Returning_Visitor,False,False
0,0.0,0,0.0,8,133.0,0.0,0.02,0.0,0.0,May,1,1,1,3,Returning_Visitor,True,False
0,0.0,0,0.0,1,10.65,0.13,0.14,0.0,0.0,Feb,1,1,3,3,Returning_Visitor,True,False
4,104.5,4,82.35,13,214.69,0.03,0.03,0.0,0.0,May,3,2,1,2,Returning_Visitor,False,False
2,63.0,0,0.0,4,43.75,0.02,0.05,0.97,0.0,Nov,1,2,3,2,New_Visitor,False,False
0,0.0,0,0.0,1,7.57,0.2,0.2,0.01,0.0,Dec,1,1,4,1,Returning_Visitor,True,False
9,6.07,0,56.88,6,64.21,0.0,0.02,0.0,0.0,Nov,3,2,3,10,Returning_Visitor,True,False
3,172.0,0,0.0,61,3374.92,0.0,0.03,0.0,0.0,May,2,2,5,1,Returning_Visitor,False,False
0,1.69,0,0.0,2,145.62,0.0,0.1,0.0,0.0,Dec,1,1,1,3,Returning_Visitor,False,False
0,0.0,0,0.0,47,4218.92,0.01,0.03,0.0,0.0,Dec,2,4,7,1,Returning_Visitor,False,False
3,35.0,0,1.12,16,413.24,0.0,0.01,0.0,0.0,Mar,2,2,2,1,Returning_Visitor,False,False
3,103.6,0,0.0,39,1502.83,0.07,0.09,0.08,0.0,Aug,1,1,1,3,Returning_Visitor,False,False
11,452.5,0,0.0,30,643.43,0.0,0.02,0.0,0.0,Dec,1,1,9,2,Returning_Visitor,False,False
3,34.0,0,0.0,3,24.0,0.0,0.02,0.0,0.0,May,1,1,3,2,New_Visitor,False,False
0,0.0,0,0.31,9,145.73,0.0,0.02,0.0,0.0,Mar,2,2,1,3,Returning_Visitor,False,False
4,54.5,0,0.0,16,618.86,0.0,0.03,0.0,0.0,Nov,1,1,2,2,New_Visitor,False,False
0,1.8,1,0.0,131,3297.57,0.01,0.02,0.0,0.0,Dec,3,2,1,2,Returning_Visitor,False,False
1,0.0,0,1.17,5,178.83,0.0,0.04,0.0,0.0,Nov,2,2,7,13,Returning_Visitor,True,False
3,588.3,0,1.36,13,631.07,0.01,0.03,0.0,0.0,Nov,2,2,7,2,Returning_Visitor,False,False
0,0.0,0,0.81,28,1499.22,0.02,0.05,0.0,0.6,May,2,2,1,6,Returning_Visitor,False,False
3,173.97,0,0.0,17,415.51,0.02,0.02,0.0,0.0,Aug,2,2,3,4,Returning_Visitor,False,False
0,0.0,0,0.0,2,74.0,0.13,0.15,0.0,0.0,Mar,3,2,1,3,Returning_Visitor,False,False
8,77.5,0,0.0,35,2518.27,0.01,0.01,0.0,0.0,Jul,2,2,2,2,New_Visitor,True,False
1,17.67,0,0.0,3,76.5,0.04,0.05,0.1,0.0,May,1,1,4,5,Returning_Visitor,False,False
2,104.13,0,0.0,40,1452.66,0.0,0.02,0.0,0.0,Mar,1,1,1,2,Returning_Visitor,False,False
3,53.0,0,0.0,19,1007.9,0.0,0.01,0.0,0.0,May,1,1,3,4,New_Visitor,False,False
3,10.36,0,0.0,16,246.39,0.13,0.08,0.0,0.0,Oct,3,2,1,4,Returning_Visitor,True,False
0,0.0,0,0.0,46,1503.7,0.01,0.03,0.0,0.0,Nov,2,2,8,1,Returning_Visitor,False,False
0,0.0,0,0.0,2,63.5,0.0,0.1,0.0,0.0,Nov,1,1,1,3,Returning_Visitor,False,False
8,102.75,3,80.72,111,5358.38,0.0,0.01,12.04,0.0,Nov,2,2,1,11,Returning_Visitor,False,True
0,1.73,0,0.0,2,0.0,0.2,0.14,0.34,0.0,Nov,3,2,1,13,Returning_Visitor,True,False
3,0.0,1,13.83,65,3174.09,0.02,0.04,0.0,0.0,Dec,3,2,2,13,Returning_Visitor,True,False
0,0.0,0,0.16,3,12.0,0.0,0.07,0.0,0.0,Mar,2,2,1,3,Returning_Visitor,False,False
0,1.72,0,0.0,2,145.06,0.0,0.1,0.04,0.0,Dec,2,2,2,1,Other,False,False
6,79.5,1,19.0,11,314.25,0.0,0.0,0.18,0.0,Mar,2,2,1,2,New_Visitor,True,False
0,0.0,0,0.0,56,1503.81,0.0,0.02,0.0,0.0,Nov,2,2,1,2,Returning_Visitor,False,True
2,341.6,0,0.0,46,1483.76,0.03,0.06,0.0,0.0,Aug,3,2,1,1,Returning_Visitor,True,False
3,104.2,0,0.0,22,502.51,0.0,0.02,0.0,0.0,Sep,3,2,1,2,Returning_Visitor,True,False
3,47.2,0,1.08,7,12.0,0.0,0.04,0.0,0.0,Sep,2,2,4,2,New_Visitor,False,False
5,1011.36,1,124.49,54,1497.1,0.0,0.01,37.42,0.0,May,2,2,3,2,New_Visitor,True,False
1,49.4,0,0.0,18,213.17,0.0,0.01,0.0,0.0,Oct,2,2,1,2,New_Visitor,False,False
0,0.0,0,3.08,9,1497.52,0.0,0.03,53.99,0.0,May,1,1,1,4,New_Visitor,False,True
0,0.0,1,81.56,21,653.4,0.04,0.05,0.0,0.0,Jul,2,2,2,1,Returning_Visitor,True,False
1,2.06,2,61.5,31,1126.25,0.0,0.02,0.0,0.0,Nov,4,2,1,2,Returning_Visitor,False,False
6,615.25,0,0.41,68,2524.72,0.0,0.03,0.03,0.0,Mar,1,2,6,1,Returning_Visitor,True,False
0,0.0,0,0.0,1,0.0,0.13,0.2,0.0,0.27,May,2,2,3,13,Returning_Visitor,False,False
1,149.5,0,0.0,32,1562.33,0.04,0.06,12.43,0.2,May,2,2,3,2,Returning_Visitor,False,False
6,122.25,1,79.86,60,1502.63,0.0,0.01,0.0,0.0,Dec,2,2,1,2,Returning_Visitor,False,False
5,32.6,0,0.0,44,939.78,0.0,0.0,13.0,0.0,Aug,2,4,1,5,New_Visitor,False,True
0,0.0,0,0.0,7,61.5,0.0,0.03,0.09,0.0,Dec,1,1,9,2,Returning_Visitor,False,False
0,0.0,0,0.0,2,44.0,0.0,0.1,0.0,0.0,May,1,1,8,1,Returning_Visitor,False,False
3,279.0,0,0.36,0,455.9,0.0,0.05,0.0,0.0,Mar,3,2,1,10,Returning_Visitor,True,False
0,0.0,0,0.0,21,1530.01,0.0,0.01,0.35,0.0,Oct,2,2,2,2,Returning_Visitor,True,False
3,139.2,0,0.67,49,3346.97,0.0,0.02,12.39,0.0,Nov,2,2,1,2,Returning_Visitor,False,False
1,28.53,0,0.0,61,2006.69,0.0,0.02,2.04,0.0,Mar,2,5,3,2,Returning_Visitor,False,False
0,0.0,0,0.1,5,103.5,0.0,0.04,0.08,0.0,Dec,1,1,4,2,Returning_Visitor,True,False
7,134.75,0,0.0,43,1479.49,0.01,0.02,24.9,0.2,May,1,2,1,4,Returning_Visitor,False,False
1,14.0,0,0.0,6,156.0,0.0,0.04,0.0,0.0,Mar,1,1,3,1,Returning_Visitor,True,False
3,77.83,0,3.22,26,812.1,0.02,0.04,0.0,0.0,Nov,3,2,3,2,Returning_Visitor,False,False
6,7.46,2,303.0,67,2199.98,0.01,0.03,1.82,0.0,Nov,1,1,1,2,Returning_Visitor,True,False
2,34.18,0,0.0,46,897.8,0.0,0.06,0.02,0.0,Aug,2,2,1,1,Returning_Visitor,False,False
0,0.0,0,0.04,15,1483.16,0.03,0.04,0.0,0.0,Mar,3,2,8,1,Returning_Visitor,False,False
1,1.86,0,0.0,7,145.94,0.0,0.03,0.0,0.0,May,3,2,1,4,Returning_Visitor,False,False
0,1.46,0,0.0,9,1395.6,0.0,0.01,0.01,0.0,Dec,1,1,1,2,Returning_Visitor,False,False
9,101.13,1,140.5,310,8468.34,0.0,0.01,12.27,0.0,Nov,2,2,3,2,Returning_Visitor,True,False
0,1.65,0,0.0,45,2759.83,0.03,0.06,0.0,0.0,May,3,2,6,13,Returning_Visitor,False,False
9,104.04,0,0.3,35,1988.66,0.01,0.03,0.0,0.0,Nov,2,2,3,1,Returning_Visitor,False,False
3,338.0,0,0.0,13,1205.57,0.01,0.03,19.24,0.8,May,3,2,2,2,Returning_Visitor,False,True
0,0.0,0,0.18,2,64.4,0.13,0.14,0.0,0.0,Nov,3,2,1,20,Returning_Visitor,False,False
2,154.6,2,69.6,20,852.09,0.0,0.01,0.0,0.0,Sep,3,2,2,1,New_Visitor,False,False
0,0.0,0,0.0,3,149.96,0.0,0.1,0.34,0.0,Nov,2,2,3,3,Returning_Visitor,False,False
0,2.18,0,0.23,13,1035.82,0.0,0.03,0.01,0.0,May,2,7,1,2,Returning_Visitor,False,False
3,109.2,0,0.0,46,663.28,0.01,0.03,0.01,0.0,Oct,1,1,1,3,Returning_Visitor,False,False
0,0.0,1,54.73,10,650.79,0.02,0.04,0.0,0.0,May,2,2,2,4,Returning_Visitor,False,False
4,99.29,0,0.43,59,4200.6,0.02,0.02,12.35,0.8,May,2,2,1,3,Returning_Visitor,False,False
0,1.48,0,0.0,26,1498.98,0.02,0.03,0.0,0.0,Mar,3,2,2,3,Returning_Visitor,True,False
2,105.0,0,0.0,16,403.49,0.0,0.05,0.0,0.6,May,1,8,3,11,Returning_Visitor,False,False
3,342.75,0,0.0,13,653.12,0.0,0.04,0.0,0.0,Nov,2,2,7,2,Returning_Visitor,False,False
1,11.5,1,94.0,98,6212.78,0.02,0.03,0.14,0.01,Nov,3,2,4,10,Returning_Visitor,True,False
1,26.2,0,0.0,32,1427.68,0.0,0.02,12.31,0.0,Sep,2,4,3,4,Returning_Visitor,False,True
0,2.2,0,0.0,2,0.0,0.2,0.2,0.0,0.0,May,1,1,7,3,Returning_Visitor,False,False
0,0.0,0,0.0,13,200.0,0.03,0.05,0.0,0.8,May,2,2,1,4,Returning_Visitor,False,False
0,0.0,0,0.12,46,436.1,0.04,0.07,0.0,0.0,June,1,1,4,3,Returning_Visitor,False,False
0,1.51,0,0.54,40,162.05,0.01,0.08,0.0,0.0,May,2,2,2,13,Returning_Visitor,False,False
0,2.15,0,0.0,179,4898.24,0.01,0.04,0.0,0.1,May,2,2,8,4,Returning_Visitor,False,False
0,0.0,0,0.0,1,0.0,0.13,0.2,0.03,0.0,May,3,3,1,1,Returning_Visitor,False,False
0,1.6,0,0.0,7,13.2,0.17,0.14,0.0,0.0,Nov,1,1,1,10,Returning_Visitor,False,False
2,292.2,0,0.0,38,1391.38,0.0,0.02,18.85,0.0,Oct,3,2,1,2,Returning_Visitor,False,True
0,0.0,0,0.0,3,0.0,0.13,0.2,0.0,0.6,May,2,2,6,3,Returning_Visitor,False,False
0,0.0,0,0.0,14,174.81,0.0,0.07,0.0,0.0,Mar,1,1,9,1,Returning_Visitor,False,False
3,55.38,0,0.0,46,2008.81,0.01,0.01,0.0,0.29,May,2,2,4,3,Returning_Visitor,False,False
1,10.5,3,105.29,127,10044.76,0.01,0.02,0.0,0.0,Dec,2,2,1,2,Returning_Visitor,False,False
0,106.3,0,0.0,53,1618.2,0.02,0.05,0.14,0.0,Oct,1,8,3,1,Returning_Visitor,True,False
0,0.0,1,0.0,35,1742.88,0.01,0.04,0.0,0.0,May,2,2,1,4,Returning_Visitor,False,False
4,104.93,0,0.13,10,182.17,0.0,0.02,0.0,0.01,May,3,2,1,13,Returning_Visitor,False,False
15,370.27,6,689.83,96,2964.59,0.0,0.01,10.99,0.0,May,1,1,3,2,Returning_Visitor,False,True
3,221.5,5,79.84,28,1365.22,0.0,0.01,0.0,0.0,Mar,2,2,3,2,Returning_Visitor,False,False
10,227.23,0,0.0,44,1504.18,0.01,0.03,0.0,0.0,Nov,3,2,3,3,Returning_Visitor,True,False
0,2.65,0,0.0,13,214.25,0.09,0.1,0.0,0.8,May,3,2,3,13,Returning_Visitor,False,False
0,3.28,0,0.0,15,168.85,0.0,0.01,0.0,0.61,Feb,1,1,1,3,Returning_Visitor,False,False
0,2.58,0,0.0,2,0.0,0.11,0.14,0.0,0.0,Nov,1,1,1,2,New_Visitor,False,False
3,15.0,0,0.0,11,246.0,0.02,0.05,0.0,0.0,Mar,2,2,6,8,Returning_Visitor,False,False
0,0.0,0,0.0,5,1306.0,0.13,0.14,0.0,0.0,Mar,2,2,5,1,Returning_Visitor,False,False
0,0.0,0,0.0,7,262.38,0.01,0.03,0.2,0.0,May,1,1,1,6,Returning_Visitor,False,False
0,1.74,0,0.0,17,1503.21,0.0,0.04,0.0,0.0,May,2,4,4,3,Returning_Visitor,False,False
2,90.0,0,0.42,19,921.6,0.02,0.03,55.47,0.0,Nov,3,2,3,8,Returning_Visitor,False,True
8,101.39,0,0.0,83,1505.13,0.0,0.0,32.12,0.0,May,4,1,3,2,New_Visitor,True,True
11,321.6,0,0.0,46,1559.3,0.0,0.01,0.0,0.0,May,3,2,2,13,Returning_Visitor,False,False
0,2.06,0,0.0,13,277.95,0.02,0.09,0.01,0.0,Mar,4,1,4,1,Returning_Visitor,False,False
0,0.0,0,0.0,5,89.87,0.04,0.06,0.0,0.0,Jul,3,2,6,4,Returning_Visitor,False,False
3,88.6,0,0.0,46,421.6,0.01,0.01,0.21,0.0,Aug,3,2,1,4,Returning_Visitor,True,False
3,96.07,0,0.0,20,758.75,0.0,0.02,38.27,0.0,Nov,2,2,1,3,Returning_Visitor,False,True
5,79.0,1,12.0,54,1603.33,0.0,0.03,0.0,0.4,May,2,2,8,4,Returning_Visitor,False,False
0,0.0,0,0.0,4,228.5,0.03,0.03,0.0,0.6,May,2,2,6,1,Returning_Visitor,False,False
0,0.0,0,0.0,11,170.18,0.02,0.04,0.05,0.0,Nov,1,1,1,10,Returning_Visitor,False,False
0,0.0,0,0.3,3,16.0,0.13,0.13,0.0,0.0,Dec,2,4,3,3,Returning_Visitor,False,False
3,14.16,0,0.0,29,672.12,0.0,0.01,22.82,0.0,Nov,2,2,1,8,New_Visitor,True,True
1,104.24,0,0.18,17,1340.58,0.05,0.07,0.0,0.0,Nov,3,2,1,3,Returning_Visitor,False,True
1,3.0,2,587.09,6,66.83,0.0,0.01,0.0,0.0,Mar,2,4,1,8,Returning_Visitor,True,False
1,15.0,2,4.0,46,6740.56,0.01,0.03,12.26,0.0,Nov,2,2,1,1,Returning_Visitor,False,True
0,0.0,0,0.45,6,146.58,0.0,0.02,0.0,0.0,Nov,2,2,7,13,Returning_Visitor,False,False
2,20.0,0,1.28,21,992.19,0.0,0.02,0.0,0.6,Dec,4,1,1,2,Returning_Visitor,False,False
11,455.07,3,306.1,41,5194.86,0.0,0.01,12.25,0.0,Oct,2,4,1,20,Returning_Visitor,False,False
0,28.93,0,0.15,44,2835.42,0.01,0.03,0.59,0.0,Mar,2,2,4,1,Returning_Visitor,False,False
0,0.0,0,0.0,1,7.31,0.12,0.14,0.0,0.0,Dec,2,6,2,2,Returning_Visitor,False,False
3,86.2,0,0.73,47,3003.42,0.01,0.02,4.38,0.0,May,1,1,1,4,Returning_Visitor,False,False
3,166.92,7,311.27,227,7952.49,0.0,0.02,8.92,0.0,Nov,2,2,1,2,Returning_Visitor,False,True
0,0.0,0,0.18,1,0.0,0.2,0.2,0.01,0.0,Mar,3,2,3,1,Returning_Visitor,False,False
0,0.0,0,0.32,7,360.75,0.0,0.03,0.0,0.0,Mar,1,1,1,1,New_Visitor,True,False
12,187.77,0,0.0,46,1455.01,0.0,0.04,0.13,0.0,Jul,2,5,3,3,Returning_Visitor,True,False
0,0.0,0,0.51,19,571.9,0.01,0.04,0.0,0.47,May,1,1,1,2,Returning_Visitor,True,False
0,1.47,0,0.08,17,465.67,0.0,0.01,0.06,0.01,May,3,2,1,4,Returning_Visitor,False,False
0,2.2,0,0.0,46,1014.38,0.01,0.03,0.17,0.0,Dec,2,2,3,2,Returning_Visitor,True,False
0,0.0,0,0.0,19,1195.76,0.02,0.05,0.0,0.0,Mar,2,2,5,1,Returning_Visitor,True,False
1,284.0,0,0.0,18,2014.42,0.0,0.03,8.54,0.0,Nov,1,1,3,2,New_Visitor,False,False
0,1.64,0,0.11,1,0.0,0.2,0.2,0.0,0.0,Dec,2,2,6,1,Returning_Visitor,False,False
15,937.17,3,357.0,109,1264.71,0.0,0.01,12.26,0.0,Mar,1,2,1,2,Returning_Visitor,False,False
0,1.48,0,0.44,39,1503.74,0.0,0.01,0.0,0.0,Nov,2,2,1,2,New_Visitor,False,False
0,0.0,1,35.5,130,3313.46,0.0,0.03,0.0,0.0,Nov,2,2,1,2,Returning_Visitor,True,False
4,504.3,0,0.0,3,1504.26,0.01,0.05,0.0,0.0,Nov,3,2,3,3,Returning_Visitor,False,False
0,79.98,1,29.53,47,2101.69,0.01,0.05,0.0,0.0,Mar,3,3,4,1,Returning_Visitor,True,False
0,58.55,1,322.4,27,1747.7,0.01,0.05,2.14,0.06,Oct,2,4,1,1,Returning_Visitor,False,False
0,0.0,0,18.77,16,407.75,0.02,0.03,0.0,0.4,Feb,1,1,4,3,Returning_Visitor,False,False
3,132.5,0,0.0,36,1498.36,0.0,0.01,0.82,0.0,Mar,3,3,2,8,Returning_Visitor,True,False
0,0.0,1,24.5,46,1031.13,0.0,0.03,0.0,0.0,Nov,2,2,3,2,Returning_Visitor,True,False
0,0.0,0,0.12,5,108.0,0.0,0.04,0.0,0.0,Dec,2,2,1,2,New_Visitor,False,False
0,0.0,0,0.0,46,580.08,0.0,0.02,0.0,0.0,Nov,2,2,3,11,Returning_Visitor,True,False
2,58.5,0,0.0,28,968.67,0.01,0.03,14.03,0.0,Nov,2,2,1,2,Returning_Visitor,False,True
0,0.0,0,0.0,7,1486.66,0.01,0.01,0.0,0.0,Dec,3,2,1,11,New_Visitor,False,False
0,0.0,0,0.0,57,2163.96,0.04,0.06,0.0,0.0,Jul,2,2,1,3,Returning_Visitor,False,False
0,1.49,0,0.0,4,213.5,0.01,0.1,0.0,0.0,Dec,2,10,2,1,Returning_Visitor,False,False
0,0.0,0,0.11,38,1359.0,0.02,0.04,0.0,0.0,Jul,2,2,6,20,Returning_Visitor,False,False
8,146.6,0,18.2,198,8006.7,0.0,0.02,0.0,0.0,Jul,2,2,1,1,Returning_Visitor,False,False
0,0.0,0,0.17,3,0.0,0.13,0.2,0.01,0.0,May,2,2,3,3,Returning_Visitor,False,False
3,163.0,0,0.0,5,25.0,0.0,0.04,0.04,0.0,Oct,2,2,2,20,New_Visitor,True,False
0,0.0,0,0.81,1,0.0,0.2,0.14,0.0,0.0,Nov,1,1,4,2,Returning_Visitor,False,False
0,0.0,0,0.0,1,0.0,0.2,0.2,0.0,0.0,Nov,2,2,1,1,Returning_Visitor,False,False
0,5.17,0,0.0,13,303.4,0.0,0.02,239.98,0.08,May,2,2,5,2,Returning_Visitor,False,True
0,0.0,0,2.58,8,642.0,0.0,0.03,109.12,0.0,Dec,2,2,3,2,New_Visitor,False,True
5,93.8,0,3.63,45,1505.76,0.01,0.01,20.28,0.0,Nov,2,4,2,2,New_Visitor,False,True
0,1.75,0,0.0,27,799.38,0.01,0.03,0.0,0.0,Dec,3,2,2,1,Returning_Visitor,True,False
0,2.57,0,0.22,2,47.4,0.0,0.07,0.13,0.0,Oct,3,2,7,2,Returning_Visitor,False,True
3,118.8,0,0.0,8,259.2,0.0,0.01,0.07,0.0,Sep,2,2,4,2,New_Visitor,False,False
4,51.02,0,0.0,133,3068.92,0.0,0.01,11.35,0.0,Nov,2,2,1,3,Returning_Visitor,False,False
3,0.0,0,0.0,9,125.0,0.0,0.02,0.0,0.0,Mar,2,2,3,1,Returning_Visitor,False,False
1,131.5,1,19.0,62,1444.4,0.0,0.1,83.97,0.0,Nov,2,2,1,2,New_Visitor,False,True
0,0.0,0,0.04,26,938.58,0.01,0.02,0.0,0.0,Dec,2,2,6,1,Returning_Visitor,False,False
2,104.0,0,0.0,6,326.0,0.0,0.01,0.03,0.0,Dec,1,1,1,2,New_Visitor,False,True
5,329.53,2,129.0,47,4516.59,0.0,0.02,8.05,0.0,May,2,2,1,2,Returning_Visitor,False,False
0,1.49,0,0.0,6,147.26,0.0,0.05,0.01,0.0,Mar,2,2,7,2,Returning_Visitor,False,False
9,726.37,0,0.0,80,4322.78,0.0,0.02,12.23,0.0,May,2,2,2,2,Returning_Visitor,False,True
7,86.28,1,21.0,47,2170.29,0.0,0.04,25.77,0.0,Nov,3,2,1,10,Returning_Visitor,True,True
0,0.0,0,0.0,12,1013.91,0.0,0.05,0.0,0.01,May,2,4,3,2,Returning_Visitor,False,False
0,0.0,0,0.0,4,54.0,0.0,0.05,0.07,0.0,Dec,1,1,2,2,Returning_Visitor,False,False
5,548.31,4,448.5,102,5703.48,0.0,0.01,0.0,0.0,May,2,2,1,4,Returning_Visitor,True,False
2,95.0,0,0.0,10,445.0,0.02,0.03,0.0,0.0,Mar,2,2,4,2,New_Visitor,True,False
1,18.0,1,16.0,33,504.0,0.01,0.03,0.0,0.0,May,2,4,1,4,Returning_Visitor,False,False
3,51.8,0,0.0,46,864.01,0.0,0.01,13.52,0.0,Nov,2,4,1,1,Returning_Visitor,False,False
1,1.64,0,0.0,8,110.0,0.13,0.1,0.68,0.0,Nov,3,2,1,2,Returning_Visitor,False,True
0,0.0,2,40.0,12,306.33,0.03,0.08,0.38,0.8,Mar,2,6,1,13,Returning_Visitor,False,False
11,279.25,2,1652.0,43,1502.18,0.02,0.02,18.08,0.0,Dec,3,2,2,2,Returning_Visitor,False,True
7,91.0,0,1.7,23,297.12,0.0,0.01,0.0,0.0,Nov,2,2,6,2,New_Visitor,False,False
3,35.3,0,0.0,54,1092.71,0.0,0.01,28.34,0.0,Mar,2,2,1,6,Returning_Visitor,False,True
0,0.0,0,0.0,2,162.0,0.0,0.05,0.03,0.0,May,2,2,1,4,Returning_Visitor,False,False
0,1.57,0,3.0,46,1002.1,0.0,0.01,6.05,0.0,Nov,2,2,4,2,Returning_Visitor,False,False
0,0.0,0,0.0,10,267.25,0.0,0.01,0.0,0.0,Dec,2,4,7,2,New_Visitor,True,False
0,8.84,0,0.0,22,473.5,0.0,0.02,0.0,0.6,May,2,7,3,6,Returning_Visitor,False,False
0,2.32,0,0.99,15,269.4,0.0,0.06,0.0,0.0,Aug,2,2,3,1,Returning_Visitor,False,False
0,0.0,0,1.15,20,600.4,0.03,0.04,0.0,0.0,Aug,3,2,2,13,Returning_Visitor,True,False
0,0.0,1,9.0,46,1512.75,0.0,0.03,0.19,0.0,Nov,2,2,7,2,Returning_Visitor,False,True
0,0.0,0,0.0,14,414.04,0.0,0.04,0.0,0.0,Mar,4,1,1,3,Returning_Visitor,False,False
11,192.43,2,53.4,45,1372.88,0.0,0.01,0.0,0.0,Mar,4,1,1,3,New_Visitor,True,False
0,0.0,0,0.0,103,1934.99,0.03,0.05,0.01,0.8,May,3,2,1,13,Returning_Visitor,False,False
3,18.2,1,9.0,47,1499.27,0.02,0.06,0.0,0.0,Dec,2,2,6,3,Returning_Visitor,False,False
0,0.0,0,0.22,4,44.51,0.2,0.2,0.0,0.0,Dec,2,2,3,1,Returning_Visitor,False,False
0,6.8,0,0.0,46,1281.4,0.0,0.02,47.99,0.0,Nov,4,2,6,2,New_Visitor,False,True
5,107.67,10,505.17,281,3658.4,0.01,0.03,0.0,0.0,Dec,2,2,1,2,Returning_Visitor,False,False
12,271.3,1,75.1,40,1504.35,0.02,0.02,10.07,0.0,May,3,2,2,2,Returning_Visitor,False,False
2,2.0,3,261.0,39,281.0,0.0,0.02,0.0,0.0,Mar,2,2,1,2,Returning_Visitor,False,False
10,286.93,0,0.0,64,7609.82,0.0,0.02,0.0,0.0,Dec,2,2,3,1,Returning_Visitor,False,False
0,9.15,0,0.21,8,138.38,0.0,0.03,0.01,0.0,Dec,2,2,1,2,New_Visitor,False,False
0,0.0,0,0.0,46,1189.33,0.0,0.03,0.0,0.0,May,2,2,2,4,Returning_Visitor,False,False
1,46.4,0,0.0,2,689.1,0.0,0.02,0.0,0.03,Aug,1,1,1,5,New_Visitor,False,True
3,122.5,0,0.0,66,1706.71,0.0,0.01,0.0,0.0,May,2,2,1,4,Returning_Visitor,False,False
3,243.0,3,106.0,22,347.73,0.03,0.04,31.18,0.0,May,1,2,1,1,Returning_Visitor,False,False
0,1.49,0,0.1,1,7.21,0.2,0.2,0.0,0.0,Dec,2,2,1,1,Returning_Visitor,False,False
0,1.51,0,0.0,1,0.0,0.2,0.2,0.0,0.0,May,1,1,1,3,Returning_Visitor,False,False
1,21.97,2,47.67,34,1500.1,0.0,0.01,0.0,0.0,Mar,2,2,1,2,Returning_Visitor,False,False
0,1.58,0,1.96,2,8.0,0.0,0.1,0.0,0.0,Mar,2,4,2,1,Returning_Visitor,False,False
0,0.0,0,2.03,75,1289.25,0.01,0.02,11.83,0.52,May,2,2,1,4,Returning_Visitor,False,True
0,1.5,0,0.21,7,149.82,0.03,0.04,0.26,0.0,May,1,2,1,4,Returning_Visitor,True,False
0,0.0,0,0.0,46,986.66,0.05,0.06,0.0,0.0,Nov,3,2,4,1,Returning_Visitor,False,False
1,103.91,0,0.0,13,417.75,0.0,0.01,0.0,0.0,Dec,2,2,1,2,New_Visitor,False,False
0,0.0,0,0.0,11,234.1,0.0,0.02,0.0,0.0,Dec,3,2,1,3,Returning_Visitor,False,False
1,24.18,0,0.27,79,1608.21,0.0,0.01,0.0,0.0,Nov,1,1,3,3,Returning_Visitor,False,False
7,151.66,0,0.0,40,1504.57,0.0,0.01,61.45,0.01,Dec,2,2,3,2,Returning_Visitor,False,True
0,1.61,0,0.0,6,62.0,0.0,0.07,0.0,0.0,Mar,2,2,1,1,Returning_Visitor,False,False
0,0.0,0,0.0,1,0.0,0.2,0.2,0.0,0.0,Oct,1,1,4,1,Returning_Visitor,True,False
0,0.0,0,0.0,9,1407.63,0.0,0.03,11.09,0.0,Nov,2,2,7,2,Returning_Visitor,False,False
5,12.79,0,5.52,23,1504.67,0.0,0.02,0.0,0.0,Mar,2,4,1,3,Returning_Visitor,True,False
3,106.63,0,0.54,46,1979.3,0.0,0.02,19.73,0.0,Nov,2,2,2,2,Returning_Visitor,True,True
0,0.0,0,0.0,13,685.0,0.0,0.02,0.0,0.0,Mar,2,2,7,1,Returning_Visitor,False,False
1,3.56,0,0.0,3,58.6,0.0,0.05,113.32,0.0,Oct,2,2,9,2,Returning_Visitor,True,True
0,0.0,0,0.09,24,597.83,0.01,0.02,0.0,0.4,May,2,2,2,1,Returning_Visitor,False,False
0,1.5,0,0.0,39,1208.33,0.0,0.01,0.0,0.0,Nov,1,1,4,3,Returning_Visitor,True,False
3,77.33,2,5.02,46,1051.29,0.01,0.03,0.0,0.0,Dec,8,13,9,20,Returning_Visitor,False,False
1,88.7,0,0.0,34,620.13,0.05,0.14,0.0,0.37,Dec,3,2,1,13,Returning_Visitor,False,False
0,0.0,0,0.0,7,99.7,0.0,0.01,0.0,0.2,May,1,1,1,1,Returning_Visitor,False,False
0,0.0,0,0.0,7,55.0,0.06,0.14,0.0,0.0,Mar,2,2,1,1,Returning_Visitor,False,False
0,0.0,0,0.09,2,10.4,0.2,0.2,0.02,0.0,May,1,1,3,3,Returning_Visitor,False,False
4,23.53,0,0.0,10,387.48,0.01,0.07,0.0,0.0,June,2,2,3,3,Returning_Visitor,True,False
0,102.91,1,0.0,36,1297.25,0.03,0.06,0.0,0.0,Dec,1,8,3,1,Returning_Visitor,True,False
9,269.8,0,7.05,112,1514.01,0.0,0.0,35.89,0.2,May,2,5,4,4,Returning_Visitor,False,True
9,31.0,0,78.99,58,1495.84,0.0,0.01,0.0,0.0,Mar,2,2,1,1,Returning_Visitor,False,False
9,250.08,2,277.82,155,4643.28,0.0,0.01,10.12,0.0,Nov,2,2,1,2,Returning_Visitor,False,True
3,34.83,0,0.21,30,709.83,0.03,0.05,0.0,0.0,Mar,1,1,2,1,Returning_Visitor,True,False
0,0.0,0,0.38,4,117.5,0.05,0.05,0.0,0.58,May,2,2,3,4,Returning_Visitor,False,False
0,1.78,0,0.0,2,158.54,0.0,0.14,0.0,0.0,May,2,2,5,1,Returning_Visitor,False,False
1,33.23,0,0.18,23,1502.82,0.01,0.04,0.0,0.0,Dec,2,2,3,2,Returning_Visitor,False,False
0,0.0,0,0.0,13,371.0,0.0,0.01,0.0,0.0,Nov,2,2,1,13,Returning_Visitor,False,False
3,430.83,1,262.0,49,2338.57,0.02,0.04,9.61,0.6,May,3,2,4,2,Returning_Visitor,False,True
1,17.0,0,1.6,12,321.83,0.02,0.04,0.1,0.4,May,2,2,5,1,Returning_Visitor,False,False
3,67.0,0,0.0,5,141.2,0.0,0.01,0.07,0.0,Dec,3,2,7,1,New_Visitor,False,False
1,5.51,0,2.89,50,1317.8,0.01,0.02,0.0,0.0,Nov,3,2,4,1,Returning_Visitor,True,False
0,10.74,0,0.25,9,125.27,0.04,0.1,0.0,0.0,Oct,2,2,3,4,Returning_Visitor,True,False
0,0.0,0,0.0,6,191.0,0.0,0.04,0.05,0.0,May,2,4,3,2,Returning_Visitor,False,False
1,3.0,0,0.0,13,1767.4,0.01,0.03,0.0,0.0,Nov,3,2,4,3,Returning_Visitor,False,False
11,150.0,0,0.0,24,304.52,0.0,0.02,0.0,0.0,May,1,1,3,2,Returning_Visitor,True,False
0,0.0,0,0.06,46,1116.47,0.03,0.03,0.0,0.0,Dec,3,2,6,1,Returning_Visitor,False,False
0,0.0,0,0.4,1,0.0,0.2,0.2,0.0,0.0,Dec,1,1,4,1,Returning_Visitor,True,False
0,0.0,0,0.0,50,1449.51,0.01,0.01,61.72,0.0,Nov,2,10,1,2,New_Visitor,False,True
15,275.91,6,95.71,53,1172.8,0.0,0.02,12.31,0.04,Dec,2,2,4,6,Returning_Visitor,True,False
3,102.97,0,0.0,46,798.3,0.0,0.01,0.0,0.0,Nov,1,1,1,3,Returning_Visitor,False,False
0,0.0,0,0.0,19,421.0,0.0,0.02,0.0,0.0,May,2,2,6,3,Returning_Visitor,False,False
0,0.0,0,0.0,3,0.0,0.2,0.14,0.0,0.0,Oct,2,2,1,1,Returning_Visitor,True,False
1,19.01,0,0.0,13,1502.87,0.0,0.03,42.42,0.01,Dec,2,2,1,10,Returning_Visitor,False,True
7,80.04,0,0.0,36,2111.34,0.03,0.06,11.44,0.0,Feb,2,6,1,2,Returning_Visitor,False,True
1,1.65,0,0.0,9,411.63,0.0,0.03,54.92,0.0,Mar,1,1,2,1,Returning_Visitor,True,True
0,0.0,0,0.0,8,145.86,0.0,0.1,0.0,0.0,Mar,2,2,3,2,Returning_Visitor,False,False
0,0.0,0,0.0,8,148.63,0.01,0.05,0.04,0.0,Dec,2,4,7,1,Returning_Visitor,False,False
2,42.75,0,0.0,31,1488.26,0.03,0.05,7.41,0.0,Dec,2,4,6,1,Returning_Visitor,False,False
3,94.51,0,0.0,16,418.97,0.01,0.02,0.0,0.0,Sep,2,4,2,5,New_Visitor,False,False
3,36.25,1,10.0,46,1496.36,0.02,0.03,23.87,0.0,May,3,2,3,1,Returning_Visitor,False,False
0,0.0,0,0.0,46,584.31,0.0,0.01,0.01,0.0,Dec,2,2,3,1,Returning_Visitor,False,False
0,0.0,0,0.0,4,145.65,0.0,0.05,0.0,0.0,May,2,4,3,1,Returning_Visitor,False,False
0,1.99,0,0.0,1,0.0,0.2,0.2,0.0,0.0,Mar,2,2,4,1,Returning_Visitor,False,False
0,3.35,0,0.0,5,135.75,0.04,0.05,0.0,0.0,Dec,2,2,3,2,New_Visitor,False,False
0,0.0,0,0.0,2,205.0,0.0,0.05,0.0,0.0,May,3,2,1,4,Returning_Visitor,False,False
3,19.0,0,0.0,8,344.0,0.0,0.02,0.05,0.0,Feb,2,4,2,3,Returning_Visitor,False,False
0,0.0,0,0.0,22,1500.51,0.0,0.01,0.0,0.0,May,2,4,1,1,Returning_Visitor,False,False
0,0.0,0,0.0,27,1166.68,0.01,0.03,0.0,0.0,Nov,3,2,7,10,Returning_Visitor,False,False
0,3.45,0,0.0,1,0.0,0.13,0.2,0.0,0.0,Dec,1,1,3,1,New_Visitor,True,False
0,0.0,0,0.0,13,389.17,0.0,0.02,0.0,0.0,Nov,3,2,1,2,Returning_Visitor,True,True
4,35.5,0,0.0,7,9.5,0.0,0.02,0.0,0.0,Dec,2,2,1,2,New_Visitor,False,False
6,316.0,0,0.23,69,1618.53,0.01,0.03,0.01,0.0,Nov,2,5,1,1,Returning_Visitor,False,False
11,247.33,2,369.0,46,7221.0,0.0,0.0,13.46,0.0,Mar,2,2,3,8,Returning_Visitor,False,True
0,0.0,0,0.0,7,39.25,0.03,0.03,0.1,0.0,Mar,2,2,1,2,Returning_Visitor,False,False
0,0.0,0,0.78,16,74.5,0.02,0.1,0.0,0.0,Dec,2,2,2,3,New_Visitor,False,False
3,109.0,1,125.0,6,34.0,0.0,0.01,0.0,0.0,May,3,2,1,4,Returning_Visitor,False,False
3,104.13,0,0.13,12,311.61,0.05,0.05,0.0,0.0,Oct,3,2,2,3,Returning_Visitor,False,False
3,30.5,0,0.0,23,422.73,0.01,0.01,0.0,0.13,May,2,2,1,4,Returning_Visitor,False,False
0,0.0,0,0.0,13,192.44,0.0,0.02,0.01,0.0,Mar,3,2,4,13,Returning_Visitor,False,False
0,0.0,0,0.09,41,542.39,0.01,0.05,0.08,0.0,Nov,1,1,6,2,Returning_Visitor,False,False
3,52.0,0,0.0,60,3451.75,0.01,0.01,0.0,0.0,Mar,3,2,3,1,Returning_Visitor,True,False
2,175.2,0,0.0,60,1635.47,0.01,0.01,0.04,0.0,Nov,2,5,7,3,Returning_Visitor,False,False
0,0.0,0,0.08,2,19.79,0.2,0.2,0.0,0.0,June,3,2,3,13,Returning_Visitor,False,False
0,0.0,0,0.22,6,274.05,0.07,0.12,0.0,0.0,Nov,2,10,4,3,Returning_Visitor,False,False
2,1145.25,3,91.3,46,2756.19,0.0,0.02,0.0,0.0,Nov,3,2,1,2,Returning_Visitor,True,False
3,254.25,3,223.15,221,6606.73,0.01,0.02,4.08,0.0,Oct,4,1,4,1,Returning_Visitor,False,True
0,1.94,0,0.0,2,0.0,0.2,0.2,0.0,0.0,Dec,1,1,1,1,Returning_Visitor,True,False
0,0.0,0,0.0,27,929.58,0.02,0.03,0.0,0.0,Nov,3,2,4,13,Returning_Visitor,False,False
1,0.0,0,0.23,8,192.17,0.0,0.02,0.0,0.0,Mar,1,1,6,9,Returning_Visitor,True,False
3,53.0,0,0.0,63,2461.25,0.0,0.01,0.0,0.0,May,2,2,9,3,New_Visitor,False,False
8,178.17,1,17.0,52,6479.22,0.0,0.02,12.04,0.0,May,4,1,2,2,Returning_Visitor,False,False
3,561.0,0,0.0,29,1816.43,0.01,0.02,0.06,0.0,May,3,2,5,13,Returning_Visitor,False,False
0,0.0,0,0.0,37,698.54,0.0,0.04,0.01,0.0,Nov,2,2,1,11,Returning_Visitor,False,False
0,0.0,0,0.0,7,145.24,0.0,0.02,0.0,0.0,Mar,2,2,1,1,Returning_Visitor,False,False
1,0.0,0,0.0,3,321.5,0.13,0.1,0.0,0.0,Mar,3,2,2,1,Returning_Visitor,False,False
8,224.0,0,1.0,30,157.83,0.0,0.01,0.0,0.0,May,3,2,1,5,New_Visitor,False,False
1,37.0,0,0.7,12,427.56,0.0,0.02,24.82,0.0,Mar,2,2,6,8,New_Visitor,False,True
0,0.0,0,0.0,4,34.0,0.1,0.12,0.0,0.0,Mar,3,2,3,3,Returning_Visitor,False,False
3,26.5,0,0.0,0,0.0,0.03,0.1,0.0,0.0,Dec,2,1,3,8,New_Visitor,False,False
16,770.6,0,0.0,52,1479.1,0.01,0.02,0.03,0.0,May,1,2,1,2,Returning_Visitor,False,False
1,11.0,0,0.71,8,98.57,0.07,0.1,0.18,0.0,Sep,1,8,3,1,Returning_Visitor,True,False
3,134.0,0,0.0,6,77.33,0.0,0.02,0.05,0.0,Mar,1,1,1,2,Returning_Visitor,False,False
0,0.0,0,0.0,3,35.4,0.0,0.07,0.13,0.0,Nov,1,1,1,1,Returning_Visitor,False,False
2,120.0,0,0.05,8,588.17,0.0,0.01,0.0,0.0,Mar,1,1,1,2,Returning_Visitor,False,False
0,0.0,0,0.0,13,351.75,0.01,0.02,0.0,0.0,May,3,2,7,4,Returning_Visitor,False,False
0,0.0,0,1.26,1,0.0,0.13,0.14,1.09,0.0,Nov,2,10,3,2,Returning_Visitor,False,False
3,27.5,0,0.36,44,1026.45,0.0,0.04,0.0,0.0,Dec,2,2,9,3,Returning_Visitor,False,False
0,1.73,0,0.16,14,1503.91,0.0,0.0,59.44,0.0,Oct,3,2,1,2,New_Visitor,False,True
13,340.59,0,12.68,43,1443.81,0.0,0.01,40.01,0.0,Nov,2,2,4,1,Returning_Visitor,False,True
0,4.65,0,0.38,32,1109.08,0.0,0.02,0.0,0.0,Dec,2,2,1,2,Returning_Visitor,True,False
0,0.0,0,0.0,40,1128.19,0.05,0.11,0.02,1.0,May,2,2,1,3,Returning_Visitor,True,False
0,0.0,0,0.0,12,100.0,0.0,0.03,0.04,0.0,Mar,2,2,4,2,Returning_Visitor,False,False
12,171.29,2,55.5,227,7443.41,0.0,0.01,0.14,0.0,Nov,2,2,1,1,Returning_Visitor,False,False
3,78.6,0,0.0,2,151.21,0.0,0.02,0.0,0.0,Nov,2,2,1,2,New_Visitor,False,True
3,29.44,0,0.83,4,15.24,0.0,0.03,0.0,0.0,Sep,2,2,8,2,Returning_Visitor,False,True
0,0.0,1,91.2,24,1017.78,0.05,0.05,0.03,0.0,Nov,2,2,9,2,Returning_Visitor,True,False
0,0.0,0,0.0,1,0.0,0.2,0.2,0.0,0.0,Nov,2,2,1,13,Returning_Visitor,False,False
9,178.5,0,0.0,10,1467.23,0.01,0.02,0.02,0.0,Nov,2,5,1,11,Returning_Visitor,False,False
1,47.5,0,0.0,123,3944.39,0.01,0.02,12.24,0.0,Nov,2,2,1,2,Returning_Visitor,False,False
0,0.0,0,0.0,13,146.73,0.02,0.05,0.0,0.0,May,1,1,3,4,Returning_Visitor,False,False
4,131.0,1,0.0,39,1752.94,0.02,0.03,0.0,0.1,May,1,1,3,4,Returning_Visitor,False,False
1,76.0,0,0.2,19,1263.33,0.0,0.02,60.34,0.02,May,2,2,1,3,Returning_Visitor,False,True
0,3.96,0,0.43,46,892.97,0.0,0.02,0.0,0.0,Dec,2,2,3,2,Returning_Visitor,True,False
6,175.0,0,0.44,6,262.0,0.0,0.02,0.0,0.0,May,1,1,4,2,Returning_Visitor,True,False
0,2.04,0,0.0,13,579.35,0.03,0.05,0.0,0.0,Dec,2,2,1,13,Returning_Visitor,False,False
0,1.47,0,0.0,46,1503.76,0.0,0.0,0.0,0.0,Nov,2,2,3,2,New_Visitor,False,False
0,0.0,0,0.0,19,1503.92,0.0,0.0,0.08,0.0,Aug,1,1,1,2,Returning_Visitor,False,False
0,0.0,0,0.0,46,831.61,0.0,0.06,0.0,0.0,May,2,2,2,2,Returning_Visitor,False,False
3,174.0,0,0.75,13,146.91,0.01,0.07,0.0,0.02,May,1,1,3,4,Returning_Visitor,False,False
1,140.49,0,0.0,114,1403.72,0.0,0.01,255.57,0.0,Nov,2,5,1,8,Returning_Visitor,False,True
0,0.0,0,0.42,20,1245.58,0.0,0.01,0.04,0.0,Nov,3,2,1,3,Returning_Visitor,False,False
0,0.0,0,0.0,16,856.33,0.03,0.04,0.33,0.0,May,3,2,2,4,Returning_Visitor,True,False
2,105.07,0,0.24,6,108.92,0.0,0.03,0.0,0.0,Dec,1,1,3,2,New_Visitor,True,False
0,2.06,1,0.0,47,1576.0,0.0,0.02,12.08,0.0,Nov,1,2,4,2,Returning_Visitor,False,False
3,74.0,0,0.0,14,584.33,0.0,0.0,0.0,0.0,May,2,2,3,4,New_Visitor,False,False
6,545.0,4,83.46,53,2797.21,0.0,0.02,12.32,0.0,Dec,3,2,1,2,Returning_Visitor,True,False
0,4.43,0,0.09,7,126.0,0.0,0.06,0.02,0.0,Mar,2,5,2,10,Returning_Visitor,False,False
9,14.24,1,10.67,75,2755.34,0.0,0.01,12.08,0.0,May,4,2,6,13,Returning_Visitor,True,False
3,90.67,0,0.0,14,1957.5,0.0,0.01,105.26,0.0,Dec,1,1,3,10,New_Visitor,False,True
3,2.64,0,212.8,188,5996.39,0.03,0.03,11.11,0.0,Nov,2,7,2,2,Returning_Visitor,False,False
1,59.58,0,1.06,32,1455.66,0.0,0.01,10.8,0.0,Mar,2,4,1,2,Returning_Visitor,True,False
1,100.67,2,120.8,7,1441.88,0.0,0.01,0.0,0.0,Nov,3,2,4,2,New_Visitor,True,False
0,0.0,0,0.0,43,1503.74,0.0,0.01,0.0,0.0,Mar,2,2,1,2,Returning_Visitor,False,False
3,207.9,0,0.0,8,97.0,0.0,0.03,0.0,0.0,Nov,1,2,3,2,Returning_Visitor,False,True
0,0.0,0,0.0,1,0.0,0.13,0.14,0.0,0.0,May,3,2,9,3,Returning_Visitor,False,False
0,0.0,0,0.0,6,226.0,0.0,0.04,0.0,0.0,Mar,2,2,1,2,Returning_Visitor,False,False
0,0.0,0,5.4,23,1485.15,0.0,0.01,0.0,0.0,Mar,2,2,2,2,New_Visitor,False,False
2,29.5,0,0.0,36,1110.67,0.0,0.04,0.0,0.0,Dec,2,4,9,2,Returning_Visitor,True,False
5,119.57,0,0.0,13,717.6,0.0,0.01,0.0,0.0,Mar,1,1,8,10,New_Visitor,False,False
4,80.5,0,0.0,27,472.5,0.0,0.02,0.0,0.0,Dec,4,1,1,2,Returning_Visitor,False,False
0,0.0,0,0.0,6,551.5,0.03,0.08,0.0,0.0,Nov,3,2,4,11,Returning_Visitor,True,False
0,0.0,0,0.0,7,237.6,0.03,0.05,0.0,0.0,Dec,3,2,1,3,Returning_Visitor,False,False
1,397.5,3,89.5,31,249.0,0.01,0.09,0.26,0.0,May,3,2,1,6,Returning_Visitor,False,False
3,78.9,0,0.0,15,718.8,0.0,0.02,0.0,0.0,Nov,2,2,4,2,New_Visitor,False,False
11,213.97,4,260.43,48,1538.18,0.02,0.02,5.66,0.0,Nov,1,2,7,1,Returning_Visitor,False,False
1,39.0,0,0.15,18,416.4,0.0,0.01,0.0,0.0,May,2,2,7,4,Returning_Visitor,True,False
0,5.51,1,20.0,48,1686.35,0.0,0.03,0.0,0.0,Dec,3,2,1,10,Returning_Visitor,False,False
0,2.44,0,0.58,154,5919.4,0.01,0.03,11.41,0.0,Oct,2,2,1,1,Returning_Visitor,True,False
0,1.64,0,0.05,5,167.71,0.0,0.04,0.0,0.0,Dec,1,1,1,2,Returning_Visitor,False,False
3,116.5,0,0.0,15,320.25,0.0,0.03,0.0,0.0,Dec,1,1,4,6,Returning_Visitor,True,False
0,2.27,0,0.0,30,412.67,0.0,0.04,0.0,0.0,May,2,10,5,4,Returning_Visitor,True,False
3,0.0,2,407.5,14,331.29,0.05,0.08,0.0,0.0,Nov,1,1,1,2,Returning_Visitor,True,False
0,2.17,0,0.27,48,832.08,0.03,0.06,0.0,0.0,Dec,3,2,1,3,Returning_Visitor,False,False
0,1.71,0,0.0,5,40.0,0.0,0.1,0.0,0.0,May,3,2,1,4,Returning_Visitor,False,False
1,33.5,0,0.0,13,1649.0,0.0,0.03,0.0,0.0,May,2,2,1,2,Returning_Visitor,False,False
2,102.0,1,0.0,13,177.5,0.0,0.03,0.0,0.0,May,2,2,1,3,New_Visitor,True,False
0,1.61,0,0.06,16,507.83,0.0,0.04,0.01,0.0,May,2,2,1,4,Returning_Visitor,False,False
5,289.68,0,0.48,41,678.48,0.0,0.03,13.57,0.0,Oct,4,1,3,2,Returning_Visitor,False,True
0,0.0,2,39.0,13,245.0,0.01,0.01,12.0,0.0,Mar,2,2,1,3,Returning_Visitor,True,True
3,106.0,0,0.55,46,1470.62,0.01,0.03,0.02,0.0,Dec,3,2,9,2,Returning_Visitor,False,False
0,2.19,0,0.0,7,402.79,0.13,0.09,0.0,0.0,Mar,3,2,8,1,Returning_Visitor,False,False
2,113.0,1,501.0,47,381.75,0.0,0.04,0.48,0.0,May,2,10,2,2,Returning_Visitor,False,False
5,140.25,0,282.0,47,213.5,0.0,0.02,0.0,0.0,Nov,3,2,1,2,New_Visitor,False,True
4,118.31,0,0.55,40,550.71,0.0,0.01,0.02,0.0,Sep,2,2,1,2,Returning_Visitor,False,False
3,108.0,2,43.67,118,3712.81,0.0,0.03,8.26,0.0,May,2,2,3,4,Returning_Visitor,True,False
0,1.68,0,0.0,13,142.42,0.0,0.04,0.0,0.0,May,2,2,1,2,Returning_Visitor,False,False
11,171.9,1,145.17,171,6662.65,0.0,0.02,0.07,0.0,Sep,2,2,1,2,Returning_Visitor,False,False
0,0.0,0,0.0,8,612.0,0.0,0.01,0.0,0.0,Mar,2,2,1,2,New_Visitor,True,False
2,438.21,1,321.67,287,12983.79,0.0,0.01,12.33,0.0,Mar,2,4,3,8,New_Visitor,False,False
8,171.75,0,0.0,32,486.67,0.0,0.01,0.0,0.0,Dec,4,2,1,2,New_Visitor,False,False
0,0.0,0,0.0,18,1257.95,0.0,0.0,33.5,0.0,Oct,2,2,3,2,Returning_Visitor,True,True
1,0.0,0,4.3,9,969.74,0.0,0.02,10.23,0.0,Mar,2,2,3,6,Returning_Visitor,False,True
3,216.5,3,79.83,224,6731.15,0.0,0.01,4.07,0.0,Nov,2,2,3,2,Returning_Visitor,False,False
8,235.19,2,138.5,71,2512.52,0.01,0.03,0.01,0.01,Nov,3,2,1,2,Returning_Visitor,True,True
3,58.4,0,0.0,12,197.0,0.0,0.03,0.0,0.0,Nov,2,2,2,3,Returning_Visitor,False,False
0,1.49,0,71.63,7,437.2,0.01,0.0,0.0,0.0,Mar,2,8,4,2,New_Visitor,False,False
3,59.5,0,0.0,6,159.0,0.0,0.01,0.0,0.0,Dec,3,2,8,6,New_Visitor,False,False
0,1.86,0,0.19,1,0.0,0.2,0.2,0.0,0.0,Mar,2,5,1,1,Returning_Visitor,False,False
3,113.75,1,28.5,15,1047.0,0.0,0.02,1.18,0.0,Dec,1,1,3,2,New_Visitor,False,True
1,35.0,0,2.44,13,145.23,0.0,0.03,0.0,0.0,May,1,1,3,4,Returning_Visitor,False,False
10,138.75,0,0.0,69,2464.29,0.0,0.0,0.0,0.0,Dec,2,2,3,2,New_Visitor,False,False
3,103.08,1,49.5,11,1501.38,0.0,0.02,32.95,0.02,May,2,2,1,3,Returning_Visitor,False,True
1,59.4,0,0.0,46,1489.78,0.0,0.01,258.55,0.0,Nov,2,2,3,2,New_Visitor,False,True
0,0.0,0,3.31,1,147.03,0.0,0.1,0.0,0.0,Mar,1,1,1,1,Returning_Visitor,True,False
7,106.15,0,5.0,47,6810.83,0.0,0.01,7.51,0.0,Nov,2,1,1,2,Returning_Visitor,False,True
3,51.5,2,99.5,46,771.88,0.0,0.03,15.4,0.0,Dec,2,2,3,2,Returning_Visitor,False,False
0,0.0,0,0.0,46,797.83,0.0,0.02,0.01,0.0,Nov,2,2,3,1,Returning_Visitor,False,False
0,0.0,0,0.0,14,1225.0,0.02,0.02,0.0,0.0,May,1,1,3,2,New_Visitor,False,False
2,29.0,1,14.0,106,605.36,0.0,0.02,0.0,1.0,May,2,2,4,3,Returning_Visitor,True,False
3,21.0,0,0.0,46,2930.72,0.0,0.02,0.02,0.0,Nov,2,2,3,1,Returning_Visitor,False,True
0,0.0,0,0.0,55,1119.54,0.01,0.01,0.0,0.0,Nov,1,1,1,3,Returning_Visitor,False,False
1,26.0,0,2.69,16,638.83,0.01,0.02,20.26,0.0,Mar,2,4,2,2,New_Visitor,False,False
5,43.33,2,295.4,20,675.68,0.02,0.05,0.0,0.0,Jul,1,1,4,2,Returning_Visitor,False,False
3,103.78,1,0.0,14,1266.49,0.0,0.01,0.0,0.0,May,1,1,6,2,New_Visitor,False,False
0,3.38,0,0.0,7,147.09,0.0,0.04,0.0,0.0,Oct,2,2,1,4,Returning_Visitor,False,False
5,104.07,1,181.0,63,1495.3,0.01,0.03,0.0,0.0,Dec,3,2,1,2,Returning_Visitor,False,False
0,0.0,0,0.0,2,967.21,0.0,0.1,0.0,0.0,Dec,4,1,3,1,Returning_Visitor,False,False
7,533.59,4,333.5,85,1276.25,0.0,0.03,11.68,0.0,Nov,3,2,1,13,Returning_Visitor,False,False
0,6.17,0,0.0,18,3658.5,0.02,0.05,0.0,0.0,Mar,4,2,9,3,Returning_Visitor,False,False
7,143.28,0,0.0,27,1419.74,0.02,0.04,0.0,0.0,Sep,2,2,3,1,Returning_Visitor,True,False
0,0.0,0,0.0,14,263.17,0.0,0.03,0.0,0.0,Nov,5,11,1,8,Returning_Visitor,False,False
0,0.0,0,0.0,8,243.27,0.0,0.05,0.0,0.0,Nov,1,2,1,2,New_Visitor,True,False
1,0.0,0,0.0,11,95.5,0.0,0.03,0.0,0.0,Mar,2,2,7,9,Returning_Visitor,True,False
0,1.82,1,13.26,59,3033.69,0.0,0.02,0.0,0.0,Nov,1,2,3,2,Returning_Visitor,False,False
6,1541.5,0,0.0,8,188.5,0.0,0.02,0.0,0.0,May,2,2,5,4,New_Visitor,True,False
3,29.25,0,0.0,32,1479.13,0.0,0.01,16.73,0.0,May,2,4,3,2,New_Visitor,False,True
7,104.87,1,62.08,95,2900.79,0.0,0.02,7.15,0.0,Nov,3,2,1,2,Returning_Visitor,False,True
0,0.0,0,0.62,15,1390.58,0.03,0.05,39.48,0.0,Dec,2,2,2,1,Returning_Visitor,False,False
0,0.0,0,0.22,4,154.63,0.0,0.07,0.0,0.0,Dec,3,2,3,2,New_Visitor,True,False
0,5.21,1,844.0,6,1500.26,0.07,0.06,0.0,0.0,Mar,2,2,1,3,Returning_Visitor,False,False
3,29.25,1,0.0,3,67.67,0.0,0.04,0.0,0.0,Mar,8,2,9,20,Other,False,False
0,0.0,0,0.0,13,203.16,0.02,0.03,0.12,0.0,Jul,1,1,3,4,Returning_Visitor,False,False
3,81.0,0,0.0,12,131.5,0.0,0.0,0.0,1.0,May,3,2,3,4,Returning_Visitor,False,False
3,24.0,0,1.18,46,529.29,0.0,0.02,0.0,0.0,Nov,2,2,1,1,Returning_Visitor,False,False
3,48.62,0,0.0,13,211.47,0.0,0.03,0.0,0.0,Nov,3,2,1,10,Returning_Visitor,False,False
7,457.68,1,246.8,23,1493.47,0.03,0.04,0.67,0.01,Oct,3,2,4,2,Returning_Visitor,False,False
0,2.87,0,0.0,46,1655.36,0.0,0.01,2.06,0.0,Nov,2,2,1,2,New_Visitor,True,False
0,0.0,0,0.0,46,1504.35,0.0,0.0,0.0,0.0,Aug,2,4,1,2,New_Visitor,False,False
3,70.0,0,4.68,12,1644.23,0.0,0.02,0.0,0.0,Aug,1,1,4,4,Returning_Visitor,False,False
6,210.5,0,0.0,26,549.55,0.02,0.03,0.0,0.0,May,2,2,1,11,Returning_Visitor,True,False
0,0.0,0,1.29,17,664.5,0.0,0.01,0.0,0.0,Nov,4,1,9,2,Returning_Visitor,False,False
0,0.0,0,0.08,13,328.9,0.02,0.05,0.0,0.0,June,2,2,3,3,Returning_Visitor,False,False
4,4.19,0,0.0,17,45.7,0.01,0.02,2.96,0.0,Sep,2,10,3,2,Returning_Visitor,False,True
0,0.0,0,0.0,3,19.25,0.0,0.07,0.59,0.0,Nov,1,1,8,2,Returning_Visitor,True,False
0,2.94,1,8.0,46,2370.73,0.02,0.03,1.64,0.0,Nov,2,2,2,2,Returning_Visitor,False,False
3,1.67,0,0.0,46,1509.66,0.0,0.02,2.8,0.45,May,2,2,3,3,Returning_Visitor,False,True
0,4.94,4,399.33,46,1403.77,0.0,0.03,0.0,0.0,Mar,2,2,2,2,Returning_Visitor,False,False
9,867.92,0,0.0,47,1458.55,0.0,0.01,9.93,0.0,Mar,2,2,6,2,Returning_Visitor,False,False
3,0.0,0,0.59,16,334.0,0.08,0.12,0.0,0.0,May,1,1,3,1,Returning_Visitor,True,False
3,23.2,0,0.66,24,809.43,0.01,0.02,0.0,0.0,Nov,3,2,1,3,Returning_Visitor,True,False
1,4.67,0,0.0,5,388.0,0.0,0.04,31.19,0.0,Mar,1,1,7,3,Returning_Visitor,True,True
0,0.0,0,0.0,14,1368.03,0.0,0.02,1.28,0.6,May,4,1,3,1,Returning_Visitor,False,True
0,19.34,1,105.8,44,868.16,0.0,0.04,12.29,0.0,Sep,2,6,4,2,Returning_Visitor,False,False
0,0.0,0,0.17,1,0.0,0.13,0.2,0.09,0.0,May,3,2,1,1,Returning_Visitor,True,False
3,139.0,0,0.0,10,277.14,0.0,0.01,0.0,0.0,Mar,3,2,1,2,Returning_Visitor,True,False
4,36.0,0,0.0,23,2359.38,0.0,0.01,58.2,0.0,Dec,4,2,1,2,New_Visitor,False,True
0,0.0,0,0.0,33,1203.03,0.0,0.01,44.06,0.0,Nov,4,2,6,2,Returning_Visitor,False,True
0,0.0,0,0.0,14,414.12,0.0,0.02,0.05,0.0,May,1,8,1,1,Returning_Visitor,False,False
0,0.0,2,445.0,46,996.52,0.0,0.02,0.0,0.0,Mar,2,2,3,2,Returning_Visitor,False,False
4,103.95,3,24.72,13,478.5,0.07,0.01,0.0,0.0,May,2,2,6,6,Returning_Visitor,False,False
4,37.25,1,5.0,50,1295.01,0.0,0.02,0.0,0.0,Nov,3,2,4,2,Returning_Visitor,True,True
1,13.0,0,0.0,15,413.5,0.0,0.01,33.96,0.0,May,3,2,1,6,Returning_Visitor,False,True
3,143.0,0,0.0,44,435.45,0.03,0.05,0.0,0.0,Dec,2,2,1,1,Returning_Visitor,True,False
0,1.87,0,0.0,46,5502.99,0.0,0.02,0.0,0.0,Nov,2,2,1,2,Returning_Visitor,False,True
0,2.69,0,0.15,22,987.88,0.0,0.03,0.0,0.0,Mar,2,2,4,3,Returning_Visitor,False,False
0,0.0,0,1.68,6,116.5,0.0,0.07,0.0,0.0,Mar,2,2,2,3,Returning_Visitor,True,False
3,3.47,0,0.0,79,2431.24,0.0,0.01,10.02,0.0,Nov,2,2,1,6,Returning_Visitor,False,False
3,15.0,0,0.0,10,197.2,0.0,0.02,38.99,0.0,Mar,1,1,1,3,Returning_Visitor,True,True
1,3.0,0,0.0,11,271.72,0.0,0.02,0.18,0.0,Mar,4,1,3,2,Returning_Visitor,True,False
0,0.0,0,0.6,7,380.0,0.13,0.07,0.16,0.0,May,2,2,7,1,Returning_Visitor,True,False
0,3.4,0,0.0,13,546.75,0.04,0.05,0.02,0.0,Nov,2,2,5,1,Returning_Visitor,False,False
0,5.96,0,0.0,23,517.04,0.0,0.01,23.3,0.0,Dec,4,2,8,2,New_Visitor,False,True
1,0.0,0,0.0,46,1503.13,0.02,0.05,0.0,0.0,Nov,3,2,1,1,Returning_Visitor,False,False
3,108.5,0,0.0,13,74.67,0.0,0.02,0.0,0.25,May,3,2,3,2,Returning_Visitor,False,False
2,140.5,0,0.39,10,431.5,0.0,0.01,0.0,0.0,Dec,2,2,2,1,Returning_Visitor,False,False
0,6.0,0,0.0,46,634.67,0.02,0.02,0.0,0.0,May,2,4,7,3,Returning_Visitor,False,False
5,88.83,0,0.0,27,1491.73,0.0,0.01,0.0,0.0,Dec,1,1,1,2,Returning_Visitor,False,False
0,0.0,0,0.0,6,82.0,0.15,0.18,0.04,0.6,May,2,2,3,1,Returning_Visitor,False,False
3,284.2,0,0.58,46,2366.6,0.04,0.03,0.0,0.0,May,1,1,8,1,Returning_Visitor,True,False
0,0.0,0,1.71,63,576.36,0.2,0.2,0.0,0.53,May,4,2,1,11,Returning_Visitor,False,False
0,0.0,0,0.14,14,161.69,0.12,0.14,0.0,0.0,June,3,2,3,13,Returning_Visitor,True,False
0,0.0,0,0.0,55,2415.42,0.0,0.02,0.0,0.0,Nov,2,2,3,11,Returning_Visitor,True,False
0,0.0,0,0.0,5,59.25,0.04,0.1,0.0,0.0,Nov,2,6,2,2,Returning_Visitor,False,False
3,290.44,0,15.44,14,864.1,0.0,0.0,0.0,0.0,Sep,2,2,3,2,New_Visitor,False,False
8,92.93,0,0.0,78,2063.64,0.01,0.01,0.0,0.0,Sep,3,2,6,13,Returning_Visitor,False,False
0,0.0,0,0.0,6,399.0,0.01,0.02,1.84,0.0,Dec,3,2,2,3,Returning_Visitor,False,True
0,0.0,0,0.18,2,0.0,0.2,0.2,0.0,0.0,Mar,2,2,1,1,Returning_Visitor,False,False
0,0.0,0,0.0,19,1484.53,0.01,0.01,25.11,0.0,May,3,2,1,2,New_Visitor,True,True
7,120.38,0,0.0,17,446.38,0.0,0.01,0.0,0.0,Dec,2,2,7,2,New_Visitor,False,False
6,285.9,0,10.06,13,1455.33,0.0,0.01,53.11,0.0,Nov,1,1,4,2,New_Visitor,False,True
3,72.5,0,0.0,45,1248.06,0.01,0.02,13.35,0.0,Nov,3,6,4,2,Returning_Visitor,False,False
0,0.0,0,0.0,6,147.45,0.13,0.1,0.0,0.0,Nov,1,1,1,1,Returning_Visitor,False,False
0,0.0,0,0.0,8,326.5,0.1,0.12,0.0,0.0,Mar,1,1,1,3,Returning_Visitor,False,False
0,0.0,0,0.0,5,74.0,0.0,0.08,0.02,0.8,May,2,2,1,13,Returning_Visitor,False,False
5,85.33,3,80.98,213,8591.59,0.0,0.02,12.25,0.0,Nov,2,2,1,1,Returning_Visitor,False,True
1,43.47,1,32.75,50,1897.83,0.01,0.01,0.0,0.0,Dec,1,1,9,3,Returning_Visitor,True,False
0,0.0,0,0.0,11,1499.95,0.01,0.03,0.0,0.0,Nov,3,2,3,6,Returning_Visitor,False,False
0,0.0,2,39.67,89,783.17,0.01,0.02,42.87,0.0,May,2,4,1,6,Returning_Visitor,False,False
18,255.72,0,0.0,94,4785.67,0.0,0.01,6.74,0.0,May,2,2,9,6,Returning_Visitor,False,False
1,15.0,0,0.0,62,969.15,0.0,0.03,0.0,0.0,May,2,2,3,1,Returning_Visitor,False,False
1,104.74,2,6.0,9,195.17,0.0,0.07,0.0,0.0,June,2,2,3,4,Returning_Visitor,False,False
0,0.0,0,0.15,53,1486.31,0.0,0.03,24.57,0.0,Jul,2,4,9,1,Returning_Visitor,False,True
1,1.89,0,0.0,6,115.6,0.0,0.04,0.0,0.0,Oct,2,5,2,3,Returning_Visitor,False,False
10,110.5,1,80.69,50,5380.69,0.01,0.02,1.96,0.0,Nov,2,2,3,10,Returning_Visitor,False,True
6,723.5,2,410.5,13,1927.96,0.1,0.02,0.0,0.0,Nov,3,2,2,2,Returning_Visitor,False,True
0,0.0,0,0.1,33,686.5,0.02,0.03,0.0,0.0,Dec,2,2,7,1,Returning_Visitor,True,False
0,4.68,1,14.0,34,1442.13,0.04,0.08,0.0,0.01,May,1,1,1,4,Returning_Visitor,False,False
0,0.0,0,0.17,1,0.0,0.2,0.14,0.18,0.0,Nov,2,2,1,20,Returning_Visitor,True,False
0,2.1,0,0.0,37,706.2,0.13,0.09,0.0,0.0,Nov,3,2,1,13,Returning_Visitor,False,False
3,110.54,0,0.44,2,19.0,0.0,0.03,0.0,0.0,Nov,2,2,8,2,New_Visitor,False,False
0,0.0,0,0.0,1,0.0,0.13,0.2,0.03,0.0,Feb,1,1,1,3,Returning_Visitor,False,False
3,18.1,1,72.5,9,136.28,0.02,0.03,0.18,0.01,June,2,2,2,3,New_Visitor,False,False
3,167.0,0,1.1,42,1498.2,0.0,0.01,0.17,0.0,Aug,2,4,1,3,Returning_Visitor,False,False
0,1.85,0,0.0,45,1571.12,0.0,0.01,0.0,0.0,Jul,2,2,8,4,New_Visitor,True,False
0,0.0,0,0.0,17,344.33,0.01,0.03,26.99,0.0,May,2,2,1,1,Returning_Visitor,False,False
2,96.28,0,3.74,43,1499.9,0.0,0.01,41.54,0.0,Nov,3,2,3,2,Returning_Visitor,True,False
8,315.14,6,147.87,173,6255.02,0.0,0.02,0.0,0.0,Mar,2,2,2,2,Returning_Visitor,False,False
1,1.55,0,0.0,45,2666.0,0.02,0.05,0.0,0.2,May,2,2,1,13,Returning_Visitor,False,False
7,1.59,0,0.0,13,1504.17,0.0,0.01,0.0,0.0,May,2,4,4,4,Returning_Visitor,False,False
0,2.41,0,0.0,12,190.5,0.11,0.11,0.0,0.0,Dec,1,1,6,1,Returning_Visitor,True,False
9,495.22,1,2.58,120,1510.07,0.01,0.01,0.19,0.0,Jul,2,2,7,13,Returning_Visitor,False,True
0,0.0,1,0.16,8,388.0,0.03,0.06,0.1,0.0,Dec,3,2,1,4,Returning_Visitor,False,False
0,0.0,0,0.0,2,146.25,0.0,0.1,0.01,0.0,May,4,2,4,2,Returning_Visitor,False,False
1,132.0,0,0.0,44,898.98,0.01,0.02,0.0,0.0,June,2,2,7,6,Returning_Visitor,False,False
0,0.0,0,0.0,6,308.17,0.08,0.09,0.0,0.0,Mar,3,2,6,1,Returning_Visitor,False,False
0,0.0,0,0.0,9,186.99,0.0,0.03,0.02,0.0,June,2,2,4,4,Returning_Visitor,False,False
3,290.56,1,17.0,50,490.0,0.0,0.03,12.2,0.0,Mar,2,2,4,3,Returning_Visitor,False,True
2,27.2,0,0.0,62,976.33,0.0,0.02,0.0,0.0,Nov,2,5,7,1,Returning_Visitor,False,False
0,3.55,0,0.0,13,289.62,0.0,0.03,0.15,0.0,Nov,2,2,1,2,Returning_Visitor,False,False
7,5.32,2,1131.0,47,6324.68,0.02,0.04,12.15,0.01,May,2,2,1,6,Returning_Visitor,False,False
4,64.46,0,0.0,29,1414.59,0.0,0.01,21.05,0.0,Dec,2,2,1,2,Returning_Visitor,False,True
3,169.5,0,0.0,50,1557.92,0.0,0.01,0.0,0.0,Dec,1,1,3,2,Returning_Visitor,False,False
0,0.0,0,0.0,24,654.07,0.0,0.0,0.0,0.58,May,3,2,1,2,Returning_Visitor,False,False
2,165.13,0,0.0,87,1071.68,0.0,0.02,0.45,0.0,June,2,2,8,1,Returning_Visitor,False,True
5,101.89,0,0.18,12,223.11,0.03,0.04,0.0,0.0,Mar,2,2,8,1,Returning_Visitor,False,False
3,46.4,0,0.0,30,2559.43,0.03,0.06,0.04,0.0,Sep,3,2,6,1,Returning_Visitor,True,False
0,1.75,0,0.0,6,1289.0,0.07,0.14,0.0,0.0,Nov,3,2,1,13,Returning_Visitor,False,False
4,48.83,0,165.67,22,365.77,0.0,0.02,0.0,0.0,Aug,3,2,1,4,Returning_Visitor,False,False
0,0.0,0,0.0,16,630.75,0.0,0.02,0.0,0.0,Mar,3,2,1,1,Returning_Visitor,True,False
0,0.0,0,0.35,46,1411.83,0.02,0.03,0.0,0.0,Nov,3,2,8,6,Returning_Visitor,False,False
0,1.71,0,0.12,9,324.5,0.0,0.02,0.0,0.0,Mar,3,2,1,1,Returning_Visitor,False,False
8,154.29,0,5.21,46,991.37,0.01,0.01,10.93,0.0,Mar,2,2,2,2,Returning_Visitor,False,False
3,120.5,0,0.0,19,1500.92,0.0,0.01,0.03,0.0,Mar,2,2,1,1,Returning_Visitor,False,False
3,74.0,0,0.55,46,2517.05,0.01,0.02,0.0,0.0,Mar,3,2,1,1,Returning_Visitor,True,False
0,0.0,0,0.21,23,414.35,0.0,0.04,0.03,0.0,Nov,2,2,1,3,Returning_Visitor,False,False
0,0.0,0,1.55,7,148.92,0.03,0.07,0.0,1.0,May,2,2,2,4,Returning_Visitor,True,False
0,0.0,0,0.44,8,1018.23,0.0,0.03,33.22,0.0,Jul,2,2,1,2,Returning_Visitor,False,True
0,1.71,0,0.0,13,519.87,0.0,0.0,0.0,0.0,Jul,1,1,1,4,Returning_Visitor,False,False
6,104.23,0,0.0,20,1199.23,0.01,0.02,0.0,0.0,Sep,2,2,3,13,Returning_Visitor,False,False
0,0.0,0,0.0,6,285.5,0.0,0.05,12.39,0.0,Nov,1,1,1,8,New_Visitor,False,True
0,0.0,0,0.0,4,1440.0,0.0,0.05,0.0,0.8,May,2,2,5,1,Returning_Visitor,False,False
2,77.0,0,4.98,32,1223.42,0.0,0.01,215.01,0.01,May,2,2,4,2,Returning_Visitor,False,True
3,76.0,0,0.0,46,1038.85,0.0,0.01,0.0,0.0,Mar,2,2,4,2,New_Visitor,False,False
7,135.67,2,190.42,132,7356.4,0.0,0.02,9.19,0.0,Dec,4,1,4,3,Returning_Visitor,False,False
0,1.47,0,0.0,13,139.83,0.03,0.05,0.02,0.01,Mar,2,2,6,1,Returning_Visitor,True,False
0,3.64,0,0.0,5,146.44,0.0,0.05,0.0,0.2,May,2,2,4,1,Returning_Visitor,False,False
0,0.0,0,0.27,1,0.0,0.13,0.2,0.04,0.0,Mar,1,1,1,1,Returning_Visitor,False,False
1,6.4,0,0.0,13,135.0,0.0,0.01,0.0,0.0,May,3,2,3,4,Returning_Visitor,False,False
2,67.5,0,0.0,7,413.87,0.0,0.03,0.0,0.0,Dec,2,2,1,2,New_Visitor,False,False
0,0.0,0,0.0,16,645.2,0.03,0.05,0.0,0.0,Nov,4,1,8,1,Returning_Visitor,True,False
0,0.0,0,0.09,13,265.17,0.0,0.05,0.0,0.0,Mar,2,2,4,2,Returning_Visitor,False,False
6,82.06,0,11.39,87,1836.98,0.0,0.03,0.0,0.0,Sep,2,2,6,3,Returning_Visitor,False,False
0,0.0,0,0.0,48,1916.87,0.02,0.05,0.0,0.0,Dec,2,2,5,1,Returning_Visitor,False,False
0,0.0,0,0.0,16,2214.67,0.0,0.0,59.7,0.0,Oct,2,2,1,2,New_Visitor,False,True
3,461.0,0,0.0,6,111.0,0.0,0.01,0.0,0.0,Dec,3,2,3,8,New_Visitor,False,False
0,0.0,1,13.53,11,750.32,0.0,0.03,0.0,0.0,Nov,2,8,2,11,New_Visitor,True,False
2,106.81,1,45.2,77,2531.34,0.0,0.02,13.0,0.0,Mar,1,1,6,8,Returning_Visitor,False,True
0,6.27,0,0.0,12,203.32,0.01,0.03,0.0,0.0,May,2,4,6,6,Returning_Visitor,False,False
4,122.0,3,79.79,13,1040.33,0.0,0.01,0.01,0.0,May,2,2,6,2,Returning_Visitor,False,False
0,1.46,0,0.0,3,0.0,0.2,0.14,0.01,0.0,Mar,2,2,2,1,Returning_Visitor,False,False
0,0.0,0,0.0,74,1146.47,0.02,0.03,0.41,0.0,Nov,2,2,1,1,Returning_Visitor,False,False
3,46.64,0,0.0,7,58.0,0.0,0.01,0.0,0.0,Mar,2,2,8,2,Returning_Visitor,False,False
0,0.0,0,2.34,16,1599.27,0.0,0.05,0.0,0.0,May,4,2,2,13,Returning_Visitor,False,False
10,131.34,2,38.2,102,1502.52,0.0,0.02,12.24,0.0,Sep,2,2,5,1,Returning_Visitor,False,False
1,9.0,0,0.09,7,638.0,0.01,0.05,0.06,0.0,Mar,1,1,1,3,Returning_Visitor,False,False
3,98.0,0,0.44,29,1407.38,0.0,0.01,55.97,0.0,Dec,2,2,3,2,Returning_Visitor,False,True
0,0.0,0,1.31,7,723.0,0.0,0.04,32.91,0.02,May,2,2,4,1,Returning_Visitor,True,True
0,0.0,0,0.0,3,186.51,0.0,0.07,0.0,0.0,May,2,2,1,11,Returning_Visitor,True,False
12,1449.67,5,559.08,127,4876.01,0.01,0.03,5.75,0.0,Nov,2,2,1,2,Returning_Visitor,False,False
9,215.5,1,12.0,46,1500.4,0.0,0.01,0.0,0.0,Dec,2,2,4,1,New_Visitor,False,False
5,51.5,0,0.0,2,568.34,0.0,0.03,0.0,0.0,Mar,2,5,2,1,Returning_Visitor,False,False
0,0.0,0,0.0,22,1501.65,0.0,0.03,0.0,0.0,Nov,2,2,1,2,New_Visitor,True,True
0,0.0,0,1.09,5,96.7,0.0,0.01,0.0,0.0,Jul,1,1,1,2,Returning_Visitor,True,False
0,0.0,0,0.0,18,231.5,0.02,0.02,0.0,0.0,May,2,4,3,1,Returning_Visitor,False,False
0,0.0,0,0.32,13,229.92,0.02,0.04,0.43,0.0,Nov,3,2,4,1,Returning_Visitor,True,False
0,0.0,0,0.0,46,607.47,0.0,0.0,39.98,0.0,Dec,1,1,1,2,New_Visitor,True,True
1,101.88,0,0.0,5,744.8,0.0,0.0,0.06,0.0,Sep,2,2,3,4,New_Visitor,False,False
0,0.0,0,0.0,13,145.95,0.0,0.05,0.0,0.0,Dec,2,2,3,13,Returning_Visitor,False,False
5,44.5,0,2.98,137,7012.27,0.0,0.02,11.56,0.0,Nov,1,1,1,10,Returning_Visitor,True,True
0,1.42,0,0.0,21,1003.0,0.0,0.01,0.0,0.0,Mar,2,4,1,1,Returning_Visitor,False,False
1,120.56,0,3.27,46,1490.52,0.0,0.01,33.79,0.03,Dec,1,2,3,2,New_Visitor,False,True
5,44.61,0,1.8,72,1504.96,0.02,0.06,0.86,0.0,Oct,4,1,7,3,Returning_Visitor,False,False
2,70.67,1,101.0,46,1506.61,0.01,0.02,14.84,0.0,May,2,2,3,2,Returning_Visitor,False,False
0,1.52,0,0.0,7,971.0,0.03,0.07,0.0,0.0,Mar,2,2,2,1,Returning_Visitor,False,False
1,10.0,0,0.27,13,414.23,0.03,0.05,0.0,0.0,Mar,3,2,1,1,Returning_Visitor,True,False
0,0.0,0,1.27,27,1009.38,0.0,0.04,0.61,0.0,Nov,2,2,1,2,New_Visitor,True,True
9,358.26,3,377.43,51,5738.9,0.0,0.02,12.09,0.0,Nov,2,2,1,13,Returning_Visitor,False,True
0,0.0,0,0.0,13,169.17,0.0,0.04,0.0,0.0,Dec,2,2,1,1,Returning_Visitor,False,False
3,20.0,0,0.0,56,441.22,0.01,0.02,0.0,0.2,May,2,2,2,3,Returning_Visitor,False,False
5,72.5,0,0.0,55,936.13,0.0,0.02,23.28,0.0,Nov,2,2,1,2,Returning_Visitor,False,True
1,0.0,1,0.0,24,242.5,0.0,0.05,0.05,0.0,Dec,8,13,9,20,Other,False,False
0,0.0,0,0.0,13,341.67,0.01,0.04,0.0,0.0,Mar,2,6,1,6,Returning_Visitor,False,False
0,2.2,0,0.0,64,1501.21,0.0,0.02,0.0,0.0,Aug,1,1,1,4,Returning_Visitor,False,False
0,0.0,0,1.05,63,1503.97,0.0,0.03,0.0,0.0,Nov,2,2,3,1,Returning_Visitor,False,False
9,122.01,3,177.8,96,4162.54,0.02,0.03,3.58,0.0,Sep,3,2,5,1,Returning_Visitor,False,False
3,103.7,1,116.8,53,1504.9,0.0,0.02,0.0,0.0,Oct,2,2,5,2,Returning_Visitor,False,False
1,40.25,0,0.0,19,501.77,0.0,0.01,0.0,0.0,May,3,2,1,4,Returning_Visitor,False,False
0,0.0,0,0.0,7,154.13,0.0,0.01,0.04,0.0,Mar,2,4,1,2,Returning_Visitor,True,False
0,0.0,1,47.0,30,523.87,0.03,0.1,0.0,0.0,May,3,2,4,4,Returning_Visitor,False,False
0,0.0,0,0.0,23,996.44,0.0,0.02,0.04,0.8,May,3,2,8,4,Returning_Visitor,False,False
0,0.0,3,7.11,9,313.93,0.03,0.03,0.0,0.0,Dec,3,2,2,10,Returning_Visitor,False,False
1,150.2,1,31.7,7,93.9,0.0,0.01,0.0,0.0,Nov,2,2,3,2,New_Visitor,True,False
3,406.17,4,35.0,41,589.47,0.0,0.07,41.65,0.01,Dec,2,2,1,6,Returning_Visitor,False,True
1,1.48,0,1.37,42,595.38,0.0,0.02,0.0,0.0,Mar,2,2,2,2,Returning_Visitor,False,False
3,17.24,2,193.0,4,139.0,0.0,0.03,0.0,0.0,Mar,3,2,1,4,Returning_Visitor,False,False
0,0.0,0,0.26,1,183.29,0.13,0.1,0.0,0.0,Nov,2,2,3,3,Returning_Visitor,False,False
1,43.0,0,1.02,36,2362.5,0.0,0.02,0.0,0.6,May,2,5,1,4,Returning_Visitor,False,False
3,101.72,0,0.0,6,290.0,0.0,0.01,0.0,0.0,Mar,2,2,1,2,Returning_Visitor,False,False
0,0.0,0,0.0,35,1504.06,0.01,0.02,0.0,0.0,Mar,2,2,1,1,Returning_Visitor,False,False
1,27.2,0,0.86,21,1003.66,0.01,0.02,0.0,0.0,Oct,3,2,4,20,Returning_Visitor,False,False
0,0.0,2,90.0,20,103.67,0.02,0.06,0.0,0.0,Mar,3,2,1,1,Returning_Visitor,False,False
0,0.0,0,1.49,45,1490.68,0.0,0.01,0.0,0.0,Dec,4,1,1,2,Returning_Visitor,False,False
10,296.2,1,11.63,48,920.4,0.0,0.01,8.95,0.0,Oct,2,2,1,5,Returning_Visitor,False,False
6,99.77,2,60.5,45,1354.29,0.0,0.01,0.36,0.0,Nov,2,5,1,8,New_Visitor,False,False
0,16.46,0,0.0,1,3.89,0.2,0.2,0.03,0.0,Oct,1,1,1,1,New_Visitor,True,False
0,0.0,0,0.94,13,1452.94,0.0,0.0,0.0,0.0,Jul,2,2,3,2,Returning_Visitor,False,False
0,0.0,0,0.0,102,3284.5,0.0,0.01,0.0,0.0,Dec,2,2,1,3,Returning_Visitor,False,False
2,11.0,0,0.0,13,249.67,0.0,0.03,0.0,0.0,Nov,2,2,1,3,Returning_Visitor,False,True
4,112.75,0,0.0,7,102.7,0.0,0.01,0.03,0.0,Nov,2,4,6,2,Returning_Visitor,True,True
0,0.0,0,0.22,2,13.0,0.1,0.1,0.0,0.0,Mar,1,1,2,1,Returning_Visitor,True,False
2,9.0,0,2.08,26,623.03,0.0,0.01,36.08,0.0,Nov,2,2,9,20,Returning_Visitor,False,False
4,47.0,0,0.0,13,380.17,0.0,0.02,0.0,0.0,May,4,1,1,1,Returning_Visitor,False,False
4,173.25,0,0.23,16,2041.08,0.04,0.05,0.01,0.0,Dec,3,2,8,3,Returning_Visitor,False,False
0,1.44,0,0.0,27,1739.25,0.02,0.04,0.0,0.6,May,2,2,7,11,Returning_Visitor,False,False
0,1.62,0,0.0,6,28.25,0.08,0.09,0.0,0.0,Nov,3,2,1,2,Returning_Visitor,False,False
0,0.0,0,0.0,16,1773.25,0.13,0.07,0.0,0.0,Nov,2,2,3,13,Returning_Visitor,False,False
0,1.85,0,0.39,2,0.0,0.2,0.2,0.0,0.4,May,1,1,3,3,Returning_Visitor,False,False
3,104.63,1,79.94,46,2582.7,0.0,0.01,6.73,0.0,Nov,2,2,1,2,Returning_Visitor,False,False
1,37.5,0,0.0,45,2018.3,0.01,0.04,0.0,0.0,Nov,2,2,2,2,Returning_Visitor,False,False
0,0.0,0,0.53,6,61.0,0.0,0.07,0.0,0.0,Dec,2,4,1,3,Returning_Visitor,False,False
0,1.82,0,0.22,31,1350.5,0.01,0.02,0.0,0.0,Mar,2,5,2,3,Returning_Visitor,False,False
3,102.09,0,2.63,5,145.83,0.0,0.02,0.0,0.0,Mar,3,2,7,1,New_Visitor,False,False
2,8.29,0,0.76,37,2296.25,0.0,0.01,0.04,0.0,Nov,2,2,1,2,Returning_Visitor,False,False
3,116.7,0,0.08,171,2329.5,0.01,0.03,0.03,0.0,Dec,2,2,3,2,Returning_Visitor,False,True
1,55.4,0,0.0,28,630.65,0.0,0.02,12.59,0.0,Sep,2,4,7,4,Returning_Visitor,True,True
0,0.0,0,0.0,11,887.0,0.13,0.1,0.11,0.0,Mar,2,5,3,3,Returning_Visitor,False,False
1,4.0,0,0.0,37,1296.94,0.01,0.05,0.0,0.6,May,2,2,1,2,Returning_Visitor,False,False
9,199.39,0,4.52,38,1342.43,0.0,0.02,22.02,0.0,Nov,2,2,2,2,Returning_Visitor,True,True
0,0.0,0,0.0,3,46.75,0.0,0.04,0.0,0.0,Nov,2,2,3,10,Returning_Visitor,False,False
0,1.85,0,0.08,2,35.0,0.0,0.1,0.0,0.0,Feb,1,1,6,3,Returning_Visitor,False,False
0,1.97,0,0.0,48,2525.54,0.0,0.03,4.4,0.0,Nov,2,2,1,1,Returning_Visitor,True,False
0,0.0,0,0.0,2,22.0,0.0,0.1,0.0,0.0,Mar,2,2,1,1,Returning_Visitor,False,False
6,1279.5,0,0.0,72,1032.76,0.0,0.01,0.12,0.0,May,2,4,1,3,New_Visitor,False,False
18,1012.5,6,114.33,64,3163.1,0.01,0.02,1.31,0.0,Nov,3,2,1,13,Returning_Visitor,False,False
4,207.5,0,0.0,2,146.79,0.0,0.03,0.0,0.0,Dec,2,2,2,2,New_Visitor,False,False
3,20.15,0,0.42,60,1504.15,0.0,0.02,16.44,0.0,Nov,2,4,1,2,Returning_Visitor,False,True
0,2.95,0,0.1,7,150.38,0.0,0.02,0.0,0.0,Nov,3,2,9,13,Returning_Visitor,False,False
2,108.99,0,0.0,46,580.94,0.0,0.0,0.0,0.0,Aug,2,2,1,2,New_Visitor,False,False
3,104.97,0,0.19,5,74.0,0.0,0.02,0.0,0.0,May,3,2,1,2,Returning_Visitor,False,False
12,1028.83,1,3.0,42,6809.37,0.0,0.02,3.73,0.0,Nov,2,2,1,2,Returning_Visitor,False,True
13,407.57,0,0.0,82,6553.15,0.0,0.01,0.0,0.0,May,4,1,1,2,Returning_Visitor,True,False
2,45.5,0,0.52,9,122.25,0.0,0.02,0.0,0.0,Dec,2,2,7,2,New_Visitor,False,False
2,50.5,0,0.0,70,2802.12,0.0,0.02,0.0,0.0,Nov,2,2,3,3,Returning_Visitor,False,False
5,151.33,0,0.0,11,283.33,0.03,0.06,13.91,0.0,Nov,2,2,6,20,Returning_Visitor,False,True
3,104.49,0,0.0,62,1470.85,0.0,0.01,0.0,0.01,Mar,2,4,6,3,Returning_Visitor,True,False
0,0.0,0,0.0,12,130.5,0.0,0.01,0.0,0.0,Mar,2,2,1,10,Returning_Visitor,False,False
1,84.04,0,0.0,20,679.57,0.0,0.01,0.0,0.0,Nov,2,2,2,3,New_Visitor,False,False
4,60.2,0,0.0,8,132.8,0.0,0.01,0.0,0.01,Oct,1,1,1,2,Returning_Visitor,False,False
5,400.0,0,0.0,46,991.5,0.0,0.01,12.31,0.0,Dec,2,2,3,2,Returning_Visitor,False,True
3,24.5,0,0.0,46,749.12,0.01,0.03,0.0,0.0,Nov,4,1,3,2,Returning_Visitor,False,True
0,0.0,0,2.07,26,546.6,0.01,0.02,0.0,0.0,Mar,3,2,2,1,Returning_Visitor,True,False
0,0.0,0,0.08,30,1500.21,0.0,0.0,0.01,0.0,Oct,2,2,1,1,Returning_Visitor,False,False
3,48.0,0,0.0,10,129.5,0.0,0.02,0.01,0.0,May,2,2,9,4,Returning_Visitor,False,False
0,0.0,0,0.0,10,221.0,0.1,0.12,0.0,0.2,May,3,2,1,13,Returning_Visitor,False,False
0,1.78,5,889.5,30,784.08,0.0,0.01,0.05,0.0,Dec,2,2,6,2,Returning_Visitor,False,False
0,10.48,2,594.13,46,922.4,0.0,0.02,154.1,0.0,Sep,3,2,1,2,New_Visitor,True,True
0,0.0,0,0.11,4,67.75,0.0,0.05,0.04,0.0,Nov,2,2,1,1,Returning_Visitor,False,False
3,86.33,4,24.0,131,5619.38,0.02,0.04,12.38,0.0,Nov,3,2,1,2,Returning_Visitor,False,False
0,0.0,0,0.0,2,162.13,0.0,0.1,0.0,0.4,May,2,2,3,3,Returning_Visitor,False,False
3,58.89,0,0.25,66,1859.5,0.01,0.01,0.0,0.4,May,2,2,2,3,Returning_Visitor,False,False
0,0.0,0,0.0,13,383.0,0.0,0.03,0.03,0.0,Nov,2,2,9,2,Returning_Visitor,False,False
0,0.0,0,0.0,13,1454.77,0.02,0.08,0.04,0.0,May,3,2,1,13,Returning_Visitor,False,False
0,1.7,0,0.0,2,0.0,0.2,0.2,0.0,0.0,Dec,2,2,4,3,Returning_Visitor,False,False
4,388.79,1,2.09,13,1464.42,0.02,0.03,0.0,0.01,Nov,1,1,4,3,Returning_Visitor,False,False
1,19.0,0,0.0,8,87.0,0.0,0.02,0.0,0.6,May,2,2,1,3,New_Visitor,False,False
0,1.97,0,0.0,6,25.0,0.13,0.14,0.02,0.0,May,3,2,1,4,Returning_Visitor,False,False
7,159.5,0,0.0,13,362.5,0.0,0.01,0.0,0.0,May,2,2,7,2,New_Visitor,False,False
4,464.5,0,0.0,9,1521.99,0.0,0.01,0.0,0.0,Jul,1,1,3,2,New_Visitor,False,False
0,0.0,0,1.01,16,865.58,0.0,0.02,93.78,0.0,Dec,1,1,1,2,New_Visitor,False,True
4,56.5,1,28.75,46,1753.08,0.0,0.01,30.04,0.0,Nov,4,1,6,2,Returning_Visitor,False,True
3,445.88,3,79.87,27,1121.25,0.03,0.04,0.04,0.0,May,3,2,2,3,Returning_Visitor,False,False
6,148.8,1,81.33,29,1715.69,0.0,0.03,0.0,0.0,Mar,2,2,1,1,Returning_Visitor,False,False
0,0.0,1,249.5,33,1458.98,0.03,0.04,5.92,0.0,Dec,2,2,1,1,Returning_Visitor,False,False
0,0.0,0,0.17,3,160.04,0.13,0.12,0.0,0.0,May,1,1,1,1,Returning_Visitor,False,False
0,0.0,0,0.0,4,105.0,0.0,0.05,0.0,0.0,Nov,2,5,3,1,Returning_Visitor,False,False
0,0.0,0,0.0,5,465.75,0.0,0.02,0.0,0.0,Nov,3,2,1,8,Returning_Visitor,True,False
0,0.0,0,0.0,7,146.6,0.0,0.03,0.0,0.0,Mar,1,1,6,2,New_Visitor,True,False
3,17.33,1,0.0,13,302.0,0.04,0.06,2.48,0.0,Mar,2,6,1,2,Returning_Visitor,False,True
0,1.54,0,0.0,5,63.0,0.0,0.04,0.09,0.0,Feb,1,1,1,3,Returning_Visitor,False,False
0,0.0,0,0.0,48,1053.95,0.01,0.01,0.0,0.0,Nov,1,1,1,2,Returning_Visitor,False,False
6,360.92,4,89.87,43,806.65,0.01,0.02,0.0,0.0,May,2,10,3,5,Returning_Visitor,True,False
1,30.0,0,1.39,22,157.5,0.0,0.03,0.0,0.0,Mar,3,2,3,3,New_Visitor,False,False
0,0.0,0,0.0,4,0.0,0.2,0.2,0.0,0.0,May,2,2,8,3,Returning_Visitor,False,False
3,400.79,0,4.09,49,1456.27,0.0,0.02,13.53,0.0,May,2,2,7,4,Returning_Visitor,False,True
4,206.07,0,0.0,9,113.43,0.0,0.02,0.0,0.0,May,2,2,1,6,Returning_Visitor,False,False
0,1.49,1,79.8,98,2400.04,0.0,0.01,0.0,0.0,Nov,2,2,3,2,Returning_Visitor,False,True
0,20.0,1,0.8,21,1419.44,0.01,0.02,42.28,0.0,Nov,2,2,1,13,Returning_Visitor,False,False
1,183.0,0,0.0,28,586.37,0.0,0.01,0.0,0.0,Dec,3,2,6,10,Returning_Visitor,False,True
0,0.0,0,0.0,2,0.0,0.2,0.2,0.0,0.0,May,2,2,6,6,Returning_Visitor,False,False
4,134.1,0,0.0,6,110.3,0.0,0.02,0.07,0.0,Sep,3,2,3,2,Returning_Visitor,False,False
0,1.78,0,0.0,43,813.8,0.02,0.03,0.0,0.6,May,2,5,1,2,Returning_Visitor,False,False
0,0.0,0,0.21,5,219.5,0.0,0.05,0.0,0.0,May,1,1,2,2,Returning_Visitor,False,False
0,1.67,0,0.47,6,56.0,0.04,0.08,0.15,0.0,May,3,2,4,1,Returning_Visitor,True,False
0,0.0,0,0.19,39,1503.57,0.01,0.02,0.0,0.0,Jul,1,2,1,2,Returning_Visitor,False,False
0,23.31,0,0.06,11,2123.0,0.02,0.04,0.0,0.0,Dec,2,2,4,6,Returning_Visitor,False,False
0,2.92,0,0.0,23,474.78,0.0,0.01,140.66,0.0,Dec,1,8,1,11,Returning_Visitor,False,True
0,0.0,5,37.0,46,6401.25,0.0,0.02,0.0,0.0,Dec,3,2,3,2,Returning_Visitor,False,False
2,0.0,0,0.27,17,1310.95,0.01,0.03,0.0,0.0,Mar,2,2,1,3,Returning_Visitor,True,False
10,497.49,0,8.59,123,1526.86,0.0,0.01,1.95,0.0,May,2,2,1,2,Returning_Visitor,False,False
0,0.0,0,0.0,8,181.0,0.08,0.1,0.0,0.02,May,3,2,1,13,Returning_Visitor,True,False
0,0.0,0,0.0,10,145.07,0.0,0.05,0.01,0.0,Mar,2,2,1,1,Returning_Visitor,False,False
1,0.0,3,92.5,9,1488.98,0.0,0.02,58.17,0.0,May,1,1,1,5,New_Visitor,False,True
0,1.99,0,0.71,20,937.27,0.0,0.01,1.08,0.0,Dec,3,2,2,5,Returning_Visitor,True,True
0,1.7,0,0.0,42,562.67,0.01,0.03,0.0,0.0,May,2,2,3,13,Returning_Visitor,False,False
0,0.0,0,0.0,2,12.0,0.0,0.1,0.0,0.0,Mar,1,1,5,3,Returning_Visitor,False,False
0,2.23,1,113.0,27,1504.42,0.03,0.04,0.0,0.0,May,2,2,1,3,Returning_Visitor,False,False
1,77.1,0,0.0,35,416.98,0.02,0.03,0.01,0.0,Nov,2,2,1,4,Returning_Visitor,False,False
0,0.0,0,0.32,32,3837.5,0.0,0.03,0.0,0.0,May,2,2,2,4,Returning_Visitor,False,False
5,76.0,0,0.0,66,1453.1,0.0,0.01,12.24,0.0,Dec,2,2,5,2,Returning_Visitor,False,False
2,4.49,1,0.0,46,6617.79,0.01,0.03,1.78,0.0,Nov,3,2,1,1,Returning_Visitor,True,True
7,75.05,0,0.0,31,489.15,0.01,0.02,27.38,0.0,Mar,2,2,5,2,Returning_Visitor,True,True
4,365.03,0,0.0,9,461.73,0.03,0.03,33.61,0.0,Aug,2,2,1,2,Returning_Visitor,False,False
4,40.0,1,146.0,56,2866.9,0.0,0.01,85.75,0.0,Mar,2,2,1,1,Returning_Visitor,True,False
3,456.23,1,13.0,15,1531.48,0.02,0.03,11.63,0.0,Oct,1,1,1,3,Returning_Visitor,False,False
2,3.22,1,0.0,10,528.97,0.02,0.05,0.21,0.0,Dec,2,2,1,8,Returning_Visitor,True,False
3,157.25,0,0.0,29,2999.72,0.0,0.01,0.04,0.0,Dec,3,2,1,3,Returning_Visitor,False,False
3,43.67,0,0.72,49,4555.02,0.0,0.03,12.23,0.0,May,2,2,1,1,Returning_Visitor,False,False
5,68.0,0,0.0,36,818.5,0.01,0.03,0.0,0.8,May,2,2,1,3,Returning_Visitor,False,False
0,0.0,0,0.1,63,266.81,0.06,0.13,0.0,0.0,June,2,2,1,3,Returning_Visitor,False,False
2,4.82,0,0.0,13,250.17,0.0,0.03,0.0,0.0,Mar,2,2,1,11,Returning_Visitor,False,False
6,104.3,0,0.0,14,603.26,0.03,0.03,0.0,0.0,Nov,1,1,3,2,Returning_Visitor,False,False
0,3.63,0,0.0,7,71.6,0.03,0.07,0.0,0.0,Nov,1,1,9,4,Returning_Visitor,False,False
2,104.24,0,0.0,43,414.2,0.01,0.02,0.0,0.0,Dec,1,1,1,1,Returning_Visitor,False,False
0,0.0,0,0.21,1,0.0,0.2,0.2,0.09,0.0,Nov,2,2,1,1,Returning_Visitor,False,False
0,3.34,0,0.0,48,3644.75,0.0,0.02,18.21,0.0,Mar,2,2,7,2,Returning_Visitor,False,False
10,268.25,0,0.0,71,2426.79,0.0,0.02,33.87,0.0,Nov,2,2,1,8,Returning_Visitor,False,True
3,44.0,0,0.0,14,469.88,0.0,0.01,0.0,0.0,Mar,2,4,1,10,Returning_Visitor,False,False
1,16.46,0,3.92,46,1889.25,0.0,0.02,0.0,0.0,Aug,3,2,7,6,Returning_Visitor,False,False
5,325.33,4,94.0,39,1471.61,0.0,0.01,0.0,0.0,May,3,2,1,3,Returning_Visitor,False,False
3,197.5,0,0.0,15,453.28,0.01,0.03,0.0,0.0,Dec,2,4,4,2,Returning_Visitor,False,False
1,250.8,2,2.73,13,194.4,0.0,0.05,0.35,0.0,Nov,2,2,1,6,New_Visitor,True,False
3,102.6,0,0.0,35,871.83,0.0,0.0,0.5,0.0,Dec,1,1,1,2,New_Visitor,True,False
0,2.26,0,0.0,13,309.37,0.04,0.02,14.38,0.0,Dec,3,1,1,2,New_Visitor,False,True
3,101.64,1,0.0,137,1424.18,0.0,0.0,81.76,0.0,Dec,2,10,3,1,Returning_Visitor,False,False
2,12.0,0,0.0,8,145.62,0.0,0.02,0.04,0.0,Mar,2,2,3,2,New_Visitor,True,False
1,86.6,0,1.92,14,349.58,0.0,0.01,60.44,0.0,Mar,1,1,1,2,New_Visitor,False,True
0,2.24,0,0.0,2,0.0,0.13,0.14,0.0,0.0,Dec,1,1,3,2,Returning_Visitor,False,False
3,133.47,0,0.0,44,1501.11,0.0,0.01,61.56,0.0,Nov,2,2,1,3,Returning_Visitor,True,True
6,132.22,3,86.32,22,418.84,0.0,0.02,0.0,0.0,Mar,2,2,1,2,New_Visitor,True,False
0,0.0,0,0.69,29,1085.9,0.0,0.01,30.55,0.0,Nov,2,2,1,4,New_Visitor,False,True
0,0.0,0,0.0,12,1502.29,0.0,0.03,0.0,0.0,Mar,2,2,1,3,Returning_Visitor,False,False
6,104.23,0,0.11,29,979.42,0.01,0.02,0.0,0.0,May,2,2,5,3,Returning_Visitor,True,False
1,22.0,0,0.0,46,1483.02,0.0,0.04,0.0,0.0,Nov,2,2,8,2,Returning_Visitor,False,False
6,138.5,0,0.0,27,546.61,0.01,0.03,0.81,0.0,Dec,1,8,1,2,Returning_Visitor,False,False
0,0.0,0,0.0,72,2129.33,0.0,0.02,0.0,0.8,May,2,5,1,6,Returning_Visitor,False,False
3,104.54,0,0.0,16,368.47,0.0,0.02,0.0,0.0,Oct,4,1,4,1,Returning_Visitor,False,False
0,0.0,0,0.0,46,1118.65,0.0,0.01,0.0,0.0,Mar,1,1,1,2,Returning_Visitor,True,False
0,0.0,0,0.35,34,183.81,0.2,0.14,0.02,0.0,Dec,2,2,2,10,Other,False,False
0,2.9,0,0.0,46,2665.8,0.01,0.03,0.2,0.8,May,2,2,3,4,Returning_Visitor,False,False
3,42.2,0,0.96,17,440.23,0.03,0.02,0.0,0.0,Jul,3,2,3,3,Returning_Visitor,False,False
4,106.03,0,0.0,8,146.11,0.0,0.02,0.0,0.0,Dec,2,2,3,2,New_Visitor,False,False
0,0.0,0,0.0,6,676.0,0.0,0.05,0.0,0.0,May,2,2,2,13,Returning_Visitor,False,False
0,0.0,0,0.0,11,241.0,0.0,0.02,0.0,0.0,Mar,2,2,2,1,Returning_Visitor,False,False
0,0.0,0,0.59,8,1504.11,0.0,0.03,58.79,0.2,May,2,2,3,2,New_Visitor,False,True
3,52.0,1,7.0,32,3087.0,0.0,0.02,16.95,0.0,Mar,3,2,3,10,Returning_Visitor,False,True
6,104.93,3,474.5,53,1431.33,0.0,0.02,6.08,0.0,May,1,1,1,4,Returning_Visitor,True,False
7,43.47,5,121.39,62,1469.07,0.0,0.01,0.0,0.0,May,3,2,2,3,Returning_Visitor,False,False
3,99.0,0,0.0,23,831.69,0.0,0.02,0.0,0.0,May,3,2,3,13,Returning_Visitor,False,False
0,0.0,0,0.0,30,1499.51,0.0,0.03,100.17,0.0,Nov,4,1,1,3,Returning_Visitor,False,True
3,40.62,0,0.0,25,1500.48,0.01,0.03,0.01,0.0,May,3,2,3,13,Returning_Visitor,False,False
0,0.0,0,0.26,3,228.21,0.0,0.04,0.0,0.02,May,4,2,6,1,Returning_Visitor,True,False
0,0.0,0,0.14,10,226.83,0.0,0.01,0.18,0.0,Mar,1,1,1,2,Returning_Visitor,True,False
2,26.61,6,459.0,17,1474.9,0.02,0.04,4.04,0.0,May,1,1,6,1,Returning_Visitor,False,False
1,10.0,0,0.0,48,1152.5,0.01,0.03,0.0,0.0,Mar,3,2,1,3,Returning_Visitor,False,False
1,7.0,0,0.0,39,1118.83,0.0,0.02,0.0,0.0,Nov,2,2,6,13,Returning_Visitor,False,False
4,20.0,0,0.0,57,1470.55,0.0,0.03,0.14,0.0,May,2,5,2,6,Returning_Visitor,True,False
8,222.88,1,83.33,31,1622.88,0.01,0.02,15.26,0.0,Dec,3,2,1,2,Returning_Visitor,False,False
2,108.03,0,2.0,41,1081.71,0.01,0.03,27.51,0.0,Sep,2,2,1,1,Returning_Visitor,True,False
0,0.0,0,0.0,12,1500.95,0.03,0.07,0.0,0.0,Nov,2,2,1,1,Returning_Visitor,False,False
3,360.75,0,0.0,264,10497.15,0.0,0.01,12.28,0.0,Nov,2,2,3,2,Returning_Visitor,False,False
2,105.08,0,0.0,45,4486.52,0.01,0.02,12.78,0.0,Oct,2,2,8,2,Returning_Visitor,False,False
6,103.94,0,0.0,12,343.0,0.02,0.03,0.0,0.0,Mar,3,2,1,2,Returning_Visitor,True,False
0,12.6,0,0.0,6,140.7,0.0,0.01,15.89,0.0,Nov,2,10,3,2,Returning_Visitor,True,True
3,112.8,0,0.0,8,543.73,0.0,0.01,28.7,0.0,Oct,1,1,6,2,New_Visitor,True,True
3,115.26,1,9.0,21,1290.5,0.0,0.0,58.1,0.0,Nov,2,2,9,2,New_Visitor,False,True
3,321.44,1,16.0,143,4081.25,0.0,0.02,5.38,0.0,Nov,2,2,1,2,Returning_Visitor,False,False
3,152.5,5,243.5,43,3065.95,0.0,0.01,18.7,0.0,Mar,1,2,1,1,Returning_Visitor,True,True
4,82.77,2,72.0,145,2680.18,0.0,0.04,0.17,0.0,Aug,2,2,2,1,Returning_Visitor,False,False
0,0.0,0,0.0,12,272.67,0.0,0.01,0.0,0.0,May,2,2,1,4,New_Visitor,False,False
0,0.0,0,0.0,18,410.92,0.11,0.12,0.0,0.6,May,3,2,4,13,Returning_Visitor,True,False
0,0.0,0,0.71,25,152.92,0.0,0.02,0.0,0.4,May,2,2,1,2,Returning_Visitor,False,False
4,104.48,0,0.0,8,190.77,0.0,0.02,0.01,0.0,Mar,2,2,1,3,Returning_Visitor,True,False
0,0.0,0,0.0,1,219.03,0.0,0.2,0.0,0.0,Jul,1,1,4,3,Returning_Visitor,False,False
3,53.4,0,0.0,3,292.0,0.0,0.0,0.0,0.0,Nov,2,2,1,4,Returning_Visitor,False,False
0,0.0,0,0.09,6,330.0,0.07,0.1,0.0,0.0,Mar,3,2,8,10,Returning_Visitor,False,False
0,26.31,0,1.04,22,279.83,0.01,0.01,0.0,0.0,Nov,2,2,1,2,Other,False,False
0,0.0,0,0.0,1,4.35,0.13,0.2,0.0,0.0,Aug,3,2,1,1,Returning_Visitor,True,False
3,123.0,0,0.81,5,178.33,0.0,0.02,0.0,0.0,Mar,3,2,1,1,Returning_Visitor,True,False
3,149.25,0,0.0,46,1212.81,0.0,0.02,14.89,0.0,Mar,2,2,7,2,Returning_Visitor,False,True
8,104.08,8,353.33,45,2003.42,0.01,0.01,5.58,0.0,Mar,2,2,4,2,Returning_Visitor,False,True
3,183.03,1,17.95,221,11431.0,0.01,0.02,1.58,0.0,Nov,2,2,1,1,Returning_Visitor,False,True
0,0.0,0,0.0,9,78.25,0.13,0.09,0.0,0.0,May,1,1,3,1,Returning_Visitor,True,False
4,104.24,1,4.0,46,946.39,0.0,0.03,12.39,0.0,Dec,1,1,3,2,Returning_Visitor,False,False
0,0.0,0,0.0,5,360.75,0.0,0.04,0.0,0.0,Mar,2,4,3,1,Returning_Visitor,False,False
5,335.8,0,5.38,20,1502.74,0.0,0.0,0.73,0.0,Nov,2,2,4,2,New_Visitor,False,False
1,67.59,0,0.0,13,218.0,0.01,0.03,0.0,0.0,May,1,2,1,4,Returning_Visitor,False,False
3,103.79,0,0.0,13,482.0,0.01,0.03,0.0,0.0,Mar,3,2,6,1,Returning_Visitor,False,False
1,0.0,0,0.0,28,219.8,0.0,0.04,0.0,0.0,Nov,2,2,1,1,Returning_Visitor,True,False
0,0.0,0,0.0,11,1453.38,0.03,0.07,0.0,0.0,Nov,1,1,4,3,Returning_Visitor,False,False
3,110.5,1,0.43,10,284.0,0.0,0.01,0.14,1.0,May,1,8,1,11,Returning_Visitor,True,False
0,0.0,0,0.19,17,354.5,0.03,0.05,3.58,0.0,Nov,2,2,4,1,Returning_Visitor,False,False
3,107.94,3,87.7,18,379.3,0.03,0.06,0.0,0.0,Oct,7,1,1,3,Returning_Visitor,False,False
2,228.88,0,2.22,6,86.75,0.0,0.02,0.0,0.0,May,3,2,6,5,New_Visitor,False,False
3,45.8,0,3.1,46,2435.7,0.01,0.02,0.03,0.0,Jul,3,2,4,3,Returning_Visitor,False,False
10,270.0,1,1778.0,362,13259.29,0.0,0.01,3.16,0.0,May,2,2,1,3,Returning_Visitor,True,False
0,1.54,0,0.0,46,1211.17,0.0,0.01,0.13,0.0,Nov,2,2,3,2,New_Visitor,False,True
6,140.0,1,12.0,52,1502.87,0.03,0.01,4.5,0.0,May,3,2,4,11,Returning_Visitor,False,False
4,262.25,3,298.0,46,2302.02,0.0,0.03,61.56,0.0,Mar,2,2,1,2,Returning_Visitor,False,True
0,0.0,0,0.0,44,1622.43,0.0,0.03,0.03,0.0,May,2,2,3,13,Returning_Visitor,False,False
0,0.0,1,14.0,19,267.9,0.0,0.02,0.0,0.0,Mar,8,13,1,20,Other,False,False
0,0.0,0,0.0,12,158.74,0.0,0.01,0.0,0.0,Nov,2,2,3,2,New_Visitor,False,True
2,104.02,0,0.0,46,1487.37,0.0,0.03,24.08,0.0,Dec,1,1,2,8,Returning_Visitor,True,True
0,3.74,0,0.0,32,1504.47,0.0,0.03,19.61,0.0,Nov,2,2,1,10,Returning_Visitor,False,False
0,12.0,0,0.34,11,163.37,0.05,0.07,0.25,0.0,Nov,2,2,4,3,Returning_Visitor,True,False
0,0.0,0,0.0,1,0.0,0.2,0.2,0.0,0.07,Nov,2,2,1,11,Returning_Visitor,False,False
0,1.96,0,0.1,29,4279.97,0.13,0.07,0.0,0.0,Dec,2,2,1,1,Returning_Visitor,False,False
1,1.5,0,0.0,10,229.25,0.0,0.06,0.0,0.0,Mar,1,1,6,2,Returning_Visitor,True,False
0,0.0,0,0.0,13,1502.88,0.0,0.01,83.93,0.0,Sep,2,2,5,2,New_Visitor,True,True
3,100.92,1,0.0,9,205.08,0.0,0.05,0.59,0.0,Oct,3,2,1,20,Returning_Visitor,True,False
3,11.0,0,0.0,51,2855.17,0.0,0.01,0.13,0.0,Nov,2,2,4,3,Returning_Visitor,True,False
4,166.5,1,18.78,25,452.81,0.04,0.05,0.0,0.0,Mar,3,2,4,3,Returning_Visitor,False,False
0,2.04,0,0.0,13,393.79,0.0,0.03,0.0,0.0,Nov,3,2,1,2,New_Visitor,True,False
0,0.0,0,0.0,3,55.0,0.07,0.14,0.0,0.0,Mar,3,2,3,3,Returning_Visitor,False,False
2,103.88,0,0.0,5,572.15,0.0,0.01,0.12,0.0,May,1,1,5,2,New_Visitor,False,False
3,105.31,0,0.0,11,71.35,0.0,0.0,1.23,0.0,Aug,2,2,1,2,New_Visitor,False,False
0,0.0,0,0.0,2,22.0,0.0,0.1,0.12,0.0,Nov,3,2,3,3,Returning_Visitor,False,False
5,230.33,2,64.0,25,964.05,0.01,0.02,0.49,0.03,May,3,2,3,6,Returning_Visitor,False,False
2,45.0,0,0.44,26,535.35,0.01,0.02,0.0,0.0,Dec,2,4,3,10,Returning_Visitor,False,False
1,1.95,0,0.74,3,14.33,0.01,0.07,0.0,0.0,Sep,2,2,1,5,Returning_Visitor,False,True
0,1.73,0,0.0,6,73.75,0.03,0.04,0.0,0.0,May,3,2,3,2,Returning_Visitor,False,False
1,216.6,0,0.0,20,1463.8,0.0,0.01,0.0,0.0,Nov,1,1,8,2,Returning_Visitor,False,False
3,318.67,0,0.0,32,1491.29,0.01,0.01,37.61,0.0,May,2,2,1,2,Returning_Visitor,True,False
0,0.0,0,0.0,13,190.75,0.0,0.02,0.0,0.0,May,2,2,1,4,Returning_Visitor,False,False
7,73.23,1,0.69,310,7710.73,0.0,0.01,0.1,0.0,Jul,4,1,1,4,Returning_Visitor,False,True
12,104.11,0,0.0,14,1352.75,0.0,0.02,0.0,0.0,Dec,2,2,1,2,Returning_Visitor,False,False
2,104.35,2,16.2,31,1279.81,0.01,0.05,0.0,0.0,Sep,1,1,3,2,Returning_Visitor,True,False
1,79.0,2,255.0,137,2668.73,0.0,0.02,0.0,0.0,Nov,2,2,1,2,Returning_Visitor,False,False
0,0.0,0,0.0,6,125.0,0.0,0.03,0.0,0.0,Mar,2,2,1,1,Returning_Visitor,False,False
0,0.0,0,1.36,7,117.5,0.0,0.04,0.0,0.0,May,4,2,8,3,Returning_Visitor,True,False
0,0.0,0,0.0,4,288.43,0.01,0.01,0.0,0.0,Aug,1,1,4,2,Returning_Visitor,False,False
4,134.39,1,8.67,24,1592.53,0.0,0.01,12.11,0.0,Oct,3,2,1,5,Returning_Visitor,False,False
0,1.78,0,0.0,1,0.0,0.2,0.2,0.0,0.0,Nov,2,2,8,6,Returning_Visitor,False,False
3,3.0,0,0.0,45,884.34,0.0,0.01,18.12,0.0,May,2,2,1,4,Returning_Visitor,False,False
3,101.47,1,12.97,33,1485.77,0.0,0.03,0.0,0.0,Dec,3,2,5,2,Returning_Visitor,False,False
0,1.95,0,0.0,46,910.23,0.0,0.02,0.0,0.0,Dec,2,2,1,2,Returning_Visitor,False,False
9,160.0,0,0.41,48,3946.01,0.01,0.01,12.37,0.0,Nov,2,2,1,8,Returning_Visitor,True,True
0,0.0,0,0.0,13,63.0,0.0,0.05,0.0,0.2,Feb,2,6,1,3,Returning_Visitor,False,False
2,13.0,0,0.0,13,346.39,0.02,0.03,0.02,0.0,Jul,3,2,3,4,Returning_Visitor,False,False
0,1.57,0,0.0,37,565.38,0.02,0.05,0.0,0.0,Jul,2,2,1,1,Returning_Visitor,False,False
3,95.0,0,0.0,46,1031.08,0.0,0.02,68.2,0.0,Dec,2,2,1,10,Returning_Visitor,False,False
2,2.07,2,21.0,12,144.5,0.01,0.05,0.06,0.0,Mar,2,2,2,1,Returning_Visitor,False,False
3,62.14,0,0.0,23,1046.92,0.0,0.0,17.37,0.0,May,2,2,7,1,Returning_Visitor,True,True
3,109.0,0,0.0,5,131.0,0.0,0.03,0.0,0.0,May,1,1,2,3,New_Visitor,False,False
12,202.25,0,0.0,175,4877.12,0.01,0.01,7.06,0.0,Oct,2,2,4,2,Returning_Visitor,False,True
3,114.12,1,8.0,46,1602.94,0.01,0.06,29.88,0.0,Nov,3,2,1,3,Returning_Visitor,True,False
0,1.53,0,0.28,2,60.0,0.0,0.05,0.0,0.0,Mar,3,2,3,1,Returning_Visitor,False,False
3,49.5,0,0.0,9,276.22,0.01,0.04,0.0,0.0,Dec,2,2,1,2,Returning_Visitor,True,False
3,20.97,0,0.47,8,339.51,0.03,0.05,0.0,0.0,Oct,1,8,8,4,Returning_Visitor,False,False
0,0.0,0,0.0,64,1690.78,0.01,0.03,0.0,0.0,Dec,1,1,3,2,Returning_Visitor,False,False
0,0.0,0,0.0,46,1435.38,0.0,0.02,20.79,0.0,Dec,2,2,3,2,Returning_Visitor,False,False
6,364.5,0,0.0,29,771.5,0.0,0.01,0.0,0.0,May,3,2,4,2,New_Visitor,True,False
10,317.02,3,75.85,238,9956.23,0.01,0.02,6.56,0.0,Nov,2,4,3,2,Returning_Visitor,True,True
3,214.6,0,1.24,24,1492.02,0.0,0.03,13.6,0.0,Nov,2,2,1,2,Returning_Visitor,True,False
2,2.0,0,17.12,143,1500.66,0.0,0.01,0.0,0.0,Nov,2,2,1,2,New_Visitor,True,False
3,103.98,0,0.0,7,274.25,0.02,0.04,0.02,0.0,May,3,2,1,1,Returning_Visitor,False,False
0,161.08,0,0.0,36,1653.4,0.01,0.02,68.25,0.0,Dec,3,2,1,2,Returning_Visitor,False,False
4,61.0,0,3.33,16,502.5,0.03,0.02,0.22,0.0,May,4,1,2,1,Returning_Visitor,True,True
3,326.0,0,0.0,13,364.53,0.0,0.03,0.0,0.0,Nov,1,1,3,2,Returning_Visitor,False,False
3,150.13,0,0.0,11,231.0,0.03,0.03,0.0,0.0,Sep,3,2,3,2,Returning_Visitor,False,False
0,0.0,0,0.0,29,2064.77,0.02,0.04,0.0,0.0,June,2,4,3,1,Returning_Visitor,False,False
0,0.0,0,0.0,15,310.17,0.0,0.01,0.0,0.0,Mar,1,1,4,4,Returning_Visitor,False,False
0,6.39,0,0.0,16,1397.79,0.0,0.04,0.0,0.0,May,2,2,2,18,Returning_Visitor,False,False
0,0.0,0,1.94,28,341.46,0.0,0.08,0.0,0.0,Dec,2,4,1,10,New_Visitor,False,False
2,19.0,0,0.0,4,88.0,0.0,0.02,0.0,0.0,Dec,1,1,1,3,Returning_Visitor,False,False
1,4.0,0,0.0,13,631.67,0.0,0.03,56.32,0.0,May,2,2,1,4,Returning_Visitor,False,True
0,1.58,0,0.0,5,24.0,0.03,0.12,0.0,0.0,May,1,1,1,4,Returning_Visitor,True,False
0,17.0,0,0.43,7,1093.0,0.04,0.11,0.0,0.0,Mar,2,2,3,3,Returning_Visitor,False,False
1,0.0,0,0.0,21,405.71,0.01,0.05,0.07,0.0,May,1,1,1,4,Returning_Visitor,False,False
4,105.17,0,0.0,6,299.5,0.0,0.01,0.01,0.0,Dec,1,1,4,2,Returning_Visitor,True,False
1,0.0,0,0.0,13,151.0,0.01,0.02,0.17,1.0,May,1,1,1,1,Returning_Visitor,True,False
3,55.09,0,0.0,15,1992.92,0.0,0.01,17.85,0.0,Dec,2,2,1,1,Returning_Visitor,False,True
5,47.07,0,1.2,58,1660.35,0.0,0.02,12.6,0.0,May,2,1,1,3,Returning_Visitor,True,False
3,31.5,0,0.0,3,174.67,0.0,0.05,0.0,0.0,Dec,2,2,9,2,New_Visitor,True,False
5,104.8,0,1.39,12,281.31,0.0,0.01,0.12,0.0,Aug,3,2,1,3,Returning_Visitor,False,False
1,1.43,0,0.0,28,1505.27,0.03,0.07,0.0,1.0,May,2,2,7,3,Returning_Visitor,True,False
0,6.76,0,0.0,12,425.17,0.0,0.02,0.0,0.0,Mar,1,1,6,10,Returning_Visitor,False,False
0,0.0,0,0.0,21,685.17,0.03,0.05,0.0,0.0,Nov,1,1,8,1,Returning_Visitor,True,True
0,0.0,0,0.37,6,1435.0,0.05,0.11,0.03,0.0,May,2,2,1,1,Returning_Visitor,False,False
0,1.56,0,0.05,6,84.0,0.0,0.03,0.0,0.0,Mar,1,1,8,3,Returning_Visitor,False,False
9,96.19,1,78.82,63,1345.14,0.03,0.05,2.1,0.0,Jul,2,2,9,13,Returning_Visitor,False,False
1,43.5,0,0.0,6,183.88,0.0,0.01,0.02,0.0,Dec,2,2,1,2,New_Visitor,False,False
5,81.83,2,11.57,46,2161.13,0.01,0.02,16.58,0.0,Nov,2,2,7,2,Returning_Visitor,False,True
0,1.66,0,0.33,17,132.63,0.01,0.01,0.0,0.0,Mar,1,1,1,2,Returning_Visitor,False,False
0,0.0,0,0.0,13,1314.08,0.0,0.01,103.06,0.0,Dec,8,13,9,20,Other,False,True
3,42.5,0,0.0,54,1304.78,0.0,0.01,60.81,0.0,Nov,2,2,1,3,Returning_Visitor,False,True
0,0.0,0,0.0,33,1239.5,0.13,0.1,0.0,1.0,May,2,2,1,2,Returning_Visitor,True,False
0,1.96,0,0.88,5,158.16,0.04,0.08,0.53,0.6,May,3,2,1,2,Returning_Visitor,False,False
0,2.18,0,0.12,4,145.92,0.0,0.05,0.02,0.0,Dec,2,2,1,2,New_Visitor,False,False
0,0.0,0,0.0,13,1465.78,0.02,0.03,0.0,0.0,Nov,2,2,2,2,Returning_Visitor,False,False
0,0.0,0,0.0,5,187.5,0.0,0.04,0.0,0.0,Dec,2,5,8,2,Returning_Visitor,True,False
2,40.0,0,0.31,4,55.0,0.0,0.03,0.0,0.31,May,4,2,1,13,Returning_Visitor,True,False
2,21.87,0,0.0,14,574.5,0.0,0.01,0.0,0.0,May,3,3,8,2,New_Visitor,False,False
2,104.86,0,0.0,13,1448.53,0.0,0.01,60.37,0.0,Dec,2,2,9,2,New_Visitor,False,True
0,0.0,0,0.0,2,43.52,0.2,0.14,0.15,0.0,Jul,1,1,3,1,Returning_Visitor,False,False
3,105.24,0,0.0,33,1029.5,0.0,0.0,0.0,0.0,Oct,4,2,3,2,New_Visitor,False,False
0,10.0,0,0.0,6,210.2,0.06,0.07,0.0,0.0,May,2,2,4,20,Returning_Visitor,False,False
7,445.33,1,88.45,52,1896.27,0.01,0.01,3.8,0.0,Mar,2,2,6,2,Returning_Visitor,False,False
0,0.0,0,3.0,46,1491.86,0.0,0.01,0.0,0.58,May,2,2,5,5,Returning_Visitor,False,False
1,37.2,0,0.0,14,387.77,0.01,0.03,0.0,0.0,Oct,1,8,3,1,Returning_Visitor,False,False
0,1.55,0,0.0,34,902.0,0.0,0.01,0.0,0.0,Feb,2,2,2,4,Returning_Visitor,False,False
0,0.0,0,0.0,46,2158.5,0.02,0.03,0.0,0.0,Nov,1,2,7,2,Returning_Visitor,False,False
0,0.0,0,0.51,2,8.0,0.0,0.1,0.0,0.02,Mar,2,2,5,1,Returning_Visitor,False,False
11,104.77,3,82.02,64,4829.62,0.0,0.02,48.61,0.0,Nov,1,1,1,3,Returning_Visitor,False,True
4,234.3,0,0.0,2,11.1,0.0,0.05,0.4,0.0,Nov,1,1,1,10,Returning_Visitor,True,False
0,0.0,0,0.0,1,0.0,0.13,0.2,0.0,0.0,Dec,1,1,2,2,Returning_Visitor,False,False
0,0.0,0,0.28,1,0.0,0.2,0.2,0.0,0.0,Nov,3,2,1,1,Returning_Visitor,False,False
1,6.22,0,0.0,46,1893.65,0.01,0.04,0.0,0.0,Nov,3,2,1,13,Returning_Visitor,True,False
0,0.0,0,0.0,16,360.0,0.0,0.02,0.0,0.0,May,2,2,2,1,Returning_Visitor,False,False
0,2.77,0,0.0,3,1328.82,0.03,0.17,0.0,0.6,May,2,4,1,6,Returning_Visitor,False,False
7,155.9,0,0.21,46,1400.96,0.0,0.03,14.12,0.0,Dec,2,2,7,1,Returning_Visitor,False,False
0,1.84,0,0.0,16,2515.1,0.05,0.07,0.0,0.0,May,3,2,2,3,Returning_Visitor,False,False
3,497.94,0,0.0,15,571.42,0.03,0.03,12.12,0.01,Oct,3,2,4,2,Returning_Visitor,False,False
0,0.0,0,0.0,3,0.0,0.2,0.2,0.0,0.0,Nov,1,1,6,6,Returning_Visitor,False,False
6,358.08,1,18.0,93,979.11,0.02,0.04,12.25,0.0,Nov,2,4,2,1,Returning_Visitor,False,False
1,0.0,0,0.0,17,297.3,0.0,0.05,0.0,0.56,May,2,2,4,2,Returning_Visitor,False,False
0,10.84,0,0.0,68,809.25,0.0,0.01,55.52,0.0,Mar,2,5,3,2,Returning_Visitor,False,True
0,0.0,0,0.0,43,531.0,0.0,0.01,0.0,0.8,May,4,1,1,2,Returning_Visitor,False,False
0,1.99,0,0.0,6,234.5,0.07,0.12,0.0,0.0,Nov,1,1,7,3,Returning_Visitor,False,False
2,104.06,0,0.0,18,159.98,0.02,0.03,0.02,0.0,May,1,1,3,2,Returning_Visitor,False,False
5,172.08,0,0.0,21,486.15,0.0,0.01,60.4,0.0,Nov,2,2,3,1,Returning_Visitor,False,True
0,0.0,0,0.0,7,145.19,0.0,0.04,0.04,0.2,May,2,2,7,1,Returning_Visitor,False,False
0,0.0,0,0.0,12,1437.75,0.02,0.07,0.0,0.0,Nov,2,2,3,1,Returning_Visitor,False,False
6,125.5,0,0.0,19,1409.42,0.0,0.04,0.0,0.0,Mar,1,8,3,2,Returning_Visitor,False,False
0,0.0,0,0.0,8,152.37,0.0,0.01,0.0,0.02,May,1,1,1,2,Returning_Visitor,False,False
3,6.0,0,0.0,46,1499.83,0.03,0.06,0.0,0.2,May,2,2,1,3,Returning_Visitor,False,False
3,240.1,1,80.44,33,1514.52,0.0,0.04,12.67,0.0,Aug,2,4,7,2,New_Visitor,False,False
0,0.0,1,80.98,31,1423.89,0.0,0.01,0.0,0.0,Dec,4,2,2,2,Returning_Visitor,False,False
2,156.9,0,0.0,46,1123.69,0.0,0.01,12.29,0.0,May,3,5,1,2,New_Visitor,False,True
3,105.89,0,0.67,22,2250.08,0.0,0.02,60.9,0.0,May,2,4,6,1,Returning_Visitor,False,True
0,0.0,0,0.0,5,0.0,0.2,0.13,0.0,0.0,Nov,2,2,2,1,Returning_Visitor,False,False
2,90.0,1,47.5,40,1186.14,0.0,0.01,0.0,0.0,Nov,2,10,7,2,Returning_Visitor,False,False
1,48.0,0,0.0,26,1486.46,0.03,0.04,0.0,0.0,May,3,2,8,11,Returning_Visitor,False,False
3,63.4,0,0.0,13,120.4,0.0,0.0,42.29,0.0,Oct,1,2,3,3,New_Visitor,False,True
0,0.0,0,0.0,19,224.0,0.0,0.04,0.13,0.0,May,2,2,3,19,Returning_Visitor,False,False
3,93.0,3,808.5,33,1442.91,0.02,0.05,0.0,0.0,May,2,2,6,4,Returning_Visitor,False,False
3,31.2,0,0.0,11,36.2,0.03,0.06,0.04,0.0,June,2,2,3,2,Returning_Visitor,False,False
0,0.0,0,0.0,42,1265.89,0.03,0.03,0.0,0.0,Dec,3,2,2,1,Returning_Visitor,True,False
0,0.0,0,0.0,28,1107.92,0.0,0.01,226.68,0.0,Dec,8,13,9,20,Other,False,True
0,0.0,1,0.0,9,215.0,0.04,0.07,0.0,0.8,Feb,4,1,1,3,Returning_Visitor,False,False
3,45.33,0,0.0,46,1440.3,0.01,0.02,1.66,0.0,Mar,3,2,7,3,Returning_Visitor,True,True
3,29.73,0,0.0,30,659.2,0.0,0.01,0.0,0.0,May,2,2,3,3,Returning_Visitor,True,False
3,70.23,1,69.59,45,3380.69,0.0,0.02,0.0,0.0,Mar,2,2,3,2,Returning_Visitor,False,False
0,0.0,0,0.22,14,2530.5,0.01,0.05,0.03,0.6,May,2,2,9,3,Returning_Visitor,False,False
0,0.0,0,0.0,47,1503.2,0.0,0.01,0.0,0.0,Dec,2,4,1,2,Returning_Visitor,True,False
2,91.0,3,865.0,27,960.28,0.0,0.01,12.69,0.0,Mar,2,2,1,2,New_Visitor,True,False
0,0.0,0,0.0,10,570.5,0.0,0.02,0.02,0.6,May,2,4,1,3,Returning_Visitor,False,False
0,0.0,0,0.0,60,1500.36,0.01,0.05,0.0,0.0,Aug,2,2,2,1,Returning_Visitor,False,False
0,1.48,0,0.0,7,150.97,0.03,0.07,0.0,0.0,Mar,3,2,1,1,Returning_Visitor,True,False
0,0.0,0,0.0,14,413.24,0.01,0.02,0.0,0.0,Mar,1,1,1,3,Returning_Visitor,True,False
2,94.65,0,0.0,2,161.2,0.0,0.0,0.0,0.0,Aug,2,4,3,1,Returning_Visitor,False,False
4,104.2,0,0.0,15,484.0,0.0,0.02,0.0,0.0,May,2,2,9,3,Returning_Visitor,False,False
3,56.6,0,1.72,55,1493.51,0.0,0.01,14.45,0.0,Nov,2,2,1,3,Returning_Visitor,False,True
0,0.0,0,0.0,111,3971.52,0.01,0.02,0.0,0.0,Nov,2,2,1,2,Returning_Visitor,False,False
1,18.83,0,0.0,2,155.24,0.0,0.05,0.0,0.0,Dec,3,2,1,10,Returning_Visitor,False,False
0,0.0,0,0.0,9,4.0,0.14,0.16,0.0,0.57,May,3,2,1,13,Returning_Visitor,False,False
1,15.0,0,0.0,29,1397.5,0.01,0.05,0.0,0.8,May,2,4,7,3,Returning_Visitor,False,False
0,1.98,0,0.0,30,685.75,0.0,0.04,0.0,0.0,Dec,2,2,2,3,Returning_Visitor,False,False
0,0.0,0,0.3,17,1314.25,0.13,0.1,0.01,0.0,Mar,2,2,7,1,Returning_Visitor,False,False
6,108.78,0,0.0,25,1499.9,0.0,0.03,10.69,0.0,Mar,2,2,3,2,Returning_Visitor,False,False
1,4.93,0,0.0,125,4639.41,0.0,0.02,0.14,0.2,May,2,2,1,4,Returning_Visitor,False,False
3,125.0,0,0.0,46,677.33,0.01,0.03,0.0,0.0,Nov,3,2,8,1,Returning_Visitor,False,False
3,64.5,0,0.0,36,766.22,0.0,0.01,0.0,0.0,Dec,3,2,3,2,New_Visitor,False,False
3,92.6,0,0.0,30,1126.39,0.0,0.01,61.14,0.0,Nov,2,2,1,6,Returning_Visitor,False,True
1,52.31,0,3.82,19,1401.87,0.0,0.01,0.0,0.0,Aug,3,2,1,2,Returning_Visitor,False,False
5,103.93,0,0.17,34,916.0,0.0,0.01,0.69,0.0,Dec,2,2,2,1,Returning_Visitor,False,False
0,0.0,0,0.0,101,1501.1,0.0,0.03,0.0,0.0,Oct,2,2,1,1,Returning_Visitor,False,False
1,13.0,1,28.5,39,1028.78,0.0,0.01,0.0,0.0,Dec,2,2,3,2,Returning_Visitor,False,False
2,38.39,0,0.7,9,146.54,0.0,0.02,0.0,0.0,Dec,1,2,3,2,New_Visitor,False,False
0,1.8,0,0.0,46,1435.8,0.0,0.01,0.01,0.8,May,2,2,1,1,Returning_Visitor,False,False
1,69.5,0,0.18,8,226.5,0.0,0.01,0.0,0.0,Mar,3,2,1,13,Returning_Visitor,False,False
0,0.0,0,0.0,15,419.09,0.0,0.01,0.08,0.0,Dec,3,2,1,2,New_Visitor,False,False
0,1.55,0,0.46,39,537.0,0.01,0.01,0.02,0.0,May,2,2,3,1,Returning_Visitor,False,False
0,0.0,0,0.0,1,2.88,0.13,0.2,0.0,0.0,Mar,3,2,3,1,Returning_Visitor,True,False
0,1.56,0,0.0,25,644.88,0.0,0.04,0.0,0.0,Nov,2,2,1,2,Returning_Visitor,False,False
3,104.03,0,0.14,31,1350.26,0.01,0.02,0.0,0.0,Dec,2,2,3,2,Returning_Visitor,False,False
3,4.0,0,0.0,33,947.42,0.01,0.05,0.0,0.0,Nov,2,2,1,2,Returning_Visitor,True,False
2,27.2,0,0.0,46,1504.2,0.01,0.03,0.03,0.0,Oct,2,2,3,1,Returning_Visitor,False,False
0,6.0,0,0.24,15,293.0,0.02,0.03,0.0,0.0,May,2,2,7,1,Returning_Visitor,True,False
0,1.64,0,0.0,21,1636.5,0.01,0.07,0.0,0.61,May,2,4,1,3,Returning_Visitor,False,False
0,0.0,0,0.0,21,1502.81,0.02,0.04,0.0,0.0,Mar,1,1,3,1,Returning_Visitor,False,False
1,81.6,0,0.0,46,107.2,0.02,0.04,0.0,0.0,May,2,2,3,20,Returning_Visitor,False,False
3,59.2,0,0.54,5,156.5,0.0,0.01,0.14,0.0,Nov,2,4,3,1,Returning_Visitor,False,True
2,131.0,1,9.0,14,1482.54,0.0,0.02,0.51,0.0,Dec,2,10,4,2,New_Visitor,False,False
3,645.67,0,1.91,47,1358.17,0.01,0.02,0.09,0.0,Nov,1,1,1,1,Returning_Visitor,True,False
0,0.0,0,0.0,17,588.67,0.01,0.03,0.01,0.0,Mar,2,2,4,1,Returning_Visitor,False,False
3,104.59,0,0.0,91,3869.16,0.0,0.02,0.0,0.0,Nov,1,2,1,2,Returning_Visitor,True,False
9,8.4,1,58.64,169,6920.97,0.0,0.02,0.74,0.0,Nov,1,1,3,2,Returning_Visitor,True,False
0,0.0,0,0.0,11,159.76,0.0,0.03,0.0,0.0,Feb,1,1,3,2,Returning_Visitor,False,False
0,2.41,0,0.0,12,404.0,0.0,0.03,0.0,0.0,May,2,4,1,1,Returning_Visitor,False,False
0,9.98,0,0.0,3,0.0,0.13,0.2,0.0,0.0,June,1,1,9,5,Returning_Visitor,False,False
7,105.36,0,0.0,56,1499.4,0.0,0.01,0.0,0.0,June,3,2,1,4,Returning_Visitor,False,False
2,38.0,0,0.0,11,1497.41,0.0,0.02,113.98,0.0,May,2,2,1,2,Returning_Visitor,False,True
1,1.7,0,0.5,15,430.5,0.0,0.02,0.0,0.0,May,2,4,7,2,Returning_Visitor,False,False
0,0.0,0,0.0,45,1461.83,0.02,0.03,12.35,0.0,Nov,2,2,1,1,Returning_Visitor,True,True
0,2.54,0,0.21,13,274.3,0.0,0.06,0.0,0.0,June,2,2,4,3,Returning_Visitor,False,False
0,1.49,0,0.0,46,1503.2,0.0,0.01,0.0,0.0,Nov,2,2,3,2,Returning_Visitor,False,False
0,0.0,0,0.16,1,2.5,0.2,0.2,0.0,0.0,Mar,3,2,1,1,Returning_Visitor,False,False
3,180.13,1,1.34,46,1472.79,0.09,0.05,0.0,0.0,Oct,3,2,1,13,Returning_Visitor,False,False
3,44.3,0,0.0,46,2747.62,0.03,0.06,0.0,0.0,Nov,2,2,7,1,Returning_Visitor,False,False
0,1.45,0,0.0,12,323.0,0.03,0.07,0.0,0.0,Mar,2,2,1,3,Returning_Visitor,True,False
0,0.0,0,0.0,24,968.69,0.0,0.0,106.25,0.0,Nov,1,1,8,2,Returning_Visitor,False,True
0,1.55,0,0.0,24,806.12,0.0,0.02,0.0,0.0,Nov,1,1,6,3,Returning_Visitor,False,False
4,98.58,1,84.9,27,1501.93,0.0,0.01,23.55,0.0,May,2,2,1,2,Returning_Visitor,True,True
0,0.0,1,79.96,12,645.92,0.0,0.05,0.0,0.0,Mar,1,1,1,2,Returning_Visitor,False,False
2,54.75,0,0.3,8,153.44,0.02,0.07,0.0,0.0,June,2,2,3,4,Returning_Visitor,False,False
0,3.0,0,0.0,9,133.37,0.05,0.04,4.76,0.0,Jul,3,2,4,1,Returning_Visitor,False,True
0,0.0,0,1.3,39,1168.62,0.0,0.01,0.0,0.0,Nov,1,1,4,3,Returning_Visitor,False,False
2,126.0,0,42.36,6,127.17,0.03,0.04,0.0,0.0,Dec,3,2,5,3,Returning_Visitor,True,False
9,208.27,0,0.0,19,543.78,0.0,0.01,0.0,0.0,May,3,2,3,2,New_Visitor,True,False
3,20.2,0,5.3,13,192.8,0.0,0.0,42.29,0.0,Jul,2,2,1,3,New_Visitor,False,False
0,0.0,0,2.48,6,1500.89,0.05,0.08,0.0,0.0,May,2,2,1,11,Returning_Visitor,True,False
3,424.0,0,0.0,3,61.5,0.0,0.05,0.17,0.0,Dec,2,2,4,2,New_Visitor,False,False
0,0.0,0,0.77,1,0.0,0.2,0.14,0.02,0.0,May,1,1,4,2,Returning_Visitor,True,False
4,238.05,0,15.07,104,1505.97,0.0,0.01,1.56,0.0,Nov,1,1,3,10,Returning_Visitor,False,True
0,2.56,0,0.0,4,217.21,0.2,0.2,0.0,0.4,Feb,2,2,1,3,Returning_Visitor,False,False
0,1.47,0,0.0,8,162.42,0.0,0.05,0.0,0.0,May,2,2,1,2,Returning_Visitor,False,False
3,103.92,0,0.0,25,488.72,0.03,0.07,0.0,0.0,June,2,5,1,1,Returning_Visitor,False,False
0,0.0,0,0.18,2,0.0,0.0,0.14,0.0,0.0,May,2,2,1,13,Returning_Visitor,False,False
3,67.75,0,0.0,2,19.25,0.04,0.05,0.32,0.0,Oct,1,1,3,20,New_Visitor,False,True
0,0.0,0,0.0,4,247.0,0.0,0.05,0.0,0.2,May,2,2,1,2,Returning_Visitor,False,False
1,13.62,0,0.21,7,950.0,0.02,0.02,0.25,0.0,Mar,3,2,2,3,Returning_Visitor,False,False
0,0.0,2,86.04,36,1503.63,0.0,0.01,33.85,0.12,May,3,2,7,2,New_Visitor,True,True
1,103.73,0,0.0,8,436.5,0.0,0.02,0.0,0.0,Mar,7,1,1,2,New_Visitor,True,False
3,9.65,0,0.0,15,810.33,0.0,0.02,0.0,0.0,Nov,2,2,3,11,Returning_Visitor,True,False
0,1.74,0,0.0,16,455.5,0.0,0.01,0.0,0.0,May,2,10,3,2,New_Visitor,False,False
3,132.67,0,0.0,25,773.56,0.0,0.03,5.17,0.0,Mar,3,2,2,2,Returning_Visitor,False,True
2,18.0,0,0.0,5,298.0,0.0,0.03,0.05,0.8,Feb,2,5,8,3,Returning_Visitor,False,False
3,302.5,0,0.09,15,257.17,0.05,0.05,0.0,0.0,Dec,3,2,3,3,Returning_Visitor,False,False
4,147.5,1,37.5,47,788.27,0.0,0.03,16.71,0.0,May,2,2,3,3,Returning_Visitor,False,True
0,5.61,1,28.5,46,3427.67,0.0,0.02,0.21,0.0,Nov,2,2,3,2,Returning_Visitor,False,True
0,0.0,0,0.0,1,0.0,0.2,0.14,0.3,0.0,Nov,3,2,9,13,Returning_Visitor,True,False
3,113.5,0,0.0,46,1499.95,0.0,0.01,57.98,0.0,Dec,2,2,3,2,New_Visitor,False,True
0,20.5,0,0.72,11,430.56,0.03,0.04,10.02,0.0,Oct,2,2,1,1,Returning_Visitor,False,False
2,34.12,0,26.44,13,136.07,0.0,0.05,0.0,0.0,Sep,2,2,1,5,Returning_Visitor,False,False
0,2.26,0,0.0,7,76.5,0.01,0.07,0.0,0.0,May,3,2,1,1,Returning_Visitor,False,False
2,103.8,0,0.34,13,121.0,0.02,0.02,0.0,0.0,May,3,6,3,3,New_Visitor,False,False
0,0.0,0,0.69,7,21.25,0.0,0.05,0.0,0.0,Nov,3,2,1,2,New_Visitor,True,False
7,109.04,0,0.0,46,1136.08,0.0,0.01,46.22,0.0,Nov,2,2,1,3,Returning_Visitor,False,True
0,0.0,0,0.0,62,1248.73,0.13,0.08,0.0,1.0,May,3,2,3,13,Returning_Visitor,True,False
5,32.0,1,3.0,33,1487.21,0.0,0.02,0.0,0.0,Mar,2,2,3,2,Returning_Visitor,True,False
0,1.66,0,0.0,2,4.99,0.2,0.2,0.0,0.0,Mar,1,1,1,1,Returning_Visitor,True,False
0,105.72,0,0.0,6,1499.47,0.01,0.05,0.0,0.6,May,4,2,1,1,Returning_Visitor,False,False
1,37.0,0,0.0,30,1584.3,0.0,0.02,3.36,0.0,May,3,2,9,4,Returning_Visitor,False,False
12,275.52,2,2.73,60,1276.59,0.0,0.01,12.61,0.0,Nov,4,1,1,2,Returning_Visitor,False,True
8,140.2,0,0.0,33,1109.88,0.01,0.03,0.0,0.0,Nov,1,1,4,3,Returning_Visitor,False,False
2,27.0,0,0.0,19,558.0,0.0,0.01,0.0,0.0,Mar,2,2,3,8,New_Visitor,False,False
3,24.0,0,0.0,37,1391.11,0.0,0.02,3.03,0.0,Sep,1,1,2,2,Returning_Visitor,False,False
0,0.0,0,0.11,7,267.5,0.03,0.06,0.0,0.0,Dec,2,2,1,3,Returning_Visitor,False,False
0,0.0,2,162.5,49,1508.43,0.0,0.03,0.0,0.0,May,2,2,3,6,Returning_Visitor,False,False
5,53.0,1,54.48,66,4891.97,0.0,0.03,0.0,0.0,Mar,2,2,8,1,Returning_Visitor,False,False
2,105.45,0,0.0,81,1342.75,0.0,0.01,0.14,0.0,Sep,1,1,1,3,Returning_Visitor,False,True
0,0.0,0,0.0,3,0.0,0.2,0.14,0.0,0.0,May,3,2,1,1,Returning_Visitor,False,False
0,0.0,0,0.0,3,0.0,0.2,0.14,0.0,0.0,Nov,2,2,6,2,Returning_Visitor,False,False
3,20.0,1,81.49,156,8613.26,0.01,0.02,0.0,0.0,Nov,1,1,1,2,Returning_Visitor,True,False
0,0.0,0,0.0,11,423.48,0.02,0.04,0.0,1.0,May,3,2,2,2,Returning_Visitor,True,False
2,104.37,0,0.0,12,544.83,0.0,0.01,31.39,0.0,Dec,1,2,1,2,Other,True,False
2,104.17,0,0.0,30,1708.08,0.01,0.01,16.19,0.0,May,2,2,7,1,Returning_Visitor,True,True
5,104.09,0,3.76,7,137.25,0.02,0.05,0.0,0.0,May,1,1,3,3,Returning_Visitor,False,False
8,160.5,1,28.64,22,1502.64,0.0,0.01,0.03,0.0,Dec,1,1,2,3,Returning_Visitor,False,False
0,1.76,0,0.0,1,0.0,0.2,0.2,0.01,0.0,Mar,2,4,6,2,Returning_Visitor,False,False
1,21.0,1,802.5,48,2073.92,0.0,0.03,0.0,0.0,Nov,3,2,3,2,Returning_Visitor,True,False
0,0.0,0,0.0,46,3299.52,0.0,0.01,5.17,0.0,Nov,2,2,1,2,Returning_Visitor,False,True
0,0.0,0,0.66,36,1166.73,0.0,0.03,4.6,0.0,Mar,1,1,1,3,Returning_Visitor,True,True
0,0.0,0,0.0,13,365.75,0.0,0.03,0.28,0.61,May,3,2,3,4,Returning_Visitor,True,False
0,1.51,0,0.05,17,433.13,0.03,0.05,0.0,0.01,May,3,2,4,3,Returning_Visitor,False,False
0,0.0,1,24.0,16,1502.23,0.01,0.05,0.01,0.0,May,3,2,5,13,Returning_Visitor,False,False
3,65.4,0,0.0,39,2097.42,0.0,0.01,0.0,0.0,Dec,1,1,3,2,Returning_Visitor,False,False
5,229.33,4,115.25,28,1496.6,0.0,0.01,12.5,0.0,May,1,1,1,2,Returning_Visitor,False,False
4,428.03,3,80.22,160,1381.34,0.0,0.01,12.24,0.0,Aug,2,2,7,2,Returning_Visitor,False,False
5,1652.0,0,0.0,13,446.38,0.0,0.01,0.0,0.0,Dec,8,13,9,20,Other,False,False
3,10.0,1,69.0,62,1279.33,0.0,0.02,0.0,0.0,Dec,2,2,1,2,Returning_Visitor,False,False
0,1.45,0,0.0,37,356.17,0.0,0.01,0.0,0.4,May,2,2,3,2,Returning_Visitor,False,False
3,69.0,0,0.0,46,1180.0,0.0,0.01,30.53,0.0,May,2,2,6,3,Returning_Visitor,False,True
0,0.0,0,2.53,45,1088.87,0.0,0.01,12.26,0.0,Nov,3,2,1,2,Returning_Visitor,True,True
3,66.2,2,6.8,63,5826.33,0.0,0.03,0.0,0.0,Nov,3,2,1,3,Returning_Visitor,True,False
1,116.0,0,0.0,47,830.34,0.0,0.03,0.22,0.0,Aug,1,1,4,2,Returning_Visitor,False,False
0,0.0,0,0.08,2,0.0,0.2,0.2,0.0,0.0,May,1,1,1,3,Returning_Visitor,False,False
6,139.0,0,1.67,29,1501.15,0.0,0.0,0.42,0.0,Mar,2,2,1,2,New_Visitor,True,False
6,129.02,0,0.0,56,755.42,0.0,0.02,0.03,0.0,Mar,1,1,1,3,Returning_Visitor,True,False
0,2.46,2,79.87,48,1500.59,0.01,0.02,0.0,0.0,May,2,2,7,2,Returning_Visitor,True,False
4,67.5,0,0.0,25,475.65,0.01,0.04,0.0,0.0,Nov,1,1,3,3,Returning_Visitor,True,False
0,1.77,0,0.25,8,93.0,0.0,0.05,0.0,0.0,Dec,2,4,3,1,Returning_Visitor,False,False
0,0.0,0,0.0,20,419.6,0.04,0.07,0.0,0.0,Aug,3,2,1,3,Returning_Visitor,True,False
3,45.0,1,0.0,10,579.33,0.0,0.02,59.04,0.0,May,1,1,2,5,New_Visitor,False,False
0,2.82,1,98.67,94,3085.25,0.0,0.01,0.0,0.0,Nov,2,2,2,3,Returning_Visitor,False,False
10,159.72,1,20.0,39,1504.89,0.01,0.02,16.42,0.0,May,1,1,1,13,Returning_Visitor,False,False
3,104.06,0,0.0,46,1489.24,0.0,0.01,0.0,0.0,Sep,2,2,1,1,Returning_Visitor,False,False
0,0.0,0,0.0,46,2827.43,0.0,0.02,12.42,0.01,May,2,2,2,4,Returning_Visitor,False,False
0,1.58,0,0.0,2,146.12,0.0,0.05,0.0,0.02,Feb,3,2,3,3,Returning_Visitor,False,False
3,60.14,1,151.0,83,3708.38,0.0,0.01,0.13,0.0,Nov,2,2,7,2,Returning_Visitor,True,False
15,115.34,0,0.0,33,1507.13,0.0,0.02,19.03,0.0,Sep,2,2,4,2,Returning_Visitor,False,False
4,105.11,1,15.12,72,1548.19,0.0,0.01,1.89,0.0,Aug,2,4,3,2,Returning_Visitor,False,True
0,0.0,0,0.0,2,0.0,0.2,0.14,0.01,0.0,May,2,2,1,13,Returning_Visitor,False,False
0,0.0,0,0.0,145,4108.81,0.01,0.02,0.0,0.0,Nov,2,2,4,2,Returning_Visitor,False,True
3,12.08,0,0.11,16,431.9,0.01,0.03,0.0,0.0,Nov,2,2,7,13,Returning_Visitor,True,False
0,0.0,0,1.71,74,1479.17,0.0,0.02,0.0,0.0,June,2,2,2,4,Returning_Visitor,False,False
3,104.04,0,0.0,13,794.5,0.0,0.02,0.0,0.2,May,2,2,1,2,Returning_Visitor,False,False
6,99.61,0,0.0,83,2585.62,0.0,0.01,6.87,0.0,Mar,2,2,2,2,Returning_Visitor,False,True
7,204.1,0,0.0,5,128.7,0.01,0.01,0.0,0.0,Sep,2,7,1,2,New_Visitor,False,False
0,0.0,1,68.04,19,1120.27,0.02,0.05,1.15,0.0,May,4,1,6,1,Returning_Visitor,True,True
2,1.76,0,0.63,5,170.83,0.0,0.01,0.0,0.0,Mar,3,2,7,1,Returning_Visitor,False,False
16,53.22,0,0.0,101,4484.67,0.01,0.02,3.5,0.0,Dec,3,2,2,10,Returning_Visitor,True,False
2,353.4,2,0.0,44,613.22,0.01,0.04,0.0,0.0,Mar,2,5,2,3,Returning_Visitor,True,False
0,0.0,0,0.0,1,144.97,0.0,0.14,0.0,0.0,Mar,2,2,1,1,Returning_Visitor,False,False
0,0.0,0,0.23,2,63.0,0.0,0.12,0.0,0.0,Mar,3,2,1,1,Returning_Visitor,False,False
0,0.0,0,0.0,13,154.33,0.04,0.06,0.0,0.0,May,2,2,3,3,Returning_Visitor,False,False
0,0.0,0,0.09,6,206.97,0.0,0.07,0.0,0.0,Nov,2,5,8,3,Returning_Visitor,True,False
7,286.83,7,373.5,15,176.5,0.09,0.05,0.14,0.0,May,3,2,3,4,Returning_Visitor,False,False
0,0.0,0,0.0,21,304.54,0.01,0.02,0.03,0.01,May,2,2,3,6,Returning_Visitor,False,False
1,80.73,0,0.0,24,1204.42,0.01,0.03,46.63,0.0,May,2,2,6,2,Returning_Visitor,False,False
0,1.82,1,5.0,46,797.76,0.02,0.03,0.0,0.0,Nov,1,1,1,2,Returning_Visitor,False,False
2,42.17,0,0.0,47,490.53,0.0,0.01,23.51,0.0,May,2,4,7,2,Returning_Visitor,False,False
3,104.04,0,0.0,16,672.5,0.01,0.03,0.0,0.0,Mar,2,2,4,2,Returning_Visitor,True,False
0,0.0,0,0.0,27,1192.23,0.0,0.0,0.0,0.0,May,3,2,3,4,Returning_Visitor,True,False
2,13.0,0,0.0,13,477.5,0.0,0.02,0.0,0.0,Mar,2,5,1,1,Returning_Visitor,False,False
8,52.85,2,33.5,71,1714.78,0.02,0.04,0.07,0.0,Nov,2,2,1,1,Returning_Visitor,False,False
0,1.98,0,0.0,4,99.0,0.0,0.05,0.0,0.4,May,1,1,7,2,Returning_Visitor,False,False
8,374.05,1,0.15,46,4044.47,0.01,0.03,0.0,0.0,Aug,1,1,3,2,Returning_Visitor,False,False
0,0.0,0,0.23,28,1500.86,0.03,0.05,0.0,0.0,Dec,3,2,1,1,Returning_Visitor,False,False
0,0.0,0,0.2,2,7.0,0.13,0.1,0.0,0.8,May,1,1,3,3,Returning_Visitor,False,False
4,171.5,0,0.0,46,2416.06,0.01,0.04,0.01,0.0,Nov,2,2,2,1,Returning_Visitor,False,True
3,16.0,0,0.0,63,3908.75,0.01,0.01,12.24,0.0,Aug,4,1,6,4,Returning_Visitor,False,False
11,487.61,0,0.0,36,776.17,0.0,0.02,0.0,0.0,May,3,2,1,13,Returning_Visitor,False,False
0,3.52,1,80.22,25,525.17,0.01,0.03,0.14,0.0,Nov,2,2,3,2,New_Visitor,True,False
2,14.0,0,0.0,46,2555.12,0.0,0.03,0.05,0.02,May,2,4,4,2,Returning_Visitor,False,False
0,0.0,0,0.0,4,44.0,0.03,0.08,0.0,0.6,May,2,2,1,6,Returning_Visitor,False,False
1,10.0,1,36.6,78,1505.04,0.0,0.01,15.5,0.0,June,2,2,2,2,Returning_Visitor,False,False
4,98.92,0,0.0,49,4552.34,0.0,0.01,12.27,0.0,Nov,1,2,6,2,Returning_Visitor,False,False
1,104.29,0,0.0,47,1459.58,0.01,0.02,0.0,0.0,Oct,1,1,3,3,Returning_Visitor,False,False
7,177.5,6,312.0,47,1123.05,0.01,0.02,0.33,0.0,Dec,1,1,2,2,Returning_Visitor,False,False
4,226.6,2,7.0,33,849.74,0.02,0.04,0.0,0.0,Nov,3,2,1,13,Returning_Visitor,True,False
0,0.0,0,0.14,4,149.3,0.12,0.13,0.0,0.0,Nov,2,2,1,4,Returning_Visitor,False,False
1,90.0,0,0.0,27,677.0,0.0,0.05,0.0,0.0,Dec,8,13,9,20,Returning_Visitor,False,False
3,176.5,0,0.0,34,1384.97,0.01,0.02,26.45,0.0,May,1,1,2,4,Returning_Visitor,False,True
10,264.9,1,14.8,24,1415.64,0.0,0.0,0.06,0.0,Oct,3,2,1,4,Returning_Visitor,False,False
1,11.0,0,0.0,16,145.3,0.0,0.02,0.0,0.0,Mar,2,2,1,2,New_Visitor,False,False
3,159.17,2,80.35,47,2766.94,0.0,0.03,5.93,0.0,Dec,2,2,1,2,Returning_Visitor,False,False
0,1.74,0,0.0,46,1297.46,0.0,0.02,0.0,0.0,Nov,2,1,1,2,Returning_Visitor,True,False
5,190.0,0,0.0,46,167.94,0.0,0.01,1.9,0.0,Nov,2,2,9,8,New_Visitor,False,False
0,0.0,0,0.0,2,40.67,0.0,0.14,0.45,0.0,Aug,2,2,1,13,Returning_Visitor,False,False
0,1.44,0,0.16,3,0.0,0.2,0.2,0.0,0.0,May,2,4,1,3,Returning_Visitor,False,False
0,0.0,0,0.0,6,46.25,0.0,0.1,0.0,0.0,Nov,1,1,1,2,Returning_Visitor,False,True
0,1.62,0,0.0,7,88.33,0.0,0.04,0.0,0.0,Mar,2,2,1,1,Returning_Visitor,False,False
0,0.0,0,0.0,13,0.0,0.13,0.2,0.04,0.46,May,3,2,2,3,Returning_Visitor,False,False
4,105.58,3,112.25,46,930.01,0.0,0.02,0.0,0.0,Nov,1,1,3,10,Returning_Visitor,False,False
0,0.0,0,0.0,13,292.88,0.0,0.04,0.12,0.0,Nov,4,2,3,2,Returning_Visitor,True,False
1,104.09,0,0.0,49,1492.89,0.0,0.02,0.0,0.0,Mar,2,2,6,1,Returning_Visitor,False,False
3,102.0,0,0.0,15,414.21,0.0,0.01,0.04,0.0,Dec,1,1,1,2,New_Visitor,False,False
0,0.0,0,0.54,28,363.25,0.0,0.01,0.0,0.0,Nov,2,2,1,3,Returning_Visitor,False,False
6,123.46,0,0.0,34,1570.47,0.0,0.01,12.51,0.0,Dec,2,2,2,7,Returning_Visitor,True,True
10,128.11,0,0.0,42,1434.49,0.01,0.03,14.93,0.0,Oct,2,2,5,2,Returning_Visitor,False,False
0,0.0,0,0.0,6,142.0,0.0,0.05,0.0,0.0,Mar,2,7,2,3,Returning_Visitor,False,False
5,74.6,1,43.4,46,183.31,0.02,0.04,0.0,0.0,Aug,2,2,6,1,Returning_Visitor,False,False
8,249.0,1,36.33,31,1124.92,0.01,0.01,18.09,0.0,May,2,4,5,5,Returning_Visitor,False,True
0,0.0,0,0.0,2,0.0,0.2,0.2,0.12,0.0,Nov,1,1,3,3,Returning_Visitor,False,False
0,55.05,1,141.5,41,3044.05,0.0,0.07,3.94,0.0,Dec,2,4,1,10,Returning_Visitor,False,True
0,0.0,0,0.0,34,1070.1,0.02,0.03,0.0,0.0,Jul,3,2,3,1,Returning_Visitor,False,False
0,5.41,0,0.11,45,2385.67,0.0,0.03,0.03,0.0,Nov,2,2,7,1,Returning_Visitor,False,False
3,79.22,2,297.83,62,1685.75,0.0,0.01,0.0,0.0,Nov,2,2,3,2,Returning_Visitor,False,False
1,31.25,0,0.26,31,1470.21,0.0,0.01,5.77,0.01,Nov,3,2,3,8,New_Visitor,False,True
1,108.8,0,0.11,46,387.4,0.0,0.0,0.0,0.0,June,2,2,1,2,Returning_Visitor,False,False
0,0.0,0,0.21,9,181.33,0.03,0.06,0.0,0.0,Mar,2,2,1,1,Returning_Visitor,False,False
3,89.8,0,0.0,12,413.85,0.01,0.02,0.04,0.0,Nov,1,1,1,3,Returning_Visitor,True,False
5,316.5,0,44.0,144,5757.85,0.0,0.01,12.34,0.0,Nov,2,2,1,2,Returning_Visitor,False,False
2,48.67,0,0.0,48,3726.33,0.0,0.01,0.0,0.0,Mar,3,2,1,9,Returning_Visitor,True,False
2,34.0,0,0.0,46,1500.66,0.0,0.01,0.0,0.0,Mar,2,2,3,1,Returning_Visitor,False,False
1,82.0,0,0.0,13,1243.18,0.01,0.01,0.03,0.0,Dec,1,1,6,2,Returning_Visitor,False,False
0,0.0,0,0.0,15,956.33,0.01,0.05,20.14,0.0,Nov,2,2,3,1,Returning_Visitor,False,False
3,102.87,0,0.06,13,219.6,0.0,0.04,0.0,0.0,Oct,2,2,1,20,Returning_Visitor,False,False
3,86.75,0,0.0,16,1102.5,0.0,0.01,0.0,0.0,Dec,1,1,2,2,Returning_Visitor,False,False
3,182.64,3,119.38,45,1379.33,0.02,0.02,37.6,0.0,Nov,2,5,6,2,Returning_Visitor,False,True
0,0.0,0,0.0,2,153.0,0.0,0.05,0.0,0.0,Mar,2,5,6,1,Returning_Visitor,False,False
0,1.72,0,0.0,6,148.5,0.0,0.01,0.0,0.0,Dec,1,1,1,1,New_Visitor,False,False
1,197.4,0,0.0,83,1631.4,0.03,0.07,0.05,0.0,Oct,2,2,3,13,Returning_Visitor,False,False
0,1.6,1,70.12,29,219.33,0.0,0.01,0.04,0.0,Mar,1,8,7,2,Returning_Visitor,False,False
5,30.0,0,4.0,53,4376.9,0.01,0.02,0.0,0.0,Oct,2,2,2,2,Returning_Visitor,False,False
2,15.0,0,0.22,46,1776.08,0.0,0.01,0.01,0.0,Dec,2,2,4,1,Returning_Visitor,True,False
1,93.51,1,49.0,25,2454.45,0.02,0.02,31.76,0.0,May,2,2,9,6,Returning_Visitor,False,True
3,104.13,0,0.15,23,833.67,0.01,0.01,14.1,0.0,Dec,2,2,1,2,Returning_Visitor,False,True
1,2.75,0,0.0,7,35.0,0.11,0.12,0.08,0.4,May,1,1,4,15,Returning_Visitor,False,False
0,2.15,0,0.0,10,123.0,0.0,0.02,0.0,0.0,May,2,2,3,3,Returning_Visitor,False,False
1,4.0,0,0.0,7,417.53,0.0,0.04,0.0,0.0,Aug,3,2,1,3,Returning_Visitor,False,False
10,137.5,1,32.5,145,6165.88,0.0,0.02,12.23,0.0,Dec,2,2,6,2,Returning_Visitor,False,True
0,0.0,0,0.0,33,1497.47,0.03,0.06,0.0,0.6,May,3,2,3,13,Returning_Visitor,False,False
0,0.0,0,0.0,6,144.98,0.0,0.02,0.01,0.0,May,2,2,1,4,Returning_Visitor,False,False
8,122.1,2,0.49,45,695.19,0.0,0.02,0.0,0.01,Nov,1,1,8,2,Returning_Visitor,True,True
0,0.0,0,0.0,65,1500.03,0.0,0.03,0.01,0.0,Dec,2,2,3,2,Returning_Visitor,False,False
0,3.0,0,0.0,43,1562.87,0.02,0.02,0.0,0.6,May,3,2,1,13,Returning_Visitor,False,False
1,103.93,0,0.0,13,351.4,0.06,0.12,0.0,0.0,Aug,1,1,3,3,Returning_Visitor,False,False
1,12.0,0,0.0,35,891.87,0.02,0.03,0.06,0.0,Mar,2,2,2,2,Returning_Visitor,True,False
0,0.0,0,0.0,6,153.39,0.0,0.03,0.0,0.0,Nov,2,4,3,10,Returning_Visitor,False,False
3,68.8,0,0.0,33,781.52,0.01,0.01,22.54,0.0,Jul,2,2,6,2,Returning_Visitor,True,False
0,3.33,1,0.0,44,2807.16,0.02,0.03,0.0,0.0,Nov,1,1,4,2,Returning_Visitor,False,True
0,0.0,0,0.0,11,631.4,0.05,0.05,0.0,0.54,May,2,2,1,3,Returning_Visitor,False,False
0,0.0,0,0.0,1,7.82,0.2,0.2,0.13,0.0,Jul,1,1,1,1,Returning_Visitor,True,False
3,1178.6,4,124.8,18,309.14,0.01,0.02,0.0,0.0,Jul,2,5,6,4,Returning_Visitor,False,False
0,1.52,0,0.22,2,0.0,0.2,0.2,0.0,0.0,Nov,2,2,1,1,Returning_Visitor,False,False
0,0.0,0,0.0,2,0.0,0.2,0.2,0.18,0.0,Nov,2,2,3,1,Returning_Visitor,False,False
0,67.22,0,0.0,3,199.77,0.0,0.07,0.0,0.0,Mar,2,5,1,10,Returning_Visitor,False,False
0,4.33,0,0.0,35,907.4,0.13,0.14,0.0,0.0,Jul,3,2,4,1,Returning_Visitor,True,False
3,46.0,1,53.5,15,1408.62,0.04,0.05,9.41,0.0,May,3,2,4,5,Returning_Visitor,True,False
0,0.0,0,0.28,3,249.74,0.07,0.14,0.0,0.4,May,2,12,8,3,Returning_Visitor,False,False
3,49.7,1,0.0,46,1991.82,0.02,0.02,21.74,0.0,Nov,1,1,1,2,Returning_Visitor,False,False
3,103.93,0,0.0,15,432.75,0.0,0.01,0.0,0.0,Dec,2,2,1,2,New_Visitor,False,False
3,3.66,0,0.0,13,148.25,0.01,0.04,0.0,0.0,Mar,3,2,6,8,New_Visitor,True,False
4,52.83,0,0.28,57,1504.54,0.01,0.02,0.0,0.0,Nov,1,1,1,3,Returning_Visitor,True,False
0,0.0,0,0.0,3,66.95,0.2,0.2,0.0,0.2,May,3,2,1,4,Returning_Visitor,False,False
0,0.0,0,0.0,32,1787.4,0.0,0.01,0.0,0.0,Nov,2,2,4,2,New_Visitor,False,False
4,128.5,0,0.0,13,197.92,0.0,0.01,0.0,0.0,May,1,8,1,11,Returning_Visitor,True,False
0,2.74,0,0.0,8,183.44,0.0,0.01,12.16,0.0,Sep,2,2,1,4,Returning_Visitor,False,False
5,140.0,0,0.0,21,839.42,0.01,0.01,30.84,0.0,Dec,3,2,3,2,Returning_Visitor,False,True
0,0.0,0,0.11,2,187.0,0.1,0.14,0.0,0.0,Mar,2,2,1,3,Returning_Visitor,False,False
0,1.53,0,0.0,46,1447.58,0.0,0.01,0.0,0.6,May,2,2,3,3,Returning_Visitor,False,False
2,377.41,3,69.73,46,448.75,0.02,0.05,0.0,0.0,Mar,2,10,6,1,Returning_Visitor,False,False
11,483.33,1,0.0,5,161.33,0.0,0.02,0.27,0.0,Dec,1,1,3,2,Returning_Visitor,True,False
3,102.33,0,0.41,190,3679.13,0.0,0.01,12.26,0.0,Dec,2,2,7,3,Returning_Visitor,False,False
3,27.33,0,0.0,47,20.0,0.12,0.09,0.11,0.01,Mar,1,1,4,2,Returning_Visitor,True,False
0,2.74,0,0.0,34,2091.48,0.05,0.07,0.0,0.0,May,1,1,8,1,Returning_Visitor,False,False
0,0.0,0,0.0,5,66.0,0.0,0.05,0.0,0.0,Mar,1,2,3,3,Returning_Visitor,False,False
2,114.0,0,0.0,24,368.33,0.09,0.11,0.0,0.4,May,3,2,4,3,Returning_Visitor,False,False
0,2.07,0,0.0,10,413.33,0.0,0.03,0.0,0.0,May,3,2,1,4,Returning_Visitor,True,False
1,2.0,0,0.0,7,106.75,0.03,0.04,0.0,0.0,Nov,3,2,3,3,Returning_Visitor,False,False
1,86.37,0,0.0,9,219.25,0.0,0.07,59.79,0.0,Dec,2,2,6,2,Returning_Visitor,False,True
3,105.0,1,75.94,286,9952.35,0.0,0.02,0.01,0.0,Nov,2,2,1,2,Returning_Visitor,False,True
0,0.0,0,0.0,13,279.55,0.0,0.02,0.0,0.0,Nov,3,2,1,3,Returning_Visitor,False,False
0,1.88,0,0.37,21,979.02,0.0,0.02,0.0,0.0,May,2,2,1,4,Returning_Visitor,False,False
0,0.0,0,0.0,14,632.0,0.03,0.04,0.0,0.0,May,2,2,3,3,Returning_Visitor,False,False
0,0.0,0,0.0,13,267.5,0.03,0.03,0.0,0.6,May,2,2,1,13,Returning_Visitor,False,False
1,0.0,0,0.0,2,145.07,0.0,0.05,0.01,0.0,Mar,2,2,8,2,Returning_Visitor,False,False
3,281.0,0,0.0,6,145.0,0.0,0.03,0.0,0.0,Mar,3,2,8,8,New_Visitor,False,False
3,504.0,0,0.08,13,1503.1,0.02,0.03,0.0,0.0,Mar,3,2,8,2,Returning_Visitor,False,False
0,0.0,0,0.0,15,428.29,0.03,0.03,0.26,0.0,May,3,2,3,1,Returning_Visitor,True,False
3,101.33,0,0.0,10,266.5,0.03,0.03,0.0,0.0,Mar,2,2,4,1,Returning_Visitor,False,False
3,752.38,1,14.0,108,406.68,0.02,0.03,3.4,0.0,Nov,1,1,1,2,Returning_Visitor,False,False
0,4.25,0,0.0,3,0.0,0.2,0.14,0.0,0.0,Aug,1,1,3,4,Returning_Visitor,False,False
2,104.09,0,0.0,3,202.83,0.0,0.01,0.0,0.0,May,3,2,3,2,Returning_Visitor,False,False
1,8.68,0,0.42,89,1504.57,0.0,0.01,1.19,0.0,Nov,2,2,1,2,Returning_Visitor,False,False
3,95.3,0,0.49,14,262.59,0.01,0.0,0.0,0.0,Nov,1,1,1,2,Returning_Visitor,False,False
6,211.0,1,58.0,41,1505.17,0.01,0.03,0.0,0.0,May,2,2,8,6,Returning_Visitor,False,False
3,118.0,0,0.0,32,1510.06,0.03,0.05,1.3,0.0,Nov,2,2,1,3,Returning_Visitor,False,False
0,0.0,0,0.0,13,329.0,0.02,0.05,0.01,0.0,Mar,2,2,3,1,Returning_Visitor,False,False
0,0.0,0,0.34,46,1384.02,0.0,0.01,0.0,0.0,Mar,2,2,1,2,Returning_Visitor,False,False
3,69.36,0,0.0,7,212.17,0.0,0.01,0.0,0.0,Mar,3,2,1,8,New_Visitor,False,False
3,70.29,5,80.2,17,1135.55,0.0,0.0,0.0,0.0,Mar,1,1,3,3,Returning_Visitor,False,False
0,0.0,0,0.0,14,416.67,0.0,0.02,0.0,0.0,Dec,2,2,2,1,Returning_Visitor,False,False
0,2.11,0,0.1,8,782.68,0.0,0.05,0.0,0.09,May,2,2,1,20,Returning_Visitor,False,False
5,63.0,0,0.0,15,458.5,0.0,0.01,0.1,0.0,Dec,2,2,6,2,New_Visitor,True,False
0,0.0,0,0.51,15,148.23,0.02,0.02,0.0,1.0,May,1,1,1,3,Returning_Visitor,True,False
0,0.0,0,1.04,36,744.23,0.01,0.02,0.0,0.0,May,1,1,3,2,Returning_Visitor,False,False
2,14.0,0,0.0,31,754.5,0.0,0.01,0.81,0.0,Mar,1,2,1,8,Returning_Visitor,True,False
3,229.0,0,0.0,27,760.77,0.0,0.01,41.22,0.0,Nov,2,2,3,10,Returning_Visitor,False,True
0,0.0,0,12.8,41,1321.32,0.0,0.02,3.98,0.0,Oct,4,1,7,2,Returning_Visitor,False,False
2,2.35,0,0.0,28,550.07,0.0,0.09,0.01,0.0,Dec,2,2,1,2,Returning_Visitor,False,False
3,45.03,0,0.0,37,393.16,0.0,0.02,0.0,0.06,June,2,2,7,13,Returning_Visitor,False,False
0,0.0,0,0.0,8,145.49,0.13,0.08,0.03,0.0,Mar,2,2,3,1,Returning_Visitor,False,False
0,0.0,0,0.0,1,0.0,0.2,0.2,0.01,0.0,May,1,1,1,3,Returning_Visitor,False,False
0,56.97,0,0.0,67,3763.0,0.0,0.0,6.48,0.0,Nov,2,2,9,3,Other,False,True
3,41.0,0,0.0,46,1494.13,0.0,0.01,0.0,0.0,Mar,2,2,1,2,Returning_Visitor,False,False
0,2.08,0,0.0,5,124.0,0.0,0.06,0.0,0.0,Nov,1,1,4,11,Returning_Visitor,True,False
0,0.0,0,0.0,13,976.0,0.0,0.03,0.01,0.0,May,2,2,1,1,Returning_Visitor,False,False
7,151.0,0,0.0,44,1502.03,0.0,0.01,0.0,0.0,Mar,1,1,1,2,Returning_Visitor,False,False
0,40.55,0,0.0,10,148.89,0.01,0.04,0.0,0.0,Jul,2,2,1,5,New_Visitor,False,False
11,261.16,0,5.83,58,1992.72,0.01,0.02,0.0,0.0,Nov,3,2,1,2,Returning_Visitor,False,False
0,0.0,0,0.0,2,7.93,0.0,0.1,0.0,0.0,Mar,2,2,1,1,Returning_Visitor,False,False
15,591.66,0,5.18,56,2504.41,0.0,0.01,12.25,0.0,May,3,2,1,2,Returning_Visitor,False,False
0,0.0,0,0.0,14,599.58,0.0,0.02,0.0,0.0,Nov,2,2,1,20,Returning_Visitor,False,False
0,1.88,0,0.09,37,1503.44,0.01,0.02,0.01,0.0,Dec,2,2,6,3,Returning_Visitor,False,False
0,14.5,5,150.51,26,672.88,0.0,0.03,0.0,0.0,Nov,2,2,4,1,Returning_Visitor,False,False
0,2.08,0,0.05,13,235.5,0.0,0.01,0.0,0.0,Nov,3,2,6,4,Returning_Visitor,False,False
4,43.93,0,0.0,226,6774.09,0.0,0.02,8.67,0.0,Nov,2,2,1,2,Returning_Visitor,False,True
0,0.0,0,0.41,16,213.8,0.01,0.07,0.0,0.0,Aug,2,2,1,1,Returning_Visitor,False,True
2,180.5,0,0.0,31,472.92,0.0,0.02,0.02,0.0,May,1,1,3,3,Returning_Visitor,False,False
2,103.99,0,0.0,46,1233.03,0.0,0.02,0.0,0.0,Dec,2,2,1,3,Returning_Visitor,False,False
3,106.74,0,0.0,7,137.0,0.0,0.02,0.0,0.0,June,2,4,6,2,New_Visitor,False,False
0,0.0,0,1.38,27,1547.5,0.0,0.01,0.0,0.0,Mar,3,2,1,1,Returning_Visitor,False,False
2,14.0,0,0.0,46,1498.46,0.0,0.01,2.77,0.0,Nov,2,2,2,2,Returning_Visitor,False,False
0,0.0,3,44.0,179,1738.47,0.0,0.03,0.17,0.01,Mar,2,4,4,2,Returning_Visitor,False,False
2,31.2,1,468.4,15,1506.82,0.02,0.02,12.14,0.0,Jul,2,2,5,3,Returning_Visitor,True,False
3,81.6,0,0.62,46,2017.52,0.0,0.02,0.0,0.0,Oct,2,2,1,2,Returning_Visitor,True,False
0,0.0,0,0.0,8,1488.21,0.0,0.04,0.0,0.0,Mar,2,2,1,1,Returning_Visitor,False,False
5,41.3,0,0.0,24,446.93,0.0,0.01,0.0,1.0,May,2,2,8,1,Returning_Visitor,False,False
0,0.0,0,0.0,13,147.55,0.0,0.04,0.0,0.0,May,4,1,1,3,Returning_Visitor,False,False
0,0.0,0,0.0,9,146.76,0.0,0.04,0.0,0.0,Dec,2,2,7,2,Returning_Visitor,False,False
0,0.0,0,0.0,7,63.0,0.03,0.06,0.0,0.6,May,2,2,4,13,New_Visitor,False,False
0,0.0,0,0.0,7,67.0,0.0,0.03,0.0,0.0,Mar,2,2,1,2,Returning_Visitor,False,False
3,104.07,0,0.0,12,871.5,0.02,0.03,0.0,0.0,Nov,2,2,9,3,Returning_Visitor,False,False
0,1.69,0,0.0,1,0.0,0.13,0.2,0.0,0.4,May,1,1,3,3,Returning_Visitor,False,False
0,0.0,0,1.29,12,749.45,0.03,0.03,0.22,0.0,Nov,2,6,3,2,Returning_Visitor,False,False
0,0.0,0,0.0,3,145.56,0.07,0.1,0.01,0.55,May,2,2,1,3,Returning_Visitor,False,False
1,55.0,2,18.0,9,1452.49,0.0,0.04,17.27,0.0,May,2,4,3,4,Returning_Visitor,False,True
0,0.0,0,3.76,5,52.0,0.0,0.02,0.0,0.0,Mar,2,4,7,2,Returning_Visitor,False,False
5,34.44,0,1.85,103,1843.76,0.0,0.02,0.0,0.0,June,2,4,1,3,Returning_Visitor,True,False
0,2.76,0,0.0,6,579.0,0.0,0.03,0.0,0.0,Dec,1,1,7,3,Returning_Visitor,False,False
3,89.92,1,13.0,63,4833.92,0.01,0.02,0.0,0.0,May,2,2,6,4,Returning_Visitor,False,False
0,2.19,2,478.92,5,204.0,0.06,0.1,0.0,0.0,Nov,3,2,1,13,Returning_Visitor,False,False
11,437.24,3,434.3,486,4843.65,0.0,0.01,0.0,0.0,Jul,2,2,1,3,Returning_Visitor,False,False
0,1.53,0,0.0,1,0.0,0.2,0.2,0.0,0.0,Dec,2,2,1,1,Returning_Visitor,True,False
2,102.49,1,36.2,67,2568.68,0.04,0.07,4.0,0.0,Aug,2,4,2,1,Returning_Visitor,False,True
0,0.0,0,0.0,1,11.44,0.13,0.2,0.0,0.0,Jul,3,2,1,4,Returning_Visitor,True,False
1,13.0,1,10.0,18,445.0,0.0,0.0,0.0,0.0,Nov,1,1,4,3,Returning_Visitor,False,False
0,0.0,0,0.0,14,157.21,0.03,0.04,0.0,0.0,Dec,1,1,8,3,Returning_Visitor,False,False
0,0.0,0,0.0,24,445.0,0.0,0.03,0.0,0.0,May,2,2,3,2,New_Visitor,False,False
0,1.48,0,0.0,1,0.0,0.2,0.2,0.0,0.0,Mar,2,2,1,1,Returning_Visitor,False,False
3,4.84,5,53.34,218,8205.69,0.02,0.04,1.18,0.0,Nov,2,2,3,3,Returning_Visitor,False,True
0,0.0,0,4.36,46,414.21,0.0,0.03,0.17,1.0,May,3,2,1,2,Returning_Visitor,True,False
0,0.0,0,0.0,7,148.17,0.0,0.06,0.0,0.4,May,1,1,1,20,Returning_Visitor,False,False
0,0.0,0,0.0,2,11.0,0.0,0.1,1.77,0.0,Aug,3,2,1,4,Returning_Visitor,False,False
0,0.0,1,25.0,43,2053.93,0.01,0.04,0.1,0.0,May,2,2,9,3,Returning_Visitor,True,False
0,0.0,0,0.0,46,44.8,0.0,0.03,50.36,0.0,Jul,4,1,1,1,Returning_Visitor,False,True
3,104.32,0,0.0,13,2151.0,0.0,0.02,10.91,0.0,Mar,2,2,1,1,Returning_Visitor,False,True
10,497.17,0,0.0,20,1170.17,0.01,0.02,0.01,0.0,Nov,2,2,3,2,Returning_Visitor,False,False
3,102.02,0,0.0,41,641.48,0.0,0.0,0.0,0.0,May,3,2,8,6,New_Visitor,False,False
0,0.0,0,0.39,8,272.9,0.12,0.08,0.03,0.0,Oct,1,1,1,1,New_Visitor,False,False
0,0.0,0,0.0,9,166.17,0.0,0.03,17.54,1.0,May,2,2,2,4,Returning_Visitor,False,True
3,65.68,1,42.4,13,285.68,0.02,0.04,0.45,0.07,Aug,2,6,4,3,Returning_Visitor,False,False
0,124.0,0,0.0,2,112.8,0.0,0.03,0.0,0.0,Aug,2,2,1,1,New_Visitor,False,False
0,0.0,0,0.0,5,54.4,0.0,0.07,0.0,0.0,Aug,1,1,3,3,Returning_Visitor,True,False
0,0.0,0,0.44,6,269.25,0.0,0.01,0.0,0.0,Nov,3,2,1,8,New_Visitor,False,False
4,111.0,0,0.2,9,155.0,0.0,0.01,0.0,0.0,Dec,1,1,3,2,Returning_Visitor,False,False
3,147.67,2,96.33,46,1502.67,0.0,0.01,2.69,0.0,May,2,2,6,4,Returning_Visitor,True,False
3,115.89,1,45.5,26,1198.02,0.01,0.03,14.5,0.01,Nov,3,2,1,2,Returning_Visitor,False,False
0,0.0,0,0.68,14,203.95,0.13,0.2,0.0,0.2,May,1,1,4,1,Returning_Visitor,False,False
0,0.0,0,0.0,6,168.0,0.03,0.06,0.19,0.0,Nov,2,2,1,1,Returning_Visitor,False,False
1,51.5,0,0.0,46,2689.29,0.01,0.03,0.0,0.0,Nov,2,2,9,2,Returning_Visitor,False,False
0,0.0,0,0.0,20,248.42,0.01,0.03,0.08,0.8,May,2,2,2,13,Returning_Visitor,False,False
0,0.0,0,0.0,42,1766.83,0.02,0.06,0.02,0.01,Nov,2,2,1,13,Returning_Visitor,False,False
4,133.09,2,1.2,9,297.08,0.0,0.02,0.0,0.0,Nov,2,2,6,8,New_Visitor,True,False
3,86.58,0,0.0,3,47.2,0.01,0.05,0.0,0.0,Aug,1,1,1,4,New_Visitor,False,False
0,0.0,0,0.0,6,150.22,0.03,0.05,0.0,0.0,May,2,2,3,3,Returning_Visitor,False,False
3,5.11,2,70.86,43,445.5,0.01,0.01,12.73,0.0,Nov,3,2,1,8,New_Visitor,True,False
0,0.0,0,0.0,46,954.08,0.03,0.06,120.59,0.0,Nov,3,2,1,13,Returning_Visitor,False,False
7,84.55,0,0.0,48,1500.45,0.0,0.03,8.78,0.0,May,2,2,1,2,Returning_Visitor,False,False
0,2.22,0,0.1,20,1503.69,0.01,0.05,0.0,0.0,Nov,2,2,3,1,Returning_Visitor,False,False
0,0.0,0,2.13,1,19.45,0.2,0.2,0.0,1.0,May,1,1,4,1,Returning_Visitor,True,False
3,93.87,0,0.0,46,666.97,0.0,0.02,30.22,0.0,Nov,2,4,1,2,Returning_Visitor,False,True
3,7.0,0,0.0,52,906.4,0.0,0.02,0.0,0.0,Oct,2,2,9,4,Returning_Visitor,False,False
0,0.0,0,0.0,20,1504.16,0.01,0.08,0.01,0.2,May,2,2,8,1,Returning_Visitor,False,False
3,104.08,1,416.0,46,1393.7,0.02,0.04,12.05,0.0,May,2,2,3,2,Returning_Visitor,True,False
0,0.0,0,0.0,24,182.42,0.0,0.03,0.0,0.0,May,2,2,9,2,Returning_Visitor,True,False
2,156.0,1,201.0,14,1033.07,0.01,0.01,0.0,0.01,May,1,1,6,3,Returning_Visitor,True,False
2,31.37,0,0.0,13,238.53,0.0,0.01,36.7,0.0,Oct,2,2,1,20,Returning_Visitor,False,True
1,103.27,0,0.23,48,1199.16,0.0,0.0,0.0,0.0,Dec,2,2,1,2,New_Visitor,False,False
0,0.0,0,0.0,1,78.08,0.2,0.14,0.38,0.0,May,3,2,3,15,Returning_Visitor,True,False
2,52.0,0,0.0,17,221.2,0.0,0.0,0.0,0.0,Mar,2,2,4,2,New_Visitor,False,False
3,35.0,0,0.0,16,421.17,0.0,0.05,0.06,0.0,Mar,2,5,7,1,Returning_Visitor,False,False
0,0.0,0,0.0,2,0.0,0.2,0.14,0.0,0.0,Nov,1,1,1,1,Returning_Visitor,False,False
12,393.27,0,0.25,15,366.58,0.0,0.01,1.93,0.0,Dec,2,2,8,1,New_Visitor,False,False
0,0.0,0,0.0,46,780.17,0.0,0.02,0.0,0.0,Mar,2,4,3,2,Returning_Visitor,False,False
0,1.89,0,0.0,50,1503.87,0.0,0.01,0.0,0.0,Nov,2,2,1,2,New_Visitor,False,False
5,79.67,2,18.25,112,1486.15,0.0,0.02,10.92,0.0,Dec,2,4,1,2,Returning_Visitor,False,False
0,1.45,0,0.0,68,2614.21,0.0,0.01,0.0,0.0,Nov,2,2,1,3,Returning_Visitor,True,False
0,1.75,0,0.0,4,69.0,0.02,0.05,0.0,0.0,Nov,3,2,1,3,Returning_Visitor,False,False
0,0.0,3,101.0,7,208.5,0.04,0.03,0.0,0.02,May,2,2,1,5,New_Visitor,True,False
3,40.0,0,5.15,10,423.67,0.01,0.02,0.0,0.0,May,4,2,1,11,Returning_Visitor,False,False
0,0.0,0,0.0,36,1135.17,0.01,0.04,0.0,0.0,May,3,2,1,2,Returning_Visitor,True,False
0,0.0,0,0.0,28,1503.7,0.01,0.03,0.0,0.0,Jul,3,2,3,15,Returning_Visitor,False,False
0,1.52,0,0.0,1,2.51,0.13,0.2,0.0,0.0,Mar,3,2,1,1,Returning_Visitor,False,False
7,102.45,1,39.0,4,45.33,0.0,0.01,0.03,0.0,May,3,2,3,2,Returning_Visitor,False,False
0,3.83,0,0.0,3,0.0,0.2,0.2,0.43,0.0,Jul,1,1,1,1,Returning_Visitor,False,False
0,0.0,0,0.0,10,249.33,0.0,0.02,0.0,0.0,Nov,1,1,6,8,Returning_Visitor,True,False
0,0.0,0,0.0,22,167.2,0.0,0.1,0.05,0.0,Mar,4,1,3,2,Returning_Visitor,False,False
0,0.0,0,0.0,10,243.12,0.0,0.02,0.0,0.0,May,2,2,3,2,Returning_Visitor,False,False
7,68.06,4,256.07,125,3674.8,0.02,0.03,13.14,0.0,Aug,2,2,3,13,Returning_Visitor,True,False
0,0.0,0,0.84,4,156.6,0.0,0.05,0.0,0.0,Mar,2,3,7,3,Returning_Visitor,True,False
3,17.0,0,0.0,13,338.33,0.02,0.04,0.03,0.2,May,2,2,3,4,Returning_Visitor,False,False
0,1.87,0,0.0,13,1855.6,0.03,0.05,0.0,0.0,Nov,2,2,1,1,Returning_Visitor,False,False
8,102.53,1,91.0,46,2926.43,0.0,0.0,12.89,0.0,Mar,1,1,1,3,New_Visitor,False,True
4,66.39,1,80.0,52,1543.75,0.0,0.02,0.0,0.0,Nov,2,2,3,2,Returning_Visitor,False,False
3,45.0,0,0.0,46,1288.07,0.0,0.02,0.0,0.0,May,3,2,1,4,Returning_Visitor,False,False
3,90.12,0,0.0,9,227.33,0.0,0.02,0.0,0.0,May,2,4,1,2,Returning_Visitor,True,False
3,35.83,0,0.0,9,429.84,0.03,0.02,0.0,0.0,Nov,1,1,8,1,Returning_Visitor,False,False
0,0.0,0,0.0,21,952.53,0.0,0.01,91.25,0.0,May,2,2,1,3,New_Visitor,False,True
3,95.01,1,164.0,107,1663.93,0.0,0.01,0.0,0.0,Nov,2,2,1,2,Returning_Visitor,False,True
3,1023.0,0,0.0,46,4681.89,0.01,0.02,0.0,0.6,May,2,2,7,13,Returning_Visitor,False,False
12,139.37,0,0.0,13,139.43,0.0,0.01,47.3,0.0,Oct,3,2,1,5,New_Visitor,True,False
3,92.22,1,100.0,13,364.35,0.0,0.02,0.0,0.0,May,3,2,2,3,Returning_Visitor,False,False
5,123.5,2,55.62,46,3618.02,0.0,0.03,0.01,0.0,May,2,2,3,2,Returning_Visitor,False,False
0,0.0,0,0.0,14,1463.7,0.01,0.03,0.0,0.0,Nov,1,1,1,10,Returning_Visitor,False,False
8,217.4,1,67.4,24,428.3,0.0,0.01,0.0,0.0,Sep,2,4,4,4,New_Visitor,False,False
4,240.17,0,6.3,73,2371.37,0.02,0.03,0.0,0.0,Nov,3,2,1,2,Returning_Visitor,True,False
3,44.0,0,0.0,43,773.47,0.0,0.03,10.36,0.0,Mar,2,2,1,2,Returning_Visitor,True,True
2,38.0,0,0.0,77,1230.31,0.0,0.0,79.0,0.6,May,2,4,4,2,Returning_Visitor,False,False
0,0.0,1,0.0,46,188.0,0.0,0.03,0.14,0.0,Mar,2,2,1,8,New_Visitor,False,False
0,5.03,9,1779.17,12,1886.5,0.0,0.02,0.17,0.6,May,2,2,6,3,New_Visitor,False,False
0,5.0,0,1.81,12,900.5,0.01,0.03,0.0,0.0,Nov,2,2,4,6,Returning_Visitor,False,False
1,61.4,0,0.23,27,779.61,0.0,0.06,0.37,0.0,Oct,2,2,3,2,Returning_Visitor,False,False
1,576.0,0,0.0,13,587.75,0.03,0.04,0.0,0.0,Nov,1,1,4,1,Returning_Visitor,False,False
1,4.0,0,0.0,17,377.5,0.0,0.0,69.71,0.0,Nov,8,13,9,4,Other,False,False
2,104.02,0,0.0,38,813.6,0.0,0.02,0.01,0.0,Nov,1,1,3,1,Returning_Visitor,False,False
10,104.2,1,79.64,129,3367.04,0.0,0.02,1.04,0.0,May,2,4,1,2,Returning_Visitor,False,True
20,199.46,0,299.03,686,1258.27,0.01,0.02,0.15,0.01,Aug,2,2,1,1,Returning_Visitor,False,False
5,13.2,2,38.0,71,2632.19,0.0,0.01,0.0,0.0,Nov,4,2,1,2,Returning_Visitor,True,False
0,0.0,0,0.87,26,2607.5,0.02,0.05,0.16,0.0,May,1,1,2,3,Returning_Visitor,False,False
0,0.0,0,0.0,3,71.17,0.13,0.08,0.34,0.0,Nov,3,2,1,4,Returning_Visitor,False,True
8,168.17,0,0.0,28,888.0,0.01,0.03,0.0,0.0,May,1,1,1,3,Returning_Visitor,True,False
0,0.0,0,0.09,41,1503.9,0.01,0.05,0.0,0.0,Mar,3,2,3,1,Returning_Visitor,False,False
0,6.44,1,31.0,15,1446.89,0.01,0.01,0.0,0.0,May,3,2,2,6,Returning_Visitor,False,False
1,25.76,3,80.0,125,3835.56,0.02,0.05,12.33,0.0,Jul,1,1,1,3,Returning_Visitor,False,True
6,523.33,3,37.0,34,581.23,0.02,0.03,0.0,0.0,Mar,2,2,8,1,Returning_Visitor,False,False
3,97.88,1,9.0,46,1502.36,0.01,0.03,6.75,0.0,May,2,2,3,1,Returning_Visitor,False,True
0,0.0,0,0.0,6,241.0,0.0,0.03,0.05,0.0,May,2,2,2,1,Returning_Visitor,False,False
1,3.0,14,1165.17,81,2820.95,0.01,0.03,0.0,0.0,Mar,2,2,3,2,Returning_Visitor,False,False
0,0.0,0,0.0,46,781.0,0.03,0.06,0.01,0.0,Mar,3,2,4,1,Returning_Visitor,False,False
1,29.2,0,1.23,10,126.93,0.01,0.02,16.61,0.0,Mar,2,2,1,2,Returning_Visitor,False,True
4,104.44,0,0.0,12,20.0,0.0,0.02,0.05,0.0,Nov,2,2,6,2,Returning_Visitor,False,False
0,0.0,0,0.0,4,118.25,0.0,0.02,0.0,0.0,Dec,3,2,3,2,New_Visitor,False,False
3,117.0,0,0.0,20,543.8,0.01,0.03,0.0,0.0,Mar,1,1,1,2,New_Visitor,False,False
2,23.2,0,0.88,13,240.19,0.08,0.12,0.41,0.0,Aug,2,2,3,3,Returning_Visitor,False,False
9,794.88,0,0.0,36,929.81,0.02,0.02,24.61,0.2,May,2,2,1,4,Returning_Visitor,False,False
0,0.0,0,0.68,14,502.92,0.0,0.02,0.0,0.0,Dec,1,1,2,2,Returning_Visitor,False,False
2,103.7,0,0.08,28,770.31,0.03,0.03,0.05,0.0,Nov,1,1,1,3,Returning_Visitor,False,False
2,36.2,0,52.0,4,48.0,0.0,0.01,0.02,0.0,Jul,1,1,1,4,Returning_Visitor,False,False
0,8.53,0,0.0,6,190.16,0.07,0.06,0.0,0.0,Dec,1,1,7,3,Returning_Visitor,False,False
6,57.5,0,0.0,66,1285.55,0.0,0.02,12.35,0.0,May,2,2,1,6,Returning_Visitor,False,True
0,1.73,0,0.19,15,755.25,0.03,0.03,0.94,0.0,Nov,2,2,1,1,Returning_Visitor,True,False
1,42.5,0,0.0,67,2413.75,0.01,0.01,0.0,0.0,Dec,2,2,6,1,Returning_Visitor,False,False
0,0.0,1,0.0,14,331.55,0.01,0.02,1.18,0.0,May,2,1,1,2,Returning_Visitor,True,False
3,103.96,1,117.8,25,430.5,0.0,0.02,0.42,0.0,May,2,2,2,2,Returning_Visitor,False,False
3,57.5,2,66.13,46,1193.11,0.02,0.03,0.0,0.0,Oct,3,2,1,4,Returning_Visitor,False,False
0,0.0,0,0.0,6,163.25,0.03,0.03,0.0,0.6,Feb,1,1,1,2,Returning_Visitor,False,False
0,0.0,0,0.0,23,533.7,0.0,0.02,0.0,0.0,Dec,1,1,3,2,New_Visitor,True,False
5,107.0,0,0.4,34,777.21,0.0,0.01,9.19,0.0,Dec,2,2,1,1,Returning_Visitor,True,False
1,34.0,0,0.0,11,765.17,0.0,0.01,0.0,0.03,Dec,4,1,1,1,Returning_Visitor,False,False
1,1.74,1,88.89,74,1505.74,0.0,0.02,0.0,0.0,Nov,2,2,1,2,Returning_Visitor,False,False
1,120.0,1,85.0,33,1473.7,0.0,0.01,0.0,0.0,May,2,2,5,2,New_Visitor,False,False
1,20.0,0,1.2,48,416.06,0.0,0.01,32.32,0.0,Nov,2,2,5,3,Returning_Visitor,False,True
2,4.0,0,0.0,2,44.4,0.0,0.05,0.0,0.0,Sep,2,10,3,2,New_Visitor,False,False
0,1.44,0,0.0,5,112.0,0.0,0.03,0.0,0.0,Dec,1,1,2,1,Returning_Visitor,False,False
3,105.75,1,105.0,35,1506.15,0.0,0.03,14.78,0.0,Nov,1,1,1,2,Returning_Visitor,True,True
3,53.0,0,0.0,70,2720.7,0.02,0.03,4.86,0.0,Nov,3,2,1,13,Returning_Visitor,True,False
3,129.36,0,0.0,6,341.36,0.0,0.06,0.71,0.0,Nov,2,5,2,1,Returning_Visitor,False,False
6,105.94,2,24.2,107,1688.25,0.0,0.02,2.39,0.0,June,2,4,1,2,Returning_Visitor,True,False
3,0.0,0,0.0,46,1368.0,0.0,0.04,0.09,0.0,Nov,2,5,7,3,Returning_Visitor,False,False
3,208.0,1,50.0,30,1461.67,0.0,0.02,0.0,0.0,Mar,2,5,1,2,Returning_Visitor,False,False
0,0.0,0,0.0,6,107.0,0.0,0.05,0.0,0.6,May,3,2,3,13,Returning_Visitor,False,False
0,0.0,0,0.0,1,30.52,0.13,0.14,0.0,0.0,Mar,1,1,4,1,Returning_Visitor,False,False
0,7.67,0,0.0,10,1474.5,0.0,0.02,0.0,0.0,May,1,1,1,3,Returning_Visitor,False,False
0,0.0,0,0.0,16,1500.03,0.01,0.01,0.0,0.0,Nov,3,2,4,6,Returning_Visitor,False,False
0,0.0,0,0.0,46,894.0,0.0,0.02,0.0,0.0,May,2,5,7,4,Returning_Visitor,False,False
4,63.75,0,0.0,13,774.73,0.0,0.02,0.03,0.0,Nov,2,2,6,2,Returning_Visitor,False,True
1,53.5,0,0.0,53,2019.83,0.01,0.02,0.0,0.0,Nov,2,2,3,2,Returning_Visitor,False,False
0,0.0,0,0.0,2,162.02,0.0,0.14,0.0,0.0,May,2,4,5,1,Returning_Visitor,False,False
0,2.05,0,0.36,15,478.26,0.0,0.02,0.0,0.0,Nov,2,2,1,2,Returning_Visitor,False,False
2,248.5,5,68.85,9,1405.76,0.0,0.01,0.0,0.0,Dec,1,1,3,2,New_Visitor,False,False
0,0.0,0,0.0,5,111.25,0.0,0.04,0.02,0.0,Nov,2,2,1,2,Returning_Visitor,False,False
3,133.5,4,191.0,29,443.93,0.0,0.02,0.0,0.0,May,1,1,3,6,Returning_Visitor,False,False
1,11.0,0,1.75,15,158.32,0.0,0.03,0.0,0.0,Nov,1,1,2,2,New_Visitor,False,False
3,103.44,0,0.0,8,533.3,0.0,0.02,0.0,0.0,Mar,3,2,9,2,New_Visitor,False,False
0,0.0,0,0.0,6,124.5,0.05,0.05,0.0,0.6,May,2,2,6,3,Returning_Visitor,False,False
0,0.0,0,0.0,46,1985.93,0.0,0.03,0.02,0.0,Jul,2,2,1,2,Returning_Visitor,False,False
0,1.81,0,0.33,2,13.62,0.1,0.15,0.0,0.0,Dec,3,2,3,1,Returning_Visitor,True,False
14,1130.5,6,261.63,26,1448.98,0.02,0.02,20.3,0.01,Mar,1,2,1,2,Returning_Visitor,False,False
0,1.66,0,0.0,46,1077.0,0.02,0.05,0.0,0.0,May,3,2,2,1,Returning_Visitor,False,False
0,0.0,0,0.0,18,689.67,0.02,0.03,0.0,0.0,May,2,2,7,6,Returning_Visitor,True,False
0,0.0,0,0.0,45,1682.25,0.03,0.05,0.0,0.0,Nov,2,2,4,1,Returning_Visitor,False,False
3,118.0,0,0.0,2,183.26,0.01,0.03,0.3,0.0,Dec,8,13,1,20,Other,False,False
0,0.0,0,0.0,3,0.0,0.13,0.2,0.27,0.6,May,3,2,1,13,Returning_Visitor,False,False
3,371.7,5,106.0,85,2128.73,0.0,0.01,16.76,0.0,Nov,1,1,1,2,Returning_Visitor,False,True
0,0.0,0,0.0,46,1503.16,0.0,0.04,0.0,0.0,Dec,2,2,3,2,Returning_Visitor,False,False
8,167.0,3,869.0,34,771.59,0.01,0.03,0.0,0.0,Mar,2,4,1,1,Returning_Visitor,False,False
0,0.0,0,0.0,2,0.0,0.2,0.2,0.02,0.0,Nov,1,1,9,1,Returning_Visitor,False,False
0,1.79,0,0.0,2,0.0,0.2,0.14,0.05,0.0,Nov,1,1,1,3,Returning_Visitor,False,False
9,249.5,0,0.39,66,292.94,0.02,0.04,14.0,0.0,May,2,2,6,6,Returning_Visitor,False,True
16,314.51,0,0.0,37,1048.66,0.0,0.01,33.65,0.0,Nov,1,1,3,2,New_Visitor,False,True
3,25.5,0,0.0,13,173.54,0.0,0.02,0.0,0.0,Mar,3,2,7,1,Returning_Visitor,True,False
3,86.5,0,6.35,68,2241.84,0.0,0.02,0.0,0.8,May,3,2,3,4,Returning_Visitor,False,False
4,133.8,2,4.38,13,421.79,0.0,0.02,0.11,0.0,Nov,1,1,3,2,New_Visitor,False,False
6,104.13,1,11.0,45,2710.57,0.02,0.03,0.0,0.6,May,2,2,3,3,Returning_Visitor,False,False
3,103.56,2,58.17,38,1524.7,0.0,0.01,0.0,0.0,Mar,2,2,3,2,New_Visitor,True,False
0,1.6,0,0.0,23,1446.24,0.01,0.02,0.0,0.6,Feb,4,2,4,2,Returning_Visitor,False,False
3,15.2,0,0.0,19,348.6,0.0,0.05,0.0,0.0,Aug,2,2,7,3,Returning_Visitor,False,True
0,0.0,0,0.16,3,61.75,0.0,0.07,0.0,0.0,Nov,2,2,1,3,Returning_Visitor,False,False
0,2.2,0,0.0,13,143.0,0.13,0.14,0.0,0.4,May,3,2,1,13,Returning_Visitor,False,False
0,0.0,0,1.2,22,464.38,0.0,0.01,13.53,0.0,Nov,2,2,1,8,New_Visitor,False,False
3,48.5,0,0.0,6,31.5,0.0,0.03,0.0,0.0,Dec,2,2,1,2,Returning_Visitor,False,False
0,0.0,0,0.0,6,150.48,0.15,0.16,0.0,0.0,June,3,2,1,13,Returning_Visitor,False,False
6,190.42,0,0.19,78,3913.99,0.01,0.02,0.0,0.0,Nov,3,2,5,1,Returning_Visitor,False,False
3,95.76,0,0.33,23,199.52,0.0,0.01,0.0,0.0,Mar,2,2,1,2,Returning_Visitor,False,False
3,37.58,0,0.14,67,1982.52,0.0,0.01,0.0,0.0,Dec,2,2,3,1,Returning_Visitor,False,False
5,14.07,0,0.0,31,407.7,0.0,0.04,0.0,0.0,Oct,2,2,6,3,Returning_Visitor,False,False
0,0.0,0,0.0,7,123.17,0.13,0.08,0.0,0.0,Nov,2,2,9,3,Returning_Visitor,False,False
0,1.45,0,0.0,6,93.0,0.0,0.03,0.0,0.0,Mar,1,2,6,3,Returning_Visitor,False,False
9,89.17,3,94.88,47,138.42,0.0,0.01,0.76,0.0,Nov,2,2,3,3,New_Visitor,False,False
0,1.57,0,0.13,1,0.0,0.2,0.14,0.0,0.0,Dec,3,2,1,2,Returning_Visitor,False,False
5,103.13,0,0.0,45,2248.91,0.01,0.03,6.37,0.0,Nov,1,1,1,4,Returning_Visitor,False,True
2,60.0,0,0.49,20,717.62,0.0,0.01,60.19,0.0,Mar,2,5,3,2,Returning_Visitor,False,True
0,0.0,0,0.0,21,526.44,0.0,0.01,14.13,0.0,Dec,4,1,1,2,New_Visitor,False,True
0,0.0,0,0.0,1,0.0,0.2,0.2,0.0,0.0,Nov,1,1,4,1,Returning_Visitor,False,False
5,827.2,0,8.56,71,1510.48,0.0,0.01,0.05,0.0,Mar,2,2,1,2,Returning_Visitor,False,False
7,87.25,4,199.5,46,4984.54,0.01,0.02,0.0,0.0,Nov,2,2,3,2,Returning_Visitor,False,False
2,141.6,0,0.31,10,728.18,0.02,0.04,14.29,0.0,Sep,3,2,1,1,Returning_Visitor,True,False
0,1.99,0,0.0,2,262.0,0.1,0.15,0.02,0.0,May,3,2,1,4,Returning_Visitor,False,False
0,11.44,0,0.0,7,133.5,0.0,0.03,0.26,0.0,Nov,2,2,6,6,Other,False,False
2,9.0,0,0.46,18,1502.06,0.0,0.01,0.0,0.0,Aug,2,2,3,1,Returning_Visitor,False,False
3,1.53,0,0.0,13,153.23,0.0,0.03,0.01,0.0,Mar,2,5,3,3,Returning_Visitor,False,False
1,38.0,0,0.0,23,1499.15,0.01,0.04,11.49,0.0,Mar,3,2,6,1,Returning_Visitor,False,True
0,0.0,0,0.21,9,152.82,0.01,0.05,0.48,1.0,Nov,1,8,7,4,Returning_Visitor,False,False
2,104.06,0,0.0,23,813.0,0.02,0.05,0.0,0.0,May,2,2,7,4,Returning_Visitor,True,False
2,102.75,1,11.65,73,1495.53,0.01,0.04,0.0,0.0,June,2,2,7,1,Returning_Visitor,False,False
0,0.0,0,0.0,28,1490.99,0.01,0.03,0.19,0.0,Dec,2,2,1,2,Returning_Visitor,True,False
0,0.0,0,0.0,4,573.0,0.0,0.05,0.0,0.0,Feb,2,2,3,3,Returning_Visitor,False,False
0,0.0,0,0.0,4,72.4,0.1,0.12,0.13,0.0,Jul,1,1,3,3,Returning_Visitor,False,False
0,0.0,0,0.55,13,710.07,0.0,0.01,2.37,0.0,Mar,1,1,2,2,Returning_Visitor,False,True
2,0.0,0,0.0,46,6663.53,0.01,0.03,0.0,0.0,Nov,2,2,1,1,Returning_Visitor,True,True
4,94.87,0,0.0,22,812.14,0.01,0.04,18.09,0.0,Jul,3,2,1,4,Returning_Visitor,False,True
5,147.4,0,0.0,12,1226.1,0.02,0.04,5.03,0.0,Sep,3,2,2,1,Returning_Visitor,False,True
3,97.5,0,0.0,6,155.33,0.0,0.03,0.0,0.0,Dec,3,2,1,2,New_Visitor,False,False
0,0.0,5,170.26,31,750.59,0.01,0.04,0.0,0.0,Mar,2,2,1,2,Returning_Visitor,False,False
0,0.0,0,0.0,15,1069.7,0.0,0.05,0.01,0.0,Jul,3,2,6,1,Returning_Visitor,False,False
0,0.0,0,0.0,48,1475.25,0.0,0.02,9.43,0.0,Nov,3,2,4,2,Returning_Visitor,True,False
8,1040.25,0,0.0,207,5160.45,0.0,0.01,0.0,0.0,Nov,2,2,1,2,Returning_Visitor,False,False
3,22.83,0,0.0,115,494.44,0.0,0.0,4.54,0.02,Mar,2,2,6,1,Returning_Visitor,False,False
1,12.0,0,1.8,36,415.27,0.01,0.03,0.0,0.02,May,2,2,5,2,Returning_Visitor,False,False
7,228.35,0,0.78,3,149.27,0.0,0.03,0.0,0.0,Oct,2,2,7,5,New_Visitor,False,False
1,105.21,0,1.98,11,144.89,0.0,0.02,0.0,0.0,May,2,2,1,4,New_Visitor,True,False
0,0.0,0,0.0,20,2001.83,0.01,0.01,0.0,0.0,Nov,2,2,9,6,Returning_Visitor,False,False
0,1.43,0,0.0,5,691.0,0.0,0.08,0.0,0.6,May,2,2,2,3,Returning_Visitor,False,False
1,5.03,4,123.33,79,2387.14,0.03,0.05,0.0,0.0,Nov,3,2,1,13,Returning_Visitor,True,False
0,0.0,0,0.0,17,376.52,0.0,0.02,0.0,0.0,Nov,2,2,1,2,Returning_Visitor,False,False
0,0.0,0,1.47,24,653.0,0.01,0.03,0.0,0.0,May,4,1,9,1,Returning_Visitor,True,False
3,103.71,2,28.4,2,5.0,0.0,0.03,0.0,0.0,Jul,2,2,1,5,New_Visitor,False,False
0,0.0,0,1.66,2,18.0,0.0,0.14,0.0,0.0,Nov,1,1,1,1,Returning_Visitor,False,False
0,0.0,2,84.5,46,2762.41,0.0,0.03,0.0,0.01,Nov,2,2,1,2,New_Visitor,False,False
9,329.3,1,73.98,46,1888.55,0.01,0.01,12.1,0.0,May,1,1,9,4,Returning_Visitor,True,True
1,4.0,0,0.0,37,1096.75,0.0,0.02,0.0,0.0,Mar,2,2,1,10,Returning_Visitor,False,False
0,0.0,0,0.0,3,26.0,0.0,0.05,0.0,0.0,Mar,3,2,1,1,Returning_Visitor,False,False
0,0.0,0,0.0,11,929.26,0.0,0.02,18.85,0.0,Nov,1,1,1,2,New_Visitor,False,True
4,101.9,0,0.18,45,1096.42,0.12,0.07,0.01,0.0,Jul,3,2,6,13,Returning_Visitor,False,False
3,37.3,4,166.0,67,3872.51,0.04,0.04,2.34,0.0,May,3,2,3,2,Returning_Visitor,True,False
0,0.0,0,0.18,1,2.37,0.2,0.2,0.0,0.0,Mar,2,2,1,1,Returning_Visitor,False,False
3,101.82,1,0.0,34,4566.24,0.02,0.06,0.0,0.8,May,3,2,1,3,Returning_Visitor,False,False
2,98.25,0,0.0,46,608.94,0.01,0.04,0.0,0.0,Mar,2,2,3,1,Returning_Visitor,False,False
5,134.5,0,0.0,11,237.67,0.0,0.02,0.0,0.0,Dec,3,2,3,2,Returning_Visitor,False,False
13,1249.81,4,95.99,36,1626.63,0.01,0.03,6.83,0.0,Mar,2,2,2,3,Returning_Visitor,False,False
3,104.07,1,40.0,61,2072.99,0.01,0.03,0.0,0.59,May,2,2,3,2,Returning_Visitor,False,False
2,180.0,3,79.93,61,1509.61,0.01,0.04,0.0,0.07,May,2,2,4,4,Returning_Visitor,False,False
10,779.0,0,0.12,15,1386.35,0.02,0.03,6.34,0.01,Aug,1,2,4,4,Returning_Visitor,False,False
0,0.0,0,0.0,2,0.0,0.2,0.14,0.0,0.0,Dec,1,1,4,1,Returning_Visitor,True,False
3,58.98,2,11.0,50,1799.67,0.06,0.02,0.0,0.0,Dec,1,1,1,3,Returning_Visitor,False,False
0,0.0,1,79.69,24,1689.13,0.01,0.01,0.0,0.0,Nov,2,2,9,3,Returning_Visitor,False,False
0,0.0,10,518.25,60,2068.25,0.0,0.03,1.74,0.0,Nov,1,1,1,2,Returning_Visitor,False,False
1,18.0,1,6.0,122,960.88,0.01,0.02,0.0,0.0,Nov,1,2,1,2,Returning_Visitor,True,False
0,1.52,0,0.0,6,431.23,0.0,0.07,0.0,0.0,Mar,1,1,3,10,Returning_Visitor,False,False
0,0.0,0,0.0,4,162.45,0.0,0.05,0.02,0.0,May,3,2,4,3,Returning_Visitor,False,False
5,50.0,0,2.83,234,5246.44,0.0,0.01,21.03,0.0,Nov,2,2,3,3,Returning_Visitor,False,True
3,115.8,0,0.0,60,1505.61,0.01,0.02,0.0,0.0,Aug,2,2,4,3,Returning_Visitor,False,False
0,0.0,0,0.07,4,152.16,0.13,0.14,0.02,0.0,Mar,3,2,4,3,Returning_Visitor,False,False
8,447.12,3,168.38,46,4777.81,0.01,0.02,0.0,0.0,Nov,3,2,1,1,Returning_Visitor,False,False
10,169.5,2,724.0,49,1380.91,0.01,0.02,0.0,0.0,May,1,1,2,1,Returning_Visitor,False,False
3,17.0,1,105.0,9,148.25,0.02,0.02,0.0,0.0,Mar,3,2,3,1,Returning_Visitor,False,False
0,3.26,0,0.0,21,517.54,0.0,0.01,16.16,0.0,Nov,1,2,3,8,Returning_Visitor,False,True
1,4.0,0,0.0,6,102.0,0.0,0.06,0.0,0.0,May,2,2,1,3,New_Visitor,True,False
9,395.88,0,0.0,124,1498.19,0.0,0.01,3.46,0.0,Nov,2,2,1,2,Returning_Visitor,False,True
2,103.69,1,49.0,22,602.17,0.0,0.01,0.0,0.0,Mar,2,2,1,2,New_Visitor,True,False
0,2.83,0,0.17,13,145.34,0.0,0.02,0.0,0.0,Dec,2,2,7,1,Returning_Visitor,False,False
0,0.0,0,0.0,45,1387.27,0.03,0.05,0.0,0.0,Jul,3,2,9,13,Returning_Visitor,False,False
3,55.4,0,0.38,9,949.6,0.0,0.03,0.0,0.0,Oct,1,8,5,11,Returning_Visitor,False,False
2,26.0,0,0.0,6,1503.85,0.0,0.03,0.0,0.2,May,2,2,1,19,Returning_Visitor,False,False
1,0.0,0,0.25,3,0.0,0.2,0.2,0.0,0.0,Dec,1,1,1,10,Returning_Visitor,False,False
1,48.5,0,0.0,35,1440.02,0.0,0.02,36.96,0.0,Nov,2,4,1,3,Returning_Visitor,False,True
0,0.0,0,0.0,2,11.0,0.0,0.1,0.0,0.0,Dec,2,2,2,13,Returning_Visitor,False,False
1,82.6,0,2.98,28,1375.13,0.0,0.02,4.82,0.0,Oct,4,1,3,2,Returning_Visitor,False,True
2,7.0,0,0.52,46,656.77,0.0,0.01,0.13,0.0,Nov,3,2,1,1,Returning_Visitor,True,False
11,49.33,5,303.25,54,148.5,0.0,0.01,0.19,0.0,May,3,2,2,3,Returning_Visitor,False,False
3,101.99,0,0.29,50,1470.94,0.0,0.01,19.78,0.4,May,2,2,2,4,Returning_Visitor,False,False
1,183.0,1,35.0,15,557.33,0.01,0.01,16.1,0.0,May,2,2,2,5,Returning_Visitor,False,True
3,271.33,0,0.0,47,3510.42,0.0,0.02,9.87,0.0,Mar,2,2,4,6,Returning_Visitor,False,True
4,107.53,2,298.0,16,570.33,0.01,0.01,0.0,0.0,May,3,2,6,13,Returning_Visitor,False,False
0,0.0,0,0.0,5,146.0,0.15,0.14,0.0,0.0,Mar,3,2,7,3,Returning_Visitor,False,False
0,1.6,0,0.26,14,510.5,0.0,0.02,61.9,0.0,Mar,2,2,1,2,New_Visitor,False,True
0,0.0,0,0.0,2,31.2,0.0,0.14,0.0,0.0,Aug,3,2,1,4,Returning_Visitor,False,False
0,0.0,0,0.0,67,4290.83,0.0,0.02,0.09,0.8,May,2,2,6,4,Returning_Visitor,True,False
0,1.95,0,0.0,3,210.42,0.0,0.07,0.0,0.0,Mar,2,4,9,3,Returning_Visitor,False,False
5,66.4,0,0.0,39,742.69,0.0,0.02,71.39,0.0,May,2,2,1,3,Returning_Visitor,False,True
3,81.0,0,0.0,46,413.99,0.0,0.06,0.01,0.0,May,3,2,5,4,Returning_Visitor,True,False
0,0.0,0,0.7,4,28.0,0.05,0.08,0.0,0.0,Nov,2,2,3,3,Returning_Visitor,False,False
0,2.78,0,0.0,5,67.5,0.0,0.1,0.0,0.0,Dec,2,2,7,13,Returning_Visitor,False,False
2,84.0,0,0.26,30,597.63,0.0,0.01,0.0,0.0,Nov,1,8,1,11,Returning_Visitor,True,False
6,186.5,0,0.12,29,476.25,0.01,0.04,16.04,0.0,Dec,2,2,3,1,Returning_Visitor,False,True
2,60.54,2,111.17,179,6798.71,0.0,0.02,12.25,0.0,Nov,2,2,3,2,Returning_Visitor,True,False
4,246.8,0,0.0,13,175.77,0.04,0.05,0.0,0.0,Sep,2,2,1,1,Returning_Visitor,False,False
0,0.0,0,0.0,17,472.9,0.01,0.03,0.0,0.0,Oct,3,2,7,1,Returning_Visitor,False,False
8,492.8,5,666.78,47,1822.84,0.01,0.02,10.11,0.0,Mar,2,2,1,2,Returning_Visitor,False,False
4,1347.75,0,0.0,46,1500.64,0.01,0.09,0.0,0.0,Mar,2,2,1,2,Returning_Visitor,False,False
0,2.08,0,0.09,46,1485.93,0.01,0.02,0.01,0.0,Dec,2,2,1,2,Returning_Visitor,False,False
0,0.0,2,6.71,4,163.47,0.0,0.05,0.0,0.0,Nov,2,5,3,1,Returning_Visitor,False,False
0,0.0,0,3.69,46,1377.77,0.0,0.01,92.48,0.0,Mar,2,2,5,2,Returning_Visitor,False,True
0,0.0,0,0.98,13,2784.8,0.0,0.02,6.14,0.0,Nov,2,2,5,2,Returning_Visitor,False,False
6,18.62,0,4.9,51,3472.87,0.01,0.03,0.01,0.0,Nov,2,2,1,2,Returning_Visitor,False,False
3,105.0,0,0.0,35,1493.59,0.0,0.01,0.0,0.0,May,3,2,3,4,New_Visitor,False,False
1,41.0,0,0.0,43,1087.25,0.0,0.01,0.0,0.0,Dec,4,2,1,2,Returning_Visitor,False,False
0,0.0,0,0.0,41,1006.26,0.0,0.02,0.0,0.0,Mar,2,2,7,1,Returning_Visitor,False,False
0,2.2,0,0.0,2,14.13,0.13,0.2,0.0,0.0,Nov,1,1,5,1,Returning_Visitor,False,False
11,268.2,2,71.1,49,1758.25,0.0,0.02,0.0,0.0,Sep,2,2,2,1,Returning_Visitor,True,True
0,0.0,0,0.0,3,514.0,0.0,0.07,0.0,0.0,Mar,2,2,3,1,Returning_Visitor,False,False
1,6.5,0,0.0,13,412.53,0.0,0.01,7.85,0.0,Dec,2,2,8,8,New_Visitor,True,True
3,79.6,0,0.0,46,627.65,0.0,0.01,0.0,0.0,Sep,1,2,2,2,Returning_Visitor,False,False
0,0.0,0,0.2,4,351.5,0.05,0.1,0.04,0.0,Dec,2,2,5,1,Returning_Visitor,False,False
0,0.0,0,0.0,13,253.0,0.0,0.03,0.0,0.0,Mar,2,2,2,1,Returning_Visitor,False,False
9,283.25,0,0.0,38,1504.94,0.0,0.01,1.92,0.0,Nov,1,1,9,20,New_Visitor,False,True
2,67.5,0,1.56,13,268.0,0.0,0.02,59.52,0.0,Dec,2,2,1,2,New_Visitor,False,True
0,0.0,0,0.21,74,3109.4,0.01,0.05,0.0,0.0,Nov,2,2,1,2,Returning_Visitor,False,False
0,1.72,0,0.0,9,138.5,0.02,0.04,0.0,0.6,May,1,1,2,2,Returning_Visitor,False,False
0,0.0,0,0.16,1,0.0,0.2,0.2,0.0,0.0,May,3,2,6,1,Returning_Visitor,True,False
0,1.6,0,0.45,25,334.38,0.0,0.01,0.0,0.0,Nov,2,2,3,2,Returning_Visitor,False,False
3,100.63,2,330.0,7,399.57,0.02,0.02,3.36,0.8,May,3,2,1,3,Returning_Visitor,False,False
2,29.0,1,2.22,46,536.0,0.0,0.02,52.3,0.0,May,2,2,3,4,Returning_Visitor,False,True
3,181.6,2,722.52,47,1717.87,0.01,0.02,0.0,0.0,Dec,3,2,2,4,Returning_Visitor,False,False
0,0.0,0,0.0,2,7.46,0.13,0.14,0.0,0.0,Nov,3,2,9,1,Returning_Visitor,False,False
9,377.75,0,0.0,23,1486.56,0.02,0.03,0.0,0.0,Aug,2,5,1,1,Returning_Visitor,False,False
0,0.0,0,0.0,4,146.2,0.0,0.05,0.0,0.0,Mar,2,2,1,1,Returning_Visitor,True,False
0,0.0,0,0.0,5,162.91,0.07,0.14,0.37,0.0,Nov,3,2,1,10,Returning_Visitor,True,False
0,0.0,0,0.0,1,15.49,0.2,0.14,0.06,0.0,June,2,2,1,4,Returning_Visitor,False,False
4,105.75,0,37.49,27,1512.39,0.0,0.02,8.5,0.0,Mar,3,2,4,2,Returning_Visitor,True,False
2,104.75,0,0.0,85,2834.28,0.0,0.01,37.42,0.0,Nov,2,2,1,1,Returning_Visitor,True,False
1,31.0,2,13.0,44,759.67,0.01,0.05,0.0,0.0,May,2,2,1,4,Returning_Visitor,False,False
7,89.06,0,0.1,27,477.5,0.0,0.01,0.0,0.0,May,2,2,8,4,Returning_Visitor,False,False
4,57.0,0,0.0,13,497.1,0.0,0.01,0.0,0.0,May,1,1,8,2,Returning_Visitor,False,False
8,674.0,0,0.0,18,1090.53,0.01,0.03,69.28,0.0,May,2,2,1,4,Returning_Visitor,False,True
0,0.0,0,0.0,1,12.0,0.0,0.1,0.04,0.0,May,1,1,1,3,Returning_Visitor,True,False
0,1.45,0,0.0,5,303.23,0.0,0.07,0.0,0.0,Mar,1,1,1,10,Returning_Visitor,False,False
9,1104.2,0,0.0,36,1826.44,0.01,0.02,0.04,0.0,Oct,1,1,3,2,Returning_Visitor,True,False
2,48.5,0,0.0,77,1069.97,0.0,0.01,0.0,0.0,Dec,2,2,3,2,Returning_Visitor,False,False
0,0.0,0,0.0,13,577.75,0.02,0.03,0.0,0.0,Nov,3,2,1,3,Returning_Visitor,False,False
6,142.91,0,0.28,13,264.34,0.0,0.02,0.08,0.0,June,1,1,1,5,Returning_Visitor,False,False
4,34.0,0,18.04,46,627.31,0.0,0.0,0.0,0.0,Mar,2,2,8,2,New_Visitor,False,False
3,37.0,0,0.77,21,775.33,0.0,0.01,0.0,0.0,Mar,4,1,1,2,Returning_Visitor,True,False
1,8.64,0,0.16,13,145.46,0.0,0.02,0.0,0.4,May,3,2,4,13,Returning_Visitor,False,False
3,70.6,0,0.0,46,515.23,0.0,0.02,0.05,0.0,Mar,1,1,3,1,Returning_Visitor,True,False
0,0.0,0,0.3,1,48.5,0.0,0.14,0.0,0.0,Nov,1,1,1,3,Other,False,False
0,1.62,0,0.0,1,0.0,0.2,0.2,0.09,0.0,May,2,4,7,1,Returning_Visitor,False,False
4,879.5,0,6.06,43,2365.43,0.0,0.01,1.73,0.0,Nov,1,1,1,2,Returning_Visitor,False,False
4,228.72,0,0.0,13,154.9,0.0,0.01,0.02,0.0,Oct,1,8,1,11,Returning_Visitor,False,False
0,1.59,0,0.0,26,781.5,0.01,0.03,0.0,0.2,May,2,2,2,3,Returning_Visitor,False,False
2,11.0,0,0.29,46,1504.58,0.01,0.02,0.0,0.56,May,2,4,3,3,Returning_Visitor,False,False
0,0.0,0,0.0,1,0.0,0.13,0.2,0.0,0.0,Dec,2,2,1,13,Returning_Visitor,False,False
7,79.2,0,0.0,30,1011.92,0.0,0.02,12.91,0.0,Sep,1,1,4,4,Returning_Visitor,True,False
3,76.03,0,0.0,31,1998.25,0.01,0.04,0.0,0.0,Nov,3,2,1,2,Returning_Visitor,True,False
6,71.5,1,37.0,15,287.29,0.0,0.0,0.0,0.0,May,1,1,3,2,Returning_Visitor,False,False
0,0.0,0,0.0,18,1503.78,0.0,0.01,0.01,0.0,Nov,1,1,1,2,Returning_Visitor,False,False
1,103.7,0,1.32,11,435.69,0.02,0.04,29.12,0.0,Nov,2,2,1,1,Returning_Visitor,True,True
3,2.66,0,0.0,46,958.25,0.03,0.04,12.67,0.0,May,2,2,3,6,Returning_Visitor,False,False
0,2.93,0,0.0,16,318.75,0.0,0.0,0.0,0.0,Nov,2,2,7,1,Returning_Visitor,False,True
1,103.97,0,0.0,5,278.0,0.0,0.03,0.0,0.0,Aug,2,2,1,2,New_Visitor,True,False
0,1.83,0,0.0,1,0.0,0.2,0.2,0.0,0.0,Nov,3,2,6,13,Returning_Visitor,False,False
0,0.0,0,0.0,20,504.23,0.01,0.02,0.0,0.0,Mar,3,2,1,1,Returning_Visitor,False,False
0,3.27,1,80.57,31,651.67,0.0,0.02,0.0,0.0,Nov,4,2,4,2,New_Visitor,True,False
0,6.0,0,0.0,24,302.98,0.09,0.13,0.0,0.58,May,3,2,1,3,Returning_Visitor,False,False
0,0.0,0,0.2,1,59.47,0.2,0.2,0.11,0.2,May,3,2,3,20,Returning_Visitor,False,False
3,96.0,0,0.0,6,384.0,0.0,0.03,0.0,0.0,Mar,3,2,8,2,New_Visitor,False,False
3,104.16,1,21.25,46,1509.3,0.0,0.02,27.86,0.0,May,3,2,1,2,Returning_Visitor,True,False
0,0.0,0,0.0,13,185.0,0.03,0.03,0.0,0.0,Dec,3,2,1,10,Returning_Visitor,False,False
3,104.11,0,0.0,37,1121.21,0.01,0.01,0.0,0.0,Mar,1,2,1,2,Returning_Visitor,True,False
3,21.0,0,0.0,16,375.92,0.0,0.01,0.0,0.0,Dec,1,1,1,2,New_Visitor,False,False
0,0.0,0,0.0,16,426.33,0.0,0.01,0.0,0.0,Nov,1,1,4,3,Returning_Visitor,False,False
9,183.5,1,79.85,48,2211.61,0.01,0.01,1.82,0.0,Mar,4,2,1,2,Returning_Visitor,False,True
7,61.08,0,0.0,39,1324.85,0.0,0.02,0.0,0.0,Oct,2,2,1,4,Returning_Visitor,False,False
8,274.5,0,0.0,90,5883.04,0.0,0.01,0.0,0.0,Nov,1,1,9,2,Returning_Visitor,False,False
3,14.0,0,0.0,58,1806.5,0.01,0.03,0.0,0.61,May,2,2,2,6,Returning_Visitor,False,False
3,552.2,1,0.0,40,1503.6,0.07,0.1,0.0,0.0,Nov,3,2,1,13,Returning_Visitor,False,False
7,204.5,2,37.0,52,1941.08,0.02,0.03,0.0,0.0,May,2,2,2,13,Returning_Visitor,False,False
8,41.0,0,0.0,34,1337.25,0.01,0.04,0.0,0.0,Dec,1,1,3,2,Returning_Visitor,False,False
9,236.8,0,0.0,240,6708.71,0.0,0.0,20.62,0.0,Oct,2,2,1,20,Returning_Visitor,False,True
3,0.0,3,62.75,47,4752.74,0.02,0.04,72.07,0.0,Nov,1,1,8,2,Returning_Visitor,False,False
0,0.0,0,0.0,43,2167.13,0.01,0.03,12.36,0.0,Nov,3,2,1,1,Returning_Visitor,True,True
0,1.59,0,0.0,64,36.5,0.0,0.03,0.04,0.0,Mar,2,2,1,1,Returning_Visitor,False,False
11,225.5,5,258.25,40,1352.83,0.0,0.02,0.0,0.0,Dec,3,2,1,2,Returning_Visitor,False,False
3,5.5,0,0.0,7,286.0,0.03,0.05,0.0,0.0,Mar,2,2,6,1,Returning_Visitor,False,False
0,0.0,0,0.7,4,310.42,0.1,0.08,0.0,0.0,Mar,3,3,7,10,Returning_Visitor,False,False
1,5.0,0,0.06,29,1503.86,0.0,0.01,0.0,0.0,Mar,3,2,8,1,Returning_Visitor,False,False
4,102.38,0,0.0,15,333.41,0.0,0.02,0.0,0.6,May,1,1,3,4,Returning_Visitor,False,False
3,0.0,0,82.0,120,1504.81,0.0,0.01,16.96,0.0,Nov,2,2,1,11,Returning_Visitor,False,True
0,0.0,0,0.0,15,598.6,0.0,0.03,0.0,0.0,Jul,2,2,1,2,Returning_Visitor,False,False
3,88.0,0,0.0,17,538.97,0.0,0.04,0.0,0.0,May,2,2,5,4,Returning_Visitor,False,False
8,103.83,0,0.0,13,195.5,0.0,0.01,0.01,0.0,Mar,1,1,3,2,Returning_Visitor,False,False
0,0.0,0,0.0,14,146.68,0.13,0.11,0.0,1.0,May,3,2,1,13,Returning_Visitor,True,False
4,69.83,0,0.0,133,4885.05,0.0,0.02,15.96,0.0,Nov,1,2,1,2,Returning_Visitor,False,False
0,0.0,0,0.0,46,1483.8,0.0,0.01,0.0,0.0,Dec,4,1,1,2,Returning_Visitor,False,False
1,0.0,0,0.42,4,147.96,0.0,0.05,0.0,0.0,Jul,3,2,1,4,Returning_Visitor,True,False
0,0.0,0,0.0,3,27.2,0.13,0.14,0.0,0.0,Oct,3,2,1,1,Returning_Visitor,False,False
0,0.0,0,0.0,3,234.0,0.0,0.03,0.0,0.0,Mar,1,1,1,1,Returning_Visitor,True,False
7,2.08,0,0.23,85,6743.4,0.01,0.03,0.05,0.0,Oct,2,2,8,13,Returning_Visitor,False,False
15,161.76,1,227.25,104,6254.42,0.03,0.02,3.43,0.0,May,3,2,1,2,Returning_Visitor,False,False
9,210.57,2,61.6,45,124.87,0.02,0.03,0.0,0.0,Aug,1,1,3,3,Returning_Visitor,False,True
0,1.79,0,0.12,4,145.31,0.0,0.05,0.01,0.01,Mar,2,2,1,1,Returning_Visitor,False,False
2,53.5,0,0.0,85,4478.7,0.0,0.02,0.0,0.0,Nov,2,2,1,2,Returning_Visitor,False,True
2,9.0,0,0.0,23,1516.2,0.02,0.03,12.24,0.0,May,2,2,5,2,Returning_Visitor,False,True
3,105.03,3,83.97,46,994.38,0.01,0.02,19.0,0.4,May,3,2,1,6,Returning_Visitor,False,True
0,0.0,0,0.0,8,249.0,0.0,0.02,0.0,0.0,Nov,2,2,2,2,Returning_Visitor,False,False
3,100.0,0,0.0,13,954.91,0.0,0.01,0.0,0.0,Mar,1,2,8,2,Returning_Visitor,True,False
0,0.0,0,0.0,11,477.0,0.0,0.02,0.0,0.0,Mar,2,2,2,1,Returning_Visitor,False,False
3,105.15,0,0.0,7,71.4,0.0,0.02,2.18,0.0,Nov,2,4,7,2,New_Visitor,False,True
0,0.0,0,0.0,20,154.75,0.08,0.14,0.01,0.0,Mar,2,2,7,1,Returning_Visitor,False,False
0,12.0,0,0.0,46,2595.28,0.01,0.03,0.01,0.0,Mar,2,4,3,1,Returning_Visitor,False,False
3,243.85,3,81.19,114,1655.06,0.01,0.02,0.02,0.0,Nov,3,2,1,2,Returning_Visitor,True,False
12,345.83,0,0.0,47,1492.71,0.0,0.02,0.0,0.0,May,3,2,1,3,Returning_Visitor,True,False
2,4.49,0,0.0,9,89.5,0.0,0.03,0.04,0.0,Mar,1,1,6,9,Returning_Visitor,True,True
0,0.0,0,0.09,12,433.2,0.01,0.04,0.0,0.0,Dec,2,5,1,1,Returning_Visitor,False,False
0,0.0,0,0.0,13,123.0,0.0,0.02,0.0,0.0,Mar,2,2,1,3,Returning_Visitor,False,False
0,0.0,0,0.0,14,14.99,0.2,0.2,0.0,0.0,Mar,2,2,1,3,Returning_Visitor,False,False
3,24.4,0,0.9,20,302.39,0.0,0.0,0.0,0.0,Mar,2,2,1,1,Returning_Visitor,False,False
0,0.0,0,0.0,6,166.0,0.0,0.03,0.02,0.0,Dec,2,2,1,3,Returning_Visitor,False,False
3,90.6,0,0.0,11,424.6,0.02,0.06,0.0,0.0,Mar,3,2,8,1,Returning_Visitor,False,False
0,0.0,0,0.0,6,102.0,0.0,0.04,0.0,0.01,May,2,2,1,3,Returning_Visitor,False,False
15,108.11,1,1529.2,44,2128.7,0.01,0.02,16.2,0.0,Oct,2,2,2,20,Returning_Visitor,False,False
0,0.0,0,0.0,46,540.33,0.0,0.04,0.0,0.0,Nov,2,2,1,1,Returning_Visitor,False,False
7,280.0,0,1.13,21,612.75,0.0,0.06,13.49,0.0,May,2,2,2,1,Returning_Visitor,False,True
13,296.04,3,46.25,52,1249.48,0.04,0.06,0.0,0.0,Mar,1,2,3,1,Returning_Visitor,False,False
0,1.64,0,0.0,2,0.0,0.13,0.2,0.0,0.0,Mar,1,1,1,1,Returning_Visitor,False,False
3,50.89,0,0.0,57,1493.62,0.02,0.03,0.05,0.0,Nov,2,2,1,2,Returning_Visitor,True,False
9,294.66,1,97.64,107,3173.21,0.0,0.01,5.87,0.0,Sep,1,1,1,2,Returning_Visitor,False,False
8,162.42,2,102.0,25,357.17,0.01,0.02,0.0,0.0,Dec,4,1,1,2,Returning_Visitor,False,False
0,1.67,0,0.0,30,805.83,0.0,0.01,0.0,0.0,Nov,1,1,3,8,New_Visitor,False,False
1,78.82,0,0.0,13,238.67,0.0,0.0,0.02,0.0,May,2,2,5,2,New_Visitor,False,False
0,0.0,0,0.0,13,423.82,0.13,0.1,0.0,0.0,June,3,2,1,1,Returning_Visitor,False,False
0,0.0,0,1.23,1,0.0,0.2,0.2,0.0,0.4,May,1,8,7,4,Returning_Visitor,False,False
10,484.11,3,91.0,46,498.88,0.0,0.02,0.18,0.0,Dec,3,2,3,1,Returning_Visitor,False,False
0,1.7,0,0.28,4,87.5,0.0,0.05,0.0,0.0,May,2,2,4,3,Returning_Visitor,False,False
2,70.0,0,0.0,18,933.78,0.0,0.02,24.29,0.0,May,2,5,1,4,Returning_Visitor,False,True
3,281.92,2,6.0,83,2616.91,0.0,0.09,0.0,0.0,Nov,2,2,3,2,Returning_Visitor,False,True
0,1.62,0,0.0,13,416.83,0.0,0.02,0.0,0.0,May,2,2,2,2,New_Visitor,True,False
0,0.0,0,0.33,1,6.33,0.2,0.2,0.0,0.0,Nov,2,2,6,10,Returning_Visitor,False,False
0,0.0,0,0.0,13,1503.66,0.02,0.04,0.02,0.0,Nov,3,2,4,13,Returning_Visitor,False,False
0,0.0,0,0.0,6,70.0,0.0,0.07,0.0,0.0,Nov,1,2,1,2,New_Visitor,True,False
3,58.4,0,0.0,54,209.22,0.01,0.02,11.7,0.0,Sep,4,2,9,13,Returning_Visitor,False,True
3,0.0,1,40.29,35,926.67,0.02,0.05,0.04,1.0,May,2,2,1,2,Returning_Visitor,True,False
0,0.0,0,0.0,4,133.5,0.0,0.03,0.0,0.0,Dec,4,2,1,2,New_Visitor,False,False
0,0.0,0,0.21,27,929.39,0.03,0.09,0.0,0.01,Oct,2,5,6,1,Returning_Visitor,True,False
0,3.76,0,0.0,1,0.0,0.2,0.14,0.0,0.0,Nov,1,1,9,2,Returning_Visitor,False,False
0,0.0,0,0.0,41,1837.2,0.03,0.05,0.0,0.0,Nov,2,2,1,3,Returning_Visitor,False,False
0,0.0,0,0.1,6,30.0,0.18,0.19,0.0,0.8,May,3,2,6,1,Returning_Visitor,False,False
5,385.63,5,343.88,82,1487.89,0.01,0.01,13.03,0.0,Dec,3,2,1,2,Returning_Visitor,False,True
0,1.62,0,0.0,19,172.11,0.04,0.05,0.0,0.6,May,3,2,1,3,Returning_Visitor,True,False
6,40.17,0,0.0,41,1418.61,0.06,0.07,0.0,0.0,May,2,2,6,4,Returning_Visitor,False,False
2,26.0,1,6.0,103,1577.91,0.01,0.03,0.0,0.0,Nov,2,2,9,13,Returning_Visitor,True,False
3,42.0,0,0.08,16,602.0,0.01,0.04,0.0,0.0,Mar,2,5,1,3,Returning_Visitor,False,False
0,0.0,0,0.15,1,0.0,0.2,0.14,0.0,0.0,Mar,3,2,3,1,Returning_Visitor,False,False
0,1.42,0,0.0,7,355.67,0.0,0.03,0.55,0.0,May,1,1,2,2,Returning_Visitor,True,False
1,104.48,0,0.0,13,545.57,0.01,0.02,26.12,0.0,Mar,2,2,3,2,Returning_Visitor,False,True
0,0.0,0,0.0,4,1166.34,0.1,0.15,0.0,0.6,May,2,5,8,1,Returning_Visitor,True,False
2,16.0,0,0.0,16,381.69,0.01,0.05,0.0,0.6,May,2,4,2,1,Returning_Visitor,False,False
0,0.0,0,0.0,31,828.25,0.01,0.03,0.37,0.0,Nov,2,2,9,2,Returning_Visitor,True,False
0,0.0,0,0.0,46,2861.97,0.0,0.03,0.0,0.0,Nov,2,2,9,2,Returning_Visitor,False,False
0,0.0,0,0.0,12,250.25,0.05,0.14,0.02,0.0,Dec,1,1,1,3,Returning_Visitor,True,False
0,0.0,2,80.02,46,1389.22,0.01,0.03,0.0,0.0,Dec,1,1,1,2,Returning_Visitor,False,False
3,1.87,0,0.0,31,1263.9,0.0,0.05,0.01,0.0,Dec,2,2,7,2,Returning_Visitor,False,False
0,1.74,0,0.29,6,158.23,0.03,0.07,0.2,0.0,Nov,2,2,3,3,Returning_Visitor,False,False
0,2.1,0,0.09,34,1303.82,0.01,0.03,0.0,0.0,Dec,2,2,3,1,Returning_Visitor,False,False
3,94.0,2,44.2,56,1430.21,0.02,0.03,0.0,0.01,Nov,2,2,9,3,Returning_Visitor,False,False
3,112.0,0,0.0,20,1187.5,0.0,0.02,26.88,0.0,May,2,2,1,4,Returning_Visitor,False,False
3,47.0,0,0.0,89,3436.98,0.0,0.01,0.0,0.0,Nov,2,2,3,2,New_Visitor,False,True
5,58.0,0,1.71,10,1483.56,0.0,0.0,0.12,0.0,Mar,1,1,2,2,New_Visitor,False,False
7,107.03,0,0.23,46,1267.45,0.0,0.02,17.93,0.0,Sep,2,4,1,4,Returning_Visitor,False,False
0,0.0,0,0.0,46,1508.29,0.01,0.03,0.2,0.0,Nov,3,2,4,2,Returning_Visitor,False,False
13,214.88,0,0.0,46,1182.11,0.0,0.02,12.21,0.0,Mar,2,2,3,2,Returning_Visitor,False,False
0,0.0,0,0.0,3,0.0,0.2,0.2,0.0,0.0,Nov,3,2,1,13,Returning_Visitor,False,False
0,1.86,0,0.0,13,1502.7,0.0,0.03,0.0,0.0,May,3,3,4,2,Returning_Visitor,False,False
1,2.56,0,0.0,6,129.0,0.13,0.07,0.0,0.0,Mar,3,2,3,3,Returning_Visitor,False,False
0,0.0,0,0.0,9,145.09,0.0,0.07,0.01,0.0,Mar,2,2,1,1,Returning_Visitor,False,False
6,104.5,0,0.0,11,1206.75,0.0,0.01,0.07,0.0,Dec,4,1,1,8,New_Visitor,False,False
5,178.92,1,6.0,33,1017.58,0.01,0.01,0.32,0.0,Nov,3,2,1,3,Returning_Visitor,False,False
0,0.0,0,0.0,1,0.0,0.2,0.14,0.01,0.0,Nov,1,1,6,1,Returning_Visitor,False,False
0,1.45,0,0.0,72,2494.82,0.0,0.01,0.0,0.0,Nov,1,2,1,2,Returning_Visitor,False,False
1,23.96,0,0.0,46,1505.64,0.0,0.01,12.24,0.0,Jul,2,2,1,1,Returning_Visitor,False,False
2,104.13,0,0.3,48,2259.74,0.0,0.01,25.44,0.01,Dec,1,1,3,2,Returning_Visitor,False,True
1,99.38,0,0.0,26,655.54,0.0,0.04,0.0,0.0,Nov,2,2,4,1,Returning_Visitor,False,False
4,43.0,0,5.66,66,2544.05,0.02,0.02,57.37,0.0,Nov,4,1,2,2,Returning_Visitor,False,False
3,43.5,0,0.0,46,1055.58,0.01,0.02,0.01,0.0,Dec,1,1,1,2,Returning_Visitor,False,False
0,0.0,0,0.0,46,1504.16,0.01,0.03,0.02,0.0,Nov,3,2,8,1,Returning_Visitor,False,False
0,0.0,0,0.0,1,145.5,0.0,0.1,0.0,0.0,Dec,1,2,1,2,Returning_Visitor,False,False
0,2.32,0,0.38,15,626.32,0.13,0.13,0.0,0.0,Jul,3,2,1,1,Returning_Visitor,True,False
0,1.5,0,0.29,1,0.0,0.13,0.2,0.0,0.0,Nov,2,2,3,1,Returning_Visitor,False,False
3,211.8,0,0.0,15,512.9,0.0,0.01,0.0,0.0,Nov,1,1,3,2,New_Visitor,False,False
3,90.6,0,0.92,6,166.0,0.0,0.02,1.26,0.0,Jul,2,2,6,6,New_Visitor,False,True
1,28.5,0,0.0,21,1504.25,0.01,0.03,0.0,0.0,Nov,2,2,1,3,Returning_Visitor,False,False
4,52.0,0,0.0,13,360.0,0.0,0.01,0.0,0.0,May,2,2,1,16,New_Visitor,False,False
5,327.4,0,0.0,86,2806.85,0.01,0.03,0.25,0.0,May,3,2,9,3,Returning_Visitor,True,False
3,67.87,1,12.0,16,393.0,0.0,0.01,0.0,0.0,Sep,1,1,1,2,Returning_Visitor,False,False
0,0.0,0,0.0,12,166.0,0.03,0.07,0.0,0.01,Mar,2,2,1,1,Returning_Visitor,True,False
0,0.0,0,0.0,12,99.0,0.18,0.14,0.0,0.59,May,3,2,1,13,Returning_Visitor,False,False
2,160.0,0,0.0,17,399.75,0.0,0.01,0.03,0.0,Mar,3,2,2,3,Returning_Visitor,False,False
0,0.0,0,0.0,4,49.5,0.0,0.02,0.0,0.0,Mar,2,2,8,2,Returning_Visitor,False,False
3,3.59,1,80.42,13,462.0,0.0,0.01,23.13,0.0,Mar,2,2,1,2,Returning_Visitor,False,True
5,104.66,0,0.0,20,535.25,0.0,0.02,0.02,0.0,Dec,1,1,1,3,Returning_Visitor,True,False
0,0.0,0,0.0,121,0.0,0.2,0.14,0.41,0.0,Jul,1,2,1,1,Returning_Visitor,False,False
0,0.0,0,0.0,6,147.05,0.0,0.03,0.0,0.0,Mar,3,2,1,1,Returning_Visitor,False,False
0,0.0,0,0.0,13,59.0,0.0,0.05,0.0,0.0,May,2,2,2,3,Returning_Visitor,False,False
5,104.08,0,0.0,48,4374.42,0.01,0.03,1.79,0.0,Nov,1,1,2,1,Returning_Visitor,False,False
2,17.0,0,3.05,6,35.2,0.03,0.14,0.08,0.0,Aug,2,2,7,1,Returning_Visitor,False,False
0,0.0,0,0.23,46,1875.1,0.0,0.03,12.24,0.0,Nov,2,4,1,1,Returning_Visitor,False,False
0,1.68,0,0.44,7,220.33,0.0,0.01,0.0,0.0,May,2,2,1,5,Returning_Visitor,False,False
0,0.0,1,2.59,10,326.67,0.0,0.05,0.0,0.0,May,1,1,4,1,Returning_Visitor,True,False
3,0.0,0,0.0,4,403.0,0.05,0.13,0.15,0.0,May,1,1,1,15,Returning_Visitor,True,False
10,238.58,3,119.5,192,1636.18,0.0,0.02,18.13,0.0,Nov,2,2,1,1,Returning_Visitor,False,True
2,28.91,0,0.0,8,119.2,0.0,0.02,0.0,0.0,Nov,2,4,2,2,New_Visitor,True,False
2,10.92,2,43.91,11,422.03,0.0,0.04,0.0,0.0,Dec,2,2,1,2,Returning_Visitor,False,False
3,78.63,0,0.0,13,176.83,0.0,0.02,0.0,0.0,Jul,2,4,1,5,New_Visitor,False,False
0,0.0,0,0.42,33,1489.18,0.01,0.03,0.05,0.0,Dec,4,1,3,1,Returning_Visitor,False,False
0,1.65,0,0.0,46,2056.11,0.0,0.02,0.0,0.0,Nov,2,2,1,2,Returning_Visitor,True,False
2,496.6,0,0.0,13,2228.52,0.0,0.01,61.25,0.0,May,2,2,9,2,Returning_Visitor,False,False
3,74.0,0,0.0,21,1498.82,0.0,0.01,0.09,0.0,May,2,2,1,2,New_Visitor,True,False
1,142.5,1,81.24,13,733.25,0.0,0.01,0.0,0.0,Dec,1,1,8,2,New_Visitor,False,False
0,0.0,0,0.0,1,0.0,0.2,0.2,0.0,0.0,May,1,1,1,15,Returning_Visitor,True,False
0,2.17,0,0.0,2,22.0,0.0,0.1,0.03,0.0,Mar,1,2,9,2,Returning_Visitor,False,False
1,400.65,0,0.0,44,1362.5,0.0,0.02,0.0,0.0,Aug,1,8,1,6,Returning_Visitor,False,True
3,104.1,1,10.0,45,1142.2,0.0,0.02,0.0,0.0,Dec,2,2,1,2,Returning_Visitor,False,False
11,265.43,2,19.11,49,2110.26,0.0,0.01,0.01,0.0,Aug,3,2,3,1,Returning_Visitor,False,False
1,2.88,0,0.0,15,247.0,0.0,0.03,0.0,0.0,Nov,4,1,1,3,New_Visitor,False,False
10,333.87,4,121.62,54,1406.92,0.02,0.03,12.31,0.0,Nov,3,2,6,1,Returning_Visitor,False,False
0,0.0,0,2.03,7,412.02,0.0,0.01,1.07,0.0,Nov,1,1,3,2,Returning_Visitor,True,False
0,0.0,0,0.0,7,67.0,0.0,0.05,0.0,0.6,May,2,4,1,3,Returning_Visitor,False,False
0,0.0,0,0.0,5,513.25,0.0,0.01,0.0,0.0,Nov,3,2,7,2,Returning_Visitor,False,False
8,64.98,6,2166.5,14,1805.43,0.0,0.03,10.9,0.0,Nov,1,1,1,2,Returning_Visitor,False,False
1,2.9,0,0.0,11,269.96,0.0,0.01,0.0,0.01,May,3,2,3,4,Returning_Visitor,False,False
3,104.13,0,0.0,14,382.03,0.0,0.02,0.0,0.0,Dec,2,2,1,1,Returning_Visitor,False,False
3,56.0,0,0.0,10,303.37,0.0,0.02,0.0,0.0,Mar,2,2,1,2,New_Visitor,False,False
3,119.0,0,0.0,6,197.5,0.02,0.03,0.0,1.0,May,6,2,3,2,New_Visitor,True,False
0,0.0,0,0.0,88,1489.38,0.0,0.02,0.01,0.6,May,2,2,3,1,Returning_Visitor,False,False
0,1.48,0,0.34,12,269.43,0.04,0.06,0.03,0.8,May,2,2,1,3,Returning_Visitor,False,False
11,754.11,1,69.46,31,1021.62,0.0,0.03,2.08,0.0,Mar,1,1,3,2,Returning_Visitor,False,True
0,4.81,0,0.08,10,109.17,0.0,0.02,0.02,0.0,Nov,3,2,1,3,Returning_Visitor,False,False
7,112.38,0,0.17,42,1494.32,0.01,0.04,0.0,0.0,Mar,2,2,3,4,Returning_Visitor,False,False
0,0.0,0,0.0,13,747.27,0.0,0.04,0.0,0.0,Dec,3,2,7,14,Returning_Visitor,False,False
7,167.38,1,135.0,205,4263.98,0.01,0.01,112.67,0.0,Nov,1,2,3,2,Returning_Visitor,False,True
4,101.75,2,65.5,46,1307.47,0.0,0.03,0.0,0.0,Nov,3,2,3,2,Returning_Visitor,True,False
16,237.35,0,1.11,46,1143.83,0.01,0.01,0.0,0.0,Nov,3,2,4,1,New_Visitor,True,False
0,0.0,0,5.5,13,157.37,0.0,0.02,0.01,0.01,May,4,2,1,3,Returning_Visitor,True,False
3,98.26,0,0.0,97,1940.29,0.02,0.03,0.0,0.0,Nov,1,1,3,10,Returning_Visitor,True,False
0,2.32,0,0.0,3,20.2,0.0,0.07,0.14,0.0,Jul,2,2,2,1,Returning_Visitor,False,False
4,39.48,0,0.0,45,549.78,0.0,0.01,0.0,0.0,Sep,2,2,4,1,New_Visitor,False,False
3,298.2,0,1.11,48,1850.12,0.0,0.0,7.56,0.0,Nov,1,1,1,2,Returning_Visitor,False,True
10,156.0,1,80.89,20,651.77,0.0,0.01,19.13,0.0,Nov,2,2,4,2,Returning_Visitor,False,True
3,66.5,0,0.7,5,118.5,0.0,0.04,0.1,0.0,June,2,2,7,2,Returning_Visitor,False,False
0,2.2,0,0.0,4,157.0,0.0,0.05,0.0,0.0,May,2,5,6,6,Returning_Visitor,True,False
0,0.0,0,0.24,3,163.06,0.0,0.07,0.0,0.0,Nov,1,1,2,10,Returning_Visitor,False,False
0,0.0,0,0.11,2,0.0,0.2,0.2,0.0,0.0,May,2,2,6,1,Returning_Visitor,False,False
0,0.0,0,0.0,2,13.17,0.2,0.2,0.0,0.59,May,2,2,1,13,Returning_Visitor,False,False
1,7.51,0,0.5,25,1684.38,0.02,0.05,0.0,0.0,Nov,1,1,8,3,Returning_Visitor,False,False
0,1.71,0,0.0,46,444.1,0.0,0.02,0.09,0.01,May,2,2,4,3,Returning_Visitor,False,False
3,43.5,0,0.0,46,2264.33,0.0,0.01,0.0,0.0,Mar,2,2,1,3,Returning_Visitor,True,False
1,102.83,0,0.0,16,414.05,0.0,0.01,0.0,0.0,Dec,3,2,6,8,Returning_Visitor,False,False
0,0.0,0,0.0,13,973.5,0.0,0.05,0.0,0.0,Mar,2,2,1,1,Returning_Visitor,True,False
5,168.2,0,0.0,15,1495.95,0.01,0.04,0.0,0.0,Nov,3,2,7,13,Returning_Visitor,False,True
0,10.21,0,0.0,20,1458.5,0.0,0.01,0.0,0.0,Dec,4,2,1,2,Returning_Visitor,False,False
3,11.66,0,0.23,36,1496.38,0.01,0.03,0.0,0.0,May,2,2,2,3,Returning_Visitor,True,False
0,0.0,0,0.29,46,1934.99,0.0,0.02,21.93,0.0,Mar,2,2,6,1,Returning_Visitor,False,False
3,88.0,2,10.0,23,1390.39,0.0,0.01,0.0,0.0,May,3,2,1,4,Returning_Visitor,False,False
11,157.06,6,514.0,79,1502.28,0.0,0.01,14.85,0.0,May,2,2,7,2,Returning_Visitor,True,True
0,0.0,0,0.2,29,3312.5,0.01,0.03,0.0,0.0,Mar,2,2,1,13,Returning_Visitor,False,False
0,2.81,0,0.0,12,177.84,0.03,0.06,0.0,0.0,Mar,3,2,4,11,Returning_Visitor,False,False
1,19.0,0,0.0,45,1504.38,0.01,0.02,0.0,0.0,Nov,2,2,3,2,Returning_Visitor,True,False
0,0.0,0,0.0,3,1362.29,0.0,0.07,0.0,0.0,Sep,1,1,1,5,Returning_Visitor,False,False
3,281.0,0,1.16,16,453.75,0.0,0.01,0.05,0.0,Mar,2,2,6,2,New_Visitor,False,False
0,0.0,0,0.38,13,147.08,0.0,0.01,0.0,0.0,Nov,2,2,1,3,Returning_Visitor,False,False
3,55.0,1,47.0,47,1842.95,0.0,0.01,0.0,0.0,Mar,2,2,3,1,Returning_Visitor,False,False
0,0.0,0,0.06,13,1435.39,0.01,0.03,0.03,0.07,May,3,2,4,2,Returning_Visitor,False,False
0,0.0,0,0.0,7,101.0,0.03,0.06,0.0,0.0,Mar,2,5,1,3,Returning_Visitor,False,False
16,105.8,2,47.64,193,5955.33,0.0,0.02,9.84,0.0,Oct,2,2,4,2,Returning_Visitor,False,False
2,10.67,0,0.0,34,1500.14,0.02,0.03,0.0,0.41,May,3,2,4,13,Returning_Visitor,False,False
0,0.0,0,0.26,5,53.0,0.0,0.08,0.0,0.0,Mar,2,5,2,2,Returning_Visitor,True,False
0,0.0,1,222.0,25,1545.83,0.01,0.02,0.0,0.0,Mar,2,2,1,2,Returning_Visitor,False,False
0,0.0,0,1.93,4,1086.76,0.0,0.05,0.0,0.0,Aug,4,1,3,3,New_Visitor,False,False
2,1.68,0,0.0,30,397.0,0.0,0.02,0.0,0.0,May,2,2,7,2,Returning_Visitor,False,False
7,247.13,1,710.0,49,4566.95,0.01,0.02,0.0,0.0,Nov,3,2,2,2,Returning_Visitor,False,False
0,0.0,0,4.05,110,5244.47,0.0,0.01,0.0,0.0,Nov,2,2,1,2,Returning_Visitor,False,True
2,47.0,0,0.0,21,825.08,0.0,0.01,10.79,0.0,Mar,2,2,2,2,New_Visitor,False,True
0,2.64,0,0.0,19,926.63,0.01,0.03,0.0,0.0,Mar,2,2,2,1,Returning_Visitor,True,False
3,86.6,0,0.0,6,100.42,0.0,0.02,0.11,0.0,Dec,2,2,6,8,New_Visitor,False,False
3,226.0,0,0.0,81,4836.49,0.0,0.01,5.31,0.0,Nov,2,2,1,2,Returning_Visitor,False,True
0,1.91,0,0.0,42,1276.06,0.0,0.05,0.0,0.61,May,2,4,6,3,Returning_Visitor,False,False
3,29.5,0,0.0,26,1495.65,0.02,0.04,12.13,0.0,Nov,3,2,4,10,Returning_Visitor,False,True
7,230.17,1,73.51,140,8961.41,0.0,0.01,12.21,0.0,Mar,2,2,2,1,Returning_Visitor,False,False
2,5.44,1,4.0,35,1643.33,0.0,0.03,0.01,0.2,May,2,2,1,4,Returning_Visitor,False,False
5,73.8,0,1.45,5,82.5,0.0,0.03,1.25,0.0,Aug,2,5,1,5,New_Visitor,False,False
5,51.04,0,0.0,14,837.38,0.0,0.01,0.0,0.0,Nov,1,1,2,8,New_Visitor,False,True
0,0.0,0,0.0,2,40.5,0.0,0.14,0.0,0.0,Dec,1,1,3,3,Other,False,False
0,1.5,0,0.0,43,907.51,0.0,0.0,0.0,0.0,Nov,1,1,1,2,New_Visitor,True,False
0,0.0,0,0.0,10,145.02,0.0,0.01,0.03,0.6,May,2,2,1,4,Returning_Visitor,False,False
4,86.0,0,0.63,34,1546.26,0.0,0.04,5.19,0.0,May,2,2,1,2,Returning_Visitor,False,False
2,88.54,0,0.1,17,411.62,0.0,0.03,0.0,0.0,Mar,2,2,4,3,Returning_Visitor,False,False
3,56.5,0,0.0,16,541.88,0.0,0.01,15.15,0.0,Nov,2,4,1,2,New_Visitor,False,True
0,0.0,0,0.0,8,427.75,0.0,0.03,0.0,0.0,Dec,2,2,1,2,New_Visitor,False,False
6,160.73,0,0.0,13,950.67,0.03,0.05,0.0,0.0,Oct,3,2,1,3,Returning_Visitor,False,False
9,175.93,0,0.0,28,1466.89,0.01,0.02,0.01,0.58,May,2,2,3,4,Returning_Visitor,False,False
0,1.83,0,0.0,12,292.5,0.01,0.02,0.02,0.0,May,2,2,1,1,Returning_Visitor,False,False
0,0.0,0,0.0,5,149.33,0.04,0.08,0.0,0.0,Dec,3,2,6,3,Returning_Visitor,False,False
1,0.0,0,0.0,12,158.47,0.08,0.14,0.01,0.38,May,1,1,1,4,Returning_Visitor,False,False
2,20.75,0,0.0,46,868.68,0.0,0.02,62.52,0.0,Dec,2,2,1,2,Returning_Visitor,False,False
0,96.5,0,0.0,19,1430.66,0.01,0.03,0.0,0.01,Mar,1,1,1,1,Returning_Visitor,False,False
6,114.24,2,15.75,30,1506.71,0.04,0.06,0.0,0.0,June,1,1,7,3,Returning_Visitor,False,False
0,2.47,0,0.1,46,960.73,0.02,0.04,0.0,0.0,May,2,2,4,6,Returning_Visitor,False,False
10,355.0,0,0.0,46,1039.6,0.0,0.01,0.0,0.0,Nov,1,2,9,10,Returning_Visitor,False,False
0,1.76,0,0.0,7,103.5,0.0,0.05,0.0,0.0,Nov,2,2,1,2,Returning_Visitor,False,True
0,0.0,0,1.1,38,1503.88,0.02,0.04,0.0,0.57,May,2,2,7,11,Returning_Visitor,True,False
1,24.0,0,0.0,30,1494.53,0.0,0.02,0.0,0.0,Sep,2,2,1,2,Returning_Visitor,False,False
0,0.0,0,1.56,11,1470.85,0.04,0.04,27.32,0.0,Nov,3,2,1,1,Returning_Visitor,True,True
11,318.72,1,0.0,46,1513.74,0.01,0.02,5.71,0.0,May,2,2,1,4,Returning_Visitor,False,True
0,1.65,0,0.0,4,25.0,0.05,0.1,0.0,0.0,May,3,2,3,3,Returning_Visitor,False,False
0,1.7,0,0.0,2,33.0,0.0,0.1,0.0,0.2,Feb,1,1,1,3,Returning_Visitor,False,False
0,9.97,1,15.0,103,1998.75,0.01,0.06,0.0,0.0,Nov,1,1,4,2,Returning_Visitor,False,False
1,92.0,0,0.0,117,13158.67,0.0,0.04,0.0,0.1,May,2,6,4,4,Returning_Visitor,True,False
0,0.0,0,0.95,19,577.54,0.0,0.01,90.93,0.0,Nov,2,2,1,2,Returning_Visitor,False,True
0,1.56,0,0.0,2,148.87,0.0,0.1,0.0,0.0,Dec,2,4,1,2,Returning_Visitor,False,False
1,4.0,0,0.0,0,0.0,0.0,0.07,0.33,0.0,Mar,4,1,8,6,Returning_Visitor,False,False
0,0.0,0,0.0,87,4403.38,0.0,0.01,0.0,0.0,Dec,2,2,6,2,Returning_Visitor,False,False
0,0.0,0,0.0,12,1653.6,0.02,0.03,0.0,0.0,Jul,3,2,4,3,Returning_Visitor,False,False
0,8.12,0,0.0,37,1399.42,0.0,0.04,40.87,0.0,May,2,10,3,4,Returning_Visitor,False,True
7,94.7,2,725.5,101,4713.8,0.01,0.02,20.62,0.0,May,1,1,6,1,Returning_Visitor,True,True
4,21.0,0,0.94,16,319.57,0.0,0.03,0.09,0.0,May,2,2,2,11,Returning_Visitor,False,False
3,31.2,0,0.21,13,385.3,0.0,0.03,0.0,0.0,Sep,1,1,1,3,Returning_Visitor,False,False
12,509.53,2,11.0,33,1944.49,0.0,0.02,10.14,0.0,Nov,2,2,1,1,Returning_Visitor,False,False
0,0.0,0,0.0,5,23.0,0.13,0.15,0.0,0.0,Nov,2,2,1,13,Returning_Visitor,False,False
2,992.71,5,809.5,28,1308.29,0.01,0.02,9.7,0.0,Nov,2,2,1,10,Returning_Visitor,False,True
11,118.18,2,91.5,162,5333.51,0.0,0.01,14.77,0.0,Nov,2,2,4,2,Returning_Visitor,False,True
3,241.86,3,94.55,220,1365.83,0.0,0.03,12.27,0.0,Nov,1,2,1,1,Returning_Visitor,False,False
0,0.0,0,0.0,1,0.0,0.13,0.2,0.3,0.0,Nov,3,2,3,2,Returning_Visitor,False,False
3,177.6,0,1.86,17,186.88,0.01,0.02,31.99,0.01,Oct,4,1,1,2,Returning_Visitor,False,True
3,0.0,0,0.0,23,1503.28,0.01,0.05,16.2,0.0,May,2,2,6,6,Returning_Visitor,True,False
0,0.0,0,0.51,17,414.14,0.0,0.01,0.02,0.0,May,1,1,2,2,Returning_Visitor,False,False
0,0.0,0,0.23,3,0.0,0.2,0.2,0.0,0.0,May,2,2,4,3,Returning_Visitor,False,False
0,0.0,0,0.0,6,99.5,0.0,0.04,0.82,0.0,Nov,1,1,4,2,Returning_Visitor,True,False
0,1.79,0,0.0,46,933.44,0.0,0.02,0.0,0.56,May,2,2,4,2,Returning_Visitor,False,False
1,31.0,2,515.0,4,718.67,0.0,0.01,0.04,0.0,May,2,2,6,6,Returning_Visitor,False,False
4,61.0,0,0.0,19,607.0,0.0,0.03,17.54,1.0,Nov,1,1,7,4,Returning_Visitor,True,True
0,1.52,0,0.0,46,599.92,0.0,0.0,0.0,0.0,Jul,1,1,1,4,Returning_Visitor,False,False
8,42.68,4,168.5,14,415.3,0.01,0.01,0.0,0.0,May,1,1,3,3,Returning_Visitor,False,False
6,110.62,1,106.0,46,1508.52,0.04,0.05,12.4,0.0,Nov,3,2,1,13,Returning_Visitor,False,False
0,0.0,0,0.0,13,80.5,0.13,0.09,0.02,0.0,Dec,2,2,1,3,Returning_Visitor,False,False
0,0.0,0,0.0,7,248.0,0.06,0.08,0.0,0.0,Nov,3,2,3,13,Returning_Visitor,False,False
1,8.0,1,101.0,12,205.98,0.02,0.03,2.41,0.58,May,2,4,3,4,Returning_Visitor,False,False
3,45.14,0,0.0,17,413.48,0.0,0.02,76.79,0.0,Mar,2,2,3,10,Returning_Visitor,False,True
0,0.0,0,0.0,13,325.5,0.02,0.06,0.0,0.0,Dec,2,2,1,1,Returning_Visitor,False,False
0,13.35,0,0.28,43,2152.59,0.0,0.02,0.01,0.0,Dec,3,3,3,3,Returning_Visitor,False,False
0,0.0,0,0.0,46,3247.43,0.0,0.01,0.0,0.0,Nov,2,2,1,2,Returning_Visitor,False,False
0,0.0,0,0.0,34,1341.47,0.04,0.06,0.0,0.0,Aug,3,2,1,4,Returning_Visitor,False,False
8,246.5,0,0.0,74,2326.67,0.0,0.01,5.02,0.0,May,2,4,3,2,New_Visitor,True,False
0,1.54,0,0.0,13,232.83,0.03,0.05,0.0,0.0,May,2,1,3,1,Returning_Visitor,False,False
0,1.57,0,0.0,6,24.0,0.13,0.17,0.0,0.8,May,2,2,7,3,Returning_Visitor,False,False
0,0.0,0,0.0,74,3237.11,0.0,0.02,0.08,0.0,Nov,4,2,3,3,Returning_Visitor,False,False
0,0.0,0,0.1,1,0.0,0.13,0.2,0.0,0.0,Mar,3,2,1,1,Returning_Visitor,True,False
0,0.0,0,0.11,9,144.8,0.0,0.03,0.02,0.0,May,2,2,1,13,Returning_Visitor,False,False
3,102.52,0,0.07,67,1499.09,0.01,0.03,0.0,0.0,Nov,3,2,1,13,Returning_Visitor,True,False
1,7.0,0,14.47,13,1487.08,0.0,0.02,0.0,0.0,Jul,2,2,3,4,Returning_Visitor,False,True
3,0.0,0,0.0,9,300.33,0.03,0.07,0.05,0.0,Dec,3,2,9,1,Returning_Visitor,False,False
3,61.78,0,0.2,6,145.7,0.0,0.01,0.0,0.0,Mar,2,2,8,2,Returning_Visitor,True,False
0,0.0,0,0.0,4,44.4,0.0,0.05,0.0,0.0,June,2,10,3,3,Returning_Visitor,False,False
2,23.2,0,0.0,5,181.03,0.0,0.01,32.73,0.0,Nov,2,4,1,2,New_Visitor,False,False
8,223.38,0,0.0,37,3152.5,0.0,0.01,13.25,0.0,Dec,2,2,3,2,Returning_Visitor,False,True
0,0.0,0,0.0,1,0.0,0.2,0.14,0.0,0.0,May,2,2,1,3,Returning_Visitor,False,False
0,1.8,0,0.0,46,1424.39,0.0,0.01,0.0,0.0,Nov,2,2,1,8,New_Visitor,False,False
0,0.0,0,0.0,1,0.0,0.13,0.2,0.0,0.01,Mar,2,2,9,2,New_Visitor,True,False
0,0.0,0,0.0,3,16.0,0.0,0.07,0.0,0.6,May,2,2,5,1,Returning_Visitor,False,False
1,100.0,1,111.0,13,1001.0,0.0,0.01,0.0,0.0,Mar,2,2,1,1,Returning_Visitor,False,False
0,4.82,0,0.92,30,1682.28,0.0,0.01,41.13,0.0,Dec,2,2,4,2,Returning_Visitor,False,True
6,103.0,0,3.41,46,2081.5,0.0,0.01,24.55,0.0,May,2,2,3,2,New_Visitor,True,True
3,41.75,2,30.0,25,1449.54,0.0,0.05,0.0,0.0,Mar,2,2,3,1,Returning_Visitor,False,False
3,103.62,0,1.48,23,567.95,0.0,0.05,0.0,0.2,Feb,1,1,3,3,Returning_Visitor,False,False
0,0.0,0,0.11,15,197.0,0.0,0.03,0.0,0.2,May,2,2,1,4,Returning_Visitor,False,False
3,28.58,0,0.0,45,1391.22,0.01,0.03,0.0,0.0,Jul,3,2,6,5,Returning_Visitor,False,False
0,0.0,0,0.0,1,0.0,0.0,0.1,0.0,0.0,May,2,2,3,18,Returning_Visitor,True,False
0,0.0,0,0.0,13,145.97,0.0,0.02,0.0,0.0,Dec,2,5,9,2,New_Visitor,False,False
0,0.0,0,0.0,14,301.0,0.0,0.03,0.15,0.0,Nov,1,1,1,3,Returning_Visitor,False,False
10,579.13,0,5.29,46,539.84,0.0,0.0,25.53,0.0,Oct,2,2,3,2,New_Visitor,True,False
0,0.0,0,0.0,44,1421.9,0.0,0.02,0.0,0.0,Mar,1,1,1,2,New_Visitor,False,False
4,59.25,0,0.0,9,177.89,0.02,0.03,0.2,0.0,Mar,3,2,1,2,Returning_Visitor,True,False
6,104.03,0,0.0,17,310.97,0.03,0.04,0.05,0.0,Oct,3,2,1,13,Returning_Visitor,False,False
4,78.23,5,134.0,46,1335.81,0.02,0.03,12.16,0.0,Dec,1,1,6,1,Returning_Visitor,False,False
6,104.4,1,0.0,32,879.75,0.0,0.01,20.5,0.0,Nov,2,4,1,1,Returning_Visitor,False,True
0,1.49,0,0.15,46,2310.0,0.03,0.04,0.0,0.02,May,3,2,1,3,Returning_Visitor,False,False
0,1.59,0,0.0,1,19.26,0.2,0.14,0.0,0.0,May,2,2,9,3,Returning_Visitor,False,False
0,0.0,0,0.0,2,46.5,0.0,0.05,0.0,0.0,Dec,1,1,2,2,New_Visitor,False,False
0,2.31,0,0.0,7,269.56,0.0,0.03,0.0,0.0,Sep,2,2,1,4,Returning_Visitor,False,False
0,0.0,2,15.0,6,824.54,0.0,0.04,0.04,0.0,May,2,2,2,4,Returning_Visitor,True,False
0,0.0,0,0.0,10,49.0,0.01,0.03,0.0,0.0,May,3,2,1,3,Returning_Visitor,False,False
0,1.84,1,115.8,46,1511.21,0.01,0.01,0.0,0.0,Nov,1,1,3,2,Returning_Visitor,False,False
0,0.0,0,0.0,40,962.33,0.0,0.02,0.0,0.0,Mar,2,2,9,1,Returning_Visitor,False,False
1,255.5,0,0.0,14,299.37,0.0,0.0,0.0,0.0,Nov,3,2,7,8,New_Visitor,True,False
3,98.1,1,28.2,130,4994.85,0.02,0.04,0.0,0.0,Sep,2,2,1,1,Returning_Visitor,True,False
3,50.15,0,0.0,26,1107.12,0.0,0.01,0.0,0.0,Aug,2,2,1,1,Returning_Visitor,False,False
0,0.0,2,163.0,46,813.05,0.0,0.01,9.31,0.0,May,2,2,5,2,Returning_Visitor,True,False
0,0.0,0,0.0,6,165.8,0.0,0.02,0.0,0.27,May,1,1,1,1,Returning_Visitor,False,False
0,0.0,0,0.2,33,418.23,0.0,0.07,0.52,0.0,Nov,1,1,8,2,Returning_Visitor,False,True
2,107.1,0,2.61,11,1568.5,0.0,0.04,0.0,0.0,Nov,2,2,7,2,Returning_Visitor,False,False
2,1.47,0,0.0,18,529.7,0.0,0.01,0.0,0.0,Mar,2,2,1,2,Returning_Visitor,True,False
9,145.77,3,408.5,48,6566.87,0.0,0.01,67.4,0.0,May,2,1,3,2,Returning_Visitor,True,False
0,0.0,0,0.23,35,2994.83,0.0,0.02,0.0,0.0,Nov,2,2,1,2,Returning_Visitor,False,False
0,1.85,0,0.17,15,907.5,0.0,0.03,0.0,0.6,May,2,2,7,2,Returning_Visitor,False,False
0,0.0,0,0.0,46,1437.89,0.03,0.05,0.0,0.6,May,3,2,3,13,Returning_Visitor,True,False
1,16.2,0,0.0,42,1369.7,0.0,0.02,6.95,0.0,Jul,2,5,3,3,New_Visitor,False,False
6,104.0,0,0.0,37,2533.33,0.01,0.03,6.65,0.0,Nov,2,2,3,1,Returning_Visitor,False,True
1,19.2,0,0.0,3,60.6,0.0,0.03,0.76,0.0,Oct,2,2,1,6,Returning_Visitor,False,False
2,104.2,0,1.53,21,521.5,0.0,0.02,0.0,0.0,Mar,3,2,1,1,Returning_Visitor,True,False
3,1.58,0,0.0,17,1394.67,0.0,0.03,0.26,0.0,Mar,2,4,2,6,Returning_Visitor,False,False
0,0.0,0,0.0,3,738.0,0.0,0.02,0.0,0.0,Mar,2,4,1,2,Returning_Visitor,False,False
3,90.0,0,2.55,35,397.88,0.01,0.04,0.0,0.0,Mar,2,2,1,1,Returning_Visitor,False,False
10,614.17,0,0.0,47,3608.9,0.0,0.02,7.26,0.0,Mar,2,2,3,1,Returning_Visitor,False,False
0,4.85,2,135.0,32,804.19,0.03,0.04,4.03,0.0,May,1,1,6,2,Returning_Visitor,True,False
3,104.17,0,0.0,53,1840.37,0.01,0.02,46.78,0.01,Dec,1,1,2,2,Returning_Visitor,False,True
0,0.0,0,0.0,2,247.0,0.0,0.1,0.0,0.8,May,2,2,2,2,New_Visitor,False,False
4,87.5,1,20.0,47,1279.17,0.0,0.01,0.0,0.0,Mar,2,2,1,2,Returning_Visitor,False,False
0,1.72,0,0.0,3,32.74,0.2,0.2,0.0,0.0,Nov,1,1,1,3,Returning_Visitor,False,False
0,0.0,0,0.0,4,118.0,0.0,0.03,0.0,0.0,May,2,2,8,3,Returning_Visitor,False,False
0,0.0,0,0.0,26,1380.83,0.01,0.02,1.17,0.59,May,2,6,3,13,Returning_Visitor,False,False
4,68.11,5,1022.25,47,8130.96,0.05,0.02,12.27,0.0,Nov,1,2,4,2,Returning_Visitor,False,True
0,0.0,0,2.44,46,650.83,0.0,0.02,13.99,0.1,May,2,2,7,2,Returning_Visitor,False,True
10,504.25,2,0.94,43,8768.48,0.01,0.05,1.83,0.0,Jul,2,2,1,1,Returning_Visitor,False,True
7,122.88,0,0.0,6,250.04,0.0,0.04,0.0,0.0,Dec,2,2,1,2,New_Visitor,False,False
3,88.52,0,0.0,6,261.79,0.13,0.07,0.0,0.4,May,3,2,2,13,Returning_Visitor,False,False
0,0.0,1,53.37,204,5496.25,0.0,0.02,0.03,0.0,Jul,2,2,1,1,Returning_Visitor,False,True
5,102.53,0,0.0,74,1491.36,0.0,0.02,1.72,0.0,Mar,2,5,6,1,Returning_Visitor,False,False
2,104.55,0,1.98,42,150.06,0.0,0.03,0.0,0.0,Aug,2,2,7,4,Returning_Visitor,False,False
2,23.0,0,0.0,31,1488.04,0.0,0.01,0.03,0.0,May,2,2,9,3,Returning_Visitor,False,False
3,53.88,1,95.57,86,1789.95,0.0,0.01,12.18,0.0,Dec,2,6,1,2,Returning_Visitor,False,False
8,149.5,0,0.0,46,2598.99,0.0,0.03,12.41,0.0,Mar,2,4,8,2,Returning_Visitor,True,False
3,42.66,2,1.56,47,1368.88,0.01,0.02,5.49,0.0,May,1,8,1,11,Returning_Visitor,True,True
2,100.1,0,0.0,13,401.5,0.0,0.0,0.01,0.0,May,2,5,1,2,Returning_Visitor,False,False
0,0.0,0,0.0,7,145.42,0.06,0.15,0.01,0.0,Mar,2,2,1,1,Returning_Visitor,False,False
1,0.0,0,0.0,6,261.67,0.13,0.13,0.01,0.0,June,3,2,2,4,Returning_Visitor,False,False
5,1283.0,3,148.5,50,3246.98,0.0,0.0,0.38,0.0,Mar,2,2,3,2,Returning_Visitor,False,False
1,38.23,1,235.0,71,2753.38,0.01,0.02,0.0,0.0,Mar,3,2,2,1,Returning_Visitor,True,False
0,13.15,0,8.98,2,1422.13,0.0,0.0,34.04,0.03,Nov,2,2,4,1,New_Visitor,True,True
3,339.0,4,111.16,5,376.0,0.0,0.03,0.0,0.0,Dec,2,2,9,2,New_Visitor,False,False
4,131.0,0,0.0,30,548.96,0.01,0.04,6.93,0.0,Nov,2,2,2,4,Returning_Visitor,False,True
0,0.0,0,0.0,2,0.0,0.2,0.2,0.0,0.0,Nov,2,4,4,1,Returning_Visitor,False,False
0,2.03,0,0.0,9,414.45,0.0,0.01,0.0,0.0,May,2,2,4,1,Returning_Visitor,False,False
3,146.0,0,0.0,8,489.0,0.0,0.02,0.0,0.0,Mar,2,2,8,3,Returning_Visitor,False,False
4,77.5,0,0.2,17,1261.65,0.0,0.04,0.0,0.0,Nov,1,2,1,3,Returning_Visitor,False,False
2,87.5,0,0.0,29,1352.13,0.0,0.03,34.6,0.0,Nov,2,2,4,2,Returning_Visitor,False,True
0,0.0,0,0.0,88,5093.3,0.0,0.02,0.0,0.0,Nov,2,2,1,2,Returning_Visitor,False,False
3,98.9,2,52.25,1,0.0,0.0,0.04,0.17,0.0,Dec,1,1,1,2,Returning_Visitor,False,False
0,0.0,0,0.0,45,945.01,0.0,0.02,0.0,0.0,Mar,3,2,3,1,Returning_Visitor,False,False
8,148.92,2,186.23,49,1088.64,0.02,0.03,0.28,0.0,June,1,1,1,3,Returning_Visitor,False,False
2,22.5,0,0.27,28,686.32,0.0,0.0,0.0,0.0,Mar,2,4,3,1,Returning_Visitor,False,False
1,14.0,1,38.0,47,1060.45,0.0,0.03,0.03,0.0,Dec,2,2,1,4,Returning_Visitor,True,False
3,21.5,2,70.88,28,1500.31,0.0,0.03,0.0,0.0,Dec,1,1,2,2,Returning_Visitor,False,False
4,51.34,0,0.0,42,1500.73,0.0,0.01,0.0,0.0,Mar,2,2,3,3,Returning_Visitor,False,False
7,89.9,3,84.0,58,2787.25,0.01,0.01,98.04,0.0,May,2,2,1,2,Returning_Visitor,False,False
2,68.33,0,0.0,38,1370.04,0.0,0.0,0.0,0.0,Nov,3,2,4,2,Returning_Visitor,True,False
10,779.45,0,0.0,54,1002.49,0.0,0.03,0.0,0.0,Nov,3,2,1,3,Returning_Visitor,False,False
0,1.71,0,0.0,14,116.83,0.06,0.14,0.01,0.6,May,2,2,2,3,Returning_Visitor,False,False
0,0.0,0,0.88,2,0.0,0.2,0.14,0.0,0.0,Aug,1,2,1,2,New_Visitor,False,False
3,0.0,0,0.0,5,406.34,0.0,0.05,0.0,0.0,Mar,2,3,3,9,Returning_Visitor,False,False
3,104.14,0,0.0,79,2006.83,0.0,0.01,0.0,0.0,Dec,3,3,1,3,Returning_Visitor,True,False
2,26.67,0,0.0,159,4452.45,0.0,0.01,14.76,0.0,Dec,2,2,5,2,Returning_Visitor,False,False
0,0.0,0,0.39,13,142.75,0.02,0.04,0.18,0.0,Nov,1,1,6,2,Returning_Visitor,False,False
0,0.0,0,0.0,1,68.0,0.0,0.1,0.0,0.0,May,2,2,3,2,Returning_Visitor,False,False
1,0.0,0,0.0,14,503.63,0.01,0.03,0.0,0.0,Aug,3,2,9,2,Returning_Visitor,False,False
2,76.6,0,0.0,46,488.91,0.01,0.02,11.43,0.0,June,2,2,6,1,Returning_Visitor,True,True
0,0.0,0,0.0,1,14.23,0.13,0.13,0.0,0.0,June,3,2,1,13,Returning_Visitor,False,False
0,0.0,0,0.0,6,66.9,0.0,0.05,0.74,0.0,Nov,2,2,1,2,New_Visitor,False,False
0,1.53,0,0.0,7,82.75,0.03,0.09,0.0,0.0,Nov,2,2,2,3,Returning_Visitor,False,False
4,77.1,0,0.0,13,41.7,0.0,0.03,0.0,0.0,Sep,2,2,4,6,Returning_Visitor,False,False
0,1.67,0,0.0,1,471.07,0.0,0.13,0.0,0.0,Jul,2,2,1,5,New_Visitor,False,False
3,9.58,0,0.48,30,390.67,0.01,0.04,0.0,0.0,Mar,2,2,8,1,Returning_Visitor,False,False
0,1.45,0,0.38,5,146.17,0.0,0.05,0.0,0.0,Mar,2,2,3,2,Returning_Visitor,False,False
11,497.61,0,12.52,46,1503.71,0.0,0.01,5.15,0.0,Mar,1,1,7,2,Returning_Visitor,False,False
0,0.0,0,0.37,3,145.14,0.0,0.07,0.0,0.0,May,2,2,1,4,Returning_Visitor,False,False
0,1.44,0,0.0,3,198.81,0.0,0.07,0.21,0.0,Feb,1,1,1,3,Returning_Visitor,False,False
1,38.5,0,0.0,46,705.12,0.0,0.02,0.0,0.0,Nov,1,1,3,3,Returning_Visitor,True,False
8,498.98,5,433.1,99,1493.13,0.01,0.01,32.35,0.0,May,2,2,2,1,Returning_Visitor,False,False
3,26.0,0,1.28,235,10046.81,0.0,0.02,0.0,0.0,Nov,2,2,1,2,Returning_Visitor,False,True
3,106.59,0,0.0,13,285.6,0.0,0.02,0.2,0.0,Oct,2,2,7,2,Returning_Visitor,False,False
2,98.39,0,0.0,26,2058.3,0.0,0.01,8.52,0.0,Nov,1,1,8,8,New_Visitor,False,True
3,142.2,0,0.4,24,1494.03,0.0,0.01,0.0,0.0,Dec,2,2,2,2,Returning_Visitor,True,False
0,0.0,0,0.0,10,147.57,0.0,0.1,0.91,0.0,Nov,2,2,2,8,Returning_Visitor,True,False
2,46.0,0,0.0,13,195.0,0.0,0.07,0.0,0.0,May,2,2,1,4,Returning_Visitor,False,False
9,484.45,0,5.64,85,2387.99,0.0,0.02,12.32,0.0,May,3,2,6,4,Returning_Visitor,False,True
15,1535.36,0,1.07,43,1505.37,0.0,0.02,0.0,0.0,Dec,2,2,1,1,Returning_Visitor,False,False
0,0.0,0,0.0,3,39.5,0.0,0.05,0.04,0.0,Dec,1,1,9,8,New_Visitor,False,False
0,1.57,0,0.0,46,1138.5,0.0,0.01,0.0,0.0,Mar,3,2,1,8,Returning_Visitor,False,False
10,297.84,0,0.0,31,1694.33,0.02,0.04,15.11,0.0,Nov,2,2,4,3,Returning_Visitor,False,False
0,0.0,0,0.04,6,50.0,0.03,0.07,0.0,0.0,May,2,5,8,4,Returning_Visitor,False,False
0,3.0,0,0.0,14,128.0,0.0,0.03,0.02,0.0,Mar,2,2,1,9,Returning_Visitor,False,False
0,0.0,0,0.0,30,1661.83,0.03,0.05,0.05,0.0,Dec,2,2,3,1,Returning_Visitor,False,False
0,0.0,0,0.1,18,495.0,0.01,0.03,0.0,0.6,May,3,2,1,13,Returning_Visitor,False,False
0,0.0,0,0.0,3,756.43,0.0,0.07,0.01,0.0,Mar,2,4,3,3,Returning_Visitor,False,False
3,86.33,0,0.94,14,1256.33,0.0,0.02,0.0,0.0,Nov,1,1,4,2,Returning_Visitor,False,False
4,537.5,0,0.12,12,748.96,0.02,0.02,0.09,0.0,Dec,2,5,7,2,Returning_Visitor,False,False
0,0.0,0,0.54,13,461.0,0.04,0.05,0.01,0.34,May,2,2,5,6,Returning_Visitor,False,False
3,341.6,0,0.0,3,77.0,0.0,0.02,0.0,0.0,Dec,3,2,8,2,New_Visitor,True,False
0,1.65,0,0.09,13,175.92,0.01,0.03,0.0,0.0,Mar,3,2,1,1,Returning_Visitor,True,False
0,0.0,0,0.0,11,0.0,0.2,0.2,0.01,0.0,Mar,2,2,2,10,Returning_Visitor,False,False
0,1.64,0,0.0,2,0.0,0.2,0.2,0.11,0.0,Nov,1,8,1,1,Returning_Visitor,False,False
0,0.0,0,0.22,38,1498.71,0.03,0.05,0.07,0.2,May,1,1,1,2,Returning_Visitor,False,False
2,44.31,2,7.0,39,1408.81,0.03,0.05,0.34,0.0,Nov,1,1,1,1,Returning_Visitor,True,False
3,87.83,1,113.0,46,1495.26,0.0,0.0,48.45,0.0,Nov,2,2,9,2,Returning_Visitor,False,True
0,0.0,0,0.0,4,0.0,0.2,0.2,0.02,0.0,Mar,1,2,1,1,Returning_Visitor,False,False
0,2.77,0,0.0,1,0.0,0.2,0.2,0.0,0.0,Nov,3,2,7,20,Returning_Visitor,False,False
13,345.02,0,0.0,55,1327.81,0.0,0.0,23.94,0.0,Aug,4,2,4,4,Returning_Visitor,False,False
8,127.7,3,36.0,70,1675.53,0.02,0.03,4.44,0.0,May,2,2,3,2,Returning_Visitor,True,False
6,81.83,0,0.0,7,179.24,0.0,0.02,1.96,0.0,Nov,2,2,3,3,New_Visitor,False,False
0,0.0,0,0.0,39,530.78,0.03,0.05,0.07,0.0,May,2,2,4,6,Returning_Visitor,True,False
1,20.0,0,0.0,30,1502.05,0.03,0.03,0.0,0.0,Nov,3,2,1,2,Returning_Visitor,False,False
2,104.0,0,0.0,18,631.0,0.0,0.04,0.0,0.0,May,2,2,1,1,Returning_Visitor,False,False
3,103.43,0,0.71,12,2156.5,0.01,0.03,68.89,0.01,Nov,3,2,1,2,New_Visitor,False,True
0,0.0,0,0.0,7,277.0,0.0,0.04,0.0,0.2,May,2,2,3,4,Returning_Visitor,False,False
0,0.0,0,0.7,19,146.42,0.07,0.13,0.0,0.0,Jul,3,2,3,13,Returning_Visitor,False,False
2,104.08,0,0.0,13,362.5,0.0,0.01,0.03,0.0,Dec,3,2,1,2,New_Visitor,False,False
0,0.0,0,0.0,13,353.79,0.0,0.02,36.33,0.01,Sep,1,1,1,2,New_Visitor,False,True
2,104.22,0,0.0,8,186.61,0.0,0.03,0.0,0.0,Nov,1,1,1,2,Returning_Visitor,False,False
0,0.0,0,0.0,46,1503.7,0.01,0.02,0.0,0.0,Aug,3,2,4,1,Returning_Visitor,False,False
0,0.0,1,341.33,59,1503.5,0.0,0.02,9.38,0.0,Mar,1,2,3,2,Returning_Visitor,True,True
4,63.79,1,74.0,18,385.29,0.02,0.04,12.01,0.0,Nov,3,2,1,2,Returning_Visitor,False,False
0,0.0,1,21.0,30,0.0,0.0,0.05,0.29,0.0,Dec,1,1,4,8,New_Visitor,False,False
0,1.61,0,0.0,3,147.39,0.0,0.07,0.0,0.0,May,2,2,7,2,Returning_Visitor,True,False
5,1.99,0,0.0,4,13.0,0.0,0.06,0.0,0.8,May,2,2,3,4,New_Visitor,False,False
4,104.78,1,535.0,9,422.27,0.0,0.04,0.02,0.0,Nov,2,2,9,2,Returning_Visitor,False,False
0,0.0,0,0.0,3,125.0,0.13,0.08,0.0,0.8,May,2,2,1,4,Returning_Visitor,False,False
8,121.67,2,80.26,30,1688.73,0.0,0.01,15.08,0.0,May,2,2,3,2,Returning_Visitor,False,True
0,1.76,0,0.0,14,154.82,0.04,0.05,0.0,0.0,May,2,2,1,13,Returning_Visitor,False,False
0,0.0,0,0.0,23,1473.26,0.03,0.07,0.01,0.0,Mar,2,2,3,1,Returning_Visitor,False,False
0,3.26,0,0.0,13,129.58,0.08,0.09,0.0,0.0,June,3,2,1,13,Returning_Visitor,False,False
1,2.81,0,0.0,13,136.0,0.0,0.01,0.0,0.0,May,2,10,3,2,Returning_Visitor,False,False
0,0.0,0,0.0,7,368.5,0.0,0.06,0.0,0.0,May,2,2,1,2,Returning_Visitor,False,False
8,2086.75,1,46.5,81,6746.7,0.0,0.01,15.56,0.0,Nov,2,2,1,2,Returning_Visitor,False,True
0,2.2,0,1.01,44,478.5,0.0,0.02,0.19,0.0,Nov,4,1,1,2,New_Visitor,False,False
0,0.0,1,64.19,96,2157.72,0.01,0.04,0.0,0.0,Nov,2,2,1,1,Returning_Visitor,True,False
0,0.0,0,0.21,46,2425.08,0.01,0.03,0.0,0.52,May,2,2,3,2,Returning_Visitor,False,False
9,79.0,1,155.5,55,1743.07,0.0,0.01,0.0,0.0,Mar,2,2,6,2,Returning_Visitor,False,False
3,227.0,0,0.0,2,62.0,0.0,0.03,0.06,0.0,Mar,3,2,1,10,Returning_Visitor,True,False
12,194.04,3,61.5,36,1501.51,0.01,0.03,0.04,0.0,May,3,2,1,1,Returning_Visitor,False,False
1,36.5,0,0.0,30,1668.12,0.0,0.02,0.01,0.0,Dec,1,1,8,2,Returning_Visitor,False,False
3,104.15,0,0.0,9,281.75,0.0,0.03,0.0,0.0,Dec,1,1,3,2,Returning_Visitor,False,False
0,0.0,0,0.04,16,1491.03,0.02,0.01,0.0,0.0,Dec,2,2,1,2,Returning_Visitor,False,False
7,104.08,1,0.0,46,1409.81,0.01,0.03,0.01,0.0,Mar,3,2,3,2,Returning_Visitor,False,False
6,124.86,3,243.0,25,1971.19,0.01,0.04,24.9,0.0,May,2,2,5,4,Returning_Visitor,False,True
0,0.0,0,0.0,7,1018.0,0.0,0.03,0.01,0.0,Mar,2,2,1,1,Returning_Visitor,False,False
2,112.0,0,0.0,9,145.67,0.0,0.01,0.0,0.0,Mar,3,2,3,2,Returning_Visitor,False,False
9,243.25,3,1475.25,54,1285.65,0.01,0.01,32.6,0.0,Dec,2,2,2,2,Returning_Visitor,False,False
0,0.0,0,0.1,9,145.76,0.08,0.09,0.0,0.0,Nov,3,2,1,13,Returning_Visitor,False,False
1,1.6,0,0.0,18,146.42,0.03,0.06,0.0,0.0,May,3,2,4,4,Returning_Visitor,True,False
1,104.21,0,0.27,34,781.8,0.02,0.03,0.0,0.0,Mar,2,2,3,1,Returning_Visitor,True,False
7,182.08,0,0.17,13,1224.32,0.0,0.01,0.0,0.0,Mar,2,2,4,2,Returning_Visitor,False,False
0,0.0,0,0.0,19,1504.07,0.01,0.0,0.0,0.0,Nov,3,2,1,3,Returning_Visitor,False,False
0,0.0,0,0.0,3,58.2,0.07,0.04,0.0,0.0,Aug,3,2,1,3,Returning_Visitor,False,False
14,9.31,0,0.0,34,671.64,0.0,0.02,0.05,0.0,Dec,4,5,3,1,Returning_Visitor,False,False
0,0.0,0,0.0,4,39.0,0.0,0.05,0.0,0.0,May,2,2,8,3,Returning_Visitor,False,False
4,97.5,0,0.0,6,454.5,0.0,0.01,0.0,0.0,Dec,2,2,7,2,New_Visitor,True,False
0,0.0,0,0.57,46,1241.72,0.0,0.05,0.0,0.32,May,2,4,3,3,Returning_Visitor,False,False
0,1.81,0,0.44,6,41.4,0.0,0.07,0.0,0.0,Sep,2,2,7,2,Returning_Visitor,False,False
4,242.8,0,0.0,10,238.6,0.02,0.05,0.0,0.0,Oct,2,2,1,2,Returning_Visitor,True,False
0,0.0,0,0.47,36,1389.28,0.06,0.08,0.0,0.0,May,3,2,2,4,Returning_Visitor,False,False
0,0.0,0,0.29,46,647.67,0.01,0.02,0.07,1.0,May,2,2,4,3,Returning_Visitor,False,False
3,43.5,3,230.17,38,1500.38,0.0,0.02,17.77,0.0,Nov,2,2,1,2,Returning_Visitor,False,True
3,90.75,0,0.0,46,543.75,0.02,0.04,0.0,0.54,May,2,2,3,4,Returning_Visitor,False,False
0,0.0,0,0.0,13,414.01,0.13,0.14,0.0,1.0,May,3,2,3,4,Returning_Visitor,True,False
0,0.0,0,1.24,26,745.17,0.0,0.02,0.0,0.0,May,2,2,4,2,Returning_Visitor,False,False
5,104.44,0,0.0,13,430.61,0.0,0.01,0.0,0.0,Nov,2,2,1,11,Returning_Visitor,False,False
5,112.17,0,0.0,60,1883.87,0.02,0.04,0.0,0.0,Nov,2,2,1,2,Returning_Visitor,False,False
0,3.44,0,0.0,16,414.18,0.0,0.02,0.0,0.0,Nov,2,4,6,2,New_Visitor,True,False
0,9.87,0,0.0,11,831.93,0.0,0.02,0.0,0.8,May,3,2,6,14,Returning_Visitor,False,False
10,84.67,2,60.0,110,5343.05,0.02,0.03,4.96,0.02,May,1,1,1,2,Returning_Visitor,False,False
18,257.56,3,79.75,247,10415.33,0.01,0.03,0.94,0.0,Nov,2,2,3,1,Returning_Visitor,False,False
0,0.0,0,0.0,6,150.25,0.03,0.12,0.0,0.0,Nov,1,1,3,3,Returning_Visitor,False,False
0,1.54,0,0.06,2,3.51,0.2,0.2,0.0,0.0,Mar,1,1,1,3,Returning_Visitor,True,False
0,0.0,0,0.0,4,151.5,0.0,0.05,0.01,0.0,Mar,3,2,1,1,Returning_Visitor,False,False
0,1.58,0,1.0,15,865.0,0.03,0.04,57.58,0.32,May,2,2,1,3,Returning_Visitor,False,False
0,1.79,0,0.12,1,0.0,0.13,0.2,0.03,0.0,Feb,1,1,1,3,Returning_Visitor,True,False
0,0.0,0,0.0,13,414.17,0.0,0.01,0.18,0.0,May,2,2,6,2,New_Visitor,True,False
3,200.33,0,0.0,9,154.0,0.0,0.03,0.02,0.0,May,1,1,1,3,Returning_Visitor,False,False
0,0.0,0,0.0,12,1386.73,0.01,0.03,0.06,0.0,Nov,3,2,4,3,Returning_Visitor,False,False
1,10.43,1,13.1,62,1918.97,0.01,0.02,0.0,0.0,Aug,2,4,1,4,Returning_Visitor,False,False
0,0.0,0,0.0,2,58.4,0.0,0.14,0.46,0.0,Oct,2,4,1,2,New_Visitor,False,False
0,0.0,0,0.0,46,1337.02,0.0,0.02,0.0,0.0,Nov,2,2,1,2,Returning_Visitor,False,False
0,0.0,0,0.0,12,448.5,0.0,0.03,0.0,0.0,Mar,2,2,1,2,Returning_Visitor,False,False
1,2.1,0,0.0,6,541.06,0.05,0.09,0.0,0.0,Mar,2,4,5,1,Returning_Visitor,False,False
3,0.0,2,1494.5,44,3339.08,0.0,0.01,6.19,0.0,May,2,2,4,8,Returning_Visitor,True,False
3,81.5,1,21.0,18,2199.97,0.01,0.02,5.89,0.0,May,1,1,1,2,Returning_Visitor,False,False
1,20.5,1,13.0,57,1518.9,0.0,0.02,13.4,0.0,May,2,2,1,4,Returning_Visitor,False,False
1,23.0,1,1.68,78,2448.54,0.01,0.03,0.13,0.0,Dec,2,2,3,10,Returning_Visitor,False,False
3,67.5,1,0.0,11,1437.4,0.0,0.02,0.0,0.0,Dec,1,1,6,2,Returning_Visitor,False,False
3,104.0,0,0.0,41,506.72,0.0,0.01,10.49,0.0,Mar,3,2,2,3,Returning_Visitor,False,False
3,16.67,0,0.97,9,63.67,0.09,0.14,0.11,0.2,May,1,1,4,15,Returning_Visitor,False,False
0,0.0,0,0.0,10,693.5,0.0,0.02,40.43,0.0,May,2,2,6,2,New_Visitor,False,True
0,0.0,0,0.0,8,143.0,0.0,0.02,0.0,0.0,Mar,2,2,1,1,Returning_Visitor,False,False
3,90.02,0,0.0,8,117.67,0.0,0.01,0.0,0.0,May,1,1,4,5,Returning_Visitor,True,False
0,1.84,0,0.0,9,1238.33,0.0,0.05,0.0,0.4,Feb,2,2,1,3,Returning_Visitor,False,False
0,0.0,0,0.0,46,1341.63,0.0,0.01,0.0,0.0,Jul,2,2,1,13,Returning_Visitor,False,False
0,0.0,0,0.67,9,436.0,0.0,0.03,68.2,0.0,Dec,1,2,2,2,New_Visitor,False,True
3,64.25,1,282.0,46,1896.45,0.0,0.03,0.0,0.0,Nov,2,2,1,2,New_Visitor,False,False
5,105.19,0,0.0,45,1511.98,0.0,0.01,10.19,0.0,Nov,2,2,6,2,Returning_Visitor,True,True
0,1.69,0,0.0,12,1504.23,0.0,0.02,0.0,0.0,Mar,2,2,1,10,Returning_Visitor,False,False
3,103.0,1,82.52,46,2807.15,0.0,0.01,0.39,0.0,Nov,2,2,2,2,New_Visitor,True,False
2,124.6,0,0.0,4,71.0,0.0,0.03,0.0,0.0,Jul,3,3,4,2,New_Visitor,False,False
10,318.22,4,112.6,12,147.73,0.06,0.05,0.03,0.0,Aug,3,2,1,3,Returning_Visitor,False,False
2,23.0,0,0.0,12,151.66,0.0,0.01,0.0,0.0,Dec,2,2,3,2,Returning_Visitor,False,False
6,94.1,0,2.24,92,4212.14,0.01,0.02,6.66,0.0,Nov,1,1,1,2,Returning_Visitor,True,True
0,0.0,0,0.42,10,328.5,0.0,0.05,0.0,0.0,Nov,2,2,7,6,Returning_Visitor,False,False
0,0.0,0,0.0,17,752.85,0.01,0.08,0.0,0.0,May,4,2,7,2,Returning_Visitor,False,False
5,147.75,0,0.23,46,670.3,0.01,0.02,0.01,0.0,May,2,2,8,3,Returning_Visitor,False,False
3,80.6,2,16.2,33,1510.48,0.01,0.02,0.0,0.0,Oct,3,2,1,2,Returning_Visitor,False,False
3,13.0,0,0.0,17,209.7,0.02,0.04,0.07,0.0,June,1,1,3,4,Returning_Visitor,False,False
0,0.0,1,19.0,65,2163.13,0.0,0.01,0.0,0.0,Nov,2,4,8,2,New_Visitor,False,False
3,3.76,1,97.0,53,2247.61,0.0,0.02,59.3,0.0,May,1,1,2,4,Returning_Visitor,False,False
0,0.0,0,0.0,33,629.86,0.0,0.03,0.0,0.0,Nov,2,2,3,1,Returning_Visitor,False,False
0,0.0,0,0.0,27,228.9,0.01,0.03,0.0,0.0,Aug,4,1,1,1,Returning_Visitor,False,False
1,26.2,0,5.44,13,245.17,0.0,0.0,58.92,0.0,Aug,2,2,3,2,New_Visitor,False,True
3,96.0,0,0.36,11,565.0,0.0,0.01,0.02,0.0,May,2,2,6,14,New_Visitor,False,False
0,1.45,0,0.0,3,0.0,0.2,0.2,0.4,0.0,Nov,3,2,1,11,Returning_Visitor,False,True
1,94.65,0,0.0,46,1257.9,0.0,0.02,0.0,0.0,Dec,2,4,1,3,Returning_Visitor,False,False
13,448.06,2,164.63,13,6778.33,0.01,0.02,12.23,0.0,Nov,3,2,1,13,Returning_Visitor,False,True
1,6.0,0,0.0,14,1626.0,0.05,0.09,0.0,0.0,Nov,1,1,1,1,Returning_Visitor,False,False
1,21.5,2,2.38,13,1409.06,0.0,0.01,0.0,0.0,May,2,2,8,3,New_Visitor,False,False
0,0.0,0,0.0,6,59.0,0.0,0.03,0.0,0.0,Mar,2,2,1,2,Returning_Visitor,False,False
0,0.0,0,0.0,32,707.7,0.03,0.08,0.0,0.0,June,2,2,6,13,Returning_Visitor,False,False
3,66.47,0,0.0,38,1273.21,0.0,0.01,92.84,0.0,May,3,2,1,5,Returning_Visitor,True,True
0,0.0,0,0.25,13,313.0,0.0,0.02,0.08,0.0,Mar,1,1,1,3,Returning_Visitor,False,False
17,856.83,0,0.0,78,1532.07,0.01,0.02,0.03,0.0,May,3,2,1,3,Returning_Visitor,True,False
0,2.23,0,2.4,44,622.0,0.0,0.01,0.0,0.0,Mar,2,2,2,3,Returning_Visitor,False,False
0,1.99,0,0.36,44,1500.75,0.0,0.01,0.0,0.0,Dec,2,2,1,2,Returning_Visitor,False,False
2,98.76,0,33.23,11,227.5,0.0,0.01,0.17,0.0,Mar,3,2,5,6,New_Visitor,False,False
12,10.51,0,0.0,13,161.87,0.0,0.01,0.0,0.0,Nov,1,1,3,5,Returning_Visitor,False,False
0,0.0,0,0.0,46,2371.12,0.0,0.01,0.0,0.0,Nov,2,2,1,2,Returning_Visitor,False,False
4,85.0,0,0.1,19,1499.5,0.02,0.04,0.0,0.0,May,2,2,1,2,Returning_Visitor,False,False
11,104.02,1,110.19,48,1535.23,0.0,0.02,12.23,0.0,Jul,2,2,6,1,Returning_Visitor,False,False
0,0.0,0,0.0,10,257.0,0.0,0.01,0.0,0.0,May,2,5,6,2,Returning_Visitor,False,False
0,0.0,0,0.0,46,2018.76,0.01,0.03,0.02,0.0,Nov,3,2,1,2,Returning_Visitor,False,False
0,1.71,0,0.0,37,1048.98,0.0,0.02,0.0,0.0,Nov,2,2,7,2,Returning_Visitor,False,False
3,138.33,0,0.54,3,167.35,0.0,0.01,0.0,0.0,May,3,3,3,2,New_Visitor,False,False
8,106.83,1,96.0,46,1488.16,0.0,0.03,0.0,0.0,Nov,2,2,3,2,Returning_Visitor,False,False
3,79.93,0,0.0,17,348.85,0.0,0.02,0.0,0.0,Nov,2,2,1,20,Returning_Visitor,False,False
3,104.39,0,0.0,10,242.21,0.0,0.02,0.0,0.0,May,2,2,3,6,Returning_Visitor,False,False
0,1.67,0,0.0,26,532.0,0.03,0.04,0.0,0.0,Nov,2,2,1,1,Returning_Visitor,False,False
0,0.0,0,0.0,3,95.0,0.07,0.14,0.0,0.0,Nov,1,1,9,3,Returning_Visitor,False,False
11,361.48,1,68.0,35,625.09,0.01,0.02,6.07,0.0,May,2,2,2,2,Returning_Visitor,True,False
0,0.0,0,0.0,6,151.68,0.0,0.01,0.0,0.0,Aug,2,2,1,2,Returning_Visitor,False,False
0,1.78,0,0.0,29,318.97,0.07,0.14,0.0,0.0,Mar,1,1,3,3,Returning_Visitor,False,False
3,75.0,0,0.0,29,1500.34,0.0,0.01,35.61,0.0,Nov,2,2,3,11,Returning_Visitor,False,True
0,0.0,0,0.0,46,903.43,0.0,0.02,0.05,0.0,Nov,2,2,2,1,Returning_Visitor,False,False
0,1.94,0,0.26,3,23.0,0.04,0.11,0.01,0.8,May,2,2,4,1,Returning_Visitor,False,False
0,0.0,0,0.42,3,75.25,0.2,0.2,0.0,0.0,Nov,3,2,4,3,Returning_Visitor,False,False
3,54.11,0,0.0,29,354.83,0.0,0.01,0.13,0.0,May,1,1,1,1,Returning_Visitor,True,False
0,0.0,0,0.26,18,668.25,0.02,0.04,0.08,0.0,Dec,3,2,1,2,Returning_Visitor,False,False
2,98.0,0,0.0,46,947.0,0.01,0.01,0.0,0.0,Dec,2,2,3,2,Returning_Visitor,False,False
4,103.37,1,0.0,47,1466.09,0.01,0.02,10.73,0.0,Nov,1,1,3,8,Returning_Visitor,True,True
1,108.04,0,0.0,11,197.5,0.0,0.03,0.0,0.0,May,2,2,1,3,New_Visitor,False,False
7,41.38,0,0.0,67,3014.29,0.0,0.01,12.31,0.8,May,3,2,3,3,Returning_Visitor,False,False
16,485.91,2,213.19,42,753.64,0.0,0.06,61.64,0.0,Nov,2,2,1,8,Returning_Visitor,False,True
4,102.01,1,239.0,14,337.5,0.0,0.01,0.01,0.0,Mar,2,5,1,2,Returning_Visitor,False,False
0,0.0,4,218.25,25,1601.09,0.0,0.02,0.0,0.0,Nov,1,2,1,10,Returning_Visitor,False,True
1,362.98,0,0.41,63,4518.3,0.01,0.03,8.14,0.0,Nov,2,2,2,1,Returning_Visitor,False,True
2,8.0,0,0.0,11,1499.06,0.01,0.03,0.0,0.0,Mar,2,2,3,13,Returning_Visitor,False,False
0,2.35,0,0.09,13,296.39,0.0,0.02,0.0,0.0,Dec,1,1,1,3,Returning_Visitor,False,False
3,0.0,0,0.73,45,167.99,0.0,0.03,0.0,0.01,May,2,10,6,4,Returning_Visitor,False,False
2,33.0,0,0.0,28,898.5,0.0,0.01,0.0,0.0,Mar,2,10,2,10,Returning_Visitor,False,False
8,101.85,1,72.34,52,591.15,0.0,0.01,12.49,0.0,Jul,2,2,2,3,Returning_Visitor,False,False
2,17.2,0,0.0,38,0.0,0.0,0.05,0.26,0.0,Nov,3,2,2,6,New_Visitor,True,True
0,1.43,0,0.0,14,406.87,0.0,0.01,0.01,0.0,Mar,2,2,1,1,Returning_Visitor,False,False
2,15.0,0,0.0,46,2081.5,0.0,0.02,0.0,0.6,May,2,10,1,3,Returning_Visitor,False,False
0,0.0,0,0.0,17,217.53,0.07,0.1,0.0,0.0,May,3,2,6,11,Returning_Visitor,True,False
2,104.05,0,0.0,26,1145.17,0.0,0.01,0.0,0.01,Nov,1,1,2,2,New_Visitor,True,False
0,0.0,0,0.0,4,29.0,0.0,0.14,0.0,1.0,Feb,2,4,4,2,Returning_Visitor,True,False
2,262.67,3,112.0,127,4214.78,0.01,0.02,0.04,0.0,Nov,3,2,1,3,Returning_Visitor,False,False
0,0.0,0,0.0,6,1098.5,0.07,0.1,0.0,0.0,Dec,2,2,7,1,Returning_Visitor,False,False
6,35.1,0,0.0,138,6440.24,0.01,0.03,0.0,0.0,June,2,2,3,3,Returning_Visitor,False,False
0,0.0,0,0.0,5,75.6,0.0,0.0,0.36,0.0,Oct,1,1,3,2,Returning_Visitor,False,False
0,6.79,0,0.11,26,392.0,0.01,0.03,0.0,0.0,Mar,2,2,4,1,Returning_Visitor,False,False
0,3.67,0,0.0,5,81.08,0.04,0.05,0.18,0.0,Dec,3,2,1,2,New_Visitor,False,False
12,248.23,0,0.0,66,1506.22,0.01,0.02,0.0,0.0,Aug,3,2,1,3,Returning_Visitor,True,False
0,0.0,0,0.0,24,410.23,0.0,0.0,72.3,0.0,May,2,2,1,4,New_Visitor,False,True
3,45.44,1,40.67,57,851.64,0.01,0.01,3.08,0.0,Mar,2,4,3,1,Returning_Visitor,True,True
0,4.02,0,0.0,28,1151.31,0.09,0.11,0.0,0.8,May,3,2,5,3,Returning_Visitor,True,False
6,65.57,0,0.99,46,1048.49,0.01,0.03,0.0,0.0,Mar,2,6,1,1,Returning_Visitor,True,False
4,305.0,0,0.41,38,1511.04,0.0,0.04,0.0,0.0,Nov,2,2,1,2,Returning_Visitor,False,False
0,2.36,0,0.0,7,259.0,0.03,0.06,0.0,0.0,Nov,2,2,8,2,Returning_Visitor,False,False
4,86.6,0,0.0,12,193.75,0.01,0.02,0.0,0.0,Mar,1,2,3,2,Returning_Visitor,False,False
0,0.0,0,0.0,4,0.0,0.2,0.2,0.0,0.0,Mar,2,4,1,3,Returning_Visitor,False,False
4,103.19,0,0.0,18,412.43,0.0,0.01,0.0,0.0,Nov,2,2,7,2,New_Visitor,True,False
0,0.0,0,2.23,6,777.33,0.0,0.01,89.3,0.0,Dec,3,2,4,8,New_Visitor,True,True
3,44.5,1,4.0,46,836.33,0.01,0.05,0.0,0.0,Mar,2,2,4,1,Returning_Visitor,False,False
0,2.27,0,0.0,47,1496.05,0.02,0.02,0.0,0.0,Nov,3,2,7,1,Returning_Visitor,True,False
3,109.0,0,0.0,31,3116.5,0.0,0.01,0.0,0.0,Dec,3,2,1,10,Returning_Visitor,False,True
6,184.32,0,0.0,8,163.22,0.0,0.02,0.0,0.0,Nov,1,1,1,2,New_Visitor,False,False
2,104.03,0,0.0,46,1073.31,0.0,0.03,0.0,0.0,Nov,1,1,1,3,Returning_Visitor,True,False
5,174.17,1,170.32,72,4140.33,0.0,0.02,12.26,0.02,Nov,2,2,4,2,Returning_Visitor,False,False
2,3.22,0,0.0,4,162.97,0.01,0.04,0.01,0.0,Dec,3,2,1,10,Returning_Visitor,False,False
3,444.23,0,0.0,20,769.9,0.02,0.03,0.0,0.0,Nov,2,10,7,1,Returning_Visitor,False,False
0,1.62,0,0.0,6,227.33,0.0,0.01,0.0,0.0,May,3,2,1,2,Returning_Visitor,True,False
0,7.43,1,5.0,13,279.0,0.04,0.04,0.0,0.0,Nov,3,2,2,8,New_Visitor,True,False
0,0.0,0,0.0,20,429.92,0.01,0.03,0.0,0.0,Nov,1,8,1,11,Returning_Visitor,False,False
0,1.94,0,0.0,1,0.0,0.2,0.2,0.0,0.0,Dec,1,1,5,1,Returning_Visitor,False,False
3,104.07,0,0.21,11,414.34,0.0,0.04,60.29,0.0,Dec,1,1,1,2,Returning_Visitor,False,True
0,0.0,0,0.62,6,67.0,0.02,0.05,0.13,0.06,Dec,2,4,1,2,Returning_Visitor,False,False
10,620.95,5,1307.0,131,9487.94,0.0,0.01,0.76,0.0,May,2,2,2,13,Returning_Visitor,False,False
12,198.77,4,11.0,76,1580.24,0.01,0.03,0.0,0.0,Nov,2,2,3,1,Returning_Visitor,False,True
0,0.0,0,0.0,13,478.38,0.0,0.01,0.0,0.0,Dec,2,5,4,1,Returning_Visitor,False,False
5,255.75,0,0.98,70,1787.48,0.0,0.02,0.0,0.0,Dec,2,4,1,3,Returning_Visitor,False,False
0,0.0,0,0.0,2,8.0,0.15,0.14,0.0,0.0,Nov,1,1,1,3,Returning_Visitor,False,False
0,0.0,0,0.0,8,156.67,0.03,0.05,0.0,0.0,Mar,3,2,7,3,Returning_Visitor,True,False
3,240.8,0,4.0,13,279.83,0.0,0.01,0.0,0.0,Nov,1,2,2,3,Returning_Visitor,False,False
1,5.0,0,0.0,46,1990.12,0.0,0.02,12.23,0.0,Dec,2,2,3,3,Returning_Visitor,False,False
1,6.85,0,0.0,37,501.77,0.0,0.02,0.0,0.0,Nov,2,2,1,2,Returning_Visitor,False,False
0,0.0,0,0.0,64,3289.5,0.0,0.05,0.94,0.0,May,2,2,7,4,Returning_Visitor,True,False
0,1.71,1,79.83,65,2863.4,0.0,0.01,0.0,0.0,Nov,2,2,3,2,Returning_Visitor,False,False
6,66.77,1,83.0,47,2050.4,0.0,0.02,17.08,0.2,May,3,2,4,4,Returning_Visitor,False,True
3,80.6,0,0.0,39,639.49,0.02,0.05,0.4,0.0,Nov,1,2,1,20,Returning_Visitor,True,False
10,8.44,0,0.0,17,404.0,0.0,0.03,0.0,0.0,May,1,2,1,11,Returning_Visitor,True,False
2,99.29,0,0.0,24,658.85,0.0,0.01,42.98,0.0,Oct,2,6,3,2,Returning_Visitor,False,False
10,340.9,3,11.84,47,3611.98,0.0,0.01,0.85,0.0,June,2,2,1,7,Returning_Visitor,False,True
0,0.0,1,232.0,13,343.2,0.04,0.01,0.0,0.4,Nov,2,2,1,2,Returning_Visitor,False,False
0,0.0,0,0.0,8,623.08,0.0,0.01,0.03,0.0,May,3,2,4,6,Returning_Visitor,False,False
1,3.5,0,0.0,20,309.17,0.0,0.0,0.03,0.0,Nov,2,2,2,2,Returning_Visitor,False,False
1,1566.6,0,0.0,34,2256.75,0.0,0.0,0.0,0.0,Oct,2,2,3,2,Returning_Visitor,False,False
1,103.35,0,0.0,13,392.19,0.02,0.01,60.26,0.0,Nov,1,8,1,11,Returning_Visitor,True,True
0,0.0,0,0.0,43,1490.44,0.0,0.0,24.19,0.0,Nov,4,1,1,2,New_Visitor,False,True
0,0.0,0,0.0,32,142.16,0.13,0.16,0.0,0.0,Mar,1,1,1,1,Returning_Visitor,False,False
6,89.0,3,12.0,39,5378.05,0.02,0.05,3.29,0.2,May,2,2,8,3,Returning_Visitor,False,True
0,2.23,1,0.0,17,2127.17,0.04,0.08,0.08,0.6,Feb,2,4,1,1,Returning_Visitor,False,False
8,288.09,0,1.23,20,1503.34,0.03,0.06,0.0,0.0,Dec,3,2,1,3,Returning_Visitor,True,False
1,84.74,0,0.0,38,1503.34,0.01,0.05,2.56,0.0,May,2,6,1,1,Returning_Visitor,False,False
0,0.0,0,0.16,46,574.53,0.0,0.01,0.0,0.02,Mar,2,2,3,1,Returning_Visitor,False,False
0,0.0,0,0.0,2,0.0,0.2,0.2,0.0,0.0,Mar,2,2,1,1,Returning_Visitor,True,False
26,1561.72,9,503.72,183,9676.09,0.01,0.01,19.57,0.0,Nov,2,2,1,13,Returning_Visitor,False,True
0,1.56,0,0.0,2,0.0,0.13,0.2,0.0,0.0,Mar,2,6,1,1,Returning_Visitor,False,False
1,42.0,0,0.0,10,1057.0,0.02,0.01,0.0,0.0,May,3,2,8,15,Returning_Visitor,True,False
0,0.0,0,0.0,20,624.01,0.0,0.02,0.0,0.0,Dec,1,2,3,2,Returning_Visitor,False,False
2,0.0,0,6.0,50,1306.1,0.0,0.04,5.14,0.0,Mar,4,2,4,20,Returning_Visitor,False,True
0,12.38,0,0.0,1,5.87,0.2,0.2,0.0,0.0,Nov,3,2,2,11,Returning_Visitor,True,False
6,39.75,2,23.0,37,783.88,0.0,0.03,0.0,0.0,Nov,2,2,1,2,Returning_Visitor,True,False
0,0.0,0,0.0,6,82.5,0.0,0.03,0.0,0.0,Dec,2,2,1,2,Returning_Visitor,False,False
4,103.82,0,0.0,46,1059.0,0.0,0.01,0.0,0.0,Mar,2,2,1,2,New_Visitor,False,False
3,1.96,0,0.0,46,468.19,0.0,0.02,0.01,0.2,May,2,2,3,1,Returning_Visitor,False,False
0,0.0,0,0.0,7,228.5,0.03,0.02,0.0,0.0,Dec,3,2,6,1,Returning_Visitor,False,False
7,115.73,0,0.0,43,1508.26,0.03,0.05,0.0,0.0,Jul,2,2,2,13,Returning_Visitor,False,False
3,26.2,0,8.18,83,106.8,0.0,0.04,36.66,0.0,Oct,2,2,1,5,New_Visitor,False,True
7,135.2,5,430.33,68,1505.36,0.02,0.02,10.75,0.0,Nov,3,2,1,13,Returning_Visitor,True,False
3,0.0,0,0.92,6,339.5,0.0,0.05,124.9,0.0,Nov,2,6,3,20,New_Visitor,False,True
2,102.0,0,0.0,6,268.0,0.0,0.01,0.0,0.0,Mar,2,2,1,3,Returning_Visitor,True,False
3,44.0,0,0.0,15,310.25,0.01,0.03,0.0,0.0,Dec,3,2,1,2,Returning_Visitor,True,False
0,0.0,0,0.83,55,1503.76,0.05,0.07,0.0,0.6,May,3,2,3,6,Returning_Visitor,False,False
2,124.0,1,16.9,109,3731.14,0.0,0.07,0.0,0.0,May,1,1,3,4,Returning_Visitor,False,False
0,0.0,0,0.82,6,250.59,0.0,0.1,0.0,0.0,Dec,1,1,3,2,Returning_Visitor,False,False
3,64.0,0,0.64,15,148.97,0.0,0.01,0.0,0.0,Mar,2,2,1,1,New_Visitor,False,False
0,1.63,0,0.16,7,67.33,0.1,0.1,0.0,0.01,May,3,2,1,3,Returning_Visitor,False,False
0,0.0,0,0.0,1,0.0,0.2,0.2,0.0,0.0,Nov,2,2,1,1,Returning_Visitor,False,False
3,102.72,0,0.0,46,432.57,0.0,0.0,0.0,0.0,May,1,1,1,4,Returning_Visitor,False,False
6,1.6,0,0.0,12,202.25,0.03,0.03,0.02,0.01,Mar,2,2,1,1,Returning_Visitor,True,False
3,52.75,0,0.0,47,3069.08,0.01,0.02,5.79,0.0,Nov,1,1,3,2,Returning_Visitor,False,True
1,107.12,0,0.0,55,3134.07,0.0,0.01,5.77,0.0,Nov,2,4,1,1,Returning_Visitor,True,False
0,0.0,0,0.0,23,118.75,0.02,0.14,0.0,0.0,Dec,1,1,1,2,New_Visitor,False,False
3,168.0,0,0.0,6,296.17,0.0,0.01,0.0,0.0,Mar,2,2,3,2,New_Visitor,False,False
5,145.5,0,0.0,24,1453.76,0.0,0.01,0.0,0.0,Mar,2,2,9,2,Returning_Visitor,False,False
0,0.0,0,0.0,5,251.0,0.03,0.08,0.0,0.0,Dec,1,1,1,3,Returning_Visitor,False,False
2,22.0,0,0.0,52,1551.67,0.0,0.02,7.88,0.0,Mar,1,1,3,2,Returning_Visitor,False,False
0,0.0,0,0.0,1,0.0,0.2,0.14,0.0,0.0,May,1,1,4,3,Returning_Visitor,False,False
3,41.0,0,0.0,32,1502.5,0.01,0.02,0.0,0.0,May,3,2,2,3,Returning_Visitor,True,False
0,0.0,0,0.0,57,1501.05,0.01,0.03,0.0,0.0,Nov,2,2,6,2,Returning_Visitor,False,False
0,3.15,0,6.84,13,1496.78,0.0,0.02,54.94,0.0,Nov,3,2,3,11,Returning_Visitor,True,True
0,0.0,0,0.09,12,1278.67,0.01,0.03,0.03,0.0,Mar,1,1,1,3,Returning_Visitor,False,False
3,279.0,2,69.5,41,1430.25,0.0,0.01,3.84,0.0,Dec,2,2,2,5,Returning_Visitor,False,True
0,0.0,0,1.62,39,58.0,0.0,0.07,0.0,0.0,Mar,1,8,4,11,Returning_Visitor,False,False
0,0.0,0,0.0,1,0.0,0.2,0.2,0.04,0.0,May,3,2,1,13,Returning_Visitor,False,False
0,0.0,0,0.07,31,457.4,0.0,0.03,0.08,0.8,May,2,2,2,1,Returning_Visitor,False,False
3,353.0,0,0.32,46,2874.08,0.03,0.03,0.0,0.0,May,2,2,3,6,Returning_Visitor,False,False
3,288.0,0,0.0,13,1500.39,0.0,0.04,0.0,0.0,Sep,2,2,7,13,Returning_Visitor,False,False
0,1.57,0,0.08,8,1577.0,0.0,0.03,0.0,0.0,Mar,1,1,1,2,Returning_Visitor,False,False
8,490.43,6,241.5,45,1998.44,0.01,0.02,2.84,0.0,Mar,3,2,1,2,Returning_Visitor,False,False
0,0.0,0,0.0,13,321.67,0.05,0.07,0.06,0.8,May,3,2,1,1,Returning_Visitor,False,False
2,25.65,0,0.45,13,343.62,0.0,0.01,2.69,0.0,Dec,2,2,6,2,New_Visitor,False,False
2,59.0,0,0.0,20,497.54,0.0,0.02,0.0,0.0,May,1,1,3,4,Returning_Visitor,True,False
0,0.0,0,0.12,8,149.0,0.0,0.04,64.79,0.0,May,2,2,1,2,Returning_Visitor,False,True
0,0.0,0,0.0,21,464.58,0.0,0.02,0.0,0.0,May,2,2,3,2,Returning_Visitor,False,False
3,202.13,0,0.0,23,721.18,0.0,0.01,0.0,0.0,Sep,1,1,1,2,New_Visitor,False,False
8,62.5,0,12.23,48,4880.6,0.01,0.02,16.94,0.6,May,2,2,1,13,Returning_Visitor,False,False
0,0.0,0,0.0,20,331.08,0.01,0.04,0.0,0.0,Dec,2,2,1,2,Returning_Visitor,False,False
4,44.5,0,0.0,5,48.5,0.0,0.02,0.0,0.2,May,2,2,6,2,Returning_Visitor,False,False
0,0.0,0,0.3,32,748.27,0.03,0.07,0.0,0.0,Oct,1,1,3,3,Returning_Visitor,False,False
0,0.0,0,0.0,13,394.25,0.0,0.02,0.0,0.0,May,2,2,1,4,Returning_Visitor,False,False
8,91.0,0,0.0,45,3007.69,0.01,0.01,0.0,0.0,Dec,3,2,9,10,Returning_Visitor,False,False
2,0.0,0,0.32,41,1202.9,0.0,0.03,0.0,0.0,Mar,2,2,2,13,Returning_Visitor,False,False
0,0.0,0,0.0,7,105.0,0.0,0.03,0.03,0.0,Dec,2,2,1,8,New_Visitor,False,False
2,56.2,0,0.0,50,5978.18,0.0,0.02,15.25,0.6,May,2,2,1,2,Returning_Visitor,False,False
0,0.0,0,0.0,6,75.5,0.0,0.02,0.0,0.0,Dec,3,2,4,2,Returning_Visitor,True,False
3,0.0,2,8.84,28,1502.06,0.02,0.05,0.0,0.4,May,2,4,3,3,Returning_Visitor,False,False
0,0.0,0,0.0,100,3165.61,0.01,0.03,12.24,0.01,Nov,2,2,7,2,Returning_Visitor,True,True
0,0.0,0,0.15,10,171.84,0.0,0.02,0.0,0.0,Nov,2,2,1,2,Returning_Visitor,False,False
1,20.2,0,0.3,13,1561.2,0.03,0.05,0.04,0.0,Nov,2,2,3,1,Returning_Visitor,True,False
0,0.0,0,0.0,39,1052.82,0.01,0.03,0.0,0.0,Dec,1,1,4,2,Returning_Visitor,True,False
1,2.76,0,0.65,24,3209.0,0.01,0.02,61.74,0.0,May,2,2,9,3,New_Visitor,False,False
0,2.21,0,0.0,9,145.0,0.07,0.12,0.01,0.8,May,3,2,1,13,Returning_Visitor,False,False
0,2.62,1,0.0,13,1496.83,0.0,0.02,60.86,0.0,May,2,4,6,4,Returning_Visitor,False,True
0,0.0,0,0.0,6,180.17,0.0,0.02,0.0,0.0,May,1,1,7,2,Returning_Visitor,True,False
0,4.14,0,0.15,1,0.0,0.2,0.14,0.0,0.0,Nov,1,1,2,3,Returning_Visitor,False,False
2,15.0,0,0.0,132,8.0,0.0,0.07,0.0,0.0,Nov,2,4,1,2,Returning_Visitor,False,False
0,0.0,0,0.42,11,431.17,0.0,0.01,0.0,0.0,Nov,1,1,1,2,Returning_Visitor,False,False
3,295.67,0,0.0,47,2207.83,0.0,0.02,0.0,0.0,May,1,8,3,11,Returning_Visitor,False,False
2,28.0,0,0.65,51,2587.77,0.0,0.01,21.47,0.0,Nov,4,2,3,3,Returning_Visitor,False,True
0,0.0,0,0.0,13,1338.8,0.06,0.09,0.0,0.15,Jul,2,2,3,13,Returning_Visitor,False,False
0,0.0,0,0.0,46,390.9,0.02,0.05,0.0,0.0,Aug,2,2,6,3,Returning_Visitor,False,False
6,109.5,1,79.25,157,4643.76,0.0,0.02,11.09,0.0,Jul,2,5,3,4,Returning_Visitor,False,False
7,134.0,2,196.0,11,438.58,0.01,0.03,0.0,0.4,May,2,5,1,2,Returning_Visitor,False,False
1,24.0,0,0.0,42,238.5,0.0,0.02,0.0,0.0,May,2,4,1,3,Returning_Visitor,False,False
0,0.0,0,0.0,4,32.0,0.0,0.05,0.0,0.0,Dec,2,2,3,2,Returning_Visitor,False,False
6,229.0,2,40.02,46,2576.43,0.01,0.02,0.0,0.0,Oct,1,1,2,2,Returning_Visitor,False,False
0,0.0,0,0.72,9,143.0,0.01,0.04,0.0,0.24,May,2,2,1,2,Returning_Visitor,True,False
10,487.81,1,0.0,46,785.47,0.0,0.0,34.99,0.0,May,2,2,5,4,Returning_Visitor,True,True
0,0.0,0,0.16,2,25.0,0.2,0.2,0.0,0.0,May,3,2,9,13,Returning_Visitor,False,False
3,118.55,0,0.0,33,644.34,0.03,0.04,0.0,0.0,June,3,2,3,13,Returning_Visitor,True,False
1,5.0,0,0.0,2,15.2,0.13,0.14,0.0,0.0,Aug,1,1,3,3,Returning_Visitor,False,False
3,112.0,0,0.67,37,2043.5,0.01,0.02,12.5,0.0,Mar,2,5,3,6,Returning_Visitor,False,True
3,10.77,0,0.0,70,2094.14,0.02,0.05,0.0,0.0,Jul,2,2,3,1,Returning_Visitor,False,False
5,52.0,0,0.21,21,743.92,0.0,0.02,0.0,0.01,May,2,2,3,4,Returning_Visitor,False,False
4,101.71,0,0.39,45,2588.96,0.0,0.01,0.39,0.0,Mar,3,2,2,8,New_Visitor,True,False
0,0.0,0,1.48,4,48.0,0.13,0.08,0.0,0.0,May,2,4,1,1,Returning_Visitor,True,False
8,50.75,1,26.75,22,553.58,0.0,0.02,12.39,0.0,May,2,2,1,2,Returning_Visitor,False,False
6,171.12,0,0.0,22,472.75,0.03,0.03,0.0,0.0,Nov,3,2,2,4,Returning_Visitor,False,False
0,1.94,0,0.0,34,409.5,0.0,0.02,0.02,0.0,Dec,2,2,4,2,Returning_Visitor,False,False
0,0.0,1,0.0,16,222.0,0.03,0.04,0.0,0.0,Mar,1,2,1,2,Returning_Visitor,False,False
0,1.63,0,0.0,5,377.0,0.0,0.04,0.0,0.07,May,2,2,1,1,Returning_Visitor,False,False
0,2.13,0,0.5,15,372.08,0.0,0.02,0.0,0.0,Nov,2,2,1,2,New_Visitor,True,False
2,71.02,0,0.34,49,2268.9,0.0,0.02,0.0,0.0,Aug,1,2,1,2,Returning_Visitor,False,False
4,38.5,0,0.0,33,583.83,0.0,0.01,0.0,0.0,Mar,2,2,4,3,Returning_Visitor,True,False
3,103.71,0,0.2,18,1477.42,0.01,0.02,0.03,0.0,Oct,2,5,2,2,Returning_Visitor,False,False
0,0.0,0,0.92,8,58.5,0.0,0.03,0.1,0.0,Nov,2,2,1,2,Returning_Visitor,False,False
1,73.75,0,0.08,45,2674.34,0.0,0.02,0.02,0.0,Nov,1,2,8,1,Returning_Visitor,False,False
3,106.49,1,42.4,13,134.45,0.0,0.01,0.0,0.0,Nov,2,2,6,2,New_Visitor,False,False
0,1.78,0,0.12,1,0.0,0.2,0.2,0.0,0.0,May,1,1,2,3,Returning_Visitor,False,False
0,0.0,0,0.0,19,414.19,0.0,0.04,0.0,0.0,Aug,2,2,1,3,Returning_Visitor,False,False
4,217.26,1,28.7,16,1374.87,0.01,0.02,0.0,0.0,Dec,3,2,1,2,Returning_Visitor,True,False
1,104.33,0,0.0,11,198.17,0.0,0.01,0.01,0.0,May,2,2,9,2,New_Visitor,False,False
0,0.0,0,0.0,6,121.38,0.0,0.03,0.0,0.0,Dec,3,2,4,2,New_Visitor,True,False
7,135.92,0,0.64,46,1719.42,0.0,0.03,4.24,0.0,May,1,1,3,3,Returning_Visitor,True,False
2,28.0,0,0.92,7,115.67,0.0,0.02,0.08,1.0,May,1,2,1,5,New_Visitor,True,False
0,1.67,0,0.21,6,83.5,0.0,0.03,0.0,0.0,Nov,2,1,3,10,Returning_Visitor,False,False
4,153.25,0,0.0,19,402.72,0.0,0.0,57.47,0.0,May,2,2,5,3,New_Visitor,True,True
1,104.39,1,81.04,33,3583.17,0.02,0.05,11.16,0.0,May,2,2,1,11,Returning_Visitor,False,False
4,202.0,0,0.0,46,714.97,0.02,0.02,0.0,0.0,May,1,1,1,4,Returning_Visitor,True,False
7,105.65,3,82.6,182,3539.94,0.0,0.02,12.23,0.0,Nov,2,2,1,1,Returning_Visitor,False,False
0,0.0,0,0.17,27,1544.53,0.05,0.14,0.11,0.0,June,1,1,3,3,Returning_Visitor,False,False
3,89.6,0,0.0,57,1721.91,0.0,0.01,204.01,0.0,Nov,2,2,1,4,Returning_Visitor,True,True
3,54.5,0,0.4,6,148.75,0.02,0.03,0.13,0.0,Nov,3,2,1,2,Returning_Visitor,False,False
0,0.0,0,0.19,5,143.5,0.0,0.04,0.0,0.0,May,2,5,3,3,Returning_Visitor,False,False
7,311.14,0,0.0,36,1699.07,0.01,0.04,11.6,0.0,Dec,3,2,1,13,Returning_Visitor,False,False
1,67.4,0,0.0,14,590.55,0.01,0.01,38.07,0.0,May,2,2,1,5,New_Visitor,False,True
1,140.5,0,0.0,19,1534.7,0.02,0.04,12.16,0.0,Nov,3,2,2,10,Returning_Visitor,False,False
0,0.0,0,0.0,13,521.79,0.02,0.03,0.0,0.0,May,3,2,4,3,Returning_Visitor,False,False
5,80.25,0,0.0,103,4750.84,0.01,0.01,17.61,0.0,Nov,2,2,1,8,Returning_Visitor,False,True
0,0.0,0,0.98,15,1256.21,0.01,0.02,0.0,0.0,Mar,1,1,6,1,Returning_Visitor,False,False
4,82.17,0,0.0,46,673.48,0.02,0.03,15.15,0.2,May,2,2,7,2,Returning_Visitor,False,False
0,1.57,0,0.0,3,0.0,0.2,0.2,0.0,0.0,Nov,3,2,3,13,Returning_Visitor,False,False
0,0.0,2,11.0,1,0.0,0.0,0.13,0.0,0.0,Nov,1,1,4,3,Returning_Visitor,False,False
0,0.0,0,0.0,2,147.61,0.0,0.14,0.0,0.0,Mar,1,1,8,3,Returning_Visitor,False,False
1,24.0,0,0.0,15,1046.55,0.0,0.01,115.49,0.0,Mar,2,2,3,2,Returning_Visitor,False,True
2,133.5,0,1.69,4,454.33,0.0,0.03,0.0,0.0,Nov,3,2,1,3,New_Visitor,False,False
0,3.1,0,0.07,24,648.07,0.02,0.04,0.0,0.4,May,2,2,9,1,Returning_Visitor,False,False
3,119.5,0,0.08,17,673.62,0.02,0.05,0.0,0.0,Dec,3,2,1,10,Returning_Visitor,False,False
0,2.79,0,0.0,7,161.67,0.0,0.05,0.0,0.0,Dec,2,1,9,3,Returning_Visitor,False,False
2,45.0,0,0.0,5,71.0,0.02,0.04,0.01,0.0,May,2,2,1,13,Returning_Visitor,False,False
0,2.84,0,0.06,17,1350.49,0.0,0.04,0.0,0.0,Dec,2,2,1,3,Returning_Visitor,False,False
0,0.0,2,86.95,26,650.81,0.0,0.01,0.23,0.0,Nov,1,1,1,2,Returning_Visitor,False,True
1,0.0,0,0.0,46,2021.4,0.01,0.04,0.0,0.0,May,3,3,1,4,Returning_Visitor,False,False
0,0.0,0,0.0,15,340.1,0.0,0.04,0.0,0.0,Aug,2,2,1,1,Returning_Visitor,True,False
4,227.48,1,0.49,46,4895.26,0.02,0.03,5.76,0.0,Nov,2,4,1,1,Returning_Visitor,False,False
0,1.59,1,22.0,81,2253.8,0.01,0.02,0.0,0.0,Nov,3,2,1,2,Returning_Visitor,True,True
3,138.5,0,0.29,47,831.0,0.0,0.01,11.81,0.0,Dec,2,12,4,2,Returning_Visitor,False,False
11,79.75,0,0.0,46,414.06,0.0,0.04,0.0,0.8,May,2,2,1,3,Returning_Visitor,False,False
3,79.44,1,77.0,198,3057.81,0.0,0.0,11.98,0.0,May,4,1,5,1,Returning_Visitor,True,True
3,104.75,0,0.0,15,369.5,0.0,0.02,0.0,0.0,Nov,3,2,2,2,New_Visitor,True,False
0,0.0,0,0.19,22,925.83,0.02,0.05,0.0,0.0,Mar,2,2,3,1,Returning_Visitor,False,False
4,76.0,0,0.39,28,866.0,0.0,0.02,0.0,0.0,Mar,2,2,3,1,Returning_Visitor,False,False
2,21.04,0,0.0,16,192.77,0.0,0.02,0.0,0.0,Dec,2,2,1,2,Returning_Visitor,False,False
0,0.0,0,0.31,53,1501.04,0.0,0.01,55.63,0.0,Dec,2,5,6,2,Returning_Visitor,False,True
0,2.39,0,1.01,1,772.68,0.2,0.2,0.0,0.6,Feb,4,2,1,3,Returning_Visitor,False,False
0,0.0,0,0.0,1,51.0,0.0,0.14,0.0,0.0,May,3,2,3,3,Returning_Visitor,False,False
0,0.0,0,0.0,62,2787.68,0.0,0.02,13.7,0.0,Nov,4,2,1,3,Returning_Visitor,True,False
0,0.0,0,0.78,20,366.5,0.0,0.02,0.15,0.0,Nov,2,2,1,2,Returning_Visitor,False,False
6,11.72,0,0.0,56,1498.53,0.04,0.06,4.16,0.6,May,3,2,4,4,Returning_Visitor,False,False
0,0.0,0,0.0,3,153.61,0.0,0.05,0.0,0.0,Dec,1,1,3,2,Other,False,False
0,0.0,0,0.0,26,875.16,0.0,0.01,40.42,0.0,Nov,2,2,8,2,New_Visitor,False,True
0,0.0,0,0.16,8,92.25,0.04,0.07,0.0,0.0,Nov,3,2,4,2,Returning_Visitor,False,False
0,0.0,0,0.31,2,144.91,0.0,0.1,0.0,0.0,Mar,2,2,1,1,Returning_Visitor,False,False
0,2.84,0,0.0,10,429.48,0.02,0.05,0.0,0.0,Nov,1,1,6,8,Returning_Visitor,False,False
4,68.67,0,0.0,14,1488.85,0.0,0.01,12.48,0.0,Sep,1,1,6,5,Returning_Visitor,False,True
0,0.0,0,0.41,2,145.41,0.0,0.14,0.04,0.01,May,2,2,1,13,Returning_Visitor,False,False
0,0.0,0,0.0,9,73.67,0.0,0.02,0.0,0.2,May,2,2,1,3,Returning_Visitor,False,False
5,103.98,0,0.0,51,1141.07,0.0,0.01,0.01,0.0,Dec,2,2,1,2,Returning_Visitor,False,False
7,104.09,0,0.0,19,1449.22,0.0,0.02,0.0,0.0,Dec,1,1,1,8,Returning_Visitor,False,True
3,104.04,0,0.0,18,595.0,0.0,0.01,0.0,0.0,Nov,1,1,1,2,New_Visitor,False,False
0,0.0,0,0.22,28,1202.0,0.0,0.01,0.0,0.0,Mar,2,2,1,10,Returning_Visitor,False,False
1,104.18,0,0.14,31,1574.38,0.0,0.02,0.0,0.0,Dec,2,2,3,1,Returning_Visitor,False,False
0,0.0,0,5.36,1,0.0,0.2,0.14,0.0,0.0,Nov,2,2,7,11,Returning_Visitor,True,False
1,18.5,0,0.26,32,814.61,0.0,0.02,3.11,0.6,May,2,2,1,4,Returning_Visitor,False,True
5,106.0,0,0.87,46,1418.0,0.0,0.01,0.0,0.0,Mar,2,2,3,2,New_Visitor,False,False
3,618.0,0,0.0,13,341.0,0.0,0.01,34.44,0.0,Mar,2,2,9,2,New_Visitor,False,True
10,494.82,0,0.0,54,2702.39,0.0,0.02,0.01,0.0,Dec,2,2,1,10,Returning_Visitor,False,True
3,103.82,0,0.0,94,2487.52,0.0,0.0,0.0,0.0,Oct,2,2,6,2,New_Visitor,False,False
0,0.0,0,0.79,37,1502.54,0.01,0.04,0.0,0.0,Sep,3,2,2,1,Returning_Visitor,False,False
0,0.0,0,0.0,3,158.83,0.0,0.07,0.05,0.0,May,1,1,6,3,Returning_Visitor,False,False
3,32.29,0,0.0,55,1236.2,0.0,0.03,0.03,0.0,Mar,3,2,1,3,Returning_Visitor,False,False
6,437.39,1,235.55,83,2503.88,0.0,0.0,2.09,0.0,Mar,2,2,3,2,Returning_Visitor,False,True
3,17.75,0,0.0,22,610.97,0.03,0.07,0.0,0.0,Nov,1,1,1,2,Returning_Visitor,False,False
2,0.0,1,26.0,21,405.33,0.0,0.03,0.0,0.0,May,2,2,6,4,Returning_Visitor,False,False
0,0.0,0,0.0,14,814.59,0.07,0.1,0.52,0.0,Jul,3,2,4,3,Returning_Visitor,True,False
3,143.0,4,82.0,16,994.37,0.0,0.0,0.5,0.0,Mar,1,1,1,2,New_Visitor,False,False
5,52.47,1,83.04,19,538.9,0.0,0.02,0.0,0.0,Oct,2,2,3,2,New_Visitor,True,False
0,1.84,0,0.0,8,0.0,0.13,0.2,0.0,0.0,Nov,2,2,2,3,Returning_Visitor,False,False
3,334.6,0,0.0,23,1506.94,0.0,0.02,0.0,0.01,Dec,3,2,1,13,Returning_Visitor,False,False
3,148.0,0,0.25,9,416.67,0.0,0.01,0.12,0.0,Mar,3,2,6,2,New_Visitor,True,False
5,53.5,0,0.0,46,2874.97,0.0,0.02,0.0,0.0,May,2,2,1,4,Returning_Visitor,False,False
0,0.0,0,0.0,8,149.0,0.13,0.14,0.0,0.8,May,2,2,3,3,Returning_Visitor,False,False
4,104.29,0,0.0,3,20.26,0.0,0.03,0.0,0.0,Aug,1,1,3,2,New_Visitor,False,False
3,37.0,0,0.32,81,2533.83,0.0,0.01,0.0,0.0,May,2,2,3,4,Returning_Visitor,False,False
3,5.38,0,0.0,43,1441.91,0.01,0.02,19.11,0.0,May,2,2,2,4,Returning_Visitor,True,False
0,6.39,0,0.0,5,177.96,0.0,0.03,12.34,0.0,Nov,1,1,4,2,New_Visitor,False,True
3,58.83,0,0.0,128,6483.08,0.0,0.01,3.83,0.0,Nov,2,2,2,1,Returning_Visitor,True,False
0,1.66,0,4.34,12,749.8,0.0,0.02,23.0,0.0,Jul,2,2,1,4,Returning_Visitor,False,True
0,0.0,0,0.0,2,0.0,0.2,0.2,0.0,0.0,May,1,1,1,3,Returning_Visitor,False,False
3,94.0,2,125.0,46,1970.84,0.0,0.0,96.26,0.0,Mar,2,4,1,1,New_Visitor,True,True
0,0.0,1,55.0,46,1462.45,0.0,0.0,22.09,0.0,Mar,2,2,1,5,New_Visitor,False,True
3,50.5,0,1.32,3,192.5,0.0,0.01,0.0,0.0,Nov,2,2,8,2,New_Visitor,False,False
9,848.14,1,349.42,33,1489.52,0.0,0.0,0.0,0.0,Mar,2,2,1,10,Returning_Visitor,False,False
0,2.07,0,0.0,13,253.47,0.04,0.07,0.03,0.0,Mar,1,1,3,1,Returning_Visitor,False,False
1,75.0,4,250.67,44,1679.83,0.0,0.06,45.83,0.0,Mar,2,2,1,2,New_Visitor,True,True
3,44.0,0,0.81,2,28.0,0.0,0.04,0.0,0.0,Nov,1,1,1,2,New_Visitor,False,False
0,0.0,0,0.0,12,459.08,0.0,0.08,0.0,0.0,Dec,2,2,1,2,Returning_Visitor,False,False
0,0.0,0,0.0,42,1022.38,0.01,0.03,0.0,0.0,Nov,1,2,2,10,Returning_Visitor,True,False
0,1.73,0,0.0,6,101.75,0.03,0.08,0.0,0.0,Nov,2,2,6,2,Returning_Visitor,False,False
0,1.85,0,0.12,12,471.5,0.02,0.07,0.0,0.0,Mar,1,1,6,3,Returning_Visitor,False,False
2,39.0,0,0.0,9,145.09,0.0,0.02,0.0,0.0,May,2,2,1,2,New_Visitor,False,False
0,0.0,0,0.0,13,202.17,0.03,0.08,0.0,0.0,Mar,2,6,4,1,Returning_Visitor,False,False
3,47.33,0,0.0,4,34.83,0.03,0.04,0.0,0.0,May,3,2,6,5,Returning_Visitor,False,False
0,1.64,0,1.69,32,1080.05,0.0,0.03,0.0,0.0,Mar,2,2,7,2,Returning_Visitor,False,False
3,118.75,0,0.0,66,2556.22,0.02,0.02,0.0,0.0,Nov,3,2,1,13,Returning_Visitor,True,False
15,365.11,4,848.42,113,5882.17,0.0,0.01,1.03,0.0,May,2,2,3,2,Returning_Visitor,False,False
3,39.0,0,0.0,19,137.0,0.0,0.01,0.0,0.0,Nov,2,4,3,2,New_Visitor,False,True
1,0.0,0,0.08,55,2780.61,0.02,0.05,9.14,0.0,Dec,2,2,3,3,Returning_Visitor,False,False
2,32.85,1,13.87,46,1510.67,0.0,0.02,0.0,0.0,Nov,1,1,6,2,Returning_Visitor,False,False
3,83.6,0,0.0,7,314.4,0.0,0.03,0.0,0.0,Oct,1,1,4,2,Returning_Visitor,True,False
0,0.0,0,0.0,17,875.0,0.0,0.01,0.0,0.0,Mar,1,1,1,3,Returning_Visitor,True,False
0,0.0,2,23.59,0,494.57,0.0,0.14,0.0,0.0,Dec,2,2,1,2,Returning_Visitor,False,False
0,0.0,0,0.48,1,74.51,0.2,0.14,0.0,0.0,May,3,2,3,6,Returning_Visitor,False,False
11,463.92,4,138.5,397,11940.02,0.01,0.01,9.22,0.0,Nov,2,2,3,3,Returning_Visitor,True,True
0,0.0,0,0.0,10,371.5,0.0,0.04,0.04,0.0,Nov,2,2,4,10,Returning_Visitor,False,False
8,114.5,0,0.0,45,513.4,0.0,0.04,11.64,0.6,May,2,2,1,3,Returning_Visitor,False,False
3,190.0,0,0.0,7,809.61,0.0,0.01,61.72,0.0,Nov,2,2,3,2,New_Visitor,True,True
0,0.0,0,0.0,5,48.0,0.07,0.1,0.01,0.0,May,1,1,1,3,Returning_Visitor,False,False
2,37.64,0,0.07,5,45.25,0.0,0.04,0.0,0.0,Dec,2,2,1,2,Returning_Visitor,False,False
0,0.0,0,0.0,46,778.82,0.0,0.02,0.0,0.0,Mar,2,2,1,1,Returning_Visitor,False,False
0,0.0,3,50.5,6,238.55,0.0,0.02,0.21,0.0,Nov,3,2,1,1,Returning_Visitor,False,False
1,136.5,0,3.7,25,1501.09,0.01,0.01,39.97,0.0,Aug,1,1,1,4,Returning_Visitor,True,False
0,0.0,0,0.0,48,3972.0,0.0,0.02,0.0,0.0,Dec,2,2,1,2,Returning_Visitor,False,False
1,103.73,0,0.0,46,702.12,0.01,0.02,0.0,0.0,Nov,2,2,1,1,Returning_Visitor,False,False
0,0.0,0,0.06,15,1674.0,0.0,0.05,0.0,0.0,Mar,2,2,4,1,Returning_Visitor,False,False
0,0.0,0,0.0,27,346.22,0.01,0.06,0.0,0.0,Nov,1,1,1,3,Returning_Visitor,False,False
0,36.65,4,0.25,222,9630.21,0.05,0.07,0.0,0.0,Feb,8,13,9,5,Other,False,False
3,41.78,0,1.2,35,796.25,0.01,0.01,0.0,0.0,Dec,2,2,3,10,Returning_Visitor,False,False
4,96.6,0,1.15,40,807.07,0.0,0.02,16.09,0.0,Oct,2,2,1,4,Returning_Visitor,False,True
0,0.0,0,0.0,3,198.67,0.0,0.01,0.0,0.0,Nov,1,1,1,2,New_Visitor,True,False
9,410.55,0,1.45,47,2791.06,0.0,0.02,13.09,0.0,Oct,2,2,3,2,Returning_Visitor,False,False
0,1.76,0,0.36,2,0.0,0.2,0.2,0.0,0.0,Nov,2,6,1,2,Returning_Visitor,False,False
0,0.0,0,0.0,6,236.5,0.0,0.02,0.0,0.0,Mar,1,1,1,3,Returning_Visitor,True,False
3,172.0,0,0.0,53,1299.38,0.0,0.0,0.0,0.0,Mar,2,6,7,1,Returning_Visitor,True,False
0,0.0,0,0.0,8,202.0,0.03,0.05,0.0,0.4,May,2,2,6,4,Returning_Visitor,False,False
0,0.0,0,0.0,5,22.0,0.08,0.12,0.0,0.0,May,3,2,1,13,Returning_Visitor,False,False
3,107.65,3,60.0,30,1383.38,0.01,0.01,61.56,0.0,Nov,2,2,1,1,Returning_Visitor,False,False
0,1.58,0,0.0,18,60.78,0.2,0.2,0.01,0.0,May,2,2,1,1,Returning_Visitor,False,False
2,20.2,0,0.0,14,1261.32,0.0,0.01,0.0,0.0,Aug,2,2,1,5,Returning_Visitor,False,False
3,260.4,0,0.0,43,1286.92,0.0,0.01,0.0,0.0,Dec,2,2,3,1,New_Visitor,False,False
0,0.0,0,0.0,12,1638.5,0.08,0.12,0.0,0.8,May,2,2,5,13,Returning_Visitor,False,False
0,0.0,0,26.06,49,574.83,0.0,0.01,0.01,0.0,Mar,2,2,1,10,Returning_Visitor,False,False
0,0.0,0,0.18,3,13.0,0.07,0.13,0.0,0.0,May,3,2,3,3,Returning_Visitor,False,False
8,245.08,1,194.0,47,3646.97,0.01,0.02,4.63,0.0,May,3,2,6,13,Returning_Visitor,False,False
3,104.43,0,0.0,16,1520.99,0.01,0.02,0.0,0.0,Oct,2,2,1,3,Returning_Visitor,False,False
0,0.0,0,0.0,2,586.41,0.1,0.1,0.03,0.0,Dec,1,1,3,1,Returning_Visitor,True,False
7,95.5,0,0.0,9,302.15,0.0,0.03,0.0,0.0,Oct,4,5,3,11,Returning_Visitor,False,False
0,0.0,0,0.0,15,1137.0,0.03,0.04,0.0,0.8,May,4,2,1,6,Returning_Visitor,False,False
0,0.0,0,0.0,13,2425.0,0.0,0.01,0.01,0.0,Mar,2,2,1,3,Returning_Visitor,False,False
0,0.0,4,620.25,46,1472.84,0.01,0.03,2.33,0.0,May,1,1,3,2,Returning_Visitor,True,False
6,104.69,0,0.0,35,643.05,0.0,0.02,0.02,0.0,Oct,1,1,3,4,Returning_Visitor,True,False
3,64.5,0,0.0,24,1503.68,0.0,0.02,11.95,0.0,Dec,2,2,3,2,Returning_Visitor,False,True
0,0.0,0,0.0,2,3.87,0.2,0.2,0.0,0.0,Mar,1,1,1,10,Returning_Visitor,False,False
3,190.28,1,80.29,47,2905.94,0.0,0.01,0.0,0.0,Mar,2,6,7,1,Returning_Visitor,False,False
17,9.91,1,87.67,60,6788.33,0.0,0.02,12.84,0.0,Nov,1,1,3,10,Returning_Visitor,False,True
0,0.0,0,0.0,3,159.0,0.0,0.03,0.0,0.0,Dec,1,1,1,1,Returning_Visitor,False,False
0,0.0,0,0.0,11,1479.33,0.02,0.06,0.0,0.0,Mar,2,6,3,1,Returning_Visitor,False,False
0,0.0,0,0.0,4,86.0,0.0,0.03,0.0,0.0,Dec,2,5,1,8,New_Visitor,False,False
0,0.0,0,0.0,46,641.52,0.01,0.01,61.0,0.0,Oct,1,1,1,2,Returning_Visitor,False,False
4,155.0,0,0.12,46,3086.4,0.0,0.04,0.02,0.14,May,2,5,2,1,Returning_Visitor,False,False
10,16.16,2,246.0,51,2697.49,0.0,0.02,3.1,0.6,May,2,2,2,2,Returning_Visitor,False,False
0,0.0,1,0.0,46,934.87,0.01,0.04,0.0,0.0,Oct,1,1,3,2,Returning_Visitor,False,False
6,189.8,0,0.0,9,208.83,0.0,0.02,70.32,0.0,Nov,2,2,3,2,New_Visitor,False,True
0,0.0,0,0.35,13,203.5,0.0,0.05,0.0,0.0,Dec,4,5,3,3,Returning_Visitor,False,False
3,168.85,0,0.0,22,1465.24,0.0,0.01,0.0,0.0,Nov,2,2,1,2,Returning_Visitor,False,False
0,0.0,0,2.9,9,77.5,0.1,0.08,0.24,0.0,Nov,3,2,4,11,Returning_Visitor,True,False
6,175.0,0,5.1,25,2877.5,0.01,0.04,0.0,0.0,May,2,2,7,1,Returning_Visitor,False,False
3,75.0,0,0.18,19,1507.97,0.01,0.03,28.12,0.0,Nov,2,2,1,13,Returning_Visitor,False,True
4,131.0,0,0.11,10,285.5,0.03,0.04,0.03,0.0,Dec,3,2,4,3,Returning_Visitor,False,False
2,50.0,0,0.0,24,602.25,0.0,0.0,0.12,0.0,Nov,2,2,1,2,Returning_Visitor,True,False
0,1.74,0,0.44,1,40.0,0.0,0.1,0.0,0.0,Mar,2,2,1,10,Returning_Visitor,False,False
2,22.2,0,2.54,18,470.9,0.0,0.0,0.66,0.0,Nov,2,2,2,2,New_Visitor,True,False
1,29.5,0,0.0,29,569.17,0.0,0.02,12.45,0.0,May,2,2,3,2,Returning_Visitor,False,True
4,22.5,0,0.0,14,362.63,0.03,0.04,0.07,0.01,Dec,3,2,2,3,Returning_Visitor,False,False
4,49.5,0,0.0,4,627.03,0.03,0.03,0.0,0.0,Dec,3,2,6,10,Returning_Visitor,False,False
16,230.33,0,0.0,86,2351.83,0.0,0.02,4.05,0.0,Dec,2,2,4,2,Returning_Visitor,False,False
0,0.0,0,0.19,1,0.0,0.13,0.2,0.0,0.0,May,1,1,1,2,Returning_Visitor,True,False
0,0.0,0,0.18,16,980.25,0.0,0.04,0.01,0.0,Mar,2,2,4,3,Returning_Visitor,False,False
3,213.0,0,0.0,2,338.0,0.01,0.0,112.41,0.0,Oct,1,1,1,2,Returning_Visitor,False,True
5,120.0,1,0.0,27,1583.6,0.01,0.03,30.64,0.0,Mar,2,2,4,2,Returning_Visitor,False,False
5,103.97,0,0.84,35,572.98,0.01,0.01,0.0,0.0,Dec,2,2,1,3,Returning_Visitor,False,False
0,0.0,1,0.0,0,8.64,0.2,0.2,0.0,0.02,May,1,1,3,1,Returning_Visitor,True,False
3,104.93,0,0.0,21,216.7,0.01,0.01,0.91,0.0,Sep,2,2,1,2,New_Visitor,False,False
8,161.67,0,0.0,518,11976.72,0.0,0.0,0.0,0.0,Oct,2,2,6,2,Returning_Visitor,False,False
0,0.0,0,0.27,11,145.52,0.0,0.05,0.0,0.0,Mar,2,2,1,2,Returning_Visitor,True,False
0,0.0,0,0.04,12,303.09,0.01,0.05,0.0,0.0,Dec,2,2,6,2,Returning_Visitor,False,False
2,55.5,0,0.23,13,26.0,0.05,0.06,0.02,0.0,Dec,2,1,9,3,Returning_Visitor,True,True
5,116.1,3,97.67,170,5570.85,0.0,0.01,0.03,0.0,Nov,2,2,7,2,Returning_Visitor,False,False
3,56.4,1,0.0,72,2101.47,0.01,0.03,0.0,0.0,Nov,1,1,2,2,Returning_Visitor,False,False
0,0.0,0,0.0,8,459.0,0.0,0.03,26.98,0.0,May,2,4,3,2,New_Visitor,False,True
0,1.75,0,0.0,3,11.0,0.13,0.13,0.0,0.0,June,2,2,1,4,Returning_Visitor,False,False
0,0.0,0,0.0,2,8.0,0.0,0.1,0.0,0.0,June,2,4,6,3,Returning_Visitor,False,False
5,105.5,0,0.0,32,1403.54,0.0,0.0,0.04,0.0,Dec,8,13,9,20,Other,False,False
5,44.67,1,144.0,101,1808.16,0.05,0.06,2.15,0.0,Jul,3,2,1,3,Returning_Visitor,False,False
4,32.33,0,0.0,29,613.09,0.0,0.01,0.03,0.0,May,3,2,3,3,New_Visitor,False,False
0,0.0,0,0.0,4,388.0,0.13,0.08,0.0,0.0,Mar,2,2,6,1,Returning_Visitor,False,False
6,105.76,0,0.0,33,1494.13,0.0,0.01,39.43,0.0,Jul,2,2,9,1,Returning_Visitor,False,True
1,104.31,0,0.0,27,687.2,0.0,0.02,0.0,0.0,Nov,3,2,1,1,Returning_Visitor,False,False
0,2.61,0,0.0,2,147.83,0.0,0.14,0.02,0.0,Dec,1,1,4,2,Returning_Visitor,False,False
3,104.59,0,0.0,6,283.2,0.02,0.06,29.66,0.0,Oct,2,2,1,2,Returning_Visitor,False,False
0,0.0,0,0.11,1,0.0,0.2,0.2,0.0,0.0,Mar,1,1,3,3,Returning_Visitor,False,False
5,44.0,0,0.0,54,1391.73,0.01,0.02,0.0,0.0,Dec,2,2,3,1,Returning_Visitor,False,False
3,100.71,0,0.0,6,743.1,0.02,0.03,0.0,0.0,Nov,1,1,8,3,Returning_Visitor,False,False
0,2.06,0,0.0,12,465.25,0.0,0.02,0.04,0.0,Dec,3,2,6,2,Returning_Visitor,False,False
2,157.0,0,0.0,5,85.5,0.0,0.03,0.0,0.0,Dec,2,4,1,2,New_Visitor,False,True
3,9.18,3,589.79,49,1222.25,0.0,0.02,0.0,0.0,Dec,2,2,2,2,Returning_Visitor,True,False
0,0.0,0,0.8,8,165.32,0.03,0.08,0.0,0.0,Nov,2,2,1,3,Returning_Visitor,False,False
1,18.0,0,0.11,6,151.97,0.08,0.09,0.0,0.4,May,3,2,1,13,Returning_Visitor,False,False
3,173.94,0,0.0,14,890.53,0.0,0.01,52.74,0.0,Dec,2,5,3,1,Returning_Visitor,False,True
0,0.0,0,0.09,46,1504.13,0.0,0.02,0.0,0.0,Nov,2,2,6,1,Returning_Visitor,True,False
3,209.5,0,0.0,46,1780.7,0.0,0.01,0.0,0.0,Nov,2,2,3,2,New_Visitor,False,False
0,0.0,0,0.77,5,276.0,0.0,0.05,0.0,0.0,Mar,2,2,3,1,Returning_Visitor,True,False
0,1.45,0,0.5,46,472.88,0.01,0.04,0.01,0.0,Nov,2,2,1,2,Returning_Visitor,False,False
0,0.0,0,0.0,18,268.49,0.03,0.05,0.06,0.6,May,2,2,6,3,Returning_Visitor,False,False
0,0.0,0,0.0,10,161.87,0.0,0.04,0.01,0.0,Mar,2,2,3,3,Returning_Visitor,False,False
2,106.52,3,118.1,10,184.1,0.0,0.05,0.0,0.0,June,2,2,8,4,Returning_Visitor,False,False
3,57.0,0,0.0,13,497.0,0.01,0.05,10.63,0.6,May,2,2,1,6,Returning_Visitor,False,False
0,0.0,0,0.0,26,1140.17,0.03,0.03,0.0,0.0,Nov,3,2,6,13,Returning_Visitor,False,False
3,102.5,0,0.0,5,170.79,0.0,0.02,0.0,0.0,Mar,1,2,1,9,New_Visitor,True,False
5,114.25,0,0.0,107,6789.36,0.0,0.02,0.01,0.0,Nov,2,2,1,2,Returning_Visitor,False,True
2,104.14,0,0.0,9,96.47,0.0,0.02,0.0,0.0,Mar,2,2,3,1,Returning_Visitor,False,False
0,0.0,0,0.0,1,0.0,0.13,0.2,0.0,0.0,Mar,1,1,1,1,Returning_Visitor,True,False
8,100.42,0,0.45,162,5721.8,0.0,0.01,17.8,0.0,Oct,2,2,1,1,Returning_Visitor,False,False
0,1.51,0,0.0,2,0.0,0.13,0.2,0.0,0.13,May,1,1,1,3,Returning_Visitor,False,False
2,103.99,1,36.0,24,914.51,0.02,0.03,0.0,0.4,May,2,2,8,3,Returning_Visitor,False,False
3,47.57,0,0.0,6,68.75,0.0,0.03,0.0,0.0,Mar,2,2,1,2,New_Visitor,False,False
0,0.0,0,0.0,10,426.5,0.0,0.02,0.0,0.0,Nov,2,2,1,2,New_Visitor,False,False
0,1.53,0,0.0,1,0.0,0.13,0.2,0.19,0.0,Nov,3,2,3,3,Returning_Visitor,False,False
0,0.0,0,0.83,2,34.0,0.0,0.1,0.17,0.0,May,2,2,1,4,Returning_Visitor,True,False
0,1.52,0,0.0,1,0.0,0.13,0.2,0.0,0.0,Nov,2,4,1,3,Returning_Visitor,False,False
0,0.0,0,0.0,16,1092.33,0.03,0.05,0.0,0.0,Dec,2,2,5,1,Returning_Visitor,False,False
3,738.0,0,0.0,26,1840.67,0.01,0.04,0.0,0.0,May,2,2,7,13,Returning_Visitor,False,False
0,0.0,0,0.0,23,684.5,0.03,0.04,0.09,0.8,May,2,2,2,6,Returning_Visitor,False,False
0,2.18,0,0.0,10,146.92,0.06,0.09,0.0,0.0,Nov,3,2,4,13,Returning_Visitor,True,False
0,0.0,0,0.16,7,70.0,0.0,0.03,0.0,0.0,May,2,2,1,2,Returning_Visitor,False,False
3,47.0,1,81.09,16,463.42,0.0,0.02,0.0,0.0,May,3,2,3,2,New_Visitor,True,False
1,4.0,2,102.0,31,1233.02,0.02,0.05,8.71,0.0,Mar,2,2,3,13,Returning_Visitor,True,False
3,199.0,0,0.0,10,147.89,0.0,0.05,0.0,0.0,May,2,2,3,1,Returning_Visitor,False,False
9,103.15,0,0.15,46,1497.87,0.0,0.0,0.0,0.0,Nov,1,1,5,3,Returning_Visitor,False,False
0,0.0,0,0.0,4,57.0,0.01,0.08,0.4,0.0,Nov,1,1,1,2,New_Visitor,False,False
11,499.45,0,0.0,38,778.67,0.0,0.02,13.28,0.0,Dec,1,1,9,2,Returning_Visitor,False,False
0,0.0,0,0.15,1,0.0,0.2,0.2,0.0,0.0,Mar,2,4,1,1,Returning_Visitor,False,False
1,39.2,0,0.0,42,526.0,0.0,0.0,0.0,0.0,Oct,4,2,3,2,Returning_Visitor,False,False
3,17.35,0,0.0,5,291.26,0.0,0.04,0.0,0.0,Mar,2,2,7,1,Returning_Visitor,False,False
0,1.79,0,0.0,3,139.0,0.01,0.05,46.17,0.0,Dec,1,2,1,2,Returning_Visitor,False,True
0,0.0,0,0.15,1,0.0,0.2,0.2,0.01,0.0,Mar,2,2,1,1,Returning_Visitor,False,False
0,0.0,1,0.0,17,1390.55,0.01,0.04,0.06,0.0,Sep,2,5,2,1,Returning_Visitor,False,False
3,65.5,0,0.0,46,1503.07,0.02,0.03,0.0,0.0,Nov,3,2,1,1,Returning_Visitor,True,False
6,133.33,1,398.0,173,4653.19,0.01,0.03,6.02,0.0,Nov,3,2,1,3,Returning_Visitor,False,True
2,39.4,0,0.0,50,1491.93,0.0,0.02,0.0,0.0,Oct,2,2,1,4,Returning_Visitor,False,False
0,0.0,0,0.0,12,338.75,0.0,0.03,0.0,0.0,Nov,2,4,1,2,Returning_Visitor,False,False
1,0.0,0,0.0,12,415.33,0.01,0.05,0.04,0.0,Nov,3,2,3,10,Returning_Visitor,True,False
0,0.0,0,2.08,22,356.08,0.0,0.01,151.57,0.01,Nov,2,2,5,8,Returning_Visitor,False,True
2,83.0,0,0.0,3,365.55,0.0,0.05,0.05,0.6,May,3,3,7,11,New_Visitor,False,False
5,62.6,0,0.0,7,272.5,0.0,0.01,0.0,0.0,Oct,1,1,3,2,New_Visitor,False,False
0,1.78,0,0.31,28,527.83,0.03,0.05,0.0,0.0,Oct,2,2,2,13,Returning_Visitor,False,False
0,18.6,2,79.33,46,1390.4,0.01,0.02,0.0,0.0,Nov,3,2,7,2,Returning_Visitor,True,False
3,111.0,0,0.19,25,438.99,0.0,0.01,0.0,0.0,May,2,2,4,4,Returning_Visitor,False,False
0,0.0,0,0.0,46,1130.09,0.0,0.01,31.19,0.6,May,2,2,1,4,New_Visitor,False,True
3,45.7,1,0.0,13,94.6,0.03,0.04,0.05,0.0,Jul,3,2,1,4,Returning_Visitor,False,True
0,0.0,0,0.0,3,146.55,0.07,0.13,0.0,0.0,May,3,2,4,3,Returning_Visitor,False,False
1,6.0,0,0.0,21,332.8,0.0,0.01,0.0,0.0,Sep,2,5,4,5,Returning_Visitor,True,False
6,104.03,0,0.0,22,568.97,0.02,0.02,12.39,0.0,Sep,1,2,6,2,Returning_Visitor,False,True
3,8.0,0,0.0,13,1496.72,0.01,0.03,10.99,0.0,Nov,1,1,3,4,Returning_Visitor,False,True
0,0.0,0,0.0,37,1504.2,0.13,0.08,0.0,0.6,May,2,2,3,11,Returning_Visitor,False,False
0,1.58,1,0.86,1,13.0,0.0,0.1,0.0,0.0,Mar,3,2,3,1,Returning_Visitor,False,False
3,103.08,2,39.25,39,1406.95,0.02,0.03,5.61,0.0,Nov,3,2,5,2,Returning_Visitor,False,False
5,210.62,3,54.72,167,8249.11,0.01,0.02,2.91,0.0,Nov,1,1,1,10,Returning_Visitor,False,True
5,39.5,3,62.25,339,16138.29,0.0,0.02,0.05,0.0,Nov,2,2,1,2,Returning_Visitor,False,False
0,15.68,0,1.19,15,327.77,0.0,0.01,11.78,0.0,Jul,1,1,1,2,Returning_Visitor,True,True
3,138.5,6,2.2,47,807.08,0.0,0.01,0.0,0.0,Mar,3,2,1,8,Returning_Visitor,True,False
0,2.37,0,0.0,27,1502.55,0.0,0.03,0.0,0.0,Nov,2,2,7,1,Returning_Visitor,False,False
0,0.0,0,0.0,4,0.0,0.13,0.14,0.02,0.0,Nov,2,2,2,13,Returning_Visitor,False,False
1,103.95,0,0.0,24,496.67,0.0,0.01,0.0,0.0,May,1,2,3,2,New_Visitor,False,False
0,1.84,0,0.0,13,396.36,0.0,0.02,0.0,0.0,Nov,2,2,1,2,Returning_Visitor,False,False
3,421.0,0,0.34,5,110.5,0.0,0.01,0.0,0.0,Mar,3,2,8,8,New_Visitor,False,False
3,105.0,0,0.0,37,1384.38,0.01,0.03,0.0,0.0,May,2,2,7,13,Returning_Visitor,False,False
10,189.21,8,261.0,97,412.71,0.0,0.01,12.39,0.0,May,2,2,4,4,Returning_Visitor,False,False
0,0.0,0,0.0,3,402.0,0.0,0.05,0.0,0.0,Nov,4,2,3,1,Returning_Visitor,False,True
1,0.0,1,132.0,8,445.0,0.0,0.01,0.68,0.0,Mar,3,2,3,14,Returning_Visitor,True,False
0,0.0,0,0.0,6,106.0,0.13,0.14,0.0,0.0,Mar,3,2,1,1,Returning_Visitor,False,False
6,128.04,2,132.83,45,901.09,0.0,0.01,0.13,0.0,May,2,2,2,4,Returning_Visitor,False,False
0,0.0,0,0.0,2,3.62,0.13,0.2,0.0,0.0,Mar,2,2,6,1,Returning_Visitor,False,False
0,2.56,0,0.0,6,24.0,0.13,0.1,0.0,0.8,May,2,4,1,3,Returning_Visitor,False,False
0,0.0,1,78.1,46,4093.43,0.0,0.04,9.62,0.0,May,2,2,8,13,Returning_Visitor,False,False
9,297.83,3,87.48,33,1467.65,0.01,0.03,13.2,0.0,Dec,3,2,1,2,Returning_Visitor,False,False
11,497.22,7,646.76,63,2162.22,0.01,0.01,12.08,0.2,May,1,1,1,2,Returning_Visitor,False,False
0,0.0,0,0.15,19,536.27,0.04,0.05,0.01,0.0,May,2,2,6,6,Returning_Visitor,False,False
3,50.9,0,0.14,60,2686.4,0.02,0.02,0.0,0.0,Oct,2,4,5,4,Returning_Visitor,False,False
1,0.0,0,0.05,46,717.47,0.01,0.02,0.0,0.12,Jul,2,5,1,3,Returning_Visitor,False,False
0,0.0,0,0.0,1,3.23,0.13,0.14,0.0,0.0,Mar,2,2,2,1,Returning_Visitor,False,False
0,0.0,0,0.0,19,725.33,0.01,0.02,0.0,0.0,May,2,2,3,4,Returning_Visitor,False,False
12,89.49,5,480.12,90,1996.57,0.01,0.03,0.0,0.0,May,3,2,1,1,Returning_Visitor,False,False
5,97.83,0,1.49,15,489.0,0.0,0.01,81.33,0.0,Dec,8,13,9,4,Other,False,True
0,2.81,0,0.0,23,1375.92,0.04,0.09,0.01,0.0,Nov,3,2,8,13,Returning_Visitor,False,False
5,84.34,4,246.0,13,427.08,0.0,0.01,0.0,0.0,Mar,1,1,3,2,New_Visitor,False,False
3,84.0,0,0.47,43,1720.42,0.03,0.04,0.0,0.0,Oct,3,2,1,3,Returning_Visitor,True,False
1,78.0,0,0.79,2,154.43,0.0,0.07,0.0,0.0,Nov,4,2,6,8,New_Visitor,False,False
0,0.0,0,0.0,15,411.08,0.02,0.03,0.0,0.0,Nov,2,2,3,3,Returning_Visitor,False,False
12,359.74,4,86.0,23,237.1,0.0,0.01,0.51,0.0,May,1,1,2,6,Returning_Visitor,False,False
0,0.0,0,0.0,12,234.83,0.0,0.01,0.01,0.0,Mar,2,2,3,2,Returning_Visitor,False,False
0,0.0,0,1.21,46,2177.33,0.0,0.01,0.0,0.0,Dec,2,4,1,2,New_Visitor,False,False
2,30.02,0,0.0,36,474.31,0.05,0.02,1.52,0.0,June,4,1,2,4,Returning_Visitor,False,False
1,156.2,0,0.0,3,588.56,0.0,0.0,92.98,0.0,Oct,2,2,7,2,Returning_Visitor,True,True
0,0.0,0,0.0,35,2381.1,0.01,0.02,0.0,0.0,Nov,2,2,1,2,Returning_Visitor,False,False
0,2.21,0,0.0,13,283.5,0.0,0.03,0.0,0.4,May,2,2,5,3,Returning_Visitor,False,False
0,0.0,0,0.0,2,0.0,0.1,0.14,0.0,0.0,Nov,2,2,1,1,Returning_Visitor,False,False
3,64.5,0,0.0,14,671.62,0.0,0.03,0.01,0.0,Nov,1,1,3,2,Returning_Visitor,True,False
2,101.96,4,231.88,73,2163.5,0.01,0.03,11.63,0.0,Mar,2,2,1,1,Returning_Visitor,True,False
9,301.0,0,0.0,38,2621.62,0.02,0.09,10.72,0.0,Nov,2,2,1,13,Returning_Visitor,False,False
8,103.68,0,0.0,33,2714.96,0.0,0.01,18.17,0.0,Dec,2,2,3,1,Returning_Visitor,False,False
0,0.0,0,0.0,3,208.5,0.11,0.1,0.0,0.41,May,3,2,2,13,Returning_Visitor,False,False
2,45.2,0,0.0,19,1528.54,0.0,0.02,0.0,0.0,Jul,2,2,2,2,New_Visitor,True,False
1,1.44,0,0.66,18,691.5,0.0,0.0,0.0,0.0,May,2,4,4,4,Returning_Visitor,False,False
2,51.88,0,0.5,63,5220.08,0.0,0.0,51.46,0.0,Nov,2,5,2,1,Returning_Visitor,True,True
9,83.57,0,0.0,46,1497.93,0.0,0.01,12.22,0.0,Dec,2,2,7,1,Returning_Visitor,False,True
3,65.5,0,0.0,11,263.0,0.0,0.02,46.31,0.0,Nov,2,2,1,2,Returning_Visitor,False,True
0,3.3,0,0.0,4,47.0,0.0,0.05,0.0,0.0,Nov,3,2,6,1,Returning_Visitor,False,False
0,0.0,0,0.0,6,254.5,0.0,0.03,0.0,0.0,Nov,2,2,1,2,New_Visitor,False,True
0,0.0,0,0.27,1,0.0,0.2,0.2,0.05,0.0,May,4,1,1,1,Returning_Visitor,False,False
3,110.54,7,330.27,10,396.35,0.01,0.07,0.0,0.16,May,3,2,4,2,Returning_Visitor,False,False
0,0.0,0,0.0,6,148.39,0.0,0.07,0.0,0.0,Nov,2,2,9,1,Returning_Visitor,False,False
0,0.0,0,0.0,19,447.72,0.0,0.01,0.0,0.0,Dec,3,2,1,2,Returning_Visitor,True,False
9,309.0,0,0.0,25,383.08,0.01,0.04,0.0,0.0,Mar,3,2,3,1,Returning_Visitor,False,False
0,1.5,0,0.15,1,0.0,0.2,0.14,0.0,0.0,Mar,3,2,3,1,Returning_Visitor,False,False
0,0.0,0,0.0,20,499.67,0.0,0.03,0.0,0.6,May,2,2,1,4,Returning_Visitor,False,False
0,0.0,0,0.0,13,89.0,0.05,0.1,0.0,0.0,Mar,2,2,7,1,Returning_Visitor,False,False
8,112.27,0,5.5,16,1539.93,0.01,0.02,0.15,0.0,Oct,2,2,1,13,Returning_Visitor,False,False
3,104.87,0,6.81,46,926.43,0.0,0.01,9.15,0.0,Mar,4,2,5,2,Returning_Visitor,False,True
0,0.0,0,0.38,4,29.0,0.1,0.14,0.01,0.8,May,2,2,2,3,Returning_Visitor,False,False
0,0.0,0,0.0,3,65.0,0.11,0.18,0.0,0.0,May,3,2,2,1,Returning_Visitor,False,False
2,236.0,0,0.59,13,490.07,0.0,0.01,0.0,0.0,Mar,1,1,1,1,Returning_Visitor,False,False
3,102.18,0,0.0,70,2146.76,0.0,0.01,67.31,0.0,Nov,2,2,5,2,Returning_Visitor,False,False
3,135.5,0,0.0,46,1238.38,0.01,0.03,7.94,0.0,May,2,2,1,2,Returning_Visitor,False,False
3,104.19,0,0.0,76,3923.59,0.0,0.01,0.1,0.0,Nov,2,2,8,2,Returning_Visitor,True,False
2,104.08,2,306.33,18,483.83,0.0,0.02,0.0,0.0,Mar,2,2,4,3,Returning_Visitor,False,False
2,30.2,0,0.0,32,776.88,0.0,0.0,0.21,0.0,Jul,2,4,1,3,New_Visitor,True,False
8,69.83,1,157.0,45,901.92,0.01,0.03,7.8,0.0,May,2,2,1,6,Returning_Visitor,False,False
11,98.93,0,0.0,72,1243.81,0.0,0.01,0.0,0.0,May,2,2,4,2,Returning_Visitor,False,False
0,2.03,0,0.0,22,848.84,0.0,0.03,0.07,0.0,June,2,4,3,2,Returning_Visitor,False,False
3,136.0,0,0.0,31,1141.83,0.0,0.01,12.26,0.0,Mar,1,1,1,1,Returning_Visitor,True,True
0,1.6,0,0.0,6,150.19,0.03,0.09,2.43,0.0,Nov,1,1,1,2,Returning_Visitor,False,False
0,3.05,0,0.0,3,31.2,0.07,0.13,0.06,0.0,June,3,2,1,1,Returning_Visitor,False,False
9,324.3,4,205.0,71,2816.44,0.0,0.0,0.0,0.0,Mar,2,2,1,8,New_Visitor,False,False
0,1.5,0,0.16,1,0.0,0.2,0.2,0.0,0.0,Nov,2,2,1,3,Returning_Visitor,False,False
3,104.14,2,51.0,11,1482.83,0.01,0.02,0.0,0.01,Dec,1,1,1,2,New_Visitor,False,False
0,0.0,0,0.11,13,337.0,0.0,0.05,0.0,0.0,Mar,1,1,6,3,Returning_Visitor,False,False
0,2.16,0,0.22,34,1433.9,0.02,0.03,11.77,0.0,May,3,2,3,2,Returning_Visitor,False,False
3,106.48,1,28.5,47,4729.07,0.0,0.02,9.06,0.0,Nov,2,2,1,2,Returning_Visitor,False,True
3,204.75,0,0.35,46,1942.93,0.0,0.01,0.0,0.0,May,1,1,1,4,Returning_Visitor,False,False
0,0.0,0,0.0,10,253.5,0.0,0.02,61.93,0.0,Mar,1,1,1,2,New_Visitor,True,True
3,147.0,0,0.0,3,146.93,0.0,0.02,0.0,0.0,Mar,3,2,7,1,Returning_Visitor,False,False
0,5.21,0,0.44,9,140.2,0.0,0.05,0.0,0.0,Sep,2,2,9,2,Returning_Visitor,True,False
0,0.0,0,0.0,45,854.33,0.0,0.01,0.02,0.0,Mar,4,1,1,10,Returning_Visitor,False,False
1,104.31,1,15.75,28,1421.25,0.0,0.04,0.09,0.0,Dec,2,2,1,3,Returning_Visitor,True,False
3,99.0,0,0.0,32,1490.98,0.0,0.01,58.11,0.06,May,2,2,3,4,New_Visitor,False,False
2,292.01,2,9.0,9,452.25,0.03,0.02,0.0,0.0,Dec,3,1,7,2,Returning_Visitor,False,False
12,159.9,0,0.0,121,3648.56,0.0,0.01,12.24,0.0,Nov,2,2,5,1,Returning_Visitor,False,False
3,237.83,2,23.0,82,1502.78,0.0,0.01,8.5,0.0,May,3,2,3,2,Returning_Visitor,True,False
3,76.5,2,66.0,16,315.37,0.0,0.01,0.11,0.0,May,3,2,1,3,Returning_Visitor,True,False
4,64.67,0,0.0,50,936.81,0.0,0.0,0.09,0.0,Aug,2,2,4,2,New_Visitor,False,False
0,0.0,2,75.5,109,4008.58,0.0,0.02,0.0,0.0,Nov,2,2,3,2,Returning_Visitor,False,True
10,103.75,0,0.0,25,692.22,0.04,0.04,0.0,0.0,Oct,1,1,7,1,Returning_Visitor,True,False
0,5.37,0,0.0,36,556.92,0.01,0.05,0.0,0.0,Nov,4,2,6,8,Returning_Visitor,False,False
0,0.0,0,0.0,62,944.41,0.0,0.02,0.0,0.0,June,1,1,7,3,Returning_Visitor,False,False
4,49.3,0,0.0,14,283.7,0.02,0.03,0.0,0.0,June,1,1,3,3,Returning_Visitor,False,False
12,103.9,4,241.7,47,1975.12,0.0,0.02,12.48,0.0,May,2,2,4,2,Returning_Visitor,False,False
3,156.0,0,0.0,60,2126.46,0.01,0.02,0.0,0.0,Mar,3,2,4,2,Returning_Visitor,False,False
0,0.0,0,0.0,2,0.0,0.2,0.14,0.0,0.0,Mar,3,2,3,1,Returning_Visitor,False,False
3,46.0,1,0.0,61,867.46,0.0,0.03,0.0,0.8,May,2,2,1,2,Returning_Visitor,False,False
0,0.0,0,0.0,12,234.0,0.02,0.04,0.03,0.0,May,2,2,4,14,Returning_Visitor,True,False
0,0.0,0,0.0,6,36.0,0.07,0.13,0.0,0.0,Mar,4,1,1,3,Returning_Visitor,True,False
3,49.18,0,0.0,44,1065.5,0.01,0.04,53.22,0.4,May,2,2,2,2,Returning_Visitor,False,False
0,0.0,0,0.03,17,414.63,0.02,0.05,0.0,0.0,Dec,2,2,1,2,Returning_Visitor,False,False
3,283.38,2,590.0,46,5442.09,0.01,0.03,12.42,0.0,Nov,2,2,4,2,Returning_Visitor,False,True
5,415.55,0,3.26,47,1600.32,0.0,0.02,13.29,0.0,Sep,2,4,4,2,Returning_Visitor,True,True
1,100.37,1,0.15,16,589.67,0.0,0.09,0.0,0.0,May,3,2,6,11,New_Visitor,True,False
12,494.6,4,133.79,86,4479.12,0.01,0.03,2.36,0.0,Dec,1,1,1,2,Returning_Visitor,False,False
0,0.0,0,0.0,2,8.0,0.0,0.1,0.0,0.0,Dec,1,1,1,2,New_Visitor,False,False
1,15.88,1,84.97,227,11232.66,0.0,0.02,0.03,0.0,Nov,2,2,1,2,Returning_Visitor,False,False
3,102.55,0,0.28,46,354.58,0.02,0.02,0.02,0.0,Nov,1,1,8,1,Returning_Visitor,True,False
0,0.0,0,0.0,44,414.58,0.02,0.02,0.0,0.0,May,3,2,1,3,Returning_Visitor,False,False
0,0.0,0,0.0,1,6.31,0.13,0.2,0.16,0.0,Nov,2,2,3,1,Returning_Visitor,False,False
6,52.7,0,0.0,88,1507.79,0.0,0.01,1.62,0.0,June,2,5,1,2,Returning_Visitor,False,False
0,0.0,0,0.0,8,129.0,0.09,0.14,0.0,0.6,May,2,4,1,3,Returning_Visitor,False,False
10,231.0,1,8.0,45,3486.69,0.0,0.01,0.0,0.0,Mar,2,10,1,1,Returning_Visitor,False,False
0,1.6,0,0.56,21,584.13,0.0,0.01,0.47,0.0,May,2,2,4,4,Returning_Visitor,True,False
3,104.28,0,0.64,16,1439.54,0.01,0.01,52.7,0.0,Nov,2,2,3,2,Returning_Visitor,False,True
0,0.0,0,0.0,3,197.44,0.0,0.07,0.0,0.0,Dec,2,4,1,2,Returning_Visitor,False,False
0,7.83,0,0.0,4,8.0,0.0,0.09,0.0,0.0,Sep,2,6,1,13,Returning_Visitor,False,False
0,0.0,0,0.0,10,724.0,0.0,0.03,97.98,0.01,May,1,1,4,2,New_Visitor,True,True
0,0.0,0,0.0,11,1055.5,0.02,0.05,0.0,0.0,May,2,2,8,3,Returning_Visitor,False,False
3,69.0,4,163.0,50,2424.75,0.0,0.02,2.97,0.0,May,2,2,3,4,Returning_Visitor,False,False
6,41.49,1,105.0,47,752.57,0.0,0.02,7.07,0.0,Nov,1,1,1,10,Returning_Visitor,True,False
0,0.0,0,0.0,20,821.83,0.13,0.08,0.0,0.0,Nov,3,2,4,10,Returning_Visitor,True,False
0,1.69,0,0.0,1,0.0,0.2,0.2,0.0,0.0,May,2,2,4,3,Returning_Visitor,False,False
0,0.0,0,0.42,36,1122.68,0.0,0.02,0.0,0.0,Nov,2,2,1,2,New_Visitor,False,False
0,0.0,0,0.31,6,106.0,0.04,0.08,0.0,0.0,May,3,2,1,3,Returning_Visitor,False,False
2,109.58,0,0.0,46,5556.93,0.0,0.02,4.96,0.0,Sep,2,2,1,2,Returning_Visitor,True,False
0,0.0,0,0.24,35,729.29,0.0,0.04,0.0,0.0,Dec,2,2,3,2,Returning_Visitor,False,False
0,0.0,0,0.27,2,124.5,0.0,0.1,0.1,0.0,Dec,1,1,1,2,New_Visitor,False,False
9,152.88,2,71.51,85,2971.25,0.0,0.01,1.02,0.0,Nov,2,2,3,1,Returning_Visitor,False,True
0,0.0,0,0.0,6,222.4,0.0,0.03,63.55,0.0,Jul,1,1,4,2,Returning_Visitor,True,False
0,2.4,2,79.99,46,1547.48,0.0,0.02,0.0,0.0,Nov,2,2,3,2,Returning_Visitor,True,True
0,0.0,0,0.0,9,469.3,0.0,0.05,0.0,0.8,May,2,4,9,2,Returning_Visitor,False,False
3,100.85,7,285.0,90,3262.35,0.0,0.01,0.0,0.0,May,3,2,5,2,Returning_Visitor,False,False
0,1.77,0,0.0,118,1504.53,0.01,0.02,10.41,0.0,Nov,2,2,1,2,Returning_Visitor,True,True
2,74.6,3,81.05,30,542.33,0.0,0.02,25.41,0.6,May,2,6,1,3,Returning_Visitor,False,True
0,13.27,0,0.0,9,321.5,0.08,0.12,0.0,0.6,May,2,4,9,3,Returning_Visitor,False,False
0,0.0,0,0.0,41,615.88,0.03,0.05,0.0,0.0,Dec,3,2,2,1,Returning_Visitor,True,False
0,0.0,0,0.1,50,1085.89,0.03,0.04,0.19,0.0,Oct,1,1,1,4,Returning_Visitor,False,False
10,302.08,0,0.0,81,1778.66,0.0,0.0,16.44,0.0,Nov,1,1,1,2,New_Visitor,True,False
19,149.68,2,39.2,47,1171.47,0.0,0.02,2.06,0.0,May,2,5,1,5,Returning_Visitor,False,False
5,2.74,0,0.0,46,733.17,0.01,0.04,0.17,0.0,Sep,1,8,8,1,Returning_Visitor,False,False
3,142.3,0,0.65,108,1479.08,0.0,0.01,0.0,0.8,May,2,2,1,6,Returning_Visitor,False,False
0,0.0,0,0.17,63,1503.39,0.0,0.01,0.0,0.0,Mar,2,2,3,1,Returning_Visitor,False,False
5,109.35,0,0.0,46,86.63,0.01,0.05,21.1,0.0,May,4,1,1,7,Returning_Visitor,True,True
0,3.0,0,0.0,6,150.64,0.0,0.03,0.0,0.0,May,1,1,1,2,Returning_Visitor,False,False
3,26.0,0,0.0,85,768.5,0.0,0.01,0.0,0.3,May,2,2,4,4,Returning_Visitor,False,False
0,9.0,0,0.0,13,467.0,0.0,0.02,79.18,0.0,May,2,4,2,2,Returning_Visitor,False,True
2,494.72,1,0.0,21,696.22,0.01,0.02,8.39,0.0,Nov,1,2,4,2,Returning_Visitor,False,False
0,1.79,0,0.0,44,1503.7,0.03,0.05,1.96,0.0,Aug,1,1,1,3,Returning_Visitor,False,False
0,0.0,0,4.28,21,476.87,0.01,0.03,0.0,0.0,Nov,3,2,1,2,Returning_Visitor,True,False
0,0.0,0,0.0,46,944.23,0.0,0.02,0.0,0.0,May,2,2,1,3,Returning_Visitor,False,False
0,0.0,0,0.1,47,1504.45,0.01,0.02,0.0,0.0,Nov,3,2,1,3,Returning_Visitor,False,False
3,104.78,1,34.5,100,4436.38,0.0,0.01,0.0,0.0,Nov,2,2,1,2,Returning_Visitor,False,True
0,0.0,0,0.0,3,154.27,0.0,0.03,0.03,0.0,Mar,2,2,1,3,Returning_Visitor,True,False
10,480.64,2,7.0,24,1501.67,0.01,0.02,3.57,0.0,May,2,2,1,2,Returning_Visitor,False,False
0,0.0,0,0.0,1,0.0,0.2,0.2,0.0,0.0,Feb,2,2,4,3,Returning_Visitor,False,False
2,70.0,0,0.09,11,714.5,0.01,0.03,0.0,0.0,May,2,2,2,2,Returning_Visitor,True,False
1,175.48,0,0.0,98,2759.25,0.0,0.02,1.55,0.0,Dec,2,2,1,2,Returning_Visitor,False,False
2,104.0,1,136.5,12,977.53,0.0,0.02,0.0,0.0,Dec,2,2,1,2,Returning_Visitor,False,False
0,0.0,0,0.0,6,75.0,0.0,0.02,0.0,0.0,Mar,1,1,1,2,Returning_Visitor,False,False
3,218.83,2,54.0,28,1560.64,0.02,0.02,10.46,0.0,Nov,3,2,1,2,Returning_Visitor,True,False
0,0.0,0,0.82,16,161.15,0.1,0.14,0.0,0.0,Aug,3,2,3,13,Returning_Visitor,False,False
15,496.75,0,0.0,56,1495.18,0.0,0.0,0.0,0.0,Nov,3,2,4,2,Returning_Visitor,False,False
3,71.0,0,0.0,57,1422.91,0.0,0.02,13.55,0.0,Sep,2,2,4,2,Returning_Visitor,False,True
10,363.33,0,0.0,59,1479.23,0.0,0.01,54.66,0.0,May,1,5,1,3,Returning_Visitor,False,False
0,1.42,0,0.45,46,954.67,0.0,0.01,0.0,0.0,Mar,2,2,1,2,Returning_Visitor,False,False
0,0.0,0,0.61,1,504.0,0.0,0.14,0.0,0.0,May,1,1,3,3,Returning_Visitor,False,False
4,34.93,0,0.0,2,22.8,0.0,0.03,0.02,0.0,Oct,2,2,1,2,New_Visitor,False,False
0,0.0,0,0.0,20,480.86,0.0,0.01,1.46,0.0,May,1,2,1,19,Returning_Visitor,True,False
3,9.73,0,0.0,14,146.66,0.0,0.02,0.02,0.0,Dec,3,2,3,2,Returning_Visitor,False,False
0,0.0,0,0.05,16,277.3,0.01,0.05,0.0,0.0,Nov,2,2,1,2,Returning_Visitor,False,False
3,166.7,0,0.0,9,159.84,0.02,0.03,0.02,0.02,Nov,2,2,1,3,Returning_Visitor,False,False
11,222.5,2,46.67,20,1505.38,0.0,0.02,16.17,0.0,May,2,2,3,2,Returning_Visitor,False,True
3,114.75,0,0.0,8,147.61,0.0,0.02,0.0,0.0,May,2,4,4,2,Returning_Visitor,True,False
2,48.83,1,69.61,46,1521.43,0.03,0.03,22.94,0.6,May,3,2,1,2,Returning_Visitor,False,False
1,14.0,0,0.0,21,334.79,0.0,0.02,0.01,0.0,Mar,2,2,1,1,Returning_Visitor,False,False
0,0.0,0,0.0,19,1501.91,0.0,0.01,0.0,0.0,May,1,1,1,2,Returning_Visitor,False,False
3,724.0,0,0.98,45,554.38,0.0,0.01,0.0,0.01,Nov,4,2,1,2,New_Visitor,False,False
5,269.8,0,0.0,26,312.33,0.0,0.01,0.03,0.0,Nov,1,1,9,4,Returning_Visitor,False,False
0,0.0,0,0.0,30,632.58,0.0,0.02,0.0,0.0,Mar,2,5,1,1,Returning_Visitor,False,False
0,0.0,2,63.5,14,424.7,0.04,0.04,0.0,0.0,Nov,2,2,2,11,Returning_Visitor,True,True
0,0.0,0,0.0,19,606.83,0.03,0.05,0.0,0.0,May,2,2,1,3,Returning_Visitor,False,False
0,2.4,0,0.54,7,42.0,0.06,0.14,0.01,0.57,May,2,4,6,1,Returning_Visitor,True,False
0,0.0,1,93.0,30,1045.83,0.02,0.04,0.0,0.0,Dec,1,1,1,2,Returning_Visitor,False,False
0,0.0,0,0.0,9,156.34,0.0,0.02,0.0,0.1,Feb,2,5,1,6,Returning_Visitor,False,False
3,46.3,0,1.8,5,146.7,0.0,0.04,0.0,0.0,May,2,2,9,5,New_Visitor,False,False
0,0.0,0,0.0,6,42.0,0.0,0.04,0.0,0.0,Dec,2,10,1,2,Returning_Visitor,False,False
0,1.41,0,0.0,1,0.0,0.2,0.2,0.01,0.0,May,2,2,1,3,Returning_Visitor,False,False
6,110.38,1,793.8,38,2436.61,0.0,0.02,12.88,0.0,Jul,2,10,1,2,Returning_Visitor,False,False
3,39.2,0,0.38,19,1553.8,0.05,0.08,0.0,0.01,Nov,3,2,9,13,Returning_Visitor,False,False
8,149.98,5,81.4,46,1220.18,0.02,0.04,0.0,0.0,Dec,3,2,3,2,Returning_Visitor,True,False
0,0.0,0,3.44,13,292.9,0.03,0.12,0.0,0.0,Dec,2,4,3,1,Returning_Visitor,False,False
0,0.0,0,0.06,13,1477.77,0.02,0.05,0.0,0.0,Nov,1,1,1,3,Returning_Visitor,False,False
6,313.0,2,0.0,49,2382.43,0.03,0.05,9.1,0.0,May,4,2,1,1,Returning_Visitor,True,False
4,114.33,0,0.66,46,1372.67,0.0,0.01,0.0,0.0,May,3,2,3,4,Returning_Visitor,True,False
6,450.4,0,0.0,6,72.9,0.0,0.03,0.0,0.0,May,2,2,9,5,New_Visitor,False,False
4,105.88,0,0.0,13,1491.16,0.0,0.02,76.79,0.0,Dec,2,2,1,2,Returning_Visitor,False,True
0,0.0,0,0.0,14,145.27,0.0,0.02,0.01,0.0,May,2,2,8,4,Returning_Visitor,False,False
4,92.1,1,28.2,29,1504.47,0.01,0.02,0.0,0.0,May,2,5,7,5,Returning_Visitor,False,True
0,1.83,0,0.0,1,519.06,0.2,0.2,0.0,1.0,Feb,1,1,1,3,Returning_Visitor,False,False
3,103.73,0,0.1,46,2061.07,0.02,0.04,9.46,0.0,May,2,2,3,1,Returning_Visitor,False,False
7,381.75,0,0.0,46,1505.5,0.01,0.03,5.56,0.0,Nov,1,1,1,2,Returning_Visitor,False,True
2,177.0,0,0.0,3,184.5,0.04,0.03,0.0,0.0,May,3,2,4,11,New_Visitor,False,False
2,11.5,0,0.0,46,1562.0,0.02,0.04,33.11,0.8,May,2,2,3,3,Returning_Visitor,False,False
3,131.1,0,0.0,13,777.05,0.0,0.0,0.0,0.0,Oct,2,2,1,2,New_Visitor,False,False
10,398.57,1,132.0,50,985.08,0.01,0.03,0.0,0.0,Sep,3,2,1,3,Returning_Visitor,True,False
0,0.0,0,0.0,3,21.0,0.0,0.07,0.0,0.0,Mar,2,2,7,3,Returning_Visitor,False,False
0,0.0,0,0.0,3,91.0,0.07,0.13,0.0,0.0,May,2,2,3,6,Returning_Visitor,False,False
0,0.0,0,0.0,50,1540.88,0.0,0.02,0.0,0.0,Nov,1,1,4,2,Returning_Visitor,False,False
0,0.0,0,0.0,17,180.87,0.0,0.01,0.15,0.0,Feb,3,2,6,1,Returning_Visitor,True,False
3,277.67,1,32.0,47,1671.26,0.01,0.02,0.03,0.0,May,3,2,8,2,Returning_Visitor,False,False
3,140.33,0,0.0,9,88.95,0.0,0.01,0.0,0.0,May,3,2,2,3,New_Visitor,False,False
7,330.06,5,63.18,116,1504.2,0.0,0.01,3.7,0.0,Dec,2,2,2,2,Returning_Visitor,False,False
0,0.0,0,0.0,2,3.5,0.13,0.2,0.0,0.0,Mar,2,2,3,1,Returning_Visitor,True,False
1,104.16,0,0.0,28,873.64,0.0,0.01,0.0,0.0,Dec,3,2,1,6,Returning_Visitor,False,False
0,0.0,0,0.0,20,1358.0,0.01,0.04,0.08,0.0,Nov,3,2,7,1,Returning_Visitor,False,False
3,52.0,0,0.4,56,2145.56,0.01,0.03,13.12,0.0,May,2,2,1,14,Returning_Visitor,False,True
0,0.0,0,0.0,14,721.56,0.01,0.05,0.0,0.0,Dec,1,1,8,20,Returning_Visitor,False,False
0,0.0,0,0.0,7,296.77,0.0,0.0,2.36,0.0,Nov,1,8,7,2,Returning_Visitor,False,False
0,2.49,0,0.42,7,113.25,0.0,0.08,0.03,0.0,Mar,2,2,4,10,Returning_Visitor,False,False
3,16.2,1,9.51,17,1180.37,0.01,0.05,0.0,0.0,Aug,2,2,3,4,Returning_Visitor,False,False
4,47.24,6,155.38,47,4391.88,0.01,0.02,4.36,0.0,Nov,1,2,1,2,Returning_Visitor,False,False
0,0.0,0,0.0,46,3556.61,0.0,0.01,0.0,0.0,Mar,1,1,1,3,Returning_Visitor,False,False
9,122.2,0,0.0,15,2303.96,0.02,0.03,2.23,0.0,Aug,2,4,4,2,Returning_Visitor,False,False
0,0.0,0,0.11,6,69.25,0.03,0.05,0.01,0.0,Mar,2,2,4,3,Returning_Visitor,False,False
0,1.83,0,0.0,59,1669.94,0.0,0.01,1.79,0.0,Dec,2,2,4,2,Returning_Visitor,True,False
5,106.43,0,0.0,12,173.21,0.03,0.04,0.0,0.0,Nov,1,1,4,2,Returning_Visitor,True,False
2,59.4,0,2.98,86,1503.88,0.03,0.05,0.0,0.0,Aug,2,2,7,3,Returning_Visitor,False,False
7,611.03,2,13.0,81,1547.89,0.0,0.05,6.49,0.0,Oct,1,1,6,2,Returning_Visitor,True,False
0,0.0,0,0.09,21,197.33,0.01,0.04,0.0,0.8,May,2,10,7,4,Returning_Visitor,False,False
9,399.8,1,79.4,64,7243.65,0.0,0.02,12.23,0.0,Aug,2,2,8,4,Returning_Visitor,False,True
6,165.95,2,114.0,42,2016.12,0.02,0.03,12.23,0.0,Nov,1,1,1,2,Returning_Visitor,False,False
0,0.0,0,0.0,13,414.16,0.0,0.02,0.0,0.0,Mar,3,2,2,10,Returning_Visitor,False,False
4,55.75,0,0.0,46,3817.2,0.0,0.02,0.0,0.0,Nov,2,2,1,2,Returning_Visitor,False,False
0,0.0,0,0.12,14,380.5,0.01,0.03,0.0,0.0,Feb,2,2,1,1,Returning_Visitor,False,False
6,93.5,0,0.13,35,1499.83,0.0,0.02,0.0,0.0,Dec,2,2,7,2,Returning_Visitor,False,False
0,0.0,3,1830.5,47,5000.74,0.02,0.02,0.07,0.0,Nov,2,2,1,2,Returning_Visitor,True,False
0,0.0,0,0.42,77,1487.61,0.0,0.04,0.0,0.0,Mar,1,1,1,2,Returning_Visitor,False,False
3,205.5,1,4.37,37,1683.63,0.0,0.02,4.74,0.0,May,3,2,8,2,Returning_Visitor,True,False
0,2.46,0,0.46,9,181.21,0.0,0.02,0.0,0.0,Mar,2,2,3,10,Returning_Visitor,False,False
0,0.0,0,0.0,8,186.0,0.0,0.04,0.01,0.0,Dec,2,2,1,10,Returning_Visitor,False,False
15,2657.32,13,133.58,223,29970.47,0.0,0.03,0.0,0.0,Dec,2,2,1,2,Returning_Visitor,False,False
2,94.7,0,0.0,23,897.19,0.0,0.0,0.16,0.0,Nov,3,2,3,2,New_Visitor,True,False
0,0.0,0,1.36,9,127.5,0.0,0.02,0.0,0.0,May,2,7,2,11,Returning_Visitor,False,False
0,0.0,2,105.0,194,6460.19,0.0,0.02,1.79,0.0,Nov,2,2,3,2,Returning_Visitor,False,True
1,0.0,0,0.12,46,2101.73,0.01,0.03,0.0,0.22,May,2,2,3,1,Returning_Visitor,False,False
0,0.0,0,0.0,16,4293.4,0.04,0.06,0.69,0.0,Nov,2,2,3,1,Returning_Visitor,False,False
3,261.61,0,0.0,5,538.72,0.03,0.06,64.96,0.0,Dec,3,13,9,20,Returning_Visitor,False,True
0,2.38,1,242.8,46,1860.95,0.0,0.02,0.0,0.0,June,2,2,1,2,Returning_Visitor,False,False
0,0.0,0,0.0,37,1504.19,0.02,0.05,0.0,0.0,Aug,2,2,5,1,Returning_Visitor,False,False
0,0.0,0,0.0,30,901.29,0.0,0.01,60.43,0.0,Dec,2,2,7,2,New_Visitor,False,True
3,113.25,4,19.0,23,2049.75,0.0,0.03,95.35,0.0,Dec,1,1,2,2,Returning_Visitor,False,True
3,96.76,2,89.0,146,3697.73,0.0,0.02,27.14,0.0,Nov,2,2,1,2,Returning_Visitor,True,True
2,8.04,2,503.25,61,1880.27,0.0,0.01,1.04,0.0,May,2,2,1,4,Returning_Visitor,False,False
0,1.84,0,0.0,11,1460.45,0.02,0.04,0.01,0.0,Nov,2,2,2,2,Returning_Visitor,False,False
0,0.0,0,0.04,13,388.22,0.02,0.04,0.16,0.0,Dec,2,2,1,2,Returning_Visitor,True,False
0,2.35,0,0.0,2,0.0,0.2,0.2,0.0,0.0,Nov,2,2,4,11,Returning_Visitor,True,False
0,0.0,0,0.0,53,1504.28,0.0,0.0,0.0,0.0,Nov,2,4,3,2,Returning_Visitor,False,False
0,1.79,0,0.0,18,588.5,0.05,0.14,0.02,0.0,Dec,3,2,4,1,Returning_Visitor,True,False
3,356.6,0,5.39,39,589.25,0.0,0.01,0.0,0.0,Jul,1,1,6,4,Returning_Visitor,False,False
3,101.51,0,0.68,25,698.83,0.0,0.01,0.01,0.01,May,2,10,1,4,Returning_Visitor,False,False
6,104.09,0,0.0,46,1502.32,0.0,0.01,23.53,0.0,Dec,2,2,1,1,Returning_Visitor,False,False
0,0.0,0,0.0,3,727.1,0.0,0.05,23.79,0.0,Aug,1,1,8,2,New_Visitor,False,True
7,60.29,0,0.0,6,108.5,0.01,0.05,0.0,0.0,Sep,2,2,2,1,Returning_Visitor,False,False
0,0.0,0,0.59,20,1503.04,0.0,0.03,0.04,0.6,May,2,2,3,6,Returning_Visitor,False,False
3,146.5,3,142.11,31,700.05,0.0,0.05,7.11,0.0,Aug,1,1,1,2,Returning_Visitor,True,False
5,142.0,2,234.5,46,60.5,0.03,0.04,0.13,0.0,Dec,3,5,3,8,Returning_Visitor,False,False
8,162.5,0,0.0,9,156.5,0.02,0.03,0.0,0.01,Dec,2,1,4,8,New_Visitor,False,False
4,55.58,0,0.0,8,42.58,0.0,0.01,0.0,0.0,Nov,1,1,1,8,New_Visitor,False,False
3,43.0,4,81.0,46,5091.89,0.01,0.03,0.0,0.0,Nov,2,2,4,2,Returning_Visitor,True,True
0,0.0,0,0.0,43,164.92,0.01,0.04,0.0,0.6,May,2,2,2,4,Returning_Visitor,False,False
1,5.0,0,0.0,46,764.13,0.0,0.01,0.0,0.0,June,2,2,1,4,Returning_Visitor,False,False
8,50.04,4,60.0,47,1192.5,0.02,0.03,1.83,0.0,May,2,2,1,2,Returning_Visitor,False,False
4,75.5,0,0.1,10,158.97,0.02,0.04,20.65,0.0,Oct,1,1,3,2,Returning_Visitor,True,True
0,1.64,0,0.0,13,402.17,0.04,0.06,0.0,0.0,Mar,3,2,2,1,Returning_Visitor,False,False
1,405.17,1,22.0,27,1426.74,0.0,0.03,0.0,0.6,May,2,2,1,6,Returning_Visitor,False,False
0,0.0,0,0.0,10,392.5,0.0,0.02,42.84,0.0,Nov,1,1,2,2,New_Visitor,False,True
3,238.47,7,300.9,33,1450.09,0.01,0.02,8.08,0.0,May,2,1,1,4,Returning_Visitor,True,False
0,1.7,0,0.0,6,140.0,0.05,0.1,0.0,0.0,Sep,3,2,1,13,Returning_Visitor,False,False
0,0.0,0,0.09,2,0.0,0.2,0.2,0.01,0.0,Mar,1,2,1,3,Returning_Visitor,False,False
11,336.5,0,2.16,40,1239.95,0.03,0.03,6.13,0.0,May,3,2,5,1,Returning_Visitor,True,True
0,0.0,6,77.96,208,6529.57,0.01,0.02,0.25,0.0,Nov,2,2,7,1,Returning_Visitor,True,False
8,363.05,0,0.0,47,345.0,0.0,0.02,13.64,0.0,Dec,2,2,3,3,Returning_Visitor,False,True
4,103.8,0,0.46,14,314.29,0.0,0.01,79.44,0.0,Jul,2,2,5,2,New_Visitor,False,True
3,104.73,0,0.63,10,149.71,0.01,0.02,0.0,0.0,Sep,2,2,3,2,New_Visitor,False,False
1,19.2,0,0.39,46,663.5,0.0,0.0,0.0,0.0,Jul,2,2,6,13,Returning_Visitor,False,False
5,263.73,1,16.2,97,6079.82,0.0,0.02,3.45,0.0,Oct,2,2,2,3,Returning_Visitor,False,False
0,2.25,0,0.0,45,2574.73,0.0,0.02,2.79,0.0,May,2,2,5,4,Returning_Visitor,False,False
0,1.64,0,0.0,13,316.6,0.0,0.02,0.01,0.0,Nov,2,2,1,1,Returning_Visitor,False,False
0,1.78,0,0.35,6,161.34,0.0,0.03,0.0,0.0,Dec,2,4,1,3,Other,False,False
0,0.0,2,324.5,4,999.6,0.0,0.03,0.0,0.0,Dec,3,2,2,8,New_Visitor,False,False
0,0.0,0,0.0,9,319.67,0.03,0.06,0.05,0.0,May,1,1,1,1,Returning_Visitor,True,False
0,0.0,0,0.04,6,189.0,0.0,0.07,0.0,0.0,Mar,3,2,8,1,Returning_Visitor,False,False
9,252.67,1,83.46,67,1060.69,0.03,0.03,8.0,0.0,Oct,3,2,1,13,Returning_Visitor,False,True
3,604.5,5,75.67,50,2387.44,0.01,0.04,0.0,1.0,May,1,1,3,15,Returning_Visitor,True,False
0,0.0,0,0.0,48,1107.27,0.0,0.07,39.04,0.0,Dec,2,2,3,2,Returning_Visitor,False,False
0,0.0,0,0.0,14,1404.75,0.0,0.02,0.0,0.0,Dec,2,2,1,2,New_Visitor,False,False
1,90.0,0,0.0,31,2581.21,0.03,0.03,0.0,0.4,May,3,2,6,1,Returning_Visitor,False,False
0,0.0,1,28.0,13,474.67,0.0,0.01,33.41,0.0,Mar,2,2,1,6,Returning_Visitor,False,True
0,0.0,0,0.05,17,155.5,0.05,0.14,0.0,0.0,Dec,1,1,1,3,Returning_Visitor,False,False
0,0.0,0,0.46,7,165.0,0.04,0.1,0.01,0.0,Mar,2,2,2,3,Returning_Visitor,False,False
4,68.4,0,1.94,13,337.53,0.0,0.02,0.0,0.0,Nov,2,2,7,2,New_Visitor,False,False
3,0.0,0,0.0,6,17.0,0.1,0.17,0.0,0.58,May,1,1,3,6,Returning_Visitor,False,False
3,104.25,3,91.98,147,4254.67,0.01,0.02,1.02,0.0,Nov,2,2,1,1,Returning_Visitor,False,False
0,0.0,0,0.0,8,719.2,0.03,0.03,0.0,0.0,Nov,3,2,3,13,Returning_Visitor,False,False
0,0.0,0,0.1,5,0.0,0.2,0.2,0.0,0.14,May,3,2,6,13,Returning_Visitor,False,False
0,0.0,0,0.08,6,81.75,0.0,0.03,0.0,0.0,Dec,3,2,3,2,Returning_Visitor,False,False
3,13.0,0,0.27,26,2058.5,0.01,0.03,7.39,1.0,May,2,2,7,3,Returning_Visitor,False,True
2,26.0,0,0.0,38,1689.71,0.01,0.03,0.03,0.0,Nov,2,2,1,13,Returning_Visitor,False,False
0,0.0,0,0.0,46,1328.8,0.02,0.05,0.0,0.0,June,2,2,3,3,Returning_Visitor,True,False
0,0.0,0,0.0,2,0.0,0.2,0.14,0.01,0.0,Dec,2,2,6,13,Returning_Visitor,False,False
11,326.49,0,0.0,92,4637.54,0.0,0.02,17.28,0.0,Nov,2,1,4,3,Returning_Visitor,False,False
3,92.0,0,1.37,21,755.0,0.0,0.0,0.0,0.0,Nov,3,2,1,2,New_Visitor,False,False
1,47.4,0,0.0,8,238.2,0.0,0.03,0.1,0.0,Sep,2,2,5,4,New_Visitor,True,False
0,0.0,0,0.0,6,284.44,0.03,0.04,0.0,0.0,Nov,3,2,1,3,Returning_Visitor,True,False
0,0.0,0,0.0,12,337.0,0.0,0.01,12.24,0.0,Dec,2,2,4,1,Returning_Visitor,True,True
0,1.61,0,0.11,3,158.46,0.13,0.11,0.0,0.0,Mar,1,1,1,1,Returning_Visitor,False,False
10,464.74,4,199.18,280,6518.72,0.02,0.04,5.7,0.0,Nov,2,2,1,2,Returning_Visitor,False,False
0,1.56,0,0.0,6,36.0,0.13,0.1,0.0,0.0,Mar,2,2,6,1,Returning_Visitor,False,False
0,0.0,0,1.21,222,8068.74,0.01,0.01,4.79,0.0,Nov,2,2,2,1,Returning_Visitor,True,False
0,1.47,0,0.0,13,471.42,0.0,0.0,0.0,0.0,Nov,3,2,3,6,New_Visitor,True,False
0,0.0,0,0.0,10,408.0,0.0,0.02,88.78,0.0,Mar,2,2,1,2,Returning_Visitor,False,True
3,104.1,0,0.0,46,2590.8,0.0,0.03,0.01,0.0,Oct,2,2,1,1,Returning_Visitor,False,False
0,0.0,0,0.0,17,269.29,0.0,0.1,0.01,0.0,May,1,1,4,1,Returning_Visitor,True,False
5,77.5,0,0.0,5,153.74,0.03,0.04,0.0,0.0,May,3,2,1,13,Returning_Visitor,False,False
3,102.49,0,0.54,67,2502.82,0.01,0.03,0.06,0.0,Mar,1,1,1,10,Returning_Visitor,True,False
1,27.0,0,0.0,4,434.13,0.04,0.08,0.0,0.6,May,3,2,2,11,New_Visitor,False,False
0,0.0,0,0.0,9,167.0,0.03,0.07,0.0,0.0,May,2,6,4,3,Returning_Visitor,False,False
0,0.0,0,0.0,5,689.52,0.12,0.2,0.0,0.0,Nov,4,1,3,3,Returning_Visitor,False,False
8,239.76,4,571.5,47,333.6,0.0,0.02,2.93,0.0,Dec,1,1,1,2,Returning_Visitor,True,True
0,0.0,0,0.0,19,215.75,0.0,0.02,0.0,0.0,Mar,2,2,1,10,Returning_Visitor,False,False
1,6.0,0,1.18,18,339.75,0.0,0.01,0.0,0.0,Nov,1,1,5,2,Returning_Visitor,False,False
3,15.0,0,3.46,23,1670.52,0.02,0.05,28.19,0.0,Nov,3,2,1,8,Returning_Visitor,False,True
6,105.5,0,0.74,36,2961.48,0.01,0.03,0.0,0.0,Mar,2,2,9,4,Returning_Visitor,False,False
2,29.0,1,81.01,47,1495.22,0.0,0.02,3.32,0.0,May,1,1,1,4,Returning_Visitor,True,False
5,152.88,2,81.0,46,1488.0,0.0,0.01,21.02,0.5,May,3,2,4,1,Returning_Visitor,False,False
7,92.5,0,0.0,48,1681.52,0.0,0.02,53.99,0.04,May,2,2,2,2,Returning_Visitor,False,False
0,0.0,0,0.0,21,415.95,0.02,0.02,0.0,0.0,Mar,2,5,2,1,Returning_Visitor,False,False
0,0.0,0,0.0,3,1016.5,0.07,0.07,0.0,0.0,Mar,3,2,5,1,Returning_Visitor,False,False
5,398.07,1,19.2,17,452.0,0.05,0.07,0.04,0.0,Aug,2,2,3,4,Returning_Visitor,False,False
0,0.0,0,0.0,6,27.0,0.13,0.17,0.0,0.6,May,1,1,1,1,Returning_Visitor,False,False
3,470.0,0,0.0,21,1498.59,0.02,0.03,21.6,0.0,Mar,2,6,1,1,Returning_Visitor,False,False
0,0.0,0,0.0,13,933.42,0.02,0.03,0.01,0.0,Mar,3,2,2,3,Returning_Visitor,False,False
0,15.24,0,0.0,8,905.53,0.03,0.03,0.0,0.0,May,3,3,9,2,Returning_Visitor,False,False
0,1.62,0,0.47,13,321.0,0.03,0.09,0.08,0.0,Mar,2,5,2,1,Returning_Visitor,False,False
0,0.0,0,0.0,9,414.19,0.0,0.03,0.0,0.0,Mar,2,2,6,2,New_Visitor,False,False
0,0.0,0,0.11,2,0.0,0.2,0.2,0.04,0.0,Feb,1,1,1,3,Returning_Visitor,False,False
4,55.5,0,0.0,45,1149.08,0.0,0.01,0.0,0.0,Mar,2,2,6,2,Returning_Visitor,False,False
3,286.46,1,29.5,64,2058.6,0.0,0.06,6.49,0.0,Nov,3,2,4,2,Returning_Visitor,False,True
0,0.0,0,0.0,7,164.52,0.09,0.11,0.0,0.0,Mar,2,2,2,1,Returning_Visitor,False,False
2,1.72,0,0.22,6,52.0,0.1,0.14,0.0,0.0,May,3,2,1,6,Returning_Visitor,True,False
0,0.0,0,0.05,6,212.0,0.03,0.04,0.01,0.0,Mar,3,2,6,1,Returning_Visitor,False,False
0,0.0,0,0.0,46,2076.97,0.0,0.02,0.0,0.0,Dec,2,2,1,2,Returning_Visitor,False,False
3,46.33,0,1.96,13,177.4,0.02,0.04,0.0,0.0,May,3,2,5,4,Returning_Visitor,False,False
0,0.0,0,7.59,5,799.85,0.0,0.01,42.03,0.0,Nov,2,2,3,2,Returning_Visitor,True,True
1,28.0,0,0.0,14,924.0,0.01,0.03,0.21,0.0,May,1,1,3,4,Returning_Visitor,True,False
0,0.0,0,0.0,24,1439.73,0.02,0.01,0.0,0.0,Mar,2,6,3,1,Returning_Visitor,True,False
0,13.0,0,0.0,16,226.5,0.0,0.01,0.0,0.01,May,2,2,1,4,Returning_Visitor,False,False
0,2.43,0,0.0,14,1300.75,0.0,0.03,0.0,0.0,Mar,1,1,2,2,Returning_Visitor,False,False
10,549.0,5,608.45,213,9151.49,0.0,0.01,2.57,0.0,Oct,2,2,1,2,Returning_Visitor,False,True
4,183.0,0,48.0,46,2141.4,0.0,0.02,0.0,0.0,May,2,2,1,4,Returning_Visitor,True,False
0,1.67,0,0.06,16,328.11,0.01,0.04,0.0,0.0,Nov,2,2,1,2,New_Visitor,False,True
0,3.0,0,0.23,3,236.0,0.0,0.03,0.0,0.0,Mar,3,2,1,3,Returning_Visitor,True,False
0,0.0,0,0.27,116,3137.36,0.01,0.02,0.0,0.0,Nov,1,2,1,1,Returning_Visitor,False,False
3,20.0,0,0.25,13,181.5,0.0,0.01,0.0,0.0,Mar,2,2,1,1,Returning_Visitor,False,False
9,275.33,1,80.44,46,719.88,0.0,0.02,7.08,0.0,Sep,2,2,5,5,Returning_Visitor,True,True
2,44.0,2,79.63,8,667.67,0.0,0.02,56.62,0.0,May,2,2,1,4,Returning_Visitor,True,True
0,0.0,0,0.19,2,0.0,0.13,0.14,0.0,0.0,Mar,2,2,1,1,Returning_Visitor,False,False
6,233.08,2,63.0,60,1188.18,0.0,0.01,0.0,0.0,Mar,3,2,1,10,Returning_Visitor,False,False
0,0.0,0,0.0,2,146.01,0.0,0.03,0.0,0.0,Mar,3,2,3,3,Returning_Visitor,False,False
0,0.0,0,0.0,19,180.51,0.03,0.03,0.6,0.4,May,1,1,3,2,Returning_Visitor,True,False
0,0.0,0,0.0,10,130.17,0.06,0.08,2.24,0.0,Mar,3,2,1,1,Returning_Visitor,False,False
0,2.12,0,0.0,61,1964.85,0.02,0.04,0.0,0.0,Nov,3,2,2,13,Returning_Visitor,False,False
0,1.49,0,0.12,3,27.0,0.13,0.13,0.0,0.0,Mar,2,2,1,13,Returning_Visitor,False,False
0,0.0,0,0.0,4,146.31,0.13,0.1,0.0,0.0,Oct,2,2,1,5,Returning_Visitor,False,False
0,0.0,1,0.0,34,865.97,0.0,0.03,0.0,0.0,Nov,4,1,6,8,Returning_Visitor,False,False
1,17.5,0,1.34,17,665.98,0.0,0.01,51.61,0.0,May,2,2,4,2,New_Visitor,False,True
1,0.0,2,447.5,27,1514.87,0.0,0.03,0.0,0.0,Nov,2,2,1,2,Returning_Visitor,True,False
5,173.17,2,24.5,30,1259.25,0.0,0.01,54.12,0.0,Nov,1,2,3,2,New_Visitor,True,False
0,1.55,0,0.0,3,11.0,0.05,0.15,0.0,0.0,Mar,3,3,3,1,Returning_Visitor,False,False
0,1.58,0,0.71,2,145.93,0.0,0.1,0.0,0.0,May,2,2,3,4,Returning_Visitor,False,False
10,490.26,0,0.0,53,1503.77,0.0,0.02,0.0,0.0,Nov,3,2,1,1,Returning_Visitor,False,False
3,105.25,0,0.0,5,165.1,0.0,0.03,0.36,0.0,Sep,3,2,3,3,New_Visitor,False,False
0,0.0,0,0.0,11,244.72,0.0,0.02,0.0,0.0,Dec,3,2,2,2,New_Visitor,False,False
0,0.0,0,0.0,11,547.5,0.02,0.02,0.37,0.0,May,3,3,3,1,Returning_Visitor,True,False
1,25.5,0,0.0,46,1499.02,0.0,0.01,0.0,0.0,Dec,2,2,2,10,Returning_Visitor,True,False
2,118.9,0,2.31,46,1216.73,0.0,0.01,26.13,0.0,Nov,4,2,6,2,Returning_Visitor,True,True
3,14.0,0,0.0,27,1585.67,0.02,0.06,0.03,0.0,Mar,2,2,6,1,Returning_Visitor,True,False
1,72.67,4,345.0,42,879.91,0.0,0.04,6.48,0.0,Mar,2,4,4,2,Returning_Visitor,False,True
3,93.06,0,0.0,12,158.24,0.0,0.04,0.0,0.0,Dec,3,2,1,3,Returning_Visitor,False,True
0,0.0,0,0.0,15,446.58,0.0,0.03,0.0,0.0,Nov,3,2,1,2,Returning_Visitor,True,True
7,198.26,0,3.57,36,1533.09,0.01,0.02,12.46,0.0,Nov,3,2,3,6,Returning_Visitor,False,False
4,237.83,0,0.0,66,3268.08,0.0,0.03,0.0,0.54,May,2,5,7,4,Returning_Visitor,True,False
5,825.0,0,0.0,33,808.17,0.0,0.02,12.57,0.0,Mar,2,4,9,10,Returning_Visitor,False,True
6,465.05,2,365.25,6,267.0,0.0,0.02,0.0,0.0,Dec,1,1,1,2,Returning_Visitor,True,False
0,0.0,0,0.0,25,316.54,0.0,0.02,0.0,0.0,May,2,2,1,1,Returning_Visitor,False,False
3,4.0,0,0.0,50,1468.51,0.0,0.01,0.0,0.0,May,4,1,1,4,Returning_Visitor,False,False
0,0.0,0,1.34,11,2076.75,0.04,0.08,0.0,0.0,Nov,2,2,4,3,Returning_Visitor,False,False
0,3.03,0,0.07,47,1038.0,0.0,0.03,0.0,0.0,Feb,2,2,1,1,Returning_Visitor,False,False
9,162.49,0,85.47,32,1162.8,0.0,0.02,48.0,0.0,Nov,2,2,1,2,Returning_Visitor,False,True
2,106.21,2,4.08,162,3753.19,0.0,0.0,77.11,0.0,Nov,2,2,1,8,New_Visitor,False,True
1,20.0,0,0.0,20,166.1,0.12,0.13,0.01,0.8,May,3,2,1,13,Returning_Visitor,False,False
0,0.0,0,0.0,44,284.56,0.0,0.03,61.9,0.0,Nov,2,2,1,2,New_Visitor,False,True
3,39.0,0,0.0,30,940.83,0.01,0.02,0.0,0.0,May,1,1,3,3,Returning_Visitor,False,False
0,9.5,0,0.0,46,1223.0,0.02,0.01,0.0,0.0,Nov,1,1,1,2,Returning_Visitor,False,False
0,1.76,0,0.0,9,264.08,0.0,0.03,0.0,0.0,Mar,2,2,2,1,Returning_Visitor,False,False
0,0.0,0,0.0,6,97.5,0.0,0.02,0.09,0.0,Dec,1,1,3,2,Returning_Visitor,False,False
0,2.46,0,0.0,6,98.73,0.0,0.03,0.0,0.0,Sep,3,2,1,2,Returning_Visitor,True,False
6,108.33,1,83.29,13,970.63,0.01,0.01,0.23,0.0,Dec,1,1,6,2,Returning_Visitor,False,False
0,0.0,0,0.0,38,907.94,0.0,0.01,23.66,0.0,Dec,2,2,1,2,Returning_Visitor,False,True
0,0.0,0,0.8,1,3.38,0.09,0.2,0.0,0.0,Nov,1,1,1,1,New_Visitor,False,False
0,15.0,1,72.89,44,950.62,0.0,0.0,0.0,0.0,Nov,2,2,8,2,New_Visitor,False,False
3,104.38,0,0.0,5,145.67,0.0,0.01,0.05,0.0,Nov,2,2,1,3,Returning_Visitor,False,False
17,218.74,2,64.77,74,3591.74,0.02,0.05,0.0,0.08,Nov,3,2,1,3,Returning_Visitor,False,False
5,104.32,0,0.0,13,138.75,0.01,0.03,0.0,0.19,Nov,1,1,1,2,New_Visitor,False,False
3,103.93,0,0.1,16,170.76,0.01,0.05,0.0,0.01,Oct,1,1,1,2,Returning_Visitor,False,True
2,68.6,0,0.0,13,279.77,0.0,0.03,0.0,0.0,Oct,1,1,7,2,New_Visitor,True,False
6,95.6,0,0.31,12,582.73,0.01,0.04,21.32,0.0,Sep,2,2,1,7,Returning_Visitor,False,False
1,101.62,2,81.77,5,121.5,0.0,0.04,0.0,0.8,May,2,2,3,2,New_Visitor,False,False
0,0.0,0,0.0,24,1501.98,0.0,0.02,0.0,0.0,Jul,2,2,1,4,Returning_Visitor,False,False
5,103.49,0,0.92,42,463.76,0.0,0.0,0.03,0.0,Mar,2,2,8,2,New_Visitor,False,False
4,82.67,0,0.26,6,142.0,0.0,0.01,0.0,0.0,May,3,2,1,4,Returning_Visitor,False,False
4,423.1,0,0.0,14,982.6,0.0,0.01,0.0,0.0,Nov,3,2,1,3,Returning_Visitor,True,False
1,30.0,0,1.11,21,204.17,0.03,0.05,0.09,0.0,May,3,2,8,4,Returning_Visitor,True,False
5,260.21,0,0.0,58,1436.69,0.0,0.02,12.81,0.0,Dec,2,2,2,1,Returning_Visitor,True,False
0,0.0,0,0.0,2,0.0,0.2,0.2,0.27,0.0,Dec,3,2,3,6,Returning_Visitor,True,False
0,0.0,0,0.0,1,0.0,0.13,0.2,0.0,0.4,May,2,2,1,13,Returning_Visitor,False,False
0,0.0,0,0.8,11,296.5,0.04,0.14,0.48,0.0,Nov,3,2,1,1,Returning_Visitor,False,False
0,1.5,0,0.0,31,1484.21,0.01,0.02,0.0,0.0,May,3,2,1,3,Returning_Visitor,False,False
3,38.8,0,0.0,11,163.6,0.02,0.03,4.92,0.0,Oct,3,2,1,2,Returning_Visitor,False,False
1,19.0,0,0.0,43,1457.11,0.03,0.05,0.0,0.0,Nov,3,6,1,2,Returning_Visitor,True,False
1,29.57,0,0.0,4,249.09,0.04,0.05,0.0,0.01,Jul,1,8,9,4,New_Visitor,False,False
0,0.0,0,0.0,15,324.0,0.0,0.07,0.0,0.01,May,4,1,1,1,Returning_Visitor,False,False
0,0.0,0,0.0,13,447.0,0.0,0.03,0.03,0.0,Nov,3,2,7,10,Returning_Visitor,False,False
3,390.87,2,29.2,39,1502.19,0.0,0.02,0.0,0.0,Sep,2,2,9,2,Returning_Visitor,False,False
3,87.62,0,0.0,2,148.46,0.0,0.05,0.0,0.0,Nov,2,2,3,2,New_Visitor,False,False
6,161.83,5,858.57,84,2701.34,0.0,0.02,12.28,0.0,Nov,1,2,1,1,Returning_Visitor,True,True
4,103.97,0,0.0,20,745.33,0.01,0.01,0.0,0.0,Mar,2,2,1,10,Returning_Visitor,False,False
1,84.13,0,0.0,14,188.5,0.0,0.03,0.0,0.0,May,2,4,1,2,Returning_Visitor,False,False
3,280.27,0,0.0,11,329.68,0.0,0.02,0.01,0.0,Dec,2,2,7,2,New_Visitor,False,False
0,2.14,0,0.0,31,835.24,0.0,0.02,0.01,0.0,Dec,2,2,1,10,Returning_Visitor,False,False
0,0.0,0,0.0,1,0.0,0.2,0.2,0.01,0.0,Mar,3,2,3,3,Returning_Visitor,False,False
0,0.0,0,0.0,19,427.48,0.02,0.03,0.15,0.2,May,1,1,4,3,Returning_Visitor,False,False
0,0.0,0,0.0,11,835.81,0.02,0.04,0.0,0.0,Nov,3,2,1,10,Returning_Visitor,True,False
5,75.89,0,0.0,46,4522.41,0.02,0.04,3.23,1.0,Oct,2,2,6,2,Returning_Visitor,True,False
0,0.0,0,0.7,1,643.0,0.13,0.04,0.0,0.0,May,2,2,1,5,Returning_Visitor,False,False
5,104.33,0,0.18,46,3195.83,0.0,0.03,0.0,0.0,May,2,2,1,2,Returning_Visitor,False,False
0,1.57,0,0.0,6,211.0,0.0,0.03,0.0,0.0,May,2,2,7,2,New_Visitor,False,False
1,4.65,0,0.0,27,598.45,0.0,0.01,0.0,0.0,Mar,2,2,2,2,Returning_Visitor,False,False
1,22.2,0,0.0,16,694.45,0.0,0.0,54.92,0.0,Dec,2,2,7,2,New_Visitor,False,True
0,0.0,0,0.0,7,114.6,0.03,0.04,0.0,0.0,Dec,3,2,1,10,Returning_Visitor,False,False
12,55.09,0,0.0,28,606.42,0.03,0.03,0.09,0.0,May,3,2,2,3,Returning_Visitor,True,False
0,0.0,0,0.0,13,314.75,0.01,0.05,0.0,0.0,Nov,4,2,9,3,Returning_Visitor,False,False
0,2.44,0,0.0,8,338.48,0.08,0.12,0.03,1.0,May,2,5,3,2,Returning_Visitor,True,False
3,280.75,4,337.5,157,6123.74,0.0,0.02,12.11,0.0,Nov,2,2,7,2,Returning_Visitor,True,True
0,0.0,0,0.11,6,146.44,0.13,0.14,0.03,0.24,May,3,2,1,13,Returning_Visitor,False,False
3,104.59,2,72.5,245,7569.25,0.01,0.02,4.77,0.0,Nov,3,2,1,13,Returning_Visitor,True,False
0,0.0,0,0.0,1,8.01,0.2,0.2,0.04,0.0,May,1,1,1,20,Returning_Visitor,False,False
1,104.08,0,0.0,43,1223.35,0.0,0.05,0.01,0.0,Mar,1,1,3,2,Returning_Visitor,False,False
1,105.46,0,0.0,48,1009.43,0.01,0.02,4.8,0.0,Nov,1,1,1,10,Returning_Visitor,True,True
0,0.0,0,0.21,40,316.67,0.0,0.03,0.1,0.8,Feb,2,2,2,1,Returning_Visitor,False,False
0,0.0,0,0.19,12,139.8,0.07,0.09,0.0,0.0,Aug,3,2,1,13,Returning_Visitor,False,False
0,5.95,0,0.0,6,132.4,0.0,0.03,0.0,0.0,June,3,2,1,1,Returning_Visitor,False,False
13,112.27,0,6.07,49,1490.75,0.0,0.0,0.0,0.0,Mar,2,2,1,2,New_Visitor,False,False
1,11.83,1,27.0,46,424.75,0.02,0.04,30.82,0.0,Nov,2,2,3,1,Returning_Visitor,False,True
3,104.18,0,0.45,69,909.15,0.0,0.01,13.3,0.0,Dec,2,2,1,2,Returning_Visitor,False,False
0,0.0,0,0.0,3,578.0,0.0,0.04,0.2,0.0,Nov,1,1,1,10,Returning_Visitor,False,False
3,236.25,0,0.0,32,1493.54,0.0,0.01,21.08,0.0,Mar,1,1,6,2,Returning_Visitor,False,True
0,3.12,0,0.05,21,248.83,0.0,0.02,0.0,0.28,Dec,2,5,6,3,Returning_Visitor,False,False
0,1.83,0,0.0,1,0.0,0.13,0.2,0.0,0.0,Mar,2,2,7,1,Returning_Visitor,False,False
0,0.0,0,0.16,1,18.0,0.13,0.2,0.01,0.0,Mar,2,4,3,1,Returning_Visitor,False,False
0,0.0,0,0.0,19,867.83,0.01,0.03,0.02,0.0,May,2,2,7,2,Returning_Visitor,False,False
0,2.44,0,0.0,4,150.14,0.0,0.05,0.0,0.0,Nov,2,2,1,8,New_Visitor,False,False
4,25.4,0,1.05,6,173.0,0.02,0.04,0.0,0.0,May,1,2,2,4,Returning_Visitor,False,False
0,2.36,0,0.0,21,1294.57,0.04,0.07,0.0,0.0,Oct,1,1,1,1,Returning_Visitor,False,False
0,0.0,0,0.0,2,3.49,0.2,0.14,0.0,0.0,Mar,1,1,1,1,Returning_Visitor,False,False
2,23.0,0,0.0,18,657.25,0.0,0.01,0.0,0.0,Dec,2,2,9,2,New_Visitor,False,False
8,147.46,5,216.5,68,1505.19,0.0,0.01,0.0,0.0,May,2,2,3,2,Returning_Visitor,False,False
0,0.0,0,0.0,13,690.31,0.03,0.06,0.0,0.0,Dec,2,2,1,1,Returning_Visitor,False,False
0,0.0,0,0.0,62,1501.62,0.01,0.04,0.0,0.4,May,2,2,6,4,Returning_Visitor,False,False
0,1.97,1,0.0,35,1465.0,0.01,0.08,0.0,0.0,May,2,5,8,1,Returning_Visitor,True,False
0,0.0,0,0.0,6,146.35,0.0,0.04,0.0,0.0,May,2,2,1,1,Returning_Visitor,False,False
0,8.43,0,7.0,23,198.88,0.0,0.01,0.23,0.8,May,2,2,1,4,Returning_Visitor,False,False
4,25.79,0,0.11,27,1507.67,0.02,0.03,27.65,0.0,Nov,3,2,4,13,Returning_Visitor,True,False
0,0.0,0,0.0,26,450.2,0.0,0.02,0.0,0.0,May,2,2,7,2,Returning_Visitor,False,False
0,0.0,0,1.39,4,249.0,0.0,0.03,0.0,0.0,Dec,2,4,1,2,Returning_Visitor,False,False
1,46.28,0,0.0,15,839.5,0.02,0.05,0.0,0.0,Mar,2,2,4,1,Returning_Visitor,False,False
6,72.02,4,343.0,157,4461.29,0.0,0.01,2.04,0.0,Dec,2,4,3,2,Returning_Visitor,False,True
3,2.73,0,0.0,5,412.37,0.0,0.01,0.0,0.0,May,2,4,2,2,New_Visitor,False,False
7,285.7,0,0.0,46,587.92,0.0,0.01,10.57,0.0,Nov,1,1,6,3,Returning_Visitor,False,True
0,1.57,0,0.0,46,1522.25,0.0,0.02,1.42,0.0,Nov,1,1,4,3,Returning_Visitor,False,False
3,105.12,4,130.76,93,1262.48,0.03,0.06,7.54,0.0,June,2,2,1,1,Returning_Visitor,False,False
3,48.67,6,155.33,20,540.75,0.0,0.0,38.89,0.0,May,2,2,3,2,Returning_Visitor,False,True
0,0.0,0,0.0,35,1411.17,0.01,0.03,0.0,0.0,Mar,2,4,2,2,Returning_Visitor,False,False
7,134.62,0,0.0,45,1010.38,0.01,0.03,0.0,0.0,Nov,2,2,1,1,Returning_Visitor,False,False
0,0.0,0,0.0,10,269.0,0.0,0.02,0.03,0.0,May,2,2,3,2,Returning_Visitor,False,False
7,743.58,4,909.25,337,6620.98,0.0,0.02,4.92,0.0,Nov,2,2,1,2,Returning_Visitor,False,False
0,0.0,0,0.0,1,0.0,0.2,0.14,0.08,0.0,Nov,3,2,1,13,Returning_Visitor,False,False
0,1.54,0,1.68,37,5538.92,0.02,0.06,0.43,0.1,Nov,2,2,1,13,Returning_Visitor,True,False
22,1153.68,3,108.0,165,4295.31,0.0,0.01,12.42,0.0,Nov,2,2,3,3,Returning_Visitor,False,False
0,0.0,0,0.0,2,78.1,0.18,0.17,0.21,0.0,Sep,2,5,3,1,Returning_Visitor,False,False
3,1373.5,0,0.0,43,2798.07,0.0,0.05,2.92,0.0,Mar,2,6,2,3,Returning_Visitor,False,False
0,1.77,0,0.0,6,80.5,0.03,0.07,0.0,0.0,Nov,2,2,3,1,Returning_Visitor,False,False
0,0.0,0,0.0,1,0.0,0.2,0.2,0.0,0.17,May,2,2,1,4,Returning_Visitor,True,False
3,102.17,1,8.81,14,488.0,0.0,0.02,0.0,0.0,May,2,2,8,3,New_Visitor,False,False
1,3.15,0,0.0,27,468.54,0.01,0.02,0.0,0.0,Dec,3,2,3,3,Returning_Visitor,True,False
0,0.0,0,0.0,5,198.66,0.0,0.04,0.01,0.0,Mar,2,2,1,3,Returning_Visitor,True,False
0,0.0,0,0.15,1,0.0,0.13,0.2,0.01,0.0,Mar,3,2,5,1,Returning_Visitor,False,False
0,1.95,0,0.0,18,480.5,0.03,0.07,0.0,0.0,May,2,2,7,6,Returning_Visitor,False,False
2,70.6,0,0.0,44,213.02,0.0,0.01,79.51,0.0,Oct,2,2,1,3,New_Visitor,True,True
13,234.57,0,0.0,80,1807.23,0.02,0.03,9.73,0.0,Jul,4,2,3,13,Returning_Visitor,False,False
4,14.0,0,0.0,46,341.35,0.01,0.03,0.01,0.0,May,4,1,2,4,Returning_Visitor,False,False
0,1.54,0,0.0,8,72.0,0.03,0.05,0.0,0.4,May,2,2,1,4,Returning_Visitor,False,False
0,0.0,0,0.0,16,283.75,0.01,0.03,0.11,0.0,Nov,2,2,1,11,Returning_Visitor,False,False
0,1.78,0,0.0,15,334.8,0.02,0.04,0.0,0.0,May,2,2,9,1,Returning_Visitor,False,False
3,105.04,1,56.0,62,2414.9,0.01,0.0,30.46,0.0,May,2,2,9,2,Returning_Visitor,False,True
0,2.39,0,0.0,3,19.0,0.0,0.1,0.14,1.0,May,1,2,3,2,Returning_Visitor,True,False
0,0.0,0,0.24,1,0.0,0.13,0.14,0.0,0.0,May,3,2,7,3,Returning_Visitor,False,False
3,68.5,0,0.0,152,5426.82,0.0,0.02,12.27,0.0,Nov,2,2,1,3,Returning_Visitor,False,False
11,258.14,1,0.0,47,1879.0,0.0,0.02,0.0,0.0,Nov,2,2,1,2,Returning_Visitor,False,False
0,0.0,0,0.32,27,1475.59,0.02,0.04,0.0,0.01,Mar,2,2,3,1,Returning_Visitor,False,False
6,105.63,0,2.51,8,246.39,0.0,0.01,0.03,0.0,Nov,2,2,2,3,Returning_Visitor,False,False
2,59.0,0,0.0,13,269.0,0.0,0.02,50.39,0.0,May,1,1,1,5,New_Visitor,False,True
6,102.0,0,0.0,13,501.5,0.0,0.01,0.0,0.0,Nov,4,1,1,2,Returning_Visitor,False,False
10,74.27,1,84.22,86,2559.54,0.03,0.01,11.03,0.0,May,3,2,7,5,Returning_Visitor,False,False
0,1.73,1,85.84,46,925.67,0.01,0.01,0.0,0.0,Nov,3,2,4,2,Returning_Visitor,True,False
0,0.0,0,0.0,46,1503.87,0.0,0.03,0.0,0.0,Nov,2,2,3,1,Returning_Visitor,False,True
10,598.38,0,0.0,49,4446.3,0.0,0.02,3.33,0.0,Dec,2,2,4,2,Returning_Visitor,False,False
3,104.03,1,13.4,13,1506.05,0.03,0.06,0.0,0.01,Oct,3,2,1,3,Returning_Visitor,False,False
7,75.85,1,246.33,13,672.88,0.02,0.04,0.0,0.0,May,1,1,1,3,Returning_Visitor,False,False
6,51.0,0,0.23,26,1495.66,0.01,0.01,0.0,0.0,Dec,2,2,1,4,Returning_Visitor,False,False
0,0.0,0,0.0,3,0.0,0.2,0.2,0.0,0.0,Nov,3,2,9,1,Returning_Visitor,False,False
12,5.26,2,56.5,47,4264.42,0.01,0.02,0.0,0.0,Nov,3,2,1,10,Returning_Visitor,True,False
0,0.0,0,0.0,3,115.0,0.0,0.07,0.0,0.07,May,2,2,6,13,Returning_Visitor,False,False
3,39.2,0,1.39,12,209.0,0.0,0.02,0.0,0.0,Sep,2,5,3,11,Returning_Visitor,False,False
5,103.39,1,56.0,46,1073.5,0.0,0.03,0.07,0.0,May,1,1,5,4,Returning_Visitor,False,False
0,0.0,0,0.0,27,359.0,0.0,0.02,0.0,0.0,May,1,1,7,2,Returning_Visitor,True,False
6,104.09,0,0.0,14,290.8,0.0,0.01,0.0,0.0,Sep,2,2,1,2,New_Visitor,False,False
0,0.0,0,0.0,2,7.83,0.13,0.2,0.24,0.0,Nov,1,1,3,2,Returning_Visitor,False,False
1,34.0,2,9.0,6,149.0,0.0,0.05,0.01,0.01,Mar,2,2,1,1,Returning_Visitor,False,False
3,54.4,0,0.0,65,1267.5,0.0,0.02,0.0,0.0,Nov,3,2,1,10,Returning_Visitor,False,False
3,104.13,1,0.42,94,1124.79,0.01,0.03,6.32,0.0,Aug,2,2,8,1,Returning_Visitor,False,False
9,303.87,0,0.0,72,1505.08,0.01,0.01,0.0,0.0,Nov,1,1,1,3,Returning_Visitor,False,False
0,11.0,0,0.0,20,510.0,0.01,0.03,0.0,0.0,May,4,1,6,1,Returning_Visitor,False,False
8,222.09,11,731.03,195,7675.15,0.0,0.01,3.38,0.07,May,2,2,1,4,Returning_Visitor,False,False
2,103.82,0,0.0,7,416.5,0.04,0.03,0.0,0.0,Nov,3,2,3,2,Returning_Visitor,True,False
0,0.0,0,0.0,25,323.5,0.0,0.03,61.83,0.0,Mar,1,1,1,5,New_Visitor,False,True
0,0.0,0,0.0,1,148.22,0.0,0.05,0.0,0.0,May,3,2,1,3,New_Visitor,False,False
3,11.0,1,10.0,74,3487.12,0.0,0.01,0.09,0.0,Nov,3,2,4,3,Returning_Visitor,True,False
1,52.5,0,0.0,19,812.88,0.0,0.0,0.0,0.0,May,3,3,5,11,Returning_Visitor,True,False
0,1.53,0,0.26,7,145.74,0.05,0.1,0.01,0.0,Mar,2,2,2,1,Returning_Visitor,False,False
0,31.66,1,7.0,10,1287.46,0.0,0.02,60.71,0.0,Sep,1,1,7,4,Returning_Visitor,False,True
2,31.0,0,0.0,88,6513.17,0.02,0.02,25.75,0.0,Nov,3,2,1,2,Returning_Visitor,False,True
3,144.67,0,0.0,5,123.67,0.03,0.01,0.8,0.0,Nov,1,1,1,2,New_Visitor,True,False
0,1.68,1,112.0,43,1866.11,0.0,0.03,0.0,0.0,Nov,2,2,3,2,Returning_Visitor,True,False
4,31.11,0,0.0,10,167.49,0.0,0.05,0.0,0.0,Nov,2,4,3,1,Returning_Visitor,False,False
3,100.53,0,0.0,13,411.84,0.0,0.04,0.0,0.0,Mar,2,2,5,1,Returning_Visitor,False,False
0,1.54,0,0.0,5,23.0,0.08,0.12,0.0,0.0,Mar,2,2,1,1,Returning_Visitor,False,False
0,0.0,0,4.74,8,554.59,0.0,0.05,0.0,0.0,Nov,3,2,3,2,New_Visitor,True,False
0,0.0,0,0.0,6,152.7,0.02,0.05,0.0,0.0,Dec,2,2,3,8,New_Visitor,False,False
5,100.92,0,4.1,56,1498.5,0.0,0.0,69.43,0.0,Mar,3,2,3,3,Returning_Visitor,False,True
0,0.0,0,0.0,2,0.0,0.13,0.2,0.01,0.0,May,2,6,1,3,Returning_Visitor,False,False
0,1.68,0,0.0,91,4766.02,0.0,0.01,0.0,0.0,Dec,2,2,1,2,Returning_Visitor,False,False
3,53.5,0,0.0,13,287.33,0.0,0.01,3.49,0.0,Nov,2,2,1,6,New_Visitor,True,False
0,0.0,0,0.17,17,327.5,0.0,0.02,0.01,0.0,May,2,2,1,2,Returning_Visitor,False,False
4,104.01,0,0.0,46,3401.05,0.01,0.03,0.0,0.0,Nov,2,2,1,2,Returning_Visitor,False,False
0,1.43,0,0.0,3,345.36,0.0,0.07,0.0,0.0,Mar,1,1,3,3,Returning_Visitor,True,False
0,27.5,1,376.0,109,2925.68,0.01,0.02,0.0,0.0,Nov,1,2,3,10,Returning_Visitor,False,False
0,1.5,0,0.0,7,232.67,0.0,0.01,0.0,0.0,Mar,2,2,6,2,Returning_Visitor,False,False
8,203.92,5,114.75,47,3903.17,0.0,0.01,55.01,0.0,May,2,2,1,2,Returning_Visitor,False,True
5,204.82,2,132.67,517,27009.86,0.0,0.02,8.4,0.0,Nov,1,1,1,2,Returning_Visitor,False,True
0,0.0,0,4.0,51,1504.41,0.0,0.01,9.06,0.0,Aug,2,2,2,2,Returning_Visitor,False,True
0,4.63,3,121.25,89,4972.4,0.0,0.02,0.8,0.0,Dec,1,1,4,2,Returning_Visitor,False,False
4,118.7,0,0.58,3,89.5,0.0,0.05,0.02,0.0,Oct,3,2,1,4,Returning_Visitor,False,False
0,2.11,0,0.0,6,172.21,0.03,0.04,0.0,0.0,Dec,1,1,6,2,Returning_Visitor,False,True
1,131.5,5,464.88,43,881.7,0.01,0.01,0.88,0.0,May,3,2,2,3,Returning_Visitor,True,False
0,0.0,0,0.0,16,405.37,0.0,0.01,0.01,0.0,Mar,2,5,7,1,Returning_Visitor,False,False
0,0.0,0,0.0,19,621.42,0.0,0.02,0.0,0.0,Dec,4,1,1,2,Returning_Visitor,True,False
0,6.65,1,21.0,15,498.5,0.0,0.03,32.19,0.0,May,2,4,1,2,Returning_Visitor,False,True
0,0.0,0,0.0,58,2498.03,0.02,0.05,0.13,0.4,Dec,2,6,3,1,Returning_Visitor,False,False
0,0.0,0,0.0,59,3036.4,0.0,0.02,0.0,0.0,Mar,2,2,6,13,Returning_Visitor,True,False
0,0.0,0,0.59,14,229.57,0.0,0.03,0.0,0.0,Nov,3,2,2,11,Returning_Visitor,False,False
2,68.6,0,0.92,13,184.6,0.0,0.02,0.0,0.0,Sep,2,2,3,2,New_Visitor,False,False
1,4.0,1,10.0,274,5876.46,0.0,0.01,0.0,0.0,Oct,2,2,9,2,Returning_Visitor,False,False
3,103.73,1,27.0,33,483.27,0.0,0.01,0.45,0.04,May,8,2,1,2,Returning_Visitor,True,False
0,0.0,0,0.36,13,319.5,0.05,0.09,0.0,0.0,May,2,2,3,1,Returning_Visitor,False,False
4,315.0,1,12.09,8,465.83,0.0,0.02,0.0,0.0,Mar,3,2,3,3,Returning_Visitor,False,False
5,96.0,0,0.0,81,2833.81,0.0,0.02,0.24,0.06,Nov,4,1,7,2,Returning_Visitor,False,False
0,0.0,0,0.78,21,177.06,0.0,0.04,0.0,0.0,Nov,1,1,1,2,New_Visitor,False,False
0,1.61,0,0.0,1,15.2,0.13,0.2,0.03,0.6,May,3,2,1,13,Returning_Visitor,False,False
4,75.0,0,0.0,43,636.27,0.0,0.0,0.0,0.0,Dec,2,2,1,2,New_Visitor,False,False
1,1.87,1,172.0,58,1502.82,0.0,0.01,0.0,0.0,May,2,2,4,4,Returning_Visitor,False,False
1,0.0,0,0.5,3,175.88,0.0,0.04,5.94,0.0,Oct,2,2,1,1,Returning_Visitor,False,True
4,103.92,0,0.0,17,2023.2,0.0,0.01,0.0,0.0,Nov,2,2,1,2,New_Visitor,False,False
0,19.29,1,255.0,15,1418.25,0.04,0.01,0.0,0.0,Mar,2,2,3,1,Returning_Visitor,False,False
3,54.5,1,29.5,11,1055.75,0.0,0.03,0.04,0.0,Dec,2,2,1,2,Returning_Visitor,False,False
2,9.0,4,31.0,223,12433.22,0.01,0.02,0.0,0.0,Nov,2,2,1,2,Returning_Visitor,False,True
0,0.0,0,0.0,2,0.0,0.2,0.13,0.2,0.0,Nov,8,1,2,8,New_Visitor,False,False
0,0.0,0,0.0,7,323.5,0.0,0.05,0.0,0.0,May,2,2,1,5,New_Visitor,False,False
2,64.0,0,0.0,10,788.71,0.02,0.03,0.0,0.0,Nov,3,2,4,2,Returning_Visitor,False,False
14,103.89,2,41.6,37,1502.7,0.01,0.03,0.02,0.0,Dec,2,2,1,2,Returning_Visitor,False,False
5,142.75,0,0.12,76,1523.58,0.01,0.02,0.0,0.0,Nov,2,2,1,3,Returning_Visitor,False,False
3,25.4,0,0.0,73,2958.5,0.01,0.02,0.45,0.4,May,2,5,1,3,Returning_Visitor,False,False
0,0.0,0,0.0,5,43.0,0.0,0.04,0.0,0.0,Mar,1,1,1,9,Returning_Visitor,True,False
0,0.0,0,0.09,7,316.25,0.0,0.01,0.13,0.0,May,3,2,1,4,Returning_Visitor,False,False
3,239.6,1,70.5,47,1440.69,0.0,0.01,0.02,0.0,Oct,2,2,2,2,New_Visitor,True,False
8,279.27,0,0.0,46,1481.35,0.0,0.01,0.02,0.0,Mar,3,2,8,1,Returning_Visitor,False,False
0,0.0,1,44.0,14,549.5,0.0,0.04,43.25,0.2,May,2,4,1,2,New_Visitor,False,True
0,0.0,0,0.97,16,156.53,0.0,0.05,0.02,0.0,May,2,4,1,3,Returning_Visitor,False,False
5,129.5,0,0.0,33,982.0,0.0,0.01,0.02,0.0,May,2,5,2,4,Returning_Visitor,True,False
0,1.61,0,0.0,12,261.0,0.03,0.08,0.0,0.0,Mar,2,2,7,1,Returning_Visitor,False,False
1,52.5,0,0.0,162,1344.05,0.0,0.0,54.05,0.0,Nov,2,2,7,2,New_Visitor,True,True
2,42.0,0,0.0,46,3121.37,0.0,0.02,0.01,0.0,Mar,1,1,3,1,Returning_Visitor,True,False
0,0.0,2,22.0,41,1503.6,0.01,0.01,0.0,0.0,Nov,2,2,3,2,Returning_Visitor,True,False
8,74.63,3,41.0,18,914.17,0.0,0.01,0.0,0.0,Mar,2,2,1,3,New_Visitor,False,False
13,1013.06,1,102.8,77,2697.02,0.0,0.01,1.8,0.0,Nov,1,1,9,2,Returning_Visitor,False,False
3,37.0,0,0.14,46,1193.0,0.0,0.04,21.6,0.0,Nov,2,2,1,1,Returning_Visitor,False,True
0,1.49,0,0.17,6,139.0,0.0,0.01,0.06,0.0,Mar,1,2,1,8,New_Visitor,False,False
3,2.08,0,0.0,34,4190.75,0.01,0.03,0.0,0.0,May,2,2,3,6,Returning_Visitor,False,False
0,0.0,0,0.0,3,78.0,0.0,0.07,0.0,0.0,Feb,2,1,6,6,Returning_Visitor,True,False
1,3.0,0,0.0,17,1217.43,0.0,0.01,0.0,0.0,May,2,5,1,4,Returning_Visitor,False,False
8,222.75,3,15.75,61,1749.84,0.01,0.01,0.0,0.0,Nov,1,1,1,3,Returning_Visitor,True,False
1,20.0,1,35.5,35,946.6,0.0,0.01,0.0,0.0,Nov,2,2,1,2,Returning_Visitor,False,False
0,0.0,0,0.0,16,898.76,0.01,0.01,0.0,0.0,Nov,1,1,1,3,Returning_Visitor,False,True
0,0.0,0,0.0,22,1892.01,0.03,0.04,0.0,0.0,Nov,1,1,1,13,Returning_Visitor,True,True
0,0.0,2,48.5,47,1503.81,0.0,0.03,0.0,0.0,Nov,2,2,7,2,Returning_Visitor,False,True
3,178.0,0,0.0,3,110.0,0.0,0.02,0.0,0.01,May,2,2,3,4,Returning_Visitor,False,False
0,1.55,0,0.0,19,696.88,0.01,0.03,0.36,0.0,Dec,1,2,4,2,Returning_Visitor,False,False
2,42.4,0,0.0,24,2095.82,0.03,0.04,0.0,0.0,Dec,3,2,3,1,Returning_Visitor,False,False
0,0.0,0,0.0,37,523.7,0.0,0.01,0.0,0.0,May,3,2,9,4,Returning_Visitor,False,False
0,0.0,0,0.0,6,148.03,0.0,0.07,0.0,0.0,May,1,1,3,4,Returning_Visitor,True,False
3,934.5,1,92.0,18,937.72,0.0,0.01,0.0,0.0,Dec,1,1,6,2,Returning_Visitor,False,False
3,105.15,0,0.0,55,4277.0,0.0,0.02,7.29,0.0,May,1,1,1,1,Returning_Visitor,True,False
0,0.0,0,0.0,13,315.0,0.0,0.02,0.0,0.2,May,2,2,3,4,Returning_Visitor,False,False
8,294.5,0,1.34,24,1034.58,0.0,0.02,9.88,0.0,Nov,2,4,3,3,Returning_Visitor,False,True
0,0.0,0,0.0,28,1345.8,0.01,0.03,11.02,0.0,May,2,4,3,2,Returning_Visitor,False,True
1,10.0,1,0.0,28,830.0,0.01,0.04,0.01,0.4,May,2,2,1,2,Returning_Visitor,False,False
0,13.16,0,0.0,24,1496.81,0.0,0.03,0.0,0.0,Nov,2,2,2,1,Returning_Visitor,False,False
0,0.0,0,0.11,14,260.87,0.0,0.04,0.0,0.0,May,2,2,1,3,Returning_Visitor,False,False
2,80.0,6,141.75,47,1499.88,0.0,0.01,34.86,0.0,Dec,2,2,3,1,Returning_Visitor,False,False
0,0.0,0,0.0,2,0.0,0.2,0.2,0.02,0.0,Dec,2,2,8,1,Returning_Visitor,False,False
4,105.39,2,79.5,46,3713.58,0.0,0.05,28.04,0.0,Nov,3,2,1,6,Returning_Visitor,False,False
7,114.2,0,0.0,15,360.18,0.0,0.01,0.0,0.0,Nov,1,1,1,2,Returning_Visitor,False,False
0,0.0,0,0.0,89,1504.14,0.0,0.02,0.0,0.0,Nov,2,2,1,10,Returning_Visitor,False,True
4,104.68,0,3.93,8,861.33,0.0,0.01,0.0,0.06,May,1,1,4,6,Returning_Visitor,True,False
8,436.23,1,73.87,89,3236.87,0.01,0.03,12.22,0.0,Nov,1,1,1,20,Returning_Visitor,False,False
1,30.7,0,0.0,33,1148.33,0.0,0.03,0.17,0.0,Aug,2,5,6,1,Returning_Visitor,True,False
0,1.97,0,0.0,12,1484.0,0.0,0.02,0.0,0.01,Mar,2,2,7,1,Returning_Visitor,False,False
3,108.7,0,0.0,85,2651.94,0.0,0.01,0.9,0.0,Jul,2,2,9,1,Returning_Visitor,False,False
3,570.27,0,0.0,13,259.55,0.01,0.02,6.8,0.01,Nov,3,2,3,2,Returning_Visitor,False,False
0,0.0,0,0.35,3,24.0,0.07,0.13,0.02,0.0,Mar,3,2,3,1,Returning_Visitor,False,False
0,0.0,0,0.0,1,0.0,0.13,0.14,0.0,0.0,May,2,4,1,3,Returning_Visitor,False,False
0,0.0,0,0.07,4,76.0,0.05,0.1,0.0,0.0,Dec,1,1,1,3,Returning_Visitor,False,False
3,318.2,0,0.0,7,414.87,0.0,0.01,0.0,0.0,Nov,1,1,6,2,Returning_Visitor,False,False
0,0.0,0,0.0,3,138.0,0.1,0.11,0.0,0.0,Nov,1,1,1,3,Returning_Visitor,False,False
0,0.0,0,0.0,11,1105.29,0.0,0.02,19.49,0.0,May,2,2,1,4,Returning_Visitor,False,True
2,196.6,0,0.0,40,0.0,0.0,0.05,0.0,0.0,Mar,3,2,9,5,New_Visitor,True,False
0,2.15,0,0.5,2,149.04,0.0,0.1,0.0,0.0,May,2,7,4,3,Returning_Visitor,False,False
3,5.72,0,0.67,44,1535.67,0.01,0.02,17.21,0.0,Nov,1,1,1,3,Returning_Visitor,False,False
3,46.5,0,0.0,14,398.98,0.0,0.01,116.34,0.0,Dec,8,13,9,4,Other,False,True
0,1.7,0,0.0,1,15.21,0.2,0.2,0.0,0.0,June,2,2,1,13,Returning_Visitor,False,False
0,0.0,0,0.0,5,164.27,0.0,0.04,0.0,0.0,Mar,1,1,1,1,Returning_Visitor,True,False
3,9.21,0,0.0,17,486.5,0.0,0.03,0.0,0.0,May,2,2,3,11,Returning_Visitor,False,False
7,108.0,2,42.0,32,879.92,0.02,0.03,11.19,0.0,May,1,1,2,4,Returning_Visitor,False,False
1,104.96,0,0.0,10,205.49,0.0,0.02,1.58,0.0,Mar,2,2,1,2,New_Visitor,True,True
7,104.31,2,182.2,29,1612.98,0.01,0.01,0.0,0.0,Nov,2,2,8,2,Returning_Visitor,False,False
1,16.6,0,4.92,39,581.94,0.0,0.0,44.85,0.0,Aug,2,2,5,2,New_Visitor,False,True
0,0.0,0,0.22,89,3614.11,0.0,0.02,0.0,0.0,Mar,1,1,1,2,Returning_Visitor,True,False
6,112.12,8,224.0,114,1500.72,0.0,0.01,55.52,0.0,Nov,2,2,3,8,Returning_Visitor,True,True
10,190.31,2,43.5,22,1539.97,0.01,0.04,0.0,0.0,Nov,2,2,3,2,Returning_Visitor,False,False
2,3.0,4,161.5,137,4791.46,0.0,0.02,12.35,0.0,Nov,2,2,1,2,Returning_Visitor,False,True
0,0.0,0,0.0,6,538.0,0.0,0.08,0.0,0.0,Mar,1,1,4,3,Returning_Visitor,True,False
2,21.0,0,5.18,13,2881.13,0.0,0.01,60.32,0.0,Mar,2,2,4,2,New_Visitor,False,True
2,1.9,0,0.0,98,1444.72,0.02,0.04,0.0,0.0,Oct,1,1,6,3,Returning_Visitor,False,False
2,103.7,0,0.62,46,1046.32,0.02,0.03,0.0,0.0,Nov,4,1,5,1,Returning_Visitor,True,False
4,486.13,1,13.0,73,3085.01,0.01,0.02,2.32,0.2,May,3,2,1,3,Returning_Visitor,False,False
0,5.11,0,0.0,46,358.25,0.04,0.08,0.15,0.8,May,2,5,3,2,Returning_Visitor,True,False
0,0.0,0,0.0,46,1212.44,0.0,0.01,61.62,0.0,Nov,4,1,1,2,Returning_Visitor,False,False
3,12.0,0,0.24,16,565.42,0.03,0.03,0.0,0.0,Nov,3,2,1,10,Returning_Visitor,False,False
10,439.39,4,406.0,60,3121.28,0.0,0.01,10.14,0.4,May,3,2,1,6,Returning_Visitor,False,False
0,0.0,0,0.0,11,173.86,0.0,0.03,0.0,0.0,Oct,2,4,2,2,Returning_Visitor,False,False
0,1.76,0,0.0,20,196.83,0.01,0.05,0.0,0.6,May,2,2,1,4,Returning_Visitor,False,False
0,0.0,0,0.0,2,147.02,0.0,0.1,0.0,0.0,Feb,1,1,1,3,Returning_Visitor,False,False
0,0.0,0,0.0,14,684.75,0.0,0.01,0.0,0.0,Nov,2,2,9,2,Returning_Visitor,False,False
0,0.0,0,0.0,5,197.0,0.0,0.01,0.02,0.0,Mar,2,2,1,2,Returning_Visitor,False,False
0,1.58,0,0.0,6,286.5,0.0,0.04,0.0,0.0,Mar,3,3,3,1,Returning_Visitor,False,False
0,1.83,0,0.0,6,145.82,0.0,0.03,0.0,0.0,May,2,2,6,4,Returning_Visitor,False,False
0,0.0,0,0.0,4,40.23,0.2,0.2,0.31,0.2,May,3,2,1,13,Returning_Visitor,False,False
1,103.46,0,0.0,12,415.73,0.0,0.01,0.0,0.0,Dec,2,2,2,2,New_Visitor,False,False
0,0.0,0,0.0,22,337.1,0.0,0.03,0.0,0.0,Aug,2,4,1,3,Returning_Visitor,False,False
0,3.69,0,0.0,10,665.28,0.13,0.08,0.0,0.0,Dec,4,2,3,1,Returning_Visitor,False,False
0,0.0,0,0.0,13,505.33,0.08,0.12,0.0,0.4,May,2,2,1,6,Returning_Visitor,False,False
0,0.0,0,0.0,5,48.0,0.08,0.09,0.0,0.8,May,3,2,4,13,Returning_Visitor,False,False
0,0.0,0,0.26,41,963.0,0.0,0.07,0.0,0.0,May,2,2,3,1,Returning_Visitor,False,False
0,0.0,2,81.55,42,1931.63,0.0,0.01,0.0,0.0,Dec,1,1,6,2,Returning_Visitor,True,False
3,93.21,0,0.0,32,892.92,0.01,0.01,0.0,0.0,May,2,2,1,2,New_Visitor,True,False
10,815.77,3,618.0,129,1293.17,0.01,0.02,0.0,0.4,May,2,2,2,2,Returning_Visitor,False,False
0,1.58,4,68.5,46,1602.35,0.0,0.04,0.0,0.0,Nov,2,2,3,2,Returning_Visitor,False,False
0,0.0,0,0.0,74,1509.89,0.01,0.02,0.27,0.11,May,2,5,3,6,Returning_Visitor,False,False
0,0.0,0,0.0,2,12.0,0.0,0.1,0.0,0.0,May,2,2,3,13,Returning_Visitor,False,False
3,25.0,0,0.0,14,267.7,0.04,0.05,0.11,0.0,Dec,1,1,3,1,Returning_Visitor,True,True
1,28.2,0,0.62,46,942.69,0.02,0.03,8.44,0.0,Mar,2,1,1,2,Returning_Visitor,True,False
0,0.0,2,232.73,23,1669.03,0.0,0.03,0.0,0.0,June,3,2,4,2,Returning_Visitor,False,False
0,0.0,0,0.0,1,0.0,0.2,0.14,0.0,0.2,May,2,2,1,13,Returning_Visitor,False,False
0,0.0,0,0.0,3,15.0,0.0,0.07,0.0,0.0,Mar,2,4,3,1,Returning_Visitor,False,False
0,0.0,0,1.31,19,1504.99,0.01,0.02,0.0,0.0,May,2,4,1,3,Returning_Visitor,False,False
1,66.75,0,16.74,223,14213.64,0.0,0.01,4.49,0.0,Nov,2,2,1,1,Returning_Visitor,False,True
0,0.0,0,4.56,20,417.36,0.0,0.02,0.0,0.0,Dec,1,1,4,2,Returning_Visitor,False,False
0,1.53,0,0.0,11,580.25,0.02,0.05,0.0,0.0,Nov,3,2,1,2,Returning_Visitor,True,False
4,21.61,0,0.0,8,74.6,0.11,0.14,0.0,0.01,Nov,3,2,6,13,Returning_Visitor,False,False
0,0.0,0,0.0,6,148.18,0.07,0.13,0.0,0.0,May,3,2,1,3,Returning_Visitor,False,False
11,471.63,4,235.6,22,1465.72,0.01,0.02,19.44,0.0,Mar,2,2,3,4,Returning_Visitor,False,False
3,154.0,0,0.0,42,422.08,0.0,0.01,27.93,0.0,Jul,2,2,4,4,Returning_Visitor,False,True
0,0.0,0,0.0,19,432.68,0.06,0.09,0.0,0.0,Aug,1,1,2,1,Returning_Visitor,False,False
1,6.0,0,0.2,48,1177.51,0.0,0.04,0.03,0.0,Oct,2,2,3,1,Returning_Visitor,False,False
0,0.0,0,0.51,5,381.67,0.0,0.02,0.0,0.0,Mar,1,1,3,2,Returning_Visitor,False,False
8,310.07,1,49.4,46,1499.34,0.0,0.01,6.45,0.0,Oct,1,1,2,20,Returning_Visitor,True,True
3,104.94,0,0.0,15,658.75,0.0,0.01,0.01,0.0,Nov,3,2,6,2,New_Visitor,False,False
0,0.0,0,0.0,13,304.75,0.0,0.03,0.0,0.8,May,1,2,3,4,Returning_Visitor,False,False
0,0.0,0,0.0,1,3.58,0.2,0.2,0.01,0.0,Mar,2,4,1,1,Returning_Visitor,False,False
2,76.77,2,9.0,17,1566.2,0.01,0.04,0.66,0.0,Sep,2,2,3,5,Returning_Visitor,False,False
3,45.0,1,87.0,26,485.83,0.0,0.02,10.75,0.0,May,1,1,1,4,Returning_Visitor,True,False
3,55.55,0,0.0,23,625.3,0.02,0.03,0.0,0.0,Dec,2,2,3,3,Returning_Visitor,False,False
11,126.8,0,16.26,141,1437.44,0.0,0.01,12.51,0.0,Mar,2,2,6,2,Returning_Visitor,False,False
3,116.8,0,0.0,5,170.4,0.0,0.03,50.53,0.01,Nov,2,2,7,2,New_Visitor,False,True
4,47.3,1,0.0,32,1498.58,0.0,0.03,0.0,0.0,Mar,2,2,8,1,Returning_Visitor,False,False
4,53.4,2,113.8,256,6355.5,0.0,0.0,0.0,0.0,Nov,2,2,1,2,Returning_Visitor,False,False
4,57.0,0,0.0,5,442.25,0.0,0.03,0.0,0.0,Mar,1,1,8,10,Returning_Visitor,True,False
9,319.83,1,18.0,10,332.33,0.0,0.02,1.81,0.0,Dec,1,2,5,2,Returning_Visitor,False,False
0,0.0,0,0.08,10,192.75,0.03,0.03,0.0,0.01,Dec,1,1,3,1,Returning_Visitor,True,False
3,61.65,7,380.96,102,3025.29,0.03,0.02,11.43,0.0,Nov,3,2,1,2,Returning_Visitor,False,False
6,1922.0,0,0.52,30,1355.99,0.01,0.04,0.01,0.0,Nov,3,2,2,1,Returning_Visitor,False,False
0,8.75,4,8.0,66,1514.84,0.02,0.04,0.62,0.0,Dec,2,2,6,2,Returning_Visitor,False,False
0,0.0,0,0.0,1,0.0,0.13,0.2,0.0,0.0,Dec,2,2,7,2,Returning_Visitor,False,False
3,81.03,0,0.0,9,619.76,0.0,0.02,0.0,0.0,Nov,2,2,1,2,Returning_Visitor,False,False
1,104.04,0,0.0,46,1170.73,0.01,0.04,31.9,0.0,Aug,2,4,2,3,Returning_Visitor,False,True
0,1.68,0,0.0,3,400.67,0.0,0.05,0.0,0.59,May,2,2,1,1,Returning_Visitor,False,False
3,99.5,0,0.0,9,139.5,0.0,0.01,0.0,0.0,Dec,2,2,1,8,New_Visitor,False,False
0,0.0,0,0.0,1,7.36,0.2,0.2,0.02,0.0,May,1,1,3,3,Returning_Visitor,False,False
4,80.0,0,0.0,46,3855.2,0.01,0.03,0.01,0.0,May,3,2,3,4,Returning_Visitor,False,False
5,104.64,0,0.0,94,3210.85,0.0,0.02,0.01,0.0,Oct,2,2,3,2,Returning_Visitor,True,False
3,334.0,0,0.0,40,1212.1,0.0,0.03,42.71,0.0,Dec,8,13,9,20,Other,False,True
0,0.0,0,0.16,1,56.41,0.13,0.2,0.0,0.0,Dec,8,13,9,20,Other,False,False
5,107.5,0,0.43,31,2221.0,0.0,0.02,0.0,0.0,Nov,2,2,9,3,Returning_Visitor,False,False
3,43.23,0,1.05,30,513.94,0.0,0.01,62.87,0.0,May,2,2,4,13,Returning_Visitor,False,False
0,0.0,0,1.17,13,1500.61,0.0,0.02,34.97,0.0,Nov,1,1,1,2,New_Visitor,False,True
0,0.0,0,0.0,5,147.63,0.0,0.04,0.0,0.0,Mar,2,2,7,2,Returning_Visitor,False,False
6,102.52,4,105.57,50,1501.19,0.0,0.01,12.32,0.0,May,1,1,1,2,Returning_Visitor,False,False
0,0.0,2,0.0,46,2622.6,0.02,0.03,0.03,0.0,Nov,3,2,2,13,Returning_Visitor,False,True
2,13.57,2,77.98,46,1679.67,0.01,0.03,0.0,0.0,Nov,3,2,1,13,Returning_Visitor,True,False
1,134.0,0,0.0,46,1429.62,0.0,0.01,0.0,0.0,Nov,1,1,2,2,New_Visitor,False,False
4,164.0,0,0.63,46,2136.0,0.0,0.01,0.02,0.2,May,2,2,3,2,New_Visitor,False,False
2,32.0,0,0.2,11,155.83,0.0,0.03,0.0,0.2,May,2,2,3,4,Returning_Visitor,False,False
4,636.0,0,0.85,46,3374.02,0.0,0.02,108.09,0.0,Oct,2,2,1,13,Returning_Visitor,False,True
0,0.0,0,0.0,27,1199.73,0.0,0.02,9.03,0.0,Mar,1,1,2,3,Returning_Visitor,False,False
0,3.42,0,0.18,48,3025.33,0.0,0.01,0.0,0.0,Aug,1,1,1,20,Returning_Visitor,False,False
9,181.27,1,65.0,120,3283.72,0.0,0.02,2.44,0.0,Nov,1,2,1,2,Returning_Visitor,False,False
0,0.0,0,0.24,5,51.0,0.01,0.05,0.0,0.0,Nov,3,2,8,2,Returning_Visitor,True,False
0,1.49,0,0.0,14,445.62,0.02,0.03,0.0,0.0,Nov,2,2,1,3,Returning_Visitor,False,False
6,104.22,0,0.55,46,1493.11,0.0,0.01,16.82,0.0,Nov,2,2,3,2,Returning_Visitor,False,True
0,3.29,0,0.0,13,171.71,0.04,0.08,0.0,0.0,Nov,1,1,2,2,Returning_Visitor,False,False
0,59.75,2,7.0,16,794.54,0.02,0.03,0.0,0.0,Nov,1,1,3,10,Returning_Visitor,False,False
5,69.8,0,0.68,87,1503.7,0.01,0.05,0.15,0.0,Sep,2,6,1,1,Returning_Visitor,True,False
0,0.0,0,0.22,18,414.19,0.0,0.0,0.1,0.2,May,3,2,3,6,Returning_Visitor,False,False
0,0.0,0,0.0,1,0.0,0.2,0.2,0.0,0.0,Mar,2,2,1,1,Returning_Visitor,False,False
4,116.0,1,79.54,37,1828.77,0.0,0.02,26.94,0.0,May,3,2,7,6,Returning_Visitor,False,False
0,0.0,0,0.95,8,263.06,0.03,0.04,5.09,0.0,Nov,1,1,3,1,Returning_Visitor,False,True
1,56.5,1,41.5,87,2504.87,0.02,0.04,0.0,0.0,Nov,1,2,1,2,Returning_Visitor,True,False
3,135.0,0,0.0,46,1254.97,0.01,0.02,0.0,0.0,May,2,2,2,1,Returning_Visitor,False,False
0,2.02,0,7.82,33,735.44,0.0,0.0,0.0,0.0,Nov,4,2,1,2,Returning_Visitor,False,False
0,0.0,0,2.37,10,1486.81,0.02,0.02,0.34,0.0,Nov,3,2,3,2,Returning_Visitor,True,False
2,104.43,1,9.71,46,1495.73,0.02,0.05,0.0,0.0,May,3,2,8,3,Returning_Visitor,False,False
2,104.62,0,0.0,10,600.6,0.05,0.06,0.04,0.0,Nov,3,2,3,13,Returning_Visitor,True,False
1,7.12,6,1043.93,73,3585.18,0.01,0.03,0.0,0.0,Nov,3,2,6,2,Returning_Visitor,False,False
0,0.0,0,0.0,9,250.8,0.0,0.02,0.0,0.0,Mar,2,2,4,3,Returning_Visitor,False,False
1,5.86,2,0.0,29,1473.19,0.05,0.13,0.0,0.0,Dec,3,2,1,2,Returning_Visitor,False,False
10,373.62,9,322.8,191,957.22,0.01,0.04,0.0,0.0,Aug,2,2,1,1,Returning_Visitor,False,False
13,205.7,0,0.16,10,157.1,0.01,0.06,0.28,0.0,Oct,2,6,2,20,Returning_Visitor,True,True
0,0.0,0,0.0,7,251.67,0.03,0.14,0.0,0.6,May,3,2,1,6,Returning_Visitor,False,False
2,40.5,0,0.0,89,1503.37,0.0,0.02,0.0,0.0,Dec,1,1,1,3,Returning_Visitor,False,False
0,0.0,0,0.61,45,1512.52,0.0,0.02,0.0,0.0,Dec,2,2,3,2,Returning_Visitor,False,False
0,0.0,0,0.0,14,197.2,0.03,0.04,0.0,0.0,May,2,2,7,3,Returning_Visitor,False,False
15,188.64,0,0.0,23,845.28,0.0,0.01,1.53,0.0,Nov,2,2,7,20,Returning_Visitor,True,False
1,2.69,0,0.0,49,4651.03,0.02,0.05,0.0,0.8,May,2,2,7,2,Returning_Visitor,False,False
3,15.58,2,54.0,41,1501.89,0.0,0.01,0.0,0.0,Mar,2,2,1,2,Returning_Visitor,False,False
0,2.34,0,0.0,12,363.0,0.01,0.05,0.0,0.0,Nov,4,1,4,3,Returning_Visitor,False,False
9,125.1,1,34.6,25,405.01,0.01,0.02,0.15,0.0,Aug,2,2,1,1,Returning_Visitor,False,False
0,0.0,0,0.0,46,315.78,0.02,0.03,0.09,0.0,Nov,1,1,3,2,Returning_Visitor,True,False
1,73.6,1,79.98,48,1761.16,0.0,0.02,0.0,0.0,Sep,2,2,1,1,Returning_Visitor,False,False
2,136.67,1,10.34,20,1572.57,0.0,0.04,0.0,0.0,Mar,3,2,3,1,Returning_Visitor,False,False
4,80.0,0,0.0,17,442.17,0.0,0.01,0.0,0.0,Nov,2,2,6,2,New_Visitor,True,False
10,247.15,3,788.0,111,2556.37,0.0,0.01,2.51,0.0,Mar,2,2,1,3,Returning_Visitor,False,False
9,603.8,2,19.95,305,5557.72,0.0,0.01,0.0,0.0,Oct,3,2,1,3,Returning_Visitor,False,False
0,36.61,2,189.0,134,6732.12,0.01,0.03,0.0,0.0,Dec,1,8,3,11,Returning_Visitor,False,False
0,45.0,2,31.0,47,1480.66,0.0,0.03,0.7,0.8,May,3,3,8,4,Returning_Visitor,False,False
3,13.0,0,0.0,19,741.4,0.0,0.0,0.0,0.01,May,2,2,8,16,Returning_Visitor,False,False
9,387.75,0,2.85,64,1488.12,0.0,0.01,9.58,0.0,Nov,2,2,3,1,Returning_Visitor,False,True
0,0.0,0,0.0,23,57.0,0.13,0.12,0.04,0.01,Mar,2,5,2,1,Returning_Visitor,False,False
9,279.5,0,0.0,14,313.58,0.0,0.01,0.11,0.0,Nov,1,1,1,2,New_Visitor,False,False
3,92.0,0,0.0,19,473.0,0.0,0.02,0.0,0.0,Mar,3,2,3,1,Returning_Visitor,False,False
4,6.53,1,49.5,46,1580.31,0.01,0.03,12.22,0.0,Nov,1,1,1,2,Returning_Visitor,True,True
0,0.0,0,0.0,23,121.0,0.01,0.05,0.02,0.0,May,3,2,1,3,Returning_Visitor,False,False
1,1.51,0,0.0,36,1484.06,0.0,0.03,0.0,0.0,Nov,2,2,1,13,Returning_Visitor,True,False
4,217.15,0,0.0,1,31.2,0.0,0.04,0.0,0.0,Dec,2,4,4,2,New_Visitor,True,False
12,279.42,0,0.0,42,1506.11,0.01,0.02,1.18,0.0,Nov,1,1,3,2,Returning_Visitor,False,False
0,0.0,0,0.04,28,1476.11,0.02,0.04,0.01,0.0,May,3,2,3,4,Returning_Visitor,False,False
3,45.42,0,0.0,35,653.86,0.0,0.03,19.78,0.0,Dec,2,2,1,1,Returning_Visitor,False,False
3,94.7,0,0.0,20,366.62,0.01,0.01,0.01,0.0,May,1,1,2,4,Returning_Visitor,False,False
5,102.05,4,254.75,61,1740.05,0.0,0.02,2.74,0.0,Nov,2,2,2,2,Returning_Visitor,True,False
3,215.4,0,0.0,19,1221.7,0.0,0.01,0.0,0.0,June,2,2,1,2,New_Visitor,False,False
0,0.0,0,0.26,3,127.0,0.0,0.07,65.99,0.16,May,2,2,1,2,Returning_Visitor,False,True
0,0.0,0,0.0,8,158.5,0.0,0.05,0.02,0.0,Mar,1,1,1,3,Returning_Visitor,True,False
3,46.4,0,0.79,8,168.2,0.0,0.02,2.67,0.0,Nov,2,7,2,20,Returning_Visitor,True,True
4,57.0,1,0.0,13,479.87,0.0,0.02,0.0,0.0,Mar,4,2,1,2,Returning_Visitor,False,False
2,76.25,0,0.16,48,970.42,0.01,0.03,5.54,0.6,May,2,2,4,4,Returning_Visitor,False,True
2,0.0,1,426.2,10,157.07,0.01,0.02,32.73,0.0,Nov,3,2,1,2,Returning_Visitor,True,True
3,143.58,1,92.0,245,1245.03,0.0,0.0,59.42,0.0,Nov,3,2,1,8,Returning_Visitor,False,True
0,0.0,1,0.0,18,1502.45,0.0,0.01,16.31,0.0,Aug,2,2,4,1,Returning_Visitor,False,True
3,94.73,0,0.39,22,710.67,0.0,0.0,0.0,0.0,May,2,4,3,4,Returning_Visitor,False,False
0,1.83,2,30.67,43,1275.79,0.01,0.04,0.56,0.5,May,1,1,1,2,Returning_Visitor,True,False
1,45.0,0,0.0,8,183.0,0.0,0.01,0.0,0.0,May,1,1,1,4,Returning_Visitor,False,False
3,1172.0,0,0.0,24,1244.07,0.01,0.03,0.0,0.0,May,2,4,2,6,Returning_Visitor,False,False
5,104.97,0,0.19,46,1498.0,0.0,0.02,0.0,0.0,Sep,2,2,3,4,Returning_Visitor,True,False
3,23.0,0,0.0,6,83.0,0.0,0.01,0.0,0.0,Mar,2,2,8,2,New_Visitor,False,False
0,0.0,0,0.0,13,1332.83,0.01,0.01,0.02,0.0,Mar,2,5,4,11,Returning_Visitor,False,False
5,54.83,0,1.16,46,1507.14,0.0,0.01,57.33,0.0,May,6,2,3,2,Returning_Visitor,False,False
3,89.89,1,447.5,13,967.62,0.0,0.01,0.0,0.0,Dec,1,1,6,2,Returning_Visitor,False,False
0,0.0,0,1.59,9,719.58,0.02,0.05,1.76,0.0,Nov,2,4,4,2,Returning_Visitor,False,False
2,47.67,0,0.58,83,1548.81,0.0,0.01,28.94,0.61,May,2,2,7,3,Returning_Visitor,False,False
3,168.5,0,0.0,5,148.32,0.0,0.03,0.0,0.0,Dec,3,2,7,1,New_Visitor,False,False
3,36.0,0,0.0,11,142.0,0.0,0.01,0.0,0.0,Mar,4,2,6,2,Returning_Visitor,False,False
0,0.0,0,0.0,11,1232.08,0.0,0.0,0.0,0.0,Nov,1,1,1,2,New_Visitor,False,False
0,0.0,0,0.0,19,806.83,0.0,0.01,12.26,0.2,May,2,2,2,2,Returning_Visitor,False,True
3,125.0,1,70.0,29,1445.3,0.0,0.02,0.0,0.0,Mar,2,2,1,1,Returning_Visitor,False,False
4,84.94,1,41.0,16,515.0,0.0,0.02,0.0,0.0,May,3,2,3,6,Returning_Visitor,True,False
5,69.5,4,116.0,84,2839.75,0.0,0.03,6.28,0.0,May,2,4,6,2,Returning_Visitor,False,False
0,1.48,0,0.52,37,918.54,0.01,0.01,0.0,0.0,Nov,1,1,1,2,New_Visitor,True,True
5,215.5,0,0.06,61,1238.07,0.0,0.02,0.0,0.6,May,3,2,3,13,Returning_Visitor,False,False
0,1.98,0,1.89,5,120.79,0.0,0.03,11.81,0.0,Nov,2,2,1,2,Returning_Visitor,False,True
3,105.95,0,0.77,46,589.8,0.03,0.06,1.7,0.0,Sep,1,2,1,1,Returning_Visitor,True,False
0,0.0,0,0.0,6,62.0,0.12,0.14,0.0,0.0,Mar,3,2,3,1,Returning_Visitor,False,False
4,99.12,0,1.27,46,876.3,0.0,0.03,0.21,0.04,Nov,4,1,1,3,Returning_Visitor,False,False
0,0.0,0,0.16,6,1054.3,0.07,0.1,0.03,0.0,Jul,2,2,6,3,Returning_Visitor,False,False
3,47.0,1,51.0,68,3008.12,0.01,0.02,46.53,0.0,Mar,2,2,1,1,Returning_Visitor,True,False
3,27.0,0,0.0,21,1314.6,0.02,0.04,12.24,0.6,May,2,2,1,2,Returning_Visitor,False,True
3,5.67,0,11.5,129,5293.82,0.01,0.02,2.52,0.2,May,2,2,3,1,Returning_Visitor,False,False
3,78.0,0,0.0,27,1501.3,0.01,0.04,8.08,0.0,May,2,2,4,4,Returning_Visitor,False,True
0,0.0,0,0.0,40,1530.25,0.03,0.03,0.0,0.0,Nov,3,2,1,2,Returning_Visitor,False,False
0,1.78,0,0.0,6,93.0,0.07,0.14,0.0,0.0,Nov,3,2,3,13,Returning_Visitor,False,False
4,97.8,0,0.0,53,1228.29,0.02,0.04,0.0,0.0,Oct,1,1,2,3,Returning_Visitor,False,False
0,0.0,0,0.0,45,1594.28,0.0,0.03,45.43,0.0,Mar,2,2,1,2,Returning_Visitor,True,True
3,36.3,0,0.0,1,716.6,0.05,0.09,0.18,0.0,Nov,3,2,3,6,Returning_Visitor,False,True
3,228.0,1,78.83,23,1266.27,0.0,0.04,0.06,0.0,Mar,2,2,3,2,Returning_Visitor,False,False
0,0.0,0,0.0,22,2473.25,0.01,0.01,0.03,0.0,May,3,2,3,2,Returning_Visitor,False,False
0,4.18,0,0.0,13,193.37,0.02,0.02,0.0,0.0,Nov,3,2,1,13,New_Visitor,True,False
0,1.74,0,0.11,20,1815.28,0.01,0.04,0.02,0.6,May,3,2,1,2,Returning_Visitor,False,False
0,9.89,0,0.0,9,205.5,0.0,0.03,0.0,0.0,Nov,8,1,1,3,Returning_Visitor,False,False
0,0.0,0,0.26,38,3779.44,0.0,0.03,0.0,0.0,Dec,3,2,1,2,Returning_Visitor,False,False
0,0.0,0,0.27,29,1089.0,0.0,0.03,0.0,0.0,Mar,1,1,1,1,Returning_Visitor,False,False
13,313.09,4,616.45,46,1482.34,0.0,0.01,8.87,0.0,May,2,5,3,4,Returning_Visitor,False,False
2,190.75,0,0.0,36,1604.79,0.0,0.01,0.0,0.0,Dec,3,2,1,2,Returning_Visitor,True,False
0,0.0,0,0.1,3,44.5,0.13,0.13,0.22,0.0,Dec,2,2,9,3,Returning_Visitor,False,False
0,0.0,0,0.12,8,122.75,0.0,0.03,0.0,0.0,Nov,3,2,1,2,New_Visitor,False,False
0,0.0,0,0.06,11,1502.07,0.02,0.06,0.0,0.0,Feb,2,2,1,3,Returning_Visitor,False,False
3,104.69,0,0.0,8,127.67,0.0,0.01,0.0,0.0,May,3,2,4,2,Returning_Visitor,False,False
0,0.0,0,0.0,46,472.36,0.01,0.01,0.0,0.0,Nov,2,2,9,2,Returning_Visitor,False,False
0,1.95,0,0.4,7,578.2,0.0,0.03,58.49,0.0,May,2,2,3,6,Returning_Visitor,True,True
2,170.0,1,22.0,39,1177.29,0.0,0.02,0.0,0.0,Nov,2,5,7,2,Returning_Visitor,False,False
3,161.35,0,0.0,12,251.9,0.0,0.03,0.0,0.0,Nov,1,1,1,2,Returning_Visitor,True,False
6,91.98,3,58.95,46,2407.32,0.0,0.01,0.0,0.0,May,3,2,3,4,Returning_Visitor,False,False
2,7.0,0,0.0,46,541.21,0.01,0.03,0.0,0.0,Nov,1,1,1,2,Returning_Visitor,True,False
5,86.17,1,13.0,55,702.58,0.02,0.02,9.14,0.0,May,2,2,1,2,Returning_Visitor,True,False
0,0.0,0,0.2,46,1382.93,0.01,0.03,0.63,0.0,Dec,3,2,3,2,Returning_Visitor,True,False
2,108.95,1,94.0,21,1503.06,0.0,0.02,53.66,0.0,May,1,1,6,3,Returning_Visitor,False,True
3,91.0,0,0.0,2,22.0,0.0,0.02,0.2,0.0,Dec,1,1,1,2,New_Visitor,False,False
0,1.77,0,0.13,46,631.78,0.03,0.05,0.0,0.0,Nov,2,2,1,1,Returning_Visitor,False,False
3,106.33,0,0.22,31,910.04,0.01,0.03,5.32,0.0,Nov,2,2,3,1,Returning_Visitor,False,False
1,55.5,0,0.0,30,4048.58,0.0,0.02,0.0,0.0,Dec,4,1,1,1,Returning_Visitor,False,False
3,61.5,0,0.0,44,1115.88,0.0,0.0,0.0,0.0,May,3,2,1,11,New_Visitor,False,False
1,116.0,0,0.25,22,1245.6,0.01,0.03,27.82,0.0,Sep,1,1,3,4,Returning_Visitor,True,True
9,183.71,1,75.83,80,1143.37,0.0,0.02,12.28,0.0,May,1,1,3,3,Returning_Visitor,True,False
2,147.0,0,0.0,2,35.0,0.0,0.05,0.15,0.0,Mar,2,2,1,2,New_Visitor,False,False
3,17.0,0,0.0,71,2086.67,0.01,0.02,0.0,0.04,Dec,2,2,7,3,Returning_Visitor,False,False
0,0.0,1,97.0,143,8060.96,0.01,0.02,0.03,0.01,Nov,2,2,7,2,Returning_Visitor,False,False
6,253.75,0,0.43,19,569.51,0.02,0.03,0.0,0.2,May,3,2,2,3,Returning_Visitor,False,False
0,0.0,0,0.0,19,1210.1,0.0,0.01,0.0,0.0,Nov,1,1,3,10,Returning_Visitor,False,False
3,52.0,0,5.6,16,866.5,0.0,0.01,0.01,0.0,Dec,2,2,1,2,Returning_Visitor,False,False
4,100.07,0,0.0,30,310.34,0.0,0.01,8.7,0.0,Jul,2,2,2,2,New_Visitor,True,True
2,46.3,0,0.16,12,48.4,0.03,0.05,0.0,0.0,Oct,1,1,1,3,Returning_Visitor,False,False
0,0.0,0,0.0,8,271.15,0.05,0.15,0.13,0.0,Aug,1,1,1,3,Returning_Visitor,False,False
0,0.0,0,0.0,6,332.0,0.0,0.03,0.06,0.0,May,2,5,4,6,Returning_Visitor,False,False
0,0.0,0,0.0,2,0.0,0.2,0.2,0.0,0.0,Mar,1,1,1,3,Returning_Visitor,False,False
0,0.0,0,0.0,13,1321.32,0.02,0.05,0.0,0.0,Nov,4,1,7,2,Returning_Visitor,False,False
10,205.25,0,0.0,221,6706.4,0.0,0.01,3.8,0.0,Nov,2,2,1,6,Returning_Visitor,False,True
3,42.0,0,0.0,24,1381.73,0.03,0.05,0.0,0.0,May,3,2,4,3,Returning_Visitor,False,False
0,0.0,0,0.0,47,1093.83,0.0,0.02,0.02,0.0,Dec,2,2,2,1,Returning_Visitor,False,False
4,105.13,0,0.81,45,457.9,0.0,0.02,0.0,0.0,Nov,1,1,1,4,Returning_Visitor,True,False
3,63.5,0,0.51,6,253.25,0.0,0.02,0.0,0.0,Dec,2,2,7,2,New_Visitor,False,False
0,0.0,0,0.0,6,151.59,0.07,0.13,0.0,0.8,May,2,2,7,6,Returning_Visitor,False,False
3,209.62,2,118.75,46,398.0,0.01,0.02,0.0,0.0,Dec,2,2,4,2,New_Visitor,False,False
8,117.5,0,0.98,17,545.5,0.0,0.02,0.0,0.0,May,2,2,1,13,Returning_Visitor,False,False
0,0.0,2,67.18,34,1122.27,0.02,0.04,0.01,0.8,May,2,2,4,6,Returning_Visitor,False,False
1,19.0,1,0.0,56,472.95,0.02,0.05,0.0,0.6,May,2,2,3,6,Returning_Visitor,False,False
0,0.0,1,0.14,13,816.95,0.03,0.05,0.0,0.0,May,3,2,8,1,Returning_Visitor,False,False
0,13.0,0,0.21,52,1504.6,0.01,0.02,21.11,0.0,Nov,2,2,3,3,Returning_Visitor,True,False
0,0.0,0,0.0,8,95.0,0.0,0.14,0.0,0.0,Feb,4,1,3,3,Returning_Visitor,False,False
0,0.0,0,1.74,17,649.25,0.0,0.02,0.0,0.0,Feb,2,2,1,5,New_Visitor,False,False
3,103.8,0,0.71,31,1470.42,0.0,0.01,0.0,0.0,May,3,2,1,3,New_Visitor,False,False
1,4.0,0,0.0,47,1429.06,0.0,0.01,0.0,0.0,May,2,6,2,2,New_Visitor,False,False
4,104.52,0,0.77,16,284.9,0.0,0.03,18.86,0.0,Mar,2,2,2,10,Returning_Visitor,False,False
1,1.46,2,78.0,49,1231.14,0.0,0.01,0.11,0.0,Mar,2,6,1,1,Returning_Visitor,False,False
2,88.0,0,0.0,3,148.96,0.0,0.07,0.04,0.0,May,1,1,3,2,New_Visitor,False,False
6,123.54,0,1.02,13,189.0,0.0,0.01,0.0,0.0,Dec,3,12,3,1,New_Visitor,False,False
0,0.0,0,0.0,4,366.97,0.13,0.14,0.0,0.0,Aug,1,1,1,1,Returning_Visitor,False,False
0,0.0,0,0.0,7,259.67,0.0,0.03,0.0,0.0,May,1,1,3,2,Returning_Visitor,True,False
0,2.13,0,0.57,13,145.61,0.0,0.02,0.0,0.8,May,2,2,2,4,Returning_Visitor,False,False
3,105.19,0,0.0,24,463.82,0.0,0.02,12.68,0.0,Mar,1,1,1,2,Returning_Visitor,False,True
0,1.54,0,0.08,0,0.0,0.2,0.2,0.01,0.0,May,2,2,8,3,Returning_Visitor,False,False
2,65.09,1,139.0,47,4099.74,0.0,0.01,16.88,0.0,Mar,2,2,1,2,Returning_Visitor,True,True
6,62.75,0,0.0,45,1098.52,0.01,0.02,1.38,0.01,Nov,3,2,4,8,Returning_Visitor,False,False
0,0.0,2,2.72,1,37.48,0.13,0.13,0.01,0.01,May,2,2,8,3,Returning_Visitor,False,False
0,0.0,1,57.0,5,454.0,0.0,0.04,0.0,0.0,Mar,2,2,3,6,Returning_Visitor,False,False
0,0.0,0,0.0,57,1503.83,0.01,0.04,0.0,0.0,Nov,3,2,1,2,Returning_Visitor,True,False
0,0.0,0,0.1,9,237.33,0.0,0.03,0.02,0.0,May,1,1,1,3,Returning_Visitor,False,False
3,82.0,0,1.07,13,145.4,0.0,0.02,31.98,0.0,May,1,2,8,3,Returning_Visitor,False,True
0,0.0,0,0.1,6,177.5,0.03,0.05,0.0,0.0,May,2,2,8,3,Returning_Visitor,False,False
0,5.45,0,0.0,6,104.0,0.0,0.03,0.54,0.0,Mar,3,2,7,6,Returning_Visitor,False,False
3,146.0,0,0.0,10,221.4,0.03,0.02,0.0,0.0,Nov,1,1,3,2,Returning_Visitor,False,False
0,2.0,0,0.0,55,946.36,0.01,0.03,0.0,0.0,Nov,2,2,6,1,Returning_Visitor,True,False
11,335.06,3,671.42,36,2228.71,0.01,0.01,27.79,0.0,Mar,1,1,3,2,New_Visitor,False,False
3,195.4,2,294.6,93,6412.23,0.01,0.03,0.0,0.0,Sep,2,2,9,2,Returning_Visitor,False,True
0,0.0,0,0.0,1,7.06,0.13,0.2,0.0,0.0,Feb,1,1,1,2,Returning_Visitor,True,False
0,1.46,0,0.0,2,7.0,0.0,0.1,0.0,0.0,Nov,3,2,3,1,Returning_Visitor,False,False
1,144.28,1,0.0,10,128.5,0.01,0.04,0.0,0.0,Dec,3,2,3,6,Returning_Visitor,True,False
0,0.0,0,0.16,4,171.53,0.1,0.15,0.0,0.6,May,2,5,1,3,Returning_Visitor,False,False
1,103.33,0,0.0,13,470.5,0.0,0.01,41.42,0.0,Nov,1,2,4,2,New_Visitor,False,True
1,206.0,2,69.5,65,1140.79,0.01,0.02,6.64,0.0,Nov,3,2,4,2,Returning_Visitor,False,True
0,0.0,0,0.0,1,0.0,0.2,0.14,0.05,0.0,June,3,2,3,13,Returning_Visitor,False,False
3,142.5,0,1.21,48,1052.26,0.0,0.01,0.0,0.0,Nov,1,8,6,11,Returning_Visitor,False,False
0,3.1,0,0.0,51,507.5,0.01,0.01,12.01,0.0,Oct,3,2,1,1,Returning_Visitor,True,True
0,0.0,0,0.0,13,221.5,0.0,0.02,0.64,0.0,Nov,2,2,1,2,New_Visitor,False,False
0,0.0,0,0.57,45,1499.97,0.02,0.06,0.0,0.0,Nov,2,2,7,1,Returning_Visitor,False,False
1,0.0,0,0.0,15,487.5,0.0,0.02,0.04,0.0,Mar,1,1,2,2,Returning_Visitor,True,False
0,0.0,0,0.0,2,0.0,0.13,0.14,0.0,0.0,May,1,1,4,3,Returning_Visitor,False,False
1,30.0,0,0.0,16,604.48,0.0,0.01,0.0,0.0,Mar,1,1,3,2,Returning_Visitor,False,False
0,0.0,1,21.63,26,1503.89,0.0,0.01,0.0,0.0,Nov,2,2,3,1,Returning_Visitor,False,False
12,244.25,0,0.0,47,4006.36,0.01,0.04,11.1,0.0,Nov,2,7,1,1,Returning_Visitor,True,False
0,0.0,0,0.0,6,1155.5,0.06,0.1,0.0,0.8,May,2,2,1,13,Returning_Visitor,False,False
0,0.0,0,0.15,7,103.5,0.0,0.03,0.0,0.0,May,2,2,1,6,Returning_Visitor,False,False
1,8.0,0,0.0,34,1503.78,0.0,0.02,0.0,0.0,Nov,2,2,1,1,Returning_Visitor,False,False
0,0.0,1,16.0,8,308.0,0.0,0.03,35.09,0.0,May,2,1,1,2,Returning_Visitor,False,True
0,0.0,0,0.18,1,3.61,0.13,0.2,0.01,0.0,Mar,2,2,2,1,Returning_Visitor,False,False
6,104.0,0,0.0,13,522.0,0.0,0.01,36.65,0.0,May,2,2,2,2,New_Visitor,False,True
3,103.3,0,0.57,26,934.15,0.01,0.03,0.0,0.0,Dec,1,1,3,3,Returning_Visitor,False,False
0,1.61,0,0.0,15,872.83,0.0,0.03,0.0,0.0,Mar,2,2,2,3,Returning_Visitor,True,False
3,99.63,0,0.0,18,491.75,0.0,0.03,0.0,0.0,Dec,2,2,6,2,New_Visitor,False,False
4,104.28,0,0.0,22,413.97,0.0,0.01,107.94,0.0,May,2,2,1,4,New_Visitor,False,True
0,0.0,0,0.0,6,196.81,0.04,0.08,0.0,0.0,Mar,2,4,1,1,Returning_Visitor,True,False
0,1.55,0,0.0,12,209.83,0.0,0.03,0.02,0.0,May,2,2,1,13,Returning_Visitor,False,False
0,0.0,0,0.22,24,674.5,0.03,0.06,0.54,1.0,May,3,3,3,1,Returning_Visitor,True,False
1,54.5,0,0.0,68,3135.52,0.0,0.01,4.1,0.0,Mar,1,1,2,1,Returning_Visitor,False,False
2,37.0,0,0.42,46,1479.27,0.0,0.03,18.56,0.0,May,2,5,3,4,Returning_Visitor,False,False
17,360.73,5,428.55,53,998.56,0.0,0.01,11.09,0.0,Dec,2,2,1,6,Returning_Visitor,False,False
0,0.0,0,0.0,7,137.0,0.0,0.04,0.0,0.0,Dec,2,4,3,2,Returning_Visitor,False,False
2,124.4,0,1.39,8,294.6,0.0,0.02,0.0,0.0,June,2,2,6,11,Returning_Visitor,False,False
0,0.0,0,0.0,2,10.0,0.01,0.14,0.11,0.0,Dec,1,1,1,2,New_Visitor,False,False
2,100.0,1,12.0,44,1394.29,0.0,0.05,0.0,0.0,May,1,1,2,2,New_Visitor,True,False
0,0.0,0,0.0,7,111.0,0.1,0.12,0.0,0.8,May,2,2,4,13,Returning_Visitor,False,False
1,5.0,2,0.61,6,104.25,0.02,0.07,0.0,0.0,June,2,5,7,11,New_Visitor,False,False
2,103.87,1,12.64,26,1115.4,0.06,0.08,0.0,0.0,Aug,3,2,9,13,Returning_Visitor,False,False
0,0.0,0,2.1,50,1803.77,0.0,0.02,12.34,0.0,Mar,2,4,7,3,Returning_Visitor,True,True
0,0.0,2,0.89,44,624.0,0.02,0.05,0.0,0.0,Mar,2,2,4,1,Returning_Visitor,False,False
0,5.88,0,0.0,23,647.14,0.0,0.02,0.14,0.0,Nov,1,8,1,11,Returning_Visitor,True,False
3,22.9,0,0.0,46,1661.4,0.0,0.01,14.83,0.0,Nov,2,10,1,3,Returning_Visitor,True,True
0,1.91,0,0.0,1,0.0,0.2,0.14,0.0,0.0,May,2,2,4,1,Returning_Visitor,False,False
0,0.0,0,0.0,2,0.0,0.2,0.2,0.0,0.0,Mar,2,4,1,1,Returning_Visitor,True,False
6,106.91,9,435.45,220,6515.45,0.01,0.02,2.98,0.0,Nov,3,2,1,2,Returning_Visitor,False,True
3,44.23,0,0.44,13,311.79,0.01,0.0,34.04,0.0,May,2,2,1,5,New_Visitor,False,True
14,140.77,0,20.96,80,1242.06,0.0,0.02,0.0,0.0,Dec,2,2,3,1,Returning_Visitor,False,False
0,1.61,0,0.0,3,616.76,0.0,0.07,0.0,0.0,Mar,2,2,7,1,Returning_Visitor,False,False
7,104.38,0,0.0,46,1540.29,0.0,0.02,0.0,0.0,Aug,2,2,7,3,Returning_Visitor,False,False
0,0.0,0,0.0,86,399.81,0.0,0.13,0.14,0.0,Dec,1,1,3,2,Returning_Visitor,False,False
6,148.21,2,139.5,98,3714.35,0.0,0.01,0.0,0.0,Nov,2,2,1,2,Returning_Visitor,False,False
3,82.55,0,0.0,32,1502.28,0.0,0.03,0.0,0.0,May,2,2,2,3,New_Visitor,True,False
1,0.0,0,1.51,9,414.7,0.01,0.04,59.84,0.0,Sep,1,2,6,2,Returning_Visitor,True,True
0,0.0,0,0.0,1,7.02,0.2,0.2,0.0,0.0,May,2,2,1,4,Returning_Visitor,False,False
3,104.12,0,0.0,81,1199.62,0.0,0.01,0.0,0.0,Sep,2,2,1,1,Returning_Visitor,True,True
0,0.0,0,0.0,17,248.9,0.0,0.03,0.08,0.8,May,1,1,1,2,Returning_Visitor,False,False
3,251.81,2,678.54,37,1722.81,0.0,0.01,12.27,0.0,Oct,1,1,1,2,Returning_Visitor,True,False
0,0.0,0,0.0,14,266.02,0.0,0.05,0.0,0.0,Mar,3,2,1,1,Returning_Visitor,True,False
0,3.14,0,0.0,12,79.5,0.0,0.05,0.0,0.0,Dec,4,1,3,2,Returning_Visitor,True,False
3,81.4,0,0.42,13,240.3,0.0,0.03,0.01,0.0,Mar,2,2,1,2,Returning_Visitor,False,False
13,293.58,3,26.0,161,3457.63,0.01,0.02,15.99,0.0,Dec,2,5,7,2,Returning_Visitor,True,True
0,0.0,0,0.0,43,1476.87,0.0,0.02,0.0,0.0,Aug,3,3,4,4,Returning_Visitor,False,False
0,0.0,0,0.0,4,43.2,0.0,0.05,0.0,0.0,Jul,3,2,4,3,Returning_Visitor,False,False
0,0.0,0,0.0,45,1491.45,0.0,0.05,0.02,0.0,Nov,2,2,2,3,Returning_Visitor,False,False
0,0.0,0,0.0,12,640.38,0.02,0.05,0.07,0.0,Dec,1,1,1,1,Returning_Visitor,False,False
0,0.0,0,0.0,8,19.0,0.0,0.1,0.0,0.0,May,1,1,3,3,Returning_Visitor,False,False
3,12.83,1,77.0,46,1496.29,0.0,0.01,10.32,0.0,Mar,2,2,1,2,Returning_Visitor,False,False
2,5.55,0,0.3,32,1502.17,0.0,0.05,0.0,0.0,Nov,2,2,1,2,Returning_Visitor,False,False
0,0.0,0,0.0,10,198.75,0.0,0.02,0.0,0.0,Nov,2,2,3,20,Returning_Visitor,False,False
0,1.85,0,0.0,6,29.0,0.0,0.05,0.0,0.0,May,2,2,1,4,Returning_Visitor,True,False
12,337.54,2,81.75,54,1249.87,0.01,0.03,0.0,0.0,Dec,2,2,1,2,Returning_Visitor,False,False
0,0.0,0,0.1,150,3147.58,0.01,0.01,0.0,0.53,May,2,2,1,6,Returning_Visitor,False,False
4,46.46,0,0.0,82,2875.62,0.0,0.01,12.33,0.0,Nov,2,4,3,1,Returning_Visitor,False,True
11,367.0,5,2256.92,74,8981.58,0.0,0.01,0.0,0.0,Dec,2,2,3,8,Returning_Visitor,False,False
3,28.0,0,0.0,20,1130.84,0.0,0.02,32.44,0.0,Dec,2,2,1,2,Returning_Visitor,True,True
0,0.0,0,0.41,25,566.88,0.0,0.04,0.0,0.0,Nov,2,2,3,1,Returning_Visitor,True,False
0,0.0,0,0.0,5,0.0,0.2,0.2,0.0,0.0,May,4,2,3,4,Returning_Visitor,False,False
0,1.83,0,0.0,2,0.0,0.13,0.2,0.57,0.0,Aug,3,2,1,13,Returning_Visitor,False,False
0,0.0,0,0.6,2,83.0,0.0,0.06,0.0,0.6,May,1,2,2,4,New_Visitor,False,False
5,53.0,0,2.36,38,2246.17,0.02,0.01,0.03,0.2,May,1,1,3,3,Returning_Visitor,False,False
0,0.0,0,0.0,2,148.52,0.0,0.1,0.07,0.0,May,2,2,3,6,Returning_Visitor,False,False
3,102.8,0,0.0,25,1109.23,0.0,0.05,61.3,0.0,Aug,2,2,6,2,New_Visitor,False,True
0,0.0,1,105.13,17,866.97,0.05,0.05,0.0,0.0,May,3,2,6,13,Returning_Visitor,False,False
3,55.33,0,0.0,11,234.99,0.0,0.02,0.0,0.0,Mar,2,2,3,1,Returning_Visitor,False,False
0,0.0,0,2.45,46,451.71,0.01,0.04,0.03,0.0,Nov,2,2,6,11,Returning_Visitor,False,False
2,27.0,0,0.0,18,1498.74,0.01,0.04,0.24,0.0,Mar,2,2,4,1,Returning_Visitor,False,False
0,0.0,0,0.15,1,0.0,0.13,0.14,0.09,0.0,Nov,1,1,3,3,Returning_Visitor,False,False
0,3.84,0,0.0,2,62.0,0.0,0.05,0.05,0.0,Mar,1,1,2,10,Returning_Visitor,False,False
3,70.5,0,0.0,12,541.54,0.0,0.01,115.78,0.0,Nov,2,5,3,2,New_Visitor,True,True
1,14.76,0,0.72,11,66.83,0.0,0.02,0.0,0.0,Nov,2,2,1,8,New_Visitor,False,False
0,2.68,0,0.0,73,150.9,0.0,0.05,0.1,0.0,Dec,3,2,1,1,Returning_Visitor,True,False
3,166.0,1,16.6,35,701.5,0.03,0.05,0.03,0.0,May,2,5,6,1,Returning_Visitor,True,False
0,0.0,0,0.16,16,544.83,0.0,0.04,0.0,0.0,May,1,1,1,2,Returning_Visitor,True,False
0,0.0,0,0.19,53,2051.47,0.0,0.02,0.0,0.0,Nov,2,2,1,2,Returning_Visitor,False,True
3,64.0,0,0.0,29,619.4,0.0,0.01,42.89,0.0,May,2,2,1,3,Returning_Visitor,False,True
0,1.54,0,0.0,16,2478.0,0.03,0.06,0.0,0.0,Nov,3,2,1,2,Returning_Visitor,True,True
0,0.0,0,0.0,1,102.0,0.0,0.14,0.06,0.4,May,2,2,1,2,Returning_Visitor,False,False
1,1.59,0,0.0,46,1544.69,0.01,0.06,0.0,0.6,May,2,2,4,2,Returning_Visitor,False,False
3,46.9,0,0.0,26,1316.74,0.02,0.01,53.89,0.0,May,2,5,1,5,New_Visitor,False,True
2,23.0,0,0.0,46,1828.97,0.01,0.02,20.59,0.0,Nov,1,1,1,2,Returning_Visitor,True,True
3,253.15,0,0.0,14,1839.13,0.01,0.02,0.0,0.0,June,3,2,7,13,Returning_Visitor,False,False
0,4.12,0,0.0,4,741.4,0.05,0.08,0.0,0.0,Oct,2,2,7,1,Returning_Visitor,False,False
9,175.93,4,54.5,229,6808.22,0.0,0.02,8.9,0.0,Nov,2,2,1,2,Returning_Visitor,False,True
0,0.0,0,0.05,3,157.79,0.0,0.07,0.0,0.0,Dec,1,1,9,2,Returning_Visitor,False,False
3,1.92,5,487.0,74,1845.96,0.0,0.03,34.68,0.0,Nov,2,2,1,10,Returning_Visitor,True,True
3,163.67,10,239.67,15,665.57,0.01,0.0,0.0,0.0,Mar,3,2,3,2,New_Visitor,False,False
3,25.76,1,0.0,87,2467.26,0.0,0.02,11.68,0.0,Dec,4,2,1,2,Returning_Visitor,False,False
0,0.0,0,0.0,28,98.5,0.13,0.14,0.0,0.0,Mar,1,1,6,1,Returning_Visitor,False,False
0,1.87,0,0.57,19,1242.4,0.0,0.02,0.0,0.04,May,2,2,7,2,Returning_Visitor,True,False
0,1.46,0,0.0,1,0.0,0.2,0.2,0.01,0.0,May,2,2,1,1,Returning_Visitor,False,False
0,3.6,0,0.24,135,7091.7,0.01,0.03,0.0,0.0,Nov,2,2,2,1,Returning_Visitor,False,False
0,1.58,0,0.0,23,1502.65,0.03,0.04,0.0,0.0,May,2,2,1,3,Returning_Visitor,False,False
0,0.0,0,0.0,5,115.62,0.04,0.09,1.38,0.0,Nov,2,2,3,3,Returning_Visitor,False,False
2,17.54,0,0.0,13,956.5,0.0,0.04,0.0,0.0,Mar,2,2,1,9,Returning_Visitor,False,False
0,0.0,0,0.64,2,100.0,0.0,0.1,0.0,0.0,Nov,2,2,1,3,Returning_Visitor,True,False
3,53.5,0,0.0,26,1495.9,0.0,0.02,0.0,0.0,May,2,2,4,2,Returning_Visitor,False,False
0,0.0,0,0.0,11,332.29,0.0,0.01,0.0,0.0,Dec,2,2,1,2,New_Visitor,False,False
1,1.84,0,0.0,22,380.81,0.01,0.05,0.0,0.0,Jul,1,2,3,2,Returning_Visitor,False,False
0,0.0,0,0.0,10,409.34,0.0,0.02,0.0,0.0,Nov,1,1,1,5,New_Visitor,True,False
3,39.5,1,161.0,34,1477.34,0.01,0.02,23.61,0.2,May,2,2,8,4,Returning_Visitor,False,True
0,4.08,0,0.0,1,20.56,0.2,0.14,0.0,0.0,Nov,7,1,1,3,Returning_Visitor,False,False
1,12.1,5,493.0,46,1572.49,0.0,0.03,0.0,0.0,Nov,2,2,6,2,Returning_Visitor,False,False
0,0.0,0,0.25,1,0.0,0.2,0.2,0.0,0.0,Dec,2,2,2,1,Returning_Visitor,False,False
0,0.0,0,0.0,10,412.67,0.0,0.02,0.0,0.0,Nov,4,2,4,2,New_Visitor,False,False
0,0.0,0,0.0,11,1197.8,0.0,0.01,0.0,0.0,Mar,2,2,3,1,Returning_Visitor,False,False
0,0.0,0,0.0,4,137.0,0.15,0.15,0.0,0.32,May,3,2,2,11,Returning_Visitor,False,False
3,72.0,0,0.0,32,1476.33,0.02,0.03,38.19,0.0,Nov,2,2,6,2,Returning_Visitor,False,False
0,1.92,0,0.0,2,442.5,0.0,0.1,0.0,0.0,Dec,4,2,4,2,Returning_Visitor,False,False
0,0.0,0,0.0,7,221.71,0.01,0.06,0.0,0.0,Mar,3,3,1,3,Returning_Visitor,False,False
0,0.0,0,0.0,10,240.75,0.0,0.02,0.0,0.0,Mar,2,2,3,2,Returning_Visitor,False,False
0,0.0,0,0.0,15,1506.92,0.0,0.03,0.08,0.0,Nov,1,8,2,11,Returning_Visitor,False,False
0,1.88,0,0.0,18,644.12,0.01,0.02,0.0,0.0,Mar,3,2,3,10,Returning_Visitor,False,False
4,626.0,1,66.0,77,2660.15,0.0,0.01,41.93,0.0,May,1,1,2,2,Returning_Visitor,False,False
2,105.6,1,73.61,46,1066.57,0.0,0.02,51.0,0.0,Dec,3,2,4,2,Returning_Visitor,False,True
3,37.0,0,0.0,9,224.25,0.0,0.02,0.0,0.0,Nov,2,2,3,2,New_Visitor,False,False
0,0.0,0,0.0,45,415.15,0.04,0.05,0.0,1.0,May,1,1,7,4,Returning_Visitor,True,False
2,37.5,0,0.0,70,6384.37,0.02,0.04,12.44,0.0,Nov,1,1,3,8,Returning_Visitor,False,True
7,139.57,0,0.0,30,1331.74,0.01,0.01,36.39,0.01,Dec,2,10,3,2,New_Visitor,False,True
3,24.2,0,0.0,25,558.33,0.0,0.03,0.51,0.0,Aug,1,8,2,3,Returning_Visitor,False,False
2,109.47,0,0.0,5,133.73,0.0,0.04,0.0,0.0,Oct,3,2,1,20,New_Visitor,False,False
0,0.0,0,0.0,2,4.0,0.0,0.1,0.0,0.0,Aug,2,2,1,1,Returning_Visitor,False,False
2,844.0,0,0.0,6,246.02,0.05,0.08,0.0,0.6,May,3,2,6,2,Returning_Visitor,False,False
0,0.0,0,0.0,23,1504.31,0.0,0.01,61.62,0.0,May,2,2,4,2,New_Visitor,True,True
0,0.0,0,0.07,4,179.25,0.0,0.05,0.0,0.0,Dec,2,2,1,2,Returning_Visitor,False,False
3,105.49,0,0.0,30,1512.62,0.0,0.01,28.4,0.0,Sep,2,2,2,1,Returning_Visitor,True,True
0,1.59,0,0.0,6,55.0,0.13,0.11,0.04,0.0,May,3,2,1,3,Returning_Visitor,False,False
3,98.28,0,4.41,13,319.0,0.0,0.02,0.0,0.0,Mar,1,1,1,1,Returning_Visitor,False,False
0,2.13,0,0.0,80,3279.41,0.02,0.04,0.0,0.4,May,2,4,7,2,Returning_Visitor,False,False
0,0.0,0,0.0,3,22.0,0.0,0.05,0.0,0.6,Feb,1,1,1,2,Returning_Visitor,False,False
0,0.0,0,13.0,4,1427.86,0.01,0.04,0.54,0.0,May,1,8,4,6,Returning_Visitor,True,False
1,6.0,0,2.04,97,1580.43,0.01,0.02,11.29,0.0,Nov,2,2,1,1,Returning_Visitor,False,False
3,8.73,0,0.16,18,161.14,0.0,0.02,0.0,0.0,Sep,2,2,3,13,Returning_Visitor,False,False
0,0.0,0,0.0,11,190.25,0.03,0.05,0.0,0.0,May,2,2,1,13,Returning_Visitor,False,False
12,381.5,1,2.89,154,7835.87,0.0,0.02,0.0,0.0,Aug,3,2,1,3,Returning_Visitor,True,False
1,0.0,0,0.0,1,74.6,0.13,0.14,0.0,0.0,Oct,3,2,1,4,Returning_Visitor,False,False
6,186.67,2,100.8,11,347.4,0.0,0.01,0.0,0.0,Aug,3,2,4,5,Returning_Visitor,False,True
7,108.72,1,80.41,46,874.58,0.0,0.03,60.02,0.0,May,2,2,2,4,Returning_Visitor,True,True
0,0.0,0,0.0,5,112.0,0.0,0.13,0.0,0.0,May,2,2,4,1,Returning_Visitor,True,False
0,9.68,0,0.27,1,0.0,0.13,0.2,0.0,0.0,Nov,8,5,3,3,Returning_Visitor,True,False
3,83.0,0,0.17,15,605.89,0.0,0.01,0.07,0.0,Mar,1,1,3,2,Returning_Visitor,True,False
0,0.0,0,0.2,6,99.0,0.0,0.04,0.0,0.0,Nov,2,4,1,2,Returning_Visitor,False,False
3,79.0,0,0.0,38,1272.92,0.0,0.03,9.4,0.0,Mar,2,4,2,2,Returning_Visitor,False,False
4,101.43,0,0.27,23,783.75,0.01,0.03,0.0,0.01,Dec,2,5,3,1,Returning_Visitor,True,True
3,27.57,1,0.0,45,506.18,0.0,0.09,0.0,0.0,Dec,1,8,3,11,New_Visitor,False,False
0,0.0,0,0.0,5,35.67,0.0,0.07,0.0,0.0,May,1,2,1,2,Returning_Visitor,False,False
0,15.42,6,160.83,42,143.33,0.01,0.05,0.0,0.0,Nov,1,1,4,2,Returning_Visitor,False,False
1,5.5,0,0.0,22,339.25,0.0,0.03,0.3,0.0,Mar,2,2,2,3,Returning_Visitor,False,False
3,111.67,1,123.5,42,1495.39,0.01,0.02,4.65,0.0,Dec,3,2,3,2,Returning_Visitor,False,False
8,137.07,0,0.0,46,1501.57,0.01,0.03,54.08,0.0,May,2,2,1,3,Returning_Visitor,False,True
0,1.68,0,0.0,2,145.02,0.0,0.14,0.03,0.0,Mar,2,2,3,1,Returning_Visitor,False,False
0,1.8,0,0.0,17,697.52,0.0,0.02,0.0,0.8,May,2,2,1,2,Returning_Visitor,False,False
0,2.64,0,0.17,6,57.67,0.0,0.03,0.0,0.0,Nov,3,2,1,2,Returning_Visitor,False,False
7,165.92,2,18.6,42,3127.08,0.01,0.02,0.0,0.0,Nov,1,1,3,2,Returning_Visitor,False,False
0,0.0,2,39.0,13,269.79,0.04,0.08,0.0,1.0,May,2,2,1,4,Returning_Visitor,True,False
1,3.42,0,0.0,4,94.75,0.0,0.05,0.0,0.0,Dec,2,2,1,20,Returning_Visitor,False,False
2,47.0,0,0.0,42,1528.38,0.0,0.01,17.7,1.0,May,1,1,1,2,Returning_Visitor,True,True
0,7.01,0,0.0,5,164.0,0.0,0.05,0.0,0.0,May,4,1,1,1,Returning_Visitor,False,False
0,0.0,0,0.0,6,143.0,0.0,0.03,0.7,0.0,Nov,2,5,2,3,Returning_Visitor,False,False
1,10.0,1,0.0,69,1084.48,0.0,0.02,0.0,0.0,Mar,2,2,2,1,Returning_Visitor,False,False
4,4.5,3,70.93,25,1161.77,0.02,0.05,3.92,0.0,May,1,1,7,2,Returning_Visitor,True,False
8,112.27,0,5.01,149,4304.37,0.0,0.03,0.0,0.0,Sep,2,2,1,1,Returning_Visitor,False,False
0,0.0,0,0.0,1,0.0,0.13,0.14,0.01,0.0,May,2,2,4,3,New_Visitor,False,False
3,192.33,0,0.0,11,500.0,0.0,0.02,0.0,0.0,Mar,1,8,3,11,Returning_Visitor,False,False
2,118.0,0,0.0,4,42.0,0.0,0.07,0.0,0.0,Mar,1,2,7,3,Returning_Visitor,False,False
0,1.79,3,84.59,12,143.38,0.02,0.03,0.0,0.0,Dec,3,2,6,2,Returning_Visitor,False,False
3,103.75,0,0.3,18,1262.0,0.0,0.01,0.0,0.0,Dec,2,2,1,2,New_Visitor,False,False
0,0.0,0,0.0,8,56.33,0.0,0.01,0.0,1.0,May,2,2,1,4,Returning_Visitor,True,False
2,117.31,0,0.0,18,168.53,0.0,0.02,0.0,0.0,Oct,1,1,3,2,Returning_Visitor,False,False
0,0.0,0,0.0,14,1501.0,0.09,0.13,0.0,0.0,May,3,2,4,4,Returning_Visitor,False,False
0,0.0,0,1.85,7,108.25,0.0,0.03,0.0,0.0,Dec,2,2,7,2,New_Visitor,True,False
3,68.5,1,34.25,385,14505.73,0.01,0.01,0.0,0.0,Nov,3,2,3,2,Returning_Visitor,False,False
0,73.2,5,124.27,10,239.7,0.0,0.05,0.22,0.0,Sep,2,2,5,1,New_Visitor,False,False
0,403.59,1,81.89,82,554.78,0.0,0.02,4.67,0.0,Mar,3,3,2,3,Returning_Visitor,False,True
0,1.63,4,106.0,27,825.14,0.0,0.03,0.0,0.0,Nov,2,2,3,2,Returning_Visitor,False,False
0,21.7,1,68.5,46,1066.39,0.0,0.03,0.0,0.0,May,3,2,3,6,Returning_Visitor,False,False
0,2.35,0,54.31,23,1470.93,0.0,0.01,0.0,0.0,Sep,2,2,2,2,New_Visitor,False,False
1,64.89,0,0.0,115,1504.08,0.0,0.01,0.0,0.0,May,2,2,2,2,Returning_Visitor,False,False
0,0.0,0,0.29,10,273.75,0.02,0.05,0.0,0.01,Nov,1,1,2,8,Returning_Visitor,False,True
7,102.82,0,0.0,26,349.12,0.01,0.02,11.2,0.0,Aug,2,4,3,4,Returning_Visitor,False,False
10,198.5,2,82.21,6,73.21,0.0,0.02,0.0,0.0,Mar,1,1,1,2,Returning_Visitor,False,False
0,2.8,0,0.0,5,25.0,0.12,0.14,0.09,0.8,May,2,5,3,6,Returning_Visitor,False,False
4,39.58,0,0.35,115,2547.72,0.0,0.01,13.26,0.0,Dec,2,2,1,10,Returning_Visitor,False,True
0,1.87,2,31.0,3,218.14,0.04,0.08,0.03,0.0,Mar,1,1,6,1,Returning_Visitor,True,False
4,189.67,0,0.0,27,687.5,0.0,0.01,0.0,0.0,Dec,2,2,3,2,New_Visitor,False,False
3,32.37,0,4.55,6,97.6,0.0,0.02,0.61,0.0,Nov,3,2,7,2,New_Visitor,True,False
0,0.0,0,0.0,36,283.5,0.0,0.04,0.3,0.8,May,2,4,1,6,Returning_Visitor,False,False
1,22.66,0,0.13,10,421.6,0.0,0.01,0.0,0.0,Nov,1,1,1,4,Returning_Visitor,False,False
0,0.0,1,14.0,104,7181.88,0.01,0.02,0.0,0.0,Nov,1,1,1,2,Returning_Visitor,True,False
3,109.73,0,0.0,32,1403.83,0.0,0.01,37.06,0.0,Nov,2,2,3,2,Returning_Visitor,False,True
10,161.71,1,87.22,46,2645.83,0.0,0.02,2.78,0.6,May,3,2,2,2,Returning_Visitor,False,False
9,2.06,4,137.82,7,163.71,0.0,0.01,0.93,0.0,June,2,5,7,2,Returning_Visitor,True,False
3,498.46,0,0.0,47,3634.14,0.0,0.01,26.41,0.0,Nov,2,2,2,2,Returning_Visitor,False,True
0,0.0,0,0.0,1,0.0,0.2,0.2,0.0,0.0,Nov,2,4,3,3,Returning_Visitor,False,False
3,2.88,2,66.0,38,456.69,0.03,0.08,0.0,0.01,Dec,3,2,1,13,Returning_Visitor,False,False
0,0.0,0,0.0,1,41.01,0.2,0.2,0.0,0.0,Dec,1,2,3,1,Returning_Visitor,False,False
0,0.0,0,0.0,11,267.57,0.0,0.01,7.69,0.0,Oct,2,2,1,2,New_Visitor,False,True
0,0.0,0,0.04,13,576.34,0.02,0.04,0.0,0.0,Mar,3,2,4,1,Returning_Visitor,False,False
0,2.12,0,0.0,3,192.2,0.0,0.05,32.9,0.0,Oct,3,2,2,2,New_Visitor,False,True
2,3.38,0,0.0,13,660.17,0.0,0.02,0.0,0.0,Mar,2,2,1,2,Returning_Visitor,False,False
8,133.4,0,7.4,38,1273.0,0.0,0.02,17.06,0.0,Dec,1,1,4,2,Returning_Visitor,False,False
0,0.0,0,0.0,13,532.75,0.01,0.05,0.0,0.0,Dec,1,1,3,1,Returning_Visitor,True,False
0,0.0,0,0.0,25,701.88,0.0,0.02,0.0,0.0,Sep,2,2,1,2,Returning_Visitor,False,False
0,0.0,0,0.0,20,1184.15,0.02,0.04,0.0,0.0,June,1,1,6,3,Returning_Visitor,False,False
1,14.67,0,0.0,15,421.5,0.0,0.03,0.01,0.0,Mar,3,2,1,3,Returning_Visitor,False,False
0,0.0,0,0.0,19,281.43,0.04,0.08,0.13,0.0,June,2,2,3,13,Returning_Visitor,False,False
0,4.11,0,0.63,28,2529.75,0.07,0.09,0.0,0.4,May,2,5,3,1,Returning_Visitor,False,False
3,54.0,4,8.89,4,1239.05,0.0,0.02,1.52,0.0,Sep,2,1,1,5,New_Visitor,False,False
1,55.0,0,0.0,18,376.5,0.02,0.05,1.47,0.4,May,4,2,3,11,Returning_Visitor,False,False
7,104.71,3,42.0,25,1508.52,0.01,0.02,6.4,0.01,May,2,2,4,4,Returning_Visitor,True,False
7,194.08,1,71.25,15,446.25,0.0,0.02,0.0,0.0,Dec,2,2,1,2,Returning_Visitor,False,False
0,5.26,0,0.0,7,491.58,0.0,0.06,45.97,0.0,Dec,3,2,3,2,New_Visitor,True,True
0,2.14,0,0.0,1,14.92,0.2,0.2,0.0,0.0,Jul,3,2,1,1,Returning_Visitor,False,False
5,40.14,0,0.0,35,1502.06,0.01,0.01,61.56,0.0,Nov,2,2,1,1,Returning_Visitor,False,True
0,0.0,0,0.0,10,103.0,0.02,0.04,0.07,0.0,May,2,2,1,6,Returning_Visitor,True,False
0,0.0,0,0.0,37,1669.56,0.02,0.05,0.0,0.0,May,3,2,3,1,Returning_Visitor,False,False
3,35.0,1,32.5,49,1819.51,0.0,0.02,0.17,0.0,Nov,3,2,1,13,Returning_Visitor,True,False
0,0.0,0,0.0,46,1546.5,0.0,0.01,0.0,0.0,Mar,3,2,1,1,Returning_Visitor,True,False
2,104.27,3,165.0,51,2159.0,0.01,0.04,12.38,0.0,Nov,1,1,1,2,Returning_Visitor,False,False
4,28.5,0,0.0,20,414.16,0.0,0.07,0.0,0.0,Nov,4,1,2,2,Returning_Visitor,False,False
3,1172.0,0,0.16,19,1542.79,0.01,0.04,0.0,0.0,Dec,2,2,3,1,Returning_Visitor,False,False
0,2.85,0,0.09,4,47.5,0.0,0.05,0.07,0.0,Nov,2,5,1,2,Returning_Visitor,False,False
0,1.41,0,0.0,7,64.0,0.0,0.01,0.0,0.0,Mar,2,2,1,3,Returning_Visitor,False,False
0,0.0,0,0.0,1,0.0,0.2,0.2,0.0,0.0,Dec,1,1,4,1,Returning_Visitor,True,False
2,104.1,1,80.6,48,515.7,0.03,0.05,0.0,0.0,Aug,2,2,1,1,Returning_Visitor,False,False
0,1.76,0,0.38,5,109.0,0.13,0.1,0.0,0.0,May,3,2,3,3,Returning_Visitor,True,False
0,0.0,0,0.0,3,129.0,0.0,0.1,0.18,0.0,May,2,2,1,1,Returning_Visitor,True,False
4,90.5,0,0.0,10,299.5,0.07,0.02,0.0,0.0,Jul,1,8,7,3,Returning_Visitor,False,False
0,0.0,0,0.0,29,415.36,0.0,0.02,0.0,0.0,Mar,4,2,3,1,Returning_Visitor,True,False
0,81.18,0,0.0,52,997.99,0.0,0.04,0.0,0.4,May,1,8,8,4,Returning_Visitor,False,False
1,22.0,0,0.12,46,1459.32,0.0,0.04,0.0,0.0,May,2,2,3,4,Returning_Visitor,False,False
0,1.45,0,0.0,8,0.0,0.2,0.2,0.46,0.6,May,2,4,3,6,Returning_Visitor,False,False
0,0.0,0,0.0,130,4164.94,0.01,0.07,0.0,0.0,May,3,2,6,13,Returning_Visitor,False,False
3,45.5,0,0.0,13,661.92,0.0,0.03,0.0,0.0,Nov,2,2,1,2,New_Visitor,False,False
0,1.73,0,0.0,20,616.5,0.0,0.01,0.0,0.0,Nov,3,2,1,2,New_Visitor,False,False
2,11.0,0,0.0,23,835.58,0.01,0.02,0.03,0.0,Nov,2,2,1,3,Returning_Visitor,True,False
2,15.0,0,0.0,7,620.5,0.03,0.09,0.0,0.0,Nov,2,2,1,3,Returning_Visitor,False,False
0,0.0,0,0.0,40,694.02,0.0,0.02,0.05,0.0,Dec,2,2,3,2,New_Visitor,False,False
8,97.24,0,0.0,9,374.0,0.02,0.04,0.16,0.0,Dec,3,2,3,2,Returning_Visitor,True,False
2,122.0,0,0.7,8,158.02,0.0,0.03,0.01,0.0,Dec,2,2,1,3,New_Visitor,False,False
3,37.5,2,82.0,4,96.62,0.0,0.02,0.45,0.0,Nov,2,2,9,2,Returning_Visitor,False,False
0,0.0,0,0.0,6,234.97,0.0,0.03,0.0,0.0,May,3,2,1,13,Returning_Visitor,False,False
0,3.38,0,0.0,3,40.4,0.0,0.07,0.0,0.0,June,2,2,1,4,Returning_Visitor,True,False
0,1.49,0,0.0,19,422.83,0.0,0.05,0.0,0.0,Mar,2,2,1,3,Returning_Visitor,False,False
0,0.0,0,0.0,21,621.65,0.09,0.1,0.0,0.01,May,3,2,1,3,Returning_Visitor,True,False
0,12.95,0,0.0,2,22.0,0.05,0.07,0.01,0.0,Dec,3,2,7,20,Returning_Visitor,False,False
0,1.83,0,0.0,5,239.0,0.0,0.04,0.0,0.0,Mar,2,2,9,1,Returning_Visitor,False,False
0,2.19,0,0.27,2,222.0,0.0,0.1,0.0,0.0,Feb,2,6,1,2,Returning_Visitor,True,False
0,0.0,0,0.0,10,48.0,0.0,0.07,0.0,0.0,May,4,1,1,1,Returning_Visitor,False,False
1,27.5,0,0.0,45,1673.59,0.0,0.04,0.0,0.0,Nov,2,4,3,10,Returning_Visitor,True,False
0,1.73,0,0.0,7,149.32,0.13,0.1,0.0,0.0,Mar,2,4,6,3,Returning_Visitor,True,False
1,52.4,0,0.0,13,176.1,0.0,0.01,0.0,0.0,Mar,1,1,1,2,Returning_Visitor,True,False
3,17.95,1,0.35,18,288.89,0.0,0.01,0.0,0.0,Oct,2,2,1,2,Returning_Visitor,False,True
0,0.0,0,0.0,2,145.23,0.0,0.1,0.0,0.0,Mar,3,2,1,1,Returning_Visitor,False,False
3,7.0,0,0.0,24,631.14,0.02,0.02,0.0,0.0,Nov,1,1,1,3,Returning_Visitor,True,False
3,123.0,0,0.34,8,371.67,0.0,0.01,0.01,0.0,Mar,3,2,4,2,New_Visitor,False,False
0,6.01,0,0.0,7,70.4,0.11,0.14,0.0,0.0,Jul,3,2,4,1,Returning_Visitor,False,False
0,1.96,0,0.99,46,3346.04,0.0,0.02,0.0,0.0,Nov,2,2,3,2,Returning_Visitor,False,True
2,21.25,0,0.0,40,305.21,0.0,0.01,0.0,0.0,Nov,2,4,7,2,Returning_Visitor,False,False
0,0.0,0,0.0,15,734.25,0.0,0.02,61.06,0.0,Dec,2,2,9,2,Returning_Visitor,False,True
2,36.4,0,2.33,3,28.2,0.0,0.0,60.94,0.0,Sep,1,1,3,2,New_Visitor,False,False
0,0.0,0,0.0,11,357.0,0.02,0.03,0.0,0.0,Dec,2,2,7,2,Returning_Visitor,True,False
2,46.5,1,64.5,91,3309.45,0.02,0.02,0.0,0.0,Nov,3,2,1,13,Returning_Visitor,True,True
3,128.12,4,134.5,93,1508.16,0.01,0.02,0.02,0.0,Nov,2,2,3,2,Returning_Visitor,False,False
1,99.87,0,0.0,42,1496.12,0.0,0.01,0.03,0.0,Dec,2,2,1,2,New_Visitor,False,False
9,116.54,4,208.67,57,1813.25,0.0,0.02,30.61,0.0,Nov,1,2,1,2,Returning_Visitor,False,True
0,0.0,0,0.0,13,193.5,0.13,0.1,0.02,0.59,May,3,2,3,13,Returning_Visitor,False,False
0,1.56,0,0.0,45,1433.08,0.0,0.03,0.0,0.4,May,2,2,1,2,Returning_Visitor,True,False
7,105.47,0,13.82,45,778.97,0.01,0.06,37.92,0.0,Aug,2,2,6,2,New_Visitor,False,True
4,143.0,0,20.5,10,386.15,0.01,0.02,64.6,0.0,Mar,1,1,1,8,Returning_Visitor,False,True
0,0.0,0,0.0,13,1012.2,0.0,0.03,0.0,0.0,May,2,2,7,4,Returning_Visitor,False,False
0,0.0,0,0.0,8,150.06,0.0,0.06,0.0,0.0,Nov,2,2,3,2,Returning_Visitor,False,False
0,0.0,0,0.0,4,60.5,0.13,0.14,0.03,0.0,Nov,1,1,1,1,Returning_Visitor,False,False
4,47.83,0,0.0,69,2499.99,0.0,0.01,0.0,0.0,Nov,2,2,8,2,New_Visitor,False,False
4,105.97,1,22.86,74,1469.51,0.0,0.01,0.04,0.0,Aug,2,2,3,1,Returning_Visitor,False,False
2,7.0,0,0.0,10,145.26,0.13,0.11,0.0,0.0,Mar,2,2,1,1,Returning_Visitor,False,False
0,0.0,0,0.0,3,48.0,0.0,0.03,0.05,0.0,Mar,2,2,5,1,Returning_Visitor,True,False
8,164.47,0,0.0,3,26.7,0.02,0.04,0.0,0.0,Nov,3,2,4,4,New_Visitor,True,False
0,0.0,0,0.0,81,81.0,0.0,0.05,0.0,0.4,May,2,4,1,4,Returning_Visitor,False,False
0,0.0,0,0.0,19,160.5,0.0,0.04,0.0,0.8,May,2,2,4,6,Returning_Visitor,False,False
2,104.13,0,0.0,46,1490.27,0.01,0.02,0.0,0.0,May,2,4,3,2,Returning_Visitor,False,False
0,0.0,0,0.0,46,1041.73,0.02,0.05,0.01,0.0,Nov,3,2,8,1,Returning_Visitor,False,False
3,30.5,0,0.0,46,1839.83,0.0,0.01,0.07,0.0,May,2,2,7,3,Returning_Visitor,False,False
0,0.0,0,0.0,38,1372.0,0.01,0.02,0.0,0.0,Mar,2,2,1,2,Returning_Visitor,False,False
8,104.01,0,0.0,107,3739.64,0.0,0.01,12.23,0.0,Oct,2,2,3,2,Returning_Visitor,False,False
0,0.0,0,0.0,6,139.0,0.0,0.05,0.0,0.0,May,2,4,3,3,Returning_Visitor,False,False
2,78.65,0,3.42,117,1486.99,0.02,0.04,2.43,0.0,Jul,2,2,1,1,Returning_Visitor,False,True
0,6.07,0,0.0,13,146.33,0.13,0.1,0.0,0.0,June,2,2,7,1,Returning_Visitor,False,False
2,16.39,1,18.47,32,871.33,0.0,0.01,0.14,0.0,Mar,2,4,2,5,New_Visitor,False,True
0,0.0,0,2.97,46,1495.17,0.0,0.01,52.68,0.0,Dec,8,13,9,20,Other,False,True
2,100.94,2,1150.0,58,5072.4,0.02,0.04,3.23,0.57,May,2,2,3,6,Returning_Visitor,False,False
0,1.52,0,0.3,6,166.17,0.03,0.05,0.02,0.0,May,2,2,1,3,Returning_Visitor,False,False
0,0.0,0,2.62,11,1504.38,0.0,0.03,61.13,0.0,June,2,2,6,2,Returning_Visitor,False,True
0,0.0,1,212.5,21,1480.02,0.0,0.0,0.63,0.0,Mar,2,4,7,3,Returning_Visitor,False,False
0,0.0,0,0.49,8,100.0,0.0,0.02,0.02,0.01,Mar,1,1,7,1,Returning_Visitor,False,False
0,0.0,0,0.0,6,183.5,0.0,0.03,0.0,0.0,Dec,2,2,1,2,New_Visitor,False,False
0,0.0,0,0.16,14,221.5,0.0,0.02,0.01,0.0,May,2,2,1,2,Returning_Visitor,False,False
0,0.0,0,1.68,28,475.02,0.0,0.01,0.0,0.0,Nov,1,1,3,10,New_Visitor,True,False
0,0.0,0,0.0,13,356.0,0.01,0.04,0.0,0.2,May,3,2,9,13,Returning_Visitor,False,False
4,122.25,0,0.0,45,1500.22,0.02,0.02,0.01,0.0,Nov,1,1,3,2,Returning_Visitor,False,False
3,15.0,0,0.0,29,1714.4,0.02,0.05,0.0,0.0,May,2,2,1,4,Returning_Visitor,False,False
0,1.48,0,0.0,11,309.5,0.01,0.04,0.0,0.0,Mar,1,1,1,1,Returning_Visitor,True,False
0,0.0,0,0.17,12,460.2,0.06,0.11,0.0,0.0,Jul,2,2,1,4,Returning_Visitor,False,False
0,0.0,1,44.0,41,1089.75,0.0,0.01,0.0,0.0,Mar,2,2,3,2,New_Visitor,False,False
6,199.05,0,0.0,18,843.02,0.0,0.02,12.29,0.0,Sep,2,2,1,4,Returning_Visitor,False,False
0,0.0,0,0.0,7,180.0,0.03,0.06,0.02,0.59,May,2,2,1,4,Returning_Visitor,False,False
11,399.75,3,47.75,61,1458.99,0.0,0.02,17.5,0.0,Nov,1,1,1,2,Returning_Visitor,False,False
0,0.0,0,0.0,7,865.28,0.0,0.04,0.0,0.0,Mar,1,1,1,10,Returning_Visitor,False,False
3,76.75,0,0.0,36,1504.7,0.01,0.02,18.99,0.0,May,2,2,1,2,Returning_Visitor,False,False
1,22.48,0,0.0,19,1834.08,0.02,0.03,0.01,0.0,Mar,2,2,2,10,Returning_Visitor,False,False
3,2.0,1,4.65,77,1487.44,0.0,0.03,0.0,0.0,Dec,2,2,1,2,Returning_Visitor,False,True
0,0.0,0,0.0,52,2180.22,0.0,0.01,0.0,0.0,Dec,2,2,4,2,Returning_Visitor,False,False
3,50.96,0,0.0,46,609.35,0.0,0.01,0.02,0.0,Dec,2,2,1,2,New_Visitor,False,False
3,67.4,0,0.0,13,1087.93,0.01,0.02,14.49,0.0,Sep,2,2,5,7,Returning_Visitor,True,False
2,97.26,0,0.0,48,1490.74,0.01,0.01,0.01,0.0,May,2,5,7,4,Returning_Visitor,False,False
6,77.5,0,0.76,46,1361.78,0.0,0.07,0.0,0.0,Dec,2,2,9,2,Returning_Visitor,False,False
5,102.75,1,21.8,46,3621.61,0.0,0.01,18.78,0.0,Jul,2,4,4,1,Returning_Visitor,False,False
0,0.0,0,0.0,6,52.5,0.07,0.1,0.0,0.0,Dec,3,2,3,3,Returning_Visitor,False,False
0,0.0,0,0.11,72,2347.72,0.01,0.04,0.02,0.8,May,2,2,1,2,Returning_Visitor,False,False
1,27.0,2,80.61,16,550.36,0.0,0.01,0.14,0.0,May,4,1,1,4,Returning_Visitor,False,False
0,0.0,0,0.0,16,641.5,0.0,0.04,0.0,0.0,May,4,1,2,1,Returning_Visitor,False,False
0,1.84,0,0.0,8,541.5,0.13,0.14,0.01,0.0,May,2,2,4,1,Returning_Visitor,False,False
6,71.5,0,0.0,43,981.3,0.0,0.02,0.31,0.0,Mar,3,2,1,1,Returning_Visitor,False,True
4,103.51,0,0.43,46,3960.65,0.0,0.01,0.03,0.0,Mar,2,4,1,1,Returning_Visitor,False,False
3,11.0,0,0.0,30,411.35,0.0,0.03,0.0,0.0,Mar,2,2,6,3,Returning_Visitor,False,False
3,149.5,0,0.13,13,368.0,0.0,0.01,0.0,0.0,May,2,2,8,2,New_Visitor,False,False
11,251.31,2,1655.4,80,1249.05,0.01,0.01,8.52,0.01,Sep,3,2,1,2,Returning_Visitor,False,False
0,4.5,0,0.0,24,1495.75,0.01,0.05,0.0,0.8,May,2,4,1,3,Returning_Visitor,False,False
1,0.0,0,0.0,3,178.5,0.0,0.03,8.05,0.0,Sep,2,6,2,1,Returning_Visitor,False,False
5,105.41,3,106.0,90,4792.38,0.0,0.01,41.56,0.0,Nov,3,2,1,1,Returning_Visitor,False,True
0,3.31,0,0.0,9,414.35,0.01,0.02,0.06,0.0,Oct,3,2,1,2,New_Visitor,False,False
0,1.56,1,1210.4,7,279.86,0.0,0.05,0.39,0.0,Mar,2,2,1,8,Returning_Visitor,False,False
1,24.5,0,0.71,47,1505.02,0.0,0.02,0.0,0.0,Nov,3,2,7,8,Returning_Visitor,False,False
0,0.0,0,0.0,22,1479.44,0.01,0.02,0.0,0.0,Nov,2,4,1,2,Returning_Visitor,False,False
0,0.0,0,1.05,1,24.0,0.0,0.1,0.0,0.0,May,1,1,4,3,Returning_Visitor,True,False
3,145.2,0,0.39,46,1646.37,0.0,0.03,0.07,0.0,June,2,2,2,1,Returning_Visitor,False,False
0,0.0,0,1.25,46,1514.12,0.01,0.03,0.0,0.0,Aug,3,2,7,6,Returning_Visitor,False,False
3,314.5,0,0.0,22,1556.96,0.0,0.01,0.0,0.0,May,2,4,2,2,New_Visitor,False,False
9,299.45,2,48.3,54,2802.37,0.01,0.03,16.97,0.0,Aug,3,2,7,1,Returning_Visitor,False,False
2,65.0,1,21.4,13,1502.36,0.0,0.02,0.0,0.0,May,1,2,8,6,Returning_Visitor,False,False
1,0.0,0,0.0,10,645.2,0.03,0.05,0.0,0.0,Jul,3,2,4,1,Returning_Visitor,False,False
0,0.0,0,0.1,13,462.73,0.01,0.05,0.02,0.0,May,1,1,1,3,Returning_Visitor,False,False
0,0.0,0,0.15,37,1065.26,0.02,0.05,0.0,0.0,Dec,1,1,8,1,Returning_Visitor,False,False
3,60.4,0,0.0,4,158.82,0.0,0.04,0.0,0.0,Jul,1,1,3,4,New_Visitor,False,False
3,30.9,0,0.0,10,153.9,0.02,0.02,0.0,0.0,May,3,2,1,4,Returning_Visitor,False,True
0,6.18,1,18.0,47,1736.45,0.0,0.04,0.0,0.6,May,2,2,2,2,Returning_Visitor,False,False
0,1.58,0,0.06,1,18.01,0.13,0.2,0.0,0.0,Dec,1,1,1,3,Returning_Visitor,False,False
4,104.02,2,385.0,53,1495.15,0.0,0.03,7.21,0.0,Dec,2,2,1,2,Returning_Visitor,True,False
1,104.2,0,0.0,75,1677.81,0.01,0.02,0.0,0.0,Dec,2,2,1,1,Returning_Visitor,False,False
0,0.0,0,0.21,5,19.0,0.0,0.14,0.0,0.6,May,2,2,1,3,Returning_Visitor,False,False
0,24.72,2,24.09,13,755.0,0.0,0.02,71.49,0.0,May,2,5,1,3,New_Visitor,False,True
3,151.0,0,0.0,6,1446.44,0.0,0.02,0.08,0.0,Mar,3,2,3,3,Returning_Visitor,False,False
8,160.5,2,5.0,56,1167.32,0.0,0.02,0.04,0.0,Dec,2,2,3,1,Returning_Visitor,False,False
0,0.0,0,0.0,3,78.33,0.0,0.02,0.01,0.0,Mar,2,2,7,2,Returning_Visitor,False,False
0,0.0,0,0.0,6,1225.91,0.03,0.07,0.38,0.0,Oct,2,6,2,2,Returning_Visitor,False,False
0,2.51,0,0.0,20,1222.8,0.03,0.07,0.0,0.0,Dec,3,2,1,20,Returning_Visitor,False,False
2,67.5,0,0.0,11,294.0,0.0,0.01,0.0,0.0,Dec,1,1,1,2,Returning_Visitor,True,False
1,13.0,1,53.0,13,388.74,0.0,0.01,0.0,0.0,May,1,1,1,1,Returning_Visitor,False,False
2,96.0,0,0.0,37,1238.5,0.0,0.02,0.01,0.0,Mar,2,2,1,2,New_Visitor,False,False
3,109.0,0,0.0,33,1500.31,0.0,0.04,0.0,0.0,Dec,2,2,3,2,Returning_Visitor,False,False
0,0.0,0,0.0,16,824.23,0.0,0.05,0.0,0.0,May,2,2,3,1,Returning_Visitor,False,True
8,129.9,0,0.0,70,1438.71,0.01,0.03,0.0,0.0,Jul,2,2,7,1,Returning_Visitor,False,False
2,61.48,0,0.24,40,1495.76,0.0,0.02,10.21,0.0,Oct,2,2,3,2,Returning_Visitor,False,False
4,102.75,1,0.0,34,565.05,0.0,0.02,0.0,0.0,Sep,1,1,3,2,Returning_Visitor,False,False
0,0.0,0,0.0,8,179.48,0.0,0.05,0.0,1.0,Feb,2,2,5,1,Returning_Visitor,True,False
0,1.75,0,0.0,6,81.67,0.0,0.07,0.0,0.0,Dec,2,2,7,2,Returning_Visitor,True,False
1,64.5,0,0.0,41,961.25,0.0,0.05,0.0,0.0,Dec,2,2,1,2,New_Visitor,False,False
3,155.0,0,0.0,41,1427.87,0.0,0.01,14.15,0.0,Mar,2,2,7,2,Returning_Visitor,False,False
3,4.15,0,0.0,13,149.05,0.01,0.04,0.65,0.0,Mar,1,1,4,2,Returning_Visitor,True,False
3,99.22,0,0.14,108,2270.91,0.01,0.03,0.0,0.0,Nov,2,2,1,3,Returning_Visitor,False,False
6,352.37,0,0.0,11,605.62,0.0,0.01,0.71,0.0,June,2,2,1,2,Returning_Visitor,False,True
5,423.5,2,0.5,6,91.5,0.05,0.06,0.0,0.2,May,2,2,4,2,New_Visitor,False,False
0,1.64,0,0.0,13,528.25,0.0,0.01,0.0,0.0,Nov,2,2,5,2,New_Visitor,False,False
2,46.5,1,377.0,44,1276.55,0.05,0.06,0.0,0.03,May,3,2,3,2,Returning_Visitor,False,False
4,699.0,0,5.22,13,261.7,0.01,0.02,0.0,0.0,May,3,2,3,11,New_Visitor,False,False
2,0.0,0,0.91,12,231.75,0.0,0.02,0.0,0.0,Nov,1,1,2,1,Returning_Visitor,False,False
0,0.0,0,0.37,10,130.75,0.04,0.08,0.0,0.0,Nov,3,2,1,13,Returning_Visitor,False,False
0,17.2,0,0.0,11,394.8,0.0,0.03,0.0,0.0,Nov,2,2,4,13,Returning_Visitor,False,False
0,56.63,7,309.73,58,1280.15,0.02,0.04,0.0,0.0,Aug,2,2,6,1,Returning_Visitor,False,False
0,1.48,0,0.0,9,869.0,0.0,0.02,0.0,0.0,May,2,5,1,4,Returning_Visitor,False,False
3,195.0,2,80.11,46,1564.27,0.01,0.03,9.59,0.0,Nov,1,2,1,2,Returning_Visitor,False,True
0,4.5,0,0.0,39,908.33,0.0,0.01,33.65,0.01,May,2,2,3,2,Returning_Visitor,False,False
7,163.67,0,0.0,8,232.72,0.02,0.02,0.08,0.0,May,3,2,6,11,New_Visitor,False,False
6,448.34,4,92.32,40,1492.26,0.0,0.01,17.19,0.01,May,3,2,1,11,Returning_Visitor,False,False
6,90.6,0,0.0,41,384.8,0.0,0.02,0.0,0.01,Nov,1,2,3,2,New_Visitor,False,False
2,37.0,0,1.19,6,17.0,0.0,0.05,0.0,0.0,Nov,3,2,1,2,New_Visitor,True,False
0,0.0,0,7.66,47,5178.53,0.0,0.03,0.0,0.0,Nov,2,2,3,2,Returning_Visitor,False,True
6,66.27,1,348.6,20,233.17,0.06,0.05,11.12,0.0,Oct,3,2,1,2,Returning_Visitor,False,False
2,0.0,1,0.22,7,85.6,0.01,0.05,0.0,0.0,Dec,3,2,4,2,Returning_Visitor,False,False
1,19.0,0,0.16,11,658.92,0.0,0.02,0.0,0.0,Nov,2,2,1,2,Returning_Visitor,False,False
0,1.94,0,0.0,11,1501.43,0.04,0.05,0.0,0.0,Dec,2,2,1,10,Returning_Visitor,False,False
2,287.2,0,0.36,46,473.28,0.0,0.0,0.0,0.0,Oct,2,2,1,2,New_Visitor,True,False
0,1.79,0,0.0,88,2765.44,0.0,0.01,0.0,0.02,Dec,2,2,1,2,Returning_Visitor,False,False
5,121.27,0,0.45,8,114.6,0.0,0.01,0.47,0.0,Nov,1,1,1,2,New_Visitor,True,False
9,192.92,1,114.5,60,1394.24,0.0,0.0,63.65,0.0,Dec,2,2,7,2,Returning_Visitor,False,True
0,2.61,0,0.0,13,271.0,0.02,0.04,0.07,0.0,Nov,2,2,1,3,Returning_Visitor,False,False
2,82.0,0,0.06,13,155.98,0.0,0.03,0.0,0.0,Dec,2,2,1,2,Returning_Visitor,False,False
0,0.0,0,0.19,16,424.91,0.0,0.03,1.09,0.0,Mar,1,1,1,2,Returning_Visitor,True,False
0,0.0,0,0.0,1,0.0,0.2,0.09,0.09,0.01,May,4,1,1,5,Returning_Visitor,False,False
0,1.64,0,0.0,4,234.77,0.1,0.14,0.01,0.8,May,2,2,1,13,Returning_Visitor,False,False
3,106.5,2,81.81,29,1433.63,0.01,0.02,0.0,0.0,Nov,3,2,4,2,Returning_Visitor,True,False
0,2.34,0,0.0,15,1037.16,0.0,0.05,0.0,0.0,Nov,2,2,3,11,Returning_Visitor,False,False
0,0.0,0,0.14,1,0.0,0.2,0.14,0.0,0.0,Mar,2,2,1,1,Returning_Visitor,False,False
5,104.19,0,0.0,38,3815.17,0.0,0.03,0.0,0.0,Nov,2,2,4,2,Returning_Visitor,False,False
3,200.5,0,0.0,66,1497.28,0.0,0.01,2.21,0.0,May,2,2,1,1,Returning_Visitor,False,False
0,0.0,0,0.0,8,416.83,0.0,0.01,0.0,0.0,May,3,2,4,6,New_Visitor,False,False
0,0.0,0,0.0,37,4339.37,0.01,0.04,13.66,0.0,Sep,2,2,4,1,Returning_Visitor,False,False
0,30.0,1,148.5,24,624.24,0.01,0.01,10.1,0.0,Mar,1,1,1,10,Returning_Visitor,False,False
10,380.43,0,0.0,39,1453.77,0.0,0.01,0.0,0.0,Nov,2,2,5,2,Returning_Visitor,False,False
4,111.17,2,25.75,16,411.94,0.01,0.01,0.0,0.0,Nov,3,2,8,2,New_Visitor,True,False
3,21.2,0,0.0,12,249.41,0.01,0.02,0.0,0.0,Oct,2,2,3,2,Returning_Visitor,True,False
0,0.0,0,0.0,13,722.7,0.0,0.02,68.38,0.0,May,1,1,5,3,New_Visitor,False,True
1,135.5,0,0.0,50,1441.87,0.0,0.0,0.0,0.0,May,2,2,2,4,Returning_Visitor,False,False
6,78.75,0,0.0,46,465.73,0.0,0.11,0.0,0.0,Dec,4,2,1,2,New_Visitor,False,False
3,22.0,0,0.0,10,1485.31,0.03,0.04,0.09,0.0,Dec,4,2,3,10,Returning_Visitor,True,False
0,21.83,0,0.0,3,167.5,0.0,0.02,0.0,0.2,May,3,2,8,1,Returning_Visitor,False,False
3,40.2,1,26.1,10,161.35,0.0,0.02,0.09,0.0,Oct,2,2,3,3,New_Visitor,False,False
3,10.3,0,85.59,142,4204.43,0.01,0.02,0.77,0.0,Jul,2,2,4,13,Returning_Visitor,False,False
0,0.0,0,0.81,46,1498.82,0.03,0.14,0.0,0.6,May,2,6,2,6,Returning_Visitor,False,False
0,0.0,0,0.0,43,1146.5,0.0,0.04,0.07,0.6,May,2,2,1,4,Returning_Visitor,False,False
1,154.5,0,0.92,13,308.33,0.0,0.01,0.0,0.0,Dec,1,2,2,10,Returning_Visitor,True,False
1,19.1,0,0.0,11,220.52,0.0,0.01,0.0,0.0,Aug,3,2,1,2,New_Visitor,False,True
0,0.0,0,0.0,15,593.75,0.0,0.01,60.94,0.0,Nov,1,2,1,11,Returning_Visitor,True,True
0,0.0,0,0.0,2,0.0,0.2,0.14,0.0,0.0,Dec,1,1,4,2,Returning_Visitor,True,False
3,104.2,0,0.0,9,354.0,0.0,0.02,0.0,0.0,Mar,3,2,1,3,Returning_Visitor,False,False
0,0.0,5,497.83,26,851.67,0.01,0.02,0.0,0.0,Nov,2,2,1,2,Returning_Visitor,True,False
7,146.25,0,0.0,42,1030.27,0.0,0.01,0.0,0.0,Mar,2,2,1,2,New_Visitor,False,False
0,1.5,0,0.13,12,162.0,0.0,0.03,0.02,0.0,May,1,1,1,3,Returning_Visitor,False,False
5,135.25,0,0.0,39,1503.6,0.01,0.01,33.44,0.0,Dec,1,1,1,2,Returning_Visitor,False,False
3,10.0,0,0.0,46,1066.0,0.02,0.03,0.0,0.0,May,2,2,1,2,Returning_Visitor,True,False
4,244.0,0,0.61,6,423.15,0.0,0.01,0.01,0.0,May,3,3,4,2,New_Visitor,False,False
0,0.0,0,0.0,8,307.3,0.0,0.01,0.0,0.0,Nov,1,1,1,4,New_Visitor,True,False
0,0.0,0,0.0,6,415.0,0.0,0.03,0.65,0.4,Feb,1,1,3,2,Returning_Visitor,False,False
0,50.54,2,38.2,121,3362.75,0.03,0.04,4.21,0.0,Jul,1,1,1,3,Returning_Visitor,False,False
5,80.0,0,0.0,46,1474.21,0.0,0.0,0.0,0.0,May,2,4,1,2,New_Visitor,False,False
3,5.0,0,0.57,8,20.0,0.05,0.14,0.0,0.58,May,1,1,1,4,Returning_Visitor,False,False
0,0.0,0,0.0,2,16.75,0.2,0.2,0.0,0.0,Dec,1,1,1,1,Returning_Visitor,False,False
5,103.88,0,0.0,6,81.38,0.0,0.03,0.0,0.0,Dec,1,1,3,2,Returning_Visitor,True,False
2,50.5,0,0.0,46,2147.38,0.0,0.01,0.01,0.0,Dec,2,2,9,1,Returning_Visitor,False,False
0,0.0,0,0.0,4,145.14,0.01,0.1,0.0,0.0,Mar,2,2,4,1,Returning_Visitor,False,False
4,88.85,2,546.5,37,1567.87,0.0,0.0,14.54,0.0,Nov,1,2,9,2,Returning_Visitor,True,True
2,20.2,0,0.0,9,1255.9,0.0,0.05,0.0,0.0,Oct,2,2,1,1,Returning_Visitor,False,False
0,0.0,0,0.0,1,0.0,0.13,0.2,0.0,0.0,Dec,2,2,4,2,Returning_Visitor,False,False
2,268.08,0,0.0,13,417.55,0.03,0.06,0.1,0.0,Sep,3,2,1,13,Returning_Visitor,True,True
0,1.47,0,0.0,2,0.0,0.1,0.15,0.05,0.0,Nov,2,2,1,13,Returning_Visitor,False,False
0,0.0,0,0.12,26,403.0,0.1,0.15,0.02,0.0,Mar,1,1,3,3,Returning_Visitor,False,False
3,63.0,0,0.0,22,1488.04,0.0,0.01,0.0,0.0,May,2,2,3,2,New_Visitor,False,False
0,0.0,0,0.0,33,1246.71,0.03,0.05,0.0,0.0,Dec,3,2,1,2,Returning_Visitor,False,False
3,104.22,2,72.28,45,1495.36,0.01,0.01,0.11,0.0,Mar,3,2,3,2,Returning_Visitor,False,True
0,0.0,0,0.0,8,245.4,0.03,0.11,0.77,0.0,Sep,3,7,1,4,Returning_Visitor,False,False
0,0.0,0,0.0,39,2808.67,0.0,0.01,0.0,0.0,Mar,2,2,1,10,Returning_Visitor,False,False
7,104.52,1,81.11,25,1617.75,0.01,0.07,12.3,0.4,May,3,2,1,6,Returning_Visitor,False,False
0,0.0,0,0.0,6,120.5,0.05,0.11,0.0,0.0,Dec,3,2,1,2,Returning_Visitor,True,False
3,256.5,0,0.0,13,117.25,0.11,0.13,0.0,0.0,Nov,2,2,7,11,Returning_Visitor,True,True
0,26.04,0,0.0,74,1502.88,0.01,0.02,0.0,0.0,Nov,2,2,5,1,Returning_Visitor,False,False
0,0.0,0,0.08,46,812.0,0.0,0.01,0.01,0.0,Mar,2,2,1,1,Returning_Visitor,False,False
3,140.75,2,8.0,16,2073.38,0.0,0.02,0.08,0.0,Nov,3,2,3,1,Returning_Visitor,False,False
0,1.88,0,0.0,1,0.0,0.13,0.2,0.0,0.0,Dec,2,2,4,13,Returning_Visitor,False,False
0,2.72,0,0.0,16,885.75,0.0,0.03,0.0,0.0,Dec,2,2,1,2,Returning_Visitor,True,False
0,2.31,0,0.0,16,370.67,0.03,0.05,0.0,0.0,Dec,3,2,2,3,Returning_Visitor,False,False
0,0.0,0,0.0,45,629.5,0.0,0.01,0.01,0.0,May,3,2,1,13,New_Visitor,False,False
0,0.0,0,0.0,6,203.0,0.1,0.14,0.0,0.0,May,1,1,3,4,Returning_Visitor,False,False
9,111.5,0,1.56,29,2351.05,0.01,0.02,0.01,0.0,May,2,4,1,1,Returning_Visitor,False,False
5,119.0,0,2.43,46,1143.35,0.0,0.01,0.0,0.0,Dec,1,1,1,2,Returning_Visitor,False,False
0,0.0,0,0.12,4,34.0,0.1,0.15,0.0,0.0,Mar,3,2,1,1,Returning_Visitor,False,False
0,0.0,0,0.0,5,165.45,0.03,0.03,0.0,0.0,Dec,1,1,1,3,New_Visitor,False,False
0,1.91,0,2.06,12,1375.72,0.0,0.02,0.0,0.0,Nov,2,2,3,2,Returning_Visitor,False,False
3,48.67,0,0.0,66,1509.71,0.0,0.03,12.03,0.0,Mar,3,2,3,6,Returning_Visitor,False,False
0,0.0,0,0.0,13,148.33,0.03,0.05,0.0,0.0,Jul,2,2,9,1,Returning_Visitor,False,False
3,48.35,2,358.6,35,676.27,0.0,0.01,0.09,0.0,Oct,2,2,2,2,New_Visitor,False,False
0,2.33,0,0.0,26,338.23,0.02,0.13,0.0,0.0,May,2,2,2,2,Returning_Visitor,False,False
0,0.0,0,0.0,13,187.0,0.03,0.05,0.0,0.0,Mar,2,2,1,1,Returning_Visitor,False,False
3,20.2,0,0.0,16,357.4,0.0,0.01,0.39,0.0,Oct,2,2,2,2,New_Visitor,True,False
0,0.0,0,0.0,2,107.8,0.0,0.14,0.0,0.0,May,2,2,5,13,Returning_Visitor,False,False
2,5.12,0,0.58,46,1743.52,0.0,0.03,0.0,0.0,Nov,2,2,1,2,Returning_Visitor,False,False
3,104.04,2,53.17,8,1338.16,0.01,0.04,1.94,0.0,Oct,1,1,2,2,New_Visitor,True,False
1,34.74,0,0.0,7,157.81,0.0,0.05,76.78,0.0,Nov,2,4,9,2,Returning_Visitor,False,False
0,0.0,0,0.0,13,104.0,0.0,0.1,0.0,0.0,Mar,2,6,4,1,Returning_Visitor,False,False
0,0.0,0,0.0,14,706.5,0.0,0.01,0.03,0.0,Feb,2,5,5,1,Returning_Visitor,True,False
0,0.0,0,0.0,36,33.0,0.0,0.1,0.0,0.0,May,1,8,3,2,Returning_Visitor,False,False
0,3.26,0,0.06,65,1803.58,0.02,0.04,0.0,0.8,May,3,2,6,3,Returning_Visitor,False,False
1,29.2,0,0.99,13,199.28,0.0,0.0,0.05,0.0,Jul,4,1,3,4,Returning_Visitor,False,False
0,0.0,0,0.12,1,12.56,0.2,0.2,0.02,0.0,Dec,2,2,3,1,Returning_Visitor,False,False
4,9.58,2,78.88,16,1504.36,0.0,0.0,56.59,0.59,May,2,4,3,4,New_Visitor,False,True
11,376.5,4,83.14,104,2743.82,0.0,0.01,12.23,0.0,May,1,1,2,20,Returning_Visitor,False,False
0,0.0,0,0.0,14,1539.0,0.02,0.03,0.0,0.0,May,2,10,2,2,Returning_Visitor,False,False
3,78.44,0,1.18,13,92.4,0.0,0.02,0.0,0.0,Dec,2,2,3,2,Returning_Visitor,False,False
0,0.0,0,0.0,23,373.5,0.02,0.05,0.06,0.0,June,3,2,2,1,Returning_Visitor,False,False
0,0.0,0,0.0,3,9.31,0.2,0.14,0.0,0.0,May,3,2,3,4,Returning_Visitor,True,False
3,44.0,0,0.0,10,355.0,0.0,0.02,0.0,0.0,May,2,2,1,2,New_Visitor,False,False
0,0.0,0,0.3,1,0.0,0.13,0.2,0.0,0.0,Dec,2,2,2,1,Returning_Visitor,False,False
0,2.89,0,0.0,2,648.0,0.0,0.1,0.0,0.8,May,1,1,4,1,Returning_Visitor,False,False
0,1.45,0,0.0,3,23.0,0.2,0.2,0.0,0.01,May,2,4,3,1,Returning_Visitor,False,False
0,0.0,0,0.0,15,264.12,0.02,0.04,0.0,0.0,Nov,2,5,7,3,Returning_Visitor,False,False
8,822.67,3,225.33,47,1266.32,0.01,0.03,7.52,0.0,Nov,1,2,3,1,Returning_Visitor,False,False
3,78.0,0,0.0,21,406.8,0.0,0.01,0.0,0.0,May,2,4,1,3,Returning_Visitor,False,False
2,104.06,0,0.71,12,165.4,0.01,0.04,0.37,0.0,Aug,2,5,3,6,Returning_Visitor,False,False
1,75.06,0,0.11,7,914.5,0.0,0.03,0.0,0.0,Nov,2,2,2,1,Returning_Visitor,False,False
0,0.0,0,0.0,17,65.0,0.13,0.08,0.0,0.6,May,2,2,1,3,Returning_Visitor,False,False
1,80.94,0,0.0,6,119.6,0.0,0.01,0.0,0.0,Jul,2,2,1,2,New_Visitor,False,True
0,0.0,0,0.0,17,295.0,0.01,0.05,0.0,0.8,May,2,2,2,3,Returning_Visitor,False,False
3,308.0,0,0.43,54,1306.15,0.0,0.05,0.01,0.0,Mar,2,2,4,1,Returning_Visitor,False,False
1,107.5,0,0.0,7,170.75,0.0,0.03,0.0,0.0,Nov,1,1,1,2,New_Visitor,False,False
0,0.0,0,0.0,6,113.67,0.0,0.02,0.0,0.0,Nov,3,2,4,13,Returning_Visitor,True,False
0,0.0,0,0.33,9,145.7,0.03,0.06,0.0,0.4,May,2,2,1,3,Returning_Visitor,False,False
0,0.0,0,0.57,7,76.0,0.0,0.05,0.0,0.0,Mar,2,2,7,3,Returning_Visitor,False,False
0,6.27,0,5.0,66,1066.04,0.0,0.05,0.0,0.4,May,2,6,1,4,Returning_Visitor,False,False
0,0.0,0,0.55,9,177.33,0.07,0.14,0.01,1.0,May,3,2,4,1,Returning_Visitor,True,False
1,0.0,0,0.0,1,19.0,0.0,0.1,0.0,0.0,Mar,1,1,3,2,Returning_Visitor,False,False
0,0.0,0,0.0,4,0.0,0.13,0.2,0.0,0.01,Dec,3,3,3,2,Returning_Visitor,True,False
0,0.0,0,0.0,15,125.25,0.03,0.05,0.02,0.6,May,2,2,6,4,Returning_Visitor,False,False
0,0.0,0,0.0,25,1690.98,0.0,0.04,0.0,0.0,Mar,1,1,3,1,Returning_Visitor,False,False
7,352.4,1,49.73,48,309.7,0.0,0.05,0.03,0.0,Sep,3,2,1,4,Returning_Visitor,False,False
0,0.0,0,0.0,13,450.83,0.04,0.1,0.0,0.0,May,2,2,2,1,Returning_Visitor,False,False
12,104.04,0,1.0,13,269.23,0.0,0.01,0.0,0.0,Dec,1,2,1,2,Returning_Visitor,False,False
6,94.03,1,62.5,80,1190.42,0.01,0.03,7.53,0.8,May,2,2,1,4,Returning_Visitor,False,False
0,0.0,0,0.0,24,778.17,0.0,0.01,0.0,0.0,Mar,2,2,1,2,Returning_Visitor,False,False
2,83.6,0,0.0,46,1502.57,0.0,0.01,0.0,0.0,Nov,2,2,3,1,Returning_Visitor,False,False
1,104.28,0,0.0,92,1688.06,0.0,0.02,0.18,0.0,May,2,2,1,6,Returning_Visitor,True,False
0,0.0,0,0.0,46,3389.8,0.03,0.05,0.89,0.0,Dec,2,4,1,1,Returning_Visitor,False,False
0,0.0,0,0.0,2,0.0,0.2,0.2,0.0,0.54,May,2,2,2,13,Returning_Visitor,False,False
0,1.92,0,0.09,47,1501.99,0.02,0.04,0.0,0.0,Jul,3,2,8,1,Returning_Visitor,False,False
4,75.0,2,312.0,98,1887.23,0.0,0.05,0.76,0.0,May,2,2,8,2,Returning_Visitor,False,False
1,7.0,0,0.0,4,45.0,0.0,0.01,0.0,0.0,Mar,3,2,3,1,Returning_Visitor,False,False
3,64.5,0,0.29,35,1502.17,0.0,0.01,0.0,0.0,Mar,3,2,4,2,Returning_Visitor,True,False
0,2.11,0,0.66,12,271.17,0.0,0.01,0.53,0.0,Nov,2,4,1,2,New_Visitor,False,False
5,38.58,2,9.0,7,584.38,0.0,0.06,0.11,0.0,Jul,1,1,1,1,Returning_Visitor,True,True
3,50.4,0,0.57,49,604.37,0.0,0.06,12.29,0.0,June,2,2,9,1,Returning_Visitor,False,False
0,0.0,0,0.22,6,155.34,0.0,0.05,0.0,0.0,May,4,1,1,3,Returning_Visitor,False,False
0,0.0,0,0.0,5,413.44,0.01,0.02,0.0,0.0,Mar,2,2,2,10,Returning_Visitor,False,False
0,4.41,0,0.0,16,147.96,0.0,0.02,0.0,0.0,Dec,1,1,4,2,Returning_Visitor,True,False
3,43.0,0,0.0,10,427.17,0.0,0.02,0.0,0.0,Mar,3,2,9,3,Returning_Visitor,False,False
2,53.5,0,0.0,16,681.5,0.0,0.02,0.0,0.0,Dec,2,4,1,2,Returning_Visitor,False,False
1,19.0,0,0.0,15,1364.69,0.01,0.03,0.0,0.0,Nov,3,2,1,1,Returning_Visitor,False,False
0,0.0,0,0.0,28,2102.75,0.13,0.08,0.0,0.0,Jul,3,2,3,13,Returning_Visitor,False,False
0,0.0,0,56.0,17,414.2,0.0,0.02,0.0,0.0,Mar,1,1,1,2,Returning_Visitor,True,False
3,2.53,0,1.46,11,385.0,0.0,0.02,0.0,0.08,May,2,2,3,2,Returning_Visitor,False,False
9,320.27,1,298.33,51,1788.37,0.02,0.01,8.22,0.0,Nov,3,2,3,2,Returning_Visitor,False,True
0,0.0,0,0.06,45,747.04,0.02,0.03,0.0,0.0,Nov,3,2,1,13,Returning_Visitor,False,False
0,201.84,0,0.0,48,2074.4,0.0,0.02,7.25,0.0,Aug,2,7,1,3,Returning_Visitor,False,False
0,0.0,0,0.0,16,394.56,0.01,0.03,0.0,0.0,Oct,2,2,1,20,New_Visitor,False,False
0,0.0,0,0.0,8,145.86,0.0,0.05,0.0,0.0,Dec,2,2,1,1,Returning_Visitor,False,False
0,0.0,0,0.06,33,783.67,0.01,0.03,0.0,0.0,Nov,2,2,1,3,Returning_Visitor,False,False
0,3.55,1,0.0,13,153.2,0.02,0.06,0.26,0.0,Aug,2,2,7,13,Returning_Visitor,False,True
0,0.0,0,0.0,3,146.35,0.13,0.1,0.03,0.0,May,3,2,1,3,Returning_Visitor,False,False
3,206.03,0,0.0,129,1513.46,0.01,0.02,0.08,0.0,Oct,2,2,1,3,Returning_Visitor,False,True
5,46.14,0,0.0,46,1346.63,0.01,0.03,0.0,0.0,Nov,2,2,3,2,Returning_Visitor,True,False
0,0.0,0,0.0,16,1432.5,0.0,0.03,35.42,0.6,May,2,2,4,4,Returning_Visitor,True,False
1,6.0,0,0.0,18,199.5,0.02,0.05,0.22,0.4,May,3,2,4,2,Returning_Visitor,False,False
0,0.0,0,0.66,21,530.58,0.02,0.05,0.0,0.0,Nov,3,2,4,3,Returning_Visitor,False,False
3,52.53,0,0.0,16,2059.3,0.0,0.03,26.19,0.01,Jul,5,11,1,1,Returning_Visitor,False,True
0,0.0,0,0.83,13,517.4,0.0,0.03,6.68,0.0,Nov,2,2,1,20,Returning_Visitor,True,True
0,2.49,0,0.0,13,297.25,0.0,0.02,0.01,0.0,May,2,2,3,1,Returning_Visitor,False,False
3,105.86,0,0.0,190,6375.07,0.01,0.02,0.0,0.0,Nov,2,2,1,2,Returning_Visitor,False,False
0,2.34,0,0.48,13,798.3,0.03,0.05,0.0,0.01,Aug,2,2,5,1,Returning_Visitor,False,False
0,2.11,0,0.0,2,30.0,0.0,0.1,0.01,0.0,Mar,2,2,4,2,Returning_Visitor,False,False
1,78.24,2,37.89,46,5459.97,0.04,0.06,4.18,0.2,May,2,1,1,6,Returning_Visitor,False,False
1,50.33,0,0.0,21,1490.49,0.0,0.01,0.06,0.6,May,1,1,1,2,Returning_Visitor,False,False
4,174.0,0,0.0,46,1307.67,0.02,0.04,0.0,0.0,May,2,2,4,2,Returning_Visitor,False,False
0,0.0,0,0.0,4,145.17,0.1,0.14,0.0,0.0,May,2,2,3,3,Returning_Visitor,False,False
3,32.0,0,1.23,50,1245.3,0.0,0.02,7.15,0.0,Mar,2,2,7,9,Returning_Visitor,True,False
3,11.82,1,23.0,19,739.07,0.04,0.02,13.67,0.4,May,3,6,4,6,Returning_Visitor,False,True
9,103.79,2,125.1,17,318.07,0.01,0.04,0.0,0.0,Mar,3,2,8,2,Returning_Visitor,False,False
7,98.73,0,0.23,46,1522.23,0.0,0.02,5.89,0.0,Jul,2,5,3,3,Returning_Visitor,False,False
1,45.0,0,0.0,13,1610.92,0.0,0.01,0.0,0.0,Mar,1,1,1,3,New_Visitor,True,False
6,71.38,0,0.0,73,1499.78,0.0,0.01,50.8,0.01,Nov,2,2,3,11,Returning_Visitor,False,True
3,5.07,0,0.0,46,441.6,0.0,0.02,0.0,0.0,Sep,2,2,6,3,New_Visitor,False,False
0,0.0,0,0.14,5,103.0,0.0,0.04,0.01,0.01,May,2,2,1,2,Returning_Visitor,False,False
3,101.22,0,0.0,9,430.5,0.0,0.02,0.0,0.0,Mar,2,2,1,2,New_Visitor,False,False
0,0.0,0,0.0,13,83.42,0.0,0.02,0.0,0.0,Nov,1,1,1,2,Returning_Visitor,False,False
2,103.65,1,48.0,5,156.0,0.0,0.03,0.0,0.0,Dec,2,2,1,2,New_Visitor,False,False
3,377.67,1,91.0,60,1548.09,0.01,0.03,22.92,0.0,Nov,1,1,1,2,Returning_Visitor,True,False
8,64.15,3,20.0,84,1503.84,0.0,0.01,3.17,0.0,Jul,2,2,7,2,Returning_Visitor,True,False
0,0.0,0,0.0,14,203.0,0.0,0.03,0.0,0.0,Mar,3,2,2,3,Returning_Visitor,False,False
0,0.0,1,2.52,41,446.42,0.0,0.03,0.0,0.0,Nov,2,2,1,13,Returning_Visitor,False,False
0,0.0,0,0.12,2,0.0,0.13,0.2,0.03,0.0,Mar,3,2,1,1,Returning_Visitor,True,False
0,0.0,0,0.0,13,212.83,0.04,0.07,1.02,0.4,May,1,1,4,3,Returning_Visitor,False,False
9,115.83,3,109.75,47,1284.66,0.02,0.03,10.76,0.0,Mar,2,2,1,1,Returning_Visitor,False,False
1,5.0,1,7.0,31,561.09,0.03,0.05,0.0,0.0,Jul,3,2,3,13,Returning_Visitor,False,False
0,0.0,0,1.08,1,188.68,0.0,0.07,0.0,0.0,Nov,1,1,3,2,Returning_Visitor,False,False
0,0.0,0,0.0,6,146.99,0.01,0.08,0.29,0.0,May,2,2,3,6,Returning_Visitor,False,False
2,50.5,1,0.55,27,1511.95,0.0,0.01,0.0,0.0,Nov,1,2,1,8,New_Visitor,True,True
2,0.0,0,0.0,12,147.92,0.07,0.09,0.0,0.0,Nov,4,2,1,1,Returning_Visitor,False,False
3,86.0,0,0.0,41,905.5,0.0,0.03,0.14,0.0,Dec,2,5,1,1,Returning_Visitor,False,True
2,104.25,0,0.0,10,1580.0,0.0,0.02,100.1,0.0,May,2,2,1,2,Returning_Visitor,False,True
1,67.87,0,0.36,13,456.52,0.01,0.03,0.0,0.0,Nov,1,1,3,2,Returning_Visitor,True,False
0,0.0,0,0.08,30,1368.04,0.03,0.04,0.05,0.0,Mar,3,2,6,1,Returning_Visitor,False,False
1,106.8,0,0.28,17,327.54,0.0,0.01,0.0,0.01,Oct,3,2,3,2,New_Visitor,False,False
0,1.85,0,0.0,13,391.58,0.0,0.03,0.0,0.0,Dec,2,2,2,2,New_Visitor,False,False
0,11.33,2,49.19,1,1397.47,0.0,0.12,0.0,0.0,Mar,2,2,7,10,Returning_Visitor,False,False
3,33.0,0,0.41,26,486.49,0.0,0.01,0.0,0.0,Dec,2,2,1,2,New_Visitor,False,True
0,1.54,0,0.0,3,0.0,0.2,0.2,0.0,0.0,Dec,1,1,1,3,Returning_Visitor,False,False
0,1.57,0,0.0,6,151.71,0.0,0.04,0.15,0.0,Dec,3,2,3,1,New_Visitor,True,False
5,84.33,1,0.0,47,1699.33,0.0,0.01,16.48,0.0,May,2,2,6,4,Returning_Visitor,False,False
0,0.0,0,0.0,30,1224.75,0.01,0.01,21.05,0.0,Mar,2,4,2,2,New_Visitor,False,True
5,52.5,0,1.01,24,1482.76,0.0,0.03,0.11,0.0,May,2,7,7,4,Returning_Visitor,True,False
0,3.72,0,0.0,12,454.23,0.01,0.04,0.0,0.0,May,1,1,8,3,Returning_Visitor,True,False
1,51.0,2,176.0,37,1420.73,0.0,0.02,102.35,0.0,May,2,5,7,4,Returning_Visitor,True,True
0,0.0,0,0.0,57,312.82,0.13,0.12,0.0,0.0,Nov,1,1,1,2,Returning_Visitor,False,False
0,0.0,0,0.45,5,279.0,0.0,0.04,0.0,0.0,Mar,2,2,2,1,Returning_Visitor,False,False
0,2.16,0,0.12,3,145.6,0.0,0.05,0.0,0.0,Dec,2,2,1,2,New_Visitor,False,False
2,104.84,0,0.0,26,1960.47,0.01,0.02,33.69,0.0,Nov,1,1,1,2,Returning_Visitor,False,True
0,0.0,0,6.15,20,1117.33,0.0,0.01,0.0,0.0,Mar,2,4,7,2,Returning_Visitor,False,False
3,53.0,0,0.48,45,1331.0,0.0,0.02,61.45,0.0,May,2,2,1,4,Returning_Visitor,True,True
0,0.0,0,0.0,62,1200.35,0.0,0.02,0.0,0.0,Nov,2,2,4,1,Returning_Visitor,False,False
4,287.26,1,194.5,46,1948.71,0.0,0.02,14.69,0.0,May,1,2,3,2,Returning_Visitor,False,True
3,271.75,1,0.0,40,675.2,0.0,0.02,0.0,0.0,Oct,2,2,3,2,Returning_Visitor,False,False
5,107.37,0,1.51,237,6397.14,0.0,0.01,3.96,0.0,Nov,2,2,1,3,Returning_Visitor,False,True
0,0.0,0,0.0,6,31.0,0.0,0.03,0.0,0.0,Dec,2,2,1,2,New_Visitor,False,False
1,5.96,0,0.45,43,1418.5,0.0,0.04,0.0,0.0,Mar,4,1,2,3,Returning_Visitor,True,False
4,59.2,0,0.0,5,176.39,0.0,0.04,0.0,0.0,Dec,3,2,3,2,Returning_Visitor,False,False
3,37.6,0,1.07,13,299.27,0.0,0.03,0.0,0.0,Sep,3,2,1,6,Returning_Visitor,False,False
1,194.0,0,0.0,21,304.27,0.0,0.01,0.0,0.0,May,1,2,3,2,Returning_Visitor,False,False
14,1155.67,0,0.0,20,1069.17,0.0,0.01,0.0,0.01,Mar,2,5,1,3,Returning_Visitor,True,False
3,104.52,1,10.07,23,1045.04,0.0,0.09,0.0,0.0,Jul,4,1,7,2,New_Visitor,False,False
2,40.5,0,1.85,133,3336.8,0.0,0.01,8.97,0.0,Nov,2,2,3,1,Returning_Visitor,False,True
4,116.68,0,0.0,7,190.94,0.0,0.0,0.0,0.0,Nov,3,2,1,8,New_Visitor,False,True
0,1.41,0,0.0,3,17.0,0.0,0.03,0.0,0.0,Mar,1,1,1,3,Returning_Visitor,False,False
0,0.0,0,0.0,46,582.27,0.0,0.02,0.0,0.0,Nov,2,2,5,2,Returning_Visitor,False,False
9,904.58,4,83.5,132,6654.45,0.01,0.02,12.19,0.0,Nov,3,2,3,2,Returning_Visitor,False,True
0,5.0,1,70.5,43,1442.06,0.01,0.01,0.0,0.0,Nov,4,1,4,2,Returning_Visitor,False,False
3,69.6,0,2.02,46,1511.39,0.0,0.04,0.0,0.0,Aug,3,2,1,3,Returning_Visitor,True,False
7,293.57,0,0.34,27,1553.81,0.01,0.04,0.03,0.0,Oct,1,8,3,3,Returning_Visitor,False,True
1,104.11,0,0.0,46,1504.84,0.02,0.04,0.01,0.0,Oct,1,1,3,3,Returning_Visitor,False,False
4,8.42,1,0.55,16,529.33,0.0,0.04,0.0,0.0,May,3,3,3,2,New_Visitor,False,False
0,0.0,0,0.0,28,1456.92,0.02,0.03,12.25,0.0,Dec,2,4,4,1,Returning_Visitor,False,False
0,0.0,0,0.0,8,196.68,0.1,0.11,0.08,0.0,Dec,3,2,1,1,Returning_Visitor,False,True
3,1.77,0,0.0,14,608.42,0.0,0.04,0.0,0.0,Mar,2,5,1,3,Returning_Visitor,False,False
5,46.0,1,17.0,33,1540.58,0.0,0.02,12.24,0.0,Mar,2,2,2,2,Returning_Visitor,True,False
0,0.0,0,0.34,18,127.0,0.0,0.02,0.0,0.8,May,2,2,3,4,Returning_Visitor,False,False
0,0.0,0,0.0,9,771.5,0.02,0.05,0.0,0.0,Mar,1,1,6,1,Returning_Visitor,True,False
0,0.0,0,0.0,12,401.16,0.02,0.03,0.0,0.0,May,2,2,3,1,Returning_Visitor,True,False
1,11.43,2,146.0,51,1329.26,0.01,0.02,20.79,0.0,May,2,2,7,4,Returning_Visitor,False,False
0,0.0,5,84.25,46,2596.2,0.0,0.02,0.0,0.0,Nov,2,2,7,2,Returning_Visitor,False,False
3,38.5,0,0.0,15,1408.77,0.03,0.05,0.0,0.0,Nov,1,1,1,1,Returning_Visitor,False,False
4,190.5,0,0.0,29,867.99,0.02,0.02,0.0,0.0,Sep,3,2,3,4,Returning_Visitor,False,False
8,279.28,0,0.0,17,1495.37,0.0,0.01,41.13,0.0,Nov,3,2,3,2,New_Visitor,False,True
0,0.0,0,0.0,1,180.36,0.13,0.2,0.0,0.0,Nov,4,1,4,3,Returning_Visitor,False,False
0,0.0,0,0.0,19,809.17,0.01,0.05,0.0,0.61,May,2,2,4,3,Returning_Visitor,False,False
3,96.0,3,313.0,65,2091.66,0.01,0.07,6.15,0.0,May,2,2,3,4,Returning_Visitor,True,False
0,0.0,0,2.29,46,3998.33,0.0,0.04,0.0,0.0,Nov,4,2,4,1,Returning_Visitor,False,False
2,11.0,0,0.0,38,1493.38,0.03,0.07,0.0,0.0,June,3,2,2,3,Returning_Visitor,False,False
0,0.0,0,0.0,12,312.67,0.0,0.03,0.0,0.0,May,1,1,1,1,Returning_Visitor,False,False
2,35.0,0,0.28,93,6.0,0.0,0.05,0.02,0.0,Mar,2,2,9,2,Returning_Visitor,False,False
4,127.0,0,0.0,32,1491.44,0.0,0.02,23.62,0.0,May,1,1,3,4,Returning_Visitor,False,True
0,3.77,0,0.0,20,1502.69,0.0,0.03,0.0,0.01,Dec,2,2,3,10,Returning_Visitor,False,False
5,85.25,0,0.0,3,153.47,0.0,0.01,0.0,0.0,Nov,2,4,4,2,New_Visitor,False,False
4,15.5,0,0.0,15,312.7,0.0,0.05,0.0,0.6,May,4,1,1,2,Returning_Visitor,False,False
3,498.6,1,52.78,46,1556.49,0.01,0.07,5.69,0.0,Jul,2,5,4,4,Returning_Visitor,True,True
1,105.33,0,0.0,14,113.8,0.08,0.14,0.14,0.0,Nov,2,4,1,3,Returning_Visitor,False,True
2,104.32,0,1.77,13,797.36,0.0,0.02,0.0,0.0,Nov,2,2,1,2,Returning_Visitor,False,False
3,112.0,0,0.26,4,147.99,0.0,0.03,0.0,0.0,May,3,2,6,5,Returning_Visitor,False,False
0,2.07,0,0.0,6,163.5,0.1,0.14,0.0,0.0,Nov,3,2,1,10,Returning_Visitor,False,False
0,0.0,0,1.0,9,464.0,0.0,0.02,29.32,0.0,May,2,2,1,2,Returning_Visitor,False,True
1,6.21,0,0.0,12,1486.66,0.0,0.02,9.64,0.6,May,2,2,8,2,Returning_Visitor,False,True
3,83.62,0,4.0,49,1503.57,0.0,0.0,0.0,0.0,Dec,1,1,1,2,New_Visitor,False,False
0,0.0,0,0.0,36,278.34,0.02,0.03,0.0,0.0,Dec,3,2,1,1,Returning_Visitor,False,False
0,0.0,0,0.0,25,954.47,0.0,0.01,0.0,0.0,Mar,3,2,1,1,Returning_Visitor,True,False
1,11.0,0,0.0,51,1502.38,0.01,0.02,0.0,0.0,Mar,3,2,6,3,Returning_Visitor,False,False
7,109.5,0,0.56,25,349.7,0.0,0.02,0.01,0.0,Oct,1,1,1,2,Returning_Visitor,False,False
1,36.0,0,0.0,19,1661.75,0.0,0.02,0.0,0.0,May,2,2,3,1,Returning_Visitor,False,False
0,0.0,0,0.0,12,444.0,0.0,0.03,0.0,0.0,Mar,4,2,1,3,Returning_Visitor,False,False
0,4.38,0,0.19,8,147.63,0.05,0.08,0.0,0.0,Jul,3,2,1,1,Returning_Visitor,False,False
0,1.74,0,0.16,8,155.21,0.03,0.06,0.0,0.0,Dec,1,1,2,1,Returning_Visitor,False,False
0,2.77,0,0.0,13,313.25,0.01,0.03,0.09,0.0,Nov,2,2,3,10,Returning_Visitor,False,False
0,0.0,0,0.0,1,0.0,0.2,0.2,0.0,0.02,Feb,2,2,1,1,Returning_Visitor,True,False
0,1.43,0,0.0,2,4.67,0.2,0.2,0.01,0.0,May,2,2,1,4,Returning_Visitor,True,False
0,1.41,0,0.25,5,145.04,0.0,0.01,0.0,0.0,Mar,2,2,1,2,Returning_Visitor,False,False
0,6.31,0,0.0,15,601.01,0.02,0.05,0.0,0.0,Nov,1,1,3,2,Returning_Visitor,False,False
9,354.29,0,2.8,47,4409.3,0.01,0.02,12.23,0.0,Nov,3,2,2,3,Returning_Visitor,False,True
7,2.33,2,38.9,262,1010.03,0.0,0.01,0.02,0.0,June,2,5,1,4,Returning_Visitor,False,False
3,68.6,1,646.08,50,4318.67,0.0,0.01,10.47,0.0,May,2,4,2,2,Returning_Visitor,True,False
9,281.75,2,144.5,43,7009.1,0.01,0.01,4.95,0.8,May,6,2,2,3,Returning_Visitor,False,False
0,0.0,0,0.0,20,513.33,0.0,0.02,0.0,0.0,Dec,2,2,3,2,Returning_Visitor,False,False
1,81.0,0,0.0,15,1450.75,0.0,0.01,56.58,0.0,Nov,2,2,7,11,Returning_Visitor,True,True
2,47.5,0,0.0,27,1479.5,0.0,0.03,0.0,0.0,Dec,1,1,1,3,Returning_Visitor,False,False
0,0.0,0,0.0,26,234.8,0.0,0.12,0.0,0.0,Jul,2,2,7,13,Returning_Visitor,False,False
0,0.0,0,0.0,21,795.36,0.04,0.06,0.0,0.0,Dec,1,2,1,3,Returning_Visitor,False,False
1,0.0,0,0.15,3,29.19,0.2,0.2,0.0,0.0,Dec,1,13,9,20,Returning_Visitor,False,False
0,1.55,0,0.0,11,398.69,0.01,0.06,0.0,0.0,Nov,1,6,1,11,Returning_Visitor,False,False
3,106.6,0,0.0,20,173.4,0.0,0.0,0.0,0.0,Jul,2,2,1,3,New_Visitor,False,False
3,47.4,0,0.0,21,1506.16,0.03,0.05,0.0,0.0,Aug,3,2,4,1,Returning_Visitor,False,False
9,73.25,0,0.0,26,2923.25,0.02,0.04,0.0,0.0,Dec,1,1,3,1,Returning_Visitor,False,False
3,95.0,0,0.0,27,808.7,0.0,0.01,0.17,0.0,Mar,3,2,7,3,Returning_Visitor,True,False
3,104.22,0,0.0,9,397.0,0.03,0.05,0.0,0.0,Sep,3,2,6,13,Returning_Visitor,False,False
0,1.89,0,0.0,5,291.2,0.13,0.19,0.0,0.0,Dec,3,2,8,1,Returning_Visitor,False,False
10,268.17,0,0.12,47,1473.1,0.02,0.04,7.19,0.39,May,2,2,1,4,Returning_Visitor,False,False
2,32.24,1,110.87,67,1614.1,0.01,0.02,0.0,0.0,Aug,1,1,1,2,Returning_Visitor,False,False
5,104.02,0,0.0,21,423.5,0.0,0.01,0.02,0.0,Sep,2,2,1,1,Returning_Visitor,False,False
0,0.0,0,0.0,6,153.5,0.03,0.1,0.0,0.0,Mar,2,6,1,3,Returning_Visitor,False,False
0,0.0,0,0.0,3,165.17,0.08,0.11,0.0,0.8,May,2,2,3,13,Returning_Visitor,False,False
0,0.0,0,0.18,46,2300.89,0.0,0.02,0.0,0.0,Nov,2,2,1,2,Returning_Visitor,False,False
0,0.0,0,0.0,13,382.25,0.02,0.03,0.0,0.0,Dec,2,2,3,2,Returning_Visitor,False,False
3,215.0,0,0.0,35,1485.46,0.0,0.01,56.32,0.0,Nov,1,8,1,11,Returning_Visitor,True,True
1,5.0,0,0.19,7,152.91,0.0,0.03,0.08,0.0,May,1,1,3,3,Returning_Visitor,False,False
3,8.0,0,0.0,13,269.5,0.0,0.02,0.0,0.01,Mar,2,2,3,1,Returning_Visitor,False,False
0,1.57,0,0.0,12,167.22,0.0,0.0,0.02,0.0,Mar,3,2,1,3,Returning_Visitor,True,False
1,104.08,0,0.0,46,1181.85,0.0,0.04,0.0,0.0,Nov,1,1,1,2,Returning_Visitor,False,True
2,105.32,0,0.0,50,952.43,0.0,0.01,12.24,0.0,Mar,4,2,1,2,Returning_Visitor,True,True
0,0.0,0,0.0,1,0.0,0.2,0.14,0.0,0.0,Mar,2,2,7,1,Returning_Visitor,True,False
3,264.81,0,0.0,35,1039.89,0.0,0.04,0.0,0.0,Dec,2,2,3,2,Returning_Visitor,False,False
1,8.0,0,0.0,46,1229.17,0.0,0.02,0.0,0.6,May,2,5,4,6,Returning_Visitor,False,False
3,49.5,1,80.59,47,1545.5,0.0,0.01,20.97,0.0,Mar,2,4,3,8,Returning_Visitor,False,True
1,7.0,0,0.0,42,1201.31,0.0,0.03,0.0,0.18,May,2,2,2,3,Returning_Visitor,False,False
3,104.09,1,255.5,45,2996.49,0.01,0.03,2.09,0.01,May,2,2,3,3,Returning_Visitor,True,False
0,3.13,0,0.18,5,55.5,0.0,0.04,0.0,0.0,Dec,3,2,3,6,Returning_Visitor,False,False
3,4.97,0,0.0,17,1138.25,0.03,0.05,0.06,0.01,Dec,1,1,7,3,Returning_Visitor,False,False
0,0.0,0,0.0,5,151.92,0.0,0.03,0.05,0.0,May,1,1,3,3,Returning_Visitor,False,False
12,152.75,6,1024.25,127,1419.55,0.01,0.03,33.85,0.0,May,2,1,1,2,Returning_Visitor,True,True
7,185.37,1,239.0,11,839.5,0.0,0.03,0.0,0.0,Mar,1,1,4,2,Returning_Visitor,False,False
0,0.0,0,0.0,1,0.0,0.13,0.14,0.0,0.0,Dec,2,2,5,2,Returning_Visitor,True,False
0,12.16,0,0.0,26,852.77,0.0,0.02,0.0,1.0,May,3,2,4,1,Returning_Visitor,True,False
0,1.44,0,0.0,12,418.41,0.0,0.01,0.07,0.0,Nov,2,2,1,2,New_Visitor,False,False
2,19.0,0,0.07,23,1875.74,0.03,0.05,0.0,0.0,May,3,2,4,1,Returning_Visitor,False,False
6,104.49,0,0.0,86,2041.23,0.0,0.01,5.91,0.0,Nov,2,4,1,2,Returning_Visitor,False,True
3,19.8,0,0.0,2,347.16,0.01,0.03,0.0,0.0,Nov,1,1,1,2,Returning_Visitor,True,True
3,67.2,0,0.22,46,987.12,0.0,0.03,22.26,0.0,Mar,2,2,1,2,Returning_Visitor,False,True
1,4.0,3,148.5,5,185.83,0.0,0.02,0.09,0.0,Mar,2,2,7,2,Returning_Visitor,False,False
1,190.0,1,1.4,46,758.44,0.01,0.04,0.0,0.0,Mar,1,1,6,1,Returning_Visitor,True,False
1,65.4,0,0.0,55,1502.58,0.01,0.02,0.0,0.0,Mar,3,2,1,1,Returning_Visitor,False,False
0,0.0,1,80.61,10,322.37,0.0,0.01,61.81,0.0,Nov,2,2,9,2,Returning_Visitor,False,True
3,22.25,0,0.0,46,2958.22,0.0,0.03,7.87,0.0,Mar,2,2,6,2,Returning_Visitor,False,True
3,155.5,2,121.0,8,311.25,0.0,0.04,0.11,0.0,Nov,2,2,3,10,Returning_Visitor,False,False
0,3.56,0,0.0,20,258.62,0.0,0.03,0.0,0.0,Dec,2,2,1,3,Returning_Visitor,False,False
0,0.0,0,0.0,6,109.5,0.08,0.09,0.0,0.4,May,3,2,1,13,Returning_Visitor,False,False
0,1.56,0,0.0,46,977.12,0.0,0.01,0.11,0.0,Dec,2,2,1,2,Returning_Visitor,True,False
3,22.92,0,0.0,22,221.25,0.01,0.04,0.99,0.0,Nov,2,2,1,2,Returning_Visitor,False,False
0,0.0,0,0.0,8,148.75,0.0,0.03,0.0,0.0,Mar,2,4,3,2,Returning_Visitor,True,False
3,45.0,0,0.47,21,1501.38,0.0,0.0,0.0,0.0,May,3,2,3,2,New_Visitor,False,False
0,0.0,0,0.0,20,255.75,0.0,0.03,0.04,0.0,May,2,2,1,4,Returning_Visitor,False,False
1,10.0,0,6.33,12,220.27,0.0,0.02,60.62,0.0,Nov,1,1,1,8,New_Visitor,True,True
3,61.0,0,0.0,14,148.09,0.0,0.01,0.07,0.0,Mar,2,2,5,2,Returning_Visitor,False,False
0,0.0,0,0.0,10,420.19,0.0,0.02,0.0,0.0,Nov,1,1,1,2,New_Visitor,False,False
1,0.0,0,0.0,9,396.17,0.0,0.02,0.06,0.0,Nov,3,2,8,13,Other,False,False
0,0.0,0,0.0,2,93.6,0.0,0.05,0.09,0.0,Oct,2,4,1,2,Returning_Visitor,False,False
0,0.0,0,0.0,12,86.5,0.08,0.09,0.01,0.8,May,3,2,1,13,Returning_Visitor,False,False
5,3.33,0,0.0,16,1491.15,0.0,0.02,22.9,0.0,Nov,1,2,3,5,New_Visitor,False,True
1,104.18,0,0.0,32,1499.75,0.01,0.03,12.56,0.0,Dec,1,1,3,2,Returning_Visitor,True,False
3,127.8,0,0.0,15,913.29,0.0,0.0,65.47,0.0,Jul,1,8,4,1,Returning_Visitor,False,True
0,0.0,0,0.0,4,0.0,0.2,0.14,0.0,0.0,May,2,10,3,4,Returning_Visitor,True,False
0,1.6,0,0.0,1,13.67,0.13,0.2,0.01,0.0,Mar,2,4,5,1,Returning_Visitor,False,False
3,149.07,0,0.0,33,285.62,0.02,0.02,0.0,0.0,Nov,3,2,1,2,Returning_Visitor,False,False
0,0.0,0,0.0,16,228.62,0.0,0.02,0.04,0.0,Dec,2,2,1,2,New_Visitor,False,False
3,39.0,0,0.0,13,176.8,0.0,0.04,0.0,0.0,June,2,2,3,4,Returning_Visitor,False,False
15,103.94,2,10.0,98,2806.83,0.02,0.04,0.55,0.0,May,2,2,3,2,Returning_Visitor,True,False
4,53.4,0,0.0,4,53.4,0.0,0.03,0.46,0.0,Oct,1,1,7,5,New_Visitor,False,False
0,0.0,0,0.08,42,1185.67,0.0,0.0,0.0,0.0,Mar,2,2,1,1,Returning_Visitor,False,False
0,0.0,0,0.0,45,960.12,0.01,0.02,0.01,0.0,Dec,2,2,1,3,Returning_Visitor,False,False
0,0.0,0,0.0,30,1372.46,0.01,0.02,3.4,0.0,Sep,3,2,7,1,Returning_Visitor,False,False
2,103.24,3,276.0,47,641.8,0.02,0.01,0.0,0.0,Nov,2,2,1,2,Returning_Visitor,False,False
0,2.09,0,0.0,2,6.73,0.2,0.2,0.08,0.0,Nov,3,2,2,3,Returning_Visitor,False,False
13,237.77,3,128.0,207,8217.68,0.0,0.01,3.65,0.0,Nov,2,2,3,1,Returning_Visitor,True,True
0,4.82,0,0.0,16,332.17,0.0,0.01,0.0,0.0,Dec,2,2,3,2,New_Visitor,False,False
4,59.86,0,19.53,36,725.21,0.0,0.03,0.0,0.0,Oct,2,2,3,2,Returning_Visitor,True,False
5,48.98,1,80.59,48,1483.86,0.0,0.02,12.49,0.0,Dec,1,1,1,2,Returning_Visitor,True,False
0,0.0,0,0.0,32,2787.75,0.01,0.01,0.76,0.0,Nov,1,1,1,2,New_Visitor,False,False
2,98.04,1,70.0,16,504.08,0.01,0.02,9.54,0.0,Mar,2,2,3,6,Returning_Visitor,False,False
4,91.0,0,0.0,12,148.64,0.0,0.04,0.0,0.0,Nov,2,2,1,2,New_Visitor,False,False
0,1.79,0,0.0,49,1502.7,0.0,0.02,0.0,0.0,Aug,2,2,1,1,Returning_Visitor,False,False
1,31.0,0,0.33,6,155.02,0.11,0.14,0.0,0.0,Mar,3,2,3,1,Returning_Visitor,False,False
2,104.09,1,33.5,21,857.55,0.01,0.03,0.0,0.0,Dec,2,2,1,2,Returning_Visitor,False,False
0,1.62,0,0.08,7,499.5,0.0,0.03,0.0,0.8,May,2,4,1,1,Returning_Visitor,False,False
2,6.3,0,0.0,11,574.33,0.0,0.02,34.26,0.0,May,1,1,8,5,New_Visitor,False,True
0,0.0,0,0.0,13,722.08,0.01,0.03,0.0,0.0,Dec,2,2,2,1,Returning_Visitor,False,False
5,69.5,0,0.0,6,34.5,0.0,0.03,0.0,0.0,May,2,2,3,4,Returning_Visitor,True,False
3,60.75,0,0.0,13,413.95,0.02,0.06,0.0,0.0,Nov,3,2,3,3,Returning_Visitor,False,False
1,4.13,0,0.0,49,4536.31,0.03,0.05,0.0,0.0,Jul,3,2,1,13,Returning_Visitor,False,False
0,0.0,0,0.0,1,3.56,0.13,0.2,0.0,0.0,Mar,2,4,1,1,Returning_Visitor,False,False
0,1.47,0,1.6,7,148.39,0.03,0.09,0.0,0.0,Nov,2,2,1,2,Returning_Visitor,False,False
11,408.84,1,71.13,202,6802.48,0.0,0.02,1.61,0.0,Nov,2,2,1,2,Returning_Visitor,False,True
0,0.0,0,0.0,5,47.0,0.0,0.05,0.09,0.0,Nov,2,2,3,3,Returning_Visitor,False,False
0,0.0,0,0.0,13,184.83,0.0,0.04,0.0,0.4,May,2,2,1,2,Returning_Visitor,False,False
1,15.0,0,0.0,12,272.89,0.02,0.03,0.01,0.0,May,3,2,6,13,Returning_Visitor,False,False
4,165.0,0,0.0,46,3096.38,0.0,0.02,8.13,0.0,May,2,2,1,2,Returning_Visitor,False,True
0,1.53,0,0.0,21,585.28,0.03,0.05,0.0,0.0,May,2,4,3,3,Returning_Visitor,False,False
0,0.0,0,0.3,11,326.5,0.04,0.08,0.0,0.0,Nov,1,1,4,3,Returning_Visitor,True,False
6,2.39,0,0.0,44,1820.57,0.04,0.06,15.18,0.6,May,2,2,3,6,Returning_Visitor,False,False
0,0.0,0,0.23,6,161.0,0.0,0.07,0.0,0.6,May,2,2,1,4,Returning_Visitor,False,False
11,103.17,5,156.75,48,2694.51,0.0,0.01,0.0,0.0,Dec,2,2,1,2,Returning_Visitor,False,True
5,104.27,0,0.0,106,2980.89,0.0,0.01,1.91,0.0,May,4,2,3,3,Returning_Visitor,False,False
10,303.93,0,0.0,82,1853.29,0.0,0.02,11.02,0.0,Dec,2,2,3,2,Returning_Visitor,False,False
4,103.32,0,0.0,152,6470.71,0.0,0.01,0.31,0.0,Dec,2,2,1,2,Returning_Visitor,False,True
3,104.18,0,0.0,26,1296.18,0.04,0.06,0.0,0.0,May,2,2,3,3,Returning_Visitor,False,False
8,377.51,3,265.0,45,2062.89,0.03,0.03,1.71,0.01,Mar,2,1,4,2,Returning_Visitor,False,True
0,0.0,0,0.0,1,0.0,0.2,0.2,0.0,0.0,Dec,2,4,3,1,Returning_Visitor,False,False
1,3.21,1,5.0,89,2744.54,0.0,0.02,0.04,0.0,Nov,3,2,1,10,Returning_Visitor,True,False
0,1.58,0,0.0,46,655.78,0.0,0.02,0.0,0.0,Mar,1,1,8,3,Returning_Visitor,False,False
5,106.62,2,232.8,246,9227.37,0.01,0.02,0.0,0.0,May,4,1,3,3,Returning_Visitor,True,False
0,0.0,0,0.0,6,56.5,0.05,0.1,0.0,0.4,May,1,1,1,3,Returning_Visitor,False,False
4,88.0,1,1174.0,173,6014.4,0.01,0.02,1.54,0.0,Nov,3,2,1,2,Returning_Visitor,True,True
0,0.0,0,0.24,13,164.44,0.02,0.04,0.0,0.6,May,1,1,1,6,Returning_Visitor,True,False
6,103.78,0,0.0,7,537.26,0.0,0.02,0.0,0.0,Nov,2,5,5,2,Returning_Visitor,False,False
0,0.0,0,1.84,46,203.56,0.0,0.01,0.0,0.0,Nov,2,2,2,2,New_Visitor,False,False
0,0.0,0,0.0,50,1076.69,0.06,0.07,38.19,0.0,Nov,1,8,8,1,Returning_Visitor,False,True
0,0.0,0,0.0,1,3.43,0.0,0.2,0.05,0.0,Mar,2,2,1,1,Returning_Visitor,False,False
1,37.0,0,0.0,33,240.42,0.02,0.04,0.03,0.0,May,2,2,3,3,New_Visitor,True,False
0,7.06,0,0.0,46,1503.93,0.05,0.06,0.0,0.0,Jul,3,2,3,13,Returning_Visitor,False,False
1,1.73,3,21.0,43,1506.22,0.0,0.02,0.0,0.0,Nov,2,6,1,2,Returning_Visitor,True,False
1,6.0,0,0.4,53,2241.5,0.0,0.03,0.04,0.0,May,2,4,1,2,Returning_Visitor,False,False
2,87.16,0,0.0,22,353.17,0.02,0.03,0.36,0.0,Mar,2,5,3,3,Returning_Visitor,False,False
0,0.0,0,0.0,6,50.0,0.0,0.03,0.0,0.0,May,2,4,3,3,Returning_Visitor,False,False
3,72.57,10,208.6,27,1091.32,0.0,0.03,1.35,0.0,Mar,2,2,1,2,Returning_Visitor,False,True
3,487.8,0,0.0,72,1636.26,0.01,0.01,0.0,0.0,Oct,2,2,4,4,Returning_Visitor,False,False
0,0.0,0,0.0,4,52.0,0.0,0.03,0.0,0.0,Mar,2,2,1,2,Returning_Visitor,False,False
4,97.2,2,81.59,26,690.57,0.0,0.0,59.34,0.0,Jul,2,4,8,2,Returning_Visitor,False,True
7,221.0,0,0.0,46,1489.13,0.0,0.01,0.0,0.2,May,1,1,1,3,Returning_Visitor,False,False
6,135.5,0,0.0,23,619.5,0.01,0.04,0.0,0.0,May,2,2,1,3,Returning_Visitor,False,False
0,0.0,0,9.85,122,1945.32,0.02,0.03,0.0,1.0,May,2,2,1,6,Returning_Visitor,True,False
1,7.0,2,12.0,5,1500.21,0.0,0.04,0.0,0.0,Dec,2,2,1,2,Returning_Visitor,False,False
3,87.0,0,0.0,39,1089.59,0.0,0.08,0.0,0.06,Dec,1,1,2,3,Returning_Visitor,False,False
0,0.0,0,0.0,41,415.7,0.0,0.01,11.13,0.0,May,3,2,2,2,New_Visitor,False,True
0,0.0,0,0.0,4,179.9,0.0,0.05,0.11,0.0,Feb,4,1,1,3,Returning_Visitor,False,False
1,117.97,0,0.12,13,1474.5,0.0,0.02,31.95,0.0,May,2,2,1,3,Returning_Visitor,False,True
0,0.0,0,0.0,31,3888.17,0.02,0.04,0.0,0.0,Mar,2,4,3,1,Returning_Visitor,False,False
2,98.75,0,0.0,24,683.17,0.0,0.01,0.01,0.0,Dec,2,2,1,2,Returning_Visitor,False,False
0,0.0,0,0.0,71,1255.46,0.02,0.05,0.0,0.6,May,2,4,6,6,Returning_Visitor,False,False
0,0.0,0,0.0,46,2072.61,0.01,0.02,0.03,0.0,Nov,2,2,1,2,Returning_Visitor,False,False
0,1.82,0,0.11,18,5188.5,0.0,0.05,0.0,0.0,Mar,2,2,1,1,Returning_Visitor,False,False
2,30.0,0,0.0,24,148.05,0.01,0.03,0.0,0.01,May,2,2,1,4,Returning_Visitor,False,False
0,0.0,0,0.0,26,420.97,0.13,0.09,0.0,0.8,May,2,2,3,13,Returning_Visitor,False,False
1,11.34,1,59.48,22,1594.47,0.0,0.04,12.2,0.0,Nov,2,2,1,1,Returning_Visitor,True,True
0,2.2,0,1.02,8,232.0,0.0,0.03,0.0,0.0,Jul,1,2,1,2,Returning_Visitor,True,False
3,0.0,1,0.0,28,708.53,0.0,0.04,54.86,0.57,May,2,4,1,2,Returning_Visitor,False,False
4,65.17,0,0.0,46,736.78,0.0,0.01,0.0,0.6,May,2,2,8,3,Returning_Visitor,False,False
1,93.42,1,4.0,46,1436.28,0.01,0.03,0.0,0.0,May,2,2,1,2,Returning_Visitor,False,False
0,0.0,0,0.0,29,1748.0,0.05,0.06,0.0,0.0,May,1,1,1,3,Returning_Visitor,False,False
0,1.47,0,0.0,1,0.0,0.2,0.2,0.0,0.8,May,2,2,1,1,Returning_Visitor,False,False
0,0.0,0,0.0,1,6.9,0.2,0.14,0.0,0.0,Dec,1,1,4,2,New_Visitor,False,False
0,0.0,0,0.0,7,158.06,0.05,0.1,0.0,0.0,June,1,1,1,2,Returning_Visitor,True,False
3,12.0,1,24.0,3,5.33,0.01,0.08,0.0,0.0,Mar,2,2,1,3,Returning_Visitor,False,False
3,55.11,0,0.0,8,182.58,0.0,0.03,0.0,0.01,Mar,2,4,6,3,Returning_Visitor,True,False
0,0.0,1,5.0,27,462.93,0.02,0.02,60.73,0.0,Nov,1,1,1,10,Returning_Visitor,True,True
0,1.48,0,0.0,3,28.0,0.0,0.1,0.0,0.0,May,2,2,1,3,Returning_Visitor,False,False
3,52.25,0,1.63,6,28.0,0.0,0.03,0.0,0.0,Nov,3,2,6,6,New_Visitor,False,False
0,0.0,0,0.0,10,7.0,0.0,0.05,0.0,0.0,Mar,2,2,1,1,Returning_Visitor,False,False
0,3.11,0,0.2,12,276.0,0.0,0.02,0.0,0.0,Dec,2,2,1,2,New_Visitor,False,False
0,0.0,0,0.0,1,0.0,0.13,0.2,0.02,0.0,May,2,2,2,1,Returning_Visitor,False,False
0,0.0,2,30.0,13,1114.92,0.0,0.03,0.0,0.0,May,3,2,1,3,Returning_Visitor,False,False
0,1.49,0,0.31,5,145.59,0.13,0.12,0.0,0.0,Mar,2,2,1,1,Returning_Visitor,False,False
2,0.0,0,0.0,9,249.41,0.02,0.01,0.18,0.0,Nov,1,2,1,4,Returning_Visitor,False,False
0,1.6,0,0.2,1,0.5,0.0,0.14,0.02,0.0,Dec,2,2,1,13,Returning_Visitor,False,False
2,50.07,0,0.0,46,1852.75,0.0,0.01,0.12,0.0,Dec,2,2,2,2,Returning_Visitor,False,False
4,102.83,0,0.0,7,148.89,0.02,0.04,0.0,0.0,Jul,3,3,4,4,Returning_Visitor,False,False
0,1.96,0,0.1,22,1076.63,0.02,0.04,0.0,0.0,Mar,2,2,1,2,Returning_Visitor,True,False
6,171.5,3,178.5,46,1565.96,0.01,0.02,12.28,0.0,Nov,2,2,4,2,Returning_Visitor,False,True
0,0.0,0,0.0,19,621.73,0.0,0.02,0.15,0.0,Jul,1,1,1,2,Returning_Visitor,False,False
0,17.31,0,0.0,46,864.46,0.0,0.01,0.0,0.0,Dec,3,2,1,2,New_Visitor,False,False
1,26.41,0,0.0,40,1445.84,0.0,0.03,0.28,0.0,Nov,3,2,6,8,Returning_Visitor,False,False
0,1.61,0,0.0,19,380.95,0.0,0.01,0.0,0.0,Nov,3,2,4,2,Returning_Visitor,False,True
3,95.32,0,0.0,15,349.89,0.01,0.03,4.84,0.0,May,2,2,1,2,Returning_Visitor,False,True
0,1.53,0,0.0,9,146.25,0.03,0.05,0.0,0.0,Mar,2,2,6,1,Returning_Visitor,False,False
3,104.28,0,0.0,42,1501.54,0.0,0.01,0.0,0.0,May,2,2,4,2,Returning_Visitor,False,False
0,0.0,0,0.0,5,279.0,0.0,0.03,0.0,0.0,May,1,2,3,1,Returning_Visitor,True,False
0,0.0,0,0.33,37,9.0,0.07,0.13,0.03,0.0,May,2,2,2,3,Returning_Visitor,True,False
0,0.0,0,0.0,11,154.52,0.0,0.0,5.06,0.0,Oct,2,2,2,2,New_Visitor,False,False
5,104.3,0,0.2,14,1714.17,0.0,0.02,61.88,0.0,May,2,2,1,2,Returning_Visitor,False,False
0,0.0,0,0.2,2,0.0,0.2,0.2,0.01,0.0,May,2,2,2,3,Returning_Visitor,False,False
5,105.36,0,0.0,43,842.42,0.0,0.01,52.29,0.0,Oct,1,1,1,2,Returning_Visitor,False,True
0,1.76,0,0.0,43,195.11,0.09,0.14,0.01,0.0,May,1,1,1,1,Returning_Visitor,False,False
1,103.65,0,0.0,6,197.75,0.0,0.05,0.0,0.0,Dec,1,1,1,8,New_Visitor,True,False
0,1.77,0,0.1,44,108.0,0.03,0.05,0.0,0.8,May,3,2,3,2,Returning_Visitor,False,False
4,793.75,1,6.55,47,3186.96,0.0,0.02,0.0,0.0,Nov,1,1,4,2,Returning_Visitor,False,False
3,59.5,0,0.27,20,1493.37,0.0,0.03,0.0,0.0,Dec,2,2,9,2,Returning_Visitor,False,False
4,95.75,12,886.25,154,7838.56,0.03,0.01,12.23,0.0,Nov,2,2,6,2,Returning_Visitor,True,False
0,0.0,0,0.31,3,51.5,0.0,0.04,0.0,0.0,Mar,3,2,1,10,Returning_Visitor,True,False
0,0.0,0,0.0,2,25.27,0.13,0.2,0.0,0.6,May,3,2,6,13,Returning_Visitor,False,False
3,13.0,1,0.0,51,4651.61,0.01,0.02,12.33,0.0,Jul,2,4,3,4,Returning_Visitor,False,False
0,0.0,2,193.25,50,5633.54,0.01,0.02,0.0,0.01,Nov,3,2,8,2,Returning_Visitor,True,False
3,109.6,0,0.0,13,495.1,0.0,0.01,0.0,0.0,Oct,2,2,8,2,New_Visitor,False,False
2,26.67,0,1.71,20,819.27,0.01,0.04,0.02,0.02,Dec,2,2,1,2,Returning_Visitor,True,False
5,62.0,0,0.0,45,1492.71,0.0,0.01,0.0,0.0,Nov,4,2,3,3,Returning_Visitor,False,False
0,0.0,0,0.0,11,281.9,0.02,0.04,0.0,0.0,Dec,1,1,1,6,Returning_Visitor,False,False
1,10.9,0,0.0,34,1502.93,0.0,0.05,0.0,0.0,Mar,3,2,1,1,Returning_Visitor,False,False
0,0.0,0,0.16,3,145.26,0.01,0.07,0.01,0.01,May,2,2,4,1,Returning_Visitor,True,False
0,1.43,0,0.09,6,1563.0,0.0,0.01,0.0,0.0,May,2,2,1,4,Returning_Visitor,False,False
0,0.0,0,0.0,4,18.2,0.13,0.15,0.02,0.0,Sep,3,2,1,13,Returning_Visitor,False,False
3,1.71,0,0.29,47,673.12,0.01,0.01,17.06,0.8,May,2,2,3,4,Returning_Visitor,False,True
3,64.58,0,0.0,46,1334.08,0.0,0.01,0.0,0.0,Nov,2,2,3,2,Returning_Visitor,False,False
5,241.67,5,229.0,44,1504.11,0.01,0.01,8.22,0.0,Mar,2,4,3,2,Returning_Visitor,True,False
2,273.0,0,1.0,13,384.4,0.07,0.04,0.08,0.0,May,1,1,1,3,Returning_Visitor,False,False
0,3.89,0,0.0,9,152.6,0.04,0.14,0.0,0.0,Sep,2,2,3,3,Returning_Visitor,False,False
0,0.0,0,0.0,12,499.0,0.0,0.03,86.39,0.0,May,2,2,6,2,New_Visitor,True,True
7,351.08,1,131.0,53,3271.03,0.0,0.01,13.78,0.0,Sep,1,1,2,4,Returning_Visitor,False,False
4,322.5,1,29.0,48,3098.99,0.0,0.02,10.58,0.0,May,3,2,3,13,Returning_Visitor,True,False
0,0.0,0,0.0,24,1884.7,0.03,0.07,0.0,0.0,Sep,2,2,4,1,Returning_Visitor,False,False
1,32.75,1,2.04,43,2949.55,0.02,0.03,0.0,0.8,May,3,2,1,13,Returning_Visitor,False,False
0,0.0,0,0.39,44,1496.41,0.0,0.03,0.0,0.0,Dec,2,2,1,2,New_Visitor,False,False
0,0.0,0,0.0,43,3747.83,0.02,0.05,0.0,0.0,Jul,2,2,3,13,Returning_Visitor,False,False
0,1.57,0,0.1,4,368.65,0.1,0.11,0.0,0.0,May,3,2,4,3,Returning_Visitor,False,False
0,0.0,0,1.26,9,1487.61,0.0,0.02,68.26,0.0,Nov,2,2,2,2,New_Visitor,False,True
11,604.73,0,0.58,46,1276.84,0.0,0.01,0.18,0.0,Nov,2,2,8,6,New_Visitor,False,True
1,2.42,0,0.0,33,687.48,0.0,0.04,0.0,0.0,Nov,1,1,1,2,Returning_Visitor,False,False
1,51.4,0,0.0,46,883.14,0.02,0.03,48.79,0.0,Jul,2,2,3,3,Returning_Visitor,False,True
12,569.83,0,0.0,127,6065.02,0.01,0.03,0.46,0.01,Aug,1,1,2,4,Returning_Visitor,False,True
13,266.05,5,985.48,179,11492.21,0.02,0.03,0.0,0.16,May,2,2,1,3,Returning_Visitor,False,False
