Administrative,Administrative_Duration,Informational,Informational_Duration,ProductRelated,ProductRelated_Duration,BounceRates,ExitRates,PageValues,SpecialDay,Month,OperatingSystems,Browser,Region,TrafficType,VisitorType,Weekend,Revenue
3,84.25,0,0.0,34,1725.97,0.0,0.03,0.04,0.0,Nov,2,2,1,2,New_Visitor,False,False
0,0.0,0,0.0,2,3.24,0.2,0.2,0.0,0.0,May,1,1,4,3,Returning_Visitor,False,False
0,56.27,0,0.0,34,900.92,0.03,0.02,0.0,0.04,May,1,1,8,1,Returning_Visitor,False,False
0,0.0,0,2.48,1,35.7,0.2,0.2,0.09,0.0,Nov,1,1,1,10,Returning_Visitor,True,False
13,388.3,2,30.47,67,6483.77,0.0,0.02,24.27,0.03,May,2,2,4,2,Returning_Visitor,False,False
0,7.54,0,0.0,2,7.65,0.2,0.2,0.0,0.14,May,2,2,1,3,Returning_Visitor,False,False
0,0.0,0,0.0,45,1970.0,0.02,0.04,0.0,0.03,June,4,1,3,3,Returning_Visitor,False,False
3,89.8,0,0.0,4,126.0,0.0,0.01,0.1,0.0,May,2,2,6,5,New_Visitor,False,False
0,0.0,0,0.0,11,1143.53,0.0,0.02,16.16,0.0,Nov,2,10,7,2,Returning_Visitor,True,True
0,8.15,0,0.0,2,86.12,0.0,0.1,0.41,0.0,May,1,1,6,1,Returning_Visitor,True,False
7,51.5,0,0.0,59,1954.75,0.0,0.0,0.0,0.0,Dec,2,2,3,2,Returning_Visitor,False,False
2,84.73,0,0.0,5,97.0,0.0,0.03,0.34,0.03,Mar,3,3,1,10,Returning_Visitor,False,False
1,58.0,0,0.0,33,647.62,0.0,0.01,0.0,0.03,Dec,3,2,3,2,New_Visitor,False,False
2,125.0,0,0.0,7,49.0,0.03,0.03,0.0,0.0,May,1,1,8,1,Returning_Visitor,False,False
0,48.22,0,2.56,1,66.67,0.0,0.1,0.0,0.0,Dec,1,1,4,10,Returning_Visitor,True,False
0,0.0,0,0.0,12,1427.36,0.13,0.13,0.03,0.6,May,2,2,1,3,Returning_Visitor,False,False
4,0.0,0,0.0,75,1268.55,0.0,0.02,0.38,0.0,Nov,2,6,5,3,Returning_Visitor,True,False
0,0.0,0,6.6,77,1903.6,0.0,0.03,0.0,0.0,Dec,1,1,3,2,Returning_Visitor,False,False
0,5.73,0,0.0,6,136.02,0.03,0.04,0.0,0.0,Nov,2,2,7,3,Returning_Visitor,False,True
0,6.34,0,0.0,8,70.2,0.03,0.06,0.0,0.04,Mar,1,2,8,1,Returning_Visitor,True,False
2,0.0,0,0.0,34,1137.17,0.0,0.01,22.27,0.0,May,1,8,1,11,Returning_Visitor,True,True
2,81.6,0,0.0,32,1485.83,0.01,0.02,0.0,0.0,Jul,2,2,9,1,Returning_Visitor,False,False
1,83.52,0,0.0,34,1209.56,0.02,0.03,0.0,0.0,Dec,2,2,1,1,Returning_Visitor,False,False
0,0.0,0,0.73,39,805.79,0.01,0.01,0.0,0.0,Dec,2,2,4,1,Returning_Visitor,True,False
4,406.0,0,8.87,55,2570.43,0.0,0.02,0.04,0.0,Nov,3,2,4,2,Returning_Visitor,True,False
11,225.22,2,32.17,68,1607.17,0.01,0.04,0.0,0.0,Sep,2,2,1,1,Returning_Visitor,True,True
2,28.0,0,13.88,33,1329.67,0.0,0.0,80.04,0.0,May,2,2,1,4,Returning_Visitor,True,True
2,93.56,0,0.0,11,1053.02,0.0,0.07,0.21,0.8,May,1,1,1,5,New_Visitor,False,False
0,1.37,0,0.0,34,1496.7,0.01,0.04,0.0,0.0,May,4,1,1,3,Returning_Visitor,False,False
0,2.88,0,0.0,1,0.0,0.2,0.2,0.0,0.0,Dec,2,2,1,13,Returning_Visitor,False,False
7,268.42,0,0.0,34,1124.88,0.0,0.01,0.23,0.0,Nov,2,2,9,2,Returning_Visitor,False,True
3,14.0,0,0.0,36,1553.48,0.0,0.01,0.01,0.03,Dec,2,2,1,10,Returning_Visitor,False,False
3,467.18,0,8.89,27,1491.12,0.01,0.04,11.16,0.0,Jul,3,2,3,2,Returning_Visitor,False,False
0,0.0,0,0.0,26,2791.2,0.0,0.02,0.0,0.0,Nov,8,2,8,2,New_Visitor,False,False
0,0.0,0,0.0,7,87.88,0.0,0.03,0.0,0.0,Aug,1,1,1,10,Returning_Visitor,True,True
0,0.0,0,0.0,4,57.44,0.0,0.03,0.02,0.0,Dec,2,2,4,2,Returning_Visitor,False,False
3,88.22,4,514.99,26,743.48,0.0,0.02,32.36,0.0,Nov,2,7,1,2,Returning_Visitor,True,True
3,41.7,0,4.8,401,14568.16,0.01,0.02,3.55,0.03,Nov,2,2,4,2,Returning_Visitor,False,True
4,80.62,0,0.0,13,264.53,0.0,0.01,0.0,0.0,May,2,2,9,2,New_Visitor,False,False
0,1.94,1,297.2,16,320.27,0.0,0.02,17.8,0.0,Mar,2,2,1,20,Returning_Visitor,False,True
0,0.0,0,0.0,34,309.92,0.03,0.06,0.0,0.0,May,2,2,3,11,Returning_Visitor,False,False
1,89.61,0,0.0,28,2195.58,0.0,0.02,8.39,0.0,Mar,2,1,3,2,Returning_Visitor,False,True
2,40.0,0,0.0,21,1494.5,0.0,0.01,0.0,0.04,May,2,2,7,2,Returning_Visitor,False,False
2,0.0,0,0.0,34,1296.0,0.0,0.01,0.0,0.03,Nov,2,5,2,3,Returning_Visitor,False,False
6,47.3,0,10.02,14,858.2,0.0,0.01,0.0,0.0,Nov,4,1,3,5,New_Visitor,False,True
0,0.0,0,0.0,23,1544.6,0.06,0.09,0.0,0.03,Nov,3,2,8,10,Returning_Visitor,True,False
5,80.79,0,0.0,13,1183.05,0.0,0.04,0.0,0.0,Mar,2,2,1,2,Returning_Visitor,False,False
1,40.0,2,162.0,17,481.67,0.02,0.04,32.65,0.0,Mar,2,7,3,2,Returning_Visitor,False,False
1,27.5,0,0.0,11,210.72,0.0,0.02,0.04,0.0,Mar,3,2,1,3,Returning_Visitor,False,False
10,477.05,1,21.2,62,1110.97,0.03,0.02,112.44,0.0,Nov,4,2,1,2,Returning_Visitor,False,False
7,164.62,0,16.71,43,1110.58,0.0,0.01,16.36,0.03,Nov,2,2,3,3,Returning_Visitor,False,True
0,0.0,0,0.0,29,669.97,0.01,0.02,0.0,0.0,Mar,1,2,6,2,Returning_Visitor,False,False
0,0.0,0,28.0,12,572.99,0.0,0.01,0.0,0.03,May,4,2,8,2,New_Visitor,False,False
0,0.0,0,0.0,9,250.5,0.0,0.04,0.0,0.0,Mar,3,2,7,1,Returning_Visitor,True,False
2,125.5,0,0.0,6,162.75,0.0,0.03,0.01,0.0,Mar,1,1,1,2,Returning_Visitor,False,False
1,29.0,0,3.58,25,381.36,0.0,0.0,0.0,0.8,May,2,2,1,2,Returning_Visitor,False,False
10,164.07,0,7.82,34,1553.52,0.01,0.01,0.0,0.03,Sep,2,2,1,2,Returning_Visitor,False,False
0,0.0,0,0.0,7,1501.1,0.0,0.03,38.4,0.0,Nov,2,2,2,7,Returning_Visitor,True,True
4,81.24,0,6.96,39,1494.79,0.0,0.02,5.51,0.0,Mar,2,2,3,2,Returning_Visitor,True,False
0,0.0,0,0.0,30,245.85,0.0,0.02,0.01,0.0,Nov,4,2,1,3,Returning_Visitor,False,False
3,157.36,0,0.0,58,2034.26,0.02,0.04,0.0,0.0,Nov,2,2,1,1,Returning_Visitor,False,True
7,42.0,0,0.0,23,502.52,0.01,0.02,0.0,0.0,Nov,2,5,3,3,Returning_Visitor,True,False
0,0.0,0,0.0,12,210.5,0.02,0.05,0.01,0.0,Dec,2,2,1,1,Returning_Visitor,False,False
0,0.0,0,0.0,14,1468.62,0.01,0.09,0.0,1.0,May,2,2,1,6,Returning_Visitor,True,False
0,1.16,0,0.0,8,1656.67,0.14,0.1,0.01,0.0,Mar,4,2,1,3,Returning_Visitor,False,False
0,0.9,0,0.0,23,1487.8,0.0,0.03,0.0,0.0,Dec,1,1,1,2,Returning_Visitor,False,False
1,5.2,0,0.0,15,688.18,0.0,0.01,39.01,0.0,Dec,1,1,3,2,New_Visitor,False,True
0,2.32,0,1.68,4,568.48,0.05,0.07,0.0,0.4,May,2,2,1,7,Returning_Visitor,False,False
1,150.0,0,7.2,128,1799.14,0.01,0.02,0.0,0.03,May,3,2,3,13,Returning_Visitor,False,False
0,0.0,0,0.0,1,11.04,0.2,0.14,0.0,0.0,Dec,1,1,7,3,Returning_Visitor,False,False
9,965.5,0,0.0,30,1465.38,0.0,0.01,0.0,0.0,Dec,3,2,3,2,Returning_Visitor,True,False
0,0.0,0,0.0,26,553.5,0.0,0.01,35.98,0.0,May,2,5,3,4,Returning_Visitor,False,True
2,81.66,0,52.83,12,484.85,0.0,0.01,0.39,0.0,Nov,3,2,8,10,Returning_Visitor,True,False
5,39.7,0,0.0,14,253.6,0.0,0.02,0.49,0.0,Sep,2,2,4,4,Returning_Visitor,False,False
0,0.0,0,11.59,91,2631.47,0.0,0.02,0.0,0.03,Nov,2,2,1,2,Returning_Visitor,False,False
1,200.22,2,96.28,146,7253.68,0.01,0.02,5.94,0.03,May,2,2,3,1,Returning_Visitor,False,False
0,1.52,0,0.0,8,224.27,0.0,0.02,0.0,0.0,Mar,2,2,1,10,Returning_Visitor,False,False
9,208.4,0,0.0,14,248.57,0.0,0.03,0.13,0.0,May,1,1,8,2,Returning_Visitor,False,False
0,0.0,0,0.0,23,476.0,0.01,0.09,0.01,0.0,Dec,2,4,1,1,Returning_Visitor,False,False
0,0.0,0,0.0,65,1357.54,0.01,0.02,0.0,0.0,Sep,2,4,9,3,Returning_Visitor,False,False
0,0.0,0,12.82,5,57.53,0.0,0.04,0.0,0.0,Dec,2,2,4,2,New_Visitor,False,False
0,9.41,0,0.0,2,0.0,0.2,0.2,0.0,0.0,Nov,2,10,1,10,Returning_Visitor,False,False
8,259.83,0,0.0,26,535.47,0.0,0.01,0.0,0.0,May,2,2,4,4,Returning_Visitor,False,False
0,3.35,0,0.0,5,58.0,0.0,0.04,0.0,0.0,May,2,2,4,3,Returning_Visitor,False,False
0,0.64,0,0.0,8,135.25,0.0,0.04,0.0,0.0,Nov,2,2,9,1,Returning_Visitor,False,False
2,418.2,0,0.89,7,117.0,0.01,0.05,0.03,0.0,June,2,2,1,1,Returning_Visitor,False,False
0,0.0,0,0.0,36,1062.67,0.0,0.01,54.57,0.04,May,4,1,1,4,New_Visitor,False,True
0,0.0,0,0.0,2,0.0,0.2,0.14,0.0,0.0,Mar,3,2,1,1,Returning_Visitor,False,False
9,282.72,2,20.6,43,1458.94,0.0,0.02,0.0,0.03,Aug,2,2,3,1,Returning_Visitor,False,False
5,85.42,0,2.0,49,1477.18,0.02,0.02,20.67,0.03,Nov,3,2,3,1,Returning_Visitor,False,True
1,19.2,0,0.0,34,443.83,0.02,0.0,0.0,0.0,Nov,1,1,2,3,Returning_Visitor,False,False
4,364.33,0,5.51,121,3642.07,0.01,0.02,5.05,0.0,Nov,2,2,1,2,Returning_Visitor,False,False
6,299.0,1,41.0,36,696.4,0.0,0.0,0.0,0.0,May,2,2,2,2,New_Visitor,True,False
0,5.71,0,1.02,12,281.5,0.0,0.02,0.0,0.0,May,2,4,7,4,Returning_Visitor,True,False
0,0.0,0,0.0,10,293.96,0.0,0.03,0.0,0.03,Mar,3,2,2,1,Returning_Visitor,False,False
4,0.0,0,1.69,80,801.8,0.0,0.02,0.0,0.03,Mar,2,2,3,1,Returning_Visitor,False,False
0,3.12,0,0.67,24,1488.63,0.0,0.02,0.0,0.03,Mar,2,2,3,1,Returning_Visitor,False,False
10,187.72,1,11.0,29,277.35,0.0,0.02,0.0,0.03,Sep,3,2,1,5,Returning_Visitor,False,False
8,57.06,3,172.0,23,176.82,0.02,0.07,0.6,0.0,Mar,2,2,1,1,Returning_Visitor,False,False
2,86.27,1,98.47,34,2336.32,0.02,0.04,0.0,0.04,Dec,1,1,1,2,Returning_Visitor,False,False
0,0.0,0,0.0,4,137.0,0.0,0.08,0.0,0.0,May,3,2,3,3,Returning_Visitor,True,False
3,65.93,0,0.0,35,557.69,0.0,0.01,25.28,0.03,Dec,2,2,2,2,Returning_Visitor,False,True
1,0.0,0,0.0,143,4977.85,0.01,0.04,0.0,0.03,Nov,2,2,3,1,Returning_Visitor,False,False
1,853.74,0,6.57,584,24844.16,0.0,0.01,4.51,0.03,Nov,2,4,3,2,Returning_Visitor,False,False
2,80.62,0,0.0,10,753.1,0.0,0.02,0.0,0.0,Nov,2,2,1,2,Returning_Visitor,False,False
4,118.8,0,0.0,5,805.5,0.0,0.03,0.0,0.0,Mar,1,1,9,3,Returning_Visitor,False,False
0,0.0,0,0.0,1,4.5,0.14,0.2,0.0,0.0,Mar,2,2,6,13,Returning_Visitor,False,False
3,294.2,2,108.9,60,1994.02,0.02,0.04,0.0,0.0,Sep,3,2,6,2,Returning_Visitor,False,False
0,11.25,0,0.0,8,210.2,0.0,0.05,0.0,0.04,Mar,2,5,1,1,Returning_Visitor,True,False
0,0.0,0,46.6,17,1040.1,0.0,0.01,128.83,0.0,Dec,2,2,5,2,New_Visitor,False,True
3,7.1,0,0.0,34,1011.03,0.0,0.03,0.0,0.11,May,2,5,3,2,Returning_Visitor,False,False
8,144.5,1,181.72,34,2826.79,0.01,0.03,0.0,0.0,May,3,2,3,2,Returning_Visitor,True,False
0,0.0,0,0.0,1,8.86,0.2,0.2,0.0,0.0,Mar,3,2,3,1,Returning_Visitor,False,False
9,87.64,0,6.43,27,399.69,0.0,0.01,0.0,0.0,Mar,1,1,7,2,New_Visitor,False,False
0,10.58,0,0.0,34,1699.58,0.02,0.03,0.0,0.0,Nov,2,2,3,1,Returning_Visitor,True,False
0,1.27,0,0.0,10,1365.97,0.0,0.02,17.3,0.0,Dec,2,2,5,2,New_Visitor,False,True
2,135.0,1,2.0,11,1509.26,0.0,0.01,0.0,0.0,Mar,3,2,1,2,Returning_Visitor,False,False
0,0.0,0,2.45,12,228.5,0.02,0.04,0.0,0.2,May,3,2,3,3,Returning_Visitor,False,False
0,0.85,0,0.0,1,5.81,0.14,0.14,0.0,0.0,May,1,1,3,3,Returning_Visitor,False,False
3,99.5,0,0.0,11,143.0,0.0,0.01,0.0,0.0,May,2,10,8,2,Returning_Visitor,False,False
3,200.58,1,86.0,65,1476.5,0.04,0.06,1.68,0.03,May,2,6,5,1,Returning_Visitor,False,False
1,21.25,1,0.0,23,1171.07,0.01,0.04,11.08,0.0,May,2,2,7,1,Returning_Visitor,False,False
2,87.25,0,4.69,56,2094.98,0.03,0.06,0.0,0.03,May,2,4,3,3,Returning_Visitor,False,False
10,305.91,0,89.95,34,6038.24,0.0,0.02,51.36,0.03,Nov,2,4,3,3,Returning_Visitor,False,True
3,118.5,1,62.83,62,2910.63,0.01,0.02,25.05,0.03,Nov,3,2,1,2,Returning_Visitor,False,True
0,0.0,0,1.53,3,73.92,0.2,0.2,0.0,0.0,May,3,2,1,13,Returning_Visitor,True,False
3,74.0,0,4.33,258,5154.78,0.0,0.01,0.0,0.03,Dec,2,2,2,2,Returning_Visitor,False,False
0,0.0,1,257.0,31,1906.8,0.02,0.05,22.63,0.4,May,2,2,2,11,Returning_Visitor,False,True
2,82.68,1,92.17,2,70.75,0.0,0.04,0.0,0.0,Dec,1,1,3,10,New_Visitor,True,False
0,38.15,0,0.93,2,30.4,0.0,0.04,4.79,0.03,Oct,1,1,6,3,Returning_Visitor,True,True
0,4.43,0,0.0,7,1198.75,0.03,0.07,0.0,0.0,Nov,3,2,2,3,Returning_Visitor,False,False
4,248.67,3,382.33,30,1502.17,0.0,0.01,9.51,0.0,May,3,2,1,11,Returning_Visitor,False,True
9,424.0,0,0.0,29,45.0,0.0,0.02,0.11,0.0,May,3,2,1,5,New_Visitor,False,False
3,37.2,1,0.0,3,1546.42,0.0,0.03,0.0,0.0,May,2,7,7,2,New_Visitor,True,False
2,78.36,0,16.08,127,12158.2,0.01,0.03,0.0,0.03,Nov,2,2,1,3,Returning_Visitor,False,True
0,4.84,0,0.0,10,249.5,0.0,0.02,0.01,0.0,Dec,2,2,3,8,Returning_Visitor,False,False
0,49.71,0,1.94,13,402.6,0.0,0.01,0.0,0.03,Oct,2,2,3,4,Returning_Visitor,False,False
0,0.0,1,0.0,56,1510.01,0.07,0.09,0.0,0.0,Aug,3,2,1,3,Returning_Visitor,True,False
0,0.0,0,0.0,22,821.89,0.02,0.04,0.0,0.0,Jul,2,4,6,1,Returning_Visitor,False,False
1,101.39,1,90.2,36,1005.85,0.0,0.01,0.0,0.0,Mar,1,1,1,3,Returning_Visitor,False,False
0,0.0,0,0.0,28,1495.5,0.0,0.03,0.0,0.0,Nov,2,2,1,2,Returning_Visitor,True,False
0,0.0,0,0.0,1,85.99,0.14,0.2,0.0,0.0,Aug,3,2,2,2,Returning_Visitor,False,False
0,0.0,0,0.0,48,2235.0,0.0,0.03,9.13,0.0,May,2,2,7,2,Returning_Visitor,True,False
1,12.0,0,14.83,29,919.9,0.0,0.02,7.37,0.05,May,2,5,4,2,Returning_Visitor,False,True
0,0.0,0,0.0,34,905.49,0.01,0.04,0.0,0.0,Mar,3,2,2,1,Returning_Visitor,False,False
0,0.0,0,0.0,11,270.0,0.03,0.04,0.05,0.0,Mar,2,2,7,1,Returning_Visitor,False,False
3,24.5,0,0.0,34,1792.47,0.0,0.01,0.01,0.03,Dec,2,2,2,2,Returning_Visitor,False,False
0,0.0,0,0.0,7,169.99,0.03,0.03,21.27,0.03,Jul,2,2,1,2,New_Visitor,False,True
6,96.0,6,53.01,16,261.0,0.01,0.03,0.0,0.0,Nov,3,2,3,1,Returning_Visitor,True,False
0,0.0,0,0.0,8,169.02,0.07,0.13,0.0,0.0,June,3,2,6,1,Returning_Visitor,False,False
3,97.75,1,46.5,12,257.42,0.01,0.02,0.0,0.0,Nov,3,2,6,3,Returning_Visitor,False,False
5,126.82,2,15.0,34,1532.04,0.0,0.02,0.0,0.0,Nov,1,1,1,2,Returning_Visitor,True,True
0,7.4,0,0.0,6,416.77,0.06,0.12,0.0,0.03,Nov,1,1,6,1,Returning_Visitor,False,False
0,28.67,0,0.0,148,3486.19,0.01,0.02,0.0,0.03,Nov,3,2,4,1,Returning_Visitor,False,False
0,0.0,0,0.0,3,59.16,0.0,0.07,0.0,0.0,May,2,5,1,3,Returning_Visitor,False,False
3,80.66,0,0.0,9,246.17,0.0,0.03,0.0,0.0,Dec,3,2,8,2,Returning_Visitor,True,False
0,0.0,0,0.0,23,1500.57,0.03,0.04,0.0,0.03,Nov,3,2,1,2,Returning_Visitor,True,False
3,179.88,0,0.0,47,1011.32,0.02,0.03,3.32,0.0,Nov,3,2,2,1,Returning_Visitor,False,True
0,0.0,0,0.0,41,1483.28,0.01,0.03,0.0,0.07,May,2,2,6,1,Returning_Visitor,False,False
0,7.0,0,0.0,6,206.95,0.08,0.09,0.0,0.0,May,3,2,4,3,Returning_Visitor,False,False
2,84.07,0,0.0,40,673.65,0.0,0.01,23.76,0.0,Nov,2,2,6,3,Returning_Visitor,False,True
0,0.0,1,161.5,60,2789.17,0.0,0.01,31.32,0.0,May,2,2,6,2,Returning_Visitor,False,True
1,341.82,0,8.04,429,9661.59,0.0,0.01,3.46,0.03,Sep,2,2,9,2,Returning_Visitor,False,False
2,136.4,0,0.0,34,1275.27,0.0,0.01,0.0,0.0,Nov,3,2,4,3,Returning_Visitor,True,False
0,0.0,0,0.0,1,438.05,0.0,0.2,0.0,0.0,Mar,2,2,1,2,Returning_Visitor,False,False
3,40.0,0,2.79,24,1507.09,0.0,0.03,0.01,0.0,Nov,1,1,7,8,New_Visitor,False,True
0,0.0,1,104.0,9,244.67,0.05,0.1,0.07,0.56,May,3,2,1,4,Returning_Visitor,True,False
0,0.0,0,0.0,3,61.04,0.0,0.07,0.0,0.0,Nov,2,2,9,3,Returning_Visitor,False,False
3,0.0,0,0.0,71,1094.31,0.0,0.01,4.72,0.0,Oct,4,1,2,2,Returning_Visitor,False,False
4,345.0,0,0.0,6,229.5,0.03,0.03,0.0,0.0,Mar,3,2,4,2,Returning_Visitor,True,False
9,110.41,2,51.0,34,3120.21,0.0,0.02,7.89,0.0,Dec,2,2,1,2,Returning_Visitor,False,False
0,0.64,2,70.7,15,506.0,0.03,0.06,0.0,0.6,May,2,2,1,4,Returning_Visitor,False,False
0,0.0,0,0.0,5,981.39,0.0,0.04,0.28,0.8,May,1,1,3,1,Returning_Visitor,False,False
3,440.58,0,0.0,35,1777.7,0.0,0.02,14.74,0.03,Dec,2,2,1,2,Returning_Visitor,False,False
1,29.0,0,0.0,20,451.93,0.01,0.02,0.0,0.04,May,3,2,1,2,Returning_Visitor,False,False
0,2.81,0,1.81,47,1230.37,0.0,0.02,0.0,0.0,May,2,2,1,2,Returning_Visitor,False,False
0,9.15,0,0.0,17,287.5,0.07,0.09,0.0,0.8,May,3,2,4,13,Returning_Visitor,False,False
2,82.12,0,0.0,22,1662.73,0.0,0.03,6.0,0.03,May,2,2,4,2,Returning_Visitor,True,False
0,0.0,0,0.0,2,0.0,0.2,0.2,0.0,0.6,May,2,2,1,3,Returning_Visitor,False,False
0,1.28,0,0.0,34,987.77,0.02,0.07,0.0,0.0,Dec,2,4,3,1,Returning_Visitor,False,False
1,444.6,2,34.0,41,1021.52,0.01,0.02,0.0,0.0,Dec,1,2,3,2,New_Visitor,True,False
4,44.75,3,117.79,42,3074.85,0.02,0.03,0.0,0.03,Nov,2,2,3,1,Returning_Visitor,False,False
0,33.68,0,0.0,4,67.0,0.0,0.05,0.0,0.0,Dec,2,2,9,2,Returning_Visitor,False,False
0,0.0,0,0.76,41,1501.52,0.01,0.04,0.0,0.03,Dec,2,2,1,1,Returning_Visitor,False,False
1,564.9,3,10.88,134,3410.7,0.0,0.0,0.0,0.03,Nov,3,2,1,2,Returning_Visitor,False,False
1,11.5,0,0.0,19,887.8,0.0,0.04,0.0,0.0,Nov,3,2,1,3,Returning_Visitor,False,False
8,221.33,0,14.75,63,5245.28,0.0,0.02,0.01,0.0,Nov,2,2,3,2,Returning_Visitor,False,False
6,245.47,0,1.65,57,1575.22,0.05,0.03,0.0,0.0,May,4,2,3,1,Returning_Visitor,False,False
0,25.0,0,0.0,36,1445.6,0.0,0.04,0.0,0.03,May,3,3,3,2,Returning_Visitor,True,False
1,0.0,0,46.11,330,11208.36,0.01,0.02,0.0,0.03,Nov,2,2,1,2,Returning_Visitor,False,True
0,0.0,0,61.58,34,5044.76,0.0,0.01,0.0,0.8,May,1,1,6,6,Returning_Visitor,False,False
5,112.25,0,0.0,34,1539.78,0.01,0.0,0.0,0.0,Nov,3,2,1,2,New_Visitor,True,False
0,1.49,0,3.72,24,1139.65,0.0,0.03,0.0,0.0,Mar,2,6,6,2,Returning_Visitor,False,False
0,0.0,1,0.0,31,1552.24,0.0,0.04,0.0,0.0,Dec,2,2,1,6,Returning_Visitor,True,False
0,9.11,0,194.4,8,197.9,0.04,0.03,0.0,0.0,Sep,1,1,3,4,Returning_Visitor,False,True
3,12.0,0,0.0,45,1495.2,0.03,0.05,0.0,0.03,Nov,3,2,3,2,Returning_Visitor,False,False
0,0.0,0,0.0,12,201.33,0.02,0.04,0.0,0.03,Nov,3,2,1,13,Returning_Visitor,True,False
0,0.0,0,0.0,34,1386.15,0.0,0.02,0.0,0.04,May,2,6,7,3,Returning_Visitor,False,False
4,368.61,0,7.32,21,664.33,0.0,0.02,0.02,0.0,May,2,2,1,2,Returning_Visitor,True,False
3,27.58,0,0.0,34,420.2,0.01,0.02,0.0,0.0,May,3,2,1,4,Returning_Visitor,False,False
5,85.0,0,0.0,24,1548.28,0.04,0.06,0.0,1.0,May,3,2,3,1,Returning_Visitor,True,False
3,420.07,3,230.7,23,1251.6,0.0,0.08,0.0,0.0,Nov,2,1,3,2,Returning_Visitor,False,False
0,0.0,0,0.0,8,202.89,0.0,0.04,0.0,0.4,May,2,2,4,13,Returning_Visitor,False,False
0,0.0,0,2.13,73,3324.6,0.02,0.04,0.0,0.0,Nov,2,2,1,13,Returning_Visitor,False,True
7,99.8,5,466.4,34,839.73,0.0,0.03,0.0,0.0,Nov,2,2,3,1,Returning_Visitor,False,True
0,0.0,0,0.0,11,1503.11,0.0,0.01,39.17,0.0,May,3,2,6,11,Returning_Visitor,False,True
11,903.7,1,18.13,29,1527.29,0.01,0.01,3.87,0.0,Oct,3,2,6,1,Returning_Visitor,False,False
0,630.53,0,0.0,33,357.89,0.0,0.01,0.1,0.03,Oct,3,2,7,4,Returning_Visitor,False,False
1,81.45,0,3.87,15,1490.4,0.03,0.03,0.0,0.03,Mar,1,1,8,2,Returning_Visitor,True,False
1,313.03,0,7.06,133,3700.5,0.0,0.01,25.66,0.03,May,2,4,6,2,Returning_Visitor,False,False
2,102.5,0,0.0,9,162.23,0.0,0.02,0.03,0.0,Sep,2,2,1,5,Returning_Visitor,False,False
3,127.5,1,63.63,33,1440.93,0.01,0.02,0.06,0.03,Dec,2,2,1,1,Returning_Visitor,False,False
0,0.0,0,0.0,17,336.0,0.0,0.02,0.0,0.8,May,2,2,1,4,Returning_Visitor,False,False
0,0.0,0,0.0,2,11.4,0.2,0.14,0.0,0.03,Mar,3,2,3,1,Returning_Visitor,False,False
1,64.5,0,10.27,97,2696.11,0.0,0.02,5.77,0.03,Nov,2,2,1,13,Returning_Visitor,False,True
0,0.0,0,0.0,3,170.67,0.03,0.02,0.0,0.0,Dec,3,3,1,11,New_Visitor,False,False
0,0.0,0,0.0,7,315.0,0.0,0.04,0.0,0.0,Dec,3,2,6,2,New_Visitor,True,False
0,5.66,0,0.0,13,560.53,0.02,0.04,0.0,0.8,May,2,2,4,3,Returning_Visitor,False,False
0,0.0,0,0.0,56,1531.92,0.01,0.02,0.0,0.0,Nov,3,2,1,2,Returning_Visitor,True,False
2,120.6,3,34.51,85,1813.75,0.0,0.01,0.86,0.0,Aug,2,2,3,2,Returning_Visitor,False,False
0,0.0,0,0.0,7,444.25,0.0,0.02,0.0,0.0,Nov,3,2,3,3,Returning_Visitor,True,False
5,85.2,5,109.75,38,1523.85,0.01,0.01,0.0,0.0,May,3,2,1,10,Returning_Visitor,True,False
4,83.29,0,3.28,34,456.9,0.0,0.01,0.02,0.04,Aug,2,2,8,6,New_Visitor,True,False
6,121.0,0,0.0,7,65.5,0.01,0.03,0.0,0.03,Nov,1,1,6,1,Returning_Visitor,False,False
1,54.4,0,0.0,135,1490.14,0.0,0.01,0.0,0.0,May,2,5,4,13,Returning_Visitor,False,False
0,2.83,0,0.0,6,1251.0,0.03,0.04,0.0,0.0,Mar,3,2,1,1,Returning_Visitor,False,False
0,0.0,0,0.0,25,710.5,0.03,0.08,0.0,0.8,May,2,2,6,13,Returning_Visitor,False,False
0,0.0,0,0.31,2,7.78,0.2,0.14,0.0,0.0,May,2,2,1,1,Returning_Visitor,False,False
0,4.08,0,0.0,34,783.57,0.0,0.01,62.08,0.0,May,2,2,1,6,Returning_Visitor,True,True
5,226.09,0,0.0,37,1431.9,0.0,0.0,0.0,0.03,June,1,1,4,4,Returning_Visitor,False,False
5,153.0,0,0.0,34,1074.68,0.01,0.02,38.98,0.0,May,1,1,6,4,Returning_Visitor,False,False
2,34.0,0,0.0,35,1907.14,0.01,0.02,64.25,0.0,Dec,2,2,1,2,Returning_Visitor,True,False
3,129.0,0,0.0,34,2378.26,0.01,0.01,4.14,0.03,Nov,2,2,9,2,Returning_Visitor,False,True
6,754.53,0,0.0,5,749.23,0.0,0.01,0.0,0.0,Nov,3,2,3,1,Returning_Visitor,False,False
1,10.0,0,0.0,9,700.0,0.0,0.01,29.62,0.04,Dec,2,2,9,7,Returning_Visitor,False,True
4,396.96,0,10.16,280,9247.38,0.0,0.02,7.98,0.03,Nov,2,2,7,2,Returning_Visitor,False,False
5,55.5,0,0.0,12,1076.5,0.0,0.01,0.0,0.0,Mar,2,2,1,2,New_Visitor,False,False
0,3.83,0,0.0,3,204.9,0.07,0.13,0.02,0.0,May,3,2,1,3,Returning_Visitor,False,False
3,133.47,0,31.49,117,4935.54,0.01,0.02,0.0,0.03,Oct,2,2,3,2,Returning_Visitor,True,False
2,86.47,2,66.5,16,1498.88,0.0,0.0,0.0,0.06,Mar,2,2,7,2,New_Visitor,True,False
3,159.0,2,27.75,34,821.68,0.0,0.02,0.0,0.0,Dec,2,2,1,2,Returning_Visitor,False,True
0,0.0,0,0.0,57,1384.5,0.0,0.03,0.0,0.06,May,2,2,3,13,Returning_Visitor,False,False
2,216.25,2,107.0,39,1056.51,0.02,0.03,0.0,0.0,Dec,3,2,1,1,Returning_Visitor,True,False
1,51.4,0,0.0,14,562.3,0.0,0.02,37.78,0.0,Jul,1,1,6,2,New_Visitor,True,True
2,84.62,0,0.0,13,309.93,0.0,0.01,0.17,0.03,Mar,2,2,2,2,New_Visitor,False,False
0,2.27,0,0.0,5,38.0,0.12,0.16,0.0,0.6,May,2,5,1,3,Returning_Visitor,False,False
5,100.65,0,0.0,3,61.96,0.0,0.03,0.01,0.0,Mar,2,4,1,2,Returning_Visitor,True,False
0,48.24,0,0.0,2,135.0,0.0,0.1,0.02,0.0,Mar,1,1,1,2,Returning_Visitor,False,False
0,0.0,0,4.46,6,81.0,0.0,0.03,0.0,0.0,Mar,2,2,3,2,Returning_Visitor,False,False
0,0.0,0,0.0,8,186.5,0.0,0.02,0.07,0.0,Mar,2,2,3,3,Returning_Visitor,True,False
3,156.14,0,0.0,18,1181.2,0.0,0.05,0.0,0.0,Mar,3,2,9,1,Returning_Visitor,False,False
4,72.0,0,6.76,6,46.5,0.03,0.06,0.0,0.0,Nov,3,2,2,3,Returning_Visitor,False,False
0,0.0,0,0.0,7,213.94,0.0,0.04,0.07,0.0,May,3,2,3,3,Returning_Visitor,False,False
2,82.61,0,13.49,30,1448.93,0.04,0.07,0.0,0.0,Dec,3,2,1,13,Returning_Visitor,False,False
3,82.76,1,112.0,68,2822.17,0.0,0.02,0.0,0.0,Nov,2,2,1,10,Returning_Visitor,False,False
3,36.5,0,0.0,11,1461.52,0.0,0.03,0.0,0.0,Mar,2,2,1,8,Returning_Visitor,False,False
7,204.39,4,5.02,61,1472.94,0.04,0.02,0.0,0.0,May,3,2,6,3,Returning_Visitor,False,False
3,37.0,1,9.0,34,1529.89,0.0,0.04,0.04,0.04,Feb,3,2,1,2,Returning_Visitor,True,False
0,0.0,0,0.87,7,146.94,0.02,0.06,0.0,0.0,Nov,3,2,1,3,Returning_Visitor,False,False
0,22.33,1,2.22,105,2900.64,0.01,0.02,0.0,0.04,May,2,2,8,4,Returning_Visitor,True,False
8,177.67,1,264.33,56,2581.36,0.0,0.01,0.0,0.0,Nov,3,2,3,2,Returning_Visitor,True,False
5,141.0,0,0.0,33,1371.63,0.0,0.01,44.71,0.0,Mar,2,4,3,8,New_Visitor,True,True
3,41.3,0,0.0,6,55.9,0.0,0.01,2.87,0.0,June,3,2,2,2,New_Visitor,False,False
4,89.5,0,0.0,3,30.0,0.02,0.04,0.0,0.0,May,1,1,3,2,Returning_Visitor,True,False
0,0.0,1,861.0,12,1549.18,0.01,0.04,0.0,0.0,Nov,1,1,3,2,Returning_Visitor,True,False
1,162.5,1,44.5,34,1392.67,0.0,0.02,0.0,0.03,Mar,1,2,3,10,Returning_Visitor,False,False
1,78.4,0,0.0,35,706.4,0.02,0.04,26.55,0.09,May,3,2,1,2,Returning_Visitor,True,False
0,0.0,1,19.0,10,852.0,0.0,0.01,39.09,0.0,Feb,2,2,3,6,Returning_Visitor,False,False
0,0.0,1,226.0,19,797.17,0.0,0.01,0.0,0.03,May,3,3,6,4,Returning_Visitor,True,False
0,3.36,0,0.0,4,56.0,0.1,0.15,0.0,0.04,May,2,2,6,3,Returning_Visitor,False,False
3,176.6,1,204.4,45,789.37,0.0,0.0,0.0,0.0,Dec,2,5,7,2,Returning_Visitor,False,False
10,1427.03,0,99.8,26,1490.21,0.02,0.03,14.67,0.0,Aug,1,1,1,4,Returning_Visitor,False,False
2,14.0,0,2.44,65,2130.45,0.02,0.02,20.6,0.0,Nov,3,2,1,1,Returning_Visitor,False,False
0,6.03,1,0.0,5,430.17,0.0,0.04,0.0,0.0,Nov,3,2,1,2,Returning_Visitor,True,False
0,25.27,0,0.0,26,232.5,0.0,0.05,0.0,0.0,Nov,4,2,1,2,New_Visitor,False,False
0,0.0,0,0.0,34,1589.62,0.0,0.01,15.64,0.0,Dec,2,2,1,1,Returning_Visitor,False,False
0,122.1,0,13.11,134,8701.85,0.0,0.01,0.0,0.03,Nov,2,2,1,3,Returning_Visitor,False,False
0,0.0,0,0.0,24,550.17,0.0,0.05,0.0,0.0,Nov,2,2,1,2,Returning_Visitor,False,False
2,86.69,0,0.0,9,561.25,0.02,0.03,39.15,0.0,Dec,3,2,1,1,Returning_Visitor,False,False
3,81.14,0,0.0,24,368.6,0.0,0.01,0.01,0.0,Sep,2,2,1,2,New_Visitor,False,False
0,0.0,0,0.0,11,855.25,0.02,0.06,0.0,0.03,May,2,2,3,13,Returning_Visitor,False,False
3,125.63,0,4.79,312,13379.37,0.0,0.02,8.06,0.03,Dec,2,2,4,2,Returning_Visitor,False,False
0,0.0,0,0.0,2,5.03,0.14,0.14,0.0,0.0,Nov,2,2,8,13,Returning_Visitor,False,False
8,121.03,0,23.86,9,208.95,0.0,0.04,0.0,0.0,Nov,2,2,1,3,Returning_Visitor,False,False
0,1.27,0,0.0,13,167.5,0.0,0.04,0.08,0.0,Jul,2,2,1,1,Returning_Visitor,False,False
0,8.28,0,0.0,6,1489.16,0.14,0.1,0.0,0.15,June,2,2,1,3,Returning_Visitor,False,False
0,0.0,0,0.0,32,1504.41,0.01,0.03,0.0,0.0,Dec,4,2,3,3,Returning_Visitor,False,False
1,42.81,1,43.4,13,94.2,0.04,0.05,38.11,0.0,Jul,2,2,3,1,Returning_Visitor,False,False
0,7.01,0,0.0,2,28.2,0.0,0.1,0.21,0.0,Jul,2,2,1,1,Returning_Visitor,False,False
0,0.0,0,1.0,5,98.54,0.13,0.1,0.0,0.0,Nov,3,2,3,13,Returning_Visitor,False,False
1,88.75,0,0.0,20,1490.92,0.0,0.0,14.13,0.0,Nov,2,2,2,2,Returning_Visitor,True,True
3,35.55,0,0.0,34,1203.53,0.0,0.01,0.0,0.0,Oct,4,1,1,4,Returning_Visitor,False,False
3,118.0,0,0.0,35,859.17,0.0,0.01,9.99,0.03,May,3,2,2,2,Returning_Visitor,False,False
1,3.0,0,0.0,28,271.12,0.0,0.04,0.0,0.0,May,4,2,1,3,New_Visitor,False,False
3,113.25,0,6.22,91,1746.11,0.0,0.01,0.0,0.0,Nov,2,2,8,2,New_Visitor,False,False
0,0.0,0,0.0,5,58.19,0.18,0.19,0.0,0.0,Dec,3,2,4,1,Returning_Visitor,False,False
0,14.86,0,2.86,7,238.93,0.0,0.01,0.0,0.0,Sep,2,2,4,2,Returning_Visitor,False,False
3,80.0,0,0.65,32,931.5,0.01,0.02,51.12,0.04,May,2,2,1,1,Returning_Visitor,False,False
0,128.2,0,0.0,2,0.0,0.14,0.14,0.0,0.0,Dec,2,2,1,3,Returning_Visitor,False,False
2,75.0,0,0.0,11,1482.24,0.0,0.01,22.89,0.0,Mar,1,1,1,2,New_Visitor,True,True
2,31.5,0,0.0,12,1485.66,0.0,0.01,0.0,0.0,Mar,2,2,7,1,Returning_Visitor,False,False
0,1.54,0,0.0,6,115.35,0.12,0.1,0.0,0.0,Mar,2,2,1,13,Returning_Visitor,True,False
3,43.0,0,0.0,11,610.0,0.0,0.02,0.0,0.0,Mar,2,4,1,1,Returning_Visitor,False,False
1,5.0,0,25.0,81,1421.67,0.0,0.03,0.0,0.6,May,2,4,3,4,Returning_Visitor,False,False
10,274.25,2,247.75,34,2267.33,0.0,0.01,48.61,0.0,Nov,2,2,1,2,Returning_Visitor,False,True
1,4.16,0,0.0,34,1488.69,0.0,0.02,0.0,0.0,Dec,2,2,7,2,Returning_Visitor,False,False
8,97.6,0,0.0,24,498.9,0.0,0.02,5.82,0.0,Oct,2,2,1,2,Returning_Visitor,False,True
3,15.1,0,0.0,9,248.05,0.0,0.02,0.04,0.0,May,1,1,1,4,New_Visitor,False,False
0,6.24,0,0.0,5,209.58,0.0,0.08,0.0,0.03,Dec,3,2,1,6,Returning_Visitor,False,False
0,0.0,0,1.74,6,77.0,0.14,0.12,0.0,0.0,Dec,2,2,3,13,Returning_Visitor,False,False
0,0.0,0,0.0,2,0.0,0.2,0.11,0.0,0.0,Nov,2,4,3,3,Returning_Visitor,False,False
0,0.0,0,2.13,11,47.5,0.0,0.02,0.0,0.0,Nov,2,4,9,3,Returning_Visitor,False,False
0,0.0,0,0.0,2,0.0,0.0,0.14,0.01,0.04,Nov,1,1,1,1,Returning_Visitor,False,False
0,34.61,0,0.0,5,1231.79,0.14,0.08,0.0,0.0,Dec,3,2,1,3,Returning_Visitor,False,False
2,24.6,0,0.0,26,779.51,0.02,0.03,39.14,0.0,Mar,1,1,3,1,Returning_Visitor,True,True
5,81.2,0,0.0,34,1474.5,0.0,0.01,0.0,0.0,Nov,1,2,3,2,New_Visitor,False,False
3,224.0,0,0.0,33,1485.75,0.01,0.01,0.0,0.0,May,3,2,3,4,Returning_Visitor,False,False
1,57.4,0,0.0,8,804.82,0.03,0.01,0.0,0.03,June,1,2,3,2,Returning_Visitor,False,False
3,96.75,0,11.76,30,2151.1,0.0,0.02,0.0,0.03,Nov,2,2,2,11,Returning_Visitor,True,False
3,396.5,0,0.0,6,415.5,0.0,0.02,0.0,0.0,Dec,1,1,3,8,New_Visitor,False,False
10,322.83,1,12.0,28,1301.9,0.01,0.02,0.0,0.0,Dec,2,4,3,2,Returning_Visitor,False,False
3,40.5,2,226.21,34,1568.65,0.01,0.01,28.17,0.03,Nov,2,2,1,8,New_Visitor,True,False
0,0.0,0,0.0,24,1385.28,0.02,0.03,0.0,0.4,May,2,2,2,13,Returning_Visitor,False,False
1,7.41,0,13.6,12,354.0,0.0,0.02,0.0,0.04,Nov,2,7,1,2,New_Visitor,True,False
0,0.0,0,0.0,2,3.0,0.0,0.1,0.03,0.03,Dec,2,2,4,2,Returning_Visitor,False,False
1,1.96,0,1.12,27,1484.93,0.0,0.03,0.0,0.0,Dec,3,2,9,2,Returning_Visitor,False,False
0,0.0,0,1.32,20,1496.29,0.0,0.03,0.0,0.0,Dec,2,2,3,3,Returning_Visitor,False,False
15,80.99,0,1.05,60,632.25,0.01,0.01,0.0,0.0,Oct,4,2,1,1,Returning_Visitor,False,False
3,96.9,0,0.0,13,524.0,0.0,0.01,45.46,0.0,Nov,2,4,9,8,New_Visitor,True,True
0,316.55,3,221.0,67,1538.12,0.0,0.02,1.09,0.0,May,2,2,4,2,Returning_Visitor,False,False
0,0.0,0,0.0,13,135.88,0.03,0.11,0.0,0.0,May,1,2,3,1,Returning_Visitor,True,False
0,0.0,1,118.0,14,312.46,0.05,0.06,0.0,0.0,Nov,3,2,1,13,Returning_Visitor,False,False
0,0.89,0,0.0,14,1497.36,0.0,0.02,0.0,0.0,Nov,1,1,1,2,Returning_Visitor,True,False
8,487.0,0,0.0,28,839.52,0.0,0.02,0.0,0.0,Dec,1,1,3,2,Returning_Visitor,True,False
3,95.21,2,126.96,34,3453.98,0.0,0.04,38.11,0.0,May,2,2,3,1,Returning_Visitor,False,False
1,107.46,2,9.0,33,1195.58,0.02,0.04,32.02,0.03,Nov,2,5,3,2,Returning_Visitor,False,True
3,155.75,0,35.93,62,2038.77,0.01,0.03,17.6,0.04,Nov,2,4,1,10,Returning_Visitor,True,False
4,0.0,0,0.0,6,109.25,0.0,0.03,0.0,0.0,Dec,8,13,9,20,Other,False,False
0,0.0,0,0.0,23,449.33,0.01,0.04,0.0,0.0,Mar,2,5,1,3,Returning_Visitor,False,False
0,0.0,0,9.99,200,6867.19,0.01,0.02,0.0,0.03,Nov,2,2,1,2,Returning_Visitor,False,False
0,0.0,0,0.0,1,1494.96,0.0,0.02,47.79,0.0,Nov,1,1,6,3,New_Visitor,False,True
3,26.0,0,8.21,2,1501.28,0.0,0.02,0.0,0.8,May,2,2,7,4,Returning_Visitor,False,False
0,0.0,0,0.0,20,1487.95,0.01,0.03,0.01,0.0,Dec,1,1,3,2,Returning_Visitor,False,False
0,0.0,0,0.0,6,68.44,0.0,0.02,0.0,0.03,Mar,2,4,6,8,Returning_Visitor,False,False
3,11.89,0,0.0,34,3510.88,0.0,0.01,12.02,0.0,Mar,3,2,5,2,Returning_Visitor,False,False
0,23.4,0,0.0,1,0.0,0.2,0.2,0.0,0.0,Mar,2,2,1,3,Returning_Visitor,False,False
2,82.29,0,0.0,12,237.89,0.0,0.01,0.0,0.0,May,4,2,7,3,Returning_Visitor,False,False
3,79.75,0,0.0,3,73.5,0.04,0.08,0.0,0.0,Mar,3,2,1,2,Returning_Visitor,False,False
4,49.2,0,0.0,14,22.0,0.0,0.03,0.0,0.03,Nov,2,2,3,2,New_Visitor,False,True
0,0.0,0,2.67,45,1478.07,0.02,0.04,0.0,0.0,Nov,2,2,7,13,Returning_Visitor,False,False
1,62.5,4,196.0,36,585.18,0.0,0.0,4.21,0.0,May,2,2,6,4,Returning_Visitor,False,False
3,199.0,0,0.0,34,1425.57,0.0,0.01,0.0,0.03,Nov,2,2,9,2,New_Visitor,False,True
4,4.78,0,0.0,7,480.61,0.0,0.01,0.0,0.0,Dec,8,13,9,20,Other,False,False
0,9.59,0,0.0,9,1487.1,0.0,0.01,0.11,0.0,Mar,3,2,9,2,New_Visitor,False,False
6,243.75,0,0.0,8,1488.6,0.04,0.04,0.0,0.0,Dec,3,2,1,1,Returning_Visitor,False,False
7,56.3,0,0.0,15,315.4,0.0,0.01,0.0,0.0,Oct,2,2,1,2,New_Visitor,False,False
2,15.0,0,0.0,44,1412.27,0.0,0.02,0.0,0.0,Dec,2,2,1,2,New_Visitor,False,False
2,7.0,0,0.0,21,467.95,0.02,0.07,0.0,0.0,May,2,2,1,3,Returning_Visitor,False,False
3,82.15,0,0.0,6,237.62,0.0,0.03,0.0,0.0,Mar,1,1,4,2,New_Visitor,True,False
10,60.7,3,110.25,75,1585.61,0.01,0.02,0.0,0.03,Dec,2,2,4,1,Returning_Visitor,False,False
0,0.0,3,3.55,52,1216.36,0.05,0.07,0.0,0.0,Sep,3,2,1,13,Returning_Visitor,True,False
0,0.0,0,0.98,17,315.08,0.0,0.02,0.0,0.0,Dec,2,2,3,1,Returning_Visitor,False,True
1,13.1,0,20.37,111,4208.75,0.0,0.02,0.0,0.0,Jul,2,2,1,2,Returning_Visitor,True,False
0,0.0,2,66.67,23,1232.73,0.0,0.01,38.63,0.0,May,4,2,1,19,Returning_Visitor,False,True
0,0.0,0,0.0,24,607.97,0.0,0.0,37.96,0.0,Nov,4,1,1,2,New_Visitor,False,True
1,12.5,0,0.0,51,769.99,0.0,0.01,0.0,0.04,May,2,2,1,2,New_Visitor,True,False
0,0.0,0,0.0,7,314.5,0.0,0.04,0.0,0.03,Mar,2,2,3,1,Returning_Visitor,False,False
3,0.0,0,8.14,23,316.5,0.0,0.03,17.54,0.0,Mar,2,4,1,8,New_Visitor,True,True
1,17.6,0,0.0,12,1192.87,0.0,0.02,0.0,0.0,Mar,2,2,1,3,Returning_Visitor,False,False
0,0.0,0,52.26,39,1449.3,0.01,0.02,0.0,0.0,Sep,1,1,1,4,Returning_Visitor,False,False
7,405.26,1,88.0,36,661.63,0.0,0.01,0.04,0.0,May,1,1,1,2,Returning_Visitor,False,False
6,220.0,0,327.0,50,1845.17,0.02,0.02,10.1,0.0,May,2,2,3,3,Returning_Visitor,False,False
1,8.0,0,0.0,10,109.19,0.04,0.06,0.06,0.03,Mar,1,1,7,3,Returning_Visitor,True,False
9,220.63,0,2.29,42,1490.39,0.0,0.02,0.0,1.0,May,2,1,1,2,Returning_Visitor,True,False
0,0.0,0,0.0,7,203.24,0.0,0.04,0.0,0.03,Dec,2,2,1,13,Returning_Visitor,False,False
2,176.96,0,6.35,351,8650.05,0.01,0.03,1.98,0.04,Nov,3,2,1,2,Returning_Visitor,False,False
0,0.0,0,0.0,3,5.0,0.13,0.17,0.01,0.03,May,1,1,3,6,Returning_Visitor,False,False
10,204.1,1,45.71,138,4042.95,0.0,0.01,18.22,0.03,Dec,2,2,1,2,Returning_Visitor,False,True
0,0.0,0,0.0,7,48.0,0.11,0.16,0.0,0.07,May,1,1,1,3,Returning_Visitor,False,False
0,0.0,0,0.0,32,1482.88,0.0,0.01,0.23,0.0,May,2,2,9,1,Returning_Visitor,True,False
0,0.0,0,0.0,15,1480.14,0.03,0.07,0.0,0.8,May,2,2,1,13,Returning_Visitor,False,False
0,5.24,0,0.0,2,0.0,0.14,0.2,0.0,0.03,Mar,2,2,9,1,Returning_Visitor,False,False
3,81.14,0,0.0,14,178.59,0.01,0.01,0.0,0.0,Aug,3,2,1,4,Returning_Visitor,True,False
0,3.61,0,1.11,7,72.5,0.0,0.05,0.1,0.0,Dec,1,1,3,10,Returning_Visitor,False,False
5,91.32,0,9.96,29,1352.98,0.01,0.02,7.91,0.0,Nov,1,1,6,1,Returning_Visitor,False,False
2,65.4,0,1.24,34,2426.01,0.0,0.02,0.0,0.03,Sep,3,2,1,3,Returning_Visitor,False,False
3,245.93,2,1.7,27,1333.8,0.01,0.03,4.95,0.05,Nov,2,2,9,6,Returning_Visitor,False,False
2,29.0,1,113.0,12,536.04,0.0,0.0,0.0,0.0,May,2,2,3,2,Returning_Visitor,False,False
3,21.0,1,66.81,34,326.58,0.02,0.04,0.0,0.0,Mar,3,2,4,3,Returning_Visitor,False,False
0,0.0,0,0.0,34,1021.75,0.0,0.02,0.0,0.05,May,2,2,3,3,Returning_Visitor,False,False
0,42.86,0,0.0,7,357.75,0.01,0.08,0.23,0.0,Nov,4,1,1,10,Returning_Visitor,True,False
0,0.0,0,0.0,5,56.0,0.0,0.08,0.0,0.0,Mar,2,2,1,1,Returning_Visitor,False,False
0,0.0,0,0.0,8,227.51,0.02,0.08,0.0,0.0,May,2,5,3,2,Returning_Visitor,True,False
0,0.0,0,0.0,12,429.0,0.0,0.02,0.0,0.0,Nov,1,1,3,8,Returning_Visitor,False,False
0,0.0,0,0.0,9,76.0,0.0,0.02,0.0,0.03,May,2,4,3,3,Returning_Visitor,False,False
0,77.0,0,0.0,70,2670.87,0.0,0.02,38.8,0.0,May,2,5,7,2,Returning_Visitor,False,False
3,573.5,1,0.0,33,1946.94,0.01,0.01,0.05,0.0,Dec,2,2,3,2,Returning_Visitor,False,False
3,159.0,2,55.5,34,1100.12,0.0,0.01,0.0,0.04,May,3,2,4,14,Returning_Visitor,False,False
8,656.0,1,9.0,34,1390.87,0.0,0.02,33.58,0.0,May,2,5,3,2,Returning_Visitor,False,True
0,0.0,0,0.0,16,1507.28,0.01,0.04,0.01,0.0,Mar,4,2,1,3,Returning_Visitor,False,False
10,175.47,1,111.86,82,1502.88,0.0,0.02,13.98,0.03,Nov,3,2,1,2,Returning_Visitor,False,True
0,0.98,0,0.0,11,115.25,0.14,0.11,0.0,0.0,Nov,2,6,1,1,Returning_Visitor,False,False
3,254.0,1,39.0,33,4990.96,0.0,0.02,5.64,0.03,May,2,2,1,6,Returning_Visitor,False,True
3,63.0,0,2.21,31,770.58,0.01,0.02,0.0,0.03,Dec,2,2,1,8,Returning_Visitor,False,False
0,0.0,0,0.0,5,270.58,0.07,0.07,0.0,0.0,Nov,1,1,5,8,Returning_Visitor,True,False
1,60.77,0,0.0,9,1482.49,0.0,0.02,0.0,0.0,Dec,2,4,3,4,New_Visitor,False,False
5,81.9,0,20.0,22,392.6,0.03,0.06,0.01,0.0,Oct,2,2,7,3,Returning_Visitor,False,False
4,55.0,0,13.01,109,1284.36,0.0,0.01,0.0,0.03,Dec,1,1,1,10,Returning_Visitor,False,False
0,0.0,0,0.0,8,648.5,0.0,0.04,0.0,0.03,Nov,3,2,3,11,Returning_Visitor,True,False
0,0.0,0,0.0,75,2532.96,0.0,0.03,0.0,0.04,Mar,1,6,1,1,Returning_Visitor,False,False
3,85.98,0,0.0,29,1518.57,0.0,0.01,29.46,0.0,Nov,3,2,3,2,New_Visitor,True,False
0,0.0,0,0.0,28,690.96,0.0,0.02,0.0,0.0,Nov,2,2,6,2,Returning_Visitor,True,False
0,1.68,0,3.25,13,1259.71,0.02,0.04,0.0,0.0,May,1,1,7,1,Returning_Visitor,False,False
0,0.0,0,0.0,33,952.97,0.0,0.01,0.0,0.03,Mar,1,2,2,2,Returning_Visitor,False,False
0,49.61,0,0.0,20,1481.74,0.0,0.03,0.0,0.0,Mar,2,2,1,3,Returning_Visitor,False,False
0,0.0,3,584.0,66,2060.51,0.01,0.02,0.0,0.0,Nov,2,2,1,1,Returning_Visitor,False,False
1,2629.25,0,11.94,705,43171.23,0.0,0.02,0.76,0.03,May,2,2,1,2,Returning_Visitor,False,False
8,195.32,0,0.0,54,1063.95,0.0,0.02,54.25,0.0,Mar,2,2,1,2,Returning_Visitor,False,False
0,0.0,2,14.0,11,1519.22,0.03,0.04,0.0,0.0,Mar,3,2,1,3,Returning_Visitor,True,False
0,2.08,0,0.0,4,2.33,0.14,0.14,0.0,0.0,May,2,2,4,13,Returning_Visitor,False,False
0,4.61,0,0.0,2,11.0,0.09,0.13,0.0,0.0,Dec,2,2,2,1,Returning_Visitor,False,False
0,0.0,0,0.0,25,1471.23,0.03,0.05,0.0,0.0,May,2,2,1,19,Returning_Visitor,False,False
3,77.1,6,60.3,26,944.8,0.0,0.02,0.0,0.03,Sep,2,2,3,2,New_Visitor,False,False
0,2.76,0,0.0,30,484.67,0.0,0.02,0.0,0.0,Mar,2,6,7,1,Returning_Visitor,False,False
2,13.69,0,0.0,7,1456.22,0.0,0.03,0.08,0.03,Dec,8,13,9,20,Other,False,False
3,47.5,0,1.09,37,735.58,0.0,0.02,23.51,0.0,Dec,2,2,2,1,Returning_Visitor,False,False
0,0.0,0,0.0,3,57.73,0.1,0.1,0.0,0.0,May,3,2,1,13,Returning_Visitor,False,False
0,0.0,0,0.34,3,65.0,0.14,0.14,0.0,0.0,May,3,2,1,3,Returning_Visitor,False,False
7,294.0,0,1.77,35,639.0,0.0,0.04,0.0,0.0,Nov,2,4,9,10,Returning_Visitor,False,False
3,26.0,0,0.0,19,576.08,0.01,0.02,30.65,0.0,Mar,2,2,2,1,Returning_Visitor,True,True
0,0.72,0,0.0,14,424.33,0.0,0.02,0.0,0.0,Dec,2,2,2,13,Returning_Visitor,False,False
1,5.0,1,8.93,93,3009.04,0.0,0.02,6.99,0.0,Dec,3,2,4,3,Returning_Visitor,False,False
0,0.75,0,0.0,12,1447.57,0.0,0.02,0.17,0.03,Mar,2,4,3,1,Returning_Visitor,False,False
3,64.5,0,0.0,34,2120.63,0.0,0.01,0.0,0.03,Nov,2,2,1,2,Returning_Visitor,False,False
0,0.0,0,3.83,1,0.0,0.2,0.14,0.0,0.0,Mar,1,1,2,1,Returning_Visitor,False,False
2,37.5,0,0.0,12,375.0,0.0,0.04,43.99,0.03,May,2,2,3,2,Returning_Visitor,False,True
2,88.11,0,0.0,34,1489.65,0.0,0.01,77.97,0.04,Dec,2,2,1,2,Returning_Visitor,True,True
0,0.0,0,0.0,5,158.6,0.0,0.02,0.09,0.0,Jul,1,1,4,4,Returning_Visitor,False,False
4,181.82,0,5.56,11,126.92,0.0,0.02,14.51,0.0,Sep,1,1,7,4,Returning_Visitor,False,False
1,76.03,0,0.0,10,109.0,0.04,0.04,0.0,0.0,May,2,2,1,3,Returning_Visitor,False,False
4,45.83,0,10.94,70,1692.26,0.0,0.01,0.0,0.03,Nov,2,2,1,2,Returning_Visitor,False,False
0,0.0,0,0.0,34,2990.31,0.01,0.04,0.0,0.03,Nov,3,2,7,13,Returning_Visitor,False,False
0,0.0,0,0.0,8,160.25,0.01,0.08,0.0,0.0,Mar,3,2,1,6,Returning_Visitor,False,False
0,0.0,0,1.51,5,614.75,0.06,0.07,0.01,0.03,Nov,2,2,2,2,Returning_Visitor,False,False
8,185.0,0,0.0,11,186.17,0.02,0.04,0.08,0.0,May,3,2,3,11,Returning_Visitor,True,False
1,0.0,0,0.0,34,499.4,0.01,0.03,0.0,0.0,Mar,2,2,3,1,Returning_Visitor,True,False
2,252.81,4,118.42,100,1816.03,0.01,0.03,2.64,0.03,Nov,1,1,1,2,Returning_Visitor,True,True
4,83.57,0,0.0,35,1126.67,0.0,0.01,28.33,0.0,Jul,2,2,7,2,Returning_Visitor,False,False
0,1.12,0,0.0,14,496.18,0.02,0.09,0.12,0.4,May,2,2,6,4,Returning_Visitor,False,False
0,0.0,0,0.0,34,622.25,0.0,0.01,0.0,0.2,Feb,1,1,1,4,Returning_Visitor,False,False
3,2.72,0,0.0,1,0.0,0.2,0.2,0.02,0.0,Dec,8,13,9,20,Other,False,False
3,80.78,0,0.0,12,107.0,0.0,0.03,0.0,0.03,Nov,1,1,4,2,New_Visitor,True,False
1,11.43,0,3.89,13,1484.67,0.0,0.01,0.0,0.0,Mar,1,1,3,2,Returning_Visitor,True,False
0,0.0,0,0.0,34,1737.02,0.03,0.05,1.76,0.04,June,3,2,4,3,Returning_Visitor,True,False
0,0.0,0,0.0,1,4.1,0.14,0.2,0.0,0.0,Nov,1,1,1,1,Other,False,False
2,228.75,0,5.21,128,12166.69,0.0,0.01,0.07,0.03,Nov,2,2,7,2,Returning_Visitor,False,True
7,38.6,0,0.0,37,1087.7,0.0,0.01,0.0,0.03,Oct,2,2,4,5,Returning_Visitor,False,False
1,39.2,0,0.0,26,1210.92,0.01,0.02,2.48,0.0,Nov,4,2,1,1,Returning_Visitor,False,True
0,99.96,0,0.19,2,5.6,0.14,0.2,0.89,0.0,May,3,2,3,6,Returning_Visitor,False,False
0,0.0,0,0.84,2,6.84,0.1,0.14,0.0,0.0,May,2,2,4,13,Returning_Visitor,False,False
0,0.0,0,0.49,4,66.0,0.0,0.02,0.0,0.0,May,2,2,1,4,Returning_Visitor,False,False
8,215.65,2,9.0,38,2277.56,0.0,0.0,0.0,0.05,Dec,2,4,1,2,New_Visitor,True,False
4,130.0,0,0.0,28,818.79,0.0,0.0,0.0,0.0,Mar,2,2,1,2,New_Visitor,False,False
0,0.92,0,0.0,6,242.62,0.0,0.04,0.0,0.0,Mar,2,2,4,1,Returning_Visitor,False,False
1,0.0,0,0.0,36,2048.69,0.05,0.15,6.98,0.0,Aug,2,2,1,5,Returning_Visitor,False,False
0,9.29,1,12.0,22,1668.95,0.0,0.01,12.19,0.04,Dec,2,2,1,2,New_Visitor,True,True
1,95.33,0,0.0,16,1491.85,0.0,0.02,25.26,0.04,Dec,2,2,7,2,New_Visitor,False,True
0,0.0,4,663.92,34,2059.7,0.01,0.04,0.0,0.0,Dec,3,2,3,2,Returning_Visitor,False,False
1,100.1,0,8.89,122,6141.43,0.01,0.04,0.0,0.03,May,3,2,1,1,Returning_Visitor,False,False
0,0.0,0,0.0,5,249.0,0.0,0.04,0.01,0.0,May,2,2,1,2,Returning_Visitor,False,False
0,0.0,0,0.0,29,1102.85,0.01,0.03,0.0,0.0,Nov,1,1,1,3,Returning_Visitor,False,False
1,55.5,0,0.98,8,158.25,0.0,0.02,0.0,0.0,Nov,2,4,3,10,Returning_Visitor,False,False
6,446.24,3,94.0,23,866.71,0.01,0.02,6.79,0.0,Nov,3,2,1,2,Returning_Visitor,True,False
2,44.5,0,2.65,35,1330.67,0.01,0.01,0.0,0.0,Nov,2,2,2,3,Returning_Visitor,False,False
3,6.28,0,3.18,15,984.0,0.0,0.01,0.0,0.0,May,2,5,4,6,Returning_Visitor,True,False
0,6.88,0,0.0,1,0.0,0.14,0.2,0.03,0.0,May,3,2,8,4,Returning_Visitor,False,False
0,0.0,0,0.0,2,0.0,0.14,0.2,0.05,0.0,May,3,2,1,1,Returning_Visitor,True,False
0,18.03,2,20.2,11,473.83,0.0,0.02,0.0,0.0,May,3,2,1,3,Returning_Visitor,False,False
0,2.69,0,0.0,9,1485.52,0.0,0.02,0.01,0.0,Nov,2,2,3,2,Returning_Visitor,False,False
4,277.75,0,0.0,3,178.75,0.0,0.01,0.0,0.0,Mar,3,2,3,8,New_Visitor,False,False
0,0.0,0,0.0,23,1473.95,0.03,0.03,0.0,0.0,Dec,2,2,2,2,Returning_Visitor,False,False
7,117.31,2,72.0,29,2048.52,0.0,0.01,22.46,0.03,May,2,2,3,2,New_Visitor,False,True
6,190.29,4,609.0,34,1492.82,0.0,0.0,30.9,0.0,Mar,2,2,1,8,New_Visitor,True,True
8,108.38,0,15.88,65,2008.9,0.0,0.02,17.43,0.0,Dec,2,2,3,2,Returning_Visitor,True,False
0,0.0,0,0.0,34,1496.78,0.01,0.01,0.01,0.03,Nov,3,2,2,2,Returning_Visitor,False,False
3,223.0,1,24.0,35,1460.57,0.0,0.01,0.0,0.0,Mar,2,2,8,2,New_Visitor,True,False
2,112.9,0,0.0,34,505.55,0.0,0.01,0.0,0.03,Oct,2,2,6,2,New_Visitor,False,False
2,89.28,0,0.0,5,1556.81,0.0,0.04,0.0,0.0,Nov,4,1,2,2,New_Visitor,False,False
7,222.45,3,9.0,58,1497.26,0.01,0.02,1.39,0.03,Nov,1,1,7,15,Returning_Visitor,False,False
4,73.33,0,0.0,34,478.83,0.0,0.01,0.0,0.03,Mar,1,1,3,2,Returning_Visitor,False,False
0,0.0,0,0.0,10,223.88,0.0,0.02,0.0,0.0,Mar,2,2,1,1,Returning_Visitor,False,False
4,80.55,0,0.0,11,787.0,0.03,0.04,2.65,0.04,May,2,2,1,6,Returning_Visitor,True,False
2,117.8,0,0.0,35,586.1,0.0,0.01,0.0,0.0,Aug,3,2,7,13,Returning_Visitor,False,False
0,0.0,0,0.0,1,2.62,0.2,0.2,0.05,0.0,May,1,8,1,1,Returning_Visitor,False,False
0,0.0,0,0.0,4,85.08,0.0,0.14,0.0,0.04,May,2,2,1,4,Returning_Visitor,False,False
0,27.97,0,0.0,27,589.57,0.01,0.01,0.0,0.0,May,3,2,3,4,Returning_Visitor,False,False
5,87.78,0,0.0,36,3473.73,0.02,0.03,0.0,0.0,May,2,2,6,3,Returning_Visitor,False,False
0,3.67,0,0.0,34,3332.21,0.0,0.02,0.0,0.12,May,2,2,3,6,Returning_Visitor,False,False
1,7.0,0,0.0,34,803.0,0.03,0.01,7.01,0.0,Nov,3,2,3,3,Returning_Visitor,False,True
0,6.55,0,0.0,3,2.43,0.13,0.13,0.0,0.0,May,2,2,1,6,Returning_Visitor,False,False
0,4.77,2,10.0,33,843.74,0.01,0.03,0.77,0.0,June,2,2,4,1,Returning_Visitor,True,False
8,86.51,0,9.56,31,1273.88,0.0,0.0,12.63,0.03,May,2,4,1,3,New_Visitor,True,True
2,21.0,0,0.0,25,1526.27,0.0,0.01,38.41,0.0,Nov,2,2,7,2,New_Visitor,False,False
0,6.65,0,0.0,9,67.22,0.0,0.06,0.0,0.0,Nov,2,2,9,1,Returning_Visitor,True,False
2,93.52,0,0.0,35,2509.25,0.0,0.01,11.28,0.03,May,2,2,3,1,Returning_Visitor,False,True
2,129.0,0,0.0,16,1835.5,0.0,0.03,0.0,0.0,Aug,2,4,9,6,Returning_Visitor,False,False
0,0.83,0,0.0,18,1478.9,0.03,0.12,0.0,0.04,May,1,1,4,2,Returning_Visitor,False,False
0,0.0,0,0.0,3,22.0,0.0,0.04,0.0,0.0,Nov,2,2,3,3,Returning_Visitor,False,False
0,0.0,0,0.0,3,61.49,0.0,0.07,0.0,0.0,Jul,2,2,3,1,Returning_Visitor,False,False
0,0.0,0,3.56,1,0.0,0.14,0.2,0.02,0.0,Nov,1,1,6,2,Returning_Visitor,False,False
6,130.5,0,439.2,78,1482.89,0.0,0.01,0.84,0.0,Nov,2,2,9,2,Returning_Visitor,False,False
1,169.2,0,0.0,24,1433.16,0.0,0.01,0.0,0.03,Aug,3,2,1,4,Returning_Visitor,True,True
6,162.75,3,67.5,34,2453.18,0.0,0.02,4.29,0.03,Nov,2,2,3,2,Returning_Visitor,False,True
0,1.82,0,0.0,12,412.88,0.0,0.02,0.0,0.0,Dec,3,2,4,1,Returning_Visitor,True,False
3,68.75,0,4.13,137,3770.92,0.0,0.01,0.0,0.03,Dec,2,2,3,1,Returning_Visitor,False,False
1,0.0,0,0.0,9,210.0,0.04,0.04,0.0,0.0,Mar,1,1,3,2,Returning_Visitor,False,False
2,94.0,0,0.0,34,1242.89,0.0,0.01,0.0,0.03,Mar,2,4,4,1,Returning_Visitor,False,False
5,79.7,0,0.0,11,1051.55,0.0,0.02,9.13,0.03,Sep,2,5,1,13,Returning_Visitor,False,False
10,112.0,0,0.0,25,1387.32,0.01,0.02,0.0,0.0,Dec,1,1,2,8,Returning_Visitor,False,False
5,333.0,2,166.0,12,151.9,0.03,0.04,0.48,0.03,Mar,2,2,1,3,Returning_Visitor,False,False
3,94.28,0,4.77,36,1930.41,0.01,0.02,37.04,0.0,Nov,1,1,1,1,Returning_Visitor,False,True
0,163.26,0,2.68,2,73.56,0.05,0.15,0.78,0.03,Dec,3,3,5,20,Returning_Visitor,False,False
0,0.0,0,0.0,30,946.6,0.01,0.03,0.0,0.0,Nov,2,2,1,2,Returning_Visitor,False,False
3,9.0,0,0.0,17,1538.17,0.0,0.02,0.0,0.0,Nov,4,1,3,1,Returning_Visitor,False,False
0,99.62,0,0.0,13,473.0,0.02,0.03,0.0,0.03,May,2,4,2,3,Returning_Visitor,True,False
2,22.2,2,44.4,37,400.8,0.0,0.0,0.0,0.0,Oct,2,10,1,2,Returning_Visitor,False,False
0,17.33,0,0.0,1,5.19,0.2,0.2,0.0,0.0,Feb,2,2,2,1,Returning_Visitor,False,False
0,0.0,0,0.0,33,756.04,0.01,0.01,0.0,0.0,Nov,2,5,1,10,Returning_Visitor,False,False
2,32.0,0,0.0,7,164.5,0.0,0.01,0.0,0.4,May,2,2,1,4,Returning_Visitor,False,False
1,13.0,0,0.0,2,173.88,0.0,0.05,0.02,0.0,Mar,3,2,3,2,Returning_Visitor,False,False
0,0.69,0,0.0,17,269.75,0.02,0.05,0.06,0.0,Aug,3,2,5,6,Returning_Visitor,False,False
0,0.0,0,0.0,25,612.58,0.01,0.01,0.0,0.8,May,3,2,1,13,Returning_Visitor,False,False
1,0.0,4,62.4,34,1561.09,0.0,0.02,0.0,0.0,Sep,2,2,6,4,Returning_Visitor,False,False
0,0.0,0,0.0,9,204.78,0.02,0.07,0.01,0.0,May,1,1,1,4,Returning_Visitor,False,False
0,0.0,0,0.0,2,135.5,0.07,0.17,0.0,0.0,Dec,1,1,3,3,Returning_Visitor,False,False
0,0.0,0,1.1,17,1488.22,0.0,0.02,33.33,0.0,Mar,2,2,3,1,Returning_Visitor,False,False
4,45.5,0,150.17,22,1502.57,0.0,0.03,9.65,0.0,Feb,2,2,3,11,Returning_Visitor,True,True
2,82.12,3,394.0,25,1476.36,0.01,0.03,22.34,0.0,May,1,1,3,4,Returning_Visitor,True,False
4,195.5,0,13.9,34,1028.53,0.02,0.03,77.66,0.0,Nov,3,2,1,3,Returning_Visitor,False,False
5,191.83,1,17.0,21,209.33,0.0,0.02,0.0,0.04,Dec,1,1,1,2,Returning_Visitor,False,False
0,2.26,0,0.0,63,1021.0,0.03,0.06,0.0,0.86,May,2,2,1,3,Returning_Visitor,False,False
13,297.75,3,352.5,35,1497.11,0.0,0.02,39.15,0.0,Mar,2,2,1,8,Returning_Visitor,False,True
0,0.0,0,0.0,2,93.34,0.0,0.1,0.0,0.1,May,2,2,1,4,Returning_Visitor,False,False
4,82.01,0,211.6,162,6117.81,0.0,0.0,22.36,0.03,Sep,2,2,1,3,Returning_Visitor,False,False
0,139.77,0,0.0,11,437.83,0.0,0.02,0.0,0.0,Nov,3,2,1,11,New_Visitor,False,False
4,89.6,2,12.0,13,182.5,0.0,0.02,0.0,0.0,May,2,2,5,4,Returning_Visitor,False,False
3,95.5,0,0.0,13,1516.14,0.0,0.01,0.0,0.0,Mar,3,2,1,8,New_Visitor,False,False
0,0.76,0,0.0,14,259.05,0.01,0.07,0.01,0.0,Mar,2,2,1,1,Returning_Visitor,False,False
0,0.0,0,0.0,15,791.0,0.0,0.03,39.16,0.0,May,2,2,1,1,Returning_Visitor,False,False
4,234.17,0,0.0,24,1433.78,0.0,0.03,61.2,0.0,Nov,2,2,2,10,Returning_Visitor,False,True
1,82.77,0,4.44,391,15025.23,0.0,0.01,1.27,0.03,Nov,2,2,1,2,Returning_Visitor,False,False
2,98.52,2,49.3,13,700.55,0.0,0.01,0.0,0.0,Dec,2,2,6,2,New_Visitor,False,False
1,55.4,0,0.0,29,1502.72,0.0,0.02,0.0,0.0,Aug,2,2,3,4,Returning_Visitor,False,False
7,81.21,0,2.49,16,589.88,0.0,0.01,0.0,0.03,Dec,2,6,1,2,Returning_Visitor,False,False
3,83.03,0,7.16,14,1493.05,0.0,0.02,0.0,0.0,Dec,2,7,7,8,New_Visitor,True,False
1,3.0,1,302.0,7,539.5,0.01,0.04,0.01,0.0,Dec,2,2,3,2,Other,False,False
0,0.0,0,0.24,6,123.41,0.07,0.13,0.0,0.4,May,2,6,1,3,Returning_Visitor,False,False
2,15.67,0,0.0,30,1724.25,0.01,0.03,0.0,0.0,Mar,2,2,3,1,Returning_Visitor,True,False
1,0.0,0,3.29,26,624.62,0.0,0.02,0.04,0.12,May,2,2,7,2,Returning_Visitor,False,False
12,356.12,0,1.69,44,2187.34,0.0,0.03,0.0,0.0,Dec,1,1,8,1,Returning_Visitor,False,False
0,0.0,0,5.57,10,1260.16,0.0,0.04,0.0,0.03,Mar,1,1,9,2,Returning_Visitor,False,False
3,18.0,0,0.0,49,1550.92,0.02,0.04,0.01,0.0,Nov,2,2,3,1,Returning_Visitor,False,False
2,0.0,0,0.0,2,4.06,0.2,0.14,0.0,0.06,May,1,2,4,6,Returning_Visitor,True,False
0,0.0,0,5.72,2,179.8,0.0,0.03,0.17,0.0,Nov,1,1,1,3,New_Visitor,True,False
0,0.76,0,0.0,2,61.03,0.0,0.14,0.01,0.0,Feb,2,2,1,3,Returning_Visitor,False,False
0,1.83,0,0.0,3,201.62,0.14,0.2,0.01,0.0,May,3,2,7,13,Returning_Visitor,False,False
2,14.0,0,5.37,8,61.61,0.0,0.06,0.0,0.0,Mar,1,2,4,8,New_Visitor,False,False
4,91.06,0,2.4,34,369.05,0.0,0.03,0.08,0.0,Nov,3,2,8,1,Returning_Visitor,False,False
3,6.0,0,0.0,20,739.83,0.02,0.03,0.01,0.0,Mar,2,2,3,3,Returning_Visitor,True,False
1,392.5,0,16.75,206,8437.1,0.0,0.01,0.0,0.04,Nov,2,4,1,2,Returning_Visitor,False,False
3,335.5,1,71.21,4,96.0,0.0,0.03,0.25,0.0,Nov,1,1,8,15,New_Visitor,False,False
3,23.2,0,0.0,4,585.6,0.0,0.05,0.34,0.0,Aug,2,10,3,4,Returning_Visitor,True,False
2,30.97,0,0.93,8,1525.46,0.0,0.02,0.0,0.0,Dec,3,5,1,1,Returning_Visitor,False,False
5,84.4,0,0.0,3,20.6,0.0,0.03,0.17,0.0,Aug,2,2,5,2,New_Visitor,True,False
0,9.51,0,0.0,10,94.16,0.09,0.1,0.0,0.4,May,1,1,1,3,Returning_Visitor,False,False
4,100.6,1,104.12,38,2002.76,0.01,0.01,0.0,0.03,Sep,2,2,3,4,Returning_Visitor,False,False
0,0.0,0,0.77,34,1486.27,0.0,0.02,0.0,0.0,Nov,2,2,1,3,Returning_Visitor,False,False
3,103.9,0,57.18,61,7959.91,0.03,0.06,0.0,0.03,Aug,2,2,3,2,Returning_Visitor,False,False
0,6.57,0,0.0,17,887.83,0.01,0.03,0.01,0.0,May,2,4,3,3,Returning_Visitor,False,False
0,0.0,0,0.0,3,0.0,0.2,0.2,0.0,0.0,Mar,3,2,6,1,Returning_Visitor,False,False
0,0.0,0,0.66,18,591.25,0.0,0.02,0.0,0.09,May,2,2,1,13,Returning_Visitor,False,False
9,174.48,0,6.74,43,895.97,0.0,0.01,30.67,0.0,May,2,2,2,2,Returning_Visitor,False,True
0,0.0,0,0.0,34,1157.45,0.01,0.03,15.4,0.0,May,1,1,3,2,Returning_Visitor,False,False
3,0.0,0,0.0,5,28.33,0.04,0.08,0.16,0.03,May,1,8,4,11,Returning_Visitor,True,False
0,0.0,0,0.0,1,0.0,0.2,0.2,0.0,0.0,Mar,1,1,7,2,Returning_Visitor,True,False
4,130.5,1,108.08,43,1509.75,0.0,0.0,14.79,0.05,May,3,2,4,2,Returning_Visitor,False,False
2,210.0,0,0.0,10,591.17,0.02,0.02,0.0,0.0,Mar,3,2,1,2,Returning_Visitor,False,False
2,35.2,0,0.0,15,521.87,0.0,0.01,0.01,0.0,June,2,2,9,2,New_Visitor,False,False
5,211.25,0,0.0,22,1344.75,0.01,0.02,0.0,0.0,Nov,3,2,1,8,New_Visitor,False,False
6,53.38,0,0.0,6,54.38,0.0,0.0,0.03,0.0,Mar,2,2,6,2,New_Visitor,True,False
3,81.12,0,0.0,6,78.4,0.0,0.01,0.0,0.0,Mar,1,1,1,2,Returning_Visitor,False,False
2,82.6,6,316.0,36,1446.73,0.0,0.0,2.37,0.03,Oct,1,1,4,2,Returning_Visitor,True,False
3,85.02,0,8.39,91,2023.75,0.0,0.02,0.0,0.03,Nov,2,2,3,2,Returning_Visitor,False,False
3,4.7,0,0.28,25,510.38,0.01,0.02,0.0,0.03,Oct,2,2,2,1,Returning_Visitor,False,False
0,2.53,0,0.0,1,2.67,0.2,0.14,0.0,0.0,Mar,2,2,1,1,Returning_Visitor,False,False
7,2.03,0,0.0,11,295.1,0.01,0.02,0.0,0.0,Nov,3,2,1,20,Returning_Visitor,False,False
3,0.0,0,0.0,3,294.7,0.0,0.0,38.45,0.0,Nov,2,6,3,2,Returning_Visitor,True,True
3,44.0,0,7.22,90,6951.97,0.0,0.01,0.0,0.03,Feb,4,1,1,2,Returning_Visitor,False,False
5,20.11,3,53.0,17,406.0,0.0,0.03,0.0,0.0,Mar,4,1,1,1,Returning_Visitor,False,False
0,0.0,0,0.0,5,212.36,0.0,0.05,0.0,0.03,May,2,2,1,2,Returning_Visitor,False,False
0,15.75,0,0.0,34,1487.38,0.02,0.04,20.75,0.0,Nov,1,2,1,2,Returning_Visitor,False,True
9,287.28,0,0.0,20,590.58,0.03,0.04,0.11,0.0,Nov,2,2,7,1,Returning_Visitor,False,False
0,11.42,0,0.0,1,6.27,0.14,0.14,0.0,0.0,May,1,1,1,3,Returning_Visitor,True,False
3,192.85,0,8.92,133,6975.89,0.0,0.01,14.46,0.03,Nov,1,1,3,2,New_Visitor,False,True
0,0.0,0,0.0,17,287.75,0.07,0.12,0.11,0.6,May,2,2,1,4,Returning_Visitor,False,False
6,265.04,0,7.18,59,1497.85,0.01,0.02,6.1,0.0,Nov,1,2,1,2,Returning_Visitor,False,False
0,0.0,0,3.63,34,2886.84,0.0,0.03,0.0,0.0,Nov,2,2,3,2,Returning_Visitor,False,False
2,80.6,2,112.8,10,1517.23,0.0,0.02,0.0,0.0,Mar,2,2,3,20,Returning_Visitor,False,False
8,81.92,0,0.0,38,481.17,0.0,0.01,0.05,0.0,May,2,2,4,3,Returning_Visitor,False,False
3,60.73,0,0.0,27,696.9,0.0,0.01,0.02,0.0,Sep,2,2,2,4,Returning_Visitor,False,False
2,80.91,0,3.43,35,1660.0,0.02,0.04,0.0,0.03,Nov,2,5,1,1,Returning_Visitor,False,False
2,0.0,0,0.0,16,4261.84,0.0,0.02,0.0,0.03,Mar,3,3,8,1,Returning_Visitor,False,False
2,90.42,0,0.0,48,2307.66,0.03,0.04,4.35,0.0,Oct,1,1,4,1,Returning_Visitor,True,False
2,43.2,0,17.37,27,392.62,0.04,0.08,0.0,0.0,Jul,2,2,7,13,Returning_Visitor,False,False
3,66.33,0,0.0,12,368.68,0.04,0.08,21.24,0.0,Nov,2,2,1,2,Returning_Visitor,False,True
0,0.0,0,0.0,34,751.33,0.0,0.02,21.6,0.0,Mar,2,2,1,2,Returning_Visitor,True,True
5,78.5,1,26.0,48,1266.12,0.0,0.01,29.01,0.0,Mar,2,2,1,8,New_Visitor,False,False
3,285.2,0,18.75,23,619.48,0.01,0.03,8.34,0.03,Jul,2,4,8,4,Returning_Visitor,False,False
0,0.0,0,0.0,5,264.75,0.02,0.1,0.02,0.0,Nov,1,1,9,3,Returning_Visitor,False,False
1,171.38,0,0.0,29,1343.95,0.04,0.02,0.0,0.0,Nov,3,2,8,13,Returning_Visitor,True,False
1,45.0,0,0.0,10,413.0,0.0,0.01,0.0,0.0,Mar,2,4,1,2,Returning_Visitor,True,False
6,90.8,3,94.5,34,1682.87,0.0,0.01,5.7,0.0,Mar,3,2,3,10,Returning_Visitor,False,True
0,0.0,0,0.0,1,0.0,0.14,0.2,0.0,0.0,Mar,1,1,3,3,Returning_Visitor,False,False
0,6.06,1,0.0,0,26.15,0.2,0.2,0.0,0.0,Nov,1,1,3,15,Returning_Visitor,False,False
0,0.0,0,0.0,5,14.0,0.14,0.16,0.0,0.6,May,2,4,7,3,Returning_Visitor,False,False
2,233.5,0,0.0,34,1081.67,0.01,0.02,0.0,0.03,Nov,2,1,9,1,Returning_Visitor,False,False
0,0.0,0,0.0,58,2021.32,0.01,0.03,0.0,0.03,Nov,2,2,1,2,Returning_Visitor,False,False
11,293.62,0,122.41,64,1482.19,0.0,0.02,16.35,0.03,Nov,2,5,3,4,Returning_Visitor,True,False
4,309.0,0,0.0,27,877.5,0.0,0.02,44.48,0.0,May,1,1,1,4,New_Visitor,False,True
3,104.86,2,76.5,22,850.53,0.0,0.03,0.1,0.03,Mar,3,2,1,1,Returning_Visitor,True,False
0,33.3,0,2.87,12,121.5,0.01,0.07,0.0,0.0,May,2,4,2,2,Returning_Visitor,True,False
0,0.0,0,0.0,5,141.67,0.02,0.04,0.0,0.0,Dec,1,2,1,1,Returning_Visitor,True,False
0,0.0,0,0.0,16,499.72,0.04,0.08,0.04,0.0,May,2,2,1,4,Returning_Visitor,False,False
0,0.0,0,1.72,14,655.17,0.0,0.01,0.0,0.0,May,2,2,7,4,Returning_Visitor,True,False
0,3.92,0,2.04,33,1035.08,0.01,0.03,0.0,0.03,Nov,2,10,1,3,Returning_Visitor,False,False
0,0.0,0,0.0,24,2022.25,0.01,0.04,0.0,0.0,May,2,2,3,13,Returning_Visitor,False,False
0,0.0,1,9.0,33,1992.83,0.0,0.0,9.23,0.0,Mar,2,4,1,3,Returning_Visitor,False,True
0,0.0,0,0.0,20,1487.49,0.0,0.01,0.0,0.05,May,2,2,5,4,Returning_Visitor,True,False
1,107.0,0,0.0,27,839.67,0.02,0.04,0.0,0.04,May,3,2,3,13,Returning_Visitor,False,False
0,4.46,0,8.82,2,3.15,0.14,0.1,0.0,0.03,Mar,2,4,1,3,Returning_Visitor,False,False
3,89.08,0,0.0,6,242.08,0.0,0.05,0.4,0.0,Nov,2,4,8,2,New_Visitor,True,False
3,142.41,0,0.0,46,909.52,0.0,0.02,0.0,0.03,Mar,2,2,6,1,Returning_Visitor,False,False
0,0.0,0,4.22,28,1028.12,0.0,0.01,0.0,0.0,Mar,2,4,1,2,Returning_Visitor,False,False
3,29.0,0,0.0,2,3.4,0.08,0.08,0.0,0.0,Nov,1,1,4,8,Returning_Visitor,False,False
0,2.59,0,0.0,4,49.5,0.14,0.08,0.0,0.0,Mar,3,2,1,1,Returning_Visitor,False,False
3,99.0,0,0.0,37,2419.13,0.0,0.02,0.0,0.0,Mar,2,2,3,1,Returning_Visitor,False,False
3,75.0,0,6.8,33,1492.35,0.02,0.01,0.0,0.0,May,2,2,4,4,Returning_Visitor,False,False
3,0.0,0,0.0,5,36.0,0.07,0.1,0.08,0.0,May,2,5,3,6,Returning_Visitor,False,False
2,235.62,0,4.91,14,1496.64,0.0,0.03,0.0,0.04,Nov,2,4,1,8,Returning_Visitor,False,False
3,465.83,2,71.0,34,1558.0,0.01,0.02,38.18,0.03,Mar,2,2,1,1,Returning_Visitor,True,False
12,505.91,3,100.28,59,3066.7,0.0,0.01,0.0,0.03,Dec,2,2,3,1,Returning_Visitor,False,False
0,0.0,0,0.0,50,1232.03,0.0,0.0,173.47,0.06,Mar,2,2,9,2,New_Visitor,False,True
3,526.85,0,14.06,109,9770.81,0.01,0.02,0.25,0.03,Nov,2,4,4,2,Returning_Visitor,False,False
3,85.96,0,0.0,34,1436.45,0.0,0.01,0.0,0.0,Mar,2,2,3,1,Returning_Visitor,False,False
2,683.0,0,0.0,16,1215.77,0.0,0.01,30.58,0.0,May,2,2,1,4,New_Visitor,False,True
14,451.29,2,913.0,31,699.5,0.0,0.01,22.59,0.0,Dec,2,2,3,4,Returning_Visitor,True,True
1,9.5,0,0.0,17,314.0,0.0,0.02,0.01,0.11,May,1,1,1,3,Returning_Visitor,False,False
0,2.41,0,0.0,22,346.83,0.04,0.04,12.56,0.0,May,2,2,7,2,Returning_Visitor,False,True
0,0.0,0,1.78,5,208.89,0.0,0.03,0.0,0.0,May,1,1,1,3,Returning_Visitor,False,False
3,52.17,3,110.75,65,2019.77,0.0,0.03,3.28,0.0,Nov,1,1,1,2,Returning_Visitor,True,False
9,483.98,4,222.0,30,2266.27,0.01,0.03,0.0,0.03,Nov,3,2,1,2,Returning_Visitor,False,False
0,0.0,0,1.16,33,4749.25,0.0,0.04,0.06,0.03,Oct,2,2,8,1,Returning_Visitor,False,True
0,0.0,0,0.0,6,1769.81,0.0,0.1,0.02,0.0,Dec,3,2,1,2,Returning_Visitor,True,False
0,0.0,0,0.0,13,700.67,0.0,0.02,0.0,0.05,May,3,2,1,4,Returning_Visitor,False,False
0,290.86,4,148.14,178,4339.53,0.0,0.02,6.15,0.03,May,2,2,3,2,Returning_Visitor,False,False
0,0.0,0,0.0,7,203.25,0.0,0.03,0.0,0.0,Nov,1,1,3,3,Returning_Visitor,False,False
0,0.0,0,0.0,5,58.05,0.06,0.12,0.0,0.0,May,1,1,1,3,Returning_Visitor,False,False
0,0.0,0,0.0,6,26.0,0.0,0.05,0.02,0.0,May,4,1,1,1,Returning_Visitor,False,False
0,0.0,0,0.0,21,1296.72,0.01,0.01,70.02,0.04,May,2,2,1,2,Returning_Visitor,False,True
2,450.62,1,28.2,32,2865.82,0.01,0.02,0.01,0.03,Oct,2,6,1,1,Returning_Visitor,False,False
3,54.4,0,0.0,68,2889.95,0.0,0.01,0.0,0.0,June,4,1,4,1,Returning_Visitor,False,False
0,6.8,0,0.0,12,1545.81,0.0,0.01,0.0,0.0,Dec,3,2,1,2,New_Visitor,False,False
3,40.25,3,9.0,26,1565.93,0.01,0.03,0.0,0.0,Nov,1,1,1,2,Returning_Visitor,False,True
2,10.0,5,53.0,37,1492.43,0.0,0.01,32.74,0.8,May,3,2,7,4,Returning_Visitor,False,False
2,0.75,0,0.0,11,976.0,0.02,0.04,0.0,0.0,Dec,1,1,1,1,Returning_Visitor,False,False
0,2.72,0,0.0,2,474.54,0.0,0.1,0.01,0.8,Feb,2,2,8,3,Returning_Visitor,False,False
0,48.43,0,4.2,13,1423.69,0.01,0.04,13.43,0.0,Dec,1,1,1,1,Returning_Visitor,False,False
0,0.0,0,3.62,6,39.5,0.0,0.02,0.01,0.0,Feb,2,2,1,3,Returning_Visitor,False,False
0,3.56,0,0.0,2,889.93,0.0,0.1,0.1,0.0,May,2,2,3,5,Returning_Visitor,False,False
0,3.91,0,0.38,1,0.0,0.2,0.2,0.02,0.0,May,2,2,9,20,Returning_Visitor,False,False
1,0.0,0,0.0,13,125.47,0.01,0.02,0.0,0.0,Nov,2,5,6,11,Returning_Visitor,True,False
3,32.0,0,0.0,20,453.62,0.0,0.0,0.0,0.0,Mar,2,2,1,2,New_Visitor,True,False
9,576.62,0,10.48,32,1878.2,0.0,0.01,5.0,0.03,Nov,2,2,4,8,New_Visitor,False,True
0,2.08,0,0.0,14,242.08,0.0,0.02,0.0,0.0,Nov,1,1,1,2,Returning_Visitor,False,True
0,0.0,0,0.0,18,284.5,0.0,0.03,128.47,0.03,Dec,2,2,1,10,Returning_Visitor,False,True
2,83.4,0,0.0,6,47.13,0.04,0.04,18.21,0.0,Nov,2,2,1,4,Returning_Visitor,False,False
0,0.0,0,0.0,12,1485.16,0.02,0.06,0.0,0.0,Mar,3,2,1,1,Returning_Visitor,False,False
2,74.4,0,0.0,42,1481.87,0.0,0.01,44.74,0.03,Oct,2,2,7,2,New_Visitor,True,True
0,0.0,0,0.0,2,54.0,0.0,0.03,0.0,0.0,Aug,1,1,8,10,Returning_Visitor,True,False
2,296.87,0,0.0,8,215.0,0.01,0.04,0.0,1.0,May,2,5,7,6,Returning_Visitor,True,False
0,0.0,2,21.0,17,190.71,0.03,0.04,0.0,0.03,Nov,3,2,1,13,Returning_Visitor,True,False
2,121.27,0,0.0,8,316.5,0.03,0.04,0.0,0.0,Nov,3,2,1,11,Returning_Visitor,True,False
0,0.0,0,0.0,6,726.0,0.08,0.11,0.0,0.05,May,2,2,1,19,Returning_Visitor,False,False
0,0.0,0,0.0,18,213.5,0.0,0.03,0.0,0.2,May,4,1,1,3,Returning_Visitor,False,False
0,0.0,0,0.0,12,267.0,0.0,0.01,0.01,0.0,May,2,2,1,3,Returning_Visitor,False,False
3,29.87,2,75.89,11,534.48,0.0,0.0,0.0,0.0,Nov,1,1,2,2,New_Visitor,False,False
1,7.0,1,16.25,43,2325.61,0.01,0.02,0.0,0.8,May,3,2,1,4,Returning_Visitor,False,False
0,0.86,0,0.0,1,0.0,0.2,0.2,0.01,0.0,Dec,1,1,6,2,Returning_Visitor,False,False
1,31.0,0,0.0,10,1491.82,0.0,0.02,0.0,0.0,May,1,1,1,3,Returning_Visitor,True,False
0,24.79,0,34.43,5,72.75,0.0,0.04,0.0,0.0,Dec,3,2,1,2,New_Visitor,True,False
1,46.95,0,0.0,24,342.0,0.02,0.04,0.0,0.0,Mar,2,2,1,1,Returning_Visitor,False,False
3,766.83,0,6.42,217,4153.28,0.0,0.04,0.0,0.03,May,2,2,1,3,Returning_Visitor,False,False
1,15.0,0,0.0,19,817.5,0.01,0.02,0.0,0.0,Nov,2,2,1,2,Returning_Visitor,False,False
2,115.2,0,0.0,7,211.1,0.0,0.0,0.0,0.0,June,3,2,2,2,New_Visitor,True,False
0,1.45,0,0.0,4,90.97,0.1,0.15,0.0,0.04,May,1,1,3,3,Returning_Visitor,False,False
3,85.17,0,17.14,95,3715.78,0.0,0.01,0.0,0.03,Jul,2,4,4,2,Returning_Visitor,False,False
1,129.42,3,62.0,29,1493.44,0.0,0.02,0.0,0.0,Mar,2,2,6,2,Returning_Visitor,False,False
0,3.77,0,0.0,1,16.83,0.2,0.14,0.0,0.0,May,2,2,6,1,Returning_Visitor,False,False
3,47.67,0,1.99,5,59.29,0.0,0.01,0.0,0.03,Mar,1,1,8,2,New_Visitor,False,False
0,2.38,0,0.0,34,1030.0,0.0,0.03,0.0,0.0,Dec,2,2,7,1,Returning_Visitor,False,False
2,38.31,0,0.0,52,1630.97,0.01,0.02,0.0,1.0,May,6,5,3,2,Returning_Visitor,True,False
2,100.0,6,131.0,63,2611.65,0.0,0.0,0.0,0.0,Dec,1,1,6,1,Returning_Visitor,False,False
5,82.63,0,0.0,4,1373.75,0.0,0.02,0.01,0.0,Mar,1,1,7,8,Returning_Visitor,False,False
5,154.79,1,7.0,34,1714.87,0.01,0.06,1.46,0.03,May,1,1,1,2,Returning_Visitor,True,False
2,7.0,0,0.0,34,533.11,0.01,0.04,4.31,0.0,May,2,2,1,3,Returning_Visitor,False,False
14,574.45,0,0.0,41,1331.28,0.0,0.01,36.96,0.03,Sep,3,2,3,4,Returning_Visitor,False,True
5,47.5,0,0.0,40,787.2,0.0,0.01,2.78,0.03,May,2,2,4,4,Returning_Visitor,False,False
0,1.33,0,0.0,15,500.0,0.0,0.02,39.05,0.0,Mar,2,2,3,2,Returning_Visitor,False,True
0,18.77,0,0.0,35,536.73,0.0,0.01,3.71,0.0,Jul,2,2,3,4,Returning_Visitor,False,True
0,3.92,0,0.0,5,372.83,0.0,0.04,0.0,0.0,Mar,1,1,1,1,Returning_Visitor,False,False
0,0.0,0,0.0,20,1324.67,0.06,0.09,10.4,1.0,May,2,2,8,1,Returning_Visitor,True,False
0,3.34,0,0.0,6,0.0,0.14,0.18,0.01,0.0,May,3,2,1,13,Returning_Visitor,False,False
0,0.0,0,0.0,34,462.0,0.02,0.05,0.01,0.0,May,1,1,1,6,Returning_Visitor,False,False
0,0.0,0,0.0,12,189.25,0.02,0.05,0.0,0.03,Dec,2,5,1,1,Returning_Visitor,False,False
1,61.5,0,0.0,13,949.75,0.0,0.01,51.76,0.0,Dec,1,1,1,2,New_Visitor,False,True
0,1.01,0,3.21,10,72.13,0.0,0.06,0.0,0.03,Dec,1,1,1,2,Returning_Visitor,False,False
3,49.5,0,9.78,91,8555.77,0.01,0.02,0.0,0.03,Nov,1,1,1,2,Returning_Visitor,False,True
0,36.31,0,1.24,10,202.67,0.11,0.13,0.17,0.0,Jul,3,2,3,13,Returning_Visitor,False,False
3,98.0,0,4.97,81,2628.0,0.0,0.01,0.6,0.03,Dec,1,1,1,2,Returning_Visitor,False,True
0,4.58,0,0.0,30,3730.42,0.0,0.03,0.01,0.0,Nov,3,2,1,2,New_Visitor,True,False
0,1.56,0,0.34,29,1034.96,0.03,0.05,0.0,0.0,Nov,2,2,1,1,Returning_Visitor,False,False
4,26.09,0,0.0,24,362.75,0.03,0.08,0.0,0.03,Nov,2,5,3,8,Returning_Visitor,False,False
0,0.0,0,0.0,14,1049.05,0.0,0.02,0.01,0.04,Nov,3,2,1,20,Returning_Visitor,False,False
0,0.0,1,148.5,34,2271.55,0.0,0.02,0.0,0.0,Dec,2,2,1,2,Returning_Visitor,False,False
2,36.2,0,0.0,22,1492.79,0.0,0.01,3.59,0.0,May,2,2,1,2,Returning_Visitor,True,True
1,0.0,0,15.87,128,2787.69,0.0,0.05,0.0,0.03,Jul,2,4,4,2,Returning_Visitor,False,False
0,0.0,0,0.0,1,207.57,0.0,0.12,0.0,0.0,Aug,2,2,1,5,Returning_Visitor,False,False
3,81.74,0,0.0,13,293.73,0.02,0.06,0.0,0.0,Nov,2,2,3,2,Returning_Visitor,False,False
0,4.03,0,0.0,5,428.5,0.02,0.04,0.0,0.0,Dec,2,2,1,2,Returning_Visitor,True,False
5,49.2,4,379.0,5,271.61,0.0,0.01,18.4,0.0,Sep,2,2,1,2,New_Visitor,False,False
0,0.0,0,0.0,20,526.8,0.0,0.01,104.2,0.03,Sep,2,2,1,2,Returning_Visitor,False,True
3,81.82,0,5.63,12,398.98,0.01,0.01,39.05,0.0,Nov,2,2,2,2,New_Visitor,False,True
0,1.79,0,0.0,1,8.32,0.2,0.2,0.0,0.09,May,2,2,1,1,Returning_Visitor,False,False
0,0.0,0,0.0,7,197.0,0.0,0.04,0.0,0.0,Dec,2,2,3,2,New_Visitor,False,False
2,57.52,2,6.0,9,2426.42,0.03,0.08,0.0,0.05,May,2,2,4,3,Returning_Visitor,False,False
0,68.01,0,39.12,33,512.72,0.01,0.01,1.4,0.03,Jul,2,2,7,1,Returning_Visitor,True,True
0,2.17,0,1.14,4,212.9,0.0,0.1,0.0,0.0,Dec,2,2,1,1,Other,False,False
3,80.63,0,9.61,14,241.77,0.0,0.02,0.0,0.6,May,3,2,3,2,Returning_Visitor,False,False
1,47.2,1,63.39,35,2269.34,0.0,0.02,0.0,0.0,Nov,2,2,7,2,Returning_Visitor,False,False
12,739.21,1,163.08,21,1321.06,0.0,0.03,78.35,0.0,Mar,2,2,1,8,Returning_Visitor,False,True
4,190.0,1,51.29,53,1328.63,0.02,0.02,0.0,0.0,Dec,1,1,1,1,Returning_Visitor,True,False
2,39.2,0,0.0,6,86.4,0.0,0.03,0.0,0.0,Nov,1,1,3,3,New_Visitor,False,False
3,476.9,0,0.0,33,1053.84,0.0,0.01,0.0,0.0,Nov,2,5,3,1,Returning_Visitor,True,False
3,153.5,0,4.27,34,1002.85,0.0,0.01,39.12,0.03,Nov,2,2,1,2,Returning_Visitor,False,False
3,198.35,0,2.0,32,570.52,0.01,0.02,0.0,0.0,Mar,1,2,2,8,Returning_Visitor,False,False
3,48.4,0,6.23,137,3004.63,0.0,0.01,0.0,0.04,Oct,2,4,9,2,Returning_Visitor,False,False
0,0.0,0,1.21,20,1423.16,0.0,0.03,0.04,0.03,Aug,2,4,7,4,Returning_Visitor,False,False
1,131.44,2,33.3,16,1513.52,0.0,0.02,0.0,0.0,Jul,2,2,1,1,Returning_Visitor,False,False
0,0.0,0,0.0,9,88.43,0.1,0.18,0.02,0.0,May,1,1,1,3,Returning_Visitor,True,False
0,3.03,0,0.0,2,50.0,0.0,0.05,0.13,0.0,Mar,3,2,3,11,Returning_Visitor,False,False
0,0.0,0,0.0,6,201.47,0.03,0.05,0.0,0.0,Jul,3,2,2,3,Returning_Visitor,False,False
0,0.0,0,0.0,6,58.11,0.0,0.04,0.01,0.8,May,2,2,1,13,Returning_Visitor,False,False
3,8.0,0,0.0,27,787.54,0.0,0.04,0.04,0.0,Nov,3,2,1,20,Returning_Visitor,False,False
4,64.6,0,1.22,32,1135.44,0.0,0.01,0.0,0.0,Dec,2,2,1,3,Returning_Visitor,False,False
1,41.33,0,15.3,34,3227.5,0.0,0.0,28.53,0.6,May,2,2,4,13,Returning_Visitor,False,True
1,0.0,0,0.0,21,1446.1,0.0,0.03,0.0,0.0,May,2,6,2,13,Returning_Visitor,False,False
0,0.0,0,0.0,8,267.0,0.0,0.05,0.0,0.0,Mar,2,2,3,3,Returning_Visitor,False,False
7,101.69,0,12.74,33,1954.71,0.01,0.03,11.84,0.0,June,2,2,3,1,Returning_Visitor,False,False
0,0.0,0,0.0,1,26.49,0.14,0.14,0.0,0.0,May,3,2,3,13,Returning_Visitor,False,False
3,81.58,0,0.0,33,494.5,0.0,0.01,0.0,0.0,Mar,1,1,3,9,Returning_Visitor,True,False
0,20.64,0,0.0,4,157.2,0.04,0.08,0.0,0.0,Oct,1,8,3,1,Returning_Visitor,True,False
2,92.72,0,6.25,3,52.4,0.0,0.04,0.25,0.0,Sep,2,2,3,5,New_Visitor,False,False
2,569.0,1,122.5,23,941.7,0.01,0.01,9.33,0.0,May,2,2,4,2,New_Visitor,False,True
2,24.0,0,0.0,28,1474.41,0.0,0.02,5.42,0.03,Mar,2,2,1,2,Returning_Visitor,False,True
1,82.16,0,0.0,13,417.0,0.0,0.02,72.79,0.4,May,1,1,1,3,New_Visitor,False,True
0,0.0,0,0.0,17,1489.29,0.0,0.01,0.0,0.04,Mar,2,2,7,10,Returning_Visitor,False,False
0,0.0,0,0.0,22,1489.52,0.0,0.01,39.04,0.0,May,2,2,4,2,New_Visitor,False,True
0,0.0,0,0.0,34,1008.42,0.0,0.01,0.01,0.0,May,2,6,1,2,Returning_Visitor,False,False
0,1.1,0,0.0,6,94.5,0.0,0.04,0.0,0.0,Mar,2,2,1,1,Returning_Visitor,False,False
10,515.61,3,85.14,50,1730.14,0.02,0.01,12.13,0.05,Aug,3,2,4,4,Returning_Visitor,False,True
0,0.0,0,0.0,68,1806.17,0.0,0.03,0.0,0.0,Nov,2,2,2,13,Returning_Visitor,True,False
0,0.0,0,1.89,6,202.6,0.0,0.07,0.0,0.4,May,2,2,1,13,Returning_Visitor,False,False
0,0.0,0,0.0,17,289.56,0.03,0.03,0.01,0.0,Dec,2,1,1,10,Returning_Visitor,False,False
0,67.13,0,5.0,3,77.0,0.0,0.07,0.03,0.0,Mar,3,6,1,11,Returning_Visitor,True,False
0,0.0,0,0.0,2,12.0,0.05,0.12,0.02,0.09,May,1,1,1,4,Returning_Visitor,False,False
0,0.0,0,0.0,34,676.6,0.0,0.02,0.0,0.0,Sep,2,2,1,1,Returning_Visitor,False,False
5,401.15,0,0.0,38,1478.45,0.01,0.02,24.51,0.0,Sep,2,4,7,4,Returning_Visitor,False,False
0,1.08,0,0.24,11,555.62,0.02,0.05,0.01,0.0,Nov,2,2,1,3,Returning_Visitor,False,False
1,50.0,5,248.75,39,1535.11,0.01,0.02,0.0,0.04,May,1,2,1,2,Returning_Visitor,True,False
3,722.21,0,4.27,131,10340.37,0.0,0.02,3.85,0.03,Dec,2,2,4,2,Returning_Visitor,False,False
2,76.03,0,0.0,10,211.78,0.0,0.01,0.0,0.0,Nov,3,2,5,2,New_Visitor,False,False
0,35.11,0,0.0,4,60.0,0.05,0.08,0.0,1.0,Nov,1,1,1,17,Returning_Visitor,True,False
6,84.17,0,0.0,35,1515.1,0.0,0.0,32.89,0.0,Dec,2,2,2,2,Returning_Visitor,False,False
4,0.0,1,38.02,8,1484.82,0.03,0.03,0.0,0.6,May,2,5,3,2,New_Visitor,False,False
5,282.0,0,0.0,8,1467.58,0.0,0.02,0.06,0.0,Mar,1,1,1,3,Returning_Visitor,False,False
3,115.5,0,0.0,55,1833.24,0.0,0.01,18.62,0.0,Nov,2,2,6,2,Returning_Visitor,True,True
3,87.04,1,24.2,11,1730.52,0.02,0.04,18.31,0.0,Oct,3,2,1,1,Returning_Visitor,False,True
6,87.14,0,0.0,34,1707.67,0.0,0.01,24.1,0.03,Dec,2,2,1,2,New_Visitor,False,True
9,189.48,0,303.2,66,4864.15,0.0,0.0,0.0,0.0,Oct,2,2,1,2,New_Visitor,True,False
0,0.0,0,1.42,89,1454.63,0.01,0.04,0.0,0.04,May,2,2,6,1,Returning_Visitor,False,False
2,1.6,0,0.0,11,1486.75,0.02,0.07,0.0,0.04,Feb,1,1,1,3,Returning_Visitor,False,False
3,82.0,1,69.01,118,2595.1,0.0,0.01,38.75,0.03,Nov,2,2,1,1,Returning_Visitor,False,True
0,0.0,0,0.89,34,4590.43,0.01,0.02,0.0,0.0,Nov,2,2,2,1,Returning_Visitor,True,False
0,0.0,0,0.0,1,3.15,0.14,0.2,0.0,0.0,Mar,2,2,4,1,Returning_Visitor,False,False
0,0.0,0,0.0,1,0.0,0.2,0.2,0.0,0.8,May,2,2,1,1,Returning_Visitor,False,False
0,0.94,0,0.0,4,847.43,0.13,0.13,0.0,0.0,Mar,2,2,1,1,Returning_Visitor,False,False
0,0.0,0,0.0,44,1127.57,0.01,0.02,0.0,0.0,Nov,4,2,1,3,Returning_Visitor,False,False
1,494.17,0,9.79,180,4773.34,0.0,0.01,0.0,0.0,May,2,2,3,2,Returning_Visitor,False,False
2,1.0,0,3.12,34,1268.0,0.01,0.03,0.0,0.0,Mar,4,1,3,2,Returning_Visitor,True,False
5,494.17,0,0.0,8,204.0,0.0,0.03,0.0,0.0,Mar,2,2,4,1,Returning_Visitor,False,False
0,0.0,0,0.0,14,1323.35,0.02,0.04,0.0,0.0,Nov,2,2,1,3,Returning_Visitor,False,False
0,0.0,2,88.6,35,682.18,0.0,0.0,0.0,0.0,Jul,1,1,3,1,Returning_Visitor,False,False
0,34.63,0,0.0,6,319.0,0.0,0.05,0.0,0.0,Mar,1,1,6,1,Returning_Visitor,False,False
4,218.97,0,2.59,31,1481.25,0.0,0.0,83.1,0.0,Nov,2,2,3,2,Returning_Visitor,False,True
0,0.0,0,0.0,34,1490.56,0.01,0.04,0.0,0.0,Mar,3,2,1,3,Returning_Visitor,False,False
0,183.97,0,16.02,33,116.8,0.03,0.11,0.16,0.0,Jul,2,2,6,13,Returning_Visitor,False,False
2,81.14,0,0.0,30,474.5,0.0,0.01,0.0,0.03,Mar,1,1,3,2,Returning_Visitor,True,False
0,5.7,0,0.0,11,1562.95,0.0,0.1,0.0,0.0,May,2,2,3,2,New_Visitor,False,False
3,266.88,0,0.78,36,1488.36,0.01,0.03,36.0,0.03,Dec,2,2,1,1,Returning_Visitor,True,False
0,1.38,0,8.67,10,428.67,0.0,0.02,37.47,0.4,May,2,2,5,2,New_Visitor,False,True
0,0.0,0,0.0,13,1418.11,0.0,0.04,0.01,0.07,May,2,2,3,2,Returning_Visitor,False,False
0,7.23,0,0.0,1,8.27,0.14,0.14,0.0,0.0,May,2,2,1,3,Returning_Visitor,False,False
0,0.0,1,0.0,34,783.69,0.01,0.04,0.0,0.0,May,2,2,3,2,Returning_Visitor,False,False
2,20.0,3,377.52,46,3881.79,0.0,0.04,0.0,0.0,Nov,2,2,1,2,Returning_Visitor,False,False
0,0.0,0,0.0,1,0.0,0.2,0.14,0.02,0.06,May,2,2,2,1,Returning_Visitor,False,False
0,0.0,0,0.0,18,587.73,0.0,0.02,32.52,0.0,Sep,2,2,7,4,Returning_Visitor,True,True
3,65.5,1,392.53,131,3902.66,0.01,0.02,0.0,0.03,Nov,3,2,3,1,Returning_Visitor,False,False
0,1.4,0,0.0,20,1055.33,0.01,0.01,0.0,0.0,Nov,3,2,4,13,Returning_Visitor,False,False
4,515.6,0,2.03,77,1449.68,0.0,0.0,0.06,0.0,May,2,2,4,2,Returning_Visitor,False,False
0,0.0,0,0.0,37,1446.95,0.01,0.02,0.01,0.03,Nov,2,2,6,2,Returning_Visitor,False,True
3,81.33,0,0.0,9,143.0,0.0,0.01,0.02,0.03,Nov,1,1,1,2,New_Visitor,False,False
0,30.84,0,0.0,14,267.25,0.0,0.02,0.0,0.0,Nov,3,2,1,11,New_Visitor,True,False
10,228.83,1,61.0,34,1505.33,0.0,0.01,0.0,0.0,May,3,2,4,2,Returning_Visitor,True,False
2,20.0,0,7.93,34,3391.69,0.03,0.04,0.0,0.03,Dec,3,2,8,1,Returning_Visitor,False,False
0,0.0,0,0.0,17,1487.96,0.0,0.0,109.18,0.05,Mar,2,2,9,2,New_Visitor,False,True
3,89.96,0,61.83,53,1844.65,0.02,0.05,0.0,0.0,June,2,2,1,3,Returning_Visitor,False,False
2,14.0,2,10.0,17,713.33,0.0,0.01,0.0,0.0,May,1,1,1,5,New_Visitor,False,False
1,0.0,0,0.0,91,2710.38,0.0,0.02,0.0,0.03,Nov,3,2,3,2,Returning_Visitor,False,True
2,0.59,0,0.0,10,242.58,0.0,0.03,0.0,0.0,Dec,2,2,7,2,New_Visitor,False,False
0,0.0,0,0.0,5,168.0,0.02,0.08,0.0,0.0,Nov,3,2,1,2,Returning_Visitor,False,False
1,109.57,0,9.35,374,12499.38,0.0,0.01,6.42,0.03,Nov,2,2,2,2,Returning_Visitor,False,False
0,2.58,0,0.0,5,34.0,0.13,0.17,0.0,0.4,May,3,2,4,13,Returning_Visitor,False,False
4,73.5,0,6.95,33,2208.79,0.0,0.0,3.2,0.0,May,4,1,7,2,Returning_Visitor,True,False
2,8.0,1,14.33,14,603.67,0.0,0.01,39.13,0.0,Mar,2,2,1,7,Returning_Visitor,False,True
7,320.97,0,0.0,25,673.03,0.0,0.02,34.0,0.0,Nov,1,1,3,2,New_Visitor,False,False
1,57.5,0,0.0,36,534.26,0.0,0.01,87.75,0.04,Dec,1,2,1,8,Returning_Visitor,True,True
3,108.83,0,9.37,21,780.58,0.01,0.02,37.62,0.03,Nov,2,5,1,2,New_Visitor,False,True
0,0.0,0,0.0,4,58.13,0.0,0.04,0.0,0.0,May,1,1,1,2,Returning_Visitor,True,False
3,37.0,0,9.85,8,1562.13,0.0,0.01,0.0,0.0,Nov,2,4,3,2,New_Visitor,True,True
7,6.27,1,55.61,33,1478.24,0.02,0.03,25.1,0.0,Nov,3,2,2,3,Returning_Visitor,False,False
1,0.0,0,0.91,34,1357.58,0.02,0.05,0.0,0.0,Mar,2,6,4,1,Returning_Visitor,False,False
2,37.0,0,9.5,15,208.5,0.0,0.01,0.01,0.0,Mar,2,2,3,2,New_Visitor,True,False
0,0.0,0,0.0,15,475.67,0.01,0.01,0.04,0.03,Dec,1,1,3,8,New_Visitor,False,False
2,63.27,0,0.0,34,1183.65,0.0,0.01,21.21,0.0,Dec,3,2,7,2,Returning_Visitor,False,True
0,3.83,0,6.06,7,710.0,0.0,0.03,45.49,0.04,May,1,1,6,4,New_Visitor,False,True
1,6.0,1,0.0,31,1582.75,0.04,0.04,54.18,0.4,Feb,2,2,1,1,Returning_Visitor,False,False
0,0.0,0,0.0,8,134.0,0.0,0.03,0.0,0.0,May,2,2,1,2,Returning_Visitor,False,False
0,0.0,1,0.0,51,2122.66,0.0,0.01,9.29,0.0,Mar,2,2,3,10,Returning_Visitor,False,True
0,0.0,0,0.0,38,1491.28,0.0,0.01,0.0,0.0,May,2,2,1,1,Returning_Visitor,True,False
3,191.17,0,0.0,108,4656.33,0.01,0.02,0.0,0.04,Nov,2,2,1,10,Returning_Visitor,False,False
0,0.0,0,0.0,17,1484.35,0.05,0.04,0.0,0.0,Mar,2,2,6,1,Returning_Visitor,False,False
1,152.75,0,5.78,219,7044.06,0.0,0.02,11.66,0.03,Nov,2,2,1,2,Returning_Visitor,False,True
0,0.0,0,0.0,14,1466.35,0.0,0.02,8.48,0.0,Dec,2,2,3,2,Returning_Visitor,False,True
4,0.0,0,0.0,17,231.0,0.0,0.04,0.57,0.0,Nov,2,4,7,1,Returning_Visitor,False,False
1,81.37,0,0.0,12,640.37,0.0,0.01,0.03,0.0,Nov,2,7,1,3,Returning_Visitor,False,False
0,0.0,0,8.72,152,5617.09,0.0,0.02,0.0,0.03,Nov,2,2,4,2,Returning_Visitor,False,False
2,0.0,0,0.0,13,266.88,0.0,0.02,0.0,0.0,May,2,2,4,13,Returning_Visitor,False,False
1,88.0,0,43.51,57,1656.41,0.0,0.0,0.0,0.03,Nov,2,4,9,2,Returning_Visitor,False,False
6,137.92,0,0.0,92,3163.14,0.0,0.01,32.22,0.03,Nov,2,2,1,1,Returning_Visitor,False,True
0,0.0,1,98.0,14,491.38,0.0,0.01,0.0,0.0,Nov,1,1,1,2,Returning_Visitor,False,False
3,99.38,0,1.75,7,86.0,0.0,0.01,0.06,0.0,Mar,2,2,2,3,New_Visitor,False,False
4,466.46,0,0.0,27,1481.75,0.0,0.01,14.67,0.0,Dec,2,2,8,2,Returning_Visitor,False,True
3,82.96,0,0.0,30,1501.78,0.0,0.03,0.0,0.0,Oct,1,1,1,1,Returning_Visitor,True,False
2,55.4,2,77.9,26,600.57,0.01,0.02,7.01,0.0,June,2,2,1,2,Returning_Visitor,False,False
0,0.0,0,1.51,43,1650.42,0.0,0.0,0.13,0.03,Mar,2,2,7,3,Returning_Visitor,True,False
4,142.5,0,0.0,56,1707.18,0.0,0.04,5.04,0.03,Nov,2,5,3,11,Returning_Visitor,True,True
0,2.11,0,0.0,11,640.67,0.0,0.01,0.0,0.0,Mar,3,2,7,1,Returning_Visitor,True,False
0,7.56,0,0.0,34,584.0,0.0,0.0,0.0,0.05,May,2,2,6,4,New_Visitor,False,False
1,10.0,1,342.5,11,3165.96,0.0,0.03,10.14,0.0,Dec,2,2,3,1,Returning_Visitor,False,False
1,86.06,0,0.0,6,244.0,0.03,0.04,38.14,0.03,Nov,2,4,3,1,Returning_Visitor,False,True
0,0.74,0,0.0,18,1436.93,0.04,0.07,0.0,0.03,Aug,2,2,3,13,Returning_Visitor,False,False
0,0.0,0,8.82,10,1504.1,0.0,0.02,0.03,0.03,May,2,2,3,2,New_Visitor,True,False
0,0.0,0,13.65,90,3111.68,0.0,0.01,0.0,0.0,Nov,2,4,1,2,Returning_Visitor,True,False
0,0.0,0,0.0,35,1492.92,0.01,0.02,0.0,0.03,Nov,1,1,4,2,Returning_Visitor,False,False
3,187.0,2,80.09,34,1517.56,0.0,0.01,16.72,0.03,Mar,2,2,3,2,Returning_Visitor,False,False
2,25.0,0,0.0,25,243.17,0.02,0.06,0.0,0.0,Nov,2,2,3,6,Returning_Visitor,False,False
5,46.5,0,0.0,33,219.5,0.01,0.02,0.0,0.0,Dec,3,2,2,13,Returning_Visitor,False,False
0,1.14,0,0.0,15,309.8,0.0,0.02,0.0,0.2,May,2,2,2,4,Returning_Visitor,False,False
1,0.0,0,6.53,231,11246.13,0.0,0.01,0.0,0.03,Nov,2,2,3,2,Returning_Visitor,False,False
5,0.0,0,924.0,45,3198.19,0.0,0.02,32.42,0.0,Oct,2,6,4,2,Returning_Visitor,False,True
2,44.33,0,0.0,19,1504.33,0.0,0.01,20.0,0.0,May,2,2,1,2,Returning_Visitor,False,True
0,0.0,0,0.0,1,2.89,0.14,0.2,0.01,0.0,Jul,1,1,1,2,Returning_Visitor,False,False
0,0.79,0,0.0,11,1486.56,0.0,0.03,0.0,0.6,May,3,2,1,13,Returning_Visitor,False,False
1,31.0,4,62.0,11,196.2,0.0,0.01,0.94,0.0,Mar,2,2,1,2,Returning_Visitor,False,False
11,449.75,0,0.0,35,1786.11,0.0,0.02,40.66,0.0,Nov,1,1,1,2,Returning_Visitor,False,False
0,0.0,0,9.52,54,1441.64,0.01,0.0,0.0,0.0,Nov,1,1,1,2,Returning_Visitor,False,False
4,98.6,0,0.0,10,63.6,0.09,0.13,0.0,0.0,Sep,1,1,3,3,Returning_Visitor,False,False
1,34.3,0,2.68,22,722.13,0.02,0.05,0.0,0.0,May,2,2,8,1,Returning_Visitor,False,False
0,34.36,0,0.0,12,580.5,0.02,0.04,11.19,0.0,May,1,1,1,3,Returning_Visitor,False,False
2,248.92,0,16.26,133,6225.99,0.0,0.03,7.96,0.03,Nov,2,2,2,2,Returning_Visitor,False,True
0,0.0,0,0.0,1,0.0,0.14,0.2,0.0,0.0,Mar,3,2,3,9,Returning_Visitor,True,False
10,230.67,0,10.9,35,2178.85,0.0,0.01,11.73,0.03,Nov,2,2,3,2,Returning_Visitor,False,True
3,94.6,0,5.14,69,2222.42,0.01,0.01,0.01,0.0,Oct,1,1,3,2,Returning_Visitor,False,False
1,5.5,3,169.2,34,1496.59,0.01,0.02,37.4,0.04,Jul,2,2,1,2,Returning_Visitor,True,False
10,298.67,0,17.94,34,1527.92,0.0,0.01,22.96,0.0,Mar,2,2,1,8,Returning_Visitor,False,False
0,0.0,0,0.0,1,3.94,0.2,0.2,0.0,0.0,Mar,1,1,2,1,Returning_Visitor,False,False
2,28.0,0,0.0,12,1667.26,0.0,0.02,0.19,0.0,May,1,8,3,3,Returning_Visitor,True,False
2,26.75,0,0.0,103,2546.86,0.01,0.02,0.0,0.03,Nov,3,2,1,1,Returning_Visitor,False,False
0,0.0,1,129.12,34,1117.64,0.01,0.02,0.0,0.0,Dec,1,1,1,2,Returning_Visitor,False,False
2,11.0,0,0.83,34,779.26,0.0,0.01,0.0,0.0,May,4,1,1,4,Returning_Visitor,False,False
3,68.58,0,0.0,72,1781.19,0.01,0.02,0.0,0.0,Nov,1,1,3,8,Returning_Visitor,False,False
0,2.64,0,0.0,28,558.48,0.02,0.02,0.02,0.03,Nov,1,2,2,2,Returning_Visitor,False,False
3,84.81,0,1.66,33,691.83,0.0,0.01,59.61,0.0,Nov,2,2,2,2,Returning_Visitor,False,True
6,197.25,0,0.0,51,3296.94,0.0,0.01,3.51,0.0,Nov,1,1,1,3,Returning_Visitor,True,False
3,94.98,1,139.5,58,3022.37,0.0,0.01,0.0,0.0,Nov,1,1,2,2,New_Visitor,False,True
1,2.03,0,0.0,1,0.0,0.14,0.2,0.0,0.0,May,1,8,1,1,Returning_Visitor,False,False
0,0.0,0,3.53,7,216.34,0.0,0.04,0.0,0.0,Dec,2,2,3,20,New_Visitor,False,False
0,3.62,0,0.0,1,3.87,0.2,0.2,0.14,0.05,May,2,5,8,6,Returning_Visitor,False,False
0,0.0,0,7.86,19,194.75,0.02,0.04,0.0,0.03,Dec,3,2,4,1,Returning_Visitor,False,False
10,213.75,2,45.5,30,2054.84,0.0,0.0,38.65,0.0,Dec,1,1,6,2,New_Visitor,False,True
5,724.5,0,0.0,23,867.33,0.0,0.0,59.99,0.0,May,1,1,1,2,Returning_Visitor,False,True
1,46.5,1,418.5,122,2085.97,0.0,0.03,0.0,0.0,Nov,2,2,1,2,Returning_Visitor,False,False
7,145.0,0,0.0,10,144.25,0.0,0.01,0.01,0.0,May,2,2,1,4,New_Visitor,False,False
0,17.1,0,0.0,34,263.27,0.0,0.04,0.03,0.0,June,2,2,1,3,Returning_Visitor,False,False
5,87.11,0,0.0,15,291.17,0.0,0.02,0.0,0.0,May,4,1,1,2,New_Visitor,True,False
0,0.0,0,0.0,21,604.5,0.0,0.02,0.0,0.04,Nov,2,2,1,13,Returning_Visitor,False,False
3,115.11,2,3.22,89,3639.74,0.0,0.02,5.16,0.8,May,2,2,7,2,Returning_Visitor,False,False
0,0.0,4,66.48,7,57.74,0.0,0.02,0.0,0.0,Mar,2,2,1,8,New_Visitor,False,False
0,12.77,0,9.05,9,980.57,0.0,0.01,78.57,0.0,Sep,2,2,5,2,New_Visitor,False,True
2,88.0,10,305.42,54,1986.55,0.01,0.02,25.83,0.03,Dec,1,1,2,2,Returning_Visitor,False,False
0,1.07,0,2.49,34,1542.33,0.02,0.04,0.0,0.03,Jul,3,2,8,1,Returning_Visitor,False,False
0,0.0,0,0.0,17,349.38,0.01,0.02,0.0,0.0,Nov,3,2,9,20,Returning_Visitor,False,False
2,89.75,1,89.0,49,2104.31,0.01,0.02,8.98,0.03,May,1,1,1,2,Returning_Visitor,False,False
0,0.0,0,0.0,5,232.71,0.04,0.04,0.0,0.0,Mar,2,2,1,2,Returning_Visitor,False,False
3,134.0,0,0.0,53,1659.32,0.0,0.0,62.35,0.03,Mar,4,1,1,2,Returning_Visitor,False,True
2,119.8,1,22.2,15,643.5,0.0,0.01,0.0,0.0,Sep,3,2,1,5,Returning_Visitor,True,False
6,80.65,0,0.0,7,64.92,0.0,0.01,0.0,0.0,Mar,2,2,1,2,Returning_Visitor,False,False
0,0.0,0,0.6,39,1183.5,0.03,0.04,0.0,0.73,May,2,2,7,1,Returning_Visitor,False,False
0,0.0,0,0.43,13,226.0,0.0,0.05,0.06,0.0,Mar,2,2,4,3,Returning_Visitor,True,False
12,81.5,0,0.0,35,2202.58,0.01,0.02,0.0,0.0,Mar,2,2,1,1,Returning_Visitor,False,False
0,5.08,0,0.0,12,260.32,0.0,0.01,0.0,0.03,Dec,2,2,2,2,Returning_Visitor,False,False
9,64.09,1,73.45,51,1933.9,0.01,0.03,0.0,0.03,May,2,2,6,13,Returning_Visitor,False,False
7,82.63,0,3.11,37,552.04,0.01,0.02,0.01,0.03,Aug,1,1,4,3,Returning_Visitor,False,False
0,0.0,0,0.0,9,388.0,0.13,0.09,0.01,0.0,Mar,3,2,2,1,Returning_Visitor,False,False
3,52.33,0,0.0,2,291.0,0.01,0.04,0.0,0.0,May,2,2,3,3,New_Visitor,False,False
0,6.77,0,0.43,42,2028.5,0.0,0.04,1.04,0.0,May,2,2,1,4,Returning_Visitor,False,False
0,0.0,0,0.0,34,808.08,0.0,0.01,53.1,0.0,May,2,2,2,4,Returning_Visitor,False,True
10,225.42,0,0.0,34,1254.11,0.01,0.03,0.0,0.03,Dec,3,2,3,1,Returning_Visitor,False,False
0,23.61,0,0.0,3,0.0,0.01,0.03,0.01,0.03,Nov,2,7,2,1,Returning_Visitor,False,False
0,0.0,0,0.41,2,76.34,0.0,0.1,0.08,0.03,Dec,2,2,1,1,Returning_Visitor,False,False
0,0.0,0,0.76,3,54.67,0.07,0.13,0.0,0.0,Dec,3,2,3,3,Returning_Visitor,True,False
0,2.65,0,0.0,27,458.26,0.01,0.02,38.12,0.0,Dec,1,1,2,2,Returning_Visitor,False,True
3,212.6,0,0.0,87,3898.82,0.0,0.02,0.0,0.03,Sep,2,2,7,2,Returning_Visitor,False,False
0,1.12,0,0.0,10,262.5,0.0,0.02,0.0,0.0,May,2,2,5,2,Returning_Visitor,False,False
3,42.0,1,28.5,34,1487.29,0.0,0.0,0.0,0.0,Nov,2,2,3,2,Returning_Visitor,False,False
0,201.33,2,3.5,116,3364.19,0.01,0.02,0.0,0.4,May,3,2,3,2,Returning_Visitor,False,False
3,72.5,0,0.0,35,2429.81,0.0,0.02,102.49,0.0,Nov,2,2,2,1,Returning_Visitor,False,True
7,111.08,0,2.74,24,431.5,0.01,0.01,0.0,0.0,Dec,1,1,1,3,Returning_Visitor,False,False
0,5.68,0,0.0,3,463.9,0.07,0.13,0.0,0.0,Dec,2,2,9,3,Returning_Visitor,True,False
1,0.0,0,0.0,38,643.9,0.03,0.06,0.75,0.0,June,2,4,9,3,Returning_Visitor,False,False
2,81.51,0,0.0,9,274.6,0.0,0.01,0.04,0.03,Oct,2,2,3,2,New_Visitor,False,False
0,59.63,1,1.0,93,4324.74,0.02,0.03,0.0,0.03,May,3,2,1,5,Returning_Visitor,True,False
3,78.3,5,120.0,33,1363.26,0.0,0.01,30.81,0.6,May,2,2,3,2,Returning_Visitor,False,True
0,1.53,0,1.89,3,0.0,0.2,0.2,0.0,0.0,Nov,1,1,1,10,Returning_Visitor,False,False
2,30.5,2,18.0,15,1632.94,0.0,0.03,33.34,0.0,May,2,2,8,2,Returning_Visitor,False,True
1,41.4,0,0.0,30,1766.0,0.01,0.05,0.0,0.0,Sep,2,10,1,2,Returning_Visitor,False,True
0,0.0,0,0.0,6,204.57,0.01,0.08,0.18,0.0,Dec,1,8,1,6,Returning_Visitor,False,False
0,5.47,0,0.0,1,0.0,0.14,0.14,0.01,0.0,Nov,3,2,4,1,Other,False,False
0,0.0,0,1.33,15,803.33,0.01,0.04,0.0,0.0,Dec,4,1,3,2,Returning_Visitor,False,False
0,0.0,0,3.21,29,1487.29,0.0,0.02,0.0,0.0,Nov,2,2,1,2,Returning_Visitor,False,False
0,0.0,0,0.0,8,561.5,0.0,0.05,0.0,0.0,Dec,2,4,7,20,Returning_Visitor,False,False
3,42.0,0,0.0,17,275.7,0.04,0.06,0.0,0.6,May,3,2,8,2,Returning_Visitor,False,False
2,55.47,0,0.0,34,1492.7,0.0,0.01,0.0,0.03,Dec,2,2,1,2,New_Visitor,False,False
1,613.67,0,0.0,6,957.0,0.16,0.05,0.0,0.0,Mar,3,2,8,4,Returning_Visitor,False,False
3,152.0,1,64.4,9,358.4,0.0,0.03,0.0,0.0,Oct,2,2,1,2,New_Visitor,True,False
0,0.0,0,0.0,17,1490.06,0.0,0.03,0.0,0.07,Nov,2,2,4,1,Returning_Visitor,False,False
0,0.0,0,0.0,12,1488.63,0.0,0.03,0.0,0.03,Mar,2,2,1,3,Returning_Visitor,False,False
3,51.0,0,0.0,14,527.38,0.02,0.03,0.01,0.0,Mar,7,1,6,1,Returning_Visitor,True,False
0,0.0,0,0.0,3,16.0,0.0,0.1,0.0,0.8,May,2,2,1,2,Returning_Visitor,False,False
0,0.0,0,0.0,6,736.14,0.0,0.03,0.0,0.0,Mar,3,3,1,2,Returning_Visitor,False,False
0,0.0,0,0.0,7,304.33,0.0,0.04,0.0,0.0,May,1,1,1,3,New_Visitor,True,False
2,17.0,0,4.89,32,2026.2,0.0,0.03,1.33,0.03,Oct,2,2,3,2,Returning_Visitor,False,False
0,0.0,2,842.3,26,1911.71,0.02,0.04,0.31,0.0,Jul,3,2,1,2,Returning_Visitor,True,True
0,0.0,0,0.63,4,358.0,0.0,0.09,0.0,0.0,Nov,2,2,2,3,Returning_Visitor,False,False
3,82.51,0,3.34,25,1493.47,0.01,0.0,70.26,0.03,Nov,2,2,1,2,Returning_Visitor,False,False
0,0.0,0,5.83,30,1482.11,0.03,0.05,34.94,0.03,Nov,1,8,7,1,Returning_Visitor,False,False
3,82.96,1,26.5,51,1068.36,0.01,0.04,7.57,0.0,Nov,2,10,2,2,Returning_Visitor,False,False
0,0.0,0,0.0,9,218.0,0.01,0.03,0.0,0.0,Mar,2,2,6,3,Returning_Visitor,True,False
4,46.4,0,0.0,3,25.2,0.0,0.04,0.05,0.0,Oct,3,2,1,20,Returning_Visitor,False,False
4,80.96,0,0.0,40,708.55,0.01,0.02,0.0,0.0,Sep,2,2,3,13,Returning_Visitor,False,False
0,0.0,0,0.0,6,134.0,0.07,0.14,0.0,0.0,May,1,1,1,3,Returning_Visitor,False,False
3,80.97,0,0.0,6,209.0,0.01,0.01,0.26,0.0,May,2,4,1,2,New_Visitor,False,False
0,0.0,0,0.0,2,1207.0,0.0,0.05,0.36,0.0,June,3,3,1,1,Returning_Visitor,False,False
4,92.63,0,0.0,3,65.16,0.0,0.02,0.0,0.0,Oct,3,2,1,5,Returning_Visitor,False,False
11,228.03,1,32.0,17,1479.13,0.01,0.04,0.03,0.03,Mar,1,2,9,8,Returning_Visitor,False,False
5,81.44,0,0.0,31,875.0,0.0,0.02,0.0,0.03,May,2,2,5,3,Returning_Visitor,False,False
3,477.04,5,14.67,24,1425.82,0.02,0.02,0.0,0.0,Mar,1,2,1,2,Returning_Visitor,False,False
0,0.0,0,0.0,41,881.17,0.01,0.02,0.0,0.6,May,2,5,1,3,Returning_Visitor,False,False
2,81.96,0,0.0,15,2190.67,0.0,0.0,0.0,0.0,Mar,2,2,3,8,Returning_Visitor,False,False
1,498.9,0,4.03,128,3111.36,0.0,0.01,5.27,0.03,Oct,2,2,4,2,Returning_Visitor,False,False
0,0.0,0,1.33,10,249.0,0.02,0.04,0.0,0.0,Nov,1,1,1,3,Returning_Visitor,False,False
1,15.96,1,18.0,19,444.75,0.0,0.02,38.88,0.05,Nov,2,2,1,10,New_Visitor,False,True
3,33.6,0,1.9,4,109.5,0.0,0.01,0.0,0.0,Oct,2,2,1,2,New_Visitor,False,False
0,0.0,0,0.0,7,58.59,0.09,0.11,0.0,0.0,Sep,1,1,9,1,Returning_Visitor,False,False
3,42.0,0,0.0,34,218.0,0.0,0.0,0.0,0.0,Mar,2,2,1,2,Returning_Visitor,False,False
0,1.65,0,2.2,19,154.22,0.02,0.02,0.0,0.03,Feb,2,2,1,1,Returning_Visitor,False,False
2,0.0,0,7.42,357,8864.04,0.0,0.01,9.96,0.03,Nov,2,2,1,2,Returning_Visitor,False,True
0,2.84,0,0.0,5,10.7,0.14,0.2,0.0,0.0,Nov,3,2,1,13,Returning_Visitor,False,False
2,96.0,0,0.0,20,1260.53,0.0,0.0,131.5,0.0,Nov,2,2,7,10,Returning_Visitor,True,True
0,0.0,0,0.0,7,425.12,0.12,0.13,0.0,0.0,Mar,1,1,1,3,Returning_Visitor,False,False
2,150.6,0,2.63,86,2554.56,0.02,0.04,0.03,0.0,Sep,2,2,1,1,Returning_Visitor,False,False
3,99.2,0,0.0,6,106.97,0.03,0.01,0.0,0.03,Oct,3,2,1,2,Returning_Visitor,True,False
4,81.69,0,0.0,34,997.71,0.0,0.02,0.02,0.0,Dec,2,2,3,2,Returning_Visitor,False,False
0,0.0,0,0.0,1,0.0,0.14,0.14,0.0,0.0,Dec,3,2,7,3,Returning_Visitor,False,False
0,0.96,0,0.0,1,0.0,0.2,0.2,0.0,0.0,May,1,1,4,1,Returning_Visitor,False,False
3,103.6,0,0.0,34,440.53,0.01,0.02,0.0,0.0,Sep,2,2,2,1,Returning_Visitor,False,False
0,1.77,0,0.0,12,436.02,0.13,0.1,0.02,0.8,May,2,2,1,13,Returning_Visitor,False,False
0,2.25,0,0.0,19,485.08,0.0,0.01,0.01,0.04,May,2,2,3,2,Returning_Visitor,False,False
0,0.0,0,1.0,12,577.56,0.03,0.02,0.0,0.0,Dec,3,2,1,8,New_Visitor,False,False
1,19.0,0,0.0,15,212.38,0.04,0.12,0.0,0.0,Nov,2,2,1,1,Returning_Visitor,False,False
0,0.0,1,36.33,38,1663.68,0.0,0.02,0.0,0.04,Mar,2,2,7,1,Returning_Visitor,False,False
0,2.76,0,0.0,4,36.5,0.0,0.05,0.0,0.0,Mar,2,2,7,1,Returning_Visitor,False,False
0,0.0,0,0.0,21,1492.18,0.0,0.02,0.01,0.03,Dec,3,2,1,3,Returning_Visitor,False,False
3,54.5,0,0.0,34,1267.06,0.0,0.02,9.46,0.0,Dec,2,2,3,10,Returning_Visitor,False,False
13,501.79,1,14.0,55,3328.9,0.01,0.01,38.33,0.03,Nov,1,1,1,2,Returning_Visitor,False,False
0,0.0,0,0.0,15,2653.5,0.0,0.04,0.0,0.04,Sep,3,2,7,1,Returning_Visitor,False,False
0,0.0,0,0.0,15,267.73,0.02,0.04,0.0,0.0,Nov,3,2,3,11,Returning_Visitor,True,False
0,0.0,0,0.13,11,236.79,0.13,0.2,0.0,0.8,May,3,2,1,3,Returning_Visitor,False,False
6,32.07,0,11.16,41,1921.1,0.01,0.03,5.29,0.0,Jul,2,2,3,1,Returning_Visitor,False,False
0,0.63,0,0.0,4,214.33,0.0,0.05,0.01,0.0,Nov,1,1,9,3,Returning_Visitor,False,False
3,41.2,0,0.0,7,942.8,0.0,0.03,0.0,0.0,Aug,1,1,4,5,New_Visitor,False,False
1,2.0,0,1.9,27,1480.79,0.02,0.07,0.0,0.0,May,3,2,2,4,Returning_Visitor,False,False
0,0.0,0,0.0,20,1510.27,0.01,0.03,0.01,0.0,Dec,2,2,3,2,New_Visitor,False,False
2,70.6,0,0.0,23,2244.42,0.0,0.01,0.01,0.03,Aug,2,2,3,3,Returning_Visitor,False,False
0,28.6,0,6.36,9,1072.72,0.07,0.08,0.14,0.0,Dec,3,3,5,1,Returning_Visitor,True,False
2,13.0,0,5.41,17,296.23,0.0,0.03,0.0,0.0,May,1,1,2,3,Returning_Visitor,False,False
0,0.0,0,0.0,23,2420.65,0.01,0.05,0.0,0.0,Nov,4,1,8,3,Returning_Visitor,False,False
3,443.66,4,116.0,38,595.34,0.03,0.02,10.17,0.04,May,3,2,2,4,Returning_Visitor,False,False
3,162.0,3,75.5,22,308.81,0.0,0.02,0.06,0.0,Mar,2,4,1,10,Returning_Visitor,False,False
5,44.74,3,129.75,18,390.46,0.0,0.02,0.0,0.03,Aug,2,2,1,4,Returning_Visitor,False,False
0,0.0,0,1.06,60,967.25,0.01,0.03,0.0,0.6,May,2,4,3,3,Returning_Visitor,False,False
0,18.07,0,0.0,6,1395.25,0.03,0.05,36.54,0.0,Nov,2,4,3,2,New_Visitor,False,False
1,19.0,0,11.61,120,3013.12,0.0,0.01,14.18,0.03,Nov,2,5,1,2,Returning_Visitor,False,True
0,0.0,0,0.49,2,2.67,0.2,0.14,0.0,0.0,Mar,2,2,1,1,Returning_Visitor,False,False
1,0.0,1,6.0,39,1023.96,0.01,0.02,0.0,0.0,Nov,2,4,7,2,Returning_Visitor,False,False
3,81.98,0,0.0,57,1897.69,0.01,0.02,0.0,0.03,Nov,1,1,1,3,Returning_Visitor,False,True
1,80.78,0,8.97,12,121.0,0.02,0.03,0.0,0.0,Mar,3,2,1,2,Returning_Visitor,True,False
0,0.0,0,0.0,6,350.85,0.0,0.02,0.0,0.4,Feb,1,1,3,3,Returning_Visitor,False,False
13,654.78,8,4.6,160,5349.56,0.0,0.02,17.35,0.03,Mar,2,2,1,2,Returning_Visitor,True,True
0,0.77,0,0.0,1,3.17,0.14,0.2,0.0,0.0,Feb,1,1,3,3,Returning_Visitor,False,False
0,0.0,0,0.66,34,1506.53,0.0,0.04,0.0,0.04,May,2,2,2,3,Returning_Visitor,True,False
18,167.0,0,24.81,37,1113.9,0.02,0.03,0.0,0.03,Nov,3,2,1,2,Returning_Visitor,False,False
0,0.0,0,0.0,6,1367.38,0.05,0.07,0.0,0.2,Feb,3,2,1,3,Returning_Visitor,False,False
4,103.6,1,21.0,20,651.4,0.0,0.0,0.0,0.0,Mar,1,1,1,2,Returning_Visitor,False,False
3,87.0,5,242.75,61,4081.04,0.0,0.02,0.0,0.0,Nov,2,5,1,2,Returning_Visitor,True,False
1,68.0,0,3.34,34,870.67,0.0,0.02,0.0,0.0,May,2,4,3,3,Returning_Visitor,False,False
0,2.08,0,0.0,8,212.58,0.0,0.04,0.0,0.0,Mar,2,2,1,1,Returning_Visitor,False,False
0,0.0,0,0.0,1,0.0,0.2,0.2,0.06,0.0,Nov,1,1,3,8,Returning_Visitor,False,False
2,86.7,3,228.5,13,1484.94,0.0,0.01,4.43,0.03,Nov,2,2,4,2,Returning_Visitor,False,True
0,0.0,0,0.0,57,4115.23,0.0,0.02,0.0,0.0,May,2,2,1,13,Returning_Visitor,False,False
0,0.0,0,0.0,6,68.96,0.12,0.17,0.0,0.8,May,2,2,4,1,Returning_Visitor,False,False
4,175.87,0,0.0,2,5.0,0.0,0.04,0.0,0.0,Oct,1,1,3,2,New_Visitor,False,False
0,2.25,0,0.0,1,30.4,0.2,0.14,0.0,0.8,May,2,2,1,1,Returning_Visitor,False,False
3,19.0,0,10.97,100,3457.29,0.01,0.04,0.0,0.0,Nov,2,2,1,2,Returning_Visitor,False,False
5,80.81,0,0.0,30,974.9,0.01,0.01,25.11,0.0,Nov,2,2,4,4,Returning_Visitor,False,False
0,0.0,0,0.0,28,666.0,0.0,0.01,0.0,0.04,May,2,2,3,2,Returning_Visitor,False,False
0,0.0,0,0.0,3,75.0,0.0,0.04,0.13,0.04,Mar,2,5,1,3,Returning_Visitor,True,False
0,73.12,0,10.15,200,6671.29,0.0,0.01,0.0,0.03,Nov,2,2,4,2,Returning_Visitor,False,False
0,0.0,0,0.0,1,0.0,0.2,0.2,0.0,0.0,May,2,2,6,13,Returning_Visitor,False,False
2,16.67,0,0.0,22,343.37,0.0,0.04,0.0,0.0,Mar,3,2,1,1,Returning_Visitor,False,False
0,26.21,0,0.0,1,49.11,0.2,0.1,0.0,0.0,Nov,3,2,1,8,New_Visitor,True,False
1,2.0,0,0.0,118,1421.51,0.01,0.03,0.0,0.04,May,2,2,1,20,Returning_Visitor,False,False
1,80.91,0,0.0,34,1500.5,0.0,0.01,39.07,0.04,Dec,2,2,7,2,New_Visitor,False,True
0,24.23,0,0.0,12,1489.79,0.0,0.01,0.0,0.0,Dec,2,12,1,1,Returning_Visitor,True,False
0,0.0,0,0.0,5,126.08,0.04,0.05,0.0,0.0,Nov,3,2,1,13,Returning_Visitor,False,False
0,11.93,0,0.0,34,521.92,0.0,0.03,0.0,0.0,Dec,3,1,6,2,Returning_Visitor,True,False
11,167.41,0,0.0,34,1489.96,0.0,0.01,0.0,0.0,Nov,1,1,3,2,New_Visitor,False,False
0,2.36,0,1.97,20,968.75,0.0,0.02,73.98,0.0,Dec,2,2,1,2,Returning_Visitor,False,True
3,5.0,0,0.0,40,2731.5,0.0,0.01,0.0,0.0,Jul,2,10,2,2,Returning_Visitor,True,False
2,109.8,0,7.27,55,1988.93,0.01,0.01,0.01,0.03,Jul,1,1,1,2,Returning_Visitor,False,False
5,85.17,0,365.97,31,538.72,0.0,0.03,0.0,0.03,Oct,4,1,3,1,Returning_Visitor,False,False
0,0.0,0,1.62,5,157.0,0.0,0.04,0.0,0.0,May,1,1,1,3,Returning_Visitor,False,False
2,81.0,0,0.0,9,99.07,0.02,0.07,0.0,0.0,Mar,3,2,1,4,Returning_Visitor,False,False
3,20.05,0,0.0,20,454.92,0.0,0.02,0.0,0.04,Nov,2,2,1,10,Returning_Visitor,False,False
3,80.88,0,4.76,22,295.03,0.0,0.01,0.0,0.0,Mar,2,2,3,2,New_Visitor,False,False
0,0.0,0,0.0,4,0.0,0.2,0.14,0.0,0.0,Jul,3,2,1,1,Returning_Visitor,False,False
0,0.0,0,1.57,12,222.26,0.0,0.01,0.0,0.0,Sep,3,2,5,2,Returning_Visitor,False,False
1,239.83,1,5.1,29,2650.41,0.0,0.01,0.0,0.0,May,2,4,1,3,Returning_Visitor,False,False
0,0.0,0,0.0,53,1624.32,0.01,0.02,0.0,0.04,Sep,3,2,4,3,Returning_Visitor,False,False
1,43.5,0,0.0,39,930.3,0.0,0.03,0.0,0.0,Mar,4,5,1,3,Returning_Visitor,True,False
0,0.0,0,0.0,34,877.67,0.02,0.04,5.69,0.03,May,2,2,1,2,Returning_Visitor,False,False
10,85.35,1,56.4,31,577.65,0.01,0.03,0.0,0.03,Aug,2,2,3,1,Returning_Visitor,False,False
0,0.0,0,0.0,1,0.0,0.13,0.02,0.0,0.03,Nov,8,6,1,6,Returning_Visitor,False,False
0,0.0,0,2.07,1,0.0,0.14,0.14,0.0,0.0,Dec,1,1,1,3,Returning_Visitor,False,False
3,68.33,0,0.0,39,1500.22,0.01,0.01,14.94,0.03,Nov,3,2,1,2,Returning_Visitor,False,True
0,101.06,2,37.2,28,1566.53,0.01,0.03,0.0,0.0,Jul,2,5,1,1,Returning_Visitor,False,False
3,85.27,1,25.2,34,1009.55,0.0,0.0,0.0,0.03,Mar,2,2,6,2,Returning_Visitor,False,False
8,164.58,1,490.88,62,2587.15,0.01,0.01,0.0,0.03,Mar,1,2,1,2,Returning_Visitor,False,False
4,323.5,0,0.0,10,320.75,0.0,0.02,0.1,0.0,Nov,2,2,6,2,New_Visitor,False,False
0,4.27,0,1.2,20,1535.07,0.01,0.05,0.0,0.0,May,3,2,1,1,Returning_Visitor,False,False
1,82.92,0,10.0,43,1543.5,0.0,0.01,0.21,0.04,Dec,3,13,9,1,Other,False,True
11,316.82,1,10.0,29,2372.01,0.01,0.03,0.0,0.0,Dec,2,2,1,2,Returning_Visitor,False,False
0,0.0,0,2.26,18,1731.45,0.01,0.03,0.0,0.8,May,1,1,1,1,Returning_Visitor,False,False
0,0.0,1,66.18,34,1388.95,0.0,0.02,0.79,0.0,May,2,2,2,4,Returning_Visitor,False,False
1,17.5,0,0.0,8,163.0,0.0,0.01,0.01,0.0,Mar,3,2,1,2,New_Visitor,True,False
0,0.0,0,0.0,8,205.75,0.01,0.05,0.0,0.0,Nov,2,2,3,1,Returning_Visitor,False,False
6,408.2,0,1.06,33,878.62,0.0,0.02,19.37,0.03,Dec,2,2,1,2,Returning_Visitor,False,True
4,220.33,1,70.5,34,3537.99,0.01,0.03,14.59,0.03,Mar,2,2,6,1,Returning_Visitor,False,False
0,58.16,0,0.0,7,1260.67,0.06,0.05,0.0,0.8,May,2,4,5,6,Returning_Visitor,False,False
10,111.54,4,226.0,68,1499.91,0.0,0.02,6.69,0.03,Dec,2,1,1,2,Returning_Visitor,False,True
5,200.5,0,0.0,49,837.42,0.0,0.01,28.16,0.0,May,2,2,1,2,New_Visitor,False,True
0,0.0,0,0.59,12,1331.0,0.02,0.04,0.01,0.6,May,2,2,3,1,Returning_Visitor,False,False
0,0.0,0,0.0,6,216.0,0.0,0.03,0.0,0.0,Mar,2,4,7,10,Returning_Visitor,False,False
0,0.0,0,0.0,4,30.5,0.0,0.04,0.0,0.0,Mar,2,4,3,3,Returning_Visitor,False,False
3,180.8,0,0.0,10,408.47,0.0,0.02,0.0,0.0,Aug,4,1,3,1,Returning_Visitor,True,False
1,18.0,2,80.14,34,1498.22,0.02,0.04,0.09,0.0,Nov,3,2,4,2,Returning_Visitor,False,False
0,0.0,0,0.0,22,325.75,0.0,0.03,0.0,0.0,Mar,2,10,7,2,Returning_Visitor,False,False
3,8.21,0,15.91,166,9666.86,0.0,0.02,29.35,0.04,Nov,2,2,1,2,Returning_Visitor,False,True
0,0.0,0,0.0,9,27.5,0.04,0.1,0.0,0.0,May,2,2,1,3,Returning_Visitor,False,False
7,98.8,0,0.0,5,315.03,0.02,0.03,0.12,0.0,May,3,2,2,5,New_Visitor,True,False
3,49.4,4,321.4,91,6418.82,0.02,0.05,13.84,0.0,Jul,2,2,1,1,Returning_Visitor,True,False
0,0.0,0,5.19,18,1489.54,0.01,0.04,0.0,0.0,Mar,1,1,1,2,Returning_Visitor,False,False
3,82.36,0,0.0,13,392.93,0.0,0.01,0.0,0.03,Nov,3,2,3,2,New_Visitor,False,False
2,94.6,0,12.69,42,1157.78,0.0,0.03,0.0,0.0,Oct,2,4,1,1,Returning_Visitor,True,False
3,80.96,0,0.0,34,725.33,0.01,0.02,0.01,0.0,Sep,2,2,6,13,Returning_Visitor,False,False
5,80.96,0,0.0,12,1463.13,0.02,0.03,0.0,0.03,Mar,2,2,3,2,Returning_Visitor,False,False
3,113.1,0,8.11,17,237.61,0.0,0.03,0.03,0.0,Oct,1,1,2,4,Returning_Visitor,False,True
5,109.83,1,37.0,38,1696.83,0.0,0.01,38.77,0.11,May,1,1,1,3,Returning_Visitor,False,False
3,66.76,0,0.0,11,267.9,0.0,0.0,0.0,0.0,Aug,2,2,7,2,New_Visitor,False,False
0,0.0,0,0.0,2,0.0,0.2,0.2,0.48,0.2,May,1,2,3,4,Returning_Visitor,False,False
0,0.81,0,0.0,40,1178.5,0.03,0.04,0.0,0.16,May,2,2,4,1,Returning_Visitor,False,False
3,561.5,2,64.88,33,4817.92,0.01,0.01,50.09,0.03,Nov,1,1,5,2,Returning_Visitor,False,True
0,0.0,0,0.94,5,44.5,0.0,0.04,0.0,0.0,Mar,1,1,3,1,Returning_Visitor,False,False
1,217.0,2,281.5,5,236.17,0.0,0.01,0.0,0.03,May,2,2,3,2,Returning_Visitor,False,False
0,0.0,0,0.0,23,383.0,0.03,0.04,0.0,0.0,May,1,1,1,4,Returning_Visitor,True,False
4,126.08,2,43.33,33,1395.45,0.02,0.04,48.66,0.03,Nov,3,2,1,10,Returning_Visitor,False,True
0,0.0,0,0.0,1,3.17,0.14,0.13,0.0,0.4,Feb,2,4,3,3,Returning_Visitor,False,False
0,0.0,0,0.0,4,135.5,0.0,0.07,0.0,0.0,Mar,2,2,3,14,Returning_Visitor,False,False
1,141.0,0,0.0,10,1495.2,0.01,0.03,39.07,0.0,Aug,2,5,7,2,Returning_Visitor,False,False
1,13.5,1,28.0,88,1759.28,0.0,0.02,0.0,0.03,Mar,2,2,1,2,Returning_Visitor,False,False
15,195.01,2,21.6,32,1718.39,0.0,0.01,0.0,0.0,Aug,3,2,1,2,Returning_Visitor,True,False
3,113.8,0,0.0,15,336.14,0.0,0.01,0.7,0.0,Nov,2,4,9,3,New_Visitor,False,False
0,0.0,0,0.83,2,12.0,0.0,0.13,2.01,0.0,Aug,2,10,2,6,Returning_Visitor,False,False
3,85.85,0,0.0,28,1485.26,0.01,0.02,17.46,0.0,Nov,3,2,3,1,Returning_Visitor,False,False
6,283.02,1,235.75,21,1338.93,0.0,0.01,0.0,0.0,Dec,2,2,7,1,Returning_Visitor,False,False
0,1.27,0,0.0,9,234.75,0.13,0.1,0.0,0.3,Nov,2,2,1,6,Returning_Visitor,False,False
10,87.54,0,0.0,12,1541.74,0.01,0.02,0.0,0.03,Nov,3,2,1,4,Returning_Visitor,True,False
6,174.75,1,123.0,33,773.26,0.0,0.02,34.12,0.0,Nov,2,2,1,2,Returning_Visitor,False,True
0,0.0,0,27.0,45,1506.7,0.02,0.04,0.0,0.0,Dec,2,2,7,1,Returning_Visitor,True,False
4,214.0,1,0.0,5,259.0,0.0,0.04,0.0,0.0,May,1,1,1,3,New_Visitor,True,False
3,80.43,0,0.0,31,5900.35,0.0,0.01,0.0,0.0,Mar,3,2,3,10,Returning_Visitor,False,False
3,0.0,0,3.11,29,488.41,0.01,0.04,0.01,0.03,Nov,1,8,1,11,New_Visitor,False,True
2,40.9,0,0.0,9,437.4,0.02,0.03,0.0,0.0,Mar,3,2,1,8,Returning_Visitor,True,False
3,76.15,0,0.0,67,1553.7,0.01,0.02,0.68,0.0,June,2,2,2,13,Returning_Visitor,False,False
3,138.0,1,136.0,54,2631.1,0.0,0.01,0.0,0.0,Mar,1,2,1,2,Returning_Visitor,False,False
1,9.0,1,29.5,73,1157.58,0.01,0.05,0.0,0.0,Nov,2,2,7,2,Returning_Visitor,False,False
4,60.4,0,0.0,7,207.6,0.0,0.03,30.85,0.0,Sep,2,2,7,3,Returning_Visitor,False,False
0,0.0,0,5.24,34,2606.78,0.01,0.02,0.0,0.0,Dec,2,2,3,2,Returning_Visitor,False,False
3,81.65,4,872.0,77,3909.62,0.0,0.02,9.85,0.0,May,2,2,3,3,Returning_Visitor,False,False
3,119.0,0,0.0,12,297.67,0.0,0.01,0.09,0.0,Mar,3,2,1,10,Returning_Visitor,False,False
0,451.28,10,19.16,130,2460.32,0.0,0.02,2.33,0.03,Nov,2,2,3,2,Returning_Visitor,False,True
3,54.6,2,22.13,44,1556.89,0.01,0.02,0.0,0.0,Oct,2,2,1,1,Returning_Visitor,False,False
0,2.63,0,0.0,36,1105.13,0.03,0.07,0.03,0.0,Dec,3,2,4,6,Returning_Visitor,False,False
0,0.0,0,0.0,1,0.0,0.14,0.2,0.0,0.03,Mar,2,2,1,1,Returning_Visitor,False,False
1,38.0,1,68.71,57,2931.58,0.0,0.02,0.0,0.58,May,3,2,4,2,Returning_Visitor,True,False
2,87.74,0,0.0,14,1492.15,0.0,0.05,0.07,0.0,June,2,2,3,13,Returning_Visitor,False,False
0,0.0,2,199.0,30,1501.47,0.01,0.04,0.01,0.0,Nov,2,2,3,2,New_Visitor,False,True
9,186.5,3,492.78,76,2002.23,0.0,0.02,0.0,0.03,Nov,2,2,1,2,Returning_Visitor,False,False
0,0.0,0,1.38,11,116.5,0.02,0.08,0.03,0.0,Dec,2,2,1,1,Returning_Visitor,False,False
0,2.23,0,0.9,17,1477.1,0.0,0.01,0.0,0.03,Mar,1,1,1,3,Returning_Visitor,False,False
2,98.0,0,18.78,44,2279.22,0.0,0.01,7.02,0.04,May,3,2,4,4,Returning_Visitor,False,False
3,87.92,1,2.72,35,1621.03,0.0,0.02,6.02,0.0,Dec,1,1,3,2,Returning_Visitor,False,False
4,39.06,2,84.1,43,1568.32,0.01,0.02,28.06,0.0,Nov,1,1,3,2,Returning_Visitor,True,False
10,317.63,0,131.55,38,3675.94,0.0,0.02,39.13,0.03,Dec,2,2,1,10,Returning_Visitor,True,True
3,11.31,0,2.82,27,889.0,0.02,0.07,0.0,0.0,May,4,1,3,3,Returning_Visitor,False,False
2,13.0,0,0.0,23,1481.79,0.07,0.1,0.0,0.0,Nov,2,2,3,1,Returning_Visitor,False,False
3,150.75,1,14.0,13,308.5,0.0,0.01,0.01,0.06,Mar,2,2,8,2,New_Visitor,True,False
1,7.5,0,0.0,19,216.17,0.04,0.06,0.0,0.6,May,2,5,1,3,Returning_Visitor,False,False
0,0.0,0,0.0,20,1066.17,0.0,0.01,0.0,0.8,May,2,4,4,2,Returning_Visitor,False,False
10,218.4,0,0.0,36,1489.7,0.0,0.02,48.93,0.0,May,2,2,1,2,Returning_Visitor,False,False
4,66.4,1,17.01,47,4031.56,0.0,0.01,0.0,0.03,Nov,2,2,9,2,Returning_Visitor,False,False
6,91.2,1,69.6,33,1618.23,0.0,0.02,9.23,0.0,Nov,2,2,1,6,Returning_Visitor,False,False
3,22.0,1,69.5,34,1503.96,0.0,0.02,0.0,0.0,Nov,2,2,1,2,Returning_Visitor,False,False
0,0.0,0,0.0,34,2981.17,0.0,0.01,0.03,0.04,Feb,2,4,4,4,Returning_Visitor,False,False
2,52.0,0,0.0,28,1265.75,0.01,0.04,4.2,0.0,May,2,2,8,1,Returning_Visitor,False,False
3,34.2,0,0.0,34,929.91,0.01,0.02,0.0,0.03,Mar,1,1,3,3,Returning_Visitor,False,False
0,56.35,0,1.24,2,0.0,0.14,0.2,0.0,0.05,May,2,2,2,3,Returning_Visitor,False,False
0,2.08,0,0.0,9,355.5,0.02,0.04,0.0,0.0,Nov,3,2,1,3,Returning_Visitor,False,False
0,0.0,0,0.0,5,375.0,0.0,0.04,0.0,0.0,Dec,1,1,3,10,Returning_Visitor,True,False
1,5.0,0,2.85,33,1492.13,0.0,0.01,8.44,0.0,Nov,2,2,1,1,Returning_Visitor,False,True
3,8.0,0,0.0,28,643.88,0.0,0.0,0.0,0.6,May,2,4,1,2,New_Visitor,True,False
6,86.04,0,0.0,25,434.67,0.0,0.01,0.06,0.0,May,2,2,1,2,New_Visitor,True,False
3,72.5,0,0.0,31,649.31,0.0,0.02,35.1,0.0,Nov,2,7,2,2,Returning_Visitor,True,True
1,127.38,0,0.0,14,183.33,0.0,0.01,0.0,0.03,Mar,2,2,3,10,Returning_Visitor,False,False
0,0.0,0,1.5,12,1484.22,0.02,0.05,0.0,0.03,Mar,1,1,6,3,Returning_Visitor,False,False
2,17.0,2,3.14,5,27.38,0.04,0.09,0.0,0.0,Nov,2,2,1,11,Returning_Visitor,True,False
3,92.54,1,86.0,33,413.72,0.0,0.01,15.4,0.0,May,1,1,7,3,Returning_Visitor,False,False
3,33.0,0,0.0,25,1720.0,0.0,0.02,60.29,0.0,Mar,2,5,3,1,Returning_Visitor,False,True
2,82.0,0,0.0,9,587.25,0.02,0.04,0.0,0.0,Dec,3,2,1,8,Returning_Visitor,True,False
24,117.62,5,625.5,37,1588.67,0.0,0.01,0.0,0.03,Mar,2,2,5,2,Returning_Visitor,False,False
0,0.0,0,0.42,12,195.25,0.02,0.03,0.05,0.0,Nov,3,1,3,10,Returning_Visitor,False,False
5,219.6,0,0.0,27,677.88,0.0,0.01,0.0,0.03,Dec,1,2,1,2,New_Visitor,True,False
10,130.55,4,192.91,18,1513.41,0.0,0.01,0.0,0.0,May,2,2,6,4,New_Visitor,False,False
0,0.0,0,0.0,4,157.5,0.0,0.05,0.0,0.0,Nov,2,4,9,2,Returning_Visitor,False,False
0,0.0,0,0.0,5,1486.83,0.0,0.02,0.02,0.0,Mar,3,2,1,3,Returning_Visitor,False,False
0,0.0,0,0.0,3,47.5,0.11,0.17,0.0,0.0,Nov,3,2,3,1,Returning_Visitor,False,False
0,158.82,0,0.0,3,236.83,0.0,0.07,0.05,0.0,Dec,1,1,4,3,Other,False,False
0,0.0,0,2.43,5,81.33,0.0,0.07,0.0,0.03,Dec,2,2,3,2,Returning_Visitor,False,False
19,739.19,0,34.93,114,4269.49,0.0,0.02,8.47,0.03,Nov,2,1,2,2,Returning_Visitor,False,False
0,0.0,0,0.0,25,1482.03,0.0,0.02,23.58,0.0,Nov,2,2,3,11,Returning_Visitor,False,True
0,0.0,0,0.0,20,1600.73,0.01,0.03,0.0,0.05,May,3,2,4,2,Returning_Visitor,True,False
0,0.0,0,0.0,1,0.0,0.2,0.14,0.02,0.0,Nov,3,2,1,1,Returning_Visitor,False,False
3,89.0,3,119.0,34,4270.14,0.0,0.03,0.0,0.0,Dec,2,2,1,1,Returning_Visitor,False,False
2,223.0,0,0.0,7,1480.5,0.02,0.04,0.0,0.0,May,1,1,1,1,Returning_Visitor,False,False
0,0.0,0,0.31,11,507.33,0.0,0.02,0.0,0.0,May,2,2,1,3,Returning_Visitor,False,False
4,190.5,3,423.5,30,2375.08,0.0,0.01,39.14,0.04,Dec,2,2,3,2,New_Visitor,False,True
1,23.0,0,0.0,27,1482.04,0.0,0.01,1.87,0.0,Mar,2,2,3,2,Returning_Visitor,False,False
2,0.0,0,11.47,137,12634.62,0.0,0.02,3.98,0.0,May,2,2,1,1,Returning_Visitor,False,False
0,0.0,0,0.0,26,2107.26,0.01,0.04,0.0,0.0,Dec,2,5,6,1,Returning_Visitor,False,False
7,186.1,0,0.0,32,906.3,0.01,0.03,20.92,0.0,May,2,2,1,1,Returning_Visitor,False,False
1,5.0,0,0.0,44,630.32,0.03,0.04,0.0,0.04,May,2,2,6,3,Returning_Visitor,False,False
0,0.0,2,66.0,27,875.5,0.0,0.02,0.0,0.03,May,4,1,1,2,Returning_Visitor,True,False
3,157.39,3,428.09,46,1624.94,0.01,0.02,0.0,0.03,Nov,3,2,3,3,Returning_Visitor,True,False
0,0.0,0,0.0,2,12.82,0.2,0.14,0.0,0.0,May,2,2,6,13,Returning_Visitor,False,False
0,0.0,0,0.0,6,60.79,0.05,0.1,0.0,0.0,Mar,2,4,3,1,Returning_Visitor,True,False
10,175.33,0,0.0,88,2638.24,0.01,0.02,8.28,0.05,Nov,1,1,8,10,Returning_Visitor,True,False
6,88.45,0,0.0,23,1478.39,0.0,0.03,8.41,0.03,Oct,2,2,1,2,Returning_Visitor,False,False
1,0.0,0,0.0,16,1296.6,0.02,0.03,13.28,0.0,Mar,3,2,4,2,Returning_Visitor,False,True
0,59.5,1,80.58,44,5604.98,0.0,0.02,5.34,0.03,May,2,7,1,1,Returning_Visitor,False,True
0,0.0,0,0.0,34,1486.68,0.0,0.02,0.0,0.03,Nov,2,2,1,10,Returning_Visitor,False,False
4,39.8,0,0.0,9,132.4,0.0,0.01,1.44,0.0,Mar,2,2,1,5,New_Visitor,False,True
5,310.0,1,73.0,16,416.4,0.0,0.01,0.0,0.0,Mar,1,1,1,2,Returning_Visitor,True,False
1,85.58,0,0.0,4,65.0,0.0,0.04,0.0,0.03,Mar,2,4,3,1,Returning_Visitor,False,False
5,205.39,2,135.0,34,517.39,0.0,0.01,30.27,0.0,May,2,2,4,2,New_Visitor,True,True
5,166.33,1,0.0,35,1869.45,0.0,0.01,0.0,0.03,May,2,4,8,2,Returning_Visitor,False,True
9,228.92,1,40.73,64,817.02,0.0,0.01,38.26,0.03,May,2,2,3,4,Returning_Visitor,True,False
3,44.0,0,0.0,34,1636.02,0.0,0.02,0.0,0.0,Mar,2,6,1,1,Returning_Visitor,False,False
14,493.74,0,0.33,29,443.5,0.0,0.03,0.0,0.0,Oct,2,2,1,3,Returning_Visitor,False,False
0,0.0,0,21.97,120,3480.81,0.0,0.02,0.0,0.03,Nov,4,2,1,1,Returning_Visitor,False,True
3,29.82,0,0.0,14,278.43,0.01,0.03,32.7,0.0,Jul,2,2,6,1,Returning_Visitor,False,True
2,16.0,0,0.0,29,1412.5,0.01,0.05,0.0,0.03,May,2,2,6,13,Returning_Visitor,False,False
7,228.25,0,0.0,39,968.09,0.02,0.02,7.5,0.0,Nov,1,1,1,1,Returning_Visitor,False,False
0,33.96,3,103.17,21,1586.33,0.01,0.03,0.0,0.0,May,3,2,1,2,Returning_Visitor,False,False
13,1230.33,7,286.08,33,3147.25,0.01,0.03,1.6,0.03,Dec,1,1,1,2,Returning_Visitor,False,True
3,48.0,1,58.5,35,1503.79,0.01,0.01,93.53,0.0,Nov,4,1,1,2,Returning_Visitor,True,True
3,81.85,0,0.0,25,1040.75,0.0,0.02,0.0,0.0,Mar,4,1,1,2,Returning_Visitor,True,False
4,127.88,0,0.0,11,477.72,0.0,0.0,5.63,0.04,May,2,2,6,2,New_Visitor,True,False
0,0.0,0,0.0,34,433.68,0.01,0.06,0.0,0.8,May,2,2,8,3,Returning_Visitor,False,False
0,0.0,0,0.0,6,44.0,0.14,0.1,0.0,0.0,May,3,2,1,15,Returning_Visitor,False,False
3,82.4,0,0.0,32,281.67,0.01,0.02,0.0,0.0,May,1,1,3,4,Returning_Visitor,False,False
3,36.5,0,0.0,13,295.9,0.0,0.01,0.0,0.0,May,3,2,9,4,Returning_Visitor,True,False
3,120.7,0,0.0,5,205.33,0.0,0.02,0.0,0.0,Oct,2,2,1,5,New_Visitor,False,False
3,16.0,0,9.32,43,1489.39,0.02,0.02,0.01,0.03,Nov,1,1,1,3,Returning_Visitor,False,False
1,445.35,0,9.77,114,2091.04,0.01,0.04,7.22,0.0,Oct,3,2,1,2,Returning_Visitor,False,False
0,0.0,0,1.11,6,116.75,0.0,0.07,0.0,0.0,Nov,3,2,1,10,Returning_Visitor,True,False
14,272.5,2,52.25,55,1127.29,0.0,0.01,0.0,0.0,Mar,3,2,7,1,Returning_Visitor,False,False
0,0.0,0,7.41,13,721.42,0.0,0.01,0.0,0.0,Nov,2,2,1,8,New_Visitor,True,False
0,0.0,0,35.0,34,782.08,0.0,0.01,23.03,0.0,May,2,4,9,2,New_Visitor,False,True
0,1.29,0,2.12,6,227.56,0.0,0.02,0.29,0.0,Mar,3,2,8,2,Returning_Visitor,False,False
2,137.0,0,0.0,33,185.4,0.0,0.04,39.17,0.0,Oct,2,2,3,4,Returning_Visitor,False,True
3,18.0,0,9.41,24,1332.25,0.0,0.01,0.0,0.0,Dec,2,2,1,2,New_Visitor,False,False
5,84.17,0,2.68,11,1492.02,0.0,0.01,0.05,0.0,Nov,3,2,3,8,New_Visitor,False,False
0,0.71,0,3.32,11,183.0,0.0,0.01,0.0,0.0,Dec,2,4,4,1,Returning_Visitor,False,False
11,1305.11,0,629.51,27,1161.48,0.01,0.02,12.76,0.0,Oct,1,1,3,20,Returning_Visitor,False,True
9,1751.05,3,2.54,22,1552.55,0.01,0.07,4.28,0.03,May,2,4,2,3,Returning_Visitor,False,False
2,85.63,1,7.0,3,23.0,0.07,0.07,0.0,0.0,Dec,3,2,1,8,Returning_Visitor,False,False
1,101.62,0,9.08,140,7097.58,0.0,0.01,21.89,0.03,Nov,2,2,3,13,Returning_Visitor,False,True
0,386.0,0,25.0,31,2725.0,0.01,0.02,0.0,0.0,May,2,6,2,3,Returning_Visitor,True,False
10,493.75,0,0.0,22,1525.0,0.01,0.02,25.0,0.0,Dec,3,2,1,1,Returning_Visitor,True,True
3,23.0,2,10.17,34,1311.07,0.0,0.02,0.0,1.0,May,3,2,1,3,Returning_Visitor,True,False
1,29.2,0,0.0,20,75.6,0.0,0.03,0.0,0.0,Mar,1,1,4,3,New_Visitor,True,False
7,99.79,0,0.0,20,1486.08,0.0,0.03,0.0,0.0,Oct,2,2,1,3,Returning_Visitor,False,False
2,161.2,0,0.0,7,555.4,0.02,0.06,21.09,0.0,Aug,3,2,2,1,Returning_Visitor,False,False
0,6.33,0,0.0,17,806.67,0.0,0.03,0.0,0.03,Mar,2,2,2,3,Returning_Visitor,False,False
6,192.5,0,0.0,106,3000.67,0.0,0.01,0.0,0.0,Mar,2,2,3,2,Returning_Visitor,False,False
0,0.0,0,9.94,94,9836.07,0.01,0.03,0.0,0.03,Sep,2,2,1,1,Returning_Visitor,False,False
0,0.0,0,0.0,1,0.0,0.2,0.2,0.02,0.0,May,2,2,1,1,Returning_Visitor,False,False
0,0.0,0,5.87,2,19.0,0.0,0.02,0.02,0.0,Mar,2,2,3,11,Returning_Visitor,True,False
6,191.0,1,26.5,37,1874.84,0.02,0.01,0.0,0.0,Nov,2,2,4,3,Returning_Visitor,False,False
0,0.0,0,0.0,1,4.5,0.2,0.2,0.0,0.0,Mar,3,2,1,1,Returning_Visitor,False,False
0,0.65,0,0.0,25,317.5,0.02,0.03,0.0,0.0,May,2,2,5,6,Returning_Visitor,False,False
1,53.75,0,0.0,35,1130.81,0.02,0.02,0.0,0.03,Dec,3,2,1,2,Returning_Visitor,False,False
1,77.43,0,0.0,21,1342.5,0.0,0.02,0.16,0.0,May,3,2,2,2,Returning_Visitor,False,False
0,0.0,0,0.0,3,208.08,0.0,0.07,0.0,0.0,Nov,2,4,3,1,Returning_Visitor,False,False
0,86.0,0,0.0,26,1197.67,0.0,0.01,0.0,0.0,May,2,10,2,5,Returning_Visitor,False,False
0,0.0,0,0.0,2,70.0,0.0,0.1,0.01,0.0,May,1,1,1,4,Returning_Visitor,True,False
4,91.0,0,72.46,69,3596.93,0.0,0.01,0.0,0.07,May,1,1,1,3,Returning_Visitor,False,False
3,94.49,0,0.0,34,937.81,0.0,0.04,0.0,0.0,Jul,3,2,6,1,Returning_Visitor,False,False
2,5.61,1,0.0,15,181.5,0.01,0.05,0.0,0.04,May,2,5,3,3,Returning_Visitor,False,False
1,0.0,0,0.0,13,238.17,0.0,0.01,0.0,0.0,Mar,2,2,2,2,Returning_Visitor,False,False
3,92.83,1,523.75,8,1299.51,0.02,0.07,0.0,0.0,Nov,1,1,1,3,Returning_Visitor,False,False
6,0.0,0,0.0,12,582.5,0.0,0.01,0.0,0.0,May,2,4,4,2,New_Visitor,True,False
0,0.0,0,0.0,5,127.5,0.04,0.06,0.0,0.0,Nov,3,2,1,3,Returning_Visitor,False,False
0,1.22,0,1.12,11,800.83,0.0,0.0,0.0,0.0,Dec,3,2,3,3,Returning_Visitor,False,False
0,9.57,0,0.4,17,391.87,0.0,0.04,0.02,1.0,May,2,2,1,1,Returning_Visitor,True,False
0,0.0,0,0.0,3,215.18,0.0,0.02,0.15,0.03,May,4,1,1,6,Returning_Visitor,True,False
1,22.2,0,0.0,27,1390.43,0.0,0.01,28.96,0.03,Mar,2,2,7,3,New_Visitor,False,False
0,25.65,0,0.0,2,100.29,0.07,0.13,0.0,0.0,Nov,1,1,2,3,New_Visitor,False,False
3,54.8,1,63.18,34,1564.25,0.0,0.01,39.12,0.0,June,2,2,1,4,Returning_Visitor,False,True
0,0.0,0,0.0,12,1484.42,0.0,0.02,51.18,0.04,May,2,2,1,2,Returning_Visitor,False,True
1,0.0,0,0.0,15,1999.83,0.01,0.02,0.0,0.0,May,2,10,7,4,Returning_Visitor,False,False
0,0.0,0,0.0,23,825.33,0.0,0.0,50.41,0.0,Aug,2,2,8,4,Returning_Visitor,False,True
8,359.0,1,16.0,19,851.5,0.0,0.02,0.0,0.0,May,2,4,2,3,Returning_Visitor,False,False
0,76.01,0,0.0,5,197.0,0.0,0.04,0.0,0.0,May,2,2,7,3,Returning_Visitor,True,False
0,0.0,0,0.0,34,762.55,0.0,0.02,0.01,0.0,Mar,2,2,1,3,Returning_Visitor,True,False
3,61.27,0,0.0,10,305.32,0.0,0.01,0.0,0.0,Sep,3,2,1,2,Returning_Visitor,False,False
0,0.99,0,0.0,12,194.0,0.0,0.02,0.0,0.0,Mar,2,2,1,1,Returning_Visitor,False,False
1,76.75,0,166.52,33,1356.46,0.0,0.02,0.0,0.0,Nov,2,2,1,10,Returning_Visitor,True,False
0,5.15,0,8.95,34,1487.91,0.0,0.0,0.0,0.03,Dec,2,2,1,2,New_Visitor,False,False
0,6.12,0,0.0,17,584.33,0.0,0.02,12.59,0.03,Nov,2,2,3,8,Returning_Visitor,False,False
1,128.0,2,136.17,13,1506.68,0.0,0.02,0.0,0.03,Mar,2,2,8,4,Returning_Visitor,True,False
4,93.44,0,0.0,15,344.8,0.02,0.05,0.0,0.0,Oct,3,2,1,4,Returning_Visitor,True,False
5,102.98,0,0.0,10,177.58,0.0,0.01,0.0,0.0,Nov,4,2,7,2,Returning_Visitor,False,False
0,0.0,0,0.62,2,58.61,0.0,0.1,0.03,0.0,Mar,1,1,1,1,Returning_Visitor,False,False
3,38.5,1,308.0,14,582.0,0.0,0.02,0.0,0.0,May,2,2,2,13,Returning_Visitor,True,False
3,38.5,0,2.53,4,166.9,0.0,0.0,0.0,0.0,Aug,3,2,3,4,New_Visitor,False,False
3,16.2,0,0.0,6,60.6,0.03,0.04,0.0,0.0,Nov,2,4,1,3,Returning_Visitor,False,True
3,34.0,1,1530.0,97,3989.49,0.0,0.03,12.93,0.0,Nov,2,2,1,2,Returning_Visitor,True,False
2,77.0,0,3.33,6,112.0,0.01,0.03,0.0,0.04,Mar,1,1,2,2,Returning_Visitor,True,False
0,3.45,0,0.0,35,2352.17,0.0,0.01,0.0,0.0,Nov,2,2,6,2,New_Visitor,False,False
10,334.17,1,119.79,31,4817.37,0.0,0.01,11.97,0.0,Nov,2,2,9,2,Returning_Visitor,False,False
0,0.0,0,0.0,34,1192.8,0.02,0.04,0.0,0.0,May,2,2,3,4,Returning_Visitor,False,False
1,17.0,0,0.0,22,399.8,0.02,0.04,0.0,0.0,Mar,2,5,7,1,Returning_Visitor,False,False
0,0.0,0,0.0,8,330.75,0.0,0.03,0.0,0.0,Nov,2,4,9,2,New_Visitor,False,False
4,667.25,0,0.0,37,1629.99,0.01,0.01,0.01,0.0,Jul,3,2,1,2,Returning_Visitor,True,False
0,0.0,0,0.0,8,450.0,0.0,0.03,0.02,0.0,Mar,4,1,3,3,Returning_Visitor,True,False
1,0.0,0,14.75,56,3543.81,0.0,0.02,0.0,0.03,Sep,2,2,5,1,Returning_Visitor,False,False
0,0.0,0,0.0,15,1486.41,0.04,0.13,0.0,0.08,May,2,2,1,3,Returning_Visitor,False,False
3,52.9,0,0.0,6,278.58,0.0,0.01,26.18,0.0,June,1,1,6,2,New_Visitor,False,False
1,35.74,0,0.0,8,480.0,0.0,0.03,38.98,0.0,Dec,1,1,2,3,New_Visitor,True,True
0,0.0,0,0.0,11,153.75,0.03,0.14,0.01,0.0,May,3,2,2,3,Returning_Visitor,False,False
0,0.0,0,0.0,26,1114.73,0.02,0.03,26.13,0.04,Nov,3,2,9,20,Returning_Visitor,False,False
2,73.75,0,7.03,20,1523.5,0.0,0.0,0.0,0.0,Oct,2,2,1,2,Returning_Visitor,False,False
3,96.5,0,0.0,8,323.5,0.0,0.02,0.0,0.0,Dec,1,1,6,2,Returning_Visitor,False,False
3,83.87,0,0.87,34,1498.78,0.0,0.03,29.46,0.0,Aug,4,1,1,1,Returning_Visitor,False,False
0,0.0,0,0.86,4,202.52,0.05,0.14,0.02,0.0,Nov,3,2,4,3,Returning_Visitor,False,False
3,343.07,0,4.84,63,1108.37,0.0,0.0,7.83,0.03,Aug,2,10,1,2,Returning_Visitor,False,True
0,0.71,0,16.17,11,207.17,0.04,0.04,0.02,0.6,May,2,2,7,11,Returning_Visitor,False,False
0,24.87,0,9.59,5,88.5,0.0,0.03,0.09,0.0,Nov,3,2,1,3,Returning_Visitor,True,False
0,5.14,0,0.0,14,276.35,0.0,0.01,0.01,0.0,Dec,1,1,1,2,Returning_Visitor,False,False
7,350.6,0,406.92,68,2435.74,0.0,0.02,0.02,0.0,Dec,1,1,3,2,New_Visitor,False,False
4,201.0,0,0.0,94,3646.08,0.01,0.02,66.57,0.0,Nov,2,2,4,2,Returning_Visitor,False,False
3,93.5,0,3.26,127,2186.15,0.0,0.0,32.14,0.03,Nov,2,2,1,1,New_Visitor,False,False
0,0.0,0,0.0,36,576.83,0.0,0.02,0.0,0.0,May,4,1,1,2,Returning_Visitor,False,False
3,81.14,0,0.0,13,626.6,0.0,0.01,0.0,0.0,Nov,2,2,5,2,Returning_Visitor,True,False
2,0.0,0,0.0,11,1209.76,0.0,0.01,0.0,0.03,May,2,4,3,1,Returning_Visitor,True,False
8,481.38,5,279.5,34,1088.83,0.0,0.01,11.48,0.04,Mar,3,2,1,8,Returning_Visitor,False,True
0,0.0,0,0.0,34,573.75,0.0,0.02,0.0,0.0,Nov,3,2,8,2,New_Visitor,False,False
0,0.0,0,0.0,5,98.33,0.03,0.04,0.01,0.06,May,1,1,1,3,Returning_Visitor,False,False
2,51.0,2,99.5,35,1475.27,0.01,0.02,38.67,0.0,May,2,4,2,4,Returning_Visitor,True,True
3,85.4,0,3.89,10,412.08,0.0,0.02,0.05,0.0,Dec,3,2,1,2,New_Visitor,False,False
9,183.79,1,103.13,61,3346.5,0.0,0.02,5.59,0.03,Nov,3,2,2,3,Returning_Visitor,False,True
2,167.4,0,0.0,8,191.15,0.0,0.02,0.0,0.0,Oct,1,1,1,2,New_Visitor,False,False
3,294.7,6,329.5,59,2816.78,0.0,0.02,2.35,0.03,Mar,3,2,4,1,Returning_Visitor,False,False
6,157.88,3,7.6,28,2104.57,0.01,0.01,35.52,0.0,Nov,2,2,5,2,Returning_Visitor,False,False
2,97.0,0,8.16,34,1502.83,0.0,0.01,0.0,0.0,May,1,1,1,2,Returning_Visitor,False,False
2,26.67,0,5.87,23,2619.11,0.02,0.02,0.0,0.0,Oct,1,1,3,4,Returning_Visitor,True,False
0,0.0,0,12.94,15,1495.37,0.0,0.01,0.01,0.0,Nov,3,2,1,2,Returning_Visitor,True,False
3,83.34,0,0.0,7,441.0,0.02,0.04,0.0,0.04,May,2,2,1,4,Returning_Visitor,False,False
1,159.2,0,0.0,21,526.5,0.0,0.01,0.0,0.0,Aug,3,2,1,1,Returning_Visitor,True,False
10,242.63,4,23.0,47,1501.75,0.03,0.04,5.19,0.0,Sep,1,1,1,2,Returning_Visitor,False,False
1,91.05,0,0.0,0,0.0,0.0,0.04,0.87,0.0,Oct,3,5,1,5,Returning_Visitor,False,False
0,0.0,0,0.0,10,172.5,0.01,0.04,0.0,0.03,Mar,2,2,3,6,Returning_Visitor,False,False
0,0.0,0,0.0,7,161.5,0.11,0.14,0.0,0.05,Dec,1,1,4,3,Returning_Visitor,True,False
1,80.82,0,0.0,18,297.5,0.03,0.04,0.03,0.0,Oct,2,2,3,2,Returning_Visitor,False,False
9,83.02,0,0.0,35,1506.3,0.0,0.01,4.7,0.0,Jul,3,2,8,1,Returning_Visitor,True,False
0,0.0,0,0.0,11,490.83,0.0,0.05,0.0,0.0,Dec,3,2,6,2,New_Visitor,False,False
0,0.0,2,139.35,34,1471.79,0.0,0.02,0.0,0.0,Nov,2,2,1,10,Returning_Visitor,False,False
3,53.17,0,0.0,11,263.6,0.0,0.0,0.0,0.0,Mar,3,2,1,9,Returning_Visitor,False,False
6,81.92,0,0.0,12,1576.98,0.0,0.01,0.03,0.03,Nov,2,2,4,2,New_Visitor,True,False
0,0.0,0,1.14,34,916.62,0.01,0.03,0.0,0.0,Dec,2,2,1,1,Returning_Visitor,False,False
1,4.0,0,0.0,11,464.05,0.02,0.06,0.01,0.04,Nov,2,5,9,5,Returning_Visitor,False,False
0,17.47,0,0.0,1,3.45,0.2,0.2,0.0,0.2,Feb,2,4,1,3,Returning_Visitor,False,False
4,242.12,3,176.0,10,982.91,0.0,0.02,0.0,0.0,Nov,2,2,7,2,Returning_Visitor,False,False
1,41.0,0,0.0,6,68.5,0.0,0.03,0.0,0.04,May,1,1,1,2,Returning_Visitor,False,False
5,65.0,0,0.0,48,1142.67,0.0,0.01,0.0,0.04,May,2,5,7,3,Returning_Visitor,False,False
0,0.0,0,0.0,2,1.0,0.0,0.13,0.01,0.0,Mar,2,2,2,1,Returning_Visitor,False,False
1,4.0,0,0.74,62,3000.25,0.02,0.03,0.01,0.09,May,2,2,4,1,Returning_Visitor,False,False
4,165.0,0,2.26,35,1058.19,0.0,0.02,0.0,0.0,May,2,2,1,1,Returning_Visitor,False,False
2,56.0,1,144.0,67,2563.78,0.0,0.01,19.34,0.0,Mar,2,2,4,2,New_Visitor,False,True
0,0.0,0,6.07,34,390.77,0.0,0.03,0.0,0.0,Nov,1,1,3,3,New_Visitor,True,False
0,0.0,2,38.25,51,2767.98,0.0,0.03,0.0,0.0,Dec,2,5,1,2,Returning_Visitor,False,False
8,246.53,0,0.0,35,2150.43,0.01,0.02,39.02,0.03,Nov,1,1,1,2,Returning_Visitor,False,False
3,112.33,0,23.76,36,1630.71,0.01,0.03,8.9,0.03,May,2,2,3,1,Returning_Visitor,False,False
1,89.0,1,7.82,29,1516.89,0.0,0.01,0.0,0.2,May,3,2,1,2,Returning_Visitor,False,False
0,0.0,0,0.0,2,68.0,0.0,0.1,0.04,0.0,Feb,3,2,3,3,Returning_Visitor,False,False
4,117.32,4,69.22,230,6978.61,0.02,0.04,0.0,0.03,Jul,2,2,6,1,Returning_Visitor,False,False
1,1.18,0,0.0,34,463.33,0.04,0.04,0.0,0.0,May,2,5,1,1,Returning_Visitor,False,False
3,103.0,0,0.0,29,630.33,0.01,0.02,0.0,0.0,Sep,2,2,6,1,Returning_Visitor,False,False
3,82.83,0,0.0,31,1359.97,0.0,0.01,0.0,0.03,Mar,2,2,3,2,New_Visitor,True,False
4,302.0,0,0.0,35,675.38,0.0,0.0,0.0,0.0,Dec,2,2,1,2,Returning_Visitor,True,False
0,0.0,0,0.0,7,242.75,0.0,0.05,0.0,0.0,Nov,3,2,3,11,Returning_Visitor,True,False
3,48.88,0,0.0,7,460.75,0.02,0.04,0.0,0.0,Dec,3,2,3,2,Returning_Visitor,False,False
0,0.0,0,0.0,18,211.42,0.03,0.06,0.92,0.0,Nov,2,2,5,3,Returning_Visitor,True,False
5,93.11,0,0.0,16,423.5,0.01,0.01,0.01,0.0,Aug,3,2,1,3,Returning_Visitor,True,False
3,94.6,0,0.0,23,3006.13,0.0,0.04,0.0,0.0,Jul,2,2,1,2,New_Visitor,False,False
2,83.28,0,0.0,20,918.08,0.0,0.01,0.01,0.03,Dec,1,1,2,2,Returning_Visitor,False,False
2,89.57,0,0.0,13,77.0,0.01,0.03,0.02,0.0,Mar,2,2,9,1,Returning_Visitor,False,False
3,69.6,0,0.0,9,199.13,0.0,0.01,0.03,0.03,Jul,1,1,1,2,New_Visitor,False,False
0,10.62,0,0.0,34,281.93,0.0,0.02,0.0,0.8,May,2,2,4,4,Returning_Visitor,False,False
0,1.78,0,0.0,8,221.05,0.0,0.05,36.26,0.0,Oct,2,2,3,1,Returning_Visitor,False,True
0,0.81,0,0.0,7,60.0,0.0,0.04,0.1,0.0,May,2,2,5,4,Returning_Visitor,False,False
0,6.64,0,0.0,2,0.0,0.01,0.2,0.04,0.0,May,3,2,2,19,Returning_Visitor,True,False
1,15.9,0,2.8,55,1933.42,0.0,0.02,0.0,0.0,Nov,2,2,1,2,Returning_Visitor,False,False
0,0.0,0,0.0,18,1485.98,0.04,0.06,0.0,0.0,May,2,2,3,4,Returning_Visitor,False,False
0,1.51,0,0.0,28,1484.07,0.01,0.03,0.0,0.0,Feb,1,1,4,3,Returning_Visitor,False,False
0,0.77,0,0.0,11,751.5,0.03,0.02,0.0,0.0,May,2,2,1,13,Returning_Visitor,False,False
0,0.0,0,0.0,4,6.99,0.14,0.2,0.0,0.0,Mar,2,2,3,1,Returning_Visitor,False,False
0,2.05,0,0.0,19,1487.66,0.01,0.0,0.0,0.0,Mar,1,1,8,2,New_Visitor,False,False
0,0.0,0,7.87,42,922.3,0.02,0.03,0.0,0.0,Aug,3,2,8,2,Returning_Visitor,False,False
2,124.09,0,7.6,47,1540.88,0.01,0.03,21.24,0.0,Dec,2,2,1,2,New_Visitor,False,False
3,0.0,0,0.0,61,4501.43,0.01,0.04,0.0,0.2,May,4,1,3,2,Returning_Visitor,False,False
0,1.47,0,0.0,6,210.76,0.0,0.04,0.0,0.0,May,2,2,9,2,Returning_Visitor,False,False
3,14.2,1,26.2,3,25.2,0.04,0.04,0.08,0.0,Nov,6,2,4,2,Returning_Visitor,False,False
0,0.0,0,0.0,5,75.0,0.03,0.08,0.0,0.0,Dec,2,2,7,1,Returning_Visitor,True,False
0,0.0,0,0.0,6,124.0,0.0,0.03,0.0,0.0,May,3,2,1,4,Returning_Visitor,True,False
6,302.0,0,0.0,18,1428.68,0.0,0.02,0.0,0.0,Mar,1,1,1,9,Returning_Visitor,True,False
4,20.2,0,0.0,35,3107.17,0.0,0.02,18.75,0.0,Sep,2,2,7,1,Returning_Visitor,False,True
0,0.0,0,0.0,1,0.0,0.2,0.2,0.0,0.03,Nov,3,2,1,3,Returning_Visitor,False,False
6,70.5,2,9.0,33,2852.0,0.02,0.04,0.0,0.0,May,2,2,9,3,Returning_Visitor,False,False
4,177.33,1,69.6,29,402.62,0.0,0.01,0.0,0.0,May,1,1,3,5,New_Visitor,False,False
0,0.0,0,0.24,4,62.3,0.0,0.08,0.0,0.04,May,2,2,1,4,Returning_Visitor,False,False
0,0.0,0,1.46,41,1271.33,0.03,0.04,0.0,0.4,May,2,2,1,13,Returning_Visitor,False,False
3,64.5,0,0.0,17,804.77,0.0,0.01,0.0,0.0,Nov,2,2,1,2,Returning_Visitor,False,False
3,93.4,0,0.0,38,689.65,0.0,0.01,34.49,0.03,Oct,2,2,6,2,New_Visitor,True,True
2,704.87,0,7.67,124,9487.64,0.0,0.01,2.87,0.03,May,2,2,1,2,Returning_Visitor,False,False
3,158.33,1,9.0,32,1512.8,0.0,0.01,0.0,0.03,Mar,3,2,8,1,Returning_Visitor,True,False
3,42.4,0,1.11,34,331.89,0.0,0.0,0.0,0.0,Aug,2,2,8,1,Returning_Visitor,True,False
5,209.2,0,1.65,18,1504.32,0.01,0.04,0.0,0.0,Aug,1,1,1,1,Returning_Visitor,False,False
0,3.21,0,0.0,5,361.02,0.1,0.09,0.0,0.0,Mar,3,2,1,1,Returning_Visitor,False,False
0,0.0,0,0.0,13,399.5,0.0,0.01,0.0,1.0,May,3,1,5,1,Returning_Visitor,True,False
5,81.21,2,33.0,93,2720.27,0.01,0.04,0.0,0.03,Nov,3,2,4,2,Returning_Visitor,True,False
0,2.9,0,0.0,6,1486.08,0.03,0.03,0.0,0.0,May,2,2,1,1,Returning_Visitor,False,False
3,248.5,0,0.0,11,456.67,0.0,0.0,0.03,0.0,Mar,3,2,4,2,New_Visitor,False,False
0,0.0,0,0.0,3,80.0,0.07,0.13,0.0,0.2,Feb,3,2,1,3,Returning_Visitor,False,False
2,0.0,0,49.89,105,5728.67,0.0,0.02,0.0,0.03,Nov,2,2,1,2,Returning_Visitor,False,False
10,163.43,0,0.0,34,1077.51,0.0,0.01,0.0,0.0,Nov,2,2,5,2,Returning_Visitor,False,False
8,82.25,0,0.0,32,1206.83,0.01,0.01,19.28,0.0,Nov,2,2,1,2,Returning_Visitor,False,True
3,315.33,1,141.5,42,3009.09,0.0,0.03,0.0,0.0,Nov,1,1,1,2,Returning_Visitor,False,False
1,81.32,0,0.0,61,1423.97,0.01,0.02,8.0,0.8,May,2,2,7,4,Returning_Visitor,False,False
0,0.0,0,0.0,6,97.33,0.0,0.04,0.01,0.0,Mar,1,2,1,2,Returning_Visitor,True,False
3,81.83,0,0.0,20,1171.33,0.0,0.02,0.0,0.0,May,3,2,2,4,Returning_Visitor,True,False
3,61.0,0,2.91,117,1569.87,0.0,0.01,49.95,0.04,May,2,2,1,3,Returning_Visitor,False,False
0,0.0,0,1.87,5,74.5,0.0,0.08,0.0,0.08,May,1,1,1,3,Returning_Visitor,False,False
0,0.0,0,0.0,53,715.5,0.03,0.04,0.0,1.0,May,2,2,7,3,Returning_Visitor,True,False
0,0.0,2,62.96,35,531.04,0.0,0.03,0.0,0.03,Dec,4,2,1,3,Returning_Visitor,False,False
1,126.65,2,28.0,20,929.33,0.0,0.02,0.01,0.03,Dec,2,2,1,2,Returning_Visitor,False,False
0,0.0,1,68.5,25,1494.8,0.01,0.04,0.0,0.0,Nov,2,2,3,2,Returning_Visitor,False,False
3,97.0,0,0.0,6,59.0,0.0,0.01,0.23,0.03,May,2,2,6,6,New_Visitor,False,False
3,82.43,1,12.0,13,96.0,0.0,0.04,0.06,0.0,Mar,2,2,8,4,Returning_Visitor,True,False
1,64.33,1,13.0,27,1433.92,0.0,0.02,1.65,0.0,Mar,1,4,1,8,New_Visitor,False,True
0,7.97,0,0.0,1,0.0,0.13,0.13,0.0,0.0,Mar,2,2,2,3,Returning_Visitor,False,False
3,49.5,0,0.0,22,458.25,0.02,0.04,0.0,0.0,Nov,1,1,1,3,Returning_Visitor,False,False
10,215.24,1,214.79,101,3558.58,0.0,0.02,30.87,0.06,Sep,3,2,1,2,Returning_Visitor,True,True
0,0.0,0,0.0,50,694.52,0.01,0.02,0.0,0.0,Dec,2,4,1,1,Returning_Visitor,False,False
0,0.0,0,0.0,9,1488.98,0.03,0.01,0.01,0.0,Mar,3,2,2,3,Returning_Visitor,True,False
0,10.86,0,0.0,37,1234.53,0.0,0.02,0.0,0.0,Dec,1,2,5,3,Returning_Visitor,False,False
10,499.49,4,274.1,27,393.3,0.0,0.02,3.93,0.0,Sep,2,2,1,4,Returning_Visitor,False,True
0,0.0,0,0.0,2,2.66,0.0,0.1,0.0,0.0,Dec,1,1,1,10,Returning_Visitor,False,False
1,0.0,1,60.5,31,1038.92,0.02,0.04,13.1,0.0,Mar,2,2,6,1,Returning_Visitor,False,True
0,0.0,0,0.0,15,216.0,0.02,0.04,0.07,1.0,May,2,2,8,1,Returning_Visitor,True,False
3,131.5,2,124.34,35,3541.32,0.01,0.02,0.0,0.0,Nov,3,2,1,2,Returning_Visitor,False,False
3,45.5,0,4.48,43,1738.25,0.01,0.04,0.01,0.0,May,2,5,7,3,Returning_Visitor,False,False
0,0.0,0,0.0,4,0.0,0.2,0.2,0.0,0.03,Nov,3,2,1,13,Returning_Visitor,False,False
3,135.5,0,10.42,86,2106.89,0.0,0.01,0.01,0.0,Nov,2,2,3,2,Returning_Visitor,False,False
3,187.83,0,4.11,36,1551.64,0.0,0.01,3.63,0.03,Mar,1,1,1,10,Returning_Visitor,False,True
1,52.4,0,8.89,33,447.2,0.0,0.01,42.3,0.0,Aug,2,1,1,20,New_Visitor,True,True
3,49.5,0,0.0,34,1570.36,0.01,0.03,1.82,0.0,Nov,3,2,1,10,Returning_Visitor,False,True
2,319.0,1,202.78,33,1482.09,0.0,0.01,16.07,0.6,May,2,4,7,2,Returning_Visitor,False,True
0,0.0,2,39.4,6,169.97,0.01,0.02,0.0,0.04,May,2,2,1,2,Returning_Visitor,True,False
9,551.79,4,124.2,31,5579.32,0.0,0.02,0.0,0.0,Nov,2,2,5,2,New_Visitor,False,False
0,0.0,0,0.0,6,305.45,0.0,0.05,0.02,0.0,May,2,2,1,5,New_Visitor,False,False
3,152.6,0,0.0,28,608.88,0.0,0.03,19.83,0.03,Jul,2,2,7,13,Returning_Visitor,False,True
3,22.2,0,0.0,2,2117.23,0.0,0.04,0.0,0.0,Sep,2,2,2,2,New_Visitor,True,False
2,59.0,0,0.0,3,58.45,0.01,0.06,0.0,0.0,May,1,1,6,8,New_Visitor,False,False
3,0.0,0,12.63,35,4567.94,0.0,0.02,0.0,0.0,Dec,2,5,3,2,Returning_Visitor,False,False
2,94.0,1,29.2,12,304.1,0.0,0.02,0.04,0.03,Mar,1,1,1,2,Returning_Visitor,True,False
3,83.62,0,0.0,50,2428.35,0.0,0.04,9.44,0.03,Nov,2,5,3,3,Returning_Visitor,True,False
5,489.53,1,99.7,19,1512.66,0.0,0.01,0.0,0.0,May,1,1,6,2,New_Visitor,False,False
0,0.0,0,0.0,9,244.5,0.0,0.01,0.0,0.0,Mar,3,2,1,3,Returning_Visitor,False,False
1,10.0,1,34.0,22,367.38,0.02,0.04,0.0,0.0,May,1,1,4,6,Returning_Visitor,True,False
4,0.0,0,0.0,18,1578.07,0.0,0.02,0.63,0.0,May,1,8,6,6,New_Visitor,False,False
0,2.66,0,0.0,15,431.2,0.0,0.01,0.0,0.0,Sep,3,2,9,5,New_Visitor,False,False
0,0.0,0,2.03,12,262.92,0.04,0.06,0.0,0.0,Dec,2,6,1,3,Returning_Visitor,False,False
0,0.0,0,0.0,51,874.4,0.01,0.03,0.0,0.03,Nov,2,2,7,2,Returning_Visitor,False,False
2,33.5,0,0.0,37,556.0,0.0,0.02,0.0,0.0,Dec,2,2,1,2,New_Visitor,True,False
4,48.14,0,0.0,122,2767.37,0.0,0.02,0.76,0.03,Dec,4,1,1,1,Returning_Visitor,False,False
1,0.0,0,0.0,27,857.18,0.0,0.02,0.0,0.04,Nov,2,2,4,10,Returning_Visitor,False,False
3,54.0,0,0.0,20,211.12,0.01,0.04,0.0,0.0,Dec,2,2,1,2,Returning_Visitor,False,False
2,82.83,0,0.0,9,268.0,0.0,0.04,37.48,0.0,Nov,2,2,3,5,New_Visitor,False,False
1,9.98,0,0.0,20,1006.67,0.0,0.01,0.0,0.6,May,1,1,1,2,Returning_Visitor,False,False
0,0.0,0,0.0,52,1192.32,0.01,0.03,0.0,0.0,May,2,10,1,3,Returning_Visitor,False,False
1,20.0,0,10.38,283,9354.48,0.0,0.02,0.0,0.03,Nov,2,2,1,2,Returning_Visitor,False,False
0,0.0,0,0.0,3,13.0,0.13,0.17,0.0,0.0,Mar,2,4,1,1,Returning_Visitor,False,False
3,82.89,2,117.43,39,543.96,0.0,0.01,0.0,0.0,Dec,3,2,1,2,Returning_Visitor,False,False
1,0.95,0,0.0,19,734.58,0.02,0.04,0.0,0.04,Dec,2,10,1,1,Returning_Visitor,False,False
0,1.85,0,0.0,33,1440.86,0.01,0.02,0.0,0.0,Nov,2,2,1,13,Returning_Visitor,False,False
2,0.0,0,5.32,1,10.0,0.0,0.13,0.0,0.0,Mar,3,2,3,9,Returning_Visitor,True,False
3,19.71,0,0.0,11,2009.02,0.0,0.02,0.0,0.0,Nov,2,2,7,2,New_Visitor,False,False
0,0.0,0,0.0,6,162.5,0.0,0.03,0.01,0.04,May,2,2,1,1,Returning_Visitor,False,False
3,171.08,0,0.0,28,952.29,0.0,0.01,52.11,0.0,Mar,2,2,1,2,Returning_Visitor,False,True
0,0.0,0,0.0,6,25.0,0.0,0.04,0.0,0.0,Mar,2,2,1,2,Returning_Visitor,False,False
9,149.93,2,26.67,67,1783.12,0.0,0.01,0.0,0.04,May,3,2,2,3,Returning_Visitor,False,False
0,0.96,0,0.0,35,296.0,0.0,0.04,0.0,0.03,Mar,2,5,2,3,Returning_Visitor,False,False
3,23.0,0,1.88,30,465.42,0.0,0.01,39.02,0.0,Mar,4,1,1,3,Returning_Visitor,False,False
0,1.53,0,2.71,34,612.21,0.02,0.02,0.0,0.03,Dec,3,2,3,10,Returning_Visitor,False,False
0,0.0,0,0.0,23,41.0,0.04,0.08,0.0,0.0,Dec,2,5,1,1,Returning_Visitor,False,False
1,15.8,3,96.74,34,1491.25,0.01,0.02,0.09,0.0,Mar,2,2,6,2,Returning_Visitor,True,True
0,13.79,0,0.0,34,1051.17,0.0,0.01,14.14,0.04,Nov,1,1,2,6,Returning_Visitor,True,True
3,389.75,0,545.0,65,1690.79,0.01,0.03,13.66,0.03,May,2,2,2,1,Returning_Visitor,True,False
1,66.73,2,15.0,19,512.07,0.01,0.04,0.0,0.0,May,2,2,1,4,Returning_Visitor,False,False
9,292.3,0,0.0,117,1953.54,0.0,0.01,2.77,0.04,Aug,1,1,1,4,Returning_Visitor,False,False
0,0.0,0,4.98,59,1560.6,0.01,0.01,0.0,0.03,Mar,1,1,1,2,Returning_Visitor,False,False
0,0.0,0,0.0,17,701.8,0.0,0.01,39.17,0.0,Nov,2,2,5,6,New_Visitor,False,True
0,1.42,0,0.0,10,80.51,0.13,0.14,0.0,0.4,May,2,2,1,4,Returning_Visitor,False,False
7,246.84,0,0.0,50,2653.2,0.02,0.03,0.0,0.0,Aug,2,2,6,1,Returning_Visitor,False,False
5,43.5,0,6.15,6,279.58,0.0,0.02,0.0,0.0,Dec,2,2,8,8,New_Visitor,True,False
0,0.0,0,0.0,8,1471.06,0.0,0.04,0.0,0.03,Dec,2,5,1,3,Returning_Visitor,False,False
4,32.2,2,142.08,23,934.32,0.0,0.02,11.28,0.0,Aug,2,2,5,4,Returning_Visitor,False,False
3,84.95,0,268.2,18,1497.14,0.0,0.01,0.0,0.0,Jul,2,2,5,2,Returning_Visitor,True,False
3,9.0,5,86.0,26,466.5,0.0,0.01,38.56,0.0,May,2,2,1,4,Returning_Visitor,False,False
1,25.5,0,0.0,12,122.67,0.0,0.01,0.0,0.04,Nov,1,1,1,8,New_Visitor,True,False
0,0.0,0,5.05,27,1065.45,0.0,0.01,0.0,0.03,Nov,2,2,3,2,New_Visitor,False,False
0,0.0,0,0.0,6,1485.54,0.0,0.01,0.0,0.0,Dec,1,1,3,2,Returning_Visitor,False,False
3,98.0,0,0.0,39,2555.99,0.01,0.01,0.0,0.0,Dec,2,2,1,2,Returning_Visitor,False,False
3,66.01,0,0.0,33,835.58,0.0,0.01,31.28,0.0,Nov,2,2,1,10,Returning_Visitor,False,True
0,0.0,0,0.13,45,1489.73,0.0,0.02,0.0,0.8,May,4,2,3,4,Returning_Visitor,False,False
11,233.48,0,12.7,118,4251.21,0.0,0.01,14.67,0.04,Nov,2,2,1,2,Returning_Visitor,False,True
3,452.36,0,0.0,15,1106.0,0.03,0.04,0.0,0.0,Dec,2,2,4,1,Returning_Visitor,False,False
2,216.6,0,0.0,35,937.87,0.0,0.07,0.0,0.0,Oct,3,2,6,1,Returning_Visitor,True,False
0,505.92,0,6.24,119,10278.9,0.01,0.02,14.4,0.03,Oct,2,2,3,2,Returning_Visitor,False,False
0,0.0,0,9.67,5,883.6,0.0,0.0,37.78,0.0,Nov,1,1,3,2,Returning_Visitor,True,True
0,2.44,0,0.0,7,0.0,0.14,0.2,0.0,0.0,Nov,2,2,1,1,Returning_Visitor,False,False
0,1.18,0,0.0,6,58.07,0.14,0.1,0.0,0.0,May,2,2,1,1,Returning_Visitor,False,False
0,0.0,0,0.0,17,1673.65,0.04,0.05,0.0,0.0,May,3,2,3,4,Returning_Visitor,False,False
1,0.0,0,0.0,33,316.0,0.02,0.04,25.6,0.03,Nov,1,8,8,2,Returning_Visitor,False,False
0,0.0,0,2.39,14,1037.5,0.01,0.04,0.0,0.0,Mar,2,2,4,2,Returning_Visitor,False,False
1,80.92,0,0.0,37,1702.92,0.0,0.01,4.85,0.0,Nov,2,4,3,2,Returning_Visitor,False,False
0,1.65,0,0.0,16,879.42,0.0,0.03,0.0,0.04,May,2,2,6,2,Returning_Visitor,True,False
1,62.13,0,0.0,79,3421.65,0.0,0.02,4.13,0.0,Oct,2,4,1,2,Returning_Visitor,False,True
9,211.0,1,11.0,22,501.07,0.01,0.03,0.19,0.0,Aug,1,2,1,4,Returning_Visitor,True,True
3,34.83,1,33.75,32,929.08,0.01,0.02,34.29,0.03,Dec,2,2,1,2,New_Visitor,False,True
0,78.14,0,0.0,2,4.27,0.2,0.2,0.0,0.03,Mar,2,2,3,3,Returning_Visitor,False,False
1,32.33,0,21.55,34,4391.67,0.0,0.01,0.0,0.03,June,2,10,2,1,Returning_Visitor,False,False
3,60.0,0,0.0,34,1500.38,0.01,0.01,0.04,0.0,Dec,3,2,8,6,Returning_Visitor,False,False
2,25.0,0,0.0,11,93.15,0.07,0.13,0.0,0.6,May,2,2,1,1,Returning_Visitor,False,False
0,0.0,0,0.0,21,591.9,0.02,0.06,0.02,0.0,Dec,1,2,1,1,Returning_Visitor,True,False
0,131.33,1,4.0,115,2107.58,0.0,0.0,0.0,0.0,May,2,2,4,4,Returning_Visitor,True,False
0,0.0,0,0.0,6,65.0,0.14,0.13,0.0,0.0,May,3,2,1,1,Returning_Visitor,False,False
2,12.1,0,0.0,7,38.3,0.0,0.04,0.0,0.0,Nov,1,2,1,5,Returning_Visitor,False,False
0,0.0,0,0.97,25,319.33,0.02,0.04,10.44,0.15,May,2,2,5,1,Returning_Visitor,False,True
0,0.0,2,5.5,141,1492.77,0.0,0.01,0.0,0.03,Dec,3,2,1,2,Returning_Visitor,False,False
1,136.33,2,63.5,80,1540.13,0.0,0.01,28.25,0.0,May,2,2,3,4,Returning_Visitor,False,False
2,217.87,0,0.0,15,1461.9,0.0,0.02,0.0,0.0,Mar,1,1,2,2,Returning_Visitor,False,False
10,1097.02,2,291.2,68,1530.94,0.01,0.03,18.43,0.03,Aug,1,1,3,2,Returning_Visitor,True,False
0,0.0,0,1.3,35,586.38,0.02,0.05,0.0,0.0,Nov,3,4,1,3,Returning_Visitor,False,False
0,0.0,0,0.0,5,58.58,0.0,0.04,0.0,0.0,Mar,2,2,1,1,Returning_Visitor,True,False
1,171.93,3,61.95,34,1521.57,0.0,0.02,0.06,0.0,Nov,2,2,6,1,Returning_Visitor,True,False
0,0.0,1,0.0,23,1419.15,0.02,0.03,0.0,0.03,May,2,5,5,2,Returning_Visitor,False,False
8,125.73,0,7.42,34,1514.12,0.0,0.02,0.03,0.0,Nov,2,2,1,1,Returning_Visitor,False,False
3,106.0,0,4.75,23,1995.94,0.0,0.01,0.0,0.03,May,3,2,3,6,Returning_Visitor,False,False
0,2.56,0,2.77,1,0.0,0.2,0.2,0.04,0.0,May,1,8,1,3,Returning_Visitor,False,False
10,293.78,1,153.0,34,3283.17,0.0,0.02,0.0,0.0,Mar,3,2,1,2,Returning_Visitor,True,False
0,1.29,0,2.74,5,70.83,0.0,0.02,0.0,0.0,Mar,2,2,1,2,Returning_Visitor,False,False
0,0.0,0,0.0,13,138.54,0.02,0.04,0.0,0.0,May,1,1,1,1,Returning_Visitor,True,False
0,0.0,0,0.87,34,601.03,0.12,0.09,18.87,0.03,Aug,3,2,3,1,Returning_Visitor,False,True
0,0.0,0,0.0,20,935.97,0.03,0.06,0.0,0.8,May,3,2,1,3,Returning_Visitor,False,False
0,0.0,1,0.0,13,246.83,0.13,0.17,0.0,0.6,May,3,2,1,13,Returning_Visitor,False,False
6,90.61,1,3.54,34,1528.42,0.0,0.03,0.0,0.0,May,2,5,1,1,Returning_Visitor,False,False
0,0.0,0,0.0,10,1038.33,0.0,0.01,0.03,0.6,May,2,2,4,1,Returning_Visitor,False,False
0,6.3,0,1.15,29,819.59,0.0,0.03,0.0,0.0,Nov,3,2,1,2,Returning_Visitor,False,False
0,0.0,1,85.0,2,35.5,0.01,0.04,3.12,0.4,Dec,1,2,1,1,Returning_Visitor,True,False
3,137.33,0,0.0,13,2038.0,0.0,0.02,0.05,0.03,May,2,2,1,3,New_Visitor,False,False
0,0.0,0,0.0,4,438.29,0.04,0.06,12.84,0.0,Nov,1,1,6,2,Returning_Visitor,False,True
0,0.0,0,0.0,14,124.75,0.0,0.03,0.0,0.0,Dec,4,1,1,2,Returning_Visitor,False,False
1,82.91,0,0.0,24,758.95,0.0,0.03,0.05,0.04,May,1,1,1,4,Returning_Visitor,False,False
0,3.81,0,0.0,31,1490.65,0.01,0.01,39.17,0.0,Dec,3,2,7,2,New_Visitor,False,True
0,0.0,1,131.9,35,318.25,0.01,0.05,35.85,0.03,Nov,2,2,1,1,Returning_Visitor,True,True
0,0.0,0,3.92,12,303.5,0.02,0.02,0.0,0.03,Dec,1,1,7,2,Returning_Visitor,True,False
1,11.0,0,5.66,8,91.75,0.0,0.04,0.03,0.0,Nov,1,1,1,3,Returning_Visitor,False,False
10,168.91,2,364.46,36,1528.76,0.0,0.01,5.65,0.0,Oct,3,2,1,2,Returning_Visitor,True,False
4,152.0,0,0.0,8,44.5,0.0,0.04,0.0,0.0,Dec,1,1,2,2,New_Visitor,False,False
3,86.76,1,84.63,34,2525.31,0.0,0.01,52.98,0.04,Jul,2,2,9,2,Returning_Visitor,False,True
0,0.81,0,9.29,38,1490.0,0.0,0.01,0.0,0.0,Nov,1,1,1,3,Returning_Visitor,False,False
3,134.0,0,0.0,5,78.5,0.0,0.02,0.2,0.0,May,2,2,7,2,Returning_Visitor,True,False
0,0.0,0,0.0,2,4.59,0.14,0.2,0.0,0.0,Aug,1,1,3,1,Returning_Visitor,False,False
0,0.0,0,2.36,1,3.3,0.14,0.2,0.0,0.0,Mar,1,1,8,1,Returning_Visitor,False,False
10,216.75,0,7.09,44,1527.17,0.01,0.03,0.0,0.0,May,2,2,8,2,Returning_Visitor,True,False
3,226.95,0,0.0,36,4895.02,0.0,0.02,0.0,0.05,May,3,2,1,13,Returning_Visitor,False,False
3,259.18,0,0.0,34,1308.32,0.0,0.02,0.0,0.0,Oct,3,2,3,2,Returning_Visitor,False,False
3,84.74,3,86.0,15,2773.5,0.0,0.02,78.81,0.0,Aug,2,2,1,2,Returning_Visitor,False,True
9,118.0,1,10.0,16,1548.74,0.0,0.01,0.09,0.03,May,2,2,1,3,Returning_Visitor,False,False
0,0.0,0,0.0,39,1262.65,0.01,0.03,0.0,0.03,Nov,3,2,2,10,Returning_Visitor,False,True
0,0.0,0,0.0,2,5.83,0.2,0.14,0.0,0.0,Dec,3,2,1,13,Returning_Visitor,False,False
13,913.52,3,141.88,34,1293.65,0.0,0.02,1.48,0.0,Aug,3,2,4,2,Returning_Visitor,True,False
0,0.0,0,12.35,18,1456.92,0.01,0.04,0.0,0.0,Dec,3,3,3,2,Returning_Visitor,False,False
1,54.4,0,0.0,6,333.94,0.0,0.01,0.0,0.0,Oct,1,1,7,3,New_Visitor,False,False
2,82.23,0,24.84,142,9951.87,0.0,0.01,1.56,0.04,May,3,2,1,1,Returning_Visitor,False,False
0,0.0,0,0.0,10,482.5,0.0,0.06,0.0,1.0,Mar,1,2,9,4,Returning_Visitor,True,False
0,4.76,0,0.0,19,429.63,0.0,0.01,0.0,0.0,Mar,2,4,1,3,Returning_Visitor,True,False
0,2.02,0,0.0,3,0.0,0.1,0.08,0.01,0.0,Nov,3,2,5,2,Returning_Visitor,False,False
6,145.0,0,3.92,12,644.0,0.0,0.01,0.0,0.0,Mar,2,2,1,2,New_Visitor,False,False
0,0.0,0,0.0,1,565.67,0.13,0.08,0.0,0.0,May,1,1,3,2,Returning_Visitor,True,False
0,0.0,0,0.0,2,98.68,0.01,0.1,0.0,0.03,Mar,2,2,1,1,Returning_Visitor,False,False
0,0.0,1,0.0,34,1492.82,0.0,0.03,0.0,0.0,May,2,5,6,3,Returning_Visitor,False,False
9,102.87,3,339.5,29,693.25,0.0,0.01,77.65,0.0,Dec,2,10,1,2,Returning_Visitor,False,True
0,0.0,0,0.0,11,194.5,0.04,0.05,0.01,0.03,Nov,2,10,3,1,Returning_Visitor,False,False
0,0.0,0,0.0,10,455.0,0.0,0.02,39.16,0.0,Dec,1,1,1,2,New_Visitor,False,True
0,31.16,0,0.0,4,104.0,0.0,0.05,0.0,0.03,May,2,10,6,2,Returning_Visitor,False,False
5,168.0,0,0.0,33,1239.08,0.0,0.02,0.0,0.0,May,3,2,6,13,Returning_Visitor,False,False
0,2.17,0,3.54,3,61.5,0.13,0.1,0.62,0.0,Dec,3,2,3,8,New_Visitor,False,False
3,148.67,0,10.16,34,908.47,0.03,0.05,25.62,0.8,May,3,2,1,13,Returning_Visitor,False,False
2,99.13,0,0.0,1,27.2,0.0,0.04,0.0,0.0,Oct,3,2,3,5,New_Visitor,False,True
3,65.26,0,0.0,7,1421.17,0.02,0.03,0.19,0.0,Nov,2,4,1,20,Returning_Visitor,False,False
0,1.19,0,0.0,34,216.47,0.0,0.05,0.0,0.0,May,4,1,1,3,Returning_Visitor,False,False
9,179.27,0,8.93,101,5276.59,0.0,0.01,17.54,0.04,Dec,2,2,6,2,Returning_Visitor,True,False
2,162.0,0,0.0,7,203.21,0.0,0.02,0.0,0.0,May,1,1,1,2,New_Visitor,False,False
5,265.04,1,1.22,38,1450.81,0.01,0.04,0.0,0.0,Aug,2,2,8,2,Returning_Visitor,False,False
3,412.0,0,0.0,54,2377.0,0.0,0.02,0.0,0.0,Mar,3,2,9,10,Returning_Visitor,False,False
0,0.0,0,0.0,9,0.0,0.2,0.2,0.0,0.04,Nov,2,2,1,13,Returning_Visitor,False,False
0,1.03,0,0.0,3,115.63,0.13,0.13,0.0,0.0,May,2,2,1,1,Returning_Visitor,False,False
0,1.13,0,0.21,14,994.73,0.03,0.08,0.02,0.0,Nov,3,2,8,1,Returning_Visitor,False,False
0,0.0,0,3.41,68,1578.93,0.02,0.03,0.0,0.8,May,3,2,6,1,Returning_Visitor,True,False
16,155.63,0,0.0,32,908.01,0.0,0.02,4.37,0.03,Mar,2,2,3,2,Returning_Visitor,False,True
4,157.0,0,0.0,20,834.08,0.0,0.01,29.1,0.0,Dec,2,2,1,2,Returning_Visitor,False,True
1,38.0,0,0.0,29,986.83,0.02,0.04,0.0,0.03,May,2,4,3,4,Returning_Visitor,False,False
0,0.0,0,4.92,0,0.0,0.2,0.14,0.02,0.0,Nov,1,1,9,2,Returning_Visitor,False,False
3,105.5,2,6.0,50,1505.56,0.0,0.02,0.0,0.03,Nov,2,2,1,2,New_Visitor,False,False
3,14.0,1,19.0,49,1527.58,0.01,0.02,8.93,0.04,May,2,2,9,2,Returning_Visitor,False,True
4,52.5,0,2.82,25,273.12,0.0,0.01,0.02,0.0,Oct,2,2,1,2,New_Visitor,False,False
1,75.17,0,0.0,20,1173.42,0.0,0.0,21.42,0.0,Nov,3,2,8,11,Returning_Visitor,False,True
2,38.5,2,62.63,50,1766.86,0.0,0.01,12.84,0.8,May,3,2,4,4,Returning_Visitor,False,False
2,67.5,2,100.2,32,1770.8,0.03,0.04,0.0,0.03,Nov,2,2,2,2,Returning_Visitor,False,False
3,167.0,0,6.43,71,1445.46,0.0,0.01,12.31,0.03,Nov,3,2,1,10,Returning_Visitor,False,True
3,46.5,0,14.57,34,1500.15,0.02,0.04,9.47,0.0,Nov,1,1,1,3,Returning_Visitor,False,True
0,0.0,0,0.0,7,649.5,0.03,0.06,0.0,0.0,Dec,2,2,4,2,New_Visitor,False,True
0,19.5,0,0.0,47,483.3,0.02,0.03,5.47,1.0,May,3,2,1,6,Returning_Visitor,True,False
0,0.0,0,0.0,7,130.73,0.12,0.14,0.03,0.6,May,3,2,1,3,Returning_Visitor,False,False
0,0.0,0,3.13,14,222.4,0.02,0.04,0.0,0.0,Mar,2,2,1,2,Returning_Visitor,False,False
5,222.36,0,0.0,19,500.79,0.0,0.02,0.0,0.0,May,1,1,1,4,Returning_Visitor,False,False
5,110.75,0,5.14,11,146.75,0.0,0.02,0.09,0.0,Nov,1,1,1,15,Returning_Visitor,False,False
0,0.0,0,0.0,17,1488.11,0.01,0.02,0.0,0.03,Nov,1,1,3,3,Returning_Visitor,False,False
4,99.5,0,1.44,16,315.17,0.0,0.02,12.53,0.0,Mar,1,1,1,3,Returning_Visitor,False,True
0,0.0,0,0.0,19,1138.79,0.0,0.01,0.01,0.0,Aug,2,4,3,2,Returning_Visitor,False,False
0,0.0,0,0.67,7,50.5,0.06,0.14,0.0,0.0,May,3,2,1,3,Returning_Visitor,True,False
1,0.0,0,0.0,21,574.72,0.0,0.02,6.28,0.03,Mar,2,2,1,2,Returning_Visitor,False,True
0,1.21,0,0.29,56,2633.87,0.0,0.04,0.0,0.0,Mar,2,5,1,1,Returning_Visitor,False,False
2,202.83,0,0.0,11,613.9,0.0,0.03,3.73,0.0,Dec,2,2,1,2,Returning_Visitor,False,False
0,0.0,0,0.0,2,64.0,0.0,0.1,0.0,0.0,Feb,2,2,1,2,Returning_Visitor,False,False
2,56.4,0,28.0,45,3166.33,0.0,0.0,4.86,0.0,Sep,2,2,2,1,Returning_Visitor,True,False
1,56.0,0,0.0,17,831.39,0.03,0.04,0.32,0.0,May,3,2,4,3,Returning_Visitor,False,False
6,177.77,1,85.0,23,1503.73,0.0,0.01,2.09,0.0,Dec,3,2,2,2,New_Visitor,False,True
0,0.0,0,0.0,62,3564.59,0.02,0.05,0.0,0.0,Aug,3,2,4,2,Returning_Visitor,False,False
0,0.0,0,0.0,34,1593.58,0.0,0.02,0.05,0.0,Nov,2,2,2,1,Returning_Visitor,False,False
4,71.33,0,0.0,21,295.33,0.02,0.06,0.0,0.0,Mar,2,10,3,2,Returning_Visitor,True,True
3,132.0,0,0.0,5,1413.33,0.04,0.03,0.0,0.0,Mar,3,2,7,8,Returning_Visitor,False,False
1,250.5,0,0.0,1,0.0,0.0,0.1,0.01,0.0,May,2,2,9,13,Returning_Visitor,False,False
0,3.49,0,0.0,2,12.79,0.14,0.14,0.0,0.0,Mar,2,2,1,1,Returning_Visitor,True,False
0,0.0,1,26.0,15,817.42,0.03,0.04,0.06,0.03,Mar,2,2,6,1,Returning_Visitor,False,False
0,0.0,0,0.0,24,381.36,0.0,0.02,0.0,0.0,Dec,2,2,1,1,Returning_Visitor,False,False
0,0.0,0,3.49,29,1494.35,0.0,0.02,0.05,0.0,Dec,2,2,6,2,Returning_Visitor,True,False
0,0.0,0,0.0,24,1476.02,0.0,0.02,0.0,0.03,Sep,2,2,2,2,Returning_Visitor,False,False
0,0.0,0,0.0,19,1510.53,0.02,0.04,0.0,0.8,May,2,4,1,3,Returning_Visitor,False,False
4,16.67,0,0.0,68,2593.74,0.0,0.01,0.0,0.0,Mar,2,2,4,8,Returning_Visitor,False,False
0,0.0,0,0.0,2,25.85,0.14,0.14,0.0,0.0,Dec,3,2,7,1,Returning_Visitor,False,False
1,7.0,0,2.31,50,2330.73,0.02,0.01,0.0,0.03,Nov,3,2,3,3,Returning_Visitor,False,False
1,227.6,0,0.0,27,1301.3,0.0,0.02,19.97,0.03,Aug,2,2,1,3,Returning_Visitor,False,False
0,0.0,0,0.57,7,13.0,0.13,0.14,0.0,0.0,Mar,2,2,1,3,Returning_Visitor,False,False
2,222.5,0,3.44,23,1183.9,0.04,0.04,0.0,0.04,Dec,2,2,6,1,Returning_Visitor,False,False
0,34.33,0,17.16,34,1254.0,0.0,0.02,0.0,0.0,Nov,3,2,7,2,New_Visitor,True,False
0,5.55,0,0.0,6,333.0,0.0,0.04,0.0,0.0,Mar,2,2,2,1,Returning_Visitor,True,False
0,0.0,0,0.0,4,55.0,0.0,0.05,0.0,0.0,Mar,2,2,1,1,Returning_Visitor,False,False
1,0.0,0,0.0,1,0.0,0.2,0.2,0.0,0.0,May,1,8,3,4,Returning_Visitor,True,False
0,0.0,1,29.5,7,1198.38,0.0,0.03,0.02,0.0,Nov,3,2,8,1,Returning_Visitor,True,False
2,631.42,0,5.56,501,21672.24,0.0,0.01,9.13,0.03,Nov,2,2,1,2,Returning_Visitor,False,True
4,56.5,0,3.92,96,4803.83,0.02,0.03,0.0,0.0,Nov,3,2,3,2,Returning_Visitor,True,False
2,67.6,0,0.0,7,183.8,0.0,0.02,0.03,0.0,Oct,1,1,1,5,New_Visitor,False,False
3,147.79,2,236.0,28,1246.12,0.01,0.02,11.28,0.21,May,3,2,1,3,Returning_Visitor,True,False
4,47.0,0,2.43,29,5198.53,0.0,0.02,0.0,0.0,May,2,4,2,2,Returning_Visitor,False,False
2,0.0,0,1.09,15,221.0,0.0,0.04,0.0,0.04,May,2,4,2,1,Returning_Visitor,False,False
1,289.0,0,0.0,139,5107.04,0.02,0.04,8.3,0.03,Aug,2,2,2,2,Returning_Visitor,False,False
6,186.67,0,0.0,73,1496.74,0.0,0.02,0.0,0.0,Nov,3,2,8,2,Returning_Visitor,True,False
3,119.0,0,5.31,41,1282.5,0.0,0.01,0.82,0.0,Mar,2,6,2,2,New_Visitor,False,False
0,0.0,0,0.0,3,161.0,0.0,0.04,0.0,0.0,Mar,2,2,1,1,Returning_Visitor,False,False
2,20.0,0,7.95,24,1629.89,0.02,0.05,0.0,0.0,May,2,2,4,1,Returning_Visitor,False,False
0,1.58,0,0.53,3,215.01,0.07,0.13,0.02,0.0,Mar,2,2,3,10,Returning_Visitor,False,False
2,0.0,5,53.83,47,31.17,0.0,0.04,0.0,0.0,Nov,2,2,7,2,Returning_Visitor,False,False
0,0.68,0,0.0,10,416.58,0.0,0.04,0.0,0.03,Dec,1,1,3,2,Returning_Visitor,False,False
7,82.6,7,475.2,20,393.41,0.03,0.04,0.0,0.0,Jul,2,2,1,1,Returning_Visitor,False,True
1,18.0,0,0.0,15,272.33,0.03,0.04,0.0,0.03,May,3,2,3,3,Returning_Visitor,False,False
0,0.0,0,4.05,3,35.0,0.07,0.14,0.0,0.6,May,1,1,3,3,Returning_Visitor,False,False
1,36.0,0,0.0,34,2240.17,0.01,0.04,0.0,0.6,May,1,1,1,3,Returning_Visitor,False,False
5,502.95,2,21.0,25,439.52,0.0,0.02,0.02,0.04,Dec,2,2,3,2,Returning_Visitor,True,False
6,281.33,3,108.0,14,1529.42,0.0,0.03,0.0,0.6,May,1,1,3,2,New_Visitor,False,False
4,80.65,0,0.0,7,1579.92,0.0,0.04,0.01,0.0,Aug,2,2,7,13,Returning_Visitor,False,False
3,190.26,3,498.28,124,3197.29,0.01,0.02,7.06,0.03,Nov,3,2,6,2,Returning_Visitor,False,False
3,484.46,2,14.0,33,1113.34,0.0,0.03,0.0,0.0,Sep,1,8,1,3,Returning_Visitor,False,False
0,0.0,0,0.0,1,0.0,0.2,0.2,0.0,0.04,May,1,1,3,15,Returning_Visitor,True,False
3,61.0,0,0.0,34,585.39,0.0,0.01,0.0,0.0,Dec,2,2,4,1,New_Visitor,False,True
0,10.33,2,5.0,34,595.73,0.02,0.04,0.0,0.0,Jul,3,2,2,4,Returning_Visitor,True,False
0,0.0,0,5.29,3,8.0,0.07,0.13,0.0,0.0,Mar,2,4,1,3,Returning_Visitor,False,False
6,202.4,1,0.0,34,1472.29,0.01,0.03,8.05,0.0,Nov,6,2,9,2,Returning_Visitor,False,False
11,503.25,0,160.4,33,489.15,0.01,0.02,0.0,0.0,May,3,2,3,8,Returning_Visitor,True,False
3,179.5,0,7.88,34,1579.57,0.0,0.0,0.0,0.0,Mar,2,4,3,10,Returning_Visitor,False,False
0,0.0,0,0.0,59,2516.83,0.03,0.05,10.53,0.03,May,2,2,3,2,Returning_Visitor,False,False
0,0.0,0,0.0,27,1206.0,0.02,0.04,0.0,0.0,Mar,2,2,1,1,Returning_Visitor,False,False
0,0.0,0,0.0,8,1525.5,0.0,0.01,0.02,0.04,Mar,2,2,1,2,Returning_Visitor,True,False
3,238.4,0,0.0,8,132.23,0.0,0.01,2.01,0.0,May,3,2,1,18,Returning_Visitor,False,False
1,49.5,0,0.0,14,207.54,0.0,0.02,0.0,0.0,Dec,2,4,1,2,New_Visitor,False,False
0,0.0,0,0.0,35,897.67,0.01,0.02,6.53,0.03,May,3,2,2,3,Returning_Visitor,False,True
3,0.0,0,0.0,7,95.0,0.0,0.04,0.0,0.0,Dec,8,13,9,20,Other,False,False
0,9.11,0,0.0,8,219.0,0.01,0.02,0.0,0.0,Dec,2,5,3,2,Returning_Visitor,False,False
2,82.52,0,0.0,7,202.93,0.0,0.02,0.0,0.0,Dec,2,2,1,2,Returning_Visitor,False,False
0,0.0,0,0.0,34,1438.86,0.01,0.02,0.0,0.4,May,4,2,2,13,Returning_Visitor,False,False
0,0.0,0,1.56,3,197.49,0.0,0.07,0.0,0.0,Mar,2,2,1,10,Returning_Visitor,False,False
3,144.0,0,1.76,25,1711.33,0.0,0.02,0.0,0.0,May,2,2,1,1,Returning_Visitor,False,False
7,112.3,0,0.0,35,750.17,0.0,0.01,0.0,0.0,Mar,3,2,4,2,Returning_Visitor,False,False
5,89.55,0,0.0,24,758.14,0.02,0.06,0.0,0.0,Mar,3,2,2,1,Returning_Visitor,True,False
0,4.0,0,0.0,22,2706.38,0.0,0.04,0.0,0.0,Nov,4,2,1,2,Returning_Visitor,False,False
5,60.11,3,215.0,33,1887.69,0.01,0.03,18.28,0.03,May,3,2,3,13,Returning_Visitor,False,True
0,0.0,0,4.05,34,1477.28,0.0,0.01,0.01,0.03,Nov,1,2,3,2,New_Visitor,False,False
15,444.44,0,0.0,34,1522.45,0.02,0.04,3.7,0.0,Nov,3,2,1,13,Returning_Visitor,False,False
0,78.53,0,0.0,6,701.0,0.0,0.06,0.01,0.8,Nov,2,5,1,4,Returning_Visitor,False,False
3,48.5,0,0.0,12,396.17,0.0,0.01,0.0,0.0,Dec,3,2,5,10,Returning_Visitor,False,False
3,66.05,4,63.24,26,1332.7,0.03,0.04,5.47,0.0,Dec,3,2,3,1,Returning_Visitor,False,False
3,81.85,1,395.0,12,343.58,0.0,0.01,0.0,0.0,Mar,2,2,1,2,New_Visitor,False,False
3,80.0,1,21.0,41,1193.33,0.0,0.02,5.82,0.0,May,2,2,1,4,Returning_Visitor,False,False
10,514.08,4,7.94,178,6630.48,0.0,0.01,0.0,0.04,Nov,3,2,1,2,Returning_Visitor,False,True
4,12.07,0,0.0,45,591.26,0.0,0.01,0.0,0.0,Sep,2,2,1,2,Returning_Visitor,False,True
4,322.85,0,0.0,31,1493.33,0.0,0.01,0.0,0.0,Dec,2,2,4,2,New_Visitor,True,False
7,159.33,0,0.0,24,520.67,0.0,0.01,0.0,0.0,Mar,2,10,4,2,New_Visitor,True,False
0,116.13,0,0.0,2,17.0,0.01,0.1,0.0,0.0,Nov,3,2,1,10,Returning_Visitor,True,False
0,4.91,0,0.0,2,194.13,0.0,0.1,0.04,0.03,May,2,2,2,3,Returning_Visitor,True,False
0,0.0,0,0.0,72,3559.38,0.01,0.02,0.0,0.03,Nov,2,2,1,2,Returning_Visitor,False,False
0,0.0,0,0.0,2,394.59,0.0,0.1,0.0,0.0,Mar,2,2,1,2,Returning_Visitor,False,False
0,0.0,0,0.0,20,1002.37,0.0,0.01,38.91,0.0,Oct,2,2,4,2,Returning_Visitor,False,True
3,32.83,2,66.05,58,1516.63,0.01,0.02,0.0,0.03,Nov,3,2,1,2,Returning_Visitor,True,False
0,0.0,0,0.0,15,203.47,0.08,0.09,0.0,0.04,May,3,2,1,13,Returning_Visitor,False,False
0,0.0,0,0.0,2,69.0,0.0,0.03,0.09,0.0,May,3,2,3,3,Returning_Visitor,False,False
1,0.0,0,0.0,24,754.3,0.01,0.02,0.0,0.0,May,2,2,3,10,Returning_Visitor,False,False
0,0.0,0,0.0,22,1498.11,0.0,0.01,0.0,0.0,May,2,2,1,3,Returning_Visitor,False,False
0,0.0,0,0.0,3,82.03,0.0,0.07,0.07,0.0,Dec,1,1,7,2,Other,False,False
1,0.0,0,0.0,6,351.12,0.2,0.2,0.02,0.0,Nov,2,1,3,8,Returning_Visitor,False,False
1,81.16,0,0.0,12,125.12,0.02,0.05,0.0,0.0,Nov,3,2,3,1,Returning_Visitor,True,False
2,90.0,0,0.0,34,1493.18,0.03,0.04,0.0,0.06,May,2,2,4,1,Returning_Visitor,False,False
4,131.89,0,4.72,135,1524.11,0.0,0.02,4.87,0.03,May,2,2,1,2,Returning_Visitor,False,False
0,0.0,0,2.07,8,300.7,0.0,0.03,0.0,0.0,May,4,1,3,2,Returning_Visitor,False,False
1,60.88,0,0.0,58,2492.22,0.01,0.03,0.0,0.03,Nov,3,2,1,2,Returning_Visitor,False,False
0,0.87,0,0.0,2,2.66,0.2,0.2,0.01,0.0,May,1,1,1,1,Returning_Visitor,False,False
1,81.38,0,0.0,45,1873.59,0.0,0.01,42.27,0.0,Dec,1,1,3,2,Returning_Visitor,False,False
0,1.37,0,74.73,34,1062.81,0.0,0.03,0.0,0.03,Mar,1,1,4,2,Returning_Visitor,False,False
3,53.5,0,6.62,86,3801.68,0.01,0.04,0.91,0.03,Sep,2,2,1,4,Returning_Visitor,False,False
5,246.25,1,9.0,14,548.25,0.02,0.05,0.0,0.0,May,1,1,1,2,Returning_Visitor,True,False
3,106.9,0,7.88,121,7442.39,0.01,0.03,0.0,0.03,Aug,3,2,3,2,Returning_Visitor,False,False
0,8.96,0,0.0,2,0.0,0.2,0.2,0.0,0.0,Mar,3,2,3,3,Returning_Visitor,False,False
0,0.74,0,0.0,34,521.5,0.02,0.06,0.0,0.0,May,2,2,6,6,Returning_Visitor,False,False
0,0.0,0,0.0,26,453.33,0.02,0.03,0.0,0.8,May,2,4,3,4,Returning_Visitor,False,False
0,25.45,0,0.0,1,0.0,0.2,0.2,0.09,0.0,Dec,3,2,3,2,Returning_Visitor,True,False
0,3.41,0,0.0,8,59.47,0.03,0.04,0.0,0.0,May,3,2,1,4,Returning_Visitor,False,False
0,1.59,0,0.0,6,835.83,0.03,0.07,0.0,0.03,Mar,1,1,1,1,Returning_Visitor,False,False
2,58.4,0,4.19,84,3528.69,0.02,0.04,0.0,0.03,June,2,2,1,1,Returning_Visitor,False,False
3,0.0,0,0.0,16,242.75,0.0,0.04,0.0,0.04,Nov,1,8,2,11,Returning_Visitor,True,False
9,125.27,2,48.07,146,3231.85,0.01,0.02,8.6,0.04,Dec,2,2,9,2,Returning_Visitor,False,False
1,0.0,0,4.8,7,705.83,0.03,0.09,0.54,0.0,Dec,5,11,4,1,Returning_Visitor,True,False
2,81.41,0,0.0,11,1611.7,0.0,0.01,100.78,0.0,May,2,2,3,2,Returning_Visitor,False,True
3,236.41,0,182.48,27,7428.18,0.0,0.01,6.98,0.03,May,2,2,3,2,Returning_Visitor,False,False
10,263.36,0,3.3,69,3416.28,0.01,0.02,0.0,0.0,Nov,3,2,1,2,Returning_Visitor,False,True
0,0.0,0,1.55,21,597.33,0.14,0.12,0.0,0.6,May,3,2,1,13,Returning_Visitor,False,False
0,118.87,0,0.57,1,621.29,0.14,0.2,0.02,0.03,May,3,3,1,3,Returning_Visitor,False,False
1,86.55,0,0.0,34,1488.13,0.0,0.02,0.0,0.0,May,2,6,1,1,Returning_Visitor,True,False
0,0.0,0,0.26,2,3.0,0.1,0.14,0.0,0.8,May,2,2,1,2,Returning_Visitor,False,False
0,10.76,0,0.0,4,771.97,0.14,0.12,0.0,0.8,May,3,2,1,3,Returning_Visitor,False,False
7,307.23,0,0.0,34,916.46,0.0,0.01,0.0,0.0,Dec,2,2,1,2,Returning_Visitor,False,False
0,0.0,0,1.23,9,232.78,0.0,0.03,0.0,0.0,Dec,3,2,3,10,New_Visitor,False,False
3,106.83,0,0.0,36,14.35,0.0,0.04,0.0,0.0,May,3,2,1,5,New_Visitor,True,False
9,509.83,1,23.0,27,1438.85,0.02,0.04,0.0,0.0,May,1,1,1,2,Returning_Visitor,False,False
0,0.0,0,0.0,91,1472.25,0.01,0.03,0.0,0.04,Jul,2,2,1,13,Returning_Visitor,False,False
4,82.37,0,4.77,37,839.21,0.01,0.02,36.49,0.0,Nov,1,1,1,2,Returning_Visitor,False,True
3,99.75,0,4.42,89,2520.06,0.0,0.01,40.52,0.03,Nov,2,2,1,3,Returning_Visitor,False,True
4,72.61,0,0.0,14,183.67,0.0,0.0,0.01,0.0,Mar,3,2,3,3,New_Visitor,False,False
6,197.8,0,5.55,48,1494.21,0.0,0.01,11.45,0.04,Mar,1,1,1,3,Returning_Visitor,False,False
0,0.0,2,46.0,9,546.0,0.0,0.02,0.0,0.0,Mar,2,6,1,2,Returning_Visitor,False,False
3,136.41,0,0.0,0,0.0,0.0,0.03,0.02,0.0,Mar,3,2,6,3,Returning_Visitor,False,False
7,498.59,1,33.0,26,631.46,0.0,0.01,0.0,0.03,Mar,1,1,1,2,Returning_Visitor,False,False
2,154.0,0,0.0,18,367.25,0.01,0.04,0.0,0.0,Mar,3,2,2,1,Returning_Visitor,True,False
0,0.0,0,0.0,15,383.46,0.0,0.03,0.0,0.0,Dec,2,2,2,2,Returning_Visitor,False,False
0,27.8,0,0.0,14,253.1,0.13,0.08,0.0,0.04,June,1,2,2,3,Returning_Visitor,False,False
1,5.0,0,0.0,21,411.08,0.02,0.02,0.0,0.0,Nov,3,2,7,3,Returning_Visitor,False,False
0,0.0,0,0.0,48,1493.21,0.0,0.02,0.0,0.03,May,1,1,3,2,Returning_Visitor,True,True
10,427.07,0,145.58,81,3492.32,0.01,0.02,86.58,0.03,Nov,1,1,1,2,Returning_Visitor,False,False
1,0.0,0,0.0,79,3129.39,0.02,0.04,0.0,0.0,May,3,2,3,3,Returning_Visitor,False,False
2,61.0,0,0.0,5,97.0,0.0,0.04,0.0,0.0,Mar,2,2,1,1,Returning_Visitor,False,False
0,0.0,0,2.06,5,185.0,0.01,0.04,0.0,0.05,Nov,3,2,4,6,Returning_Visitor,True,False
0,1.63,0,6.19,34,694.3,0.0,0.01,38.08,0.05,Dec,1,1,1,2,Returning_Visitor,True,True
3,26.75,1,104.44,34,2964.65,0.01,0.02,0.0,0.0,Dec,3,2,1,2,Returning_Visitor,False,False
0,0.0,0,2.2,32,1487.99,0.0,0.01,0.0,0.0,Nov,2,2,3,7,Returning_Visitor,False,False
0,0.0,0,0.0,5,25.0,0.13,0.13,0.0,1.0,May,3,2,1,3,Returning_Visitor,True,False
7,73.9,0,11.84,34,3441.81,0.0,0.01,0.0,0.0,Oct,2,2,1,2,Returning_Visitor,False,False
2,85.34,0,0.0,14,212.27,0.01,0.03,0.0,0.0,Sep,3,2,3,1,Returning_Visitor,False,False
7,119.57,0,0.0,34,1553.21,0.0,0.04,0.0,0.0,Nov,1,1,1,8,Returning_Visitor,False,False
3,223.33,2,72.24,37,1118.99,0.0,0.02,0.01,0.03,Nov,2,2,1,2,Returning_Visitor,False,False
1,0.0,0,0.0,10,1578.01,0.01,0.02,32.38,0.03,May,2,2,2,1,Returning_Visitor,False,True
4,85.0,0,0.0,3,43.5,0.01,0.05,0.01,0.0,Dec,1,1,1,8,New_Visitor,True,False
1,80.89,0,4.93,11,501.75,0.02,0.03,0.09,0.03,Aug,2,10,4,2,Returning_Visitor,False,True
0,0.0,0,4.06,48,2492.17,0.0,0.01,0.0,0.03,Nov,2,4,1,2,Returning_Visitor,False,False
14,503.61,0,211.0,33,2362.72,0.01,0.02,27.62,0.03,Oct,1,1,3,1,Returning_Visitor,False,False
3,219.0,0,0.0,16,526.33,0.02,0.06,0.0,0.0,Mar,1,1,1,1,Returning_Visitor,False,False
0,0.0,0,0.0,15,176.5,0.04,0.12,0.19,0.03,Jul,2,2,1,3,Returning_Visitor,False,False
0,0.0,0,23.66,34,1140.8,0.0,0.02,0.0,0.03,June,3,2,6,2,Returning_Visitor,False,False
0,0.0,1,110.0,20,402.33,0.03,0.05,0.01,0.6,May,2,2,3,13,Returning_Visitor,False,False
0,99.28,0,0.0,1,0.0,0.2,0.2,0.02,1.0,May,4,1,2,3,Returning_Visitor,True,False
3,0.0,0,0.0,19,1455.23,0.02,0.03,0.0,0.0,Jul,2,5,4,1,Returning_Visitor,True,False
5,90.54,1,15.0,37,1503.5,0.01,0.01,0.02,0.0,Dec,3,2,1,2,Returning_Visitor,True,False
0,0.0,0,0.0,6,60.77,0.0,0.04,0.0,0.0,Mar,2,2,1,1,Returning_Visitor,False,False
0,3.76,0,3.37,10,108.0,0.04,0.03,0.02,0.2,May,1,8,3,19,Returning_Visitor,False,False
0,0.0,0,0.0,24,1499.65,0.01,0.02,0.02,0.6,May,3,2,3,3,Returning_Visitor,False,False
5,84.35,3,106.8,34,4240.04,0.0,0.01,1.26,0.03,Jul,3,2,1,2,Returning_Visitor,False,False
0,0.0,0,0.0,34,883.98,0.02,0.04,0.0,0.0,Sep,3,2,3,4,Returning_Visitor,True,False
4,68.73,0,1.14,44,2498.87,0.0,0.01,11.33,0.0,Oct,2,2,4,1,Returning_Visitor,False,True
0,0.0,0,0.0,14,1451.66,0.0,0.02,124.03,0.03,May,1,1,6,5,New_Visitor,False,True
3,74.21,0,0.0,38,1367.63,0.01,0.02,50.83,0.0,May,3,2,1,2,Returning_Visitor,True,True
3,68.0,0,0.0,8,306.0,0.0,0.01,0.0,0.0,Mar,1,1,9,3,New_Visitor,False,False
2,47.0,1,40.82,37,1743.37,0.0,0.02,0.01,0.0,Mar,3,2,2,1,Returning_Visitor,False,True
11,238.78,0,6.93,200,7972.32,0.0,0.01,21.83,0.04,Nov,2,2,1,2,Returning_Visitor,False,True
2,3.0,1,64.63,118,5250.89,0.0,0.01,0.0,0.0,Nov,2,2,1,2,Returning_Visitor,True,False
3,273.66,0,0.0,24,751.63,0.0,0.02,14.85,0.0,Jul,3,2,2,1,Returning_Visitor,True,False
1,7.0,7,141.0,25,1644.0,0.0,0.02,0.58,0.0,Mar,2,4,1,1,Returning_Visitor,False,False
4,81.08,0,0.0,10,182.25,0.01,0.03,0.19,0.0,Nov,3,2,6,2,New_Visitor,False,False
3,7.0,0,6.12,26,933.33,0.0,0.03,5.5,0.03,May,2,2,1,13,Returning_Visitor,False,False
2,2.0,0,0.0,0,53.62,0.1,0.1,0.0,0.0,May,1,1,3,2,Returning_Visitor,True,False
1,60.0,0,0.0,12,208.0,0.05,0.06,0.0,0.0,Mar,2,2,4,1,Returning_Visitor,False,False
5,121.43,1,8.0,16,792.75,0.0,0.01,38.34,0.0,Nov,2,2,1,3,Returning_Visitor,False,False
7,250.33,0,0.0,7,180.33,0.0,0.02,0.0,0.0,Dec,2,2,1,2,New_Visitor,True,False
0,0.0,0,0.0,1,69.71,0.2,0.2,0.1,0.0,Nov,2,2,1,1,Returning_Visitor,True,False
4,1.64,0,0.0,7,129.5,0.0,0.05,0.12,0.03,Dec,8,13,9,20,Other,False,False
4,68.75,0,0.0,23,585.65,0.0,0.01,0.0,0.0,Dec,8,1,1,2,New_Visitor,True,False
3,76.74,0,0.0,16,1106.33,0.02,0.04,0.0,0.0,Mar,1,1,3,3,Returning_Visitor,False,False
0,0.0,0,4.59,6,368.0,0.0,0.02,0.0,0.03,Dec,4,1,2,1,Returning_Visitor,True,False
0,0.0,0,0.0,15,278.22,0.02,0.04,0.0,0.03,Mar,1,1,3,1,Returning_Visitor,False,False
3,90.0,0,0.0,37,592.84,0.01,0.04,0.14,0.0,Nov,2,2,1,11,Returning_Visitor,False,False
0,0.0,0,0.0,3,478.79,0.01,0.07,0.0,0.0,Dec,4,1,1,2,Returning_Visitor,False,False
1,26.2,1,6.0,34,677.53,0.0,0.02,0.0,0.0,Jul,1,1,6,1,Returning_Visitor,True,True
0,0.0,1,70.04,65,6203.69,0.01,0.03,0.0,0.03,May,2,2,1,2,Returning_Visitor,True,False
0,0.0,0,0.0,21,987.9,0.01,0.02,0.01,0.0,Dec,2,4,2,1,Returning_Visitor,False,False
0,0.63,0,0.0,12,418.33,0.0,0.01,0.0,0.0,May,2,2,9,5,Returning_Visitor,False,False
0,0.0,0,0.0,1,0.0,0.2,0.2,0.0,0.0,Mar,1,1,1,3,Returning_Visitor,True,False
5,193.0,1,66.29,66,2049.46,0.0,0.01,29.46,0.03,Mar,3,2,3,2,Returning_Visitor,False,False
0,119.79,0,0.0,8,332.0,0.0,0.03,14.13,0.0,Dec,1,2,4,8,New_Visitor,True,True
4,120.0,1,64.0,32,1859.08,0.01,0.02,17.92,0.0,May,2,2,2,4,Returning_Visitor,False,True
5,81.43,0,28.79,34,1599.08,0.0,0.01,0.0,0.0,Mar,2,2,4,1,Returning_Visitor,False,False
0,18.1,0,0.39,2,11.08,0.14,0.14,0.2,0.0,May,2,2,4,6,Returning_Visitor,True,False
1,60.0,1,15.0,26,670.17,0.0,0.02,0.0,0.0,May,2,2,3,4,Returning_Visitor,False,False
1,0.0,1,67.57,22,671.87,0.04,0.02,0.0,0.0,Nov,3,2,7,10,Returning_Visitor,False,False
2,37.5,0,0.0,55,1420.47,0.0,0.01,0.0,0.8,May,1,1,3,4,Returning_Visitor,False,False
3,119.93,0,0.0,24,1492.11,0.01,0.02,37.55,0.0,Nov,1,1,6,10,Returning_Visitor,True,True
0,0.0,0,0.0,4,241.45,0.0,0.05,0.0,0.03,Mar,2,6,6,3,Returning_Visitor,False,False
0,7.2,0,0.0,34,806.5,0.01,0.04,0.0,0.6,May,2,4,1,3,Returning_Visitor,False,False
8,88.11,0,225.37,42,539.23,0.02,0.01,0.0,0.03,Jul,1,2,3,4,Returning_Visitor,False,True
0,0.0,0,0.0,8,184.38,0.0,0.01,0.0,0.03,Nov,2,4,9,2,Returning_Visitor,False,False
14,286.53,2,75.45,33,1508.05,0.0,0.01,33.06,0.0,Nov,2,2,7,2,Returning_Visitor,False,True
2,50.0,0,0.0,29,1329.55,0.0,0.02,0.0,0.03,Mar,2,6,3,1,Returning_Visitor,False,False
1,375.28,0,15.8,156,5432.84,0.01,0.03,2.99,0.03,May,2,2,6,2,Returning_Visitor,True,False
2,62.5,0,16.75,34,548.33,0.0,0.03,0.0,0.03,Mar,2,2,1,2,Returning_Visitor,False,False
0,0.7,0,0.0,1,0.0,0.14,0.14,0.0,0.0,Nov,1,1,3,2,Returning_Visitor,False,False
0,1.83,0,5.67,17,1492.21,0.0,0.01,0.0,0.0,Nov,2,2,1,2,New_Visitor,False,False
7,81.52,0,0.0,2,9.0,0.0,0.03,0.0,0.03,Sep,2,2,8,2,New_Visitor,False,False
0,4.78,0,0.0,29,743.17,0.0,0.01,0.0,0.0,May,1,1,6,4,Returning_Visitor,False,False
0,0.0,0,0.0,5,371.0,0.0,0.02,0.0,0.0,Mar,2,2,1,10,Returning_Visitor,False,False
0,0.0,0,0.0,5,67.95,0.05,0.08,0.0,0.04,May,2,5,6,3,Returning_Visitor,False,False
2,0.0,0,0.0,30,1254.3,0.01,0.01,0.0,0.03,Nov,1,1,3,2,Returning_Visitor,True,False
0,10.02,0,0.0,7,151.5,0.0,0.03,0.0,0.8,May,2,2,1,4,Returning_Visitor,False,False
3,7.95,0,0.0,12,936.0,0.01,0.01,26.23,0.0,May,2,2,1,4,Returning_Visitor,False,True
0,0.0,0,0.0,33,372.6,0.0,0.02,39.04,0.0,Jul,2,2,1,4,Returning_Visitor,False,True
1,0.0,0,0.0,65,3864.43,0.01,0.02,2.74,0.03,May,2,2,2,1,Returning_Visitor,False,False
0,0.0,0,0.0,5,180.67,0.0,0.03,0.0,0.0,May,1,1,1,2,Returning_Visitor,False,False
0,0.0,0,2.35,13,1508.04,0.0,0.01,0.02,0.0,Nov,3,2,3,2,New_Visitor,True,False
0,0.0,0,0.0,6,58.43,0.0,0.04,0.01,0.0,Oct,1,1,1,2,Returning_Visitor,True,False
6,479.25,0,0.0,51,2156.53,0.0,0.01,6.23,0.0,Nov,2,2,1,2,Returning_Visitor,False,True
0,0.0,0,0.0,1,76.34,0.0,0.1,0.18,0.0,Mar,2,4,3,1,Returning_Visitor,False,False
9,159.92,1,47.5,53,1262.49,0.0,0.01,0.0,0.0,Dec,2,2,8,2,New_Visitor,True,False
8,236.83,0,12.81,34,1493.12,0.0,0.02,17.39,0.04,May,2,2,3,2,Returning_Visitor,True,True
1,9.79,0,0.0,27,1010.63,0.0,0.01,0.0,0.0,Dec,2,2,1,2,Returning_Visitor,False,False
0,0.0,1,5.27,28,1399.04,0.02,0.04,0.0,0.03,Mar,2,5,2,1,Returning_Visitor,False,False
3,0.0,0,0.0,22,1481.87,0.0,0.04,0.0,0.4,May,2,5,9,2,Returning_Visitor,False,False
0,0.0,0,0.0,8,582.71,0.05,0.14,0.0,0.0,Dec,1,1,2,1,Returning_Visitor,False,False
1,0.0,1,3.79,0,0.0,0.2,0.14,0.0,0.0,May,1,1,6,2,Returning_Visitor,False,False
2,178.5,2,314.0,35,2340.5,0.0,0.02,6.22,0.0,Nov,2,2,3,4,Returning_Visitor,False,False
3,126.75,0,10.88,22,1495.64,0.03,0.04,0.0,0.0,Dec,3,2,2,3,Returning_Visitor,False,False
3,0.92,0,0.0,25,674.25,0.0,0.02,3.14,0.0,Dec,2,2,7,2,Returning_Visitor,False,False
3,15.2,4,104.8,31,1500.26,0.01,0.03,23.95,0.0,Nov,2,2,3,1,Returning_Visitor,False,True
2,32.7,0,0.0,6,812.35,0.02,0.04,24.16,0.0,Aug,3,2,1,2,Returning_Visitor,False,False
4,57.5,0,12.74,27,608.4,0.01,0.02,7.11,0.03,May,2,2,3,13,Returning_Visitor,False,False
0,0.0,0,8.55,31,881.44,0.04,0.03,0.0,0.0,Oct,3,2,2,13,Returning_Visitor,True,False
10,89.98,0,15.1,96,1304.97,0.0,0.01,6.18,0.03,Oct,2,2,1,2,Returning_Visitor,False,False
7,118.5,0,3.37,28,829.21,0.0,0.02,38.93,0.0,Dec,1,2,1,2,Returning_Visitor,False,False
0,0.0,0,0.0,53,1556.6,0.0,0.03,0.0,0.4,May,2,2,3,6,Returning_Visitor,False,False
0,0.0,0,0.0,7,188.45,0.13,0.14,0.0,0.0,Mar,2,2,3,2,Returning_Visitor,False,False
3,277.17,1,101.17,24,1495.13,0.0,0.01,0.0,0.0,Dec,2,2,4,2,New_Visitor,True,False
0,2.59,1,8.44,7,1278.07,0.02,0.11,0.0,0.03,Dec,2,2,1,2,Returning_Visitor,False,False
2,0.0,0,0.0,87,1197.7,0.0,0.0,38.0,0.03,Nov,2,2,1,2,New_Visitor,False,True
0,100.5,0,0.0,10,332.58,0.0,0.01,0.0,0.0,May,8,13,9,20,Other,False,False
2,71.3,0,0.0,18,813.8,0.01,0.05,0.04,0.8,May,3,2,8,13,Returning_Visitor,False,False
2,287.5,2,12.5,17,979.0,0.01,0.04,0.0,0.03,Oct,1,1,4,3,Returning_Visitor,False,False
6,221.61,0,0.0,27,1447.78,0.0,0.02,0.0,0.0,Dec,1,1,2,2,Returning_Visitor,False,False
2,34.25,0,0.0,55,3227.48,0.0,0.02,0.0,0.03,Nov,2,2,3,2,Returning_Visitor,False,False
0,0.0,0,0.0,12,353.73,0.02,0.04,0.01,0.0,May,2,2,1,1,Returning_Visitor,False,False
0,0.0,2,59.5,34,760.88,0.02,0.04,0.0,0.03,Dec,3,2,1,2,Returning_Visitor,True,False
4,81.28,0,0.0,15,1471.46,0.0,0.01,0.0,0.03,Mar,1,1,5,2,Returning_Visitor,True,False
2,7.0,0,0.91,27,559.4,0.02,0.04,0.0,0.0,Mar,2,4,4,1,Returning_Visitor,True,False
0,0.0,0,0.0,2,114.0,0.05,0.07,1.65,0.8,May,3,3,1,3,Returning_Visitor,False,False
3,119.03,0,696.2,37,1305.53,0.02,0.02,6.32,0.03,Aug,1,2,1,2,Returning_Visitor,True,True
3,136.56,0,6.99,59,3224.82,0.0,0.01,8.57,0.0,Mar,3,2,2,2,Returning_Visitor,False,True
0,0.0,0,0.0,5,415.69,0.01,0.06,0.0,0.0,Dec,3,2,1,2,Returning_Visitor,True,False
3,57.0,0,13.94,42,1458.62,0.0,0.01,26.98,0.03,Mar,2,4,3,1,Returning_Visitor,False,False
0,0.0,0,2.23,6,219.58,0.02,0.04,0.02,0.0,Nov,3,2,1,2,Returning_Visitor,False,False
1,524.75,0,6.02,197,6309.43,0.01,0.01,3.36,0.03,Nov,2,2,1,2,Returning_Visitor,False,True
0,0.0,0,0.66,11,1395.14,0.0,0.07,0.01,0.8,May,2,2,2,2,Returning_Visitor,False,False
0,58.04,0,0.0,6,58.19,0.09,0.14,0.0,0.4,May,3,2,1,13,Returning_Visitor,False,False
0,0.0,0,1.6,33,999.69,0.02,0.05,0.0,0.11,May,2,2,1,13,Returning_Visitor,False,False
1,5.5,6,387.5,25,621.2,0.01,0.01,0.0,0.0,Jul,3,2,1,4,Returning_Visitor,True,False
4,785.22,0,0.0,8,1404.83,0.02,0.01,0.0,0.0,Nov,3,2,3,5,Returning_Visitor,False,False
0,0.0,0,0.0,16,1492.06,0.01,0.04,0.0,0.0,May,2,4,1,3,Returning_Visitor,False,False
3,81.42,0,0.0,12,217.26,0.0,0.02,0.0,0.0,Mar,2,2,1,2,New_Visitor,False,False
6,93.9,0,0.0,19,323.37,0.02,0.03,19.4,0.0,Sep,2,2,3,1,Returning_Visitor,True,False
1,6.0,0,0.0,23,2767.2,0.01,0.01,0.0,0.0,Sep,2,2,7,1,New_Visitor,False,False
0,0.0,0,0.0,25,1464.88,0.03,0.02,88.39,0.0,Nov,3,2,1,20,Returning_Visitor,True,True
4,101.0,0,9.84,14,797.33,0.0,0.0,0.0,0.0,May,3,2,4,4,Returning_Visitor,True,False
0,0.0,0,2.27,7,58.36,0.07,0.09,0.0,0.6,Dec,2,2,4,2,Returning_Visitor,False,False
0,2.64,0,0.0,5,207.1,0.0,0.04,0.0,0.0,Nov,2,2,1,3,Returning_Visitor,False,False
2,81.97,0,12.73,61,2495.61,0.01,0.02,0.0,0.03,Dec,2,2,3,2,Returning_Visitor,False,False
0,0.0,0,0.0,5,298.0,0.02,0.05,0.0,0.03,Nov,3,2,1,3,Returning_Visitor,False,False
0,5.72,0,0.0,8,111.67,0.0,0.03,0.0,0.0,Mar,2,2,1,1,Returning_Visitor,False,False
3,102.14,0,0.0,4,683.4,0.06,0.04,0.0,0.0,Aug,3,2,6,1,Returning_Visitor,False,False
0,0.0,0,0.96,48,3177.37,0.01,0.04,0.0,0.03,Jul,2,2,5,1,Returning_Visitor,False,False
0,0.0,0,0.0,4,1133.77,0.05,0.04,0.0,0.0,Dec,1,1,2,1,Returning_Visitor,False,False
4,50.07,0,7.82,159,2184.48,0.0,0.01,0.0,0.03,Oct,2,2,4,4,Returning_Visitor,True,False
0,0.0,0,0.0,27,783.25,0.01,0.03,0.0,0.6,May,2,10,3,3,Returning_Visitor,False,False
0,0.0,1,41.0,21,459.67,0.0,0.01,18.27,0.0,May,2,2,1,4,Returning_Visitor,False,True
3,83.0,0,0.0,18,727.62,0.0,0.01,0.03,0.0,Dec,2,2,5,3,New_Visitor,True,False
3,105.27,0,12.5,36,655.68,0.0,0.01,0.0,0.0,Nov,2,10,7,2,New_Visitor,True,False
0,0.0,0,11.36,6,115.0,0.0,0.05,0.0,0.0,Mar,3,1,1,9,Returning_Visitor,True,False
0,3.26,0,0.0,4,59.36,0.0,0.05,0.0,0.0,Mar,1,1,1,10,Returning_Visitor,False,False
6,65.42,0,0.0,29,1904.54,0.02,0.02,0.0,0.03,Nov,1,1,2,8,Returning_Visitor,False,True
0,3.08,0,0.0,6,81.75,0.0,0.07,0.0,0.0,Nov,2,2,1,3,Returning_Visitor,False,True
4,82.5,4,419.0,22,1005.81,0.0,0.01,0.02,0.0,Mar,2,2,2,2,New_Visitor,True,False
0,0.0,0,4.45,34,1383.17,0.03,0.09,0.0,0.4,May,2,4,3,6,Returning_Visitor,False,False
3,91.0,2,338.0,11,451.0,0.0,0.01,45.75,0.0,Mar,2,2,1,2,New_Visitor,False,True
0,3.74,0,1.59,11,0.0,0.2,0.2,0.0,0.0,Nov,3,2,1,13,Returning_Visitor,True,False
0,0.0,0,1.74,7,233.96,0.0,0.04,0.0,0.03,Mar,2,2,3,3,Returning_Visitor,True,False
4,86.0,0,0.0,46,2450.69,0.02,0.05,0.0,0.0,Mar,1,1,3,3,Returning_Visitor,False,False
0,2.89,0,0.0,6,73.22,0.14,0.14,0.0,0.0,Mar,3,2,2,1,Returning_Visitor,False,False
0,0.0,0,0.0,10,351.75,0.03,0.05,0.01,0.0,Mar,2,2,4,1,Returning_Visitor,True,False
1,261.5,1,55.5,122,3411.96,0.01,0.03,0.0,0.03,Nov,2,2,1,2,Returning_Visitor,False,True
0,184.42,0,4.4,107,6137.15,0.01,0.01,18.23,0.03,June,2,4,3,2,Returning_Visitor,False,False
9,177.2,0,0.0,34,817.43,0.0,0.01,0.0,0.0,Nov,2,2,3,2,Returning_Visitor,False,False
0,0.0,0,0.0,34,1505.26,0.03,0.05,0.0,0.0,Dec,3,2,1,2,Returning_Visitor,True,False
0,7.44,0,0.0,20,1395.26,0.0,0.02,0.0,0.03,Mar,1,1,1,9,New_Visitor,False,False
0,0.0,0,0.0,10,111.42,0.0,0.03,0.0,0.0,May,2,2,1,2,Returning_Visitor,False,False
0,0.0,0,0.0,39,1490.64,0.0,0.01,0.0,0.0,Mar,2,2,2,2,Returning_Visitor,True,False
0,38.04,0,0.0,6,143.5,0.0,0.02,0.0,0.0,Dec,1,1,8,10,Returning_Visitor,False,False
0,0.0,0,0.0,4,210.19,0.0,0.02,0.06,0.0,Dec,1,8,1,6,New_Visitor,False,False
0,0.0,0,0.0,20,426.67,0.0,0.01,0.04,0.0,Feb,2,4,3,2,Returning_Visitor,False,False
2,82.47,0,0.0,21,1469.33,0.0,0.01,0.0,0.0,Mar,2,2,1,3,Returning_Visitor,True,False
3,50.0,0,4.92,15,1491.23,0.0,0.01,0.0,0.0,Mar,2,2,5,2,Returning_Visitor,False,False
3,0.0,1,56.4,14,103.76,0.0,0.02,45.93,0.0,May,2,2,3,20,Returning_Visitor,False,True
6,53.0,0,5.56,40,778.83,0.0,0.01,8.48,0.03,Sep,1,1,1,7,Returning_Visitor,True,False
0,0.0,0,0.0,20,1497.94,0.01,0.04,0.0,0.03,Nov,3,2,5,1,Returning_Visitor,False,False
0,0.0,0,4.63,44,615.0,0.01,0.04,0.0,0.03,Dec,4,1,3,2,Returning_Visitor,False,False
0,0.0,0,0.0,5,1444.33,0.03,0.04,0.0,0.0,Aug,2,2,7,6,Returning_Visitor,False,False
0,0.0,0,0.0,40,1515.08,0.0,0.02,0.0,0.8,May,2,10,1,3,Returning_Visitor,False,False
4,52.5,0,0.0,11,1561.51,0.0,0.07,0.0,0.03,Nov,3,2,2,11,New_Visitor,True,False
0,0.0,0,0.0,3,26.0,0.07,0.05,0.0,0.0,May,3,3,1,3,Returning_Visitor,False,False
0,9.58,0,0.0,6,85.25,0.0,0.01,0.0,0.0,Dec,2,2,3,10,Returning_Visitor,False,False
4,87.0,0,0.0,14,280.5,0.03,0.04,0.13,0.0,May,2,2,1,4,Returning_Visitor,False,False
0,0.0,0,0.64,21,434.5,0.0,0.02,0.0,0.0,Mar,2,2,7,1,Returning_Visitor,False,False
1,82.8,0,0.0,5,65.5,0.03,0.07,0.0,0.0,Nov,1,1,3,3,Returning_Visitor,False,False
1,993.0,0,2.36,28,1529.3,0.0,0.01,0.0,0.0,Mar,1,2,4,2,Returning_Visitor,False,False
3,245.17,0,9.16,129,3098.91,0.0,0.0,9.07,0.03,May,2,4,1,2,Returning_Visitor,False,False
9,208.51,0,11.07,17,1803.65,0.0,0.0,0.05,0.0,Sep,3,2,1,6,New_Visitor,False,False
0,0.0,0,2.14,13,257.52,0.02,0.04,0.0,0.0,Dec,2,2,1,20,Returning_Visitor,False,False
0,1.09,0,2.36,9,834.58,0.0,0.02,0.0,0.0,Mar,2,2,1,2,Returning_Visitor,True,False
0,8.26,0,0.0,8,551.17,0.03,0.04,0.0,0.0,Mar,3,2,2,3,Returning_Visitor,False,False
8,333.07,1,18.0,19,1499.39,0.0,0.02,19.67,0.0,Mar,2,2,1,2,Returning_Visitor,True,False
7,399.25,1,0.77,32,2409.88,0.01,0.02,10.13,0.03,Dec,3,2,1,2,Returning_Visitor,False,False
0,0.0,0,0.0,35,363.5,0.0,0.01,0.0,0.8,May,2,2,2,1,Returning_Visitor,False,False
0,224.31,0,0.0,8,58.73,0.05,0.08,0.0,0.0,Jul,2,2,6,13,Returning_Visitor,False,False
3,73.3,0,14.92,120,2872.72,0.0,0.01,5.92,0.03,Aug,2,2,2,2,Returning_Visitor,False,False
0,0.0,0,0.0,33,1487.71,0.02,0.03,0.01,0.0,May,1,1,4,4,Returning_Visitor,True,False
0,23.2,0,0.0,31,804.04,0.0,0.01,0.0,0.0,May,3,2,1,3,Returning_Visitor,False,False
0,0.0,0,0.0,6,184.0,0.0,0.04,0.0,0.03,Nov,4,1,4,2,Returning_Visitor,False,False
0,30.75,0,21.02,150,4760.78,0.01,0.02,0.0,0.03,Nov,3,2,8,13,Returning_Visitor,False,False
2,227.6,0,0.0,115,5284.82,0.0,0.0,0.0,0.0,Oct,1,2,4,4,Returning_Visitor,False,False
8,505.93,0,0.0,33,1616.55,0.0,0.0,0.0,0.0,Nov,1,1,1,3,Returning_Visitor,False,False
3,5.0,1,135.74,35,1527.13,0.0,0.02,5.77,0.2,Nov,2,10,6,3,Returning_Visitor,False,True
1,5.0,0,23.22,65,2498.83,0.0,0.03,0.0,0.0,Dec,3,2,3,2,Returning_Visitor,True,False
1,5.5,0,3.41,103,1955.17,0.02,0.04,0.0,0.03,June,2,2,9,13,Returning_Visitor,True,False
0,0.0,0,0.0,20,447.05,0.01,0.02,0.03,0.0,Dec,1,2,3,2,New_Visitor,False,True
3,91.67,2,94.17,29,1347.27,0.0,0.01,0.0,0.0,Dec,2,5,1,1,Returning_Visitor,False,False
0,1.36,1,56.0,34,1385.83,0.01,0.02,39.15,0.0,Dec,2,2,1,2,Returning_Visitor,False,True
0,0.0,0,1.13,12,252.42,0.02,0.03,0.01,0.0,May,2,2,1,3,Returning_Visitor,False,False
0,0.0,0,0.0,10,204.6,0.0,0.02,0.02,0.0,Jul,2,2,1,1,Returning_Visitor,False,False
4,84.48,0,0.0,8,202.33,0.0,0.02,0.0,0.61,May,3,2,1,6,Returning_Visitor,True,False
0,0.0,0,0.0,16,203.0,0.0,0.03,0.0,0.03,Nov,4,1,2,3,Returning_Visitor,False,False
0,3.71,0,0.0,19,1484.28,0.0,0.01,0.0,0.11,May,1,2,1,4,Returning_Visitor,False,False
1,0.0,1,386.0,71,1609.94,0.0,0.01,2.78,0.03,Nov,2,2,3,3,Returning_Visitor,False,True
0,0.99,0,0.0,11,474.05,0.0,0.02,53.99,0.0,Nov,2,2,1,11,Returning_Visitor,False,True
3,67.5,0,0.0,34,834.67,0.0,0.01,0.5,0.03,Mar,2,2,2,2,New_Visitor,True,False
0,0.0,0,0.0,29,1503.21,0.0,0.04,0.0,0.03,May,2,4,2,4,Returning_Visitor,False,False
1,18.2,0,0.0,44,725.2,0.01,0.03,24.84,0.0,June,2,2,4,13,Returning_Visitor,False,True
1,4.0,0,0.0,34,652.92,0.01,0.04,0.0,1.0,May,1,1,3,4,Returning_Visitor,True,False
1,3398.75,0,12.22,449,63973.52,0.0,0.03,0.0,0.03,Dec,2,2,1,2,Returning_Visitor,False,False
0,2.37,0,0.0,6,99.0,0.07,0.08,0.01,0.2,May,2,2,2,2,Returning_Visitor,False,False
4,24.17,0,0.0,56,1977.39,0.0,0.01,0.0,0.4,May,2,2,1,4,Returning_Visitor,False,False
1,192.67,4,45.3,153,3812.16,0.0,0.01,5.91,0.03,Dec,2,2,3,2,Returning_Visitor,False,False
4,495.17,0,0.0,29,988.26,0.01,0.01,0.0,0.03,Dec,1,1,6,2,New_Visitor,False,False
0,0.0,0,0.0,33,1111.25,0.01,0.02,0.0,0.0,May,3,2,1,2,Returning_Visitor,False,False
3,108.88,0,0.0,16,1266.5,0.0,0.0,0.0,0.0,Mar,2,2,6,1,Returning_Visitor,False,False
5,75.5,0,0.0,35,1486.61,0.01,0.02,0.0,0.0,Nov,2,4,6,3,Returning_Visitor,False,False
2,81.14,0,0.0,2,37.2,0.0,0.05,0.0,0.0,June,1,1,1,2,Returning_Visitor,False,False
0,2.01,0,0.0,9,1225.5,0.02,0.04,0.0,0.0,Mar,1,2,9,1,Returning_Visitor,False,False
0,0.0,0,0.0,5,0.0,0.2,0.14,0.0,0.4,May,3,2,1,13,Returning_Visitor,False,False
0,0.0,0,0.0,34,1488.64,0.0,0.01,0.0,0.03,Nov,2,4,1,2,Returning_Visitor,False,False
4,0.0,0,0.0,6,222.0,0.0,0.04,0.46,0.0,Dec,8,13,9,20,Other,False,True
0,0.0,0,0.0,36,1489.6,0.01,0.01,0.0,0.2,May,4,1,1,4,Returning_Visitor,False,False
3,88.86,0,0.0,19,1489.65,0.0,0.02,10.46,0.0,Nov,2,2,2,3,Returning_Visitor,False,True
4,338.0,0,0.0,9,1500.04,0.0,0.02,0.0,0.0,Sep,3,2,2,4,Returning_Visitor,True,False
0,4.34,0,0.0,6,19.0,0.0,0.07,0.0,0.0,Jul,2,2,3,3,Returning_Visitor,False,False
10,236.9,0,0.0,19,538.2,0.0,0.03,0.0,0.0,May,2,5,3,6,New_Visitor,False,False
3,377.0,0,0.0,14,634.0,0.0,0.01,0.0,0.0,May,1,1,1,15,New_Visitor,True,False
3,15.2,1,55.4,52,3019.81,0.0,0.0,0.0,0.0,Nov,2,1,1,2,Returning_Visitor,False,False
0,0.0,0,0.0,12,366.5,0.0,0.02,39.03,0.0,Dec,2,2,1,2,New_Visitor,False,True
2,70.5,0,0.0,20,855.67,0.0,0.01,0.0,0.04,Nov,2,2,9,20,New_Visitor,False,False
2,57.0,0,0.0,28,1472.04,0.01,0.02,32.99,0.0,May,1,1,1,4,Returning_Visitor,False,True
3,30.75,0,0.0,17,473.17,0.01,0.02,0.01,0.0,Nov,1,1,3,3,Returning_Visitor,False,False
0,2.28,0,1.59,5,1425.26,0.0,0.04,0.0,0.0,Mar,1,1,9,3,Returning_Visitor,False,False
0,16.59,0,0.0,4,259.0,0.14,0.12,0.0,0.6,May,2,4,3,1,Returning_Visitor,False,False
2,70.6,0,21.21,26,1456.87,0.0,0.01,0.0,0.03,Nov,2,2,4,5,New_Visitor,False,False
3,102.07,2,16.0,36,6223.87,0.0,0.01,15.48,0.04,May,2,2,3,1,Returning_Visitor,False,True
11,208.25,2,8.77,54,2871.1,0.0,0.02,0.0,0.0,Nov,2,2,1,2,Returning_Visitor,False,False
3,112.88,0,0.0,6,134.68,0.0,0.02,0.0,0.0,Nov,1,2,1,2,Returning_Visitor,False,False
3,241.93,0,0.0,35,1000.8,0.01,0.01,34.13,0.0,Dec,4,2,1,6,Returning_Visitor,False,False
3,37.0,0,9.25,34,1480.54,0.03,0.05,0.0,0.0,Nov,2,2,3,2,Returning_Visitor,False,False
0,0.0,0,1.44,10,349.96,0.0,0.06,0.0,0.0,Dec,1,1,1,1,Returning_Visitor,False,False
2,0.0,0,0.0,16,1472.0,0.02,0.04,0.01,0.06,May,2,6,1,1,Returning_Visitor,False,False
2,46.4,0,0.0,34,463.36,0.0,0.01,46.34,0.03,Sep,2,2,7,2,Returning_Visitor,False,True
0,1.15,0,0.0,25,375.6,0.0,0.0,0.0,0.4,May,2,2,1,4,Returning_Visitor,False,False
0,0.0,0,0.0,23,329.25,0.13,0.08,38.83,0.0,Dec,3,2,4,1,Returning_Visitor,False,True
3,227.53,3,91.8,66,3025.52,0.02,0.03,7.37,0.04,Mar,3,2,3,6,Returning_Visitor,False,True
0,2.92,0,0.0,2,221.97,0.0,0.1,0.09,0.0,Mar,2,4,3,3,Returning_Visitor,False,False
0,0.0,0,0.0,1,0.0,0.2,0.1,0.11,0.0,Aug,2,4,4,4,Returning_Visitor,False,False
0,0.0,0,0.0,10,89.82,0.2,0.14,0.03,0.0,May,1,1,4,10,Returning_Visitor,True,False
0,0.0,0,0.0,6,47.25,0.0,0.03,0.01,0.0,Dec,2,5,1,1,Returning_Visitor,False,False
0,0.0,0,0.0,3,58.11,0.07,0.13,0.0,0.0,Nov,2,5,3,10,Returning_Visitor,False,False
3,16.0,0,8.66,29,423.17,0.02,0.04,0.0,0.0,Dec,3,2,6,3,Returning_Visitor,True,False
3,161.25,0,0.0,32,1038.8,0.0,0.02,59.97,0.2,May,1,1,4,2,Returning_Visitor,False,True
5,123.92,0,0.0,14,187.92,0.0,0.02,0.0,0.0,May,1,1,3,3,Returning_Visitor,False,False
0,0.0,0,0.0,27,1838.15,0.05,0.06,0.0,0.0,June,3,2,2,3,Returning_Visitor,False,False
0,118.54,0,0.0,2,0.0,0.2,0.2,0.0,0.0,Dec,2,2,1,3,Returning_Visitor,False,False
5,39.83,0,0.0,34,2348.81,0.02,0.06,0.0,0.03,Dec,2,2,3,1,Returning_Visitor,False,False
3,90.94,0,0.0,35,1547.07,0.0,0.04,0.57,0.03,Nov,3,2,1,5,New_Visitor,False,True
0,0.0,0,0.0,5,31.0,0.07,0.14,0.0,0.05,May,2,2,4,3,Returning_Visitor,False,False
2,333.54,0,0.0,12,1266.47,0.0,0.01,19.63,0.0,Nov,2,4,5,2,New_Visitor,False,True
0,0.0,0,0.0,8,358.03,0.0,0.06,0.0,0.03,Mar,2,4,2,1,Returning_Visitor,False,False
3,316.8,0,0.0,26,1470.15,0.01,0.02,5.98,0.0,May,2,2,3,2,Returning_Visitor,False,False
1,76.0,0,11.52,37,821.33,0.0,0.01,0.0,0.0,May,2,2,4,4,Returning_Visitor,False,False
0,0.87,0,0.0,20,2280.83,0.02,0.04,0.0,0.0,May,1,1,1,4,Returning_Visitor,False,False
11,480.69,0,38.75,34,1489.81,0.01,0.01,3.61,0.03,Nov,1,1,2,3,Returning_Visitor,False,False
5,399.2,2,119.39,42,1713.22,0.0,0.02,17.59,0.0,June,2,2,6,13,Returning_Visitor,False,False
0,0.0,0,0.0,8,20.2,0.1,0.17,0.01,0.04,June,3,2,1,1,Returning_Visitor,False,False
4,87.43,0,2.01,3,21.25,0.01,0.05,0.01,0.0,May,1,1,2,8,New_Visitor,True,True
0,0.0,0,0.0,48,4293.83,0.01,0.03,0.01,0.04,Nov,2,2,1,2,New_Visitor,True,False
0,0.0,0,0.0,16,1483.46,0.0,0.03,21.59,0.8,May,2,2,9,4,New_Visitor,False,True
5,81.25,0,0.0,12,231.18,0.0,0.01,0.0,0.0,Mar,2,2,1,2,New_Visitor,True,False
5,46.0,0,9.62,35,1514.67,0.01,0.01,39.15,0.0,May,2,2,3,6,Returning_Visitor,True,True
0,49.62,0,0.0,1,0.0,0.14,0.13,0.0,0.0,Dec,1,1,1,3,New_Visitor,False,False
3,344.49,0,4.47,182,5402.79,0.0,0.01,16.28,0.03,Dec,3,2,1,2,Returning_Visitor,False,False
8,171.75,2,129.21,49,1710.98,0.0,0.03,0.0,0.0,Nov,2,2,1,1,Returning_Visitor,False,False
9,527.0,3,173.46,26,1632.53,0.0,0.04,0.0,0.0,Nov,3,2,1,2,Returning_Visitor,False,False
1,25.0,0,6.17,31,1570.5,0.0,0.0,13.07,0.0,May,2,2,6,4,Returning_Visitor,True,True
0,0.0,0,0.0,0,0.0,0.18,0.18,0.0,0.0,Dec,2,2,7,6,Returning_Visitor,False,False
0,6.23,0,0.0,14,343.52,0.0,0.03,0.0,0.0,Jul,3,2,8,1,Returning_Visitor,True,False
3,251.0,2,90.46,15,2034.15,0.0,0.0,0.0,0.0,May,2,10,6,1,Returning_Visitor,False,False
5,454.0,1,17.0,29,1514.6,0.02,0.03,0.0,0.0,May,3,2,1,6,Returning_Visitor,False,False
5,34.5,0,5.46,6,154.5,0.01,0.01,0.01,0.0,Dec,3,2,4,2,Returning_Visitor,False,False
3,296.0,0,0.0,11,1511.55,0.0,0.01,28.4,0.0,May,2,2,8,2,New_Visitor,True,True
0,0.0,2,24.0,15,1075.5,0.0,0.02,0.0,0.0,May,6,2,1,2,Returning_Visitor,True,False
2,80.85,1,0.0,34,738.91,0.0,0.02,0.0,0.0,Nov,3,2,1,2,Returning_Visitor,False,False
1,0.0,0,0.0,4,44.0,0.0,0.05,0.56,0.04,Nov,2,4,3,2,New_Visitor,True,False
3,54.5,4,322.21,14,678.5,0.0,0.01,0.0,0.6,May,3,2,3,2,Returning_Visitor,False,False
0,0.0,1,165.0,12,833.0,0.0,0.02,34.49,0.8,May,2,2,1,4,Returning_Visitor,False,True
3,40.2,0,0.0,3,41.3,0.0,0.01,0.0,0.0,Oct,2,2,1,2,Returning_Visitor,True,False
0,0.59,0,0.0,34,748.57,0.02,0.04,0.0,0.0,Mar,2,2,1,2,Returning_Visitor,False,False
0,0.0,0,0.91,38,1417.67,0.02,0.05,0.04,1.0,May,2,6,3,6,Returning_Visitor,True,False
1,85.58,0,0.0,18,349.54,0.0,0.03,0.04,0.03,May,2,2,3,3,Returning_Visitor,False,False
0,0.0,0,0.0,2,62.82,0.0,0.1,0.02,0.0,Mar,2,2,1,2,Returning_Visitor,False,False
4,80.84,0,0.0,31,806.5,0.0,0.01,9.75,0.0,May,2,4,1,13,Returning_Visitor,False,True
6,82.14,0,0.0,12,1077.21,0.0,0.01,0.0,0.0,Nov,2,2,9,4,Returning_Visitor,False,False
0,0.0,0,0.0,2,5.0,0.0,0.02,0.0,0.0,Nov,2,4,1,5,New_Visitor,True,False
3,35.3,0,0.0,3,18.1,0.03,0.06,0.0,0.03,May,3,2,3,3,Returning_Visitor,True,True
2,65.17,0,16.49,123,6492.23,0.0,0.01,10.69,0.03,Nov,2,1,1,2,Returning_Visitor,False,True
8,102.67,0,0.0,49,4051.38,0.01,0.02,0.0,0.03,May,2,4,7,4,Returning_Visitor,False,False
4,89.59,0,1.76,11,277.98,0.0,0.01,0.0,0.0,Mar,3,2,3,3,Returning_Visitor,True,False
0,2.34,0,0.0,5,112.0,0.0,0.14,0.0,0.6,May,2,2,4,3,Returning_Visitor,False,False
1,44.0,0,2.22,1,134.61,0.0,0.07,0.0,0.0,Sep,1,1,1,5,New_Visitor,False,True
0,0.0,0,0.0,16,1483.61,0.01,0.03,0.0,0.52,May,1,1,2,4,Returning_Visitor,False,False
1,6.0,0,0.0,6,45.5,0.06,0.11,0.0,0.0,Mar,1,1,3,3,Returning_Visitor,False,False
0,2.51,0,0.0,3,60.13,0.0,0.07,0.01,0.07,May,1,2,3,2,Returning_Visitor,True,False
4,95.69,0,0.0,2,13.0,0.0,0.03,0.0,0.03,Dec,2,10,4,2,New_Visitor,False,True
10,179.45,7,277.63,37,829.19,0.0,0.01,6.24,0.0,Nov,2,2,3,2,Returning_Visitor,True,False
0,0.0,2,56.0,9,379.0,0.0,0.04,0.0,0.04,May,3,2,8,4,Returning_Visitor,False,False
9,140.5,0,0.0,35,1090.49,0.01,0.02,0.0,0.03,Mar,1,1,3,2,Returning_Visitor,True,False
3,81.6,0,0.0,9,1519.95,0.01,0.02,0.0,0.0,Nov,2,2,2,3,New_Visitor,False,False
7,142.35,0,0.0,73,3566.99,0.0,0.0,23.15,0.03,Oct,2,5,3,5,New_Visitor,False,True
3,369.38,2,59.0,19,1328.5,0.03,0.03,14.78,0.0,May,1,2,1,13,Returning_Visitor,False,False
1,43.0,0,3.45,34,1505.17,0.0,0.01,0.0,0.0,Mar,2,2,4,8,New_Visitor,False,False
1,89.81,0,0.0,5,215.47,0.0,0.01,0.0,0.0,Mar,3,2,8,2,New_Visitor,True,False
0,0.0,0,0.69,1,0.0,0.2,0.14,0.0,0.0,Dec,2,2,8,1,Returning_Visitor,True,False
2,154.5,0,1.02,7,108.42,0.0,0.01,0.0,0.0,Mar,1,2,9,2,New_Visitor,False,False
4,81.0,0,0.0,95,2354.98,0.0,0.01,6.02,0.0,Dec,3,2,1,2,Returning_Visitor,True,False
2,28.0,0,11.63,25,384.16,0.0,0.01,0.0,0.0,May,2,2,4,4,Returning_Visitor,False,False
0,0.0,0,1.51,10,11.0,0.0,0.1,0.03,0.0,Jul,2,2,1,1,Returning_Visitor,True,False
0,0.0,0,0.0,4,204.74,0.0,0.0,67.99,0.0,Jul,1,1,1,2,Returning_Visitor,False,True
0,1.83,0,0.0,6,1156.5,0.0,0.03,0.01,0.05,Nov,2,2,1,20,Returning_Visitor,False,False
0,6.22,0,0.0,2,6.87,0.2,0.2,0.0,0.0,May,2,2,1,3,Returning_Visitor,False,False
0,1.52,0,0.26,35,234.0,0.05,0.1,0.0,0.4,May,2,5,1,4,Returning_Visitor,False,False
2,82.33,0,4.22,6,1564.0,0.03,0.07,0.0,0.0,May,3,2,2,13,Returning_Visitor,False,False
2,4.0,3,12.0,16,1012.96,0.0,0.02,0.34,0.0,Mar,2,2,7,10,Returning_Visitor,False,False
0,0.0,0,0.0,1,63.83,0.14,0.2,0.0,0.0,May,2,2,1,13,Returning_Visitor,True,False
1,82.16,0,0.7,10,277.04,0.0,0.02,0.07,0.04,Dec,1,1,8,8,New_Visitor,False,False
0,108.61,0,0.0,1,0.0,0.2,0.2,0.0,0.0,Dec,3,2,3,1,Returning_Visitor,True,False
4,77.6,0,0.0,39,1477.15,0.04,0.07,0.78,0.0,Nov,3,2,4,3,Returning_Visitor,False,False
0,0.0,0,0.0,3,63.59,0.0,0.07,0.03,0.2,May,2,2,2,5,Returning_Visitor,False,False
7,119.0,0,125.71,67,2421.06,0.0,0.01,0.9,0.03,May,2,2,3,2,Returning_Visitor,False,False
8,125.17,0,0.0,34,1802.25,0.01,0.01,0.0,0.0,Mar,2,2,1,8,Returning_Visitor,True,False
0,0.0,0,0.0,3,255.0,0.0,0.07,0.01,0.0,May,2,2,3,4,Returning_Visitor,False,False
0,0.0,0,0.0,50,2617.23,0.0,0.0,53.23,0.0,May,4,1,3,2,New_Visitor,True,True
3,248.0,1,0.0,44,815.47,0.0,0.02,0.0,0.04,May,2,2,1,3,Returning_Visitor,False,False
3,91.97,0,0.0,5,91.0,0.0,0.02,0.01,0.0,May,2,2,3,18,Returning_Visitor,True,False
6,86.39,0,189.3,15,304.7,0.02,0.04,0.59,0.0,June,2,2,1,4,Returning_Visitor,False,True
10,150.21,0,0.0,11,221.21,0.0,0.01,0.0,0.0,Nov,2,2,4,2,New_Visitor,False,False
1,54.4,2,505.6,21,1490.29,0.0,0.0,0.0,0.0,Nov,2,2,3,2,Returning_Visitor,True,False
10,494.53,0,0.0,33,1442.19,0.0,0.02,9.58,0.0,Nov,2,5,2,3,Returning_Visitor,True,True
3,57.42,3,55.0,11,281.42,0.0,0.05,0.0,0.0,Nov,2,2,4,2,Returning_Visitor,False,False
0,3.01,0,0.0,6,136.53,0.0,0.07,0.0,0.0,May,1,1,1,3,Returning_Visitor,False,False
9,174.21,1,4.02,127,9018.12,0.01,0.02,0.0,0.03,Nov,1,2,1,1,Returning_Visitor,False,False
3,130.35,1,21.2,6,210.33,0.0,0.02,0.0,0.03,June,2,2,5,2,New_Visitor,False,True
4,92.5,1,88.9,11,577.6,0.01,0.01,0.11,0.0,May,3,2,1,2,New_Visitor,False,False
0,2.84,0,0.0,2,1121.5,0.0,0.06,0.08,0.0,Nov,8,2,3,3,Returning_Visitor,False,False
5,210.5,0,9.94,131,2749.06,0.01,0.02,8.96,0.03,May,2,2,2,2,Returning_Visitor,False,False
2,503.14,5,1.93,7,340.0,0.05,0.04,0.0,0.4,May,3,2,1,13,Returning_Visitor,False,False
0,0.0,0,0.39,5,681.91,0.0,0.08,0.21,1.0,May,2,2,5,1,Returning_Visitor,True,False
1,101.71,0,0.0,10,349.83,0.0,0.01,0.0,0.03,Nov,3,2,8,8,New_Visitor,False,False
1,47.5,0,0.0,29,1202.88,0.0,0.03,0.0,0.03,Dec,1,1,8,3,Returning_Visitor,False,False
3,21.25,0,0.0,33,968.64,0.02,0.02,0.0,0.03,Nov,3,2,1,8,Returning_Visitor,True,False
0,0.0,0,0.11,32,849.75,0.08,0.11,0.0,0.8,May,2,2,3,4,Returning_Visitor,False,False
3,19.0,0,0.0,53,2544.17,0.01,0.02,0.0,0.04,May,2,2,3,2,Returning_Visitor,False,False
0,1.59,0,0.0,38,1656.61,0.02,0.04,0.0,0.0,Dec,3,2,1,2,Returning_Visitor,True,False
3,66.83,0,34.26,52,3075.98,0.01,0.02,0.0,0.03,Nov,2,2,3,1,Returning_Visitor,False,True
0,0.0,0,0.0,15,453.21,0.07,0.13,0.0,0.8,May,3,2,1,3,Returning_Visitor,False,False
0,3.52,0,11.01,7,61.33,0.02,0.07,0.0,0.05,May,1,2,1,2,Returning_Visitor,True,False
1,72.6,0,0.0,44,1256.82,0.0,0.02,0.0,0.0,Nov,1,1,4,5,New_Visitor,False,False
3,81.75,0,0.0,69,2183.01,0.01,0.03,0.0,0.03,Aug,2,2,5,6,Returning_Visitor,False,False
0,55.55,0,0.0,1,0.0,0.2,0.2,0.0,0.0,Feb,4,1,9,3,Returning_Visitor,False,False
3,6.0,0,0.0,42,1519.79,0.0,0.03,0.0,0.0,Mar,2,2,6,1,Returning_Visitor,False,False
3,164.93,5,467.84,64,1899.6,0.01,0.03,5.61,0.0,Nov,3,2,1,2,Returning_Visitor,True,False
2,720.5,2,25.66,220,10580.34,0.0,0.02,0.0,0.03,Nov,2,2,1,2,Returning_Visitor,False,False
0,0.0,0,1.26,3,20.0,0.0,0.07,0.0,0.0,Mar,2,2,2,1,Returning_Visitor,True,False
3,80.63,0,0.0,12,180.75,0.0,0.01,0.0,0.0,Nov,2,2,1,2,New_Visitor,False,False
0,0.0,0,0.0,5,57.56,0.14,0.1,0.0,0.4,May,2,2,1,13,Returning_Visitor,False,False
4,156.27,4,90.0,35,1491.4,0.0,0.01,0.0,0.0,Mar,3,2,4,2,Returning_Visitor,False,False
0,0.0,0,0.0,1,0.0,0.2,0.2,0.0,0.04,May,1,2,3,2,Returning_Visitor,False,False
0,0.0,0,0.0,1,0.0,0.2,0.02,0.33,0.0,Nov,2,4,1,10,Returning_Visitor,True,False
1,20.0,1,62.22,50,1404.46,0.01,0.04,0.0,0.05,Dec,2,2,2,2,Returning_Visitor,True,False
7,83.06,2,13.0,13,1549.51,0.03,0.03,0.0,0.0,Aug,2,2,3,1,Returning_Visitor,True,False
1,18.0,0,0.0,62,1536.16,0.0,0.03,39.1,0.0,Nov,2,10,1,2,Returning_Visitor,False,True
5,105.14,0,0.0,41,2303.18,0.01,0.02,0.0,0.0,Dec,2,2,1,2,Returning_Visitor,True,False
3,3.74,0,0.0,16,129.33,0.0,0.01,0.03,0.6,May,2,6,1,1,Returning_Visitor,False,False
4,95.43,0,5.51,34,1599.99,0.0,0.0,67.27,0.03,Dec,2,4,6,2,Returning_Visitor,False,True
0,0.0,0,0.0,2,2568.25,0.0,0.13,0.25,0.0,May,3,2,1,3,New_Visitor,False,False
0,1.85,0,0.0,34,1483.5,0.0,0.03,0.0,0.0,Mar,2,2,1,1,Returning_Visitor,False,False
1,13.73,0,0.0,34,1488.85,0.0,0.01,0.0,0.0,Nov,2,4,1,3,Returning_Visitor,False,False
0,0.0,0,0.0,34,1492.17,0.02,0.06,0.0,0.0,May,2,2,3,2,Returning_Visitor,False,False
3,43.62,0,184.01,81,3624.06,0.01,0.01,11.33,0.0,Nov,2,1,1,2,Returning_Visitor,False,True
1,90.0,1,34.0,57,1092.36,0.0,0.01,19.12,0.04,May,2,2,7,4,Returning_Visitor,False,True
0,3.88,0,0.21,38,454.29,0.0,0.01,0.0,0.6,May,2,2,1,3,Returning_Visitor,False,False
2,143.25,0,0.0,35,2508.41,0.0,0.01,54.16,0.0,Nov,2,2,7,2,Returning_Visitor,False,True
5,0.0,0,0.0,33,348.43,0.02,0.04,0.0,0.0,Nov,1,8,6,11,Returning_Visitor,False,True
0,0.0,0,0.29,1,0.0,0.14,0.14,0.03,0.03,Dec,3,2,3,1,Returning_Visitor,False,False
0,1.34,0,0.0,16,385.5,0.0,0.01,0.02,0.0,Dec,2,2,4,1,Returning_Visitor,False,False
3,147.73,0,0.0,11,592.25,0.0,0.02,218.86,0.0,Dec,1,1,5,3,New_Visitor,False,True
0,0.0,0,0.0,21,1275.9,0.05,0.14,0.0,0.0,Sep,2,4,5,1,Returning_Visitor,True,False
3,81.78,1,188.16,24,1533.68,0.0,0.02,20.14,0.0,May,2,2,3,2,Returning_Visitor,False,True
5,850.0,0,4.4,20,1893.47,0.0,0.02,0.02,0.0,Oct,2,4,9,2,Returning_Visitor,False,False
1,16.0,0,3.84,77,3586.83,0.0,0.01,0.0,0.03,Mar,2,2,1,2,Returning_Visitor,False,False
9,415.09,0,0.0,83,1543.42,0.03,0.06,10.15,0.04,Sep,2,2,4,1,Returning_Visitor,True,False
0,0.0,3,186.66,35,1621.77,0.01,0.04,0.01,0.03,Nov,2,2,1,2,Returning_Visitor,True,False
0,0.0,0,0.0,19,1040.2,0.0,0.01,115.98,0.04,May,2,2,6,2,New_Visitor,True,True
1,63.5,0,0.0,7,57.79,0.0,0.02,0.0,0.0,Dec,1,1,2,2,New_Visitor,False,False
3,79.33,3,242.06,17,1142.82,0.01,0.02,62.17,0.0,Mar,3,2,7,2,Returning_Visitor,False,False
3,85.58,0,0.0,3,18.0,0.0,0.04,0.0,0.0,Dec,2,4,1,8,Other,False,False
0,1.05,0,1.9,1,3.31,0.2,0.2,0.0,0.0,Mar,1,1,1,1,Returning_Visitor,False,False
3,84.0,0,0.0,34,235.12,0.0,0.02,0.01,0.6,May,1,1,3,2,New_Visitor,False,False
0,0.0,0,0.0,3,55.0,0.07,0.13,0.0,0.6,May,1,1,4,3,Returning_Visitor,False,False
5,72.43,1,72.0,33,1143.66,0.0,0.02,4.23,0.0,May,2,2,2,1,Returning_Visitor,True,False
2,5.0,0,0.0,3,1618.65,0.0,0.07,0.0,1.0,May,2,2,2,5,Returning_Visitor,True,False
0,0.0,0,0.0,5,819.5,0.0,0.04,0.0,0.0,Mar,2,2,1,2,Returning_Visitor,True,False
0,0.0,0,4.59,34,1130.93,0.0,0.02,0.0,0.0,Dec,2,2,1,2,New_Visitor,False,False
1,73.54,0,0.0,0,48.86,0.0,0.07,0.0,0.0,Nov,1,1,1,3,Returning_Visitor,True,True
1,12.0,0,0.0,34,1493.66,0.0,0.01,11.66,0.03,Nov,2,2,1,2,Returning_Visitor,False,True
0,0.0,0,0.0,7,59.96,0.0,0.03,0.0,0.04,Dec,1,1,1,2,Returning_Visitor,True,False
0,0.0,1,0.0,34,581.5,0.01,0.05,0.0,0.0,Sep,2,2,1,1,Returning_Visitor,True,False
3,125.98,0,0.0,72,1822.87,0.01,0.02,11.35,0.03,June,2,2,2,1,Returning_Visitor,False,False
0,0.0,0,0.0,12,206.7,0.02,0.04,0.01,0.03,Nov,3,2,1,13,Returning_Visitor,False,False
0,1.03,0,3.05,34,795.0,0.02,0.03,0.0,0.0,Nov,3,2,9,6,Returning_Visitor,True,False
11,498.9,0,147.17,43,1090.06,0.0,0.01,4.76,0.0,May,3,2,4,8,Returning_Visitor,False,False
0,0.0,0,0.0,1,3.28,0.2,0.2,0.0,0.0,May,1,1,4,3,Returning_Visitor,False,False
1,81.0,0,10.33,135,3359.62,0.0,0.02,0.0,0.0,Nov,2,2,3,1,Returning_Visitor,False,True
4,80.96,0,0.0,5,61.4,0.0,0.01,0.06,0.0,Nov,2,2,4,4,New_Visitor,False,False
0,0.0,0,0.0,34,2354.96,0.0,0.02,0.0,0.0,Nov,2,2,1,2,New_Visitor,True,False
2,81.98,0,0.0,13,1471.62,0.0,0.02,0.0,0.0,Mar,2,2,1,1,Returning_Visitor,False,False
0,0.0,0,0.0,24,580.2,0.0,0.01,17.13,0.03,Mar,2,2,1,1,Returning_Visitor,False,True
0,33.9,0,0.0,33,1487.75,0.0,0.02,0.0,0.0,Dec,2,2,7,8,New_Visitor,True,False
0,0.0,0,0.0,23,332.73,0.02,0.07,0.02,0.6,May,2,2,1,3,Returning_Visitor,False,False
3,32.0,0,0.0,14,961.37,0.0,0.0,55.82,0.0,Sep,2,4,6,2,New_Visitor,False,False
0,7.15,0,0.0,15,549.0,0.08,0.13,0.0,0.0,Mar,2,10,1,3,Returning_Visitor,False,False
3,95.71,2,80.5,33,1883.44,0.0,0.02,0.01,0.03,Nov,3,12,1,6,Returning_Visitor,True,True
1,89.77,0,0.64,27,1061.55,0.0,0.02,43.3,0.0,Aug,2,2,1,5,Returning_Visitor,False,True
0,0.0,0,0.0,3,57.0,0.0,0.04,0.0,0.2,May,2,5,1,2,Returning_Visitor,False,False
2,80.07,0,11.04,113,3282.58,0.01,0.02,45.55,0.0,Aug,2,2,3,2,Returning_Visitor,False,False
0,0.0,0,0.0,1,6.32,0.2,0.07,0.0,0.0,Nov,2,4,1,2,Returning_Visitor,False,False
0,0.0,0,0.0,5,58.11,0.0,0.05,0.01,0.0,Dec,2,2,1,20,Returning_Visitor,False,False
2,15.0,0,0.0,7,50.5,0.0,0.04,0.0,0.0,Mar,2,2,1,3,Returning_Visitor,False,False
4,60.0,3,37.83,21,868.02,0.0,0.01,40.73,0.04,Dec,1,1,1,2,Returning_Visitor,False,True
8,459.33,0,0.0,25,1489.54,0.0,0.01,39.14,0.03,Nov,2,2,7,8,Returning_Visitor,False,True
3,110.79,0,6.74,230,9050.46,0.01,0.02,2.66,0.03,June,2,2,6,2,Returning_Visitor,False,False
6,337.0,3,9.85,261,14150.55,0.01,0.03,0.95,0.03,Nov,2,2,3,2,Returning_Visitor,False,True
0,0.0,0,0.0,15,1559.6,0.0,0.03,0.0,0.0,Mar,2,4,1,1,Returning_Visitor,False,False
0,0.0,0,0.0,50,1149.43,0.01,0.03,4.55,0.03,May,4,2,1,4,Returning_Visitor,False,True
0,15.0,0,0.0,2,142.96,0.0,0.1,0.0,0.0,Jul,2,2,8,13,Returning_Visitor,True,False
0,0.0,0,0.0,39,1294.6,0.0,0.01,0.01,0.03,Nov,3,2,1,20,Returning_Visitor,True,False
3,113.48,2,108.0,51,1742.33,0.0,0.01,0.0,0.0,May,1,1,1,2,Returning_Visitor,True,False
3,26.0,1,0.0,55,872.4,0.0,0.02,0.0,0.0,Mar,2,5,1,1,Returning_Visitor,False,False
0,0.0,0,0.0,9,332.39,0.01,0.04,0.0,0.03,June,1,1,1,20,Returning_Visitor,True,False
0,0.0,0,2.21,10,1462.02,0.0,0.02,0.05,0.0,Mar,2,2,1,10,Returning_Visitor,False,False
8,160.5,2,1467.0,26,1752.15,0.02,0.03,5.64,0.03,Dec,2,2,3,1,Returning_Visitor,False,False
3,9.5,0,0.0,25,1642.19,0.0,0.04,3.3,0.03,June,2,2,2,3,Returning_Visitor,False,False
7,135.28,3,92.33,35,892.72,0.0,0.0,31.14,0.0,Oct,3,2,1,5,Returning_Visitor,False,False
4,353.5,0,0.0,34,1499.79,0.0,0.01,0.0,0.0,Nov,1,1,1,2,Returning_Visitor,False,False
0,8.85,0,11.0,54,1698.72,0.0,0.02,0.0,0.0,Sep,1,1,3,2,Returning_Visitor,True,False
0,0.0,0,0.0,11,782.5,0.0,0.01,0.0,0.0,Dec,1,1,3,2,New_Visitor,False,False
0,0.0,0,0.0,10,1477.74,0.0,0.03,38.21,0.0,May,2,2,3,4,Returning_Visitor,False,True
3,67.0,0,0.0,12,353.0,0.0,0.01,0.01,0.0,Mar,2,2,3,2,New_Visitor,False,False
0,0.0,0,0.0,2,0.0,0.0,0.14,0.0,0.8,May,2,2,1,13,Returning_Visitor,False,False
0,178.17,4,162.67,4,214.83,0.01,0.02,0.0,0.0,Dec,2,2,2,1,Returning_Visitor,False,False
0,0.0,0,0.0,27,1489.5,0.0,0.02,0.0,0.0,Sep,1,1,1,3,Returning_Visitor,False,False
0,0.0,0,3.24,37,1490.4,0.02,0.04,0.0,1.0,May,2,2,1,13,Returning_Visitor,True,False
2,81.2,0,0.0,3,66.4,0.0,0.04,0.01,0.03,Oct,1,1,1,3,Returning_Visitor,True,False
0,0.0,1,50.79,46,4053.09,0.01,0.03,0.0,0.03,Mar,1,1,1,2,Returning_Visitor,False,False
4,62.67,0,2.41,34,1493.26,0.0,0.01,0.0,0.03,Dec,1,1,1,2,Returning_Visitor,False,False
2,634.5,0,13.9,172,7017.19,0.0,0.02,0.0,0.03,Nov,2,4,1,2,Returning_Visitor,False,False
4,193.4,0,0.0,9,364.7,0.0,0.02,0.0,0.03,Oct,2,2,1,4,Returning_Visitor,False,False
0,3.38,0,0.0,2,34.0,0.0,0.05,0.02,0.4,Mar,3,2,2,3,Returning_Visitor,False,False
0,0.0,0,0.92,6,213.79,0.03,0.08,0.0,0.0,Nov,3,2,1,2,Returning_Visitor,False,False
9,389.54,3,150.51,108,4033.47,0.01,0.01,24.03,0.03,May,3,2,9,2,Returning_Visitor,False,True
11,504.2,0,10.45,149,6082.87,0.01,0.03,0.0,0.03,Nov,1,1,3,2,Returning_Visitor,False,False
0,0.0,0,2.91,90,1492.18,0.02,0.04,0.0,0.03,Nov,2,2,7,1,Returning_Visitor,False,True
0,0.0,0,9.17,13,266.8,0.02,0.03,0.01,0.0,Jul,2,5,7,3,Returning_Visitor,False,False
0,0.0,0,0.0,4,158.0,0.05,0.1,0.0,0.0,May,2,2,4,13,Returning_Visitor,False,False
0,0.0,0,0.0,60,3386.0,0.03,0.06,0.0,0.8,May,2,2,1,6,Returning_Visitor,False,False
0,0.0,0,0.0,1,9.74,0.2,0.2,0.0,0.0,May,2,2,6,13,Returning_Visitor,False,False
0,0.0,0,0.0,1,5.42,0.2,0.2,0.12,0.03,Mar,3,2,3,2,Returning_Visitor,False,False
4,120.0,0,0.0,13,293.0,0.0,0.01,0.0,0.03,Mar,1,2,1,10,Returning_Visitor,False,False
8,259.28,2,96.55,33,1854.24,0.0,0.02,22.22,0.04,Nov,3,2,9,6,Returning_Visitor,False,False
3,59.79,0,12.5,34,752.56,0.0,0.01,0.02,0.0,Nov,2,2,1,2,New_Visitor,False,False
12,255.52,0,0.0,21,436.86,0.0,0.01,0.0,0.0,Oct,2,2,7,8,Returning_Visitor,True,False
5,488.46,0,0.2,56,3327.54,0.01,0.02,0.0,0.0,Mar,2,2,3,1,Returning_Visitor,False,False
0,0.0,0,0.0,32,1489.75,0.01,0.04,0.0,0.0,Mar,2,2,3,1,Returning_Visitor,False,False
9,81.23,1,110.33,14,212.83,0.01,0.03,0.08,0.03,Sep,3,2,1,11,Returning_Visitor,True,False
3,44.0,0,0.0,6,207.58,0.0,0.01,0.89,0.0,May,2,4,1,2,New_Visitor,False,False
7,297.6,0,7.45,66,3572.24,0.0,0.01,7.77,0.0,Oct,2,2,8,2,Returning_Visitor,False,False
4,316.5,0,0.0,8,298.69,0.0,0.0,0.28,0.0,May,3,2,3,2,Returning_Visitor,True,False
0,0.0,0,0.0,18,628.83,0.0,0.01,0.0,0.03,Mar,1,1,2,2,Returning_Visitor,True,False
0,0.61,0,0.0,5,54.5,0.0,0.04,0.0,0.0,Dec,2,2,1,2,New_Visitor,False,False
1,5.0,2,84.03,31,5276.23,0.02,0.03,0.0,0.04,Dec,2,2,9,3,Returning_Visitor,False,False
4,81.08,0,0.0,4,138.8,0.0,0.0,0.0,0.0,May,1,1,1,2,New_Visitor,True,False
9,68.4,0,120.12,30,728.87,0.04,0.06,0.0,0.0,Oct,3,2,3,20,Returning_Visitor,True,False
9,335.17,0,14.96,130,6235.07,0.01,0.02,0.0,0.03,Nov,1,1,1,2,Returning_Visitor,False,False
1,113.0,0,0.0,34,1511.02,0.0,0.03,0.0,0.6,Nov,2,2,1,2,Returning_Visitor,False,False
0,0.0,0,0.0,2,345.73,0.0,0.1,0.0,0.0,May,2,2,7,3,Returning_Visitor,False,False
3,11.99,2,16.2,32,1413.16,0.03,0.04,15.82,0.03,Nov,3,2,1,20,Returning_Visitor,False,True
0,1.7,0,0.0,13,129.5,0.02,0.05,0.0,0.0,Nov,2,2,3,1,Returning_Visitor,False,False
0,70.97,0,5.71,13,222.5,0.0,0.01,0.0,0.0,May,2,2,7,2,Returning_Visitor,False,False
4,81.3,0,0.0,28,1480.92,0.0,0.01,0.0,0.04,May,1,1,1,4,Returning_Visitor,False,False
1,9.0,0,0.0,32,536.68,0.0,0.0,0.0,0.0,Mar,2,2,1,3,Returning_Visitor,False,False
0,25.16,0,0.0,12,305.4,0.0,0.02,0.0,0.0,Dec,3,2,1,11,Returning_Visitor,False,False
5,217.67,0,0.0,34,1474.73,0.0,0.02,39.04,0.0,Mar,3,2,1,2,Returning_Visitor,False,True
4,80.58,1,66.52,67,1336.55,0.0,0.03,4.15,0.03,May,2,2,7,4,Returning_Visitor,False,False
1,66.17,0,7.36,204,9143.44,0.0,0.02,0.0,0.8,May,2,2,7,4,Returning_Visitor,False,False
1,12.0,0,0.0,0,0.0,0.0,0.03,0.52,0.0,Mar,3,2,6,2,New_Visitor,True,True
0,0.0,0,0.0,12,257.64,0.0,0.05,0.0,0.03,May,2,2,1,4,Returning_Visitor,True,False
0,3.48,0,2.42,14,313.02,0.03,0.02,0.0,0.0,Nov,3,2,4,2,Returning_Visitor,False,False
0,20.7,0,0.0,6,171.5,0.0,0.02,0.0,0.0,Mar,1,1,1,2,Returning_Visitor,False,False
0,0.78,0,0.0,2,0.0,0.14,0.2,0.0,0.4,May,1,1,3,3,Returning_Visitor,False,False
1,0.0,0,5.8,33,1924.51,0.0,0.0,59.21,0.04,Nov,2,2,3,6,Returning_Visitor,False,True
0,0.72,0,2.71,30,1474.09,0.0,0.01,0.0,0.0,Jul,2,4,4,4,Returning_Visitor,False,False
3,213.5,0,0.0,11,303.5,0.0,0.02,0.04,0.0,Dec,2,13,9,20,Other,False,True
0,0.0,0,1.43,5,60.9,0.13,0.12,0.01,0.0,Aug,1,1,1,3,Returning_Visitor,False,False
5,505.0,0,7.08,85,1475.72,0.01,0.04,13.77,0.8,May,2,2,1,2,Returning_Visitor,False,False
3,138.0,1,1005.0,62,2450.44,0.0,0.03,0.0,0.04,May,2,2,4,4,Returning_Visitor,True,False
3,82.06,1,130.52,35,1359.77,0.0,0.03,34.99,0.05,Nov,3,2,1,11,Returning_Visitor,True,False
2,81.08,0,0.0,34,1512.65,0.0,0.01,0.0,0.0,Dec,2,2,3,2,Returning_Visitor,False,False
3,98.6,0,0.0,36,131.8,0.0,0.02,88.84,0.0,Oct,2,2,7,2,Returning_Visitor,False,True
0,0.0,0,0.0,44,1151.12,0.0,0.02,7.53,0.0,May,2,2,1,2,Returning_Visitor,False,False
8,199.62,2,23.25,81,4272.61,0.0,0.02,0.0,0.04,Nov,2,2,1,2,Returning_Visitor,False,False
0,0.0,0,0.0,27,1583.93,0.0,0.01,0.05,0.03,Nov,1,2,4,11,Returning_Visitor,True,False
0,0.0,0,0.0,5,212.0,0.02,0.03,0.0,0.4,Mar,3,3,5,1,Returning_Visitor,False,False
8,81.06,0,0.0,19,104.5,0.0,0.02,0.0,0.0,Nov,1,1,2,2,Returning_Visitor,True,True
4,377.37,0,0.0,17,1445.93,0.0,0.01,0.12,0.0,Mar,2,2,1,8,Returning_Visitor,False,True
2,0.0,0,0.0,2,9.0,0.0,0.07,0.0,0.0,Nov,2,2,8,6,Returning_Visitor,False,False
3,94.6,0,4.67,17,265.5,0.0,0.0,0.0,0.0,Oct,2,2,1,2,New_Visitor,False,False
3,50.95,1,42.4,38,1509.11,0.01,0.01,0.38,0.0,Sep,3,2,1,4,Returning_Visitor,True,False
0,0.0,0,0.0,9,311.66,0.0,0.02,0.0,0.0,Nov,3,2,8,2,New_Visitor,True,False
3,96.8,0,0.0,29,1484.33,0.02,0.05,0.01,0.03,Sep,2,2,3,1,Returning_Visitor,False,False
3,71.67,1,4.0,59,1702.37,0.0,0.01,6.56,0.0,May,2,2,6,1,Returning_Visitor,False,True
1,11.0,1,108.7,35,2693.58,0.0,0.01,0.0,0.0,Dec,1,1,3,2,Returning_Visitor,False,False
0,0.0,0,0.0,2,192.11,0.01,0.05,0.0,0.0,Mar,2,2,6,3,Returning_Visitor,False,False
3,26.2,0,0.95,4,273.33,0.0,0.02,0.0,0.0,Mar,2,2,1,4,Returning_Visitor,False,False
0,0.0,0,0.0,6,123.75,0.0,0.01,0.0,0.0,Dec,2,2,7,6,Returning_Visitor,False,False
3,475.0,0,0.25,33,2760.72,0.03,0.06,0.0,0.03,Aug,4,2,1,1,Returning_Visitor,False,False
0,5.41,0,0.0,7,117.0,0.0,0.03,0.0,0.0,May,2,2,6,1,Returning_Visitor,True,False
2,60.5,0,0.0,21,1457.34,0.0,0.01,0.0,0.03,Nov,2,5,1,2,Returning_Visitor,False,False
0,0.0,0,0.0,13,1001.3,0.0,0.04,0.02,0.04,June,2,2,9,1,Returning_Visitor,False,False
1,6.0,0,0.0,34,2183.5,0.0,0.0,0.0,0.04,Mar,2,2,7,3,Returning_Visitor,True,False
2,105.5,0,437.5,55,1984.03,0.0,0.0,0.0,0.03,Nov,3,2,4,6,Returning_Visitor,True,False
4,82.54,0,4.47,2,978.84,0.0,0.04,0.03,0.0,Dec,2,2,1,2,New_Visitor,False,False
1,9.0,0,0.0,37,2368.11,0.03,0.04,4.76,0.0,Nov,1,1,8,1,Returning_Visitor,False,False
6,192.5,0,0.0,14,327.0,0.0,0.01,0.0,0.0,Mar,1,1,1,9,Returning_Visitor,True,False
6,161.52,0,5.79,11,634.79,0.0,0.03,0.0,0.03,Nov,3,2,8,2,Returning_Visitor,True,False
5,232.4,0,0.0,6,1345.72,0.04,0.06,0.0,0.04,Aug,1,1,1,3,Returning_Visitor,True,False
2,31.2,0,0.0,17,2077.17,0.0,0.01,0.0,0.03,Nov,2,2,8,2,Returning_Visitor,True,False
0,0.0,0,0.0,10,589.12,0.04,0.08,0.0,0.0,Feb,1,1,3,1,Returning_Visitor,False,False
1,0.0,0,0.0,111,2805.04,0.01,0.04,0.0,0.04,Aug,4,1,3,3,Returning_Visitor,True,False
0,0.0,0,0.0,6,197.42,0.02,0.09,0.01,0.0,Nov,1,2,5,1,Returning_Visitor,False,False
5,59.9,0,82.54,20,2359.52,0.02,0.03,3.48,0.0,June,1,1,4,3,Returning_Visitor,False,False
0,0.0,0,0.25,40,1385.67,0.0,0.02,0.0,0.11,Mar,2,2,1,1,Returning_Visitor,False,False
0,0.0,0,0.0,6,142.12,0.0,0.03,0.0,0.0,Nov,3,2,6,2,Returning_Visitor,False,False
6,76.25,0,0.0,34,1075.25,0.0,0.0,0.0,0.03,Dec,2,2,4,2,Returning_Visitor,False,False
1,386.05,0,0.0,19,362.0,0.0,0.01,0.0,0.03,May,2,2,7,5,Returning_Visitor,False,False
0,0.0,0,4.2,27,1550.45,0.0,0.0,0.0,0.0,Dec,2,2,3,1,New_Visitor,False,False
9,189.11,1,39.0,73,3059.01,0.01,0.02,16.74,0.03,Nov,3,2,3,2,Returning_Visitor,True,True
1,30.35,0,6.8,23,808.04,0.0,0.02,0.0,0.0,Dec,2,2,7,2,Returning_Visitor,True,False
2,30.0,1,0.0,51,567.25,0.0,0.01,0.0,0.0,May,2,5,1,2,Returning_Visitor,False,False
1,21.2,0,37.92,53,2224.63,0.02,0.04,0.0,0.0,Aug,2,2,3,3,Returning_Visitor,False,False
1,0.0,1,34.2,34,3051.53,0.0,0.02,0.02,0.0,Oct,2,2,9,2,New_Visitor,False,False
0,0.0,1,3.53,93,3646.28,0.02,0.02,0.0,0.0,May,1,1,5,4,Returning_Visitor,False,False
3,64.4,0,0.0,5,47.3,0.0,0.02,45.83,0.0,May,2,2,1,4,New_Visitor,False,True
3,148.0,0,0.0,8,317.96,0.0,0.03,0.02,0.03,Mar,2,2,1,3,Returning_Visitor,True,False
7,123.43,0,0.0,6,240.15,0.0,0.01,0.0,0.0,Oct,1,1,3,2,New_Visitor,False,False
0,0.0,0,0.0,15,0.0,0.14,0.2,0.0,0.0,Nov,3,2,1,3,Returning_Visitor,False,False
0,0.0,0,0.84,33,356.8,0.0,0.02,0.0,0.0,Mar,2,2,2,8,Returning_Visitor,False,False
0,0.0,0,0.0,11,422.5,0.0,0.02,0.0,0.0,May,3,2,5,20,Returning_Visitor,False,False
3,80.78,0,0.0,6,226.18,0.0,0.03,0.11,0.0,Nov,2,6,3,2,New_Visitor,False,False
0,2.08,0,0.0,11,335.0,0.04,0.06,0.0,0.0,Nov,3,2,1,13,Returning_Visitor,True,False
7,144.8,1,96.2,34,1502.2,0.02,0.03,0.0,0.0,Jul,1,1,3,4,Returning_Visitor,False,False
0,0.0,0,0.0,34,920.55,0.03,0.04,0.0,0.0,Dec,3,2,1,1,Returning_Visitor,True,False
3,85.5,0,0.0,42,1741.48,0.0,0.0,27.13,0.0,Mar,1,1,1,1,Returning_Visitor,False,False
2,41.33,0,19.26,136,4569.9,0.0,0.01,0.0,0.8,May,2,2,4,4,Returning_Visitor,False,False
0,0.86,0,0.0,6,633.81,0.0,0.1,0.0,0.0,Mar,4,1,1,3,Returning_Visitor,False,False
0,0.66,0,3.29,25,1970.0,0.0,0.01,35.28,0.0,Oct,2,2,1,2,Returning_Visitor,False,True
0,0.72,0,0.0,4,63.11,0.0,0.04,0.0,0.0,Mar,2,2,9,2,Returning_Visitor,True,False
18,505.4,1,13.93,105,4434.28,0.01,0.03,4.53,0.03,Dec,2,2,1,1,Returning_Visitor,False,False
3,80.74,0,49.4,16,1525.45,0.0,0.02,0.0,0.0,Aug,2,4,3,4,Returning_Visitor,False,False
0,0.0,0,0.82,18,1093.08,0.0,0.01,0.01,0.0,Nov,3,2,3,1,Returning_Visitor,False,False
3,25.6,0,0.0,29,1199.92,0.0,0.01,23.66,0.0,Jul,3,2,3,4,Returning_Visitor,False,False
1,702.0,0,0.0,34,2193.15,0.02,0.02,9.09,0.0,Mar,1,1,2,2,Returning_Visitor,False,True
0,27.39,0,1.82,12,252.75,0.0,0.02,0.0,0.0,Dec,2,2,7,3,Returning_Visitor,False,False
0,0.0,0,0.77,2,27.77,0.0,0.13,0.26,0.03,Mar,2,2,2,6,Returning_Visitor,False,False
0,3.29,0,0.0,8,59.27,0.03,0.04,0.0,0.0,May,2,2,4,13,Returning_Visitor,True,False
0,0.0,0,2.07,23,1919.55,0.01,0.02,4.28,0.0,Nov,2,2,4,1,Returning_Visitor,False,False
0,0.0,1,51.5,31,618.75,0.0,0.04,0.0,0.03,Nov,2,2,1,13,Returning_Visitor,False,False
8,122.04,0,3.81,14,1499.99,0.0,0.03,0.0,0.0,Dec,2,2,7,3,Returning_Visitor,False,False
1,84.53,0,0.0,7,170.0,0.0,0.02,0.0,0.0,Dec,2,4,1,2,Returning_Visitor,False,False
0,0.0,0,0.0,38,667.17,0.0,0.01,0.07,0.04,Mar,2,2,4,1,Returning_Visitor,True,False
6,495.99,0,2.2,34,789.13,0.0,0.01,37.55,0.0,Nov,2,2,1,2,Returning_Visitor,False,False
1,35.3,1,37.4,23,1146.5,0.02,0.02,72.52,0.03,May,2,4,1,4,Returning_Visitor,True,True
5,75.0,1,77.74,34,1066.0,0.0,0.01,0.01,0.0,May,2,2,1,6,Returning_Visitor,False,False
4,132.0,0,0.0,105,2299.39,0.0,0.01,0.0,0.0,May,2,2,2,3,Returning_Visitor,False,False
0,0.0,0,0.0,5,72.0,0.0,0.05,0.04,0.0,Dec,3,2,1,2,Returning_Visitor,False,False
0,0.0,0,0.0,20,1458.31,0.01,0.03,0.0,0.0,Jul,3,2,8,4,Returning_Visitor,False,False
0,2.85,0,1.63,2,0.0,0.14,0.14,0.0,0.0,Nov,3,2,1,13,Returning_Visitor,False,False
3,78.0,0,0.0,3,29.0,0.02,0.04,0.0,0.0,Mar,2,2,7,2,New_Visitor,True,False
3,21.75,0,0.0,6,84.25,0.03,0.04,0.0,0.03,Dec,3,2,4,20,Returning_Visitor,False,False
8,467.02,1,133.82,92,6266.21,0.0,0.01,8.93,0.04,May,2,2,1,1,Returning_Visitor,False,False
1,83.41,0,0.5,20,1485.23,0.01,0.03,25.76,0.0,Dec,2,5,1,1,Returning_Visitor,False,False
6,276.0,0,0.0,24,1021.2,0.0,0.02,82.43,0.0,Dec,2,1,3,1,Returning_Visitor,True,False
0,6.96,0,0.0,12,252.5,0.0,0.02,0.01,0.0,May,2,2,2,2,Returning_Visitor,False,False
2,0.0,0,0.0,1,13.91,0.14,0.13,0.04,0.0,Dec,8,13,9,20,Other,False,False
1,0.0,0,25.16,43,1131.81,0.03,0.05,0.0,0.03,Mar,3,1,1,3,Returning_Visitor,False,False
0,0.0,0,0.0,57,980.83,0.01,0.04,0.0,0.65,May,2,2,1,13,Returning_Visitor,False,False
0,2.17,0,0.54,2,0.0,0.2,0.2,0.0,0.0,Dec,2,2,4,1,Returning_Visitor,False,False
0,0.0,0,0.0,36,872.83,0.0,0.01,38.29,0.0,Nov,2,4,1,8,New_Visitor,False,True
1,0.0,0,0.0,23,440.58,0.03,0.04,0.0,0.0,Dec,3,1,7,2,Returning_Visitor,True,False
0,0.0,0,0.0,14,258.0,0.14,0.14,0.0,0.6,May,3,2,6,13,Returning_Visitor,False,False
0,0.0,4,97.65,26,1594.66,0.01,0.04,0.0,0.0,May,3,2,1,2,Returning_Visitor,False,False
5,102.33,2,11.5,31,1063.42,0.0,0.02,0.0,0.0,Nov,3,2,1,13,Returning_Visitor,True,False
0,0.0,0,0.0,34,1482.3,0.01,0.03,0.0,0.4,May,2,2,3,4,Returning_Visitor,False,False
7,257.4,0,6.95,10,244.73,0.0,0.02,0.19,0.0,Nov,1,1,1,2,New_Visitor,False,False
0,0.0,0,0.0,6,1721.67,0.04,0.04,0.0,0.0,Nov,3,2,3,3,Returning_Visitor,False,False
0,0.0,0,0.0,12,1557.38,0.02,0.04,0.0,0.0,Nov,3,2,1,2,Returning_Visitor,False,False
4,251.0,9,102.68,35,4326.67,0.01,0.02,0.0,0.0,Dec,3,2,4,2,Returning_Visitor,False,False
0,47.06,0,2.78,21,1484.98,0.0,0.01,0.01,0.0,May,1,1,6,15,Returning_Visitor,False,False
3,136.0,0,65.41,34,2205.67,0.0,0.01,47.26,0.0,May,2,2,3,2,Returning_Visitor,False,True
3,84.16,0,0.0,10,1583.13,0.0,0.02,0.24,0.0,Mar,1,1,7,10,Returning_Visitor,False,False
0,5.32,0,0.0,9,231.16,0.04,0.04,0.0,0.03,May,3,2,6,3,Returning_Visitor,False,False
5,37.0,1,16.0,35,463.5,0.01,0.02,0.02,0.03,May,2,5,1,6,Returning_Visitor,False,False
0,10.69,0,2.99,33,1851.33,0.0,0.01,0.0,0.45,May,1,1,1,1,Returning_Visitor,False,False
0,0.0,0,0.0,3,67.0,0.0,0.1,0.05,0.0,Mar,1,1,4,1,Returning_Visitor,False,False
0,2.53,0,0.0,2,153.46,0.0,0.1,0.45,0.0,Dec,2,2,1,10,Returning_Visitor,False,False
3,666.2,5,173.54,33,1539.06,0.0,0.01,35.23,0.0,Oct,3,6,3,20,Returning_Visitor,False,False
3,148.5,1,181.33,150,4764.43,0.0,0.01,33.33,0.05,Mar,3,2,5,2,Returning_Visitor,False,False
0,0.0,0,0.0,11,366.08,0.02,0.05,0.0,0.6,May,1,1,3,3,Returning_Visitor,False,False
0,0.0,0,2.34,4,58.5,0.0,0.07,0.0,0.0,Dec,2,2,8,13,Returning_Visitor,False,False
1,18.0,0,0.0,26,1122.58,0.03,0.05,15.95,0.0,May,1,1,3,1,Returning_Visitor,False,True
3,295.93,0,12.03,154,6759.31,0.01,0.03,0.21,0.03,Sep,2,2,3,2,Returning_Visitor,False,False
0,4.81,0,0.0,16,257.88,0.02,0.06,0.0,0.0,May,2,2,1,3,Returning_Visitor,False,False
0,1.64,0,0.0,5,133.19,0.0,0.06,0.0,0.03,Nov,2,2,7,3,Returning_Visitor,False,False
1,27.0,0,0.0,17,1723.0,0.0,0.0,0.0,0.0,May,2,5,9,4,New_Visitor,False,False
0,1.51,0,0.0,3,3.89,0.07,0.13,0.0,0.4,May,2,2,4,1,Returning_Visitor,False,False
2,418.67,0,0.0,36,1845.67,0.02,0.02,23.07,0.03,May,2,2,1,3,Returning_Visitor,False,False
3,101.0,0,0.0,17,273.58,0.0,0.02,0.0,0.0,Feb,1,8,1,2,New_Visitor,False,False
0,1.4,0,0.0,17,85.67,0.03,0.08,0.0,0.0,Mar,2,2,6,1,Returning_Visitor,False,False
0,2.68,0,0.0,2,0.0,0.2,0.2,0.02,0.0,June,3,2,3,13,Returning_Visitor,False,False
0,6.34,0,0.0,56,1514.04,0.02,0.02,0.0,0.0,Dec,3,2,1,3,Returning_Visitor,False,False
0,0.0,0,0.0,34,1608.5,0.01,0.04,0.0,0.6,May,2,2,5,1,Returning_Visitor,False,False
1,6.0,0,0.0,14,1648.0,0.0,0.0,17.53,0.0,Nov,2,2,6,10,New_Visitor,True,True
0,0.0,0,0.0,10,1483.0,0.0,0.04,0.0,0.0,Dec,3,2,1,2,Returning_Visitor,False,True
0,0.0,0,0.88,14,115.67,0.06,0.08,0.0,0.0,May,3,2,1,13,Returning_Visitor,False,False
1,85.1,0,0.0,8,194.23,0.02,0.08,0.02,0.0,Mar,3,3,1,3,Returning_Visitor,True,False
4,103.6,1,27.2,43,1554.17,0.01,0.0,47.12,0.0,Nov,2,6,1,2,Returning_Visitor,True,True
11,102.17,1,20.0,35,2017.04,0.0,0.04,0.0,0.0,Dec,2,2,1,2,Returning_Visitor,False,False
16,932.8,0,0.0,40,1481.64,0.01,0.02,0.02,0.0,Sep,1,2,1,1,Returning_Visitor,False,False
3,21.2,0,0.0,24,1123.25,0.0,0.02,30.05,0.0,Sep,2,2,3,2,Returning_Visitor,False,True
0,0.0,0,0.0,1,0.0,0.2,0.2,0.06,0.04,May,1,1,9,4,Returning_Visitor,True,False
0,0.0,0,75.61,65,5254.16,0.0,0.02,0.0,0.0,Nov,2,2,1,2,Returning_Visitor,False,False
0,1.07,0,0.0,8,203.07,0.0,0.02,0.0,0.0,May,2,2,1,2,Returning_Visitor,False,False
3,19.83,0,0.0,17,1507.7,0.0,0.01,9.84,0.0,Nov,3,2,5,2,New_Visitor,False,True
0,0.0,0,0.0,34,606.79,0.02,0.04,0.0,0.4,May,1,1,1,3,Returning_Visitor,False,False
2,37.94,0,0.0,6,3557.45,0.0,0.05,0.02,0.03,May,2,10,1,3,Returning_Visitor,False,False
3,76.6,1,89.53,87,4131.16,0.01,0.04,0.0,0.0,Nov,2,2,1,3,Returning_Visitor,False,False
1,50.08,0,0.0,5,95.1,0.13,0.08,0.0,0.0,Oct,1,1,1,4,Returning_Visitor,False,False
3,0.0,0,0.0,22,1493.24,0.03,0.04,0.0,0.4,May,2,2,4,2,Returning_Visitor,False,False
0,0.0,0,1.06,34,4373.85,0.0,0.03,0.0,0.0,Dec,2,5,1,3,Returning_Visitor,True,False
0,0.0,0,0.0,36,263.0,0.01,0.03,0.0,0.0,Mar,2,6,1,3,Returning_Visitor,False,False
3,50.4,0,0.0,14,1535.71,0.01,0.02,0.0,0.0,Nov,3,2,1,2,Returning_Visitor,False,False
5,80.78,0,0.0,29,1141.18,0.0,0.02,0.01,0.0,Nov,3,2,1,2,Returning_Visitor,False,False
2,86.0,0,0.0,18,754.92,0.0,0.01,0.0,0.0,May,3,2,6,2,New_Visitor,False,False
3,196.67,0,5.98,94,2129.54,0.0,0.01,0.0,0.03,May,3,2,1,3,Returning_Visitor,False,False
1,63.5,0,10.0,104,1667.16,0.0,0.0,0.0,0.03,Jul,2,4,2,2,Returning_Visitor,True,False
2,176.49,1,1.89,95,3879.83,0.0,0.02,0.0,0.03,Nov,2,2,3,2,Returning_Visitor,True,True
8,456.9,0,8.03,35,1113.78,0.0,0.01,12.12,0.0,Oct,2,5,2,2,Returning_Visitor,False,True
0,0.0,0,7.52,21,344.17,0.01,0.01,13.59,0.0,Oct,1,1,3,2,Returning_Visitor,False,True
0,0.0,0,0.0,3,181.0,0.07,0.14,0.03,0.0,Dec,2,2,1,2,Returning_Visitor,False,False
0,0.0,0,0.0,22,657.42,0.0,0.04,0.0,0.0,Jul,3,2,3,4,Returning_Visitor,False,False
0,4.67,0,0.0,24,1010.25,0.01,0.02,31.82,0.04,Dec,3,2,8,2,Returning_Visitor,False,True
3,81.7,1,67.94,10,409.47,0.01,0.04,0.0,0.03,Dec,2,2,1,2,Returning_Visitor,False,False
1,83.03,0,0.0,34,578.81,0.0,0.04,0.02,0.0,Dec,1,1,2,2,Returning_Visitor,False,False
0,1.88,0,0.0,2,11.25,0.13,0.14,0.0,0.0,Mar,2,2,4,1,Returning_Visitor,False,False
0,0.0,0,0.0,11,1466.65,0.0,0.02,0.0,0.0,Mar,1,1,6,3,Returning_Visitor,True,False
6,366.96,0,0.0,30,634.69,0.08,0.11,0.0,0.03,Nov,3,2,8,13,Returning_Visitor,False,False
12,214.05,0,0.0,33,536.32,0.0,0.02,0.01,0.0,May,1,1,1,2,Returning_Visitor,False,False
0,1.32,0,0.0,8,136.75,0.0,0.1,0.01,0.0,Mar,2,2,2,10,Returning_Visitor,False,False
6,95.92,0,0.0,39,1489.83,0.0,0.02,28.13,0.0,Dec,2,2,7,2,Returning_Visitor,False,False
0,0.0,0,0.0,38,1485.18,0.0,0.02,0.04,0.0,Nov,1,2,6,2,Returning_Visitor,False,False
8,117.02,2,57.0,11,1522.39,0.0,0.02,8.29,0.03,May,2,2,2,4,Returning_Visitor,False,False
3,81.1,0,0.0,30,1497.11,0.0,0.02,4.35,0.0,Dec,3,2,8,2,Returning_Visitor,False,True
6,205.0,0,2.56,20,221.78,0.0,0.0,0.03,0.0,Nov,1,1,1,2,Returning_Visitor,False,False
0,0.0,0,0.0,4,69.0,0.0,0.05,0.0,0.03,Mar,1,1,1,2,Returning_Visitor,False,False
3,78.0,0,0.0,22,1417.8,0.0,0.01,19.1,0.0,Dec,4,1,3,1,Returning_Visitor,True,True
0,0.0,0,0.46,45,2347.33,0.0,0.02,0.0,0.04,Nov,2,4,1,1,Returning_Visitor,False,False
1,291.96,0,9.59,219,6747.41,0.0,0.02,5.41,0.03,June,2,2,6,2,Returning_Visitor,False,False
2,36.87,0,5.86,123,3886.82,0.0,0.02,0.01,0.04,June,2,4,1,13,Returning_Visitor,False,False
0,0.0,0,0.0,52,1624.22,0.01,0.04,0.06,1.0,May,2,2,7,6,Returning_Visitor,True,False
1,78.79,0,0.0,11,332.5,0.0,0.01,0.0,0.2,May,2,2,2,2,Returning_Visitor,False,False
3,120.67,0,0.0,6,338.12,0.0,0.01,0.0,0.0,May,2,7,1,2,New_Visitor,False,False
2,99.67,0,5.4,17,491.83,0.0,0.01,0.0,0.0,Dec,1,1,3,2,New_Visitor,False,False
2,134.75,0,22.02,165,6323.85,0.01,0.03,3.51,0.03,Nov,2,2,1,2,Returning_Visitor,False,True
0,0.97,0,0.0,8,478.12,0.13,0.1,0.0,0.6,May,4,1,1,3,Returning_Visitor,False,False
2,21.33,0,0.0,3,772.61,0.0,0.01,0.0,0.0,Feb,3,2,4,4,Returning_Visitor,True,False
2,34.91,1,237.0,73,2490.14,0.0,0.01,30.09,0.0,Mar,2,2,7,2,Returning_Visitor,False,False
0,35.61,0,0.0,6,72.29,0.0,0.05,0.0,0.0,Nov,2,4,1,3,Returning_Visitor,False,False
5,176.0,0,0.0,35,537.2,0.01,0.02,39.13,0.03,May,2,2,2,6,Returning_Visitor,False,True
0,0.0,0,0.0,9,214.75,0.0,0.02,0.02,0.0,Nov,1,1,3,6,Returning_Visitor,False,False
3,444.28,0,11.81,534,18504.13,0.01,0.02,2.55,0.03,Nov,2,2,3,2,Returning_Visitor,False,True
4,63.6,0,4.85,27,459.96,0.01,0.04,0.0,0.0,May,1,1,1,3,Returning_Visitor,False,False
3,86.6,0,7.64,35,1492.65,0.0,0.01,0.0,0.0,Oct,2,5,1,2,Returning_Visitor,False,False
0,0.0,1,1220.0,28,2389.33,0.02,0.03,0.0,0.0,Mar,2,2,1,3,Returning_Visitor,True,False
0,0.0,0,0.0,11,199.5,0.14,0.14,0.0,0.0,Jul,3,2,1,1,Returning_Visitor,False,False
2,28.0,2,175.5,27,1253.33,0.0,0.01,39.72,0.0,Mar,2,2,1,2,Returning_Visitor,False,True
0,0.0,0,2.21,54,1471.76,0.0,0.02,0.0,0.03,Jul,2,4,1,3,Returning_Visitor,False,False
3,230.1,0,7.19,35,905.12,0.02,0.02,0.0,0.0,Jul,3,2,1,2,Returning_Visitor,False,False
1,0.0,0,0.0,30,1732.07,0.03,0.05,13.13,0.0,Nov,2,2,9,10,Returning_Visitor,False,False
12,187.28,3,88.58,43,1499.71,0.01,0.04,3.33,0.04,Mar,1,1,1,10,Returning_Visitor,False,False
0,0.0,0,0.0,30,480.61,0.03,0.04,0.0,0.0,Dec,3,2,3,3,Returning_Visitor,False,False
4,10.0,2,451.5,34,1686.97,0.01,0.02,6.01,0.03,Mar,2,2,7,2,Returning_Visitor,False,False
10,468.37,2,89.19,35,3772.41,0.0,0.0,42.42,0.0,May,3,2,2,14,Returning_Visitor,False,True
3,40.11,3,101.27,13,1475.66,0.04,0.02,0.11,0.0,May,3,2,3,4,Returning_Visitor,True,False
0,2.67,0,0.0,8,102.75,0.0,0.04,0.29,0.0,Dec,2,2,8,6,Returning_Visitor,False,False
0,4.33,0,4.11,1,36.0,0.0,0.04,0.33,0.0,Mar,3,2,6,2,Returning_Visitor,True,False
1,83.07,0,0.0,6,179.0,0.0,0.01,53.13,0.03,Mar,2,2,2,2,New_Visitor,False,True
8,522.25,0,17.07,53,1899.06,0.0,0.01,14.17,0.0,Dec,1,1,1,2,Returning_Visitor,False,False
1,48.83,0,0.0,3,1482.66,0.0,0.04,0.0,0.0,Dec,2,2,3,8,Returning_Visitor,False,False
0,0.0,0,0.0,8,170.0,0.08,0.08,0.0,0.0,Mar,1,1,7,3,Returning_Visitor,True,False
3,120.25,1,320.09,42,2066.93,0.02,0.04,4.26,0.0,May,2,2,4,4,Returning_Visitor,False,False
3,5.5,1,12.0,54,1470.97,0.01,0.02,0.0,0.0,Mar,3,2,4,2,Returning_Visitor,True,False
1,0.0,0,0.0,8,82.2,0.13,0.11,0.0,0.0,May,3,2,2,4,Returning_Visitor,False,False
2,82.08,0,0.0,7,101.8,0.0,0.01,0.06,0.0,Mar,3,2,8,2,New_Visitor,False,False
0,0.0,0,0.31,11,101.6,0.03,0.08,0.04,0.0,Mar,2,2,3,1,Returning_Visitor,False,False
4,98.0,4,216.0,17,1243.5,0.0,0.01,32.81,0.0,May,1,1,2,2,Returning_Visitor,False,True
0,0.0,0,2.82,2,0.0,0.14,0.2,0.0,0.6,May,2,2,7,3,Returning_Visitor,False,False
0,0.0,0,0.0,13,178.83,0.0,0.04,0.0,0.6,May,2,2,1,2,Returning_Visitor,False,False
3,66.5,0,102.31,152,3684.32,0.01,0.01,12.65,0.03,Nov,2,2,1,2,Returning_Visitor,False,True
3,90.92,0,0.0,21,1623.5,0.0,0.01,49.39,0.6,May,2,4,2,3,New_Visitor,False,True
7,152.6,2,50.5,30,1089.29,0.0,0.01,37.51,0.0,Nov,2,2,4,2,Returning_Visitor,False,False
0,0.68,0,0.0,34,108.92,0.02,0.04,0.0,0.0,Nov,2,4,3,10,Returning_Visitor,False,False
0,0.0,0,4.85,14,253.17,0.01,0.04,0.0,0.6,May,3,2,1,13,Returning_Visitor,False,False
0,0.0,0,2.26,42,1491.91,0.01,0.01,0.0,0.0,Nov,3,2,2,2,Returning_Visitor,False,False
0,0.0,0,0.0,1,0.0,0.2,0.2,0.0,0.0,Feb,3,2,3,3,Returning_Visitor,False,False
2,139.0,1,20.0,31,960.83,0.01,0.02,0.0,0.0,May,1,1,3,4,Returning_Visitor,True,False
0,0.0,0,0.62,6,815.0,0.05,0.04,0.01,0.2,May,3,2,1,4,Returning_Visitor,False,False
0,0.0,0,0.0,1,0.0,0.2,0.2,0.02,0.0,Dec,2,2,6,1,Returning_Visitor,True,False
3,80.45,0,0.0,54,1155.03,0.0,0.0,0.0,0.03,May,4,2,2,4,Returning_Visitor,False,False
2,0.0,0,0.0,24,610.63,0.0,0.02,0.0,0.0,Nov,1,1,3,2,Returning_Visitor,True,True
0,0.0,0,2.88,20,1194.75,0.0,0.02,0.08,0.0,Nov,2,2,1,8,Returning_Visitor,True,True
0,12.62,0,0.23,21,1492.18,0.0,0.01,0.0,0.0,May,3,2,3,1,Returning_Visitor,False,False
3,28.8,0,2195.3,21,378.4,0.03,0.03,0.0,0.03,Jul,1,1,3,1,Returning_Visitor,False,False
2,64.75,0,12.74,44,1157.98,0.0,0.01,0.0,0.0,Nov,2,2,1,10,Returning_Visitor,False,False
3,40.6,0,0.0,33,1321.34,0.0,0.02,0.0,0.03,Aug,2,4,3,8,Returning_Visitor,False,False
11,385.57,0,1.7,54,1256.29,0.01,0.02,0.0,0.03,Mar,2,2,7,3,Returning_Visitor,False,False
1,0.0,1,43.1,144,4627.49,0.0,0.02,0.0,0.03,Nov,2,2,1,2,Returning_Visitor,False,True
1,0.0,0,0.0,21,882.75,0.0,0.02,0.01,0.0,Dec,2,2,2,2,New_Visitor,True,False
4,91.69,0,0.0,22,1478.54,0.01,0.02,0.0,0.0,May,1,1,6,4,New_Visitor,True,False
0,0.0,0,0.0,5,26.5,0.1,0.12,0.0,0.0,Mar,1,1,3,1,Returning_Visitor,False,False
0,0.8,0,0.0,20,1487.3,0.02,0.04,0.0,0.0,Dec,2,2,1,1,Returning_Visitor,False,False
0,0.0,0,8.04,80,5878.94,0.01,0.02,0.0,0.03,Nov,3,2,1,2,Returning_Visitor,False,True
0,0.0,0,0.0,1,315.3,0.13,0.2,0.02,0.0,Mar,6,7,3,15,Returning_Visitor,False,False
0,1.84,0,2.77,34,1158.49,0.0,0.01,0.0,0.6,May,2,2,2,2,Returning_Visitor,False,False
0,16.93,2,52.0,12,699.25,0.02,0.03,0.0,0.05,May,1,1,1,3,Returning_Visitor,False,False
5,83.0,0,0.0,5,29.5,0.04,0.03,0.0,0.0,Mar,1,1,1,2,Returning_Visitor,True,False
1,49.0,0,0.0,112,2237.6,0.0,0.02,0.0,0.03,Dec,1,1,4,2,Returning_Visitor,False,False
4,80.77,1,27.36,9,1519.83,0.0,0.03,0.0,0.03,Nov,2,2,1,2,Returning_Visitor,False,False
2,53.4,0,0.0,2,9.95,0.05,0.1,0.0,0.0,Nov,1,1,6,3,Returning_Visitor,False,False
7,167.01,0,0.0,34,978.09,0.0,0.02,0.1,0.0,Dec,3,2,2,2,Returning_Visitor,False,False
0,0.0,0,0.0,34,290.83,0.0,0.01,0.05,0.4,May,2,2,3,2,Returning_Visitor,False,False
2,306.0,0,0.0,14,964.5,0.0,0.03,0.0,0.0,Mar,2,2,4,1,Returning_Visitor,False,False
1,5.58,1,27.0,20,1891.11,0.0,0.02,0.0,0.6,May,3,2,1,3,Returning_Visitor,False,False
0,0.0,0,0.0,9,753.0,0.0,0.01,0.0,0.0,Mar,2,10,1,2,Returning_Visitor,False,False
0,0.0,0,1.69,20,197.38,0.03,0.04,0.01,0.03,Dec,2,6,1,1,Returning_Visitor,False,False
3,275.31,0,48.34,34,762.24,0.0,0.01,0.0,0.0,Nov,1,1,6,2,New_Visitor,False,False
1,23.0,2,272.5,28,974.27,0.0,0.04,11.48,0.0,May,2,2,4,1,Returning_Visitor,True,True
3,176.0,0,0.0,21,654.5,0.02,0.04,0.03,0.2,May,1,1,2,3,Returning_Visitor,False,False
3,74.0,0,0.0,44,844.94,0.0,0.02,0.0,0.03,Dec,1,1,1,10,Returning_Visitor,False,False
7,133.17,2,80.0,10,246.79,0.0,0.04,0.19,0.0,May,2,2,4,3,New_Visitor,False,False
0,0.0,0,0.0,34,1225.86,0.01,0.04,0.0,0.4,May,2,2,7,2,Returning_Visitor,False,False
0,0.0,0,0.0,39,1867.03,0.0,0.02,0.0,0.03,Nov,2,4,4,2,Returning_Visitor,False,False
0,0.0,0,0.0,31,1020.01,0.01,0.01,0.0,0.0,Dec,3,2,7,1,Returning_Visitor,True,False
4,103.0,0,0.0,34,1671.59,0.0,0.01,0.0,0.0,Jul,2,2,6,1,Returning_Visitor,False,False
6,77.75,0,0.0,18,1514.41,0.0,0.01,0.0,0.0,Nov,2,2,1,2,New_Visitor,False,False
0,0.0,0,0.0,10,241.7,0.02,0.04,0.0,0.6,May,2,2,6,2,Returning_Visitor,False,False
8,141.75,1,19.4,9,123.5,0.0,0.02,0.0,0.0,Mar,1,1,1,2,Returning_Visitor,False,False
0,0.0,0,0.0,47,2493.99,0.02,0.03,0.0,0.0,Dec,2,4,8,1,Returning_Visitor,False,True
0,0.0,0,0.0,34,1491.11,0.0,0.01,0.0,0.04,Dec,2,2,7,2,New_Visitor,True,False
0,0.0,0,0.0,1,30.07,0.14,0.2,0.03,0.0,May,1,1,2,3,New_Visitor,False,False
1,28.2,1,37.3,7,70.47,0.06,0.09,0.65,0.03,Oct,2,2,1,20,Returning_Visitor,False,False
0,0.0,0,0.0,2,0.0,0.14,0.13,0.0,0.0,Nov,2,5,1,3,Returning_Visitor,False,False
3,85.69,0,0.0,3,228.17,0.0,0.01,0.0,0.0,Mar,1,1,3,2,New_Visitor,False,False
0,0.0,4,82.5,22,1087.99,0.01,0.02,0.0,0.0,Nov,3,2,1,2,Returning_Visitor,False,False
0,0.0,0,0.0,47,1144.48,0.04,0.06,0.0,0.0,May,3,2,3,13,Returning_Visitor,False,False
0,0.0,0,4.08,4,206.5,0.05,0.05,0.02,0.0,Dec,1,1,1,8,Returning_Visitor,False,False
0,0.0,0,2.21,7,16.46,0.13,0.14,0.0,0.0,Feb,3,2,1,13,Returning_Visitor,False,False
2,81.43,0,0.0,11,205.97,0.0,0.02,0.0,0.0,Mar,2,2,1,2,New_Visitor,False,False
9,65.54,0,0.0,43,744.17,0.0,0.01,0.09,0.0,June,2,4,1,2,Returning_Visitor,False,False
1,89.46,0,0.0,41,1335.74,0.0,0.01,20.16,0.0,Nov,4,4,1,2,Returning_Visitor,True,True
2,88.01,0,0.0,28,1286.75,0.01,0.01,0.0,0.0,May,1,1,6,4,Returning_Visitor,True,False
9,441.85,0,0.0,122,2577.45,0.0,0.01,75.28,0.03,Nov,1,1,1,2,Returning_Visitor,False,True
1,23.91,0,0.0,15,762.0,0.0,0.01,0.0,0.0,Dec,8,13,9,20,Other,False,False
3,430.96,0,0.0,31,3393.9,0.01,0.04,38.89,0.0,May,3,2,6,1,Returning_Visitor,False,True
8,502.24,0,12.0,22,2178.67,0.01,0.03,15.0,0.03,May,1,2,1,13,Returning_Visitor,False,False
0,0.0,0,0.0,77,1750.37,0.03,0.04,0.0,0.0,Aug,1,1,1,2,Returning_Visitor,False,False
0,0.0,0,0.0,13,490.08,0.0,0.0,37.78,1.0,May,1,8,1,11,New_Visitor,True,True
0,0.0,0,0.0,13,323.92,0.0,0.01,38.99,0.0,Mar,1,1,4,7,Returning_Visitor,False,True
0,0.0,0,0.0,4,1464.68,0.0,0.04,0.0,0.0,Mar,2,2,9,1,Returning_Visitor,True,False
2,85.16,0,0.0,34,1463.11,0.0,0.03,0.0,0.03,Mar,2,2,1,3,Returning_Visitor,False,False
6,82.28,0,5.82,61,2405.65,0.01,0.03,0.0,0.0,Dec,2,1,1,2,Returning_Visitor,False,True
7,110.26,1,108.8,34,1707.21,0.01,0.01,19.64,0.03,Nov,3,2,6,5,Returning_Visitor,False,False
1,63.4,0,1.07,6,137.6,0.0,0.01,0.0,0.0,Oct,2,2,3,1,Returning_Visitor,False,False
3,15.0,0,0.0,102,4021.17,0.0,0.01,0.0,0.0,Nov,2,2,1,2,Returning_Visitor,True,False
3,34.18,0,0.0,70,2012.66,0.0,0.04,0.0,0.03,Nov,2,4,3,5,New_Visitor,True,False
2,85.45,0,0.0,20,979.08,0.0,0.01,60.05,0.0,Mar,2,2,3,2,Returning_Visitor,False,True
0,0.0,0,3.24,49,2110.12,0.0,0.02,62.94,0.04,Nov,2,2,1,10,Returning_Visitor,False,True
7,40.5,1,21.65,35,743.01,0.0,0.01,0.05,0.0,May,2,2,1,3,Returning_Visitor,True,False
5,99.15,0,1.69,17,284.5,0.0,0.01,0.02,0.03,Mar,1,1,1,2,New_Visitor,False,False
5,206.0,0,0.0,34,650.7,0.0,0.02,0.0,0.0,Mar,1,2,1,3,Returning_Visitor,False,False
0,0.0,0,0.51,1,0.0,0.2,0.2,0.0,0.03,Mar,2,2,1,1,Returning_Visitor,False,False
2,11.0,0,0.0,14,758.78,0.0,0.01,0.0,0.8,May,2,2,3,2,Returning_Visitor,False,False
0,0.0,0,11.11,26,586.85,0.02,0.03,0.0,0.03,Dec,3,2,1,10,Returning_Visitor,False,False
3,60.0,4,503.86,72,2524.5,0.0,0.02,6.45,0.04,Mar,3,2,1,2,Returning_Visitor,True,False
0,0.0,0,0.0,33,1436.33,0.0,0.02,0.0,0.0,Jul,1,1,1,4,Returning_Visitor,False,False
0,0.0,0,0.0,1,0.0,0.14,0.2,0.0,0.03,Mar,1,1,8,1,Returning_Visitor,False,False
0,0.0,0,0.0,12,1506.77,0.0,0.03,0.0,0.8,May,1,1,1,2,Returning_Visitor,False,False
3,17.0,0,0.0,62,1493.35,0.0,0.04,0.0,0.03,Dec,2,2,1,2,Returning_Visitor,False,False
3,1443.1,0,6.79,225,9595.65,0.0,0.01,9.24,0.03,Nov,2,2,4,2,Returning_Visitor,False,True
1,81.06,0,0.0,6,43.7,0.0,0.06,0.0,0.0,Oct,2,2,1,2,Returning_Visitor,False,False
5,91.58,3,433.5,9,1565.4,0.0,0.02,0.0,0.0,Nov,1,1,1,2,New_Visitor,False,False
0,0.0,0,0.0,6,223.33,0.0,0.01,0.0,0.04,May,2,2,1,2,Returning_Visitor,False,False
0,0.0,0,0.0,2,0.0,0.2,0.2,0.0,0.0,Mar,1,1,3,3,Returning_Visitor,False,False
1,26.0,1,69.93,12,457.0,0.01,0.04,0.0,0.0,Mar,3,2,9,6,Returning_Visitor,True,False
5,309.82,0,0.0,14,217.12,0.13,0.12,0.0,0.03,May,3,2,2,13,Returning_Visitor,False,False
0,0.0,0,3.38,32,1458.88,0.0,0.0,37.97,0.0,Nov,2,5,1,5,New_Visitor,False,True
0,0.0,0,0.0,48,1304.67,0.02,0.05,0.0,0.67,May,3,2,1,13,Returning_Visitor,False,False
1,0.0,0,0.0,47,636.7,0.0,0.0,0.0,0.03,Aug,2,2,1,2,New_Visitor,False,False
0,0.0,0,0.0,8,321.0,0.0,0.05,0.0,0.2,May,2,2,3,4,Returning_Visitor,False,False
3,83.31,0,0.0,13,281.74,0.0,0.0,24.7,0.0,Nov,2,4,6,2,New_Visitor,False,True
0,0.0,0,0.0,24,521.17,0.03,0.04,0.0,0.6,May,2,2,8,1,Returning_Visitor,False,False
0,0.0,0,0.0,2,0.0,0.13,0.13,0.02,0.03,Nov,1,1,9,3,Returning_Visitor,False,False
0,0.0,0,12.09,11,163.5,0.0,0.03,0.04,0.0,Nov,2,6,2,2,Returning_Visitor,False,False
3,25.89,0,0.0,28,2394.0,0.03,0.06,0.01,0.06,May,2,2,7,1,Returning_Visitor,False,False
1,5.0,0,0.0,9,1614.04,0.0,0.02,0.01,0.03,Mar,4,1,3,3,Returning_Visitor,False,False
8,116.97,9,2252.03,19,1135.88,0.01,0.01,0.0,0.0,Nov,3,2,4,2,Returning_Visitor,True,False
0,0.0,0,0.0,5,273.5,0.0,0.05,0.05,0.0,May,2,2,6,1,Returning_Visitor,False,False
0,0.0,0,0.0,5,108.0,0.0,0.08,0.0,0.0,May,2,2,1,13,Returning_Visitor,False,False
6,34.0,0,23.14,69,2456.3,0.0,0.0,0.0,0.0,May,2,2,3,2,Returning_Visitor,False,False
0,0.0,0,0.0,8,140.17,0.0,0.04,0.05,0.0,Nov,2,2,1,1,Returning_Visitor,True,False
3,0.0,0,0.0,5,0.0,0.14,0.2,0.0,0.03,Dec,8,13,9,20,Other,False,False
0,1629.33,3,87.0,112,4509.82,0.0,0.02,0.0,0.03,May,4,2,3,2,Returning_Visitor,False,False
1,0.0,0,0.0,16,423.18,0.01,0.02,0.0,0.0,Nov,3,2,7,10,Returning_Visitor,False,False
0,36.43,0,2.55,7,80.0,0.03,0.06,0.0,0.0,May,2,2,4,3,Returning_Visitor,True,False
2,35.5,0,0.0,29,3296.65,0.01,0.02,18.25,0.0,Dec,4,2,9,8,Returning_Visitor,False,False
1,6.0,1,7.0,25,591.89,0.0,0.02,165.62,0.0,May,1,1,8,4,Returning_Visitor,True,True
0,0.0,0,0.0,9,11.0,0.16,0.18,0.0,0.0,May,2,2,1,4,Returning_Visitor,False,False
0,3.44,0,1.63,2,172.75,0.09,0.13,0.03,0.4,May,4,1,1,3,Returning_Visitor,False,False
1,92.14,0,10.99,21,1485.66,0.0,0.0,24.75,0.0,Mar,1,1,1,2,New_Visitor,False,True
0,0.0,0,2.77,3,103.0,0.0,0.02,0.08,0.0,Mar,1,1,1,3,Returning_Visitor,True,False
7,188.17,0,0.0,25,1089.64,0.0,0.01,20.12,0.0,May,2,5,6,5,Returning_Visitor,True,True
0,0.0,0,0.0,2,0.0,0.2,0.14,0.0,0.0,Aug,2,2,7,1,Returning_Visitor,False,False
5,111.0,1,11.0,34,3494.07,0.0,0.03,4.01,0.0,Nov,2,2,3,1,Returning_Visitor,False,False
0,1.2,0,0.0,5,96.33,0.08,0.09,0.0,0.0,Dec,1,1,2,3,Returning_Visitor,False,False
1,48.0,0,8.1,52,2376.86,0.02,0.05,13.33,0.03,May,2,2,3,3,Returning_Visitor,False,False
2,25.0,0,0.0,20,1487.62,0.01,0.02,0.04,0.0,May,3,2,2,2,Returning_Visitor,False,False
0,0.0,0,0.0,5,90.67,0.03,0.12,0.0,0.0,May,2,2,6,6,Returning_Visitor,False,False
1,88.88,2,141.72,138,2375.11,0.01,0.03,0.0,0.03,Nov,2,2,1,2,Returning_Visitor,True,False
0,0.68,1,5.0,10,649.5,0.0,0.02,0.02,0.0,May,2,2,1,2,Returning_Visitor,False,False
0,2.06,0,0.0,1,22.63,0.02,0.13,0.02,0.0,Mar,2,2,5,1,Returning_Visitor,False,False
3,56.9,0,4.48,21,1490.38,0.01,0.01,0.02,0.0,May,1,1,1,10,Returning_Visitor,True,False
0,0.0,0,0.0,6,117.0,0.14,0.17,0.0,0.6,May,3,2,3,3,Returning_Visitor,False,False
0,0.0,0,0.0,3,258.5,0.0,0.04,0.01,0.0,May,1,1,3,2,Returning_Visitor,True,False
6,473.93,4,98.4,69,1182.43,0.0,0.0,19.72,0.03,Nov,2,2,1,13,Returning_Visitor,False,True
10,98.27,3,89.28,34,1630.14,0.02,0.04,0.0,0.0,Nov,3,2,2,3,Returning_Visitor,False,True
4,80.61,0,0.0,8,159.75,0.02,0.04,0.0,0.0,Nov,3,2,3,2,Returning_Visitor,False,True
10,187.69,3,513.84,122,2743.21,0.0,0.01,1.48,0.0,Nov,2,2,1,2,Returning_Visitor,False,True
4,49.86,0,11.78,94,4804.83,0.01,0.01,0.0,0.03,Nov,2,2,1,2,Returning_Visitor,False,True
1,16.37,0,0.0,10,1752.77,0.0,0.02,0.05,0.0,Dec,1,1,3,1,Returning_Visitor,False,False
3,112.96,0,5.22,12,3014.02,0.02,0.06,0.0,0.0,Mar,2,2,1,2,Returning_Visitor,False,False
0,0.0,0,0.0,9,280.95,0.0,0.03,0.0,0.0,Dec,2,2,1,1,Returning_Visitor,False,False
0,1.75,0,0.0,3,311.0,0.1,0.17,0.01,0.6,May,1,1,1,3,Returning_Visitor,False,False
0,1.66,0,0.0,2,57.62,0.0,0.04,0.0,0.0,Mar,1,1,1,9,Returning_Visitor,True,False
0,0.0,0,0.0,33,76.02,0.0,0.05,0.0,0.0,May,4,1,1,3,Returning_Visitor,False,False
0,0.0,0,0.0,33,2199.5,0.0,0.01,0.0,0.03,Dec,2,2,6,2,New_Visitor,False,False
3,13.0,0,0.0,13,59.05,0.0,0.02,0.0,0.0,Mar,2,2,1,8,New_Visitor,True,False
0,0.6,0,0.0,34,315.3,0.0,0.02,0.0,0.0,Nov,1,1,1,3,Returning_Visitor,False,False
3,70.6,0,0.0,11,1469.7,0.1,0.11,0.0,0.0,Oct,1,1,1,3,Returning_Visitor,False,False
3,49.75,0,0.0,20,547.4,0.0,0.01,15.07,0.0,Nov,3,2,5,2,Returning_Visitor,False,True
0,0.0,0,0.0,4,46.0,0.0,0.05,0.0,0.0,May,1,1,1,2,Returning_Visitor,False,False
2,77.05,0,0.0,11,303.25,0.0,0.01,0.09,0.0,Mar,3,2,2,2,New_Visitor,True,False
3,430.16,4,622.4,85,3684.86,0.0,0.01,34.46,0.0,Nov,3,2,1,2,Returning_Visitor,True,False
6,184.0,0,61.0,68,1986.25,0.0,0.01,17.2,0.0,May,2,6,2,3,Returning_Visitor,False,False
0,0.0,0,5.68,34,3414.88,0.01,0.03,0.0,0.0,Nov,2,2,7,2,Returning_Visitor,False,False
1,572.58,0,8.84,318,13717.4,0.0,0.02,45.16,0.03,Nov,2,2,1,2,Returning_Visitor,False,True
9,423.76,0,0.0,36,1490.71,0.0,0.02,0.0,0.0,Mar,2,2,1,3,Returning_Visitor,False,False
3,72.5,0,0.0,16,1500.36,0.0,0.02,0.0,0.03,May,2,4,1,2,Returning_Visitor,True,False
0,0.0,0,0.43,24,1560.69,0.0,0.04,0.0,1.0,May,2,2,2,4,Returning_Visitor,True,False
0,0.88,0,0.0,34,1533.0,0.0,0.01,0.0,0.04,Mar,2,2,7,1,Returning_Visitor,False,False
0,0.0,0,0.0,34,1422.36,0.14,0.09,0.02,0.06,June,3,2,6,13,Returning_Visitor,False,False
3,40.5,1,4.0,19,1481.67,0.0,0.0,0.0,0.03,Nov,1,1,4,2,Returning_Visitor,False,False
0,0.0,0,0.0,35,1016.88,0.03,0.05,0.0,0.0,Jul,3,2,4,4,Returning_Visitor,False,False
0,0.0,0,2.83,18,1490.92,0.01,0.03,0.0,0.0,May,2,10,3,11,Returning_Visitor,False,False
4,1223.0,4,550.38,21,1496.12,0.0,0.03,0.21,0.0,Mar,3,2,1,2,Returning_Visitor,True,False
0,2.31,0,2.82,33,601.97,0.01,0.02,0.0,0.0,May,2,2,7,13,Returning_Visitor,False,False
8,57.96,0,17.81,32,498.2,0.0,0.01,27.61,0.0,Nov,2,2,1,2,Returning_Visitor,False,False
0,16.96,0,0.0,8,210.4,0.0,0.05,0.02,0.03,Nov,1,1,3,8,New_Visitor,True,False
13,428.02,0,6.4,40,10338.67,0.0,0.02,22.98,0.03,June,2,2,1,2,Returning_Visitor,False,False
0,0.0,0,5.46,21,289.5,0.01,0.04,0.0,0.0,Dec,2,2,6,10,Returning_Visitor,False,False
0,0.0,0,2.28,86,1699.67,0.01,0.03,0.0,0.04,May,2,2,3,1,Returning_Visitor,False,False
0,8.34,0,40.4,48,1489.78,0.0,0.0,5.16,0.0,Dec,1,1,1,2,Returning_Visitor,False,True
2,16.0,1,29.0,34,1495.4,0.02,0.02,19.32,0.0,May,3,2,1,2,Returning_Visitor,False,False
4,0.0,0,0.0,30,0.0,0.0,0.1,0.0,0.0,Dec,8,13,9,1,Other,False,False
3,7.58,0,0.0,15,528.0,0.03,0.06,0.0,0.0,May,2,2,4,3,Returning_Visitor,False,False
1,22.71,0,8.09,14,333.9,0.0,0.01,24.5,0.04,May,3,2,2,6,New_Visitor,False,True
0,0.0,0,0.7,9,389.0,0.13,0.12,0.0,0.2,May,3,2,2,13,Returning_Visitor,False,False
15,505.41,0,0.0,36,761.22,0.01,0.02,0.0,0.03,Oct,3,2,1,3,Returning_Visitor,True,False
7,82.99,0,0.0,5,954.27,0.01,0.04,0.0,0.03,May,2,2,1,5,New_Visitor,False,False
0,0.0,0,0.0,5,156.0,0.06,0.1,0.0,0.0,May,1,1,1,4,Returning_Visitor,True,False
0,0.0,0,1.08,4,27.5,0.1,0.15,0.0,0.0,May,3,2,1,13,Returning_Visitor,False,False
0,0.0,0,0.0,2,0.0,0.2,0.2,0.0,0.0,Feb,1,1,3,9,Returning_Visitor,True,False
0,0.0,0,0.0,1,7.0,0.05,0.15,0.11,0.08,May,2,2,7,4,Returning_Visitor,False,False
1,0.8,0,0.0,9,837.67,0.0,0.02,0.0,0.0,May,3,2,1,13,Returning_Visitor,False,False
3,73.5,0,7.06,59,4679.03,0.01,0.03,0.0,0.03,Dec,2,2,1,13,Returning_Visitor,False,False
1,307.32,6,263.0,14,133.33,0.0,0.02,0.05,0.0,Mar,3,2,3,3,Returning_Visitor,False,False
1,0.0,0,0.0,0,0.0,0.14,0.2,0.0,0.05,May,3,2,1,3,Returning_Visitor,True,False
0,0.0,0,0.0,34,1735.6,0.0,0.01,0.0,0.2,May,2,2,3,1,Returning_Visitor,False,False
6,91.89,0,0.0,25,437.22,0.02,0.04,0.0,0.0,Mar,3,2,1,1,Returning_Visitor,True,False
0,26.0,3,140.83,22,5478.53,0.01,0.04,8.09,0.0,May,2,2,3,6,Returning_Visitor,False,False
4,271.2,0,0.0,4,144.6,0.0,0.01,0.75,0.03,Oct,3,2,1,2,Returning_Visitor,False,False
0,5.18,0,0.0,34,1497.14,0.0,0.03,0.0,0.0,Sep,2,2,3,1,Returning_Visitor,False,False
3,312.8,3,2.88,155,2374.97,0.03,0.04,0.0,0.03,Jul,2,2,4,2,Returning_Visitor,False,False
10,290.33,0,36.78,60,2818.09,0.02,0.02,2.05,0.03,May,1,1,3,2,Returning_Visitor,False,False
0,0.0,0,0.0,35,1490.16,0.0,0.01,0.0,0.8,May,2,2,1,4,Returning_Visitor,False,False
8,115.7,0,0.0,24,2159.5,0.0,0.02,0.0,0.0,Sep,2,2,1,2,Returning_Visitor,False,False
6,110.0,0,7.08,34,1427.26,0.0,0.02,0.31,0.03,Dec,1,2,5,2,Returning_Visitor,False,False
0,0.0,0,0.0,2,2.9,0.14,0.14,0.0,0.0,Mar,1,1,1,1,Returning_Visitor,False,False
0,0.0,0,2.34,11,146.5,0.0,0.02,0.0,0.0,Nov,1,1,1,2,New_Visitor,False,False
3,613.5,0,11.95,98,14129.88,0.0,0.0,13.38,0.04,Nov,2,2,9,2,Returning_Visitor,False,True
0,0.0,0,0.0,15,304.17,0.02,0.04,0.0,0.0,May,2,2,1,3,Returning_Visitor,True,False
0,0.0,0,0.0,24,724.77,0.03,0.04,0.01,0.0,Nov,3,2,1,3,Returning_Visitor,True,False
3,64.3,0,0.0,25,2199.52,0.0,0.04,3.18,0.0,Oct,2,2,3,2,Returning_Visitor,False,False
3,190.4,1,274.0,39,2106.08,0.01,0.02,0.0,0.0,Aug,2,2,8,4,Returning_Visitor,False,False
10,1079.18,4,176.5,67,2162.84,0.01,0.02,0.55,0.0,Nov,3,2,1,2,Returning_Visitor,True,False
5,130.33,1,68.0,57,2660.25,0.0,0.0,59.12,0.0,May,1,1,6,4,Returning_Visitor,False,False
2,85.98,0,0.0,3,136.82,0.03,0.03,0.0,0.04,Nov,2,2,3,10,Returning_Visitor,False,True
1,6.0,0,0.0,34,1491.89,0.0,0.01,0.0,0.03,Nov,2,2,1,3,Returning_Visitor,False,False
4,229.25,0,0.0,8,372.25,0.03,0.01,0.0,0.0,Dec,1,2,1,8,Returning_Visitor,False,False
0,7.95,0,0.0,2,17.0,0.1,0.15,0.02,0.6,May,1,2,1,2,Returning_Visitor,False,False
0,0.0,3,100.0,22,2175.99,0.01,0.05,0.39,0.0,Mar,2,2,1,1,Returning_Visitor,False,False
0,0.65,0,0.0,11,211.83,0.0,0.04,0.0,0.0,May,2,2,1,13,Returning_Visitor,False,False
0,0.0,0,0.0,6,213.19,0.0,0.03,0.0,0.4,May,2,2,9,3,Returning_Visitor,False,False
0,2.2,0,0.0,21,1485.65,0.02,0.04,0.0,0.0,Nov,2,4,3,10,Returning_Visitor,False,True
0,117.7,0,0.0,11,248.6,0.01,0.01,0.11,0.03,Nov,2,7,1,5,New_Visitor,False,False
0,0.0,0,0.33,20,1483.74,0.0,0.03,0.0,0.0,Mar,2,2,1,1,Returning_Visitor,False,False
1,38.0,1,16.0,30,1522.82,0.03,0.02,0.0,0.0,May,3,2,2,13,Returning_Visitor,False,False
0,2.37,0,0.0,13,338.2,0.03,0.07,0.0,0.0,Nov,1,1,4,4,Returning_Visitor,True,False
0,3.0,0,0.0,13,215.95,0.0,0.02,0.0,0.0,Nov,3,2,6,2,New_Visitor,False,False
2,98.6,0,0.0,33,1200.2,0.02,0.03,18.41,0.0,Nov,2,2,2,1,Returning_Visitor,True,False
3,81.35,0,2.38,7,213.22,0.0,0.04,0.01,0.0,Nov,2,2,1,2,Returning_Visitor,False,False
6,74.99,0,1.81,4,34.0,0.0,0.03,0.27,0.0,May,2,2,9,5,New_Visitor,False,False
0,5.32,0,0.0,5,25.0,0.14,0.16,0.0,0.6,May,3,2,1,3,Returning_Visitor,False,False
0,0.0,0,0.0,27,1564.65,0.0,0.01,31.41,0.0,May,2,2,3,5,New_Visitor,False,True
0,28.25,0,0.0,30,1862.33,0.0,0.02,0.0,0.0,Nov,3,2,1,13,Returning_Visitor,False,False
0,0.0,0,0.0,34,1490.89,0.0,0.01,0.0,0.0,Nov,2,2,1,2,Returning_Visitor,True,False
3,78.51,1,70.73,110,1691.24,0.0,0.02,19.18,0.03,Aug,2,2,7,4,Returning_Visitor,False,False
0,0.78,0,0.0,11,238.53,0.03,0.07,0.02,0.0,May,2,2,2,3,Returning_Visitor,False,False
1,30.5,1,69.83,2,296.0,0.0,0.06,1.12,0.0,Dec,2,2,8,5,New_Visitor,True,False
0,0.0,0,0.0,22,1002.29,0.0,0.03,0.09,0.03,Jul,2,2,1,1,Returning_Visitor,True,False
0,9.53,0,0.0,34,676.17,0.0,0.01,39.18,0.0,May,2,2,6,4,Returning_Visitor,True,True
0,0.0,0,0.0,2,19.0,0.0,0.1,0.05,0.0,Mar,2,2,1,3,Returning_Visitor,False,False
0,17.24,0,0.0,7,1474.63,0.0,0.03,49.82,0.0,Mar,2,2,4,1,New_Visitor,False,True
3,0.0,0,2.81,100,2781.12,0.01,0.04,0.0,0.03,Dec,2,6,3,1,Returning_Visitor,False,False
5,89.29,0,4.84,13,238.7,0.01,0.03,0.01,0.03,Sep,1,1,1,2,Returning_Visitor,False,False
1,10.0,0,0.0,34,602.5,0.01,0.02,0.0,0.0,Dec,2,2,1,1,Returning_Visitor,False,False
0,6.59,0,3.04,28,1491.71,0.0,0.01,38.2,0.0,May,4,1,6,4,New_Visitor,False,True
0,1.91,0,0.0,4,2234.62,0.0,0.1,0.0,0.03,Aug,2,2,6,5,Returning_Visitor,False,False
3,78.0,0,2.98,11,918.86,0.0,0.02,0.0,0.0,Mar,3,2,3,1,Returning_Visitor,True,False
1,0.0,0,3.03,159,4668.05,0.01,0.02,0.0,0.03,May,2,2,2,2,Returning_Visitor,False,False
4,82.68,0,0.0,11,267.8,0.03,0.04,0.0,0.0,Sep,3,2,3,13,Returning_Visitor,False,False
0,0.0,0,0.0,15,239.0,0.05,0.07,0.0,0.0,May,3,2,1,3,Returning_Visitor,True,False
3,2.0,2,7.45,140,3252.2,0.01,0.02,0.0,0.03,Jul,2,2,4,2,Returning_Visitor,False,False
4,314.08,2,27.0,84,6560.01,0.0,0.02,0.0,0.03,Nov,2,2,1,2,Returning_Visitor,False,False
1,5.0,0,2.32,34,1240.65,0.0,0.02,0.0,0.03,Nov,2,2,6,2,Returning_Visitor,False,False
0,0.0,2,75.0,14,442.33,0.0,0.03,0.0,0.8,Feb,1,1,1,3,Returning_Visitor,False,False
0,0.0,2,68.34,18,502.0,0.0,0.01,0.1,0.0,Dec,8,2,8,2,New_Visitor,True,False
3,726.0,0,0.0,47,1490.09,0.0,0.04,0.0,0.0,Nov,2,2,9,2,Returning_Visitor,False,False
0,0.0,0,0.0,11,405.1,0.03,0.06,0.0,0.0,Nov,3,2,6,13,Returning_Visitor,False,False
3,82.7,0,3.41,34,1544.18,0.0,0.01,0.0,0.0,Dec,3,2,2,11,New_Visitor,False,False
4,202.43,0,7.79,338,13265.36,0.01,0.02,1.11,0.03,Nov,2,2,3,2,Returning_Visitor,False,True
0,0.0,0,0.0,4,66.0,0.0,0.05,0.0,0.0,Dec,1,1,1,2,Returning_Visitor,False,False
0,0.0,0,0.0,1,0.0,0.2,0.2,0.02,0.0,Mar,2,2,5,3,Returning_Visitor,True,False
1,346.71,0,8.23,292,8282.21,0.0,0.01,13.92,0.03,Nov,2,2,1,2,Returning_Visitor,False,False
1,28.2,0,0.0,27,0.0,0.0,0.05,0.0,0.04,Sep,1,1,1,5,New_Visitor,False,True
5,44.0,0,33.43,131,3865.84,0.01,0.02,0.82,0.03,Nov,2,2,3,2,Returning_Visitor,True,True
5,85.67,0,0.0,25,1194.5,0.0,0.01,11.52,0.03,May,2,2,1,2,New_Visitor,False,True
3,9.0,1,0.99,34,3148.17,0.02,0.04,3.32,0.4,May,3,2,8,2,Returning_Visitor,False,False
0,0.0,0,0.0,5,1268.52,0.0,0.11,0.0,0.0,Nov,1,1,3,2,Returning_Visitor,False,False
0,0.0,0,0.0,9,165.0,0.0,0.02,0.02,0.06,May,2,2,1,4,Returning_Visitor,True,False
0,0.0,0,0.0,4,58.17,0.14,0.14,0.0,0.6,May,2,2,1,3,Returning_Visitor,False,False
2,81.21,0,0.0,11,296.3,0.0,0.02,3.54,0.0,Sep,2,4,3,2,New_Visitor,False,False
1,6.0,0,0.0,10,506.4,0.0,0.01,0.0,0.0,Sep,3,2,3,5,Returning_Visitor,True,False
0,0.0,0,4.85,27,1471.2,0.02,0.04,0.0,0.0,Dec,2,2,1,2,Returning_Visitor,False,False
4,123.4,0,0.0,34,585.37,0.02,0.03,0.0,0.0,Jul,1,1,3,3,Returning_Visitor,True,False
0,0.0,0,0.0,22,812.3,0.03,0.06,0.0,0.03,Nov,1,1,4,10,Returning_Visitor,True,False
0,0.0,0,1.53,32,1027.66,0.01,0.02,0.0,0.0,Mar,1,1,1,3,Returning_Visitor,False,False
0,2.97,0,0.67,7,65.97,0.13,0.09,0.0,0.0,Mar,3,2,1,3,Returning_Visitor,True,False
4,391.3,0,9.77,33,948.59,0.0,0.0,5.92,0.0,Aug,2,2,3,2,Returning_Visitor,False,True
0,139.1,0,0.0,1,0.0,0.2,0.2,0.0,0.03,Dec,3,2,3,1,Returning_Visitor,True,False
1,0.0,0,1.94,50,998.95,0.01,0.02,0.0,0.8,May,2,2,3,2,Returning_Visitor,False,False
0,0.0,0,3.98,6,69.23,0.0,0.04,0.0,0.0,May,1,1,3,3,Returning_Visitor,False,False
0,0.0,0,0.0,3,72.92,0.1,0.1,0.01,0.0,Nov,3,2,6,13,Returning_Visitor,False,False
0,0.85,0,0.0,11,667.92,0.0,0.01,0.22,0.0,Dec,2,2,1,2,Returning_Visitor,False,True
0,0.0,0,0.0,7,236.84,0.0,0.04,0.0,0.0,Nov,2,2,1,2,New_Visitor,False,False
3,82.6,0,0.0,10,352.0,0.0,0.01,27.19,0.0,Sep,2,2,1,2,New_Visitor,True,True
0,0.0,0,0.0,1,12.21,0.2,0.2,0.0,0.0,Nov,3,2,1,13,Returning_Visitor,False,False
0,6.48,1,15.0,29,1235.65,0.04,0.04,0.0,0.0,Mar,1,1,1,3,Returning_Visitor,True,False
3,83.25,0,0.0,18,607.5,0.01,0.01,361.76,0.0,Nov,2,2,3,2,New_Visitor,False,True
3,3.08,0,0.0,18,1525.31,0.01,0.04,0.0,0.0,Nov,1,8,1,11,Returning_Visitor,True,False
0,0.0,2,36.5,41,1485.28,0.0,0.01,0.0,0.0,Dec,1,1,1,2,Returning_Visitor,False,False
1,21.2,0,1.47,28,0.0,0.05,0.1,0.0,0.0,Oct,1,1,1,5,Returning_Visitor,False,False
4,63.5,0,8.74,94,4620.09,0.0,0.01,0.0,0.0,Dec,2,2,1,2,Returning_Visitor,True,False
0,0.0,0,0.0,8,244.0,0.0,0.05,0.0,0.0,May,2,2,3,4,Returning_Visitor,False,False
1,172.06,0,4.79,104,5155.35,0.0,0.03,8.81,0.03,Nov,2,2,1,1,Returning_Visitor,False,False
2,145.0,0,37.5,130,5252.86,0.0,0.01,0.68,0.03,Nov,2,2,4,2,Returning_Visitor,False,True
0,1.78,0,0.0,7,234.17,0.0,0.03,0.0,0.0,Feb,1,1,1,3,Returning_Visitor,False,False
9,267.17,0,20.44,39,881.44,0.0,0.01,20.12,0.03,Mar,2,2,3,8,New_Visitor,False,False
4,26.0,0,0.0,22,1462.24,0.01,0.04,0.0,0.0,Nov,2,2,3,8,Returning_Visitor,False,False
0,0.0,0,0.0,23,901.27,0.0,0.02,0.0,0.0,Dec,1,1,1,2,New_Visitor,True,False
0,157.89,1,50.25,170,3888.28,0.0,0.0,0.0,0.03,Nov,2,2,7,2,Returning_Visitor,False,False
7,80.94,0,0.0,34,266.58,0.0,0.04,0.0,0.03,Mar,2,2,1,2,Returning_Visitor,False,False
3,66.33,0,0.0,15,1533.97,0.0,0.01,0.0,0.0,Mar,2,2,6,3,Returning_Visitor,False,False
2,103.03,0,0.0,33,1477.73,0.0,0.02,9.69,0.04,Dec,2,2,4,1,Returning_Visitor,True,False
0,0.84,0,0.0,10,1085.97,0.13,0.14,0.0,0.8,May,2,2,6,13,Returning_Visitor,False,False
7,184.93,4,277.5,70,3993.14,0.01,0.01,32.1,0.0,Nov,3,2,1,2,Returning_Visitor,True,True
4,324.5,0,4.44,34,1456.78,0.0,0.01,38.67,0.03,May,2,2,4,2,Returning_Visitor,False,True
0,0.0,0,0.0,2,55.0,0.0,0.05,0.0,0.4,May,3,2,1,13,Returning_Visitor,False,False
1,20.0,0,12.09,34,2179.67,0.0,0.0,0.0,0.0,May,2,2,1,2,Returning_Visitor,False,False
5,60.0,1,0.0,11,647.67,0.02,0.04,0.0,0.03,May,2,4,9,2,Returning_Visitor,False,False
0,0.0,0,1.37,5,52.0,0.0,0.07,0.15,0.0,Mar,2,5,1,3,Returning_Visitor,True,False
5,88.46,0,6.02,35,1530.21,0.03,0.03,0.0,0.0,Dec,3,2,1,1,Returning_Visitor,False,True
0,17.46,0,0.0,6,225.05,0.1,0.12,0.0,0.0,May,2,4,3,1,Returning_Visitor,False,False
0,0.95,0,0.6,35,1527.18,0.0,0.03,0.01,0.0,Nov,2,2,1,1,Returning_Visitor,False,False
3,25.0,0,0.0,6,65.0,0.0,0.02,0.0,0.0,Mar,2,2,1,2,New_Visitor,True,False
5,88.91,0,0.0,38,615.56,0.0,0.0,38.99,0.0,Mar,1,1,1,3,New_Visitor,True,True
2,174.6,0,0.0,12,251.2,0.04,0.04,0.0,0.0,Mar,3,2,6,1,Returning_Visitor,False,False
2,13.0,0,0.0,19,1506.86,0.01,0.04,13.13,0.0,Nov,2,2,1,3,Returning_Visitor,False,False
0,0.0,0,0.0,34,1491.26,0.0,0.01,0.03,0.0,May,3,2,4,2,Returning_Visitor,False,False
6,82.12,0,12.27,41,1824.08,0.0,0.01,0.0,0.0,Dec,3,2,3,2,New_Visitor,False,False
0,1.67,0,0.0,1,0.0,0.2,0.14,0.01,0.0,May,1,1,4,1,Returning_Visitor,True,False
4,21.1,2,5.47,92,2668.71,0.02,0.05,0.0,0.0,Aug,2,2,1,2,Returning_Visitor,True,False
1,0.0,0,0.0,13,88.0,0.01,0.12,0.0,0.8,May,3,2,1,6,Returning_Visitor,False,False
3,81.93,0,8.52,12,78.7,0.0,0.04,0.09,0.0,Oct,2,2,6,2,New_Visitor,True,False
0,0.0,0,2.51,7,203.5,0.0,0.03,0.01,0.0,Mar,1,1,1,9,New_Visitor,True,False
2,64.0,0,0.0,19,1525.88,0.0,0.04,0.0,0.03,Mar,2,4,9,10,Returning_Visitor,False,False
0,0.0,0,0.0,32,1483.39,0.04,0.03,0.0,0.03,Mar,2,2,3,10,Returning_Visitor,False,False
1,11.0,0,0.0,26,1524.98,0.0,0.02,0.0,0.0,Nov,4,2,1,3,Returning_Visitor,False,False
1,84.67,0,0.0,7,1252.77,0.03,0.02,1.02,0.0,Mar,1,2,7,4,Returning_Visitor,False,False
0,0.0,0,0.0,2,21.0,0.0,0.14,3.75,1.0,May,2,2,4,1,Returning_Visitor,True,False
0,0.0,0,0.0,34,1486.18,0.01,0.03,0.0,0.0,Dec,1,1,1,2,Returning_Visitor,False,False
2,76.0,1,124.39,21,2072.67,0.01,0.03,23.03,0.03,May,2,4,7,2,Returning_Visitor,False,False
0,7.61,0,0.0,2,0.0,0.2,0.2,0.0,0.0,Nov,3,2,9,3,Returning_Visitor,False,False
11,81.33,2,214.17,46,1485.03,0.0,0.01,5.51,0.03,Nov,4,2,4,2,Returning_Visitor,False,True
0,0.0,0,0.0,10,72.5,0.08,0.11,0.0,0.2,May,2,2,2,13,Returning_Visitor,False,False
2,0.0,1,246.5,31,1838.85,0.0,0.01,0.18,0.0,Dec,2,7,3,1,New_Visitor,False,False
0,17.19,1,6.0,65,1494.91,0.02,0.05,0.0,0.03,Jul,2,2,2,3,Returning_Visitor,False,False
0,0.0,0,0.0,4,1429.93,0.08,0.1,0.0,0.0,Dec,3,2,3,13,Returning_Visitor,False,False
2,91.0,1,129.43,160,2418.53,0.0,0.02,0.58,0.0,May,2,6,1,2,Returning_Visitor,False,False
0,0.0,0,0.0,21,1479.16,0.0,0.02,39.17,0.0,May,1,1,1,4,Returning_Visitor,False,True
3,318.0,0,0.0,37,1837.97,0.03,0.04,0.0,0.4,May,3,2,1,11,Returning_Visitor,False,False
0,57.08,0,0.0,2,7.03,0.2,0.14,0.0,0.0,May,3,2,9,3,Returning_Visitor,False,False
0,0.0,0,0.0,10,357.56,0.01,0.02,0.04,0.0,Dec,1,1,3,11,New_Visitor,False,False
2,178.0,0,0.0,36,1499.1,0.03,0.05,0.0,0.08,May,3,2,1,13,Returning_Visitor,False,False
0,0.0,0,0.0,6,252.3,0.0,0.02,22.15,0.0,Nov,1,1,7,3,Returning_Visitor,False,True
6,56.89,0,0.0,40,1296.92,0.0,0.02,1.34,0.03,Sep,2,2,7,1,Returning_Visitor,False,False
3,68.55,0,13.35,91,2345.59,0.0,0.01,51.27,0.0,Dec,2,5,7,2,Returning_Visitor,False,False
4,93.6,0,0.0,6,69.4,0.0,0.04,0.01,0.0,Sep,3,2,1,4,Returning_Visitor,False,False
0,0.0,0,0.6,34,1505.55,0.0,0.01,0.01,0.0,Dec,2,2,2,1,Returning_Visitor,False,False
10,198.43,4,636.75,32,3312.88,0.0,0.02,0.0,0.03,Nov,2,2,2,2,Returning_Visitor,False,True
8,580.2,0,145.6,48,2734.97,0.0,0.01,27.6,0.0,Oct,2,2,4,5,New_Visitor,False,True
9,739.12,0,0.0,19,1655.19,0.0,0.02,27.97,0.0,Dec,1,1,7,2,New_Visitor,False,False
6,105.0,1,10.44,41,1343.1,0.02,0.03,0.0,0.0,May,3,2,4,2,Returning_Visitor,True,False
0,0.0,0,0.0,5,88.0,0.0,0.04,0.0,0.8,May,2,2,3,1,Returning_Visitor,False,False
2,75.6,2,652.8,10,1496.84,0.0,0.02,0.0,0.03,Nov,2,2,1,2,Returning_Visitor,False,False
3,23.17,0,0.0,12,668.77,0.0,0.01,0.03,0.0,Dec,2,2,9,3,New_Visitor,True,False
1,69.0,0,0.0,9,181.02,0.0,0.03,0.74,0.0,Mar,3,2,1,8,New_Visitor,False,True
0,38.65,0,0.0,13,63.5,0.0,0.1,0.0,0.0,Nov,2,4,1,3,Returning_Visitor,False,False
4,126.71,1,88.0,33,1734.78,0.0,0.01,0.0,0.0,Mar,3,2,3,9,Returning_Visitor,True,False
3,56.0,0,0.0,19,2117.65,0.0,0.01,6.71,0.03,Dec,2,2,3,2,Returning_Visitor,False,True
3,76.0,0,6.99,186,5106.26,0.0,0.02,0.0,0.03,Nov,2,2,3,2,Returning_Visitor,False,False
0,0.0,0,0.0,9,1173.36,0.13,0.2,0.0,0.8,May,2,2,1,13,Returning_Visitor,False,False
0,0.0,0,0.0,18,1461.42,0.02,0.05,0.0,0.0,Nov,3,2,3,11,Returning_Visitor,True,False
6,212.0,1,9.0,10,1488.39,0.0,0.0,0.0,0.03,May,1,1,1,2,Returning_Visitor,False,False
3,86.25,0,0.0,8,1253.75,0.02,0.04,0.0,0.0,Dec,1,1,3,1,Returning_Visitor,False,False
3,32.0,0,0.0,30,1407.5,0.01,0.03,15.51,0.0,May,2,2,1,13,Returning_Visitor,False,True
0,28.73,0,0.0,12,317.09,0.0,0.04,0.13,0.0,June,3,2,4,13,Returning_Visitor,True,True
2,67.0,0,0.0,4,80.98,0.02,0.04,0.0,0.05,May,2,2,4,1,Returning_Visitor,False,False
0,0.0,0,0.15,39,1429.5,0.0,0.02,0.0,0.0,June,2,2,1,3,Returning_Visitor,False,False
3,148.27,0,0.93,15,1538.6,0.01,0.03,11.55,0.0,Sep,3,2,3,1,Returning_Visitor,False,False
8,320.22,0,0.0,64,364.42,0.0,0.01,2.38,0.2,May,2,2,1,2,Returning_Visitor,False,False
1,21.2,1,141.0,7,307.87,0.0,0.0,0.0,0.0,May,2,2,1,3,Returning_Visitor,True,False
0,0.0,0,0.0,10,393.0,0.02,0.06,0.0,0.04,May,2,2,7,3,Returning_Visitor,False,False
0,0.0,0,0.0,7,54.5,0.1,0.15,0.0,0.0,Nov,2,2,1,10,Returning_Visitor,False,False
1,30.2,0,2.89,5,104.24,0.07,0.08,0.0,0.03,May,2,4,1,3,Returning_Visitor,True,False
3,27.2,0,2.92,69,1596.41,0.0,0.02,33.62,0.03,Sep,2,2,2,1,Returning_Visitor,True,False
0,2.14,0,6.39,4,81.5,0.0,0.03,0.0,0.04,May,1,1,1,4,Returning_Visitor,True,False
3,86.0,0,0.0,36,1720.42,0.0,0.04,0.0,0.2,May,2,10,4,2,Returning_Visitor,False,False
0,1.13,0,0.0,5,57.85,0.02,0.04,0.0,0.6,May,2,2,1,6,Returning_Visitor,False,False
4,81.17,0,0.0,11,1490.91,0.0,0.01,0.0,0.0,Oct,2,2,3,2,Returning_Visitor,False,False
0,18.43,1,521.98,27,733.29,0.02,0.04,0.0,0.0,Nov,2,2,7,2,Returning_Visitor,False,False
0,0.0,0,0.15,34,2334.92,0.01,0.02,0.0,0.0,Dec,3,2,1,1,Returning_Visitor,False,False
2,12.62,0,233.79,29,1268.12,0.01,0.04,25.04,0.0,Nov,2,2,1,10,Returning_Visitor,True,True
0,1.97,0,0.0,7,270.75,0.0,0.03,0.01,0.0,Dec,1,1,1,2,Returning_Visitor,True,False
2,44.0,0,3.33,56,2075.98,0.0,0.01,13.82,0.0,May,2,5,2,3,Returning_Visitor,False,True
0,0.0,0,0.0,20,606.0,0.0,0.01,0.0,0.03,Mar,2,2,6,1,Returning_Visitor,False,False
1,51.0,1,68.75,44,12460.67,0.01,0.01,0.0,0.03,Nov,2,2,1,3,Returning_Visitor,False,False
2,225.0,0,0.0,16,1606.85,0.01,0.01,0.0,0.0,May,3,2,1,4,New_Visitor,False,False
0,0.0,0,0.0,35,990.92,0.02,0.05,0.0,0.8,May,2,10,2,4,Returning_Visitor,False,False
3,161.11,1,0.0,19,381.6,0.04,0.04,8.33,0.0,Aug,1,1,4,1,Returning_Visitor,False,True
4,101.8,0,0.0,35,5692.21,0.01,0.03,0.0,0.03,Sep,4,1,8,1,Returning_Visitor,False,False
0,0.0,0,1.83,11,225.5,0.02,0.05,0.0,0.0,Dec,2,5,4,1,Returning_Visitor,False,False
0,0.0,0,7.41,84,2197.78,0.0,0.01,0.0,0.03,Nov,1,1,3,2,Returning_Visitor,False,True
4,296.75,0,0.0,10,183.71,0.02,0.03,0.03,0.0,Dec,1,1,3,2,Returning_Visitor,False,False
2,7.5,0,0.0,63,1903.67,0.01,0.02,0.0,0.4,May,1,2,2,4,Returning_Visitor,False,False
3,46.4,0,0.0,13,473.24,0.0,0.02,0.0,0.0,Jul,1,1,1,4,Returning_Visitor,True,False
0,6.38,0,0.0,1,1482.65,0.2,0.14,0.04,0.0,Nov,2,2,7,8,New_Visitor,False,False
3,0.0,0,0.0,4,126.5,0.03,0.09,0.0,0.0,Mar,2,5,3,2,Returning_Visitor,True,False
6,83.35,2,62.4,32,518.44,0.02,0.03,0.13,0.0,May,3,2,6,4,Returning_Visitor,False,False
3,0.0,0,0.0,6,36.0,0.07,0.1,0.0,0.0,Nov,2,2,3,2,Returning_Visitor,False,False
2,4.0,0,17.9,64,3757.08,0.01,0.02,18.88,0.0,Nov,3,2,6,2,Returning_Visitor,False,False
4,141.04,2,213.0,50,829.52,0.0,0.03,0.0,0.03,Dec,2,2,4,3,Returning_Visitor,False,False
0,1.9,0,0.0,9,275.17,0.02,0.03,0.01,0.03,Nov,3,2,1,13,Returning_Visitor,False,False
2,296.12,1,26.5,79,1512.35,0.0,0.02,17.79,0.0,Nov,2,2,1,10,Returning_Visitor,False,True
0,0.0,0,0.0,1,0.0,0.2,0.2,0.0,0.03,Mar,1,1,1,9,Returning_Visitor,True,False
3,69.0,0,0.0,37,769.0,0.0,0.0,47.93,0.03,May,3,2,3,2,New_Visitor,True,True
0,0.0,0,0.0,6,34.33,0.03,0.05,0.0,0.6,May,2,2,2,3,Returning_Visitor,False,False
3,224.0,0,6.59,132,5098.75,0.01,0.01,2.21,0.03,Nov,1,2,1,2,Returning_Visitor,False,True
7,63.17,0,0.0,105,4797.99,0.01,0.01,8.07,0.03,May,2,2,3,1,Returning_Visitor,False,False
2,103.0,0,0.0,16,399.0,0.02,0.06,0.0,0.0,May,2,5,1,19,Returning_Visitor,False,False
0,5.19,0,2.19,18,481.4,0.07,0.09,0.0,0.0,Aug,3,2,3,3,Returning_Visitor,False,False
0,0.0,0,0.0,16,1558.25,0.0,0.01,0.0,0.0,Nov,3,2,3,2,New_Visitor,True,False
0,0.0,0,0.51,13,445.33,0.01,0.07,0.0,0.0,Nov,3,4,3,10,Returning_Visitor,False,False
1,275.08,0,0.0,34,806.03,0.0,0.0,0.0,0.0,Oct,2,5,2,3,Returning_Visitor,False,False
1,120.61,0,0.0,3,1483.83,0.0,0.0,0.04,0.0,Aug,2,2,3,4,Returning_Visitor,False,False
4,62.5,0,0.0,35,3222.76,0.01,0.02,0.02,0.6,May,3,2,2,4,Returning_Visitor,False,False
1,83.67,0,26.78,27,1556.79,0.02,0.04,0.0,0.0,Nov,3,2,6,1,Returning_Visitor,False,False
3,217.83,0,12.65,18,338.13,0.0,0.02,0.0,0.0,Mar,3,2,3,10,Returning_Visitor,False,False
3,93.5,0,0.0,23,251.33,0.0,0.01,0.0,0.03,May,2,2,3,3,New_Visitor,False,False
0,0.0,0,2.55,102,4509.0,0.01,0.04,0.0,0.0,Nov,2,2,7,1,Returning_Visitor,False,False
4,87.25,0,0.0,34,1336.21,0.01,0.04,0.03,0.0,Nov,2,2,1,1,Returning_Visitor,False,False
2,235.0,0,0.0,33,1493.35,0.0,0.01,45.61,0.0,May,3,2,7,2,New_Visitor,False,True
0,0.0,0,0.0,16,79.0,0.03,0.04,0.0,0.0,May,2,2,2,4,Returning_Visitor,True,False
3,58.29,0,46.31,177,4041.73,0.0,0.01,4.17,0.03,Nov,2,2,1,2,Returning_Visitor,False,False
3,92.17,1,39.0,46,1651.97,0.0,0.03,24.41,0.0,May,2,4,2,2,Returning_Visitor,False,False
0,0.66,0,0.0,10,196.23,0.04,0.06,0.0,0.0,May,2,2,1,13,Returning_Visitor,False,False
0,9.69,0,0.0,18,542.93,0.0,0.02,0.0,0.03,Nov,3,2,1,11,New_Visitor,False,False
2,80.43,0,0.0,34,1499.48,0.02,0.06,0.0,0.0,Dec,1,1,3,2,Returning_Visitor,False,False
0,0.71,0,0.0,1,0.0,0.2,0.2,0.0,0.0,Mar,1,1,3,3,Returning_Visitor,False,False
0,147.58,0,9.01,6,2017.17,0.01,0.01,0.12,0.8,Feb,2,2,4,3,Returning_Visitor,False,False
0,3.37,0,0.0,34,1050.25,0.0,0.03,0.0,0.0,Oct,1,1,6,2,Returning_Visitor,True,False
10,251.87,0,0.0,60,1993.92,0.0,0.01,39.16,0.0,May,2,2,2,1,Returning_Visitor,False,False
4,206.33,0,0.5,34,917.35,0.0,0.01,23.83,0.0,Mar,4,2,1,2,Returning_Visitor,False,True
0,0.0,0,0.0,7,906.0,0.0,0.02,14.98,0.4,May,4,1,2,4,New_Visitor,False,True
3,125.68,0,3.1,96,1949.65,0.01,0.01,0.0,0.03,Dec,1,1,1,1,Returning_Visitor,False,False
0,0.0,0,0.0,12,261.75,0.0,0.03,0.0,0.0,Mar,2,2,1,2,Returning_Visitor,False,False
0,0.0,0,2.87,5,108.0,0.0,0.04,0.0,0.0,May,2,2,3,2,Returning_Visitor,True,False
0,0.0,0,31.26,34,1505.63,0.0,0.03,0.0,0.0,Nov,1,1,1,2,New_Visitor,True,False
0,0.0,0,2.68,64,1558.36,0.0,0.02,0.0,0.03,Nov,2,4,3,2,Returning_Visitor,False,True
6,483.68,0,0.0,12,212.75,0.0,0.01,0.0,0.0,Nov,1,2,3,2,New_Visitor,False,False
3,90.5,2,16.0,34,2986.92,0.02,0.04,0.0,0.0,Dec,2,2,8,1,Returning_Visitor,False,False
0,0.0,0,0.0,45,801.05,0.0,0.02,0.0,0.0,Dec,2,2,1,2,Returning_Visitor,False,False
1,0.0,0,0.0,8,1483.77,0.0,0.02,0.08,0.0,Mar,2,4,6,1,Returning_Visitor,True,False
0,3.54,0,0.0,6,136.67,0.02,0.12,0.01,0.0,Nov,3,2,1,10,Returning_Visitor,True,False
3,9.0,0,2.95,133,4334.82,0.01,0.04,0.0,0.03,Dec,2,2,1,1,Returning_Visitor,False,False
0,0.0,0,2.2,6,242.16,0.0,0.04,0.0,0.0,May,1,1,1,3,Returning_Visitor,True,False
3,27.0,0,5.5,23,1278.09,0.0,0.01,0.0,0.0,Mar,2,2,6,2,New_Visitor,True,False
3,66.94,4,31.0,1,43.0,0.0,0.03,0.0,0.0,Dec,8,2,8,20,Other,False,False
2,503.78,4,985.42,34,1956.02,0.0,0.02,0.0,0.6,May,2,2,3,2,Returning_Visitor,False,False
0,9.81,0,0.0,56,221.5,0.0,0.04,0.0,0.0,Mar,3,2,3,10,Returning_Visitor,True,False
0,1.55,0,0.0,12,976.2,0.02,0.04,0.0,0.04,Mar,2,2,7,1,Returning_Visitor,False,False
0,0.82,0,0.0,8,400.8,0.05,0.14,0.0,0.0,Dec,1,1,1,3,Returning_Visitor,False,False
5,73.5,0,86.86,41,1705.04,0.0,0.02,7.26,0.03,May,2,2,2,2,Returning_Visitor,False,False
2,85.29,0,6.37,10,1480.17,0.02,0.02,2.33,0.03,Nov,1,4,6,8,New_Visitor,True,True
3,106.5,0,0.0,12,806.25,0.01,0.03,0.0,0.0,Dec,2,2,1,2,Returning_Visitor,False,False
0,0.0,0,0.0,8,57.94,0.07,0.13,0.03,0.0,Dec,3,2,1,20,Returning_Visitor,False,False
4,185.0,0,0.0,37,1694.75,0.02,0.04,0.01,0.0,Mar,2,2,6,1,Returning_Visitor,False,False
0,0.9,2,10.0,15,2215.39,0.02,0.04,0.37,0.03,May,2,2,1,4,Returning_Visitor,False,False
0,0.0,0,0.0,1,4.25,0.14,0.2,0.0,0.0,Mar,2,2,2,1,Returning_Visitor,False,False
12,217.65,2,1009.73,38,1639.07,0.02,0.03,5.29,0.0,Sep,3,2,1,1,Returning_Visitor,True,False
2,78.23,0,0.0,11,226.4,0.02,0.08,0.0,0.03,Mar,3,2,1,2,Returning_Visitor,False,False
1,202.0,0,0.0,2,8.0,0.0,0.07,0.49,0.0,Sep,2,2,8,6,Returning_Visitor,False,False
0,1.93,0,0.0,32,2759.63,0.03,0.04,0.0,0.0,May,3,2,3,2,Returning_Visitor,False,False
0,0.0,1,5.03,34,1165.84,0.0,0.02,7.2,0.0,Oct,2,2,5,1,Returning_Visitor,False,True
0,1.65,0,1.75,3,6.92,0.07,0.13,0.0,0.03,Nov,1,1,1,6,Returning_Visitor,False,False
3,27.0,0,0.0,2,16.0,0.0,0.04,0.0,0.0,Dec,2,2,2,2,New_Visitor,True,True
0,44.06,0,0.0,7,101.47,0.14,0.11,0.0,0.03,May,2,4,3,3,Returning_Visitor,False,False
2,0.0,0,0.0,33,1203.82,0.0,0.0,0.0,0.0,Sep,2,2,4,4,Returning_Visitor,True,False
0,6.16,0,0.0,6,52.67,0.04,0.05,0.0,0.0,Nov,2,2,2,13,Returning_Visitor,False,False
3,0.0,0,50.67,149,6001.17,0.0,0.02,0.0,0.03,Nov,2,2,1,2,Returning_Visitor,False,True
9,86.6,2,34.0,45,2904.92,0.0,0.01,0.0,0.04,Dec,1,1,1,8,Returning_Visitor,True,False
1,18.0,0,0.0,29,1495.78,0.0,0.0,0.0,0.0,Nov,2,2,1,3,New_Visitor,False,False
1,83.44,0,0.0,11,231.78,0.02,0.03,0.0,0.0,Nov,1,1,4,2,Returning_Visitor,False,False
9,94.17,2,20.0,11,1569.17,0.01,0.03,2.64,0.0,May,3,2,7,6,Returning_Visitor,False,False
0,0.0,0,1.39,43,3382.08,0.0,0.02,0.0,0.0,May,2,2,1,2,Returning_Visitor,False,False
0,0.0,0,0.0,6,57.51,0.01,0.04,0.0,0.6,May,2,2,1,13,Returning_Visitor,False,False
9,255.87,0,0.0,19,1436.87,0.0,0.02,0.0,0.0,May,1,2,3,2,Returning_Visitor,False,False
2,121.0,0,0.0,28,1830.58,0.0,0.02,111.51,0.0,Dec,1,1,6,2,Returning_Visitor,True,False
1,83.04,0,0.0,13,1490.73,0.03,0.04,0.01,0.0,Mar,3,1,6,2,Returning_Visitor,True,False
0,0.0,0,0.0,27,845.5,0.0,0.01,0.0,0.0,Mar,4,1,1,11,Returning_Visitor,True,False
0,76.12,0,0.0,1,342.37,0.2,0.14,0.12,0.0,May,3,3,4,4,Returning_Visitor,False,False
0,0.0,0,1.74,34,772.62,0.0,0.02,0.0,0.0,Dec,2,2,1,2,Returning_Visitor,False,False
0,0.0,0,0.0,35,2734.82,0.0,0.0,49.39,0.0,May,4,5,3,2,Returning_Visitor,False,True
4,158.2,0,0.0,34,4402.25,0.0,0.0,246.76,0.0,Oct,4,1,8,2,New_Visitor,False,False
3,193.75,0,10.13,35,1316.43,0.0,0.01,0.0,0.03,Sep,1,2,1,2,Returning_Visitor,False,False
0,4.87,0,0.0,7,438.9,0.03,0.07,0.02,0.36,May,3,2,1,1,Returning_Visitor,True,False
1,111.0,0,0.0,13,274.58,0.0,0.02,0.03,0.03,Nov,1,1,1,2,New_Visitor,False,False
5,241.35,0,0.0,5,244.7,0.01,0.03,0.0,0.0,May,2,2,4,1,Returning_Visitor,True,False
4,18.0,0,0.0,2,8.0,0.0,0.05,0.0,0.0,Dec,8,13,9,2,Other,False,False
2,112.42,0,21.45,80,5426.02,0.01,0.03,0.0,0.0,May,3,2,6,1,Returning_Visitor,False,False
0,0.0,0,0.0,5,54.33,0.0,0.02,0.0,0.0,Dec,1,2,1,3,Returning_Visitor,False,False
0,0.0,0,1.53,3,15.0,0.0,0.07,0.0,0.2,May,2,1,3,3,Returning_Visitor,False,False
0,0.0,0,1.94,11,496.0,0.02,0.06,0.0,0.0,Dec,4,1,2,3,Returning_Visitor,False,False
8,206.0,3,132.0,16,1536.98,0.0,0.01,0.0,0.0,Mar,2,2,1,1,Returning_Visitor,False,False
2,49.8,0,0.0,41,1489.99,0.01,0.02,6.8,0.03,Nov,2,2,1,1,Returning_Visitor,False,False
0,0.0,0,0.0,14,1308.58,0.0,0.03,0.0,0.03,Mar,2,2,2,2,Returning_Visitor,False,False
0,0.0,0,0.0,16,571.5,0.03,0.09,0.0,0.4,Dec,7,1,6,3,Returning_Visitor,False,False
3,80.89,0,0.0,34,1523.08,0.0,0.0,0.0,0.03,Nov,2,10,1,2,Returning_Visitor,False,False
8,57.5,0,5.61,44,845.83,0.0,0.01,19.3,0.6,May,2,2,1,3,Returning_Visitor,False,True
2,277.8,0,5.47,33,884.5,0.0,0.0,7.48,0.03,Mar,2,10,2,2,Returning_Visitor,True,True
3,47.25,0,0.69,75,3275.11,0.0,0.03,29.61,0.03,Aug,4,1,1,3,Returning_Visitor,False,True
0,0.0,3,45.5,117,3228.5,0.01,0.02,0.0,0.03,Nov,1,2,1,2,Returning_Visitor,True,False
0,3.0,0,0.0,17,273.0,0.04,0.07,0.0,0.0,May,3,2,1,13,Returning_Visitor,False,False
0,1.21,0,1.65,34,1014.83,0.01,0.05,0.0,0.05,May,2,2,2,13,Returning_Visitor,False,False
0,0.0,0,0.0,2,75.19,0.13,0.2,0.0,0.0,Aug,2,2,3,11,Returning_Visitor,False,False
0,0.0,0,0.0,27,352.08,0.01,0.02,0.0,0.04,May,3,2,3,3,Returning_Visitor,False,False
0,0.0,0,0.0,5,357.25,0.0,0.06,0.0,0.0,Mar,2,10,4,3,Returning_Visitor,True,False
5,156.2,0,0.0,22,1451.79,0.0,0.01,38.8,0.0,Sep,1,1,1,5,New_Visitor,False,True
0,0.0,0,0.0,34,671.09,0.03,0.04,0.0,0.0,Nov,3,2,3,2,Returning_Visitor,False,False
3,31.33,0,2.65,33,1460.22,0.0,0.02,0.0,0.03,Mar,3,2,2,2,Returning_Visitor,False,False
1,81.5,1,19.0,39,1801.4,0.0,0.04,0.0,0.0,Mar,2,2,1,10,Returning_Visitor,False,False
0,8.09,0,0.0,6,1478.81,0.0,0.02,0.0,0.4,Feb,1,1,3,3,Returning_Visitor,False,False
5,99.0,0,2.62,35,573.0,0.0,0.02,9.6,0.6,May,2,2,1,4,Returning_Visitor,False,False
6,84.04,0,2.49,50,925.95,0.0,0.01,39.11,0.0,Mar,2,2,1,2,Returning_Visitor,False,True
6,119.95,2,243.0,19,681.62,0.0,0.01,28.3,1.0,May,2,2,1,2,Returning_Visitor,True,True
2,1.26,0,0.0,37,2235.83,0.01,0.01,50.08,0.0,Nov,2,5,7,10,Returning_Visitor,False,True
9,255.42,2,94.17,37,1542.34,0.01,0.03,22.31,0.0,Mar,3,2,4,8,Returning_Visitor,False,True
6,1013.89,1,378.8,8,230.28,0.0,0.02,13.86,0.0,May,2,2,3,2,Returning_Visitor,True,False
0,0.0,0,0.0,2,31.23,0.14,0.14,0.0,0.0,May,3,2,1,3,Returning_Visitor,False,False
2,33.4,0,0.0,35,1795.93,0.0,0.01,0.04,0.0,Nov,2,2,1,3,Returning_Visitor,False,False
0,3.87,0,0.0,2,2.83,0.2,0.2,0.0,0.0,Dec,2,2,1,1,Returning_Visitor,False,False
10,175.07,0,2.97,38,1044.8,0.02,0.02,0.0,0.04,May,3,2,1,4,Returning_Visitor,False,False
1,16.0,3,536.78,34,765.04,0.01,0.02,0.0,0.03,Nov,3,2,4,2,Returning_Visitor,False,False
0,0.0,0,0.0,17,1481.15,0.0,0.01,63.46,0.0,Oct,2,2,1,4,New_Visitor,False,True
2,31.0,1,16.0,36,1564.95,0.01,0.01,0.0,0.8,Dec,2,2,4,3,Returning_Visitor,False,False
0,9.21,0,0.0,12,278.89,0.02,0.03,0.0,0.0,Nov,4,2,1,2,New_Visitor,False,False
3,327.5,0,0.0,8,570.5,0.0,0.03,0.0,0.0,Nov,2,4,2,2,Returning_Visitor,False,False
5,286.55,6,320.5,20,2039.0,0.0,0.02,25.39,0.0,May,2,2,1,2,Returning_Visitor,False,True
0,0.0,0,0.0,5,42.0,0.0,0.04,0.0,0.0,Mar,2,2,3,1,Returning_Visitor,False,False
6,265.4,0,0.0,6,161.6,0.0,0.02,0.07,0.0,Dec,1,1,3,2,New_Visitor,False,False
0,5.35,0,0.0,5,108.0,0.0,0.05,0.0,0.0,May,1,1,4,3,Returning_Visitor,False,False
0,0.0,0,0.0,2,0.0,0.2,0.2,0.0,0.0,Mar,2,4,1,1,Returning_Visitor,False,False
0,0.0,0,0.0,7,230.91,0.03,0.05,0.0,0.0,Mar,1,1,1,3,Returning_Visitor,False,False
3,81.16,2,209.0,17,2777.67,0.0,0.01,0.0,0.0,Mar,3,2,9,1,Returning_Visitor,False,False
0,5.26,0,0.0,2,12.0,0.14,0.1,0.0,0.0,Aug,3,2,3,13,Returning_Visitor,False,False
0,15.75,0,6.73,337,11231.41,0.0,0.01,0.0,0.03,Nov,2,2,1,2,Returning_Visitor,False,False
3,124.61,1,28.5,5,1464.13,0.0,0.01,0.0,0.0,Mar,2,2,3,8,New_Visitor,False,False
0,0.0,0,0.0,47,1475.37,0.01,0.02,0.0,0.5,May,1,1,4,3,Returning_Visitor,True,False
0,0.0,6,9.52,81,3466.79,0.02,0.02,0.0,0.0,Nov,3,2,1,13,Returning_Visitor,True,False
4,70.5,0,3.66,6,1728.74,0.0,0.01,0.0,0.0,Oct,3,2,1,5,New_Visitor,False,False
3,26.5,0,0.0,71,1260.44,0.0,0.01,3.74,0.03,Nov,2,2,1,1,Returning_Visitor,False,True
0,0.0,0,0.0,7,250.24,0.0,0.03,0.0,0.0,Nov,3,2,2,1,Returning_Visitor,False,False
0,0.0,0,0.0,10,60.5,0.02,0.04,0.0,0.0,Mar,2,2,1,1,Returning_Visitor,False,False
0,3.9,0,0.0,12,770.25,0.0,0.03,0.0,0.03,Dec,2,4,1,2,New_Visitor,False,False
0,0.0,0,0.0,60,1288.56,0.0,0.02,0.0,0.0,June,2,4,3,4,Returning_Visitor,False,False
1,127.37,0,0.0,11,1554.96,0.0,0.02,0.02,0.0,May,2,2,1,3,New_Visitor,False,False
0,0.0,0,0.0,6,157.57,0.0,0.03,0.02,0.03,Mar,3,2,8,3,Returning_Visitor,False,False
2,84.0,0,2.78,24,1270.17,0.01,0.02,0.0,0.0,May,2,2,8,1,Returning_Visitor,False,False
0,0.0,0,3.65,20,381.0,0.05,0.13,0.0,0.04,June,1,1,2,3,Returning_Visitor,False,False
5,46.96,0,57.42,34,585.8,0.0,0.0,0.0,0.03,Nov,2,2,1,10,Returning_Visitor,True,False
1,54.5,0,0.0,5,66.5,0.0,0.03,0.21,0.0,Dec,8,13,9,20,Other,False,False
1,3.0,0,4.67,27,624.75,0.0,0.01,0.01,0.0,Mar,3,1,3,3,Returning_Visitor,False,False
0,13.38,0,0.0,5,213.73,0.0,0.05,0.0,0.0,May,3,2,1,4,Returning_Visitor,True,False
0,16.08,0,0.0,2,15.6,0.14,0.2,0.0,0.07,May,3,2,1,2,Returning_Visitor,False,False
4,48.0,0,6.84,2,11.0,0.0,0.01,0.16,0.0,Mar,2,6,8,7,New_Visitor,False,False
2,12.0,0,1.61,6,1487.08,0.0,0.04,0.03,1.0,May,1,2,2,3,Returning_Visitor,True,False
2,75.05,0,0.0,106,4143.18,0.02,0.04,4.48,0.03,Aug,3,2,1,1,Returning_Visitor,False,False
0,40.16,0,0.89,17,392.17,0.01,0.02,0.0,0.03,Dec,1,1,1,1,Returning_Visitor,False,False
1,18.2,0,0.0,6,66.08,0.13,0.1,0.0,0.0,May,1,1,1,3,Returning_Visitor,False,False
4,85.62,0,0.0,27,520.0,0.0,0.0,0.0,0.0,Nov,8,2,8,20,New_Visitor,False,True
0,0.0,0,0.0,23,406.0,0.03,0.06,0.0,0.2,May,2,2,1,13,Returning_Visitor,False,False
0,2.31,0,0.0,2,15.0,0.14,0.14,0.0,0.05,Dec,2,2,4,1,Returning_Visitor,False,False
0,4.4,0,2.79,19,232.57,0.0,0.0,0.0,0.0,May,2,2,3,2,Returning_Visitor,False,False
3,17.0,0,0.0,15,1484.73,0.0,0.01,0.0,0.0,Mar,2,2,1,1,Returning_Visitor,False,False
0,0.0,0,0.0,6,116.0,0.0,0.04,0.0,0.0,Mar,2,5,1,1,Returning_Visitor,False,False
0,65.0,2,34.0,17,1302.5,0.0,0.02,0.0,0.0,Mar,1,1,1,10,Returning_Visitor,False,False
0,0.0,0,0.0,34,1312.33,0.04,0.05,0.0,0.0,Nov,3,2,1,13,Returning_Visitor,False,False
4,197.0,1,25.0,46,1519.38,0.0,0.01,9.55,0.03,Mar,4,2,2,2,New_Visitor,True,False
0,2.42,0,0.0,12,328.4,0.0,0.01,39.17,0.0,May,2,2,8,6,Returning_Visitor,False,True
5,238.38,0,0.0,24,2174.38,0.01,0.02,27.08,0.0,Mar,3,2,3,1,Returning_Visitor,False,False
0,0.0,0,0.0,2,93.0,0.0,0.05,0.42,0.03,Dec,3,2,5,2,Returning_Visitor,False,False
6,88.75,0,0.0,22,1651.68,0.0,0.04,27.98,0.0,Nov,2,2,1,2,Returning_Visitor,False,False
0,1.23,0,0.0,6,463.5,0.0,0.04,0.0,0.03,Mar,2,5,1,3,Returning_Visitor,False,False
0,0.0,0,0.0,2,294.37,0.0,0.1,0.0,0.0,May,2,2,7,4,Returning_Visitor,False,False
0,0.0,0,0.0,34,1492.67,0.02,0.04,0.0,0.0,Nov,2,2,1,1,Returning_Visitor,False,False
0,0.0,0,1.15,11,212.92,0.01,0.01,0.0,0.0,Nov,3,2,5,2,New_Visitor,False,False
1,87.07,0,0.0,14,512.11,0.03,0.03,0.0,0.0,Mar,3,2,3,13,Returning_Visitor,True,False
0,0.0,0,10.61,34,1231.79,0.0,0.01,0.0,0.0,Jul,2,4,3,2,Returning_Visitor,False,False
0,0.68,0,0.0,10,377.5,0.02,0.04,0.0,0.0,Mar,1,1,2,2,Returning_Visitor,True,False
2,94.6,0,74.6,16,767.09,0.0,0.02,0.15,0.0,Jul,1,2,8,2,New_Visitor,False,False
0,0.0,0,0.0,6,282.94,0.0,0.03,0.0,0.0,Mar,1,1,1,10,Returning_Visitor,False,False
2,18.0,4,15.0,30,1544.75,0.0,0.04,0.05,0.0,May,2,2,1,4,Returning_Visitor,False,False
1,6.0,0,1.44,35,2541.36,0.0,0.06,0.05,0.0,Dec,2,2,1,1,Returning_Visitor,False,False
1,129.0,1,26.7,28,1392.1,0.02,0.06,0.0,0.0,Sep,3,2,7,2,Returning_Visitor,True,False
0,7.24,0,0.4,2,73.92,0.0,0.05,0.01,0.8,May,2,2,8,3,Returning_Visitor,False,False
3,13.0,0,13.12,10,1353.68,0.02,0.05,0.0,0.03,Mar,3,2,4,3,Returning_Visitor,True,False
2,194.29,5,759.5,35,1535.94,0.0,0.02,10.43,0.0,Dec,3,3,1,2,Returning_Visitor,True,False
6,107.37,0,9.27,11,151.3,0.01,0.04,0.0,0.0,Nov,2,2,1,3,Returning_Visitor,False,False
3,17.0,0,0.0,34,602.92,0.03,0.04,0.01,0.0,Nov,3,2,1,13,Returning_Visitor,False,False
0,0.0,0,0.67,16,1094.27,0.04,0.04,0.0,0.0,Mar,2,6,3,1,Returning_Visitor,False,False
0,1.49,0,2.71,6,110.0,0.01,0.04,0.0,0.0,May,2,2,4,2,Returning_Visitor,False,False
3,4.7,5,143.75,34,2193.69,0.03,0.05,0.0,0.0,Dec,3,2,3,1,Returning_Visitor,False,False
0,0.0,0,0.0,32,1028.57,0.01,0.02,0.0,0.0,Aug,1,1,6,3,Returning_Visitor,True,False
3,76.5,0,12.91,34,2846.3,0.02,0.03,0.0,0.03,Jul,1,1,1,1,Returning_Visitor,False,False
5,27.4,0,0.0,5,51.2,0.0,0.01,2.21,0.0,Aug,2,2,2,2,New_Visitor,False,True
3,32.1,0,0.0,12,217.36,0.0,0.04,1.27,0.0,June,3,2,6,5,New_Visitor,False,False
1,29.5,0,0.0,26,1659.87,0.01,0.02,21.82,0.0,Nov,2,2,2,1,Returning_Visitor,True,True
1,0.0,0,0.0,9,1228.59,0.02,0.07,0.21,0.0,May,2,2,1,3,Returning_Visitor,False,True
1,28.2,0,5.55,35,1502.36,0.05,0.04,0.0,0.03,Jul,2,2,1,1,Returning_Visitor,False,False
6,189.25,0,0.0,25,1465.29,0.01,0.04,10.58,0.0,Nov,2,2,3,8,Returning_Visitor,True,True
1,8.0,2,181.25,96,4722.57,0.02,0.02,24.29,0.03,Nov,3,2,1,3,Returning_Visitor,False,True
0,0.0,0,0.36,1,0.0,0.14,0.2,0.0,0.4,May,2,2,1,1,Returning_Visitor,False,False
1,35.05,1,37.2,34,2767.75,0.01,0.01,0.0,0.0,Nov,2,2,1,2,Returning_Visitor,False,False
1,28.2,0,0.0,18,536.09,0.0,0.01,75.63,0.05,May,2,2,4,4,New_Visitor,False,True
0,0.0,0,0.0,2,64.25,0.01,0.1,0.01,0.0,Mar,2,2,1,2,Returning_Visitor,False,False
0,0.0,0,0.0,6,59.16,0.02,0.08,0.0,0.0,Dec,2,2,1,1,Returning_Visitor,False,False
0,0.0,0,0.0,7,136.75,0.0,0.04,0.0,0.0,Dec,3,2,9,6,Returning_Visitor,False,False
0,0.0,0,0.0,4,464.67,0.0,0.03,0.0,0.6,May,3,2,1,1,Returning_Visitor,False,False
0,9.78,0,0.0,10,640.88,0.0,0.01,38.89,0.0,Nov,2,2,1,2,New_Visitor,False,True
0,1.38,0,0.0,34,1480.69,0.01,0.03,0.01,0.0,Mar,3,2,3,2,Returning_Visitor,False,False
0,0.0,0,0.0,28,683.3,0.03,0.09,0.01,0.0,Dec,2,2,3,1,Returning_Visitor,False,False
0,0.0,0,0.0,6,1497.69,0.0,0.03,0.0,0.0,May,4,1,6,5,New_Visitor,False,False
3,0.0,0,0.0,34,587.24,0.2,0.2,0.42,0.0,May,3,2,1,5,Returning_Visitor,False,False
0,0.0,0,5.14,9,1499.67,0.0,0.06,0.0,0.0,May,3,2,4,2,Returning_Visitor,False,False
3,80.45,0,4.2,34,794.71,0.03,0.06,0.0,0.0,Sep,1,2,1,1,Returning_Visitor,False,False
2,40.8,0,4.91,34,1668.13,0.0,0.01,47.57,0.0,Aug,1,1,4,2,Returning_Visitor,False,False
11,570.25,0,0.0,39,1728.25,0.01,0.02,22.43,0.0,Nov,2,2,1,2,Returning_Visitor,False,True
2,0.0,0,0.0,15,432.5,0.0,0.02,0.03,0.04,May,2,6,6,1,Returning_Visitor,False,False
0,114.89,0,0.0,2,351.76,0.2,0.2,0.0,0.0,Dec,3,3,1,3,Returning_Visitor,False,False
0,13.52,0,0.0,2,0.0,0.14,0.2,0.04,0.0,Dec,2,2,1,20,Returning_Visitor,False,False
0,0.0,0,0.0,34,849.88,0.02,0.03,0.0,0.0,Mar,1,1,1,1,Returning_Visitor,False,False
1,5.0,0,0.0,35,300.87,0.02,0.04,0.0,0.0,Nov,2,2,1,1,Returning_Visitor,False,False
2,0.0,0,0.0,6,286.53,0.0,0.03,0.0,0.0,Nov,2,6,2,1,Returning_Visitor,False,False
1,82.0,0,4.24,59,1927.12,0.0,0.01,23.88,0.0,May,2,2,9,13,Returning_Visitor,False,True
0,0.0,0,0.0,34,770.03,0.01,0.03,0.04,0.0,Mar,3,2,3,10,Returning_Visitor,False,False
0,0.0,0,0.0,16,973.5,0.03,0.04,0.0,0.0,May,2,2,1,1,Returning_Visitor,False,False
0,0.0,0,0.0,11,204.57,0.0,0.02,0.0,0.0,May,2,2,5,2,Returning_Visitor,False,False
0,128.86,0,0.25,9,69.75,0.09,0.12,0.0,0.0,Dec,2,2,1,3,Returning_Visitor,False,False
0,34.3,0,0.0,7,199.5,0.03,0.06,56.58,0.0,Nov,2,4,1,3,Returning_Visitor,False,True
2,51.0,0,0.0,23,637.5,0.0,0.01,0.0,0.0,May,2,2,3,13,Returning_Visitor,False,False
3,92.75,2,7.0,23,1347.96,0.01,0.02,32.41,0.03,Nov,2,2,6,2,Returning_Visitor,False,False
0,0.61,0,0.0,16,1398.85,0.03,0.04,0.0,0.0,Jul,2,2,2,4,Returning_Visitor,False,False
0,0.0,0,0.0,3,74.0,0.0,0.02,0.06,0.0,May,2,2,8,2,Returning_Visitor,True,False
0,1.6,0,0.0,13,549.2,0.02,0.05,0.0,0.0,Nov,3,2,1,2,Returning_Visitor,False,False
3,90.56,0,0.0,20,536.62,0.0,0.0,0.0,0.0,Nov,1,1,1,8,New_Visitor,False,False
3,86.0,0,0.0,27,3188.48,0.02,0.03,0.0,0.03,Aug,2,5,4,2,Returning_Visitor,False,False
2,85.83,0,7.89,25,506.77,0.02,0.04,0.01,0.0,May,3,2,1,3,Returning_Visitor,False,False
0,0.81,0,0.0,33,196.33,0.01,0.02,0.0,0.0,Oct,1,1,3,2,Returning_Visitor,True,False
0,0.0,0,0.36,4,505.0,0.0,0.05,0.0,0.0,Mar,2,2,1,1,Returning_Visitor,False,False
2,173.55,0,7.13,164,4155.75,0.0,0.01,13.76,0.03,Nov,2,2,3,2,Returning_Visitor,False,True
0,10.11,0,0.0,6,218.09,0.0,0.02,0.0,0.03,May,4,1,3,2,Returning_Visitor,False,False
1,82.6,0,0.0,25,243.47,0.0,0.02,0.0,0.03,Aug,2,2,2,2,New_Visitor,False,False
0,0.0,0,2.8,48,1490.3,0.0,0.03,16.61,0.03,Aug,2,2,3,2,Returning_Visitor,False,False
0,16.3,0,0.0,6,903.36,0.14,0.05,0.0,0.0,Dec,3,3,1,3,Returning_Visitor,False,False
0,0.0,0,0.0,30,677.92,0.0,0.01,0.0,0.0,Nov,3,2,1,2,Returning_Visitor,True,False
8,82.66,0,0.0,26,87.5,0.0,0.02,0.0,0.0,Nov,2,2,1,3,New_Visitor,True,False
9,84.52,2,50.83,59,2004.37,0.01,0.04,0.0,0.0,Mar,2,2,6,3,Returning_Visitor,False,False
3,58.4,0,0.0,11,267.3,0.0,0.02,0.0,0.0,Nov,2,2,4,2,New_Visitor,True,False
0,0.0,0,0.0,37,278.29,0.0,0.02,0.0,0.0,Dec,2,2,4,10,Returning_Visitor,False,False
0,1.32,0,0.0,36,925.83,0.03,0.07,0.0,0.8,May,2,2,6,13,Returning_Visitor,False,False
3,103.1,1,16.0,36,1751.85,0.01,0.02,0.0,0.0,Nov,2,2,2,1,Returning_Visitor,False,False
6,124.2,0,0.0,11,324.57,0.0,0.02,0.01,0.0,Nov,1,1,2,5,New_Visitor,False,True
4,203.5,0,3.24,8,296.55,0.0,0.02,0.05,0.0,May,1,1,1,2,Returning_Visitor,False,False
0,0.0,1,22.2,16,240.6,0.04,0.03,0.0,0.0,Jul,3,2,9,2,Returning_Visitor,False,False
3,111.87,0,0.0,8,331.4,0.0,0.0,0.04,0.0,Mar,3,2,2,10,New_Visitor,False,False
3,4.94,0,0.0,3,136.1,0.2,0.2,0.03,0.0,May,1,1,4,4,Returning_Visitor,True,False
0,0.0,0,0.99,69,653.28,0.01,0.05,0.0,0.06,May,2,4,7,4,Returning_Visitor,False,False
0,0.0,0,0.0,11,413.0,0.0,0.03,0.0,0.03,May,1,1,1,3,New_Visitor,False,False
0,0.9,0,0.0,9,76.0,0.02,0.06,0.0,0.0,Mar,2,2,6,1,Returning_Visitor,False,False
3,81.0,1,7.09,187,4987.69,0.0,0.01,10.8,0.04,May,4,1,2,2,Returning_Visitor,False,False
0,0.0,0,0.0,16,1512.3,0.01,0.02,0.01,0.03,Nov,3,2,1,2,Returning_Visitor,False,False
2,80.55,0,0.0,28,2778.33,0.01,0.02,5.79,0.0,May,2,2,2,11,Returning_Visitor,True,False
1,80.0,0,11.94,326,11945.63,0.0,0.02,0.0,0.04,Nov,2,2,1,2,Returning_Visitor,False,True
7,218.92,1,0.0,37,1302.52,0.01,0.02,0.0,0.0,Feb,3,2,2,2,Returning_Visitor,False,True
0,0.0,0,2.53,64,3025.06,0.0,0.02,0.0,0.0,Nov,3,2,2,2,Returning_Visitor,False,False
1,82.09,0,0.0,16,381.5,0.0,0.03,0.0,0.0,Mar,2,1,3,2,Returning_Visitor,True,False
4,170.5,1,29.21,114,3494.83,0.0,0.04,0.0,0.03,Dec,2,10,1,2,Returning_Visitor,False,False
3,68.0,1,103.0,10,808.5,0.0,0.02,35.99,0.0,Mar,2,2,3,4,Returning_Visitor,True,True
0,0.0,0,0.0,4,57.44,0.0,0.03,0.0,0.0,Mar,2,2,1,2,Returning_Visitor,False,False
1,298.58,0,16.75,144,8115.85,0.01,0.03,0.0,0.03,Nov,2,2,1,2,Returning_Visitor,False,False
1,24.43,1,360.91,76,2735.73,0.0,0.02,8.63,0.04,Mar,2,5,7,7,Returning_Visitor,False,True
9,338.73,1,114.0,36,673.64,0.02,0.03,0.05,0.0,Nov,1,1,1,2,Returning_Visitor,False,False
0,0.0,0,8.92,15,1489.5,0.0,0.01,89.13,0.0,Nov,1,8,3,2,Returning_Visitor,True,True
3,23.0,0,0.0,122,1589.18,0.01,0.02,0.0,0.0,May,2,5,1,1,Returning_Visitor,False,False
3,124.0,0,4.88,13,220.86,0.0,0.02,0.0,0.04,May,2,2,1,2,New_Visitor,False,False
1,412.93,0,0.0,4,1411.85,0.0,0.01,0.05,0.0,Aug,2,2,2,2,Returning_Visitor,True,False
1,0.0,1,36.5,34,1121.42,0.0,0.02,0.0,0.0,Nov,2,2,3,2,Returning_Visitor,False,False
0,1.16,0,0.0,1,0.0,0.2,0.14,0.01,0.0,Dec,1,1,1,2,New_Visitor,False,False
0,0.0,0,0.0,8,143.2,0.0,0.03,0.03,0.0,Nov,3,2,1,2,Returning_Visitor,False,False
0,0.0,0,0.0,5,58.15,0.13,0.16,0.0,0.05,May,1,1,1,3,Returning_Visitor,False,False
0,975.65,4,276.08,53,2822.62,0.01,0.02,3.99,0.0,Sep,3,2,3,2,Returning_Visitor,True,False
0,16.0,6,92.08,34,1605.58,0.01,0.04,0.0,0.0,Nov,2,10,1,2,Returning_Visitor,False,True
3,38.0,0,0.0,2,15.0,0.0,0.04,0.0,0.03,Nov,2,2,1,2,New_Visitor,False,False
4,104.25,0,4.64,34,1492.72,0.0,0.02,4.11,0.0,Nov,2,2,1,2,Returning_Visitor,False,True
7,222.82,1,0.0,22,1527.21,0.0,0.02,38.28,0.0,Nov,2,2,2,6,Returning_Visitor,False,False
3,56.0,0,0.0,61,1669.99,0.02,0.02,0.0,0.03,Nov,1,1,7,2,Returning_Visitor,False,False
0,10.31,0,0.42,4,47.0,0.14,0.12,0.0,0.03,Mar,2,2,1,3,Returning_Visitor,True,False
0,77.09,0,0.0,27,337.85,0.0,0.02,0.0,0.04,Sep,2,2,2,5,New_Visitor,False,False
0,4.07,0,0.0,7,123.5,0.0,0.06,0.0,0.0,May,1,1,1,3,Returning_Visitor,False,False
3,34.0,0,5.69,65,2241.0,0.0,0.01,0.0,0.0,Mar,2,2,1,2,Returning_Visitor,False,False
0,0.0,0,0.19,6,72.0,0.0,0.05,0.0,0.8,Nov,2,2,1,4,Returning_Visitor,False,False
2,80.54,0,0.0,11,236.0,0.0,0.02,0.0,0.0,May,2,2,7,2,Returning_Visitor,False,False
0,0.0,0,0.0,5,253.61,0.0,0.02,0.0,0.03,Mar,3,2,1,2,Returning_Visitor,True,False
7,146.0,0,37.0,28,2054.11,0.0,0.01,5.79,0.0,May,1,1,9,3,Returning_Visitor,False,False
2,7.0,0,0.34,3,1519.53,0.0,0.03,0.0,0.0,May,4,5,1,3,Returning_Visitor,False,False
3,23.0,0,0.0,7,934.0,0.0,0.04,0.02,0.0,May,2,2,1,13,New_Visitor,False,False
1,4.69,0,0.0,34,3181.5,0.0,0.03,0.05,0.0,Nov,2,2,1,13,Returning_Visitor,True,False
0,0.0,0,0.0,34,1489.62,0.0,0.02,0.0,0.0,Nov,2,2,1,2,New_Visitor,False,False
0,39.85,0,0.0,23,1490.43,0.02,0.02,0.0,0.04,May,1,1,8,1,Returning_Visitor,False,False
0,98.7,0,0.0,5,1439.97,0.0,0.03,25.19,0.0,Dec,1,2,1,8,New_Visitor,False,True
13,456.77,3,8.73,32,234.02,0.02,0.02,0.0,0.0,Nov,3,2,1,2,Returning_Visitor,False,False
4,495.35,1,0.0,3,86.0,0.0,0.03,0.46,0.0,May,3,2,4,5,New_Visitor,False,False
0,0.0,0,8.65,20,562.01,0.0,0.0,0.0,0.0,Nov,1,1,1,3,Returning_Visitor,False,False
0,0.0,0,0.4,35,888.33,0.01,0.02,7.61,0.04,May,2,2,6,3,Returning_Visitor,False,True
8,377.73,1,181.95,34,959.9,0.01,0.02,4.43,0.04,Nov,1,1,6,3,Returning_Visitor,True,True
0,2.24,0,0.0,1,27.83,0.2,0.2,0.08,0.0,June,2,4,9,3,Returning_Visitor,False,False
2,397.63,0,88.5,107,6449.46,0.01,0.02,5.39,0.03,Nov,2,2,9,1,Returning_Visitor,False,True
3,67.5,0,1.17,35,761.75,0.0,0.02,19.31,0.03,Dec,2,4,1,1,Returning_Visitor,True,True
0,16.94,0,0.26,6,347.67,0.09,0.14,0.0,0.2,May,3,2,1,3,Returning_Visitor,False,False
2,33.87,0,4.3,109,1759.69,0.0,0.01,48.73,0.03,Oct,4,1,3,2,Returning_Visitor,False,True
3,80.77,2,125.5,11,1316.91,0.01,0.0,0.0,0.0,Dec,3,2,8,2,Returning_Visitor,False,False
2,118.7,1,26.0,32,1019.29,0.05,0.04,0.09,1.0,Nov,2,2,7,3,Returning_Visitor,True,False
3,39.0,0,0.0,6,1180.5,0.0,0.02,0.0,0.04,May,3,2,1,3,Returning_Visitor,False,False
7,88.15,0,0.0,22,280.05,0.01,0.01,0.0,0.0,Aug,2,2,1,3,New_Visitor,True,False
10,821.08,1,0.0,26,2400.78,0.0,0.01,0.98,0.03,Nov,2,2,2,1,Returning_Visitor,False,False
0,13.97,0,0.0,3,105.0,0.0,0.03,0.39,0.0,Dec,2,2,2,6,Returning_Visitor,False,False
0,2.57,0,0.0,1,0.0,0.14,0.2,0.0,0.0,Mar,2,2,1,1,Returning_Visitor,False,False
1,80.54,0,0.0,38,1481.87,0.01,0.03,7.15,0.0,May,2,2,1,4,Returning_Visitor,False,True
0,0.0,0,2.51,2,0.0,0.2,0.14,0.0,0.6,Mar,3,2,3,3,Returning_Visitor,False,False
4,503.31,1,152.2,47,906.12,0.0,0.0,0.0,0.0,Aug,3,2,3,2,New_Visitor,True,False
2,0.0,4,371.71,23,1133.33,0.01,0.02,12.36,0.04,Dec,3,2,6,2,Returning_Visitor,True,False
0,0.0,0,3.22,1,0.0,0.2,0.2,0.02,0.0,May,2,4,9,3,Returning_Visitor,False,False
5,571.5,0,0.0,49,1474.97,0.01,0.02,0.0,0.0,Dec,2,2,3,2,Returning_Visitor,True,False
1,80.87,0,0.0,8,810.0,0.01,0.04,10.68,0.0,Nov,2,2,1,4,Returning_Visitor,False,False
0,0.0,0,0.0,6,217.91,0.0,0.07,0.0,0.0,May,2,2,1,1,Returning_Visitor,True,False
8,147.0,0,55.35,34,627.0,0.01,0.01,38.69,0.0,Dec,1,1,8,2,Returning_Visitor,False,False
0,0.0,0,0.94,34,1250.12,0.0,0.02,0.0,0.0,Nov,2,2,1,3,Returning_Visitor,False,False
0,0.0,0,1.78,24,1050.5,0.02,0.06,0.0,0.0,Dec,2,10,4,1,Returning_Visitor,False,False
3,15.73,2,8.36,82,6858.67,0.0,0.02,0.0,0.03,Nov,1,1,3,2,Returning_Visitor,False,False
1,0.0,1,273.0,22,2386.0,0.0,0.02,0.0,0.03,Dec,2,2,3,2,New_Visitor,False,True
10,305.0,0,11.51,147,4123.96,0.0,0.01,0.0,0.05,Nov,2,2,1,2,Returning_Visitor,False,True
0,0.0,0,0.0,34,654.07,0.0,0.03,0.07,0.0,Jul,2,5,7,4,Returning_Visitor,False,False
12,83.73,1,129.0,5,22.05,0.0,0.02,0.0,0.0,Oct,2,2,1,4,Returning_Visitor,False,False
0,4.09,0,0.0,1,32.45,0.2,0.2,0.0,0.8,Feb,1,1,1,2,Returning_Visitor,True,False
0,0.81,0,0.0,26,596.14,0.0,0.04,0.0,0.0,Dec,2,1,3,2,Returning_Visitor,False,False
0,0.0,0,3.05,22,1435.76,0.0,0.01,0.0,0.0,June,2,2,2,13,Returning_Visitor,False,False
0,0.0,0,0.0,1,0.0,0.14,0.2,0.0,0.0,June,3,2,1,4,Returning_Visitor,False,False
0,0.0,0,0.0,34,387.88,0.03,0.04,0.0,0.0,Mar,2,2,3,3,Returning_Visitor,False,False
0,0.0,0,0.0,7,463.77,0.0,0.03,0.0,0.0,Mar,1,1,4,3,New_Visitor,True,False
2,62.5,0,0.0,17,775.33,0.0,0.05,0.02,0.0,Nov,2,2,3,1,Returning_Visitor,False,True
0,1.15,0,0.0,6,60.41,0.0,0.04,0.0,0.03,Mar,2,2,1,1,Returning_Visitor,False,False
2,72.25,1,21.5,38,1124.69,0.02,0.04,0.01,0.0,Mar,2,2,2,2,Returning_Visitor,False,False
0,0.0,0,0.0,34,1165.62,0.01,0.02,0.0,0.04,May,3,2,1,19,Returning_Visitor,False,False
1,5.22,0,0.0,34,371.5,0.0,0.03,0.0,0.04,Mar,2,5,7,1,Returning_Visitor,False,False
1,109.0,0,13.07,13,1494.21,0.0,0.04,0.0,0.0,May,2,4,1,4,New_Visitor,True,False
0,0.0,0,0.16,2,19.0,0.0,0.14,0.0,0.0,May,2,2,1,4,Returning_Visitor,False,False
0,0.0,0,0.0,1,0.0,0.14,0.14,0.02,0.0,May,3,2,4,2,Returning_Visitor,True,False
0,0.0,0,0.0,24,1485.68,0.04,0.07,0.0,0.0,Dec,2,2,1,1,Returning_Visitor,False,False
3,140.58,1,87.0,34,1918.9,0.0,0.02,0.0,0.0,Nov,2,2,3,2,Returning_Visitor,False,False
0,7.49,0,0.0,41,3272.0,0.05,0.08,0.0,0.8,May,2,6,1,6,Returning_Visitor,False,False
0,0.0,0,1.37,13,514.42,0.0,0.02,0.0,0.03,Nov,2,2,1,2,Returning_Visitor,False,False
3,231.0,0,0.0,34,1489.3,0.0,0.03,0.0,0.2,May,1,1,1,3,Returning_Visitor,False,False
3,88.43,0,0.0,34,1051.12,0.0,0.01,25.12,0.03,Nov,2,2,8,2,Returning_Visitor,True,True
0,0.0,0,19.41,15,418.38,0.0,0.01,39.16,0.05,May,3,2,1,2,New_Visitor,True,True
3,93.89,2,143.68,20,1424.4,0.0,0.01,31.72,0.0,Nov,2,2,5,5,New_Visitor,False,True
0,1.5,0,0.0,34,771.75,0.02,0.06,0.0,0.03,Nov,3,2,3,1,Returning_Visitor,False,False
2,84.54,0,23.38,34,1507.95,0.0,0.01,0.0,0.0,May,1,1,1,2,Returning_Visitor,False,False
0,0.0,0,2.23,12,1320.54,0.01,0.03,14.69,0.6,Nov,2,5,2,2,Returning_Visitor,False,True
1,337.11,0,0.0,4,685.12,0.01,0.04,0.03,0.0,May,2,2,2,3,Returning_Visitor,True,False
8,77.0,4,447.0,34,1469.7,0.0,0.01,5.3,0.0,Mar,2,2,1,2,Returning_Visitor,False,False
0,2.03,0,0.0,38,726.28,0.03,0.06,0.0,0.85,May,2,2,4,13,Returning_Visitor,True,False
0,0.0,1,1411.0,1,1411.0,0.0,0.04,0.0,0.0,Mar,2,2,1,2,Returning_Visitor,False,False
2,211.0,1,58.87,71,3424.58,0.0,0.01,0.0,0.04,Mar,2,2,5,3,Returning_Visitor,True,False
3,45.03,0,6.28,120,5771.47,0.0,0.01,5.89,0.03,Aug,2,2,1,2,Returning_Visitor,False,False
0,3.28,0,0.0,3,71.5,0.14,0.13,0.02,0.03,Nov,2,2,3,3,Returning_Visitor,False,False
9,460.95,4,72.0,17,2140.93,0.05,0.04,0.0,0.0,May,1,1,1,10,Returning_Visitor,False,False
2,322.25,0,17.17,121,4875.11,0.01,0.02,0.0,0.03,May,3,2,1,2,Returning_Visitor,False,False
0,0.0,0,4.61,48,1491.02,0.0,0.03,0.0,0.05,Dec,1,1,1,2,Returning_Visitor,False,False
10,598.87,0,0.0,34,2591.8,0.01,0.02,20.33,0.0,Nov,3,2,8,11,Returning_Visitor,False,False
0,0.0,0,0.0,6,120.5,0.0,0.07,0.0,0.0,Nov,2,2,1,1,Other,True,False
0,1.01,0,0.0,2,3.12,0.14,0.2,0.01,0.25,May,1,1,1,3,Returning_Visitor,False,False
3,0.0,0,0.0,31,1305.39,0.0,0.04,0.02,0.0,Nov,1,8,1,11,Returning_Visitor,False,False
3,85.69,0,0.0,28,1521.3,0.0,0.01,0.0,0.0,May,2,2,1,3,New_Visitor,False,False
3,0.0,0,0.0,1,17.96,0.2,0.2,0.0,0.0,Dec,8,13,9,20,Other,False,False
7,170.0,0,0.0,35,1342.67,0.0,0.02,29.36,0.0,Mar,2,2,1,1,Returning_Visitor,False,True
0,0.0,0,0.0,2,5.3,0.14,0.2,0.19,0.07,May,2,4,1,6,Returning_Visitor,False,False
0,0.0,0,1.74,34,2086.24,0.02,0.02,0.0,0.04,Feb,2,2,7,1,Returning_Visitor,False,False
0,2.44,0,0.0,8,24.0,0.14,0.17,0.0,0.04,May,2,2,1,3,Returning_Visitor,False,False
2,25.62,0,0.0,162,8596.67,0.01,0.01,1.47,0.03,Dec,2,2,5,2,Returning_Visitor,False,False
1,16.0,0,0.0,34,1392.71,0.0,0.01,0.0,0.0,May,1,1,1,4,New_Visitor,False,False
7,77.5,0,0.0,14,192.93,0.0,0.01,0.0,0.0,Mar,2,2,3,1,Returning_Visitor,False,False
0,0.82,0,0.0,2,13.0,0.0,0.1,0.01,0.11,May,2,2,1,3,Returning_Visitor,False,False
1,22.0,0,0.0,21,415.25,0.03,0.04,0.01,0.0,Mar,3,3,1,1,Returning_Visitor,False,False
0,19.09,0,1.3,36,787.75,0.02,0.05,0.03,0.05,Nov,2,2,4,10,Returning_Visitor,False,False
4,82.51,0,0.0,21,797.3,0.0,0.02,0.01,0.0,May,1,1,3,2,Returning_Visitor,False,False
0,0.0,0,0.0,6,50.14,0.14,0.13,0.0,0.6,Nov,3,2,8,13,Returning_Visitor,False,False
3,32.0,0,1.81,16,1498.06,0.0,0.01,0.0,0.0,Mar,2,2,2,1,Returning_Visitor,True,False
5,148.5,1,25.5,35,2590.02,0.0,0.02,19.3,0.03,Dec,1,1,1,1,Returning_Visitor,False,False
0,30.92,0,0.0,7,384.5,0.0,0.03,0.0,0.0,May,2,4,1,5,Returning_Visitor,False,False
0,8.61,0,0.57,8,96.0,0.01,0.05,0.0,0.0,Nov,2,4,9,1,Returning_Visitor,False,False
5,29.0,0,0.0,27,12.0,0.0,0.03,0.17,0.0,Sep,4,1,1,3,New_Visitor,True,False
0,1.47,0,0.0,18,1482.52,0.06,0.14,0.07,0.0,Mar,2,2,3,1,Returning_Visitor,False,False
0,2.39,0,0.0,2,1423.38,0.0,0.1,0.0,0.2,May,3,2,3,3,Returning_Visitor,False,False
3,7.5,1,0.0,63,3060.06,0.02,0.04,0.0,0.0,Nov,3,2,1,3,Returning_Visitor,False,False
1,65.0,0,0.0,65,1803.76,0.0,0.02,5.38,0.04,May,3,2,3,3,Returning_Visitor,False,False
0,0.0,0,0.0,5,1483.39,0.03,0.1,0.0,0.0,May,1,1,1,4,Returning_Visitor,False,False
0,0.0,0,0.59,4,68.0,0.08,0.05,0.09,0.0,May,2,2,1,6,Returning_Visitor,False,False
2,84.5,0,0.0,17,1555.95,0.0,0.04,0.02,0.0,May,2,4,3,3,Returning_Visitor,False,False
0,5.19,0,0.0,8,339.83,0.0,0.01,4.56,0.2,Dec,2,2,2,2,Returning_Visitor,False,False
5,81.75,0,20.98,152,4838.29,0.0,0.02,0.79,0.03,Nov,2,2,2,2,Returning_Visitor,True,False
5,80.72,0,16.67,34,3057.05,0.01,0.02,0.0,0.0,Nov,2,2,4,2,Returning_Visitor,False,False
4,102.3,0,0.0,59,1684.5,0.0,0.01,25.85,0.0,Nov,2,2,2,4,Returning_Visitor,False,False
0,0.0,0,0.0,3,293.5,0.0,0.13,0.0,0.4,May,2,2,1,5,Returning_Visitor,False,False
3,922.75,0,0.0,56,4681.42,0.01,0.02,0.03,0.0,Nov,2,2,1,1,Returning_Visitor,False,False
0,0.0,0,0.0,5,225.99,0.0,0.04,0.0,0.03,Mar,2,2,1,2,Returning_Visitor,False,False
1,221.73,0,3.16,66,5944.39,0.01,0.03,2.05,0.03,Oct,2,5,1,2,Returning_Visitor,False,False
2,387.6,4,3.44,328,9694.26,0.0,0.01,6.47,0.03,Mar,2,2,3,2,Returning_Visitor,False,False
2,34.0,0,0.0,8,1423.4,0.0,0.02,0.0,0.0,Mar,2,2,1,2,Returning_Visitor,False,False
0,122.3,0,0.0,16,177.5,0.03,0.09,0.0,0.03,May,4,2,1,6,Returning_Visitor,False,False
2,267.0,0,0.0,8,215.56,0.04,0.05,0.1,0.0,May,3,2,1,3,Returning_Visitor,False,False
0,0.0,0,3.19,12,169.3,0.0,0.02,0.0,0.0,Mar,2,2,3,2,Returning_Visitor,True,False
3,33.0,0,1.46,11,1473.23,0.03,0.03,0.0,1.0,May,1,1,8,4,Returning_Visitor,True,False
7,95.17,0,11.1,34,824.16,0.0,0.01,37.69,0.0,June,2,2,3,3,Returning_Visitor,False,False
0,0.0,0,0.0,1,0.0,0.2,0.04,0.03,1.0,May,3,2,7,6,Returning_Visitor,True,False
0,0.0,0,0.0,5,62.75,0.0,0.04,0.0,0.0,Dec,3,2,6,2,Returning_Visitor,True,False
2,108.8,0,0.0,15,1545.69,0.0,0.03,0.08,0.0,Nov,2,2,1,3,Returning_Visitor,False,False
0,0.0,0,0.0,32,1489.48,0.01,0.03,0.0,0.0,Mar,4,2,1,1,Returning_Visitor,False,False
2,82.17,0,0.0,5,219.42,0.0,0.03,0.0,0.0,Oct,3,2,3,2,Returning_Visitor,False,True
0,0.0,0,0.0,10,801.01,0.02,0.04,5.8,0.0,Mar,2,2,8,2,New_Visitor,False,True
0,0.0,0,0.0,3,63.0,0.0,0.07,0.0,0.8,May,1,1,1,1,Returning_Visitor,False,False
0,0.0,0,1.89,64,1911.61,0.01,0.03,0.0,0.03,Nov,1,2,2,10,Returning_Visitor,True,False
2,41.5,0,0.0,22,1140.15,0.01,0.04,8.91,0.0,Nov,1,1,1,10,Returning_Visitor,False,False
3,32.25,0,0.0,27,1273.25,0.01,0.01,39.11,0.0,Nov,2,2,1,2,New_Visitor,False,True
3,84.39,0,0.0,9,112.08,0.02,0.02,2.0,0.0,Jul,3,2,4,1,Returning_Visitor,False,False
0,7.19,0,0.0,20,298.5,0.01,0.04,0.0,0.03,May,2,4,3,1,Returning_Visitor,False,False
1,0.0,1,1729.0,19,1401.08,0.02,0.05,0.0,0.0,Dec,2,2,2,3,Returning_Visitor,False,False
0,0.0,0,0.0,10,153.0,0.02,0.04,0.0,0.0,Mar,1,1,1,1,Returning_Visitor,True,False
5,82.6,1,14.2,8,1579.84,0.0,0.02,0.0,0.0,Mar,4,1,1,1,New_Visitor,True,False
0,0.0,0,0.0,17,1238.57,0.02,0.02,0.0,0.0,Mar,2,2,6,2,Returning_Visitor,False,False
0,11.88,0,0.55,6,109.0,0.0,0.03,0.0,0.0,May,3,2,1,4,Returning_Visitor,True,False
6,115.1,0,0.0,79,1854.26,0.04,0.04,2.85,0.03,Jul,2,2,9,1,Returning_Visitor,False,False
0,0.0,0,0.0,11,231.0,0.12,0.14,0.0,0.0,May,3,2,2,13,Returning_Visitor,False,False
0,3.72,0,0.0,10,173.25,0.0,0.02,0.0,0.0,May,2,2,2,2,Returning_Visitor,False,False
2,35.06,0,2.07,6,1485.13,0.03,0.04,0.01,0.0,Sep,2,2,3,4,Returning_Visitor,False,False
0,2.06,0,1.83,14,156.4,0.01,0.05,0.01,0.0,Nov,2,2,1,2,Returning_Visitor,False,False
2,81.62,0,0.0,27,1537.47,0.0,0.02,0.0,0.03,May,2,2,1,2,Returning_Visitor,False,False
3,81.84,1,6.0,34,1101.8,0.0,0.02,4.41,0.03,Nov,2,2,1,4,Returning_Visitor,False,False
1,41.0,0,0.0,11,314.9,0.0,0.04,0.07,0.0,Mar,1,1,6,8,New_Visitor,False,False
0,0.0,0,0.0,1,0.0,0.2,0.2,0.0,0.0,Dec,2,2,4,1,Returning_Visitor,False,False
3,63.0,0,0.0,2,14.6,0.0,0.02,0.0,0.0,Oct,1,1,1,2,New_Visitor,False,False
0,1.84,0,0.0,4,44.0,0.01,0.04,0.0,0.0,May,2,2,8,1,Returning_Visitor,False,False
2,33.0,0,0.0,2,2820.66,0.0,0.05,0.0,0.0,May,2,2,1,2,New_Visitor,False,False
5,45.0,0,0.0,34,1100.47,0.0,0.01,24.75,0.03,Nov,2,5,4,2,Returning_Visitor,True,True
0,15.25,0,0.0,5,236.0,0.0,0.04,0.0,0.0,Mar,1,1,6,1,Returning_Visitor,False,False
0,5.43,0,0.0,12,393.17,0.0,0.04,0.0,0.0,May,2,2,8,3,Returning_Visitor,False,False
0,1.51,0,0.0,4,57.51,0.1,0.14,0.0,0.4,May,2,2,1,2,Returning_Visitor,False,False
3,0.0,0,0.0,69,1248.13,0.01,0.03,0.02,0.6,May,2,10,9,4,Returning_Visitor,False,False
3,19.0,1,106.0,17,475.67,0.0,0.02,0.0,0.0,Nov,1,1,3,2,Returning_Visitor,False,False
0,3.85,0,0.0,25,445.58,0.0,0.02,0.0,0.0,Dec,2,10,1,1,Returning_Visitor,False,False
0,0.0,0,0.0,44,1478.15,0.06,0.09,0.0,0.72,May,3,2,1,13,Returning_Visitor,False,False
7,624.2,3,76.19,52,1887.16,0.0,0.01,64.08,0.0,May,2,2,2,4,Returning_Visitor,False,False
0,2.71,0,0.0,1,0.0,0.2,0.2,0.09,0.0,Sep,2,2,1,1,Returning_Visitor,True,False
7,153.92,0,0.0,97,1512.67,0.0,0.01,0.0,0.03,Nov,2,2,4,2,Returning_Visitor,False,False
0,0.0,0,0.0,25,1490.22,0.03,0.04,0.0,1.0,May,3,2,3,4,Returning_Visitor,True,False
3,16.0,0,0.0,44,2939.62,0.0,0.0,32.81,0.03,Nov,2,2,8,2,Returning_Visitor,False,True
0,0.0,0,0.0,28,534.58,0.0,0.02,0.03,1.0,May,2,2,4,1,Returning_Visitor,True,False
6,60.0,2,61.0,23,1450.2,0.0,0.01,33.15,0.0,Mar,4,2,9,10,Returning_Visitor,True,True
3,960.0,0,0.0,10,1218.0,0.0,0.02,0.0,0.0,Mar,2,2,1,2,New_Visitor,False,False
0,0.0,0,0.0,5,184.33,0.13,0.09,0.25,0.0,Dec,3,2,3,2,Returning_Visitor,False,False
3,89.39,2,8.0,9,198.25,0.03,0.04,0.0,0.0,Mar,1,8,1,6,Returning_Visitor,True,False
0,0.0,0,0.0,1,0.0,0.2,0.2,0.0,0.0,Dec,1,1,1,2,New_Visitor,False,False
0,2.17,0,1.12,8,0.0,0.14,0.13,0.0,0.0,Mar,2,2,6,13,Returning_Visitor,False,False
4,130.3,1,82.25,34,1903.45,0.0,0.02,0.0,0.0,May,2,2,9,4,Returning_Visitor,False,False
10,474.48,1,167.14,33,2324.82,0.01,0.02,7.94,0.0,Nov,3,2,2,3,Returning_Visitor,False,True
1,5.0,0,0.0,13,271.0,0.0,0.01,0.01,0.0,Mar,1,1,2,2,New_Visitor,True,False
3,12.0,0,4.19,35,2138.38,0.0,0.01,0.0,0.0,Dec,2,2,7,1,Returning_Visitor,False,False
0,18.53,0,0.0,6,0.0,0.2,0.2,0.02,0.0,Jul,3,2,4,1,Returning_Visitor,False,False
1,34.5,0,0.0,18,3026.37,0.0,0.01,38.93,0.0,Dec,1,1,3,2,Returning_Visitor,False,True
4,80.96,1,0.0,34,1494.97,0.01,0.02,0.0,0.0,Nov,3,2,4,2,Returning_Visitor,False,False
1,166.58,0,0.0,33,1597.11,0.0,0.01,5.77,0.03,Dec,2,2,3,2,Returning_Visitor,False,True
10,500.84,2,138.67,41,1539.17,0.0,0.01,10.82,0.0,Nov,2,2,7,2,Returning_Visitor,False,True
5,80.71,0,0.0,10,421.49,0.0,0.02,0.08,0.03,Nov,2,2,8,2,New_Visitor,False,False
0,5.03,0,0.0,1,0.0,0.14,0.14,0.0,0.03,Feb,2,4,1,1,Returning_Visitor,False,False
9,501.48,0,0.0,97,2293.49,0.01,0.02,2.21,0.0,Aug,1,2,3,4,Returning_Visitor,False,False
2,1.75,0,0.0,38,3287.0,0.0,0.07,0.0,0.0,June,2,5,1,1,Returning_Visitor,False,False
3,28.0,1,47.0,16,325.18,0.0,0.01,0.12,0.0,Mar,1,1,1,8,New_Visitor,False,False
3,65.0,0,10.74,29,386.26,0.0,0.0,0.0,0.0,Nov,8,2,2,2,Other,False,False
3,285.87,0,1.08,37,859.53,0.01,0.03,0.0,0.06,May,2,2,4,3,Returning_Visitor,False,False
3,71.08,0,0.0,34,1249.71,0.0,0.01,39.11,0.0,Dec,2,2,3,2,New_Visitor,False,True
0,0.0,0,0.0,12,220.67,0.0,0.02,0.0,0.03,Nov,1,1,6,1,Returning_Visitor,False,False
3,121.5,0,0.0,26,34.0,0.01,0.02,0.0,0.0,Nov,2,2,2,8,New_Visitor,False,False
0,0.0,0,0.0,15,1482.21,0.0,0.01,0.02,0.0,Mar,1,1,3,10,Returning_Visitor,False,False
3,143.0,2,29.0,3,380.0,0.03,0.04,0.0,0.4,May,2,2,4,3,New_Visitor,False,False
2,166.0,2,101.34,10,1968.25,0.01,0.02,0.0,0.0,Nov,1,1,1,6,Returning_Visitor,True,False
0,3.96,0,0.0,4,41.4,0.14,0.12,0.01,0.03,Jul,3,2,6,1,Returning_Visitor,False,False
1,0.0,0,0.0,12,528.58,0.0,0.02,0.0,0.0,May,8,13,9,20,Other,False,False
0,0.0,0,0.0,19,273.71,0.02,0.04,0.0,0.03,Nov,3,2,4,11,Returning_Visitor,True,True
0,0.0,0,0.55,1,0.0,0.2,0.2,0.09,0.0,May,2,10,5,1,Returning_Visitor,False,False
0,1.95,0,0.0,6,1245.0,0.0,0.1,0.0,0.0,May,2,2,3,4,Returning_Visitor,False,False
6,132.02,1,64.25,45,1620.14,0.0,0.01,0.0,0.03,Oct,1,1,1,2,Returning_Visitor,False,False
0,6.54,0,0.95,5,362.04,0.0,0.04,0.02,0.0,May,4,1,1,2,Returning_Visitor,True,False
0,3.24,0,0.0,1,11.2,0.14,0.2,0.0,0.0,May,3,2,1,13,Returning_Visitor,False,False
0,0.0,0,0.0,34,788.5,0.0,0.03,0.03,0.0,Nov,2,6,3,1,Returning_Visitor,False,False
0,0.64,0,0.0,13,1489.57,0.0,0.01,0.0,0.0,Mar,2,2,4,1,Returning_Visitor,False,False
0,4.21,0,0.0,3,26.93,0.2,0.2,0.0,0.03,Mar,3,2,6,3,Returning_Visitor,False,False
0,15.32,0,0.54,6,1133.67,0.03,0.04,0.0,0.2,May,3,2,1,1,Returning_Visitor,False,False
2,82.73,0,0.0,27,1500.79,0.0,0.01,38.2,0.0,Nov,4,2,3,2,New_Visitor,False,True
0,0.0,0,1.12,81,2092.67,0.01,0.03,0.0,0.03,Oct,2,2,1,1,Returning_Visitor,False,False
10,247.14,2,120.67,56,1080.27,0.02,0.02,24.73,0.05,May,3,2,1,2,Returning_Visitor,False,False
4,102.08,0,0.0,21,863.17,0.0,0.02,0.0,0.0,Dec,1,1,1,8,Returning_Visitor,False,False
0,10.36,0,0.0,8,252.49,0.0,0.03,0.0,0.0,Dec,3,2,1,1,Returning_Visitor,True,False
2,311.83,0,8.67,166,6850.5,0.0,0.02,4.12,0.0,Jul,2,2,1,2,Returning_Visitor,False,False
5,44.02,0,1.21,4,210.75,0.0,0.0,39.28,0.0,June,4,1,1,2,Returning_Visitor,False,True
0,0.58,0,0.54,10,1058.96,0.02,0.13,0.0,0.0,Mar,2,2,4,1,Returning_Visitor,False,False
0,0.0,0,0.0,3,0.0,0.2,0.2,0.0,0.0,Mar,2,2,4,1,Returning_Visitor,False,False
1,0.0,0,0.0,13,1335.32,0.06,0.08,0.0,0.0,Nov,3,2,3,13,Returning_Visitor,False,False
0,0.76,0,0.0,7,58.84,0.08,0.14,0.0,0.6,Feb,2,2,1,3,Returning_Visitor,False,False
0,0.0,0,0.0,1,2.83,0.2,0.2,0.0,0.0,Dec,2,2,1,13,Returning_Visitor,False,False
0,1.5,0,0.0,33,1489.37,0.02,0.02,0.0,0.24,May,1,1,3,4,Returning_Visitor,True,False
0,0.0,0,6.63,16,107.93,0.0,0.01,0.0,0.0,Dec,2,2,2,2,Returning_Visitor,False,False
0,0.0,0,1.53,5,418.05,0.0,0.03,0.0,0.8,May,1,1,1,1,Returning_Visitor,False,False
2,13.5,0,0.0,23,1580.17,0.02,0.05,0.0,0.8,May,3,2,1,2,Returning_Visitor,False,False
1,87.0,0,1.12,18,1483.65,0.01,0.02,0.0,0.0,Mar,2,2,3,1,Returning_Visitor,False,False
3,80.53,0,0.0,17,1407.99,0.0,0.02,0.0,0.03,Jul,1,1,3,4,Returning_Visitor,False,False
0,0.0,0,0.0,18,1485.47,0.0,0.02,0.0,0.0,Dec,2,2,3,2,Returning_Visitor,False,False
1,0.0,0,0.0,21,1148.5,0.0,0.02,0.0,0.0,May,2,4,3,4,Returning_Visitor,True,False
1,24.92,1,64.65,98,3561.14,0.01,0.02,78.2,0.04,Nov,2,2,1,13,Returning_Visitor,True,True
3,80.75,0,0.0,98,3653.64,0.0,0.03,0.0,0.04,Nov,2,5,9,2,Returning_Visitor,False,False
3,23.0,0,0.0,50,2473.2,0.0,0.01,0.0,0.03,Nov,2,2,3,8,New_Visitor,False,False
6,91.25,0,116.89,56,955.54,0.01,0.01,0.0,0.0,Nov,3,2,4,2,Returning_Visitor,True,True
1,105.0,1,0.0,43,1125.9,0.0,0.01,0.0,0.0,Dec,3,2,3,2,Returning_Visitor,False,False
0,0.0,0,0.0,16,1479.28,0.01,0.04,38.9,0.0,Dec,1,1,7,2,New_Visitor,False,True
0,0.0,0,1.9,4,57.77,0.0,0.03,0.02,0.0,Dec,2,2,1,10,Returning_Visitor,False,False
0,0.0,0,12.06,112,2218.72,0.0,0.02,0.0,0.03,Nov,2,2,1,2,Returning_Visitor,False,False
1,0.0,0,0.0,3,22.0,0.13,0.14,0.01,0.8,May,2,2,1,6,Returning_Visitor,False,False
1,96.13,0,0.0,18,1045.3,0.0,0.03,0.0,0.0,Sep,2,2,2,1,Returning_Visitor,False,False
0,4.01,0,1.61,21,1451.13,0.13,0.07,0.0,0.0,Nov,3,2,3,2,Returning_Visitor,False,False
0,4.0,0,0.0,28,877.67,0.0,0.0,0.0,0.0,Nov,2,2,9,2,New_Visitor,True,False
2,76.31,0,9.48,187,6338.26,0.0,0.02,2.12,0.04,Nov,2,4,1,2,Returning_Visitor,False,False
0,0.0,0,0.0,38,128.33,0.0,0.06,0.0,0.0,May,4,1,3,3,Returning_Visitor,False,False
10,162.23,3,382.4,101,1541.73,0.01,0.02,5.59,0.03,Nov,3,2,4,2,Returning_Visitor,True,False
2,15.0,0,3.78,38,1880.97,0.0,0.02,37.42,0.03,May,4,1,1,4,Returning_Visitor,True,True
0,4.32,0,0.0,6,107.57,0.0,0.04,0.09,0.03,Mar,2,2,7,3,Returning_Visitor,True,False
5,83.75,0,0.0,16,467.92,0.0,0.02,0.02,0.0,Mar,3,2,4,2,Returning_Visitor,True,False
0,18.12,0,0.0,6,140.0,0.01,0.02,0.4,0.0,May,2,6,3,6,Returning_Visitor,False,False
0,2.62,0,0.0,38,1338.78,0.01,0.02,0.0,0.04,Nov,1,1,1,3,Returning_Visitor,True,False
0,0.0,0,0.0,1,3.95,0.13,0.14,0.0,0.8,Feb,1,1,1,3,Returning_Visitor,False,False
2,188.56,0,8.92,199,7750.54,0.01,0.02,3.01,0.03,Nov,3,2,4,2,Returning_Visitor,False,True
0,0.0,0,0.0,24,224.59,0.06,0.13,0.0,0.2,May,3,2,3,4,Returning_Visitor,False,False
1,2.0,0,0.0,23,1470.73,0.02,0.02,0.0,0.0,Nov,3,2,2,13,Returning_Visitor,False,False
0,0.0,0,0.0,26,1453.3,0.03,0.04,0.0,0.0,June,3,2,5,13,Returning_Visitor,False,False
0,10.54,0,0.0,34,1425.18,0.0,0.01,0.0,0.8,May,2,6,1,1,Returning_Visitor,False,False
0,0.0,0,23.82,97,1835.56,0.02,0.03,0.0,0.03,Nov,1,1,3,2,Returning_Visitor,True,False
0,0.0,0,0.58,2,0.0,0.14,0.2,0.01,0.6,May,3,2,1,13,Returning_Visitor,False,False
0,6.81,0,0.74,5,28.0,0.12,0.16,0.0,0.4,May,3,2,4,3,Returning_Visitor,False,False
7,198.75,0,17.6,20,818.58,0.0,0.0,0.13,0.0,Dec,3,2,4,8,New_Visitor,False,False
0,1.88,0,0.86,5,210.0,0.16,0.17,0.0,0.4,May,1,1,1,3,Returning_Visitor,False,False
0,5.44,0,0.0,5,223.0,0.0,0.04,0.01,0.04,May,2,2,3,13,Returning_Visitor,False,False
3,40.0,0,0.0,19,1051.5,0.01,0.03,12.18,0.6,May,1,1,4,3,Returning_Visitor,False,True
0,0.0,0,0.0,7,261.5,0.0,0.01,0.0,0.03,Mar,2,2,4,1,Returning_Visitor,False,False
7,79.5,2,92.83,65,5410.96,0.0,0.02,0.0,0.0,Nov,2,2,3,2,Returning_Visitor,False,False
0,1.69,0,0.42,48,2215.87,0.0,0.02,0.0,0.0,May,4,1,1,2,Returning_Visitor,False,False
0,0.0,0,0.0,22,347.67,0.02,0.06,0.03,0.0,June,4,1,1,3,Returning_Visitor,False,False
10,586.65,3,263.67,41,1486.36,0.01,0.03,4.41,0.0,May,1,1,8,4,Returning_Visitor,False,False
0,20.65,0,1.15,5,384.0,0.0,0.05,0.0,0.0,Dec,2,4,4,2,Returning_Visitor,False,False
0,0.0,0,0.0,2,0.0,0.13,0.2,0.0,0.0,May,2,5,2,1,Returning_Visitor,False,False
0,0.0,0,0.0,1,3.12,0.14,0.14,0.01,0.0,May,1,1,1,3,Returning_Visitor,False,False
0,0.0,0,0.0,12,458.5,0.0,0.01,0.0,0.0,May,1,1,1,4,Returning_Visitor,True,False
0,0.0,0,0.0,2,0.0,0.13,0.2,0.0,0.0,Oct,3,2,2,3,New_Visitor,True,False
0,0.7,0,0.0,27,1481.33,0.05,0.03,0.0,0.0,June,1,1,1,4,Returning_Visitor,False,False
11,250.25,0,19.44,169,8276.29,0.0,0.01,8.17,0.04,Nov,4,2,1,2,Returning_Visitor,False,False
0,0.0,0,0.0,2,57.68,0.02,0.1,0.0,0.03,Mar,1,1,1,2,Returning_Visitor,False,False
0,0.0,0,1.43,37,5208.65,0.0,0.02,0.0,0.0,Nov,2,2,1,2,Returning_Visitor,False,False
17,180.13,0,17.53,128,6512.01,0.0,0.02,0.0,0.03,Sep,2,2,1,2,Returning_Visitor,False,False
8,83.94,0,7.1,14,95.0,0.01,0.03,0.0,0.4,May,1,1,5,2,New_Visitor,False,False
0,0.56,0,0.78,14,421.66,0.02,0.04,0.0,0.4,May,2,2,1,1,Returning_Visitor,False,False
6,595.1,0,1439.0,19,1119.72,0.0,0.02,0.0,0.0,May,1,1,3,2,Returning_Visitor,False,False
8,80.56,0,0.0,34,403.42,0.0,0.0,0.0,0.0,Dec,2,2,9,2,New_Visitor,False,False
6,85.72,0,0.0,34,1220.43,0.0,0.01,0.0,0.03,Mar,2,2,3,1,Returning_Visitor,False,False
0,0.0,0,0.0,9,1471.67,0.01,0.06,43.8,0.0,Mar,2,2,1,1,Returning_Visitor,False,False
0,0.0,0,0.0,31,688.17,0.0,0.02,0.0,0.0,Mar,4,1,1,3,Returning_Visitor,False,False
0,0.0,0,0.0,18,1470.36,0.08,0.12,0.0,0.8,May,2,2,2,13,Returning_Visitor,False,False
1,475.58,0,0.0,34,1470.12,0.03,0.04,22.74,0.4,May,3,2,1,2,Returning_Visitor,False,True
0,0.0,0,3.07,34,1089.21,0.0,0.02,0.0,0.0,Dec,2,2,1,2,New_Visitor,False,False
0,0.0,0,0.0,1,2.31,0.2,0.2,0.0,0.0,Feb,1,1,1,1,Returning_Visitor,False,False
3,204.4,0,0.0,4,117.0,0.0,0.03,0.0,0.0,June,2,2,1,2,New_Visitor,False,False
0,0.0,0,0.0,1,0.0,0.2,0.2,0.0,0.04,Feb,2,2,5,1,Returning_Visitor,False,False
3,46.5,0,7.76,90,1322.0,0.0,0.01,16.88,0.04,Dec,2,2,7,2,Returning_Visitor,False,False
10,975.75,0,0.57,37,3970.7,0.01,0.02,0.06,0.6,May,2,2,3,4,Returning_Visitor,False,False
6,81.12,0,0.0,26,2134.1,0.0,0.01,13.38,0.04,May,2,2,1,6,Returning_Visitor,False,False
0,0.0,0,0.0,37,1461.99,0.01,0.02,0.08,0.0,Mar,2,4,3,1,Returning_Visitor,False,False
0,0.0,0,0.0,6,243.9,0.0,0.04,0.0,0.0,Jul,2,4,9,3,Returning_Visitor,False,False
0,191.0,0,6.53,237,8956.1,0.0,0.01,0.0,0.03,Nov,2,2,1,2,Returning_Visitor,False,False
0,0.0,0,0.0,15,1490.9,0.0,0.03,0.0,0.8,May,4,1,4,2,Returning_Visitor,True,False
0,0.0,1,79.2,95,4379.86,0.01,0.03,0.0,0.03,Nov,2,2,1,2,Returning_Visitor,True,False
0,0.0,0,0.0,8,89.5,0.15,0.16,0.0,0.8,May,3,2,1,3,Returning_Visitor,False,False
3,152.83,0,0.0,20,791.67,0.01,0.02,41.35,0.0,Mar,1,1,1,2,New_Visitor,False,True
0,0.0,0,2.49,34,2077.81,0.0,0.02,0.0,0.03,Nov,2,2,4,2,Returning_Visitor,False,False
3,14.0,0,0.0,35,1454.07,0.0,0.02,0.0,0.03,Mar,3,2,2,1,Returning_Visitor,False,False
0,3.03,0,0.7,12,482.5,0.02,0.04,0.0,0.0,Nov,1,2,1,3,Returning_Visitor,False,False
3,265.75,0,0.0,8,218.52,0.0,0.02,0.0,0.0,Nov,3,2,1,2,New_Visitor,True,False
0,0.0,0,0.0,2,71.66,0.09,0.14,0.0,0.0,Mar,3,2,3,1,Returning_Visitor,False,False
0,25.8,0,0.0,1,3.48,0.2,0.2,0.01,0.0,Jul,1,1,3,4,Returning_Visitor,True,False
0,0.0,0,0.0,34,557.17,0.02,0.05,0.0,0.0,Mar,3,2,1,1,Returning_Visitor,False,False
0,81.62,0,0.0,11,355.0,0.0,0.04,0.03,0.0,May,2,4,7,6,Returning_Visitor,False,False
10,85.04,0,13.07,114,1541.64,0.0,0.01,0.0,0.0,Nov,2,2,3,2,Returning_Visitor,False,False
1,81.87,0,0.0,23,1605.88,0.03,0.05,54.1,0.0,May,2,2,2,10,Returning_Visitor,False,True
0,2.44,0,0.0,9,113.0,0.07,0.09,0.0,0.8,May,2,2,3,6,Returning_Visitor,False,False
5,11.0,0,0.0,20,285.67,0.0,0.02,0.0,0.0,May,2,2,3,3,Returning_Visitor,False,False
0,111.62,0,0.0,14,328.11,0.0,0.01,0.0,0.0,Dec,2,2,1,3,Returning_Visitor,False,False
10,210.67,3,132.17,34,1509.59,0.01,0.02,14.68,0.04,Mar,2,2,1,2,Returning_Visitor,True,False
2,52.5,0,0.0,11,605.5,0.0,0.01,0.01,0.0,Nov,2,2,3,2,Returning_Visitor,False,False
2,29.75,0,0.0,44,1410.43,0.01,0.03,0.0,0.04,Nov,2,2,6,8,Returning_Visitor,True,False
9,406.42,0,0.0,34,352.42,0.02,0.05,0.0,0.0,May,3,2,3,1,Returning_Visitor,True,False
0,0.85,0,0.0,4,215.81,0.0,0.04,0.0,0.0,Nov,1,1,1,3,Returning_Visitor,False,False
0,0.0,0,0.0,5,86.36,0.06,0.12,0.0,0.04,Mar,3,2,4,1,Returning_Visitor,True,False
3,30.0,0,0.0,34,518.0,0.0,0.02,0.0,0.0,May,2,10,1,3,Returning_Visitor,False,False
3,91.35,0,0.0,11,501.99,0.01,0.04,0.0,0.03,May,2,5,1,3,Returning_Visitor,False,False
5,75.66,0,0.0,4,35.93,0.0,0.04,0.0,0.0,Oct,2,2,7,2,Returning_Visitor,False,False
0,0.0,0,0.0,37,294.12,0.01,0.01,0.0,0.0,Oct,4,2,9,7,Returning_Visitor,False,False
0,0.0,0,4.12,25,1344.29,0.0,0.01,0.0,0.03,Nov,2,4,1,8,Returning_Visitor,False,False
0,0.0,0,0.0,9,353.78,0.02,0.03,0.0,0.0,June,2,2,4,1,Returning_Visitor,False,False
5,81.04,0,0.0,7,26.0,0.0,0.03,0.0,0.0,Nov,2,2,1,2,Returning_Visitor,False,True
0,1.32,0,0.0,13,211.93,0.14,0.14,0.0,0.8,May,3,2,1,13,Returning_Visitor,False,False
1,119.33,0,5.29,174,5602.59,0.0,0.01,0.0,0.04,Dec,2,2,4,2,Returning_Visitor,False,False
5,70.33,0,9.68,29,1506.94,0.03,0.04,0.0,0.0,Nov,3,2,3,2,Returning_Visitor,True,False
1,1.74,0,0.92,6,65.5,0.07,0.1,0.0,0.0,Nov,3,2,3,13,Returning_Visitor,False,False
10,198.4,2,114.0,26,607.98,0.0,0.02,4.99,0.0,May,2,2,1,2,Returning_Visitor,False,False
1,41.0,4,360.0,36,769.5,0.02,0.04,19.38,0.0,May,2,2,1,6,Returning_Visitor,False,False
0,1.98,0,0.0,4,80.0,0.05,0.08,0.0,0.0,Mar,3,2,4,1,Returning_Visitor,False,False
1,29.82,0,5.6,189,7190.55,0.0,0.01,39.29,0.03,Nov,2,2,1,2,Returning_Visitor,False,True
0,0.0,0,0.0,14,275.0,0.0,0.01,0.28,0.0,Nov,2,2,9,20,Returning_Visitor,True,False
3,117.8,0,0.0,62,2032.4,0.01,0.02,0.0,0.0,Nov,2,2,6,4,Returning_Visitor,False,False
0,0.98,0,0.0,9,103.67,0.05,0.05,0.0,0.03,May,2,2,2,4,Returning_Visitor,False,False
6,87.38,0,2.48,28,672.55,0.0,0.02,19.27,0.0,Mar,3,1,2,10,Returning_Visitor,False,True
0,0.0,0,0.0,4,853.97,0.2,0.2,0.0,0.0,May,6,2,3,5,Returning_Visitor,False,False
0,8.45,0,5.94,2,12.0,0.1,0.1,0.01,0.0,Sep,4,1,1,2,Returning_Visitor,False,False
0,0.0,0,0.0,13,1476.93,0.0,0.03,0.0,0.6,Mar,3,2,9,13,Returning_Visitor,False,False
3,47.0,0,0.0,66,1504.08,0.0,0.01,39.13,0.0,May,2,2,1,2,Returning_Visitor,False,False
1,155.6,1,282.0,34,1283.05,0.02,0.04,1.51,0.0,May,1,2,3,2,Returning_Visitor,False,False
0,0.0,0,0.0,6,63.0,0.0,0.03,0.0,0.0,May,2,2,1,4,Returning_Visitor,False,False
0,0.0,0,254.26,20,408.33,0.0,0.0,39.1,0.0,Mar,2,2,7,2,Returning_Visitor,False,True
0,0.0,0,1.82,6,111.75,0.0,0.04,0.0,0.03,Dec,2,2,1,2,Returning_Visitor,False,False
5,69.9,0,0.63,62,1846.67,0.01,0.02,0.0,0.03,Aug,2,2,1,3,Returning_Visitor,False,False
4,57.33,0,14.16,140,6942.78,0.0,0.02,2.78,0.03,Dec,2,2,3,2,Returning_Visitor,False,False
0,3.83,1,147.5,45,1424.84,0.01,0.03,0.0,0.04,May,1,1,3,2,Returning_Visitor,True,False
0,2.47,0,0.0,12,481.83,0.0,0.02,74.09,0.03,Mar,1,1,1,2,New_Visitor,False,True
0,1.1,0,0.0,26,1493.59,0.03,0.06,0.0,0.0,Sep,2,1,3,3,Returning_Visitor,False,False
2,33.23,0,0.0,34,1445.39,0.02,0.04,0.02,0.0,Aug,2,2,4,6,Returning_Visitor,False,False
3,397.83,0,0.0,28,1441.93,0.0,0.02,0.0,0.03,Mar,3,2,9,6,Returning_Visitor,False,False
1,12.0,0,10.0,99,4097.71,0.0,0.01,0.0,0.03,Nov,2,2,3,2,Returning_Visitor,False,False
2,83.11,0,0.0,6,720.0,0.0,0.01,0.0,0.0,Mar,2,2,3,6,Returning_Visitor,False,False
4,63.33,0,2.66,13,1487.73,0.0,0.01,27.31,0.0,Mar,1,1,1,2,Returning_Visitor,False,True
1,64.4,0,0.0,34,2364.65,0.0,0.04,0.0,0.03,Oct,2,2,1,2,Returning_Visitor,False,False
5,110.92,0,0.0,4,214.51,0.0,0.03,31.44,0.03,June,2,2,6,2,Returning_Visitor,False,True
0,0.0,0,0.0,5,158.17,0.01,0.04,0.0,0.0,Feb,3,2,4,2,Returning_Visitor,False,False
3,83.0,0,4.36,5,63.59,0.0,0.03,0.0,0.0,May,2,2,4,1,Returning_Visitor,False,False
0,0.0,0,0.0,34,1482.93,0.02,0.04,0.0,0.0,Mar,2,2,1,1,Returning_Visitor,False,False
2,21.95,1,127.0,4,188.0,0.03,0.04,0.04,0.0,Mar,3,2,3,2,Returning_Visitor,False,False
10,1222.4,0,1.54,34,2988.88,0.0,0.01,0.0,0.03,May,2,2,1,2,Returning_Visitor,False,False
1,100.37,3,166.18,24,4114.08,0.0,0.0,38.49,0.03,Mar,1,1,1,2,New_Visitor,False,True
2,80.73,0,0.0,80,2762.77,0.0,0.01,10.1,0.0,Nov,4,2,3,2,Returning_Visitor,False,True
0,0.0,1,8.0,36,1093.15,0.0,0.01,0.04,0.0,May,1,1,6,4,Returning_Visitor,False,False
10,391.68,0,0.0,37,443.75,0.0,0.01,0.0,0.03,Aug,2,2,7,3,Returning_Visitor,True,False
6,89.53,1,52.33,6,126.67,0.0,0.02,0.02,0.0,Dec,1,1,1,2,Returning_Visitor,False,False
0,0.0,0,0.5,6,57.64,0.0,0.03,0.02,0.0,May,2,2,5,4,New_Visitor,False,False
1,15.0,0,0.0,11,1537.27,0.0,0.02,0.0,0.03,Nov,2,4,4,2,Returning_Visitor,False,False
0,0.0,0,0.56,17,216.44,0.0,0.01,0.0,0.03,May,4,2,1,3,Returning_Visitor,False,False
0,0.64,0,0.0,2,10.0,0.0,0.1,0.0,0.52,May,1,1,1,3,Returning_Visitor,False,False
8,964.25,6,2.29,134,5889.73,0.03,0.05,0.0,0.03,Nov,3,2,1,2,Returning_Visitor,False,False
2,31.5,0,14.42,27,1500.05,0.0,0.02,0.0,0.0,Nov,1,1,4,8,Returning_Visitor,False,False
0,0.0,0,0.0,7,1475.49,0.02,0.1,0.0,0.0,Dec,2,2,1,2,Returning_Visitor,False,False
6,169.57,0,14.05,21,1853.54,0.0,0.02,0.0,0.0,May,3,2,4,4,Returning_Visitor,True,False
6,107.0,1,10.5,5,39.5,0.01,0.01,0.0,0.0,May,2,2,1,5,New_Visitor,False,False
0,1.0,0,0.0,23,1669.0,0.0,0.02,0.02,0.0,Dec,2,4,7,2,Returning_Visitor,False,False
0,0.0,0,0.0,27,348.03,0.14,0.14,0.0,0.0,Dec,1,1,1,3,Returning_Visitor,False,False
3,82.5,0,0.0,12,221.12,0.02,0.01,0.0,0.0,Nov,1,2,3,8,Returning_Visitor,False,False
4,78.55,0,0.0,35,1128.47,0.04,0.06,0.0,0.03,Mar,2,4,3,1,Returning_Visitor,False,False
0,0.0,0,0.0,2,0.0,0.14,0.13,0.01,0.0,Nov,1,1,9,1,Returning_Visitor,False,False
0,0.0,0,0.75,10,208.19,0.0,0.02,0.01,0.0,Sep,1,1,6,2,Returning_Visitor,True,False
1,468.1,0,5.08,137,3428.53,0.02,0.04,0.87,0.03,June,2,2,2,2,Returning_Visitor,False,False
1,4.0,0,0.0,13,2123.5,0.02,0.04,35.62,0.0,Nov,2,2,1,3,Returning_Visitor,False,True
0,2.13,0,0.0,4,105.5,0.0,0.05,0.0,0.0,Dec,2,2,6,2,Returning_Visitor,False,False
0,0.0,0,0.0,13,70.4,0.14,0.14,0.09,0.0,Aug,2,2,2,13,Returning_Visitor,False,False
2,51.71,0,8.88,129,7569.18,0.0,0.02,5.65,0.03,Nov,2,2,2,2,Returning_Visitor,False,True
4,85.42,0,0.0,46,953.07,0.0,0.01,0.0,0.0,May,1,1,6,4,Returning_Visitor,True,False
9,227.6,0,3.99,35,1935.06,0.01,0.02,42.2,0.0,Dec,1,2,1,2,Returning_Visitor,False,True
0,0.0,0,19.59,15,1429.15,0.0,0.01,30.31,0.03,Dec,2,4,1,2,Returning_Visitor,False,True
0,0.83,0,0.0,13,412.0,0.0,0.03,0.0,0.0,Mar,2,2,1,3,Returning_Visitor,False,False
1,10.0,0,5.52,55,706.3,0.0,0.02,0.0,0.04,May,2,2,4,2,Returning_Visitor,True,False
4,80.78,0,11.87,116,3363.18,0.0,0.01,0.0,0.0,Nov,2,2,1,2,Returning_Visitor,False,False
0,15.37,0,0.0,2,32.0,0.2,0.2,0.0,0.0,May,3,2,4,3,Returning_Visitor,False,False
0,7.21,0,0.0,3,38.0,0.0,0.05,0.0,0.8,Mar,2,2,4,4,Returning_Visitor,False,False
0,0.0,1,0.0,18,648.0,0.0,0.03,0.0,0.0,Nov,2,4,6,2,New_Visitor,False,False
0,6.95,0,0.0,34,1625.58,0.0,0.01,0.0,0.0,Dec,3,2,8,8,New_Visitor,False,False
2,20.5,0,1.2,21,1478.73,0.0,0.01,0.0,0.03,Mar,2,2,1,3,Returning_Visitor,False,False
0,0.0,1,117.11,119,2763.01,0.01,0.03,0.0,0.03,Nov,3,2,3,2,Returning_Visitor,False,False
5,86.0,0,0.0,23,267.3,0.0,0.02,0.0,0.0,Mar,1,1,4,9,Returning_Visitor,True,False
0,98.16,0,4.88,13,152.25,0.03,0.02,0.0,0.0,May,1,2,5,2,Returning_Visitor,False,False
0,8.94,0,1.51,6,114.0,0.0,0.03,0.24,0.0,May,2,2,3,1,Returning_Visitor,True,False
1,0.0,0,0.0,7,1473.81,0.08,0.08,0.0,0.03,Dec,2,5,1,8,Returning_Visitor,True,False
1,72.0,0,0.0,10,1612.55,0.0,0.02,0.0,0.0,May,2,2,2,1,Returning_Visitor,False,False
0,0.0,0,0.0,2,0.0,0.2,0.14,0.01,0.0,Mar,3,2,3,1,Returning_Visitor,False,False
0,0.0,0,0.0,2,3.05,0.2,0.2,0.0,0.0,Mar,1,1,3,9,Returning_Visitor,True,False
0,0.0,0,0.0,17,1528.34,0.02,0.04,36.08,0.0,Oct,1,1,9,3,Returning_Visitor,False,True
0,0.0,0,0.0,6,80.67,0.0,0.05,0.0,0.0,Nov,2,4,3,2,New_Visitor,False,False
0,0.0,1,57.1,44,2284.49,0.0,0.0,0.23,0.03,Dec,3,3,2,8,Returning_Visitor,False,False
0,0.0,0,0.0,2,2.86,0.14,0.2,0.0,0.0,Dec,2,2,1,13,Returning_Visitor,False,False
0,0.0,0,0.0,2,2.6,0.2,0.2,0.0,0.0,Mar,2,2,1,1,Returning_Visitor,False,False
0,10.9,1,117.0,13,404.0,0.03,0.04,0.0,0.0,Dec,2,2,8,2,Returning_Visitor,False,False
3,109.0,0,10.82,11,2351.33,0.0,0.03,0.04,0.0,Dec,2,2,4,3,Returning_Visitor,True,False
3,3.0,0,0.0,11,228.67,0.0,0.03,0.02,0.6,May,2,2,4,3,Returning_Visitor,False,False
0,0.0,0,0.0,5,214.0,0.0,0.05,0.0,0.0,Mar,2,2,3,3,Returning_Visitor,False,False
0,2.83,0,0.0,16,1475.21,0.0,0.01,0.06,0.0,Nov,2,5,3,3,Returning_Visitor,True,False
1,84.98,0,4.6,18,1494.83,0.01,0.01,0.0,0.03,Dec,3,2,1,2,Returning_Visitor,False,False
0,0.0,0,0.0,18,559.0,0.05,0.1,0.03,0.0,Nov,1,1,4,1,Returning_Visitor,True,False
10,262.0,0,0.0,22,623.42,0.02,0.05,0.03,0.2,May,3,2,1,2,Returning_Visitor,False,False
3,60.25,0,0.0,8,131.58,0.0,0.01,0.19,0.03,Nov,3,2,1,2,New_Visitor,False,False
1,57.0,1,163.0,36,2928.78,0.0,0.02,0.0,0.0,May,2,10,2,8,Returning_Visitor,True,False
0,0.0,0,0.25,4,2.33,0.13,0.2,0.01,0.0,Aug,2,2,1,4,Returning_Visitor,False,False
0,2.82,0,0.0,6,62.48,0.0,0.03,0.01,0.0,Dec,1,1,3,1,Returning_Visitor,False,False
0,0.0,0,0.0,7,121.0,0.0,0.06,0.0,0.0,Dec,2,2,7,3,Returning_Visitor,True,False
0,0.0,1,19.5,48,1249.75,0.01,0.02,0.0,0.03,Dec,2,2,1,2,Returning_Visitor,False,False
9,179.38,0,7.04,8,131.98,0.0,0.01,0.0,0.0,Sep,2,2,1,5,New_Visitor,False,False
0,0.0,0,0.0,7,197.0,0.02,0.04,0.0,0.0,Nov,3,2,1,2,Returning_Visitor,False,False
14,367.25,4,400.38,195,7980.36,0.0,0.01,3.87,0.03,Nov,2,2,2,2,Returning_Visitor,False,True
0,4.34,0,0.0,16,340.65,0.06,0.06,0.01,0.0,Aug,3,2,2,3,Returning_Visitor,True,False
1,11.17,3,63.5,26,1461.77,0.0,0.03,0.01,0.0,Nov,4,2,1,11,Returning_Visitor,False,True
0,9.37,0,0.0,6,414.18,0.0,0.03,0.0,0.0,Nov,3,2,1,10,Returning_Visitor,True,False
0,15.74,0,0.0,33,1495.0,0.0,0.01,78.57,0.0,Sep,3,2,3,2,Returning_Visitor,False,True
0,0.0,0,0.0,3,57.97,0.0,0.04,0.0,0.0,Mar,1,1,4,1,Returning_Visitor,False,False
3,93.8,0,0.0,40,526.69,0.02,0.02,2.32,0.0,Aug,1,1,4,2,Returning_Visitor,False,False
0,7.58,0,0.0,8,64.73,0.1,0.15,0.01,0.03,Mar,2,4,3,10,Returning_Visitor,False,False
0,0.0,0,0.0,6,444.0,0.0,0.03,59.75,0.0,Dec,1,1,2,8,New_Visitor,False,True
0,19.2,0,0.0,7,690.57,0.2,0.2,0.01,0.03,Mar,3,3,1,3,Returning_Visitor,True,False
0,0.0,1,3.0,20,780.5,0.0,0.04,10.91,0.0,Jul,3,2,3,2,Returning_Visitor,False,False
7,278.83,2,15.0,38,2311.09,0.0,0.02,4.25,0.0,May,2,5,1,3,Returning_Visitor,False,False
0,1.15,0,1.64,7,448.88,0.08,0.04,0.0,0.0,Dec,1,1,1,1,Returning_Visitor,False,False
0,0.0,0,0.0,13,171.5,0.02,0.13,0.0,0.74,May,2,2,1,1,Returning_Visitor,False,False
0,0.0,0,4.05,33,1489.21,0.0,0.01,10.52,0.0,May,2,2,7,4,Returning_Visitor,True,True
3,200.5,0,43.89,32,1483.86,0.01,0.03,0.0,0.03,Dec,1,2,1,2,Returning_Visitor,True,False
0,0.0,0,0.0,1,2.98,0.2,0.2,0.0,0.0,Mar,2,2,1,2,Returning_Visitor,False,False
0,0.0,0,1.76,103,3357.05,0.0,0.04,0.0,0.04,Sep,2,2,1,1,Returning_Visitor,False,False
9,394.97,0,0.0,8,419.79,0.0,0.03,0.0,0.03,Dec,2,4,8,8,Returning_Visitor,False,False
4,539.5,0,0.0,1,1069.46,0.0,0.05,0.06,0.0,Mar,3,2,8,8,New_Visitor,False,False
0,7.69,0,0.95,6,59.79,0.03,0.05,0.0,0.0,Nov,2,2,8,3,Returning_Visitor,False,False
15,190.55,0,6.0,21,1959.0,0.03,0.04,0.0,0.0,Oct,2,1,7,2,Returning_Visitor,False,False
1,3.0,0,0.0,11,549.33,0.0,0.0,0.0,0.0,May,3,2,1,3,Returning_Visitor,False,False
2,95.8,0,3.28,83,4052.36,0.0,0.01,19.62,0.03,Sep,2,2,4,3,Returning_Visitor,False,True
0,0.0,0,0.0,5,63.44,0.0,0.04,0.0,0.0,May,2,4,1,3,Returning_Visitor,False,False
0,42.72,0,0.0,1,0.0,0.2,0.2,0.0,0.0,Dec,3,2,1,1,Returning_Visitor,False,False
0,0.0,0,0.0,12,1486.72,0.0,0.02,0.0,0.0,May,2,4,2,2,Returning_Visitor,False,False
0,0.0,0,0.0,5,43.9,0.0,0.02,0.0,0.0,Mar,2,2,1,2,Returning_Visitor,False,False
3,87.36,0,1.68,8,147.0,0.03,0.03,0.0,0.04,May,2,1,6,1,Returning_Visitor,False,False
3,11.0,0,7.15,104,4877.26,0.0,0.02,0.0,0.03,May,2,2,1,2,Returning_Visitor,True,False
1,4.0,0,0.22,34,440.6,0.01,0.04,0.0,1.0,May,3,2,3,1,Returning_Visitor,True,False
0,0.0,0,0.0,6,0.0,0.2,0.2,0.0,0.8,May,2,4,1,6,Returning_Visitor,False,False
0,0.0,1,90.0,20,1056.5,0.02,0.05,0.0,0.0,Nov,4,2,1,2,Returning_Visitor,False,False
4,127.01,1,103.8,27,1211.07,0.02,0.06,0.0,0.0,Aug,2,2,3,13,Returning_Visitor,False,False
1,2.0,0,0.0,6,76.43,0.0,0.1,0.0,0.0,Sep,3,2,3,2,Returning_Visitor,False,False
0,0.0,3,67.82,137,4045.73,0.01,0.02,0.0,0.0,Nov,1,2,1,2,New_Visitor,False,False
0,4.79,0,0.0,5,66.38,0.0,0.1,0.0,0.0,Mar,3,2,1,15,Returning_Visitor,True,False
2,28.2,0,0.0,16,219.43,0.02,0.05,0.0,0.0,Oct,2,2,1,1,Returning_Visitor,False,False
0,0.0,0,0.0,33,889.37,0.0,0.0,5.9,0.0,Oct,2,2,3,2,Returning_Visitor,False,True
1,18.2,0,0.0,36,624.76,0.0,0.02,0.02,0.03,Oct,2,2,7,3,Returning_Visitor,False,False
0,0.0,0,0.0,15,194.07,0.0,0.04,0.0,0.0,May,2,2,4,2,Returning_Visitor,False,False
4,82.88,0,0.0,1,87.96,0.0,0.04,0.04,0.03,Jul,1,1,1,5,Returning_Visitor,False,False
2,131.08,1,73.37,159,4362.01,0.0,0.02,6.05,0.03,Jul,2,10,2,2,Returning_Visitor,False,False
13,123.88,0,14.73,87,2903.76,0.01,0.02,1.77,0.03,Dec,2,2,3,2,Returning_Visitor,False,False
2,416.39,0,7.86,258,11301.2,0.0,0.01,33.61,0.03,Mar,2,4,9,2,Returning_Visitor,False,True
0,0.85,0,0.0,7,58.0,0.03,0.06,0.0,0.0,May,2,2,1,4,Returning_Visitor,False,False
4,81.18,0,0.0,34,50.0,0.0,0.02,0.0,0.0,Dec,8,2,9,20,Other,True,True
1,0.0,2,10.0,69,1310.64,0.0,0.03,0.0,0.03,Nov,2,2,1,3,Returning_Visitor,True,False
1,82.32,0,0.0,29,1486.26,0.0,0.01,0.01,0.0,Nov,1,1,1,3,New_Visitor,False,False
4,191.0,0,0.0,35,1509.56,0.0,0.02,0.0,0.03,May,2,4,7,6,Returning_Visitor,False,False
7,634.27,4,80.64,34,2864.63,0.01,0.02,7.45,0.0,Nov,3,2,3,1,Returning_Visitor,False,False
0,0.0,0,0.0,5,46.75,0.0,0.04,0.0,0.0,Dec,1,1,1,3,Returning_Visitor,False,False
3,77.0,0,0.0,12,312.0,0.0,0.04,0.03,0.0,Mar,1,1,3,3,New_Visitor,True,False
4,793.5,0,0.0,34,2440.47,0.01,0.01,12.58,0.03,Nov,3,2,9,2,Returning_Visitor,False,False
0,91.2,0,0.0,9,442.0,0.0,0.04,0.0,0.2,May,2,2,7,2,Returning_Visitor,False,False
1,105.31,0,0.0,7,494.84,0.0,0.03,0.0,0.0,Aug,1,1,7,3,New_Visitor,False,False
3,46.5,0,3.25,34,402.69,0.0,0.01,0.0,0.0,Mar,2,4,1,2,Returning_Visitor,True,False
0,0.0,0,0.0,20,438.33,0.02,0.04,0.0,0.0,Mar,2,2,7,1,Returning_Visitor,False,False
0,1.39,0,0.0,5,57.49,0.03,0.04,0.0,0.0,Mar,2,2,1,13,Returning_Visitor,False,False
0,66.35,0,2.47,3,2649.28,0.01,0.07,2.55,0.03,Nov,2,4,2,2,Returning_Visitor,True,True
0,0.0,0,0.0,11,1489.62,0.0,0.01,0.0,0.0,Nov,2,2,4,1,Returning_Visitor,True,False
3,96.0,0,0.0,12,384.32,0.02,0.03,0.07,0.0,Dec,3,2,1,2,New_Visitor,False,False
2,0.0,0,6.61,34,1202.75,0.0,0.0,0.0,0.07,Dec,8,13,9,4,Other,True,False
0,0.0,0,4.08,15,378.5,0.0,0.04,0.0,0.0,Nov,2,2,1,2,Returning_Visitor,False,False
2,93.7,0,0.0,7,558.5,0.0,0.03,0.01,0.0,Aug,2,2,7,2,New_Visitor,True,False
0,0.0,0,7.88,76,1777.52,0.01,0.03,0.0,0.03,Nov,1,1,1,10,Returning_Visitor,True,False
8,38.74,1,153.0,27,880.8,0.01,0.02,8.55,0.0,May,1,1,2,2,Returning_Visitor,True,True
0,0.0,0,6.49,2,96.0,0.0,0.1,0.1,0.03,Mar,4,1,1,1,Returning_Visitor,False,False
4,3.15,0,0.0,2,166.0,0.02,0.04,0.15,0.0,Dec,8,13,9,20,Other,False,False
0,0.92,0,1.3,12,198.0,0.02,0.08,0.0,0.0,Mar,2,2,1,2,Returning_Visitor,False,False
2,84.65,0,0.0,19,1122.09,0.02,0.05,0.0,0.2,Nov,2,2,1,3,Returning_Visitor,False,False
0,3.34,0,0.0,6,73.5,0.05,0.14,0.01,0.0,Mar,2,2,4,10,Returning_Visitor,False,False
3,0.0,1,34.0,144,5485.02,0.01,0.02,38.79,0.03,Nov,2,2,1,2,Returning_Visitor,False,False
3,598.0,3,144.5,35,6860.63,0.01,0.04,0.0,0.4,May,2,2,1,2,Returning_Visitor,False,False
2,0.0,2,20.41,162,5918.31,0.0,0.02,0.0,0.03,Nov,2,2,1,2,Returning_Visitor,False,False
3,0.0,0,0.0,11,606.5,0.01,0.01,0.83,0.0,May,1,8,9,1,Returning_Visitor,True,False
0,0.0,0,0.37,7,223.0,0.0,0.03,0.0,0.03,Mar,2,2,1,1,Returning_Visitor,False,False
0,1.97,0,0.0,4,48.5,0.0,0.04,0.0,0.04,Dec,2,2,9,2,New_Visitor,False,False
0,0.0,0,0.0,34,526.5,0.02,0.04,0.0,0.03,Nov,3,2,2,13,Returning_Visitor,False,False
3,1.54,0,0.45,12,2054.33,0.0,0.02,0.0,0.06,May,2,2,5,1,Returning_Visitor,False,False
0,0.0,0,0.0,6,495.0,0.0,0.04,0.0,0.0,Dec,4,1,3,2,Returning_Visitor,False,False
0,0.0,0,0.0,1,0.0,0.2,0.2,0.0,0.0,Dec,2,2,8,1,Returning_Visitor,False,False
0,0.0,0,12.05,2,12.5,0.2,0.2,0.0,0.0,Feb,2,2,7,3,Returning_Visitor,False,False
2,101.5,0,66.94,34,692.67,0.0,0.01,146.24,0.0,Dec,2,2,5,2,New_Visitor,False,True
8,47.0,0,0.0,18,1796.58,0.0,0.02,0.0,0.0,Nov,2,2,2,1,Returning_Visitor,False,False
11,1064.0,1,100.55,58,3816.37,0.0,0.03,6.22,0.03,May,2,5,3,1,Returning_Visitor,True,False
0,29.21,0,0.0,2,18.64,0.13,0.12,0.0,0.0,Mar,2,2,2,3,Returning_Visitor,False,False
1,9.29,0,0.0,2,0.0,0.2,0.12,0.0,0.0,Nov,1,8,3,1,Returning_Visitor,True,False
0,224.88,0,0.0,21,1457.59,0.0,0.01,0.0,0.17,Dec,8,13,8,20,Other,False,False
2,133.73,0,2.9,8,117.62,0.01,0.01,0.01,0.03,Nov,3,1,8,2,Returning_Visitor,False,False
1,255.92,0,7.79,255,8467.58,0.02,0.03,0.69,0.03,June,3,2,1,2,Returning_Visitor,False,False
0,4.78,0,3.41,7,70.0,0.15,0.17,0.0,0.4,May,1,1,3,3,Returning_Visitor,False,False
3,39.3,0,0.0,34,316.2,0.01,0.02,0.0,0.0,Sep,2,2,3,6,Returning_Visitor,False,False
0,2.97,0,0.0,26,409.3,0.01,0.04,0.0,0.0,Jul,1,1,1,1,Returning_Visitor,False,False
0,0.0,0,0.32,58,3200.37,0.0,0.02,0.0,0.03,Mar,2,2,6,1,Returning_Visitor,False,False
0,0.0,0,0.0,8,213.42,0.0,0.05,0.01,0.0,Nov,2,2,1,3,Returning_Visitor,False,False
4,36.0,0,0.0,28,708.92,0.0,0.0,0.0,0.03,May,2,6,1,3,New_Visitor,False,False
0,1.13,0,0.0,5,42.2,0.0,0.04,0.0,0.0,June,2,2,3,1,Returning_Visitor,False,False
1,7.0,0,0.0,5,111.94,0.0,0.03,0.0,0.0,Dec,2,2,7,1,Returning_Visitor,False,False
1,57.5,0,0.0,22,353.15,0.0,0.01,0.0,0.0,Nov,1,2,3,2,New_Visitor,False,False
3,145.2,0,7.66,28,425.1,0.0,0.01,0.03,0.0,Oct,3,2,7,11,New_Visitor,True,False
0,0.0,0,0.0,3,52.5,0.0,0.08,0.0,0.0,Nov,1,1,9,2,Returning_Visitor,False,False
12,232.34,1,19.2,22,504.03,0.0,0.0,0.0,0.0,Mar,2,1,1,3,New_Visitor,False,False
2,279.5,0,0.0,34,1508.73,0.0,0.01,0.0,0.0,Nov,1,1,4,2,Returning_Visitor,True,False
12,257.75,0,2.35,3,1502.93,0.0,0.04,0.0,0.0,Dec,3,2,4,8,Returning_Visitor,False,True
6,89.47,1,32.0,81,1141.06,0.0,0.0,27.9,0.03,May,4,2,6,3,Returning_Visitor,False,False
1,0.0,0,0.0,39,1494.98,0.0,0.03,0.0,0.03,Nov,2,2,6,2,Returning_Visitor,True,True
1,94.44,4,208.5,12,1509.65,0.0,0.01,0.0,0.0,Mar,1,1,1,2,Returning_Visitor,False,False
0,0.0,0,0.0,4,19.6,0.13,0.13,0.0,0.0,May,3,2,1,4,Returning_Visitor,True,False
2,85.94,1,35.0,19,1487.08,0.01,0.03,39.03,0.0,Mar,3,2,1,10,Returning_Visitor,False,False
1,19.0,0,0.0,13,748.67,0.0,0.02,0.04,0.03,Mar,1,2,1,3,Returning_Visitor,False,False
2,75.6,0,6.43,28,2074.93,0.0,0.02,0.0,0.0,Oct,2,4,3,2,Returning_Visitor,False,False
3,129.75,0,0.0,33,1467.93,0.0,0.01,18.95,0.0,Mar,2,2,3,8,New_Visitor,True,True
0,0.0,0,0.4,22,1310.5,0.01,0.04,23.86,0.0,Mar,2,2,1,1,Returning_Visitor,False,True
2,91.6,0,4.77,19,423.82,0.01,0.04,0.0,0.03,Mar,3,2,1,3,Returning_Visitor,False,False
2,30.42,0,0.0,45,848.21,0.0,0.02,0.0,0.0,May,4,1,1,1,Returning_Visitor,True,False
0,0.0,0,1.15,42,794.16,0.0,0.01,0.01,0.0,Sep,4,2,1,4,Returning_Visitor,False,False
0,0.0,0,0.0,36,1287.96,0.03,0.07,0.0,0.0,Dec,2,2,1,3,Returning_Visitor,False,False
0,200.83,0,6.29,44,1909.08,0.0,0.02,0.0,0.0,Dec,1,8,1,10,Returning_Visitor,False,False
3,245.73,0,7.02,439,21857.05,0.0,0.01,11.44,0.03,Sep,2,2,1,2,Returning_Visitor,False,False
3,83.47,2,9.0,16,1529.17,0.0,0.03,0.0,0.0,Nov,2,2,3,2,Returning_Visitor,False,True
0,215.48,0,0.0,9,53.0,0.07,0.11,0.0,0.0,Dec,2,5,3,3,Returning_Visitor,True,False
0,0.76,0,0.0,9,437.47,0.01,0.03,0.01,0.0,Mar,4,1,3,3,Returning_Visitor,True,False
1,34.0,0,0.0,36,646.29,0.0,0.01,0.0,0.0,May,2,4,6,3,Returning_Visitor,False,False
0,0.0,0,0.0,11,244.68,0.14,0.09,0.0,0.4,May,1,1,1,3,Returning_Visitor,False,False
3,38.33,0,4.46,68,2277.38,0.01,0.03,12.76,0.04,May,2,2,2,2,Returning_Visitor,False,False
4,196.25,0,111.32,271,12292.46,0.01,0.02,0.04,0.03,Jul,2,4,2,2,Returning_Visitor,False,False
10,118.0,0,3.22,85,2694.83,0.0,0.0,0.0,0.03,May,2,4,3,2,New_Visitor,False,False
3,41.5,0,0.0,5,68.75,0.0,0.04,0.0,0.03,Sep,1,2,1,8,New_Visitor,False,False
4,55.5,0,0.0,63,1479.91,0.0,0.02,0.0,0.03,Mar,2,2,2,2,Returning_Visitor,True,False
7,164.5,0,3.74,35,3022.48,0.0,0.03,4.25,0.03,May,2,2,5,1,Returning_Visitor,False,False
0,0.0,0,0.0,22,2464.9,0.0,0.05,0.0,0.8,May,2,2,6,1,Returning_Visitor,False,False
3,378.75,1,0.0,15,638.92,0.01,0.03,0.0,0.0,Nov,2,2,1,2,New_Visitor,False,True
0,0.0,0,0.0,7,203.67,0.0,0.02,0.0,0.0,May,1,1,1,2,Returning_Visitor,False,False
0,0.0,0,0.0,7,76.75,0.0,0.02,0.02,0.0,Dec,1,1,8,2,New_Visitor,False,True
5,263.0,0,0.0,3,1494.33,0.0,0.04,0.0,0.0,Mar,1,1,9,8,New_Visitor,False,False
0,0.0,0,11.41,31,223.8,0.03,0.02,0.0,0.0,Jul,1,1,2,4,Returning_Visitor,True,False
0,0.0,0,0.0,20,1485.85,0.0,0.02,0.0,0.03,Nov,2,2,3,2,Returning_Visitor,False,False
1,39.0,0,3.23,15,787.0,0.0,0.02,0.0,0.03,Mar,4,1,1,10,Returning_Visitor,False,False
3,36.2,0,0.0,16,166.71,0.0,0.02,1.56,0.0,Aug,2,2,6,5,New_Visitor,False,False
0,0.0,0,0.0,2,227.11,0.0,0.03,0.0,0.0,May,3,2,3,3,Returning_Visitor,False,False
0,7.61,0,0.0,8,123.0,0.0,0.01,39.16,0.03,May,2,2,1,2,New_Visitor,False,True
0,0.83,0,2.17,34,1985.0,0.03,0.05,0.0,0.03,Mar,1,1,1,1,Returning_Visitor,False,False
0,0.0,0,0.0,13,752.56,0.03,0.04,0.0,0.8,May,2,2,5,3,Returning_Visitor,False,False
3,58.42,0,0.0,22,1043.58,0.0,0.03,0.0,0.03,Nov,2,2,3,2,New_Visitor,False,False
11,2047.23,4,1146.67,38,1523.13,0.0,0.01,7.75,0.03,Mar,2,2,1,2,Returning_Visitor,False,True
4,181.5,0,0.0,34,1440.72,0.0,0.02,28.11,0.0,Nov,4,1,3,1,Returning_Visitor,True,True
0,0.0,0,0.0,26,1490.43,0.0,0.02,0.0,0.2,May,2,2,1,3,Returning_Visitor,False,False
0,0.0,0,0.0,34,1490.15,0.0,0.0,0.0,0.0,Mar,1,1,1,3,Returning_Visitor,False,False
2,82.87,0,0.0,34,343.83,0.0,0.01,38.34,0.03,Dec,2,2,9,20,New_Visitor,False,True
7,81.25,0,0.0,37,1500.42,0.01,0.02,39.04,0.0,Mar,2,4,1,2,Returning_Visitor,False,False
0,0.0,0,0.0,1,0.0,0.2,0.2,0.01,0.0,May,1,1,1,1,Returning_Visitor,False,False
0,0.0,0,0.0,12,396.5,0.0,0.01,0.0,0.03,Mar,2,4,3,2,Returning_Visitor,False,False
0,0.0,0,0.61,34,480.25,0.01,0.03,0.0,0.0,Mar,2,2,7,1,Returning_Visitor,False,False
2,147.5,7,84.47,48,1490.45,0.02,0.02,68.91,0.03,Nov,3,2,1,13,Returning_Visitor,False,True
4,93.75,0,12.36,34,2161.39,0.01,0.02,0.0,0.03,Nov,1,1,1,2,Returning_Visitor,False,True
4,18.42,0,0.0,9,1352.0,0.02,0.04,4.9,0.0,Nov,4,1,7,2,Returning_Visitor,False,False
0,1.38,0,1.81,34,935.1,0.01,0.02,0.01,0.0,Dec,2,2,8,2,Returning_Visitor,False,False
3,80.47,0,0.0,20,134.0,0.0,0.03,0.0,0.04,May,2,2,8,2,Returning_Visitor,False,False
8,28.06,0,9.98,73,2260.86,0.0,0.02,0.17,0.0,June,2,2,7,4,Returning_Visitor,True,False
1,81.92,1,13.0,39,1706.12,0.01,0.03,5.25,0.0,June,2,2,1,2,Returning_Visitor,True,False
3,71.4,0,0.0,11,449.4,0.02,0.04,0.0,0.0,Aug,1,1,1,3,Returning_Visitor,False,False
0,0.0,0,0.0,8,1491.35,0.05,0.08,0.0,0.84,May,1,1,1,2,Returning_Visitor,True,False
0,121.43,1,25.4,101,2565.8,0.0,0.01,0.0,0.03,Nov,2,2,7,2,Returning_Visitor,True,False
0,0.0,0,0.0,3,17.0,0.07,0.13,0.0,0.0,May,2,2,1,3,Returning_Visitor,False,False
0,0.81,0,0.0,1,0.0,0.2,0.14,0.0,0.0,Feb,1,1,1,3,Returning_Visitor,False,False
8,234.97,0,0.0,19,1487.9,0.01,0.01,5.74,0.0,May,3,2,1,2,Returning_Visitor,True,False
0,0.0,0,0.0,1,17.15,0.2,0.14,0.0,0.0,Nov,3,2,9,3,Returning_Visitor,False,False
0,4.68,0,0.0,8,866.0,0.05,0.06,0.02,0.0,Dec,2,2,2,6,Returning_Visitor,False,False
0,0.0,0,0.0,1,0.0,0.2,0.2,0.0,0.0,Nov,4,2,1,1,Returning_Visitor,True,False
0,0.0,8,147.59,34,3981.89,0.0,0.02,0.02,0.03,May,2,2,8,2,Returning_Visitor,False,False
9,156.25,0,4.69,48,1481.11,0.0,0.03,0.0,0.0,Dec,2,4,4,1,Returning_Visitor,False,False
1,0.0,0,0.0,55,1474.13,0.0,0.05,0.0,0.0,Mar,2,2,2,10,Returning_Visitor,True,False
1,0.0,0,2.16,91,3511.83,0.0,0.02,0.0,0.04,Dec,3,2,1,1,Returning_Visitor,False,False
3,222.76,0,3.91,31,652.38,0.02,0.02,0.01,0.0,Nov,1,1,6,1,Returning_Visitor,False,False
1,23.2,0,0.0,0,4.25,0.0,0.04,0.0,0.0,Mar,2,2,6,3,Returning_Visitor,False,True
5,0.0,0,0.0,8,497.25,0.02,0.03,0.0,0.0,Dec,1,8,3,1,Returning_Visitor,True,False
2,0.0,0,0.0,5,98.15,0.12,0.1,0.0,0.0,May,1,2,1,2,Returning_Visitor,False,False
0,0.0,0,0.0,5,211.44,0.0,0.04,0.0,0.0,Mar,3,2,6,1,Returning_Visitor,False,False
2,103.74,0,0.0,1,759.05,0.12,0.05,0.0,0.0,Mar,3,2,2,3,Returning_Visitor,False,True
0,0.0,0,0.0,7,351.91,0.03,0.05,39.11,0.0,Nov,2,2,1,8,Returning_Visitor,False,False
4,22.5,0,0.0,35,289.85,0.0,0.02,37.55,0.0,Mar,2,2,2,3,New_Visitor,True,True
3,93.3,0,0.0,70,2678.06,0.0,0.01,0.0,0.0,Jul,2,2,1,2,Returning_Visitor,True,False
17,239.93,2,60.5,34,1530.13,0.02,0.03,2.58,0.0,Dec,3,2,1,13,Returning_Visitor,False,False
0,0.0,0,0.0,10,347.49,0.04,0.07,0.04,0.03,Mar,1,8,3,1,Returning_Visitor,False,False
0,0.0,0,0.0,13,1474.64,0.0,0.01,0.0,0.11,May,2,2,1,13,Returning_Visitor,False,False
0,0.0,0,0.0,22,428.45,0.0,0.01,20.89,0.77,May,3,2,1,2,Returning_Visitor,False,True
0,0.0,0,6.73,19,1651.93,0.02,0.07,0.07,1.0,May,2,10,1,1,Returning_Visitor,True,False
2,4.9,0,0.0,5,1487.36,0.05,0.1,0.0,0.03,May,2,10,1,4,Returning_Visitor,False,False
0,0.0,0,0.0,9,1184.75,0.04,0.04,0.0,0.03,May,2,2,6,19,Returning_Visitor,False,False
7,201.46,0,0.0,41,1164.2,0.0,0.01,27.08,0.0,May,2,2,5,1,Returning_Visitor,True,True
0,0.0,2,20.0,28,1530.03,0.0,0.01,0.0,0.0,Dec,3,2,1,11,New_Visitor,False,True
1,85.83,0,0.0,30,860.32,0.0,0.01,0.0,0.03,May,1,1,1,7,Returning_Visitor,False,False
3,177.0,1,500.0,88,2663.82,0.01,0.02,5.48,0.03,May,2,2,8,4,Returning_Visitor,False,False
2,92.0,2,59.5,39,1498.7,0.01,0.02,0.0,0.04,Dec,3,2,1,2,Returning_Visitor,False,False
10,308.59,0,6.23,67,1474.59,0.0,0.01,0.38,0.03,Sep,3,2,1,2,Returning_Visitor,False,False
1,18.0,0,0.0,22,1383.56,0.0,0.02,0.01,0.0,Nov,2,5,6,2,New_Visitor,False,False
3,54.5,0,0.0,26,531.5,0.01,0.02,44.92,0.0,Nov,2,2,3,2,Returning_Visitor,False,False
0,0.0,0,0.0,1,0.0,0.2,0.2,0.03,0.0,Nov,4,2,1,8,New_Visitor,False,False
3,438.33,0,5.69,178,6241.69,0.0,0.02,2.04,0.03,Nov,2,2,1,2,Returning_Visitor,False,True
4,82.28,0,5.52,13,409.84,0.0,0.01,38.23,0.0,Mar,1,1,1,2,New_Visitor,False,True
1,87.41,0,0.0,3,127.6,0.0,0.03,0.0,0.0,Dec,2,2,1,2,New_Visitor,False,False
0,0.0,0,0.0,9,355.17,0.0,0.0,18.03,0.0,Mar,2,4,1,2,Returning_Visitor,False,True
2,0.0,0,3.11,90,601.79,0.0,0.01,0.0,0.03,May,2,2,3,1,Returning_Visitor,False,False
0,0.0,0,0.0,20,469.98,0.02,0.06,0.0,0.0,Nov,2,2,1,2,Returning_Visitor,False,False
0,0.85,0,0.0,18,2335.12,0.0,0.04,0.01,0.0,Nov,2,2,1,2,Returning_Visitor,False,False
1,24.0,0,5.2,54,801.51,0.01,0.01,0.0,0.2,May,1,1,1,3,Returning_Visitor,False,False
3,1115.5,0,0.0,21,1500.35,0.01,0.01,0.0,0.03,Nov,1,1,1,8,Returning_Visitor,True,False
1,8.0,0,0.0,11,701.0,0.0,0.02,0.0,0.0,Mar,2,2,1,2,New_Visitor,False,False
3,199.83,0,0.0,34,669.93,0.0,0.0,0.0,0.03,Aug,2,2,1,2,New_Visitor,True,False
1,23.0,0,1.44,34,1513.0,0.04,0.07,0.0,0.03,Dec,2,2,1,1,Returning_Visitor,False,False
2,53.5,0,0.0,35,1502.63,0.0,0.01,9.11,0.05,May,2,2,1,13,New_Visitor,True,False
1,11.0,0,44.06,25,1925.98,0.02,0.06,0.0,0.0,May,2,2,7,2,Returning_Visitor,False,False
3,29.0,0,4.08,41,1461.05,0.0,0.01,0.0,0.0,Dec,3,2,1,8,New_Visitor,False,False
0,115.23,0,0.0,1,358.66,0.2,0.2,0.0,0.0,Dec,3,3,1,8,New_Visitor,False,False
1,106.0,0,0.0,34,1384.2,0.0,0.0,1.72,0.0,Dec,8,13,9,20,Other,False,True
1,19.0,0,0.0,7,205.63,0.0,0.03,0.0,0.0,Mar,3,2,2,10,Returning_Visitor,False,False
2,82.11,0,4.99,2,1666.96,0.0,0.04,0.0,0.0,May,2,2,1,2,Returning_Visitor,False,False
3,80.6,0,0.0,37,936.42,0.0,0.01,0.0,0.0,Jul,1,1,4,2,Returning_Visitor,True,False
0,0.79,0,0.84,24,1417.72,0.01,0.03,0.0,0.0,Oct,2,2,1,20,Returning_Visitor,False,False
3,369.58,0,4.19,33,1490.5,0.0,0.01,0.0,0.0,Dec,2,2,7,2,Returning_Visitor,False,False
5,31.7,3,239.2,3,78.5,0.0,0.01,0.09,0.0,Sep,2,2,1,2,New_Visitor,False,False
2,196.6,0,0.0,37,1514.3,0.02,0.07,0.0,0.0,Mar,1,8,7,1,Returning_Visitor,True,False
0,0.0,0,7.84,30,360.47,0.01,0.04,0.0,0.0,Jul,1,1,1,3,Returning_Visitor,False,False
1,80.62,0,0.0,15,210.83,0.0,0.03,0.0,0.03,Jul,2,2,3,4,New_Visitor,False,False
0,2.11,0,0.0,5,190.05,0.05,0.07,0.0,0.0,May,3,2,1,13,Returning_Visitor,False,False
0,4.63,0,0.0,16,241.4,0.02,0.05,0.01,0.0,Nov,3,2,6,13,Returning_Visitor,False,False
3,80.8,0,4.26,9,293.86,0.14,0.11,0.0,0.0,May,3,2,4,3,Returning_Visitor,False,False
9,196.25,1,62.5,6,148.75,0.0,0.02,0.16,0.0,Dec,4,2,1,2,Returning_Visitor,False,False
3,49.4,2,65.29,31,330.53,0.0,0.03,0.0,0.0,Nov,2,2,8,4,New_Visitor,True,False
0,0.0,0,0.0,1,4.59,0.13,0.2,0.0,0.0,Mar,2,2,2,3,Returning_Visitor,False,False
0,34.14,0,0.0,1,0.0,0.2,0.2,0.0,0.0,Dec,3,2,6,1,Returning_Visitor,False,False
0,0.0,0,0.0,5,1470.99,0.07,0.13,0.0,1.0,May,1,1,3,3,Returning_Visitor,True,False
0,0.0,0,0.0,11,531.83,0.03,0.07,0.0,0.0,Dec,3,2,7,1,Returning_Visitor,True,False
3,386.0,4,0.0,72,712.3,0.0,0.02,0.0,0.0,Nov,2,2,4,2,Returning_Visitor,False,False
3,0.0,0,21.76,34,700.13,0.01,0.03,0.0,0.0,Nov,2,2,1,10,Returning_Visitor,True,False
2,17.0,0,0.0,12,289.32,0.0,0.04,0.17,0.4,May,2,2,3,3,New_Visitor,False,False
3,21.25,0,0.0,92,2716.52,0.01,0.04,23.74,0.0,Nov,2,2,3,2,Returning_Visitor,True,False
0,0.0,0,52.55,68,2162.66,0.01,0.02,0.0,0.0,Dec,2,2,1,2,Returning_Visitor,False,False
3,206.67,0,0.0,15,936.17,0.02,0.09,0.08,0.0,Mar,2,4,3,1,Returning_Visitor,False,False
0,0.0,0,0.0,12,450.0,0.0,0.01,0.0,0.8,May,3,2,1,13,Returning_Visitor,False,False
8,167.45,0,168.2,33,1717.6,0.03,0.04,0.13,0.0,Oct,2,2,3,3,Returning_Visitor,False,False
3,24.5,0,3.04,34,1525.67,0.0,0.01,107.22,0.0,May,2,2,2,13,Returning_Visitor,False,True
3,618.07,0,4.89,50,1342.08,0.0,0.0,28.07,0.0,Mar,2,2,6,11,Returning_Visitor,False,True
2,81.18,1,93.67,37,2070.64,0.0,0.02,0.0,0.05,May,3,3,1,4,Returning_Visitor,False,False
0,1.05,0,0.0,22,469.54,0.0,0.01,14.01,0.0,Oct,2,2,9,2,New_Visitor,False,True
0,2.27,0,0.0,6,213.62,0.0,0.02,0.0,0.2,May,2,2,5,1,Returning_Visitor,False,False
0,4.24,0,0.0,15,1421.79,0.0,0.01,0.0,0.0,Mar,2,5,1,2,Returning_Visitor,False,False
3,59.2,0,15.12,9,1261.7,0.02,0.05,0.0,0.0,Aug,2,5,7,3,Returning_Visitor,False,False
0,8.02,2,6.0,7,378.44,0.0,0.02,0.09,0.0,Nov,2,2,1,2,Returning_Visitor,True,False
0,0.0,0,1.6,9,1315.32,0.0,0.04,0.0,0.0,Nov,2,2,6,13,Returning_Visitor,False,False
1,94.0,0,8.55,264,8584.03,0.01,0.02,0.0,0.03,Nov,2,2,1,2,Returning_Visitor,False,True
5,90.96,0,0.0,34,487.67,0.0,0.03,0.01,0.0,May,1,1,6,3,Returning_Visitor,False,False
2,82.02,0,74.02,28,524.06,0.02,0.04,4.19,0.03,Oct,2,2,7,1,Returning_Visitor,False,True
4,459.5,4,3.38,100,6186.17,0.0,0.01,6.07,0.0,Jul,3,2,8,2,Returning_Visitor,False,False
3,88.19,0,77.88,118,4316.26,0.0,0.01,11.72,0.03,Jul,2,2,3,2,Returning_Visitor,False,False
2,397.72,0,5.64,142,12595.63,0.0,0.01,1.18,0.03,Nov,2,2,1,2,Returning_Visitor,False,True
3,140.55,0,8.92,136,8147.11,0.01,0.02,0.0,0.0,Nov,2,2,3,2,Returning_Visitor,False,False
0,0.0,0,1.42,5,626.0,0.0,0.04,0.01,0.06,May,1,1,1,4,Returning_Visitor,False,False
2,178.3,1,73.56,39,1543.88,0.0,0.01,0.09,0.0,Oct,1,1,3,2,Returning_Visitor,False,False
0,0.0,0,0.0,4,16.0,0.1,0.15,0.0,0.0,Mar,2,5,5,1,Returning_Visitor,False,False
0,0.0,0,0.0,33,4262.97,0.0,0.01,65.3,0.0,Mar,2,2,7,1,Returning_Visitor,False,True
1,149.2,0,0.0,12,211.73,0.0,0.01,16.67,0.0,Oct,3,1,1,20,Returning_Visitor,False,True
0,0.0,0,0.0,1,0.0,0.14,0.2,0.0,0.03,Dec,3,2,1,1,Other,True,False
1,123.0,0,0.0,7,125.05,0.0,0.03,0.57,0.0,Mar,2,2,1,2,New_Visitor,True,True
1,73.0,1,740.0,34,1434.26,0.0,0.02,22.03,0.0,Mar,2,2,3,2,Returning_Visitor,True,False
0,1.36,0,0.0,3,58.31,0.0,0.06,0.0,0.03,Feb,1,1,1,3,Returning_Visitor,False,False
6,70.92,0,0.0,35,1506.23,0.0,0.02,16.15,0.0,Oct,4,2,8,1,Returning_Visitor,False,False
1,0.0,0,0.0,20,289.75,0.0,0.03,0.01,0.0,May,2,2,4,3,Returning_Visitor,False,False
0,26.85,0,0.0,2,0.0,0.14,0.2,0.01,0.0,May,2,2,6,3,Returning_Visitor,False,False
4,64.5,0,0.0,28,852.33,0.01,0.02,0.02,0.0,May,1,1,1,7,Returning_Visitor,True,False
5,100.92,0,0.0,114,3488.07,0.0,0.02,5.7,0.03,Nov,2,2,3,2,Returning_Visitor,False,False
0,0.0,0,0.0,4,46.0,0.0,0.05,0.0,0.0,Mar,2,2,1,3,Returning_Visitor,False,False
14,603.9,0,52.4,46,1760.66,0.01,0.03,2.01,0.04,Nov,1,1,6,4,Returning_Visitor,False,False
0,0.0,0,0.0,14,204.18,0.14,0.09,0.06,0.0,May,3,2,1,13,Returning_Visitor,False,False
8,197.67,0,0.0,7,88.75,0.01,0.02,0.0,0.04,May,3,2,3,2,Returning_Visitor,True,False
0,1.64,0,0.0,5,240.5,0.14,0.14,0.01,0.0,May,1,1,1,3,Returning_Visitor,False,False
0,0.0,0,4.25,95,3208.21,0.0,0.02,5.36,0.03,Nov,2,2,1,1,Returning_Visitor,False,True
1,14.0,0,0.0,1,0.0,0.1,0.15,0.04,0.0,Nov,1,1,1,10,Returning_Visitor,False,False
3,33.5,0,0.0,23,398.4,0.0,0.02,0.02,0.0,Dec,2,2,3,6,Returning_Visitor,False,False
1,0.0,1,76.0,34,2068.93,0.0,0.02,29.18,0.0,May,2,6,6,6,Returning_Visitor,False,True
0,27.86,0,0.0,34,191.0,0.0,0.03,0.0,0.0,Nov,4,1,3,1,Returning_Visitor,False,False
0,2.72,0,0.0,1,0.0,0.2,0.2,0.0,0.0,Mar,2,2,1,1,Returning_Visitor,False,False
3,45.75,0,0.0,18,1273.08,0.0,0.01,3.94,0.03,Dec,1,1,1,1,Returning_Visitor,False,True
3,318.64,0,19.96,216,7761.03,0.01,0.02,1.59,0.03,Nov,2,6,2,2,Returning_Visitor,False,True
0,0.0,0,0.0,10,677.67,0.0,0.02,0.0,0.0,Dec,4,1,3,2,New_Visitor,True,False
5,262.12,0,8.82,137,7468.86,0.01,0.02,3.01,0.03,Nov,3,2,1,2,Returning_Visitor,False,False
8,92.04,0,0.0,7,1528.44,0.02,0.03,0.0,0.0,Nov,1,1,2,8,New_Visitor,False,False
0,0.0,0,0.0,8,330.17,0.0,0.02,0.07,0.03,Dec,3,2,9,2,Returning_Visitor,False,False
3,311.41,0,9.47,96,4233.48,0.01,0.02,3.54,0.0,Mar,2,4,1,2,Returning_Visitor,True,False
0,0.0,0,2.69,24,566.73,0.03,0.05,0.0,0.8,May,3,2,1,13,Returning_Visitor,False,False
3,80.77,1,11.0,74,6194.85,0.02,0.03,0.0,0.03,Nov,2,2,9,2,Returning_Visitor,False,False
0,6.29,0,1.44,9,258.29,0.0,0.02,0.0,0.0,Nov,2,10,3,2,Returning_Visitor,False,False
0,2.29,0,0.0,2,6.01,0.2,0.2,0.0,0.0,May,2,2,1,13,Returning_Visitor,False,False
0,218.58,0,0.0,11,1221.9,0.01,0.0,0.0,0.0,Mar,3,7,3,2,Returning_Visitor,False,False
3,7.0,1,25.17,33,446.0,0.02,0.03,32.39,0.0,Nov,2,2,1,1,Returning_Visitor,False,False
0,95.49,0,0.0,8,1488.35,0.03,0.04,49.73,0.03,Nov,3,2,1,8,Returning_Visitor,False,True
0,0.0,0,0.0,2,0.0,0.2,0.2,0.01,0.04,Dec,1,1,1,1,Returning_Visitor,True,False
0,0.0,0,0.4,64,3038.38,0.02,0.04,0.0,0.38,May,2,2,1,1,Returning_Visitor,False,False
0,0.0,0,0.0,5,129.49,0.0,0.04,0.0,0.0,Mar,4,2,1,1,Returning_Visitor,False,False
1,0.0,0,0.0,34,1315.18,0.01,0.03,0.0,0.0,Nov,2,2,3,2,Returning_Visitor,False,True
5,81.97,0,0.0,34,470.87,0.0,0.02,0.0,0.03,Oct,2,2,1,13,Returning_Visitor,False,False
1,49.12,0,0.0,19,344.35,0.0,0.02,0.0,0.0,Nov,2,2,1,13,Returning_Visitor,False,False
2,279.0,0,0.0,14,553.33,0.0,0.01,0.12,0.0,Nov,2,4,3,2,Returning_Visitor,False,False
0,104.37,0,0.0,10,225.47,0.0,0.05,0.0,0.4,Feb,1,1,8,3,Returning_Visitor,False,False
2,34.0,1,85.24,174,4994.25,0.01,0.02,0.0,0.0,Nov,2,2,1,13,Returning_Visitor,False,False
0,0.0,0,0.94,2,122.59,0.0,0.05,0.07,0.0,Mar,3,2,3,3,Returning_Visitor,False,False
6,179.75,0,81.17,37,1876.33,0.01,0.01,38.62,0.0,Dec,2,5,7,2,Returning_Visitor,False,False
2,82.39,0,1.18,15,449.5,0.01,0.04,0.0,0.0,Mar,2,2,4,1,Returning_Visitor,False,False
12,1106.39,9,296.48,125,7444.94,0.01,0.02,7.2,0.0,Nov,3,2,4,2,Returning_Visitor,False,True
3,120.0,0,5.08,6,198.0,0.0,0.01,0.0,0.0,May,3,2,1,2,New_Visitor,True,False
0,0.0,0,0.0,34,638.25,0.01,0.02,0.0,0.04,Nov,2,2,4,1,Returning_Visitor,False,True
1,29.5,0,0.0,41,1119.54,0.0,0.04,0.0,0.0,Nov,3,2,1,2,Returning_Visitor,False,False
0,0.0,0,0.0,6,1511.39,0.0,0.03,0.0,0.0,May,4,2,4,4,Returning_Visitor,False,False
0,0.0,0,0.0,34,1166.33,0.0,0.03,22.3,0.0,May,2,2,6,2,Returning_Visitor,True,False
4,159.0,0,3.44,16,307.62,0.0,0.01,0.0,0.03,Oct,1,1,1,2,Returning_Visitor,True,False
1,12.01,2,17.0,77,4130.94,0.01,0.01,43.99,0.0,Nov,4,1,1,2,Returning_Visitor,False,False
0,0.0,0,3.51,11,201.92,0.0,0.04,0.0,0.0,Nov,1,1,1,2,Returning_Visitor,False,False
7,83.14,0,0.0,33,1267.06,0.02,0.04,0.0,0.03,June,2,2,1,3,Returning_Visitor,False,False
3,34.0,0,39.15,42,1332.09,0.02,0.0,0.0,0.0,May,1,2,7,3,Returning_Visitor,True,False
2,76.33,2,0.0,36,1420.55,0.02,0.04,0.01,0.0,May,3,2,1,4,Returning_Visitor,False,False
14,345.81,3,466.07,36,5610.69,0.01,0.02,4.45,0.0,Nov,2,2,3,2,Returning_Visitor,False,False
0,16.7,0,0.0,3,159.5,0.0,0.07,0.0,0.03,Nov,2,4,1,3,Returning_Visitor,False,False
9,219.25,2,31.0,37,1495.46,0.01,0.01,37.7,0.0,May,1,1,1,5,New_Visitor,False,False
0,1.69,1,29.0,33,939.08,0.0,0.02,18.22,0.0,Dec,2,2,1,6,Returning_Visitor,False,True
0,0.0,0,0.0,5,214.28,0.03,0.05,0.0,0.0,Nov,3,2,1,13,Returning_Visitor,False,False
3,70.4,1,645.5,82,11257.11,0.01,0.03,0.0,0.03,Nov,2,5,1,2,Returning_Visitor,True,False
2,91.9,0,0.0,6,273.8,0.0,0.01,0.0,0.0,Sep,3,2,1,2,New_Visitor,True,False
4,80.97,0,0.0,16,572.65,0.0,0.01,4.21,0.03,May,4,2,4,4,Returning_Visitor,True,True
0,24.85,0,0.0,7,93.18,0.14,0.09,0.01,0.03,Mar,2,2,3,3,Returning_Visitor,False,False
0,2.13,0,0.0,7,1748.96,0.0,0.04,0.0,0.0,Nov,3,1,1,11,Returning_Visitor,True,False
8,417.42,1,19.52,63,1505.76,0.01,0.02,0.0,0.03,May,3,2,1,2,Returning_Visitor,False,False
2,37.0,0,5.93,29,911.5,0.02,0.04,0.0,0.2,May,2,2,3,3,Returning_Visitor,False,False
2,109.8,0,4.2,32,897.36,0.01,0.04,0.0,0.0,Sep,2,10,4,2,Returning_Visitor,False,False
2,128.5,0,0.0,7,209.0,0.02,0.04,0.0,0.0,Nov,3,2,3,2,Returning_Visitor,False,False
1,47.17,1,6.68,42,1532.52,0.0,0.02,6.31,0.0,May,2,2,6,4,Returning_Visitor,False,True
0,1.04,0,0.17,6,73.0,0.14,0.14,0.02,0.0,Mar,2,2,1,1,Returning_Visitor,False,False
1,0.0,0,0.0,40,1494.22,0.0,0.08,0.0,0.0,Sep,1,8,6,1,Returning_Visitor,False,False
0,0.0,0,0.0,16,230.57,0.0,0.02,0.0,0.0,Aug,2,2,3,4,Returning_Visitor,False,False
5,140.6,0,13.08,81,2408.31,0.0,0.01,23.08,0.03,Nov,2,4,1,2,Returning_Visitor,False,True
17,698.13,1,139.98,28,4306.61,0.0,0.02,0.0,0.0,Oct,2,2,2,1,Returning_Visitor,False,True
2,180.9,0,3.9,26,1967.61,0.0,0.01,0.0,0.0,Aug,3,2,6,2,New_Visitor,False,False
0,5.27,0,0.0,13,277.0,0.0,0.02,0.0,0.0,Nov,4,1,1,8,Returning_Visitor,False,False
10,274.5,0,0.0,24,1485.06,0.0,0.0,0.0,0.0,Mar,3,2,2,2,Returning_Visitor,True,False
0,0.0,0,0.0,1,0.0,0.2,0.14,0.0,0.0,May,3,2,3,3,Returning_Visitor,False,False
0,0.0,0,0.0,25,1978.7,0.03,0.06,0.0,0.0,Aug,2,2,1,3,Returning_Visitor,False,False
0,0.0,0,0.0,34,1511.76,0.03,0.06,0.01,0.6,May,2,6,2,3,Returning_Visitor,False,False
3,90.07,0,5.14,3,21.0,0.0,0.04,0.0,0.0,Mar,3,2,1,8,Returning_Visitor,False,False
0,0.0,0,0.0,4,277.21,0.0,0.05,0.0,0.0,Nov,1,1,4,8,Returning_Visitor,False,False
2,7.63,0,0.0,8,349.0,0.02,0.04,0.02,0.03,Aug,4,1,1,1,Returning_Visitor,False,False
7,157.5,1,160.48,42,3503.02,0.01,0.02,21.76,0.04,May,2,2,1,2,Returning_Visitor,False,False
14,324.0,2,40.5,33,338.25,0.01,0.02,0.0,0.0,Dec,1,1,1,10,Returning_Visitor,False,False
0,0.0,0,0.63,1,0.0,0.14,0.2,0.04,0.05,May,1,1,1,6,Returning_Visitor,False,False
0,14.73,0,0.0,12,2233.98,0.0,0.03,0.0,0.0,Dec,1,8,3,1,Returning_Visitor,True,False
0,35.47,0,12.45,15,789.67,0.0,0.01,14.55,0.03,May,2,2,3,2,Returning_Visitor,False,True
2,83.72,0,0.0,46,1376.3,0.01,0.04,6.01,0.03,Sep,2,2,3,1,Returning_Visitor,False,False
5,115.97,1,0.0,9,1469.09,0.0,0.02,0.06,0.0,Dec,1,1,1,8,New_Visitor,False,False
0,0.0,0,0.65,8,125.0,0.0,0.03,0.0,0.0,May,2,2,1,1,Returning_Visitor,True,False
1,25.7,0,0.0,6,143.3,0.0,0.04,38.27,0.03,Jul,2,5,3,4,New_Visitor,False,True
1,86.68,0,0.0,34,1383.19,0.01,0.02,0.0,0.0,May,1,1,1,3,Returning_Visitor,False,False
3,44.3,0,0.0,17,468.85,0.0,0.01,64.29,0.0,Aug,1,2,1,2,Returning_Visitor,False,True
10,400.93,4,199.4,74,1618.4,0.02,0.01,3.89,0.03,Jul,3,2,8,4,Returning_Visitor,False,True
0,65.57,0,0.52,7,289.5,0.0,0.01,0.0,0.0,Mar,1,1,1,1,Returning_Visitor,True,False
4,169.2,0,0.0,14,1493.62,0.0,0.01,4.8,0.0,Jul,2,2,1,2,Returning_Visitor,True,True
2,85.06,0,0.0,3,39.0,0.04,0.03,0.0,0.03,Dec,1,1,3,2,Returning_Visitor,True,False
0,4.48,0,0.0,34,1496.84,0.0,0.02,39.03,0.0,Nov,1,1,1,3,Returning_Visitor,True,True
0,0.0,0,30.06,53,661.45,0.0,0.04,0.0,0.0,Nov,3,2,1,11,Returning_Visitor,True,False
1,44.5,1,66.5,33,1493.86,0.02,0.03,26.45,0.0,Nov,1,1,2,7,Returning_Visitor,False,False
2,6.43,0,0.0,12,1453.56,0.0,0.02,0.0,0.0,Aug,2,2,3,4,Returning_Visitor,False,False
0,2.74,0,0.0,4,0.0,0.14,0.2,0.0,0.03,June,1,4,3,3,Returning_Visitor,False,False
0,38.48,0,0.0,11,112.71,0.0,0.02,0.0,0.0,Nov,3,2,6,11,New_Visitor,False,False
0,0.0,0,0.0,27,910.0,0.03,0.01,0.0,0.0,Nov,3,2,1,3,Returning_Visitor,True,False
0,0.7,0,0.0,34,1449.95,0.05,0.06,0.08,0.4,May,2,2,2,4,Returning_Visitor,False,False
0,0.0,0,0.0,42,2058.25,0.02,0.05,0.0,0.05,May,2,10,1,1,Returning_Visitor,False,False
0,0.0,0,11.5,32,905.1,0.0,0.0,10.02,0.03,Oct,2,2,6,2,New_Visitor,False,True
4,56.4,1,94.48,34,2163.57,0.02,0.04,4.29,0.03,June,2,2,1,4,Returning_Visitor,False,False
0,0.0,0,3.36,56,1294.64,0.01,0.04,0.0,0.0,Aug,2,2,3,3,Returning_Visitor,False,False
0,0.0,0,0.0,10,208.0,0.0,0.02,125.96,0.0,Dec,2,2,1,2,New_Visitor,False,True
3,25.57,1,0.0,15,1495.57,0.01,0.01,0.0,0.0,May,4,2,1,1,Returning_Visitor,False,False
0,0.0,0,0.0,8,376.33,0.0,0.03,53.99,0.0,May,2,2,2,4,Returning_Visitor,True,True
1,14.0,0,7.31,46,1380.17,0.0,0.02,0.0,0.0,Mar,4,1,1,1,Returning_Visitor,False,False
0,0.0,0,8.44,57,820.36,0.04,0.06,0.0,0.04,June,3,2,3,13,Returning_Visitor,False,False
3,42.44,0,0.0,19,723.48,0.0,0.02,38.69,0.0,Jul,2,2,2,2,Returning_Visitor,False,False
1,42.0,1,47.0,36,1462.42,0.0,0.03,0.5,0.03,May,2,2,2,4,Returning_Visitor,False,False
1,14.5,0,0.0,24,1534.31,0.0,0.02,0.0,0.0,Nov,3,2,1,2,New_Visitor,True,False
0,0.0,0,0.0,6,83.0,0.02,0.14,0.09,0.07,May,2,2,4,6,Returning_Visitor,False,False
3,509.67,0,0.0,19,976.34,0.0,0.01,9.24,0.03,Mar,1,1,1,2,Returning_Visitor,True,True
0,0.84,0,0.0,2,203.0,0.01,0.1,0.04,0.03,Mar,2,2,1,1,Returning_Visitor,False,False
0,4.0,0,3.8,26,242.11,0.0,0.0,0.01,0.03,June,4,1,8,1,Returning_Visitor,False,False
0,0.0,0,1.33,7,1544.75,0.01,0.03,0.0,0.0,Dec,1,1,1,1,Returning_Visitor,False,False
0,0.0,0,0.0,1,0.0,0.2,0.2,0.0,0.03,Mar,2,2,1,1,Returning_Visitor,False,False
6,221.83,0,48.05,39,841.78,0.01,0.02,0.0,0.03,Dec,1,2,8,1,Returning_Visitor,False,False
0,8.57,0,0.0,1,0.0,0.2,0.12,0.0,0.07,May,1,1,7,3,New_Visitor,False,False
0,0.0,0,0.0,16,819.17,0.0,0.01,39.11,0.0,May,2,2,5,2,New_Visitor,False,True
0,0.0,0,20.89,76,1495.82,0.01,0.01,0.0,0.0,Dec,3,2,1,2,Returning_Visitor,False,True
0,0.0,0,0.0,17,1527.49,0.0,0.02,0.0,0.0,May,2,4,3,3,Returning_Visitor,False,False
4,55.75,0,20.65,19,1455.9,0.0,0.02,7.14,0.0,Mar,3,2,7,2,Returning_Visitor,True,True
7,150.5,0,0.0,28,549.08,0.0,0.01,2.66,0.03,May,1,1,1,2,Returning_Visitor,False,True
1,7.0,0,0.0,29,906.57,0.0,0.01,0.01,0.03,Mar,4,1,1,2,New_Visitor,True,False
1,1.16,0,0.0,12,219.5,0.0,0.03,0.0,0.0,May,2,2,1,4,Returning_Visitor,False,False
1,88.6,0,10.12,114,2997.0,0.0,0.01,32.57,0.03,Nov,2,4,2,2,Returning_Visitor,False,True
1,19.0,0,0.0,29,605.67,0.0,0.03,0.0,0.8,May,3,2,3,6,Returning_Visitor,False,False
0,0.8,0,0.0,11,1481.05,0.05,0.07,0.0,0.8,May,2,2,1,13,Returning_Visitor,False,False
0,0.0,0,0.78,21,677.0,0.0,0.03,0.0,0.0,Dec,2,2,7,1,Returning_Visitor,False,False
3,88.62,0,27.46,5,124.96,0.0,0.01,0.12,0.04,Nov,2,4,7,2,New_Visitor,False,False
0,0.0,0,0.0,5,58.03,0.0,0.04,0.0,0.6,May,2,2,5,4,Returning_Visitor,False,False
0,0.0,0,0.0,6,202.0,0.0,0.02,0.0,0.0,May,1,1,3,1,Returning_Visitor,True,False
13,110.76,0,95.37,32,858.95,0.0,0.01,17.79,0.03,Nov,4,1,5,10,Returning_Visitor,True,False
0,0.0,0,0.0,24,810.5,0.0,0.02,0.0,0.0,Nov,1,1,1,3,Returning_Visitor,True,False
3,64.5,0,0.0,34,1443.64,0.0,0.01,111.26,0.0,Nov,2,2,1,2,Returning_Visitor,True,True
4,133.58,1,64.0,34,1222.47,0.02,0.02,6.09,0.0,May,3,2,2,4,Returning_Visitor,False,True
2,0.0,0,0.0,3,96.0,0.0,0.04,0.0,0.11,May,1,8,6,11,Returning_Visitor,True,False
2,42.0,2,54.0,31,420.0,0.0,0.01,0.0,0.0,Mar,3,2,8,1,Returning_Visitor,False,False
9,357.25,3,115.0,34,2889.25,0.04,0.01,39.14,0.0,May,2,2,1,4,Returning_Visitor,False,True
0,0.0,0,0.4,17,141.5,0.08,0.13,0.0,0.6,May,2,2,1,6,Returning_Visitor,False,False
6,72.04,1,206.6,34,709.43,0.01,0.02,15.71,0.03,Aug,2,2,2,2,Returning_Visitor,False,True
0,0.0,0,2.91,4,239.44,0.13,0.14,0.0,0.0,Nov,3,2,1,13,Returning_Visitor,True,False
0,32.2,0,0.0,11,1195.8,0.0,0.0,0.0,0.0,Aug,2,2,7,13,Returning_Visitor,False,False
0,0.0,0,0.0,16,1489.02,0.02,0.04,0.0,0.04,Mar,2,2,1,1,Returning_Visitor,False,False
0,0.0,0,0.0,1,3.54,0.2,0.14,0.0,0.6,May,1,1,1,3,Returning_Visitor,False,False
1,18.2,0,0.0,0,445.05,0.0,0.07,0.0,0.0,Aug,2,10,1,5,New_Visitor,False,False
0,134.08,1,70.86,8,225.83,0.0,0.02,0.12,0.0,Mar,2,2,1,3,Returning_Visitor,True,False
4,79.6,0,139.39,34,1011.02,0.02,0.04,5.13,0.03,Oct,2,2,7,1,Returning_Visitor,False,True
0,0.0,0,0.0,12,183.62,0.02,0.03,0.0,0.0,Nov,3,2,1,2,Returning_Visitor,False,False
1,27.5,3,17.0,1,10.0,0.01,0.03,0.0,0.0,Nov,1,1,1,8,New_Visitor,False,True
4,82.0,0,0.0,17,269.0,0.03,0.04,0.0,0.0,Nov,3,2,1,13,Returning_Visitor,False,False
0,0.0,0,0.0,5,325.17,0.0,0.04,0.0,0.0,Nov,1,1,3,3,Returning_Visitor,False,False
0,2.27,0,0.0,5,236.31,0.0,0.02,0.0,0.0,May,3,2,4,2,Returning_Visitor,True,False
1,0.0,0,7.44,133,6793.38,0.01,0.02,2.38,0.03,Nov,2,2,1,1,Returning_Visitor,False,True
0,0.0,0,0.0,6,221.49,0.0,0.04,0.02,0.0,June,1,1,3,1,Returning_Visitor,True,False
3,110.0,0,10.05,230,9648.18,0.0,0.02,3.36,0.03,Nov,2,2,1,2,Returning_Visitor,False,False
0,0.0,0,0.0,11,551.33,0.0,0.01,0.0,0.0,Nov,3,2,8,10,Returning_Visitor,False,False
1,28.0,0,21.49,378,12003.32,0.0,0.02,0.0,0.03,Nov,2,2,1,3,Returning_Visitor,False,False
7,81.57,0,0.0,5,50.0,0.0,0.05,0.0,0.03,May,1,1,3,2,Returning_Visitor,False,False
0,1.69,0,1.92,34,3731.08,0.01,0.04,0.0,1.0,May,3,2,3,6,Returning_Visitor,True,False
0,10.07,0,0.0,12,272.26,0.03,0.06,0.0,0.0,Nov,6,2,1,8,Returning_Visitor,False,False
0,8.1,0,0.0,66,6100.53,0.01,0.05,0.0,0.85,May,2,2,2,6,Returning_Visitor,False,False
0,0.0,0,0.0,2,54.5,0.13,0.13,0.15,0.12,May,3,2,1,6,Returning_Visitor,False,False
1,43.0,1,0.0,3,65.0,0.0,0.04,0.02,0.6,May,2,2,1,4,Returning_Visitor,False,False
0,0.0,0,0.0,7,340.5,0.0,0.03,0.22,0.0,Nov,2,4,1,2,New_Visitor,True,False
1,54.5,2,132.5,15,516.5,0.02,0.04,38.54,0.0,Dec,2,2,3,1,Returning_Visitor,False,False
0,0.0,0,0.0,38,883.55,0.03,0.04,0.0,0.0,Nov,2,2,1,3,Returning_Visitor,False,False
0,0.0,0,0.0,3,23.11,0.13,0.2,0.0,0.0,Mar,1,1,3,1,Returning_Visitor,False,False
0,5.57,0,0.0,1,0.0,0.2,0.2,0.01,0.0,Mar,3,2,3,1,Returning_Visitor,False,False
0,0.0,2,3.0,22,1479.79,0.02,0.05,0.04,0.04,Nov,2,2,2,11,Returning_Visitor,False,False
5,55.5,0,6.68,4,24.5,0.01,0.04,0.0,1.0,May,3,2,2,3,Returning_Visitor,True,False
0,0.0,0,0.0,8,214.57,0.0,0.02,0.0,0.0,May,1,1,1,3,Returning_Visitor,True,False
0,6.85,0,0.0,1,0.0,0.2,0.2,0.0,0.0,Jul,1,1,3,4,Returning_Visitor,True,False
1,104.5,4,261.83,31,214.69,0.03,0.04,0.0,0.0,May,3,2,3,2,Returning_Visitor,True,False
2,63.0,0,2.77,4,58.92,0.02,0.02,0.0,0.03,May,1,2,3,2,New_Visitor,False,False
0,0.0,0,0.0,2,0.0,0.14,0.14,0.01,0.0,Dec,1,1,4,1,Returning_Visitor,True,False
9,80.56,0,4.9,96,1395.99,0.0,0.02,0.0,0.0,Nov,4,2,3,10,Returning_Visitor,True,False
2,172.0,0,0.0,61,3374.92,0.0,0.02,0.0,0.03,May,2,2,2,1,Returning_Visitor,False,False
0,0.0,0,0.0,2,64.57,0.0,0.1,0.0,0.0,Dec,1,1,1,3,Returning_Visitor,False,False
0,0.0,0,0.0,79,4218.92,0.01,0.04,0.0,0.0,Dec,2,4,7,1,Returning_Visitor,False,False
3,35.0,0,0.98,35,352.0,0.0,0.01,0.0,0.03,Mar,2,2,6,1,Returning_Visitor,False,False
3,103.6,0,0.0,39,1003.38,0.07,0.13,0.0,0.0,Aug,1,1,1,3,Returning_Visitor,False,False
8,503.36,0,0.0,33,1552.69,0.0,0.02,0.0,0.0,Oct,1,1,9,2,Returning_Visitor,False,False
4,83.08,0,0.0,6,61.64,0.0,0.04,0.0,0.03,May,1,1,3,2,New_Visitor,False,False
0,0.0,0,0.63,33,102.5,0.0,0.04,0.0,0.0,Dec,2,2,1,1,Returning_Visitor,False,False
4,82.38,0,0.0,3,21.0,0.0,0.04,0.0,0.03,Nov,1,1,2,2,New_Visitor,False,False
0,0.0,0,8.58,131,4597.58,0.01,0.04,0.0,0.03,Dec,3,2,1,2,Returning_Visitor,True,False
0,0.0,0,0.0,5,261.16,0.0,0.04,0.0,0.0,Sep,2,2,7,3,Returning_Visitor,True,False
5,588.3,4,10.43,13,1554.68,0.01,0.03,0.14,0.03,Nov,2,12,7,2,Returning_Visitor,False,False
0,1.55,0,0.0,34,623.97,0.02,0.04,0.0,0.6,May,3,2,1,6,Returning_Visitor,False,False
5,80.81,0,0.0,35,930.37,0.02,0.04,0.0,0.0,Aug,2,2,3,4,Returning_Visitor,False,False
0,0.0,0,0.0,6,74.0,0.1,0.15,0.0,0.03,Mar,3,2,1,3,Returning_Visitor,False,False
8,77.5,0,15.07,35,2518.27,0.01,0.01,0.07,0.03,Jul,2,2,2,2,New_Visitor,True,False
0,0.0,0,0.0,3,76.5,0.01,0.05,0.28,0.0,May,1,1,4,1,Returning_Visitor,False,False
2,76.0,0,0.0,40,1209.8,0.0,0.02,0.0,0.0,Mar,1,1,2,2,Returning_Visitor,False,False
1,81.83,0,0.0,19,1007.9,0.0,0.01,0.01,0.0,May,1,1,3,4,Returning_Visitor,False,False
3,5.0,0,4.4,16,1496.23,0.04,0.08,0.0,0.0,Nov,3,2,1,4,Returning_Visitor,True,False
0,0.0,0,0.0,34,1490.28,0.01,0.04,0.0,0.0,Nov,2,2,8,1,Returning_Visitor,False,False
0,0.0,0,0.0,2,64.86,0.01,0.1,0.0,0.0,May,1,1,1,3,Returning_Visitor,False,False
1,46.88,0,6.15,131,5358.38,0.0,0.01,10.22,0.03,Nov,2,2,1,2,Returning_Visitor,False,True
0,0.0,0,0.0,10,0.0,0.14,0.14,0.0,0.0,Nov,3,2,1,13,Returning_Visitor,True,False
0,0.0,1,74.54,65,3174.09,0.03,0.04,0.0,0.03,Dec,3,2,2,13,Returning_Visitor,True,False
0,0.0,0,0.0,3,12.0,0.0,0.07,0.0,0.0,Mar,2,2,1,3,Returning_Visitor,False,False
0,0.0,0,0.0,2,24.5,0.0,0.1,0.67,0.0,Dec,3,2,6,11,Other,False,False
6,83.61,1,19.0,11,355.89,0.0,0.0,0.0,0.04,May,2,2,1,2,New_Visitor,True,False
0,0.0,0,0.0,56,2749.15,0.0,0.02,0.0,0.0,Nov,2,2,1,8,Returning_Visitor,False,True
2,107.28,0,0.0,7,177.9,0.05,0.06,0.0,0.0,Aug,3,2,1,1,Returning_Visitor,False,False
2,89.33,0,4.83,22,1492.41,0.0,0.02,0.0,0.0,Sep,2,2,2,2,Returning_Visitor,True,False
3,90.71,0,10.22,2,12.0,0.0,0.04,0.18,0.0,Sep,2,5,4,2,New_Visitor,False,False
10,1011.36,2,236.03,34,1405.13,0.0,0.01,37.42,0.03,Mar,3,2,3,8,Returning_Visitor,True,False
1,49.4,0,0.0,18,213.17,0.0,0.0,0.0,0.0,Oct,2,2,1,2,New_Visitor,False,False
0,0.0,0,0.0,9,1485.94,0.0,0.02,39.17,0.0,May,1,1,1,4,New_Visitor,False,True
0,0.0,1,0.0,35,653.4,0.02,0.07,0.07,0.0,Jul,2,2,8,1,Returning_Visitor,True,False
1,8.0,2,61.5,31,1499.53,0.0,0.02,0.01,0.0,Nov,4,2,1,2,New_Visitor,False,False
6,615.25,0,0.0,68,2524.72,0.0,0.02,0.02,0.03,Mar,1,2,6,1,Returning_Visitor,False,False
0,3.24,0,0.0,2,44.7,0.2,0.2,0.0,0.0,Nov,2,2,3,13,Returning_Visitor,False,False
3,149.5,0,0.0,32,1562.33,0.04,0.06,7.64,0.2,May,2,2,3,2,Returning_Visitor,False,False
6,122.25,1,70.38,43,2719.65,0.01,0.01,0.0,0.0,Dec,1,2,1,2,Returning_Visitor,False,False
3,32.6,0,16.71,70,939.78,0.0,0.01,0.0,0.0,Aug,2,4,1,5,New_Visitor,True,True
0,1.68,0,3.15,3,257.11,0.0,0.04,0.0,0.03,Mar,1,1,9,2,Returning_Visitor,False,False
0,2.18,0,0.0,2,44.0,0.0,0.1,0.05,0.0,May,1,1,8,1,Returning_Visitor,False,False
3,125.14,0,0.0,0,171.9,0.0,0.05,0.0,0.0,Mar,3,2,6,10,Returning_Visitor,True,False
0,0.0,0,0.0,37,1530.01,0.0,0.01,0.0,0.03,Oct,2,2,2,2,Returning_Visitor,True,False
1,139.2,0,0.0,49,3346.97,0.0,0.01,12.57,0.0,Nov,2,6,1,2,Returning_Visitor,False,False
3,28.53,0,0.0,35,2006.69,0.0,0.02,5.58,0.0,Aug,2,2,3,2,Returning_Visitor,False,False
0,0.0,0,0.0,5,4385.79,0.0,0.02,0.12,0.0,Dec,1,1,4,2,Returning_Visitor,True,False
0,18.9,0,0.0,43,3283.72,0.01,0.02,24.9,0.04,May,1,2,1,4,Returning_Visitor,False,False
1,117.2,0,0.0,6,286.14,0.0,0.04,0.01,0.03,Mar,1,1,3,1,Returning_Visitor,True,False
3,77.83,0,0.0,26,812.1,0.02,0.04,0.0,0.03,Nov,1,1,3,2,Returning_Visitor,False,False
6,143.5,0,303.0,67,2199.98,0.01,0.01,0.0,0.0,Nov,1,1,1,2,Returning_Visitor,True,False
2,87.45,0,0.0,7,1488.4,0.02,0.06,0.0,0.0,Aug,2,2,1,1,Returning_Visitor,False,False
0,0.0,0,0.92,34,1491.42,0.03,0.04,0.0,0.0,Mar,3,2,8,1,Returning_Visitor,False,False
1,106.87,0,0.6,7,110.75,0.0,0.03,0.0,0.0,May,3,2,1,4,Returning_Visitor,True,False
0,0.0,0,2.58,14,891.5,0.0,0.01,0.0,0.0,Dec,1,1,1,2,Returning_Visitor,False,False
3,216.23,0,15.15,310,8468.34,0.0,0.01,0.88,0.03,Sep,2,2,3,2,Returning_Visitor,False,False
0,1.25,0,0.0,33,1364.3,0.03,0.06,0.0,0.0,May,2,2,6,13,Returning_Visitor,False,False
8,124.12,0,0.0,35,1525.71,0.01,0.01,0.0,0.0,Mar,2,2,3,2,Returning_Visitor,False,False
2,81.17,0,0.0,17,1205.57,0.01,0.04,19.24,0.8,May,3,2,2,2,Returning_Visitor,False,True
0,0.0,0,0.0,2,912.86,0.0,0.1,0.45,0.0,Aug,3,2,6,20,Returning_Visitor,False,False
2,22.42,2,69.6,20,479.1,0.0,0.01,0.0,0.03,Sep,3,2,2,1,New_Visitor,False,False
0,0.0,0,0.0,2,34.5,0.0,0.1,0.06,0.0,Nov,3,2,3,3,Returning_Visitor,True,False
0,0.0,0,0.0,32,1035.82,0.04,0.04,0.0,0.03,May,2,7,6,2,Returning_Visitor,False,False
3,80.57,0,0.0,31,663.28,0.01,0.01,0.0,0.03,Oct,1,1,1,3,Returning_Visitor,False,False
3,80.3,1,72.37,10,1505.08,0.02,0.04,0.01,0.03,Aug,2,10,2,2,Returning_Visitor,True,False
1,99.29,0,0.0,59,4200.6,0.02,0.02,3.08,0.8,May,3,2,1,4,Returning_Visitor,False,False
0,0.0,0,0.0,26,694.3,0.02,0.04,0.01,0.03,Mar,3,2,2,3,Returning_Visitor,True,False
1,105.0,0,0.0,16,305.43,0.0,0.02,0.0,0.2,May,1,8,3,11,Returning_Visitor,False,False
8,342.75,0,0.0,12,1510.31,0.01,0.01,0.06,0.0,Nov,2,2,7,2,Returning_Visitor,False,False
1,11.5,4,94.0,98,6212.78,0.02,0.03,0.0,0.0,Nov,3,2,4,10,Returning_Visitor,True,False
1,26.2,0,1.09,32,1427.68,0.0,0.02,19.97,0.0,Sep,2,2,3,4,Returning_Visitor,False,True
0,0.0,0,0.0,3,781.72,0.12,0.12,0.0,0.0,May,1,1,7,3,Returning_Visitor,True,False
0,0.0,0,0.34,16,200.0,0.02,0.07,0.06,0.8,May,2,2,1,1,Returning_Visitor,False,False
0,0.0,0,3.48,20,1520.99,0.04,0.07,0.03,0.0,June,1,2,4,3,Returning_Visitor,False,False
0,17.8,0,0.0,5,42.0,0.04,0.08,0.0,0.03,May,2,2,2,13,Returning_Visitor,False,False
0,0.0,0,3.68,179,5996.02,0.01,0.04,0.0,0.03,May,2,2,8,1,Returning_Visitor,True,False
0,0.0,0,0.0,1,14.33,0.14,0.2,0.0,0.0,May,3,2,1,1,Returning_Visitor,False,False
0,0.0,0,2.2,8,16.34,0.13,0.17,0.0,0.0,Nov,1,1,1,10,Returning_Visitor,True,False
2,292.2,0,2.21,19,1387.53,0.0,0.02,18.85,0.03,Dec,2,2,1,2,Returning_Visitor,False,True
0,58.06,0,0.0,2,0.0,0.13,0.2,0.0,0.6,May,2,2,6,3,Returning_Visitor,False,False
0,0.0,0,1.29,13,334.84,0.0,0.07,0.0,0.0,Mar,1,1,1,1,Returning_Visitor,False,False
3,25.2,0,0.0,34,1480.7,0.01,0.01,0.02,0.0,May,3,2,4,13,Returning_Visitor,False,False
1,10.5,0,6.02,195,10044.76,0.01,0.02,0.0,0.03,Dec,2,2,1,2,Returning_Visitor,False,False
0,0.0,0,1.28,30,294.91,0.02,0.03,0.0,0.03,Mar,1,8,3,1,Returning_Visitor,True,False
0,0.0,1,0.0,35,1742.88,0.01,0.04,0.0,0.0,May,2,2,1,4,Returning_Visitor,False,False
4,55.06,0,1.14,10,625.71,0.0,0.02,0.0,0.4,May,3,2,1,1,Returning_Visitor,False,False
15,370.27,2,66.12,52,2964.59,0.0,0.01,3.36,0.03,Dec,1,1,3,1,Returning_Visitor,False,True
3,221.5,1,172.0,28,1546.17,0.0,0.01,0.0,0.03,Mar,2,2,3,2,Returning_Visitor,False,False
11,227.23,0,2.23,44,2038.05,0.0,0.02,0.0,0.0,Dec,2,2,1,8,Returning_Visitor,True,False
0,1.47,0,2.56,11,214.25,0.09,0.1,0.29,0.8,May,3,2,3,13,Returning_Visitor,False,False
2,36.0,0,0.0,15,168.85,0.0,0.02,0.0,0.4,Feb,1,1,1,3,Returning_Visitor,False,False
0,4.65,0,0.0,2,0.0,0.2,0.13,0.04,0.03,Nov,1,1,1,8,New_Visitor,False,False
3,15.0,0,0.0,12,331.75,0.02,0.05,0.0,0.0,Mar,2,2,1,8,Returning_Visitor,False,False
0,0.0,0,0.0,6,1306.0,0.06,0.12,0.0,0.0,Mar,2,2,5,1,Returning_Visitor,False,False
0,0.0,0,0.0,5,262.38,0.0,0.03,0.0,0.0,May,1,1,1,6,Returning_Visitor,False,False
0,0.0,0,0.0,33,182.0,0.0,0.04,0.0,0.0,Dec,2,4,4,3,Returning_Visitor,False,False
2,90.0,0,0.0,19,1419.2,0.02,0.03,39.18,0.0,Nov,3,2,3,8,Returning_Visitor,False,True
4,81.46,0,5.3,83,1495.58,0.0,0.0,82.12,0.03,May,4,1,7,2,New_Visitor,True,True
10,489.48,0,4.82,30,1151.2,0.0,0.01,0.0,0.0,May,2,2,2,13,Returning_Visitor,False,False
0,6.02,0,0.0,7,269.55,0.03,0.09,0.0,0.03,Mar,4,1,4,1,Returning_Visitor,False,False
0,0.0,0,0.0,35,89.87,0.04,0.04,0.0,0.0,Jul,3,2,5,4,Returning_Visitor,True,False
2,88.6,0,10.47,59,1502.84,0.01,0.01,0.0,0.0,Aug,3,2,1,4,Returning_Visitor,True,False
3,87.82,0,0.0,20,758.75,0.0,0.02,38.62,0.0,Nov,2,2,2,3,Returning_Visitor,False,True
3,79.0,1,12.0,54,1603.33,0.01,0.03,0.0,0.06,May,2,2,6,4,Returning_Visitor,False,False
0,7.06,0,0.0,8,228.5,0.03,0.03,0.0,0.4,May,3,2,6,1,Returning_Visitor,False,False
0,0.0,0,0.0,11,1051.38,0.02,0.03,0.0,0.03,Nov,1,1,1,10,Returning_Visitor,False,False
0,4.21,0,0.0,3,1462.73,0.07,0.13,0.0,0.0,Dec,2,4,7,3,Returning_Visitor,False,False
6,215.25,0,0.0,29,672.12,0.0,0.01,39.16,0.05,May,2,2,1,2,New_Visitor,True,True
1,17.0,0,3.46,17,1340.58,0.05,0.13,0.0,0.0,Nov,3,2,1,2,Returning_Visitor,False,True
1,3.0,2,373.0,6,1418.39,0.0,0.02,0.0,0.0,Mar,2,4,1,8,New_Visitor,False,False
3,15.0,0,2.15,139,6740.56,0.01,0.04,24.8,0.0,Nov,2,2,1,1,Returning_Visitor,False,True
0,1.67,0,7.66,6,157.5,0.0,0.02,0.0,0.0,Nov,2,2,7,13,Returning_Visitor,False,False
2,20.0,0,1.28,21,2008.83,0.0,0.02,0.0,0.6,May,4,1,1,2,Returning_Visitor,False,False
11,289.9,0,306.1,41,5194.86,0.0,0.01,5.05,0.03,Oct,2,4,1,3,Returning_Visitor,True,False
1,6.08,2,102.0,49,2835.42,0.01,0.04,0.0,0.0,Dec,2,2,1,1,Returning_Visitor,False,False
0,0.0,0,0.0,1,14.44,0.2,0.14,0.0,0.0,Nov,2,2,2,2,Returning_Visitor,False,False
3,86.2,0,0.0,49,3003.42,0.01,0.02,7.82,0.04,May,1,1,4,4,Returning_Visitor,False,False
2,166.92,0,11.08,233,7952.49,0.0,0.02,8.92,0.03,Nov,2,2,1,2,Returning_Visitor,False,True
0,10.72,0,0.0,1,0.0,0.14,0.14,0.01,0.0,Mar,3,2,3,1,Returning_Visitor,False,False
0,4.3,0,0.0,6,360.75,0.0,0.03,0.0,0.0,Mar,1,1,1,2,New_Visitor,True,False
1,187.77,0,11.73,98,2138.48,0.0,0.02,39.17,0.0,Jul,2,5,3,2,Returning_Visitor,True,False
0,4.56,0,20.7,19,801.58,0.01,0.04,0.01,1.0,May,1,1,1,2,Returning_Visitor,True,False
0,0.0,0,0.0,17,465.67,0.0,0.01,0.0,0.0,May,3,2,1,2,Returning_Visitor,False,False
0,29.94,0,0.0,46,1014.38,0.01,0.03,0.0,0.0,Dec,2,2,3,2,Returning_Visitor,True,False
0,0.0,0,0.0,19,1488.69,0.02,0.05,0.0,0.0,Mar,2,2,5,1,Returning_Visitor,True,False
1,79.82,0,0.0,18,1540.34,0.0,0.03,9.96,0.0,Nov,1,1,3,2,Returning_Visitor,True,False
0,49.94,0,0.0,1,0.0,0.14,0.2,0.0,0.0,Dec,3,2,6,1,Returning_Visitor,False,False
15,937.17,3,5.53,109,6682.68,0.0,0.01,5.67,0.0,Mar,1,2,3,2,Returning_Visitor,False,False
0,0.0,0,0.0,39,902.65,0.0,0.01,0.0,0.03,Nov,2,2,1,2,New_Visitor,False,False
0,0.0,1,30.39,130,3313.46,0.01,0.04,0.0,0.03,Nov,2,2,1,2,Returning_Visitor,True,False
4,504.3,0,0.0,3,348.36,0.05,0.06,0.0,0.03,Nov,3,2,3,3,Returning_Visitor,True,False
6,473.7,1,42.4,47,2101.69,0.01,0.02,0.05,0.0,Jul,2,3,8,1,Returning_Visitor,True,False
0,8.1,1,322.4,34,1747.7,0.01,0.02,0.0,0.03,Oct,2,4,5,1,Returning_Visitor,False,False
0,1.51,0,0.0,33,1483.86,0.02,0.03,0.0,0.03,Dec,1,1,1,3,Returning_Visitor,False,False
3,132.5,0,0.0,36,1567.97,0.0,0.01,0.0,0.0,Mar,3,3,2,8,Returning_Visitor,True,False
0,0.0,1,24.5,34,1031.13,0.0,0.03,0.0,0.03,Nov,2,2,3,2,Returning_Visitor,True,False
0,0.0,0,0.0,5,108.0,0.0,0.04,0.0,0.0,Dec,2,2,1,2,New_Visitor,False,False
8,96.61,0,0.0,21,1485.82,0.01,0.02,0.0,0.0,May,2,2,3,11,Returning_Visitor,True,False
2,83.07,0,0.0,34,1487.23,0.01,0.03,14.03,0.03,Nov,2,2,1,3,Returning_Visitor,False,True
0,0.0,0,8.64,7,1238.87,0.0,0.02,0.01,0.0,Dec,3,2,8,11,New_Visitor,False,False
1,0.0,0,5.58,34,2163.96,0.04,0.06,0.0,0.03,Jul,3,2,6,3,Returning_Visitor,False,False
0,0.0,0,0.0,6,213.5,0.0,0.1,0.01,0.03,Dec,2,2,4,1,Returning_Visitor,False,False
0,0.0,0,3.87,14,155.9,0.02,0.04,0.0,0.0,Jul,2,2,6,20,Returning_Visitor,False,False
2,146.6,0,4.09,198,8006.7,0.0,0.02,0.0,0.03,Jul,2,2,4,2,Returning_Visitor,False,False
0,0.0,0,1.67,1,0.0,0.2,0.14,0.0,0.0,May,2,2,3,3,Returning_Visitor,False,False
3,49.02,0,0.0,5,25.0,0.02,0.04,0.0,0.03,Nov,2,2,2,20,New_Visitor,True,False
0,0.0,0,5.62,1,0.0,0.14,0.2,0.0,0.0,Nov,1,1,4,2,Returning_Visitor,False,False
0,0.0,0,0.2,2,0.0,0.2,0.2,0.02,0.0,Nov,2,2,1,1,Returning_Visitor,False,False
0,0.0,0,4.62,13,1088.52,0.0,0.02,239.98,0.0,Mar,2,2,5,2,Returning_Visitor,False,True
0,0.0,0,46.45,8,642.0,0.0,0.03,109.12,0.0,Dec,2,2,3,2,New_Visitor,False,True
3,82.5,0,0.0,45,2139.7,0.0,0.01,38.56,0.0,Sep,2,4,2,2,New_Visitor,False,True
0,0.0,0,0.0,27,1488.2,0.0,0.03,0.0,0.04,Dec,2,2,2,1,Returning_Visitor,True,False
0,0.0,0,0.0,10,47.4,0.0,0.07,19.47,0.0,Mar,3,2,1,4,Returning_Visitor,True,True
1,118.8,0,0.0,8,259.2,0.0,0.01,0.03,0.0,Sep,2,2,4,2,New_Visitor,False,False
3,51.02,0,7.01,133,3068.92,0.0,0.01,1.79,0.03,May,2,2,3,2,Returning_Visitor,False,False
0,1.05,0,0.93,9,125.0,0.0,0.02,0.0,0.0,Mar,2,2,3,1,Returning_Visitor,False,False
1,131.5,1,70.3,62,1524.96,0.0,0.0,83.97,0.03,Nov,2,2,1,2,New_Visitor,False,True
0,9.23,0,0.0,26,938.58,0.01,0.02,0.0,0.0,Dec,2,2,6,1,Returning_Visitor,False,False
2,149.5,0,0.0,34,326.0,0.0,0.01,0.0,0.03,Dec,1,1,1,2,New_Visitor,False,True
3,498.95,1,7.91,57,1487.95,0.0,0.02,8.05,0.03,May,2,2,1,2,Returning_Visitor,False,False
0,0.0,0,4.08,7,203.15,0.0,0.04,0.0,0.0,Mar,2,2,7,2,Returning_Visitor,False,False
9,726.37,0,8.82,80,4322.78,0.0,0.02,8.07,0.03,May,2,2,2,2,Returning_Visitor,False,True
7,86.28,1,102.39,80,2170.29,0.0,0.02,21.67,0.0,Nov,2,2,1,10,Returning_Visitor,True,True
0,0.0,0,0.0,12,1490.01,0.0,0.08,0.08,0.0,May,2,4,3,4,Returning_Visitor,False,False
0,2.81,0,0.0,4,58.74,0.0,0.07,0.0,0.04,Dec,1,1,2,2,Returning_Visitor,True,False
0,548.31,0,14.58,102,5703.48,0.0,0.01,0.0,0.03,May,2,2,1,4,Returning_Visitor,False,False
3,95.0,0,0.0,17,1496.42,0.02,0.03,0.01,0.04,Aug,2,2,4,2,New_Visitor,True,False
3,81.09,1,68.98,33,504.0,0.01,0.03,0.0,0.0,May,2,2,1,4,Returning_Visitor,False,False
3,80.59,0,0.0,34,864.01,0.0,0.01,13.52,0.03,Nov,2,4,5,2,Returning_Visitor,False,False
1,26.5,0,0.0,6,217.47,0.05,0.1,0.0,0.0,Nov,3,2,1,2,Returning_Visitor,False,True
0,0.0,2,45.07,14,306.33,0.01,0.08,0.06,0.8,May,2,2,7,13,Returning_Visitor,False,False
10,279.25,2,1652.0,43,1473.72,0.0,0.02,18.08,0.0,Dec,3,2,5,2,Returning_Visitor,False,True
7,91.0,0,0.0,23,297.12,0.0,0.01,0.0,0.0,Nov,2,2,6,2,New_Visitor,False,False
2,83.61,0,0.0,2,538.47,0.0,0.0,39.1,0.0,Sep,2,2,6,6,New_Visitor,True,True
0,0.0,0,0.0,2,162.0,0.0,0.05,0.01,0.0,May,2,2,1,4,Returning_Visitor,False,False
0,0.0,0,0.0,34,1002.1,0.0,0.01,0.01,0.03,Nov,3,2,4,2,Returning_Visitor,False,False
0,0.0,0,6.0,11,1856.73,0.0,0.01,0.09,0.0,Dec,2,2,7,2,New_Visitor,True,False
0,0.0,0,0.0,22,473.5,0.0,0.02,0.05,0.6,Dec,3,7,3,3,Returning_Visitor,False,False
0,0.0,0,0.0,15,269.4,0.01,0.06,0.01,0.0,Aug,2,2,1,1,Returning_Visitor,False,False
0,0.0,0,0.0,20,1486.77,0.02,0.04,0.0,0.0,Aug,3,2,2,13,Returning_Visitor,True,False
0,0.0,0,74.73,34,1489.76,0.0,0.04,0.0,0.0,Nov,2,2,3,2,Returning_Visitor,False,True
0,0.64,0,0.0,26,494.0,0.0,0.04,0.0,0.0,Mar,4,1,1,3,Returning_Visitor,False,False
8,192.43,0,53.4,45,1982.65,0.0,0.03,0.07,0.0,Sep,4,1,1,3,New_Visitor,False,False
0,0.0,0,6.04,103,1934.99,0.03,0.04,0.0,0.04,May,3,2,1,1,Returning_Visitor,False,False
1,18.2,1,9.0,30,3959.45,0.02,0.06,0.01,0.0,Dec,2,2,6,3,Returning_Visitor,False,False
0,0.0,0,0.3,1,6.61,0.2,0.2,0.0,0.0,Dec,3,2,3,1,Returning_Visitor,False,False
0,0.0,0,0.0,38,1445.05,0.03,0.02,47.99,0.0,Nov,4,2,1,2,Returning_Visitor,False,True
1,107.67,0,11.19,141,14988.59,0.01,0.04,0.0,0.03,Dec,2,2,1,2,Returning_Visitor,False,False
3,271.3,0,627.75,40,1358.87,0.02,0.02,10.07,0.0,Dec,1,2,2,2,Returning_Visitor,False,False
3,4.34,3,261.0,10,281.0,0.0,0.04,0.13,0.0,Mar,2,2,1,2,Returning_Visitor,False,False
11,286.93,0,9.75,127,7609.82,0.0,0.02,0.0,0.03,Dec,2,2,3,2,Returning_Visitor,False,False
0,0.0,0,5.52,8,173.72,0.0,0.03,0.0,0.0,Dec,2,2,1,2,New_Visitor,False,False
0,0.0,0,0.0,31,1345.07,0.0,0.03,0.0,0.05,May,2,2,2,4,Returning_Visitor,False,False
1,46.4,0,0.0,2,689.1,0.0,0.02,0.0,0.0,Aug,1,1,1,5,New_Visitor,False,True
4,122.5,0,2.51,66,1706.71,0.0,0.01,0.0,0.04,May,2,2,1,4,Returning_Visitor,False,False
1,11.83,2,106.0,22,1654.72,0.02,0.03,31.18,0.0,May,4,2,1,1,Returning_Visitor,False,False
0,3.32,0,0.0,1,3.05,0.14,0.14,0.0,0.0,Dec,2,2,1,1,Returning_Visitor,False,False
0,1.04,0,0.0,2,0.0,0.2,0.14,0.01,0.08,June,1,1,1,3,Returning_Visitor,False,False
3,87.69,4,47.67,34,944.3,0.0,0.01,2.2,0.04,May,2,2,3,6,Returning_Visitor,False,False
0,0.0,0,0.0,2,20.19,0.12,0.14,0.0,0.0,Mar,2,2,2,1,Returning_Visitor,False,False
0,0.0,0,0.43,75,1289.25,0.01,0.02,11.83,0.05,May,2,2,1,4,Returning_Visitor,False,True
0,0.0,0,0.0,7,205.5,0.03,0.04,0.01,0.0,Nov,2,2,3,13,Returning_Visitor,True,False
0,0.0,0,0.0,34,284.62,0.05,0.06,0.0,0.0,Nov,2,2,4,1,Returning_Visitor,False,False
1,89.0,0,14.26,11,417.75,0.0,0.03,0.0,0.03,June,2,2,1,2,New_Visitor,False,False
0,1.09,0,0.0,11,234.1,0.0,0.02,0.0,0.03,Dec,3,2,1,2,Returning_Visitor,False,False
3,28.5,0,11.82,34,1608.21,0.0,0.01,0.0,0.03,Oct,1,1,3,2,Returning_Visitor,False,False
7,253.1,0,0.0,34,1591.89,0.0,0.01,48.66,0.03,Dec,2,2,3,2,Returning_Visitor,True,True
0,0.0,0,0.0,3,62.0,0.0,0.07,0.0,0.03,Mar,2,2,1,1,Returning_Visitor,False,False
0,0.0,0,0.0,2,0.0,0.2,0.2,0.0,0.0,Mar,1,1,3,1,Returning_Visitor,True,False
4,0.0,0,0.0,9,242.75,0.0,0.07,0.0,0.06,Nov,2,5,7,2,Returning_Visitor,False,False
1,10.0,0,0.0,23,660.82,0.0,0.03,0.0,0.03,Mar,2,4,1,3,Returning_Visitor,True,False
10,85.31,1,294.0,80,1979.3,0.0,0.02,19.73,0.04,Nov,2,1,2,2,Returning_Visitor,True,True
0,0.0,0,0.5,9,685.0,0.0,0.02,0.0,0.0,Mar,2,2,7,1,Returning_Visitor,False,False
1,30.45,0,0.0,3,58.6,0.01,0.04,113.32,0.0,Mar,2,2,7,2,Returning_Visitor,False,True
0,0.0,0,0.0,24,1489.43,0.01,0.02,0.0,0.05,May,2,2,2,1,Returning_Visitor,False,False
0,0.0,0,0.0,39,1208.33,0.0,0.01,0.0,0.0,Nov,3,1,4,1,Returning_Visitor,True,False
2,77.33,2,7.0,24,1481.15,0.0,0.01,0.0,0.0,Dec,2,2,9,1,Returning_Visitor,False,False
1,88.7,0,0.0,34,620.13,0.05,0.08,0.0,0.03,June,3,2,6,13,Returning_Visitor,False,False
0,0.0,0,0.92,5,57.76,0.0,0.04,0.01,0.2,May,1,1,1,1,Returning_Visitor,False,False
0,0.0,0,0.0,7,55.0,0.06,0.11,0.01,0.0,Mar,2,2,1,1,Returning_Visitor,False,False
0,0.79,0,0.0,1,0.0,0.14,0.2,0.01,0.0,May,1,1,3,3,Returning_Visitor,False,False
4,86.96,0,0.0,17,118.0,0.02,0.07,0.03,0.0,June,2,2,2,3,Returning_Visitor,True,False
3,7.77,0,0.96,12,1297.25,0.02,0.02,0.0,0.03,May,1,8,3,1,Returning_Visitor,True,False
9,269.8,0,7.53,112,2478.62,0.0,0.0,60.43,0.04,May,2,2,4,2,Returning_Visitor,False,True
3,85.6,0,0.0,58,1480.59,0.0,0.01,0.0,0.0,Mar,2,2,1,1,Returning_Visitor,False,False
0,250.08,0,14.31,119,4643.28,0.0,0.01,10.12,0.0,Nov,2,2,1,2,Returning_Visitor,False,True
3,34.83,0,0.0,35,1511.66,0.03,0.05,0.01,0.0,Mar,1,1,2,1,Returning_Visitor,True,False
1,61.25,0,0.0,4,117.5,0.0,0.05,0.02,0.6,May,2,2,3,4,Returning_Visitor,False,False
0,2.85,0,0.0,2,67.34,0.0,0.1,0.15,0.0,May,2,2,5,1,Returning_Visitor,False,False
1,58.5,0,0.0,34,1033.0,0.01,0.04,0.02,0.03,Dec,2,2,3,2,Returning_Visitor,False,False
0,0.0,0,0.0,21,371.0,0.0,0.01,0.0,0.03,Nov,2,2,1,13,Returning_Visitor,False,False
1,430.83,1,262.0,49,1484.22,0.02,0.03,0.15,0.6,May,3,2,4,4,Returning_Visitor,True,True
1,2.45,0,0.86,12,1490.33,0.02,0.04,0.0,0.4,May,2,2,5,1,Returning_Visitor,False,False
3,67.0,0,0.0,5,141.2,0.0,0.01,0.0,0.0,Oct,3,2,7,1,New_Visitor,False,False
3,14.0,0,0.0,50,1317.8,0.01,0.02,0.02,0.0,Nov,3,2,4,1,Returning_Visitor,True,False
0,0.0,0,0.0,24,125.27,0.04,0.13,0.04,0.0,Oct,2,2,1,4,Returning_Visitor,True,False
0,13.25,0,0.0,7,191.0,0.0,0.03,0.0,0.0,May,2,4,4,2,Returning_Visitor,False,False
1,3.0,0,5.22,34,1492.06,0.01,0.01,0.0,0.0,Nov,3,2,4,3,Returning_Visitor,False,False
10,150.0,0,0.0,24,271.1,0.0,0.02,0.0,0.0,May,1,1,3,2,Returning_Visitor,False,False
0,0.0,0,0.0,20,1116.47,0.02,0.03,0.0,0.0,Oct,3,2,6,1,Returning_Visitor,False,False
0,0.0,0,0.0,1,3.59,0.14,0.2,0.01,0.0,Dec,1,1,4,1,Returning_Visitor,True,False
3,65.95,0,25.85,50,1241.75,0.0,0.01,47.84,0.03,Nov,2,10,1,2,New_Visitor,False,True
1,275.91,6,606.75,47,1813.86,0.01,0.02,9.42,0.0,May,3,2,4,6,Returning_Visitor,True,False
3,83.8,0,0.0,20,798.3,0.0,0.01,0.0,0.0,Nov,1,1,1,3,Returning_Visitor,False,False
0,107.03,0,1.0,19,421.0,0.0,0.01,0.0,0.03,Dec,2,2,2,3,Returning_Visitor,False,False
0,35.17,0,0.0,2,9.65,0.2,0.2,0.0,0.0,Dec,3,2,1,1,Returning_Visitor,True,False
0,0.0,0,0.0,12,1410.03,0.0,0.02,39.13,0.0,Mar,2,2,1,10,Returning_Visitor,False,True
10,1005.67,0,14.23,36,2111.34,0.0,0.01,38.99,0.03,Feb,2,6,1,2,Returning_Visitor,False,True
0,0.0,0,0.0,9,639.0,0.0,0.03,39.09,0.03,Mar,1,1,1,2,Returning_Visitor,True,True
0,0.0,0,0.0,8,29.17,0.0,0.14,0.01,0.0,Dec,2,2,3,2,Returning_Visitor,False,False
0,0.0,0,0.76,8,485.67,0.03,0.06,0.0,0.0,Dec,2,4,7,1,Returning_Visitor,False,False
2,42.75,0,2.59,34,2526.48,0.03,0.06,40.18,0.0,Mar,2,4,1,1,Returning_Visitor,False,False
3,81.6,0,0.0,16,308.7,0.01,0.02,0.0,0.0,Sep,2,4,2,5,Returning_Visitor,False,False
3,36.25,1,10.0,35,2109.92,0.02,0.03,23.87,0.0,Dec,3,2,3,1,Returning_Visitor,False,False
0,0.0,0,0.0,35,584.31,0.0,0.01,0.01,0.0,Dec,3,2,3,1,Returning_Visitor,False,False
0,0.0,0,0.0,6,110.0,0.0,0.05,0.0,0.0,May,2,4,3,1,Returning_Visitor,False,False
0,1.82,0,0.0,5,11.01,0.13,0.14,0.0,0.0,Mar,2,2,1,1,Returning_Visitor,False,False
0,0.0,0,0.0,5,135.75,0.04,0.04,0.0,0.0,Dec,2,2,3,2,Returning_Visitor,False,False
0,0.0,0,0.0,2,227.15,0.0,0.05,0.0,0.0,May,3,2,1,13,Returning_Visitor,False,False
3,90.07,0,37.98,35,1438.7,0.0,0.01,0.0,0.0,Feb,2,4,2,3,Returning_Visitor,False,False
0,0.0,0,0.52,22,815.83,0.0,0.01,0.0,0.0,May,2,4,1,1,Returning_Visitor,False,False
2,3.79,0,0.0,27,1166.68,0.01,0.03,0.0,0.0,Nov,3,2,7,3,Returning_Visitor,False,False
0,151.15,0,0.0,1,6.42,0.14,0.13,0.0,0.0,Dec,1,1,3,3,New_Visitor,True,False
0,46.92,0,0.0,19,389.17,0.0,0.02,0.0,0.0,Nov,3,2,3,2,Returning_Visitor,True,True
4,35.5,0,0.0,2,9.5,0.0,0.02,0.0,0.03,Mar,2,2,9,2,New_Visitor,False,False
3,316.0,0,7.31,69,1618.53,0.01,0.03,0.0,0.03,Nov,2,2,1,1,Returning_Visitor,False,False
10,247.33,0,13.05,90,7221.0,0.0,0.0,13.46,0.03,Mar,2,2,3,8,Returning_Visitor,False,True
0,0.0,0,0.0,7,57.48,0.01,0.04,0.0,0.03,Mar,2,2,1,2,Returning_Visitor,False,False
0,0.0,0,0.0,3,74.5,0.07,0.1,0.01,0.0,Dec,2,2,2,3,New_Visitor,False,False
2,4.8,5,125.0,1,34.0,0.0,0.01,0.0,0.0,May,3,2,1,4,Returning_Visitor,False,False
3,82.7,0,0.0,46,937.5,0.05,0.05,0.0,0.03,Aug,3,2,3,3,Returning_Visitor,False,False
3,30.5,0,0.0,23,1501.13,0.01,0.02,0.0,0.03,May,2,2,1,4,Returning_Visitor,False,False
0,0.0,0,0.0,13,454.5,0.0,0.02,0.0,0.05,May,3,2,1,13,Returning_Visitor,False,False
0,6.62,0,8.05,3,57.75,0.0,0.03,0.0,0.0,Nov,1,1,6,2,Returning_Visitor,False,False
3,52.0,0,0.0,60,3451.75,0.01,0.01,0.0,0.0,Mar,3,2,3,1,Returning_Visitor,True,False
2,175.2,0,0.0,36,1635.47,0.0,0.01,0.0,0.03,Nov,2,5,2,3,Returning_Visitor,False,False
0,0.0,0,0.0,1,80.16,0.2,0.2,0.03,0.0,June,3,2,3,13,Returning_Visitor,False,False
0,0.0,0,0.0,6,184.0,0.07,0.12,0.0,0.0,Nov,2,2,4,3,Returning_Visitor,False,False
3,1145.25,3,91.3,34,2756.19,0.0,0.02,0.0,0.0,Nov,3,1,1,2,Returning_Visitor,True,False
16,254.25,0,6.14,54,6606.73,0.01,0.02,4.08,0.04,Oct,4,1,4,1,Returning_Visitor,False,True
0,2.33,0,0.0,1,2.69,0.2,0.2,0.0,0.0,Dec,1,1,1,1,Returning_Visitor,True,False
0,0.67,0,0.0,34,929.58,0.02,0.03,0.0,0.05,Dec,3,2,9,13,Returning_Visitor,False,False
1,0.0,0,0.0,8,249.93,0.0,0.03,0.05,0.0,Mar,1,1,1,9,Returning_Visitor,True,False
3,53.0,0,0.93,63,2461.25,0.0,0.01,0.0,0.0,May,2,2,8,3,New_Visitor,False,False
8,88.48,1,63.54,38,3095.98,0.01,0.02,12.13,0.03,May,4,1,6,4,Returning_Visitor,False,False
6,561.0,0,0.0,29,1816.43,0.01,0.02,0.0,0.0,May,3,2,5,2,Returning_Visitor,False,False
0,0.0,0,0.0,34,1413.99,0.0,0.02,0.0,0.0,Nov,2,2,6,11,Returning_Visitor,False,False
0,7.04,0,0.29,7,226.26,0.0,0.02,0.0,0.0,Mar,2,2,1,1,Returning_Visitor,False,False
1,0.0,0,0.0,3,1482.85,0.13,0.1,0.0,0.0,Mar,3,2,2,1,Returning_Visitor,False,False
8,250.9,0,0.0,16,315.25,0.0,0.01,2.11,0.0,May,3,2,1,5,New_Visitor,False,False
1,37.0,0,3.73,12,663.5,0.01,0.02,38.72,0.0,Mar,3,2,6,8,New_Visitor,False,True
0,0.0,0,0.0,4,34.0,0.1,0.12,0.04,0.0,Mar,3,2,3,3,Returning_Visitor,False,False
2,93.42,0,0.0,34,0.0,0.0,0.1,0.0,0.0,Dec,2,2,1,8,New_Visitor,False,False
16,770.6,0,0.0,52,1482.64,0.01,0.02,0.0,0.0,May,1,2,1,2,Returning_Visitor,False,False
1,11.0,0,0.0,5,98.57,0.07,0.1,0.0,0.0,Mar,1,8,3,1,Returning_Visitor,True,False
1,30.1,0,0.0,5,77.33,0.0,0.04,0.0,0.03,Dec,1,1,1,2,Returning_Visitor,False,False
0,0.0,0,1.8,3,57.78,0.0,0.04,0.0,0.0,Nov,1,1,1,1,Returning_Visitor,False,False
2,120.0,0,0.0,19,588.17,0.0,0.01,0.0,0.0,Mar,1,1,1,2,Returning_Visitor,False,False
0,3.3,0,0.0,16,1484.83,0.01,0.02,0.0,0.0,May,3,2,7,4,Returning_Visitor,False,False
0,3.6,0,0.0,1,0.0,0.2,0.2,0.0,0.0,Nov,2,10,3,1,Returning_Visitor,False,False
3,27.5,0,2.96,44,1482.69,0.0,0.01,0.0,0.03,Dec,2,2,9,3,Returning_Visitor,False,False
0,0.0,0,0.0,11,487.32,0.0,0.0,38.99,0.0,Oct,3,2,1,2,New_Visitor,False,True
13,340.59,0,0.0,34,863.35,0.0,0.01,40.01,0.0,Nov,2,2,4,1,Returning_Visitor,False,True
0,0.0,0,5.15,32,1490.34,0.0,0.02,0.0,0.03,May,2,2,1,2,Returning_Visitor,True,False
0,0.0,0,1.23,40,4175.75,0.05,0.11,0.01,1.0,May,2,2,1,3,Returning_Visitor,True,False
0,4.0,0,0.0,16,100.0,0.02,0.03,0.0,0.0,Mar,3,2,4,6,Returning_Visitor,True,False
1,171.29,0,9.27,213,7443.41,0.0,0.01,0.0,0.04,Nov,2,4,1,2,Returning_Visitor,False,False
3,78.6,0,0.0,13,18.2,0.0,0.02,0.0,0.03,Nov,3,2,3,2,New_Visitor,True,True
3,29.44,1,0.0,4,1491.33,0.0,0.04,0.0,0.0,Sep,2,2,8,2,Returning_Visitor,False,True
0,1.49,2,91.2,24,1017.78,0.05,0.05,0.02,0.03,Nov,3,2,9,2,Returning_Visitor,True,False
0,0.0,0,0.0,1,7.36,0.2,0.14,0.0,0.06,Nov,2,2,1,13,Returning_Visitor,False,False
9,83.13,0,0.0,10,558.0,0.01,0.02,0.0,0.0,Nov,2,5,1,2,Returning_Visitor,False,False
4,47.5,0,9.87,123,3944.39,0.01,0.02,3.3,0.03,Nov,2,2,1,2,Returning_Visitor,False,False
0,0.0,0,2.26,13,347.71,0.02,0.04,0.02,0.04,May,1,1,3,4,Returning_Visitor,False,False
4,131.0,0,81.34,39,1464.42,0.02,0.02,0.0,0.04,May,1,1,3,4,Returning_Visitor,False,False
1,76.0,0,0.0,37,1493.9,0.01,0.02,60.34,0.6,May,2,2,1,3,Returning_Visitor,False,True
0,0.0,0,0.0,27,892.97,0.01,0.02,0.0,0.03,Dec,2,2,3,2,Returning_Visitor,True,False
6,175.0,0,0.0,6,262.0,0.0,0.02,0.0,0.0,May,1,1,4,2,Returning_Visitor,True,False
0,0.0,0,0.0,13,1446.04,0.02,0.04,0.0,0.0,Dec,2,2,1,13,Returning_Visitor,False,False
0,0.0,0,0.0,39,1493.25,0.0,0.0,0.0,0.0,Nov,2,2,3,2,New_Visitor,False,False
0,0.0,0,0.0,29,923.22,0.0,0.0,0.03,0.0,Aug,1,1,1,4,Returning_Visitor,False,False
0,2.37,0,0.77,34,831.61,0.0,0.01,0.0,0.0,May,2,2,2,3,Returning_Visitor,False,False
1,38.29,0,0.0,9,272.0,0.01,0.03,0.0,0.04,May,1,1,3,4,Returning_Visitor,False,False
2,27.5,0,2.75,22,1403.72,0.0,0.0,255.57,0.03,Nov,2,5,2,8,Returning_Visitor,False,True
0,0.0,0,1.75,34,1245.58,0.0,0.01,0.0,0.0,Nov,3,2,1,3,Returning_Visitor,False,False
0,0.82,0,0.0,10,1469.31,0.03,0.05,0.0,0.0,May,1,2,2,4,Returning_Visitor,True,False
2,407.63,0,3.66,6,108.92,0.0,0.03,0.01,0.03,Dec,3,2,1,2,New_Visitor,True,False
0,1.92,0,0.0,34,2323.17,0.01,0.02,0.0,0.0,Nov,1,2,1,2,Returning_Visitor,False,False
3,74.0,0,0.0,14,584.33,0.0,0.0,37.87,0.03,Nov,2,2,3,8,New_Visitor,False,False
3,545.0,2,87.13,53,2797.21,0.0,0.02,2.23,0.8,May,3,2,1,4,Returning_Visitor,False,False
0,5.9,0,0.0,7,126.0,0.0,0.06,0.0,0.0,Mar,2,5,2,1,Returning_Visitor,False,False
10,128.57,1,10.67,47,2755.34,0.0,0.03,8.57,0.0,May,4,2,6,13,Returning_Visitor,False,False
4,40.9,0,0.0,14,1957.5,0.0,0.01,0.05,0.0,Mar,3,1,3,10,Returning_Visitor,False,True
4,132.92,4,212.8,71,1604.94,0.01,0.03,11.11,0.0,Nov,2,2,2,1,Returning_Visitor,False,False
3,1.33,0,0.0,32,1488.8,0.01,0.01,0.0,0.0,Mar,2,4,1,2,Returning_Visitor,True,False
1,28.46,2,120.8,7,2052.87,0.02,0.01,0.0,0.0,Nov,3,2,4,2,New_Visitor,True,False
0,2.04,0,0.0,43,703.83,0.0,0.01,0.0,0.0,May,2,4,1,2,Returning_Visitor,False,False
0,4.33,0,0.0,34,1198.54,0.0,0.03,0.0,0.0,Nov,2,2,3,2,Returning_Visitor,False,True
0,53.88,0,0.0,1,0.0,0.2,0.2,0.0,0.0,May,3,2,9,3,Returning_Visitor,False,False
0,0.0,0,0.0,6,222.59,0.0,0.04,0.0,0.0,Mar,2,2,1,2,Returning_Visitor,False,False
3,76.3,0,0.0,23,1490.99,0.0,0.01,0.0,0.0,Mar,2,2,7,2,New_Visitor,False,False
2,29.5,0,0.0,36,1544.64,0.01,0.04,0.0,0.0,Aug,2,4,9,2,Returning_Visitor,True,False
5,87.47,0,0.0,13,717.6,0.0,0.0,0.0,0.0,Dec,1,1,3,10,New_Visitor,False,False
5,80.5,0,0.0,27,472.5,0.0,0.02,0.0,0.0,Dec,4,1,3,1,Returning_Visitor,True,False
0,0.0,0,0.0,5,1495.82,0.03,0.08,0.0,0.0,Nov,3,2,1,11,Returning_Visitor,True,False
0,0.0,0,0.0,5,116.67,0.04,0.05,0.0,0.0,Mar,3,2,1,3,Returning_Visitor,True,False
1,397.5,3,89.5,8,2426.23,0.07,0.09,0.0,0.0,May,3,2,1,6,Returning_Visitor,True,False
10,78.9,0,0.0,35,718.8,0.0,0.02,0.0,0.0,Nov,2,2,4,2,New_Visitor,False,False
11,213.97,0,1.88,36,3908.03,0.02,0.02,5.66,0.04,Nov,1,2,7,1,Returning_Visitor,False,False
1,39.0,0,0.0,18,314.83,0.0,0.01,0.05,0.0,May,2,2,7,4,Returning_Visitor,True,False
0,0.0,1,20.0,48,1686.35,0.03,0.04,0.0,0.0,Dec,3,2,1,10,Returning_Visitor,True,False
0,0.0,0,2.94,154,4800.57,0.01,0.03,0.0,0.0,Oct,3,2,1,1,Returning_Visitor,True,False
0,3.0,0,0.0,5,117.75,0.0,0.04,0.0,0.0,Dec,1,1,1,2,Returning_Visitor,False,False
3,116.5,0,0.0,33,1485.61,0.0,0.01,0.0,0.0,Dec,1,1,4,6,Returning_Visitor,True,False
0,0.0,0,0.0,3,313.0,0.0,0.04,0.03,0.0,May,2,10,5,4,Returning_Visitor,True,False
0,40.09,2,407.5,14,1043.15,0.05,0.08,0.0,0.0,Nov,1,1,1,2,Returning_Visitor,True,False
0,0.0,0,1.18,34,832.08,0.04,0.06,0.0,0.0,Dec,3,2,1,3,Returning_Visitor,False,False
0,0.0,0,0.21,2,40.0,0.0,0.1,0.0,0.04,May,3,2,3,4,Returning_Visitor,False,False
2,33.0,0,0.0,13,1666.95,0.0,0.04,0.0,0.0,May,2,2,1,2,Returning_Visitor,False,False
2,102.0,0,0.0,11,265.19,0.0,0.03,0.0,0.0,May,2,2,4,3,New_Visitor,True,False
0,2.47,0,0.0,34,1490.59,0.0,0.01,0.0,0.0,May,2,4,1,4,Returning_Visitor,False,False
11,79.39,0,0.0,41,1433.13,0.0,0.03,13.57,0.0,Oct,4,1,3,1,Returning_Visitor,False,True
0,64.16,2,39.0,29,1530.55,0.0,0.01,38.13,0.0,Mar,2,2,1,1,Returning_Visitor,True,True
5,4.19,0,0.0,34,646.83,0.01,0.03,0.0,0.0,May,3,2,9,6,Returning_Visitor,False,False
0,3.38,0,0.0,7,1369.92,0.06,0.09,0.0,0.0,Mar,3,2,8,1,Returning_Visitor,False,False
2,81.36,2,501.0,14,1554.91,0.0,0.04,0.0,0.0,May,2,10,2,2,Returning_Visitor,False,False
5,81.38,4,282.0,6,213.5,0.01,0.01,0.0,0.0,Nov,3,2,1,2,New_Visitor,False,True
9,81.07,0,4.65,40,1534.38,0.0,0.01,0.02,0.03,Sep,2,2,1,2,Returning_Visitor,False,False
3,108.0,2,9.36,105,3712.81,0.0,0.01,8.26,0.03,May,2,2,3,1,Returning_Visitor,True,False
0,0.0,0,0.0,11,142.42,0.0,0.04,0.0,0.0,May,2,2,1,2,Returning_Visitor,False,False
5,171.9,1,123.3,171,4554.69,0.0,0.0,0.0,0.03,Sep,2,2,3,2,Returning_Visitor,False,False
0,0.0,0,0.0,8,612.0,0.0,0.01,0.15,0.03,Mar,3,3,1,2,New_Visitor,True,False
2,316.14,0,4.47,287,12983.79,0.0,0.01,1.09,0.03,Mar,2,4,3,2,Returning_Visitor,False,False
8,171.75,0,8.02,32,486.67,0.0,0.01,0.0,0.03,Dec,3,2,1,2,New_Visitor,False,False
0,0.0,0,0.0,18,1257.95,0.0,0.02,33.5,0.0,Dec,2,2,3,2,Returning_Visitor,True,True
3,0.0,0,0.0,20,2270.83,0.0,0.02,10.23,0.03,Mar,2,2,3,6,Returning_Visitor,False,True
2,424.41,0,30.48,125,7700.5,0.0,0.01,4.07,0.03,Dec,2,2,3,2,Returning_Visitor,False,False
10,235.19,2,104.69,71,2512.52,0.01,0.02,0.0,0.04,Nov,3,2,1,2,Returning_Visitor,True,True
3,58.4,0,0.0,12,197.0,0.0,0.01,0.0,0.0,May,2,2,2,2,Returning_Visitor,False,False
1,113.5,0,0.0,13,1883.79,0.0,0.0,0.0,0.0,Mar,1,8,1,11,New_Visitor,False,False
3,59.5,0,0.0,7,159.0,0.0,0.01,0.12,0.0,Dec,3,2,1,6,New_Visitor,False,False
0,0.0,0,0.0,1,4.96,0.2,0.14,0.0,0.0,Mar,2,5,1,1,Returning_Visitor,False,False
3,113.75,0,6.61,20,301.09,0.0,0.02,0.01,0.0,Dec,1,1,3,2,New_Visitor,False,True
1,35.0,0,3.24,13,206.98,0.0,0.02,0.04,0.0,May,1,1,5,4,Returning_Visitor,False,False
10,138.75,0,21.08,69,2464.29,0.0,0.0,0.0,0.03,Dec,2,2,3,2,New_Visitor,False,False
1,35.0,1,49.5,11,1498.61,0.0,0.02,32.95,0.2,May,2,2,4,4,Returning_Visitor,False,True
1,59.4,0,9.61,73,1507.81,0.0,0.02,258.55,0.03,Sep,2,2,3,2,Returning_Visitor,True,True
0,0.0,0,0.0,2,19.2,0.0,0.1,0.1,0.0,May,1,1,1,1,Returning_Visitor,True,False
2,111.0,1,74.93,131,5396.26,0.0,0.01,7.51,0.03,Nov,1,1,1,2,Returning_Visitor,False,True
2,51.5,2,99.5,15,771.88,0.0,0.03,15.4,0.0,Dec,2,2,3,2,Returning_Visitor,False,False
0,16.13,0,0.0,46,797.83,0.0,0.02,0.0,0.0,Nov,2,2,3,1,Returning_Visitor,False,False
0,0.0,0,0.0,14,1225.0,0.02,0.02,0.0,0.0,May,1,1,3,2,New_Visitor,False,False
2,29.0,1,90.98,106,3825.1,0.01,0.04,0.2,0.65,May,2,2,4,3,Returning_Visitor,True,False
4,21.0,0,0.0,115,2930.72,0.0,0.02,0.0,0.03,Nov,2,2,3,2,Returning_Visitor,True,True
0,0.0,0,0.0,55,1119.54,0.0,0.01,0.0,0.0,Nov,1,1,1,3,Returning_Visitor,False,False
1,26.0,0,0.0,16,1488.68,0.0,0.01,37.11,0.0,Mar,2,4,2,2,New_Visitor,False,False
5,116.53,1,295.4,20,675.68,0.02,0.05,0.0,0.0,Jul,1,1,4,2,Returning_Visitor,False,False
3,465.84,1,91.33,14,625.0,0.0,0.01,0.0,0.0,Dec,1,1,6,2,New_Visitor,False,False
0,1.06,0,0.0,5,58.86,0.0,0.04,0.0,0.0,May,2,2,1,4,Returning_Visitor,False,False
3,237.25,1,181.0,63,3445.01,0.01,0.04,0.0,0.03,Dec,3,2,1,2,Returning_Visitor,False,False
0,0.0,0,0.0,9,697.5,0.01,0.1,0.04,0.0,Dec,4,1,3,1,Returning_Visitor,False,False
1,533.59,4,16.61,85,5496.63,0.01,0.03,5.15,0.0,Nov,3,2,1,2,Returning_Visitor,False,False
0,1.75,0,0.0,32,872.52,0.03,0.04,0.0,0.0,Mar,3,2,9,1,Returning_Visitor,False,False
3,143.28,0,0.0,27,787.24,0.01,0.04,0.0,0.0,Sep,1,2,3,1,Returning_Visitor,False,False
0,0.0,0,0.0,14,215.63,0.03,0.02,0.0,0.0,Nov,5,11,1,2,Returning_Visitor,False,False
0,5.71,0,0.0,6,63.59,0.0,0.05,0.0,0.0,Nov,1,2,8,2,New_Visitor,False,False
0,0.0,0,0.0,6,58.57,0.0,0.03,0.0,0.05,Mar,2,2,7,13,Returning_Visitor,True,False
0,0.0,0,5.92,59,3033.69,0.01,0.02,0.0,0.03,Nov,1,2,3,2,Returning_Visitor,False,False
6,452.8,0,0.0,7,683.07,0.0,0.02,0.0,0.0,May,3,2,5,4,New_Visitor,True,False
3,29.25,0,32.45,32,1729.75,0.0,0.01,16.73,0.0,Dec,2,4,3,2,New_Visitor,False,True
7,91.25,1,5.73,95,1525.8,0.0,0.02,4.49,0.0,Nov,2,2,7,2,Returning_Visitor,False,True
0,0.0,0,0.0,15,1390.58,0.02,0.05,39.48,0.0,Dec,2,2,1,1,Returning_Visitor,False,False
0,8.21,0,0.0,4,100.25,0.01,0.05,0.01,0.0,Dec,3,2,3,3,Returning_Visitor,True,False
0,0.0,1,441.37,6,1108.0,0.01,0.07,0.0,0.0,Mar,2,2,3,2,Returning_Visitor,False,False
1,29.25,1,0.0,3,1501.94,0.0,0.04,0.0,0.0,Dec,8,2,9,20,Other,False,False
0,0.0,0,0.0,28,403.83,0.02,0.03,0.0,0.0,Jul,1,1,6,4,Returning_Visitor,False,False
1,81.0,0,0.0,12,131.5,0.0,0.02,0.0,1.0,May,3,2,1,4,Returning_Visitor,True,False
3,24.0,0,0.0,35,529.29,0.0,0.02,0.0,0.03,Nov,2,2,1,1,Returning_Visitor,False,False
6,48.62,0,0.0,11,211.99,0.0,0.04,0.0,0.0,Nov,3,2,3,11,Returning_Visitor,False,False
7,397.26,1,12.6,23,1478.92,0.03,0.05,0.0,0.0,Oct,3,2,4,1,Returning_Visitor,False,False
0,0.0,0,0.0,51,1655.36,0.0,0.01,0.0,0.03,Nov,2,2,1,2,Returning_Visitor,True,False
3,0.0,0,0.0,55,872.59,0.0,0.0,0.57,0.03,Aug,2,4,1,4,Returning_Visitor,True,False
1,70.0,0,0.0,13,945.67,0.0,0.02,0.26,0.03,Mar,1,1,4,4,New_Visitor,False,False
6,84.0,0,0.0,26,549.55,0.02,0.04,0.0,0.0,May,3,2,1,11,Returning_Visitor,True,False
0,2.27,0,9.4,17,1489.57,0.0,0.01,0.0,0.03,Nov,3,2,9,2,Returning_Visitor,False,False
0,0.0,0,0.0,13,328.9,0.02,0.05,0.0,0.03,June,2,2,3,3,Returning_Visitor,False,False
4,83.87,0,0.0,2,1487.29,0.0,0.02,113.93,0.0,Sep,2,10,1,8,Returning_Visitor,False,True
0,2.65,0,0.0,5,19.25,0.0,0.07,0.0,0.0,Nov,1,1,3,2,Returning_Visitor,True,False
1,0.0,1,8.0,38,1497.4,0.02,0.03,0.0,0.03,Nov,2,10,2,2,Returning_Visitor,False,False
2,9.0,0,4.24,111,2451.87,0.0,0.02,2.8,0.03,May,2,2,8,1,Returning_Visitor,False,True
0,2.76,4,399.33,46,1814.58,0.0,0.02,0.0,0.0,Dec,2,2,2,2,Returning_Visitor,False,False
9,867.92,0,12.82,137,3909.37,0.0,0.01,9.93,0.03,Mar,3,2,6,2,Returning_Visitor,False,False
1,0.0,0,0.0,4,1498.5,0.08,0.13,0.01,0.0,May,1,1,3,1,Returning_Visitor,True,False
3,23.2,0,3.34,24,1494.89,0.02,0.02,0.0,0.03,Aug,3,2,1,3,Returning_Visitor,True,False
1,105.19,0,0.0,5,388.0,0.0,0.04,31.19,0.0,Mar,1,1,7,3,Returning_Visitor,True,True
0,0.0,0,1.83,14,1340.75,0.0,0.02,57.59,0.6,May,4,1,3,4,New_Visitor,False,True
5,80.79,1,105.8,44,868.16,0.0,0.03,9.55,0.03,Aug,2,6,4,2,Returning_Visitor,False,False
0,0.0,0,0.0,1,0.0,0.2,0.14,0.0,0.0,June,3,2,1,1,Returning_Visitor,True,False
3,139.0,0,7.65,6,277.14,0.02,0.03,0.0,0.03,Mar,3,2,1,2,Returning_Visitor,True,False
4,36.0,0,0.0,23,1546.45,0.0,0.01,58.2,0.0,Dec,4,2,1,1,New_Visitor,True,True
0,12.62,0,0.81,35,1996.82,0.0,0.01,44.06,0.0,Nov,4,2,6,2,Returning_Visitor,False,True
1,85.69,0,0.0,28,331.3,0.0,0.02,0.0,0.03,Mar,1,8,1,1,Returning_Visitor,False,False
0,0.0,2,445.0,34,996.52,0.0,0.02,0.0,0.0,Dec,2,2,3,2,Returning_Visitor,False,False
3,86.73,3,102.0,32,478.5,0.07,0.08,0.41,0.0,May,3,2,6,6,Returning_Visitor,False,False
4,99.92,2,84.41,34,1523.17,0.0,0.02,0.0,0.0,Nov,3,2,4,2,Returning_Visitor,True,True
1,91.36,0,0.0,15,524.5,0.0,0.01,33.96,0.0,May,3,2,1,6,Returning_Visitor,False,True
3,143.0,0,0.0,17,1495.3,0.03,0.05,0.0,0.03,Dec,2,2,1,1,Returning_Visitor,True,False
7,33.59,0,0.0,34,1486.2,0.0,0.02,0.0,0.03,Nov,2,2,3,2,Returning_Visitor,False,True
0,18.19,0,0.0,22,480.97,0.0,0.03,0.0,0.0,Mar,2,2,1,3,Returning_Visitor,False,False
0,0.0,0,1.03,6,638.19,0.0,0.07,0.0,0.0,Mar,2,2,2,3,Returning_Visitor,True,False
3,30.5,0,7.3,34,2431.24,0.0,0.01,0.0,0.0,Nov,2,2,2,6,Returning_Visitor,False,False
4,15.0,0,0.0,17,197.2,0.0,0.02,38.99,0.0,Mar,1,1,1,2,Returning_Visitor,True,True
1,81.98,0,0.0,11,271.72,0.0,0.02,0.0,0.0,Mar,3,1,3,2,Returning_Visitor,True,False
0,0.0,0,0.0,7,380.0,0.01,0.07,0.0,0.0,Dec,2,4,7,1,Returning_Visitor,True,False
0,1.35,0,0.0,12,546.75,0.04,0.05,0.0,0.0,Nov,2,2,5,1,Returning_Visitor,False,False
0,0.0,0,0.0,23,517.04,0.0,0.01,23.3,0.0,Dec,4,2,6,2,New_Visitor,False,True
1,0.0,0,3.93,34,2007.0,0.02,0.05,0.0,0.0,Nov,1,1,3,1,Returning_Visitor,False,False
3,108.5,0,0.0,2,74.67,0.0,0.02,0.0,0.8,May,3,2,3,2,Returning_Visitor,False,False
3,63.57,0,0.0,11,431.5,0.0,0.01,0.0,0.0,Dec,2,2,2,1,Returning_Visitor,False,False
1,6.0,0,0.94,41,1491.22,0.01,0.02,0.0,0.0,May,2,4,7,3,Returning_Visitor,False,False
5,81.21,0,14.73,27,494.64,0.0,0.01,0.0,0.0,Nov,1,1,1,2,Returning_Visitor,False,False
0,0.0,0,0.14,6,82.0,0.15,0.18,0.0,0.6,May,2,2,3,1,Returning_Visitor,False,False
3,284.2,0,0.0,22,2366.6,0.04,0.06,0.0,0.0,Oct,1,1,8,1,Returning_Visitor,True,False
0,14.37,0,0.0,1,0.0,0.2,0.2,0.0,0.0,Nov,4,2,1,11,Returning_Visitor,False,False
0,0.0,0,0.0,5,53.4,0.12,0.14,0.0,0.0,Dec,3,2,3,13,Returning_Visitor,True,False
0,0.0,0,5.95,34,2415.42,0.0,0.02,0.0,0.0,Nov,2,2,3,11,Returning_Visitor,True,False
0,0.0,0,0.0,5,71.17,0.04,0.14,0.0,0.0,Nov,2,6,2,2,Returning_Visitor,False,False
3,440.28,1,66.82,27,1483.19,0.01,0.0,0.0,0.04,Sep,2,2,3,2,New_Visitor,False,False
1,92.93,0,19.24,78,2063.64,0.01,0.01,0.0,0.0,Sep,3,2,6,13,Returning_Visitor,False,False
0,17.29,0,0.0,6,399.0,0.03,0.02,44.99,0.0,May,3,2,2,5,Returning_Visitor,False,True
0,1.78,0,0.5,27,261.7,0.08,0.09,0.0,0.0,Mar,2,2,1,1,Returning_Visitor,False,False
0,0.0,0,12.85,19,989.33,0.0,0.01,25.11,0.0,May,3,2,1,2,New_Visitor,True,True
7,120.38,0,0.0,34,446.38,0.0,0.01,0.0,0.0,Dec,2,2,7,2,New_Visitor,False,False
6,326.28,0,0.0,13,1585.06,0.0,0.01,29.82,0.0,Nov,1,1,4,2,New_Visitor,False,True
0,72.5,0,0.0,28,1248.06,0.01,0.02,0.02,0.0,Nov,2,6,4,2,Returning_Visitor,False,False
0,13.7,0,0.0,6,137.0,0.07,0.1,0.01,0.0,Nov,1,1,1,1,Returning_Visitor,False,False
0,2.63,0,0.0,8,326.5,0.14,0.12,0.0,0.0,Mar,3,2,1,3,Returning_Visitor,False,False
0,0.0,0,0.0,5,74.0,0.0,0.08,0.0,0.8,May,2,2,1,13,Returning_Visitor,False,False
1,85.33,3,8.0,213,8591.59,0.0,0.02,8.02,0.03,Nov,3,2,1,2,Returning_Visitor,False,True
3,78.5,1,32.75,42,1897.83,0.01,0.01,0.0,0.0,Dec,1,1,8,3,Returning_Visitor,True,False
0,0.81,0,0.0,11,689.99,0.0,0.03,0.01,0.0,Nov,3,2,3,6,Returning_Visitor,False,False
0,0.0,2,147.85,89,3509.13,0.0,0.02,42.87,0.03,May,2,4,3,6,Returning_Visitor,True,False
2,255.72,0,6.75,184,7706.55,0.0,0.01,6.74,0.03,May,2,2,9,2,Returning_Visitor,False,False
1,15.0,1,39.5,62,969.15,0.0,0.02,0.0,0.0,May,2,2,3,2,Returning_Visitor,False,False
3,6.67,2,6.0,30,1660.84,0.02,0.07,0.1,0.0,June,4,2,1,4,Returning_Visitor,False,False
0,0.0,0,4.87,53,1121.43,0.01,0.02,24.57,0.0,Jul,2,4,9,1,Returning_Visitor,False,True
1,9.1,0,0.0,9,115.6,0.0,0.04,0.0,0.0,Mar,2,5,7,3,Returning_Visitor,False,False
3,110.5,0,3.33,95,5380.69,0.01,0.02,1.96,0.0,Nov,2,4,3,2,Returning_Visitor,False,True
6,723.5,2,79.75,5,220.92,0.0,0.02,0.01,0.04,May,2,5,2,2,Returning_Visitor,False,True
0,0.0,0,1.79,34,686.5,0.03,0.03,0.0,0.0,Dec,2,2,7,1,Returning_Visitor,True,False
0,0.0,1,14.0,34,3900.43,0.04,0.08,0.0,0.6,May,1,1,1,4,Returning_Visitor,False,False
0,1.7,0,0.53,1,321.1,0.14,0.2,0.0,0.04,Nov,2,2,1,20,Returning_Visitor,False,False
0,0.0,0,0.97,39,706.2,0.14,0.09,0.01,0.0,Sep,3,2,1,13,Returning_Visitor,False,False
3,55.0,1,4.0,2,19.0,0.0,0.04,0.0,0.03,May,1,1,8,2,New_Visitor,False,False
0,0.0,0,0.0,1,2.3,0.2,0.2,0.0,0.0,Feb,1,1,1,3,Returning_Visitor,False,False
3,18.1,2,72.5,9,136.28,0.0,0.03,0.0,0.0,June,2,2,2,2,New_Visitor,False,False
3,167.0,0,5.72,34,1246.12,0.0,0.01,0.13,0.0,Aug,2,4,1,3,Returning_Visitor,False,False
0,0.0,0,3.49,49,1571.12,0.0,0.01,0.0,0.04,Nov,2,2,8,2,New_Visitor,True,False
0,0.0,0,0.0,17,344.33,0.01,0.03,26.99,0.0,May,2,2,1,5,Returning_Visitor,False,False
2,81.53,0,0.0,43,1253.18,0.0,0.01,41.54,0.03,Nov,3,2,9,2,Returning_Visitor,False,False
3,315.14,1,7.72,109,6255.02,0.0,0.01,0.0,0.03,Mar,2,2,2,2,Returning_Visitor,False,False
1,241.0,0,0.0,39,2666.0,0.02,0.05,0.0,0.2,May,2,2,5,1,Returning_Visitor,False,False
3,424.17,0,3.93,13,1212.0,0.0,0.02,0.0,0.0,Aug,2,4,3,4,Returning_Visitor,True,False
0,0.0,0,1.19,12,1195.23,0.09,0.11,0.04,0.04,Dec,1,1,6,1,Returning_Visitor,True,False
1,87.8,2,12.0,120,2016.56,0.01,0.01,33.41,0.03,Jul,2,2,7,2,Returning_Visitor,False,True
0,0.0,0,2.29,8,1480.14,0.02,0.06,0.0,0.0,Dec,3,2,1,4,Returning_Visitor,True,False
0,0.0,0,0.0,2,53.0,0.0,0.1,0.0,0.0,May,4,2,1,13,Returning_Visitor,False,False
1,132.0,0,0.0,20,209.25,0.0,0.02,0.01,0.04,May,2,2,7,6,Returning_Visitor,False,False
0,2.44,0,1.69,6,379.68,0.08,0.09,0.0,0.0,Mar,1,1,6,1,Returning_Visitor,False,False
0,24.46,0,1.59,32,936.23,0.01,0.04,0.03,0.0,June,2,2,1,13,Returning_Visitor,False,False
3,82.86,1,17.0,17,490.0,0.0,0.03,15.66,0.06,Mar,2,2,4,10,Returning_Visitor,False,True
2,27.2,0,13.26,40,976.33,0.01,0.02,0.0,0.0,Nov,2,5,7,1,Returning_Visitor,False,False
0,0.0,0,0.0,14,289.62,0.0,0.03,0.11,0.0,Nov,2,2,1,2,New_Visitor,True,False
3,190.58,2,1131.0,46,5492.37,0.02,0.01,8.57,0.03,May,2,6,6,6,Returning_Visitor,False,False
4,64.46,0,0.0,29,1496.66,0.0,0.01,39.18,0.0,Dec,2,2,1,2,Returning_Visitor,False,True
7,169.5,0,0.0,50,1557.92,0.0,0.01,0.0,0.0,Dec,1,1,3,2,Returning_Visitor,False,False
0,0.0,0,0.22,24,654.07,0.0,0.0,0.0,0.8,May,3,2,1,1,Returning_Visitor,False,False
3,165.13,0,8.19,87,1496.02,0.0,0.02,0.0,0.03,June,2,5,8,2,Returning_Visitor,False,True
5,75.17,0,3.28,12,216.96,0.03,0.04,0.0,0.0,Mar,2,2,1,1,Returning_Visitor,False,False
2,84.94,0,0.0,34,2559.43,0.03,0.04,5.29,0.0,Sep,3,2,6,1,Returning_Visitor,True,False
0,1.74,0,0.0,5,1289.0,0.13,0.08,0.0,0.0,Nov,3,2,1,13,Returning_Visitor,False,False
3,81.65,4,165.67,22,365.77,0.0,0.02,0.0,0.0,Aug,3,2,1,4,Returning_Visitor,True,False
0,0.0,0,0.0,16,630.75,0.0,0.04,0.0,0.04,Mar,3,2,1,1,Returning_Visitor,True,False
2,0.0,0,1.13,40,1411.83,0.0,0.0,0.0,0.0,May,2,2,8,6,Returning_Visitor,False,False
0,0.0,0,0.0,10,324.5,0.02,0.02,0.0,0.0,Mar,1,2,6,1,Returning_Visitor,False,False
8,154.29,0,0.0,34,991.37,0.01,0.01,8.27,0.0,Mar,2,2,2,2,Returning_Visitor,False,False
3,85.41,0,0.0,34,1482.32,0.0,0.01,0.0,0.0,Mar,2,2,1,1,Returning_Visitor,False,False
4,113.14,0,0.0,37,2517.05,0.0,0.02,0.0,0.0,Mar,3,2,2,1,Returning_Visitor,True,False
0,0.0,0,1.06,23,347.85,0.0,0.03,0.01,0.03,Nov,2,2,1,3,Returning_Visitor,False,False
0,0.0,0,0.0,7,93.7,0.03,0.12,0.0,1.0,May,2,2,2,4,Returning_Visitor,True,False
0,0.0,0,0.0,8,846.2,0.0,0.03,39.13,0.04,Jul,2,2,1,2,Returning_Visitor,False,True
0,1.51,0,0.0,27,519.87,0.0,0.02,0.01,0.0,Jul,1,1,3,4,Returning_Visitor,False,False
1,135.15,0,13.23,52,1199.23,0.01,0.02,0.0,0.0,Sep,3,2,1,13,Returning_Visitor,False,False
0,43.71,0,0.0,6,285.5,0.0,0.04,33.57,0.0,Nov,1,1,1,8,New_Visitor,False,True
0,0.0,0,0.0,5,1491.6,0.0,0.05,0.0,0.23,May,2,2,1,1,Returning_Visitor,False,False
3,82.83,0,0.0,34,1223.42,0.0,0.01,215.01,0.0,May,3,2,4,2,Returning_Visitor,False,True
3,84.63,0,2.08,24,1038.85,0.0,0.01,0.0,0.0,Mar,2,2,1,3,New_Visitor,False,False
3,135.67,0,3.8,132,7356.4,0.0,0.01,9.19,0.04,Dec,4,1,4,2,Returning_Visitor,False,False
0,0.76,0,0.0,15,139.83,0.03,0.05,0.0,0.0,Mar,2,2,6,1,Returning_Visitor,False,False
0,0.0,0,0.0,5,24.0,0.0,0.04,0.0,0.2,May,2,2,4,1,Returning_Visitor,False,False
0,0.0,0,10.71,1,0.0,0.2,0.11,0.0,0.0,Sep,4,1,2,1,Returning_Visitor,False,False
1,34.75,0,0.0,13,135.0,0.0,0.01,0.03,0.0,May,3,2,1,4,Returning_Visitor,True,False
2,67.5,0,0.0,7,393.5,0.0,0.03,0.0,0.0,Dec,2,2,1,2,New_Visitor,False,False
0,0.0,0,0.0,16,645.2,0.01,0.05,0.0,0.0,Jul,4,1,3,1,Returning_Visitor,True,False
0,0.0,0,0.0,13,265.17,0.0,0.05,0.01,0.0,Mar,2,2,4,1,Returning_Visitor,False,False
6,301.2,0,1.52,87,1836.98,0.01,0.02,0.0,0.0,Sep,2,2,6,3,Returning_Visitor,False,False
0,0.0,0,0.0,48,1916.87,0.02,0.05,0.0,0.05,Dec,2,2,1,1,Returning_Visitor,False,False
0,0.0,0,0.0,16,1480.3,0.0,0.02,38.19,0.0,Oct,2,2,1,2,New_Visitor,False,True
6,461.0,0,0.0,4,111.0,0.0,0.01,0.0,0.0,Mar,3,2,3,8,New_Visitor,False,False
2,0.0,0,3.42,28,1267.25,0.02,0.03,0.22,0.0,Nov,1,8,2,10,Returning_Visitor,True,False
2,30.0,0,0.0,77,1410.89,0.0,0.02,13.0,0.0,Mar,1,1,6,8,Returning_Visitor,False,True
0,83.97,0,1.5,8,259.5,0.01,0.04,0.0,0.03,May,2,4,6,6,Returning_Visitor,False,False
4,122.0,3,82.06,11,1040.33,0.0,0.01,0.0,0.0,May,2,2,5,2,Returning_Visitor,False,False
0,1.16,0,0.0,3,13.96,0.2,0.2,0.0,0.0,Mar,1,1,8,1,Returning_Visitor,False,False
0,0.0,0,0.0,74,1491.08,0.02,0.03,0.41,0.0,Nov,2,2,1,1,Returning_Visitor,False,False
3,81.0,0,0.0,6,58.0,0.0,0.03,0.0,0.0,Mar,2,2,1,2,Returning_Visitor,False,False
0,0.0,0,0.0,16,1599.27,0.0,0.01,0.0,0.04,May,4,2,2,3,Returning_Visitor,False,False
10,131.34,1,38.2,34,1703.02,0.0,0.02,4.22,0.03,Sep,3,2,5,2,Returning_Visitor,False,False
1,28.0,0,0.0,7,638.0,0.0,0.05,0.0,0.0,Mar,1,1,1,3,Returning_Visitor,False,False
3,104.43,0,3.95,29,1486.05,0.0,0.01,39.59,0.0,Dec,2,2,4,1,Returning_Visitor,True,True
0,20.72,0,0.0,7,723.0,0.0,0.03,32.91,0.04,Dec,2,2,4,1,Returning_Visitor,True,True
0,0.0,0,0.0,3,36.0,0.02,0.07,0.0,0.0,Mar,2,7,3,2,Returning_Visitor,True,False
1,1449.67,4,11.27,140,4876.01,0.01,0.03,5.75,0.03,Nov,2,2,1,2,Returning_Visitor,False,False
9,215.5,1,139.72,12,245.6,0.0,0.02,0.0,0.0,Oct,2,2,1,2,Returning_Visitor,False,False
3,51.5,0,0.0,2,6.0,0.0,0.03,0.05,0.0,Sep,2,5,8,2,Returning_Visitor,False,False
0,3.32,0,0.0,22,1327.67,0.0,0.03,0.0,0.04,Nov,2,2,1,2,New_Visitor,True,True
0,6.93,0,0.0,3,96.7,0.0,0.0,0.0,0.0,Jul,1,1,1,2,Returning_Visitor,True,False
0,0.0,0,0.0,13,231.5,0.02,0.02,0.0,0.0,May,2,4,3,1,Returning_Visitor,False,False
0,0.0,0,0.0,11,229.92,0.02,0.04,0.0,0.0,Nov,3,2,4,1,Returning_Visitor,True,False
0,3.31,0,91.82,37,607.47,0.0,0.0,39.98,0.0,May,2,1,1,2,Returning_Visitor,True,True
1,78.6,0,0.0,5,744.8,0.0,0.0,0.2,0.0,Sep,2,2,3,4,New_Visitor,False,False
0,13.74,0,0.0,10,211.83,0.0,0.04,0.0,0.0,Aug,2,2,3,13,Returning_Visitor,False,False
3,44.5,0,0.0,137,7012.27,0.01,0.02,0.0,0.04,Nov,1,1,1,2,Returning_Visitor,True,True
0,0.0,0,0.0,21,1003.0,0.0,0.01,0.0,0.0,Mar,2,4,1,1,Returning_Visitor,False,False
1,4.0,0,0.0,35,760.25,0.0,0.01,39.16,0.0,May,1,1,1,3,New_Visitor,False,True
5,20.0,0,0.0,33,3220.89,0.02,0.04,0.98,0.03,Oct,4,1,2,1,Returning_Visitor,False,False
2,70.67,1,92.23,56,1086.07,0.01,0.02,14.84,0.0,May,2,2,3,2,Returning_Visitor,False,False
0,0.89,0,0.0,7,1489.49,0.02,0.14,0.0,0.03,Mar,2,2,2,1,Returning_Visitor,False,False
1,10.0,0,0.0,14,1487.03,0.02,0.05,0.0,0.0,Mar,3,2,1,1,Returning_Visitor,True,False
0,0.0,0,0.0,27,1009.38,0.0,0.04,0.01,0.0,Nov,2,2,1,2,New_Visitor,True,True
10,358.26,3,377.43,64,5738.9,0.0,0.02,12.09,0.03,Oct,2,2,1,13,Returning_Visitor,False,True
0,0.97,0,0.0,12,214.87,0.0,0.04,0.0,0.0,Oct,2,2,1,1,Returning_Visitor,False,False
5,20.0,0,0.8,56,1533.68,0.01,0.02,0.01,0.2,May,2,2,2,1,Returning_Visitor,False,False
5,87.53,0,2.5,55,936.13,0.0,0.02,23.28,0.0,Nov,2,2,1,2,Returning_Visitor,False,True
4,3.59,0,0.37,2,401.51,0.02,0.05,0.0,0.0,Dec,8,13,9,20,Other,False,False
0,0.0,0,0.51,34,341.67,0.01,0.04,0.0,0.0,Mar,2,2,9,1,Returning_Visitor,False,False
0,0.0,0,0.0,64,1298.2,0.0,0.02,0.0,0.03,Jul,1,6,3,4,Returning_Visitor,False,False
0,0.0,0,2.0,63,3301.22,0.01,0.03,0.0,0.0,Dec,2,1,3,1,Returning_Visitor,True,False
1,158.36,1,15.59,101,4162.54,0.01,0.03,3.58,0.04,Sep,3,2,5,13,Returning_Visitor,False,False
5,95.1,4,116.8,53,1696.57,0.0,0.02,0.0,0.0,Oct,2,2,5,2,Returning_Visitor,False,False
1,40.25,0,2.4,19,501.77,0.0,0.01,0.0,0.0,May,2,2,1,4,Returning_Visitor,False,False
0,0.0,0,0.0,12,563.14,0.0,0.01,0.0,0.0,Mar,2,4,1,2,Returning_Visitor,True,False
0,0.0,2,47.0,32,898.83,0.07,0.13,0.0,0.0,May,3,2,4,3,Returning_Visitor,False,False
0,0.0,0,0.0,23,996.44,0.0,0.02,0.0,0.27,May,3,2,8,4,Returning_Visitor,False,False
0,0.0,3,33.75,9,313.93,0.03,0.03,0.0,0.0,May,3,2,1,10,Returning_Visitor,False,False
1,104.0,1,31.7,7,93.9,0.0,0.04,0.0,0.0,Oct,2,2,3,2,New_Visitor,True,False
2,1668.5,4,35.0,32,1372.97,0.0,0.02,41.65,0.0,Dec,2,2,1,6,Returning_Visitor,False,True
1,14.0,0,0.0,34,1435.48,0.0,0.02,0.0,0.0,Mar,2,2,2,2,Returning_Visitor,False,False
3,89.95,2,193.0,4,139.0,0.0,0.01,0.0,0.0,Mar,3,2,1,4,Returning_Visitor,False,False
0,0.0,0,0.0,1,101.67,0.0,0.1,0.06,0.0,Nov,2,2,3,3,Returning_Visitor,False,False
3,43.0,0,2.88,36,2362.5,0.0,0.02,1.0,0.6,May,2,2,1,4,Returning_Visitor,False,False
1,28.0,0,0.0,8,209.62,0.0,0.01,0.0,0.0,Mar,2,2,1,2,Returning_Visitor,False,False
0,0.0,0,0.35,35,1231.16,0.01,0.02,0.0,0.0,Mar,2,2,1,1,Returning_Visitor,False,False
3,27.2,0,0.0,34,1003.66,0.0,0.02,0.0,0.0,Oct,3,2,4,20,Returning_Visitor,False,False
0,0.0,2,90.0,9,866.16,0.02,0.06,0.0,0.0,Mar,3,2,1,1,Returning_Visitor,False,False
0,0.0,0,0.0,32,1480.76,0.0,0.01,0.0,0.0,Oct,4,1,1,5,Returning_Visitor,False,False
4,296.2,0,0.0,33,920.4,0.0,0.01,0.0,0.0,Oct,1,1,1,5,Returning_Visitor,False,False
1,86.47,2,14.96,24,1563.76,0.0,0.01,0.0,0.03,Nov,2,5,1,8,New_Visitor,False,False
0,62.67,0,0.0,1,4.66,0.2,0.2,0.0,0.0,Oct,1,1,1,1,New_Visitor,True,False
3,84.18,0,0.0,13,1556.77,0.0,0.0,0.0,0.0,Jul,2,2,3,2,New_Visitor,False,False
1,0.0,0,0.0,102,3284.5,0.0,0.01,0.0,0.04,Dec,2,2,1,3,Returning_Visitor,False,False
2,11.0,0,0.0,14,249.67,0.0,0.03,0.0,0.0,Nov,3,2,3,3,Returning_Visitor,False,True
4,75.1,0,0.0,7,102.7,0.0,0.01,0.0,0.0,Mar,2,4,6,2,Returning_Visitor,False,True
0,1.25,0,0.0,2,3.99,0.14,0.14,0.0,0.0,Mar,1,1,8,1,Returning_Visitor,False,False
2,9.0,0,0.0,26,623.03,0.0,0.01,36.08,0.0,Nov,2,2,4,20,Returning_Visitor,False,False
4,47.0,0,1.78,34,1497.75,0.0,0.02,0.0,0.03,May,4,1,1,1,Returning_Visitor,False,False
4,173.25,0,0.0,16,2041.08,0.04,0.05,0.0,0.03,May,3,2,6,3,Returning_Visitor,False,False
0,0.0,0,0.0,27,1739.25,0.02,0.04,0.0,0.6,May,2,2,7,2,Returning_Visitor,False,False
0,0.0,0,1.17,5,77.38,0.13,0.09,0.0,0.0,Nov,2,2,1,2,Returning_Visitor,True,False
0,0.0,0,0.0,16,1773.25,0.04,0.07,0.0,0.03,Nov,2,2,8,13,Returning_Visitor,False,False
0,0.0,0,0.0,1,5.42,0.2,0.2,0.01,0.4,May,1,1,3,3,Returning_Visitor,False,False
10,501.67,1,103.0,71,2582.7,0.0,0.01,6.73,0.03,Nov,2,2,1,2,Returning_Visitor,False,False
3,37.5,0,0.0,45,1524.86,0.0,0.04,0.05,0.0,Nov,2,2,2,2,Returning_Visitor,False,False
0,1.9,0,0.0,6,61.0,0.0,0.07,0.0,0.0,Mar,2,4,1,3,Returning_Visitor,False,False
0,1.38,0,1.63,30,1259.92,0.01,0.01,0.0,0.21,Dec,2,5,2,2,Returning_Visitor,False,False
3,87.86,0,0.0,6,145.83,0.0,0.01,0.0,0.0,Mar,3,2,7,1,New_Visitor,False,False
0,0.0,0,1.64,34,1473.77,0.0,0.02,0.0,0.0,Nov,2,2,1,2,Returning_Visitor,False,False
3,116.7,0,5.01,171,9405.84,0.01,0.01,0.0,0.04,Dec,3,2,3,2,Returning_Visitor,False,True
1,55.4,0,1.53,28,630.65,0.01,0.02,38.73,0.0,Sep,2,4,2,4,Returning_Visitor,True,True
0,0.0,0,0.0,11,1476.94,0.12,0.1,0.0,0.04,Mar,2,2,3,1,Returning_Visitor,False,False
3,4.0,0,0.0,37,1497.02,0.02,0.04,0.0,0.6,May,2,2,4,2,Returning_Visitor,False,False
9,83.08,0,0.0,38,1491.68,0.0,0.02,22.02,0.03,Nov,2,2,2,2,Returning_Visitor,True,True
0,0.0,0,0.0,3,46.75,0.0,0.07,0.0,0.0,Nov,2,4,3,10,Returning_Visitor,False,False
0,0.0,0,0.0,2,69.81,0.0,0.14,0.0,0.0,Feb,1,1,6,3,Returning_Visitor,False,False
0,0.0,0,3.17,48,4152.08,0.01,0.04,0.0,0.03,Nov,2,2,1,1,Returning_Visitor,True,False
0,0.0,0,0.0,2,22.0,0.0,0.1,0.03,0.0,Mar,2,2,1,1,Returning_Visitor,False,False
6,109.32,0,3.18,72,1032.76,0.0,0.01,0.0,0.03,May,2,4,1,2,New_Visitor,False,False
18,1012.5,6,53.08,28,3163.1,0.01,0.01,1.31,0.03,Nov,3,2,6,13,Returning_Visitor,False,False
4,41.54,0,3.56,2,56.5,0.0,0.02,0.19,0.03,Dec,2,2,2,2,New_Visitor,True,False
2,20.15,0,4.96,60,1521.15,0.01,0.02,16.44,0.0,Nov,2,4,1,2,Returning_Visitor,False,True
0,0.0,0,0.0,7,205.5,0.0,0.04,0.0,0.03,Nov,3,2,9,2,Returning_Visitor,False,False
2,20.2,0,0.0,34,580.94,0.0,0.0,0.0,0.0,Aug,2,2,1,2,New_Visitor,False,False
3,75.0,0,0.0,3,74.0,0.0,0.02,0.01,0.0,May,3,2,1,2,Returning_Visitor,False,False
1,1028.83,0,9.03,155,6794.74,0.0,0.02,3.73,0.03,Nov,2,2,1,2,Returning_Visitor,False,True
13,407.57,0,14.38,146,2650.78,0.0,0.01,0.0,0.03,Oct,4,2,1,2,Returning_Visitor,True,False
2,80.26,0,0.0,11,122.25,0.0,0.02,0.0,0.03,Dec,2,2,7,2,New_Visitor,False,False
2,50.5,0,19.37,70,1492.09,0.0,0.02,0.01,0.0,Nov,2,2,3,3,Returning_Visitor,False,False
5,151.33,0,0.0,11,401.44,0.03,0.04,13.91,0.03,Nov,2,2,6,20,Returning_Visitor,False,True
3,87.33,0,3.7,62,1470.85,0.0,0.01,0.0,0.0,Mar,2,4,6,3,Returning_Visitor,True,False
0,0.0,0,0.0,12,130.5,0.0,0.01,0.0,0.0,Mar,2,2,1,10,Returning_Visitor,False,False
1,81.05,0,0.0,20,1200.28,0.0,0.01,0.02,0.0,Nov,2,2,2,2,New_Visitor,False,False
4,60.2,0,0.0,8,132.8,0.0,0.01,0.0,0.0,Oct,1,1,1,2,Returning_Visitor,False,False
5,118.98,0,9.66,34,1493.08,0.0,0.01,22.13,0.0,Dec,2,2,3,2,Returning_Visitor,False,True
4,24.5,0,0.0,29,749.12,0.0,0.03,0.0,0.0,Nov,1,1,3,2,Returning_Visitor,False,True
3,0.0,6,451.5,34,674.43,0.01,0.02,0.0,0.0,May,3,2,4,1,Returning_Visitor,True,False
0,8.54,0,0.57,30,1459.65,0.0,0.0,0.0,0.04,Mar,2,6,1,1,Returning_Visitor,False,False
3,80.08,0,0.0,10,129.5,0.0,0.02,0.0,0.0,May,2,5,9,2,Returning_Visitor,False,False
0,0.0,0,0.0,11,221.0,0.1,0.12,0.11,0.2,May,3,2,6,13,Returning_Visitor,False,False
0,0.0,2,889.5,30,784.08,0.03,0.05,0.0,0.03,Dec,2,2,6,13,Returning_Visitor,False,False
0,0.0,2,594.13,32,922.4,0.0,0.0,154.1,0.0,Sep,2,2,1,2,New_Visitor,False,True
0,2.66,0,0.42,4,67.75,0.0,0.05,0.0,0.0,Nov,2,2,3,1,Returning_Visitor,False,False
2,86.33,0,6.47,131,5619.38,0.01,0.04,3.61,0.0,Nov,3,2,1,2,Returning_Visitor,False,False
0,0.0,0,3.1,2,43.0,0.0,0.14,0.0,0.4,Feb,2,2,3,3,Returning_Visitor,False,False
1,51.0,0,0.0,66,1859.5,0.01,0.01,0.0,0.03,May,2,2,2,2,Returning_Visitor,False,False
4,42.5,0,3.29,10,1491.59,0.0,0.01,0.01,0.0,Nov,2,2,9,2,New_Visitor,True,False
0,0.0,0,0.0,12,574.0,0.02,0.08,0.0,0.0,May,2,2,1,13,Returning_Visitor,False,False
0,140.18,0,0.0,2,11.51,0.2,0.2,0.0,0.0,Dec,3,2,4,3,Returning_Visitor,False,False
8,388.79,1,112.13,17,1464.42,0.02,0.02,0.0,0.03,Nov,1,1,4,2,Returning_Visitor,False,False
1,19.0,0,4.1,12,212.31,0.0,0.01,0.0,0.6,May,2,2,1,2,New_Visitor,False,False
0,0.0,0,0.0,6,25.0,0.13,0.14,0.0,0.04,May,3,2,1,4,Returning_Visitor,False,False
7,159.5,0,0.0,13,1541.71,0.0,0.0,0.05,0.0,May,2,2,7,2,New_Visitor,False,False
4,93.51,0,7.09,9,635.72,0.0,0.0,0.01,0.0,Nov,1,1,3,2,New_Visitor,False,False
0,0.0,0,0.0,16,865.58,0.0,0.0,93.78,0.05,Dec,1,1,1,2,New_Visitor,True,True
2,56.5,1,24.29,33,1753.08,0.0,0.01,4.6,0.03,Nov,4,1,9,2,Returning_Visitor,True,True
2,305.12,3,32.31,27,1121.25,0.02,0.04,1.44,0.0,Dec,3,2,1,2,Returning_Visitor,False,False
6,148.8,4,81.33,29,1715.69,0.01,0.03,0.01,0.0,Mar,2,2,9,1,Returning_Visitor,False,False
0,0.0,1,249.5,34,1458.98,0.03,0.04,0.02,0.0,Dec,2,1,1,10,Returning_Visitor,False,False
0,0.0,0,0.0,3,1952.5,0.02,0.12,0.0,0.0,Nov,1,1,2,1,Returning_Visitor,False,False
0,0.0,0,0.81,4,213.1,0.0,0.05,0.0,0.04,Nov,2,5,7,1,Returning_Visitor,False,False
0,57.69,0,0.0,5,1501.38,0.0,0.02,0.06,0.04,Mar,3,2,1,8,Returning_Visitor,True,False
0,0.0,0,0.0,5,228.22,0.0,0.04,0.0,0.03,Mar,1,1,6,2,Returning_Visitor,True,False
2,66.0,1,0.0,10,302.0,0.04,0.03,19.53,0.0,May,2,6,3,2,Returning_Visitor,False,True
0,0.0,0,0.0,5,63.0,0.0,0.04,0.0,0.0,Feb,2,2,1,3,Returning_Visitor,False,False
0,0.0,0,0.0,34,1053.95,0.01,0.01,0.0,0.0,Nov,1,1,1,2,Returning_Visitor,False,False
0,360.92,4,114.2,17,1322.58,0.0,0.01,0.0,0.0,May,2,10,3,1,New_Visitor,True,False
1,30.0,0,0.0,10,157.5,0.0,0.03,0.0,0.0,Mar,2,2,3,3,New_Visitor,False,False
0,5.43,0,0.64,1,0.0,0.2,0.2,0.0,0.0,May,2,2,8,3,Returning_Visitor,False,False
3,262.5,0,0.0,45,1456.27,0.0,0.02,0.11,0.0,May,2,2,7,4,Returning_Visitor,True,True
4,206.07,0,0.0,9,113.43,0.0,0.02,0.0,0.0,Oct,2,2,1,6,Returning_Visitor,False,False
0,0.0,1,41.5,98,2400.04,0.0,0.01,0.0,0.03,Nov,2,2,1,2,Returning_Visitor,False,True
1,20.0,0,0.0,21,442.0,0.01,0.02,39.11,0.0,Nov,2,2,1,2,Returning_Visitor,False,False
1,183.0,0,12.05,28,1812.51,0.0,0.0,0.0,0.0,Dec,3,2,6,10,Returning_Visitor,False,True
0,13.31,0,0.0,2,0.0,0.14,0.13,0.0,0.0,May,2,2,6,6,Returning_Visitor,False,False
3,134.1,0,1.7,6,110.3,0.0,0.01,0.0,0.0,Mar,3,2,1,5,New_Visitor,False,False
0,1.9,0,1.53,34,813.8,0.02,0.03,0.0,0.6,May,2,5,1,2,Returning_Visitor,False,False
0,111.95,0,0.0,4,219.5,0.0,0.02,0.0,0.0,Dec,1,2,2,2,Returning_Visitor,False,False
0,0.0,0,0.0,6,59.76,0.04,0.08,0.0,0.0,Dec,3,2,1,1,Returning_Visitor,True,False
0,0.0,0,2.48,39,1348.45,0.01,0.02,0.0,0.0,Jul,1,2,1,4,Returning_Visitor,False,False
0,0.0,0,1.35,11,1193.9,0.02,0.04,0.06,0.0,Dec,2,2,1,6,Returning_Visitor,False,False
0,0.0,0,16.33,23,736.23,0.0,0.01,140.66,0.0,Dec,1,8,1,11,New_Visitor,False,True
0,0.0,4,37.0,34,1491.28,0.01,0.02,0.05,0.04,Dec,2,2,3,2,Returning_Visitor,False,False
0,0.0,0,0.61,34,1685.27,0.01,0.03,0.0,0.0,Mar,2,2,6,3,Returning_Visitor,True,False
2,337.9,1,4.12,123,2396.27,0.0,0.01,1.95,0.03,June,2,2,1,2,Returning_Visitor,False,False
0,0.0,0,0.0,8,181.0,0.08,0.14,0.0,0.0,Mar,3,2,1,13,Returning_Visitor,True,False
0,0.64,0,0.34,10,300.0,0.0,0.05,0.0,0.03,Mar,2,2,1,1,Returning_Visitor,False,False
1,0.0,3,92.5,9,359.17,0.0,0.01,38.25,0.0,Mar,1,1,1,5,New_Visitor,False,True
0,0.0,0,0.0,20,593.7,0.0,0.01,20.83,0.03,Nov,2,5,2,2,Returning_Visitor,True,True
0,0.0,0,3.54,34,562.67,0.01,0.04,0.0,0.0,May,2,2,4,13,Returning_Visitor,False,False
0,0.0,0,0.0,2,9.29,0.13,0.14,0.0,0.0,Mar,1,1,5,3,Returning_Visitor,False,False
0,0.0,1,113.0,27,3178.58,0.03,0.04,0.0,0.0,May,2,2,1,3,Returning_Visitor,False,False
1,77.1,0,3.31,35,365.58,0.02,0.03,0.05,0.03,May,2,2,1,4,Returning_Visitor,False,False
0,0.0,0,0.0,32,1479.23,0.0,0.01,0.0,0.0,May,2,2,2,4,Returning_Visitor,False,False
5,76.0,0,0.0,34,1415.39,0.0,0.01,9.83,0.0,Dec,2,2,5,2,Returning_Visitor,False,False
2,9.0,0,0.0,106,7457.52,0.01,0.03,1.78,0.04,May,3,2,1,1,Returning_Visitor,False,True
3,83.61,0,0.0,31,1467.46,0.01,0.02,27.38,0.0,Mar,2,2,5,2,Returning_Visitor,True,True
3,365.03,0,0.0,9,1020.5,0.03,0.03,9.64,0.0,Aug,2,2,1,2,Returning_Visitor,False,False
3,40.0,2,146.0,56,2866.9,0.0,0.01,85.75,0.05,Mar,3,2,2,2,Returning_Visitor,True,False
11,456.23,0,10.97,89,1904.65,0.02,0.03,0.0,0.03,Oct,1,1,1,3,Returning_Visitor,False,False
0,0.75,1,142.32,22,1584.25,0.02,0.04,0.0,0.0,Dec,2,2,1,8,Returning_Visitor,False,False
2,157.25,0,5.2,29,2999.72,0.0,0.01,0.54,0.04,Dec,3,2,2,6,Returning_Visitor,False,False
3,144.49,0,0.0,36,4555.02,0.0,0.03,9.1,0.03,May,2,2,1,1,Returning_Visitor,False,False
5,68.0,0,0.0,35,818.5,0.0,0.03,0.0,0.8,May,2,2,1,3,Returning_Visitor,False,False
0,0.0,0,0.0,1,7.74,0.2,0.12,0.01,0.0,June,2,2,1,3,Returning_Visitor,False,False
3,103.0,0,0.0,13,204.6,0.0,0.04,0.09,0.0,Mar,3,2,3,9,Returning_Visitor,False,False
6,190.92,0,0.0,8,603.26,0.02,0.03,0.0,0.0,Nov,1,1,3,2,Returning_Visitor,False,False
0,0.0,0,0.0,7,71.6,0.03,0.07,0.45,0.0,Nov,1,1,9,4,Returning_Visitor,False,False
2,97.42,0,0.0,24,360.54,0.01,0.02,0.0,0.0,Dec,1,1,1,1,Returning_Visitor,False,False
0,0.0,0,0.0,1,0.0,0.2,0.14,0.02,0.0,Nov,2,2,1,1,Returning_Visitor,False,False
0,0.0,0,0.0,48,3644.75,0.0,0.02,18.21,0.0,Mar,2,2,7,2,Returning_Visitor,False,False
8,504.7,0,7.34,71,1496.1,0.0,0.01,33.87,0.03,Nov,2,2,1,2,Returning_Visitor,False,True
3,44.0,0,0.0,14,469.88,0.0,0.01,0.0,0.0,Mar,2,4,3,10,Returning_Visitor,False,False
1,9.0,0,0.0,22,1889.25,0.0,0.02,0.0,0.0,Mar,2,2,7,2,Returning_Visitor,False,False
5,504.18,4,94.0,34,1603.5,0.0,0.01,0.0,0.0,May,1,1,1,2,Returning_Visitor,False,False
3,81.18,0,0.0,15,343.25,0.01,0.03,0.0,0.0,Dec,2,4,4,2,Returning_Visitor,False,False
1,99.45,2,194.4,24,194.4,0.0,0.05,0.39,0.0,Aug,2,2,1,6,Returning_Visitor,True,False
3,102.6,0,0.0,35,871.83,0.0,0.01,0.0,0.0,Oct,1,1,1,2,New_Visitor,True,False
0,0.0,0,0.0,12,431.08,0.01,0.02,37.76,0.0,Sep,2,2,1,6,Returning_Visitor,False,True
3,101.64,0,7.52,137,3978.63,0.0,0.0,81.76,0.03,Dec,2,4,3,2,Returning_Visitor,False,False
2,12.0,0,0.0,9,60.0,0.0,0.02,0.0,0.0,Mar,2,2,3,2,New_Visitor,True,False
1,92.03,0,5.35,14,1493.43,0.01,0.0,60.44,0.0,May,1,1,1,3,New_Visitor,False,True
0,0.0,0,0.0,2,0.0,0.14,0.2,0.0,0.0,June,1,1,3,2,Returning_Visitor,False,False
3,133.47,0,0.0,34,2664.45,0.0,0.01,39.09,0.0,Nov,2,2,1,2,Returning_Visitor,True,True
6,100.81,3,18.0,22,1494.55,0.0,0.0,0.0,0.0,Oct,2,2,1,2,New_Visitor,True,False
1,89.09,0,0.0,29,1490.28,0.0,0.01,30.55,0.0,Mar,2,2,1,4,New_Visitor,False,True
0,0.0,0,0.19,12,547.33,0.0,0.03,0.0,0.0,Mar,2,2,1,3,Returning_Visitor,False,False
6,449.25,0,2.17,29,778.36,0.01,0.02,0.0,0.03,May,3,2,5,3,Returning_Visitor,True,False
3,22.0,1,23.17,29,2209.75,0.0,0.04,0.0,0.0,Nov,3,2,3,2,Returning_Visitor,False,False
3,138.5,0,0.0,27,1466.42,0.01,0.03,0.0,0.0,Dec,1,8,1,2,Returning_Visitor,False,False
0,0.0,0,0.49,72,2129.33,0.0,0.02,0.0,0.1,Dec,2,2,1,2,Returning_Visitor,False,False
2,82.19,0,3.43,16,368.47,0.0,0.01,0.0,0.0,Oct,4,1,4,2,Returning_Visitor,False,False
0,1.04,0,0.0,37,1118.65,0.0,0.01,0.0,0.0,Mar,1,1,1,2,Returning_Visitor,False,False
3,86.0,0,0.0,2,0.0,0.0,0.14,0.0,0.0,Dec,3,2,2,10,Other,False,False
0,0.0,0,0.35,58,2665.8,0.0,0.02,0.0,0.8,May,2,2,3,4,Returning_Visitor,False,False
2,42.2,0,3.78,17,1492.49,0.03,0.02,0.0,0.0,Nov,3,2,3,1,Returning_Visitor,False,False
4,104.0,0,0.0,8,243.5,0.0,0.02,0.0,0.03,Dec,2,2,3,2,New_Visitor,False,False
0,1.7,0,0.0,8,856.87,0.0,0.05,0.0,0.0,May,2,2,2,13,Returning_Visitor,False,False
0,0.0,0,0.0,11,301.4,0.0,0.02,0.0,0.0,Mar,2,2,5,1,Returning_Visitor,False,False
0,17.4,0,26.31,8,640.27,0.0,0.03,58.79,0.2,May,2,2,3,2,New_Visitor,False,True
3,52.0,1,92.01,34,3087.0,0.0,0.02,16.95,0.0,Mar,2,2,3,8,Returning_Visitor,False,True
6,141.5,3,474.5,34,1486.45,0.0,0.02,34.84,0.04,May,1,1,1,4,Returning_Visitor,True,False
4,63.5,4,100.25,34,1573.23,0.0,0.0,0.0,0.03,Mar,2,2,6,1,Returning_Visitor,False,False
3,99.0,0,0.0,23,831.69,0.0,0.02,0.0,0.0,May,3,2,4,13,Returning_Visitor,False,False
0,0.0,0,0.0,30,1438.0,0.0,0.01,100.17,0.0,Nov,4,1,1,3,Returning_Visitor,False,True
3,149.0,0,0.0,25,1294.18,0.01,0.03,0.0,0.0,May,3,2,1,13,Returning_Visitor,False,False
0,0.0,0,0.82,3,77.0,0.0,0.07,0.0,0.0,Mar,4,2,1,1,Returning_Visitor,False,False
0,0.0,0,2.26,10,726.21,0.0,0.02,0.0,0.0,Mar,1,1,1,2,Returning_Visitor,True,False
2,60.0,6,459.0,17,1370.07,0.02,0.04,0.0,0.0,May,1,1,6,1,Returning_Visitor,False,False
1,10.0,0,0.0,34,1482.02,0.0,0.02,0.01,0.0,Mar,3,2,1,3,Returning_Visitor,False,False
1,7.0,0,2.83,14,1118.83,0.01,0.02,0.0,0.0,Nov,2,2,6,13,Returning_Visitor,False,False
0,20.0,0,6.75,34,1008.92,0.0,0.03,5.3,0.0,May,2,5,2,6,Returning_Visitor,True,False
8,222.88,4,285.62,31,1622.88,0.01,0.01,15.26,0.04,Dec,3,2,1,2,Returning_Visitor,False,False
11,362.3,0,0.71,41,1081.71,0.01,0.03,27.51,0.0,Sep,2,2,1,1,Returning_Visitor,True,False
0,0.0,0,0.0,23,1484.43,0.03,0.04,0.0,0.0,Nov,2,4,8,1,Returning_Visitor,False,False
3,360.75,0,9.48,264,10497.15,0.0,0.01,8.83,0.03,Nov,2,2,3,2,Returning_Visitor,False,False
2,251.51,0,2.66,45,6707.54,0.01,0.02,6.16,0.0,Oct,2,2,8,2,Returning_Visitor,False,False
3,98.0,0,8.13,12,343.0,0.02,0.03,0.0,0.0,Mar,3,1,1,2,Returning_Visitor,True,False
3,12.6,0,0.0,37,140.7,0.0,0.04,15.89,0.04,Jul,2,2,3,2,Returning_Visitor,True,True
1,112.8,0,0.0,8,543.73,0.0,0.01,28.7,0.0,Dec,1,1,6,2,New_Visitor,False,True
1,87.91,1,9.0,21,1497.89,0.0,0.0,86.12,0.0,Nov,2,2,8,2,New_Visitor,False,True
6,141.0,0,122.46,39,4081.25,0.0,0.02,5.38,0.03,Nov,2,2,1,2,Returning_Visitor,False,False
3,152.5,4,243.5,43,3065.95,0.0,0.01,3.31,0.0,Mar,1,2,1,1,Returning_Visitor,True,True
4,94.23,0,13.97,135,2935.26,0.0,0.02,0.27,0.03,Aug,2,2,2,2,Returning_Visitor,False,False
0,10.38,0,0.0,12,1554.69,0.0,0.01,0.0,0.0,May,3,2,1,4,New_Visitor,False,False
0,0.0,0,0.0,34,1489.8,0.11,0.11,0.0,0.86,May,3,2,4,13,Returning_Visitor,True,False
0,0.0,0,0.0,25,280.93,0.0,0.02,0.0,0.06,May,2,2,1,13,Returning_Visitor,False,False
4,49.09,0,0.0,35,95.5,0.0,0.03,0.01,0.0,Mar,3,2,1,9,New_Visitor,True,False
0,0.0,0,0.0,4,0.0,0.14,0.14,0.22,0.0,Jul,1,1,4,4,Returning_Visitor,False,False
3,53.4,0,0.0,3,292.0,0.0,0.0,0.0,0.0,Nov,2,2,1,4,Returning_Visitor,False,False
0,92.19,0,5.6,6,330.0,0.07,0.1,0.0,0.0,Mar,3,2,1,10,Returning_Visitor,False,False
3,34.5,0,0.0,22,214.42,0.01,0.01,0.0,0.0,Nov,2,2,1,2,Other,False,False
0,0.0,0,0.0,1,19.11,0.2,0.14,0.01,0.0,Dec,3,2,1,1,Returning_Visitor,True,False
3,123.0,0,0.0,7,178.33,0.0,0.02,0.0,0.0,May,3,2,1,1,Returning_Visitor,False,False
4,81.92,0,0.0,36,1479.59,0.0,0.02,14.89,0.0,Mar,2,2,7,2,Returning_Visitor,False,True
8,139.68,8,353.33,45,1499.28,0.0,0.01,5.58,0.03,Mar,2,2,4,2,Returning_Visitor,False,True
1,150.36,0,14.23,221,11431.0,0.01,0.02,1.58,0.04,Nov,2,5,1,3,Returning_Visitor,False,True
0,0.0,0,0.0,6,63.73,0.08,0.09,0.01,0.04,May,1,1,3,2,Returning_Visitor,False,False
3,31.71,1,4.0,51,946.39,0.02,0.04,10.37,0.03,Nov,1,1,3,2,Returning_Visitor,False,False
0,0.0,0,0.0,5,1393.01,0.0,0.04,0.0,0.03,Mar,2,4,3,1,Returning_Visitor,False,False
5,92.3,0,0.0,20,910.41,0.0,0.0,0.03,0.03,Nov,2,2,4,2,New_Visitor,True,False
2,87.79,0,0.0,16,218.0,0.01,0.03,0.06,0.0,Aug,1,2,6,4,Returning_Visitor,False,False
3,97.0,0,1.68,15,482.0,0.01,0.03,0.02,0.0,Mar,2,2,6,1,Returning_Visitor,False,False
1,0.0,0,2.77,39,1519.49,0.0,0.04,0.05,0.0,Nov,2,2,1,1,Returning_Visitor,True,False
0,25.82,0,0.66,11,572.0,0.04,0.07,0.0,0.0,Nov,1,1,4,3,Returning_Visitor,False,False
3,110.5,0,0.0,10,284.0,0.0,0.01,0.0,1.0,May,1,1,1,11,New_Visitor,True,False
0,42.43,0,1.06,7,354.5,0.03,0.05,0.04,0.03,Nov,2,2,4,1,Returning_Visitor,False,False
4,237.0,0,87.7,16,379.3,0.02,0.06,0.0,0.0,Oct,7,1,1,3,Returning_Visitor,False,False
2,98.0,0,0.0,11,86.75,0.0,0.02,0.0,0.03,May,3,2,6,5,New_Visitor,False,False
3,45.8,0,34.98,63,2435.7,0.01,0.01,0.0,0.03,Jul,3,2,4,3,Returning_Visitor,False,False
1,270.0,1,25.1,362,13259.29,0.0,0.01,0.0,0.03,May,2,2,1,2,Returning_Visitor,False,False
0,0.0,0,0.0,29,1211.17,0.0,0.01,0.0,0.0,Nov,2,2,4,2,New_Visitor,False,True
6,80.81,1,12.0,52,1500.33,0.0,0.01,4.5,0.0,May,3,2,4,11,Returning_Visitor,False,False
6,262.25,4,298.0,49,2302.02,0.0,0.03,38.93,0.0,Mar,1,1,1,2,Returning_Visitor,False,True
0,0.0,0,0.0,52,1622.43,0.01,0.04,0.0,0.05,May,2,2,3,13,Returning_Visitor,False,False
4,0.0,1,14.0,33,1666.75,0.0,0.02,0.0,0.0,Nov,8,2,9,20,Other,False,False
0,0.0,0,0.0,12,984.48,0.0,0.01,0.0,0.0,Nov,2,2,3,2,New_Visitor,False,True
3,40.25,0,0.0,34,1349.16,0.01,0.03,24.08,0.0,Dec,1,1,2,8,Returning_Visitor,True,True
0,1.23,0,0.0,32,1658.12,0.0,0.02,21.58,0.0,Nov,2,2,1,10,Returning_Visitor,False,False
2,12.0,0,0.0,15,213.0,0.05,0.07,0.0,0.0,Nov,2,2,4,13,Returning_Visitor,False,False
0,12.48,0,0.57,1,0.0,0.14,0.2,0.0,0.8,May,2,2,1,11,Returning_Visitor,False,False
0,0.0,0,0.0,29,4279.97,0.04,0.07,0.0,0.0,Dec,2,2,1,1,Returning_Visitor,False,False
0,0.0,0,4.32,11,229.25,0.0,0.04,0.0,0.0,Mar,1,1,6,2,Returning_Visitor,False,False
0,9.64,0,0.0,17,557.4,0.0,0.01,83.93,0.0,Sep,2,2,2,2,New_Visitor,True,True
3,100.92,0,0.0,9,168.02,0.0,0.05,0.0,0.03,Oct,3,2,1,1,Returning_Visitor,True,False
2,11.0,0,0.0,51,2855.17,0.0,0.01,0.0,0.0,Nov,2,2,4,3,Returning_Visitor,False,False
4,82.63,1,27.0,21,1539.69,0.04,0.05,0.0,0.04,May,3,2,4,3,Returning_Visitor,False,False
0,0.0,0,0.0,27,1527.43,0.0,0.03,0.0,0.0,Nov,3,2,1,11,New_Visitor,True,False
0,0.0,0,0.0,3,55.0,0.07,0.1,0.04,0.0,Mar,3,2,3,3,Returning_Visitor,False,False
3,139.0,0,0.0,5,1446.39,0.0,0.01,0.0,0.0,Mar,2,2,5,2,New_Visitor,False,False
6,170.15,0,0.0,28,71.35,0.0,0.0,0.0,0.0,Mar,2,2,1,2,New_Visitor,False,False
0,0.0,0,0.0,2,22.0,0.0,0.1,0.0,0.0,Nov,3,2,3,3,Returning_Visitor,False,False
3,230.33,2,64.0,33,964.05,0.0,0.02,0.0,0.03,May,3,2,7,6,Returning_Visitor,False,False
2,45.0,0,0.0,34,535.35,0.01,0.01,0.0,0.0,Mar,2,4,3,10,Returning_Visitor,False,False
1,4.33,0,0.0,3,14.33,0.01,0.03,0.0,0.0,June,4,2,1,5,Returning_Visitor,True,True
0,0.0,0,0.0,5,73.75,0.03,0.04,0.0,0.0,Mar,3,2,1,2,Returning_Visitor,True,False
1,216.6,0,0.0,34,1463.8,0.01,0.01,0.0,0.0,Mar,1,1,8,2,Returning_Visitor,False,False
4,409.23,0,0.0,34,1205.58,0.0,0.01,37.61,0.03,May,2,2,1,2,Returning_Visitor,True,False
0,0.0,0,0.0,16,190.75,0.0,0.02,0.0,0.0,May,2,2,1,4,Returning_Visitor,False,False
0,73.23,0,7.92,310,7710.73,0.0,0.01,0.1,0.04,Jul,4,1,1,2,Returning_Visitor,False,True
12,138.92,0,4.68,14,1352.75,0.0,0.02,0.01,0.03,Nov,2,2,1,2,Returning_Visitor,False,False
2,43.4,2,93.41,34,1279.81,0.0,0.03,0.0,0.0,Sep,1,1,3,2,Returning_Visitor,True,False
3,79.0,1,36.04,137,1498.73,0.0,0.02,0.0,0.0,Nov,2,2,1,2,Returning_Visitor,True,False
0,0.76,0,0.0,6,213.54,0.0,0.03,0.0,0.0,Mar,2,2,1,1,Returning_Visitor,False,False
0,5.9,0,0.0,6,117.5,0.0,0.03,0.01,0.03,May,4,2,8,3,Returning_Visitor,True,False
0,57.83,0,0.0,6,288.43,0.0,0.01,0.0,0.03,Aug,1,1,4,2,Returning_Visitor,False,False
4,134.39,1,191.9,24,1487.98,0.0,0.01,39.18,0.03,Oct,3,2,1,5,Returning_Visitor,False,False
0,0.0,0,0.0,2,0.0,0.14,0.12,0.15,0.0,Nov,2,2,8,6,Returning_Visitor,False,False
1,3.0,0,4.56,34,884.34,0.0,0.01,18.12,0.05,May,2,2,1,4,Returning_Visitor,False,False
2,200.0,1,0.0,18,1606.83,0.0,0.03,0.0,0.0,May,3,2,5,2,Returning_Visitor,False,False
0,0.0,0,0.0,34,1477.46,0.0,0.02,0.0,0.0,Dec,2,2,1,2,Returning_Visitor,False,False
3,160.0,0,3.74,48,3946.01,0.01,0.02,39.16,0.0,Mar,2,6,6,8,Returning_Visitor,True,True
0,0.0,0,1.76,6,63.0,0.0,0.05,0.0,0.2,Feb,2,6,1,3,Returning_Visitor,False,False
3,13.0,0,0.0,16,1502.55,0.0,0.03,0.02,0.03,Jul,3,2,3,4,Returning_Visitor,False,False
0,1.09,0,0.0,37,565.38,0.02,0.05,0.0,0.0,Jul,2,2,1,1,Returning_Visitor,False,False
2,95.0,0,0.0,20,1455.12,0.01,0.02,68.2,0.0,Dec,2,2,1,10,Returning_Visitor,False,False
0,7.43,1,21.0,12,144.5,0.01,0.05,0.0,0.03,Dec,2,2,2,1,Returning_Visitor,False,False
3,62.14,0,2.73,23,1491.23,0.0,0.0,17.37,0.03,Nov,2,2,1,1,Returning_Visitor,False,True
3,103.51,0,0.0,6,131.0,0.0,0.03,0.0,0.0,May,1,1,7,3,New_Visitor,False,False
10,202.25,0,11.39,175,4877.12,0.01,0.01,0.0,0.05,Nov,2,2,4,2,Returning_Visitor,False,True
2,114.12,1,13.0,64,1602.94,0.01,0.03,17.05,0.0,Nov,3,2,1,3,Returning_Visitor,False,False
0,0.0,0,0.0,2,156.36,0.0,0.06,0.0,0.0,May,3,2,3,3,Returning_Visitor,False,False
1,49.5,0,30.64,12,350.25,0.0,0.04,0.0,0.0,Nov,2,2,1,2,New_Visitor,True,False
5,247.1,0,0.0,6,1188.2,0.03,0.03,0.0,0.03,Oct,1,8,8,1,Returning_Visitor,True,False
0,0.0,0,4.63,64,1489.43,0.01,0.02,0.0,0.03,Dec,1,1,3,2,Returning_Visitor,True,False
0,0.0,0,0.0,34,1483.09,0.0,0.02,20.79,0.0,Dec,2,2,1,2,Returning_Visitor,False,False
3,364.5,0,0.0,26,783.5,0.01,0.01,0.0,0.0,May,1,2,4,15,Returning_Visitor,True,False
3,317.02,0,9.59,238,9956.23,0.01,0.02,6.56,0.03,Nov,2,4,3,2,Returning_Visitor,False,True
3,214.6,0,5.38,59,1992.73,0.0,0.03,13.18,0.03,Aug,2,2,1,2,Returning_Visitor,True,False
1,2.0,0,0.0,143,5149.44,0.0,0.04,0.0,0.03,Nov,2,2,1,1,Returning_Visitor,True,False
3,67.0,0,0.0,39,981.72,0.01,0.04,0.0,0.04,May,3,2,1,1,Returning_Visitor,False,False
2,29.5,0,0.0,36,1653.4,0.01,0.02,68.25,0.03,Dec,3,2,1,2,Returning_Visitor,False,False
4,61.0,0,0.0,16,502.5,0.0,0.01,39.07,0.0,May,8,1,2,1,Returning_Visitor,True,True
3,97.74,0,15.68,19,364.53,0.0,0.03,0.0,0.03,Dec,1,1,3,2,Returning_Visitor,False,False
12,80.74,0,0.0,17,231.0,0.02,0.04,0.0,0.03,May,3,2,3,3,Returning_Visitor,True,False
0,0.0,0,0.0,29,1490.45,0.02,0.04,0.0,0.03,June,2,4,3,1,Returning_Visitor,False,False
0,3.46,0,4.14,15,665.84,0.0,0.02,0.0,0.0,Feb,1,8,1,1,Returning_Visitor,False,False
3,116.0,0,0.0,34,1098.0,0.02,0.03,0.0,0.0,May,3,2,2,18,Returning_Visitor,False,False
0,54.01,0,0.0,28,341.46,0.0,0.01,0.0,0.03,Dec,2,4,3,10,New_Visitor,False,False
2,85.55,0,0.0,4,88.0,0.0,0.02,0.02,0.0,Dec,1,1,1,3,Returning_Visitor,False,False
1,4.0,0,0.0,18,631.67,0.0,0.03,38.01,0.0,May,2,2,1,3,Returning_Visitor,False,True
0,5.95,0,0.0,5,24.0,0.04,0.12,0.0,0.0,May,1,1,1,4,Returning_Visitor,True,False
2,17.0,0,0.0,7,1093.0,0.04,0.05,0.0,0.03,Dec,2,2,3,1,Returning_Visitor,False,False
1,0.0,0,0.0,21,405.71,0.0,0.05,0.0,0.04,Feb,1,1,1,4,Returning_Visitor,False,False
4,82.5,0,0.0,16,1492.83,0.0,0.01,0.0,0.0,Dec,1,1,4,2,Returning_Visitor,True,False
0,0.0,0,0.0,13,151.0,0.01,0.02,0.0,0.41,May,1,1,1,1,Returning_Visitor,True,False
3,356.5,0,0.0,34,1992.92,0.0,0.01,17.85,0.0,Mar,2,4,1,1,Returning_Visitor,False,True
5,47.07,0,26.41,34,1660.35,0.0,0.01,12.6,0.04,May,2,1,1,4,Returning_Visitor,True,False
1,31.5,0,0.0,6,32.83,0.0,0.05,0.0,0.0,Aug,2,2,9,2,New_Visitor,True,False
5,154.2,0,1.52,12,269.54,0.0,0.01,0.0,0.0,Aug,3,2,1,4,Returning_Visitor,False,False
1,7.0,0,0.0,35,471.0,0.0,0.04,0.01,1.0,May,2,2,7,2,Returning_Visitor,True,False
0,2.95,0,0.0,13,425.17,0.0,0.02,0.06,0.0,Mar,1,1,6,10,Returning_Visitor,False,False
0,0.0,0,0.0,21,685.17,0.02,0.04,0.0,0.0,Nov,1,1,8,1,Returning_Visitor,True,True
0,0.0,0,0.0,11,1435.0,0.05,0.11,0.93,0.0,May,2,2,1,1,Returning_Visitor,True,False
0,0.0,0,0.0,6,84.0,0.0,0.03,0.0,0.0,Mar,1,1,8,3,Returning_Visitor,False,False
9,96.19,0,35.2,34,1345.14,0.03,0.05,2.1,0.0,Jul,2,2,2,13,Returning_Visitor,False,False
1,43.5,0,7.83,35,1426.4,0.0,0.01,0.0,0.03,Dec,2,2,1,2,New_Visitor,False,False
5,145.0,2,349.0,33,1489.02,0.01,0.04,16.58,0.0,Nov,2,2,7,1,Returning_Visitor,False,True
0,51.68,0,0.0,28,132.63,0.01,0.01,0.0,0.0,Mar,1,1,1,2,Returning_Visitor,False,False
0,26.68,0,13.96,13,1314.08,0.0,0.01,7.71,0.0,Dec,8,13,9,20,Other,False,True
3,82.14,0,16.06,54,1495.59,0.0,0.01,70.34,0.0,Nov,2,2,1,3,New_Visitor,False,True
0,0.0,0,0.0,33,1239.5,0.07,0.13,0.0,1.0,May,2,2,1,2,Returning_Visitor,True,False
0,0.0,0,0.0,5,215.0,0.04,0.08,0.03,0.6,Nov,3,2,1,2,Returning_Visitor,False,False
0,0.0,0,0.0,4,51.5,0.0,0.05,0.0,0.0,Dec,2,2,1,2,New_Visitor,False,False
0,0.0,0,1.98,11,484.68,0.02,0.03,0.0,0.03,Nov,3,2,6,2,Returning_Visitor,False,False
0,7.67,0,0.0,5,187.5,0.01,0.04,0.0,0.04,Dec,2,5,8,2,Returning_Visitor,True,False
2,40.0,0,0.0,20,55.0,0.01,0.03,1.19,0.2,May,4,2,1,13,Returning_Visitor,False,False
2,256.0,0,0.0,14,1498.13,0.0,0.01,0.0,0.0,May,3,2,8,11,New_Visitor,False,False
2,57.5,0,0.0,16,1485.09,0.0,0.01,143.48,0.04,Dec,2,2,9,2,New_Visitor,True,True
0,1.75,0,1.82,2,0.0,0.2,0.2,0.01,0.0,Jul,1,1,3,1,Returning_Visitor,False,False
2,56.73,0,0.0,33,1091.39,0.0,0.0,0.0,0.03,Oct,2,1,3,2,New_Visitor,True,False
0,5.14,0,0.0,8,72.42,0.06,0.07,0.0,0.04,May,3,2,4,1,Returning_Visitor,False,False
3,445.33,1,72.21,31,1896.27,0.01,0.01,3.8,0.03,Mar,3,2,6,1,Returning_Visitor,False,False
0,91.15,1,0.83,29,1005.95,0.01,0.01,0.0,0.03,May,2,3,5,5,Returning_Visitor,False,False
2,23.82,0,0.0,27,388.23,0.01,0.03,0.0,0.0,Oct,1,8,3,1,Returning_Visitor,False,False
0,0.0,0,0.0,18,1488.83,0.0,0.01,0.0,0.0,June,3,7,2,4,Returning_Visitor,False,False
0,0.0,0,0.0,46,2158.5,0.02,0.03,0.0,0.0,Nov,2,2,7,2,Returning_Visitor,False,False
0,0.0,0,0.0,7,199.0,0.0,0.1,0.0,0.0,Mar,3,2,1,3,Returning_Visitor,True,False
8,188.83,3,27.0,64,4829.62,0.0,0.02,38.21,0.03,Nov,1,1,1,2,Returning_Visitor,False,True
4,234.3,0,0.0,36,1300.85,0.0,0.04,0.0,0.0,Oct,1,1,8,5,New_Visitor,True,False
0,0.0,0,4.0,1,3.33,0.2,0.2,0.0,0.0,Nov,1,1,2,2,Returning_Visitor,False,False
0,0.0,0,0.0,2,12.13,0.2,0.2,0.0,0.03,Nov,3,2,1,1,Returning_Visitor,False,False
1,8.0,0,4.47,34,1893.65,0.01,0.04,0.0,0.03,Nov,3,2,1,1,Returning_Visitor,True,False
0,0.0,0,0.0,34,1499.25,0.0,0.02,0.01,0.04,May,2,2,2,1,Returning_Visitor,False,False
0,0.0,0,0.0,3,11.0,0.03,0.1,0.0,0.6,May,2,4,1,6,Returning_Visitor,False,False
7,155.9,0,0.0,34,1498.41,0.0,0.03,14.12,0.0,May,2,4,7,2,Returning_Visitor,False,False
0,0.0,0,0.0,16,1485.3,0.05,0.07,0.0,0.0,May,3,2,2,3,Returning_Visitor,False,False
8,574.55,0,0.0,15,571.42,0.03,0.03,0.0,0.03,Oct,3,2,4,2,Returning_Visitor,False,False
0,5.78,0,0.0,3,5.38,0.2,0.2,0.0,0.0,May,1,1,6,6,Returning_Visitor,False,False
1,358.08,1,21.19,93,3422.52,0.02,0.04,0.0,0.0,Nov,2,4,2,2,Returning_Visitor,False,False
1,0.0,0,0.0,11,297.3,0.0,0.04,0.01,0.05,May,2,2,4,2,Returning_Visitor,False,False
0,0.0,0,22.63,33,809.25,0.0,0.01,109.91,0.03,Mar,1,2,7,2,Returning_Visitor,False,True
0,0.0,0,0.0,9,531.0,0.0,0.02,0.0,0.03,May,4,1,1,2,Returning_Visitor,False,False
0,0.0,0,2.7,6,1064.13,0.1,0.13,0.0,0.0,Nov,1,1,1,10,Returning_Visitor,True,False
2,127.0,0,0.0,13,1511.25,0.02,0.04,0.0,0.04,May,1,1,1,3,Returning_Visitor,False,False
3,172.08,0,0.0,21,486.15,0.0,0.01,48.01,0.0,Nov,2,2,4,1,Returning_Visitor,False,True
0,0.0,0,1.23,7,221.21,0.0,0.03,0.02,0.2,May,2,2,7,1,Returning_Visitor,False,False
0,8.68,0,0.0,12,1437.75,0.02,0.04,0.0,0.0,Nov,2,2,3,1,Returning_Visitor,False,False
2,125.5,0,0.0,19,1409.42,0.0,0.02,0.69,0.0,Mar,1,8,3,2,Returning_Visitor,False,False
0,0.0,0,0.0,8,614.17,0.0,0.01,0.0,1.0,May,1,1,3,2,Returning_Visitor,True,False
3,6.0,0,0.0,24,762.33,0.03,0.06,0.0,0.2,May,2,2,1,3,Returning_Visitor,False,False
10,240.1,1,0.0,33,668.03,0.02,0.02,0.08,0.03,Aug,2,2,7,2,Returning_Visitor,True,False
0,0.0,0,0.43,34,1087.0,0.0,0.01,0.0,0.03,May,4,2,2,2,Returning_Visitor,False,False
1,156.9,0,16.61,39,1123.69,0.0,0.01,6.59,0.04,May,3,5,7,2,New_Visitor,False,True
3,101.67,0,0.0,22,2250.08,0.0,0.02,32.71,0.0,Mar,2,4,4,1,Returning_Visitor,False,True
0,0.0,0,0.0,5,0.0,0.13,0.11,0.01,0.03,Nov,2,2,2,1,Returning_Visitor,False,False
1,90.0,1,91.79,40,1477.41,0.0,0.01,0.0,0.0,Nov,2,10,3,2,Returning_Visitor,False,False
1,80.68,0,0.0,26,1529.54,0.02,0.03,0.0,0.03,May,3,2,8,11,Returning_Visitor,False,False
1,63.4,0,2.39,3,120.4,0.0,0.0,0.05,0.0,Oct,1,1,3,3,New_Visitor,False,True
0,0.0,0,10.72,19,224.0,0.0,0.04,0.0,0.0,May,2,2,3,19,Returning_Visitor,False,False
2,93.0,3,808.5,33,1310.47,0.02,0.04,0.0,0.4,May,2,2,6,4,Returning_Visitor,False,False
3,31.2,0,0.0,4,68.76,0.03,0.06,0.0,0.03,May,2,2,3,1,Returning_Visitor,False,False
0,0.99,0,0.0,34,1479.9,0.03,0.04,0.0,0.0,Dec,3,2,2,13,Returning_Visitor,True,False
3,0.0,0,0.0,34,1107.92,0.0,0.01,226.68,0.05,Dec,8,13,9,20,Other,False,True
0,0.0,1,10.63,9,215.0,0.04,0.14,0.0,0.8,Feb,1,1,1,3,Returning_Visitor,True,False
4,45.33,0,7.45,53,1440.3,0.01,0.02,1.66,0.03,Mar,2,2,7,3,Returning_Visitor,True,True
4,8.5,0,0.0,31,1491.0,0.0,0.01,0.19,0.03,Mar,2,2,3,2,New_Visitor,True,False
3,7.0,0,160.69,34,3380.69,0.0,0.02,0.0,0.0,Mar,2,2,3,2,Returning_Visitor,True,False
0,1.46,0,0.0,14,1477.72,0.01,0.05,0.0,0.6,May,2,2,9,3,Returning_Visitor,False,False
0,1.55,0,2.3,47,1483.69,0.0,0.02,0.0,0.0,Dec,2,2,1,2,Returning_Visitor,False,False
2,91.0,3,482.48,27,1244.83,0.0,0.01,0.0,0.0,Mar,2,2,1,2,New_Visitor,True,False
0,11.19,0,0.0,10,570.5,0.0,0.02,0.0,0.04,May,2,4,1,3,Returning_Visitor,False,False
0,1.72,0,0.0,34,1063.67,0.01,0.05,0.0,0.04,Aug,2,2,2,1,Returning_Visitor,False,False
0,10.39,0,2.48,7,182.0,0.03,0.07,0.0,0.03,Mar,3,2,1,2,Returning_Visitor,True,False
0,0.0,0,0.0,14,1484.81,0.01,0.02,0.0,0.0,Mar,1,1,1,3,Returning_Visitor,False,False
2,92.45,0,0.0,2,1739.02,0.0,0.0,0.0,0.03,Aug,2,4,3,1,New_Visitor,False,False
4,70.91,0,0.0,15,1459.44,0.0,0.03,0.0,0.0,May,2,6,9,3,Returning_Visitor,False,False
3,56.6,0,2.49,55,1058.34,0.0,0.02,37.21,0.03,Nov,2,2,1,2,Returning_Visitor,False,True
0,9.43,0,13.37,111,3971.52,0.01,0.02,0.0,0.03,Nov,2,2,1,2,Returning_Visitor,False,False
1,18.83,0,0.0,104,23.83,0.0,0.04,0.0,0.03,Dec,3,2,1,10,Returning_Visitor,False,False
0,0.0,0,1.0,6,4.0,0.14,0.16,0.0,0.6,May,3,2,1,13,Returning_Visitor,False,False
1,15.0,0,0.0,29,1397.5,0.01,0.05,0.0,0.8,May,2,4,7,3,Returning_Visitor,False,False
0,6.35,0,0.0,34,685.75,0.0,0.04,0.0,0.03,Dec,2,2,2,3,Returning_Visitor,False,False
1,0.0,0,1.78,34,1483.33,0.05,0.1,0.03,0.0,Mar,2,2,7,1,Returning_Visitor,False,False
6,138.86,0,0.0,25,688.45,0.0,0.02,5.6,0.0,Sep,2,2,3,2,Returning_Visitor,False,False
1,587.0,0,3.15,125,4639.41,0.01,0.02,0.0,0.03,May,3,2,1,4,Returning_Visitor,False,False
1,22.64,0,0.0,34,677.33,0.0,0.03,0.04,0.0,Nov,3,2,8,1,Returning_Visitor,False,False
1,64.5,0,13.32,36,766.22,0.0,0.0,0.0,0.0,Dec,3,2,3,2,New_Visitor,False,False
1,92.6,0,0.0,30,1126.39,0.0,0.01,67.18,0.0,Nov,2,2,1,2,Returning_Visitor,False,True
3,218.6,0,0.0,19,1508.67,0.0,0.01,0.02,0.0,Aug,3,2,1,2,Returning_Visitor,False,False
5,85.73,0,4.31,34,916.0,0.0,0.0,0.0,0.0,Dec,2,2,2,1,Returning_Visitor,False,False
0,0.0,0,0.0,101,2611.75,0.0,0.03,0.0,0.0,Oct,2,2,1,1,Returning_Visitor,False,False
3,13.0,1,90.46,39,1028.78,0.0,0.01,0.0,0.03,Dec,2,2,3,2,Returning_Visitor,False,False
2,34.96,0,0.0,9,163.38,0.0,0.02,0.0,0.0,Mar,1,2,3,2,New_Visitor,False,False
0,0.0,0,0.0,6,64.33,0.0,0.03,0.01,0.8,May,2,2,1,1,Returning_Visitor,False,False
4,69.5,0,0.0,5,206.55,0.0,0.01,0.02,0.0,Mar,3,2,1,13,Returning_Visitor,False,False
0,123.59,0,0.0,15,384.0,0.0,0.01,0.0,0.0,Dec,3,2,1,2,New_Visitor,False,False
0,0.0,0,0.0,39,537.0,0.01,0.01,0.0,0.03,May,4,2,3,13,Returning_Visitor,False,False
0,27.63,0,0.0,1,10.07,0.2,0.2,0.0,0.0,Mar,3,2,3,1,Returning_Visitor,False,False
0,0.0,0,0.0,25,644.88,0.0,0.04,0.0,0.0,Nov,2,2,3,2,Returning_Visitor,False,False
5,116.0,0,7.93,31,1350.26,0.01,0.02,0.0,0.03,Dec,3,2,8,2,Returning_Visitor,False,False
3,4.0,0,0.0,34,947.42,0.01,0.04,0.0,0.0,Nov,2,2,1,2,Returning_Visitor,True,False
2,27.2,0,0.46,47,1299.83,0.01,0.03,0.0,0.03,Oct,2,2,3,1,Returning_Visitor,False,False
1,5.23,0,0.0,15,541.36,0.01,0.03,0.0,0.0,Nov,2,2,7,1,Returning_Visitor,False,False
0,4.34,0,0.0,21,1636.5,0.04,0.07,0.0,0.4,May,2,4,1,3,Returning_Visitor,False,False
0,0.0,0,0.0,21,1489.14,0.02,0.04,0.0,0.0,Mar,1,1,1,1,Returning_Visitor,False,False
1,81.6,0,0.0,10,107.2,0.02,0.03,0.0,0.0,Oct,2,2,3,20,Returning_Visitor,False,False
0,0.0,0,0.0,5,156.5,0.0,0.01,0.07,0.0,Nov,2,4,7,3,Returning_Visitor,False,True
3,131.0,2,9.0,14,237.75,0.0,0.02,0.0,0.03,Dec,2,2,4,2,New_Visitor,False,False
7,645.67,0,0.0,34,1358.17,0.01,0.02,0.02,0.0,Nov,1,1,1,1,Returning_Visitor,True,False
0,0.0,0,0.0,34,1358.8,0.0,0.05,0.0,0.0,Mar,2,4,4,1,Returning_Visitor,False,False
3,92.0,0,5.0,91,4155.62,0.0,0.02,0.0,0.03,Nov,1,2,1,2,Returning_Visitor,True,False
10,543.35,0,6.27,169,6920.97,0.01,0.02,0.74,0.03,Nov,1,1,3,2,Returning_Visitor,False,False
0,0.69,0,6.63,12,129.0,0.0,0.03,0.0,0.0,Mar,1,1,3,2,Returning_Visitor,False,False
0,0.0,0,0.68,34,404.0,0.0,0.02,0.01,0.0,May,2,4,6,1,Returning_Visitor,False,False
0,0.66,0,0.67,1,2.6,0.2,0.2,0.03,0.0,June,1,1,1,5,Returning_Visitor,False,False
3,81.5,0,0.0,56,857.74,0.0,0.01,0.0,0.04,June,3,2,1,4,Returning_Visitor,False,False
2,38.0,0,1.87,11,1786.49,0.0,0.02,113.98,0.0,May,2,2,1,2,Returning_Visitor,False,True
1,7.0,0,0.0,15,430.5,0.0,0.02,0.0,0.03,May,2,4,7,2,Returning_Visitor,False,False
0,0.0,0,0.0,21,1461.83,0.02,0.04,39.14,0.0,Nov,2,2,1,1,Returning_Visitor,True,True
0,0.0,0,0.32,11,274.3,0.0,0.06,0.01,0.03,June,2,2,1,3,Returning_Visitor,False,False
0,0.0,0,5.64,125,7453.77,0.0,0.01,0.0,0.0,Nov,2,2,3,2,Returning_Visitor,False,False
0,0.0,0,0.0,1,0.0,0.2,0.2,0.0,0.0,Mar,3,2,1,1,Returning_Visitor,False,False
3,180.13,0,6.36,27,1189.45,0.13,0.12,0.01,0.0,Nov,3,2,1,13,Returning_Visitor,False,False
7,44.3,0,0.0,44,2747.62,0.02,0.06,13.79,0.0,Nov,2,2,7,1,Returning_Visitor,False,False
0,0.0,0,0.0,12,323.0,0.03,0.07,0.0,0.03,Mar,2,2,1,3,Returning_Visitor,True,False
0,0.0,0,0.0,24,1492.13,0.0,0.0,106.25,0.03,Nov,1,1,9,2,Returning_Visitor,True,True
0,0.0,0,0.0,24,806.12,0.0,0.02,0.0,0.0,Nov,1,1,1,3,Returning_Visitor,False,False
4,99.8,1,66.37,34,1150.19,0.0,0.01,23.55,0.04,May,2,2,3,2,Returning_Visitor,False,True
0,0.0,1,113.23,12,645.92,0.0,0.04,0.0,0.03,Mar,1,1,1,2,Returning_Visitor,False,False
3,63.68,0,0.0,6,206.67,0.02,0.07,0.0,0.04,June,3,2,3,3,Returning_Visitor,False,False
2,3.0,0,0.0,32,1147.83,0.05,0.06,4.76,0.0,Nov,2,2,4,1,Returning_Visitor,False,True
0,0.0,0,16.37,39,1168.62,0.0,0.01,0.0,0.0,Jul,1,1,4,15,Returning_Visitor,False,False
2,158.69,0,0.0,6,266.93,0.05,0.04,0.02,0.0,Dec,3,2,5,3,Returning_Visitor,True,False
9,208.27,0,0.0,19,543.78,0.0,0.0,0.04,0.05,May,3,2,3,2,New_Visitor,True,False
1,20.2,0,22.98,13,227.6,0.0,0.01,42.29,0.0,Nov,2,2,3,2,New_Visitor,False,False
0,0.0,0,0.0,34,981.17,0.05,0.08,0.0,0.0,Mar,2,2,1,1,Returning_Visitor,True,False
3,424.0,0,0.0,3,59.68,0.0,0.05,0.0,0.0,Dec,2,2,4,2,New_Visitor,False,False
1,0.0,0,0.0,1,0.0,0.2,0.2,0.0,0.6,May,1,1,4,2,Returning_Visitor,False,False
3,238.05,0,4.53,104,3275.87,0.0,0.02,1.56,0.03,Nov,1,1,3,10,Returning_Visitor,False,True
0,85.36,0,0.0,2,2.47,0.14,0.14,0.0,0.4,Feb,2,2,1,3,Returning_Visitor,False,False
0,0.0,0,1.26,8,429.0,0.0,0.05,0.0,0.04,May,2,2,1,2,Returning_Visitor,False,False
4,57.3,0,0.0,25,488.72,0.02,0.04,0.0,0.03,May,2,5,1,1,Returning_Visitor,False,False
0,0.0,0,0.83,2,111.58,0.02,0.1,0.0,0.0,May,2,2,1,13,Returning_Visitor,True,False
3,67.75,0,0.0,30,19.25,0.0,0.05,0.0,0.0,Dec,1,1,3,20,New_Visitor,False,True
0,0.92,0,0.0,4,205.61,0.0,0.05,0.0,0.2,May,2,2,1,2,Returning_Visitor,False,False
1,43.75,0,1.5,7,950.0,0.02,0.02,0.0,0.03,Mar,3,2,2,3,Returning_Visitor,False,False
0,0.0,2,131.0,36,868.42,0.0,0.0,38.89,0.0,May,2,2,7,2,New_Visitor,False,True
1,98.5,0,0.0,30,1431.9,0.0,0.02,0.0,0.0,Mar,7,1,1,2,New_Visitor,True,False
3,17.5,0,0.0,15,810.33,0.0,0.02,4.92,0.0,Mar,2,2,3,11,Returning_Visitor,True,False
1,6.34,0,0.0,15,1517.13,0.0,0.01,0.65,0.03,May,2,4,3,2,New_Visitor,False,False
4,132.67,0,0.0,25,773.56,0.0,0.03,5.17,0.0,May,3,2,2,2,Returning_Visitor,False,True
2,57.31,0,0.0,5,298.0,0.0,0.03,0.0,0.8,Feb,2,2,8,4,Returning_Visitor,False,False
4,256.5,0,0.0,15,257.17,0.05,0.05,0.0,0.03,May,3,2,7,3,Returning_Visitor,False,False
3,147.5,1,37.5,25,788.27,0.01,0.03,16.71,0.0,May,2,2,3,1,Returning_Visitor,False,True
7,164.58,1,97.41,115,3427.67,0.0,0.02,4.97,0.0,Nov,2,2,4,10,Returning_Visitor,False,True
0,0.0,0,0.0,9,0.0,0.2,0.13,0.03,0.0,Nov,3,2,9,1,Returning_Visitor,True,False
2,82.58,0,35.65,37,1344.34,0.0,0.01,39.08,0.0,Dec,2,2,3,2,New_Visitor,False,True
7,82.32,0,0.0,11,353.9,0.03,0.04,0.75,0.0,Oct,2,2,6,1,Returning_Visitor,True,False
3,19.4,3,74.69,20,221.86,0.0,0.04,11.99,0.0,Sep,2,2,1,5,Returning_Visitor,False,False
0,0.0,0,0.0,7,76.5,0.01,0.07,0.0,0.0,May,3,1,1,1,Returning_Visitor,False,False
2,30.0,0,0.0,10,318.21,0.02,0.03,0.0,0.0,May,3,2,3,3,New_Visitor,False,False
0,41.22,0,0.0,3,21.25,0.0,0.07,0.0,0.04,Nov,3,1,1,2,New_Visitor,True,False
7,109.04,0,7.65,34,1136.08,0.0,0.01,22.65,0.0,Nov,3,2,3,3,Returning_Visitor,False,True
0,0.0,0,0.0,62,1489.21,0.06,0.08,0.0,1.0,May,3,2,3,13,Returning_Visitor,False,False
3,32.0,2,117.46,33,1039.77,0.0,0.01,0.0,0.03,Mar,2,4,3,2,Returning_Visitor,False,False
0,2.59,0,0.0,1,0.0,0.2,0.2,0.0,0.0,Mar,1,1,1,9,Returning_Visitor,True,False
0,0.98,0,0.04,30,1503.8,0.02,0.04,0.0,0.6,Sep,4,2,1,1,Returning_Visitor,False,False
1,37.0,0,4.99,34,1488.21,0.0,0.01,0.0,0.0,May,3,2,9,4,Returning_Visitor,True,False
0,275.52,2,1.56,60,1276.59,0.0,0.01,5.45,0.0,Nov,4,1,1,2,Returning_Visitor,False,True
8,269.0,0,0.0,33,1519.2,0.01,0.03,0.0,0.03,Mar,1,2,4,1,Returning_Visitor,True,False
2,27.0,0,4.9,6,558.0,0.0,0.01,0.0,0.0,Mar,2,2,3,8,New_Visitor,False,False
2,24.0,0,3.18,37,1391.11,0.0,0.02,0.08,0.0,Sep,1,1,2,2,Returning_Visitor,False,False
0,27.93,0,0.0,7,267.5,0.03,0.06,0.0,0.0,Dec,2,2,6,3,Returning_Visitor,False,False
0,0.0,2,162.5,49,572.06,0.01,0.03,0.0,0.0,Dec,2,2,1,6,Returning_Visitor,False,False
3,53.0,1,97.0,35,4891.97,0.0,0.0,0.01,0.03,Mar,2,2,8,1,Returning_Visitor,False,False
2,22.8,0,10.49,89,1342.75,0.0,0.01,0.0,0.04,Sep,1,1,1,3,Returning_Visitor,False,True
0,5.74,0,0.0,12,0.0,0.2,0.2,0.0,0.0,June,3,2,1,1,Returning_Visitor,False,False
0,1.54,0,0.0,1,9.59,0.14,0.14,0.02,0.03,Nov,2,2,6,2,Returning_Visitor,False,False
1,20.0,1,24.53,156,8613.26,0.01,0.02,0.0,0.03,Nov,1,1,1,2,Returning_Visitor,True,False
0,0.0,0,0.0,11,543.3,0.03,0.04,0.0,1.0,May,3,2,8,1,Returning_Visitor,True,False
2,56.5,0,0.0,12,544.83,0.0,0.01,39.13,0.04,Dec,1,2,1,2,Other,True,False
2,216.03,0,0.0,30,1708.08,0.01,0.01,16.19,0.0,May,2,2,1,1,Returning_Visitor,True,True
5,100.0,0,0.0,7,137.25,0.02,0.04,0.0,0.0,Dec,1,2,3,3,New_Visitor,False,False
8,81.28,0,0.0,35,1455.27,0.0,0.02,0.0,0.0,Dec,1,1,2,2,Returning_Visitor,False,False
0,3.56,0,0.0,1,0.0,0.2,0.13,0.08,0.0,Mar,2,4,6,2,Returning_Visitor,False,False
4,21.0,1,802.5,48,2073.92,0.0,0.03,0.01,0.03,Nov,2,2,3,2,Returning_Visitor,True,False
0,0.0,0,0.0,62,3299.52,0.0,0.01,5.17,0.03,Nov,2,2,1,2,Returning_Visitor,False,True
0,8.28,0,1.21,36,1166.73,0.0,0.02,0.01,0.04,Mar,1,1,1,3,Returning_Visitor,True,True
1,0.0,0,0.0,13,365.75,0.0,0.04,0.04,1.0,May,3,2,3,3,Returning_Visitor,True,False
0,0.0,0,0.0,34,1489.77,0.02,0.05,0.0,0.84,May,3,2,1,4,Returning_Visitor,True,False
0,0.0,1,2.16,9,717.0,0.02,0.03,0.0,0.0,May,3,2,5,13,Returning_Visitor,False,False
1,65.4,0,12.25,37,2097.42,0.0,0.01,0.0,0.0,Mar,1,1,5,2,Returning_Visitor,False,False
5,229.33,4,115.25,29,1524.95,0.0,0.01,0.0,0.03,Nov,1,1,1,2,Returning_Visitor,False,False
2,659.51,0,5.13,139,2006.59,0.0,0.01,9.45,0.03,Aug,2,2,7,2,Returning_Visitor,False,False
0,67.57,0,0.0,15,446.38,0.0,0.01,0.72,0.0,Dec,8,13,9,20,Other,False,False
2,10.0,1,69.0,29,1279.33,0.0,0.02,0.0,0.8,May,2,5,1,3,Returning_Visitor,False,False
0,0.0,0,0.0,37,356.17,0.0,0.01,0.0,0.4,May,2,2,1,2,Returning_Visitor,False,False
4,69.0,0,0.0,20,1577.95,0.0,0.01,30.53,0.0,May,2,2,2,3,Returning_Visitor,False,True
0,0.0,0,0.0,21,1494.79,0.0,0.01,35.53,0.0,Nov,3,2,1,2,Returning_Visitor,True,True
1,0.0,2,81.37,63,5826.33,0.0,0.03,0.01,0.04,Nov,3,2,1,3,Returning_Visitor,True,False
6,141.0,0,6.93,34,830.34,0.0,0.03,0.0,0.03,Aug,1,1,4,2,Returning_Visitor,False,False
0,0.0,0,0.0,2,0.0,0.2,0.2,0.0,0.0,May,1,1,1,3,Returning_Visitor,False,False
3,139.0,0,0.0,29,491.1,0.0,0.01,0.0,0.0,Mar,2,2,1,2,New_Visitor,True,False
6,129.02,0,0.0,56,755.42,0.0,0.02,0.0,0.0,Nov,1,1,1,10,Returning_Visitor,True,False
0,0.0,2,33.0,21,1277.83,0.01,0.04,0.0,0.0,May,2,2,7,2,Returning_Visitor,True,False
4,67.5,0,0.0,25,475.65,0.01,0.04,0.0,0.0,Nov,1,1,3,3,Returning_Visitor,False,False
0,0.0,0,0.44,8,93.0,0.0,0.05,0.0,0.0,Dec,2,5,3,1,Returning_Visitor,False,False
0,9.45,0,0.0,20,1522.97,0.02,0.07,0.0,0.0,Aug,3,2,3,3,Returning_Visitor,True,False
2,45.0,0,0.0,10,1488.17,0.04,0.02,0.0,0.0,May,1,1,2,5,New_Visitor,False,False
0,0.0,1,94.55,94,3085.25,0.0,0.01,0.0,0.03,Nov,1,1,2,3,Returning_Visitor,False,False
9,159.72,0,20.0,39,1477.13,0.01,0.02,16.42,0.04,May,1,1,1,13,Returning_Visitor,False,False
3,82.6,0,0.99,34,598.76,0.0,0.01,0.01,0.0,Sep,2,2,2,3,Returning_Visitor,False,False
0,0.0,0,0.0,39,1468.59,0.0,0.02,33.2,0.03,May,2,2,2,4,Returning_Visitor,False,False
0,0.0,0,0.0,2,61.63,0.0,0.05,0.02,0.6,Feb,1,1,3,3,Returning_Visitor,False,False
0,60.14,2,522.17,137,1502.97,0.0,0.01,0.0,0.03,Nov,2,2,7,3,Returning_Visitor,False,False
15,238.68,0,2.36,33,799.1,0.0,0.02,0.03,0.0,Sep,3,2,3,2,Returning_Visitor,True,False
4,176.91,1,40.8,72,1548.19,0.0,0.01,1.89,0.03,Aug,2,4,3,2,Returning_Visitor,False,True
0,2.07,0,0.0,1,0.0,0.14,0.13,0.0,0.0,May,2,2,5,13,Returning_Visitor,False,False
0,0.0,0,8.64,65,4108.81,0.01,0.02,0.0,0.03,Nov,2,2,4,2,Returning_Visitor,False,True
1,23.0,0,0.0,35,431.9,0.01,0.03,0.0,0.0,Jul,2,2,7,13,Returning_Visitor,True,False
0,0.0,0,0.97,34,1268.27,0.0,0.01,0.0,0.04,June,2,2,2,4,Returning_Visitor,False,False
3,61.5,0,5.26,6,1436.45,0.0,0.02,0.0,0.2,May,2,2,1,2,Returning_Visitor,False,False
6,83.01,0,5.79,80,2585.62,0.0,0.01,1.68,0.03,Mar,2,2,2,2,Returning_Visitor,False,True
7,204.1,0,0.0,5,128.7,0.0,0.02,0.0,0.0,Sep,2,7,1,2,New_Visitor,False,False
0,0.0,1,28.0,19,1120.27,0.03,0.05,4.61,0.0,May,4,1,6,4,Returning_Visitor,False,True
2,81.51,0,1.51,6,170.83,0.0,0.01,0.0,0.0,Mar,3,2,7,1,Returning_Visitor,False,False
16,244.27,0,11.24,101,4484.67,0.01,0.02,3.5,0.0,Dec,3,2,2,2,Returning_Visitor,False,False
4,353.4,2,1.13,11,1219.47,0.01,0.04,0.2,0.03,Aug,2,5,2,3,Returning_Visitor,True,False
0,0.0,0,0.0,1,79.02,0.0,0.1,0.0,0.03,Mar,2,2,1,1,Returning_Visitor,False,False
0,3.52,0,0.0,2,63.0,0.0,0.05,0.0,0.0,Mar,3,2,1,1,Returning_Visitor,False,False
0,0.58,0,0.0,11,173.25,0.05,0.06,0.0,0.0,Dec,2,2,3,1,Returning_Visitor,False,False
0,0.0,0,0.0,3,255.0,0.0,0.07,0.0,0.0,Nov,2,5,7,3,Returning_Visitor,True,False
7,286.83,7,81.56,35,176.5,0.13,0.05,0.0,0.0,May,3,2,3,4,Returning_Visitor,False,False
0,0.0,0,0.0,21,235.22,0.01,0.02,0.0,0.0,Dec,2,2,3,10,Returning_Visitor,False,False
3,60.08,0,0.0,24,1204.42,0.01,0.03,46.63,0.0,Dec,2,2,6,1,Returning_Visitor,False,False
2,37.33,1,5.0,30,797.76,0.01,0.03,0.01,0.0,Nov,1,1,1,2,Returning_Visitor,False,False
3,42.17,0,0.0,34,490.53,0.0,0.01,37.65,0.0,May,2,4,7,2,Returning_Visitor,False,False
5,92.86,0,0.0,16,672.5,0.01,0.03,0.0,0.0,Mar,2,2,4,2,Returning_Visitor,True,False
0,45.28,0,0.0,27,1487.88,0.0,0.0,0.0,0.0,May,3,2,3,4,Returning_Visitor,True,False
2,13.0,0,0.0,13,477.5,0.01,0.02,0.0,0.0,Mar,2,10,1,1,Returning_Visitor,False,False
8,52.85,1,82.3,71,1714.78,0.02,0.04,0.0,0.03,Nov,3,2,1,2,Returning_Visitor,False,False
0,1.36,0,0.0,4,57.61,0.0,0.05,0.0,0.4,May,1,1,1,2,Returning_Visitor,False,False
10,628.37,0,41.47,34,4044.47,0.01,0.03,0.0,0.03,Aug,1,1,3,2,Returning_Visitor,False,False
0,0.0,0,0.0,34,950.82,0.03,0.04,0.0,0.0,Dec,3,2,1,1,Returning_Visitor,False,False
0,0.0,0,0.0,2,7.0,0.0,0.1,0.0,0.8,May,1,1,1,3,Returning_Visitor,False,False
4,171.5,0,0.0,75,2416.06,0.01,0.04,0.0,0.03,Nov,2,2,2,1,Returning_Visitor,False,True
9,16.0,0,2.45,38,3908.75,0.0,0.0,1.3,0.0,Aug,4,1,6,2,Returning_Visitor,False,False
11,496.59,0,0.0,36,1491.85,0.0,0.01,0.0,0.03,Dec,3,2,1,2,Returning_Visitor,False,False
0,0.0,1,101.07,25,525.17,0.01,0.05,0.0,0.0,Nov,2,2,3,2,New_Visitor,True,False
1,14.0,0,10.05,34,2555.12,0.02,0.04,0.0,0.0,May,2,2,4,2,Returning_Visitor,False,False
0,1.91,0,0.0,7,57.45,0.02,0.08,0.0,0.2,May,2,2,5,6,Returning_Visitor,False,False
3,113.87,1,36.6,78,1983.23,0.0,0.01,15.5,0.04,June,3,2,1,2,Returning_Visitor,False,False
3,98.92,0,2.15,34,1491.68,0.0,0.01,0.0,0.03,Nov,1,2,6,2,New_Visitor,False,False
3,8.0,0,0.0,47,1459.58,0.01,0.02,0.0,0.0,Oct,1,1,3,3,Returning_Visitor,False,False
3,177.5,0,312.0,40,1123.05,0.01,0.02,0.0,0.03,Dec,1,1,3,2,Returning_Visitor,False,False
1,226.6,2,82.86,33,849.74,0.03,0.04,0.0,0.0,Sep,3,2,1,13,Returning_Visitor,True,False
0,3.73,0,0.0,6,58.09,0.14,0.1,0.0,0.0,Nov,3,2,1,13,Returning_Visitor,False,False
1,81.62,0,0.0,6,677.0,0.0,0.04,0.12,0.0,Dec,8,13,9,20,Other,False,False
7,82.81,0,18.01,34,1384.97,0.01,0.02,26.45,0.0,May,1,1,2,4,Returning_Visitor,False,True
10,264.9,1,39.0,34,718.96,0.0,0.0,0.0,0.0,Oct,2,2,1,6,Returning_Visitor,False,False
1,11.0,0,0.0,16,253.0,0.0,0.02,0.0,0.0,Mar,2,2,1,3,New_Visitor,False,False
3,159.17,2,109.45,35,1713.33,0.0,0.03,5.93,0.03,Dec,2,2,1,2,Returning_Visitor,False,False
0,0.0,0,0.0,31,1297.46,0.0,0.02,0.0,0.03,Nov,2,1,1,2,Returning_Visitor,True,False
5,190.0,0,0.0,12,307.67,0.0,0.01,0.0,0.0,Nov,2,2,9,8,New_Visitor,False,False
0,0.0,0,0.32,2,7.0,0.0,0.1,0.01,0.0,Aug,2,2,6,1,Returning_Visitor,False,False
0,19.44,0,0.0,1,0.0,0.2,0.2,0.0,0.0,May,2,4,1,3,Returning_Visitor,False,False
0,0.0,0,0.0,4,46.25,0.0,0.1,0.0,0.0,Nov,1,1,1,2,Returning_Visitor,False,True
0,1.09,0,0.0,7,57.88,0.0,0.04,0.0,0.0,Mar,2,2,1,1,Returning_Visitor,False,False
0,0.0,0,0.36,13,0.0,0.12,0.06,0.0,0.8,May,3,2,6,6,Returning_Visitor,False,False
4,99.0,3,112.25,46,930.01,0.0,0.02,0.0,0.0,Nov,1,1,3,2,Returning_Visitor,False,False
0,6.39,0,1.78,11,220.12,0.0,0.03,0.0,0.0,Nov,4,2,3,2,Returning_Visitor,True,False
1,74.0,0,0.5,36,1356.73,0.0,0.02,0.0,0.0,Mar,2,2,6,1,Returning_Visitor,False,False
0,13.86,0,0.0,15,1481.69,0.0,0.0,0.0,0.0,Dec,1,1,1,2,New_Visitor,False,False
0,0.63,0,0.0,28,1490.76,0.0,0.01,0.01,0.03,Nov,2,2,1,2,Returning_Visitor,False,False
3,123.46,0,0.0,34,1570.47,0.0,0.01,19.67,0.0,Dec,2,2,2,7,Returning_Visitor,True,True
10,128.11,0,4.53,43,1547.55,0.01,0.02,14.93,0.0,Oct,2,2,5,2,Returning_Visitor,False,False
0,0.0,0,0.0,8,142.0,0.0,0.04,0.0,0.0,Mar,2,7,1,3,Returning_Visitor,False,False
3,74.6,4,43.4,67,1849.81,0.02,0.05,0.0,0.03,Aug,2,2,6,1,Returning_Visitor,False,False
10,249.0,1,36.33,31,1482.27,0.0,0.01,38.68,0.0,May,2,2,5,5,Returning_Visitor,False,True
0,1.13,0,0.0,2,0.0,0.2,0.14,0.0,0.0,Nov,1,1,3,3,Returning_Visitor,False,False
0,5.42,1,105.18,43,3044.05,0.0,0.02,3.94,0.0,Dec,2,4,1,10,Returning_Visitor,False,True
0,0.0,0,0.0,34,1070.1,0.02,0.03,0.0,0.0,Jul,3,2,7,1,Returning_Visitor,False,False
0,0.0,0,20.11,42,2385.67,0.0,0.04,0.52,0.04,Jul,2,5,7,3,Returning_Visitor,False,False
3,79.22,2,331.59,62,1685.75,0.0,0.01,0.0,0.03,Jul,2,2,3,1,Returning_Visitor,False,False
1,31.25,0,0.0,31,1470.21,0.0,0.01,0.0,0.0,Nov,3,2,3,8,New_Visitor,False,True
1,83.95,0,9.22,15,387.4,0.0,0.0,0.02,0.0,June,2,2,1,2,New_Visitor,False,False
0,0.0,0,0.0,9,241.41,0.02,0.06,0.01,0.0,Mar,2,2,1,1,Returning_Visitor,False,False
3,89.8,0,0.0,12,355.85,0.0,0.02,0.0,0.0,Mar,1,1,1,3,New_Visitor,True,False
5,316.5,0,88.45,144,5757.85,0.0,0.01,0.0,0.03,Nov,1,1,1,2,Returning_Visitor,False,False
3,48.67,0,0.0,34,3726.33,0.0,0.0,0.0,0.0,Mar,3,2,1,11,Returning_Visitor,True,False
3,34.0,0,0.0,65,1451.23,0.0,0.01,0.0,0.03,Mar,2,2,1,1,Returning_Visitor,False,False
3,82.0,0,0.0,62,1243.18,0.01,0.01,0.0,0.0,Dec,1,1,6,2,Returning_Visitor,False,False
0,0.0,0,0.0,15,956.33,0.01,0.04,20.14,0.0,Nov,2,2,3,1,Returning_Visitor,False,False
5,102.87,0,0.0,12,219.6,0.01,0.04,0.03,0.03,Oct,3,2,6,1,Returning_Visitor,False,False
3,86.75,0,2.46,16,1487.28,0.0,0.01,0.0,0.0,Dec,1,1,2,2,Returning_Visitor,False,False
0,182.64,3,119.38,64,2671.07,0.0,0.02,37.6,0.03,Nov,2,5,6,2,Returning_Visitor,False,True
0,0.0,0,0.0,44,542.9,0.0,0.05,0.0,0.0,Mar,2,5,6,1,Returning_Visitor,False,False
0,19.33,0,0.0,5,148.5,0.0,0.01,0.0,0.0,Mar,1,1,1,1,Returning_Visitor,True,False
3,197.4,0,12.0,52,1476.23,0.02,0.07,0.0,0.03,Oct,2,2,3,13,Returning_Visitor,False,False
0,87.7,0,13.48,20,219.33,0.0,0.02,0.33,0.0,Mar,1,8,7,2,Returning_Visitor,False,False
5,30.0,0,16.81,107,4376.9,0.01,0.02,0.0,0.0,Oct,2,2,2,4,Returning_Visitor,False,False
3,15.0,0,0.0,35,1776.08,0.0,0.01,0.0,0.0,Dec,2,2,4,1,Returning_Visitor,False,False
1,9.0,1,153.68,34,2454.45,0.0,0.02,31.76,0.0,May,2,2,9,6,Returning_Visitor,False,True
3,90.44,0,0.0,34,833.67,0.01,0.01,29.38,0.0,Dec,2,2,1,2,Returning_Visitor,False,True
1,1.46,0,0.0,5,79.14,0.11,0.14,0.01,0.4,May,1,1,4,15,Returning_Visitor,False,False
0,0.0,0,0.0,10,123.0,0.0,0.02,0.0,0.04,May,2,2,3,3,Returning_Visitor,False,False
1,173.26,0,1.22,8,417.53,0.0,0.03,0.02,0.0,Aug,3,2,8,2,Returning_Visitor,False,False
10,137.5,1,32.5,34,6165.88,0.0,0.02,0.0,0.04,Nov,2,2,6,3,Returning_Visitor,False,True
0,0.0,0,0.0,34,663.23,0.02,0.06,0.0,0.8,May,3,2,3,13,Returning_Visitor,False,False
0,11.08,0,0.0,4,206.5,0.0,0.02,0.0,0.0,May,3,2,1,4,Returning_Visitor,False,False
8,122.1,2,138.2,30,1497.32,0.01,0.06,0.0,0.0,May,1,1,8,2,Returning_Visitor,True,True
0,0.0,0,0.0,65,1931.51,0.0,0.03,0.0,0.0,Dec,2,2,3,2,Returning_Visitor,False,False
0,9.85,0,0.0,29,1562.87,0.02,0.02,0.0,0.8,May,3,2,1,13,Returning_Visitor,False,False
1,54.4,0,0.0,19,1425.28,0.06,0.1,0.0,0.0,Jul,1,1,3,3,Returning_Visitor,False,False
1,81.66,0,0.0,11,331.25,0.02,0.03,0.0,0.0,Mar,2,2,2,1,Returning_Visitor,True,False
0,15.09,0,0.0,4,98.25,0.0,0.02,0.0,0.0,Nov,2,4,3,10,Returning_Visitor,False,False
5,68.8,0,0.0,33,1560.46,0.01,0.01,22.54,0.0,Jul,2,2,6,2,New_Visitor,True,False
0,0.0,1,14.82,44,2807.16,0.03,0.03,0.0,0.0,Nov,1,1,1,2,Returning_Visitor,False,True
0,0.0,0,0.0,11,631.4,0.13,0.04,0.0,0.04,Aug,1,1,1,3,Returning_Visitor,False,False
0,5.23,0,0.0,3,0.0,0.14,0.2,0.0,0.0,Jul,1,1,1,1,Returning_Visitor,True,False
3,156.5,4,124.8,18,1716.37,0.01,0.02,0.0,0.0,Jul,2,2,6,1,Returning_Visitor,False,False
0,0.0,0,0.21,2,6.33,0.2,0.2,0.0,0.0,Nov,2,2,1,1,Returning_Visitor,False,False
0,3.49,0,1.25,1,20.94,0.2,0.2,0.0,0.0,Nov,3,2,3,3,Returning_Visitor,False,False
0,0.0,0,0.0,3,261.0,0.0,0.04,0.0,0.03,Mar,2,5,1,10,Returning_Visitor,False,False
0,19.64,0,0.0,10,0.0,0.2,0.2,0.03,0.0,Jul,3,2,4,1,Returning_Visitor,True,False
3,46.0,0,53.5,15,270.57,0.0,0.05,0.07,0.0,May,3,2,4,5,Returning_Visitor,True,False
0,0.0,0,0.0,3,17.0,0.07,0.14,0.0,0.4,May,2,2,8,3,Returning_Visitor,False,False
3,49.7,0,10.32,64,1991.82,0.01,0.02,35.97,0.03,Nov,1,1,1,1,Returning_Visitor,True,False
3,179.0,0,9.85,15,1502.99,0.0,0.01,0.0,0.0,Dec,2,2,1,2,New_Visitor,False,False
6,355.5,0,1.42,11,134.9,0.01,0.01,0.0,0.0,Mar,3,2,1,8,New_Visitor,False,False
4,52.83,0,12.12,57,1761.29,0.01,0.02,0.54,0.03,Nov,1,1,1,1,Returning_Visitor,True,False
0,6.43,0,0.0,3,151.01,0.13,0.2,0.0,0.05,May,3,2,1,4,Returning_Visitor,False,False
0,0.0,0,0.0,38,1787.4,0.0,0.03,0.0,0.0,Nov,2,2,4,2,New_Visitor,False,False
4,79.09,0,0.0,14,464.79,0.0,0.01,0.0,0.0,May,1,1,4,4,Returning_Visitor,True,False
4,231.9,0,0.0,8,188.3,0.0,0.02,39.1,0.04,Sep,2,2,1,4,Returning_Visitor,False,False
3,140.0,0,0.0,34,839.42,0.01,0.01,30.84,0.03,Dec,3,2,3,1,Returning_Visitor,False,True
0,0.0,0,0.0,2,579.31,0.1,0.15,0.01,0.0,Mar,3,2,1,3,Returning_Visitor,False,False
0,0.0,0,0.0,47,1447.58,0.0,0.01,0.01,0.04,May,2,2,3,3,Returning_Visitor,False,False
2,11.0,3,123.33,34,1709.9,0.02,0.05,0.78,0.03,Mar,2,10,6,1,Returning_Visitor,False,False
12,483.33,1,0.0,5,161.33,0.0,0.02,0.0,0.0,Dec,1,1,3,2,Returning_Visitor,True,False
3,205.25,0,10.66,190,3679.13,0.0,0.01,8.42,0.03,Dec,2,2,7,2,Returning_Visitor,False,False
1,27.33,0,0.0,3,20.0,0.03,0.09,0.0,0.03,Nov,1,1,4,8,Returning_Visitor,False,False
0,0.0,0,0.0,34,1438.07,0.05,0.07,0.0,0.0,Oct,1,1,8,1,Returning_Visitor,False,False
0,1.36,0,0.0,5,66.0,0.0,0.05,0.0,0.0,Mar,1,2,1,3,Returning_Visitor,False,False
2,85.95,0,0.0,24,368.33,0.09,0.11,0.0,0.4,May,3,2,7,3,Returning_Visitor,False,False
0,1.63,0,0.0,10,466.75,0.0,0.03,0.0,0.0,May,3,1,1,4,Returning_Visitor,True,False
1,2.0,0,0.0,6,106.75,0.03,0.04,0.0,0.0,Nov,3,2,3,3,Returning_Visitor,False,False
3,27.25,0,0.0,9,299.4,0.0,0.04,75.51,0.0,Dec,2,2,3,2,Returning_Visitor,False,True
1,105.0,0,9.07,144,9952.35,0.0,0.02,0.0,0.03,Nov,2,2,1,2,Returning_Visitor,False,True
0,0.0,0,0.38,11,279.55,0.0,0.02,0.02,0.0,Nov,3,2,1,3,Returning_Visitor,False,False
0,1.71,0,0.0,21,979.02,0.0,0.02,0.0,0.05,May,2,2,1,4,Returning_Visitor,False,False
0,0.0,0,0.0,11,632.0,0.03,0.04,0.0,0.03,May,2,2,3,3,Returning_Visitor,False,False
0,0.0,0,0.0,34,267.5,0.02,0.03,0.0,0.6,May,2,2,1,13,Returning_Visitor,False,False
0,0.0,0,0.0,2,67.27,0.0,0.05,0.02,0.0,Mar,2,2,7,2,Returning_Visitor,False,False
3,281.0,0,1.46,6,145.0,0.0,0.03,0.0,0.03,Mar,3,2,8,8,New_Visitor,False,False
3,25.28,0,0.0,13,1373.55,0.02,0.02,0.0,0.0,Dec,3,2,8,2,Returning_Visitor,False,False
0,18.17,0,0.0,15,1496.54,0.02,0.04,0.0,0.07,May,3,2,3,1,Returning_Visitor,True,False
6,101.33,0,0.0,12,266.5,0.03,0.04,0.0,0.0,Mar,2,2,4,1,Returning_Visitor,False,False
10,752.38,0,114.49,35,4575.48,0.02,0.03,3.4,0.03,Nov,1,1,1,2,Returning_Visitor,False,False
0,0.0,0,0.0,3,19.17,0.13,0.2,0.01,0.0,Aug,1,1,3,4,Returning_Visitor,False,False
2,90.0,0,0.0,3,205.21,0.0,0.01,0.02,0.0,May,3,2,7,2,Returning_Visitor,False,False
3,17.33,0,0.0,89,3401.3,0.0,0.02,5.13,0.0,Nov,2,2,1,2,Returning_Visitor,True,False
2,85.08,0,0.0,14,308.81,0.01,0.0,0.0,0.0,Nov,1,1,4,2,New_Visitor,False,False
6,211.0,1,58.0,41,2305.45,0.01,0.03,0.0,0.0,May,2,2,8,6,Returning_Visitor,False,False
3,118.0,0,0.0,32,791.8,0.02,0.05,1.3,0.0,Sep,2,2,1,4,Returning_Visitor,False,False
2,19.08,0,0.59,14,329.0,0.02,0.04,0.0,0.03,Mar,2,2,3,1,Returning_Visitor,False,False
0,0.0,0,0.0,49,1495.37,0.0,0.01,0.0,0.0,Mar,2,2,1,2,Returning_Visitor,False,False
2,44.5,0,0.0,7,212.17,0.0,0.01,0.0,0.03,Mar,3,2,1,8,New_Visitor,True,False
6,228.0,0,8.23,18,1503.63,0.0,0.0,0.0,0.03,Mar,1,1,3,3,New_Visitor,False,False
0,0.0,0,0.0,12,416.67,0.0,0.02,0.0,0.0,Dec,2,2,2,3,Returning_Visitor,False,False
0,18.77,0,0.0,8,493.75,0.0,0.04,0.0,0.0,Nov,2,2,4,20,Returning_Visitor,False,False
5,63.0,0,0.0,27,458.5,0.0,0.01,0.0,0.0,Dec,2,2,6,2,New_Visitor,True,False
0,8.19,0,0.0,32,272.33,0.01,0.02,0.0,1.0,May,1,2,1,3,Returning_Visitor,True,False
0,0.0,0,0.0,34,1083.75,0.01,0.01,0.0,0.03,June,1,1,3,2,Returning_Visitor,False,False
3,14.0,0,0.0,31,1493.55,0.0,0.01,0.0,0.03,Mar,2,2,1,8,New_Visitor,True,False
10,229.0,0,0.0,27,1436.43,0.0,0.02,41.22,0.05,Nov,2,2,1,10,Returning_Visitor,False,True
0,1.56,2,32.2,34,1321.32,0.0,0.01,15.8,0.0,Oct,4,1,1,2,Returning_Visitor,False,False
2,15.5,0,0.0,28,1501.38,0.0,0.01,0.0,0.0,Mar,2,2,1,2,New_Visitor,False,False
3,81.21,0,5.27,24,1490.28,0.0,0.02,0.02,0.0,June,2,2,4,13,Returning_Visitor,False,False
0,0.0,0,0.0,5,258.0,0.03,0.08,0.0,0.0,Mar,2,2,1,1,Returning_Visitor,False,False
0,0.9,0,0.0,1,2.91,0.14,0.14,0.01,0.0,May,1,1,1,3,Returning_Visitor,False,False
4,96.25,0,0.0,67,3763.0,0.0,0.0,15.85,0.03,Nov,2,4,9,3,Other,False,True
3,41.0,0,0.0,34,2749.67,0.0,0.01,0.0,0.0,Mar,2,2,1,2,Returning_Visitor,False,False
0,0.0,0,0.0,5,304.27,0.0,0.04,0.0,0.0,Mar,1,1,3,11,Returning_Visitor,False,False
0,2.82,0,0.99,30,2509.4,0.01,0.03,0.0,0.0,May,2,2,1,1,Returning_Visitor,False,False
7,81.36,0,0.0,44,1406.1,0.0,0.01,0.0,0.0,Mar,1,1,4,2,Returning_Visitor,False,False
3,40.55,0,0.0,10,151.08,0.01,0.04,0.0,0.0,Jul,2,2,3,5,Returning_Visitor,False,False
10,261.16,0,1.32,58,1992.72,0.01,0.02,0.0,0.0,Nov,3,2,1,2,Returning_Visitor,False,False
0,0.0,0,0.29,2,171.86,0.0,0.14,0.0,0.0,May,2,2,1,1,Returning_Visitor,False,False
10,505.68,0,0.0,34,1427.84,0.0,0.01,8.18,0.0,May,3,2,1,2,Returning_Visitor,False,False
0,0.0,0,0.0,14,599.58,0.0,0.02,0.0,0.0,Nov,2,2,1,20,Returning_Visitor,False,False
0,0.0,0,0.0,37,854.55,0.01,0.02,0.0,0.0,Dec,2,2,6,3,Returning_Visitor,False,False
3,85.31,5,1007.5,26,672.88,0.0,0.04,0.0,0.03,Nov,2,2,3,1,Returning_Visitor,False,False
0,0.0,0,0.0,10,218.2,0.0,0.01,0.02,0.0,Nov,3,2,6,1,Returning_Visitor,False,False
2,43.93,0,7.59,182,9951.36,0.0,0.02,8.67,0.03,Nov,2,2,1,2,Returning_Visitor,False,True
0,0.0,0,0.0,34,213.8,0.01,0.07,0.0,0.0,Aug,2,2,1,4,Returning_Visitor,False,True
2,96.92,0,2.21,33,472.92,0.0,0.02,0.0,0.03,Dec,1,1,3,3,Returning_Visitor,False,False
2,83.2,0,0.0,3,68.12,0.05,0.1,0.0,0.0,May,3,2,3,3,Returning_Visitor,False,False
3,43.2,0,0.0,7,137.0,0.0,0.02,0.0,0.06,June,2,4,6,2,New_Visitor,True,False
0,0.0,1,24.0,27,1510.48,0.0,0.01,0.0,0.0,Mar,2,2,1,1,Returning_Visitor,False,False
2,14.0,0,10.92,81,1441.91,0.0,0.01,2.77,0.0,Nov,2,2,3,2,Returning_Visitor,False,False
3,0.0,0,1.22,179,1738.47,0.0,0.04,0.0,0.03,Aug,2,4,9,4,New_Visitor,False,False
4,89.74,2,468.4,34,1550.88,0.0,0.01,26.66,0.0,Jul,2,2,5,3,Returning_Visitor,True,False
1,81.6,0,12.65,42,1490.42,0.0,0.02,0.0,0.03,Oct,2,2,1,2,Returning_Visitor,True,False
0,0.0,0,0.0,6,672.5,0.0,0.04,0.0,0.0,Mar,2,2,1,1,Returning_Visitor,False,False
0,10.34,0,0.0,24,1491.39,0.0,0.01,0.0,1.0,Feb,2,2,1,1,Returning_Visitor,True,False
0,0.0,0,0.35,16,280.5,0.0,0.04,0.0,0.0,May,4,1,1,3,Returning_Visitor,False,False
0,82.56,0,0.0,9,205.08,0.0,0.04,0.0,0.0,Dec,2,2,7,2,Returning_Visitor,False,False
0,1.86,0,0.0,7,57.63,0.03,0.06,0.01,0.6,May,2,2,4,13,Returning_Visitor,False,False
0,0.0,0,0.0,7,67.0,0.0,0.04,0.0,0.0,Mar,2,2,1,2,Returning_Visitor,False,False
3,72.0,0,0.0,19,689.7,0.02,0.04,0.0,0.03,Nov,3,2,1,3,Returning_Visitor,False,False
0,0.0,0,0.0,1,0.0,0.14,0.2,0.0,0.04,May,1,1,7,6,Returning_Visitor,False,False
2,0.0,0,0.0,12,364.75,0.03,0.03,0.0,0.03,Nov,2,6,3,2,Returning_Visitor,False,False
0,2.41,0,0.0,3,27.0,0.07,0.1,0.0,0.6,May,2,2,1,3,Returning_Visitor,False,False
1,55.0,2,18.0,9,548.0,0.0,0.04,38.2,0.0,May,2,4,3,4,Returning_Visitor,False,True
0,9.62,0,0.0,5,58.74,0.0,0.02,0.19,0.0,Mar,2,4,7,2,Returning_Visitor,False,False
2,34.44,0,0.0,103,1843.76,0.0,0.02,0.0,0.0,June,2,4,1,2,Returning_Visitor,True,False
0,0.0,0,0.0,5,1829.7,0.0,0.03,0.0,0.0,Aug,1,1,7,3,Returning_Visitor,True,False
0,2.35,0,2.54,63,4833.92,0.01,0.02,0.0,0.0,May,2,2,6,2,Returning_Visitor,False,False
0,0.0,2,2.72,27,415.81,0.06,0.1,0.0,0.0,Nov,3,2,1,13,Returning_Visitor,False,False
3,2407.42,0,9.26,486,23050.1,0.0,0.01,0.0,0.03,Jul,2,2,1,2,Returning_Visitor,False,False
0,0.0,0,0.49,1,6.33,0.2,0.14,0.0,0.04,Dec,2,2,1,1,Returning_Visitor,True,False
2,471.82,1,4.0,67,2568.68,0.04,0.07,4.0,0.0,May,2,4,2,2,Returning_Visitor,False,True
0,48.45,0,0.0,1,0.0,0.2,0.2,0.0,0.03,Jul,3,2,1,4,Returning_Visitor,True,False
1,13.0,1,10.0,35,445.0,0.03,0.0,0.0,0.0,Nov,1,1,4,3,Returning_Visitor,False,False
0,0.75,0,0.0,11,191.0,0.04,0.04,0.0,0.0,Mar,1,1,1,2,Returning_Visitor,False,False
0,0.0,0,0.0,24,1516.92,0.0,0.04,0.0,0.0,Dec,2,2,3,2,Returning_Visitor,False,False
0,158.12,0,0.0,1,6.66,0.13,0.2,0.08,0.0,Mar,2,2,1,10,Returning_Visitor,False,False
3,53.0,0,5.55,218,8205.69,0.02,0.04,1.18,0.04,Nov,1,1,3,3,Returning_Visitor,False,True
0,0.0,0,11.34,20,1501.02,0.0,0.03,0.01,0.77,May,2,2,1,2,Returning_Visitor,True,False
0,0.0,0,0.63,7,238.39,0.0,0.06,0.03,0.4,May,1,1,1,20,Returning_Visitor,False,False
0,0.0,0,0.0,2,11.0,0.0,0.1,0.0,0.0,Aug,2,2,1,4,Returning_Visitor,True,False
1,0.0,1,34.46,33,2053.93,0.0,0.04,0.0,0.0,May,2,5,1,3,Returning_Visitor,True,False
0,0.0,0,7.58,5,44.8,0.0,0.03,50.36,0.04,Jul,4,1,3,1,Returning_Visitor,False,True
3,73.0,0,0.0,9,2151.0,0.0,0.02,10.91,0.0,Mar,2,6,1,1,Returning_Visitor,False,True
9,497.17,0,0.0,20,1170.17,0.01,0.02,0.0,0.03,Nov,3,2,3,2,Returning_Visitor,False,False
1,66.4,0,5.04,22,641.48,0.0,0.0,0.0,0.0,Oct,3,2,9,6,Returning_Visitor,False,False
0,47.54,0,0.45,8,272.9,0.13,0.13,0.0,0.0,Oct,1,1,1,1,Returning_Visitor,False,False
2,58.83,0,4.34,9,166.17,0.0,0.03,17.54,0.03,May,2,2,2,4,Returning_Visitor,True,True
4,65.68,1,42.4,12,285.68,0.0,0.04,0.0,0.0,Aug,2,6,4,3,Returning_Visitor,True,False
2,81.23,0,0.0,2,578.23,0.0,0.03,0.06,0.0,Aug,2,2,1,2,New_Visitor,False,False
0,6.46,0,0.0,3,285.1,0.0,0.07,0.02,0.04,Aug,1,1,3,3,Returning_Visitor,True,False
0,86.32,0,4.11,6,269.25,0.0,0.02,0.0,0.0,Nov,3,2,1,11,New_Visitor,False,False
4,83.0,0,0.0,9,155.0,0.0,0.01,0.02,0.03,Dec,1,1,3,2,Returning_Visitor,False,False
4,147.67,2,96.33,34,1041.32,0.0,0.02,2.69,0.0,May,2,2,6,4,Returning_Visitor,True,False
2,115.89,3,82.97,26,1198.02,0.0,0.03,14.5,0.0,Nov,3,2,1,2,Returning_Visitor,False,False
0,0.96,0,0.0,1,3.34,0.14,0.2,0.0,0.2,May,1,1,4,3,Returning_Visitor,False,False
0,0.0,0,0.0,12,229.12,0.02,0.04,0.0,0.0,Nov,2,2,1,1,Returning_Visitor,False,False
1,51.5,0,0.0,57,2689.29,0.0,0.03,0.0,0.0,Nov,2,2,9,2,Returning_Visitor,False,False
0,23.61,0,0.0,20,248.42,0.01,0.03,0.0,0.8,May,2,2,2,13,Returning_Visitor,False,False
0,1.06,0,0.0,42,1766.83,0.02,0.06,0.0,0.04,Nov,2,2,1,13,Returning_Visitor,False,False
4,63.25,2,7.0,12,237.99,0.0,0.01,0.09,0.0,Nov,2,2,1,8,New_Visitor,True,False
3,118.74,0,0.0,3,465.74,0.0,0.02,0.0,0.0,Aug,1,1,1,4,New_Visitor,False,False
0,0.0,0,0.0,6,747.0,0.03,0.07,0.0,0.0,May,3,2,1,3,Returning_Visitor,False,False
1,28.5,2,65.07,15,317.27,0.01,0.02,0.0,0.0,Nov,3,2,1,8,New_Visitor,False,False
0,0.0,0,0.0,25,954.08,0.03,0.06,38.84,0.0,Nov,3,2,1,13,Returning_Visitor,False,False
7,84.55,0,0.0,34,805.1,0.0,0.03,8.78,0.03,May,2,2,1,2,Returning_Visitor,False,False
0,0.0,0,0.0,20,2846.83,0.01,0.05,0.0,0.0,Nov,2,2,3,1,Returning_Visitor,False,False
0,0.0,0,0.0,1,0.0,0.13,0.2,0.0,1.0,May,1,1,1,1,Returning_Visitor,True,False
6,513.83,0,4.81,34,2690.33,0.0,0.02,30.22,0.03,Dec,2,4,1,2,Returning_Visitor,True,True
2,7.0,0,0.6,40,1485.04,0.01,0.02,0.0,0.03,Oct,2,2,9,4,Returning_Visitor,False,False
0,0.0,0,0.0,20,1660.13,0.01,0.08,0.02,0.2,May,2,2,6,1,Returning_Visitor,False,False
0,0.0,1,416.0,20,1502.1,0.02,0.04,0.0,0.0,May,2,2,3,6,Returning_Visitor,False,False
0,0.0,0,2.26,24,1668.4,0.0,0.04,0.0,0.04,May,2,2,9,2,Returning_Visitor,True,False
2,102.55,1,94.84,35,1033.07,0.02,0.05,0.0,0.0,Feb,1,1,6,3,Returning_Visitor,True,False
3,86.63,0,0.0,12,238.53,0.0,0.01,36.7,0.0,Oct,2,2,1,5,Returning_Visitor,False,True
1,4.0,0,5.37,32,1459.36,0.0,0.0,0.0,0.0,Dec,2,2,1,2,New_Visitor,False,False
0,0.0,0,0.0,2,18.3,0.2,0.2,0.0,0.0,Dec,3,2,3,15,Returning_Visitor,True,False
2,52.0,0,0.0,17,1160.34,0.0,0.0,0.0,0.0,Mar,2,2,4,2,New_Visitor,True,False
3,35.0,0,13.4,39,1460.6,0.0,0.05,0.0,0.04,Mar,2,5,7,2,Returning_Visitor,False,False
0,0.0,0,0.0,2,0.0,0.14,0.2,0.0,0.0,Nov,1,1,1,1,Returning_Visitor,False,False
12,393.27,0,0.0,33,366.58,0.01,0.01,0.03,0.0,May,2,4,6,2,New_Visitor,False,False
0,0.0,0,0.0,27,780.17,0.0,0.02,0.06,0.0,Mar,2,4,3,2,Returning_Visitor,False,False
0,0.0,0,0.0,34,3421.58,0.0,0.01,0.0,0.03,Nov,2,2,1,2,New_Visitor,True,False
1,502.55,4,7.04,121,3556.35,0.01,0.02,0.0,0.03,Dec,1,4,1,2,Returning_Visitor,False,False
0,0.0,0,4.74,68,2614.21,0.0,0.01,0.0,0.0,Nov,2,2,1,2,Returning_Visitor,True,False
0,4.66,0,0.0,5,318.9,0.0,0.04,0.02,0.0,Nov,3,2,1,3,Returning_Visitor,False,False
0,46.39,3,101.0,13,208.5,0.0,0.03,0.0,0.0,May,2,2,1,5,New_Visitor,False,False
3,80.8,0,0.0,10,423.67,0.0,0.02,0.03,0.05,May,3,2,1,4,Returning_Visitor,True,False
0,1.08,0,1.89,36,1135.17,0.0,0.04,0.0,0.43,May,1,1,1,4,Returning_Visitor,True,False
0,0.0,0,0.0,34,1539.76,0.01,0.03,0.0,0.03,Jul,3,2,3,15,Returning_Visitor,False,False
0,7.16,0,0.0,1,3.96,0.14,0.2,0.0,0.0,Mar,3,2,1,1,Returning_Visitor,False,False
7,85.03,1,85.13,4,225.17,0.0,0.01,0.24,0.0,Mar,3,2,1,2,Returning_Visitor,False,False
0,0.0,0,0.0,3,0.0,0.2,0.14,0.0,0.0,Jul,1,1,1,6,Returning_Visitor,True,False
0,2.4,0,0.0,10,249.33,0.0,0.02,0.07,0.0,Nov,1,2,6,2,New_Visitor,False,False
0,1.52,0,0.0,2,27.0,0.01,0.14,1.27,0.0,Mar,4,1,4,1,Returning_Visitor,False,False
2,0.0,0,0.0,10,1511.28,0.0,0.03,0.11,0.0,May,2,2,3,2,Returning_Visitor,False,False
7,132.0,1,354.14,42,3674.8,0.01,0.03,5.61,0.03,Aug,3,2,3,2,Returning_Visitor,True,False
0,8.25,0,5.38,4,506.19,0.0,0.04,0.16,0.0,Mar,3,3,4,3,Returning_Visitor,True,False
3,17.0,0,36.75,13,174.0,0.02,0.04,0.05,0.2,May,2,2,3,3,Returning_Visitor,False,False
0,0.0,0,0.25,11,1855.6,0.02,0.05,0.0,0.0,Sep,2,2,1,1,Returning_Visitor,False,False
5,192.56,0,91.0,41,2926.43,0.0,0.0,12.89,0.0,May,4,1,1,2,New_Visitor,False,True
4,73.33,1,3.88,35,1543.75,0.0,0.02,0.0,0.0,May,2,2,9,13,Returning_Visitor,False,False
3,80.74,0,0.0,42,1491.29,0.0,0.01,0.0,0.0,May,2,2,1,4,Returning_Visitor,False,False
3,98.56,0,4.71,12,1456.86,0.0,0.02,0.0,0.0,Nov,2,4,1,2,Returning_Visitor,True,False
3,35.83,0,0.0,9,76.21,0.06,0.1,0.0,0.03,Nov,1,1,8,1,Returning_Visitor,False,False
3,32.01,0,0.0,21,1493.88,0.0,0.01,91.25,0.0,May,2,4,1,3,New_Visitor,True,True
8,390.47,0,37.84,107,4447.11,0.0,0.01,0.0,0.03,Nov,2,2,1,3,Returning_Visitor,False,True
0,1023.0,0,2.17,34,4681.89,0.01,0.02,0.0,0.8,May,2,2,7,13,Returning_Visitor,True,False
3,139.37,0,0.0,13,336.59,0.0,0.01,47.3,0.03,Nov,3,2,1,5,New_Visitor,True,False
0,0.0,1,100.0,13,364.35,0.0,0.02,0.0,0.0,May,3,2,1,3,Returning_Visitor,True,False
5,123.5,1,245.4,37,3618.02,0.0,0.03,0.0,0.0,May,2,2,3,2,Returning_Visitor,False,False
0,13.0,0,0.0,13,862.79,0.0,0.02,0.0,0.0,Nov,1,1,1,10,Returning_Visitor,False,False
9,217.4,2,77.15,24,428.3,0.0,0.01,0.0,0.0,May,2,4,4,13,Returning_Visitor,False,False
4,240.17,0,0.0,73,2371.37,0.01,0.03,0.0,0.03,Nov,3,2,1,2,Returning_Visitor,True,False
1,44.0,0,0.0,25,1505.92,0.0,0.02,5.73,0.0,Mar,2,2,3,2,Returning_Visitor,True,True
3,38.0,0,0.0,77,1230.31,0.0,0.0,79.0,0.03,May,2,4,1,2,Returning_Visitor,False,False
0,0.0,1,0.0,7,1475.82,0.0,0.03,0.0,0.0,Mar,2,2,1,8,New_Visitor,False,False
0,77.54,9,1779.17,12,1886.5,0.01,0.02,0.0,0.03,May,2,2,6,3,New_Visitor,False,False
1,72.56,0,0.0,12,900.5,0.01,0.02,0.0,0.0,Nov,3,2,4,6,Returning_Visitor,False,False
1,61.4,0,0.0,27,1514.31,0.0,0.01,0.0,0.0,Oct,2,2,1,2,Returning_Visitor,False,False
1,86.91,0,0.0,12,587.75,0.02,0.04,0.0,0.0,Oct,1,1,4,3,Returning_Visitor,False,False
3,35.21,0,9.67,33,377.5,0.0,0.0,69.71,0.0,Nov,8,13,9,20,Other,False,False
3,73.6,0,0.0,38,813.6,0.02,0.04,0.0,0.03,Nov,1,1,3,1,Returning_Visitor,False,False
3,225.25,0,8.43,129,3367.04,0.0,0.02,1.04,0.72,Nov,2,4,1,10,Returning_Visitor,False,True
3,199.46,0,12.36,88,23342.08,0.01,0.02,0.15,0.03,Aug,2,2,1,2,Returning_Visitor,False,False
0,4.23,2,97.13,71,2632.19,0.0,0.01,0.0,0.0,Nov,4,2,1,2,Returning_Visitor,True,False
0,7.5,0,0.0,26,2607.5,0.02,0.05,0.02,0.05,Dec,1,1,2,3,Returning_Visitor,False,False
0,1.34,0,0.54,7,95.36,0.07,0.14,0.01,0.03,Nov,3,2,1,3,Returning_Visitor,False,True
8,168.17,0,4.38,33,888.0,0.0,0.01,0.0,0.0,May,2,2,5,3,Returning_Visitor,True,False
0,0.0,0,0.0,41,1066.34,0.01,0.04,0.0,0.0,Nov,3,2,3,1,Returning_Visitor,False,False
0,53.21,1,31.0,41,1678.73,0.01,0.01,0.0,0.0,May,3,2,2,4,Returning_Visitor,False,False
1,0.0,0,63.27,125,3835.56,0.02,0.04,1.0,0.03,Jul,1,1,4,3,Returning_Visitor,False,True
6,84.4,3,37.0,34,1333.71,0.02,0.03,0.02,0.0,May,2,2,2,1,Returning_Visitor,True,False
6,97.88,2,65.62,58,1550.8,0.01,0.02,5.99,0.03,May,2,2,7,4,Returning_Visitor,False,True
0,7.73,0,0.0,6,271.0,0.0,0.04,0.0,0.0,May,2,10,2,3,Returning_Visitor,False,False
1,3.0,14,1165.17,81,2820.95,0.01,0.03,0.0,0.03,Mar,2,2,3,2,Returning_Visitor,False,False
0,0.0,0,0.0,5,1390.02,0.03,0.06,0.0,0.0,Mar,3,2,9,1,Returning_Visitor,False,False
1,93.02,1,322.4,10,126.93,0.01,0.04,13.59,0.03,Sep,2,2,1,2,Returning_Visitor,False,True
4,33.0,0,0.0,8,20.0,0.0,0.04,0.0,0.0,Nov,2,2,3,2,Returning_Visitor,False,False
0,0.0,0,0.0,5,118.25,0.0,0.02,0.0,0.03,Dec,3,2,3,2,New_Visitor,False,False
3,89.61,0,3.16,20,924.89,0.0,0.02,0.0,0.0,Mar,1,1,1,3,New_Visitor,False,False
2,15.6,0,0.0,32,0.0,0.08,0.14,0.0,0.0,Aug,2,2,1,5,New_Visitor,False,False
6,120.01,0,0.52,36,1697.55,0.04,0.03,24.61,0.2,May,2,2,6,4,Returning_Visitor,False,False
0,0.0,0,0.0,14,1500.91,0.0,0.02,0.0,0.0,Dec,1,1,2,1,Returning_Visitor,False,False
2,38.5,0,0.0,28,1489.96,0.02,0.04,0.0,0.03,Nov,1,1,1,3,Returning_Visitor,False,False
2,22.42,3,52.0,4,48.0,0.06,0.06,0.0,0.0,Jul,1,1,1,4,Returning_Visitor,True,False
0,0.0,0,0.0,8,190.16,0.06,0.05,0.0,0.0,Dec,1,1,7,3,Returning_Visitor,False,False
3,57.5,0,1.6,66,1285.55,0.0,0.02,20.97,0.0,May,2,2,1,6,Returning_Visitor,False,True
0,0.0,0,0.0,34,755.25,0.03,0.04,0.0,0.0,Mar,2,2,1,1,Returning_Visitor,True,False
1,42.5,0,0.0,67,2413.75,0.01,0.01,0.0,0.0,Dec,1,1,6,1,Returning_Visitor,False,False
0,0.0,1,0.0,14,331.55,0.03,0.02,0.0,0.0,June,1,1,1,2,Returning_Visitor,True,False
2,37.0,1,18.0,25,430.5,0.0,0.01,0.0,0.0,May,2,2,2,2,Returning_Visitor,True,False
3,57.5,0,6.32,95,2772.28,0.02,0.04,0.0,0.03,Oct,3,2,1,1,Returning_Visitor,False,False
0,23.22,0,0.0,6,163.25,0.0,0.03,0.0,0.6,Dec,1,1,6,2,Returning_Visitor,False,False
0,6.33,0,0.0,23,533.7,0.01,0.02,0.01,0.0,Dec,1,1,3,2,New_Visitor,True,False
3,107.0,0,0.0,34,777.21,0.0,0.01,0.0,0.0,Mar,2,2,1,3,Returning_Visitor,False,False
1,81.21,0,0.0,11,765.17,0.0,0.01,0.0,0.0,May,4,1,4,6,Returning_Visitor,False,False
1,19.0,1,14.0,74,2408.58,0.0,0.02,0.0,0.0,Nov,2,2,1,2,Returning_Visitor,False,False
1,86.82,1,85.0,33,1544.72,0.0,0.01,0.0,0.0,Feb,2,2,1,2,New_Visitor,False,False
3,20.0,0,0.0,18,1479.73,0.0,0.01,32.32,0.0,Nov,2,2,5,3,Returning_Visitor,False,True
3,4.0,0,0.0,2,44.4,0.0,0.04,0.29,0.0,Sep,2,10,1,5,New_Visitor,False,False
0,104.76,0,0.0,3,112.0,0.0,0.03,0.0,0.0,Dec,1,1,2,2,Returning_Visitor,False,False
2,93.27,2,105.0,34,990.46,0.01,0.03,36.45,0.0,Nov,1,1,1,2,Returning_Visitor,True,True
1,53.0,0,0.0,34,2720.7,0.02,0.04,4.86,0.0,Sep,3,2,1,2,Returning_Visitor,True,False
1,129.36,0,0.0,6,341.36,0.01,0.06,21.63,0.0,Nov,2,5,3,2,Returning_Visitor,False,False
4,174.46,1,113.2,122,1505.82,0.0,0.03,2.39,0.03,June,2,2,1,2,Returning_Visitor,True,False
3,0.0,0,10.45,22,1368.0,0.0,0.01,0.0,0.0,Nov,2,5,7,3,Returning_Visitor,False,False
1,23.46,1,29.86,35,1461.67,0.0,0.01,0.0,0.04,Mar,2,5,1,3,Returning_Visitor,False,False
0,1.47,0,0.0,7,107.0,0.0,0.05,0.0,0.6,May,3,2,3,13,Returning_Visitor,False,False
0,0.0,0,2.8,1,3.81,0.2,0.2,0.0,0.0,Mar,1,1,4,1,Returning_Visitor,False,False
0,14.91,0,0.0,5,1474.5,0.0,0.02,0.0,0.05,May,1,1,1,3,Returning_Visitor,False,False
0,0.0,0,11.26,34,1500.03,0.01,0.01,0.0,0.03,Nov,3,2,4,6,Returning_Visitor,False,False
0,1.73,0,0.0,34,1226.79,0.0,0.02,0.0,0.0,May,2,2,7,4,Returning_Visitor,False,False
4,80.54,0,0.0,13,1493.36,0.0,0.01,0.0,0.0,Nov,2,2,3,2,Returning_Visitor,False,True
1,53.5,0,0.0,53,2019.83,0.01,0.02,0.0,0.03,Nov,2,2,3,2,Returning_Visitor,False,False
0,16.42,0,0.0,2,49.0,0.0,0.1,0.0,0.0,Nov,2,4,1,1,Returning_Visitor,False,False
0,0.0,0,0.98,31,799.04,0.0,0.02,0.0,0.04,Nov,2,2,8,20,Returning_Visitor,False,False
2,248.5,5,62.93,12,1518.19,0.0,0.04,0.0,0.03,Aug,1,1,3,2,New_Visitor,False,False
0,0.0,0,0.0,8,242.5,0.0,0.04,0.02,0.0,Nov,2,2,1,20,Returning_Visitor,False,False
3,133.5,2,191.0,15,443.93,0.0,0.02,0.0,0.03,May,1,1,3,6,Returning_Visitor,False,False
1,11.0,0,7.29,15,175.75,0.0,0.03,0.0,0.03,Nov,1,1,2,2,New_Visitor,False,False
2,67.0,0,0.0,8,1610.29,0.0,0.02,0.0,0.0,Mar,3,2,9,2,New_Visitor,False,False
0,4.47,0,0.0,7,136.34,0.05,0.07,0.01,0.04,May,2,2,6,3,Returning_Visitor,False,False
0,0.0,0,0.0,33,1504.53,0.0,0.03,0.0,0.0,Jul,2,2,1,2,Returning_Visitor,False,False
0,0.0,0,0.0,13,155.5,0.1,0.15,0.08,0.03,June,3,2,1,1,Returning_Visitor,True,False
14,1130.5,6,144.23,26,2559.9,0.02,0.02,20.3,0.0,Mar,1,2,1,2,Returning_Visitor,False,False
0,1.37,0,0.0,12,1077.0,0.03,0.05,0.0,0.0,May,2,2,2,1,Returning_Visitor,False,False
0,0.0,0,0.0,18,689.67,0.02,0.04,0.01,0.0,May,2,2,7,6,Returning_Visitor,True,False
0,1.43,0,0.0,45,1682.25,0.03,0.04,0.0,0.04,Nov,2,2,4,1,Returning_Visitor,False,False
1,83.08,0,0.0,2,1420.01,0.0,0.03,0.0,0.03,May,8,13,9,20,Other,False,False
0,0.0,0,0.0,6,11.17,0.2,0.14,0.0,0.6,May,3,2,1,13,Returning_Visitor,False,False
3,371.7,5,64.41,33,2128.73,0.0,0.01,43.72,0.0,Nov,1,1,1,2,Returning_Visitor,False,True
0,1.99,0,0.0,36,572.9,0.03,0.04,0.0,0.0,Dec,2,2,3,2,Returning_Visitor,False,False
8,182.74,0,5.9,34,771.59,0.01,0.03,0.31,0.0,Mar,2,4,1,1,Returning_Visitor,False,False
0,0.0,0,0.0,2,0.0,0.2,0.2,0.0,0.0,Nov,1,1,8,1,Returning_Visitor,False,False
0,15.44,0,0.0,2,0.0,0.14,0.2,0.0,0.0,May,1,1,1,3,Returning_Visitor,True,False
9,249.5,0,5.01,35,2506.33,0.02,0.04,14.0,0.04,May,2,2,6,6,Returning_Visitor,False,True
16,314.51,0,0.0,37,1490.81,0.0,0.02,87.25,0.0,Nov,1,1,3,2,New_Visitor,False,True
3,103.47,0,0.0,12,1316.83,0.0,0.02,0.0,0.0,Mar,3,2,2,1,Returning_Visitor,True,False
5,86.5,0,2.34,35,2241.84,0.0,0.02,0.0,0.8,May,3,2,3,4,Returning_Visitor,False,False
4,133.8,2,68.49,13,421.79,0.0,0.02,0.04,0.0,Nov,1,1,1,2,New_Visitor,False,False
6,312.0,1,20.37,92,2710.57,0.02,0.02,0.0,0.03,May,2,2,4,3,Returning_Visitor,False,False
4,66.33,2,72.94,38,1506.15,0.0,0.01,0.0,0.04,Mar,2,2,3,2,New_Visitor,True,False
0,0.0,0,4.18,23,501.67,0.0,0.02,0.01,0.6,Dec,1,1,3,2,Returning_Visitor,False,False
1,83.5,0,0.0,35,348.6,0.0,0.01,0.02,0.0,Aug,2,2,7,3,Returning_Visitor,False,True
0,25.75,0,0.0,3,61.75,0.0,0.04,0.02,0.03,Nov,2,10,1,3,Returning_Visitor,False,False
0,0.0,0,0.0,13,143.0,0.1,0.14,0.0,0.4,May,3,2,1,13,Returning_Visitor,False,False
0,0.0,0,4.57,22,464.38,0.0,0.0,0.0,0.03,Nov,2,2,1,2,New_Visitor,False,False
3,48.5,0,0.0,7,31.5,0.0,0.03,0.0,0.0,Dec,2,2,1,2,Returning_Visitor,False,False
0,0.0,0,0.0,6,186.07,0.15,0.16,0.0,0.0,June,3,2,1,13,Returning_Visitor,False,False
3,190.42,0,0.0,78,3913.99,0.01,0.01,0.0,0.0,Nov,3,2,5,1,Returning_Visitor,True,False
3,59.0,0,0.0,29,527.21,0.0,0.01,0.01,0.0,Mar,2,4,1,6,Returning_Visitor,False,False
3,37.58,0,0.0,34,1982.52,0.0,0.01,0.0,0.03,Dec,2,2,3,1,Returning_Visitor,False,False
5,66.6,0,0.0,13,1477.2,0.0,0.01,0.0,0.0,Oct,2,2,6,3,Returning_Visitor,False,False
0,0.0,0,0.0,9,225.67,0.02,0.14,0.03,0.0,Nov,2,2,1,3,Returning_Visitor,False,False
0,0.0,0,0.0,6,93.0,0.0,0.03,0.0,0.0,Mar,1,2,8,2,Returning_Visitor,False,False
9,123.15,0,4.02,10,138.42,0.0,0.01,0.05,0.0,Nov,3,2,3,2,New_Visitor,False,False
0,0.0,0,0.0,2,0.0,0.14,0.2,0.02,0.0,Dec,2,2,1,2,Returning_Visitor,False,False
3,46.52,0,101.44,31,2248.91,0.01,0.03,6.37,0.03,Jul,1,1,1,4,Returning_Visitor,False,True
2,60.0,0,14.42,20,717.62,0.0,0.01,60.19,0.0,Mar,2,2,9,2,New_Visitor,False,True
0,0.0,0,8.13,21,455.08,0.0,0.01,14.13,0.0,Dec,4,1,1,2,New_Visitor,False,True
0,0.92,0,1.64,1,0.0,0.2,0.2,0.0,0.0,Aug,1,1,4,1,Returning_Visitor,False,False
5,123.35,1,48.5,71,3439.73,0.0,0.01,0.0,0.04,May,2,2,1,2,Returning_Visitor,False,False
3,87.25,1,267.08,111,4984.54,0.0,0.02,4.19,0.03,Nov,2,2,3,2,Returning_Visitor,False,False
2,82.7,0,0.0,10,728.18,0.02,0.07,14.29,0.03,Sep,3,2,1,20,Returning_Visitor,True,False
0,3.15,0,0.0,2,262.0,0.1,0.15,0.24,0.0,May,3,2,1,4,Returning_Visitor,False,False
0,0.0,0,0.0,7,579.5,0.0,0.03,0.0,0.0,Nov,2,2,6,6,Other,False,False
2,5.37,0,0.0,18,558.19,0.0,0.02,0.0,0.0,Mar,2,2,3,1,Returning_Visitor,False,False
0,0.0,0,0.0,13,300.01,0.0,0.04,0.0,0.0,Mar,2,5,3,3,Returning_Visitor,False,False
1,38.0,0,0.0,23,1483.6,0.02,0.03,7.1,0.0,Mar,3,2,2,1,Returning_Visitor,False,True
1,34.87,0,0.62,9,193.67,0.01,0.05,0.23,0.85,May,1,8,7,3,Returning_Visitor,True,False
2,37.0,0,0.0,35,813.0,0.02,0.05,0.0,0.0,May,2,2,7,4,Returning_Visitor,True,False
1,81.87,0,49.34,73,1677.67,0.01,0.04,0.0,0.04,June,2,13,7,1,Returning_Visitor,False,False
0,2.38,0,0.0,34,1486.65,0.01,0.02,0.0,0.0,Dec,2,2,1,2,Returning_Visitor,True,False
0,87.34,0,0.0,4,573.0,0.0,0.05,0.06,0.0,Feb,2,2,3,3,Returning_Visitor,False,False
0,5.37,0,0.0,4,72.4,0.1,0.12,0.0,0.0,Jul,1,1,3,3,Returning_Visitor,False,False
0,0.0,0,0.0,13,710.07,0.0,0.01,72.52,0.0,Nov,1,1,2,2,Returning_Visitor,False,True
0,0.0,0,2.03,136,5947.97,0.01,0.04,0.0,0.03,Nov,2,2,1,1,Returning_Visitor,False,True
3,94.87,0,13.14,34,812.14,0.02,0.04,1.31,0.0,Jul,3,2,2,4,Returning_Visitor,False,True
5,147.4,0,0.0,12,1500.68,0.02,0.04,5.03,0.0,Sep,2,2,1,1,Returning_Visitor,False,True
3,97.5,0,0.0,6,155.33,0.0,0.03,0.0,0.0,Dec,3,2,1,2,New_Visitor,False,False
0,0.8,5,14.0,30,1499.39,0.01,0.04,0.0,0.0,Mar,2,1,1,2,Returning_Visitor,False,False
0,0.0,0,0.0,15,1919.62,0.0,0.05,0.0,0.03,Jul,3,2,6,1,Returning_Visitor,False,False
0,4.87,0,0.0,34,1507.45,0.0,0.01,0.25,0.0,Nov,3,2,4,2,Returning_Visitor,True,False
8,1040.25,0,19.47,207,5160.45,0.0,0.01,0.0,0.05,Nov,2,2,1,2,Returning_Visitor,False,False
2,22.83,0,3.92,45,2625.01,0.0,0.0,0.0,0.03,Mar,2,5,6,1,Returning_Visitor,False,False
3,12.0,0,0.0,34,493.3,0.0,0.02,0.0,0.0,Oct,2,2,1,2,Returning_Visitor,False,False
10,83.66,0,0.0,3,1802.71,0.0,0.0,0.22,0.0,Oct,2,2,7,5,New_Visitor,False,False
1,11.0,0,0.0,11,183.5,0.0,0.02,0.0,0.0,May,2,2,1,4,New_Visitor,True,False
0,0.0,0,0.0,20,2001.83,0.01,0.01,0.0,0.0,Nov,2,2,9,6,Returning_Visitor,False,False
0,1.44,0,0.0,17,1501.26,0.05,0.08,0.01,0.6,May,2,2,2,1,Returning_Visitor,False,False
0,4.0,4,81.4,79,2387.14,0.03,0.05,0.0,0.0,Nov,3,2,1,13,Returning_Visitor,True,False
0,0.0,0,1.25,34,376.52,0.0,0.02,0.0,0.0,Nov,2,2,6,2,Returning_Visitor,False,False
0,0.0,0,0.0,24,653.0,0.01,0.03,0.0,0.03,May,4,1,1,1,Returning_Visitor,False,False
3,86.1,2,28.4,2,5.0,0.01,0.03,0.0,0.03,Dec,2,2,1,5,Returning_Visitor,False,False
0,0.0,0,0.0,2,18.0,0.0,0.14,0.0,0.0,Nov,1,1,2,1,Returning_Visitor,False,False
0,0.82,1,84.5,34,2762.41,0.0,0.03,0.0,0.03,Nov,2,2,1,2,New_Visitor,False,False
9,329.3,0,75.0,32,1397.02,0.0,0.02,24.64,0.0,Nov,1,1,9,4,Returning_Visitor,True,True
1,68.25,0,1.16,34,1096.75,0.0,0.02,0.03,0.0,Mar,2,2,6,10,Returning_Visitor,False,False
0,6.21,0,0.0,3,26.0,0.0,0.05,0.0,0.03,Mar,3,2,1,1,Returning_Visitor,False,False
0,0.0,0,0.0,11,1407.26,0.0,0.02,18.85,0.0,Dec,1,1,1,8,New_Visitor,False,True
3,97.74,0,0.0,45,1096.42,0.02,0.14,0.0,0.0,Jul,3,2,6,13,Returning_Visitor,False,False
3,97.65,4,166.0,67,3872.51,0.04,0.04,2.34,0.0,May,3,2,3,2,Returning_Visitor,False,False
0,0.0,0,0.0,2,0.0,0.2,0.2,0.0,0.0,Mar,2,2,1,1,Returning_Visitor,False,False
0,0.0,1,3.32,34,4566.24,0.02,0.04,0.0,0.05,Nov,3,2,1,3,Returning_Visitor,False,False
1,1.14,0,0.0,19,1493.88,0.01,0.04,0.0,0.0,Mar,2,2,1,1,Returning_Visitor,False,False
3,134.5,0,0.0,11,237.67,0.0,0.02,0.12,0.0,Dec,3,2,2,2,Returning_Visitor,False,False
13,1249.81,4,205.0,36,1626.63,0.01,0.02,14.34,0.0,Mar,3,2,2,3,Returning_Visitor,False,False
4,83.22,1,40.0,61,2072.99,0.01,0.04,0.0,0.03,May,2,2,3,2,Returning_Visitor,False,False
3,180.0,3,258.0,61,5233.59,0.01,0.04,0.0,0.0,May,2,2,4,2,Returning_Visitor,False,False
9,505.61,0,0.0,15,1386.35,0.03,0.02,6.34,0.03,Sep,1,2,1,4,Returning_Visitor,False,False
0,0.0,0,0.0,1,0.0,0.2,0.2,0.0,0.03,Dec,1,1,4,1,Returning_Visitor,False,False
1,1.56,1,89.27,50,1799.67,0.06,0.08,0.0,0.0,Dec,1,1,1,3,Returning_Visitor,False,False
0,0.92,1,30.5,34,1689.13,0.0,0.01,0.0,0.03,Nov,2,2,9,2,Returning_Visitor,False,False
0,0.0,10,518.25,60,2068.25,0.0,0.03,0.0,0.0,Nov,3,1,1,2,Returning_Visitor,False,False
1,18.0,1,5.41,122,7141.21,0.01,0.02,0.0,0.03,Nov,3,2,1,2,Returning_Visitor,True,False
0,2.5,0,0.0,6,92.0,0.0,0.07,0.0,0.03,Mar,1,1,1,10,Returning_Visitor,False,False
0,0.0,0,0.0,5,214.21,0.0,0.07,0.0,0.0,May,3,2,1,3,Returning_Visitor,False,False
2,50.0,0,4.75,234,5246.44,0.0,0.01,21.03,0.0,Nov,2,2,3,2,Returning_Visitor,False,True
5,202.01,0,0.0,34,1491.08,0.01,0.02,0.0,0.04,Aug,2,2,4,3,Returning_Visitor,True,False
0,0.0,0,0.0,5,60.03,0.14,0.1,0.0,0.0,Feb,3,2,1,3,Returning_Visitor,False,False
0,447.12,4,4.33,142,4777.81,0.01,0.02,0.0,0.03,Nov,3,2,1,2,Returning_Visitor,False,False
10,169.5,2,724.0,34,706.98,0.01,0.02,5.46,0.0,May,1,1,1,1,Returning_Visitor,False,False
2,17.0,1,70.67,22,148.25,0.0,0.02,0.0,0.0,Mar,3,2,1,1,Returning_Visitor,False,False
0,4.31,0,0.0,21,517.54,0.0,0.02,16.16,0.03,Nov,1,1,3,8,Returning_Visitor,False,True
1,4.0,0,7.15,8,102.0,0.0,0.04,0.0,0.0,May,2,2,1,3,New_Visitor,False,False
1,395.88,0,0.0,124,3959.15,0.0,0.01,3.46,0.03,Nov,2,2,1,2,Returning_Visitor,False,True
3,22.0,1,49.0,22,602.17,0.0,0.01,0.0,0.0,Mar,2,2,1,2,New_Visitor,True,False
0,0.0,0,0.0,11,610.76,0.0,0.02,0.0,0.0,Mar,2,2,8,1,Returning_Visitor,False,False
0,0.0,0,13.52,45,1387.27,0.04,0.06,0.0,0.03,Jul,3,2,9,13,Returning_Visitor,False,False
1,55.4,0,0.0,9,949.6,0.0,0.03,0.04,0.0,Mar,1,8,1,11,Returning_Visitor,False,False
2,26.0,0,0.0,6,1470.87,0.0,0.03,0.01,0.05,Dec,3,2,1,3,Returning_Visitor,False,False
1,20.87,0,0.0,6,0.0,0.14,0.2,0.0,0.0,Dec,1,1,1,10,Returning_Visitor,False,False
1,48.5,0,0.0,35,668.1,0.01,0.02,39.04,0.03,Nov,2,4,1,3,Returning_Visitor,False,True
0,0.87,0,0.0,2,11.0,0.0,0.1,0.0,0.0,Dec,2,2,1,13,Returning_Visitor,False,False
1,82.6,0,0.0,28,1375.13,0.0,0.02,4.82,0.0,Nov,4,1,3,20,Returning_Visitor,False,True
0,7.0,0,0.0,34,656.77,0.0,0.01,0.0,0.03,Nov,3,2,1,1,Returning_Visitor,True,False
4,49.33,5,303.25,7,148.5,0.0,0.01,0.0,0.03,Mar,3,2,2,2,Returning_Visitor,False,False
8,398.7,0,0.0,34,1483.37,0.0,0.01,19.78,0.4,May,2,2,2,4,Returning_Visitor,False,False
4,86.58,1,104.79,34,1501.53,0.0,0.01,16.1,0.0,Sep,2,2,1,5,Returning_Visitor,False,True
7,271.33,0,0.0,54,1489.36,0.0,0.01,9.87,0.03,May,2,2,4,2,Returning_Visitor,False,True
3,82.18,2,298.0,16,570.33,0.0,0.02,0.0,0.0,May,3,2,6,13,Returning_Visitor,False,False
0,2.89,0,0.0,5,146.0,0.15,0.19,0.0,0.0,Mar,3,2,7,3,Returning_Visitor,False,False
0,1.07,0,0.0,14,510.5,0.0,0.02,39.11,0.0,Mar,2,2,1,2,New_Visitor,False,True
0,1.78,0,0.0,2,1014.18,0.0,0.1,0.0,0.0,Aug,3,2,1,1,Returning_Visitor,False,False
0,0.0,0,0.11,67,4290.83,0.0,0.02,0.0,0.38,May,2,2,6,4,Returning_Visitor,False,False
0,0.0,0,0.0,3,230.4,0.0,0.07,0.0,0.0,Nov,2,4,9,3,Returning_Visitor,False,False
5,66.4,0,2.57,34,1488.27,0.0,0.01,71.39,0.04,Dec,2,2,4,3,Returning_Visitor,False,True
3,81.0,0,3.63,34,448.03,0.0,0.01,0.0,0.0,May,2,2,5,4,Returning_Visitor,True,False
0,0.0,0,0.28,4,57.82,0.05,0.14,0.03,0.0,Nov,2,2,3,3,Returning_Visitor,False,False
0,0.0,0,0.0,2,67.5,0.0,0.1,0.01,0.0,May,2,2,7,13,Returning_Visitor,False,False
3,84.0,0,29.66,30,597.63,0.01,0.01,0.0,0.03,Nov,1,1,1,11,Returning_Visitor,True,False
6,110.37,0,0.0,16,1658.91,0.01,0.04,16.04,0.0,Dec,2,2,3,1,Returning_Visitor,False,True
3,185.99,0,15.71,179,10415.78,0.0,0.02,18.08,0.04,Nov,2,2,3,2,Returning_Visitor,True,False
3,246.8,0,0.0,13,175.77,0.02,0.04,0.0,0.0,Sep,3,2,1,1,Returning_Visitor,False,False
0,0.0,0,0.0,34,1490.08,0.0,0.03,0.0,0.0,Mar,3,2,3,1,Returning_Visitor,False,False
1,332.67,8,666.78,35,1822.84,0.01,0.02,10.11,0.0,May,2,2,3,2,Returning_Visitor,False,False
3,1347.75,0,0.0,22,3410.88,0.02,0.09,0.01,0.0,Mar,2,2,1,2,Returning_Visitor,False,False
0,0.0,0,4.16,111,1624.75,0.01,0.02,0.0,0.0,Dec,2,2,1,2,Returning_Visitor,False,False
0,100.34,1,23.0,4,57.75,0.03,0.07,0.0,0.04,Nov,2,5,3,2,Returning_Visitor,False,False
0,0.0,0,0.0,34,1489.84,0.0,0.01,39.16,0.0,Mar,2,2,7,2,Returning_Visitor,False,True
1,0.0,0,7.9,73,2784.8,0.0,0.02,6.14,0.0,Nov,2,2,5,2,Returning_Visitor,True,False
6,136.89,4,1343.25,51,3472.87,0.01,0.04,0.0,0.03,Nov,2,2,1,2,Returning_Visitor,False,False
3,105.0,0,0.0,35,999.0,0.0,0.01,0.0,0.0,May,3,2,3,4,Returning_Visitor,False,False
1,81.66,0,0.0,41,1087.25,0.0,0.01,0.01,0.0,Mar,4,2,1,1,Returning_Visitor,False,False
0,0.0,0,0.0,34,1006.26,0.0,0.02,0.0,0.0,Mar,2,2,7,3,Returning_Visitor,False,False
0,0.0,0,2.4,1,0.0,0.2,0.2,0.05,0.03,Nov,1,8,8,1,Returning_Visitor,False,False
11,268.2,1,71.1,34,1758.25,0.0,0.02,0.0,0.0,May,2,2,4,1,Returning_Visitor,False,True
0,1.61,0,0.0,3,1474.32,0.0,0.07,0.0,0.0,Mar,2,2,1,1,Returning_Visitor,False,False
0,6.5,0,0.0,11,511.25,0.0,0.01,38.2,0.03,Dec,2,5,3,8,New_Visitor,False,True
3,79.6,0,0.0,28,627.65,0.01,0.01,0.0,0.0,Mar,1,2,2,2,Returning_Visitor,False,False
3,0.0,0,0.0,9,351.5,0.14,0.1,0.0,0.03,Mar,2,2,5,20,Returning_Visitor,False,False
0,0.0,0,0.26,11,1283.14,0.0,0.03,0.0,0.0,Mar,2,2,2,1,Returning_Visitor,False,False
9,283.25,0,0.0,38,1166.17,0.0,0.0,18.61,0.0,Nov,1,1,9,1,New_Visitor,False,True
2,67.5,0,0.0,11,268.0,0.0,0.02,59.52,0.0,Dec,2,2,1,2,New_Visitor,False,True
0,0.0,0,0.0,74,3109.4,0.01,0.04,0.0,0.03,Nov,2,2,1,2,Returning_Visitor,False,False
0,19.83,0,10.33,9,138.5,0.02,0.04,0.0,0.6,May,1,1,2,2,Returning_Visitor,False,False
0,26.56,0,0.0,1,96.73,0.2,0.2,0.26,0.0,May,3,2,6,1,Returning_Visitor,True,False
0,4.36,0,0.0,25,334.38,0.0,0.01,0.0,0.06,May,2,2,3,4,Returning_Visitor,False,False
4,134.5,2,330.0,7,1982.02,0.0,0.02,0.0,0.46,May,3,2,1,3,Returning_Visitor,False,False
2,82.62,1,131.4,9,536.0,0.0,0.02,37.52,0.03,May,2,2,3,4,New_Visitor,False,True
3,181.6,0,9.39,98,1717.87,0.01,0.02,0.0,0.03,Aug,3,2,1,4,Returning_Visitor,False,False
0,5.36,0,0.0,2,0.0,0.2,0.2,0.0,0.0,Nov,3,2,9,1,Returning_Visitor,False,False
9,92.06,0,0.0,33,1489.86,0.02,0.02,0.0,0.0,Sep,2,2,5,1,Returning_Visitor,False,False
0,0.0,0,0.0,4,75.5,0.0,0.04,0.0,0.03,Mar,2,2,1,1,Returning_Visitor,False,False
0,0.0,0,0.0,5,125.75,0.13,0.14,0.06,0.0,Nov,3,2,1,10,Returning_Visitor,True,False
0,1.87,0,0.0,3,0.0,0.14,0.2,0.05,0.0,June,2,1,1,4,Returning_Visitor,False,False
5,13.62,0,0.0,27,520.33,0.0,0.02,8.5,0.03,Mar,3,2,4,2,Returning_Visitor,True,False
2,18.6,0,11.23,44,2834.28,0.0,0.01,37.42,0.0,Nov,2,2,1,2,Returning_Visitor,True,False
3,31.0,2,13.0,23,1541.26,0.02,0.05,0.19,0.0,May,2,2,1,4,Returning_Visitor,False,False
7,123.5,0,0.0,34,477.5,0.0,0.01,0.0,0.04,May,2,2,9,4,Returning_Visitor,False,False
4,57.0,0,3.42,11,497.1,0.0,0.01,0.0,0.03,May,1,1,8,2,Returning_Visitor,False,False
8,674.0,0,0.0,18,1484.8,0.01,0.03,69.28,0.0,May,2,2,1,4,Returning_Visitor,False,True
0,0.0,0,1.32,2,12.0,0.0,0.1,0.0,0.0,May,1,1,1,3,Returning_Visitor,True,False
0,0.0,0,0.0,5,66.67,0.0,0.04,0.01,0.03,Mar,1,1,1,10,Returning_Visitor,False,False
10,1104.2,0,0.0,36,1501.2,0.01,0.02,0.0,0.0,Oct,1,1,3,2,Returning_Visitor,True,False
3,48.5,0,38.68,77,1069.97,0.0,0.01,0.0,0.03,Dec,2,2,3,2,Returning_Visitor,False,False
0,0.0,0,0.0,11,577.75,0.02,0.03,0.01,0.0,Nov,3,2,1,3,Returning_Visitor,False,False
6,103.71,0,0.0,13,264.34,0.0,0.03,0.0,0.0,May,1,1,3,5,Returning_Visitor,False,False
4,34.0,0,0.0,34,515.68,0.0,0.0,0.0,0.0,Mar,2,2,3,8,New_Visitor,False,False
2,80.95,0,3.38,34,775.33,0.0,0.01,0.0,0.0,Mar,4,1,1,2,Returning_Visitor,True,False
0,0.0,0,0.0,10,133.83,0.0,0.02,0.0,0.4,May,3,2,4,13,Returning_Visitor,False,False
2,70.6,0,2.2,30,515.23,0.0,0.02,0.0,0.0,Mar,1,1,1,1,Returning_Visitor,False,False
0,2.36,0,0.0,1,340.72,0.0,0.1,0.23,0.03,Nov,1,1,1,3,Other,False,False
0,0.0,0,0.0,1,0.0,0.2,0.2,0.0,0.0,Mar,2,4,7,1,Returning_Visitor,False,False
5,12.65,0,0.0,35,1494.73,0.0,0.01,0.0,0.0,Nov,4,1,1,10,Returning_Visitor,False,False
3,228.72,0,0.0,4,207.36,0.0,0.01,0.05,0.0,Oct,1,8,1,2,New_Visitor,False,False
0,0.0,0,0.0,34,781.5,0.01,0.03,0.01,0.04,May,2,2,2,3,Returning_Visitor,False,False
1,11.0,1,0.0,35,1557.17,0.01,0.02,0.02,0.03,May,2,4,3,3,Returning_Visitor,False,False
0,0.0,0,0.0,1,2.87,0.2,0.2,0.0,0.0,Dec,2,2,1,13,Returning_Visitor,False,False
7,79.2,0,1.7,30,1488.69,0.0,0.01,12.91,0.04,May,2,2,4,4,Returning_Visitor,False,False
1,81.73,0,135.16,31,1998.25,0.0,0.04,0.11,0.03,Nov,2,2,1,2,Returning_Visitor,True,False
6,71.5,1,83.33,6,287.29,0.01,0.0,0.0,0.0,May,1,1,3,2,Returning_Visitor,False,False
0,0.8,0,0.0,34,849.54,0.0,0.01,0.0,0.0,Nov,1,1,1,2,Returning_Visitor,False,False
1,72.55,1,0.0,35,1497.39,0.0,0.04,62.87,0.0,Nov,2,2,1,1,Returning_Visitor,False,True
1,3.85,0,0.0,35,958.25,0.03,0.04,24.34,0.0,May,2,2,1,6,Returning_Visitor,False,False
0,0.0,0,2.29,32,318.75,0.0,0.0,30.32,0.0,Nov,2,2,7,1,Returning_Visitor,True,True
2,82.16,0,0.0,5,299.58,0.0,0.03,0.0,0.0,Aug,2,2,1,2,New_Visitor,True,False
0,0.0,0,0.0,1,0.0,0.2,0.2,0.01,0.0,Nov,2,2,6,13,Returning_Visitor,False,False
0,0.0,0,0.0,20,504.23,0.01,0.02,0.0,0.0,Mar,3,2,1,1,Returning_Visitor,False,False
0,0.0,0,8.0,34,651.67,0.0,0.02,0.01,0.0,Nov,4,1,1,2,New_Visitor,True,False
1,13.44,0,0.0,24,302.98,0.01,0.02,0.01,0.6,May,3,2,1,3,Returning_Visitor,False,False
0,97.94,0,0.0,1,0.0,0.14,0.14,0.75,0.2,May,3,2,3,6,Returning_Visitor,False,False
3,96.0,0,0.0,6,356.87,0.0,0.03,0.01,0.0,Mar,3,2,1,2,New_Visitor,False,False
3,85.72,1,64.2,36,1438.1,0.0,0.02,23.72,0.0,Dec,3,2,1,2,Returning_Visitor,True,False
0,0.0,0,0.0,8,309.49,0.02,0.03,0.1,0.0,Dec,3,2,3,10,Returning_Visitor,False,False
3,68.5,0,6.53,37,1489.81,0.01,0.01,0.0,0.03,Mar,1,1,1,2,Returning_Visitor,True,False
1,21.0,0,0.0,16,375.92,0.0,0.01,0.0,0.03,Dec,1,1,1,2,Returning_Visitor,False,False
0,0.0,0,15.41,16,1490.3,0.0,0.01,0.0,0.03,Nov,1,1,4,3,Returning_Visitor,False,False
9,85.33,2,29.67,52,2211.61,0.0,0.01,30.29,0.03,Mar,2,2,1,2,Returning_Visitor,False,True
7,61.08,0,0.0,42,1324.85,0.0,0.02,0.0,0.0,Oct,2,2,1,4,Returning_Visitor,False,False
5,274.5,0,0.0,129,5883.04,0.0,0.01,0.0,0.03,May,1,1,6,2,Returning_Visitor,False,False
2,14.0,0,7.88,58,1806.5,0.01,0.03,0.0,0.8,May,3,2,2,4,Returning_Visitor,False,False
3,86.19,1,0.0,40,829.8,0.07,0.09,0.0,0.0,Nov,3,2,1,13,Returning_Visitor,False,False
3,204.5,2,37.0,22,1941.08,0.02,0.03,0.0,0.0,May,2,2,2,13,Returning_Visitor,False,False
8,41.0,0,0.0,34,1490.15,0.01,0.02,0.0,0.0,May,1,1,3,2,Returning_Visitor,False,False
1,236.8,0,3.89,240,5523.93,0.0,0.02,20.62,0.03,Oct,2,5,4,2,Returning_Visitor,False,True
0,23.33,3,62.75,32,680.26,0.02,0.04,37.41,0.0,Nov,1,1,8,10,Returning_Visitor,False,False
0,0.0,0,0.0,57,1493.54,0.01,0.01,12.36,0.0,Nov,3,2,3,1,Returning_Visitor,True,True
0,0.0,0,0.0,2,62.78,0.0,0.04,0.0,0.03,Mar,3,2,1,1,Returning_Visitor,False,False
10,225.5,3,96.74,40,1489.07,0.0,0.02,0.0,0.0,May,3,2,1,2,Returning_Visitor,True,False
1,5.5,0,0.51,7,235.52,0.0,0.04,0.0,0.0,Mar,2,2,6,1,Returning_Visitor,False,False
0,11.71,0,0.0,4,1475.97,0.1,0.15,0.0,0.0,Mar,3,2,1,4,Returning_Visitor,False,False
1,5.0,0,0.0,29,3441.44,0.01,0.01,0.15,0.0,Dec,3,2,1,10,Returning_Visitor,False,False
3,75.6,0,0.0,34,1576.21,0.01,0.02,0.0,0.6,May,3,2,9,3,Returning_Visitor,False,False
3,0.0,1,93.0,120,2895.13,0.0,0.01,16.96,0.04,Nov,1,1,1,3,Returning_Visitor,False,True
0,1.4,0,0.0,15,598.6,0.0,0.03,0.01,0.03,Jul,2,2,1,2,Returning_Visitor,False,False
4,88.0,0,0.0,17,538.97,0.0,0.02,0.0,0.0,May,2,2,5,4,Returning_Visitor,False,False
8,174.5,0,0.0,10,195.5,0.0,0.01,0.0,0.0,Nov,1,1,3,2,Returning_Visitor,False,False
0,0.0,0,0.0,14,217.26,0.07,0.11,0.03,1.0,May,3,2,1,13,Returning_Visitor,False,False
4,69.83,0,14.52,35,4885.05,0.0,0.01,15.96,0.03,Nov,2,2,1,2,Returning_Visitor,True,False
0,0.0,0,0.0,22,1483.8,0.0,0.01,0.0,0.0,Dec,4,1,1,2,Returning_Visitor,False,False
0,0.0,0,0.0,29,39.95,0.0,0.05,0.0,0.03,Jul,3,2,1,4,Returning_Visitor,True,False
0,0.0,0,0.0,3,27.2,0.13,0.13,0.0,0.03,Oct,3,2,4,1,Returning_Visitor,False,False
0,2.37,0,0.0,3,234.0,0.0,0.03,0.0,0.0,Mar,1,1,1,2,Returning_Visitor,True,False
4,234.43,0,3.44,85,6743.4,0.01,0.03,0.0,0.03,Oct,2,2,8,13,Returning_Visitor,False,False
6,161.76,3,276.56,54,6254.42,0.03,0.04,3.43,0.03,May,3,2,1,2,Returning_Visitor,True,False
9,139.89,3,61.6,10,124.87,0.02,0.03,0.0,0.0,Aug,1,1,3,2,Returning_Visitor,False,True
0,0.0,0,0.0,4,82.0,0.0,0.05,0.0,0.0,Nov,2,2,4,1,Returning_Visitor,False,False
2,53.5,0,0.0,85,4478.7,0.0,0.02,0.0,0.03,Nov,2,2,1,2,Returning_Visitor,False,True
3,32.9,0,0.0,32,1255.33,0.02,0.03,17.73,0.0,June,2,2,3,2,Returning_Visitor,False,True
1,173.43,3,79.4,22,2297.8,0.02,0.02,5.65,0.4,May,3,2,1,13,Returning_Visitor,False,True
0,0.0,0,0.0,32,394.87,0.0,0.02,0.0,0.0,Nov,2,2,2,2,Returning_Visitor,False,False
4,80.85,0,5.24,18,954.91,0.0,0.01,0.0,0.04,May,1,2,5,2,Returning_Visitor,True,False
0,0.0,0,0.0,15,1448.66,0.0,0.02,0.0,0.0,Mar,2,2,2,1,Returning_Visitor,False,False
5,77.49,0,2.35,5,71.4,0.0,0.02,11.21,0.0,Oct,2,4,1,2,New_Visitor,False,True
0,0.0,0,0.0,5,59.0,0.08,0.12,0.07,0.0,Mar,2,2,7,1,Returning_Visitor,False,False
2,2.28,0,0.0,34,2595.28,0.01,0.03,0.5,0.0,Mar,2,4,7,1,Returning_Visitor,False,False
3,107.04,3,53.2,114,5066.66,0.01,0.02,0.0,0.03,Nov,3,2,3,2,Returning_Visitor,True,False
12,345.83,0,1.83,52,3258.07,0.0,0.0,0.0,0.0,May,1,2,2,2,Returning_Visitor,True,False
1,9.07,0,0.0,9,89.5,0.0,0.06,0.1,0.0,May,1,1,4,4,Returning_Visitor,True,True
0,0.0,0,0.0,33,1490.06,0.0,0.04,0.0,0.0,Dec,2,5,1,1,Returning_Visitor,False,False
0,3.42,0,0.0,13,123.0,0.0,0.02,0.0,0.03,Mar,2,2,1,3,Returning_Visitor,False,False
0,22.7,0,0.0,2,0.0,0.2,0.2,0.0,0.0,Mar,2,2,1,3,Returning_Visitor,False,False
3,11.33,0,0.0,20,302.39,0.0,0.02,0.0,0.03,Mar,2,2,1,1,Returning_Visitor,False,False
0,0.0,0,0.0,6,166.0,0.0,0.03,0.0,0.0,Dec,2,2,1,3,Returning_Visitor,False,False
1,4.64,0,0.0,11,424.6,0.05,0.04,0.0,0.0,Aug,3,2,8,1,Returning_Visitor,False,False
0,0.0,0,0.0,6,59.61,0.0,0.03,0.0,0.0,May,2,2,1,3,Returning_Visitor,False,False
15,311.74,2,1529.2,23,2128.7,0.01,0.02,26.41,0.0,Mar,2,2,2,20,Returning_Visitor,False,False
0,0.0,0,0.0,34,1490.61,0.0,0.04,0.0,0.0,Nov,2,2,1,10,Returning_Visitor,True,False
7,280.0,0,0.0,21,612.75,0.0,0.01,43.81,0.0,May,2,2,2,1,Returning_Visitor,False,True
13,296.04,3,93.68,52,1249.48,0.04,0.04,0.04,0.0,Dec,3,2,1,1,Returning_Visitor,False,False
0,0.96,0,0.0,2,0.0,0.2,0.2,0.0,0.0,Mar,1,1,1,1,Returning_Visitor,False,False
3,29.0,0,18.86,57,1191.89,0.02,0.03,0.0,0.03,Nov,2,2,1,2,Returning_Visitor,False,False
2,294.66,1,126.46,107,3173.21,0.0,0.01,5.87,0.03,June,1,1,1,2,Returning_Visitor,False,False
8,81.25,2,102.0,25,1516.69,0.01,0.02,0.01,0.0,May,4,2,3,2,Returning_Visitor,True,False
0,0.0,0,0.0,30,1472.03,0.0,0.02,0.0,0.03,Nov,1,1,3,8,New_Visitor,False,False
0,0.68,0,4.37,14,238.67,0.0,0.02,0.0,0.0,Dec,2,2,5,2,New_Visitor,False,False
0,1.29,0,0.0,13,1501.63,0.08,0.13,0.0,0.0,May,3,2,1,1,Returning_Visitor,False,False
1,2.17,0,2.45,1,0.0,0.2,0.2,0.13,0.4,May,1,8,4,3,Returning_Visitor,False,False
3,0.0,3,118.42,87,1527.62,0.0,0.02,0.0,0.0,Dec,3,2,4,1,Returning_Visitor,False,False
0,3.1,0,0.85,4,87.5,0.0,0.05,0.0,0.0,May,2,2,1,3,Returning_Visitor,False,False
3,82.14,0,5.21,18,443.0,0.0,0.02,39.11,0.0,May,2,5,8,4,Returning_Visitor,True,True
3,281.92,1,226.06,83,2616.91,0.0,0.03,0.0,0.03,Nov,2,2,3,2,Returning_Visitor,False,True
0,0.0,0,2.43,14,416.83,0.0,0.02,0.33,0.04,May,2,2,2,2,New_Visitor,True,False
0,0.0,0,0.0,2,0.0,0.13,0.2,0.0,0.03,Nov,2,2,6,10,Returning_Visitor,False,False
0,0.0,0,0.0,17,1488.14,0.02,0.04,0.0,0.03,Nov,3,2,4,13,Returning_Visitor,False,False
0,2.57,0,6.63,3,325.04,0.0,0.04,0.05,0.0,Nov,1,1,6,2,New_Visitor,True,False
4,86.56,0,0.0,54,3708.39,0.0,0.01,11.7,0.0,Nov,4,2,4,3,Returning_Visitor,False,True
0,0.0,1,85.78,34,926.67,0.01,0.05,0.0,1.0,May,2,2,1,4,Returning_Visitor,True,False
0,0.0,0,0.0,4,133.5,0.0,0.03,0.02,0.0,Dec,2,2,1,2,Returning_Visitor,False,False
0,0.7,0,0.0,34,4622.0,0.01,0.14,0.0,0.03,Oct,2,2,6,1,Returning_Visitor,False,False
0,0.0,0,0.0,3,16.94,0.13,0.2,0.0,0.0,Nov,1,1,5,2,Returning_Visitor,False,False
0,0.0,0,0.0,41,1837.2,0.03,0.04,0.0,0.0,Nov,2,2,1,3,Returning_Visitor,False,False
0,0.0,0,0.0,7,30.0,0.13,0.19,0.0,0.36,May,3,2,6,1,Returning_Visitor,False,False
2,250.22,5,4.0,82,5076.38,0.0,0.01,28.42,0.0,Dec,3,2,1,2,Returning_Visitor,False,True
0,0.0,0,0.0,19,799.23,0.04,0.04,0.04,1.0,May,3,2,1,1,Returning_Visitor,True,False
6,40.17,0,0.0,34,895.83,0.06,0.07,0.0,0.0,May,2,2,6,4,Returning_Visitor,False,False
3,26.0,1,11.5,103,3400.25,0.01,0.03,0.0,0.0,Nov,3,2,9,2,Returning_Visitor,True,False
2,83.68,0,0.0,16,602.0,0.01,0.04,0.0,0.0,May,2,2,1,3,Returning_Visitor,False,False
0,9.05,0,0.0,1,0.0,0.2,0.2,0.0,0.0,Mar,3,2,3,1,Returning_Visitor,False,False
0,19.32,0,0.0,7,1515.31,0.0,0.04,0.0,0.03,Mar,1,1,2,2,Returning_Visitor,True,False
1,5.0,0,0.0,27,545.57,0.0,0.02,26.12,0.0,Mar,2,2,3,2,Returning_Visitor,True,True
0,2.02,0,0.37,2,7.0,0.14,0.14,0.02,0.0,May,2,5,8,1,Returning_Visitor,False,False
3,16.0,0,0.0,16,1440.51,0.01,0.05,0.06,0.03,Feb,2,4,2,1,Returning_Visitor,False,False
0,0.0,0,0.0,31,1487.53,0.01,0.04,0.0,0.0,Nov,2,2,9,2,Returning_Visitor,True,False
0,0.0,0,0.0,33,2861.97,0.0,0.04,0.0,0.0,Nov,2,2,9,2,Returning_Visitor,False,False
0,51.08,0,0.0,11,250.25,0.05,0.08,0.04,0.0,Dec,1,1,1,3,Returning_Visitor,True,False
0,0.0,2,120.5,33,1389.22,0.01,0.03,0.0,0.03,Dec,1,1,1,2,Returning_Visitor,False,False
1,5.0,0,0.0,31,1263.9,0.0,0.01,0.0,0.0,Dec,2,2,7,2,Returning_Visitor,False,False
0,0.0,0,0.0,6,78.75,0.03,0.07,0.01,0.0,Nov,2,2,9,3,Returning_Visitor,False,False
0,0.0,0,2.43,34,508.56,0.01,0.02,0.0,0.0,Dec,2,2,3,10,Returning_Visitor,False,False
3,94.0,1,44.2,56,1430.21,0.03,0.03,0.0,0.03,Nov,2,2,9,3,Returning_Visitor,False,False
3,112.0,0,0.0,20,1488.82,0.0,0.02,26.88,0.0,May,2,2,1,4,Returning_Visitor,False,False
3,47.0,0,0.0,89,3436.98,0.0,0.0,0.0,0.03,Nov,2,2,3,2,Returning_Visitor,False,True
3,58.0,0,0.0,10,1476.0,0.0,0.0,0.01,0.0,Mar,1,1,2,2,New_Visitor,False,False
7,199.85,0,3.59,39,1267.45,0.0,0.02,17.93,0.0,Nov,2,2,1,4,Returning_Visitor,False,False
0,0.0,0,4.32,32,791.92,0.01,0.02,0.02,0.03,Nov,3,2,4,2,Returning_Visitor,False,False
3,214.88,0,1.22,41,1461.66,0.0,0.02,36.27,0.03,Mar,2,4,2,2,Returning_Visitor,False,False
0,0.0,0,0.0,2,181.38,0.14,0.2,0.0,0.04,Nov,3,2,1,20,Returning_Visitor,False,False
0,0.0,0,0.0,15,1491.29,0.0,0.03,0.06,0.0,May,3,3,4,3,Returning_Visitor,False,False
3,74.0,0,0.0,8,129.0,0.03,0.14,0.0,0.0,May,3,2,3,3,Returning_Visitor,False,False
0,0.0,0,0.0,9,116.33,0.0,0.07,0.0,0.0,Mar,2,2,1,1,Returning_Visitor,False,False
6,81.04,0,0.0,11,1206.75,0.0,0.01,0.69,0.0,May,4,1,4,8,New_Visitor,False,False
5,90.51,1,6.0,33,1017.58,0.01,0.01,0.0,0.0,Nov,3,2,1,3,Returning_Visitor,False,False
0,0.0,0,0.0,1,15.74,0.2,0.14,0.06,0.03,Nov,1,1,6,1,Returning_Visitor,True,False
0,2.44,0,0.0,72,2494.82,0.0,0.02,0.0,0.0,Nov,1,2,1,11,New_Visitor,False,False
3,23.96,0,5.4,94,2103.94,0.01,0.04,1.48,0.0,Jul,2,2,1,1,Returning_Visitor,False,False
3,42.07,0,12.84,34,1489.15,0.0,0.01,12.23,0.04,Dec,1,1,7,2,Returning_Visitor,False,True
3,89.0,0,0.0,26,655.54,0.0,0.04,0.06,0.0,Nov,2,2,4,1,Returning_Visitor,False,False
4,43.0,0,0.0,66,1525.9,0.0,0.02,62.41,0.03,Nov,4,1,7,2,Returning_Visitor,False,False
1,83.09,0,0.0,25,1055.58,0.01,0.01,0.0,0.0,Dec,1,1,1,2,Returning_Visitor,False,False
0,0.88,0,0.86,20,804.25,0.01,0.04,0.0,0.0,Nov,3,2,8,1,Returning_Visitor,False,False
0,2.68,0,0.0,1,39.5,0.0,0.1,0.0,0.0,Dec,1,2,1,2,Returning_Visitor,False,False
0,0.0,0,0.0,15,251.4,0.12,0.14,0.0,0.03,Jul,3,2,1,3,Returning_Visitor,False,False
0,0.0,0,0.0,1,23.11,0.2,0.2,0.02,0.0,Nov,2,2,3,1,Returning_Visitor,False,False
4,211.8,0,0.0,15,512.9,0.0,0.01,0.0,0.03,Nov,1,1,1,2,New_Visitor,False,False
3,90.6,0,0.0,6,166.0,0.0,0.03,0.0,0.0,Jul,2,2,8,6,New_Visitor,False,True
1,28.5,0,0.0,21,1089.62,0.01,0.03,1.2,0.0,Nov,2,2,1,20,Returning_Visitor,False,False
4,52.0,0,0.0,16,360.0,0.0,0.01,0.0,0.0,May,2,2,1,2,New_Visitor,False,False
5,327.4,0,3.4,80,2806.85,0.0,0.0,0.0,0.0,Oct,3,2,9,3,Returning_Visitor,False,False
0,67.87,2,12.0,16,393.0,0.0,0.01,0.08,0.0,May,2,2,1,5,New_Visitor,False,False
0,0.0,0,0.0,12,166.0,0.03,0.07,0.04,0.0,Mar,2,2,1,1,Returning_Visitor,True,False
0,2.81,0,0.0,12,99.0,0.14,0.19,0.05,0.8,May,3,2,1,13,Returning_Visitor,False,False
2,160.0,0,0.0,34,1480.72,0.0,0.01,0.0,0.0,Mar,3,2,2,3,Returning_Visitor,False,False
0,87.85,0,0.0,4,49.5,0.0,0.02,0.0,0.0,Mar,2,2,9,2,Returning_Visitor,False,False
1,107.73,1,66.85,34,462.0,0.0,0.01,23.13,0.04,May,2,2,3,2,Returning_Visitor,False,True
5,76.0,0,0.0,20,1480.2,0.0,0.02,0.0,0.0,Mar,1,1,1,3,Returning_Visitor,True,False
0,0.0,0,5.42,3,0.0,0.13,0.2,0.0,0.0,Jul,1,2,8,2,Returning_Visitor,False,False
0,1.94,0,0.0,6,213.42,0.0,0.03,0.0,0.0,Mar,3,2,1,1,Returning_Visitor,False,False
0,0.0,0,0.0,7,59.0,0.0,0.03,0.0,0.04,May,2,2,2,3,Returning_Visitor,False,False
5,222.75,0,3.51,31,4374.42,0.01,0.03,0.0,0.0,Dec,1,1,2,1,Returning_Visitor,False,False
2,17.0,0,0.0,6,35.2,0.03,0.08,0.31,0.0,Aug,2,2,7,1,Returning_Visitor,False,False
0,0.0,0,0.0,62,1875.1,0.0,0.03,12.71,0.0,Sep,2,4,3,1,Returning_Visitor,False,False
0,0.0,0,0.0,7,220.33,0.0,0.01,0.0,0.0,May,2,2,1,5,New_Visitor,False,False
0,0.0,1,0.0,10,326.67,0.0,0.05,0.0,0.0,May,3,2,4,1,Returning_Visitor,True,False
0,4.17,0,1.66,4,403.0,0.05,0.1,0.0,0.0,May,1,1,1,4,Returning_Visitor,True,False
7,238.58,0,6.08,147,2933.7,0.0,0.02,18.13,0.04,Nov,2,2,1,2,Returning_Visitor,False,True
2,23.2,0,0.0,11,287.03,0.0,0.02,0.45,0.0,Sep,2,2,2,2,New_Visitor,True,False
0,0.0,2,79.66,21,419.75,0.0,0.04,0.0,0.0,Dec,2,2,1,2,Returning_Visitor,False,False
5,78.63,0,0.0,7,209.29,0.0,0.02,0.0,0.0,Jul,2,4,1,1,New_Visitor,False,False
0,0.0,0,2.75,34,1132.79,0.01,0.05,0.0,0.0,Dec,4,1,3,3,Returning_Visitor,False,False
0,0.0,0,8.86,52,2056.11,0.01,0.02,0.0,0.03,Nov,2,2,1,2,Returning_Visitor,True,False
2,820.0,0,0.0,28,2228.52,0.0,0.01,42.5,0.03,May,2,2,9,2,Returning_Visitor,False,False
1,89.5,0,41.93,21,744.83,0.0,0.01,1.1,0.0,May,2,2,1,2,New_Visitor,True,False
2,56.14,1,48.5,14,733.25,0.0,0.02,0.0,0.03,Dec,1,1,1,2,New_Visitor,True,False
0,0.0,0,0.0,1,4.4,0.14,0.2,0.0,0.0,May,1,1,1,4,Returning_Visitor,True,False
0,23.26,0,0.0,3,22.0,0.0,0.05,0.0,0.0,Mar,1,2,9,2,Returning_Visitor,False,False
10,400.65,0,34.96,27,952.28,0.0,0.0,0.0,0.03,Aug,1,8,1,6,New_Visitor,False,True
3,33.0,1,10.0,33,1142.2,0.0,0.02,0.0,0.0,Dec,2,2,1,2,Returning_Visitor,False,False
2,265.43,0,14.93,158,2110.26,0.0,0.01,0.0,0.03,Aug,3,2,8,2,Returning_Visitor,False,False
1,17.0,0,8.94,15,247.0,0.0,0.01,0.0,0.0,Nov,4,1,1,3,New_Visitor,False,False
9,333.87,4,121.62,29,1406.92,0.02,0.02,20.75,0.03,Nov,3,2,8,1,Returning_Visitor,False,False
0,3.87,0,0.0,7,331.0,0.0,0.02,0.0,0.03,May,1,1,3,10,Returning_Visitor,True,False
0,0.0,0,0.0,4,67.0,0.0,0.05,0.0,0.03,Mar,2,4,1,3,Returning_Visitor,False,False
3,11.25,0,0.0,5,1518.2,0.01,0.01,0.0,0.0,Nov,3,2,7,6,Returning_Visitor,False,False
3,145.1,1,2166.5,14,1805.43,0.0,0.03,10.9,0.03,Dec,4,2,1,2,Returning_Visitor,False,False
1,9.0,0,0.0,11,269.96,0.0,0.01,0.0,0.0,Jul,3,2,3,4,Returning_Visitor,False,False
3,87.81,0,0.0,33,382.03,0.0,0.02,0.0,0.0,Dec,2,2,1,1,Returning_Visitor,False,False
3,56.0,0,0.0,10,709.0,0.0,0.02,0.0,0.0,Mar,2,2,1,2,New_Visitor,False,False
3,119.0,0,10.38,18,197.5,0.0,0.02,0.03,1.0,May,6,2,3,2,New_Visitor,True,False
0,0.0,0,4.36,88,1917.68,0.0,0.02,0.0,0.03,May,2,2,3,1,Returning_Visitor,False,False
0,0.0,0,0.0,12,655.0,0.04,0.06,0.0,0.65,May,2,2,1,6,Returning_Visitor,False,False
17,754.11,2,283.53,31,1487.04,0.02,0.03,2.08,0.0,Dec,1,1,3,2,Returning_Visitor,False,True
0,0.0,0,0.0,10,109.17,0.0,0.02,0.03,0.0,Nov,3,2,1,3,Returning_Visitor,False,False
3,112.38,0,0.0,24,916.5,0.01,0.04,0.0,0.0,Nov,3,2,3,3,Returning_Visitor,False,False
0,0.0,0,0.0,12,202.0,0.0,0.04,0.02,0.0,May,2,2,7,14,Returning_Visitor,False,False
3,167.38,0,36.72,40,4263.98,0.01,0.01,112.67,0.0,Nov,2,2,1,2,Returning_Visitor,False,True
3,101.75,1,65.5,37,1501.24,0.01,0.03,0.0,0.03,Nov,3,2,3,2,Returning_Visitor,False,False
16,237.35,0,0.0,46,1464.57,0.01,0.02,0.0,0.04,Nov,3,2,4,1,Returning_Visitor,True,False
0,0.0,0,0.0,12,115.05,0.0,0.02,0.0,0.0,May,4,2,1,3,Returning_Visitor,True,False
2,115.0,0,0.0,97,1940.29,0.02,0.03,0.0,0.0,Nov,1,1,3,2,Returning_Visitor,True,False
0,10.02,0,3.87,3,257.16,0.0,0.07,0.0,0.03,Jul,2,2,2,1,Returning_Visitor,False,False
2,98.5,0,0.0,33,549.78,0.0,0.01,0.0,0.0,Sep,3,2,4,1,New_Visitor,False,False
2,298.2,0,27.23,48,1850.12,0.0,0.0,7.56,0.03,Nov,1,1,6,2,Returning_Visitor,False,True
9,176.25,1,141.0,35,651.77,0.0,0.01,19.13,0.0,Nov,2,2,4,2,Returning_Visitor,False,True
2,80.79,0,0.0,5,330.77,0.0,0.04,0.0,0.0,June,2,2,3,2,Returning_Visitor,False,False
0,1.25,0,0.0,4,471.59,0.0,0.05,0.0,0.0,May,2,2,6,6,Returning_Visitor,True,False
0,0.0,0,0.0,3,119.0,0.0,0.07,0.0,0.0,Mar,1,1,2,10,Returning_Visitor,False,False
0,0.0,0,0.0,2,56.32,0.2,0.2,0.27,0.0,May,2,2,6,1,Returning_Visitor,True,False
0,3.2,0,0.0,4,333.16,0.14,0.2,0.0,0.8,May,2,2,1,13,Returning_Visitor,False,False
2,135.0,0,0.0,25,1684.38,0.01,0.05,0.0,0.0,Jul,1,1,8,3,Returning_Visitor,True,False
0,46.16,0,0.55,34,1595.34,0.0,0.02,0.0,0.55,May,2,2,4,3,Returning_Visitor,True,False
3,43.5,0,0.0,30,1485.44,0.0,0.01,0.0,0.0,Mar,2,2,1,3,Returning_Visitor,True,False
3,2.0,0,2.02,16,323.23,0.0,0.01,0.04,0.0,Mar,3,2,8,8,Returning_Visitor,False,False
0,0.0,0,1.81,13,1488.59,0.0,0.04,0.03,0.0,Mar,2,2,1,1,Returning_Visitor,True,False
5,168.2,0,0.0,15,2026.63,0.01,0.01,0.01,0.03,Nov,3,2,7,13,Returning_Visitor,False,True
3,31.0,0,0.09,20,583.07,0.0,0.01,38.47,0.0,Dec,4,2,1,1,Returning_Visitor,False,False
5,79.1,0,0.0,36,1081.11,0.03,0.03,0.0,0.03,Sep,1,2,2,2,Returning_Visitor,True,False
2,0.0,0,0.0,24,832.0,0.0,0.02,21.93,0.0,Mar,2,6,6,1,Returning_Visitor,False,False
2,88.0,2,62.38,23,1509.65,0.0,0.02,0.0,0.0,May,3,2,1,4,Returning_Visitor,False,False
11,157.06,5,77.42,79,2605.7,0.0,0.01,14.85,0.04,May,2,2,7,2,Returning_Visitor,False,True
0,0.0,0,0.0,29,1426.74,0.01,0.03,0.0,0.0,Aug,2,2,1,13,Returning_Visitor,False,False
0,85.64,0,0.0,12,94.5,0.03,0.03,0.0,0.0,Mar,3,2,4,10,Returning_Visitor,False,False
1,85.67,0,18.89,33,1489.07,0.01,0.02,0.0,0.0,Nov,2,2,3,1,Returning_Visitor,True,False
0,0.0,0,0.0,3,60.4,0.0,0.07,0.0,0.05,Sep,1,2,1,5,Returning_Visitor,False,False
3,145.26,0,0.0,16,453.75,0.0,0.01,0.0,0.03,Mar,2,2,5,2,New_Visitor,False,False
0,0.0,0,0.0,5,215.41,0.0,0.05,0.03,0.03,Nov,4,2,1,3,Returning_Visitor,False,False
1,55.0,1,47.0,47,2198.39,0.0,0.01,0.0,0.03,Mar,2,2,6,1,Returning_Visitor,False,False
0,0.0,1,32.71,13,1526.7,0.0,0.01,0.01,0.0,May,2,2,1,2,Returning_Visitor,False,False
0,0.0,0,0.69,7,101.0,0.03,0.04,0.0,0.0,Mar,2,5,1,3,Returning_Visitor,False,False
2,178.8,0,6.24,193,5946.28,0.0,0.02,9.84,0.03,June,2,2,4,2,Returning_Visitor,False,False
2,10.67,0,0.0,34,1482.33,0.02,0.03,0.0,0.0,May,3,2,4,13,Returning_Visitor,False,False
0,7.4,0,0.0,5,53.0,0.03,0.13,0.0,0.0,Dec,2,5,8,2,Returning_Visitor,True,False
1,13.3,1,222.0,25,1545.83,0.0,0.01,0.0,0.03,May,2,4,1,2,Returning_Visitor,False,False
0,0.0,0,0.0,37,2075.74,0.0,0.05,0.0,0.0,Aug,4,1,3,3,New_Visitor,False,False
0,0.0,0,0.0,30,1487.8,0.0,0.02,0.0,0.0,Mar,2,2,7,2,Returning_Visitor,False,False
2,82.07,1,478.62,66,4566.95,0.01,0.02,0.0,0.03,Mar,3,2,2,2,Returning_Visitor,False,False
0,0.0,0,6.4,110,5244.47,0.0,0.01,0.0,0.03,Nov,2,2,1,2,Returning_Visitor,False,True
2,47.0,0,0.0,34,825.08,0.0,0.01,38.97,0.0,Mar,2,2,1,2,New_Visitor,False,True
0,3.48,0,0.0,19,926.63,0.01,0.03,0.0,0.0,Mar,2,2,2,1,Returning_Visitor,True,False
6,85.41,0,3.68,5,57.91,0.0,0.02,0.0,0.0,Dec,1,2,6,8,New_Visitor,False,False
5,226.0,0,9.41,92,4836.49,0.0,0.01,5.31,0.0,Nov,2,2,1,2,Returning_Visitor,False,True
0,102.38,0,0.0,12,110.5,0.0,0.05,0.0,0.03,May,2,4,6,3,Returning_Visitor,False,False
3,68.29,0,7.61,26,741.06,0.02,0.03,38.87,0.03,Nov,3,2,4,10,Returning_Visitor,False,True
0,230.17,0,30.81,32,8961.41,0.0,0.02,0.0,0.03,Mar,2,5,2,2,Returning_Visitor,True,False
2,80.65,1,3.15,35,896.26,0.01,0.03,0.0,0.03,May,2,2,1,4,Returning_Visitor,False,False
5,89.35,0,1.06,6,82.5,0.0,0.03,2.03,0.0,Aug,2,2,6,5,New_Visitor,False,False
5,83.11,0,0.0,14,837.38,0.0,0.01,0.0,0.0,Nov,1,1,2,8,New_Visitor,False,True
0,1.9,0,0.0,2,40.5,0.0,0.1,0.04,0.0,Dec,1,1,3,3,Returning_Visitor,False,False
0,0.0,0,68.37,34,1493.34,0.0,0.0,0.0,0.03,Nov,1,1,1,2,Returning_Visitor,False,False
0,0.66,0,0.0,10,269.82,0.0,0.01,0.0,0.4,May,2,2,1,4,Returning_Visitor,False,False
4,81.61,0,0.0,34,1675.47,0.01,0.04,5.19,0.03,May,2,2,1,2,Returning_Visitor,False,False
3,47.0,0,4.24,17,411.62,0.0,0.02,0.0,0.04,Dec,2,2,4,3,Returning_Visitor,False,False
3,81.35,0,0.0,16,1488.13,0.0,0.01,15.15,0.0,Nov,2,4,8,2,New_Visitor,False,True
0,0.0,0,7.1,35,427.75,0.0,0.01,0.01,0.0,May,4,2,1,2,New_Visitor,False,False
6,81.26,0,3.75,11,950.67,0.02,0.05,0.0,0.0,Oct,1,1,1,3,Returning_Visitor,False,False
9,175.93,0,0.0,28,1494.1,0.01,0.02,0.0,1.0,May,2,2,5,4,Returning_Visitor,False,False
0,0.84,0,0.0,34,292.5,0.01,0.02,0.0,0.0,May,2,2,1,1,Returning_Visitor,False,False
0,0.0,0,0.0,5,274.0,0.02,0.05,0.0,0.0,Dec,3,3,1,3,Returning_Visitor,False,False
3,0.89,0,0.96,7,37.0,0.13,0.11,0.01,0.6,May,1,1,1,4,Returning_Visitor,False,False
2,20.75,0,0.0,37,1485.7,0.0,0.02,62.52,0.0,Dec,2,2,1,2,Returning_Visitor,False,False
4,102.54,0,0.0,19,1430.66,0.01,0.02,0.0,0.03,Mar,1,1,1,1,Returning_Visitor,False,False
6,130.0,0,14.2,33,1776.43,0.04,0.04,0.0,0.0,June,1,1,3,3,Returning_Visitor,False,False
0,0.88,0,0.0,19,1492.94,0.02,0.05,0.03,0.67,May,2,2,4,6,Returning_Visitor,True,False
8,355.0,0,4.65,36,1489.75,0.0,0.01,0.0,0.0,Nov,1,2,3,10,Returning_Visitor,False,False
0,23.01,0,0.0,7,103.5,0.0,0.06,0.0,0.0,Mar,2,2,2,2,Returning_Visitor,False,True
0,0.0,0,0.0,38,2259.2,0.02,0.04,0.0,0.2,May,2,2,7,2,Returning_Visitor,False,False
1,80.86,0,0.0,30,515.53,0.0,0.02,0.0,0.0,Sep,2,2,1,2,Returning_Visitor,False,False
0,0.0,0,1.35,11,192.45,0.04,0.04,0.01,0.0,Nov,3,2,1,1,Returning_Visitor,True,True
13,318.72,1,44.53,60,1205.95,0.01,0.02,5.71,0.03,May,2,2,3,13,Returning_Visitor,False,True
0,0.0,0,0.0,4,25.0,0.05,0.1,0.01,0.0,May,3,2,3,3,Returning_Visitor,False,False
0,0.0,0,0.0,2,33.0,0.0,0.1,0.0,0.2,Feb,1,1,1,3,Returning_Visitor,False,False
0,0.0,1,48.52,103,3626.0,0.0,0.04,0.0,0.03,Nov,1,1,4,2,Returning_Visitor,True,False
0,92.0,0,0.0,117,13158.67,0.01,0.04,0.0,0.0,May,2,2,4,4,Returning_Visitor,True,False
0,0.0,0,0.0,19,577.54,0.0,0.01,39.13,0.0,Nov,2,2,1,2,Returning_Visitor,False,True
0,1.49,0,0.0,2,66.54,0.0,0.1,0.0,0.0,Dec,2,10,1,2,Returning_Visitor,False,False
1,4.0,0,0.0,0,0.0,0.0,0.07,0.17,0.0,Sep,4,1,2,6,Returning_Visitor,False,False
2,0.0,0,0.0,87,4403.38,0.0,0.01,0.01,0.0,Dec,2,2,6,2,Returning_Visitor,False,False
0,0.0,0,0.0,12,1653.6,0.0,0.03,0.01,0.0,Dec,3,2,4,3,Returning_Visitor,False,False
0,3.56,0,0.0,34,987.5,0.01,0.01,40.87,0.0,May,2,2,3,2,Returning_Visitor,False,True
3,67.0,2,90.26,101,4713.8,0.01,0.01,20.62,0.05,May,1,1,6,3,Returning_Visitor,True,True
4,21.0,0,0.0,16,1589.96,0.0,0.03,0.03,0.0,May,2,2,2,2,Returning_Visitor,False,False
3,31.2,0,0.0,20,1445.98,0.0,0.03,0.16,0.03,Sep,1,1,1,5,Returning_Visitor,False,False
10,509.53,1,89.4,33,2032.6,0.0,0.02,5.73,0.0,Nov,2,2,2,1,Returning_Visitor,False,False
3,0.0,0,0.0,6,23.0,0.11,0.15,0.01,0.0,Nov,2,2,3,13,Returning_Visitor,False,False
0,992.71,4,809.5,28,1793.21,0.01,0.02,9.7,0.0,Nov,2,2,1,10,Returning_Visitor,False,True
1,118.18,0,7.06,162,5399.23,0.0,0.01,14.77,0.03,Nov,2,2,4,2,Returning_Visitor,False,True
0,241.86,2,228.0,32,4755.22,0.01,0.02,1.1,0.03,Nov,1,1,2,3,Returning_Visitor,False,False
0,4.81,0,0.0,1,0.0,0.2,0.14,0.0,0.0,Nov,3,2,3,2,Returning_Visitor,False,False
6,177.6,0,0.6,17,284.78,0.0,0.02,36.56,0.03,Oct,4,1,1,2,Returning_Visitor,False,True
1,0.0,0,0.0,35,975.75,0.0,0.04,16.2,0.03,May,2,2,6,6,Returning_Visitor,True,False
0,0.0,0,0.0,34,469.42,0.0,0.01,0.0,0.0,Mar,1,1,1,2,Returning_Visitor,False,False
0,3.32,0,0.0,1,11.16,0.2,0.2,0.0,0.0,May,2,2,1,3,Returning_Visitor,False,False
0,32.12,0,0.0,5,58.53,0.0,0.04,0.0,0.0,Nov,1,1,1,2,Returning_Visitor,False,False
0,1.37,0,0.0,21,436.81,0.03,0.03,0.0,0.4,May,2,2,4,2,Returning_Visitor,False,False
1,85.33,2,515.0,4,718.67,0.0,0.02,0.0,0.0,May,2,2,6,6,Returning_Visitor,False,False
4,61.0,0,0.0,19,607.0,0.0,0.03,17.54,1.0,Feb,1,1,7,4,Returning_Visitor,True,True
0,0.0,0,0.0,34,599.92,0.0,0.0,0.0,0.04,Jul,1,1,1,4,Returning_Visitor,False,False
8,245.33,4,168.5,14,361.5,0.0,0.01,0.0,0.03,May,1,1,3,3,Returning_Visitor,False,False
6,95.81,4,66.32,30,1508.52,0.04,0.04,21.02,0.0,Nov,3,2,3,13,Returning_Visitor,False,False
0,119.0,0,0.0,10,80.5,0.08,0.09,0.04,0.0,Dec,2,2,1,3,Returning_Visitor,False,False
0,1.33,0,0.0,6,248.0,0.06,0.08,0.0,0.0,Nov,3,2,3,13,Returning_Visitor,False,False
1,1.94,1,128.54,24,1093.77,0.02,0.02,0.0,0.0,Mar,2,4,3,1,Returning_Visitor,False,False
1,24.0,0,0.0,34,1492.14,0.01,0.02,38.97,0.0,Mar,2,2,6,10,Returning_Visitor,False,True
0,0.77,0,0.0,15,325.5,0.02,0.06,0.0,0.0,Dec,2,2,1,1,Returning_Visitor,False,False
0,0.0,0,0.0,37,2152.59,0.0,0.02,0.0,0.03,Dec,3,3,3,3,Returning_Visitor,False,False
0,0.0,0,12.55,133,3247.43,0.0,0.02,0.0,0.03,Nov,2,2,1,2,Returning_Visitor,False,False
0,0.0,0,1.9,34,1491.43,0.04,0.06,0.0,0.0,Aug,3,2,3,3,Returning_Visitor,False,False
8,246.5,0,0.0,74,2326.67,0.0,0.0,5.02,0.03,May,1,1,3,2,New_Visitor,False,False
0,0.0,0,0.0,11,979.75,0.03,0.04,0.0,0.0,May,1,1,3,1,Returning_Visitor,False,False
0,0.0,0,0.0,6,1506.32,0.13,0.17,0.0,0.8,May,2,2,7,3,Returning_Visitor,False,False
0,0.0,0,1.64,74,3237.11,0.0,0.02,0.0,0.03,Nov,4,2,3,3,Returning_Visitor,False,False
0,0.0,0,0.0,5,0.0,0.2,0.14,0.0,0.0,Mar,3,2,1,3,Returning_Visitor,True,False
0,0.68,0,0.0,9,143.5,0.0,0.03,0.0,0.04,May,2,2,1,13,Returning_Visitor,False,False
0,54.5,0,0.0,67,2891.74,0.01,0.02,0.0,0.03,Nov,3,2,1,13,Returning_Visitor,False,False
1,80.68,2,15.0,17,1579.59,0.0,0.02,0.01,0.0,May,2,2,3,4,Returning_Visitor,False,True
1,7.78,0,2.93,9,1479.4,0.02,0.04,0.0,0.0,Dec,3,2,9,1,Returning_Visitor,False,False
0,0.0,0,0.0,6,224.02,0.0,0.01,0.0,0.0,Mar,1,2,8,2,Returning_Visitor,True,False
0,0.0,0,0.0,4,44.4,0.0,0.04,0.0,0.0,May,2,10,1,3,Returning_Visitor,False,False
3,23.2,0,0.0,34,1484.35,0.0,0.01,37.33,0.0,Nov,2,4,4,5,New_Visitor,False,False
8,223.38,0,16.72,37,3152.5,0.0,0.01,13.25,0.0,Dec,2,2,3,2,Returning_Visitor,False,True
0,6.4,0,0.45,1,0.0,0.14,0.14,0.0,0.0,May,2,2,1,3,Returning_Visitor,False,False
0,9.86,0,0.0,69,5793.52,0.0,0.01,0.0,0.03,Nov,2,2,1,8,New_Visitor,False,False
0,4.58,0,0.0,1,0.0,0.12,0.2,0.0,0.03,Mar,2,2,9,2,New_Visitor,True,False
0,0.0,0,0.0,3,58.95,0.0,0.07,0.0,0.6,May,2,2,5,1,Returning_Visitor,False,False
3,100.0,1,111.0,26,1001.0,0.0,0.01,0.01,0.03,Mar,2,2,1,1,Returning_Visitor,False,False
0,0.0,0,0.0,34,1682.28,0.0,0.01,41.13,0.04,Dec,2,2,4,2,Returning_Visitor,False,True
8,103.0,0,0.0,19,2081.5,0.0,0.01,24.55,0.0,Nov,2,2,3,2,New_Visitor,True,True
3,41.75,2,30.0,34,596.08,0.0,0.02,0.0,0.03,Nov,2,2,3,1,Returning_Visitor,False,False
4,103.62,0,1.0,14,1003.42,0.0,0.02,0.0,0.03,Mar,1,1,1,3,Returning_Visitor,False,False
0,0.0,0,0.0,15,197.0,0.0,0.03,0.0,0.2,May,2,2,1,4,Returning_Visitor,False,False
5,52.73,0,1.62,45,649.86,0.01,0.03,0.0,0.03,Jul,3,2,2,5,Returning_Visitor,False,False
0,0.0,0,0.0,5,771.63,0.0,0.1,0.0,0.03,May,2,2,3,3,Returning_Visitor,True,False
3,0.0,0,0.0,13,369.05,0.0,0.02,0.0,0.0,Dec,2,2,9,8,New_Visitor,False,False
0,1.73,0,2.21,6,147.31,0.0,0.03,0.0,0.0,May,1,1,1,3,Returning_Visitor,False,False
6,471.07,0,0.0,22,539.84,0.0,0.02,25.53,0.0,Oct,2,2,3,2,New_Visitor,False,False
0,0.0,0,0.0,13,305.0,0.0,0.02,0.0,0.0,Mar,1,1,1,2,New_Visitor,False,False
3,59.25,0,0.0,9,215.06,0.02,0.03,0.0,0.0,Mar,3,2,1,2,Returning_Visitor,False,False
6,80.86,0,12.08,17,310.97,0.02,0.04,0.0,0.03,Oct,3,2,1,2,Returning_Visitor,False,False
4,208.89,4,134.0,37,1335.81,0.02,0.02,6.06,0.0,Dec,1,1,6,1,Returning_Visitor,False,False
6,81.54,0,0.0,32,879.75,0.0,0.01,20.5,0.0,Nov,2,4,3,1,Returning_Visitor,False,True
0,0.0,0,0.0,34,2310.0,0.02,0.06,0.0,0.4,May,3,2,1,3,Returning_Visitor,False,False
0,13.5,0,0.0,1,0.0,0.2,0.14,0.0,0.0,May,2,2,9,3,Returning_Visitor,False,False
0,0.0,0,0.0,2,46.5,0.0,0.05,0.46,0.0,Dec,1,1,2,2,New_Visitor,False,False
0,22.55,0,0.0,7,999.8,0.01,0.04,0.0,0.0,May,3,2,1,4,Returning_Visitor,False,False
0,0.0,2,15.0,15,328.42,0.0,0.04,0.02,0.0,May,2,2,1,4,Returning_Visitor,True,False
0,10.13,0,0.0,2,207.4,0.0,0.04,0.0,0.0,May,3,2,3,3,Returning_Visitor,False,False
0,0.0,1,115.8,95,2500.13,0.01,0.01,0.0,0.03,Nov,1,1,3,2,Returning_Visitor,False,False
0,1.29,0,0.0,40,962.33,0.0,0.02,0.0,0.0,Mar,2,2,9,1,Returning_Visitor,False,False
4,255.5,0,0.0,11,770.5,0.01,0.0,0.0,0.0,Nov,3,2,7,8,Returning_Visitor,True,False
3,98.1,1,125.43,37,4994.85,0.02,0.04,1.67,0.04,Sep,2,2,4,1,Returning_Visitor,True,False
3,50.15,0,0.0,35,1543.86,0.0,0.01,0.0,0.0,Mar,2,2,1,2,Returning_Visitor,False,False
2,94.22,2,95.09,34,1506.54,0.0,0.02,9.31,0.03,May,2,2,5,2,Returning_Visitor,True,False
0,0.0,0,0.0,8,165.8,0.03,0.02,0.0,0.6,May,1,1,1,1,Returning_Visitor,False,False
0,0.0,0,0.0,11,428.5,0.0,0.07,0.0,0.0,Nov,1,1,3,8,Returning_Visitor,False,True
2,80.8,0,0.0,11,1568.5,0.0,0.04,0.02,0.0,Nov,2,2,7,2,Returning_Visitor,False,False
3,9.5,0,0.0,34,529.7,0.0,0.01,0.0,0.0,Mar,2,2,4,2,Returning_Visitor,True,False
9,145.77,8,8.56,139,6566.87,0.0,0.02,67.4,0.03,Nov,2,2,3,2,Returning_Visitor,False,False
0,0.0,0,7.95,35,2994.83,0.0,0.02,0.0,0.0,Nov,2,2,1,2,Returning_Visitor,True,False
0,5.64,0,0.0,15,907.5,0.01,0.03,0.0,0.31,May,2,2,7,2,Returning_Visitor,False,False
0,0.0,0,0.0,46,2213.37,0.02,0.05,0.0,1.0,May,3,2,3,13,Returning_Visitor,True,False
1,16.2,0,50.03,42,1369.7,0.0,0.04,11.33,0.0,Jul,2,5,3,2,Returning_Visitor,False,False
6,257.5,0,0.0,37,1471.36,0.01,0.03,6.65,0.03,Nov,2,2,3,1,Returning_Visitor,False,True
3,19.2,0,0.0,3,60.6,0.0,0.04,0.0,0.0,May,2,2,1,6,New_Visitor,False,False
2,424.48,0,0.0,34,1492.15,0.0,0.02,0.0,0.0,Mar,3,2,5,1,Returning_Visitor,True,False
2,0.0,0,0.0,17,1394.67,0.0,0.04,0.0,0.0,Dec,2,4,2,6,Returning_Visitor,False,False
0,0.0,0,0.0,33,738.0,0.0,0.02,0.0,0.4,Dec,2,4,1,2,Returning_Visitor,False,False
3,98.39,0,0.0,34,397.88,0.02,0.03,0.0,0.03,Mar,2,2,1,1,Returning_Visitor,True,False
10,614.17,0,0.0,47,3608.9,0.0,0.02,39.02,0.0,Mar,2,2,3,1,Returning_Visitor,False,False
0,23.2,3,135.0,32,804.19,0.03,0.04,4.03,0.0,Aug,1,1,1,2,Returning_Visitor,False,False
4,62.5,0,0.0,53,1840.37,0.01,0.02,46.78,0.03,Dec,1,1,2,2,Returning_Visitor,False,True
0,0.0,0,0.0,2,1736.39,0.0,0.1,0.0,0.03,May,3,2,2,11,New_Visitor,False,False
4,87.5,1,20.0,36,1279.17,0.0,0.01,0.0,0.03,Mar,2,2,1,2,Returning_Visitor,False,False
0,1.4,0,0.0,1,0.0,0.2,0.2,0.01,0.0,Nov,1,1,1,3,Returning_Visitor,False,False
0,0.0,0,0.0,4,206.83,0.0,0.03,0.01,0.04,May,1,1,1,3,Returning_Visitor,False,False
0,2.68,0,3.85,26,1380.83,0.0,0.02,0.0,0.0,May,2,2,4,13,Returning_Visitor,False,False
4,68.11,0,6.95,130,8130.96,0.0,0.02,5.58,0.0,Nov,1,1,4,2,Returning_Visitor,False,True
0,3.7,0,0.0,34,1493.78,0.0,0.02,13.99,0.0,May,2,2,7,2,Returning_Visitor,False,True
2,504.25,0,5.44,243,8768.48,0.01,0.04,1.83,0.03,Jul,2,2,1,2,Returning_Visitor,False,True
7,82.73,0,0.0,34,250.04,0.0,0.02,0.0,0.0,Dec,2,2,1,2,New_Visitor,False,False
3,44.75,0,0.0,6,102.0,0.07,0.07,0.0,0.4,May,3,2,2,13,Returning_Visitor,False,False
1,0.0,0,17.2,93,5496.25,0.0,0.01,0.14,0.0,Jul,1,2,1,1,Returning_Visitor,False,True
3,102.53,0,0.0,37,1435.29,0.0,0.02,15.03,0.0,Mar,2,4,6,3,Returning_Visitor,True,False
2,82.06,0,1.27,4,1522.44,0.0,0.04,0.97,0.0,Aug,2,2,7,4,Returning_Visitor,False,False
2,23.0,0,1.51,31,1468.24,0.0,0.01,0.0,0.0,May,2,2,9,3,Returning_Visitor,False,False
3,474.67,0,4.78,86,1789.95,0.0,0.02,5.52,0.03,Dec,3,2,1,2,Returning_Visitor,False,False
7,149.5,0,0.0,36,2598.99,0.0,0.01,48.73,0.0,May,2,4,1,2,Returning_Visitor,True,False
2,65.17,2,16.0,34,599.33,0.0,0.02,37.81,0.0,May,1,8,2,2,Returning_Visitor,True,True
2,98.0,0,0.0,20,401.5,0.0,0.01,0.0,0.03,May,2,5,1,2,Returning_Visitor,True,False
0,0.84,0,0.0,6,148.34,0.06,0.14,0.02,0.0,Mar,2,2,1,1,Returning_Visitor,False,False
1,7.4,0,0.0,6,261.67,0.07,0.13,0.0,0.0,May,3,2,2,1,Returning_Visitor,False,False
3,1283.0,3,148.5,50,3246.98,0.0,0.0,0.0,0.0,Mar,2,2,3,2,New_Visitor,False,False
1,21.33,1,235.0,71,2753.38,0.01,0.02,0.0,0.0,Mar,3,2,2,1,Returning_Visitor,True,False
0,0.0,0,0.74,2,48.4,0.01,0.0,34.04,0.0,Sep,2,2,1,4,Returning_Visitor,False,True
3,445.28,4,39.96,5,1366.11,0.0,0.02,0.0,0.0,Dec,2,2,9,8,New_Visitor,False,False
4,131.0,0,14.3,34,548.96,0.02,0.02,6.93,0.0,Nov,2,2,2,4,Returning_Visitor,False,True
0,0.0,0,0.0,1,0.0,0.14,0.14,0.0,0.0,Nov,2,4,4,1,Returning_Visitor,False,False
0,0.0,0,0.0,11,368.5,0.0,0.01,2.2,0.0,May,2,2,4,1,Returning_Visitor,False,False
5,146.0,0,0.0,8,489.0,0.0,0.02,0.0,0.0,Mar,2,2,1,3,Returning_Visitor,False,False
4,77.5,0,0.0,17,1491.18,0.02,0.03,0.02,0.0,Nov,1,2,1,3,Returning_Visitor,False,False
2,83.01,0,0.0,29,1352.13,0.0,0.03,34.6,0.0,Nov,3,2,6,2,Returning_Visitor,True,True
0,46.82,0,7.59,131,5093.3,0.0,0.02,0.0,0.03,Nov,2,2,1,2,Returning_Visitor,False,False
2,146.0,2,61.38,1,0.0,0.0,0.04,0.01,0.0,Nov,1,1,2,2,Returning_Visitor,True,False
0,0.0,0,0.0,17,1484.69,0.01,0.02,0.0,0.0,Mar,3,2,3,10,Returning_Visitor,False,False
8,86.06,0,69.4,49,1088.64,0.02,0.03,0.0,0.03,June,1,1,3,3,Returning_Visitor,False,False
2,22.5,0,0.0,28,686.32,0.0,0.0,0.02,0.0,Mar,2,4,3,1,Returning_Visitor,False,False
3,91.1,1,38.0,46,1060.45,0.0,0.02,0.0,0.0,May,2,2,1,2,Returning_Visitor,True,False
3,21.5,1,70.88,28,1338.22,0.01,0.03,0.0,0.04,Feb,1,1,2,3,Returning_Visitor,False,False
2,54.36,0,0.0,42,1482.57,0.0,0.0,0.0,0.03,Mar,2,5,3,3,Returning_Visitor,False,False
7,89.9,1,104.56,58,2787.25,0.0,0.01,98.04,0.0,May,2,2,1,2,Returning_Visitor,False,False
4,68.33,0,0.0,34,1492.2,0.0,0.0,0.0,0.0,Nov,3,2,4,2,Returning_Visitor,True,False
10,504.25,0,0.0,39,1002.49,0.03,0.03,0.0,0.0,Nov,3,2,1,3,Returning_Visitor,False,False
0,7.95,0,0.0,14,116.83,0.06,0.09,0.09,0.04,May,2,2,2,3,Returning_Visitor,False,False
0,0.0,0,0.0,2,14.9,0.14,0.14,0.0,0.0,Dec,1,1,8,1,New_Visitor,False,False
0,0.0,0,0.0,5,1481.65,0.0,0.04,1.85,0.03,Mar,3,3,3,3,Returning_Visitor,True,False
1,43.5,1,2.67,8,2006.83,0.0,0.01,0.0,0.0,Nov,3,3,1,3,Returning_Visitor,True,False
2,26.67,0,5.16,159,1905.65,0.0,0.01,14.76,0.03,May,2,2,5,3,Returning_Visitor,False,False
0,0.0,0,0.0,12,142.75,0.02,0.04,0.0,0.0,Nov,1,1,1,2,Returning_Visitor,False,False
0,1.28,0,0.0,1,68.0,0.0,0.1,0.0,0.0,May,2,2,3,2,Returning_Visitor,False,False
1,2.29,0,0.0,14,503.63,0.01,0.03,0.0,0.0,May,2,2,9,2,Returning_Visitor,False,False
2,76.6,0,0.0,28,488.91,0.02,0.02,45.2,0.0,June,1,1,1,1,Returning_Visitor,True,True
0,0.0,0,0.0,31,381.8,0.1,0.13,0.11,0.0,June,3,2,1,4,Returning_Visitor,False,False
0,19.93,0,0.0,6,66.9,0.0,0.02,0.0,0.0,Nov,3,2,1,2,New_Visitor,False,False
0,0.0,0,0.0,5,82.75,0.03,0.09,0.0,0.0,Nov,2,2,7,3,Returning_Visitor,False,False
4,77.1,0,0.0,41,41.7,0.0,0.03,0.19,0.0,May,2,2,4,6,Returning_Visitor,True,False
0,67.18,0,0.0,1,87.74,0.1,0.2,0.0,0.0,Jul,2,2,1,5,New_Visitor,True,False
0,0.0,0,0.0,34,1538.88,0.0,0.04,0.0,0.0,Mar,2,6,6,1,Returning_Visitor,False,False
0,0.0,0,0.0,4,102.0,0.0,0.04,0.0,0.0,Mar,2,2,3,2,Returning_Visitor,False,False
11,281.63,0,0.0,54,923.68,0.0,0.02,12.03,0.0,Mar,1,1,7,2,Returning_Visitor,False,False
0,0.0,0,0.0,3,20.0,0.0,0.07,0.01,0.0,May,2,2,1,4,Returning_Visitor,False,False
0,0.0,0,0.0,6,316.76,0.0,0.07,0.0,0.03,Feb,1,1,1,3,Returning_Visitor,False,False
1,38.5,0,17.92,33,705.12,0.02,0.02,0.0,0.03,Nov,1,1,7,2,Returning_Visitor,True,False
3,501.01,0,118.96,96,2129.99,0.0,0.01,129.1,0.0,Nov,2,10,2,2,Returning_Visitor,False,False
1,26.0,0,11.68,235,10046.81,0.01,0.02,0.0,0.03,Nov,2,2,1,2,Returning_Visitor,False,True
3,49.4,0,0.0,11,285.6,0.0,0.02,0.0,0.0,Mar,2,2,7,2,Returning_Visitor,False,False
2,90.99,0,0.0,33,2058.3,0.0,0.01,8.52,0.0,Nov,1,1,9,8,New_Visitor,False,True
3,81.51,0,0.0,24,755.0,0.0,0.01,0.0,0.0,Oct,2,5,7,2,New_Visitor,True,False
0,0.0,0,0.0,2,1287.88,0.0,0.1,0.26,0.04,Nov,2,2,2,6,Returning_Visitor,True,False
2,80.49,0,0.0,13,224.62,0.0,0.01,0.33,0.0,May,2,2,1,4,Returning_Visitor,False,False
0,367.0,0,0.0,119,2387.99,0.0,0.02,3.93,0.0,May,3,2,6,4,Returning_Visitor,False,True
10,1535.36,0,0.0,43,3606.09,0.01,0.04,0.0,0.03,Dec,2,2,1,1,Returning_Visitor,False,False
0,63.26,0,0.0,3,530.81,0.0,0.03,17.76,0.0,Dec,1,1,9,2,New_Visitor,False,False
0,0.0,0,1.11,37,1458.35,0.0,0.01,0.78,0.0,Mar,2,2,1,8,Returning_Visitor,False,False
10,260.25,0,0.0,31,1516.08,0.02,0.04,39.14,0.0,Nov,2,2,4,3,Returning_Visitor,False,False
0,0.0,0,0.0,5,50.0,0.03,0.07,0.0,0.03,Mar,2,5,1,1,Returning_Visitor,False,False
1,3.0,0,0.69,12,128.0,0.0,0.03,0.0,0.03,Mar,2,2,1,2,Returning_Visitor,False,False
0,0.92,0,1.61,30,1661.83,0.02,0.05,0.0,0.0,Dec,2,2,3,1,Returning_Visitor,False,False
0,2.36,0,1.68,18,495.0,0.01,0.03,0.0,0.8,May,2,2,1,13,Returning_Visitor,False,False
0,2.97,0,0.0,3,15.0,0.0,0.07,0.0,0.0,Mar,2,4,3,12,Returning_Visitor,False,False
3,86.33,0,0.0,13,1256.33,0.0,0.02,0.0,0.03,Nov,1,1,4,2,Returning_Visitor,False,False
4,2.28,0,0.0,12,748.96,0.01,0.02,0.0,0.0,Dec,2,5,7,2,Returning_Visitor,False,False
0,0.0,0,0.0,11,461.0,0.04,0.05,0.0,0.04,Dec,2,2,5,6,Returning_Visitor,False,False
4,118.13,0,0.0,3,77.0,0.0,0.02,0.0,0.0,Mar,3,2,8,2,New_Visitor,True,False
0,0.0,0,4.68,33,175.92,0.01,0.03,0.0,0.0,Nov,1,1,1,1,Returning_Visitor,True,False
1,114.29,0,0.0,1,0.0,0.13,0.2,0.1,0.0,Mar,2,2,2,10,Returning_Visitor,False,False
1,0.0,0,2.03,2,0.0,0.2,0.2,0.1,0.0,June,1,8,1,1,Returning_Visitor,False,False
0,0.0,0,0.0,38,1035.94,0.04,0.04,0.0,0.2,May,1,1,1,1,Returning_Visitor,False,False
3,44.31,1,71.06,39,2447.55,0.03,0.06,5.29,0.0,Mar,3,2,7,1,Returning_Visitor,True,False
3,87.83,1,113.0,67,4868.0,0.0,0.0,48.45,0.04,Dec,2,2,5,2,Returning_Visitor,False,True
0,1.4,0,0.0,4,0.0,0.2,0.2,0.0,0.0,Mar,1,2,1,1,Returning_Visitor,False,False
0,0.0,0,0.43,1,131.14,0.2,0.2,0.0,0.0,Nov,3,2,8,20,Returning_Visitor,False,False
13,345.02,0,8.72,106,1816.56,0.0,0.03,86.31,0.0,Aug,4,2,3,2,Returning_Visitor,False,False
8,127.7,0,36.0,70,1675.53,0.02,0.03,15.03,0.04,May,3,2,3,11,Returning_Visitor,False,False
6,81.83,0,0.0,7,166.5,0.0,0.02,0.02,0.0,Nov,2,2,3,3,New_Visitor,False,False
0,0.0,0,0.0,6,179.5,0.03,0.07,0.0,0.0,May,2,2,1,6,Returning_Visitor,True,False
4,20.0,0,15.34,30,1509.72,0.01,0.03,0.0,0.0,Nov,2,2,1,2,Returning_Visitor,False,False
1,31.61,0,1.35,18,631.0,0.01,0.03,0.0,0.0,May,2,2,1,1,Returning_Visitor,False,False
1,73.0,0,0.0,11,2156.5,0.02,0.02,68.89,0.0,Nov,3,2,1,2,New_Visitor,False,True
0,0.0,0,0.0,7,277.0,0.0,0.04,0.01,0.2,May,2,2,3,4,Returning_Visitor,False,False
0,0.0,0,0.0,19,187.2,0.07,0.13,0.05,0.0,Nov,3,2,1,13,Returning_Visitor,False,False
2,134.5,0,0.0,18,362.5,0.0,0.01,0.01,0.0,Dec,3,2,1,2,New_Visitor,False,False
0,4.31,0,12.5,12,353.79,0.0,0.02,36.33,0.0,June,1,1,1,2,New_Visitor,False,True
2,82.85,1,0.0,11,886.57,0.0,0.03,0.0,0.0,Nov,1,1,1,2,Returning_Visitor,False,False
0,0.0,0,0.0,25,1017.97,0.0,0.02,0.0,0.06,Sep,3,2,4,1,Returning_Visitor,True,False
0,0.0,3,419.12,59,2946.6,0.0,0.01,37.73,0.0,May,1,1,6,2,Returning_Visitor,True,True
3,94.32,1,74.0,18,1445.6,0.02,0.04,12.01,0.0,Nov,3,2,3,2,Returning_Visitor,False,False
0,0.0,2,21.0,8,0.0,0.13,0.05,0.24,0.0,Nov,1,1,4,2,New_Visitor,False,False
0,0.0,0,0.0,3,64.15,0.0,0.04,0.03,0.0,May,2,2,7,2,Returning_Visitor,True,False
5,83.54,0,0.0,20,275.14,0.0,0.06,0.04,0.8,May,2,2,3,4,New_Visitor,False,False
4,80.92,1,535.0,9,1888.2,0.0,0.02,0.0,0.0,Nov,2,2,9,2,Returning_Visitor,False,False
0,0.0,0,0.0,3,390.75,0.09,0.08,0.01,0.8,May,2,2,1,4,Returning_Visitor,False,False
9,121.67,2,62.0,30,1699.15,0.0,0.01,15.08,0.03,May,2,2,3,2,Returning_Visitor,False,True
0,0.0,0,0.0,34,1025.0,0.03,0.07,0.0,0.0,May,4,2,1,13,Returning_Visitor,False,False
0,0.0,0,0.0,23,553.15,0.03,0.11,0.0,0.03,Mar,3,2,3,1,Returning_Visitor,False,False
0,10.27,0,1.97,16,129.58,0.13,0.09,0.0,0.0,May,3,2,1,2,Returning_Visitor,True,False
3,80.96,0,0.0,7,136.0,0.0,0.01,0.0,0.0,May,2,10,3,2,Returning_Visitor,False,False
0,2.46,0,0.0,7,1484.82,0.0,0.06,0.0,0.04,May,2,2,1,2,Returning_Visitor,False,False
1,2086.75,1,46.5,81,5546.0,0.0,0.01,15.56,0.0,Nov,2,2,1,2,Returning_Visitor,False,True
0,0.0,0,4.51,10,478.5,0.0,0.02,0.0,0.0,Nov,4,1,1,2,New_Visitor,False,False
3,224.22,4,9.21,96,5286.21,0.01,0.02,0.0,0.03,Nov,2,2,1,2,Returning_Visitor,True,False
1,1.94,0,0.0,46,2425.08,0.01,0.02,0.0,0.03,May,1,1,3,2,Returning_Visitor,False,False
9,79.0,1,155.5,55,1743.07,0.0,0.0,0.0,0.03,Mar,2,2,6,2,Returning_Visitor,False,False
3,219.45,0,0.0,67,1352.84,0.0,0.02,11.74,0.04,Mar,3,2,1,10,Returning_Visitor,True,False
12,194.04,3,61.5,36,2440.55,0.01,0.03,0.0,0.03,Aug,2,2,1,1,Returning_Visitor,False,False
1,36.5,0,2.04,30,1668.12,0.0,0.02,0.0,0.03,Dec,1,1,8,2,Returning_Visitor,False,False
3,29.54,0,0.0,11,332.44,0.0,0.04,0.0,0.0,Dec,1,1,3,2,Returning_Visitor,False,False
0,3.67,0,0.0,34,1528.28,0.02,0.06,0.0,0.03,Nov,3,2,1,2,Returning_Visitor,False,False
7,83.31,1,0.0,37,1548.97,0.01,0.04,0.0,0.03,Mar,3,2,3,2,Returning_Visitor,False,False
6,2.76,0,243.0,25,1505.99,0.01,0.03,24.9,0.0,May,2,2,5,11,Returning_Visitor,False,True
0,0.9,0,0.0,7,1018.0,0.0,0.03,0.0,0.0,Mar,2,2,1,2,Returning_Visitor,False,False
2,112.0,0,3.37,9,198.83,0.0,0.01,0.05,0.0,Mar,3,2,3,2,New_Visitor,True,False
2,243.25,0,9.96,34,3497.21,0.0,0.01,39.08,0.04,Dec,2,2,2,2,Returning_Visitor,False,False
0,6.38,0,0.0,9,146.38,0.08,0.14,0.0,0.0,Nov,3,2,1,13,Returning_Visitor,False,False
1,0.0,0,4.39,18,224.5,0.04,0.06,0.0,0.0,May,3,2,1,4,Returning_Visitor,True,False
1,22.2,0,3.55,34,781.8,0.02,0.03,0.0,0.03,Mar,2,2,6,3,Returning_Visitor,True,False
7,182.08,0,0.0,15,310.9,0.0,0.01,0.0,0.0,Mar,2,2,1,2,New_Visitor,False,False
0,0.0,0,0.0,19,539.15,0.01,0.0,0.02,0.0,Nov,3,2,3,3,Returning_Visitor,False,False
0,0.0,0,0.0,3,1062.89,0.13,0.04,0.0,0.03,Aug,3,2,1,3,Returning_Visitor,False,False
0,243.17,0,3.68,34,671.64,0.0,0.02,0.0,0.03,Dec,4,2,3,2,Returning_Visitor,False,False
0,0.0,0,0.0,5,39.0,0.0,0.04,0.0,0.0,May,2,2,8,3,Returning_Visitor,False,False
4,97.5,0,0.0,5,1494.08,0.0,0.01,0.0,0.05,Dec,2,2,7,2,New_Visitor,False,False
0,0.0,0,0.0,6,313.0,0.0,0.05,0.02,0.03,May,2,4,3,1,Returning_Visitor,False,False
0,1.24,0,0.0,6,41.4,0.0,0.07,0.0,0.0,May,2,2,7,2,Returning_Visitor,False,False
0,2.31,0,0.0,7,238.6,0.02,0.04,0.0,0.03,Oct,2,2,1,2,Returning_Visitor,True,False
0,1.86,0,0.0,36,641.41,0.06,0.08,0.0,0.0,Jul,3,2,2,13,Returning_Visitor,False,False
0,0.0,0,0.0,22,647.67,0.01,0.02,0.0,0.84,May,2,2,4,3,Returning_Visitor,True,False
1,43.5,0,39.44,93,3773.72,0.0,0.02,17.77,0.03,Nov,2,2,1,2,Returning_Visitor,False,True
2,48.0,0,0.0,24,543.75,0.02,0.04,0.0,0.8,May,2,2,3,2,Returning_Visitor,False,False
0,0.0,0,0.0,7,920.0,0.14,0.14,0.0,1.0,May,3,2,7,3,Returning_Visitor,True,False
1,2.39,0,0.0,26,745.17,0.0,0.02,0.0,0.0,May,2,2,4,2,Returning_Visitor,False,False
5,199.12,0,0.0,9,1494.24,0.0,0.01,0.05,0.0,Nov,3,2,1,11,Returning_Visitor,False,False
5,112.17,0,0.0,60,1527.5,0.02,0.04,0.02,0.03,Nov,2,2,1,2,Returning_Visitor,False,False
0,4.86,0,2.44,16,1902.25,0.01,0.02,0.0,0.0,Dec,2,2,6,2,New_Visitor,False,False
0,2.96,0,0.0,11,831.93,0.0,0.02,0.01,0.04,May,3,2,6,14,Returning_Visitor,False,False
3,84.67,1,60.0,110,5343.05,0.01,0.03,0.0,0.8,May,1,1,1,3,Returning_Visitor,True,False
1,257.56,0,9.55,137,10415.33,0.01,0.03,0.0,0.03,Nov,2,2,6,2,Returning_Visitor,False,False
0,0.0,0,0.0,5,150.25,0.04,0.12,0.0,0.0,Nov,3,1,1,3,Returning_Visitor,False,False
0,2.44,0,0.0,1,0.0,0.2,0.14,0.0,0.0,Mar,1,1,1,3,Returning_Visitor,True,False
0,0.0,0,0.0,4,151.5,0.0,0.04,0.0,0.03,Mar,3,2,1,1,Returning_Visitor,False,False
0,0.0,0,0.0,15,865.0,0.03,0.04,57.58,0.0,May,2,2,1,4,Returning_Visitor,False,False
0,0.93,0,0.0,4,512.85,0.1,0.11,0.0,0.0,May,1,1,7,2,Returning_Visitor,True,False
2,0.0,0,0.0,11,1491.08,0.0,0.02,1.4,0.0,May,2,2,6,2,New_Visitor,True,False
6,200.33,0,0.0,9,154.0,0.0,0.03,0.0,0.0,May,1,1,1,1,Returning_Visitor,False,False
0,3.9,0,0.0,12,348.75,0.0,0.03,0.0,0.03,Nov,3,2,4,3,Returning_Visitor,False,False
0,0.0,1,78.66,34,1918.97,0.01,0.04,0.0,0.03,Aug,2,2,1,4,Returning_Visitor,False,False
0,87.46,0,0.0,2,410.06,0.0,0.1,0.0,0.0,Oct,2,4,1,2,New_Visitor,False,False
0,0.0,0,0.0,27,427.82,0.0,0.02,0.0,0.0,Nov,2,2,1,1,Returning_Visitor,False,False
0,0.0,0,0.0,14,1466.33,0.0,0.05,0.0,0.03,Mar,2,2,1,2,Returning_Visitor,False,False
1,0.0,0,0.0,15,541.06,0.05,0.09,0.0,0.0,Dec,2,4,1,1,Returning_Visitor,False,False
0,0.0,0,16.45,109,3339.08,0.0,0.04,0.0,0.03,Nov,2,2,4,2,New_Visitor,True,False
2,81.5,1,21.0,34,2199.97,0.0,0.02,0.0,0.04,May,1,1,1,2,Returning_Visitor,True,False
3,82.19,1,63.05,57,1518.9,0.0,0.02,13.4,0.04,May,2,2,1,4,Returning_Visitor,False,False
0,23.0,1,284.0,78,2448.54,0.01,0.04,0.0,0.03,Dec,2,2,3,10,Returning_Visitor,False,False
1,67.5,0,0.0,11,816.5,0.0,0.02,0.0,0.03,Jul,1,1,1,2,New_Visitor,False,False
3,48.0,0,0.0,41,506.72,0.0,0.01,6.34,0.0,May,2,2,2,3,Returning_Visitor,False,False
2,16.67,0,0.0,5,68.9,0.13,0.13,0.0,0.04,May,1,1,4,15,Returning_Visitor,False,False
0,0.0,0,3.46,10,1484.94,0.0,0.02,39.15,0.0,May,2,2,1,4,New_Visitor,False,True
0,1.07,0,0.0,8,143.0,0.0,0.01,0.0,0.0,Mar,2,2,1,1,Returning_Visitor,False,False
3,81.47,0,2.75,8,152.06,0.0,0.01,0.0,0.0,Mar,1,2,4,8,New_Visitor,False,False
0,2.08,0,0.47,9,739.78,0.0,0.05,0.0,0.4,Feb,2,2,1,3,Returning_Visitor,False,False
2,0.0,0,0.0,113,1341.63,0.0,0.01,0.0,0.0,Jul,2,4,1,2,Returning_Visitor,False,False
0,0.0,0,0.0,9,1463.6,0.0,0.03,68.2,0.0,Dec,1,2,8,2,New_Visitor,False,True
4,64.25,1,282.0,18,1543.47,0.0,0.0,0.0,0.0,Mar,2,2,3,2,New_Visitor,False,False
5,136.1,0,38.67,34,1508.86,0.0,0.01,10.19,0.0,Nov,2,2,6,2,Returning_Visitor,True,True
0,0.0,0,0.0,12,810.0,0.0,0.02,0.13,0.0,Mar,2,2,6,10,Returning_Visitor,False,False
1,103.0,2,67.78,94,2807.15,0.0,0.0,0.0,0.03,Nov,2,2,7,2,New_Visitor,True,False
4,117.3,0,0.0,4,1516.71,0.0,0.01,0.0,0.0,Mar,3,3,4,1,New_Visitor,False,False
11,361.6,4,1.59,12,147.73,0.06,0.04,0.0,0.03,May,3,2,1,3,Returning_Visitor,False,False
2,81.09,0,0.0,12,284.5,0.0,0.01,0.0,0.0,Dec,2,2,3,2,Returning_Visitor,False,False
6,94.1,0,19.69,92,4212.14,0.01,0.02,38.74,0.03,Nov,1,1,1,2,Returning_Visitor,True,True
0,0.0,0,0.0,10,328.5,0.0,0.04,0.0,0.0,Nov,2,2,7,6,Returning_Visitor,True,False
0,0.0,0,2.28,17,1496.54,0.02,0.03,1.14,0.0,May,4,2,1,2,Returning_Visitor,False,False
5,147.75,0,0.0,44,670.3,0.01,0.02,0.0,0.05,Dec,2,2,4,1,Returning_Visitor,False,False
3,80.6,2,16.2,33,770.11,0.01,0.02,0.0,0.0,Oct,3,2,1,5,Returning_Visitor,False,False
2,80.54,0,0.0,17,209.7,0.02,0.04,0.0,0.0,June,1,1,3,4,Returning_Visitor,False,False
0,0.0,2,64.06,65,2163.13,0.0,0.01,0.0,0.03,Nov,2,2,8,2,New_Visitor,False,False
3,7.0,1,64.91,53,2247.61,0.0,0.02,32.69,0.0,May,1,1,3,4,Returning_Visitor,False,False
0,0.0,0,3.1,34,629.86,0.0,0.03,0.03,0.0,Nov,2,2,3,1,Returning_Visitor,True,False
0,0.0,0,0.0,27,1913.3,0.01,0.04,0.0,0.0,Aug,4,1,1,3,Returning_Visitor,False,False
3,26.2,0,0.0,13,1577.99,0.0,0.02,58.92,0.03,Aug,2,5,3,2,New_Visitor,False,True
5,97.86,0,0.0,11,565.0,0.0,0.01,0.0,0.0,May,3,2,8,2,New_Visitor,True,False
0,12.72,0,0.0,3,0.0,0.2,0.2,0.0,0.03,Nov,3,2,1,11,Returning_Visitor,False,True
1,22.2,0,0.94,43,1482.14,0.01,0.02,0.0,0.0,Sep,2,2,1,3,Returning_Visitor,False,False
1,448.06,0,7.06,171,5341.78,0.01,0.02,12.1,0.03,Nov,3,2,1,2,Returning_Visitor,False,True
1,6.0,0,0.0,14,1626.0,0.02,0.04,0.0,0.0,Nov,1,1,1,1,Returning_Visitor,False,False
1,21.5,2,323.0,14,836.83,0.0,0.0,0.0,0.0,Nov,2,2,1,2,New_Visitor,False,False
0,0.0,0,0.0,6,59.0,0.0,0.03,0.0,0.0,Mar,2,2,1,2,Returning_Visitor,False,False
0,0.0,0,0.0,34,707.7,0.03,0.14,0.0,0.0,June,2,2,6,13,Returning_Visitor,False,False
0,7.74,0,0.0,20,953.83,0.0,0.01,39.11,0.0,May,2,2,1,5,Returning_Visitor,True,True
0,1.65,0,0.0,13,313.0,0.0,0.02,0.01,0.03,Mar,1,1,1,3,Returning_Visitor,False,False
17,856.83,0,0.0,78,4716.57,0.01,0.03,0.0,0.0,Dec,3,2,1,1,Returning_Visitor,True,False
0,1.02,0,2.1,34,622.0,0.0,0.01,0.0,0.0,Mar,2,2,2,2,Returning_Visitor,False,False
0,2.79,0,0.0,44,1236.64,0.0,0.02,0.0,0.0,Dec,2,4,1,2,Returning_Visitor,False,False
7,82.36,3,138.5,11,227.5,0.0,0.01,0.0,0.0,Mar,3,2,5,8,New_Visitor,True,False
3,137.9,0,0.0,13,161.87,0.0,0.01,0.0,0.04,Dec,2,2,1,5,New_Visitor,True,False
0,0.0,0,2.36,34,1491.13,0.0,0.02,0.0,0.0,Nov,2,2,1,2,Returning_Visitor,False,False
4,85.0,0,0.0,19,599.0,0.02,0.04,0.0,0.05,May,2,2,1,2,Returning_Visitor,False,False
15,104.65,1,148.0,48,1029.17,0.0,0.02,37.9,0.0,Jul,2,2,6,1,Returning_Visitor,False,False
0,0.0,0,0.0,10,247.06,0.0,0.01,0.02,0.0,May,2,2,2,2,Returning_Visitor,False,False
0,0.0,0,0.0,64,2018.76,0.01,0.04,0.0,0.0,Nov,3,2,1,2,Returning_Visitor,False,False
0,0.0,0,10.04,37,1048.98,0.01,0.02,0.28,0.0,Nov,2,2,7,2,Returning_Visitor,True,False
4,138.33,0,0.0,3,1507.42,0.0,0.01,0.0,0.0,May,3,3,3,2,New_Visitor,False,False
8,81.02,1,275.92,34,1529.3,0.0,0.03,0.02,0.0,Nov,2,2,3,2,Returning_Visitor,False,False
3,79.93,0,0.0,17,348.85,0.0,0.02,0.0,0.0,Nov,2,2,1,20,Returning_Visitor,False,False
1,80.5,0,0.0,10,332.75,0.0,0.02,0.0,0.0,May,2,2,3,6,Returning_Visitor,False,False
0,0.0,0,0.0,26,532.0,0.02,0.04,0.0,0.0,Nov,2,2,1,1,Returning_Visitor,False,False
0,0.0,0,0.0,5,95.0,0.07,0.13,0.0,0.0,Nov,3,1,9,3,Returning_Visitor,False,False
10,361.48,1,68.0,35,625.09,0.01,0.02,6.07,0.0,May,2,2,2,2,Returning_Visitor,True,False
0,155.74,0,0.0,14,127.4,0.0,0.0,0.0,0.03,Oct,1,1,8,2,Returning_Visitor,False,False
0,2.29,0,0.0,13,437.25,0.07,0.1,0.0,0.0,Dec,1,1,3,3,Returning_Visitor,False,False
2,75.0,0,0.0,32,1279.09,0.0,0.01,35.61,0.0,Nov,2,2,1,11,Returning_Visitor,False,True
0,0.0,0,1.47,22,903.43,0.01,0.02,0.0,0.03,Nov,2,2,7,8,Returning_Visitor,False,False
0,0.0,0,0.0,3,23.0,0.04,0.11,0.02,0.8,May,2,2,1,1,Returning_Visitor,False,False
0,4.93,0,0.0,3,0.0,0.14,0.2,0.0,0.0,Mar,3,2,4,3,Returning_Visitor,True,False
0,6.0,0,2.36,29,1551.02,0.0,0.01,0.0,0.0,May,1,1,1,1,Returning_Visitor,True,False
0,2.07,0,0.0,18,668.25,0.02,0.04,0.0,0.2,May,3,2,1,2,Returning_Visitor,False,False
2,98.0,0,0.0,34,947.0,0.01,0.01,0.0,0.03,Dec,2,2,3,2,Returning_Visitor,True,False
11,419.95,0,0.0,34,1466.09,0.0,0.02,10.73,0.03,Nov,1,1,3,8,New_Visitor,True,True
3,104.36,0,0.0,11,197.5,0.0,0.03,0.0,0.0,May,3,2,1,3,New_Visitor,False,False
7,41.38,0,0.0,67,3014.29,0.0,0.01,4.19,0.8,May,3,2,3,3,Returning_Visitor,False,False
10,485.91,2,19.0,34,753.64,0.0,0.01,31.64,0.03,Nov,2,2,1,8,Returning_Visitor,False,True
4,52.33,1,239.0,18,337.5,0.0,0.01,0.0,0.03,Mar,2,2,1,2,Returning_Visitor,False,False
0,66.52,4,189.5,25,402.04,0.01,0.02,0.0,0.03,Nov,1,1,1,10,Returning_Visitor,False,True
3,492.17,0,0.0,63,4518.3,0.01,0.04,8.14,0.03,Nov,2,2,6,1,Returning_Visitor,False,True
2,1.88,0,0.0,11,543.5,0.01,0.04,0.0,0.0,Mar,2,2,3,2,Returning_Visitor,False,False
0,0.0,0,0.6,9,361.86,0.0,0.03,0.0,0.0,Dec,1,1,1,3,Returning_Visitor,False,False
0,0.0,0,0.64,6,194.4,0.0,0.03,0.0,0.03,Aug,2,10,3,4,Returning_Visitor,False,False
1,82.62,0,0.0,34,898.5,0.0,0.01,0.0,0.0,Mar,2,10,6,10,Returning_Visitor,False,False
8,101.85,0,80.66,52,591.15,0.0,0.01,8.05,0.0,Jul,2,2,3,3,Returning_Visitor,False,False
2,17.2,0,1.67,0,45.86,0.0,0.04,0.0,0.0,Sep,2,2,2,6,New_Visitor,True,True
0,0.0,0,0.0,14,406.87,0.0,0.01,0.0,0.0,Mar,2,4,1,1,Returning_Visitor,False,False
2,15.0,0,0.97,34,1496.71,0.0,0.02,0.0,0.03,May,2,10,1,3,Returning_Visitor,False,False
0,12.56,0,0.0,8,66.4,0.07,0.04,0.0,0.0,June,3,2,1,11,Returning_Visitor,True,False
2,60.5,0,0.0,26,1145.17,0.0,0.01,0.0,0.0,Nov,1,1,2,2,New_Visitor,True,False
0,0.0,0,1.23,2,176.53,0.12,0.1,0.05,0.51,May,2,2,4,2,Returning_Visitor,True,False
2,262.67,4,58.54,77,4214.78,0.01,0.02,0.0,0.03,Nov,3,2,1,3,Returning_Visitor,False,False
0,0.0,0,0.0,6,1098.5,0.07,0.1,0.0,0.0,Dec,2,2,7,1,Returning_Visitor,False,False
6,35.1,0,6.36,108,6440.24,0.0,0.01,0.0,0.0,June,2,2,3,3,Returning_Visitor,False,False
0,0.0,0,0.0,11,1410.26,0.0,0.0,0.14,0.0,Oct,1,1,1,4,Returning_Visitor,True,False
0,0.0,0,0.0,26,1483.61,0.01,0.03,0.0,0.0,Mar,2,2,4,1,Returning_Visitor,False,False
0,1.05,0,0.0,5,81.08,0.02,0.05,0.0,0.03,Dec,2,2,1,2,New_Visitor,False,False
10,248.23,0,0.0,32,1158.78,0.01,0.02,0.0,0.0,Aug,3,2,1,3,Returning_Visitor,False,False
0,2.35,0,0.0,34,488.33,0.0,0.0,72.3,0.0,May,2,2,1,4,New_Visitor,False,True
3,45.44,1,40.67,26,1549.53,0.0,0.01,25.67,0.0,May,2,4,3,1,Returning_Visitor,True,True
0,0.0,0,0.0,28,385.5,0.09,0.11,0.01,0.8,May,3,2,5,3,Returning_Visitor,False,False
3,153.5,0,2.21,34,1048.49,0.01,0.03,0.0,0.03,Mar,2,2,1,1,Returning_Visitor,True,False
4,305.0,0,0.0,16,1090.7,0.0,0.04,0.0,0.0,Nov,2,2,1,2,Returning_Visitor,False,False
0,3.35,0,1.48,5,259.0,0.02,0.04,0.01,0.03,Nov,3,2,1,2,Returning_Visitor,False,False
4,121.36,0,0.0,12,187.58,0.01,0.02,0.05,0.0,May,1,2,3,5,Returning_Visitor,False,False
0,14.55,0,0.0,1,0.0,0.14,0.2,0.0,0.0,Mar,2,4,1,3,Returning_Visitor,False,False
4,200.83,0,0.0,18,381.33,0.0,0.01,0.0,0.0,Mar,2,2,7,2,New_Visitor,True,False
0,0.0,0,0.0,34,777.33,0.0,0.01,89.3,0.0,May,3,2,9,2,New_Visitor,True,True
5,44.5,0,4.0,34,836.33,0.0,0.01,0.0,0.03,Mar,2,2,4,2,Returning_Visitor,False,False
0,0.0,0,1.34,47,2032.27,0.02,0.02,0.0,0.0,Nov,3,2,7,1,Returning_Visitor,True,False
3,109.0,0,39.1,31,3116.5,0.0,0.01,0.0,0.0,Dec,3,2,1,10,Returning_Visitor,False,True
6,81.79,0,0.0,8,163.22,0.0,0.02,0.0,0.0,Nov,1,1,1,2,New_Visitor,False,False
2,36.5,0,30.32,47,1486.96,0.0,0.03,0.0,0.0,Nov,1,1,1,3,Returning_Visitor,True,False
5,426.7,1,200.0,72,4140.33,0.0,0.02,0.04,0.0,Nov,3,2,4,2,Returning_Visitor,True,False
2,20.14,0,2.78,17,33.14,0.0,0.04,0.12,0.0,Dec,3,2,1,10,Returning_Visitor,False,False
3,82.01,0,4.59,20,769.9,0.02,0.03,0.0,0.03,Nov,2,2,7,1,Returning_Visitor,False,False
0,4.38,0,0.0,6,240.9,0.0,0.01,0.0,0.0,Sep,3,2,3,2,Returning_Visitor,True,False
0,0.0,1,5.0,9,279.0,0.01,0.04,0.0,0.0,Nov,3,2,1,8,New_Visitor,True,False
3,0.0,0,5.35,11,429.92,0.01,0.03,0.0,0.0,Nov,1,8,1,11,Returning_Visitor,False,False
0,0.0,0,0.0,1,2.15,0.14,0.2,0.01,0.0,Dec,1,1,1,1,Returning_Visitor,False,False
1,68.5,0,0.0,11,372.82,0.0,0.04,39.14,0.0,Dec,1,1,1,2,Returning_Visitor,False,True
0,8.09,0,0.0,6,215.71,0.02,0.05,0.0,0.0,Jul,2,4,1,1,Returning_Visitor,False,False
1,620.95,5,2.84,131,9487.94,0.0,0.01,0.76,0.0,May,2,2,2,2,Returning_Visitor,False,False
12,198.77,3,11.0,34,4514.74,0.0,0.02,0.0,0.0,Nov,2,2,3,1,Returning_Visitor,False,True
3,0.0,0,0.0,11,187.0,0.0,0.0,0.01,0.0,May,2,5,4,1,Returning_Visitor,False,False
5,255.75,0,0.0,70,1787.48,0.0,0.02,0.0,0.03,Dec,2,4,1,3,Returning_Visitor,False,False
0,1.13,0,0.0,2,8.0,0.15,0.14,0.0,0.07,May,1,1,1,3,Returning_Visitor,False,False
0,1.69,0,0.0,8,331.19,0.0,0.05,0.04,0.03,Mar,2,2,7,3,Returning_Visitor,True,False
3,240.8,1,4.0,13,279.83,0.0,0.01,0.0,0.03,Nov,3,2,3,2,Returning_Visitor,False,False
1,5.0,0,0.0,43,1990.12,0.0,0.02,6.89,0.0,Dec,2,2,3,3,Returning_Visitor,False,False
2,6.0,0,0.29,37,501.77,0.01,0.02,0.0,0.03,Sep,2,2,1,1,Returning_Visitor,False,False
1,0.0,0,1.18,64,1490.4,0.0,0.02,0.0,0.0,May,2,4,7,4,Returning_Visitor,False,False
0,0.0,1,16.0,65,2863.4,0.0,0.01,0.0,0.0,Nov,2,2,1,2,Returning_Visitor,False,False
6,66.77,1,83.0,62,2050.4,0.01,0.01,38.82,0.2,May,3,2,4,4,Returning_Visitor,False,True
4,96.87,0,0.0,39,639.49,0.0,0.0,0.0,0.0,Nov,1,2,1,2,New_Visitor,False,False
10,76.17,0,0.0,17,1500.72,0.03,0.02,0.0,0.0,May,3,2,2,11,Returning_Visitor,True,False
5,69.03,0,0.0,34,658.85,0.0,0.01,42.98,0.0,Oct,2,6,3,2,Returning_Visitor,False,False
5,97.4,4,269.8,99,3611.98,0.0,0.0,0.85,0.0,June,2,2,1,7,Returning_Visitor,False,True
0,0.0,1,232.0,16,1340.16,0.0,0.01,0.0,0.05,May,2,2,1,2,Returning_Visitor,False,False
0,46.75,0,0.0,8,623.08,0.0,0.01,0.06,0.0,May,3,2,4,3,Returning_Visitor,False,False
1,3.5,0,0.0,20,1481.02,0.0,0.0,0.01,0.0,Nov,2,2,2,2,Returning_Visitor,False,False
1,1566.6,0,2.52,34,1397.21,0.0,0.02,0.0,0.03,Oct,2,2,3,2,Returning_Visitor,False,False
0,30.25,0,0.0,13,392.19,0.0,0.01,60.26,0.0,Dec,1,8,1,20,New_Visitor,False,True
0,0.0,0,0.0,43,1606.45,0.0,0.0,18.52,0.0,June,4,1,1,2,New_Visitor,False,True
0,0.0,0,0.0,5,144.17,0.12,0.13,0.0,0.0,Oct,1,10,1,1,Returning_Visitor,False,False
6,89.0,0,102.22,35,5378.05,0.02,0.05,4.37,0.2,May,2,2,8,3,Returning_Visitor,False,True
0,11.71,1,10.98,7,1381.12,0.04,0.12,0.0,0.6,Feb,2,4,3,7,Returning_Visitor,False,False
10,288.09,0,0.0,61,1563.43,0.02,0.06,0.0,0.0,Dec,3,2,1,1,Returning_Visitor,False,False
3,83.34,0,0.0,51,1527.93,0.01,0.04,2.56,0.03,May,2,6,1,1,Returning_Visitor,False,False
0,1.07,0,0.0,34,1490.95,0.0,0.01,0.0,0.0,Mar,2,2,3,1,Returning_Visitor,False,False
0,0.0,0,0.0,1,0.0,0.14,0.2,0.0,0.0,Mar,2,2,1,1,Returning_Visitor,True,False
7,1561.72,4,4.8,183,9676.09,0.01,0.01,19.57,0.03,Nov,3,2,2,2,Returning_Visitor,False,True
0,0.0,0,0.0,3,9.57,0.2,0.14,0.0,0.0,Mar,2,6,1,1,Returning_Visitor,False,False
4,42.0,0,3.01,12,1486.78,0.02,0.01,0.02,0.0,May,3,2,2,15,Returning_Visitor,True,False
0,0.0,0,4.53,20,624.01,0.0,0.02,0.0,0.0,Dec,1,2,3,2,Returning_Visitor,False,False
0,0.0,1,75.36,32,1306.1,0.0,0.01,5.14,0.03,May,4,1,4,20,Returning_Visitor,False,True
0,0.0,0,0.0,3,0.0,0.14,0.2,0.0,0.0,Nov,3,2,8,11,Returning_Visitor,True,False
1,93.0,2,23.0,37,783.88,0.0,0.03,0.0,0.03,Nov,2,1,1,11,Returning_Visitor,True,False
0,0.82,0,0.0,5,57.46,0.0,0.04,0.0,0.03,Dec,2,2,1,2,Returning_Visitor,False,False
4,84.0,0,0.0,34,1059.0,0.0,0.01,0.0,0.0,Mar,2,2,1,2,Returning_Visitor,False,False
2,67.0,0,0.0,59,1530.81,0.0,0.0,0.0,0.2,May,2,2,3,2,Returning_Visitor,False,False
0,3.48,0,0.0,7,228.5,0.02,0.02,0.0,0.0,Dec,3,2,1,1,Returning_Visitor,False,False
7,115.73,0,0.0,43,2660.28,0.03,0.06,0.0,0.0,Jul,2,2,2,13,Returning_Visitor,False,False
1,26.2,0,0.0,4,106.8,0.0,0.04,36.66,0.0,Oct,2,2,2,5,New_Visitor,False,True
0,135.2,4,430.33,68,3974.53,0.01,0.02,0.0,0.0,Nov,3,2,1,13,Returning_Visitor,True,False
2,0.0,0,11.22,6,339.5,0.0,0.02,124.9,0.0,Nov,2,2,9,20,New_Visitor,False,True
2,83.38,0,0.0,7,496.39,0.0,0.02,0.02,0.0,Mar,2,2,1,3,New_Visitor,True,False
3,44.0,0,0.0,15,391.32,0.01,0.01,0.0,0.0,Mar,3,2,3,2,Returning_Visitor,True,False
1,77.96,0,8.15,35,1486.92,0.03,0.04,0.01,0.0,May,3,2,1,6,Returning_Visitor,False,False
3,124.0,1,38.04,109,3731.14,0.0,0.02,0.0,0.03,May,1,1,3,4,Returning_Visitor,True,False
0,0.69,0,1.1,2,229.37,0.0,0.1,0.0,0.0,Dec,1,1,3,2,Returning_Visitor,False,False
2,64.0,0,0.0,34,1148.9,0.0,0.01,0.0,0.0,Mar,2,2,1,1,New_Visitor,False,False
0,0.0,0,0.34,7,58.63,0.1,0.1,0.0,0.0,May,3,2,1,3,Returning_Visitor,False,False
0,0.0,0,0.0,1,0.0,0.14,0.2,0.0,0.0,Nov,2,2,1,1,Returning_Visitor,False,False
2,74.5,0,0.0,22,1473.23,0.0,0.01,0.0,0.04,May,1,1,4,4,Returning_Visitor,False,False
6,80.78,0,0.0,12,251.79,0.03,0.04,0.0,0.0,Mar,3,2,1,1,Returning_Visitor,True,False
3,52.75,0,0.0,31,3069.08,0.0,0.02,5.52,0.0,Nov,1,1,3,2,Returning_Visitor,False,True
2,19.2,0,0.0,30,3134.07,0.0,0.01,5.77,0.0,Aug,2,4,1,1,Returning_Visitor,True,False
0,59.19,0,0.0,7,118.75,0.01,0.08,0.0,0.0,Dec,1,1,1,8,New_Visitor,False,False
3,168.0,0,0.0,6,296.17,0.0,0.01,0.02,0.0,Mar,2,2,3,2,New_Visitor,False,False
5,145.5,0,5.4,42,1524.75,0.0,0.01,0.0,0.0,Mar,2,2,9,2,Returning_Visitor,False,False
0,0.0,0,1.21,5,251.0,0.13,0.14,0.0,0.0,Dec,1,1,1,3,Returning_Visitor,False,False
1,22.0,0,0.0,52,1551.67,0.0,0.02,7.88,0.0,Mar,1,1,3,2,Returning_Visitor,False,False
0,0.0,0,0.0,2,0.0,0.14,0.2,0.0,0.11,May,1,1,4,3,Returning_Visitor,False,False
3,41.0,0,0.0,32,1130.85,0.01,0.02,0.24,0.0,May,1,1,2,3,Returning_Visitor,True,False
0,0.0,0,2.78,34,1091.01,0.01,0.03,0.0,0.03,Nov,2,2,6,2,Returning_Visitor,False,False
0,0.0,0,7.61,23,1131.21,0.0,0.02,94.19,0.03,Nov,3,2,3,11,Returning_Visitor,True,True
0,0.0,0,0.0,12,468.0,0.03,0.03,0.0,0.0,Mar,4,1,1,3,Returning_Visitor,False,False
6,83.77,2,69.5,34,1430.25,0.0,0.01,3.84,0.03,Aug,2,2,3,7,Returning_Visitor,False,True
3,80.67,0,0.0,3,58.0,0.03,0.04,0.0,0.0,Mar,1,8,4,11,Returning_Visitor,False,False
0,0.0,0,0.52,1,0.0,0.2,0.2,0.0,0.0,May,3,2,1,13,Returning_Visitor,False,False
0,18.13,0,0.13,31,457.4,0.0,0.03,0.0,0.85,May,2,2,7,1,Returning_Visitor,False,False
3,353.0,0,0.0,24,1493.42,0.02,0.02,0.0,0.0,May,2,2,3,6,Returning_Visitor,False,False
2,288.0,0,2.19,31,1378.26,0.01,0.04,0.0,0.03,Sep,2,2,2,13,Returning_Visitor,False,False
0,0.0,0,0.0,8,1577.0,0.0,0.02,0.0,0.0,Mar,1,1,1,3,Returning_Visitor,False,False
8,504.82,6,447.92,45,1998.44,0.0,0.02,2.84,0.0,Mar,3,2,1,2,Returning_Visitor,True,False
0,0.0,0,0.0,27,321.67,0.05,0.09,0.0,0.8,May,3,2,1,1,Returning_Visitor,False,False
3,25.65,0,0.0,13,343.62,0.0,0.01,0.0,0.0,Dec,2,2,2,2,New_Visitor,False,False
2,59.0,0,0.0,20,1483.54,0.0,0.02,0.04,0.04,May,1,1,3,4,Returning_Visitor,True,False
0,0.0,0,0.0,8,149.0,0.0,0.03,39.09,0.0,May,2,2,1,2,Returning_Visitor,False,True
0,0.0,0,7.19,21,1494.29,0.0,0.01,0.0,0.0,May,2,2,3,2,Returning_Visitor,False,False
3,220.66,0,0.0,23,1485.79,0.0,0.01,0.0,0.0,Sep,1,1,1,2,New_Visitor,False,False
3,62.5,0,7.55,101,2584.71,0.01,0.02,16.94,0.03,May,2,2,1,13,Returning_Visitor,False,False
0,1.47,0,0.0,34,331.08,0.0,0.04,0.0,0.0,Dec,2,2,1,2,Returning_Visitor,False,False
4,82.23,0,5.1,5,48.5,0.0,0.02,0.0,0.2,May,2,2,6,13,Returning_Visitor,False,False
0,0.0,0,6.93,32,875.93,0.1,0.07,0.0,0.03,Oct,1,1,3,3,Returning_Visitor,False,False
2,0.0,0,0.94,11,1456.25,0.0,0.02,0.0,0.0,May,2,2,1,4,Returning_Visitor,True,False
8,91.0,0,68.24,34,3007.69,0.01,0.01,0.0,0.0,Dec,3,2,1,10,Returning_Visitor,False,False
1,0.0,0,1.57,41,1202.9,0.02,0.03,0.0,0.0,May,2,2,2,13,Returning_Visitor,False,False
0,0.0,0,0.0,7,105.0,0.0,0.04,0.0,0.03,Dec,2,2,1,8,New_Visitor,False,False
2,56.2,0,11.1,102,1659.48,0.0,0.02,15.25,0.6,May,2,2,3,2,Returning_Visitor,False,False
0,0.0,0,15.82,3,58.89,0.0,0.07,0.0,0.09,May,3,2,1,2,Returning_Visitor,True,False
0,0.0,0,10.97,34,557.4,0.03,0.04,0.0,0.4,May,2,4,3,3,Returning_Visitor,False,False
0,0.0,0,10.89,123,5212.71,0.01,0.03,8.51,0.0,Nov,2,2,7,2,Returning_Visitor,False,True
0,0.88,0,0.0,10,277.46,0.0,0.02,0.0,0.0,Nov,2,2,1,2,New_Visitor,False,False
3,82.47,0,0.0,20,1561.2,0.02,0.02,0.01,0.0,Nov,4,2,3,1,Returning_Visitor,True,False
0,0.0,0,4.43,34,1779.89,0.01,0.03,0.0,0.0,Dec,1,1,4,2,Returning_Visitor,True,False
1,19.0,0,4.73,24,3209.0,0.01,0.02,31.22,0.0,Dec,2,2,9,2,New_Visitor,False,False
0,0.0,0,0.98,9,145.0,0.07,0.12,0.0,0.8,May,3,2,1,13,Returning_Visitor,False,False
0,2.98,0,0.0,13,1496.83,0.0,0.02,39.17,0.0,May,2,2,6,4,New_Visitor,False,True
0,1.46,0,0.0,6,180.17,0.0,0.02,0.0,0.0,May,1,1,7,2,Returning_Visitor,True,False
0,0.63,0,0.0,1,0.0,0.13,0.14,0.02,0.0,Nov,1,1,2,2,Returning_Visitor,False,False
3,88.58,0,0.0,1,8.0,0.01,0.07,0.0,0.0,Nov,2,4,1,2,Returning_Visitor,False,False
0,0.71,0,0.0,11,431.17,0.0,0.0,0.0,0.0,Nov,1,1,1,2,Returning_Visitor,False,False
1,295.67,0,0.0,48,2207.83,0.0,0.02,0.13,0.0,May,1,8,3,1,Returning_Visitor,False,False
2,85.58,0,0.0,31,2587.77,0.0,0.01,21.47,0.0,Nov,4,2,5,10,Returning_Visitor,False,True
0,0.0,0,0.0,17,1338.8,0.14,0.09,0.0,0.04,Aug,2,2,3,13,Returning_Visitor,False,False
0,1.22,0,0.0,11,390.9,0.01,0.07,0.0,0.0,Aug,2,2,6,3,Returning_Visitor,False,False
3,109.5,1,39.89,157,4643.76,0.0,0.01,7.15,0.04,May,2,5,2,4,Returning_Visitor,False,False
2,82.53,2,196.0,11,1516.76,0.02,0.03,0.06,0.0,May,2,5,1,2,Returning_Visitor,False,False
1,81.93,0,6.78,11,238.5,0.01,0.01,0.0,0.0,May,2,4,3,3,New_Visitor,False,False
0,0.0,0,0.0,4,32.0,0.0,0.05,0.01,0.0,Dec,2,2,3,2,Returning_Visitor,False,False
3,190.56,0,10.8,71,2576.43,0.01,0.01,0.0,0.0,Oct,1,1,2,2,Returning_Visitor,False,False
0,0.0,0,0.0,12,1485.05,0.14,0.12,0.06,1.0,May,2,2,1,2,Returning_Visitor,True,False
10,295.69,0,0.0,29,785.47,0.0,0.0,34.99,0.0,May,2,2,5,4,Returning_Visitor,True,True
0,4.55,0,0.68,2,0.0,0.14,0.2,0.0,0.0,May,3,2,4,13,Returning_Visitor,False,False
3,118.55,0,12.62,34,1948.09,0.03,0.04,0.0,0.03,Nov,3,2,1,2,Returning_Visitor,False,False
1,5.0,0,0.0,2,15.2,0.0,0.04,0.24,0.0,Aug,1,1,1,3,Returning_Visitor,False,False
1,112.0,0,0.0,37,2043.5,0.01,0.02,12.36,0.04,May,2,5,3,6,Returning_Visitor,False,True
3,82.23,0,0.0,70,2094.14,0.02,0.05,0.0,0.0,Jul,2,2,3,1,Returning_Visitor,False,False
1,69.44,0,0.58,21,1481.71,0.0,0.02,0.0,0.0,May,2,2,1,4,Returning_Visitor,False,False
4,67.07,0,0.0,21,2588.96,0.0,0.01,0.0,0.0,Mar,2,2,2,8,New_Visitor,True,False
0,6.05,0,0.25,4,72.46,0.14,0.08,0.0,0.0,Aug,2,4,1,1,Returning_Visitor,True,False
10,50.75,0,26.75,22,1522.94,0.0,0.02,5.8,0.0,May,2,4,1,2,New_Visitor,False,False
6,171.12,0,0.0,22,472.75,0.03,0.04,0.0,0.03,Nov,3,2,2,3,Returning_Visitor,False,False
3,217.0,0,0.0,34,409.5,0.0,0.01,0.0,0.0,Dec,2,2,1,2,Returning_Visitor,False,False
0,0.0,1,0.0,16,222.0,0.03,0.03,0.0,0.0,Mar,1,2,1,2,Returning_Visitor,False,False
0,0.0,0,0.0,6,1485.5,0.0,0.04,0.01,0.2,May,2,2,6,4,Returning_Visitor,False,False
0,0.0,0,0.0,15,372.08,0.0,0.04,0.02,0.0,Nov,2,2,1,2,New_Visitor,True,False
9,352.23,0,0.0,49,2268.9,0.01,0.02,0.0,0.03,Aug,1,2,9,2,Returning_Visitor,False,False
4,38.5,0,7.0,33,583.83,0.0,0.01,0.05,0.0,Mar,2,2,4,3,New_Visitor,True,False
3,75.4,0,3.7,18,1051.42,0.0,0.02,0.0,0.0,Dec,2,2,1,2,New_Visitor,False,False
0,88.23,0,0.0,7,58.5,0.0,0.06,0.0,0.0,Nov,2,6,3,2,Returning_Visitor,False,False
1,206.54,0,0.0,45,2674.34,0.0,0.02,0.0,0.03,Nov,1,1,1,1,Returning_Visitor,False,False
3,31.2,1,65.44,13,134.45,0.0,0.01,0.06,0.03,Nov,2,2,2,2,New_Visitor,False,False
0,0.0,0,0.0,1,0.0,0.2,0.14,0.0,0.0,May,1,1,2,2,Returning_Visitor,False,False
0,0.0,0,0.0,19,346.13,0.0,0.04,0.0,0.03,Aug,2,2,1,3,Returning_Visitor,False,False
4,64.6,2,65.59,16,597.6,0.02,0.04,0.23,0.03,Oct,3,2,1,5,Returning_Visitor,True,False
1,260.0,0,0.0,11,1250.64,0.0,0.01,0.0,0.04,May,2,2,9,2,New_Visitor,False,False
3,271.79,0,0.0,5,121.38,0.0,0.03,0.07,0.0,Dec,3,2,4,2,New_Visitor,True,False
3,135.92,0,0.0,43,1719.42,0.0,0.02,6.96,0.0,May,1,1,3,3,Returning_Visitor,True,False
2,28.0,0,0.0,17,115.67,0.0,0.02,0.0,0.22,May,1,1,1,5,New_Visitor,False,False
0,4.38,0,0.0,6,83.5,0.0,0.04,0.0,0.03,Nov,3,2,3,11,Returning_Visitor,False,False
4,153.25,0,0.0,34,402.72,0.0,0.0,57.47,0.0,Aug,2,2,5,2,New_Visitor,True,True
0,82.05,1,335.0,33,3583.17,0.02,0.05,11.16,0.0,Nov,2,2,3,11,Returning_Visitor,True,False
4,202.0,0,0.0,34,714.97,0.03,0.02,0.0,0.05,May,1,1,1,4,Returning_Visitor,True,False
1,293.63,3,7.85,131,3539.94,0.01,0.03,0.7,0.03,Aug,2,5,1,2,Returning_Visitor,False,False
0,0.0,0,0.0,31,1444.44,0.05,0.13,0.0,0.05,June,1,1,3,4,Returning_Visitor,False,False
3,84.67,0,60.46,33,1490.63,0.0,0.01,204.01,0.03,Nov,2,2,1,2,Returning_Visitor,True,True
3,80.75,0,0.0,6,208.48,0.02,0.03,0.02,0.0,Nov,3,2,1,3,Returning_Visitor,False,False
0,0.0,0,0.0,6,143.5,0.0,0.04,0.0,0.0,Mar,2,5,3,3,Returning_Visitor,False,False
3,503.52,0,0.0,36,1699.07,0.01,0.04,133.28,0.0,May,2,2,1,1,Returning_Visitor,False,False
1,67.4,0,0.0,14,590.55,0.0,0.01,39.16,0.0,Nov,2,2,1,5,New_Visitor,False,True
1,140.5,0,0.0,19,1507.68,0.02,0.04,16.98,0.0,Nov,3,2,2,10,Returning_Visitor,False,False
0,0.0,0,0.0,13,1517.13,0.02,0.03,0.01,0.0,May,3,2,4,3,Returning_Visitor,False,False
5,80.25,0,0.0,63,2618.68,0.01,0.01,17.61,0.03,Nov,3,2,1,8,Returning_Visitor,False,True
0,0.0,1,65.0,15,1728.32,0.01,0.02,0.0,0.0,Mar,1,1,6,1,Returning_Visitor,False,False
4,82.17,0,0.0,45,673.48,0.02,0.03,15.15,0.04,May,2,2,7,2,Returning_Visitor,False,False
0,0.0,0,0.0,1,25.66,0.14,0.2,0.0,0.0,Nov,3,2,3,13,Returning_Visitor,False,False
0,0.0,2,11.0,1,295.23,0.07,0.13,0.1,0.0,Nov,1,1,1,2,Returning_Visitor,False,False
0,0.0,0,0.0,2,17.0,0.0,0.1,0.0,0.0,Mar,1,1,2,3,Returning_Visitor,False,False
1,24.0,0,0.0,15,1524.99,0.0,0.01,38.29,0.0,May,2,2,3,2,Returning_Visitor,False,True
2,87.75,0,0.0,11,1719.4,0.0,0.03,0.04,0.0,Nov,3,2,1,3,New_Visitor,False,False
0,0.0,0,0.0,34,1491.98,0.02,0.04,0.01,0.4,May,2,2,3,1,Returning_Visitor,False,False
3,119.5,0,9.39,17,1297.38,0.02,0.02,0.0,0.0,Dec,3,2,1,10,Returning_Visitor,True,False
0,12.48,0,0.0,5,126.56,0.0,0.05,0.02,0.03,Dec,2,2,9,3,New_Visitor,False,False
2,45.0,0,0.0,8,71.0,0.02,0.04,0.0,0.0,May,2,2,1,13,Returning_Visitor,False,False
0,0.0,0,0.0,17,1731.62,0.0,0.04,0.0,0.0,Dec,2,2,1,1,Returning_Visitor,False,False
0,3.33,1,107.55,34,1494.62,0.0,0.01,0.0,0.03,Nov,1,1,1,2,Returning_Visitor,True,True
0,0.0,0,0.0,26,2021.4,0.01,0.03,0.0,0.0,Jul,3,3,8,4,Returning_Visitor,False,False
0,0.89,0,0.39,15,1515.78,0.0,0.04,0.0,0.0,Aug,2,2,1,1,Returning_Visitor,False,False
4,227.48,0,3.2,56,4895.26,0.02,0.05,5.76,0.03,Nov,2,4,3,2,Returning_Visitor,False,False
0,3.94,1,44.61,81,2253.8,0.01,0.02,0.0,0.03,Nov,3,2,1,2,Returning_Visitor,True,True
3,81.1,0,0.0,34,1493.97,0.0,0.01,0.0,0.0,Dec,2,12,4,2,Returning_Visitor,False,False
3,243.45,0,0.0,31,419.25,0.01,0.02,0.0,0.11,May,2,2,1,3,Returning_Visitor,False,False
3,53.25,1,108.23,198,3057.81,0.0,0.01,11.98,0.03,May,4,1,5,3,New_Visitor,False,True
3,90.5,0,0.0,15,369.5,0.0,0.03,0.06,0.0,Nov,3,2,2,2,New_Visitor,True,False
0,1.28,0,0.0,22,925.83,0.02,0.04,0.0,0.0,Mar,2,2,3,1,Returning_Visitor,False,False
3,76.0,0,0.63,28,866.0,0.0,0.02,0.0,0.0,Mar,2,2,1,1,Returning_Visitor,False,False
2,81.08,0,0.0,16,506.27,0.0,0.02,0.0,0.0,Feb,2,2,8,6,Returning_Visitor,False,False
0,0.0,0,0.0,53,3575.0,0.0,0.0,119.89,0.03,Nov,2,2,6,2,Returning_Visitor,False,True
0,0.0,0,0.0,3,0.0,0.14,0.2,0.0,0.6,Feb,4,2,1,3,Returning_Visitor,False,False
0,3.36,0,0.0,2,51.0,0.0,0.13,0.04,0.0,May,3,2,3,3,Returning_Visitor,False,False
0,0.0,0,0.84,62,2787.68,0.0,0.02,57.48,0.0,Nov,4,2,1,1,Returning_Visitor,True,False
3,83.21,0,4.46,20,1496.4,0.0,0.01,0.0,0.0,Nov,2,2,1,2,Returning_Visitor,False,False
6,80.82,0,10.92,34,1056.15,0.03,0.06,10.93,0.03,May,3,2,4,4,Returning_Visitor,False,False
0,0.0,0,0.0,3,59.0,0.0,0.07,0.0,0.03,Dec,1,1,3,2,Other,False,False
0,0.0,0,0.0,34,875.16,0.0,0.0,40.42,0.0,Nov,2,2,1,2,Returning_Visitor,False,True
0,0.0,0,0.0,8,71.77,0.02,0.07,0.0,0.0,Nov,3,2,1,13,Returning_Visitor,False,False
0,0.0,0,0.0,2,93.64,0.0,0.06,0.0,0.0,Mar,2,2,2,3,Returning_Visitor,True,False
2,80.76,0,8.08,10,399.0,0.02,0.05,0.0,0.0,Nov,1,1,3,8,Returning_Visitor,False,False
4,86.55,0,4.78,11,617.15,0.0,0.0,39.12,0.0,May,1,1,6,5,New_Visitor,False,True
0,0.0,0,0.0,2,310.19,0.0,0.1,0.0,0.0,May,2,2,3,13,Returning_Visitor,False,False
0,3.13,0,0.73,9,73.67,0.0,0.02,0.0,0.2,May,2,2,1,3,Returning_Visitor,False,False
5,61.01,0,5.38,34,1141.07,0.0,0.01,0.0,0.0,Dec,2,2,6,2,New_Visitor,False,False
7,153.85,0,0.0,19,1346.11,0.0,0.02,0.0,0.0,Dec,1,1,1,8,Returning_Visitor,False,True
3,155.7,0,0.0,18,595.0,0.0,0.01,0.0,0.0,Nov,1,1,1,2,New_Visitor,False,False
0,0.0,0,0.0,28,1202.0,0.0,0.01,0.1,0.03,Mar,2,2,1,10,Returning_Visitor,False,False
1,89.28,0,2.75,34,1574.38,0.0,0.02,0.0,0.0,Dec,2,2,3,1,Returning_Visitor,False,False
0,13.18,0,0.0,1,0.0,0.2,0.2,0.28,0.03,Nov,2,2,7,11,Returning_Visitor,True,False
3,18.5,0,2.63,32,814.61,0.0,0.02,3.11,0.6,May,2,2,1,4,Returning_Visitor,False,True
5,106.0,0,0.0,30,1513.73,0.0,0.01,0.0,0.0,Mar,2,2,1,2,New_Visitor,False,False
3,618.0,0,0.0,9,341.0,0.0,0.01,38.52,0.0,Mar,2,2,1,8,New_Visitor,False,True
10,790.9,0,0.0,54,2702.39,0.0,0.02,0.0,0.06,Nov,2,2,1,10,Returning_Visitor,False,True
3,81.4,0,11.21,94,2487.52,0.0,0.0,0.0,0.0,Oct,2,2,6,2,New_Visitor,False,False
0,0.0,0,0.0,37,1489.59,0.01,0.04,0.01,0.0,Sep,3,2,2,4,Returning_Visitor,False,False
0,8.71,0,0.0,3,34.0,0.0,0.07,0.0,0.0,May,1,1,6,3,Returning_Visitor,False,False
0,83.63,0,0.0,8,1236.2,0.0,0.03,0.02,0.0,Mar,3,2,1,3,Returning_Visitor,False,False
3,437.39,2,311.11,83,1462.14,0.0,0.0,2.09,0.03,Mar,2,2,3,2,Returning_Visitor,False,True
1,81.3,0,0.0,22,1490.09,0.03,0.02,0.0,0.0,Nov,1,1,1,2,Returning_Visitor,False,False
0,0.0,3,26.0,21,405.33,0.0,0.02,0.0,0.04,May,2,2,6,4,Returning_Visitor,False,False
0,0.0,0,2.14,17,2620.85,0.07,0.1,0.0,0.0,Nov,3,2,4,3,Returning_Visitor,True,False
1,143.0,4,48.0,16,333.75,0.0,0.0,0.0,0.03,Mar,1,1,1,2,New_Visitor,False,False
5,504.84,1,71.62,6,106.3,0.0,0.02,0.0,0.0,Sep,2,2,3,2,New_Visitor,True,False
0,9.61,0,0.0,1,9.16,0.2,0.2,0.0,0.0,Nov,2,2,2,3,Returning_Visitor,False,False
3,335.95,0,5.06,35,1487.84,0.01,0.02,0.0,0.2,May,3,2,1,13,Returning_Visitor,False,False
2,148.0,0,0.0,9,811.14,0.0,0.0,0.06,0.0,Mar,3,2,6,2,New_Visitor,True,False
4,81.11,0,0.0,35,2874.97,0.0,0.02,0.0,0.0,May,2,2,1,4,Returning_Visitor,False,False
0,12.6,0,0.0,8,1529.88,0.13,0.14,0.0,0.8,May,2,2,7,3,Returning_Visitor,False,False
4,81.27,0,0.0,3,59.59,0.0,0.03,0.0,0.0,Aug,1,1,3,2,Returning_Visitor,False,False
1,37.0,0,0.0,81,2533.83,0.0,0.01,0.0,0.0,May,2,4,3,4,Returning_Visitor,False,False
3,77.88,0,0.0,17,1487.13,0.01,0.02,19.11,0.03,May,2,1,6,4,Returning_Visitor,True,False
0,4.22,0,0.0,5,1496.21,0.0,0.03,19.51,0.04,Aug,1,1,4,2,New_Visitor,False,True
1,58.83,0,0.0,128,6483.08,0.0,0.01,3.83,0.03,Nov,2,2,2,2,Returning_Visitor,True,False
0,0.0,0,0.0,20,749.8,0.0,0.02,23.0,0.03,Dec,2,2,1,4,New_Visitor,False,True
0,0.95,0,0.0,1,3.02,0.2,0.2,0.0,0.0,May,1,1,1,3,Returning_Visitor,False,False
3,94.0,2,125.0,55,1970.84,0.0,0.01,96.26,0.0,Mar,2,4,1,2,New_Visitor,True,True
0,0.0,0,98.49,63,1462.45,0.0,0.0,22.09,0.0,May,2,2,1,5,New_Visitor,False,True
1,50.5,0,0.0,3,192.5,0.0,0.05,0.37,0.0,May,2,2,8,2,New_Visitor,True,False
9,848.14,4,388.67,34,595.01,0.0,0.0,32.33,0.0,Mar,2,2,1,2,New_Visitor,False,False
0,0.62,0,0.0,11,299.5,0.02,0.07,0.0,0.0,Mar,1,1,3,1,Returning_Visitor,False,False
1,75.0,4,250.67,44,1679.83,0.0,0.0,39.06,0.0,Mar,2,2,1,2,New_Visitor,True,True
3,81.86,0,0.0,2,843.89,0.0,0.02,0.0,0.0,Nov,1,1,1,2,New_Visitor,False,False
0,0.65,0,0.0,13,459.08,0.0,0.08,0.0,0.0,Dec,2,2,1,2,Returning_Visitor,False,False
0,0.0,0,4.34,42,1486.92,0.01,0.03,0.0,0.03,Nov,1,1,2,10,Returning_Visitor,True,False
0,117.89,0,3.54,8,101.75,0.03,0.08,0.0,0.0,Nov,2,2,6,13,Returning_Visitor,False,False
0,0.0,0,0.0,12,471.5,0.02,0.07,0.0,0.0,Mar,1,1,6,3,Returning_Visitor,False,False
2,39.0,0,0.0,11,128.0,0.01,0.02,0.03,0.04,May,2,2,1,2,New_Visitor,False,False
0,0.58,0,2.11,13,224.79,0.03,0.08,0.0,0.0,Dec,2,6,1,1,Returning_Visitor,False,False
5,84.39,0,0.0,6,110.31,0.03,0.04,0.0,0.0,May,3,2,2,5,Returning_Visitor,False,False
0,0.0,0,0.0,32,1080.05,0.0,0.01,0.0,0.0,Mar,2,2,7,2,Returning_Visitor,False,False
0,118.75,0,39.68,66,2556.22,0.02,0.02,0.0,0.03,Nov,3,2,1,13,Returning_Visitor,False,False
15,365.11,4,6.88,139,5882.17,0.0,0.01,5.52,0.03,May,2,2,3,2,Returning_Visitor,False,False
3,39.0,0,4.18,13,207.03,0.01,0.01,0.0,0.0,Nov,2,4,3,2,New_Visitor,False,True
1,176.01,0,18.87,55,1508.54,0.02,0.05,9.14,0.03,Dec,2,2,8,3,Returning_Visitor,False,False
0,0.0,0,14.02,47,1153.54,0.0,0.02,0.01,0.03,Jul,1,1,6,2,Returning_Visitor,False,False
3,82.39,0,0.0,10,314.4,0.0,0.02,0.05,0.03,Oct,1,1,1,2,New_Visitor,False,False
0,1.93,0,0.76,11,875.0,0.01,0.01,0.0,0.0,Mar,1,1,3,3,Returning_Visitor,True,False
0,3.35,2,12.0,29,1495.5,0.0,0.03,0.0,0.03,Dec,2,2,8,2,Returning_Visitor,False,False
0,96.92,0,0.21,1,4.58,0.2,0.14,0.0,0.0,May,3,2,3,6,Returning_Visitor,False,False
10,298.08,0,6.92,124,11940.02,0.01,0.02,9.22,0.04,Nov,1,1,3,2,Returning_Visitor,False,True
0,3.28,0,0.0,14,371.5,0.0,0.01,0.0,0.0,Nov,2,2,4,10,Returning_Visitor,False,False
8,178.32,0,0.0,36,513.4,0.0,0.04,16.09,0.6,May,2,2,1,3,Returning_Visitor,False,False
3,81.71,0,9.75,7,212.5,0.0,0.02,94.02,0.03,May,2,4,3,2,New_Visitor,True,True
0,0.0,0,0.0,3,57.52,0.07,0.07,0.01,0.07,May,1,1,1,3,Returning_Visitor,False,False
2,81.61,0,0.0,5,58.67,0.0,0.04,0.0,0.0,Mar,2,2,1,2,Returning_Visitor,False,False
0,0.0,0,0.26,33,778.82,0.0,0.03,0.0,0.04,Mar,2,5,1,1,Returning_Visitor,False,False
0,10.17,1,50.5,6,238.55,0.0,0.02,0.0,0.0,Nov,3,2,1,3,Returning_Visitor,False,False
1,81.84,0,0.0,34,1487.51,0.0,0.01,39.97,0.0,May,1,1,1,4,Returning_Visitor,True,False
0,0.0,0,1.91,48,3972.0,0.0,0.02,0.0,0.04,Dec,2,2,1,2,Returning_Visitor,False,False
1,81.11,0,0.0,21,702.12,0.01,0.02,0.0,0.0,Nov,2,4,1,1,Returning_Visitor,False,False
0,0.0,0,0.0,15,1486.71,0.0,0.04,0.0,0.04,Mar,2,2,4,1,Returning_Visitor,False,False
0,0.0,0,0.0,11,1947.5,0.0,0.02,0.0,0.0,Nov,1,1,1,3,Returning_Visitor,False,False
0,0.0,0,10.12,222,9630.21,0.05,0.07,0.0,0.03,June,8,13,9,2,Returning_Visitor,False,False
8,496.22,1,0.0,35,796.25,0.01,0.01,0.16,0.0,Dec,1,1,3,10,Returning_Visitor,False,False
4,96.6,0,0.0,34,276.73,0.0,0.02,69.46,0.0,Oct,2,2,1,4,Returning_Visitor,False,True
0,15.97,0,0.0,12,121.5,0.0,0.01,0.01,0.0,Nov,3,2,1,2,New_Visitor,True,False
10,503.65,0,0.0,57,1469.13,0.0,0.04,13.09,0.03,Oct,2,2,3,2,Returning_Visitor,False,False
0,5.0,0,0.0,1,20.57,0.2,0.2,0.0,0.0,Nov,2,2,3,2,Returning_Visitor,False,False
0,0.0,0,0.0,6,236.5,0.0,0.02,0.0,0.0,Mar,1,1,1,3,Returning_Visitor,True,False
3,172.0,0,11.95,53,1493.48,0.0,0.0,0.0,0.0,Oct,2,2,7,2,Returning_Visitor,False,False
0,1.25,0,0.0,6,230.1,0.03,0.05,0.0,0.4,May,2,2,6,4,Returning_Visitor,False,False
0,0.0,0,0.0,5,57.64,0.14,0.12,0.0,0.03,May,3,2,3,13,Returning_Visitor,False,False
3,76.44,3,60.0,34,1466.35,0.01,0.04,43.21,0.0,Nov,2,2,1,1,Returning_Visitor,False,False
0,1.71,0,0.0,2,8.06,0.2,0.2,0.0,0.0,May,2,2,4,1,Returning_Visitor,False,False
2,20.2,0,0.0,33,1261.32,0.0,0.01,39.14,0.0,Aug,2,2,1,5,Returning_Visitor,False,False
7,490.5,0,0.0,43,1536.81,0.0,0.01,0.0,0.0,Dec,2,2,3,1,New_Visitor,False,False
0,0.87,0,0.0,11,1638.5,0.08,0.12,0.0,0.8,May,2,2,1,13,Returning_Visitor,False,False
0,0.0,1,65.5,49,574.83,0.0,0.01,0.0,0.04,Mar,2,2,3,10,Returning_Visitor,False,False
0,11.42,0,0.0,3,483.82,0.07,0.13,0.0,0.0,May,3,2,3,3,Returning_Visitor,False,False
5,245.08,1,30.78,34,3646.97,0.01,0.02,4.63,0.0,May,3,2,4,2,Returning_Visitor,False,False
3,109.7,0,0.0,16,1504.98,0.01,0.04,0.0,0.0,Oct,2,2,1,3,Returning_Visitor,False,False
0,2.99,0,1.2,2,120.0,0.13,0.1,0.0,0.0,Dec,1,1,3,1,Returning_Visitor,True,False
7,54.33,0,6.26,9,1738.8,0.01,0.03,0.0,0.0,Oct,4,5,3,11,Returning_Visitor,False,False
0,0.0,0,0.0,15,1137.0,0.04,0.04,0.0,0.8,May,4,2,1,6,Returning_Visitor,False,False
0,2.91,0,0.0,11,2425.0,0.0,0.01,0.02,0.0,Mar,2,2,1,3,Returning_Visitor,False,False
0,0.0,4,332.08,59,997.29,0.01,0.03,0.0,0.0,Dec,1,1,3,2,Returning_Visitor,True,False
3,82.04,0,0.0,35,1513.57,0.0,0.02,0.01,0.0,Oct,1,1,3,4,Returning_Visitor,True,False
2,64.5,0,0.0,35,1151.14,0.0,0.02,15.28,0.0,Dec,2,2,3,2,Returning_Visitor,False,True
0,0.0,0,0.0,5,4.6,0.2,0.2,0.0,0.03,Mar,1,1,1,10,Returning_Visitor,False,False
3,1499.57,1,186.0,34,1501.5,0.0,0.01,0.0,0.0,Dec,2,5,6,2,New_Visitor,True,False
4,286.15,0,0.0,45,1534.83,0.0,0.02,7.75,0.0,Nov,1,1,6,10,Returning_Visitor,False,True
0,0.0,0,0.0,3,159.0,0.0,0.04,0.0,0.0,Dec,1,1,1,1,Returning_Visitor,False,False
0,0.0,0,0.0,11,673.0,0.02,0.06,0.0,0.0,Mar,2,6,1,3,Returning_Visitor,False,False
2,0.0,0,0.0,4,86.0,0.01,0.03,0.0,0.0,Dec,2,5,1,8,New_Visitor,True,False
0,0.0,0,13.53,22,641.52,0.0,0.01,34.52,0.04,Dec,1,1,1,2,Returning_Visitor,False,False
2,57.97,0,0.91,60,3086.4,0.0,0.02,0.0,0.4,May,2,5,2,1,Returning_Visitor,False,False
10,166.93,2,246.0,51,1558.09,0.0,0.02,3.1,0.03,May,2,2,2,19,Returning_Visitor,False,False
0,0.0,0,23.52,65,1497.24,0.01,0.04,0.0,0.03,Oct,1,1,1,2,Returning_Visitor,True,False
6,81.77,0,16.84,11,208.83,0.02,0.02,37.9,0.0,Nov,2,2,3,2,New_Visitor,False,True
0,0.0,0,0.0,11,1462.06,0.02,0.04,0.0,0.0,Mar,4,5,3,3,Returning_Visitor,False,False
6,168.85,0,0.0,22,383.2,0.0,0.01,0.01,0.0,Jul,2,2,1,2,Returning_Visitor,False,False
0,0.0,0,0.0,5,961.88,0.1,0.14,0.0,0.0,Nov,3,2,1,11,Returning_Visitor,True,False
6,80.65,1,141.83,36,2877.5,0.01,0.04,0.0,0.0,May,2,2,7,2,Returning_Visitor,False,False
3,75.0,0,0.0,19,1486.51,0.01,0.03,28.12,0.0,Nov,2,2,1,13,Returning_Visitor,False,True
4,131.0,0,0.0,10,263.45,0.02,0.08,0.02,0.03,Dec,3,2,3,3,Returning_Visitor,False,False
2,50.0,0,0.0,24,602.25,0.0,0.0,0.0,0.0,Nov,2,2,1,2,Returning_Visitor,True,False
0,91.24,0,2.48,1,40.0,0.0,0.1,0.66,0.0,Mar,3,2,1,10,Returning_Visitor,False,False
2,22.2,0,0.0,18,1491.99,0.0,0.01,0.0,0.0,Nov,2,2,8,4,New_Visitor,False,False
3,29.5,0,11.04,29,569.17,0.0,0.02,12.45,0.0,May,2,2,3,2,Returning_Visitor,False,True
4,22.5,0,0.0,34,1495.66,0.03,0.04,0.0,0.0,Dec,3,2,2,3,Returning_Visitor,False,False
1,84.03,0,0.0,39,180.5,0.03,0.04,0.23,0.0,Dec,3,2,6,10,Returning_Visitor,False,False
16,230.33,1,0.0,86,2351.83,0.0,0.02,0.34,0.0,Nov,2,2,4,2,Returning_Visitor,False,False
1,0.0,0,1.9,3,123.67,0.13,0.2,0.0,0.0,May,1,1,1,2,Returning_Visitor,True,False
0,0.0,0,0.0,16,980.25,0.0,0.04,0.0,0.0,Mar,2,2,4,3,Returning_Visitor,False,False
3,213.0,0,0.0,2,1390.66,0.0,0.02,0.11,0.0,Oct,1,1,1,5,Returning_Visitor,False,True
3,70.09,1,0.0,27,1583.6,0.0,0.01,7.12,0.0,Mar,2,2,4,2,Returning_Visitor,False,False
5,75.25,0,0.0,34,572.98,0.01,0.01,0.03,0.03,Dec,3,2,1,3,Returning_Visitor,False,False
0,42.06,1,0.0,4,0.0,0.0,0.14,0.0,1.0,May,1,1,1,3,Returning_Visitor,True,False
3,53.4,0,0.0,21,216.7,0.0,0.01,0.0,0.0,Sep,2,2,1,2,New_Visitor,False,False
1,161.67,0,2.17,518,11976.72,0.0,0.0,0.0,0.03,Oct,2,2,9,2,Returning_Visitor,False,False
0,0.0,0,0.0,12,200.0,0.0,0.05,0.01,0.0,Mar,2,2,1,2,Returning_Visitor,True,False
0,0.62,0,0.0,6,69.65,0.02,0.04,0.0,0.0,Dec,2,2,1,2,New_Visitor,False,False
2,79.44,0,2.45,2,26.0,0.0,0.06,0.0,0.0,Dec,1,2,9,3,Returning_Visitor,True,True
0,116.1,3,97.67,170,5639.22,0.0,0.01,0.0,0.0,Dec,2,2,7,2,Returning_Visitor,False,False
2,56.4,0,5.57,72,2101.47,0.01,0.03,0.02,0.0,Aug,1,1,2,2,Returning_Visitor,False,False
1,0.0,0,0.0,8,459.0,0.01,0.03,26.98,0.0,May,2,4,3,2,Returning_Visitor,False,True
0,1.52,0,0.0,10,11.0,0.07,0.13,0.0,0.0,June,2,2,1,4,Returning_Visitor,False,False
0,0.0,0,0.0,2,8.0,0.0,0.08,0.0,0.0,Aug,2,4,1,3,Returning_Visitor,False,False
0,105.5,0,2.59,32,1488.21,0.0,0.0,0.0,0.0,Dec,8,13,9,20,Other,False,False
3,44.67,0,144.0,101,1808.16,0.05,0.06,2.15,0.03,Jul,3,2,1,3,Returning_Visitor,False,False
4,32.33,0,0.0,18,1863.57,0.0,0.02,0.01,0.0,Sep,2,2,3,3,New_Visitor,False,False
0,0.0,0,0.0,4,1449.53,0.05,0.14,0.0,0.0,Mar,2,2,6,1,Returning_Visitor,False,False
6,322.35,0,0.0,33,1845.39,0.0,0.01,39.43,0.03,Dec,2,2,1,1,Returning_Visitor,False,True
1,32.7,0,0.0,27,1494.18,0.0,0.02,0.0,0.0,Nov,3,2,1,1,Returning_Visitor,False,False
0,0.0,0,0.0,2,57.5,0.0,0.14,0.0,0.0,Dec,1,1,4,2,Returning_Visitor,False,False
3,47.4,0,0.0,6,146.4,0.02,0.06,29.66,0.03,Oct,2,2,3,2,Returning_Visitor,False,False
0,0.0,0,0.0,1,2.38,0.2,0.2,0.03,0.0,Mar,1,2,8,2,Returning_Visitor,False,False
5,44.0,0,2.13,34,1489.77,0.01,0.02,0.0,0.0,Dec,2,2,4,1,Returning_Visitor,False,False
3,113.7,0,0.0,6,218.8,0.0,0.02,0.0,0.0,Nov,1,1,8,3,Returning_Visitor,False,False
0,0.0,0,4.2,12,465.25,0.0,0.02,0.11,0.0,Dec,3,2,6,2,Returning_Visitor,True,False
3,45.36,0,0.0,5,303.04,0.0,0.02,0.03,0.03,Dec,2,4,6,2,New_Visitor,False,True
3,44.5,4,376.5,49,1222.25,0.01,0.02,0.0,0.0,Dec,2,2,2,2,Returning_Visitor,True,False
0,1.58,0,0.0,48,691.36,0.03,0.08,0.0,0.03,Nov,3,2,3,3,Returning_Visitor,False,False
1,82.13,0,0.0,7,66.0,0.08,0.09,0.0,0.03,May,3,2,1,13,Returning_Visitor,False,False
3,92.28,0,3.65,14,890.53,0.0,0.01,52.74,0.0,Mar,1,1,5,10,Returning_Visitor,False,True
0,0.0,0,0.0,34,1490.21,0.0,0.02,0.0,0.03,Nov,2,2,1,1,Returning_Visitor,True,False
4,80.8,0,0.0,23,1780.7,0.0,0.01,0.0,0.0,Nov,2,2,3,2,New_Visitor,False,False
0,0.0,0,0.0,6,276.0,0.0,0.04,0.54,0.0,May,3,2,3,1,Returning_Visitor,True,False
0,0.0,0,0.0,21,472.88,0.0,0.04,0.0,0.0,Nov,2,2,1,2,Returning_Visitor,False,False
0,0.0,0,0.0,18,1532.29,0.04,0.05,0.0,0.6,May,3,2,6,3,Returning_Visitor,False,False
0,0.0,0,0.0,11,189.5,0.0,0.04,0.0,0.0,Mar,3,2,3,3,Returning_Visitor,False,False
2,9.6,3,118.1,10,471.6,0.01,0.04,0.41,0.0,June,2,2,1,4,Returning_Visitor,False,False
3,57.0,0,0.0,12,1656.74,0.0,0.04,10.63,0.6,May,2,2,1,6,Returning_Visitor,False,False
0,0.0,0,0.0,32,1140.17,0.02,0.03,0.0,0.0,Nov,3,2,6,13,Returning_Visitor,False,False
3,80.75,0,0.0,34,97.0,0.0,0.02,0.0,0.0,Mar,3,2,1,9,New_Visitor,True,False
2,114.25,0,0.0,107,9126.98,0.01,0.02,0.0,0.0,Nov,2,2,1,3,Returning_Visitor,False,True
2,83.34,0,0.0,9,221.22,0.0,0.01,0.0,0.03,Mar,2,2,3,1,Returning_Visitor,False,False
0,0.0,0,1.73,1,0.0,0.2,0.2,0.0,0.0,Mar,1,1,1,1,Returning_Visitor,True,False
8,173.41,0,0.0,162,5721.8,0.0,0.01,17.8,0.0,Oct,2,2,1,2,Returning_Visitor,False,False
0,0.0,0,0.0,2,0.0,0.14,0.14,0.01,0.6,May,1,1,1,3,Returning_Visitor,False,False
3,84.33,1,36.0,24,1497.82,0.02,0.02,0.02,0.04,May,3,2,8,3,Returning_Visitor,False,False
3,80.97,0,0.0,7,68.75,0.0,0.02,0.03,0.0,Dec,2,2,5,2,New_Visitor,False,False
0,0.0,0,0.0,10,1489.66,0.0,0.02,0.0,0.0,Nov,2,2,1,2,New_Visitor,False,False
0,3.76,0,0.0,1,0.0,0.14,0.14,0.02,0.0,Nov,3,2,3,3,Returning_Visitor,False,False
0,2.13,0,0.0,2,233.87,0.0,0.1,0.0,0.0,May,2,2,1,4,Returning_Visitor,True,False
0,22.5,0,5.51,2,0.0,0.2,0.2,0.0,0.03,Mar,2,4,1,3,Returning_Visitor,False,False
0,0.0,0,0.46,16,1486.78,0.02,0.07,0.0,0.05,Aug,2,2,5,1,Returning_Visitor,False,False
2,738.0,0,0.0,35,1840.67,0.01,0.04,0.0,0.03,May,2,2,7,13,Returning_Visitor,False,False
0,0.82,0,0.0,34,684.5,0.02,0.04,0.0,0.86,May,2,2,2,6,Returning_Visitor,False,False
0,10.05,0,0.0,10,250.8,0.06,0.09,0.0,0.03,Nov,3,2,1,13,Returning_Visitor,True,False
0,0.0,0,0.0,7,70.0,0.0,0.04,0.0,0.0,May,2,2,1,2,Returning_Visitor,False,False
3,88.16,1,51.0,16,463.42,0.0,0.07,0.01,1.0,May,3,2,3,4,New_Visitor,True,False
1,229.68,2,330.2,31,624.58,0.0,0.03,27.65,0.0,Mar,2,2,3,8,Returning_Visitor,True,False
2,199.0,0,0.0,10,371.3,0.03,0.05,0.0,0.03,May,2,2,3,1,Returning_Visitor,False,False
9,177.33,0,0.0,70,2346.22,0.01,0.0,0.0,0.03,Nov,1,1,5,2,Returning_Visitor,False,False
0,0.0,0,0.0,4,57.0,0.05,0.08,0.08,0.0,Nov,1,1,1,8,New_Visitor,False,False
12,297.21,0,0.0,25,1489.77,0.0,0.02,13.28,0.0,Dec,1,1,9,3,Returning_Visitor,False,False
0,0.0,0,0.0,1,4.97,0.14,0.2,0.0,0.03,Mar,2,4,1,1,Returning_Visitor,False,False
1,39.2,0,0.0,23,526.0,0.0,0.0,0.0,0.03,Mar,3,2,1,2,Returning_Visitor,False,False
8,17.35,0,0.0,19,291.26,0.0,0.04,0.0,0.03,Mar,2,2,7,1,Returning_Visitor,False,False
0,0.0,0,0.0,3,139.0,0.03,0.07,127.31,0.0,Dec,2,2,1,2,Returning_Visitor,False,True
0,2.82,0,0.0,1,0.0,0.2,0.2,0.0,0.0,Mar,2,2,1,1,Returning_Visitor,False,False
0,2.28,1,0.0,40,982.76,0.0,0.04,0.01,0.0,Sep,2,2,2,1,Returning_Visitor,False,False
3,65.5,0,5.49,51,1544.86,0.01,0.02,0.0,0.0,Nov,3,2,1,1,Returning_Visitor,False,False
6,133.33,1,398.0,129,4653.19,0.02,0.02,6.02,0.03,Nov,3,2,1,3,Returning_Visitor,False,True
5,39.4,0,0.0,62,2021.75,0.0,0.02,0.0,0.0,Oct,2,2,1,4,Returning_Visitor,False,False
0,0.0,0,0.0,16,1537.76,0.0,0.03,0.0,0.0,Nov,2,4,1,2,Returning_Visitor,False,False
0,37.2,0,3.72,12,1145.42,0.01,0.05,0.0,0.0,Nov,3,2,1,10,Returning_Visitor,True,False
0,0.0,0,0.0,17,356.08,0.0,0.01,39.12,0.0,Nov,2,5,1,8,New_Visitor,False,True
2,83.0,0,0.0,3,264.0,0.0,0.05,0.0,0.6,May,2,3,3,11,New_Visitor,False,False
5,81.55,0,0.0,15,272.5,0.0,0.01,0.0,0.0,Oct,1,1,1,2,New_Visitor,True,False
0,0.96,0,7.05,28,527.83,0.03,0.05,0.0,0.0,Oct,2,2,2,13,Returning_Visitor,False,False
1,18.6,1,102.02,45,1390.4,0.02,0.02,0.0,0.03,Jul,3,2,7,13,Returning_Visitor,True,False
3,111.0,0,11.83,25,1487.28,0.0,0.01,0.0,0.04,May,2,2,4,4,Returning_Visitor,False,False
0,0.0,0,8.06,20,528.0,0.0,0.01,39.18,0.6,May,2,2,1,4,New_Visitor,False,True
3,83.49,1,0.0,29,94.6,0.04,0.07,0.07,0.0,Nov,2,2,3,4,Returning_Visitor,False,True
0,0.0,0,0.0,3,242.0,0.14,0.14,0.0,0.0,May,3,2,1,3,Returning_Visitor,False,False
1,6.0,0,0.0,20,332.8,0.0,0.01,0.03,0.0,Nov,2,5,7,5,Returning_Visitor,True,False
6,134.36,0,0.0,22,1482.95,0.03,0.02,12.39,0.03,Sep,1,2,6,2,Returning_Visitor,True,True
3,1.53,0,0.0,34,1492.66,0.01,0.03,10.99,0.0,May,1,1,3,4,Returning_Visitor,True,True
0,0.0,0,2.77,37,400.87,0.05,0.11,0.0,0.04,May,2,2,3,11,Returning_Visitor,False,False
3,0.0,1,0.0,1,1560.66,0.0,0.1,0.01,0.0,Nov,3,2,3,1,Returning_Visitor,False,False
3,103.08,2,18.2,34,1406.95,0.02,0.04,5.61,0.03,Nov,3,2,4,2,Returning_Visitor,False,False
10,210.62,0,4.08,167,8249.11,0.01,0.02,2.91,0.04,Nov,1,1,1,2,Returning_Visitor,False,True
3,39.5,1,49.46,122,16138.29,0.0,0.02,0.0,0.03,Nov,2,2,3,2,Returning_Visitor,False,False
3,25.6,0,0.0,10,327.77,0.0,0.01,11.78,0.0,May,1,1,1,5,Returning_Visitor,False,True
3,138.5,6,292.0,26,807.08,0.0,0.01,0.0,0.0,Mar,3,2,1,8,Returning_Visitor,True,False
0,0.0,0,3.4,34,1508.03,0.0,0.03,0.0,0.0,Jul,2,2,7,1,Returning_Visitor,True,False
0,0.0,0,0.83,1,0.0,0.2,0.14,0.0,0.0,Nov,2,2,8,1,Returning_Visitor,False,False
1,70.0,0,4.29,24,1501.88,0.0,0.01,0.0,0.0,May,1,1,1,3,Returning_Visitor,False,False
0,1.92,0,0.0,12,157.0,0.0,0.02,0.0,0.0,Nov,2,2,5,2,Returning_Visitor,False,False
3,421.0,0,0.0,4,305.49,0.0,0.01,0.01,0.0,Mar,3,2,8,2,New_Visitor,True,False
3,105.0,0,7.76,34,1384.38,0.01,0.03,0.0,0.07,May,2,2,7,13,Returning_Visitor,False,False
9,189.21,8,475.59,97,1505.88,0.0,0.01,5.58,0.03,May,2,2,4,2,Returning_Visitor,False,False
0,10.9,0,0.0,3,1510.97,0.0,0.07,0.01,0.0,Nov,8,2,3,2,Returning_Visitor,False,True
0,0.0,1,132.0,34,1527.07,0.0,0.01,0.0,0.0,Mar,3,2,1,14,New_Visitor,True,False
0,7.01,0,0.0,6,106.0,0.03,0.05,0.0,0.0,Mar,3,2,1,1,Returning_Visitor,True,False
6,124.5,5,132.83,45,901.09,0.0,0.01,0.01,0.0,May,2,2,2,2,Returning_Visitor,False,False
0,0.0,0,0.0,2,0.0,0.2,0.2,0.01,0.03,Mar,2,2,6,1,Returning_Visitor,False,False
0,0.0,0,0.0,7,104.0,0.13,0.1,0.0,0.8,May,2,4,1,3,Returning_Visitor,False,False
0,0.0,0,3.46,124,1486.56,0.01,0.04,0.0,0.04,May,2,2,8,13,Returning_Visitor,False,False
10,498.62,12,290.23,37,1467.65,0.01,0.02,13.2,0.0,Dec,3,2,1,2,Returning_Visitor,True,False
8,440.1,4,240.45,34,2162.22,0.0,0.01,12.08,0.2,May,1,1,1,2,Returning_Visitor,False,False
0,0.0,0,0.0,19,1461.69,0.04,0.07,0.29,0.0,May,2,2,6,6,Returning_Visitor,False,False
4,50.9,0,0.0,60,1474.49,0.02,0.02,0.0,0.0,Oct,2,4,5,3,Returning_Visitor,False,False
0,0.0,0,0.0,30,717.47,0.01,0.02,0.0,0.0,Jul,2,5,1,3,Returning_Visitor,False,False
0,2.76,0,0.0,1,0.0,0.2,0.2,0.0,0.03,Mar,2,2,2,1,Returning_Visitor,False,False
0,0.0,0,0.0,19,1481.56,0.0,0.02,0.0,0.0,May,2,2,3,4,Returning_Visitor,False,False
10,290.55,5,5.82,66,1996.57,0.01,0.03,0.0,0.03,Nov,3,2,1,2,Returning_Visitor,False,False
1,83.93,0,6.63,15,489.0,0.0,0.01,1.2,0.0,Dec,8,13,9,20,Other,False,True
0,0.0,0,0.0,23,1375.92,0.04,0.09,0.0,0.03,Nov,3,2,8,13,Returning_Visitor,False,False
5,143.63,4,246.0,35,427.08,0.0,0.01,0.13,0.0,Mar,1,1,1,2,Returning_Visitor,False,False
3,88.91,0,9.34,59,1532.36,0.03,0.04,0.0,0.03,Oct,3,2,1,3,Returning_Visitor,True,False
1,96.76,0,0.0,2,1761.71,0.0,0.07,0.0,0.0,Nov,3,2,6,5,New_Visitor,False,False
0,0.0,0,2.18,15,411.08,0.01,0.04,0.0,0.0,Nov,3,2,3,3,Returning_Visitor,False,False
12,672.1,2,86.0,23,237.1,0.0,0.02,0.0,0.0,May,2,10,2,1,Returning_Visitor,False,False
0,0.0,0,0.0,13,1476.3,0.0,0.01,0.21,0.0,Mar,2,2,3,8,Returning_Visitor,False,False
1,0.0,0,0.0,19,1479.42,0.0,0.01,0.0,0.0,Dec,2,4,1,2,New_Visitor,False,False
2,11.0,0,0.43,34,474.31,0.0,0.02,47.66,0.0,May,4,1,2,4,Returning_Visitor,False,False
1,156.2,0,0.0,3,50.4,0.0,0.0,92.98,0.0,Oct,2,2,7,2,Returning_Visitor,False,True
0,0.0,0,0.0,35,2381.1,0.01,0.02,0.0,0.03,Nov,2,2,1,2,Returning_Visitor,False,False
0,0.0,0,0.22,13,283.5,0.0,0.04,0.01,0.4,May,2,2,5,3,Returning_Visitor,False,False
0,0.0,0,0.0,2,0.0,0.14,0.14,0.01,0.0,Nov,2,2,1,1,Returning_Visitor,False,False
3,15.88,0,0.0,14,1502.89,0.0,0.03,0.0,0.03,Nov,1,1,3,2,Returning_Visitor,True,False
2,112.0,4,430.67,73,2163.5,0.01,0.03,11.63,0.03,Nov,2,2,1,2,Returning_Visitor,True,False
9,301.0,0,0.0,38,1142.03,0.02,0.04,10.72,0.0,May,2,2,1,13,Returning_Visitor,False,False
10,52.5,0,0.0,33,2714.96,0.0,0.02,18.17,0.0,Dec,2,2,1,1,Returning_Visitor,True,False
0,0.0,0,0.0,3,208.5,0.13,0.1,0.0,0.04,May,3,2,2,13,Returning_Visitor,False,False
3,45.2,0,0.0,33,230.2,0.0,0.02,0.0,0.03,Jul,2,2,2,2,New_Visitor,False,False
1,86.08,0,0.0,34,691.5,0.0,0.0,0.01,0.03,May,2,4,4,2,Returning_Visitor,False,False
1,4.69,0,1.66,29,1481.82,0.0,0.02,51.46,0.03,Mar,2,5,3,1,Returning_Visitor,False,True
9,504.39,0,0.0,22,1860.25,0.0,0.01,12.94,0.0,Dec,2,2,4,1,Returning_Visitor,False,True
2,65.5,0,0.0,11,263.0,0.0,0.02,39.02,0.0,Nov,2,2,1,2,Returning_Visitor,False,True
0,0.0,0,0.0,4,47.0,0.0,0.05,0.0,0.0,Nov,3,2,2,1,Returning_Visitor,False,False
0,0.86,0,0.0,6,254.5,0.0,0.03,0.07,0.0,Nov,2,2,1,2,New_Visitor,False,True
0,4.68,0,0.0,3,7.61,0.2,0.12,0.01,0.04,May,4,1,1,3,Returning_Visitor,False,False
3,235.46,7,330.27,34,396.35,0.01,0.04,0.02,0.0,Nov,3,2,4,2,Returning_Visitor,False,False
0,1.63,0,0.0,6,66.25,0.0,0.04,0.0,0.0,Nov,2,2,9,1,Returning_Visitor,False,False
0,0.0,0,0.0,19,447.72,0.0,0.01,0.0,0.0,Sep,2,2,1,2,Returning_Visitor,True,False
9,407.28,0,1.32,36,383.08,0.02,0.04,0.0,0.0,Mar,2,2,3,1,Returning_Visitor,False,False
0,7.65,0,0.0,1,8.48,0.2,0.2,0.0,0.0,Mar,3,2,3,1,Returning_Visitor,False,False
0,0.0,0,0.37,37,1208.43,0.02,0.03,0.0,0.04,May,2,2,1,4,Returning_Visitor,False,False
0,0.0,0,0.0,13,292.7,0.01,0.14,0.0,0.0,Mar,2,2,2,2,Returning_Visitor,False,False
10,85.48,1,261.43,127,3818.31,0.01,0.02,0.15,0.03,Oct,2,2,1,2,Returning_Visitor,False,False
3,16.33,0,0.0,23,1499.98,0.0,0.03,9.15,0.03,Mar,4,1,1,2,Returning_Visitor,False,True
0,0.0,0,0.0,7,29.0,0.11,0.12,0.0,0.8,May,2,2,1,4,Returning_Visitor,False,False
0,8.7,0,0.0,3,65.81,0.13,0.18,0.0,0.0,May,3,2,2,1,Returning_Visitor,False,False
2,236.04,0,1.28,18,490.07,0.0,0.01,0.0,0.0,Mar,1,1,4,1,Returning_Visitor,False,False
0,168.17,0,0.0,70,2146.76,0.0,0.01,67.31,0.03,Nov,2,4,5,2,Returning_Visitor,False,False
3,135.5,0,0.0,37,1238.38,0.01,0.04,7.94,0.0,May,2,2,1,2,Returning_Visitor,False,False
3,157.33,0,0.0,34,3923.59,0.0,0.01,0.0,0.0,Nov,2,2,1,2,Returning_Visitor,True,False
2,82.49,2,306.33,18,483.83,0.0,0.02,0.0,0.0,Mar,2,2,4,1,Returning_Visitor,False,False
3,30.2,0,0.0,32,776.88,0.0,0.0,0.0,0.03,Mar,2,4,1,5,Returning_Visitor,False,False
10,69.83,1,157.0,45,1515.0,0.01,0.03,7.8,0.03,May,2,2,1,2,Returning_Visitor,False,False
9,65.5,0,0.0,37,1243.81,0.0,0.01,0.0,0.03,May,2,2,4,2,Returning_Visitor,False,False
0,1.56,0,0.0,22,848.84,0.0,0.01,0.0,0.03,June,2,4,3,2,Returning_Visitor,False,False
4,136.0,0,0.0,31,1507.87,0.0,0.01,10.63,0.0,Mar,1,1,1,1,Returning_Visitor,False,True
3,82.48,0,3.05,5,44.33,0.03,0.09,0.0,0.0,Nov,1,1,1,2,Returning_Visitor,False,False
0,0.0,0,0.0,6,58.17,0.07,0.13,0.0,0.0,May,3,2,1,1,Returning_Visitor,False,False
9,324.3,4,12.0,34,2816.44,0.0,0.01,0.0,0.0,Mar,2,2,1,2,New_Visitor,True,False
0,4.63,0,0.0,1,0.0,0.2,0.2,0.0,0.08,May,2,2,1,3,Returning_Visitor,False,False
3,93.44,2,51.0,11,1111.76,0.0,0.02,0.33,0.0,Dec,1,1,1,2,New_Visitor,False,False
0,0.72,0,0.0,11,337.0,0.05,0.06,0.0,0.0,Mar,1,1,8,3,Returning_Visitor,False,False
3,93.9,0,2.52,34,1477.22,0.02,0.03,11.77,0.03,Mar,3,2,3,1,Returning_Visitor,False,False
1,84.52,2,163.82,82,4729.07,0.0,0.01,9.06,0.0,Nov,2,2,7,2,Returning_Visitor,False,True
3,204.75,0,0.0,46,1411.19,0.01,0.01,0.0,0.0,May,1,1,1,4,New_Visitor,False,False
0,0.0,0,0.0,10,1333.32,0.0,0.02,39.07,0.0,Nov,1,1,1,2,New_Visitor,True,True
3,147.0,0,1.63,3,134.7,0.0,0.01,0.0,0.0,Mar,2,2,7,1,Returning_Visitor,False,False
0,0.0,0,0.0,9,1548.92,0.0,0.04,0.0,0.0,Sep,2,2,9,2,New_Visitor,True,False
0,0.0,0,0.0,36,1335.71,0.0,0.01,0.0,0.0,Mar,4,1,1,10,Returning_Visitor,False,False
1,33.5,1,15.75,28,1555.05,0.01,0.04,0.0,0.0,Dec,2,2,1,1,Returning_Visitor,True,False
3,83.19,0,0.0,32,1495.5,0.01,0.01,58.11,0.0,May,1,1,3,3,Returning_Visitor,False,False
2,530.5,2,9.0,9,1490.31,0.03,0.04,0.02,0.0,May,1,1,1,2,Returning_Visitor,False,False
1,159.9,0,0.0,139,3648.56,0.0,0.01,3.32,0.03,Nov,2,2,1,3,Returning_Visitor,False,False
2,237.83,2,23.0,34,1814.56,0.0,0.01,5.93,0.03,May,2,2,3,2,Returning_Visitor,False,False
3,108.13,2,69.5,16,1909.06,0.0,0.01,0.0,0.85,May,3,2,1,3,Returning_Visitor,True,False
4,82.95,0,5.04,50,936.81,0.0,0.01,0.0,0.0,Aug,2,2,4,2,New_Visitor,False,False
0,0.0,2,74.67,109,4008.58,0.0,0.02,0.0,0.03,Nov,2,2,1,2,Returning_Visitor,False,True
6,148.9,0,0.0,25,692.22,0.04,0.04,0.0,0.03,Oct,1,1,7,2,Returning_Visitor,True,False
1,0.0,0,0.0,38,556.92,0.03,0.02,0.0,0.0,Dec,4,2,1,8,Returning_Visitor,False,False
0,0.0,0,0.0,62,944.41,0.0,0.02,0.0,0.05,June,2,2,7,3,Returning_Visitor,False,False
4,49.3,0,0.0,12,283.7,0.02,0.04,0.0,0.0,June,1,1,3,3,Returning_Visitor,False,False
12,203.28,4,241.7,47,1975.12,0.01,0.03,0.0,0.0,Nov,4,2,4,2,Returning_Visitor,False,False
3,156.0,0,12.37,60,2126.46,0.01,0.02,0.0,0.03,Mar,3,2,4,2,Returning_Visitor,False,False
0,0.0,0,0.0,2,8.27,0.2,0.2,0.01,0.03,Mar,3,2,3,1,Returning_Visitor,False,False
5,46.0,1,0.0,61,867.46,0.0,0.03,0.0,0.8,May,2,2,1,4,Returning_Visitor,False,False
0,0.0,0,0.0,12,234.0,0.02,0.04,0.0,0.0,May,2,2,4,14,Returning_Visitor,True,False
0,0.0,0,10.15,6,1367.83,0.13,0.13,0.0,0.0,Mar,4,1,1,3,Returning_Visitor,True,False
6,93.53,0,6.92,34,1686.71,0.01,0.04,53.22,0.03,May,2,2,1,2,Returning_Visitor,False,False
0,0.77,0,3.59,17,399.5,0.02,0.05,0.0,0.0,Dec,2,2,1,2,Returning_Visitor,False,False
3,283.38,0,8.78,110,5442.09,0.01,0.01,9.29,0.03,Nov,2,2,4,2,Returning_Visitor,False,True
5,415.55,0,9.49,115,4424.62,0.0,0.02,13.29,0.03,Aug,2,4,4,2,Returning_Visitor,True,True
4,85.29,1,80.97,34,1669.04,0.0,0.0,0.0,0.04,May,3,2,8,11,New_Visitor,True,False
10,878.71,3,256.5,32,4479.12,0.0,0.03,2.36,0.03,Dec,1,1,1,2,Returning_Visitor,False,False
0,5.63,0,1.7,2,32.81,0.0,0.14,0.0,0.0,Feb,1,1,1,2,New_Visitor,True,False
1,28.5,0,8.86,315,11232.66,0.0,0.02,0.0,0.03,Nov,2,2,1,2,Returning_Visitor,False,False
5,109.46,0,0.0,34,1486.64,0.01,0.02,0.0,0.03,Nov,1,1,8,1,Returning_Visitor,False,False
0,0.0,0,0.0,29,364.17,0.03,0.02,0.0,0.0,May,3,2,1,3,Returning_Visitor,False,False
0,3.42,0,0.0,2,0.0,0.2,0.14,0.0,0.03,Nov,2,2,3,1,Returning_Visitor,False,False
2,52.7,0,8.63,88,1568.53,0.0,0.01,0.0,0.04,June,2,1,1,2,Returning_Visitor,True,False
0,2.2,0,0.14,5,1454.78,0.03,0.1,0.0,0.8,May,2,2,1,3,Returning_Visitor,False,False
1,231.0,1,13.64,49,3486.69,0.0,0.01,0.0,0.04,Mar,2,10,1,2,Returning_Visitor,False,False
1,0.0,0,3.45,21,584.13,0.0,0.01,0.0,0.0,May,2,2,4,4,Returning_Visitor,True,False
1,6.0,0,0.0,11,608.83,0.01,0.03,52.7,0.03,Mar,3,2,1,11,Returning_Visitor,False,True
0,6.14,0,0.0,3,58.5,0.0,0.04,0.0,0.0,Dec,2,4,1,2,Returning_Visitor,False,False
3,241.19,0,0.0,4,8.0,0.09,0.09,0.0,0.0,Sep,1,2,4,13,Returning_Visitor,False,False
0,0.0,0,0.0,32,1498.65,0.0,0.02,38.92,0.0,May,1,1,4,2,New_Visitor,True,True
0,0.0,0,0.0,11,1481.83,0.02,0.04,0.0,0.0,May,2,2,1,18,Returning_Visitor,False,False
5,69.0,0,163.0,50,2424.75,0.0,0.02,2.97,0.04,May,3,2,3,3,Returning_Visitor,False,False
6,75.42,1,105.0,21,752.57,0.03,0.02,7.07,0.0,Nov,1,1,4,10,Returning_Visitor,True,False
0,131.46,0,0.0,20,821.83,0.05,0.08,0.0,0.0,Nov,3,2,4,10,Returning_Visitor,True,False
0,0.0,0,0.0,1,0.0,0.2,0.14,0.0,0.0,May,2,4,4,3,Returning_Visitor,False,False
0,0.0,0,0.0,37,1439.38,0.0,0.02,0.0,0.04,Nov,2,2,1,8,New_Visitor,False,False
0,0.0,0,0.0,6,214.17,0.01,0.09,0.01,0.05,May,3,2,1,3,Returning_Visitor,False,False
2,13.1,0,0.0,62,5556.93,0.0,0.02,4.96,0.0,Sep,2,2,3,2,Returning_Visitor,True,False
0,0.0,0,0.0,35,1492.67,0.0,0.01,0.0,0.0,Dec,2,2,3,2,Returning_Visitor,False,False
0,70.27,0,0.0,2,80.76,0.0,0.1,0.03,0.0,Dec,1,1,1,2,Returning_Visitor,False,False
1,152.88,2,205.21,85,2971.25,0.0,0.01,1.02,0.0,Nov,2,2,3,2,Returning_Visitor,False,True
0,3.28,0,0.0,33,222.4,0.01,0.02,63.55,0.0,Jul,1,1,4,4,Returning_Visitor,True,False
5,384.61,2,70.34,54,1547.48,0.0,0.02,0.0,0.0,Nov,2,2,3,2,Returning_Visitor,True,True
0,84.92,0,1.62,9,120.0,0.0,0.04,0.0,0.8,May,2,4,9,2,Returning_Visitor,False,False
3,154.83,0,6.8,90,3262.35,0.0,0.01,0.0,0.05,May,3,2,5,6,Returning_Visitor,False,False
0,0.0,0,4.76,118,3211.34,0.01,0.02,3.06,0.03,Nov,2,2,9,2,Returning_Visitor,True,True
4,81.31,2,909.0,23,542.33,0.0,0.02,37.91,0.03,Nov,2,6,1,2,Returning_Visitor,False,True
0,0.0,0,0.0,8,1454.81,0.08,0.12,0.0,0.04,May,2,4,9,3,Returning_Visitor,False,False
0,0.0,0,0.0,21,1505.26,0.02,0.05,0.0,0.0,Feb,3,2,8,1,Returning_Visitor,True,False
0,0.0,0,0.0,30,1085.89,0.03,0.04,0.0,0.03,Oct,2,2,1,2,Returning_Visitor,False,False
10,388.99,0,116.6,81,1778.66,0.0,0.01,38.87,0.0,Nov,1,1,1,2,Returning_Visitor,False,False
4,485.14,2,39.2,28,1171.47,0.0,0.02,16.44,0.0,Nov,2,5,1,8,Returning_Visitor,False,False
3,113.67,0,0.0,25,733.17,0.01,0.04,0.0,0.0,Mar,1,8,1,1,Returning_Visitor,False,False
6,142.3,0,18.06,108,1479.08,0.0,0.01,0.0,0.8,May,3,2,1,6,Returning_Visitor,False,False
0,0.0,0,0.0,63,2777.62,0.0,0.01,0.0,0.03,Mar,2,2,3,1,Returning_Visitor,False,False
5,66.9,0,0.0,12,1452.99,0.0,0.02,42.94,0.0,Oct,4,1,1,7,Returning_Visitor,True,True
1,3.0,0,0.0,5,202.21,0.0,0.02,0.0,0.0,May,1,1,1,2,Returning_Visitor,False,False
3,26.0,0,11.07,142,768.5,0.0,0.01,0.0,0.0,May,2,2,4,4,Returning_Visitor,False,False
1,9.0,0,0.45,11,1478.46,0.0,0.02,35.39,0.0,Mar,2,4,1,1,Returning_Visitor,False,True
2,234.15,1,0.0,34,696.22,0.0,0.02,0.01,0.03,Nov,1,1,4,2,Returning_Visitor,False,False
4,11.0,0,0.0,34,1495.71,0.03,0.05,0.0,0.0,Aug,1,1,1,3,Returning_Visitor,False,False
0,1.44,0,0.0,21,476.87,0.01,0.03,0.0,0.0,Nov,3,2,1,2,Returning_Visitor,True,False
0,24.56,0,0.0,46,944.23,0.0,0.02,0.0,0.0,May,2,2,1,3,Returning_Visitor,False,False
0,9.11,0,0.0,47,1491.89,0.01,0.02,0.0,0.03,Nov,3,2,1,3,Returning_Visitor,False,False
2,75.0,2,34.5,100,4436.38,0.0,0.01,0.0,0.0,Nov,2,2,1,2,Returning_Visitor,False,True
0,0.0,0,1.44,3,41.0,0.0,0.03,0.0,0.0,Mar,2,2,1,3,Returning_Visitor,True,False
10,505.69,2,7.0,24,551.67,0.01,0.02,0.0,0.03,May,2,2,3,2,Returning_Visitor,False,False
0,0.0,0,0.0,1,3.65,0.2,0.2,0.0,0.0,Feb,2,2,1,3,Returning_Visitor,False,False
3,70.0,0,0.0,11,714.5,0.01,0.03,0.0,0.0,May,2,2,2,6,Returning_Visitor,True,False
3,175.48,0,0.0,86,12449.9,0.0,0.04,0.0,0.03,June,2,2,1,5,Returning_Visitor,False,False
2,81.94,1,136.5,11,1492.84,0.0,0.02,0.0,0.03,Dec,2,2,1,2,Returning_Visitor,False,False
0,0.0,0,4.92,5,75.0,0.0,0.03,0.0,0.0,Mar,1,1,1,2,Returning_Visitor,False,False
5,218.83,3,54.0,28,1368.91,0.02,0.02,37.11,0.04,Dec,3,2,1,2,Returning_Visitor,True,False
0,0.0,0,7.63,16,161.15,0.05,0.09,0.0,0.0,Aug,3,2,6,13,Returning_Visitor,False,False
10,584.2,0,0.0,36,2693.96,0.01,0.0,0.0,0.03,Nov,3,2,4,2,Returning_Visitor,False,False
2,80.82,0,0.0,57,1422.91,0.01,0.02,13.55,0.03,Nov,2,4,4,2,Returning_Visitor,False,True
0,18.89,0,0.0,59,2012.9,0.0,0.01,39.16,0.09,May,1,5,7,4,Returning_Visitor,False,False
0,0.72,0,0.0,27,1493.44,0.0,0.0,0.0,0.0,Mar,2,2,1,2,Returning_Visitor,False,False
0,2.1,0,3.59,7,357.5,0.0,0.1,0.0,0.0,May,1,1,3,3,Returning_Visitor,False,False
4,34.93,0,0.0,2,22.8,0.0,0.03,0.11,0.03,Oct,2,2,3,2,New_Visitor,False,False
0,20.0,0,8.78,20,480.86,0.0,0.01,0.0,1.0,May,1,8,1,2,Returning_Visitor,True,False
0,0.0,0,0.0,12,244.0,0.0,0.03,0.0,0.0,Dec,3,2,3,2,Returning_Visitor,True,False
0,3.16,0,0.0,16,278.25,0.02,0.04,0.0,0.0,Nov,2,2,1,2,Returning_Visitor,False,False
8,166.7,0,28.05,23,215.45,0.02,0.05,0.0,0.0,Nov,2,2,1,3,Returning_Visitor,False,False
9,222.5,2,46.67,20,1529.84,0.0,0.02,39.15,0.0,Mar,2,2,3,2,Returning_Visitor,False,True
5,106.99,0,4.77,8,321.29,0.0,0.02,0.0,0.0,Mar,2,4,4,2,Returning_Visitor,True,False
1,48.83,4,370.88,22,526.03,0.03,0.03,11.34,0.6,May,1,2,3,2,Returning_Visitor,False,False
1,14.0,0,0.0,21,334.79,0.0,0.02,0.0,0.0,Mar,2,2,1,1,Returning_Visitor,False,False
0,0.0,0,0.0,19,950.0,0.0,0.01,0.0,0.0,May,1,1,1,2,Returning_Visitor,False,False
3,81.18,0,0.0,2,159.0,0.0,0.01,0.0,0.0,Mar,4,2,3,7,New_Visitor,False,False
5,269.8,0,0.0,8,1497.55,0.02,0.01,0.0,0.0,Nov,3,2,3,4,Returning_Visitor,False,False
0,0.0,0,0.0,34,632.58,0.0,0.02,0.0,0.0,Mar,2,5,1,1,Returning_Visitor,False,False
0,0.0,2,63.5,14,1485.12,0.04,0.04,0.0,0.0,Nov,2,2,2,11,Returning_Visitor,True,True
0,1.02,0,0.0,19,606.83,0.03,0.05,0.0,0.0,Mar,2,2,1,3,Returning_Visitor,False,False
0,0.0,0,0.0,6,42.0,0.06,0.09,0.0,0.0,Mar,2,4,1,1,Returning_Visitor,True,False
0,0.0,1,93.58,34,1402.95,0.08,0.11,0.0,0.2,Feb,1,1,1,3,Returning_Visitor,False,False
0,0.8,0,0.0,13,1447.76,0.0,0.02,0.0,0.0,Dec,2,5,1,1,Returning_Visitor,False,False
3,117.0,0,0.0,5,68.0,0.0,0.03,1.13,1.0,May,2,2,6,5,New_Visitor,True,False
0,0.0,0,0.0,4,42.0,0.0,0.05,0.0,0.0,Dec,2,10,1,2,Returning_Visitor,False,False
0,0.0,0,0.0,1,8.09,0.2,0.14,0.01,0.0,May,2,2,1,3,Returning_Visitor,False,False
1,85.92,1,80.03,38,2436.61,0.0,0.04,27.31,0.0,Jul,2,10,1,2,Returning_Visitor,False,False
3,39.2,0,0.0,19,1553.8,0.02,0.09,0.0,0.0,Jul,3,2,9,13,Returning_Visitor,False,False
10,466.62,5,81.4,25,1531.73,0.02,0.04,0.0,0.0,May,3,2,3,2,Returning_Visitor,True,False
0,0.0,0,0.0,11,292.9,0.03,0.12,0.34,0.0,Feb,2,4,3,1,Returning_Visitor,False,False
0,1.08,0,0.0,11,1483.77,0.02,0.05,0.0,0.03,Nov,1,1,1,3,Returning_Visitor,False,False
0,313.0,2,0.0,27,2382.43,0.02,0.02,5.51,0.0,May,4,2,3,4,Returning_Visitor,True,False
3,114.33,0,0.0,55,1247.36,0.0,0.01,0.0,0.04,May,3,2,3,4,Returning_Visitor,False,False
6,450.4,0,1.72,6,72.9,0.0,0.03,0.0,0.0,May,2,2,9,5,New_Visitor,False,False
4,81.0,0,0.0,13,1486.27,0.0,0.02,38.14,0.03,Dec,2,2,1,2,Returning_Visitor,False,True
0,0.7,0,0.3,10,240.5,0.0,0.02,0.01,0.0,May,2,2,8,4,Returning_Visitor,False,False
4,81.25,2,28.2,29,852.0,0.0,0.02,1.79,0.0,Aug,2,2,8,5,New_Visitor,False,True
0,0.0,0,0.0,1,4.52,0.14,0.2,0.0,0.15,Feb,1,1,1,3,Returning_Visitor,True,False
10,666.0,0,0.0,29,2061.07,0.03,0.05,38.05,0.03,May,2,2,1,13,Returning_Visitor,False,False
7,381.75,0,0.0,69,2599.02,0.01,0.03,5.56,0.0,Nov,1,1,1,2,Returning_Visitor,False,True
3,177.0,0,0.0,7,184.5,0.04,0.03,0.0,0.0,May,3,2,1,11,New_Visitor,False,False
2,11.5,0,0.8,12,1562.0,0.02,0.04,0.06,0.05,May,2,2,1,1,Returning_Visitor,False,False
4,80.87,0,0.0,13,1508.05,0.0,0.0,0.0,0.0,Oct,2,2,1,2,Returning_Visitor,False,False
1,114.45,1,91.8,34,1675.34,0.01,0.03,0.0,0.0,Sep,3,2,1,1,Returning_Visitor,True,False
0,2.01,0,0.0,6,21.0,0.0,0.07,0.0,0.0,Nov,2,2,7,3,Returning_Visitor,False,False
0,1.7,0,0.0,3,91.0,0.07,0.13,0.0,0.0,May,2,2,3,11,Returning_Visitor,False,False
0,1.04,0,16.5,50,1784.52,0.0,0.02,0.0,0.03,Nov,1,1,4,3,Returning_Visitor,False,False
0,0.0,0,9.82,17,1523.27,0.0,0.01,0.02,0.04,Feb,3,2,1,2,Returning_Visitor,True,False
3,277.67,1,32.0,32,1671.26,0.01,0.02,0.0,0.0,May,3,2,8,2,Returning_Visitor,False,False
6,96.98,0,0.0,9,88.95,0.0,0.0,0.78,0.0,May,3,2,2,3,New_Visitor,False,False
7,330.06,3,3.02,116,2971.44,0.0,0.01,3.7,0.03,Dec,2,2,2,2,Returning_Visitor,False,False
0,153.14,0,2.63,2,0.0,0.2,0.14,0.0,0.0,Mar,2,2,3,3,Returning_Visitor,True,False
4,67.5,0,0.0,34,873.64,0.0,0.01,0.0,0.0,Sep,3,2,1,6,Returning_Visitor,False,False
0,0.0,0,0.0,34,1490.2,0.01,0.04,0.0,0.04,Nov,2,2,7,1,Returning_Visitor,False,False
3,52.0,0,0.44,56,2145.56,0.01,0.03,13.12,0.03,May,2,2,1,2,Returning_Visitor,False,True
0,0.0,0,0.0,15,827.17,0.02,0.04,0.08,0.0,Dec,1,1,8,20,Returning_Visitor,False,False
3,0.0,0,0.0,5,337.95,0.0,0.0,0.0,0.0,Aug,1,2,7,3,Returning_Visitor,False,False
0,0.0,0,2.04,6,113.25,0.01,0.08,0.0,0.03,Dec,2,2,1,10,Returning_Visitor,False,False
1,80.9,1,8.1,17,1180.37,0.01,0.04,0.0,0.0,Aug,2,2,1,4,Returning_Visitor,False,False
9,155.85,3,155.38,32,4391.88,0.01,0.02,0.0,0.0,Nov,1,2,1,2,Returning_Visitor,False,False
0,0.0,0,2.24,34,3556.61,0.0,0.01,0.0,0.03,Mar,1,1,1,3,Returning_Visitor,False,False
9,83.88,0,15.05,51,2303.96,0.0,0.04,0.04,0.0,Aug,2,4,4,2,Returning_Visitor,False,False
0,0.0,0,0.0,5,69.25,0.0,0.04,0.0,0.0,Mar,2,2,1,3,Returning_Visitor,False,False
1,0.0,0,0.0,59,1669.94,0.0,0.01,0.0,0.03,Dec,2,2,3,7,Returning_Visitor,False,False
5,150.7,0,0.0,11,201.6,0.03,0.04,0.0,0.03,Oct,1,1,4,2,New_Visitor,False,False
2,59.4,0,0.0,86,3334.51,0.03,0.05,0.0,0.0,Aug,2,2,7,2,Returning_Visitor,False,False
4,611.03,2,102.01,33,1719.38,0.0,0.01,6.49,0.0,Oct,1,1,6,1,Returning_Visitor,False,False
2,0.0,0,0.0,21,197.33,0.0,0.04,0.02,0.03,May,2,10,2,4,Returning_Visitor,False,False
1,399.8,5,923.9,115,7243.65,0.0,0.02,3.59,0.0,Aug,2,2,8,2,Returning_Visitor,False,True
6,165.95,2,70.97,42,1498.19,0.02,0.03,26.65,0.0,Nov,1,1,3,2,Returning_Visitor,False,False
0,2.81,0,0.0,12,449.6,0.0,0.02,0.0,0.0,Mar,3,2,3,10,Returning_Visitor,False,False
3,55.75,0,0.0,34,3817.2,0.0,0.02,0.0,0.03,Nov,2,2,1,2,Returning_Visitor,False,False
0,0.61,0,1.01,22,380.5,0.02,0.04,0.0,0.04,Feb,2,2,1,1,Returning_Visitor,False,False
3,93.5,0,0.0,35,1197.93,0.0,0.02,0.01,0.0,Dec,2,2,7,2,Returning_Visitor,False,False
3,0.0,3,30.57,65,1517.1,0.0,0.02,0.0,0.03,Nov,2,2,3,2,Returning_Visitor,True,False
0,0.0,0,0.0,77,4346.54,0.0,0.02,0.0,0.03,Mar,4,1,1,2,Returning_Visitor,False,False
5,205.5,1,6.22,37,1683.63,0.0,0.02,4.74,0.0,May,3,2,1,2,Returning_Visitor,True,False
0,0.0,0,0.0,9,196.0,0.0,0.02,0.0,0.0,Dec,2,2,3,10,Returning_Visitor,False,False
0,0.8,0,0.0,8,186.0,0.0,0.04,0.03,0.0,Dec,2,2,3,10,Returning_Visitor,False,False
1,2657.32,0,7.71,343,29970.47,0.01,0.04,0.0,0.03,Dec,2,2,1,2,Returning_Visitor,False,False
2,94.7,0,0.0,23,1610.5,0.0,0.0,0.0,0.03,Aug,3,2,3,2,New_Visitor,True,False
0,0.0,0,0.0,9,235.31,0.04,0.02,0.0,0.0,Nov,2,7,2,11,Returning_Visitor,False,False
0,0.0,0,6.04,194,6460.19,0.0,0.02,1.79,0.03,Nov,2,2,3,2,Returning_Visitor,False,True
0,0.0,0,0.0,38,2101.73,0.01,0.03,0.0,0.8,May,2,2,3,1,Returning_Visitor,False,False
0,0.0,0,0.19,18,4293.4,0.04,0.06,0.0,0.04,Nov,2,2,3,1,Returning_Visitor,False,False
3,104.0,0,0.0,5,702.63,0.0,0.06,64.96,0.0,Dec,2,13,9,20,Returning_Visitor,False,True
0,0.0,0,19.06,34,1860.95,0.0,0.02,0.0,0.04,May,2,2,1,2,Returning_Visitor,False,False
1,5.27,0,1.35,44,691.25,0.01,0.03,0.01,0.03,Nov,2,6,5,1,Returning_Visitor,False,False
0,3.6,0,78.05,30,901.29,0.0,0.01,34.15,0.0,Dec,3,2,7,2,New_Visitor,False,True
6,113.25,0,14.12,23,2049.75,0.02,0.03,95.35,0.0,Dec,1,1,2,2,Returning_Visitor,False,True
3,125.25,2,75.4,146,3697.73,0.01,0.02,73.36,0.04,Nov,2,2,1,2,Returning_Visitor,True,True
2,115.6,1,113.54,61,1498.24,0.0,0.02,6.76,0.0,May,2,2,1,4,Returning_Visitor,False,False
1,10.0,0,0.0,11,753.5,0.02,0.04,0.0,0.0,Nov,2,2,2,2,Returning_Visitor,False,False
0,0.0,0,2.96,13,415.2,0.02,0.04,0.01,0.0,Dec,2,2,1,2,Returning_Visitor,True,False
0,21.24,0,0.0,1,491.21,0.2,0.14,0.03,0.0,Nov,2,2,1,11,Returning_Visitor,True,False
0,0.0,0,0.0,34,1768.66,0.0,0.01,0.0,0.0,Nov,2,4,3,2,Returning_Visitor,False,False
0,0.0,0,0.0,18,588.5,0.05,0.09,0.0,0.0,Dec,3,2,1,1,Returning_Visitor,False,False
2,356.6,0,13.48,39,589.25,0.0,0.01,0.0,0.0,Jul,1,1,4,4,Returning_Visitor,False,False
2,51.0,0,0.0,25,1502.9,0.0,0.01,0.0,0.03,May,2,2,1,4,Returning_Visitor,False,False
6,169.79,0,0.0,34,1527.89,0.0,0.01,23.53,0.0,Dec,2,2,1,1,Returning_Visitor,False,False
0,0.0,0,0.0,3,1467.57,0.0,0.04,39.02,0.0,Dec,1,1,8,2,New_Visitor,False,True
1,60.29,0,0.0,8,108.5,0.01,0.05,0.0,0.03,Dec,2,2,2,6,Returning_Visitor,False,False
0,2.97,0,0.0,20,1490.2,0.0,0.03,0.0,0.07,May,2,2,3,6,Returning_Visitor,False,False
3,105.55,0,277.13,31,700.05,0.0,0.02,0.0,0.03,Aug,1,1,5,2,Returning_Visitor,True,False
0,113.12,2,234.5,5,60.5,0.03,0.05,0.05,0.0,Dec,3,5,3,8,Returning_Visitor,False,False
8,162.5,0,0.0,12,156.5,0.0,0.03,0.0,0.0,Nov,4,1,4,2,New_Visitor,False,False
4,83.45,0,0.0,4,1417.2,0.0,0.01,0.0,0.0,Nov,1,1,1,8,New_Visitor,False,False
1,43.0,4,151.04,132,5091.89,0.01,0.03,0.0,0.03,Nov,3,2,4,2,Returning_Visitor,True,True
0,1.78,0,0.87,22,164.92,0.01,0.04,0.01,0.6,May,2,2,2,4,Returning_Visitor,False,False
1,5.0,0,2.95,41,1509.15,0.0,0.01,8.81,0.0,June,2,2,1,4,Returning_Visitor,False,False
8,86.1,1,60.0,24,1192.5,0.02,0.03,5.69,0.03,May,2,2,1,7,Returning_Visitor,False,False
4,75.5,0,0.0,10,276.43,0.02,0.04,0.05,0.0,Oct,1,1,1,2,Returning_Visitor,True,True
0,0.0,0,0.0,12,402.17,0.04,0.04,0.0,0.0,Mar,3,2,2,1,Returning_Visitor,False,False
3,405.17,1,22.0,27,2042.25,0.05,0.07,0.0,0.6,May,2,2,1,6,Returning_Visitor,False,False
0,0.0,0,0.0,11,1473.16,0.0,0.02,38.85,0.0,Nov,1,1,1,2,New_Visitor,False,True
7,238.47,7,14.58,33,1801.37,0.01,0.04,8.08,0.03,May,2,1,1,2,Returning_Visitor,True,False
0,1.43,0,0.0,6,140.0,0.13,0.1,0.0,0.03,Sep,3,2,1,13,Returning_Visitor,False,False
0,0.0,0,3.46,2,2.65,0.2,0.14,0.0,0.0,Mar,1,1,1,3,Returning_Visitor,False,False
11,305.45,0,0.0,40,1239.95,0.03,0.02,6.13,0.0,May,2,2,5,3,Returning_Visitor,True,True
4,0.0,0,10.13,141,17086.23,0.01,0.02,0.25,0.03,Nov,2,2,7,2,Returning_Visitor,False,False
8,363.05,0,0.0,8,345.0,0.0,0.02,13.64,0.0,Dec,2,2,3,3,Returning_Visitor,False,True
4,86.25,0,29.06,14,642.85,0.0,0.01,79.44,0.0,Jul,2,2,5,2,New_Visitor,False,True
3,86.92,0,0.0,35,70.93,0.0,0.02,0.0,0.0,Sep,2,2,1,5,New_Visitor,False,False
1,19.2,0,5.91,11,663.5,0.0,0.0,0.0,0.0,Jul,2,2,6,13,Returning_Visitor,False,False
3,263.73,1,124.58,97,6079.82,0.0,0.02,3.45,0.0,Oct,2,2,2,3,Returning_Visitor,False,False
0,1.03,0,0.0,59,2574.73,0.0,0.01,2.79,0.03,May,2,2,5,4,Returning_Visitor,False,False
0,0.0,0,1.34,11,316.6,0.0,0.02,0.0,0.0,Nov,2,2,1,10,Returning_Visitor,False,False
0,33.1,0,0.0,6,266.75,0.0,0.04,0.0,0.0,Dec,2,4,1,3,Other,False,False
0,6.35,2,3.87,4,1257.26,0.0,0.03,0.37,0.0,Dec,3,3,2,8,New_Visitor,False,False
0,0.0,0,0.0,9,319.67,0.03,0.06,0.0,0.0,May,1,1,1,1,Returning_Visitor,False,False
0,0.0,0,0.0,3,189.0,0.0,0.04,0.0,0.03,Mar,3,2,8,1,Returning_Visitor,False,False
9,252.67,1,12.09,67,1060.69,0.02,0.04,0.13,0.03,Oct,3,2,1,2,Returning_Visitor,False,True
3,604.5,6,75.67,50,2387.44,0.02,0.04,0.0,1.0,May,1,1,3,2,Returning_Visitor,True,False
0,0.0,0,25.88,18,1422.46,0.06,0.04,39.04,0.0,May,2,2,3,2,Returning_Visitor,False,False
0,0.0,0,0.0,14,1480.45,0.0,0.02,0.0,0.03,Dec,2,2,1,2,New_Visitor,False,False
3,90.0,0,0.0,31,2581.21,0.02,0.03,0.0,0.05,May,3,2,6,1,Returning_Visitor,False,False
0,0.86,1,28.0,13,1492.78,0.0,0.01,33.41,0.0,Mar,2,2,1,6,Returning_Visitor,False,True
0,1.12,0,0.0,7,155.5,0.03,0.13,0.0,0.0,Nov,3,2,8,3,Returning_Visitor,True,False
0,0.95,0,0.0,7,165.0,0.04,0.1,0.0,0.0,Mar,2,2,2,1,Returning_Visitor,False,False
4,80.53,0,0.0,14,1642.97,0.0,0.02,0.0,0.03,Aug,2,2,7,4,Returning_Visitor,False,False
0,0.0,0,0.0,3,58.33,0.13,0.14,0.0,0.6,May,1,1,3,6,Returning_Visitor,False,False
3,19.67,3,520.7,147,1501.95,0.01,0.02,0.0,0.03,Nov,2,2,1,1,Returning_Visitor,False,False
0,0.0,0,0.0,6,1434.95,0.06,0.07,0.0,0.0,Nov,3,2,3,13,Returning_Visitor,False,False
0,0.0,0,0.7,5,231.53,0.2,0.13,0.0,0.0,May,3,2,6,13,Returning_Visitor,False,False
0,0.0,0,2.44,3,59.56,0.01,0.03,0.01,0.03,May,2,2,3,13,Returning_Visitor,False,False
3,13.0,0,0.0,26,2058.5,0.0,0.04,8.89,1.0,May,2,2,1,3,Returning_Visitor,True,True
2,26.0,0,0.0,34,1689.71,0.02,0.03,0.01,0.0,Nov,2,2,1,13,Returning_Visitor,False,False
0,34.67,0,0.0,22,562.17,0.02,0.05,0.0,0.19,May,2,1,3,3,Returning_Visitor,True,False
0,0.0,0,0.0,1,0.0,0.2,0.14,0.0,0.04,Dec,2,2,1,13,Returning_Visitor,False,False
11,326.49,0,0.0,92,4637.54,0.0,0.01,17.28,0.03,Nov,4,1,4,3,Returning_Visitor,False,False
3,92.0,0,0.0,34,1628.03,0.0,0.0,0.04,0.0,Nov,3,2,1,2,New_Visitor,False,False
3,47.4,0,0.0,13,238.2,0.0,0.04,0.38,0.03,Sep,2,2,8,4,New_Visitor,True,False
0,5.93,0,0.0,5,118.33,0.02,0.04,0.04,0.0,Nov,3,2,1,3,Returning_Visitor,True,False
0,51.37,0,0.0,12,337.0,0.0,0.01,19.37,0.07,Dec,2,2,4,1,Returning_Visitor,True,True
0,0.0,0,0.0,3,17.0,0.1,0.11,0.01,0.0,Mar,1,1,1,1,Returning_Visitor,False,False
2,1220.91,0,5.19,280,18171.79,0.02,0.04,5.7,0.03,Jul,2,2,1,2,Returning_Visitor,False,False
0,0.0,0,0.0,7,36.0,0.05,0.1,0.02,0.0,Mar,2,2,6,1,Returning_Visitor,False,False
0,0.0,0,14.71,222,8068.74,0.01,0.02,4.79,0.03,Nov,2,2,2,2,Returning_Visitor,False,False
0,0.0,0,0.0,14,471.42,0.0,0.01,0.0,0.0,Nov,3,2,3,6,New_Visitor,False,False
0,0.0,0,0.0,12,408.0,0.0,0.02,39.02,0.0,Mar,2,2,1,2,Returning_Visitor,False,True
3,127.1,0,0.0,36,2590.8,0.0,0.02,0.0,0.0,Oct,2,2,1,1,Returning_Visitor,False,False
0,0.0,0,0.0,3,12.0,0.0,0.1,0.13,0.0,May,1,1,4,1,Returning_Visitor,True,False
5,81.14,0,0.0,5,90.33,0.03,0.04,0.0,0.0,May,3,2,1,13,Returning_Visitor,False,False
3,33.0,0,5.21,35,2502.82,0.01,0.01,0.0,0.03,Mar,4,1,1,10,Returning_Visitor,False,False
1,27.0,0,0.0,4,30.0,0.04,0.08,0.0,0.6,May,3,2,2,11,New_Visitor,True,False
1,0.0,0,0.0,12,209.52,0.02,0.04,0.01,0.0,May,2,6,4,3,Returning_Visitor,False,False
0,20.16,0,0.0,1,16.03,0.14,0.2,0.0,0.0,Nov,4,1,1,3,Returning_Visitor,False,False
8,183.0,4,571.5,14,1503.83,0.0,0.01,22.0,0.0,Mar,1,1,1,2,Returning_Visitor,True,True
3,43.82,0,1.54,19,215.75,0.0,0.02,0.0,0.0,Dec,2,2,3,10,Returning_Visitor,False,False
3,6.0,0,0.0,34,339.75,0.0,0.01,0.0,0.0,Nov,1,1,5,2,Returning_Visitor,False,False
3,15.0,0,0.0,19,523.25,0.04,0.05,28.19,0.0,Nov,3,2,1,8,Returning_Visitor,False,True
2,105.5,0,0.0,104,2961.48,0.01,0.03,0.0,0.0,May,2,2,5,4,Returning_Visitor,False,False
3,29.0,1,64.76,32,410.12,0.0,0.02,3.32,0.0,May,1,1,1,4,Returning_Visitor,True,False
5,89.59,2,81.0,34,2295.18,0.0,0.01,21.02,0.09,May,3,2,4,3,Returning_Visitor,False,False
7,92.5,0,1.92,48,1681.52,0.0,0.02,6.39,0.0,May,2,2,2,2,Returning_Visitor,False,False
0,0.0,0,0.0,21,517.42,0.0,0.11,0.0,0.0,Mar,2,2,2,1,Returning_Visitor,False,False
0,0.0,0,0.0,5,1464.79,0.07,0.07,0.0,0.0,Mar,3,2,5,1,Returning_Visitor,False,False
5,494.76,1,19.2,17,452.0,0.06,0.04,0.0,0.0,Aug,2,2,3,4,Returning_Visitor,False,False
0,2.56,0,0.0,3,58.16,0.13,0.14,0.0,0.49,May,1,1,1,1,Returning_Visitor,False,False
3,470.0,0,0.7,34,1485.77,0.02,0.03,21.6,0.0,May,2,2,1,3,Returning_Visitor,False,False
0,0.0,0,0.0,17,933.42,0.03,0.04,0.0,0.0,Mar,3,2,1,3,Returning_Visitor,False,False
0,0.0,0,0.0,7,213.11,0.03,0.04,0.0,0.0,Nov,3,2,9,2,Returning_Visitor,False,False
0,0.0,0,0.6,9,321.0,0.03,0.09,0.0,0.0,Mar,2,2,5,1,Returning_Visitor,False,False
0,1.38,0,0.0,11,1478.47,0.0,0.03,0.0,0.0,Dec,2,2,6,2,New_Visitor,False,False
0,0.85,0,0.0,2,0.0,0.14,0.14,0.0,0.0,Feb,1,1,1,3,Returning_Visitor,False,False
4,55.5,0,0.0,33,1491.59,0.01,0.01,0.0,0.0,Mar,2,2,6,2,Returning_Visitor,True,False
5,286.46,1,99.81,64,2058.6,0.01,0.01,6.49,0.0,Nov,3,2,3,10,Returning_Visitor,False,True
0,0.0,0,0.0,7,1433.52,0.05,0.07,0.0,0.0,Nov,3,2,2,13,Returning_Visitor,False,False
2,32.15,0,0.0,3,116.09,0.1,0.11,0.0,0.0,May,1,2,1,6,Returning_Visitor,True,False
0,0.0,0,0.0,6,212.0,0.03,0.04,0.0,0.0,Mar,3,2,3,1,Returning_Visitor,False,False
0,1.35,0,0.0,28,2076.97,0.0,0.02,0.0,0.0,Dec,2,2,8,2,Returning_Visitor,False,False
2,74.97,0,4.16,14,177.4,0.02,0.04,0.0,0.0,May,3,2,5,4,Returning_Visitor,False,False
0,0.0,0,1.54,5,408.42,0.0,0.04,39.17,0.0,Nov,2,2,3,2,Returning_Visitor,False,True
1,77.56,0,0.0,14,1464.6,0.02,0.02,0.06,0.0,May,1,1,3,4,Returning_Visitor,True,False
0,0.0,0,0.0,24,530.0,0.0,0.01,0.0,0.0,May,2,6,3,4,Returning_Visitor,True,False
1,13.0,0,3.63,16,226.5,0.01,0.01,0.0,0.03,Mar,2,5,1,2,Returning_Visitor,False,False
0,0.0,0,0.0,14,1789.4,0.0,0.03,0.0,0.0,Mar,1,1,6,2,Returning_Visitor,False,False
2,549.0,0,3.41,213,9151.49,0.0,0.02,2.57,0.03,Oct,2,2,1,2,Returning_Visitor,False,True
4,183.0,3,48.0,34,2141.4,0.0,0.02,0.0,0.0,May,2,2,1,4,Returning_Visitor,True,False
0,2.33,0,2.0,14,2017.41,0.0,0.04,0.0,0.0,Nov,2,2,4,1,New_Visitor,False,True
1,498.51,0,0.0,6,438.76,0.0,0.03,0.15,0.0,Mar,3,2,1,3,Returning_Visitor,True,False
0,0.0,0,14.78,116,5389.88,0.01,0.02,0.0,0.03,Nov,3,2,1,1,Returning_Visitor,False,False
2,20.0,0,0.0,13,181.5,0.0,0.01,0.0,0.03,Mar,2,2,3,1,Returning_Visitor,False,False
10,275.33,1,6.0,33,1316.07,0.0,0.02,0.08,0.04,May,2,2,5,5,Returning_Visitor,True,True
3,83.04,1,53.0,12,667.67,0.0,0.02,31.03,0.04,May,2,2,1,4,Returning_Visitor,True,True
0,0.0,0,0.0,2,0.0,0.2,0.14,0.0,0.0,Mar,1,2,1,1,Returning_Visitor,False,False
2,233.08,0,29.68,60,3135.44,0.0,0.02,0.0,0.0,Mar,3,2,3,10,Returning_Visitor,False,False
0,8.75,0,0.0,2,31.0,0.0,0.03,0.0,0.0,Mar,3,2,3,3,Returning_Visitor,False,False
0,0.0,0,4.6,13,1779.75,0.03,0.04,0.0,0.4,May,1,1,3,2,Returning_Visitor,False,False
0,0.0,0,9.3,10,130.17,0.06,0.08,26.66,0.0,Mar,3,2,1,8,Returning_Visitor,False,False
0,0.0,0,11.99,34,1964.85,0.02,0.04,0.0,0.03,Nov,3,2,2,13,Returning_Visitor,False,False
0,2.53,0,0.0,3,57.57,0.14,0.13,0.01,0.0,Mar,2,2,1,13,Returning_Visitor,False,False
0,0.0,0,0.0,4,34.2,0.14,0.1,0.01,0.0,Mar,2,2,1,1,Returning_Visitor,False,False
0,7.59,1,0.0,34,1434.06,0.0,0.02,0.01,0.0,Nov,4,1,6,8,Returning_Visitor,False,False
1,90.26,0,0.0,34,665.98,0.01,0.0,51.61,0.04,May,2,2,4,2,New_Visitor,False,True
3,57.67,3,447.5,27,1500.61,0.01,0.03,0.11,0.0,Nov,2,2,1,2,Returning_Visitor,True,False
5,86.93,2,24.5,30,1288.73,0.0,0.01,54.12,0.0,Nov,1,1,3,2,Returning_Visitor,True,False
0,0.0,0,0.0,3,11.0,0.05,0.15,0.0,0.0,Mar,3,1,1,1,Returning_Visitor,False,False
0,11.7,0,0.0,2,1501.25,0.0,0.1,0.0,0.0,May,2,4,3,4,Returning_Visitor,False,False
10,706.56,0,0.0,53,1572.82,0.01,0.02,0.0,0.03,Nov,3,2,1,1,Returning_Visitor,False,False
3,62.47,0,0.0,5,210.64,0.0,0.02,0.0,0.0,Sep,3,2,1,3,New_Visitor,False,False
0,0.0,0,0.0,11,257.75,0.0,0.02,0.0,0.0,Dec,3,2,2,2,New_Visitor,False,False
0,21.05,0,0.4,6,547.5,0.02,0.02,0.0,0.7,May,3,3,1,1,Returning_Visitor,False,False
1,25.5,0,5.92,49,860.21,0.0,0.01,0.0,0.03,Aug,2,2,2,13,Returning_Visitor,False,False
2,118.9,0,10.59,30,1518.33,0.0,0.01,26.13,0.03,Nov,4,2,1,2,New_Visitor,True,True
3,14.0,0,0.0,41,1585.67,0.03,0.06,0.0,0.0,Mar,2,2,6,1,Returning_Visitor,True,False
1,91.92,3,345.0,33,879.91,0.0,0.04,6.48,0.0,Mar,2,2,4,1,Returning_Visitor,False,True
5,175.92,0,0.0,12,276.25,0.02,0.05,0.0,0.03,Dec,3,2,1,3,Returning_Visitor,False,True
0,0.0,0,0.0,34,1251.32,0.0,0.03,0.0,0.0,Nov,3,2,1,2,Returning_Visitor,True,True
7,198.26,4,492.9,81,1532.43,0.01,0.03,3.03,0.03,Nov,3,2,3,2,Returning_Visitor,True,False
4,237.83,0,6.44,66,3268.08,0.01,0.03,0.0,1.0,May,2,2,7,6,Returning_Visitor,True,False
5,825.0,0,0.0,33,1494.01,0.0,0.01,20.86,0.0,Mar,3,2,9,10,New_Visitor,False,True
6,331.25,3,365.25,6,267.0,0.0,0.02,1.11,0.0,Dec,1,2,1,3,Returning_Visitor,True,False
0,0.0,0,0.0,34,316.54,0.0,0.02,0.0,0.0,Mar,2,2,9,1,Returning_Visitor,False,False
3,1.23,0,0.0,50,549.92,0.0,0.01,0.0,0.03,May,4,1,1,4,Returning_Visitor,False,False
0,0.0,0,0.0,11,2076.75,0.04,0.13,0.0,0.0,Nov,2,2,4,3,Returning_Visitor,False,False
0,0.0,0,0.0,3,1038.0,0.0,0.04,0.0,0.0,Mar,2,2,1,1,Returning_Visitor,False,False
9,88.76,0,0.0,32,1162.8,0.0,0.02,48.0,0.0,Nov,1,2,1,8,Returning_Visitor,False,True
2,30.0,0,84.8,162,3753.19,0.0,0.01,77.11,0.03,Nov,2,2,1,2,New_Visitor,False,True
1,81.39,0,0.0,20,219.5,0.12,0.13,0.0,0.08,May,3,2,1,13,Returning_Visitor,False,False
0,0.0,0,0.0,5,96.0,0.0,0.02,54.2,0.0,Nov,2,2,1,2,New_Visitor,False,True
3,98.15,0,2.54,30,940.83,0.01,0.02,0.0,0.0,Mar,1,1,2,1,Returning_Visitor,False,False
1,9.5,0,0.0,23,1223.0,0.02,0.01,0.0,0.0,Feb,1,1,1,2,Returning_Visitor,True,False
0,1.32,0,0.0,15,264.08,0.01,0.02,0.0,0.03,Nov,2,2,1,1,Returning_Visitor,False,False
0,0.0,0,0.0,6,59.01,0.0,0.02,0.0,0.0,Dec,1,1,3,2,Returning_Visitor,False,False
0,7.52,0,0.0,5,61.22,0.0,0.03,0.01,0.0,Sep,3,2,1,2,Returning_Visitor,True,False
6,83.4,1,78.04,34,970.63,0.0,0.01,0.0,0.0,Nov,1,1,1,2,Returning_Visitor,False,False
0,1.84,0,0.0,38,907.94,0.0,0.01,23.66,0.0,Dec,2,2,1,2,Returning_Visitor,False,True
0,3.08,0,1.35,1,0.0,0.2,0.2,0.0,0.0,Nov,1,1,1,1,New_Visitor,False,False
4,15.0,1,4.0,44,950.62,0.0,0.0,0.0,0.03,Nov,3,2,8,2,New_Visitor,False,False
7,218.67,0,0.0,5,203.09,0.0,0.01,24.84,0.0,Nov,2,2,1,2,Returning_Visitor,False,False
10,160.81,4,103.74,35,3591.74,0.02,0.02,0.0,0.0,Nov,3,2,1,2,Returning_Visitor,False,False
5,90.96,0,16.23,15,244.54,0.0,0.03,0.0,0.0,Nov,1,1,1,2,New_Visitor,False,False
9,84.52,0,0.0,23,172.13,0.01,0.05,0.0,0.0,Mar,1,1,1,2,Returning_Visitor,False,True
2,68.6,0,0.0,39,279.77,0.01,0.03,0.09,0.0,Oct,1,2,7,2,New_Visitor,False,False
6,95.6,0,0.0,12,1486.99,0.01,0.04,37.83,0.0,Sep,2,2,1,7,Returning_Visitor,False,False
1,273.0,2,178.0,5,121.5,0.0,0.05,0.06,0.8,May,2,2,3,2,New_Visitor,False,False
0,0.78,0,1.13,36,1453.61,0.0,0.03,0.0,0.04,Jul,2,2,1,4,Returning_Visitor,False,False
3,73.5,0,0.0,26,463.76,0.0,0.0,0.0,0.0,Mar,2,2,3,2,New_Visitor,False,False
4,81.57,0,0.0,8,142.0,0.0,0.0,0.0,0.0,May,3,2,1,4,Returning_Visitor,False,False
4,147.66,0,0.0,16,1491.62,0.0,0.01,0.0,0.0,Nov,3,2,2,2,Returning_Visitor,True,False
3,30.0,0,3.81,21,1479.58,0.03,0.05,0.0,0.0,May,3,2,8,4,Returning_Visitor,True,False
10,260.21,0,0.0,35,1436.69,0.0,0.01,12.81,0.04,Dec,2,2,2,1,Returning_Visitor,True,False
0,108.5,0,0.0,2,0.0,0.14,0.2,0.0,0.0,Dec,3,2,3,6,Returning_Visitor,True,False
0,0.0,0,0.0,1,7.18,0.2,0.2,0.0,0.4,May,2,2,1,13,Returning_Visitor,False,False
0,0.0,0,0.0,11,222.72,0.04,0.08,0.0,0.0,Nov,2,2,1,1,Returning_Visitor,False,False
0,0.0,0,0.0,39,1491.37,0.01,0.02,0.0,0.0,May,3,2,1,3,Returning_Visitor,False,False
1,81.05,0,0.0,11,215.36,0.02,0.04,0.02,0.0,Oct,3,2,3,2,Returning_Visitor,False,False
3,19.0,0,33.11,34,1457.11,0.02,0.04,0.0,0.03,Nov,3,2,1,2,Returning_Visitor,True,False
3,49.4,0,0.0,4,111.6,0.0,0.04,0.0,0.0,Jul,1,8,3,4,New_Visitor,False,False
0,5.88,0,0.0,3,324.0,0.0,0.05,0.0,0.0,May,4,1,1,4,Returning_Visitor,True,False
1,0.0,0,0.0,28,447.0,0.0,0.03,0.01,0.05,Nov,2,2,7,10,Returning_Visitor,False,False
5,166.59,0,29.2,39,2251.12,0.01,0.02,0.0,0.0,Sep,2,2,9,1,Returning_Visitor,False,False
0,0.0,0,0.0,3,299.5,0.0,0.05,0.0,0.0,Nov,2,2,3,2,New_Visitor,False,False
4,119.01,0,184.11,84,2701.34,0.01,0.02,7.48,0.0,Nov,1,2,1,2,Returning_Visitor,False,True
3,171.0,0,0.0,20,1719.76,0.02,0.02,0.0,0.0,Mar,2,2,1,10,Returning_Visitor,False,False
1,114.62,0,0.0,15,612.58,0.0,0.01,0.0,0.0,May,2,4,2,2,Returning_Visitor,False,False
7,9.51,0,2.95,11,329.68,0.0,0.02,0.0,0.0,Dec,2,2,7,2,Returning_Visitor,False,False
0,1.12,0,0.0,34,1487.35,0.0,0.01,0.07,0.03,Dec,2,2,1,10,Returning_Visitor,False,False
0,11.05,0,0.0,1,0.0,0.2,0.2,0.0,0.0,Mar,3,2,3,3,Returning_Visitor,False,False
0,0.0,0,0.0,34,483.58,0.02,0.02,0.0,0.2,May,1,1,4,3,Returning_Visitor,False,False
0,52.3,0,0.0,27,1712.42,0.02,0.04,0.0,0.0,Nov,3,2,1,10,Returning_Visitor,True,False
5,75.89,0,0.0,51,4522.41,0.01,0.02,3.23,1.0,May,2,2,6,2,Returning_Visitor,True,False
0,0.0,0,0.0,36,643.0,0.09,0.05,0.0,0.0,May,2,5,1,5,Returning_Visitor,False,False
5,80.99,0,0.0,34,3195.83,0.0,0.02,0.04,0.04,May,2,2,3,2,Returning_Visitor,False,False
0,0.0,0,0.0,8,749.64,0.0,0.03,0.0,0.0,May,2,2,7,2,New_Visitor,False,False
3,82.54,0,0.0,27,598.45,0.0,0.01,0.0,0.0,Mar,2,2,2,2,Returning_Visitor,False,False
1,84.35,0,9.42,31,694.45,0.0,0.0,54.92,0.0,Sep,2,2,7,2,New_Visitor,False,True
0,0.0,0,2.79,7,1483.46,0.02,0.03,0.0,0.0,Mar,3,2,1,10,Returning_Visitor,False,False
12,310.63,0,0.0,28,606.42,0.03,0.04,0.04,0.0,May,3,2,2,1,Returning_Visitor,True,False
0,0.0,0,0.0,10,314.75,0.01,0.02,0.0,0.0,Nov,8,2,1,3,Returning_Visitor,False,False
0,168.69,0,0.0,8,100.0,0.08,0.1,0.0,1.0,May,2,5,1,11,Returning_Visitor,True,False
8,463.75,0,16.0,157,6123.74,0.01,0.02,0.0,0.03,Nov,2,2,7,2,Returning_Visitor,False,True
0,0.0,0,0.0,22,883.0,0.13,0.14,0.0,0.0,May,3,2,1,13,Returning_Visitor,False,False
3,196.5,0,11.7,131,7569.25,0.01,0.02,4.77,0.03,Nov,3,2,1,2,Returning_Visitor,False,False
0,0.77,0,0.0,1,0.0,0.2,0.2,0.0,0.0,May,1,1,1,20,Returning_Visitor,False,False
1,74.96,0,11.56,43,1466.26,0.0,0.0,0.0,0.0,Mar,1,1,3,2,Returning_Visitor,False,False
1,0.0,0,10.25,50,1009.43,0.0,0.02,4.8,0.0,Nov,1,1,1,10,Returning_Visitor,True,True
0,0.0,0,0.0,11,1486.08,0.0,0.03,0.0,0.8,Feb,2,2,8,1,Returning_Visitor,False,False
0,0.0,0,0.0,12,139.8,0.07,0.14,0.0,0.0,May,3,2,1,13,Returning_Visitor,False,False
0,2.83,0,0.0,3,132.4,0.0,0.04,0.0,0.05,May,3,2,1,1,Returning_Visitor,False,False
9,112.27,0,19.45,49,1503.49,0.0,0.0,0.0,0.0,Mar,2,2,2,2,New_Visitor,False,False
1,11.83,2,333.41,34,1495.05,0.02,0.04,26.23,0.0,Nov,2,2,3,1,Returning_Visitor,False,True
3,52.75,0,15.74,69,909.15,0.0,0.01,8.09,0.0,Dec,2,2,1,2,Returning_Visitor,False,False
0,6.21,0,0.0,6,578.0,0.0,0.07,0.0,0.04,Nov,1,1,1,1,Returning_Visitor,False,False
3,236.25,0,0.0,34,1955.78,0.0,0.02,21.08,0.03,May,1,1,6,2,Returning_Visitor,False,True
0,0.0,0,0.0,21,248.83,0.01,0.02,0.0,0.0,May,2,5,2,3,Returning_Visitor,False,False
0,0.0,0,0.0,1,7.74,0.2,0.2,0.0,0.03,Mar,2,2,7,1,Returning_Visitor,False,False
0,3.92,0,0.0,1,0.0,0.2,0.2,0.02,0.0,Mar,2,4,3,1,Returning_Visitor,False,False
1,0.0,0,0.0,19,867.83,0.02,0.03,0.0,0.0,May,2,2,7,6,Returning_Visitor,False,False
0,1.58,0,0.0,4,75.5,0.0,0.02,0.0,0.0,Nov,2,2,1,8,New_Visitor,False,False
4,80.51,0,0.0,6,201.15,0.02,0.04,0.0,0.0,May,1,2,2,2,Returning_Visitor,False,False
0,0.0,0,0.0,34,1294.57,0.02,0.07,0.0,0.04,Dec,1,1,1,1,Returning_Visitor,False,False
0,1.05,0,0.0,2,2.88,0.2,0.2,0.0,0.0,Mar,1,1,1,1,Returning_Visitor,False,False
2,23.0,0,0.0,18,657.25,0.0,0.01,0.0,0.05,Dec,2,2,9,2,New_Visitor,False,False
10,147.46,4,373.97,68,1587.77,0.0,0.01,0.0,0.0,Dec,2,2,3,1,Returning_Visitor,False,False
0,0.0,0,0.0,16,690.31,0.02,0.04,0.0,0.0,Mar,2,2,1,1,Returning_Visitor,False,False
0,0.0,0,0.33,34,2232.45,0.01,0.04,0.0,0.04,May,2,2,6,4,Returning_Visitor,False,False
0,0.0,0,0.0,35,1928.0,0.01,0.02,0.03,0.0,Mar,2,2,4,1,Returning_Visitor,True,False
0,0.0,0,0.0,5,209.53,0.0,0.04,0.03,0.0,May,3,2,1,1,Returning_Visitor,False,False
0,0.0,2,72.87,23,198.88,0.0,0.02,0.0,0.8,May,2,2,1,4,Returning_Visitor,False,False
4,34.2,0,29.4,27,809.69,0.02,0.03,39.01,0.0,May,3,2,1,13,Returning_Visitor,False,False
0,4.4,0,3.82,15,450.2,0.0,0.02,0.0,0.0,May,2,2,7,2,Returning_Visitor,False,False
0,0.0,0,0.0,4,249.0,0.0,0.03,0.0,0.03,Dec,2,4,1,1,Returning_Visitor,False,False
3,62.29,0,1.09,15,839.5,0.02,0.04,0.0,0.0,Mar,2,2,4,1,Returning_Visitor,False,False
2,95.03,0,6.95,107,4461.29,0.0,0.01,31.86,0.03,Dec,2,4,3,2,Returning_Visitor,False,True
3,83.76,0,0.0,5,219.27,0.01,0.01,0.0,0.04,May,2,4,2,2,New_Visitor,False,False
3,285.7,0,97.44,28,587.92,0.0,0.01,18.43,0.03,Nov,1,1,6,2,Returning_Visitor,False,True
0,5.25,0,4.93,32,1490.21,0.0,0.02,0.0,0.0,Nov,1,1,1,1,Returning_Visitor,False,False
3,189.4,0,130.76,38,3856.83,0.04,0.06,5.81,0.0,June,2,2,1,1,Returning_Visitor,False,False
2,48.67,3,155.33,20,540.75,0.0,0.01,38.5,0.0,Nov,2,2,3,2,Returning_Visitor,False,True
1,0.0,0,3.11,34,1192.39,0.01,0.03,0.0,0.0,Mar,2,4,2,2,Returning_Visitor,False,False
3,134.62,0,0.0,14,1500.67,0.01,0.06,0.0,0.0,Nov,2,2,1,1,Returning_Visitor,False,False
0,1.94,0,0.0,11,269.0,0.0,0.02,0.0,0.0,May,2,2,3,2,Returning_Visitor,False,False
2,743.58,0,18.83,337,11835.1,0.01,0.02,0.0,0.03,Nov,2,2,1,2,Returning_Visitor,False,False
0,0.0,0,0.0,3,0.0,0.2,0.2,0.0,0.0,Nov,3,2,1,13,Returning_Visitor,False,False
0,0.0,0,4.74,19,5538.92,0.02,0.04,0.0,0.0,May,2,2,1,13,Returning_Visitor,True,False
3,1153.68,0,30.58,205,4295.31,0.0,0.01,177.53,0.03,Nov,2,5,3,2,Returning_Visitor,True,False
0,0.0,0,1.2,6,78.1,0.18,0.14,0.02,0.03,Sep,2,2,3,2,Returning_Visitor,False,False
3,1373.5,0,0.0,43,1475.05,0.0,0.01,19.49,0.03,Mar,2,6,2,3,Returning_Visitor,False,False
0,50.22,0,0.0,5,80.5,0.03,0.04,0.0,0.03,Nov,2,5,3,1,Returning_Visitor,False,False
0,0.0,0,0.0,1,0.0,0.09,0.14,0.05,0.0,Aug,2,2,1,4,Returning_Visitor,True,False
0,0.0,0,0.92,11,1496.36,0.0,0.02,0.03,0.0,May,2,2,1,3,New_Visitor,False,False
0,0.0,0,0.0,27,1503.85,0.01,0.02,0.0,0.0,Dec,3,2,3,3,Returning_Visitor,True,False
0,7.86,0,0.0,6,77.0,0.0,0.04,0.0,0.0,Mar,2,4,1,3,Returning_Visitor,True,False
0,11.65,0,0.0,2,0.0,0.14,0.2,0.01,0.0,Mar,3,2,5,1,Returning_Visitor,False,False
0,0.71,0,0.0,34,480.5,0.03,0.07,0.05,0.0,May,2,2,9,6,Returning_Visitor,True,False
2,85.58,0,0.0,27,213.02,0.0,0.02,79.51,0.0,Oct,2,2,1,2,New_Visitor,True,True
10,234.57,0,0.0,80,1807.23,0.02,0.03,4.19,0.0,Jul,4,2,3,2,Returning_Visitor,False,False
3,14.0,0,0.0,28,1520.85,0.01,0.03,0.0,0.0,May,4,1,2,4,Returning_Visitor,False,False
0,0.0,0,0.0,8,72.0,0.03,0.04,0.01,0.4,May,2,2,1,4,Returning_Visitor,False,False
0,0.0,0,0.0,16,230.58,0.01,0.02,0.0,0.0,Nov,2,2,1,11,Returning_Visitor,False,False
0,0.56,0,0.4,20,457.58,0.02,0.04,0.0,0.05,May,2,2,9,4,Returning_Visitor,True,False
1,32.33,1,75.27,62,2414.9,0.0,0.0,30.46,0.0,May,2,2,9,2,Returning_Visitor,False,True
0,0.0,0,0.0,2,473.37,0.0,0.1,0.11,1.0,May,1,2,3,2,Returning_Visitor,True,False
0,0.0,0,0.0,2,0.0,0.14,0.2,0.01,0.05,May,3,2,7,3,Returning_Visitor,False,False
0,68.5,0,0.0,152,5426.82,0.01,0.02,0.0,0.0,Nov,3,2,4,2,Returning_Visitor,False,False
9,258.14,0,18.04,136,1769.63,0.0,0.02,0.0,0.0,Nov,2,2,1,2,Returning_Visitor,False,False
0,0.71,0,0.0,34,807.83,0.02,0.04,0.0,0.0,Mar,2,2,3,1,Returning_Visitor,False,False
4,91.87,2,105.95,8,246.39,0.0,0.01,0.0,0.0,Nov,3,2,2,3,Returning_Visitor,False,False
3,85.04,0,0.0,10,269.0,0.0,0.02,50.39,0.0,Mar,1,1,1,5,New_Visitor,True,True
6,102.0,0,0.0,17,501.5,0.0,0.01,0.07,0.0,Nov,4,1,4,8,New_Visitor,False,False
10,299.6,2,166.0,86,2559.54,0.01,0.01,2.09,0.0,May,3,2,7,2,Returning_Visitor,False,False
0,2.24,1,59.5,34,1499.82,0.0,0.01,0.0,0.0,Nov,1,1,1,2,Returning_Visitor,True,False
2,0.0,0,0.0,84,4894.85,0.0,0.03,0.0,0.03,Nov,2,2,3,1,Returning_Visitor,True,True
4,598.38,0,0.0,126,4446.3,0.0,0.02,3.33,0.03,Dec,2,2,3,2,Returning_Visitor,False,False
7,225.76,1,13.4,33,217.72,0.02,0.04,0.79,0.0,Aug,2,2,1,13,Returning_Visitor,False,False
7,75.85,0,54.09,16,672.88,0.02,0.03,0.0,0.0,May,1,1,1,3,Returning_Visitor,False,False
6,51.0,0,0.0,35,536.0,0.01,0.01,0.0,0.04,May,2,2,1,4,Returning_Visitor,False,False
0,0.0,0,0.0,6,0.0,0.13,0.2,0.03,0.0,Nov,3,2,1,10,Returning_Visitor,False,False
0,246.25,2,2.73,34,4264.42,0.01,0.02,0.0,0.05,Nov,3,2,1,10,Returning_Visitor,True,False
0,0.0,0,0.0,3,199.93,0.0,0.07,0.0,0.0,May,2,2,1,13,Returning_Visitor,False,False
2,39.2,0,0.0,12,209.0,0.0,0.02,0.0,0.0,Sep,2,5,6,2,Returning_Visitor,False,False
5,142.5,1,56.0,29,1430.65,0.0,0.02,0.0,0.04,May,1,1,1,4,Returning_Visitor,False,False
0,0.0,0,2.38,33,359.0,0.03,0.02,0.0,0.03,May,1,1,7,2,Returning_Visitor,True,False
6,86.15,0,0.0,14,290.8,0.0,0.01,0.0,0.0,Nov,2,2,1,5,New_Visitor,False,False
0,0.0,0,0.0,1,0.0,0.2,0.14,0.0,0.03,Nov,1,1,3,2,Returning_Visitor,False,False
1,34.0,2,9.0,3,247.5,0.0,0.04,0.19,0.0,Dec,2,2,1,1,Returning_Visitor,False,False
5,47.33,0,8.55,65,1267.5,0.0,0.02,0.0,0.03,Nov,3,2,1,10,Returning_Visitor,False,False
5,46.5,0,5.67,94,1729.72,0.01,0.03,6.32,0.03,Aug,3,2,8,2,Returning_Visitor,False,False
10,303.87,0,12.04,33,3752.67,0.01,0.01,0.0,0.03,Nov,1,1,1,3,Returning_Visitor,False,False
2,11.0,0,0.0,20,510.0,0.01,0.03,0.0,0.0,Mar,4,1,2,1,Returning_Visitor,False,False
8,31.1,0,9.24,195,7675.15,0.0,0.02,3.38,0.03,May,2,2,1,2,Returning_Visitor,False,False
2,144.5,0,0.0,22,416.5,0.04,0.03,0.0,0.0,Nov,3,2,3,8,Returning_Visitor,True,False
0,0.0,0,0.0,8,323.5,0.01,0.03,23.24,0.0,May,1,1,1,5,New_Visitor,False,True
0,8.75,0,0.0,1,13.0,0.0,0.05,0.08,0.0,May,3,2,1,2,New_Visitor,False,False
0,11.0,1,68.11,74,3487.12,0.0,0.01,0.0,0.03,Nov,3,2,4,2,Returning_Visitor,True,False
1,81.8,0,0.0,19,1500.71,0.0,0.0,0.0,0.0,Nov,1,1,1,11,Returning_Visitor,True,False
0,1.76,0,0.0,7,711.0,0.06,0.09,0.0,0.0,Feb,2,2,2,1,Returning_Visitor,False,False
0,0.0,0,7.0,10,672.51,0.0,0.02,39.13,0.03,Sep,1,1,7,2,Returning_Visitor,False,True
2,31.0,0,0.0,88,5321.44,0.02,0.02,25.75,0.03,Nov,3,2,1,2,Returning_Visitor,False,True
6,144.67,0,0.0,5,123.67,0.03,0.01,0.0,0.03,Nov,1,1,1,8,New_Visitor,True,False
0,0.0,1,112.0,43,1866.11,0.0,0.02,0.0,0.0,Nov,2,2,1,2,Returning_Visitor,True,False
4,82.53,0,0.0,21,392.88,0.0,0.05,0.0,0.03,Nov,2,2,3,1,Returning_Visitor,False,False
3,124.0,0,0.0,13,495.0,0.0,0.03,0.0,0.0,Mar,2,4,5,1,Returning_Visitor,False,False
0,1.13,0,0.0,5,23.0,0.08,0.14,0.0,0.0,Mar,2,2,1,1,Returning_Visitor,False,False
1,56.07,0,2.07,4,458.22,0.0,0.05,0.0,0.0,Nov,1,1,3,2,New_Visitor,False,False
0,0.64,0,0.0,6,206.46,0.02,0.05,0.03,0.03,Dec,2,2,3,8,New_Visitor,False,False
4,99.42,0,0.0,56,1432.22,0.0,0.02,69.43,0.03,Mar,2,2,3,2,Returning_Visitor,True,True
0,8.72,0,0.0,2,0.0,0.2,0.14,0.0,0.0,May,2,2,1,3,Returning_Visitor,False,False
0,0.0,0,0.0,34,1489.36,0.0,0.01,0.0,0.0,Dec,2,2,1,2,New_Visitor,False,False
2,80.71,0,16.26,13,287.33,0.0,0.03,0.0,0.0,Nov,2,2,1,6,New_Visitor,True,False
0,0.0,0,0.0,15,327.5,0.0,0.01,0.0,0.0,May,2,2,4,2,Returning_Visitor,False,False
4,209.06,0,0.0,71,3401.05,0.01,0.03,0.05,0.0,Nov,2,2,2,2,Returning_Visitor,False,False
0,2.86,0,0.0,3,67.5,0.0,0.07,0.0,0.0,Mar,1,1,3,3,Returning_Visitor,True,False
1,27.5,1,19.86,109,2925.68,0.01,0.02,0.0,0.0,Nov,2,2,3,2,Returning_Visitor,False,False
0,0.0,0,0.0,7,232.67,0.0,0.01,0.0,0.0,Mar,2,2,6,2,Returning_Visitor,False,False
2,203.92,4,114.75,38,3903.17,0.0,0.02,55.01,0.03,Nov,2,2,1,2,Returning_Visitor,False,True
10,1307.68,0,8.97,517,27009.86,0.0,0.01,8.4,0.04,Nov,1,1,1,2,Returning_Visitor,False,True
0,0.0,0,3.07,51,1219.05,0.0,0.01,39.04,0.0,Aug,2,2,2,1,Returning_Visitor,False,True
0,0.0,0,17.77,89,3296.6,0.0,0.02,0.0,0.0,Dec,1,1,4,2,Returning_Visitor,False,False
4,118.7,0,0.0,3,542.94,0.01,0.05,0.0,0.0,Nov,3,2,1,4,Returning_Visitor,False,False
0,0.91,0,0.0,6,172.21,0.02,0.04,0.0,0.03,Dec,3,2,1,2,Returning_Visitor,False,True
1,81.35,5,5.75,19,660.8,0.03,0.01,0.01,0.04,Nov,3,2,2,3,Returning_Visitor,True,False
0,0.0,0,0.0,16,1098.89,0.0,0.01,18.43,0.0,Mar,2,4,7,1,Returning_Visitor,False,False
0,0.0,0,0.99,19,621.42,0.0,0.02,0.0,0.0,Dec,4,1,1,2,Returning_Visitor,True,False
0,0.0,1,21.0,15,498.5,0.0,0.03,32.19,0.0,May,2,4,1,2,Returning_Visitor,False,True
1,0.0,0,0.0,58,2498.03,0.02,0.04,0.02,0.4,May,2,6,3,20,Returning_Visitor,False,False
0,0.0,0,0.0,59,3036.4,0.0,0.02,0.0,0.03,Mar,2,2,6,13,Returning_Visitor,True,False
0,0.0,0,0.0,2,87.0,0.01,0.1,0.01,0.0,Nov,3,2,3,11,Returning_Visitor,False,False
2,68.6,0,0.0,11,184.6,0.0,0.02,0.22,0.03,Sep,2,2,3,2,New_Visitor,False,False
3,4.0,0,32.48,37,5876.46,0.0,0.01,0.0,0.03,Oct,2,2,9,2,Returning_Visitor,False,False
3,99.17,1,27.0,33,483.27,0.03,0.01,0.0,0.6,May,8,5,1,4,Returning_Visitor,False,False
0,0.0,0,0.15,34,319.5,0.05,0.09,0.0,0.84,May,2,2,1,1,Returning_Visitor,False,False
4,315.0,0,2.58,8,465.83,0.0,0.02,0.14,0.0,Mar,3,2,3,3,Returning_Visitor,True,False
5,96.0,0,0.0,33,2833.81,0.0,0.03,0.0,0.0,Nov,4,1,7,2,Returning_Visitor,False,False
0,27.07,0,0.0,19,145.5,0.0,0.05,0.0,0.03,Nov,1,1,3,2,New_Visitor,False,False
0,3.36,0,0.0,1,0.0,0.2,0.2,0.0,0.6,May,3,2,1,13,Returning_Visitor,False,False
4,75.0,0,0.0,16,252.0,0.0,0.0,0.01,0.07,May,2,2,4,4,New_Visitor,True,False
1,62.0,1,172.0,58,1488.12,0.0,0.01,0.0,0.0,May,3,2,4,4,Returning_Visitor,False,False
1,0.0,0,0.0,24,214.16,0.0,0.04,36.14,0.0,Oct,2,2,1,4,Returning_Visitor,False,True
4,55.8,0,21.99,34,2023.2,0.0,0.01,0.01,0.0,Jul,2,2,1,2,New_Visitor,False,False
0,44.08,1,255.0,22,1686.37,0.0,0.01,0.0,0.03,Mar,2,2,3,1,Returning_Visitor,False,False
4,54.5,4,29.5,11,1055.75,0.0,0.02,0.0,0.0,Dec,2,2,1,2,New_Visitor,False,False
2,9.0,0,29.33,401,12433.22,0.01,0.02,0.0,0.03,Nov,2,2,1,2,Returning_Visitor,False,True
0,39.29,0,0.0,1,4568.72,0.2,0.2,0.0,0.0,Nov,8,2,2,8,New_Visitor,False,False
0,0.0,0,0.0,6,1459.34,0.0,0.03,0.0,0.0,May,2,2,1,5,New_Visitor,False,False
2,64.0,0,0.0,17,341.25,0.02,0.03,0.0,0.0,Nov,3,2,3,8,Returning_Visitor,False,False
10,80.67,1,147.7,37,1584.77,0.01,0.02,0.0,0.0,Oct,2,2,1,2,Returning_Visitor,False,False
5,81.06,0,3.56,76,1523.58,0.01,0.02,0.0,0.03,Nov,2,2,1,1,Returning_Visitor,False,False
3,25.4,0,0.0,39,2958.5,0.01,0.02,5.68,0.04,May,2,5,2,3,Returning_Visitor,False,False
0,0.0,0,0.0,6,58.04,0.0,0.04,0.0,0.0,Mar,1,1,1,9,Returning_Visitor,True,False
0,0.0,0,0.0,6,316.25,0.0,0.01,0.0,0.0,May,3,2,1,4,Returning_Visitor,True,False
4,239.6,0,1.91,31,1509.22,0.0,0.0,0.0,0.0,Oct,2,2,2,2,Returning_Visitor,True,False
8,279.27,0,22.53,16,453.4,0.0,0.01,0.0,0.0,Jul,3,2,8,4,Returning_Visitor,False,False
0,0.0,1,44.0,14,1572.95,0.0,0.01,38.95,0.2,May,2,4,1,2,New_Visitor,False,True
0,0.0,0,0.0,33,156.53,0.0,0.04,0.01,0.0,Mar,2,4,1,3,Returning_Visitor,False,False
5,129.5,0,0.0,33,982.0,0.0,0.02,0.21,0.0,May,2,5,2,3,Returning_Visitor,True,False
0,0.73,0,1.83,12,368.49,0.03,0.06,0.08,0.03,Mar,2,2,7,1,Returning_Visitor,False,False
1,52.5,0,5.97,162,3608.43,0.0,0.0,54.05,0.03,Nov,2,2,7,2,New_Visitor,False,True
3,91.93,0,0.0,34,1522.51,0.0,0.02,0.0,0.0,Mar,1,1,3,1,Returning_Visitor,True,False
0,0.0,1,22.0,34,979.38,0.0,0.01,0.0,0.0,Nov,2,2,3,2,Returning_Visitor,False,False
8,94.82,2,41.0,18,1503.66,0.0,0.01,0.0,0.03,Mar,1,1,1,3,Returning_Visitor,False,False
13,469.96,1,124.07,77,1488.84,0.0,0.01,1.8,0.03,Nov,1,1,9,2,Returning_Visitor,False,False
3,37.0,0,0.8,62,1193.0,0.0,0.02,21.6,0.0,Nov,2,2,1,1,Returning_Visitor,False,True
0,5.73,0,0.0,11,203.33,0.0,0.02,0.02,0.0,Nov,1,2,1,8,New_Visitor,False,False
0,0.69,0,1.14,34,4190.75,0.03,0.14,0.0,0.0,May,2,2,8,6,Returning_Visitor,False,False
0,5.39,0,0.0,7,57.76,0.01,0.07,0.12,0.0,Dec,1,2,6,6,Returning_Visitor,True,False
2,44.26,0,0.0,17,1217.43,0.0,0.01,0.0,0.0,May,2,5,1,4,Returning_Visitor,False,False
8,222.75,3,15.75,33,1749.84,0.0,0.03,0.0,0.03,Nov,1,1,1,2,Returning_Visitor,False,False
4,20.0,1,35.5,35,946.6,0.0,0.01,0.0,0.0,Nov,2,2,1,2,Returning_Visitor,False,False
0,0.0,0,1.82,34,898.76,0.01,0.01,0.0,0.05,Mar,1,1,1,1,Returning_Visitor,False,True
0,0.0,0,10.25,32,1645.87,0.02,0.04,0.0,0.03,Nov,1,1,4,13,Returning_Visitor,True,True
0,0.0,2,48.5,59,1490.4,0.01,0.03,0.0,0.03,Nov,2,2,7,2,Returning_Visitor,False,True
3,178.0,0,1.13,3,110.0,0.0,0.02,0.0,0.2,May,3,2,3,4,Returning_Visitor,False,False
0,0.0,0,0.0,34,696.88,0.01,0.04,0.0,0.0,Mar,1,1,4,2,Returning_Visitor,False,False
2,85.98,0,4.7,24,2095.82,0.02,0.04,0.0,0.0,Dec,3,2,3,1,Returning_Visitor,False,False
0,0.0,0,0.0,28,102.0,0.0,0.01,0.01,0.0,May,2,2,9,4,Returning_Visitor,False,False
0,0.0,0,0.0,3,43.4,0.07,0.07,0.0,0.0,Sep,3,2,3,4,Returning_Visitor,False,False
4,934.5,1,92.0,34,937.72,0.0,0.01,0.04,0.0,Dec,1,1,6,2,New_Visitor,False,False
1,86.03,0,0.0,55,4277.0,0.0,0.02,7.29,0.0,May,1,1,1,1,Returning_Visitor,True,False
1,0.0,0,0.41,17,209.92,0.0,0.02,0.0,0.2,May,2,2,3,4,Returning_Visitor,False,False
3,78.11,0,231.7,34,1034.58,0.0,0.02,2.33,0.03,May,2,4,3,3,Returning_Visitor,False,True
0,0.0,0,0.0,28,1384.07,0.01,0.03,35.65,0.03,May,2,4,3,2,Returning_Visitor,False,True
0,10.0,1,0.0,28,830.0,0.01,0.04,0.0,0.4,May,2,2,1,2,Returning_Visitor,False,False
0,0.0,0,0.0,24,1361.83,0.0,0.03,0.02,0.0,Nov,2,2,2,1,Returning_Visitor,False,False
0,0.0,0,0.0,14,260.87,0.0,0.03,0.0,0.0,June,2,2,1,3,Returning_Visitor,False,False
2,80.0,4,141.75,47,1650.94,0.0,0.01,34.86,0.03,Dec,2,2,3,1,Returning_Visitor,False,False
0,4.66,0,0.0,1,0.0,0.2,0.2,0.0,0.0,Dec,2,2,8,1,Returning_Visitor,False,False
4,102.56,3,79.5,133,3713.58,0.0,0.02,28.04,0.05,Nov,3,2,1,2,Returning_Visitor,True,False
7,114.2,0,0.0,26,360.18,0.0,0.01,0.0,0.0,Nov,1,1,1,2,Returning_Visitor,False,False
0,0.0,0,0.0,89,2924.43,0.01,0.02,0.0,0.0,Nov,2,2,1,10,Returning_Visitor,False,True
4,115.0,0,11.21,53,1491.8,0.0,0.01,0.0,0.04,May,1,1,4,2,Returning_Visitor,True,False
8,440.46,1,6.03,89,3236.87,0.01,0.03,7.33,0.04,Nov,1,1,1,10,Returning_Visitor,False,False
3,30.7,0,0.0,33,1148.33,0.0,0.02,0.0,0.0,Aug,2,1,6,1,Returning_Visitor,False,False
0,0.77,0,0.0,12,1484.0,0.0,0.02,0.01,0.04,Mar,2,2,7,1,Returning_Visitor,False,False
8,108.7,0,18.9,61,2651.94,0.0,0.01,0.9,0.0,Jul,2,2,9,2,Returning_Visitor,False,False
9,570.27,0,0.0,32,259.55,0.01,0.05,38.96,0.0,Oct,3,2,3,2,Returning_Visitor,False,False
0,9.03,0,0.0,5,65.63,0.14,0.14,0.0,0.0,Mar,3,2,3,3,Returning_Visitor,True,False
0,10.83,0,0.0,1,0.0,0.2,0.13,0.0,0.0,May,2,4,1,6,Returning_Visitor,False,False
0,0.96,0,0.0,6,59.84,0.14,0.1,0.0,0.0,Feb,1,1,1,3,Returning_Visitor,False,False
3,318.2,1,25.64,7,414.87,0.0,0.01,0.01,0.03,Nov,1,1,1,2,Returning_Visitor,False,False
0,0.0,0,1.96,3,202.56,0.1,0.11,0.0,0.03,Nov,1,1,1,3,Returning_Visitor,False,False
0,0.0,0,0.0,11,1160.0,0.0,0.02,20.61,0.0,May,2,2,1,4,New_Visitor,False,True
2,196.6,0,11.13,0,141.27,0.0,0.04,0.0,0.0,Nov,3,2,9,8,New_Visitor,True,False
0,0.77,0,0.0,2,96.0,0.0,0.1,0.05,0.0,May,2,2,4,3,Returning_Visitor,False,False
3,92.08,0,0.0,34,1462.22,0.01,0.01,17.21,0.04,Jul,1,1,2,3,Returning_Visitor,False,False
1,46.5,0,0.0,14,398.98,0.0,0.01,0.15,0.0,Dec,8,13,9,20,Other,False,True
0,0.0,0,0.0,1,0.0,0.14,0.2,0.0,0.0,May,2,2,1,13,Returning_Visitor,False,False
0,2.09,0,0.0,5,221.41,0.0,0.04,0.0,0.0,Mar,3,2,1,1,Returning_Visitor,False,False
3,47.0,0,0.0,22,486.5,0.02,0.03,0.0,0.0,Nov,3,2,3,2,Returning_Visitor,False,False
7,108.0,1,42.0,29,879.92,0.02,0.03,11.19,0.0,May,1,1,1,4,Returning_Visitor,False,False
1,45.5,0,0.0,11,1490.83,0.0,0.02,9.91,0.0,Nov,2,2,1,2,New_Visitor,True,True
7,81.47,2,182.2,34,1612.98,0.01,0.01,0.0,0.03,Nov,2,2,3,2,Returning_Visitor,False,False
3,16.6,0,0.0,34,1473.5,0.0,0.0,68.32,0.0,Aug,2,2,5,2,New_Visitor,False,True
0,0.0,0,0.0,34,3614.11,0.0,0.01,0.0,0.0,Nov,1,1,1,2,Returning_Visitor,False,False
6,112.12,8,148.03,38,3459.48,0.0,0.01,5.65,0.0,Nov,2,2,3,2,Returning_Visitor,True,True
10,88.03,2,43.5,34,1511.61,0.0,0.02,0.09,0.0,Nov,2,2,3,2,Returning_Visitor,False,False
3,132.16,0,52.0,99,4791.46,0.0,0.02,5.48,0.03,Nov,2,2,1,2,Returning_Visitor,False,True
0,1.38,0,0.0,6,538.0,0.0,0.08,0.0,0.0,Dec,1,1,4,3,Returning_Visitor,True,False
3,21.0,0,24.88,65,2881.13,0.0,0.0,80.68,0.0,Mar,2,2,4,2,New_Visitor,False,True
3,16.6,0,11.51,84,1893.62,0.02,0.03,0.0,0.0,Oct,1,1,6,1,Returning_Visitor,False,False
1,6.0,0,0.0,21,1046.32,0.02,0.05,0.0,0.0,Sep,4,1,5,1,Returning_Visitor,True,False
3,316.83,1,70.04,34,3085.01,0.0,0.02,2.32,0.03,May,3,2,1,13,Returning_Visitor,False,False
0,0.0,0,0.0,21,1473.26,0.04,0.08,0.0,0.8,May,2,5,4,2,Returning_Visitor,False,False
0,0.0,0,0.0,68,1212.44,0.0,0.01,64.42,0.0,Nov,4,1,1,2,Returning_Visitor,False,False
4,12.0,0,5.53,16,1488.53,0.03,0.03,0.04,0.0,Nov,3,2,1,10,Returning_Visitor,False,False
10,261.5,4,9.36,33,3121.28,0.0,0.01,13.72,0.04,May,3,2,3,2,Returning_Visitor,False,False
0,0.0,0,0.0,11,287.5,0.0,0.03,0.0,0.0,Oct,2,4,2,1,Returning_Visitor,False,False
0,0.0,0,0.76,20,196.83,0.02,0.06,0.0,0.6,May,2,2,1,4,Returning_Visitor,False,False
0,0.0,0,0.0,2,52.0,0.0,0.1,0.01,0.0,Feb,1,1,1,3,Returning_Visitor,False,False
0,0.0,0,0.0,20,684.75,0.0,0.01,0.0,0.0,Nov,2,2,9,2,Returning_Visitor,False,False
0,0.0,0,0.0,6,197.0,0.0,0.01,0.0,0.03,Mar,2,2,1,2,Returning_Visitor,False,False
0,1.32,0,0.0,5,286.5,0.0,0.04,0.0,0.0,Mar,1,1,3,1,Returning_Visitor,False,False
0,5.04,0,0.0,6,21.0,0.0,0.03,0.0,0.0,May,2,2,8,3,Returning_Visitor,False,False
0,0.0,0,0.0,4,8.45,0.2,0.2,0.0,0.2,May,3,2,1,13,Returning_Visitor,False,False
1,51.5,0,3.41,12,729.24,0.0,0.02,0.0,0.03,Dec,2,2,2,2,New_Visitor,False,False
0,11.76,0,0.0,22,337.1,0.0,0.03,0.0,0.0,Aug,2,4,1,3,Returning_Visitor,False,False
0,0.0,0,0.0,20,1420.53,0.02,0.14,0.0,0.0,Dec,3,2,3,1,Returning_Visitor,False,False
0,0.0,0,0.0,12,505.33,0.08,0.12,0.0,0.4,May,2,2,1,6,Returning_Visitor,False,False
0,0.0,0,0.0,6,48.0,0.08,0.09,0.0,0.8,May,3,2,1,13,Returning_Visitor,False,False
1,0.0,0,0.21,41,1518.66,0.01,0.02,0.0,0.0,May,2,2,6,1,Returning_Visitor,False,False
0,0.0,1,45.75,42,1931.63,0.0,0.01,0.0,0.03,Dec,1,1,6,1,Returning_Visitor,True,False
6,86.08,0,24.52,35,892.92,0.0,0.01,0.0,0.0,May,2,2,1,5,New_Visitor,True,False
10,504.61,0,28.16,139,6657.15,0.01,0.02,0.0,0.04,May,2,2,2,2,Returning_Visitor,False,False
3,13.33,4,80.61,72,1602.35,0.0,0.04,0.0,0.0,Nov,2,2,3,2,Returning_Visitor,False,False
0,0.0,0,0.0,74,2763.25,0.01,0.02,27.74,0.0,May,2,5,3,6,Returning_Visitor,False,False
0,0.72,0,0.0,2,12.0,0.0,0.14,0.0,0.0,May,2,2,1,13,Returning_Visitor,False,False
2,47.1,0,4.65,34,397.0,0.03,0.05,0.78,0.0,May,3,2,3,3,Returning_Visitor,False,True
1,28.2,0,0.0,34,942.69,0.01,0.04,8.44,0.0,Sep,1,1,3,1,Returning_Visitor,True,False
0,0.0,2,295.56,23,1669.03,0.0,0.02,0.0,0.0,June,3,2,4,2,Returning_Visitor,False,False
0,1.93,0,0.0,1,7.67,0.2,0.2,0.0,0.2,May,2,2,1,13,Returning_Visitor,False,False
0,3.34,0,0.93,3,15.0,0.0,0.07,0.0,0.0,Mar,2,10,3,1,Returning_Visitor,False,False
1,0.0,0,0.0,19,220.38,0.01,0.02,0.0,0.03,May,2,4,2,4,Returning_Visitor,False,False
1,30.5,0,8.22,121,14213.64,0.0,0.01,4.49,0.03,Nov,2,4,9,2,Returning_Visitor,False,True
0,0.0,0,0.0,34,655.04,0.0,0.02,0.0,0.0,Dec,1,1,1,2,Returning_Visitor,False,False
0,0.0,0,0.0,27,580.25,0.02,0.04,0.0,0.0,Nov,3,2,1,2,Returning_Visitor,True,False
3,115.65,0,1.7,8,112.89,0.11,0.14,0.0,0.0,Jul,3,2,6,13,Returning_Visitor,False,False
0,0.0,0,0.0,6,206.88,0.14,0.13,0.0,0.0,May,3,2,1,3,Returning_Visitor,False,False
1,504.59,4,235.6,22,883.12,0.0,0.02,5.15,0.0,May,3,2,3,4,Returning_Visitor,False,False
3,154.0,0,3.2,6,1493.33,0.0,0.04,27.93,0.0,Aug,1,1,4,4,Returning_Visitor,False,True
0,1.42,0,4.76,19,401.9,0.1,0.09,0.0,0.03,Aug,1,1,2,1,Returning_Visitor,False,False
1,82.07,0,0.0,34,1177.51,0.01,0.04,0.0,0.0,Oct,2,2,1,2,Returning_Visitor,False,False
0,0.0,0,0.0,12,1424.6,0.0,0.02,0.0,0.0,Mar,1,1,3,2,Returning_Visitor,False,False
10,310.07,1,49.4,71,1441.97,0.0,0.01,5.68,0.04,Nov,1,1,2,1,Returning_Visitor,False,True
3,81.2,0,0.0,15,658.75,0.0,0.01,0.0,0.0,Nov,3,2,6,2,New_Visitor,False,False
0,0.0,0,2.49,12,304.75,0.0,0.03,0.02,0.8,May,1,1,3,4,Returning_Visitor,False,False
0,2.97,0,0.0,1,4.96,0.14,0.14,0.0,0.03,Mar,2,4,1,1,Returning_Visitor,False,False
2,76.77,2,9.0,17,1306.31,0.01,0.04,0.0,0.0,Sep,2,2,3,5,Returning_Visitor,False,False
3,45.0,1,87.0,26,485.83,0.01,0.02,0.0,0.04,May,1,1,1,2,Returning_Visitor,True,False
2,175.01,0,0.0,23,625.3,0.02,0.03,0.0,0.03,Dec,2,2,3,3,Returning_Visitor,False,False
2,196.15,0,9.39,141,2623.58,0.0,0.01,12.51,0.03,Nov,2,2,6,2,Returning_Visitor,False,False
2,116.8,0,0.0,5,170.4,0.01,0.03,88.07,0.0,Nov,2,2,3,2,New_Visitor,False,True
4,47.3,1,3.66,32,1870.97,0.0,0.04,0.0,0.06,Aug,2,2,9,2,Returning_Visitor,False,False
1,53.4,0,18.55,134,13453.25,0.0,0.01,0.0,0.03,Nov,2,2,1,2,Returning_Visitor,False,False
4,57.0,0,0.0,6,81.0,0.0,0.03,0.04,0.0,Mar,1,1,8,10,Returning_Visitor,False,False
9,319.83,1,18.0,10,1515.5,0.0,0.02,0.0,0.0,Dec,3,1,5,2,Returning_Visitor,False,False
0,1.34,0,0.0,10,336.87,0.02,0.04,0.01,0.03,Dec,3,2,3,1,Returning_Visitor,True,False
1,61.65,7,380.96,102,3025.29,0.03,0.02,11.43,0.05,Sep,3,2,1,2,Returning_Visitor,False,False
6,1922.0,0,1.99,30,941.67,0.02,0.04,0.03,0.03,Nov,3,2,6,3,Returning_Visitor,False,False
0,0.0,0,31.87,66,1514.84,0.02,0.04,0.0,0.0,Dec,2,2,6,2,Returning_Visitor,False,False
0,0.0,0,0.0,1,11.32,0.14,0.2,0.02,0.0,Dec,3,2,7,2,Returning_Visitor,False,False
1,27.2,0,0.0,12,396.0,0.0,0.02,0.0,0.0,Nov,2,4,1,2,Returning_Visitor,False,False
0,0.0,0,0.0,53,1170.73,0.01,0.03,31.9,0.03,Aug,2,2,2,2,Returning_Visitor,False,True
0,3.21,0,0.0,3,1487.14,0.01,0.05,0.0,0.4,May,2,2,1,1,Returning_Visitor,False,False
4,85.4,0,0.0,11,139.5,0.0,0.02,0.11,0.0,Dec,2,2,3,8,New_Visitor,False,False
0,0.0,0,0.0,1,0.0,0.2,0.2,0.0,0.0,May,1,1,3,3,Returning_Visitor,False,False
3,80.0,0,8.28,79,3855.2,0.01,0.03,0.0,0.6,May,3,2,3,4,Returning_Visitor,False,False
5,77.0,0,7.83,94,3210.85,0.0,0.02,0.0,0.03,Oct,2,2,3,2,Returning_Visitor,True,False
2,85.07,0,0.0,32,4316.83,0.0,0.0,30.84,0.04,Dec,8,13,9,20,Other,False,True
0,0.0,0,0.0,5,19.92,0.2,0.2,0.03,0.0,Dec,8,13,9,20,Other,False,False
4,80.0,0,13.41,31,2221.0,0.0,0.01,0.0,0.0,Nov,2,2,9,2,Returning_Visitor,False,False
3,14.0,0,0.0,30,513.94,0.0,0.01,38.11,0.0,May,2,2,4,13,Returning_Visitor,False,False
0,14.82,0,0.0,13,562.25,0.0,0.02,34.97,0.03,Nov,1,1,1,2,New_Visitor,False,True
0,0.0,0,0.0,5,58.13,0.0,0.04,0.0,0.0,Mar,2,2,7,2,Returning_Visitor,False,False
6,188.41,4,66.0,50,2871.26,0.0,0.01,11.8,0.0,May,1,1,1,2,Returning_Visitor,False,False
0,0.0,2,4.39,99,2622.6,0.02,0.03,0.0,0.04,Nov,3,2,2,13,Returning_Visitor,False,True
2,268.0,2,65.47,34,1679.67,0.01,0.03,0.0,0.0,Nov,3,2,1,2,Returning_Visitor,True,False
1,134.0,0,0.0,21,1429.62,0.0,0.01,0.01,0.0,Nov,1,1,2,2,New_Visitor,False,False
3,82.29,0,0.0,30,2136.0,0.0,0.01,0.01,0.2,May,2,2,1,2,New_Visitor,False,False
2,32.0,0,0.0,11,155.83,0.01,0.03,0.5,0.2,May,2,2,3,4,Returning_Visitor,False,False
8,636.0,0,0.0,52,3374.02,0.0,0.01,108.09,0.03,Nov,2,2,3,2,Returning_Visitor,False,True
0,0.0,0,0.0,27,1434.66,0.01,0.02,1.33,0.0,Mar,1,1,2,3,Returning_Visitor,True,False
0,0.0,0,4.13,34,3025.33,0.0,0.01,0.0,0.0,Aug,1,1,1,4,Returning_Visitor,False,False
4,181.27,1,163.3,120,3283.72,0.0,0.02,2.44,0.0,Nov,1,2,1,2,Returning_Visitor,False,False
0,0.0,0,0.0,5,64.02,0.0,0.04,0.0,0.0,Nov,3,2,3,13,Returning_Visitor,False,False
0,0.0,0,0.0,31,445.62,0.02,0.03,0.0,0.03,Nov,2,2,2,3,Returning_Visitor,False,False
6,218.57,0,0.0,29,1760.61,0.0,0.01,16.82,0.03,Nov,2,2,3,2,Returning_Visitor,False,True
0,8.21,0,0.0,13,257.0,0.04,0.08,0.0,0.0,Feb,1,1,2,2,Returning_Visitor,True,False
0,1.19,2,218.04,16,794.54,0.02,0.09,0.01,0.0,Dec,1,1,3,2,Returning_Visitor,False,False
2,69.8,0,0.0,87,1764.18,0.01,0.03,0.0,0.0,June,2,6,1,1,Returning_Visitor,False,False
0,0.0,0,1.43,34,1492.95,0.0,0.0,0.01,0.2,May,3,2,3,6,Returning_Visitor,False,False
0,2.69,0,0.48,1,2.68,0.14,0.14,0.0,0.0,Mar,2,2,1,1,Returning_Visitor,False,False
4,116.0,1,8.0,59,1828.77,0.0,0.02,26.94,0.0,May,2,2,7,6,Returning_Visitor,False,False
0,0.0,1,21.25,8,1475.45,0.02,0.04,5.09,0.0,Nov,1,1,3,1,Returning_Visitor,False,True
1,56.5,1,18.39,87,2504.87,0.02,0.04,0.0,0.03,Nov,1,1,1,2,Returning_Visitor,True,False
3,95.48,0,0.0,25,1570.0,0.01,0.02,0.0,0.03,May,2,2,2,1,Returning_Visitor,False,False
0,20.75,0,0.0,33,735.44,0.0,0.0,0.0,0.0,Nov,4,1,4,2,Returning_Visitor,False,False
0,8.69,0,0.0,26,1500.86,0.02,0.02,0.0,0.0,Nov,3,2,3,2,Returning_Visitor,True,False
2,93.98,1,0.0,5,90.75,0.02,0.04,0.2,0.0,Sep,3,2,8,3,Returning_Visitor,False,False
2,67.0,0,0.0,11,234.64,0.05,0.06,0.45,0.03,Nov,3,2,3,8,New_Visitor,True,False
3,7.12,6,1043.93,73,3585.18,0.01,0.02,0.0,0.03,Nov,3,2,5,2,Returning_Visitor,False,False
0,0.0,0,0.0,12,250.8,0.0,0.01,0.0,0.0,Dec,2,2,4,3,Returning_Visitor,False,False
1,19.75,1,0.0,29,942.4,0.05,0.08,0.11,0.0,Dec,3,2,1,2,Returning_Visitor,False,False
0,373.62,0,10.23,191,3677.26,0.01,0.02,0.0,0.03,Aug,2,2,6,2,Returning_Visitor,False,False
1,87.61,0,0.0,10,307.26,0.01,0.03,0.02,0.0,Oct,2,6,2,20,Returning_Visitor,True,True
0,0.0,0,0.0,5,251.67,0.03,0.01,0.0,0.0,Mar,3,2,1,6,Returning_Visitor,True,False
2,86.49,0,2.25,89,1939.0,0.0,0.02,0.0,0.03,Dec,1,1,1,3,Returning_Visitor,False,False
0,0.0,0,0.0,25,1512.52,0.0,0.02,0.0,0.0,Mar,2,2,3,11,Returning_Visitor,False,False
0,0.0,0,0.0,13,197.2,0.03,0.04,0.0,0.0,May,2,2,7,3,Returning_Visitor,False,False
15,831.62,0,0.0,23,845.28,0.0,0.01,1.53,0.0,Nov,2,2,7,20,Returning_Visitor,True,False
1,4.0,0,3.89,49,1493.62,0.02,0.05,0.0,0.66,May,2,2,7,2,Returning_Visitor,False,False
4,50.5,4,100.78,41,1490.55,0.0,0.01,0.0,0.03,Mar,2,2,1,2,Returning_Visitor,False,False
2,0.0,0,0.0,12,363.0,0.03,0.05,0.24,0.03,Nov,4,1,4,2,Returning_Visitor,False,False
3,125.1,2,34.6,34,1511.53,0.01,0.03,0.0,0.0,Aug,2,2,1,1,Returning_Visitor,True,False
0,0.0,0,1.93,12,315.78,0.0,0.03,0.0,0.03,Nov,3,2,9,2,Returning_Visitor,False,False
1,73.6,1,73.26,52,1761.16,0.0,0.02,0.01,0.0,Sep,2,2,1,1,Returning_Visitor,False,False
2,136.67,1,9.5,20,1544.26,0.0,0.01,0.01,0.0,Mar,2,2,3,2,Returning_Visitor,False,False
4,80.0,0,0.0,17,442.17,0.0,0.01,0.0,0.03,Nov,2,2,6,2,New_Visitor,True,False
10,85.01,1,183.99,111,2556.37,0.0,0.01,2.51,0.03,Nov,2,2,1,3,Returning_Visitor,False,False
5,603.8,0,15.9,58,5018.33,0.0,0.01,0.0,0.03,Oct,3,2,6,3,Returning_Visitor,False,False
1,14.0,1,5.96,134,6732.12,0.01,0.03,0.0,0.0,Nov,1,8,3,2,Returning_Visitor,False,False
3,45.0,2,31.0,37,1541.33,0.0,0.02,0.0,0.17,May,3,3,8,4,Returning_Visitor,False,False
1,13.0,0,0.0,13,220.21,0.0,0.0,0.0,0.0,May,2,2,7,6,Returning_Visitor,False,False
10,387.75,0,0.0,32,980.5,0.0,0.01,9.58,0.0,Nov,3,2,3,1,Returning_Visitor,False,True
0,0.0,0,0.0,6,57.0,0.14,0.12,0.01,0.0,Mar,2,2,4,1,Returning_Visitor,False,False
9,358.13,0,0.0,11,313.58,0.0,0.01,0.02,0.03,Nov,1,1,1,2,New_Visitor,False,False
4,92.0,0,0.0,20,473.0,0.0,0.0,0.0,0.0,May,3,2,3,1,Returning_Visitor,False,False
4,47.0,1,65.1,34,687.47,0.01,0.03,108.91,0.0,Nov,1,1,1,2,Returning_Visitor,True,True
0,0.0,0,0.0,2,121.0,0.0,0.05,0.12,0.0,May,3,2,1,3,Returning_Visitor,False,False
1,6.33,0,11.26,36,1378.17,0.0,0.03,0.0,0.03,Nov,2,2,1,2,Returning_Visitor,True,False
4,145.76,0,0.0,1,31.2,0.0,0.04,0.0,0.03,Sep,2,4,2,2,New_Visitor,True,False
12,279.42,0,0.0,42,1553.58,0.01,0.02,38.31,0.0,Dec,1,1,3,2,Returning_Visitor,False,False
0,0.0,0,0.0,11,3291.0,0.02,0.06,0.0,0.0,May,3,2,1,13,Returning_Visitor,False,False
3,45.42,0,0.0,35,1410.07,0.0,0.03,19.78,0.03,Dec,2,2,1,8,Returning_Visitor,False,False
3,80.97,0,0.0,34,366.62,0.01,0.0,0.0,0.0,Jul,1,1,2,4,New_Visitor,False,False
5,140.8,0,254.75,61,1740.05,0.01,0.02,14.62,0.03,Nov,2,2,2,2,Returning_Visitor,True,False
3,215.4,0,6.41,19,1221.7,0.0,0.04,0.0,0.0,June,1,2,1,2,New_Visitor,False,False
0,0.0,0,0.0,8,127.0,0.0,0.04,65.99,0.03,May,2,2,1,11,Returning_Visitor,False,True
0,0.0,0,0.0,8,397.87,0.0,0.05,0.01,0.0,Mar,1,1,1,3,Returning_Visitor,True,False
2,103.05,0,0.0,18,168.2,0.0,0.03,4.78,0.0,Oct,2,7,1,20,Returning_Visitor,True,True
4,57.0,1,0.0,35,479.87,0.0,0.02,0.0,0.0,Mar,1,1,1,2,Returning_Visitor,False,False
2,42.5,0,7.67,48,970.42,0.01,0.03,5.54,0.04,May,2,2,4,4,Returning_Visitor,False,True
0,0.0,0,426.2,10,157.07,0.0,0.02,33.73,0.0,June,2,2,3,2,Returning_Visitor,False,True
2,143.58,1,112.84,140,7793.16,0.0,0.0,59.42,0.03,Nov,3,2,1,2,Returning_Visitor,False,True
1,13.15,0,0.0,34,1489.86,0.0,0.01,57.04,0.0,Aug,2,2,4,1,Returning_Visitor,False,True
1,80.58,0,0.0,22,710.67,0.0,0.02,0.01,0.03,May,2,4,3,4,Returning_Visitor,False,False
0,0.0,2,30.67,13,307.57,0.01,0.05,0.01,1.0,May,1,1,1,2,Returning_Visitor,True,False
1,84.93,0,0.0,8,183.0,0.0,0.01,0.0,0.0,May,1,1,1,4,Returning_Visitor,False,False
1,1172.0,0,0.0,24,1615.82,0.01,0.03,0.59,0.03,Mar,1,8,2,6,Returning_Visitor,False,False
6,74.4,0,10.6,72,2810.8,0.0,0.02,0.0,0.0,Sep,2,2,3,4,Returning_Visitor,True,False
3,23.0,0,0.0,6,83.0,0.0,0.01,0.08,0.0,Mar,2,2,6,2,New_Visitor,False,False
3,0.0,0,0.0,15,1332.83,0.01,0.01,0.0,0.0,Mar,2,5,4,2,Returning_Visitor,True,False
5,136.35,0,0.0,26,986.92,0.0,0.01,45.7,0.0,May,6,2,4,5,Returning_Visitor,False,False
7,97.33,2,447.5,38,1498.92,0.0,0.01,0.0,0.0,Nov,1,1,8,2,Returning_Visitor,False,False
0,0.0,0,0.0,9,1511.84,0.02,0.06,0.0,0.0,Nov,2,4,4,2,Returning_Visitor,False,False
3,47.67,0,4.78,83,1536.21,0.0,0.01,28.94,0.04,May,2,2,7,3,Returning_Visitor,False,False
3,83.15,0,0.0,5,84.0,0.0,0.03,0.0,0.0,Dec,3,2,1,4,Returning_Visitor,False,False
2,36.0,0,0.0,12,142.0,0.01,0.01,0.0,0.0,Mar,3,2,1,8,New_Visitor,False,False
0,0.0,0,5.74,11,1232.08,0.0,0.0,0.0,0.0,Nov,1,1,1,2,New_Visitor,False,False
0,0.0,0,0.0,19,806.83,0.0,0.01,28.03,0.2,Dec,2,2,2,2,Returning_Visitor,False,True
3,126.89,1,70.0,29,705.4,0.0,0.02,0.04,0.0,Dec,2,2,1,1,Returning_Visitor,False,False
4,92.64,1,41.0,33,515.0,0.0,0.01,0.12,0.05,Mar,3,2,1,6,Returning_Visitor,True,False
5,69.5,4,116.0,34,2839.75,0.0,0.01,6.28,0.0,May,2,4,9,2,New_Visitor,False,False
0,0.0,0,26.03,37,918.54,0.01,0.01,0.0,0.0,Nov,1,1,1,2,New_Visitor,True,True
3,215.5,0,0.82,34,1238.07,0.0,0.02,0.0,0.03,May,3,2,3,13,Returning_Visitor,False,False
0,0.0,0,0.0,5,120.79,0.01,0.01,11.81,0.0,June,2,2,1,2,Returning_Visitor,False,True
2,83.04,0,9.78,24,589.8,0.02,0.06,5.68,0.0,Sep,2,2,3,1,Returning_Visitor,True,False
0,2.41,0,0.16,5,62.0,0.14,0.14,0.0,0.0,Mar,3,2,3,1,Returning_Visitor,False,False
4,99.12,0,0.0,33,876.3,0.01,0.02,0.95,0.03,Nov,4,1,7,3,Returning_Visitor,False,False
1,0.0,0,0.0,6,1054.3,0.07,0.02,0.0,0.0,Jul,2,12,6,3,Returning_Visitor,False,False
3,149.18,1,97.1,68,3008.12,0.01,0.02,46.53,0.03,Mar,2,2,1,1,Returning_Visitor,False,False
3,27.0,0,6.62,34,1565.19,0.02,0.04,6.72,0.6,May,2,2,1,3,Returning_Visitor,False,True
1,1474.5,2,11.5,129,5293.82,0.01,0.02,2.52,0.03,May,2,2,3,1,Returning_Visitor,False,False
3,78.0,0,0.0,27,672.58,0.01,0.04,8.08,0.03,May,2,2,1,4,Returning_Visitor,False,True
0,0.0,0,0.0,40,1530.25,0.0,0.03,0.0,0.03,Mar,3,2,1,2,Returning_Visitor,False,False
0,50.27,0,0.0,6,305.58,0.07,0.11,0.0,0.0,Nov,4,2,3,13,Returning_Visitor,False,False
4,97.8,0,9.32,53,1228.29,0.02,0.04,0.0,0.03,Aug,1,1,2,1,Returning_Visitor,False,False
0,0.0,0,0.0,45,1594.28,0.0,0.02,45.43,0.0,Mar,2,2,1,2,Returning_Visitor,True,True
1,86.87,0,0.0,1,73.58,0.05,0.14,0.04,0.0,Nov,3,2,3,3,Returning_Visitor,False,True
3,85.32,0,45.85,34,1266.27,0.0,0.04,0.0,0.0,Mar,2,2,3,2,Returning_Visitor,False,False
0,0.0,0,0.0,22,2473.25,0.01,0.01,0.0,0.0,May,3,2,3,2,Returning_Visitor,False,False
0,0.0,0,0.0,12,193.37,0.02,0.02,0.0,0.03,Nov,3,2,1,13,New_Visitor,True,False
0,0.0,0,0.0,20,1485.52,0.02,0.04,0.01,0.6,May,1,2,1,2,Returning_Visitor,False,False
0,0.0,0,0.0,9,254.61,0.02,0.0,0.0,0.0,Nov,3,2,1,13,Returning_Visitor,False,False
0,0.0,0,0.0,38,1496.84,0.0,0.04,0.0,0.0,Dec,3,2,1,2,Returning_Visitor,False,False
0,0.0,0,0.0,29,1488.0,0.01,0.01,0.0,0.03,Mar,1,6,1,1,Returning_Visitor,False,False
0,313.09,4,19.83,139,3083.05,0.0,0.01,8.87,0.03,Dec,2,5,3,2,Returning_Visitor,False,False
4,190.75,0,0.0,34,1604.79,0.0,0.01,0.0,0.0,Dec,3,2,1,2,Returning_Visitor,True,False
0,0.0,0,0.0,3,61.98,0.14,0.14,0.0,0.0,Feb,2,2,9,3,Returning_Visitor,False,False
0,0.0,0,0.0,8,122.75,0.0,0.03,0.14,0.03,Nov,3,2,1,2,New_Visitor,False,False
0,0.7,0,0.0,33,1487.2,0.02,0.06,0.0,0.0,Mar,2,4,6,1,Returning_Visitor,False,False
3,100.0,0,0.0,40,1570.11,0.0,0.01,0.0,0.0,May,2,2,4,2,Returning_Visitor,False,False
0,0.0,0,0.0,33,472.36,0.01,0.01,0.0,0.0,Nov,1,1,9,2,Returning_Visitor,False,False
2,0.0,0,0.0,7,578.2,0.0,0.04,39.14,0.0,May,2,5,3,2,Returning_Visitor,True,True
3,82.17,1,22.0,39,1500.32,0.0,0.02,0.0,0.0,Nov,2,10,7,2,Returning_Visitor,False,False
3,161.35,0,0.0,34,251.9,0.0,0.03,0.0,0.04,Nov,1,1,1,2,Returning_Visitor,True,False
6,81.06,1,58.95,54,2407.32,0.0,0.02,0.02,0.04,May,3,2,3,4,Returning_Visitor,False,False
2,7.0,0,0.0,34,541.21,0.01,0.04,0.0,0.0,Nov,1,1,3,2,Returning_Visitor,True,False
5,86.17,1,13.0,31,1546.5,0.02,0.02,9.14,0.03,May,2,2,1,2,Returning_Visitor,True,False
0,1.05,0,5.77,14,1613.11,0.01,0.03,0.0,0.0,Dec,3,2,3,2,Returning_Visitor,True,False
3,59.0,1,94.0,21,1731.2,0.0,0.02,53.66,0.0,May,1,1,6,3,Returning_Visitor,False,True
4,91.97,0,0.0,2,211.44,0.03,0.02,0.0,0.0,Dec,1,1,8,2,New_Visitor,False,False
0,0.0,0,0.0,29,631.78,0.02,0.05,0.0,0.0,Nov,2,2,1,1,Returning_Visitor,False,False
7,154.93,0,0.0,31,910.04,0.02,0.03,5.32,0.0,Jul,1,1,3,1,Returning_Visitor,False,False
1,55.5,0,2.28,53,4048.58,0.01,0.02,0.0,0.0,Dec,4,1,1,1,Returning_Visitor,False,False
4,61.5,0,0.0,34,1115.88,0.0,0.0,0.0,0.0,May,3,2,1,2,New_Visitor,False,False
1,116.0,0,0.0,33,1512.67,0.0,0.03,27.82,0.04,May,1,1,3,4,Returning_Visitor,True,True
9,335.94,1,91.71,80,1143.37,0.0,0.02,12.45,0.03,May,1,1,3,2,Returning_Visitor,True,False
2,147.0,0,12.38,2,158.83,0.0,0.05,0.0,0.0,June,2,2,1,2,New_Visitor,False,False
3,17.0,0,5.39,71,2086.67,0.01,0.02,0.0,0.0,Dec,2,2,7,3,Returning_Visitor,False,False
0,0.0,1,5.64,143,8060.96,0.0,0.01,0.0,0.03,Nov,2,2,7,2,Returning_Visitor,False,False
6,471.82,3,33.0,19,1579.51,0.06,0.03,0.0,0.2,May,3,2,6,1,Returning_Visitor,False,False
0,0.0,0,0.0,19,1210.1,0.0,0.01,0.0,0.0,May,1,1,3,10,Returning_Visitor,False,False
5,81.4,0,0.0,16,866.5,0.0,0.01,0.0,0.0,May,2,2,1,2,Returning_Visitor,False,False
3,100.07,0,0.0,30,310.34,0.0,0.0,28.52,0.0,Jul,2,2,5,2,Returning_Visitor,True,True
2,46.3,0,0.0,2,48.4,0.0,0.05,0.0,0.0,Oct,1,1,1,3,Returning_Visitor,False,False
0,0.0,0,1.81,8,65.4,0.05,0.15,0.0,0.0,Aug,1,1,1,3,Returning_Visitor,False,False
0,0.0,0,0.0,6,332.0,0.0,0.03,0.01,0.0,May,2,5,4,2,Returning_Visitor,False,False
0,0.76,0,0.0,1,0.0,0.2,0.2,0.0,0.0,Mar,1,1,1,3,Returning_Visitor,False,False
0,0.0,0,0.0,13,1985.0,0.02,0.05,8.76,0.03,Nov,4,1,7,2,Returning_Visitor,False,False
8,205.25,0,14.18,155,4502.51,0.0,0.01,3.8,0.0,Nov,2,2,1,2,Returning_Visitor,False,True
3,42.0,0,0.0,24,1381.73,0.02,0.02,0.05,0.04,May,3,2,4,3,Returning_Visitor,False,False
0,8.22,0,0.0,47,1481.87,0.0,0.02,0.0,0.0,Dec,2,2,2,1,Returning_Visitor,False,False
4,183.6,0,0.0,33,457.9,0.0,0.02,0.0,0.0,Nov,2,1,1,4,Returning_Visitor,True,False
3,80.58,0,9.25,8,257.36,0.0,0.02,0.0,0.0,Dec,2,2,7,2,New_Visitor,False,False
0,0.0,0,0.0,6,103.18,0.07,0.13,0.0,0.8,May,2,2,4,2,Returning_Visitor,False,False
5,90.42,2,118.75,21,398.0,0.01,0.02,0.0,0.0,Dec,2,2,9,2,New_Visitor,False,False
10,117.5,0,0.0,17,1497.22,0.0,0.02,0.01,0.0,May,2,2,1,13,Returning_Visitor,False,False
0,0.0,2,30.95,34,1122.27,0.05,0.07,0.05,0.8,May,2,2,4,6,Returning_Visitor,False,False
3,19.0,1,0.0,56,2954.76,0.01,0.04,0.0,0.04,May,2,2,3,6,Returning_Visitor,False,False
0,0.0,1,20.0,13,816.95,0.03,0.05,0.0,0.0,May,3,2,8,1,Returning_Visitor,False,False
4,13.0,0,0.0,52,1380.17,0.01,0.02,21.11,0.0,Nov,2,2,3,2,Returning_Visitor,True,False
0,1.87,0,0.0,6,95.0,0.01,0.06,0.0,0.0,Mar,8,2,1,3,Returning_Visitor,False,False
2,0.0,0,2.16,13,485.6,0.0,0.02,0.0,0.0,Dec,2,2,1,2,New_Visitor,False,False
3,61.0,0,0.0,31,1470.42,0.01,0.01,0.0,0.04,May,1,2,1,3,New_Visitor,False,False
1,4.0,0,2.72,31,1075.76,0.0,0.04,0.0,0.0,May,2,6,2,11,New_Visitor,False,False
4,86.02,0,0.0,16,1581.33,0.0,0.03,18.86,0.0,Mar,1,1,8,10,Returning_Visitor,False,False
1,4.75,2,78.0,67,1231.14,0.0,0.01,0.0,0.0,Mar,1,1,1,2,Returning_Visitor,False,False
2,88.0,0,8.75,17,95.5,0.0,0.02,0.02,0.0,May,1,2,3,2,New_Visitor,False,False
3,83.77,0,0.0,12,189.0,0.0,0.01,0.21,0.0,Dec,3,12,3,1,New_Visitor,False,False
0,0.0,0,1.54,4,1478.07,0.14,0.14,0.0,0.0,Aug,1,1,1,3,Returning_Visitor,False,False
0,0.0,0,0.0,15,259.67,0.0,0.02,0.02,0.0,May,2,2,2,2,Returning_Visitor,True,False
0,0.0,0,0.0,34,1477.43,0.0,0.02,0.0,0.66,May,2,2,2,4,Returning_Visitor,False,False
3,92.83,0,0.0,24,463.82,0.0,0.02,17.84,0.0,Mar,1,1,1,2,Returning_Visitor,False,True
0,4.48,0,0.0,2,0.0,0.14,0.2,0.0,0.0,May,2,2,1,3,Returning_Visitor,False,False
3,11.92,1,71.86,80,4099.74,0.0,0.01,16.88,0.07,Dec,3,2,1,2,Returning_Visitor,True,True
6,80.62,0,0.0,46,1098.52,0.01,0.02,0.0,0.0,Nov,1,1,4,8,Returning_Visitor,False,False
0,0.0,2,19.25,1,0.0,0.14,0.12,0.0,0.09,May,2,2,8,3,Returning_Visitor,False,False
0,0.0,1,57.0,5,1495.12,0.0,0.04,0.0,0.0,Mar,2,2,1,6,Returning_Visitor,False,False
0,0.0,0,0.0,57,1519.58,0.01,0.04,0.0,0.0,Nov,3,2,1,2,Returning_Visitor,True,False
0,3.59,0,1.57,9,215.57,0.0,0.04,0.01,0.0,May,1,1,1,3,Returning_Visitor,False,False
4,146.25,0,2.7,13,242.0,0.0,0.02,31.98,0.04,May,1,2,8,3,Returning_Visitor,False,True
0,0.0,0,0.0,6,177.5,0.0,0.04,0.0,0.0,Mar,2,2,5,1,Returning_Visitor,False,False
0,0.0,0,0.0,6,291.39,0.0,0.03,0.0,0.0,Mar,2,2,7,3,Returning_Visitor,False,False
1,146.0,0,0.0,7,221.4,0.03,0.02,0.0,0.0,Nov,1,1,4,3,Returning_Visitor,False,False
0,0.0,0,0.0,55,946.36,0.01,0.03,0.02,0.0,Nov,2,2,1,1,Returning_Visitor,True,False
8,498.22,2,132.15,36,1492.23,0.0,0.01,27.79,0.03,Dec,1,1,3,2,New_Visitor,False,False
2,195.4,1,3.71,93,6412.23,0.0,0.03,0.03,0.0,Sep,2,2,9,2,Returning_Visitor,False,True
0,1.38,0,0.0,1,0.0,0.2,0.2,0.0,0.0,Dec,1,1,1,2,Returning_Visitor,True,False
0,0.0,0,0.0,5,7.0,0.0,0.1,0.03,0.0,May,2,2,4,1,Returning_Visitor,False,False
3,32.94,1,0.0,10,128.5,0.03,0.09,0.0,0.0,Nov,3,2,3,6,Returning_Visitor,True,False
0,1.84,0,0.0,4,58.05,0.13,0.1,0.0,0.6,May,2,5,1,3,Returning_Visitor,False,False
1,83.72,0,7.88,13,1501.54,0.0,0.02,25.45,0.0,Nov,1,1,4,2,New_Visitor,False,True
1,206.0,2,69.5,65,1140.79,0.0,0.02,39.16,0.0,Nov,2,2,1,2,Returning_Visitor,False,True
0,2.86,0,0.72,2,0.0,0.2,0.2,0.02,0.0,June,3,2,3,13,Returning_Visitor,False,False
4,142.5,0,13.29,48,1052.26,0.0,0.01,0.0,0.0,Feb,1,8,6,11,Returning_Visitor,False,False
0,1.49,0,2.9,51,507.5,0.01,0.01,12.01,0.0,Oct,2,2,1,1,Returning_Visitor,True,True
0,0.0,0,0.0,13,288.92,0.0,0.02,0.0,0.03,Nov,2,2,1,2,New_Visitor,False,False
0,0.0,0,0.0,24,1242.0,0.02,0.06,0.01,0.0,Nov,2,2,7,1,Returning_Visitor,False,False
1,0.0,0,2.79,15,1484.34,0.0,0.02,0.0,0.8,Feb,1,1,2,4,Returning_Visitor,True,False
0,0.0,0,0.0,1,0.0,0.14,0.2,0.01,0.0,May,1,1,4,3,Returning_Visitor,False,False
1,75.28,0,0.0,16,597.6,0.0,0.01,0.0,0.0,Mar,1,1,3,2,Returning_Visitor,False,False
0,0.0,1,0.0,26,1491.16,0.0,0.01,0.0,0.0,Nov,2,2,3,2,Returning_Visitor,False,False
0,244.25,0,0.0,34,4006.36,0.01,0.03,11.1,0.04,Nov,2,7,1,1,Returning_Visitor,False,False
0,0.0,0,0.0,33,1480.36,0.06,0.1,0.0,0.8,May,2,2,1,13,Returning_Visitor,False,False
0,0.0,0,0.53,6,1350.19,0.0,0.05,0.0,0.0,Nov,2,2,8,2,Returning_Visitor,False,False
1,8.0,0,0.0,34,1490.24,0.0,0.01,0.0,0.0,Nov,2,2,1,1,Returning_Visitor,False,False
0,0.0,1,16.0,8,308.0,0.01,0.03,35.09,0.03,May,2,4,1,2,Returning_Visitor,False,True
0,0.0,0,0.0,1,0.0,0.14,0.2,0.0,0.0,Mar,2,2,8,1,Returning_Visitor,False,False
6,111.0,0,0.0,13,1536.53,0.0,0.01,36.65,0.0,May,2,2,2,2,New_Visitor,False,True
5,87.4,1,12.25,33,1799.47,0.01,0.03,0.0,0.0,May,1,1,3,3,Returning_Visitor,False,False
0,23.71,0,0.0,15,872.83,0.0,0.03,0.0,0.0,Mar,2,2,2,3,Returning_Visitor,True,False
0,0.0,0,0.0,18,491.75,0.0,0.02,0.0,0.0,Dec,2,2,1,11,New_Visitor,False,False
4,85.44,0,0.0,34,452.58,0.0,0.01,39.18,0.0,May,2,2,2,2,New_Visitor,False,True
0,1.51,0,0.0,5,56.0,0.03,0.08,0.0,0.0,Mar,2,5,1,1,Returning_Visitor,True,False
0,0.91,0,0.0,34,209.83,0.0,0.03,0.0,0.0,May,2,2,1,13,Returning_Visitor,False,False
0,0.0,0,2.02,24,674.5,0.04,0.04,0.01,1.0,May,3,3,3,3,Returning_Visitor,True,False
3,54.5,0,43.79,68,3135.52,0.0,0.01,4.1,0.0,Mar,1,1,2,1,Returning_Visitor,False,False
2,37.0,0,4.63,25,1127.25,0.0,0.03,18.56,0.0,May,2,5,3,4,Returning_Visitor,False,False
9,311.25,0,6.7,139,3891.21,0.0,0.02,86.79,0.03,Dec,2,2,1,2,Returning_Visitor,False,False
0,0.0,0,0.81,5,351.66,0.0,0.04,0.0,0.03,Oct,2,4,9,3,Returning_Visitor,False,False
2,105.56,2,7.0,11,294.6,0.0,0.02,0.0,0.03,June,3,2,6,2,New_Visitor,False,False
0,0.0,0,0.0,2,807.75,0.0,0.1,0.03,0.0,Dec,1,1,2,2,New_Visitor,False,False
2,129.48,1,12.0,34,1486.59,0.0,0.01,0.0,0.0,Feb,1,1,2,2,New_Visitor,True,False
0,5.82,0,0.0,8,243.02,0.13,0.14,0.0,0.84,May,2,2,4,13,Returning_Visitor,False,False
1,82.38,0,8.45,6,104.25,0.0,0.01,0.15,0.0,Dec,2,5,7,11,New_Visitor,False,False
3,63.4,1,0.0,33,1499.63,0.06,0.09,0.01,0.0,Aug,3,2,1,2,Returning_Visitor,True,False
0,0.0,0,0.0,50,1803.77,0.0,0.02,3.61,0.0,Mar,2,4,7,3,Returning_Visitor,True,True
0,0.0,2,45.0,11,624.0,0.0,0.05,0.0,0.0,Mar,2,2,4,10,Returning_Visitor,False,False
1,0.0,0,0.0,23,647.14,0.0,0.02,0.02,0.0,Nov,1,1,1,11,Returning_Visitor,True,False
4,22.9,0,0.0,145,5962.73,0.0,0.01,0.78,0.03,Nov,2,2,3,2,Returning_Visitor,True,True
0,0.0,0,0.0,1,0.0,0.2,0.2,0.01,0.0,May,2,2,4,1,Returning_Visitor,False,False
0,0.0,0,0.0,1,11.47,0.14,0.2,0.0,0.0,Mar,2,4,1,1,Returning_Visitor,True,False
13,210.43,0,7.83,154,6515.45,0.01,0.02,2.98,0.03,Nov,1,1,1,2,Returning_Visitor,False,True
3,84.16,0,0.0,13,311.79,0.0,0.0,34.04,0.03,Oct,2,2,1,5,New_Visitor,False,True
1,295.2,3,16.52,80,1242.06,0.0,0.02,0.0,0.0,Nov,2,2,3,2,Returning_Visitor,False,False
0,122.2,0,0.0,3,10.0,0.0,0.07,0.0,0.0,Mar,2,2,7,1,Returning_Visitor,False,False
3,117.67,0,0.0,74,1492.96,0.01,0.03,0.0,0.03,Aug,2,2,7,1,Returning_Visitor,False,False
0,0.0,0,0.0,1,11.0,0.0,0.1,0.04,0.0,Dec,1,1,3,1,Returning_Visitor,False,False
2,148.21,1,139.5,133,3714.35,0.0,0.01,0.0,0.0,Nov,2,2,1,2,Returning_Visitor,False,False
4,82.0,0,0.0,32,1040.17,0.01,0.04,0.0,0.0,May,2,2,2,3,Returning_Visitor,False,False
1,7.66,0,0.0,14,336.88,0.0,0.04,30.22,0.0,Sep,1,2,1,4,Returning_Visitor,False,True
0,0.0,0,0.0,1,0.0,0.14,0.14,0.0,0.0,May,2,2,1,4,Returning_Visitor,False,False
3,32.2,0,2.35,35,1199.62,0.0,0.01,0.0,0.03,Sep,2,2,2,3,Returning_Visitor,True,True
1,14.69,0,8.41,33,248.9,0.0,0.03,0.0,0.8,May,1,1,3,2,Returning_Visitor,False,False
3,251.81,2,78.96,37,1502.29,0.0,0.01,4.68,0.03,Nov,1,1,1,2,Returning_Visitor,False,False
0,51.1,0,0.0,14,266.02,0.0,0.04,0.01,0.03,Mar,3,2,1,1,Returning_Visitor,True,False
0,1.61,0,0.0,6,1496.68,0.0,0.04,0.04,0.0,Dec,4,1,3,2,Returning_Visitor,True,False
3,88.1,0,0.0,34,255.3,0.0,0.03,0.16,0.0,Aug,2,2,1,6,Returning_Visitor,False,False
1,293.58,0,16.51,161,3457.63,0.01,0.02,15.99,0.03,Nov,2,5,7,2,Returning_Visitor,True,True
0,0.0,0,0.0,26,1488.1,0.0,0.02,0.0,0.04,June,3,7,4,4,Returning_Visitor,False,False
0,0.0,0,0.0,6,43.2,0.0,0.04,0.0,0.03,Jul,3,2,4,3,Returning_Visitor,False,False
0,0.0,0,0.0,11,1027.0,0.0,0.05,0.0,0.0,Nov,2,2,2,3,Returning_Visitor,False,False
0,1.39,0,0.0,12,640.38,0.02,0.03,0.0,0.03,Mar,1,1,5,1,Returning_Visitor,True,False
0,1.45,0,0.0,2,124.57,0.0,0.14,0.0,0.0,May,1,1,3,3,Returning_Visitor,False,False
1,85.31,3,264.17,31,1493.08,0.0,0.01,10.32,0.0,Mar,2,2,2,2,Returning_Visitor,False,False
1,73.0,0,0.0,19,1603.16,0.0,0.01,0.0,0.0,Nov,2,2,3,6,Returning_Visitor,False,False
2,19.97,0,3.75,10,198.75,0.0,0.04,0.0,0.04,Nov,2,2,3,20,Returning_Visitor,False,False
0,0.0,0,0.0,3,29.0,0.0,0.07,0.0,0.0,May,2,2,1,4,Returning_Visitor,True,False
12,337.54,2,120.77,32,1606.51,0.01,0.03,0.0,0.0,Dec,2,2,1,2,Returning_Visitor,False,False
3,0.0,0,2.02,150,3147.58,0.01,0.01,0.0,0.03,May,2,2,5,3,Returning_Visitor,False,False
4,46.46,0,10.7,82,2875.62,0.0,0.01,27.76,0.03,Nov,2,4,3,2,Returning_Visitor,False,True
4,367.0,2,2256.92,50,8386.26,0.0,0.04,0.0,0.03,Dec,2,2,1,2,Returning_Visitor,False,False
3,28.0,0,0.0,20,633.75,0.0,0.02,32.44,0.0,Dec,2,10,1,2,Returning_Visitor,True,True
0,20.78,0,1.48,25,1490.76,0.0,0.04,0.0,0.03,May,2,2,3,1,Returning_Visitor,True,False
0,0.0,0,0.0,1,505.44,0.12,0.2,0.0,0.0,May,4,2,3,4,Returning_Visitor,False,False
0,0.0,0,0.0,1,8.49,0.14,0.14,0.0,0.0,Aug,3,2,1,13,Returning_Visitor,False,False
0,0.0,0,0.0,2,77.06,0.0,0.05,1.17,0.6,May,1,2,2,4,New_Visitor,False,False
5,82.01,0,9.79,38,2246.17,0.02,0.01,0.0,0.03,May,1,1,3,3,Returning_Visitor,False,False
1,0.0,0,0.0,2,110.79,0.0,0.1,0.16,0.0,May,2,2,3,6,Returning_Visitor,False,False
3,102.8,0,0.0,25,1109.23,0.0,0.0,61.3,0.03,Aug,2,2,1,5,New_Visitor,False,True
0,0.0,1,105.13,17,526.38,0.05,0.05,0.0,0.0,June,3,2,6,13,Returning_Visitor,False,False
4,55.33,0,0.0,11,234.99,0.0,0.02,0.0,0.0,Mar,2,2,3,1,Returning_Visitor,False,False
0,0.0,0,0.0,41,451.71,0.01,0.02,0.0,0.0,Nov,2,2,6,11,Returning_Visitor,False,False
2,82.52,0,0.0,18,1442.84,0.02,0.04,0.0,0.0,Mar,2,2,4,1,Returning_Visitor,False,False
0,1.26,0,0.0,1,0.0,0.2,0.2,0.0,0.03,Nov,1,1,3,3,Returning_Visitor,False,False
0,0.0,0,0.0,2,62.0,0.0,0.05,0.37,0.0,Mar,1,1,2,10,Returning_Visitor,False,False
1,83.57,0,0.0,12,541.54,0.0,0.01,115.78,0.03,Nov,2,2,3,2,New_Visitor,True,True
1,80.37,1,11.0,9,66.83,0.01,0.02,0.0,0.03,Nov,2,2,1,8,New_Visitor,False,False
0,0.0,0,1.78,28,208.79,0.0,0.05,0.01,0.0,Dec,3,2,1,1,Returning_Visitor,True,False
3,166.0,1,140.0,35,1859.19,0.03,0.04,0.0,0.0,May,2,2,6,1,Returning_Visitor,True,False
0,0.0,0,0.0,43,544.83,0.0,0.04,0.0,0.0,May,1,1,3,2,Returning_Visitor,True,False
0,1.83,0,0.0,53,2051.47,0.0,0.02,0.0,0.03,Nov,2,2,1,2,Returning_Visitor,False,True
3,64.0,0,8.74,34,619.4,0.0,0.01,29.56,0.0,May,2,2,3,2,Returning_Visitor,False,True
0,24.39,0,0.0,7,2478.0,0.03,0.06,0.0,0.0,Nov,2,2,1,11,Returning_Visitor,True,True
0,0.0,1,0.0,8,102.0,0.0,0.13,0.0,0.4,May,2,2,1,2,Returning_Visitor,False,False
1,6.0,0,5.11,61,3545.19,0.01,0.06,0.01,0.6,May,2,2,4,2,Returning_Visitor,False,False
3,46.9,0,0.0,26,561.4,0.0,0.01,53.89,0.0,Nov,2,5,1,5,New_Visitor,True,True
2,23.0,0,32.14,39,1828.97,0.0,0.02,20.59,0.0,Nov,1,1,1,2,Returning_Visitor,True,True
1,253.15,0,2.63,29,1839.13,0.01,0.02,0.0,0.0,Sep,3,2,3,13,Returning_Visitor,True,False
0,1.13,0,0.0,5,741.4,0.05,0.08,0.0,0.0,Mar,2,2,2,1,Returning_Visitor,False,False
2,175.93,0,7.33,229,6606.78,0.0,0.02,8.9,0.03,Nov,2,2,1,2,Returning_Visitor,False,True
0,0.0,0,0.0,3,58.2,0.0,0.07,0.0,0.03,Dec,1,1,8,2,Returning_Visitor,False,False
1,224.3,5,487.0,74,1845.96,0.0,0.02,34.68,0.0,Nov,2,2,1,10,Returning_Visitor,False,True
6,332.15,10,403.0,34,665.57,0.01,0.0,38.9,0.03,Mar,3,2,8,8,Returning_Visitor,False,False
3,155.49,0,0.86,34,2467.26,0.0,0.02,11.68,0.0,Dec,2,2,1,2,Returning_Visitor,False,False
0,2.09,0,2.01,7,98.5,0.07,0.1,0.0,0.0,Mar,1,1,6,1,Returning_Visitor,False,False
1,4.36,0,0.0,19,196.5,0.0,0.02,0.0,0.0,May,2,2,4,1,Returning_Visitor,True,False
0,1.9,0,0.0,1,0.0,0.2,0.2,0.02,0.08,May,2,2,1,1,Returning_Visitor,False,False
0,0.0,0,4.25,135,7091.7,0.02,0.04,0.0,0.0,Sep,2,2,2,1,Returning_Visitor,True,False
0,3.57,0,0.0,23,1531.73,0.03,0.04,0.0,0.56,May,3,2,1,1,Returning_Visitor,False,False
0,2.53,0,0.0,6,115.62,0.04,0.13,0.0,0.0,Nov,2,2,1,3,Returning_Visitor,False,False
3,31.5,0,0.0,12,956.5,0.0,0.04,0.0,0.0,Mar,2,2,1,13,Returning_Visitor,False,False
0,0.0,0,1.03,2,100.0,0.0,0.1,0.08,0.0,Nov,2,2,2,3,Returning_Visitor,True,False
3,53.5,0,0.0,34,1498.93,0.0,0.02,0.0,0.0,May,2,2,4,2,Returning_Visitor,False,False
0,0.0,0,0.0,11,1492.81,0.0,0.01,0.0,0.03,Dec,2,2,2,2,Returning_Visitor,False,False
1,12.0,0,0.0,22,380.81,0.02,0.01,0.0,0.0,Jul,1,2,3,2,Returning_Visitor,False,False
0,0.0,0,0.0,10,239.71,0.0,0.02,0.0,0.0,Nov,1,1,1,2,New_Visitor,True,False
3,80.63,1,161.0,34,1406.21,0.01,0.02,23.61,0.2,May,2,2,8,4,Returning_Visitor,False,True
0,0.0,0,0.0,1,4.25,0.2,0.14,0.01,0.0,Nov,7,1,1,3,Returning_Visitor,False,False
1,12.1,4,493.0,50,1572.49,0.0,0.02,0.0,0.03,Nov,2,2,1,2,Returning_Visitor,False,False
0,3.91,0,0.0,1,0.0,0.2,0.2,0.0,0.0,Dec,2,2,2,1,Returning_Visitor,False,False
0,0.0,0,0.0,10,145.04,0.01,0.02,0.0,0.0,Nov,4,2,4,1,Returning_Visitor,False,False
0,4.02,0,0.0,11,1197.8,0.0,0.01,0.0,0.03,Oct,2,2,3,20,Returning_Visitor,False,False
0,0.0,0,0.0,4,137.0,0.15,0.15,0.0,0.2,May,3,3,1,11,Returning_Visitor,False,False
6,219.06,0,0.0,34,2258.18,0.0,0.03,38.19,0.0,Nov,2,2,9,2,Returning_Visitor,False,False
0,0.0,0,0.0,15,1993.34,0.11,0.1,0.0,0.0,Dec,4,2,4,3,Returning_Visitor,False,False
0,0.0,0,0.0,7,391.04,0.03,0.06,0.0,0.0,Mar,3,3,1,3,Returning_Visitor,False,False
0,60.41,0,0.0,10,244.62,0.0,0.02,0.0,0.03,Mar,2,2,9,2,Returning_Visitor,False,False
2,0.0,0,14.38,15,1506.92,0.0,0.03,0.45,0.0,Nov,1,8,2,11,Returning_Visitor,False,False
0,2.78,0,0.0,34,644.12,0.0,0.01,0.03,0.0,Mar,3,2,3,10,Returning_Visitor,False,False
5,491.21,1,66.0,34,2660.15,0.0,0.01,41.93,0.0,May,1,1,3,2,Returning_Visitor,False,False
3,77.5,1,17.0,46,1473.87,0.0,0.02,51.0,0.0,Dec,3,2,4,10,Returning_Visitor,False,True
4,37.0,0,6.35,9,244.85,0.0,0.02,0.0,0.0,Nov,2,2,3,2,New_Visitor,False,False
0,0.0,0,0.0,24,330.08,0.04,0.04,0.01,1.0,May,1,1,7,4,Returning_Visitor,True,False
2,80.72,0,0.0,33,6384.37,0.02,0.03,0.0,0.03,Nov,1,1,3,8,New_Visitor,False,True
3,139.57,0,0.0,30,986.5,0.0,0.01,36.39,0.0,Dec,2,4,1,2,New_Visitor,True,True
2,24.2,0,0.0,8,1562.25,0.02,0.04,1.07,0.0,Aug,1,8,1,2,Returning_Visitor,False,False
2,95.07,0,0.0,3,133.73,0.0,0.04,0.0,0.0,Oct,3,2,6,20,New_Visitor,False,False
0,0.81,0,0.2,2,205.72,0.0,0.1,0.01,0.0,Aug,2,2,1,1,Returning_Visitor,False,False
2,844.0,0,0.0,6,192.5,0.05,0.08,0.0,0.6,May,3,2,6,3,Returning_Visitor,False,False
0,0.0,0,0.0,23,1888.5,0.0,0.01,46.01,0.0,May,2,2,4,4,New_Visitor,True,True
0,0.0,0,0.0,4,210.59,0.0,0.05,0.0,0.0,Dec,2,2,6,2,Returning_Visitor,False,False
3,151.0,0,2.96,30,1547.23,0.0,0.01,39.15,0.03,Sep,2,2,2,2,Returning_Visitor,True,True
0,0.0,0,0.28,3,59.4,0.04,0.11,0.0,0.0,May,2,5,1,3,Returning_Visitor,False,False
3,52.0,0,0.0,13,319.0,0.0,0.02,0.01,0.0,Mar,1,1,1,1,Returning_Visitor,False,False
3,0.0,0,0.0,80,3279.41,0.02,0.04,0.0,0.03,May,2,4,7,2,Returning_Visitor,False,False
0,0.0,0,0.0,3,22.0,0.0,0.07,0.0,0.6,Feb,1,1,3,2,Returning_Visitor,False,False
0,0.0,2,13.0,4,145.0,0.0,0.04,0.0,0.03,Nov,1,8,4,2,Returning_Visitor,True,False
3,6.0,0,0.0,97,1643.37,0.01,0.02,24.22,0.03,Jul,2,2,1,1,Returning_Visitor,False,False
0,0.0,0,0.0,18,490.3,0.0,0.02,0.0,0.0,Sep,2,2,1,13,Returning_Visitor,False,False
0,0.0,0,0.0,13,190.25,0.02,0.05,0.0,0.0,May,2,2,1,13,Returning_Visitor,False,False
1,381.5,1,3.29,110,7835.87,0.01,0.02,0.0,0.03,Aug,3,2,1,2,Returning_Visitor,False,False
0,0.0,0,0.0,1,355.83,0.1,0.14,0.0,0.03,Oct,3,2,1,4,Returning_Visitor,False,False
6,81.79,1,100.8,34,1286.95,0.0,0.01,0.0,0.03,Aug,3,2,4,5,Returning_Visitor,False,True
3,114.25,1,17.33,25,874.58,0.0,0.01,54.33,0.04,May,2,2,2,4,Returning_Visitor,True,True
0,0.0,0,0.0,5,112.0,0.0,0.02,0.04,0.71,May,2,2,4,1,Returning_Visitor,True,False
0,0.0,0,0.0,1,1393.27,0.14,0.2,0.12,0.0,Nov,2,2,3,3,Returning_Visitor,True,False
2,83.0,0,7.55,34,605.89,0.0,0.01,0.0,0.0,Mar,1,1,3,2,Returning_Visitor,True,False
0,0.0,0,0.0,5,99.0,0.0,0.04,0.01,0.03,Nov,2,4,1,3,Returning_Visitor,False,False
3,79.0,0,0.0,38,1272.92,0.0,0.01,9.4,0.0,Mar,2,4,2,2,Returning_Visitor,False,False
4,65.5,0,0.0,23,1419.24,0.0,0.03,0.0,0.03,Nov,2,5,3,1,Returning_Visitor,True,True
1,201.15,0,0.0,17,1422.15,0.0,0.0,0.0,0.0,Dec,1,8,3,2,New_Visitor,False,False
0,0.0,0,0.0,5,35.67,0.08,0.14,0.02,0.0,May,1,1,1,2,Returning_Visitor,False,False
2,83.4,2,160.83,8,219.1,0.01,0.04,0.0,0.0,Nov,3,1,4,2,Returning_Visitor,False,False
3,88.36,0,0.0,22,339.25,0.0,0.02,0.0,0.0,Mar,2,2,2,3,Returning_Visitor,False,False
5,111.67,1,57.95,35,1610.78,0.01,0.02,4.65,0.0,Dec,3,2,3,2,Returning_Visitor,False,False
8,137.07,0,1.79,36,2088.44,0.0,0.02,54.08,0.03,May,4,2,3,1,Returning_Visitor,True,True
0,0.0,0,0.0,2,22.0,0.0,0.14,0.05,0.03,Mar,2,2,3,1,Returning_Visitor,False,False
0,21.51,0,0.0,17,697.52,0.0,0.02,0.0,0.8,May,2,2,1,2,Returning_Visitor,False,False
0,9.53,0,0.0,4,161.81,0.0,0.03,0.05,0.0,Nov,3,2,1,2,Returning_Visitor,False,False
7,126.66,2,150.5,42,3127.08,0.0,0.01,0.0,0.0,Nov,1,1,3,2,Returning_Visitor,False,False
0,3.15,1,39.0,33,1527.61,0.04,0.08,0.0,1.0,Nov,2,2,1,4,Returning_Visitor,True,False
2,2.44,0,0.0,4,94.75,0.0,0.04,0.06,0.0,Dec,3,2,1,20,Returning_Visitor,False,False
2,47.0,0,0.0,42,1528.38,0.0,0.03,17.7,1.0,May,1,1,1,4,New_Visitor,True,True
0,0.0,0,0.0,5,164.0,0.0,0.04,0.01,0.0,May,4,1,1,1,Returning_Visitor,False,False
0,0.0,0,0.0,7,143.0,0.0,0.03,0.02,0.0,Nov,2,5,2,3,Returning_Visitor,False,False
1,10.0,0,34.28,69,2124.73,0.0,0.01,0.0,0.03,Mar,2,2,2,1,Returning_Visitor,False,False
4,454.0,3,584.0,25,1480.29,0.02,0.04,0.03,0.03,May,1,2,7,2,Returning_Visitor,True,False
2,112.27,0,3.22,149,4304.37,0.01,0.03,0.0,0.04,May,2,5,1,1,Returning_Visitor,False,False
0,0.0,0,0.0,1,0.0,0.2,0.12,0.0,0.07,May,2,2,4,3,New_Visitor,False,False
0,487.5,0,0.0,11,500.0,0.0,0.02,0.03,0.0,Mar,1,8,1,11,New_Visitor,False,False
2,118.0,0,1.96,4,88.02,0.02,0.07,0.0,0.0,Mar,1,2,7,3,Returning_Visitor,False,False
0,2.44,3,306.19,16,143.38,0.02,0.04,0.21,0.0,Mar,2,2,6,2,Returning_Visitor,False,False
2,97.04,1,17.67,18,1530.35,0.0,0.01,0.01,0.03,Mar,2,2,1,2,New_Visitor,False,False
0,5.12,0,0.0,6,56.33,0.0,0.1,0.0,0.15,May,2,2,1,4,Returning_Visitor,True,False
3,17.2,0,5.83,18,218.5,0.01,0.02,0.0,0.03,Mar,1,1,1,2,Returning_Visitor,False,False
0,3.17,0,0.0,34,1501.0,0.09,0.05,0.0,0.0,May,3,2,4,4,Returning_Visitor,False,False
0,0.0,0,12.39,7,108.25,0.0,0.04,0.01,0.0,Dec,2,2,7,2,New_Visitor,True,False
3,68.5,0,30.93,385,14505.73,0.01,0.01,0.0,0.03,Nov,3,2,3,2,Returning_Visitor,False,False
3,73.2,5,124.27,10,239.7,0.0,0.03,0.14,0.0,Sep,2,2,5,1,New_Visitor,False,False
0,0.0,1,92.44,34,3214.02,0.0,0.01,4.67,0.04,Mar,3,10,2,10,Returning_Visitor,False,True
4,144.42,4,106.0,27,825.14,0.0,0.02,0.03,0.0,Nov,2,2,3,2,Returning_Visitor,True,False
0,0.0,1,68.5,58,1066.39,0.0,0.04,1.25,0.03,June,3,2,3,6,Returning_Visitor,False,False
1,82.57,0,0.0,23,250.72,0.0,0.01,0.04,0.03,Sep,2,2,2,2,New_Visitor,False,False
1,28.0,0,0.0,115,1822.01,0.0,0.01,0.0,0.03,May,2,2,2,1,Returning_Visitor,False,False
0,8.04,0,0.0,10,273.75,0.02,0.05,0.0,0.0,Nov,1,1,2,8,Returning_Visitor,False,True
7,101.08,0,2.41,26,349.12,0.01,0.02,39.42,0.0,Aug,2,2,3,4,Returning_Visitor,False,False
10,198.5,2,158.0,6,73.21,0.0,0.02,0.83,0.0,Mar,1,1,1,2,Returning_Visitor,False,False
1,0.0,0,0.0,5,74.96,0.12,0.16,0.05,0.8,May,2,5,3,2,Returning_Visitor,False,False
3,39.58,0,11.3,126,2547.72,0.0,0.01,13.26,0.0,Nov,2,2,4,2,Returning_Visitor,False,True
0,0.0,2,31.0,21,1628.84,0.04,0.08,0.0,0.03,Mar,1,1,6,1,Returning_Visitor,True,False
4,189.67,0,0.0,27,687.5,0.0,0.01,0.0,0.0,Dec,2,2,3,2,New_Visitor,False,False
2,86.48,0,0.0,32,97.6,0.02,0.03,0.01,0.0,Nov,2,2,1,6,New_Visitor,True,False
0,0.0,0,0.53,19,1487.96,0.0,0.01,0.0,0.8,May,2,4,1,6,Returning_Visitor,False,False
0,0.0,0,0.0,10,421.6,0.0,0.01,0.01,0.0,Nov,1,1,1,4,Returning_Visitor,False,False
3,2.94,1,135.77,104,7181.88,0.01,0.02,0.0,0.0,Nov,2,2,1,2,Returning_Visitor,False,False
10,671.08,0,11.28,32,1403.83,0.0,0.01,37.06,0.0,Nov,2,2,3,2,Returning_Visitor,False,True
4,161.71,1,96.1,126,2645.83,0.0,0.02,2.78,0.03,May,3,2,2,2,Returning_Visitor,False,False
1,146.3,4,137.82,7,974.38,0.0,0.01,0.0,0.0,June,2,5,2,2,Returning_Visitor,True,False
7,585.5,0,2.75,80,3634.14,0.0,0.01,26.41,0.03,May,3,2,2,3,Returning_Visitor,False,True
0,4.05,0,0.0,2,0.0,0.2,0.2,0.0,0.0,Nov,2,4,3,3,Returning_Visitor,False,False
0,34.0,3,66.0,20,1510.15,0.03,0.08,0.0,0.0,Dec,3,2,1,13,Returning_Visitor,False,False
0,8.62,0,0.0,1,0.0,0.14,0.2,0.0,0.03,Dec,3,2,3,1,Returning_Visitor,False,False
0,0.0,0,0.0,11,267.57,0.0,0.03,0.04,0.0,Mar,2,2,1,3,New_Visitor,False,True
0,0.0,0,0.0,10,243.2,0.02,0.04,0.01,0.0,Mar,2,2,1,1,Returning_Visitor,False,False
1,58.85,0,9.12,3,275.0,0.0,0.05,39.16,0.03,Oct,3,2,2,2,New_Visitor,False,True
2,83.4,0,0.64,11,660.17,0.0,0.02,0.0,0.0,Mar,2,2,1,3,Returning_Visitor,False,False
10,133.4,0,0.0,41,2666.07,0.0,0.02,17.06,0.03,Dec,1,1,4,2,Returning_Visitor,False,False
0,1.94,0,2.04,34,1527.02,0.01,0.05,0.0,0.0,Dec,1,1,3,1,Returning_Visitor,True,False
0,1.79,0,0.0,34,1480.8,0.0,0.02,0.0,0.0,Sep,2,2,1,2,Returning_Visitor,False,False
0,0.0,0,0.0,20,799.06,0.03,0.04,0.0,0.0,June,1,1,6,4,Returning_Visitor,False,False
1,7.0,0,0.0,15,421.5,0.03,0.03,0.0,0.6,May,3,2,1,3,Returning_Visitor,False,False
1,0.0,0,0.0,34,304.06,0.03,0.08,0.0,0.0,June,2,2,1,4,Returning_Visitor,False,False
0,0.0,0,0.59,28,2529.75,0.13,0.09,0.0,0.27,Dec,2,2,1,1,Returning_Visitor,False,False
3,54.0,4,32.0,4,46.0,0.0,0.02,0.0,0.0,Sep,1,1,1,5,New_Visitor,False,False
3,55.0,0,0.0,18,376.5,0.02,0.04,0.0,0.03,May,4,2,3,11,Returning_Visitor,False,False
7,129.67,3,42.0,25,443.25,0.01,0.02,5.56,0.0,May,3,2,1,4,Returning_Visitor,True,False
7,194.08,1,71.25,34,1495.03,0.0,0.02,0.0,0.0,Dec,2,2,1,2,Returning_Visitor,False,False
0,0.0,0,0.0,7,1497.06,0.0,0.01,45.97,0.0,Dec,3,2,4,2,New_Visitor,True,True
0,37.94,0,0.0,2,0.0,0.2,0.2,0.01,0.0,Dec,3,2,1,1,Returning_Visitor,False,False
5,91.26,0,0.0,35,1489.83,0.01,0.01,64.72,0.0,Nov,2,2,1,1,Returning_Visitor,False,True
0,0.0,0,0.0,13,449.12,0.02,0.04,0.0,0.04,May,2,2,1,6,Returning_Visitor,False,False
0,0.0,0,0.0,37,1493.37,0.02,0.05,0.0,0.0,May,3,2,3,1,Returning_Visitor,False,False
1,35.0,3,5.69,290,11240.98,0.01,0.02,0.0,0.03,Nov,3,2,1,2,Returning_Visitor,False,False
0,0.0,0,0.67,33,1546.5,0.0,0.01,0.01,0.09,Mar,2,2,1,1,Returning_Visitor,True,False
2,223.75,3,18.02,51,2159.0,0.01,0.04,10.23,0.03,Nov,1,1,1,2,Returning_Visitor,False,False
4,28.5,0,0.0,20,500.5,0.0,0.04,0.0,0.0,Nov,4,1,2,1,Returning_Visitor,True,False
4,1172.0,0,0.0,34,1542.79,0.01,0.04,0.0,0.0,Dec,2,2,1,1,Returning_Visitor,False,False
0,45.1,0,0.0,5,47.5,0.0,0.04,0.0,0.0,Nov,2,5,1,3,Returning_Visitor,False,False
0,1.77,0,0.72,7,64.0,0.0,0.01,0.0,0.0,Mar,2,2,1,2,Returning_Visitor,False,False
0,0.0,0,0.0,2,3.29,0.2,0.14,0.01,0.0,Dec,1,1,4,1,Returning_Visitor,True,False
2,23.0,1,80.6,53,1693.73,0.03,0.05,5.96,0.03,Aug,2,2,1,1,Returning_Visitor,False,False
0,0.0,0,0.0,5,109.0,0.13,0.13,0.03,0.0,May,3,2,3,3,Returning_Visitor,True,False
0,2.19,0,0.0,3,129.0,0.0,0.1,0.0,0.0,May,2,2,1,1,Returning_Visitor,True,False
1,133.8,0,0.0,26,299.5,0.07,0.02,0.0,0.0,Nov,1,8,3,1,Returning_Visitor,False,False
1,0.0,0,0.0,34,1499.68,0.0,0.02,0.0,0.0,Mar,4,2,3,1,Returning_Visitor,True,False
3,0.0,0,2.93,34,2529.17,0.01,0.04,0.0,0.4,May,1,8,8,3,Returning_Visitor,False,False
1,22.0,0,0.0,2,96.84,0.0,0.07,0.0,0.0,Aug,2,2,3,13,Returning_Visitor,False,False
0,7.81,0,0.0,1,0.0,0.2,0.2,1.03,0.6,May,2,4,7,6,Returning_Visitor,False,False
0,0.0,0,1.75,34,4164.94,0.01,0.01,0.0,0.0,May,3,2,6,2,Returning_Visitor,False,False
3,45.5,0,0.0,11,661.92,0.0,0.03,0.0,0.03,Nov,2,2,1,2,New_Visitor,False,False
0,0.0,0,0.0,20,616.5,0.0,0.01,0.1,0.0,Nov,3,3,1,3,New_Visitor,False,False
1,11.0,0,0.0,34,835.58,0.01,0.02,0.0,0.0,Nov,2,2,1,10,Returning_Visitor,True,False
3,15.0,0,3.8,29,348.11,0.03,0.04,28.69,0.03,Nov,2,2,1,3,Returning_Visitor,False,False
0,0.0,0,0.0,34,694.02,0.0,0.02,0.0,0.0,Dec,2,2,3,2,New_Visitor,False,False
8,102.0,0,0.0,9,1341.83,0.02,0.04,0.0,0.0,Dec,3,2,3,2,Returning_Visitor,True,False
2,122.0,0,0.0,8,177.25,0.0,0.02,0.0,0.0,Dec,2,2,1,3,New_Visitor,False,False
4,37.5,2,82.0,24,1499.48,0.0,0.02,0.0,0.0,Nov,2,2,9,2,New_Visitor,False,False
0,0.0,0,0.0,5,234.97,0.0,0.03,0.0,0.0,May,3,2,1,13,Returning_Visitor,False,False
0,0.0,0,0.0,3,40.4,0.0,0.07,0.0,0.0,May,2,2,1,4,Returning_Visitor,True,False
0,0.9,0,0.0,34,422.83,0.01,0.04,0.0,0.03,Mar,2,2,1,3,Returning_Visitor,False,False
0,45.88,0,0.0,21,216.97,0.14,0.1,0.0,0.0,Jul,2,2,1,3,Returning_Visitor,True,False
0,0.0,0,0.4,2,22.0,0.05,0.06,0.1,0.0,Dec,3,2,1,20,Returning_Visitor,False,False
0,1.04,0,0.0,5,239.0,0.0,0.04,0.0,0.0,Mar,2,2,9,1,Returning_Visitor,False,False
2,0.0,0,11.48,2,222.0,0.0,0.1,0.01,0.0,Feb,2,6,1,2,Returning_Visitor,True,False
0,1.75,0,6.28,3,346.7,0.0,0.07,0.0,0.0,Mar,4,1,1,1,Returning_Visitor,False,False
1,27.5,0,0.0,35,2114.54,0.0,0.04,0.0,0.04,Nov,2,4,3,10,Returning_Visitor,True,False
0,15.6,0,0.0,4,199.67,0.05,0.1,0.0,0.0,Mar,2,4,6,3,Returning_Visitor,True,False
3,77.96,0,0.0,16,176.1,0.0,0.02,0.0,0.12,Mar,1,1,1,8,Returning_Visitor,True,False
3,17.95,1,6.0,18,268.45,0.0,0.01,0.0,0.0,Oct,2,2,1,2,Returning_Visitor,False,True
0,2.39,0,0.0,2,87.92,0.11,0.1,0.0,0.03,Mar,3,2,1,1,Returning_Visitor,False,False
1,7.0,0,1.78,24,445.43,0.01,0.02,0.01,0.0,Aug,1,1,4,3,Returning_Visitor,True,False
3,85.75,0,0.0,8,1478.06,0.0,0.01,0.01,0.0,Mar,3,2,4,2,New_Visitor,False,False
0,0.0,0,0.0,6,70.4,0.11,0.14,0.0,0.0,Jul,3,2,4,1,Returning_Visitor,False,False
9,93.79,0,0.0,46,1490.36,0.0,0.02,0.05,0.0,Nov,2,2,3,2,Returning_Visitor,True,True
2,80.68,0,5.98,15,305.21,0.0,0.01,0.01,0.0,Nov,2,4,7,2,Returning_Visitor,False,False
0,0.0,0,0.0,15,1483.33,0.0,0.02,40.4,0.0,Dec,2,2,9,2,Returning_Visitor,False,True
2,36.4,0,0.0,17,1511.1,0.0,0.0,55.9,0.0,Nov,1,2,3,2,New_Visitor,False,False
0,0.0,0,0.0,22,357.0,0.02,0.04,0.0,0.0,Dec,2,2,7,2,Returning_Visitor,True,False
2,46.5,1,14.8,91,1530.06,0.01,0.02,0.0,0.0,Nov,3,2,1,13,Returning_Visitor,True,True
4,84.47,2,144.5,93,2697.18,0.01,0.02,0.0,0.0,Nov,2,2,3,2,Returning_Visitor,True,False
1,32.15,0,7.32,13,543.0,0.0,0.01,0.0,0.0,Mar,2,2,1,2,New_Visitor,False,False
9,116.54,4,208.67,57,1813.25,0.0,0.01,30.61,0.0,Nov,1,1,1,2,Returning_Visitor,False,True
0,0.0,0,1.94,11,193.5,0.09,0.1,0.0,0.8,May,3,2,3,13,Returning_Visitor,False,False
0,0.0,0,0.0,34,1368.33,0.0,0.02,0.0,0.4,May,2,2,1,11,Returning_Visitor,False,False
7,84.18,0,0.0,44,778.97,0.0,0.0,37.92,0.0,Aug,2,1,6,2,New_Visitor,False,True
4,161.85,2,20.5,10,386.15,0.0,0.02,37.55,0.0,Mar,1,1,7,8,Returning_Visitor,False,True
0,4.72,0,0.0,36,1484.75,0.0,0.04,0.09,0.0,Jul,2,2,7,4,Returning_Visitor,False,False
0,0.0,0,1.37,8,59.05,0.0,0.06,0.0,0.0,Nov,2,2,3,2,Returning_Visitor,False,False
0,0.0,0,0.0,4,60.5,0.13,0.15,0.0,0.0,Mar,1,1,1,1,Returning_Visitor,False,False
3,47.83,0,3.59,69,2499.99,0.0,0.01,0.0,0.03,Nov,2,2,8,2,New_Visitor,False,False
4,143.07,1,6.5,34,1294.41,0.0,0.01,0.0,0.03,Aug,2,2,3,2,Returning_Visitor,False,False
2,7.0,0,0.16,12,60.21,0.05,0.13,0.0,0.0,Mar,2,2,1,1,Returning_Visitor,False,False
0,0.0,0,0.0,3,68.0,0.0,0.03,0.0,0.0,Mar,2,2,5,1,Returning_Visitor,True,False
8,89.74,0,0.0,3,26.7,0.01,0.04,0.0,0.0,Oct,3,2,4,4,Returning_Visitor,True,False
0,2.68,0,0.0,32,1494.57,0.0,0.04,0.04,0.4,May,2,4,2,4,Returning_Visitor,False,False
0,0.0,0,0.0,34,160.5,0.02,0.04,0.0,0.8,May,2,2,1,1,Returning_Visitor,False,False
2,121.0,0,0.0,30,1906.48,0.01,0.02,0.04,0.03,May,2,4,3,2,Returning_Visitor,False,False
0,0.0,0,0.0,21,1041.73,0.0,0.04,0.0,0.0,Nov,3,2,8,1,Returning_Visitor,False,False
3,30.5,0,0.0,20,1839.83,0.0,0.01,0.0,0.0,May,2,2,4,3,Returning_Visitor,False,False
0,0.0,0,0.0,38,1372.0,0.0,0.02,0.0,0.03,Mar,2,2,1,2,Returning_Visitor,False,False
4,146.53,0,0.0,107,3739.64,0.0,0.01,2.55,0.0,Oct,2,2,3,2,Returning_Visitor,False,False
0,63.66,0,1.35,8,139.0,0.0,0.05,0.0,0.0,May,2,4,3,3,Returning_Visitor,False,False
3,78.65,0,5.41,117,4185.1,0.02,0.04,2.43,0.0,Jul,2,2,1,1,Returning_Visitor,False,True
0,2.97,0,10.24,16,149.9,0.02,0.04,0.18,0.0,June,2,2,7,1,Returning_Visitor,False,False
3,54.33,1,18.47,32,783.21,0.0,0.01,0.03,0.0,Jul,2,2,2,2,New_Visitor,False,True
3,51.1,0,0.0,35,2767.62,0.0,0.01,52.68,0.0,Nov,8,13,9,20,Other,False,True
2,32.0,1,1150.0,39,5072.4,0.0,0.04,2.48,0.2,May,2,2,3,1,Returning_Visitor,False,False
0,0.0,0,0.0,12,166.17,0.03,0.05,0.0,0.0,May,2,2,1,3,Returning_Visitor,False,False
1,46.0,0,2.46,11,1552.33,0.0,0.02,39.12,0.0,May,2,2,6,1,New_Visitor,False,True
0,0.0,1,212.5,21,1198.75,0.0,0.0,0.0,0.0,Mar,2,4,8,2,Returning_Visitor,False,False
0,7.94,0,1.73,8,92.8,0.0,0.04,0.0,0.0,Mar,1,1,7,1,Returning_Visitor,False,False
0,0.58,0,7.71,6,183.5,0.0,0.03,0.0,0.0,Dec,2,2,1,2,New_Visitor,False,False
0,0.0,0,0.0,14,221.5,0.0,0.01,0.0,0.0,May,2,2,1,2,Returning_Visitor,False,False
0,0.0,0,0.0,28,475.02,0.0,0.0,0.0,0.04,Nov,1,1,6,10,New_Visitor,True,False
0,0.0,0,0.0,34,1489.65,0.01,0.04,0.0,0.09,May,2,2,3,13,Returning_Visitor,False,False
3,122.25,0,0.0,45,2007.52,0.01,0.02,0.0,0.0,Nov,1,1,4,2,Returning_Visitor,False,False
1,81.63,0,0.0,29,1728.03,0.02,0.05,0.0,0.0,May,2,2,6,4,Returning_Visitor,False,False
0,0.0,0,0.0,11,1487.96,0.01,0.01,0.0,0.03,Mar,1,1,1,3,Returning_Visitor,True,False
0,1.79,0,0.0,12,1416.83,0.06,0.11,0.0,0.0,Nov,2,2,6,4,Returning_Visitor,False,False
0,0.0,1,44.0,41,1089.75,0.0,0.01,0.02,0.0,Mar,2,2,1,2,New_Visitor,False,False
6,81.46,0,0.0,34,843.02,0.0,0.02,9.54,0.0,Sep,2,2,2,4,Returning_Visitor,False,False
0,0.0,0,0.0,7,209.21,0.02,0.06,0.0,0.6,May,2,2,1,4,Returning_Visitor,False,False
10,491.31,1,47.75,61,1458.99,0.0,0.02,17.5,0.0,Nov,1,1,1,2,New_Visitor,False,False
0,0.0,0,0.0,7,865.28,0.0,0.04,0.02,0.0,Mar,1,1,1,10,Returning_Visitor,False,False
3,76.75,1,0.0,36,1100.92,0.01,0.02,5.58,0.0,May,2,2,3,2,Returning_Visitor,False,False
1,464.0,0,0.0,19,1834.08,0.02,0.03,0.0,0.0,Mar,2,2,2,10,Returning_Visitor,False,False
1,2.0,1,18.64,77,2476.15,0.0,0.03,0.0,0.03,Dec,2,2,1,2,Returning_Visitor,False,True
0,0.0,0,3.36,52,2180.22,0.0,0.01,0.0,0.0,Dec,2,2,4,2,Returning_Visitor,False,False
3,84.22,0,0.0,34,609.35,0.0,0.01,0.0,0.03,Dec,2,2,1,2,New_Visitor,False,False
6,67.4,0,0.0,33,1750.31,0.01,0.03,0.09,0.0,Oct,2,2,5,4,Returning_Visitor,True,False
2,11.0,0,0.0,34,2562.08,0.0,0.01,0.0,0.04,May,2,5,7,4,Returning_Visitor,False,False
6,77.5,0,5.24,71,1361.78,0.0,0.02,0.0,0.0,Dec,2,2,9,2,Returning_Visitor,False,False
5,110.3,0,21.8,35,1514.52,0.0,0.04,18.78,0.0,Jul,2,4,4,1,Returning_Visitor,False,False
0,0.0,0,0.0,3,52.5,0.07,0.1,0.01,0.0,May,3,2,3,3,Returning_Visitor,False,False
0,0.0,0,0.0,34,2347.72,0.03,0.04,0.0,0.86,May,3,2,1,13,Returning_Visitor,False,False
1,27.0,2,22.0,34,408.25,0.0,0.01,0.06,0.0,May,4,1,1,4,Returning_Visitor,False,False
0,0.0,0,0.0,16,641.5,0.0,0.04,0.0,0.0,May,4,1,6,1,Returning_Visitor,False,False
0,0.0,0,0.0,6,541.5,0.14,0.08,0.0,0.0,May,2,2,4,1,Returning_Visitor,False,False
6,71.5,0,0.0,34,1532.2,0.01,0.02,27.27,0.0,Mar,2,2,1,1,Returning_Visitor,False,True
3,120.5,0,0.0,66,3960.65,0.0,0.01,0.0,0.0,Mar,2,4,1,1,Returning_Visitor,False,False
0,1.15,0,0.0,9,322.67,0.0,0.03,0.0,0.0,Mar,2,2,6,3,Returning_Visitor,False,False
4,149.5,3,56.5,10,368.0,0.0,0.01,0.17,0.0,May,3,2,1,2,Returning_Visitor,False,False
11,251.31,1,189.24,80,1249.05,0.0,0.01,8.52,0.03,Sep,3,2,4,2,Returning_Visitor,True,False
0,0.0,0,0.0,24,657.67,0.01,0.04,0.0,0.12,May,2,4,1,3,Returning_Visitor,False,False
2,22.95,0,0.0,3,340.2,0.0,0.04,8.05,0.0,Nov,2,6,2,1,Returning_Visitor,False,False
3,169.98,2,106.0,57,4792.38,0.0,0.01,6.07,0.03,Nov,3,2,2,1,Returning_Visitor,False,True
0,0.0,0,0.0,9,463.4,0.0,0.02,0.0,0.0,Dec,3,2,1,2,New_Visitor,False,False
0,0.0,16,1210.4,5,279.86,0.0,0.02,0.06,0.0,Mar,2,2,1,8,Returning_Visitor,False,False
1,24.5,0,0.0,31,1330.38,0.0,0.02,0.0,0.0,Dec,2,2,7,8,New_Visitor,False,False
0,26.15,0,0.0,22,266.17,0.01,0.02,0.0,0.0,Nov,2,4,1,2,Returning_Visitor,False,False
0,10.23,0,0.0,1,24.0,0.0,0.1,0.07,0.23,May,1,1,1,3,Returning_Visitor,True,False
3,145.2,0,0.0,11,1558.43,0.0,0.03,0.0,0.0,June,2,2,2,1,Returning_Visitor,False,False
3,0.0,0,0.0,27,701.9,0.01,0.03,0.0,0.0,Aug,3,2,7,6,Returning_Visitor,False,False
3,314.5,0,0.0,22,2837.17,0.0,0.01,0.0,0.0,May,2,4,2,2,New_Visitor,False,False
9,299.45,2,48.3,54,2802.37,0.01,0.03,16.97,0.03,Dec,3,2,7,1,Returning_Visitor,False,False
2,65.0,0,1.74,31,1248.0,0.0,0.02,0.0,0.0,May,1,1,8,6,Returning_Visitor,False,False
1,23.17,0,5.78,10,645.2,0.03,0.05,0.0,0.0,Jul,3,2,4,1,Returning_Visitor,False,False
0,2.34,0,0.0,16,1490.4,0.02,0.05,0.0,0.0,May,1,1,1,3,Returning_Visitor,False,False
0,1.29,0,1.39,37,1065.26,0.02,0.04,0.01,0.0,Dec,1,1,1,1,Returning_Visitor,True,False
3,60.4,0,0.0,6,752.05,0.0,0.02,0.0,0.0,Jul,1,1,3,4,Returning_Visitor,False,False
4,76.78,0,0.0,10,153.9,0.02,0.02,0.08,0.0,Jul,3,2,6,4,Returning_Visitor,True,True
3,83.4,0,8.43,85,1736.45,0.0,0.04,0.0,0.04,May,2,2,1,2,Returning_Visitor,False,False
0,0.0,0,0.0,1,0.0,0.2,0.14,0.0,0.0,Dec,1,1,1,3,Returning_Visitor,False,False
3,140.58,2,8.39,53,1609.99,0.0,0.04,7.21,0.03,Dec,2,2,5,2,Returning_Visitor,True,False
3,120.5,0,1.98,75,1677.81,0.0,0.02,0.0,0.0,Dec,2,2,1,1,Returning_Visitor,False,False
0,0.0,0,0.65,5,58.45,0.0,0.08,0.0,0.6,May,2,2,1,3,Returning_Visitor,False,False
1,0.0,2,499.0,33,1495.45,0.0,0.01,38.47,0.03,May,2,2,2,2,New_Visitor,False,True
3,151.0,0,6.24,6,1393.73,0.0,0.02,0.0,0.03,Mar,3,2,3,3,Returning_Visitor,True,False
10,160.5,1,5.0,56,1731.32,0.0,0.02,0.0,0.0,Dec,2,2,3,1,Returning_Visitor,False,False
0,0.0,0,0.0,9,78.33,0.0,0.02,0.0,0.0,Dec,2,2,3,11,Returning_Visitor,False,False
0,2.57,0,0.0,6,1183.2,0.01,0.07,0.0,0.0,June,2,1,2,1,Returning_Visitor,False,False
0,0.0,0,0.0,13,62.83,0.03,0.07,0.0,0.0,Dec,3,2,1,20,Returning_Visitor,False,False
2,67.5,0,0.0,11,242.51,0.0,0.01,0.01,0.0,Dec,1,1,3,8,Returning_Visitor,True,False
3,13.0,1,53.0,16,388.74,0.0,0.02,0.0,0.0,May,1,1,1,1,Returning_Visitor,False,False
2,96.0,0,4.09,37,1238.5,0.01,0.02,0.0,0.0,Mar,2,2,1,2,New_Visitor,False,False
2,109.0,0,0.0,12,652.5,0.0,0.04,0.0,0.0,Dec,2,2,3,2,Returning_Visitor,False,False
0,4.91,0,0.0,16,1510.1,0.0,0.05,0.0,0.0,Dec,2,2,3,2,Returning_Visitor,False,True
8,129.9,0,0.0,38,1438.71,0.0,0.03,0.0,0.03,Jul,2,2,7,1,Returning_Visitor,False,False
2,61.48,0,0.0,40,797.0,0.0,0.01,10.21,0.0,Oct,2,2,3,2,Returning_Visitor,False,False
4,245.8,1,0.0,28,707.91,0.0,0.02,0.0,0.0,Sep,1,1,1,1,Returning_Visitor,False,False
0,79.64,0,0.0,8,1883.65,0.0,0.02,0.0,1.0,Feb,2,2,5,3,Returning_Visitor,True,False
0,0.0,0,0.0,6,81.67,0.0,0.04,0.0,0.0,Dec,2,2,7,2,Returning_Visitor,True,False
1,64.5,0,0.0,41,961.25,0.0,0.02,0.0,0.0,Dec,2,2,1,2,New_Visitor,False,False
6,155.0,0,0.0,126,2566.22,0.0,0.01,16.56,0.0,Mar,2,2,7,2,Returning_Visitor,False,False
4,71.77,0,0.0,13,288.0,0.02,0.04,0.0,0.0,Mar,1,1,4,2,Returning_Visitor,True,False
3,33.5,0,7.25,108,2270.91,0.01,0.03,0.0,0.0,Nov,2,2,1,2,Returning_Visitor,False,False
6,352.37,0,0.0,11,605.62,0.0,0.01,7.06,0.03,June,2,2,1,2,Returning_Visitor,False,True
5,14.7,2,111.5,6,91.5,0.05,0.06,0.46,0.2,May,1,2,3,6,New_Visitor,False,False
2,50.83,0,2.48,19,1489.07,0.0,0.01,0.0,0.0,May,2,2,5,2,Returning_Visitor,False,False
2,93.77,1,377.0,30,2479.85,0.02,0.06,0.0,0.03,May,1,1,3,1,Returning_Visitor,False,False
4,140.61,0,0.0,9,261.7,0.0,0.02,0.06,0.0,May,3,2,3,11,New_Visitor,False,False
0,0.0,0,0.0,12,231.75,0.0,0.02,0.0,0.0,Nov,1,1,2,1,Returning_Visitor,False,False
0,0.0,0,0.0,10,130.75,0.04,0.08,0.06,0.0,Nov,3,2,1,3,Returning_Visitor,False,False
1,17.2,0,0.0,11,1485.99,0.0,0.02,0.03,0.0,Nov,2,2,5,13,Returning_Visitor,False,False
2,91.02,7,309.73,58,1280.15,0.02,0.04,0.0,0.03,Aug,2,2,6,1,Returning_Visitor,True,False
0,0.68,0,0.0,9,869.0,0.0,0.02,0.0,0.04,May,2,2,1,4,Returning_Visitor,False,False
9,195.0,2,86.0,56,3408.27,0.02,0.03,9.59,0.0,Nov,1,2,1,2,Returning_Visitor,False,True
3,4.5,0,0.0,34,908.33,0.0,0.01,38.55,0.0,May,2,2,3,2,Returning_Visitor,False,False
7,163.67,0,6.84,8,119.33,0.0,0.02,0.01,0.03,Mar,3,2,6,11,New_Visitor,True,False
3,394.1,4,489.6,40,1190.4,0.0,0.01,6.14,0.0,May,3,2,1,11,Returning_Visitor,False,False
6,90.6,0,0.0,10,384.8,0.0,0.02,0.01,0.0,Aug,2,2,3,2,New_Visitor,True,False
3,37.0,0,0.0,6,17.0,0.0,0.05,0.0,0.0,Mar,3,2,1,2,New_Visitor,True,False
2,0.0,0,5.18,113,5178.53,0.0,0.03,0.0,0.03,Nov,2,2,3,2,Returning_Visitor,False,True
2,66.27,1,348.6,6,233.17,0.02,0.05,11.12,0.0,Oct,2,2,3,2,Returning_Visitor,False,False
0,0.0,1,0.0,5,453.92,0.01,0.05,0.05,0.03,June,3,2,1,2,Returning_Visitor,False,False
3,19.0,0,0.0,11,658.92,0.0,0.02,0.0,0.03,Mar,2,2,1,2,Returning_Visitor,False,False
0,0.0,0,0.0,11,1110.99,0.04,0.04,0.46,0.0,Dec,2,2,1,10,Returning_Visitor,False,False
3,287.2,0,0.0,16,473.28,0.0,0.0,0.0,0.0,Oct,2,2,1,2,New_Visitor,True,False
1,0.0,0,1.81,34,2765.44,0.0,0.01,0.0,0.03,May,2,4,3,2,Returning_Visitor,False,False
5,121.27,0,0.0,8,218.19,0.0,0.01,0.0,0.0,Nov,1,1,1,2,New_Visitor,True,False
9,192.92,2,114.5,60,1394.24,0.0,0.0,63.65,0.0,Dec,2,2,7,2,Returning_Visitor,False,True
0,0.0,0,0.45,12,271.0,0.02,0.04,0.0,0.0,Nov,2,2,1,3,Returning_Visitor,False,False
3,82.0,0,9.12,13,155.98,0.0,0.04,0.02,0.0,Dec,2,2,1,2,Returning_Visitor,False,False
0,1.2,0,0.0,34,550.5,0.0,0.03,0.0,0.03,Mar,1,1,1,2,Returning_Visitor,True,False
0,0.0,0,0.0,18,0.0,0.14,0.08,0.0,0.0,May,4,1,1,5,Returning_Visitor,False,False
0,0.0,0,0.0,4,352.0,0.1,0.15,0.0,0.8,May,2,2,1,13,Returning_Visitor,False,False
3,101.48,2,70.12,29,1433.63,0.01,0.02,0.0,0.0,Nov,3,2,4,2,Returning_Visitor,True,False
0,73.46,0,0.0,34,275.5,0.0,0.03,0.0,0.03,Nov,2,2,3,2,Returning_Visitor,False,False
0,0.0,0,0.0,1,0.0,0.14,0.14,0.0,0.0,Mar,2,2,1,3,Returning_Visitor,False,False
3,62.0,0,0.0,30,3815.17,0.0,0.03,0.0,0.0,Nov,2,2,4,2,Returning_Visitor,False,False
7,83.92,0,7.85,66,2656.18,0.0,0.01,2.21,0.03,May,2,2,1,2,Returning_Visitor,False,False
3,81.91,0,7.21,34,412.17,0.0,0.01,0.01,0.0,May,3,2,9,6,New_Visitor,False,False
0,1.54,0,0.0,34,4339.37,0.0,0.04,13.66,0.0,Sep,2,2,4,1,Returning_Visitor,False,False
1,30.0,0,29.9,24,1530.19,0.01,0.01,10.1,0.0,Mar,1,1,8,10,Returning_Visitor,False,False
3,83.51,0,0.0,39,1498.05,0.0,0.01,0.0,0.03,Nov,2,4,5,2,Returning_Visitor,False,False
3,111.17,2,25.75,34,1499.11,0.01,0.01,0.0,0.0,Nov,1,1,8,2,New_Visitor,True,False
1,82.11,0,0.0,12,252.01,0.02,0.02,0.0,0.0,Oct,3,2,1,2,Returning_Visitor,True,False
0,0.0,0,55.08,19,722.7,0.0,0.0,39.1,0.0,May,2,2,5,2,New_Visitor,False,True
3,89.3,0,0.69,50,824.67,0.0,0.02,0.11,0.0,May,2,2,2,4,Returning_Visitor,False,False
6,133.2,0,0.0,24,465.73,0.0,0.02,0.0,0.0,Dec,4,1,1,2,New_Visitor,False,False
3,22.0,0,0.0,29,53.83,0.03,0.04,0.0,0.0,Dec,4,2,3,10,Returning_Visitor,True,False
0,2.82,0,0.0,6,167.5,0.0,0.02,0.0,0.04,May,3,2,8,1,Returning_Visitor,False,False
2,40.2,0,1.37,10,257.07,0.0,0.02,0.0,0.0,Oct,2,2,3,3,New_Visitor,False,False
3,10.3,0,4.83,142,4204.43,0.01,0.02,0.77,0.03,Jul,2,2,4,2,Returning_Visitor,False,False
0,2.95,0,0.0,26,2676.0,0.03,0.04,0.07,0.03,May,2,6,2,6,Returning_Visitor,False,False
0,0.0,0,0.0,35,1146.5,0.01,0.04,0.0,0.04,May,2,2,1,4,Returning_Visitor,False,False
3,154.5,0,0.0,16,308.33,0.0,0.01,0.04,0.0,Nov,1,1,2,10,Returning_Visitor,True,False
2,80.99,0,0.0,8,211.49,0.0,0.01,0.1,0.03,Aug,2,2,1,2,New_Visitor,False,True
3,0.0,0,0.0,15,593.75,0.0,0.01,92.94,0.0,Nov,1,8,3,2,Returning_Visitor,True,True
0,0.0,0,0.0,1,6.53,0.2,0.14,0.0,0.0,Dec,1,1,1,2,Returning_Visitor,True,False
3,33.0,0,0.0,9,354.0,0.0,0.02,0.05,0.03,Mar,3,2,1,3,New_Visitor,False,False
0,0.0,5,155.66,26,851.67,0.0,0.02,0.0,0.0,Nov,2,2,1,2,New_Visitor,True,False
7,146.25,0,0.0,34,1030.27,0.0,0.01,0.0,0.0,Mar,2,2,1,2,New_Visitor,False,False
0,0.0,0,0.0,12,162.0,0.13,0.07,0.0,0.03,Feb,1,1,1,3,Returning_Visitor,False,False
5,135.25,0,0.0,26,794.99,0.0,0.03,39.06,0.0,Dec,1,1,1,2,Returning_Visitor,False,False
1,10.0,0,0.0,11,1066.0,0.02,0.04,0.02,0.0,May,2,2,1,2,Returning_Visitor,True,False
4,244.0,0,0.0,6,142.5,0.03,0.01,0.04,0.0,May,3,2,4,2,Returning_Visitor,False,False
0,0.0,0,0.0,8,1479.47,0.0,0.01,0.0,0.0,Nov,1,1,1,4,New_Visitor,True,False
0,0.0,0,7.85,6,415.0,0.0,0.03,0.0,0.4,Feb,1,1,3,2,Returning_Visitor,False,False
0,0.0,1,38.2,34,3362.75,0.03,0.05,4.21,0.0,Jul,1,1,1,1,Returning_Visitor,False,False
5,84.02,0,3.7,29,957.67,0.0,0.01,0.0,0.0,May,2,4,1,3,New_Visitor,False,False
2,0.81,0,0.0,3,1489.17,0.0,0.08,0.0,0.8,May,1,1,1,4,Returning_Visitor,False,False
0,0.0,0,0.0,1,0.0,0.14,0.2,0.0,0.0,Dec,1,2,1,1,Returning_Visitor,False,False
5,90.24,0,0.0,6,81.38,0.0,0.03,0.0,0.0,Dec,1,1,3,2,Returning_Visitor,True,False
2,80.78,0,0.0,35,2147.38,0.03,0.02,0.0,0.0,Dec,2,2,7,2,Returning_Visitor,False,False
0,0.0,0,0.0,2,614.17,0.0,0.14,0.0,0.0,Mar,3,2,4,1,Returning_Visitor,False,False
3,88.25,2,546.5,37,2304.5,0.0,0.0,14.54,0.04,Nov,2,2,9,2,New_Visitor,False,True
2,84.83,0,0.0,6,207.7,0.0,0.05,0.0,0.0,Oct,2,2,1,1,Returning_Visitor,False,False
0,115.31,0,0.0,1,0.0,0.2,0.2,0.06,0.0,Dec,3,2,4,2,Returning_Visitor,False,False
2,268.08,0,0.0,13,420.25,0.04,0.04,0.0,0.0,Sep,3,2,1,13,Returning_Visitor,True,True
0,2.46,0,0.0,2,0.0,0.1,0.15,0.0,0.0,Nov,2,2,1,13,Returning_Visitor,False,False
0,21.53,0,0.0,16,403.0,0.14,0.15,0.01,0.0,Mar,2,10,3,3,Returning_Visitor,False,False
4,80.54,0,0.0,22,2232.5,0.0,0.01,0.0,0.06,May,2,2,9,2,New_Visitor,False,False
0,0.0,0,0.0,33,1246.71,0.03,0.06,0.0,0.0,Dec,3,2,1,2,Returning_Visitor,False,False
3,82.43,2,204.25,20,457.25,0.01,0.01,0.05,0.0,Dec,3,2,7,2,New_Visitor,True,True
0,0.0,0,1.91,6,1897.75,0.03,0.08,3.27,0.0,Sep,3,7,6,10,Returning_Visitor,False,False
0,0.63,0,0.0,39,2808.67,0.0,0.01,0.0,0.0,Mar,2,2,1,10,Returning_Visitor,False,False
7,81.31,1,95.86,89,2213.82,0.01,0.03,0.94,0.05,May,3,2,1,6,Returning_Visitor,True,False
0,14.39,0,0.0,8,120.5,0.05,0.11,0.0,0.0,Dec,3,2,1,2,Returning_Visitor,True,False
2,256.5,0,0.0,10,117.25,0.11,0.13,0.0,0.0,Nov,2,2,2,11,Returning_Visitor,True,True
1,0.0,0,1.07,32,2719.73,0.01,0.02,0.0,0.0,Nov,2,2,5,1,Returning_Visitor,False,False
0,0.0,0,0.0,34,812.0,0.0,0.01,0.0,0.0,Mar,2,2,1,1,Returning_Visitor,False,False
4,140.75,1,8.0,16,2073.38,0.0,0.01,0.0,0.03,Nov,3,2,3,2,Returning_Visitor,False,False
0,2.53,0,1.24,1,2.66,0.2,0.14,0.0,0.0,Dec,2,2,4,13,Returning_Visitor,False,False
0,0.0,0,4.79,16,1489.82,0.0,0.03,0.0,0.0,Dec,2,2,1,2,Returning_Visitor,True,False
0,0.0,0,0.0,16,1498.73,0.03,0.05,0.0,0.0,Dec,3,2,2,3,Returning_Visitor,False,False
0,0.0,0,1.65,25,1481.54,0.0,0.02,0.0,0.0,May,2,2,1,13,Returning_Visitor,False,False
0,1.31,0,0.0,5,359.67,0.13,0.11,0.0,0.0,May,1,1,3,4,Returning_Visitor,False,False
9,363.88,0,0.0,29,2351.05,0.0,0.02,0.01,0.0,May,2,4,6,1,Returning_Visitor,False,False
3,119.0,0,0.0,49,1143.35,0.0,0.01,0.0,0.0,May,1,1,1,2,Returning_Visitor,False,False
0,0.0,0,0.0,4,34.0,0.14,0.14,0.0,0.0,Mar,3,2,1,1,Returning_Visitor,False,False
0,3.41,0,0.0,5,158.0,0.03,0.03,0.0,0.0,Nov,1,1,1,3,New_Visitor,False,False
2,0.0,0,0.0,12,410.25,0.0,0.02,0.0,0.0,Nov,2,2,3,2,Returning_Visitor,False,False
3,48.67,0,0.0,66,2436.11,0.01,0.03,12.03,0.03,Nov,2,2,3,2,Returning_Visitor,False,False
0,25.09,0,2.03,8,88.84,0.03,0.06,0.0,0.0,Jul,2,2,9,1,Returning_Visitor,False,False
3,48.35,0,358.6,35,1542.7,0.01,0.01,0.39,0.03,Oct,2,2,2,2,Returning_Visitor,False,False
0,0.0,0,2.52,26,338.23,0.03,0.08,0.0,0.0,May,2,2,2,2,Returning_Visitor,True,False
0,0.0,0,0.0,11,187.0,0.02,0.07,0.0,0.0,Mar,2,2,1,1,Returning_Visitor,False,False
2,86.4,0,3.71,34,1715.45,0.0,0.01,0.01,0.0,Oct,2,2,2,2,New_Visitor,True,False
0,0.0,0,0.0,2,174.5,0.0,0.1,0.0,0.0,Aug,2,2,5,13,Returning_Visitor,False,False
3,16.0,0,9.55,34,1501.4,0.0,0.01,0.01,0.0,Nov,2,2,1,2,Returning_Visitor,False,False
2,112.67,1,141.2,8,361.23,0.01,0.04,0.0,0.0,Oct,1,1,1,2,Returning_Visitor,True,False
0,84.5,0,4.01,7,1173.0,0.0,0.03,76.78,0.0,Nov,2,4,9,2,Returning_Visitor,False,False
0,0.0,0,0.0,1,198.41,0.0,0.14,0.0,0.0,Mar,2,6,1,1,Returning_Visitor,False,False
0,0.0,0,0.0,14,1489.25,0.0,0.01,0.03,0.0,Feb,3,2,5,20,Returning_Visitor,False,False
3,0.0,0,0.0,2,33.0,0.01,0.13,0.0,0.0,May,1,8,3,2,Returning_Visitor,False,False
0,15.81,0,1.44,65,1803.58,0.02,0.04,0.0,0.09,May,3,2,6,3,Returning_Visitor,False,False
3,29.2,0,0.0,12,1472.62,0.0,0.0,0.0,0.0,Oct,1,1,1,4,Returning_Visitor,False,False
0,0.0,0,0.83,1,12.4,0.2,0.14,0.01,0.0,Dec,3,2,3,13,Returning_Visitor,False,False
3,88.53,2,87.27,16,1517.26,0.01,0.0,35.56,0.0,May,2,4,4,2,New_Visitor,False,True
11,505.14,0,35.65,104,2743.82,0.0,0.01,7.35,0.03,May,1,1,2,20,Returning_Visitor,False,False
0,0.0,0,0.0,14,1539.0,0.02,0.04,0.0,0.03,May,2,10,2,2,Returning_Visitor,False,False
1,383.8,0,0.0,11,92.4,0.0,0.02,0.1,0.0,Dec,2,2,9,2,New_Visitor,False,False
0,0.0,0,0.0,23,373.5,0.02,0.05,0.0,0.0,June,3,2,1,1,Returning_Visitor,False,False
0,36.86,0,0.0,2,139.74,0.2,0.2,0.0,0.0,May,3,2,3,4,Returning_Visitor,False,False
3,80.71,0,0.0,10,1505.93,0.0,0.02,0.02,0.03,May,2,2,1,2,New_Visitor,False,False
0,0.0,0,0.0,1,4.37,0.2,0.13,0.0,0.0,Dec,2,2,2,1,Returning_Visitor,False,False
0,0.0,0,0.0,2,537.64,0.0,0.14,0.0,0.8,May,1,1,1,1,Returning_Visitor,False,False
0,0.0,0,0.0,1,0.0,0.14,0.11,0.0,0.03,Aug,2,4,3,2,Returning_Visitor,False,False
3,0.0,0,0.0,6,198.75,0.02,0.02,0.0,0.0,Nov,2,5,8,3,Returning_Visitor,True,False
8,504.5,3,225.33,30,1896.97,0.01,0.03,7.52,0.0,Dec,1,1,3,1,Returning_Visitor,False,False
5,88.03,0,0.0,21,406.8,0.0,0.01,0.01,0.03,May,2,4,1,3,Returning_Visitor,False,False
5,60.2,0,0.0,32,372.14,0.01,0.04,0.0,0.0,May,2,5,3,6,Returning_Visitor,False,False
0,1.67,0,0.84,7,914.5,0.0,0.03,0.01,0.0,Nov,2,2,2,1,Returning_Visitor,False,False
0,2.05,0,0.49,17,65.0,0.05,0.08,0.01,0.18,May,2,2,1,3,Returning_Visitor,False,False
3,5.0,0,0.0,13,119.6,0.0,0.01,0.0,0.0,Jul,2,2,1,2,New_Visitor,False,True
0,19.07,0,0.57,17,603.62,0.01,0.05,0.0,0.8,May,2,2,2,6,Returning_Visitor,False,False
3,439.05,0,0.0,54,1484.13,0.0,0.01,0.0,0.0,Mar,2,2,4,1,Returning_Visitor,False,False
1,82.48,0,0.0,7,170.75,0.0,0.03,0.0,0.0,Nov,1,1,1,2,New_Visitor,False,False
0,0.0,0,0.0,5,113.67,0.0,0.01,0.0,0.0,Nov,2,2,4,13,Returning_Visitor,False,False
0,0.0,0,0.0,12,245.72,0.02,0.04,0.0,0.03,May,2,2,1,3,Returning_Visitor,False,False
0,3.27,0,0.0,7,206.22,0.0,0.07,0.0,0.0,May,2,2,7,3,Returning_Visitor,False,False
0,0.0,1,5.0,66,2537.45,0.0,0.02,0.0,0.07,May,2,6,1,4,Returning_Visitor,False,False
0,30.95,0,0.0,12,177.33,0.07,0.09,0.6,0.68,May,3,2,1,1,Returning_Visitor,True,False
1,2.04,0,0.0,1,19.0,0.0,0.14,0.02,0.0,Mar,1,1,3,1,Returning_Visitor,False,False
0,0.0,0,0.0,2,0.0,0.2,0.2,0.47,0.0,Feb,3,3,3,2,Returning_Visitor,True,False
0,0.0,0,0.0,34,205.73,0.03,0.05,0.0,0.6,May,2,2,6,13,Returning_Visitor,False,False
0,0.0,0,0.96,25,1690.98,0.01,0.04,0.0,0.0,Mar,1,2,8,1,Returning_Visitor,False,False
8,45.45,1,49.73,12,309.7,0.01,0.03,0.18,0.03,Sep,3,2,1,4,Returning_Visitor,True,False
0,0.0,0,0.0,16,450.83,0.04,0.04,0.01,0.0,May,2,2,2,1,Returning_Visitor,False,False
3,82.39,0,0.0,13,1517.02,0.0,0.01,1.31,0.03,Dec,2,2,8,3,New_Visitor,False,False
6,32.5,2,48.93,142,1190.42,0.01,0.03,7.53,0.8,May,3,2,1,4,Returning_Visitor,False,False
0,0.0,0,0.0,34,1492.43,0.0,0.01,0.0,0.0,Mar,2,2,1,2,Returning_Visitor,False,False
2,87.25,0,1.5,11,1582.7,0.0,0.01,0.0,0.0,Nov,3,2,3,1,Returning_Visitor,False,False
3,5.0,0,9.13,92,1688.06,0.0,0.02,0.0,0.03,May,2,2,1,2,Returning_Visitor,False,False
0,0.0,0,0.0,34,3389.8,0.03,0.04,0.0,0.0,Sep,2,4,3,1,Returning_Visitor,False,False
0,1.3,0,0.0,2,10.48,0.14,0.12,0.0,0.2,Nov,2,2,2,13,Returning_Visitor,False,False
0,0.0,0,0.0,47,902.77,0.02,0.04,0.0,0.03,Jul,3,2,8,1,Returning_Visitor,False,False
4,75.0,1,2.79,98,1887.23,0.0,0.02,0.0,0.04,Dec,2,2,8,2,Returning_Visitor,False,False
1,7.0,0,0.0,4,848.05,0.0,0.04,0.0,0.03,Mar,3,2,8,1,Returning_Visitor,False,False
3,64.5,0,0.0,35,1334.55,0.0,0.01,0.0,0.03,Mar,3,2,4,2,Returning_Visitor,True,False
0,0.0,3,72.97,18,271.17,0.0,0.01,0.0,0.0,Nov,2,4,9,3,New_Visitor,False,False
2,38.58,2,9.0,34,584.38,0.0,0.04,0.0,0.0,Jul,1,1,1,2,Returning_Visitor,True,True
1,50.4,0,0.0,49,1463.48,0.0,0.02,0.12,0.0,June,2,2,9,1,Returning_Visitor,False,False
0,0.0,0,0.0,29,82.0,0.0,0.06,0.0,0.0,May,4,1,1,3,Returning_Visitor,False,False
0,0.0,0,0.0,5,337.25,0.0,0.02,0.0,0.0,May,2,2,2,4,Returning_Visitor,False,False
0,1.26,0,0.0,16,292.77,0.0,0.02,0.0,0.03,Dec,1,1,1,2,Returning_Visitor,True,False
3,23.25,0,0.0,10,427.17,0.0,0.02,0.0,0.0,Mar,3,2,9,1,Returning_Visitor,False,False
3,88.82,0,2.31,16,681.5,0.0,0.02,0.0,0.0,Dec,2,4,1,2,Returning_Visitor,False,False
1,19.0,0,0.0,17,1544.56,0.01,0.03,0.0,0.0,Nov,3,2,1,2,Returning_Visitor,False,False
0,21.89,0,0.0,28,2102.75,0.13,0.14,0.0,0.0,Jul,3,2,3,13,Returning_Visitor,False,False
0,0.0,2,78.43,10,369.0,0.0,0.02,0.0,0.0,Mar,1,1,1,2,New_Visitor,False,False
1,21.0,0,0.0,11,385.0,0.0,0.02,0.16,0.6,May,2,2,3,2,Returning_Visitor,False,False
9,320.27,4,298.33,34,1788.37,0.02,0.02,8.22,0.03,Nov,3,2,3,2,Returning_Visitor,True,True
0,0.0,0,0.0,45,747.04,0.02,0.03,0.0,0.03,Nov,3,2,1,13,Returning_Visitor,False,False
3,139.58,0,0.0,25,2074.4,0.0,0.03,7.25,0.0,Aug,2,7,3,1,Returning_Visitor,True,False
0,0.0,0,0.0,16,394.56,0.0,0.01,0.0,0.03,Oct,2,2,1,20,New_Visitor,False,False
0,0.0,0,0.85,6,143.25,0.0,0.04,0.01,0.0,Dec,2,2,1,1,Returning_Visitor,False,False
0,0.0,0,0.0,33,1485.67,0.01,0.02,0.0,0.0,Nov,2,2,1,3,Returning_Visitor,False,False
0,0.0,0,11.59,9,153.2,0.02,0.04,38.51,0.03,Aug,2,2,1,2,Returning_Visitor,False,True
0,0.0,0,0.0,3,164.0,0.0,0.1,0.0,0.0,May,3,2,1,3,Returning_Visitor,False,False
2,206.03,0,2.96,129,3778.34,0.01,0.02,2.17,0.03,Oct,2,2,1,2,Returning_Visitor,False,True
5,82.22,0,0.0,51,1681.71,0.01,0.03,5.9,0.03,Nov,2,2,3,2,Returning_Visitor,True,False
0,2.23,0,0.0,27,1457.73,0.0,0.03,22.32,0.0,May,1,1,4,4,Returning_Visitor,True,False
1,6.0,0,0.0,18,199.5,0.02,0.05,0.0,0.4,May,3,2,4,2,Returning_Visitor,False,False
0,0.0,0,0.0,21,530.58,0.02,0.02,0.0,0.0,Nov,3,2,4,3,Returning_Visitor,False,False
3,52.53,0,0.0,16,2059.3,0.0,0.03,0.01,0.0,Jul,5,1,1,1,Returning_Visitor,False,True
1,68.96,0,0.0,13,517.4,0.0,0.03,4.77,0.0,Nov,2,2,1,20,Returning_Visitor,True,True
2,0.0,0,0.0,11,326.15,0.0,0.02,0.0,0.04,May,2,2,3,1,Returning_Visitor,False,False
1,183.0,0,10.41,139,6375.07,0.01,0.02,0.0,0.03,Nov,2,2,1,2,Returning_Visitor,False,False
0,0.63,0,0.0,23,798.3,0.03,0.04,0.0,0.04,Aug,2,2,5,1,Returning_Visitor,False,False
0,0.0,0,0.0,2,70.3,0.0,0.1,0.0,0.0,Mar,3,2,4,1,Returning_Visitor,False,False
3,5.0,2,134.0,33,5459.97,0.04,0.04,0.0,0.04,May,1,1,1,6,Returning_Visitor,True,False
1,83.33,0,9.28,21,586.19,0.0,0.01,0.0,0.6,May,1,1,1,2,Returning_Visitor,False,False
4,80.84,0,11.22,34,1512.53,0.02,0.04,0.0,0.0,May,2,2,4,2,Returning_Visitor,False,False
0,5.98,0,0.0,4,47.0,0.1,0.15,0.0,0.0,May,2,2,3,3,Returning_Visitor,False,False
9,32.0,0,0.0,36,1245.3,0.0,0.02,7.15,0.0,Mar,2,2,7,2,Returning_Visitor,True,False
1,137.57,2,23.0,22,739.07,0.06,0.02,13.67,0.04,May,3,6,4,6,Returning_Visitor,False,True
8,72.94,2,125.1,17,318.07,0.0,0.04,0.0,0.0,Mar,3,2,8,2,Returning_Visitor,True,False
3,98.73,0,229.8,35,4249.12,0.01,0.04,5.89,0.0,Jul,2,5,3,1,Returning_Visitor,False,False
1,81.24,0,2.6,13,1610.92,0.0,0.01,0.01,0.0,Mar,1,1,1,3,New_Visitor,True,False
6,80.7,0,37.11,73,2335.63,0.0,0.01,2.52,0.0,Nov,2,2,7,11,Returning_Visitor,False,True
1,90.5,0,1.56,32,1530.85,0.0,0.01,0.0,0.0,May,2,2,1,3,New_Visitor,False,False
0,0.69,0,0.0,8,272.07,0.0,0.04,0.0,0.0,Mar,2,2,1,2,Returning_Visitor,False,False
3,83.5,0,0.0,11,1488.52,0.0,0.02,0.0,0.0,Mar,2,2,1,2,New_Visitor,False,False
0,0.0,0,0.0,10,83.42,0.0,0.02,0.0,0.03,Nov,1,1,1,2,Returning_Visitor,True,False
2,110.5,1,48.0,5,156.0,0.0,0.03,0.03,0.0,Dec,2,2,1,2,New_Visitor,False,False
3,222.61,2,64.36,34,1548.09,0.01,0.03,22.92,0.0,Nov,2,1,1,2,Returning_Visitor,True,False
1,89.9,3,20.0,84,1854.92,0.0,0.01,3.17,0.0,Jul,2,2,7,2,Returning_Visitor,False,False
0,1.69,0,0.0,11,263.24,0.0,0.03,0.0,0.0,Mar,3,2,2,3,Returning_Visitor,False,False
0,0.0,0,0.0,41,446.42,0.0,0.03,0.0,0.0,Nov,2,2,1,2,Returning_Visitor,False,False
0,0.0,0,0.0,2,0.0,0.14,0.2,0.0,0.0,Mar,3,2,6,1,Returning_Visitor,True,False
0,0.0,0,0.0,34,212.83,0.04,0.04,0.0,0.04,May,1,1,4,3,Returning_Visitor,False,False
9,171.67,4,107.58,41,1284.66,0.02,0.03,21.22,0.0,Mar,2,2,1,1,Returning_Visitor,False,False
2,14.46,1,7.0,31,561.09,0.02,0.05,0.0,0.0,Jul,3,2,3,13,Returning_Visitor,False,False
0,0.0,0,6.28,1,35.25,0.0,0.04,0.0,0.03,Nov,1,1,3,2,Returning_Visitor,False,False
3,1.44,0,2.59,6,75.47,0.01,0.08,0.12,0.0,May,2,2,3,6,Returning_Visitor,False,False
2,50.5,1,7.0,27,1433.16,0.0,0.01,0.07,0.0,Nov,1,2,1,8,New_Visitor,False,True
0,0.0,0,0.53,12,155.0,0.13,0.12,0.0,0.0,Nov,4,2,1,1,Returning_Visitor,False,False
6,86.0,0,0.0,37,905.5,0.0,0.02,23.64,0.03,Dec,4,5,1,1,Returning_Visitor,False,True
2,81.56,0,0.0,11,1591.97,0.0,0.02,100.1,0.0,May,2,2,1,2,Returning_Visitor,False,True
1,16.25,0,0.0,34,456.52,0.01,0.03,0.0,0.03,Nov,1,1,4,2,Returning_Visitor,True,False
0,0.0,0,0.0,30,365.4,0.03,0.04,0.0,0.03,Mar,3,2,6,1,Returning_Visitor,False,False
1,81.02,0,11.47,17,327.54,0.0,0.01,0.0,0.0,Oct,2,2,3,2,New_Visitor,False,False
0,0.0,0,0.0,18,391.58,0.0,0.02,0.0,0.0,Dec,2,2,7,2,New_Visitor,False,False
0,0.0,2,18.0,1,766.45,0.0,0.07,0.0,0.0,Mar,2,2,3,10,Returning_Visitor,False,False
3,33.0,0,0.0,17,1501.88,0.0,0.01,0.0,0.0,Dec,2,2,1,2,New_Visitor,False,True
0,0.88,0,0.0,3,0.0,0.14,0.2,0.0,0.0,Dec,1,1,1,3,Returning_Visitor,False,False
0,0.0,0,0.31,6,97.83,0.03,0.08,0.0,0.0,Dec,3,2,3,1,Returning_Visitor,True,False
3,84.86,1,0.0,37,1699.33,0.0,0.01,16.48,0.03,May,2,2,6,4,Returning_Visitor,False,False
2,0.0,0,11.7,30,1224.75,0.0,0.01,14.87,0.0,Mar,2,4,2,2,Returning_Visitor,False,True
3,80.57,0,0.0,43,1555.88,0.0,0.04,0.0,0.0,Oct,2,2,7,4,Returning_Visitor,True,False
5,237.25,0,0.0,12,454.23,0.02,0.04,0.01,0.0,May,1,1,1,3,Returning_Visitor,False,False
1,51.0,1,176.0,37,1499.49,0.0,0.01,102.35,0.04,May,2,2,7,4,Returning_Visitor,True,True
0,39.4,2,0.0,3,56.75,0.13,0.12,0.0,0.0,Nov,1,1,1,2,Returning_Visitor,False,False
0,0.0,0,0.0,5,241.36,0.0,0.04,0.0,0.0,Mar,2,2,2,1,Returning_Visitor,False,False
0,0.61,0,0.0,3,57.42,0.0,0.07,0.0,0.0,Dec,2,2,1,2,New_Visitor,False,False
3,131.5,0,0.0,26,1497.03,0.0,0.01,37.16,0.0,Nov,1,1,1,2,Returning_Visitor,False,True
0,0.73,0,6.44,20,1117.33,0.0,0.01,0.0,0.0,Mar,2,4,7,2,Returning_Visitor,False,False
1,53.0,0,10.34,10,1491.73,0.0,0.02,49.39,0.03,May,2,2,1,4,Returning_Visitor,True,True
0,0.0,0,0.0,62,1489.52,0.0,0.02,0.0,0.03,Nov,2,2,4,1,Returning_Visitor,False,False
4,292.19,1,194.5,56,1514.37,0.0,0.02,14.69,0.03,May,1,2,3,2,Returning_Visitor,False,True
5,271.75,1,0.0,40,675.2,0.01,0.04,0.0,0.0,Oct,2,2,3,2,Returning_Visitor,False,False
1,36.0,0,4.33,237,6817.94,0.0,0.01,3.96,0.03,Nov,2,2,1,2,Returning_Visitor,False,True
0,0.0,0,0.0,3,31.0,0.0,0.03,0.0,0.0,Dec,2,2,1,2,New_Visitor,False,False
1,4.0,0,2.35,43,1558.51,0.0,0.04,0.0,0.03,Mar,4,1,3,3,Returning_Visitor,False,False
4,83.01,0,0.0,5,57.68,0.0,0.04,0.29,0.0,Dec,3,2,8,2,Returning_Visitor,False,False
3,79.27,0,4.0,16,299.27,0.0,0.03,0.09,0.0,Sep,3,2,1,6,Returning_Visitor,False,False
1,88.51,0,0.0,21,233.25,0.0,0.0,0.0,0.0,May,1,2,6,2,Returning_Visitor,False,False
14,1155.67,0,0.0,20,1069.17,0.0,0.01,0.0,0.03,Mar,2,5,3,3,Returning_Visitor,True,False
6,80.5,1,97.12,23,477.7,0.0,0.01,0.0,0.0,Jul,4,2,7,2,New_Visitor,True,False
2,40.5,0,6.6,133,4815.7,0.0,0.01,8.97,0.03,Nov,2,2,3,1,Returning_Visitor,False,True
4,81.71,0,0.0,11,179.96,0.0,0.0,0.0,0.0,Nov,2,2,1,8,New_Visitor,True,True
0,1.18,0,0.0,3,17.0,0.0,0.03,0.0,0.0,Mar,1,1,1,3,Returning_Visitor,False,False
0,0.0,0,0.0,37,582.27,0.0,0.02,0.0,0.0,Nov,2,2,5,2,Returning_Visitor,False,False
2,904.58,4,2.39,132,4096.16,0.01,0.02,8.96,0.03,Nov,3,2,3,2,Returning_Visitor,False,True
0,5.0,0,7.63,125,3507.01,0.01,0.01,0.0,0.03,Nov,4,1,4,2,Returning_Visitor,False,False
4,69.6,0,0.0,46,1292.45,0.0,0.01,0.0,0.0,Aug,3,2,1,2,Returning_Visitor,True,False
3,398.0,0,0.0,34,770.31,0.0,0.03,10.05,0.03,Oct,1,8,3,2,Returning_Visitor,False,True
1,45.4,0,0.0,34,1227.71,0.02,0.04,0.0,0.0,Oct,1,1,3,3,Returning_Visitor,False,False
4,123.0,1,33.57,16,529.33,0.0,0.01,0.05,0.0,May,3,3,2,2,New_Visitor,False,False
0,0.0,0,0.0,34,1425.58,0.02,0.02,14.59,0.0,Dec,2,4,1,1,Returning_Visitor,False,False
3,19.91,0,0.0,8,335.25,0.13,0.11,0.0,0.0,Nov,3,2,3,1,Returning_Visitor,False,True
3,28.5,0,0.0,15,608.42,0.0,0.04,0.0,0.0,Mar,2,5,1,3,Returning_Visitor,False,False
3,46.0,1,17.0,33,1540.58,0.0,0.02,10.84,0.0,Mar,2,2,2,2,Returning_Visitor,True,False
0,0.0,0,0.0,19,127.0,0.0,0.02,0.0,0.8,May,2,2,3,4,Returning_Visitor,False,False
0,0.72,0,0.0,9,1488.49,0.02,0.04,0.0,0.0,Mar,1,1,6,1,Returning_Visitor,False,False
0,0.0,0,3.22,12,201.67,0.02,0.05,0.0,0.6,May,2,2,3,1,Returning_Visitor,False,False
1,11.43,1,146.0,20,1329.26,0.01,0.02,20.79,0.0,May,2,2,4,4,Returning_Visitor,False,False
2,0.0,4,76.7,141,2596.2,0.01,0.02,0.0,0.03,Nov,2,2,7,2,Returning_Visitor,False,False
3,38.5,0,0.0,15,409.67,0.02,0.05,0.0,0.0,Nov,1,1,3,1,Returning_Visitor,False,False
4,190.5,0,0.0,29,867.99,0.01,0.02,0.0,0.0,May,3,2,3,4,Returning_Visitor,False,False
8,279.28,0,0.0,17,835.42,0.0,0.02,6.29,0.0,Aug,2,2,3,2,New_Visitor,False,True
0,116.35,0,0.0,3,0.0,0.2,0.14,0.04,0.0,Nov,4,1,4,3,Returning_Visitor,False,False
3,0.0,0,0.37,19,809.17,0.02,0.05,0.0,0.6,May,2,2,4,3,Returning_Visitor,False,False
2,96.0,3,313.0,65,2091.66,0.01,0.03,8.33,0.0,May,3,2,3,4,Returning_Visitor,True,False
0,0.0,0,0.77,35,3998.33,0.03,0.02,0.0,0.0,Nov,4,2,1,1,Returning_Visitor,False,False
2,11.0,0,0.0,34,938.93,0.04,0.04,0.01,0.03,June,3,2,2,3,Returning_Visitor,False,False
0,1.02,0,1.14,12,312.67,0.0,0.04,0.02,0.0,May,1,1,1,4,Returning_Visitor,False,False
2,35.0,0,3.01,2,6.0,0.0,0.04,0.0,0.0,Mar,2,2,9,2,New_Visitor,False,False
4,127.0,0,0.0,34,1481.97,0.0,0.02,23.62,0.0,May,1,1,3,4,Returning_Visitor,False,True
0,0.0,0,10.86,20,678.0,0.03,0.03,0.04,0.0,Dec,2,2,3,10,Returning_Visitor,False,False
5,85.34,0,0.0,3,93.58,0.01,0.01,0.0,0.03,Nov,2,4,3,2,Returning_Visitor,False,False
4,15.5,0,0.0,15,264.6,0.01,0.05,0.0,0.03,May,4,1,3,2,Returning_Visitor,False,False
3,498.6,0,91.23,33,1556.49,0.04,0.07,5.69,0.0,Jul,2,5,4,1,Returning_Visitor,True,True
1,0.0,0,0.0,15,113.8,0.08,0.12,0.0,0.0,Nov,2,2,1,3,Returning_Visitor,False,True
3,34.2,0,0.0,18,1504.46,0.0,0.02,0.0,0.0,Nov,2,2,1,2,Returning_Visitor,False,False
3,92.24,0,0.0,4,111.67,0.0,0.03,0.0,0.0,May,3,2,1,5,Returning_Visitor,False,False
0,0.0,0,0.0,8,163.5,0.13,0.12,0.0,0.0,Nov,3,2,1,10,Returning_Visitor,False,False
0,0.0,0,1.53,9,464.0,0.0,0.02,39.04,0.0,May,2,2,1,2,Returning_Visitor,False,True
1,17.82,0,0.0,12,764.75,0.0,0.02,9.64,0.4,May,2,2,8,2,New_Visitor,False,True
1,15.0,1,55.51,49,711.36,0.0,0.0,0.0,0.03,Dec,1,1,1,2,New_Visitor,False,False
0,0.0,0,0.0,23,480.92,0.02,0.03,0.0,0.0,Dec,4,2,1,2,Returning_Visitor,False,False
0,0.0,0,0.0,25,954.47,0.0,0.01,0.0,0.0,Mar,3,2,1,1,Returning_Visitor,True,False
1,130.5,0,0.0,51,1454.14,0.01,0.02,0.0,0.0,Mar,3,2,6,3,Returning_Visitor,False,False
7,109.5,0,0.0,25,349.7,0.0,0.01,0.0,0.0,Oct,2,1,1,2,Returning_Visitor,False,False
1,36.0,0,0.0,19,1502.45,0.0,0.02,0.0,0.03,May,2,2,3,1,Returning_Visitor,False,False
3,170.59,0,0.99,44,441.79,0.0,0.02,0.0,0.0,Mar,3,2,1,3,Returning_Visitor,False,False
0,0.0,0,0.0,19,286.7,0.14,0.08,0.0,0.0,Jul,3,2,1,1,Returning_Visitor,False,False
0,74.42,0,0.0,5,106.08,0.0,0.04,0.0,0.0,Dec,1,1,2,1,Returning_Visitor,False,False
0,0.0,0,0.0,15,313.25,0.01,0.03,0.0,0.0,Nov,2,2,3,10,Returning_Visitor,False,False
0,0.0,0,0.0,1,130.86,0.14,0.2,0.02,0.8,Feb,2,2,2,1,Returning_Visitor,True,False
0,133.18,0,0.0,2,0.0,0.2,0.2,0.0,0.0,Mar,2,2,6,3,Returning_Visitor,True,False
0,1.77,0,0.0,5,246.9,0.0,0.01,0.0,0.0,Mar,2,2,1,2,Returning_Visitor,True,False
0,0.0,0,0.0,10,105.62,0.02,0.05,0.0,0.0,Nov,1,1,3,2,Returning_Visitor,False,False
9,354.29,0,9.01,79,4409.3,0.01,0.01,12.08,0.03,Nov,3,2,2,3,Returning_Visitor,False,True
1,94.83,0,7.44,262,6774.82,0.0,0.01,0.0,0.06,June,2,5,1,2,Returning_Visitor,False,False
3,68.6,0,11.08,97,4318.67,0.0,0.01,0.0,0.03,Jul,2,4,8,2,Returning_Visitor,False,False
1,281.75,2,16.57,116,7009.1,0.0,0.01,4.95,0.03,May,6,2,2,2,Returning_Visitor,False,False
0,0.0,0,0.0,20,513.33,0.0,0.02,0.0,0.0,Dec,2,2,3,2,Returning_Visitor,False,False
1,81.0,0,0.0,28,914.5,0.01,0.01,56.58,0.0,Nov,2,2,2,11,Returning_Visitor,True,True
2,47.5,0,0.0,23,472.42,0.0,0.03,0.0,0.0,Dec,1,1,1,3,Returning_Visitor,False,False
0,196.47,0,0.0,26,234.8,0.05,0.14,0.0,0.0,Jul,2,2,8,13,Returning_Visitor,False,False
0,0.84,0,0.0,21,795.36,0.04,0.06,0.0,0.0,Dec,1,1,1,3,Returning_Visitor,False,False
0,1.44,0,0.0,1,0.0,0.14,0.14,0.0,0.0,May,1,1,9,1,Returning_Visitor,False,False
4,0.0,0,0.0,11,398.69,0.02,0.06,0.0,0.03,Nov,1,8,3,11,Returning_Visitor,False,False
3,106.6,0,0.0,12,203.98,0.0,0.0,0.14,0.0,Jul,2,2,1,3,New_Visitor,False,False
3,82.88,0,0.0,36,961.52,0.03,0.05,0.0,0.0,Aug,3,2,1,4,Returning_Visitor,False,False
9,82.63,0,0.0,34,2923.25,0.02,0.04,0.0,0.03,June,1,1,3,1,Returning_Visitor,False,False
3,95.0,0,6.43,27,808.7,0.0,0.01,0.0,0.0,Mar,3,2,7,3,Returning_Visitor,False,False
3,196.4,0,16.11,9,397.0,0.03,0.05,0.0,0.03,Sep,3,2,1,13,Returning_Visitor,False,False
0,0.0,0,0.0,5,212.69,0.13,0.19,0.01,0.03,Oct,3,2,8,20,Returning_Visitor,False,False
0,268.17,0,4.63,148,1492.7,0.02,0.02,5.78,0.03,May,3,2,1,4,Returning_Visitor,False,False
0,0.0,2,69.46,31,3264.13,0.01,0.02,0.0,0.0,Aug,1,2,1,2,Returning_Visitor,False,False
4,57.4,0,0.0,21,1535.72,0.0,0.01,0.0,0.03,Sep,2,2,1,2,Returning_Visitor,False,False
0,0.0,0,0.0,3,60.16,0.03,0.1,0.0,0.0,Mar,2,2,1,3,Returning_Visitor,False,False
0,0.0,0,0.99,3,70.0,0.0,0.04,0.03,0.8,May,2,2,1,2,Returning_Visitor,False,False
0,0.0,0,11.61,97,2300.89,0.0,0.02,0.0,0.03,Nov,2,2,1,2,Returning_Visitor,False,False
0,0.0,0,0.0,34,1487.43,0.02,0.04,0.0,0.0,Dec,2,2,3,2,Returning_Visitor,False,False
3,70.92,0,0.0,53,1481.43,0.0,0.01,38.94,0.03,Nov,1,8,1,11,Returning_Visitor,True,True
1,5.0,0,0.0,7,299.92,0.0,0.03,0.01,0.0,May,1,1,3,3,Returning_Visitor,False,False
1,8.0,0,1.01,14,269.5,0.0,0.02,0.0,0.0,Mar,2,2,3,1,Returning_Visitor,False,False
0,4.2,0,0.0,12,167.22,0.0,0.0,0.01,0.03,May,3,2,1,3,Returning_Visitor,True,False
1,33.5,0,0.0,34,1532.02,0.0,0.04,0.0,0.0,Nov,1,1,1,2,Returning_Visitor,False,True
3,58.0,0,0.0,50,952.43,0.0,0.01,2.18,0.0,Mar,4,1,2,11,Returning_Visitor,False,True
0,0.0,0,1.01,2,35.78,0.2,0.14,0.0,0.0,Mar,1,2,7,1,Returning_Visitor,True,False
8,264.81,0,0.0,35,1488.5,0.01,0.04,0.0,0.03,Dec,2,2,3,2,Returning_Visitor,False,False
1,8.0,0,0.0,51,1229.17,0.0,0.02,0.0,0.05,May,2,5,4,6,Returning_Visitor,False,False
3,49.5,1,200.02,45,1545.5,0.0,0.01,20.97,0.0,Mar,2,4,3,8,Returning_Visitor,False,True
1,123.16,0,0.0,11,160.5,0.0,0.03,0.0,0.0,May,2,2,2,3,Returning_Visitor,False,False
7,85.53,4,338.27,34,2996.49,0.01,0.02,2.09,0.0,May,3,2,3,3,Returning_Visitor,True,False
0,0.0,0,0.0,5,55.5,0.0,0.04,0.0,0.03,Dec,3,2,3,6,Returning_Visitor,False,False
3,15.0,0,0.0,12,1487.52,0.03,0.05,0.0,0.0,Dec,1,1,1,3,Returning_Visitor,False,False
0,0.0,0,0.0,6,97.17,0.0,0.03,0.0,0.0,May,1,1,3,3,Returning_Visitor,False,False
12,152.75,4,353.36,127,3247.64,0.01,0.02,33.85,0.03,Nov,3,1,1,2,Returning_Visitor,True,True
1,101.72,1,239.0,14,839.5,0.02,0.05,0.0,0.0,Mar,1,2,4,2,Returning_Visitor,False,False
0,0.0,0,0.0,1,0.0,0.13,0.14,0.18,0.0,Nov,2,2,5,2,Returning_Visitor,True,False
0,0.0,0,0.24,33,852.77,0.0,0.02,0.0,1.0,May,3,2,4,1,Returning_Visitor,True,False
0,3.41,0,0.0,12,442.5,0.0,0.01,0.0,0.0,Nov,2,2,1,2,New_Visitor,False,False
3,19.0,0,0.0,23,1875.74,0.03,0.04,0.02,0.0,May,3,2,4,1,Returning_Visitor,False,False
6,112.5,0,8.76,86,2041.23,0.0,0.01,5.91,0.03,Nov,2,4,1,2,Returning_Visitor,False,True
4,19.8,0,0.0,33,10.0,0.01,0.03,0.0,0.06,May,1,1,6,5,New_Visitor,False,True
3,67.2,0,0.0,34,987.12,0.0,0.01,22.26,0.0,May,2,2,8,4,Returning_Visitor,False,True
1,4.0,3,148.5,12,185.83,0.0,0.02,0.0,0.0,Mar,2,2,7,2,Returning_Visitor,False,False
2,190.0,1,114.18,35,1634.14,0.0,0.01,0.0,0.0,Mar,1,1,6,2,Returning_Visitor,True,False
1,84.37,0,0.0,35,1493.58,0.02,0.02,0.0,0.0,Oct,3,2,1,1,Returning_Visitor,False,False
0,0.0,1,108.8,10,1494.48,0.0,0.01,39.07,0.0,Nov,2,1,1,2,Returning_Visitor,False,True
2,22.25,0,0.0,27,1958.57,0.0,0.04,5.82,0.0,Nov,2,2,6,2,Returning_Visitor,False,True
3,98.17,1,121.0,8,183.78,0.0,0.01,0.0,0.0,Nov,2,2,3,2,Returning_Visitor,False,False
1,5.0,0,0.0,21,258.62,0.0,0.01,0.0,0.0,Dec,2,2,4,3,Returning_Visitor,False,False
0,1.18,0,0.0,6,109.5,0.14,0.09,0.01,0.4,May,3,2,1,13,Returning_Visitor,False,False
0,0.0,0,0.0,16,977.12,0.0,0.01,0.0,0.0,Dec,2,2,1,2,Returning_Visitor,True,False
3,22.92,0,0.0,22,221.25,0.01,0.04,0.06,0.0,Nov,2,2,1,2,Returning_Visitor,False,False
0,6.0,0,0.0,8,148.75,0.0,0.02,0.07,0.0,Mar,2,4,3,2,Returning_Visitor,True,False
4,45.0,0,0.0,21,819.83,0.0,0.0,0.03,0.0,May,3,2,1,2,New_Visitor,False,False
0,0.0,0,0.0,20,255.75,0.01,0.03,0.01,0.0,May,2,2,1,4,Returning_Visitor,False,False
1,10.0,0,0.0,12,220.27,0.0,0.02,37.22,0.0,Nov,1,1,1,8,New_Visitor,True,True
3,61.0,0,6.94,34,1485.3,0.0,0.01,0.0,0.0,Mar,2,2,5,2,Returning_Visitor,False,False
0,9.13,0,0.0,10,1526.27,0.0,0.02,0.0,0.0,Nov,1,1,1,2,New_Visitor,False,False
3,0.96,0,0.0,9,396.17,0.0,0.02,0.0,0.0,Nov,3,2,2,13,Returning_Visitor,False,False
0,0.0,0,2.93,2,66.59,0.0,0.05,0.0,0.0,Oct,2,4,1,2,Returning_Visitor,True,False
0,1.54,0,0.0,12,86.5,0.08,0.09,0.0,0.04,May,3,2,6,13,Returning_Visitor,False,False
5,83.3,0,0.0,16,742.21,0.0,0.02,35.33,0.03,May,1,1,3,5,New_Visitor,False,True
1,8.0,0,0.0,32,690.25,0.02,0.03,10.06,0.0,Dec,2,1,3,2,Returning_Visitor,True,False
6,127.8,0,0.0,15,1506.35,0.0,0.0,65.47,0.0,Aug,1,8,4,1,Returning_Visitor,False,True
0,0.0,0,0.0,1,0.0,0.2,0.2,0.0,0.0,Aug,2,10,3,4,Returning_Visitor,True,False
0,0.0,0,0.93,1,0.0,0.14,0.14,0.01,0.0,Mar,2,4,5,1,Returning_Visitor,False,False
0,149.07,0,0.0,33,243.46,0.02,0.02,0.0,0.0,Nov,3,2,1,2,Returning_Visitor,False,False
3,0.59,0,3.87,16,228.62,0.0,0.02,0.0,0.03,Dec,2,2,1,2,New_Visitor,False,False
3,39.0,0,0.0,25,176.8,0.01,0.04,0.07,0.0,June,3,2,3,4,Returning_Visitor,True,False
6,168.43,0,314.71,35,2806.83,0.01,0.04,0.55,0.0,May,2,2,3,2,Returning_Visitor,True,False
4,83.49,0,0.0,4,667.35,0.0,0.03,0.0,0.0,Oct,1,1,7,8,New_Visitor,False,False
0,0.0,0,0.0,34,1185.67,0.0,0.0,0.0,0.0,Mar,2,2,1,1,Returning_Visitor,False,False
0,0.0,0,0.0,33,1477.98,0.0,0.02,0.0,0.0,Dec,2,6,1,3,Returning_Visitor,True,False
0,0.0,0,0.0,30,1372.46,0.01,0.02,39.14,0.0,Sep,2,2,7,1,Returning_Visitor,False,False
9,66.2,0,92.17,25,1505.81,0.0,0.01,0.0,0.03,Oct,2,2,1,2,Returning_Visitor,False,False
0,0.0,0,5.76,2,95.02,0.2,0.14,0.03,0.0,Nov,3,2,7,3,Returning_Visitor,False,False
13,331.98,4,5.6,202,8217.68,0.0,0.01,3.65,0.03,Nov,2,2,3,2,Returning_Visitor,False,True
0,2.89,0,0.0,16,1485.03,0.0,0.02,0.0,0.0,Dec,2,2,3,2,Returning_Visitor,False,False
4,59.86,1,38.3,38,725.21,0.0,0.03,0.0,0.0,Oct,2,2,9,2,Returning_Visitor,True,False
3,82.08,0,53.76,40,1159.57,0.0,0.02,12.49,0.0,Dec,1,1,4,2,Returning_Visitor,True,False
0,0.0,0,29.54,34,2787.75,0.01,0.0,0.0,0.0,Nov,1,1,1,2,New_Visitor,False,False
2,95.19,1,70.0,16,1537.77,0.01,0.01,9.54,0.03,Mar,2,2,3,2,Returning_Visitor,False,False
4,91.0,0,4.61,12,197.0,0.01,0.01,0.09,0.0,Nov,2,2,1,2,New_Visitor,False,False
0,4.38,0,0.22,63,1489.83,0.0,0.02,0.0,0.0,Aug,2,2,1,3,Returning_Visitor,False,False
1,31.0,0,0.42,10,117.74,0.07,0.08,0.0,0.0,Mar,3,2,3,1,Returning_Visitor,False,False
3,34.92,1,33.5,36,496.48,0.01,0.03,0.0,0.0,Dec,3,2,1,2,Returning_Visitor,False,False
0,77.8,0,0.0,7,1492.77,0.0,0.04,0.0,0.8,May,2,4,1,5,New_Visitor,False,False
2,207.78,0,0.0,34,574.33,0.0,0.02,34.26,0.4,Mar,1,1,8,2,Returning_Visitor,False,True
0,0.0,0,1.28,17,722.08,0.01,0.04,0.01,0.0,Dec,2,2,2,1,Returning_Visitor,False,False
5,69.5,0,2.36,4,200.61,0.0,0.02,0.0,0.0,May,2,2,3,4,Returning_Visitor,False,False
1,85.51,0,0.0,13,355.17,0.02,0.04,0.1,0.03,Nov,3,2,3,3,Returning_Visitor,False,False
1,15.2,0,0.0,81,4536.31,0.03,0.05,0.0,0.0,Jul,3,2,1,1,Returning_Visitor,False,False
0,2.98,0,0.0,1,0.0,0.14,0.2,0.0,0.0,Mar,2,4,1,1,Returning_Visitor,False,False
0,20.97,0,0.9,7,112.0,0.03,0.09,0.04,0.0,Nov,3,2,1,2,Returning_Visitor,False,False
2,241.85,0,7.96,202,10014.27,0.0,0.02,1.61,0.03,Nov,2,2,1,2,Returning_Visitor,False,True
0,0.0,0,0.0,5,47.0,0.0,0.04,0.0,0.03,Nov,2,2,3,3,Returning_Visitor,False,False
0,0.0,0,0.0,12,244.74,0.0,0.04,0.0,0.4,May,2,2,1,2,Returning_Visitor,False,False
1,15.0,0,0.0,12,189.67,0.02,0.03,0.03,0.0,May,3,2,6,1,Returning_Visitor,False,False
3,81.07,0,0.0,35,1508.22,0.01,0.02,8.13,0.0,May,2,2,1,2,Returning_Visitor,False,True
0,0.0,0,0.81,7,267.73,0.0,0.04,0.0,0.0,May,2,4,3,1,Returning_Visitor,False,False
0,22.21,0,0.0,11,326.5,0.03,0.14,0.0,0.0,Nov,1,1,4,3,Returning_Visitor,False,False
3,34.4,0,0.0,44,1820.57,0.03,0.04,15.18,0.6,May,2,2,1,6,Returning_Visitor,False,False
0,0.0,0,0.0,6,161.0,0.0,0.07,0.0,0.2,May,2,2,1,4,Returning_Visitor,False,False
9,156.61,5,28.07,50,2694.51,0.0,0.01,0.0,0.03,Nov,2,2,4,2,Returning_Visitor,False,True
5,91.5,0,2.52,106,2980.89,0.0,0.01,1.91,0.0,May,4,2,3,2,Returning_Visitor,False,False
10,303.93,0,0.0,41,1467.89,0.0,0.02,11.02,0.03,Dec,2,2,3,2,Returning_Visitor,False,False
3,83.25,0,6.55,152,4307.41,0.0,0.01,0.31,0.03,Dec,2,2,1,2,Returning_Visitor,False,True
3,54.0,0,3.04,26,1296.18,0.04,0.06,0.0,0.0,May,2,2,1,3,Returning_Visitor,False,False
8,377.51,4,282.88,29,2062.89,0.01,0.03,1.71,0.0,Mar,1,1,4,2,Returning_Visitor,False,True
0,5.11,0,0.0,2,4.05,0.2,0.2,0.0,0.0,Mar,2,4,1,1,Returning_Visitor,False,False
3,0.0,0,8.66,89,2744.54,0.0,0.02,3.62,0.04,Nov,2,1,6,10,Returning_Visitor,True,False
0,0.0,0,0.0,26,655.78,0.0,0.01,0.0,0.0,Mar,1,1,1,3,Returning_Visitor,False,False
3,91.0,0,3.05,246,9227.37,0.01,0.02,0.0,0.04,Oct,4,1,4,2,Returning_Visitor,False,False
0,0.0,0,0.0,4,56.5,0.05,0.1,0.0,0.4,May,1,1,1,3,Returning_Visitor,False,False
4,88.0,0,18.24,173,6014.4,0.01,0.03,1.54,0.03,Nov,3,2,1,2,Returning_Visitor,False,True
0,0.0,0,0.0,19,1065.9,0.02,0.04,0.02,1.0,May,1,1,1,6,Returning_Visitor,True,False
6,122.8,0,0.0,32,175.4,0.0,0.02,0.02,0.0,Nov,2,5,3,2,New_Visitor,False,False
0,0.0,0,3.41,19,295.83,0.0,0.02,0.0,0.03,Nov,2,2,2,2,New_Visitor,False,False
0,1.52,0,2.61,10,443.75,0.02,0.07,38.19,0.0,Dec,1,8,3,1,Returning_Visitor,False,True
0,0.0,0,0.0,1,84.72,0.0,0.2,0.0,0.0,Mar,2,2,1,1,Returning_Visitor,False,False
1,37.0,0,5.52,10,240.42,0.02,0.02,0.09,0.0,May,2,2,3,3,New_Visitor,True,False
0,0.0,0,0.0,62,2636.51,0.05,0.04,0.0,0.03,Jul,3,2,3,2,Returning_Visitor,True,False
0,0.0,2,21.0,43,1466.22,0.0,0.02,0.0,0.03,Nov,2,6,1,2,Returning_Visitor,True,False
3,6.0,0,0.0,53,2241.5,0.0,0.03,0.0,0.03,May,2,4,9,1,Returning_Visitor,False,False
1,24.5,0,3.33,22,353.17,0.02,0.03,0.0,0.0,Mar,2,5,1,3,Returning_Visitor,False,False
0,32.07,0,0.0,5,137.55,0.0,0.03,0.0,0.0,May,2,4,3,3,Returning_Visitor,False,False
5,72.57,10,208.6,27,1091.32,0.0,0.03,0.0,0.0,Sep,2,2,1,2,Returning_Visitor,False,True
2,97.62,0,0.0,72,1636.26,0.01,0.01,0.0,0.03,Oct,2,2,4,4,Returning_Visitor,False,False
0,1.38,0,0.0,4,52.0,0.0,0.02,0.0,0.0,Mar,2,2,1,2,Returning_Visitor,False,False
4,97.2,2,16.0,34,1551.51,0.0,0.01,35.27,0.0,May,2,4,8,2,Returning_Visitor,False,True
7,221.0,0,0.0,27,1753.58,0.0,0.02,0.0,0.2,May,1,1,1,1,Returning_Visitor,False,False
3,135.5,0,0.0,34,619.5,0.01,0.01,0.0,0.03,May,2,6,3,3,Returning_Visitor,False,False
3,0.0,0,0.0,122,1945.32,0.02,0.03,0.0,0.03,May,2,6,1,1,Returning_Visitor,False,False
0,1.34,1,12.0,25,412.25,0.0,0.04,0.0,0.03,Mar,2,2,1,2,Returning_Visitor,False,False
3,89.12,0,0.0,32,320.5,0.0,0.02,0.0,0.0,Feb,1,1,2,3,Returning_Visitor,False,False
0,0.0,0,4.01,16,355.5,0.0,0.01,11.13,0.04,May,3,2,3,3,New_Visitor,False,True
0,2.22,0,0.0,6,88.0,0.0,0.05,0.0,0.0,Mar,8,1,1,3,Returning_Visitor,False,False
1,89.59,0,0.0,13,1474.5,0.0,0.02,69.46,0.0,Dec,2,2,4,3,Returning_Visitor,False,True
0,0.0,0,0.53,31,3888.17,0.03,0.03,0.01,0.0,Mar,2,4,3,1,Returning_Visitor,False,False
2,98.75,0,0.0,34,683.17,0.0,0.01,0.0,0.03,Dec,2,2,1,2,Returning_Visitor,False,False
0,0.0,0,0.0,34,1799.83,0.02,0.04,0.0,0.6,May,2,4,8,6,Returning_Visitor,False,False
0,0.0,0,1.42,60,1447.67,0.01,0.02,0.0,0.03,Aug,2,2,1,2,Returning_Visitor,False,False
0,2.22,0,0.0,18,5188.5,0.0,0.04,0.0,0.03,Mar,2,5,1,1,Returning_Visitor,False,False
2,81.11,0,0.0,24,203.24,0.01,0.02,0.0,0.0,May,2,2,1,4,Returning_Visitor,False,False
0,0.0,0,0.0,33,364.67,0.07,0.09,0.0,0.8,May,2,2,3,13,Returning_Visitor,False,False
1,120.5,1,260.5,33,1148.17,0.0,0.04,7.52,0.0,Nov,2,2,1,1,Returning_Visitor,True,True
0,0.0,0,0.0,7,232.0,0.0,0.03,0.0,0.0,Jul,1,1,1,2,Returning_Visitor,True,False
1,85.75,1,0.0,15,1565.71,0.0,0.04,34.1,0.0,May,2,4,3,2,Returning_Visitor,False,False
4,65.17,0,0.0,31,1524.57,0.0,0.01,0.0,0.6,May,2,2,8,3,Returning_Visitor,False,False
1,69.0,1,6.36,17,319.0,0.0,0.01,0.0,0.0,May,2,2,9,2,Returning_Visitor,True,False
0,0.0,0,0.0,34,1492.52,0.05,0.06,0.0,0.31,May,1,1,1,3,Returning_Visitor,False,False
0,0.0,0,0.0,1,0.0,0.14,0.2,0.0,0.85,May,2,2,1,1,Returning_Visitor,False,False
0,0.0,0,0.0,2,2.68,0.14,0.2,0.0,0.0,May,1,1,4,2,New_Visitor,False,False
0,12.8,0,0.0,4,35.33,0.05,0.1,0.0,0.0,June,1,1,1,2,Returning_Visitor,True,False
3,12.0,1,24.0,3,5.33,0.03,0.04,0.0,0.0,Nov,2,2,1,3,Returning_Visitor,False,False
3,33.0,0,2.88,38,687.49,0.0,0.01,0.06,0.03,Mar,2,4,6,3,Returning_Visitor,False,False
0,0.0,1,5.0,27,1095.66,0.0,0.02,60.73,0.0,Nov,1,1,1,10,Returning_Visitor,True,True
0,0.0,0,0.32,1,189.1,0.0,0.14,0.0,0.0,May,2,2,1,3,Returning_Visitor,False,False
4,80.93,0,0.0,26,28.0,0.0,0.02,0.0,0.0,Nov,2,2,1,6,New_Visitor,False,False
0,0.0,0,0.0,4,7.0,0.0,0.05,0.0,0.0,Mar,2,2,1,1,Returning_Visitor,False,False
1,0.0,0,0.0,12,276.0,0.0,0.02,0.11,0.0,Dec,2,2,8,2,New_Visitor,False,False
0,0.0,0,0.0,1,0.0,0.14,0.2,0.02,0.0,May,2,2,2,1,Returning_Visitor,False,False
0,0.0,2,30.0,11,1114.92,0.0,0.03,0.01,0.0,Mar,3,2,1,3,Returning_Visitor,False,False
0,0.0,0,0.0,5,58.12,0.04,0.12,0.0,0.03,Mar,2,2,1,1,Returning_Visitor,False,False
0,103.93,0,0.0,9,249.41,0.02,0.06,0.3,0.0,Nov,1,2,1,4,Returning_Visitor,False,False
0,0.0,0,0.0,1,0.5,0.0,0.05,0.03,0.0,Dec,2,2,4,6,Returning_Visitor,False,False
2,26.0,0,0.0,46,1852.75,0.0,0.01,0.0,0.0,Mar,2,2,2,3,Returning_Visitor,False,False
4,47.8,0,0.0,7,1515.48,0.02,0.02,0.0,0.0,Jul,2,3,3,4,Returning_Visitor,False,False
0,0.0,0,0.0,3,1481.45,0.07,0.13,0.0,0.03,Aug,2,4,1,1,Returning_Visitor,True,False
6,171.5,3,72.94,26,1565.96,0.01,0.02,0.76,0.0,Nov,2,2,4,2,Returning_Visitor,False,True
0,0.0,0,0.0,34,621.73,0.0,0.02,0.01,0.03,Jul,1,1,1,2,Returning_Visitor,False,False
0,74.55,0,0.0,21,864.46,0.0,0.01,0.02,0.0,Dec,3,2,1,2,New_Visitor,False,False
0,4.21,0,15.73,40,1445.84,0.0,0.03,0.15,0.0,Jul,3,2,6,2,Returning_Visitor,True,False
0,1.52,0,0.0,19,380.95,0.0,0.01,0.0,0.0,Nov,3,2,4,2,Returning_Visitor,False,True
5,96.39,0,0.0,15,743.67,0.0,0.03,19.43,0.0,May,2,2,1,2,Returning_Visitor,False,True
0,0.7,0,0.0,9,140.0,0.02,0.06,0.0,0.0,Mar,2,2,6,1,Returning_Visitor,False,False
3,80.7,0,0.0,42,1722.5,0.0,0.01,0.0,0.0,May,2,2,4,2,Returning_Visitor,False,False
0,0.0,0,0.0,6,370.34,0.0,0.02,0.0,0.0,Dec,1,2,3,10,Returning_Visitor,False,False
0,136.93,0,0.0,3,268.82,0.07,0.12,0.0,0.08,May,2,2,2,3,Returning_Visitor,True,False
0,0.0,0,3.06,11,192.73,0.0,0.0,0.0,0.03,Oct,2,2,2,2,New_Visitor,False,False
5,99.67,0,0.0,14,1645.58,0.0,0.02,33.2,0.0,May,2,2,1,2,Returning_Visitor,False,False
0,34.84,0,0.0,2,0.0,0.2,0.2,0.0,0.0,May,2,2,2,3,Returning_Visitor,False,False
5,87.8,0,0.0,38,842.42,0.0,0.01,0.33,0.03,Oct,1,1,1,2,Returning_Visitor,True,True
0,0.0,0,0.0,5,226.0,0.09,0.14,0.0,0.0,June,1,1,1,1,Returning_Visitor,False,False
1,38.5,0,0.0,6,197.75,0.0,0.04,0.0,0.03,Dec,1,1,2,8,New_Visitor,False,False
0,0.0,0,0.0,4,108.0,0.0,0.05,2.54,0.8,May,3,2,3,3,Returning_Visitor,False,False
3,793.75,1,107.93,65,3186.96,0.0,0.02,0.0,0.0,Nov,1,1,4,2,Returning_Visitor,False,False
3,84.0,0,0.0,20,646.17,0.0,0.03,0.0,0.0,Dec,2,2,9,3,Returning_Visitor,False,False
2,95.75,12,482.13,154,7838.56,0.0,0.02,0.0,0.03,Nov,3,2,6,2,Returning_Visitor,True,False
0,0.0,0,0.0,3,1942.55,0.0,0.04,0.01,0.0,May,3,2,1,10,Returning_Visitor,True,False
0,0.0,0,0.0,2,17.44,0.2,0.2,0.0,0.6,May,3,2,1,13,Returning_Visitor,False,False
3,13.0,1,0.0,51,4651.61,0.0,0.02,0.0,0.0,Jul,2,4,3,4,Returning_Visitor,False,False
2,0.0,1,4.12,106,5633.54,0.01,0.02,0.0,0.04,May,2,2,8,2,Returning_Visitor,False,False
6,109.6,0,0.0,34,495.1,0.0,0.01,0.0,0.0,Oct,2,4,8,2,Returning_Visitor,False,False
3,26.67,0,0.0,20,819.27,0.01,0.04,0.01,0.0,May,2,2,1,2,Returning_Visitor,False,False
5,62.0,0,2.49,131,1935.34,0.0,0.01,0.0,0.03,Nov,4,2,3,2,Returning_Visitor,False,False
0,0.0,0,0.0,34,281.9,0.02,0.02,0.0,0.0,Mar,1,8,1,6,Returning_Visitor,False,False
1,0.0,0,0.0,34,2161.98,0.01,0.02,0.0,0.0,Mar,3,2,3,1,Returning_Visitor,False,False
0,2.14,0,0.58,3,62.38,0.13,0.13,0.0,0.0,May,2,2,4,1,Returning_Visitor,True,False
0,15.92,0,0.0,6,1563.0,0.0,0.01,0.0,0.0,May,2,2,1,4,Returning_Visitor,False,False
0,0.0,0,0.0,4,58.01,0.14,0.15,0.0,0.0,Sep,3,2,1,13,Returning_Visitor,False,False
1,4.0,0,0.0,32,673.12,0.01,0.01,17.06,0.8,May,2,2,3,4,Returning_Visitor,False,True
5,64.58,0,0.0,34,1480.56,0.0,0.01,0.0,0.03,Nov,2,2,3,2,Returning_Visitor,False,False
1,241.67,5,229.0,38,1054.94,0.01,0.01,8.22,0.03,Mar,2,4,1,2,Returning_Visitor,True,False
2,273.0,1,98.99,11,384.4,0.04,0.04,0.0,0.0,May,1,1,1,3,Returning_Visitor,False,False
0,0.0,0,0.58,12,152.6,0.02,0.1,0.0,0.0,June,2,2,1,3,Returning_Visitor,False,False
4,39.35,0,3.93,12,499.0,0.0,0.02,39.12,0.0,May,2,2,6,2,New_Visitor,True,True
7,351.08,1,131.0,53,3271.03,0.0,0.01,13.78,0.05,Nov,1,1,2,4,Returning_Visitor,False,False
4,322.5,3,96.27,78,3098.99,0.01,0.02,0.01,0.03,May,3,2,3,2,Returning_Visitor,True,False
0,0.0,0,0.0,24,1884.7,0.03,0.04,0.0,0.05,Sep,2,2,1,13,Returning_Visitor,False,False
1,32.75,1,11.0,43,2949.55,0.02,0.02,0.0,0.84,May,3,2,1,13,Returning_Visitor,False,False
0,0.0,0,4.8,44,1480.04,0.0,0.03,0.0,0.0,Dec,2,2,1,2,New_Visitor,False,False
0,0.0,0,3.91,43,3747.83,0.02,0.05,0.0,0.0,Jul,2,4,3,13,Returning_Visitor,False,False
0,0.0,0,0.0,9,47.1,0.2,0.2,0.0,0.05,May,3,2,4,3,Returning_Visitor,False,False
0,2.55,0,0.0,14,651.0,0.0,0.02,39.15,0.0,Nov,2,2,2,2,Returning_Visitor,False,True
11,604.73,0,0.0,63,1276.84,0.0,0.01,0.0,0.0,Jul,2,2,8,6,Returning_Visitor,False,True
0,0.0,0,0.0,12,687.48,0.0,0.04,0.0,0.0,Nov,1,1,1,2,Returning_Visitor,False,False
1,51.4,0,0.0,41,1513.14,0.02,0.03,48.79,0.0,Jul,2,2,3,3,Returning_Visitor,False,True
3,569.83,0,7.53,127,6065.02,0.01,0.01,0.15,0.03,Aug,1,1,2,4,Returning_Visitor,False,True
3,266.05,0,7.78,179,11492.21,0.02,0.03,0.0,0.0,June,1,1,1,3,Returning_Visitor,False,False
