Administrative,Administrative_Duration,Informational,Informational_Duration,ProductRelated,ProductRelated_Duration,BounceRates,ExitRates,PageValues,SpecialDay,Month,OperatingSystems,Browser,Region,TrafficType,VisitorType,Weekend,Revenue
2,84.25,1,21.86,55,1125.94,0.0,0.02,4.65,0.2,Nov,2,2,1,2,Returning_Visitor,False,False
2,174.74,1,48.44,51,2043.6,0.01,0.06,10.21,0.13,Nov,2,3,1,6,Returning_Visitor,False,False
2,76.12,1,18.3,41,1364.41,0.05,0.09,1.58,0.1,Nov,1,1,1,1,Returning_Visitor,False,False
0,0.0,1,11.56,1,884.22,0.12,0.13,2.24,0.06,Mar,1,1,1,1,Returning_Visitor,True,False
8,331.15,1,176.02,67,6483.77,0.01,0.03,26.56,0.0,Mar,1,1,1,1,Returning_Visitor,False,False
0,18.08,1,11.32,23,563.15,0.03,0.12,2.05,0.1,Mar,2,3,2,3,Returning_Visitor,False,False
2,185.17,1,41.21,59,2118.36,0.02,0.05,10.18,0.28,Nov,2,3,1,6,Returning_Visitor,False,False
3,190.56,1,49.53,74,126.0,0.01,0.04,4.36,0.14,Sep,2,8,1,5,New_Visitor,False,False
3,191.23,1,32.52,61,1944.6,0.01,0.01,16.16,0.0,Nov,2,4,1,6,Returning_Visitor,False,True
1,88.13,0,7.59,41,1574.35,0.01,0.07,3.17,0.11,Nov,1,1,7,6,Returning_Visitor,False,False
2,151.94,1,33.23,46,1656.73,0.03,0.06,2.96,0.14,Nov,2,1,1,1,Returning_Visitor,False,False
2,92.45,1,31.09,51,1527.77,0.0,0.03,0.0,0.15,Mar,3,3,1,6,Returning_Visitor,False,False
0,76.31,1,10.31,44,1852.79,0.01,0.06,3.51,0.16,Nov,2,2,3,6,Returning_Visitor,False,False
2,125.0,1,11.29,39,1870.2,0.01,0.04,2.19,0.0,Nov,2,2,7,2,New_Visitor,False,False
1,120.9,1,14.6,32,862.53,0.06,0.1,2.89,0.13,Nov,2,1,1,6,Returning_Visitor,False,False
2,177.41,1,65.01,72,1559.43,0.02,0.05,6.43,0.19,Nov,2,2,1,6,Returning_Visitor,False,False
1,0.0,1,0.0,26,1778.62,0.02,0.02,0.96,0.27,Nov,2,1,7,6,Returning_Visitor,False,False
2,48.05,1,0.0,34,1172.63,0.02,0.09,0.89,0.12,Nov,1,1,1,3,Returning_Visitor,False,False
2,175.27,1,34.44,54,1536.97,0.02,0.07,7.29,0.15,Nov,2,3,1,6,Returning_Visitor,False,True
1,36.32,1,56.57,42,447.7,0.04,0.06,2.4,0.13,Nov,3,2,1,6,Returning_Visitor,False,False
3,160.77,0,150.33,38,1137.17,0.01,0.01,18.76,0.08,May,1,1,1,6,Returning_Visitor,False,True
5,225.5,3,135.32,82,2012.12,0.09,0.09,14.04,0.15,Jul,2,2,1,1,Returning_Visitor,False,False
1,203.5,0,5.76,27,1627.15,0.02,0.04,3.08,0.24,Mar,2,13,1,1,Returning_Visitor,False,False
1,122.34,1,23.98,50,1864.67,0.02,0.06,7.08,0.13,Nov,2,1,1,6,Returning_Visitor,False,False
1,49.62,0,56.56,55,2769.14,0.02,0.02,21.64,0.13,May,2,2,2,2,Returning_Visitor,False,False
1,171.54,1,36.34,52,1637.39,0.01,0.04,5.9,0.14,Nov,2,2,1,6,Returning_Visitor,False,True
4,146.29,2,124.63,115,1350.71,0.01,0.0,36.39,0.23,May,3,2,1,4,Returning_Visitor,True,True
1,151.68,1,14.18,47,1419.31,0.0,0.05,0.0,0.11,Nov,2,2,1,2,New_Visitor,False,False
1,96.19,1,11.43,24,1572.18,0.03,0.04,3.63,0.25,Nov,2,1,9,6,Returning_Visitor,False,False
0,0.0,1,29.66,22,594.25,0.07,0.13,3.51,0.13,Nov,2,3,1,6,Returning_Visitor,False,False
1,138.24,1,7.05,41,1281.14,0.01,0.01,0.76,0.17,Nov,2,2,7,2,Returning_Visitor,False,True
3,127.78,1,23.75,45,1366.65,0.01,0.03,2.44,0.19,Nov,2,3,1,6,Returning_Visitor,False,False
1,114.4,1,10.64,34,1486.31,0.03,0.07,3.17,0.14,Nov,2,1,1,6,Returning_Visitor,False,False
1,173.02,1,39.24,64,1660.11,0.02,0.06,6.55,0.15,Nov,2,2,1,6,Returning_Visitor,False,False
2,181.72,1,26.83,65,1966.56,0.02,0.05,2.7,0.09,Nov,1,1,7,10,Returning_Visitor,True,True
1,72.25,1,54.06,12,66.0,0.03,0.1,3.07,0.14,Dec,2,3,1,2,New_Visitor,False,False
4,182.86,2,1312.4,96,2065.61,0.02,0.03,22.13,0.22,Nov,2,2,1,6,Returning_Visitor,False,True
2,185.27,1,95.32,108,14568.16,0.01,0.04,16.14,0.19,Nov,2,2,1,6,Returning_Visitor,False,True
3,158.34,1,4.29,39,647.54,0.01,0.05,0.0,0.13,Sep,1,1,1,6,New_Visitor,False,False
1,98.31,1,42.96,34,2062.2,0.04,0.06,5.44,0.14,Mar,2,3,1,20,Returning_Visitor,False,True
0,64.01,1,26.02,35,1603.46,0.02,0.06,5.59,0.14,Nov,2,2,2,6,Returning_Visitor,False,False
1,109.31,1,15.17,49,1489.29,0.07,0.12,7.39,0.11,Nov,1,1,3,1,Returning_Visitor,False,True
3,116.66,1,10.46,42,1822.52,0.02,0.03,1.38,0.19,Nov,2,2,7,6,Returning_Visitor,False,False
4,265.99,1,78.81,89,2205.31,0.01,0.03,15.22,0.0,Nov,2,5,2,6,Returning_Visitor,False,False
1,97.76,1,0.0,26,1103.41,0.02,0.07,1.38,0.13,Nov,4,1,2,3,Returning_Visitor,False,True
2,134.06,1,40.85,45,1981.22,0.02,0.07,4.93,0.0,Nov,3,1,1,2,Returning_Visitor,False,False
2,125.6,1,23.34,42,1627.28,0.0,0.04,3.62,0.13,Mar,8,1,1,6,Returning_Visitor,False,False
3,40.0,1,6.27,31,1988.27,0.03,0.04,1.97,0.0,Mar,1,7,1,1,Returning_Visitor,False,False
1,78.92,1,3.66,29,984.6,0.02,0.08,0.0,0.0,Nov,2,3,1,6,Returning_Visitor,False,False
6,231.81,1,21.2,65,2635.7,0.0,0.03,13.59,0.0,Nov,4,2,1,6,Returning_Visitor,False,False
8,209.88,1,92.11,105,2460.79,0.0,0.03,31.21,0.0,Nov,2,2,7,4,Returning_Visitor,False,True
0,15.66,0,7.28,41,1745.1,0.01,0.02,0.92,0.15,Mar,2,3,8,1,Returning_Visitor,False,False
2,224.01,1,7.65,12,1689.47,0.0,0.04,5.39,0.11,May,4,1,2,6,Returning_Visitor,False,False
2,168.35,1,35.2,60,1965.98,0.02,0.06,7.98,0.14,Nov,2,3,1,1,Returning_Visitor,False,False
2,140.58,1,30.89,50,1346.78,0.02,0.06,4.61,0.14,Nov,2,3,1,6,Returning_Visitor,False,False
2,114.9,1,31.67,72,381.36,0.01,0.03,3.41,0.23,May,2,2,2,2,New_Visitor,False,False
2,155.45,1,37.87,62,1553.52,0.01,0.02,8.23,0.16,Nov,2,2,8,6,Returning_Visitor,False,False
0,0.0,2,105.07,59,2571.95,0.0,0.03,13.1,0.0,Nov,3,2,8,6,Returning_Visitor,False,True
2,153.64,1,60.86,62,1720.48,0.01,0.03,6.04,0.15,Nov,2,2,1,6,Returning_Visitor,False,False
1,123.31,1,30.45,43,1517.4,0.02,0.07,3.86,0.1,Nov,2,1,2,6,Returning_Visitor,False,False
0,240.36,1,52.58,58,2364.22,0.02,0.04,18.28,0.36,Nov,3,2,3,4,Returning_Visitor,False,True
1,165.21,1,6.25,23,502.52,0.01,0.04,0.0,0.21,Nov,2,1,3,6,Returning_Visitor,False,False
1,44.54,0,26.6,23,210.5,0.04,0.09,1.28,0.16,Nov,2,2,1,2,Returning_Visitor,False,False
1,108.58,1,92.43,19,852.09,0.11,0.09,4.94,0.16,May,3,2,1,6,Returning_Visitor,False,False
3,71.41,1,7.77,45,2075.75,0.01,0.02,0.0,0.16,Mar,4,3,2,3,Returning_Visitor,False,False
2,172.23,1,41.98,61,1582.45,0.01,0.05,6.85,0.18,Dec,2,2,1,6,Returning_Visitor,False,False
2,9.0,1,24.47,46,1478.3,0.01,0.04,6.19,0.19,Nov,2,3,1,6,Returning_Visitor,False,True
0,63.33,1,9.77,4,762.43,0.02,0.08,1.43,0.13,Nov,2,2,1,2,Returning_Visitor,False,False
2,159.74,1,0.0,53,1893.04,0.02,0.05,4.15,0.24,May,2,13,4,6,Returning_Visitor,False,False
2,9.9,1,3.3,24,668.42,0.03,0.11,0.0,0.1,Nov,1,1,1,3,Returning_Visitor,False,False
1,154.97,1,18.65,34,1263.28,0.01,0.04,3.67,0.0,Nov,2,2,1,2,New_Visitor,False,False
0,145.72,1,18.04,44,1384.48,0.01,0.05,4.65,0.18,Nov,2,2,2,6,Returning_Visitor,False,True
1,136.82,1,12.59,40,1462.6,0.01,0.06,3.43,0.15,Nov,2,2,1,2,Returning_Visitor,False,False
2,230.07,1,27.14,63,2226.93,0.02,0.02,7.14,0.11,Nov,2,1,2,6,Returning_Visitor,False,False
1,150.88,1,23.22,51,1677.17,0.02,0.06,0.0,0.15,Nov,2,2,1,1,Returning_Visitor,False,False
1,175.56,1,33.59,57,1743.15,0.02,0.07,5.71,0.16,Nov,2,3,1,1,Returning_Visitor,False,False
2,157.12,1,35.28,55,1761.76,0.02,0.07,7.02,0.14,Nov,2,3,1,6,Returning_Visitor,False,False
9,178.38,0,17.22,46,177.73,0.01,0.03,9.76,0.11,Nov,1,1,1,3,Returning_Visitor,True,False
1,0.0,1,25.95,31,1171.13,0.03,0.1,3.32,0.14,May,2,3,1,6,Returning_Visitor,False,False
1,154.92,1,47.27,57,1538.11,0.02,0.06,5.4,0.14,Nov,2,2,1,6,Returning_Visitor,False,False
0,77.02,1,0.0,13,378.15,0.05,0.1,3.33,0.12,Nov,2,3,1,2,New_Visitor,False,False
1,125.0,1,54.49,2,309.19,0.09,0.11,4.49,0.0,Nov,2,3,1,6,Returning_Visitor,False,False
2,186.12,1,46.26,64,1674.6,0.01,0.06,5.99,0.17,Nov,2,3,1,6,Returning_Visitor,False,False
1,144.41,1,22.12,47,1567.23,0.02,0.07,4.68,0.15,Nov,2,3,1,6,Returning_Visitor,False,False
0,76.8,1,20.31,8,930.07,0.04,0.1,1.97,0.13,Nov,2,3,1,6,Returning_Visitor,False,False
2,171.04,1,43.11,63,1791.57,0.01,0.06,7.38,0.14,Nov,2,1,1,6,Returning_Visitor,False,False
4,485.24,1,61.97,34,785.3,0.0,0.07,4.62,0.1,Sep,2,2,2,6,Returning_Visitor,False,True
0,46.88,1,0.0,18,1099.64,0.2,0.13,3.53,0.09,Mar,3,3,1,1,Returning_Visitor,False,False
0,182.4,1,23.54,59,1177.12,0.01,0.05,3.5,0.29,Nov,2,2,2,6,New_Visitor,False,False
6,185.51,1,62.9,57,1465.56,0.02,0.04,10.07,0.13,Nov,3,2,1,6,Returning_Visitor,False,True
1,150.47,1,12.91,49,1247.63,0.02,0.06,0.0,0.13,Nov,2,3,2,6,Returning_Visitor,False,False
8,364.33,4,85.48,105,3042.64,0.0,0.03,12.89,0.23,Nov,4,2,1,1,Returning_Visitor,False,False
2,299.0,1,45.86,36,1473.07,0.01,0.03,11.32,0.12,Nov,2,2,3,6,Returning_Visitor,True,False
0,68.79,1,21.96,39,1553.76,0.02,0.06,0.0,0.18,May,2,2,2,6,Returning_Visitor,False,False
0,0.0,0,13.04,23,1013.64,0.01,0.07,2.35,0.11,Nov,2,2,2,2,Returning_Visitor,False,False
2,158.5,1,23.87,53,1721.23,0.02,0.06,5.07,0.14,Nov,2,1,1,6,Returning_Visitor,False,False
1,144.68,1,11.22,38,1708.95,0.01,0.05,4.57,0.17,Nov,2,3,8,1,Returning_Visitor,False,False
2,190.6,1,23.01,43,1675.15,0.01,0.04,6.77,0.16,Nov,2,13,1,1,Returning_Visitor,False,False
0,119.35,1,20.25,34,1522.7,0.02,0.1,5.7,0.25,Nov,2,1,2,6,Returning_Visitor,False,False
3,189.32,2,85.53,84,1872.64,0.02,0.04,10.8,0.0,Nov,2,2,1,6,Returning_Visitor,False,False
0,56.45,0,6.34,39,591.71,0.0,0.08,5.26,0.0,Nov,2,1,2,6,Returning_Visitor,False,False
3,65.93,1,35.83,17,1693.77,0.01,0.03,11.1,0.22,Nov,2,13,1,6,Returning_Visitor,False,True
2,151.92,1,49.36,67,1723.6,0.02,0.04,5.85,0.17,Nov,2,2,1,6,Returning_Visitor,False,False
1,137.01,1,18.21,47,1588.87,0.04,0.09,4.49,0.14,Nov,2,3,2,1,Returning_Visitor,False,False
3,142.79,1,67.28,69,1160.35,0.01,0.02,8.03,0.21,May,2,2,1,6,Returning_Visitor,True,False
2,118.8,1,0.0,11,805.5,0.02,0.04,1.12,0.15,Nov,4,1,3,3,Returning_Visitor,False,False
2,157.67,1,10.76,45,1737.01,0.01,0.06,4.48,0.19,May,2,2,1,6,Returning_Visitor,False,False
3,175.63,1,86.85,73,1994.02,0.01,0.02,12.95,0.0,Nov,2,2,1,2,Returning_Visitor,False,False
1,0.0,1,47.96,17,354.02,0.1,0.12,2.0,0.0,Nov,3,3,1,6,Returning_Visitor,False,False
0,0.0,1,17.67,29,1347.62,0.01,0.04,6.36,0.14,May,2,2,1,2,New_Visitor,False,True
1,197.9,1,22.69,55,1824.72,0.0,0.05,12.14,0.19,Nov,2,2,3,6,Returning_Visitor,False,False
4,179.17,4,154.19,87,1563.03,0.03,0.02,6.79,0.14,Nov,3,2,1,6,Returning_Visitor,True,False
0,28.33,1,19.03,28,0.0,0.08,0.12,0.0,0.12,Mar,2,3,1,1,Returning_Visitor,False,False
3,194.63,1,0.0,37,1652.56,0.01,0.05,0.81,0.11,Nov,1,1,7,6,New_Visitor,False,False
0,98.17,1,9.46,45,1730.38,0.01,0.05,5.61,0.17,Nov,2,2,3,1,Returning_Visitor,False,False
0,134.49,1,16.19,64,1721.93,0.01,0.03,9.65,0.12,Oct,3,2,2,6,Returning_Visitor,True,True
1,145.72,1,28.46,39,1380.72,0.03,0.08,5.7,0.14,Nov,2,3,1,6,Returning_Visitor,False,False
0,0.0,0,4.93,30,228.5,0.01,0.09,2.9,0.11,Nov,2,2,3,3,Returning_Visitor,False,False
1,66.21,1,0.0,36,1562.21,0.02,0.07,1.19,0.12,Mar,2,1,3,3,Returning_Visitor,False,False
1,143.0,1,38.01,47,1512.39,0.02,0.07,5.82,0.0,Nov,2,3,1,6,Returning_Visitor,False,False
10,219.1,1,28.07,41,2115.95,0.03,0.05,5.34,0.35,Nov,2,1,5,1,Returning_Visitor,False,False
1,156.88,1,32.81,23,1936.76,0.01,0.03,11.26,0.15,May,2,2,1,6,Returning_Visitor,False,False
1,169.78,0,0.0,56,1737.96,0.01,0.07,9.75,0.4,Aug,2,2,3,6,Returning_Visitor,False,False
1,175.72,1,40.63,51,6038.24,0.01,0.04,12.6,0.19,Nov,2,2,8,6,Returning_Visitor,False,True
4,151.04,1,73.83,57,2900.35,0.02,0.02,12.56,0.13,Mar,3,13,1,1,Returning_Visitor,False,True
1,114.7,1,6.0,38,1230.95,0.01,0.09,2.29,0.13,Nov,2,1,1,6,Returning_Visitor,False,False
2,133.52,1,0.0,86,1563.46,0.01,0.03,6.67,0.2,Nov,2,2,1,6,Returning_Visitor,False,False
1,0.0,1,257.0,41,2990.32,0.01,0.03,30.55,0.24,Nov,3,2,3,10,Returning_Visitor,False,True
3,197.65,1,54.61,70,1649.58,0.01,0.03,15.76,0.14,Mar,2,4,1,10,Returning_Visitor,False,False
0,101.07,1,0.0,20,947.28,0.02,0.06,2.17,0.09,Nov,2,3,1,20,Returning_Visitor,True,True
0,58.01,1,20.74,7,334.91,0.12,0.13,0.0,0.12,Nov,3,3,2,3,Returning_Visitor,False,False
2,206.59,1,60.26,84,2027.62,0.01,0.04,13.41,0.17,Nov,2,2,1,6,Returning_Visitor,False,True
3,212.32,1,39.2,36,2105.86,0.01,0.06,6.73,0.0,Nov,3,5,1,2,New_Visitor,False,False
2,180.15,1,0.0,36,1597.16,0.02,0.04,3.1,0.18,Nov,2,2,7,1,Returning_Visitor,False,False
2,78.36,1,49.62,87,1639.1,0.01,0.02,6.55,0.19,Nov,3,2,1,6,Returning_Visitor,True,True
1,119.27,1,37.94,50,1634.6,0.04,0.09,4.33,0.23,Nov,2,3,1,6,Returning_Visitor,False,False
1,130.3,0,14.97,43,1504.11,0.02,0.07,3.55,0.14,Nov,2,3,1,6,Returning_Visitor,False,False
2,175.37,1,0.0,44,2102.69,0.01,0.05,4.58,0.07,Mar,3,1,2,1,Returning_Visitor,False,False
2,182.11,1,30.23,55,1795.76,0.01,0.04,7.47,0.16,Nov,2,13,1,6,Returning_Visitor,False,False
1,226.53,0,11.83,63,1702.65,0.02,0.01,12.35,0.17,Mar,2,13,2,6,Returning_Visitor,False,False
1,119.07,1,18.11,39,1588.18,0.02,0.07,3.94,0.13,Nov,2,3,1,6,Returning_Visitor,False,False
0,89.31,1,29.63,24,724.24,0.1,0.2,5.83,0.11,Nov,3,3,1,6,Returning_Visitor,True,False
3,122.6,1,117.62,82,2235.0,0.05,0.05,9.13,0.24,Nov,2,2,1,1,Returning_Visitor,False,False
3,117.74,0,41.79,29,2063.74,0.01,0.02,16.84,0.17,Mar,2,4,1,6,Returning_Visitor,False,True
1,128.69,1,22.61,45,1490.65,0.02,0.07,3.75,0.13,Nov,2,3,1,6,Returning_Visitor,False,False
1,132.08,1,14.5,46,1530.68,0.02,0.08,6.26,0.13,Nov,2,3,1,6,Returning_Visitor,False,False
2,94.13,1,0.0,67,1792.47,0.01,0.03,2.83,0.18,Nov,2,2,1,6,Returning_Visitor,False,False
0,36.14,0,12.31,27,1196.83,0.02,0.09,2.75,0.14,Nov,2,2,3,2,Returning_Visitor,False,True
7,147.41,2,251.67,53,1886.56,0.01,0.03,1.94,0.27,Nov,3,1,7,6,Returning_Visitor,True,False
1,187.87,1,38.32,52,2009.87,0.02,0.07,6.18,0.12,Nov,2,1,1,1,Returning_Visitor,False,False
3,101.32,1,52.06,90,1863.39,0.01,0.04,12.71,0.19,Nov,2,13,6,6,Returning_Visitor,False,False
0,102.13,1,26.25,35,1361.76,0.01,0.05,2.95,0.11,Nov,2,2,1,2,Returning_Visitor,False,True
1,77.89,1,14.1,37,1104.46,0.04,0.1,2.99,0.12,Nov,2,1,1,6,Returning_Visitor,False,False
3,28.67,1,59.21,91,2290.95,0.01,0.03,22.5,0.17,Nov,2,2,4,6,Returning_Visitor,False,False
2,165.89,1,89.06,74,2057.11,0.03,0.05,13.73,0.13,Nov,3,2,1,6,Returning_Visitor,False,False
3,149.36,2,78.36,76,1558.87,0.01,0.03,4.59,0.15,Nov,3,2,1,6,Returning_Visitor,True,False
0,62.57,0,11.66,36,1554.23,0.01,0.06,3.86,0.14,Nov,2,2,3,2,Returning_Visitor,False,False
4,179.88,1,45.88,82,1461.12,0.01,0.06,9.67,0.1,Nov,2,13,1,6,Returning_Visitor,False,True
1,155.61,1,54.26,41,1993.83,0.01,0.04,11.5,0.2,May,2,13,1,6,Returning_Visitor,False,False
1,18.46,0,15.64,22,450.84,0.07,0.13,2.23,0.13,Nov,2,1,1,3,Returning_Visitor,False,False
3,252.24,1,21.42,50,1848.92,0.0,0.02,23.76,0.14,May,2,13,6,6,Returning_Visitor,False,True
0,35.23,0,73.56,37,2089.11,0.02,0.06,4.77,0.28,May,3,2,1,2,Returning_Visitor,False,True
1,165.86,1,32.08,46,2396.99,0.01,0.05,12.51,0.15,Nov,2,3,1,1,Returning_Visitor,False,False
1,169.46,1,24.41,42,1822.56,0.0,0.02,10.77,0.15,May,2,1,1,6,Returning_Visitor,False,False
1,91.09,1,12.42,34,1268.0,0.02,0.1,3.05,0.0,Nov,8,1,1,6,Returning_Visitor,False,False
3,119.84,1,0.0,40,3830.0,0.02,0.04,0.0,0.16,Nov,1,3,7,1,Returning_Visitor,False,True
3,184.58,2,92.07,9,1056.37,0.02,0.04,6.52,0.18,Nov,2,2,1,6,Returning_Visitor,False,False
1,105.39,1,35.48,50,1193.85,0.02,0.06,3.98,0.16,Nov,2,2,2,6,Returning_Visitor,False,False
1,217.77,0,0.0,61,2013.8,0.0,0.01,4.72,0.09,Mar,4,4,1,3,Returning_Visitor,True,False
1,136.29,1,16.16,40,1375.45,0.02,0.07,2.69,0.14,Nov,2,3,1,6,Returning_Visitor,False,False
1,66.72,1,13.28,32,1243.31,0.02,0.07,1.91,0.12,Nov,2,3,1,2,Returning_Visitor,False,False
4,90.06,2,23.0,69,506.0,0.02,0.05,12.35,0.4,Nov,3,2,1,4,Returning_Visitor,False,False
2,184.06,1,51.23,65,1689.78,0.01,0.05,7.64,0.15,Nov,2,3,1,6,Returning_Visitor,False,False
7,257.91,3,120.28,108,2331.43,0.01,0.03,21.85,0.11,Nov,2,1,1,6,Returning_Visitor,False,False
1,171.21,1,47.22,59,1686.06,0.02,0.07,4.52,0.12,Nov,2,1,1,6,Returning_Visitor,False,False
0,58.29,0,11.15,21,647.16,0.03,0.08,2.21,0.13,Nov,2,2,1,2,Returning_Visitor,False,False
0,128.03,1,34.51,46,1494.64,0.04,0.12,4.39,0.34,Nov,4,1,4,3,Returning_Visitor,False,False
2,149.13,1,46.91,67,1657.67,0.0,0.05,12.76,1.0,May,2,2,3,4,Returning_Visitor,False,False
0,0.0,1,12.54,18,0.0,0.06,0.12,3.63,0.1,Nov,2,3,2,6,Returning_Visitor,False,False
2,0.0,0,24.94,47,1684.14,0.02,0.04,1.88,0.18,Nov,2,3,2,3,Returning_Visitor,False,False
1,155.69,1,14.08,28,1066.75,0.01,0.06,1.79,0.16,Nov,2,2,1,2,New_Visitor,False,False
1,132.07,1,20.9,52,1678.99,0.03,0.09,4.86,0.16,Nov,2,1,1,1,Returning_Visitor,False,False
1,152.53,1,22.97,42,1520.05,0.02,0.06,3.95,0.16,Nov,2,3,1,6,Returning_Visitor,False,False
1,117.69,1,16.02,44,2017.23,0.02,0.07,3.91,0.13,Nov,2,1,1,1,Returning_Visitor,False,False
5,205.85,2,522.17,87,2929.4,0.01,0.02,11.26,0.09,Nov,3,2,1,2,Returning_Visitor,False,False
2,168.1,1,0.0,38,1455.38,0.02,0.06,1.01,0.2,Nov,2,1,1,6,Returning_Visitor,False,False
2,147.02,1,16.46,45,1591.01,0.01,0.05,3.13,0.14,Nov,2,3,1,6,Returning_Visitor,False,False
3,140.45,1,19.75,38,1581.64,0.02,0.06,0.0,0.14,Nov,1,1,1,6,Returning_Visitor,False,False
1,106.94,1,18.27,39,1499.86,0.01,0.07,3.14,0.14,Nov,2,3,1,6,Returning_Visitor,False,False
1,155.45,2,46.78,69,1849.06,0.01,0.04,0.0,0.15,Nov,2,2,8,2,Returning_Visitor,False,True
0,63.78,0,29.75,37,2089.51,0.01,0.07,3.9,0.14,May,2,3,2,6,Returning_Visitor,False,False
4,126.08,1,69.95,49,1365.31,0.01,0.02,5.43,0.15,May,3,2,1,2,Returning_Visitor,True,False
2,184.96,1,50.5,66,2328.29,0.01,0.07,12.36,0.17,Mar,2,6,2,6,Returning_Visitor,False,False
0,143.0,1,10.08,41,1361.21,0.01,0.04,3.01,0.18,Nov,2,2,3,2,Returning_Visitor,False,False
0,0.0,0,7.31,24,838.91,0.02,0.1,1.65,0.11,Nov,2,2,2,3,Returning_Visitor,False,True
2,63.41,1,36.96,51,1612.13,0.03,0.02,11.7,0.31,May,2,2,1,2,Returning_Visitor,False,False
1,134.05,1,16.1,52,1762.61,0.02,0.07,4.49,0.14,Nov,2,1,1,6,Returning_Visitor,False,False
2,176.21,1,41.52,63,2290.07,0.02,0.06,10.88,0.21,Nov,2,2,1,1,Returning_Visitor,False,False
3,738.0,1,77.68,78,1983.77,0.01,0.05,5.72,0.21,Nov,2,2,1,1,Returning_Visitor,False,False
3,82.9,1,90.25,76,2077.49,0.01,0.02,14.34,0.2,May,3,2,1,6,Returning_Visitor,False,False
1,122.8,0,17.36,47,1680.46,0.02,0.07,5.17,0.13,Nov,2,1,1,6,Returning_Visitor,False,False
1,64.07,1,17.37,40,2187.13,0.02,0.05,4.05,0.15,Nov,2,2,3,2,Returning_Visitor,False,False
1,152.67,1,27.78,57,2240.42,0.04,0.07,4.34,0.4,May,3,2,2,6,Returning_Visitor,False,False
0,101.97,1,0.0,73,1832.17,0.02,0.04,4.65,0.15,Nov,2,2,2,6,Returning_Visitor,False,True
7,224.49,2,81.75,71,1745.57,0.01,0.02,9.96,0.14,Nov,2,2,1,6,Returning_Visitor,False,True
0,85.07,0,0.0,33,1325.17,0.01,0.06,2.67,0.0,Nov,2,2,7,2,Returning_Visitor,False,True
3,221.81,1,9.94,54,1862.5,0.01,0.05,10.72,0.0,Mar,4,4,1,6,Returning_Visitor,False,False
1,149.52,1,40.89,33,1891.89,0.02,0.01,9.27,0.15,Nov,2,2,2,6,Returning_Visitor,False,False
1,87.86,1,19.09,38,1549.87,0.03,0.09,3.46,0.14,Mar,2,1,1,1,Returning_Visitor,False,False
3,253.36,1,0.0,135,1316.91,0.01,0.04,11.44,0.14,Oct,2,13,1,2,New_Visitor,False,False
3,406.81,0,42.6,19,162.23,0.01,0.02,1.69,0.21,Sep,2,2,1,5,Returning_Visitor,False,False
3,130.71,3,46.5,54,1152.54,0.02,0.04,13.06,0.38,Nov,2,2,1,1,Returning_Visitor,False,False
2,193.01,1,14.4,17,1723.79,0.01,0.05,3.34,0.15,Nov,2,3,1,1,Returning_Visitor,False,False
0,39.76,1,0.0,36,1711.6,0.1,0.11,2.77,0.12,Mar,2,3,2,1,Returning_Visitor,False,False
1,159.79,1,24.16,46,1515.92,0.02,0.07,4.32,0.14,Nov,2,3,1,6,Returning_Visitor,False,True
2,155.1,1,30.65,56,1641.15,0.01,0.06,4.58,0.12,Nov,2,3,1,6,Returning_Visitor,False,False
0,84.82,1,31.4,11,1269.12,0.03,0.04,3.15,0.19,May,3,2,1,6,Returning_Visitor,False,False
0,0.0,0,10.86,26,722.97,0.02,0.11,2.51,0.13,Nov,2,2,2,6,Returning_Visitor,False,False
0,37.43,1,75.57,28,1371.33,0.02,0.03,2.95,0.13,May,3,2,1,2,Returning_Visitor,False,False
4,157.75,3,133.57,101,1724.1,0.02,0.01,16.77,0.18,Nov,2,2,2,2,Returning_Visitor,False,False
1,178.35,1,43.85,65,1577.53,0.01,0.06,5.85,0.15,Nov,2,2,1,6,Returning_Visitor,False,False
5,155.03,5,19.41,38,1859.38,0.03,0.02,0.0,0.17,Mar,2,13,1,10,Returning_Visitor,False,False
1,185.29,1,78.41,96,1284.75,0.01,0.03,5.75,0.0,Nov,2,2,1,6,Returning_Visitor,True,False
2,203.62,1,9.52,38,1634.58,0.02,0.06,2.08,0.22,Nov,2,3,8,1,Returning_Visitor,False,False
1,126.24,1,24.49,45,1624.24,0.02,0.06,4.51,0.13,Nov,2,2,1,6,Returning_Visitor,False,False
4,174.41,0,81.77,62,2895.97,0.06,0.08,11.84,0.12,Mar,3,3,1,1,Returning_Visitor,False,False
1,11.27,1,25.53,14,326.81,0.03,0.08,1.47,0.12,May,2,3,1,6,Returning_Visitor,False,False
2,163.68,0,34.09,57,1776.88,0.01,0.05,5.16,0.18,Nov,2,2,1,6,Returning_Visitor,False,False
1,131.49,1,19.11,40,1194.32,0.02,0.07,2.63,0.13,Nov,2,3,1,6,Returning_Visitor,False,True
2,139.76,0,17.54,66,1137.62,0.0,0.0,5.32,0.15,Mar,2,3,2,6,Returning_Visitor,False,False
5,202.49,1,0.0,44,2255.53,0.01,0.02,3.68,0.12,Nov,1,1,8,1,Returning_Visitor,False,False
1,176.35,1,29.75,49,1471.38,0.02,0.06,3.51,0.15,Nov,2,3,1,6,Returning_Visitor,False,False
7,129.0,1,44.3,57,2248.74,0.02,0.03,6.82,0.12,Nov,3,2,1,6,Returning_Visitor,False,True
1,111.01,1,0.0,8,600.69,0.02,0.05,0.61,0.18,Nov,2,2,1,6,Returning_Visitor,False,False
1,162.1,1,73.35,43,700.0,0.02,0.03,7.94,0.28,Dec,2,2,9,6,Returning_Visitor,False,True
4,229.84,1,81.16,66,2602.26,0.01,0.02,13.28,0.18,Nov,2,2,8,6,Returning_Visitor,False,False
2,204.73,1,30.68,55,1716.88,0.01,0.07,4.96,0.12,Nov,2,1,1,6,Returning_Visitor,False,False
2,172.58,2,54.14,44,1334.45,0.02,0.06,6.6,0.17,Mar,2,13,1,6,Returning_Visitor,False,False
1,134.66,1,14.76,47,1682.88,0.01,0.06,3.65,0.19,Nov,2,2,7,6,Returning_Visitor,False,False
3,146.77,2,76.26,86,1231.77,0.0,0.02,0.0,0.14,Nov,2,2,8,6,New_Visitor,False,False
2,182.25,1,32.86,39,1529.0,0.0,0.06,3.91,0.21,Nov,2,3,1,6,Returning_Visitor,False,True
0,89.02,1,20.46,45,1240.02,0.02,0.04,3.95,0.28,Nov,2,2,3,13,Returning_Visitor,False,False
2,167.34,1,20.52,44,1533.7,0.02,0.06,4.62,0.14,Nov,2,3,1,6,Returning_Visitor,False,False
2,190.66,1,73.74,75,2132.23,0.01,0.03,36.66,0.22,Nov,3,2,1,6,Returning_Visitor,False,True
3,193.73,0,17.08,53,1548.16,0.0,0.01,3.97,0.08,Mar,3,13,1,2,New_Visitor,False,False
0,46.44,0,10.04,21,635.92,0.02,0.09,1.46,0.14,May,2,2,1,2,Returning_Visitor,False,False
2,59.0,1,27.59,42,44.67,0.02,0.03,1.5,0.21,Nov,2,2,1,6,New_Visitor,True,False
0,15.13,1,10.22,17,690.93,0.06,0.12,2.19,0.09,Nov,2,1,2,1,Returning_Visitor,False,False
1,56.07,0,4.81,34,1493.1,0.01,0.08,3.06,0.13,Nov,2,2,3,6,Returning_Visitor,False,False
0,0.0,1,14.08,8,1024.97,0.05,0.1,0.0,0.11,Mar,2,2,2,1,Returning_Visitor,False,False
5,189.35,1,27.1,52,1181.2,0.02,0.03,3.07,0.1,Mar,3,2,1,1,Returning_Visitor,True,False
2,160.29,1,26.51,58,1672.58,0.01,0.05,0.0,0.15,Nov,2,2,1,6,Returning_Visitor,False,False
2,149.37,1,32.7,56,1576.99,0.02,0.06,4.99,0.14,Nov,2,2,1,6,Returning_Visitor,False,False
2,188.03,0,16.82,49,1446.79,0.02,0.06,5.87,0.17,Mar,2,13,1,6,Returning_Visitor,False,False
2,156.15,1,39.86,64,2088.0,0.01,0.04,10.82,0.17,Nov,2,3,1,6,Returning_Visitor,False,False
3,217.45,1,31.72,64,1318.41,0.01,0.03,6.12,0.16,Nov,2,13,1,8,Returning_Visitor,False,False
1,131.33,1,19.56,46,1518.48,0.02,0.07,3.54,0.15,Nov,2,3,1,6,Returning_Visitor,False,False
2,37.0,1,25.93,50,1223.36,0.01,0.03,0.0,0.15,May,2,13,1,2,New_Visitor,False,False
0,0.0,1,5.24,20,437.46,0.04,0.12,1.75,0.11,Nov,2,1,2,2,Returning_Visitor,False,False
4,156.04,1,91.44,56,1451.21,0.01,0.02,9.02,0.63,May,2,2,1,4,Returning_Visitor,True,False
1,174.4,1,22.48,59,1707.23,0.01,0.05,5.48,0.15,Nov,2,2,1,6,Returning_Visitor,False,False
1,122.21,1,7.17,40,1763.96,0.01,0.04,3.42,0.2,Nov,2,2,3,6,Returning_Visitor,False,True
2,160.96,1,24.89,67,1947.54,0.01,0.02,3.25,0.19,Mar,2,3,8,1,New_Visitor,False,False
1,145.48,1,17.91,46,1768.1,0.0,0.05,3.87,0.16,May,2,1,7,6,Returning_Visitor,False,False
0,0.0,1,63.62,44,2250.35,0.11,0.11,11.45,0.14,Mar,2,2,1,1,Returning_Visitor,False,False
0,131.83,1,9.1,47,1830.83,0.01,0.08,5.47,0.32,Nov,2,2,3,6,Returning_Visitor,False,False
2,78.4,1,37.46,58,1386.4,0.02,0.03,3.22,0.33,May,2,2,1,2,Returning_Visitor,False,False
0,130.08,1,52.54,55,1692.1,0.01,0.06,13.33,0.26,Feb,2,2,2,2,Returning_Visitor,False,False
0,151.37,1,7.55,31,1734.58,0.0,0.08,1.87,0.0,Nov,8,3,1,2,New_Visitor,False,False
0,55.5,1,0.0,28,918.35,0.06,0.1,3.46,0.12,Mar,2,3,1,1,Returning_Visitor,False,False
6,340.2,2,157.99,76,1835.33,0.0,0.03,4.21,0.0,Nov,1,1,1,2,Returning_Visitor,True,False
4,209.2,1,81.2,100,2052.13,0.01,0.02,34.55,0.15,May,3,2,1,4,Returning_Visitor,False,False
2,14.0,1,93.79,108,2828.4,0.01,0.04,12.98,0.16,Nov,3,2,1,6,Returning_Visitor,False,False
0,36.89,1,41.28,32,430.17,0.02,0.04,4.39,0.12,May,3,2,2,2,Returning_Visitor,False,False
1,53.16,1,7.45,21,545.8,0.03,0.09,0.0,0.14,Nov,2,3,1,2,Returning_Visitor,False,False
2,219.57,1,70.54,32,2965.4,0.01,0.03,12.94,0.0,Nov,2,2,6,1,Returning_Visitor,False,False
1,162.8,2,80.19,52,8701.85,0.0,0.04,7.27,0.15,Nov,2,2,1,1,Returning_Visitor,False,False
0,56.51,1,17.05,27,1650.98,0.01,0.06,4.16,0.18,Nov,2,2,2,2,Returning_Visitor,False,False
2,166.29,1,34.38,64,1816.78,0.02,0.05,6.51,0.0,Nov,2,2,1,6,Returning_Visitor,False,False
1,145.98,1,34.05,57,1900.87,0.03,0.07,6.01,0.29,Nov,2,3,1,6,Returning_Visitor,False,False
1,127.53,0,3.71,11,1781.85,0.04,0.04,3.58,0.32,Nov,1,1,3,3,Returning_Visitor,False,False
6,247.93,1,88.75,312,2330.66,0.0,0.05,14.11,0.14,Nov,2,4,1,6,Returning_Visitor,False,False
0,66.76,1,17.95,29,770.4,0.02,0.06,2.59,0.13,Nov,2,2,2,13,Returning_Visitor,False,False
3,308.12,3,57.45,9,230.83,0.0,0.03,2.91,0.0,Sep,2,2,1,6,New_Visitor,False,False
1,170.98,0,24.88,53,1615.21,0.01,0.05,3.5,0.17,Nov,2,3,1,6,Returning_Visitor,False,False
1,108.15,1,38.96,34,1211.07,0.04,0.08,0.0,0.13,Nov,2,3,1,6,Returning_Visitor,False,False
0,132.42,1,0.0,38,1727.79,0.03,0.04,0.0,0.15,Nov,2,1,7,1,Returning_Visitor,False,False
2,15.2,1,20.75,45,1395.41,0.01,0.05,9.56,0.2,Oct,2,4,1,1,Returning_Visitor,False,False
1,0.0,1,16.84,35,1060.14,0.06,0.1,3.17,0.11,Nov,2,3,1,1,Returning_Visitor,False,False
1,101.58,1,42.88,34,975.5,0.08,0.12,4.85,0.21,Nov,3,1,1,6,Returning_Visitor,False,False
1,96.83,1,17.55,60,1242.58,0.01,0.03,4.68,0.18,Nov,2,2,1,6,Returning_Visitor,False,True
3,423.0,1,36.67,68,1597.89,0.01,0.07,5.26,0.17,Oct,4,13,1,4,Returning_Visitor,False,False
3,70.28,1,88.56,88,1817.59,0.01,0.02,13.59,0.14,May,3,2,1,6,Returning_Visitor,False,False
2,151.29,1,13.09,28,1803.1,0.01,0.06,4.73,0.27,Nov,2,2,3,1,Returning_Visitor,False,False
4,125.51,1,23.63,52,1557.32,0.01,0.03,6.11,0.18,Nov,2,13,1,6,Returning_Visitor,False,False
0,0.0,1,97.35,21,1652.97,0.1,0.12,6.11,0.1,Nov,3,2,1,20,Returning_Visitor,False,False
1,0.0,1,9.0,22,498.16,0.03,0.12,1.33,0.13,Nov,2,1,1,2,Returning_Visitor,False,False
0,87.81,1,24.93,35,1292.06,0.06,0.1,4.14,0.17,Nov,3,2,1,6,Returning_Visitor,False,False
2,116.16,2,86.15,39,1024.61,0.2,0.13,8.07,0.15,Nov,3,3,1,1,Returning_Visitor,False,False
3,236.6,1,9.07,43,1621.84,0.01,0.05,1.73,0.14,Nov,1,1,1,6,Returning_Visitor,False,True
2,173.37,1,36.58,65,1858.98,0.01,0.06,8.94,0.17,Nov,2,3,1,6,Returning_Visitor,False,False
1,164.44,1,35.16,46,1644.8,0.02,0.08,6.25,0.15,Nov,2,3,1,6,Returning_Visitor,False,False
1,134.53,1,4.86,11,610.0,0.01,0.04,0.75,0.17,Nov,2,2,7,2,Returning_Visitor,False,False
2,5.0,1,69.23,69,1422.39,0.01,0.03,13.69,0.17,May,2,13,1,2,Returning_Visitor,False,False
3,73.84,1,54.61,48,1844.04,0.02,0.01,1.81,0.12,Nov,3,2,1,2,Returning_Visitor,False,True
1,32.77,1,7.44,25,1116.65,0.02,0.09,0.0,0.13,Nov,2,1,1,2,Returning_Visitor,False,False
3,125.89,1,17.39,24,1512.97,0.01,0.04,7.33,0.17,May,2,2,1,2,Returning_Visitor,False,True
3,238.73,1,37.41,9,1010.13,0.01,0.04,0.0,0.1,Sep,2,2,2,6,New_Visitor,False,False
0,60.84,1,53.72,5,401.92,0.05,0.11,3.63,0.13,Dec,2,3,1,6,Returning_Visitor,False,False
0,0.0,1,20.71,26,359.12,0.05,0.1,4.59,0.0,Dec,2,3,2,13,Returning_Visitor,False,False
1,102.4,1,19.39,41,1551.85,0.02,0.07,3.48,0.13,Nov,2,3,1,6,Returning_Visitor,False,False
2,186.21,1,57.37,68,1956.52,0.02,0.05,9.8,0.17,Nov,2,2,1,1,Returning_Visitor,False,False
2,89.55,1,17.67,44,1474.8,0.03,0.1,0.0,0.0,Nov,1,1,1,1,Returning_Visitor,False,False
2,154.54,1,27.16,50,1231.79,0.02,0.07,4.54,0.11,Nov,8,1,1,6,Returning_Visitor,False,False
1,114.99,1,37.37,43,1450.43,0.02,0.06,3.39,0.15,Nov,2,3,1,2,Returning_Visitor,False,True
3,204.85,1,0.0,44,1190.55,0.01,0.01,0.6,0.07,Nov,1,1,1,2,New_Visitor,False,False
1,153.47,1,35.56,54,1661.74,0.02,0.06,5.49,0.14,Nov,2,2,1,6,Returning_Visitor,False,False
3,243.52,0,76.97,59,1757.13,0.02,0.06,7.73,0.0,Nov,2,3,1,1,Returning_Visitor,False,False
1,164.03,1,29.17,67,2080.54,0.02,0.04,5.69,0.13,Mar,2,3,2,6,Returning_Visitor,False,False
3,216.77,1,61.04,69,1611.22,0.0,0.04,7.84,0.12,Nov,2,3,1,2,New_Visitor,False,False
6,211.48,2,107.01,66,3039.65,0.03,0.05,15.81,0.1,Nov,2,2,1,1,Returning_Visitor,False,False
3,211.09,1,97.87,56,1987.39,0.01,0.01,28.17,0.12,Nov,2,13,2,6,Returning_Visitor,False,False
0,42.03,0,13.6,25,1076.84,0.02,0.05,2.49,0.14,May,2,2,6,6,Returning_Visitor,False,False
2,178.79,1,65.77,66,1638.22,0.03,0.05,10.69,0.18,Nov,3,2,1,6,Returning_Visitor,True,False
1,131.46,1,39.66,57,1374.06,0.02,0.06,7.03,0.15,Nov,2,2,1,6,Returning_Visitor,False,False
3,198.85,1,60.01,61,2044.6,0.01,0.05,9.37,0.13,Nov,2,2,1,6,Returning_Visitor,False,False
2,131.64,1,56.7,55,879.94,0.03,0.03,3.31,0.14,Nov,2,2,1,6,Returning_Visitor,False,False
2,177.69,1,34.91,61,632.25,0.01,0.04,4.72,0.16,Nov,2,2,1,6,Returning_Visitor,False,False
1,217.91,1,0.0,13,2401.42,0.01,0.02,6.05,0.14,Nov,2,3,2,6,Returning_Visitor,False,True
3,160.55,2,62.04,87,1064.2,0.01,0.02,5.04,0.12,Nov,3,2,1,2,New_Visitor,False,False
1,139.77,1,32.1,42,2160.72,0.02,0.06,6.75,0.13,Nov,2,2,1,1,Returning_Visitor,False,False
1,122.19,1,27.57,49,1608.06,0.04,0.09,5.44,0.13,Nov,2,1,1,1,Returning_Visitor,False,False
2,0.0,1,0.0,39,1991.36,0.01,0.07,1.5,0.11,Nov,1,1,7,6,Returning_Visitor,False,False
1,109.73,1,18.82,42,1384.62,0.03,0.08,3.21,0.13,Nov,2,1,1,6,Returning_Visitor,False,False
3,154.36,1,5.14,44,1101.33,0.01,0.05,3.36,0.28,May,2,2,3,6,Returning_Visitor,False,False
1,171.42,1,40.46,67,1622.62,0.02,0.06,5.22,0.14,Nov,2,2,1,6,Returning_Visitor,False,True
6,155.75,1,116.79,62,3827.64,0.01,0.03,13.49,0.13,Mar,3,4,1,10,Returning_Visitor,False,False
1,0.0,1,35.74,20,109.25,0.1,0.13,4.23,0.0,Mar,2,3,1,6,Returning_Visitor,False,False
1,89.44,1,9.42,40,1779.6,0.01,0.07,1.33,0.14,Nov,2,1,4,6,Returning_Visitor,False,False
2,113.96,1,64.73,58,2033.9,0.02,0.05,4.33,0.0,Nov,2,2,1,6,Returning_Visitor,False,False
2,163.8,2,51.12,55,1649.73,0.02,0.09,4.4,0.0,Nov,8,3,1,6,Returning_Visitor,False,True
1,124.31,1,37.12,60,1679.36,0.02,0.05,4.72,0.22,Nov,2,2,1,6,Returning_Visitor,False,False
1,164.59,1,12.51,29,1049.99,0.01,0.05,1.42,0.14,Nov,2,2,1,2,New_Visitor,False,False
0,80.32,1,12.07,26,646.93,0.04,0.1,3.79,0.0,Mar,2,3,1,6,Returning_Visitor,False,False
4,181.28,1,49.94,51,2709.0,0.03,0.04,8.14,0.11,Mar,3,3,2,6,Returning_Visitor,False,False
1,88.24,1,19.29,35,1310.05,0.03,0.08,4.15,0.16,Nov,2,2,1,6,Returning_Visitor,False,False
2,159.34,1,30.21,50,1479.95,0.02,0.04,5.16,0.14,Nov,2,3,1,6,Returning_Visitor,False,False
1,67.41,1,60.23,23,615.94,0.05,0.09,0.0,0.1,May,3,3,1,2,Returning_Visitor,False,False
2,49.2,2,32.24,57,1440.66,0.01,0.03,4.18,0.19,Nov,2,3,1,6,New_Visitor,False,True
0,51.52,0,4.38,21,1354.56,0.01,0.04,1.42,0.14,Nov,2,2,3,2,Returning_Visitor,False,False
4,62.5,2,97.95,94,585.18,0.01,0.02,16.32,0.34,May,8,2,6,4,Returning_Visitor,False,False
2,168.44,1,25.86,48,1729.74,0.01,0.05,4.41,0.15,Nov,2,3,1,6,Returning_Visitor,False,True
1,63.8,1,31.79,15,576.71,0.08,0.1,0.0,0.16,Nov,8,3,1,6,Returning_Visitor,False,False
1,160.74,1,35.96,69,1298.25,0.01,0.03,5.49,0.11,Nov,2,2,2,2,New_Visitor,False,False
0,149.21,1,16.38,43,1900.66,0.01,0.06,4.43,0.45,Nov,2,2,3,6,Returning_Visitor,False,False
2,120.26,1,0.0,24,619.71,0.01,0.01,1.8,0.15,Mar,2,8,1,5,New_Visitor,False,False
2,185.38,0,23.86,51,1700.0,0.02,0.05,4.99,0.18,Mar,2,13,1,6,Returning_Visitor,False,False
1,21.89,1,5.74,30,1689.35,0.03,0.07,0.0,0.14,Mar,1,1,7,3,Returning_Visitor,False,False
3,171.65,1,16.49,42,2424.35,0.0,0.04,3.77,0.09,Mar,2,1,8,1,Returning_Visitor,True,False
2,172.93,1,19.43,53,1738.53,0.01,0.05,6.56,0.16,Nov,2,2,1,6,Returning_Visitor,False,False
1,111.99,1,19.09,60,360.99,0.08,0.06,7.18,0.08,Sep,3,1,9,13,Returning_Visitor,True,False
1,157.91,0,19.15,46,1678.98,0.0,0.05,4.98,0.16,Nov,2,3,1,6,Returning_Visitor,False,True
1,138.07,1,28.06,45,1709.97,0.02,0.06,4.77,0.13,Nov,2,3,1,6,Returning_Visitor,False,False
1,182.78,1,38.35,47,1252.43,0.06,0.11,6.93,0.13,Nov,2,1,1,6,Returning_Visitor,False,True
1,209.11,0,11.29,24,2645.65,0.0,0.04,12.69,0.0,Nov,4,3,7,1,Returning_Visitor,False,True
3,145.05,1,83.32,91,1505.85,0.01,0.02,5.01,0.13,Nov,2,2,1,2,Returning_Visitor,False,False
0,26.78,1,14.71,29,1149.46,0.02,0.08,1.99,0.15,Nov,2,2,3,6,Returning_Visitor,False,False
1,140.65,1,14.1,41,1356.38,0.02,0.06,2.73,0.15,Nov,2,3,1,6,Returning_Visitor,False,True
3,122.72,1,0.0,29,2062.7,0.0,0.05,1.07,0.2,Nov,2,2,1,6,Returning_Visitor,False,False
2,214.8,1,30.61,48,2077.03,0.01,0.07,2.88,0.0,Nov,1,1,1,1,Returning_Visitor,False,False
2,171.82,1,17.87,39,1695.68,0.02,0.05,3.99,0.16,Nov,2,3,1,6,Returning_Visitor,False,False
2,184.03,1,31.55,50,1845.17,0.01,0.03,7.25,0.16,Nov,2,1,8,6,Returning_Visitor,False,False
6,67.81,1,3.57,36,1902.8,0.02,0.03,0.59,0.15,Nov,1,1,7,3,Returning_Visitor,False,False
3,142.92,1,0.0,42,1759.35,0.02,0.04,0.73,0.17,Nov,4,1,4,3,Returning_Visitor,False,False
1,158.04,1,36.07,58,1662.28,0.02,0.07,5.22,0.15,Nov,2,2,1,6,Returning_Visitor,False,False
2,180.82,1,25.1,54,1548.06,0.01,0.06,4.15,0.14,Nov,2,3,1,6,Returning_Visitor,False,False
1,43.17,1,7.2,30,1539.52,0.03,0.11,1.59,0.15,Nov,1,1,3,6,Returning_Visitor,False,False
1,204.1,1,70.42,56,1562.15,0.0,0.02,25.33,0.13,May,2,2,2,2,Returning_Visitor,False,True
1,9.87,1,0.0,20,757.16,0.11,0.13,0.0,0.17,May,1,1,2,3,Returning_Visitor,False,False
2,168.04,1,59.28,41,420.0,0.01,0.03,14.31,0.0,Nov,2,2,7,6,Returning_Visitor,True,False
7,155.01,2,71.96,62,2995.57,0.02,0.04,12.78,0.15,Mar,3,2,1,1,Returning_Visitor,False,False
0,49.36,1,23.21,22,0.0,0.1,0.12,2.82,0.13,Nov,2,1,1,1,Returning_Visitor,False,False
2,181.66,1,87.37,86,1615.77,0.01,0.01,20.76,0.25,May,3,2,2,4,Returning_Visitor,True,False
2,160.82,1,32.98,59,1676.21,0.02,0.06,5.98,0.14,Nov,2,2,1,6,Returning_Visitor,False,False
3,91.32,1,33.79,46,1245.2,0.01,0.03,4.72,0.0,Nov,2,3,1,6,Returning_Visitor,False,False
3,132.79,2,0.0,47,1782.04,0.02,0.06,1.18,0.2,Mar,1,1,1,1,Returning_Visitor,False,False
1,139.59,1,29.2,57,1380.39,0.02,0.05,3.76,0.15,Nov,2,2,1,6,Returning_Visitor,False,False
2,166.49,1,30.51,54,1632.62,0.02,0.05,5.68,0.17,Nov,2,13,1,6,Returning_Visitor,False,False
2,168.59,1,54.59,62,1857.76,0.01,0.04,6.89,0.15,Nov,2,3,1,6,Returning_Visitor,False,False
0,33.62,0,2.93,26,1041.51,0.01,0.07,0.0,0.14,Nov,2,2,7,2,Returning_Visitor,False,False
1,137.34,1,19.4,44,1691.68,0.02,0.07,3.71,0.14,Nov,2,3,1,1,Returning_Visitor,False,False
1,156.94,1,13.13,36,1651.96,0.02,0.06,4.32,0.17,Nov,2,3,1,1,Returning_Visitor,False,False
0,0.0,1,39.99,37,1117.64,0.08,0.13,7.03,0.12,Nov,2,5,2,6,Returning_Visitor,False,False
2,185.76,1,43.43,52,1775.21,0.0,0.04,7.67,0.0,Nov,2,2,1,6,Returning_Visitor,False,False
2,17.59,1,5.08,29,697.1,0.02,0.09,0.72,0.14,Mar,1,1,1,3,Returning_Visitor,False,False
2,176.6,1,31.88,45,1739.41,0.01,0.05,4.97,0.14,Nov,2,3,1,6,Returning_Visitor,False,False
2,160.43,1,40.14,51,1733.43,0.02,0.06,4.67,0.14,Nov,2,3,1,6,Returning_Visitor,False,False
1,157.68,1,45.39,56,1768.39,0.03,0.08,6.02,0.16,Nov,2,3,1,1,Returning_Visitor,False,False
3,152.18,1,33.85,43,1620.2,0.01,0.04,3.08,0.11,Mar,2,2,1,2,New_Visitor,False,True
2,211.08,1,41.38,58,2614.22,0.02,0.04,12.7,0.46,Mar,4,4,3,1,Returning_Visitor,False,False
1,110.87,1,23.93,65,2041.69,0.01,0.02,4.08,0.12,Mar,2,3,2,6,Returning_Visitor,False,True
2,202.01,1,47.97,55,1481.28,0.02,0.06,8.46,0.13,Nov,2,13,1,6,Returning_Visitor,False,False
1,134.46,1,29.9,35,1372.94,0.04,0.08,2.27,0.2,Nov,2,3,1,6,Returning_Visitor,False,True
3,272.15,2,65.72,51,1284.48,0.01,0.05,6.43,0.17,Jul,2,13,1,8,Returning_Visitor,False,False
1,37.96,1,28.53,10,287.21,0.05,0.07,0.0,0.13,Dec,2,3,1,6,Returning_Visitor,False,False
2,183.68,1,33.21,52,1642.87,0.02,0.06,5.9,0.14,Nov,2,3,1,6,Returning_Visitor,False,False
7,116.89,4,260.04,53,2330.13,0.03,0.04,3.32,0.0,Nov,3,2,7,1,Returning_Visitor,False,False
4,170.68,1,4.93,46,1576.87,0.0,0.05,11.49,0.0,Nov,2,1,7,6,Returning_Visitor,False,False
2,204.2,2,74.21,63,1674.31,0.02,0.03,7.36,0.18,Nov,3,2,1,6,Returning_Visitor,False,False
1,206.47,1,11.41,75,2532.96,0.0,0.01,9.74,0.13,Nov,4,3,1,1,Returning_Visitor,True,False
1,148.76,1,11.64,43,687.38,0.01,0.01,2.47,0.13,Nov,2,2,3,2,New_Visitor,True,False
0,140.29,1,48.1,66,690.96,0.01,0.02,4.13,0.0,Nov,2,2,6,2,Returning_Visitor,True,False
1,63.24,0,6.46,35,1355.89,0.02,0.1,2.81,0.11,Nov,2,1,1,1,Returning_Visitor,False,False
0,29.25,0,5.13,27,1293.29,0.01,0.09,2.45,0.11,Nov,2,2,3,2,Returning_Visitor,False,False
2,168.25,0,20.48,13,1191.01,0.02,0.04,2.34,0.17,Nov,2,2,1,6,Returning_Visitor,False,False
1,136.9,1,32.66,47,1631.82,0.02,0.06,5.8,0.15,Nov,2,2,1,6,Returning_Visitor,False,False
1,155.54,1,27.08,53,1629.48,0.02,0.06,5.47,0.16,Nov,2,2,1,6,Returning_Visitor,False,False
8,293.35,0,110.37,91,2855.66,0.01,0.02,21.54,0.11,Nov,2,2,2,6,Returning_Visitor,False,False
2,148.77,1,25.13,56,1849.09,0.02,0.05,6.41,0.15,Nov,2,3,1,6,Returning_Visitor,False,False
1,35.62,1,25.91,20,2.33,0.11,0.13,3.55,0.12,Nov,3,1,1,3,Returning_Visitor,False,False
1,166.34,1,29.75,65,1330.34,0.01,0.04,0.0,0.18,Nov,2,2,1,6,Returning_Visitor,False,False
1,132.25,1,60.12,50,1642.81,0.02,0.05,5.21,0.13,Nov,2,2,1,6,Returning_Visitor,False,False
1,156.09,1,23.63,33,911.36,0.02,0.04,2.1,0.2,Nov,2,3,1,2,New_Visitor,False,False
1,169.54,1,46.29,56,1744.65,0.02,0.06,6.31,0.12,Nov,2,3,1,6,Returning_Visitor,False,False
3,113.34,1,36.46,25,2612.0,0.03,0.03,0.0,0.0,Mar,2,13,1,2,New_Visitor,False,False
2,183.95,1,78.62,30,2202.47,0.01,0.02,24.81,0.19,Nov,2,2,1,6,Returning_Visitor,False,False
0,0.0,1,27.66,14,437.75,0.09,0.13,3.45,0.11,May,3,2,1,6,Returning_Visitor,False,False
1,67.71,1,41.52,34,795.77,0.1,0.13,4.7,0.12,Nov,3,1,1,6,Returning_Visitor,False,False
7,227.69,3,45.73,55,1868.62,0.02,0.04,11.13,0.18,Mar,2,4,1,6,Returning_Visitor,False,False
3,141.19,1,32.77,62,2174.96,0.02,0.03,4.17,0.15,Mar,2,3,2,1,Returning_Visitor,False,True
1,207.5,1,26.12,67,1712.4,0.02,0.01,7.91,0.14,Mar,2,12,2,6,Returning_Visitor,False,False
3,205.81,1,15.41,55,1965.64,0.0,0.02,11.56,0.13,Mar,4,4,2,6,Returning_Visitor,False,False
2,153.33,1,24.45,55,1644.72,0.01,0.06,4.08,0.15,Nov,2,2,1,6,Returning_Visitor,False,False
2,184.84,1,0.0,52,2523.96,0.01,0.01,7.83,0.17,May,2,13,1,1,Returning_Visitor,False,False
0,40.22,1,24.25,30,0.0,0.1,0.2,3.11,0.12,Mar,2,1,2,1,Returning_Visitor,False,False
2,153.34,1,3.52,25,375.0,0.02,0.04,1.28,0.0,Nov,2,2,3,2,Returning_Visitor,False,True
3,219.19,1,45.49,65,1787.5,0.01,0.01,11.57,0.12,Nov,2,4,1,6,Returning_Visitor,True,True
2,262.21,2,65.5,82,797.35,0.03,0.08,5.96,0.12,Jul,2,2,1,6,New_Visitor,False,False
2,186.05,1,46.31,72,1919.31,0.01,0.04,11.01,0.17,Nov,2,2,1,6,Returning_Visitor,False,False
1,155.19,1,16.81,42,1807.78,0.03,0.07,5.11,0.14,Nov,2,3,1,6,Returning_Visitor,False,False
0,142.82,1,25.45,70,2066.76,0.01,0.03,8.55,0.0,Nov,2,2,7,2,Returning_Visitor,False,False
0,71.21,0,13.1,49,1758.66,0.01,0.04,2.62,0.12,May,2,2,7,6,Returning_Visitor,False,False
0,42.47,1,19.27,16,302.49,0.05,0.08,1.99,0.13,Nov,2,3,1,2,Returning_Visitor,False,False
0,0.0,1,11.6,26,608.14,0.05,0.09,2.51,0.12,Nov,2,3,1,6,Returning_Visitor,False,False
3,231.95,1,30.81,54,1477.67,0.01,0.04,0.0,0.17,Sep,2,2,1,4,New_Visitor,False,False
1,158.13,1,19.47,46,1584.18,0.02,0.07,3.59,0.13,Nov,2,1,1,6,Returning_Visitor,False,False
2,181.61,4,126.97,84,1675.06,0.02,0.03,10.77,0.18,Nov,2,2,1,6,Returning_Visitor,False,True
2,63.1,0,0.0,54,1107.6,0.01,0.01,7.75,0.22,Nov,2,2,7,5,Returning_Visitor,False,False
1,163.86,1,21.67,13,208.83,0.03,0.06,4.03,0.16,Nov,2,3,1,6,Returning_Visitor,False,False
2,182.97,0,23.55,35,1373.03,0.02,0.05,3.84,0.17,Mar,2,13,1,6,Returning_Visitor,False,False
1,73.07,1,14.81,26,1026.68,0.03,0.1,0.0,0.0,Nov,2,3,1,6,Returning_Visitor,False,False
2,116.22,1,0.0,36,1462.2,0.01,0.04,0.93,0.17,Nov,1,1,3,1,Returning_Visitor,False,False
2,150.77,1,36.77,51,1406.82,0.03,0.04,5.15,0.12,Nov,3,1,1,6,Returning_Visitor,True,False
1,91.85,0,12.61,30,1723.05,0.02,0.05,1.03,0.16,Nov,2,2,8,6,Returning_Visitor,False,False
2,123.48,1,32.54,65,1706.73,0.03,0.08,6.1,0.29,Nov,2,1,2,6,Returning_Visitor,False,False
14,289.66,1,108.66,67,2217.97,0.01,0.04,9.32,0.11,Nov,8,1,1,6,Returning_Visitor,True,True
7,168.53,0,73.18,84,1508.56,0.01,0.0,4.94,0.15,Nov,2,2,1,6,Returning_Visitor,False,False
2,150.86,1,4.28,26,1598.42,0.01,0.04,3.43,0.17,May,2,2,7,6,Returning_Visitor,False,True
0,30.69,1,11.66,2,352.1,0.1,0.12,2.99,0.12,Nov,2,2,2,6,Returning_Visitor,False,False
0,84.43,1,0.0,34,1075.12,0.03,0.07,4.34,0.12,Nov,2,2,1,2,Returning_Visitor,False,False
3,125.87,2,51.62,54,1322.68,0.01,0.04,0.0,0.22,Nov,2,3,1,4,Returning_Visitor,False,False
2,181.58,1,78.5,68,1716.79,0.01,0.03,7.33,0.13,Nov,3,2,1,6,Returning_Visitor,True,False
4,124.17,1,11.96,38,1454.29,0.02,0.04,1.79,0.22,Mar,2,3,1,1,Returning_Visitor,False,False
0,0.0,1,16.63,43,1632.96,0.02,0.06,0.0,0.0,Nov,2,2,3,6,Returning_Visitor,False,False
1,136.27,1,36.85,47,1788.13,0.01,0.05,5.91,0.14,Aug,2,1,1,6,Returning_Visitor,False,False
0,76.78,1,29.31,37,1436.81,0.03,0.08,5.17,0.17,Nov,2,2,2,2,Returning_Visitor,False,True
1,99.33,1,17.15,45,1406.4,0.01,0.04,3.17,0.0,Nov,2,3,1,2,Returning_Visitor,False,True
2,165.31,1,25.79,54,1703.71,0.01,0.06,4.42,0.14,Nov,2,3,1,6,Returning_Visitor,False,False
3,186.76,1,27.58,47,1932.87,0.02,0.05,2.81,0.15,Nov,1,1,1,6,Returning_Visitor,False,False
1,130.04,1,15.52,21,669.9,0.02,0.04,2.97,0.14,Nov,2,2,1,6,New_Visitor,False,False
0,56.06,1,16.22,29,1945.23,0.02,0.05,1.27,0.15,May,2,2,1,6,Returning_Visitor,False,False
0,132.31,1,27.46,27,158.25,0.01,0.02,3.13,0.17,Nov,2,2,1,2,Returning_Visitor,False,False
1,109.56,1,18.47,41,1339.05,0.02,0.07,3.33,0.15,Nov,2,3,1,6,Returning_Visitor,False,False
2,92.5,0,16.71,49,1803.84,0.01,0.01,1.63,0.17,Nov,2,2,8,6,Returning_Visitor,False,False
0,181.11,0,12.73,42,1449.32,0.01,0.01,6.73,0.31,May,4,1,3,6,Returning_Visitor,False,False
1,148.11,1,17.43,49,1619.89,0.02,0.06,3.89,0.14,Nov,2,3,1,6,Returning_Visitor,False,False
0,0.0,1,0.0,16,1250.22,0.08,0.1,5.31,0.11,May,3,2,1,2,Returning_Visitor,True,False
2,136.61,1,19.98,58,1951.42,0.02,0.06,4.79,0.15,Nov,2,3,8,6,Returning_Visitor,False,False
0,112.49,1,9.14,42,1541.92,0.02,0.05,3.43,0.24,Nov,2,2,3,6,Returning_Visitor,False,False
1,126.18,1,15.75,39,1242.42,0.0,0.06,4.0,0.15,Nov,2,2,2,6,Returning_Visitor,False,False
2,76.6,1,62.47,49,1503.96,0.02,0.02,5.07,0.19,May,3,2,1,13,Returning_Visitor,False,False
1,222.83,1,69.77,22,1968.3,0.01,0.03,15.18,0.22,Nov,4,13,3,6,Returning_Visitor,False,True
1,173.06,1,82.49,79,1366.53,0.01,0.02,7.37,0.11,Nov,3,2,1,2,New_Visitor,True,True
2,116.12,1,23.51,39,1411.99,0.01,0.02,4.18,0.13,Mar,3,2,1,13,Returning_Visitor,True,False
1,165.29,1,0.0,45,2131.55,0.0,0.03,3.76,0.0,Nov,3,3,1,6,Returning_Visitor,False,False
1,173.76,1,26.66,45,1642.2,0.01,0.06,5.66,0.13,Nov,2,3,2,1,New_Visitor,False,False
2,233.98,1,62.84,71,1837.34,0.02,0.07,9.76,0.17,Nov,2,1,1,6,Returning_Visitor,False,False
2,72.37,1,30.64,41,1091.8,0.01,0.03,2.5,0.14,Mar,2,13,1,5,New_Visitor,False,False
2,165.81,1,24.42,58,1728.74,0.01,0.05,4.81,0.43,Aug,2,1,4,6,Returning_Visitor,False,False
2,117.9,1,0.0,17,1209.3,0.01,0.05,0.56,0.15,Nov,1,1,7,3,Returning_Visitor,False,False
1,121.56,1,27.94,52,2210.57,0.06,0.09,5.0,0.13,Mar,2,3,2,1,Returning_Visitor,False,False
3,142.56,1,57.31,34,1542.07,0.02,0.05,0.0,0.27,May,2,3,1,6,Returning_Visitor,False,False
3,202.86,1,0.0,17,1829.2,0.01,0.05,2.26,0.0,Aug,1,1,1,6,Returning_Visitor,False,False
1,146.29,1,22.98,46,1739.91,0.02,0.06,4.55,0.15,Nov,2,3,1,6,Returning_Visitor,False,False
0,37.1,0,4.31,4,287.84,0.07,0.08,2.83,0.09,Nov,2,1,2,2,New_Visitor,False,False
1,82.97,1,44.7,27,1887.72,0.03,0.04,3.22,0.19,Nov,3,2,2,13,Returning_Visitor,False,False
2,152.91,1,0.0,50,1824.76,0.01,0.04,9.33,0.16,Nov,2,2,3,6,Returning_Visitor,False,False
1,189.31,1,8.31,77,3332.21,0.01,0.09,5.34,0.56,Nov,2,2,3,6,Returning_Visitor,False,False
2,81.23,1,41.22,53,2777.95,0.04,0.05,5.23,0.23,Nov,3,2,7,1,Returning_Visitor,False,True
1,59.88,1,27.9,22,522.88,0.09,0.13,2.85,0.11,Nov,2,3,1,6,Returning_Visitor,False,False
0,147.08,2,10.0,40,1224.68,0.07,0.1,9.62,0.5,June,2,2,2,6,Returning_Visitor,False,False
2,143.71,1,37.36,46,2083.73,0.01,0.04,10.19,0.19,Mar,2,13,1,1,Returning_Visitor,False,True
1,112.68,1,23.9,38,1642.86,0.02,0.06,2.85,0.27,Nov,2,2,2,2,Returning_Visitor,False,False
1,113.87,1,16.69,47,1604.52,0.02,0.07,5.01,0.15,Nov,2,1,1,6,Returning_Visitor,False,False
1,164.95,1,32.43,58,1653.63,0.01,0.04,5.75,0.14,Nov,2,2,1,6,Returning_Visitor,False,True
3,241.88,1,27.27,30,1757.92,0.02,0.05,7.11,0.21,Sep,2,3,9,6,Returning_Visitor,False,False
1,0.0,1,23.58,35,1244.57,0.04,0.09,0.0,0.1,Nov,8,1,1,2,Returning_Visitor,False,False
1,86.35,1,0.0,17,296.42,0.03,0.07,1.95,0.13,Nov,2,3,1,2,Returning_Visitor,False,False
0,86.39,1,0.0,3,50.4,0.02,0.07,1.97,0.15,Nov,2,2,1,2,New_Visitor,False,False
0,39.58,1,13.04,17,0.0,0.07,0.12,1.9,0.1,Nov,2,1,6,1,Returning_Visitor,False,False
6,244.19,2,109.73,77,2500.61,0.01,0.03,13.36,0.09,Nov,8,1,1,6,Returning_Visitor,False,False
1,108.76,1,19.86,24,1957.4,0.01,0.05,5.42,0.16,Nov,2,2,8,6,Returning_Visitor,False,True
2,162.53,1,27.02,57,1735.53,0.02,0.06,4.67,0.15,Nov,2,3,1,6,Returning_Visitor,False,True
1,142.28,1,13.29,35,1328.68,0.02,0.05,0.0,0.13,Nov,2,1,1,6,Returning_Visitor,False,False
3,172.62,2,73.66,137,1122.12,0.01,0.02,9.99,0.19,Dec,2,2,1,6,Returning_Visitor,False,False
3,24.45,1,5.42,36,1206.23,0.04,0.06,0.78,0.09,Mar,1,1,7,1,Returning_Visitor,False,False
2,154.31,0,27.89,48,1962.27,0.0,0.01,7.47,0.19,Mar,2,4,1,1,Returning_Visitor,False,False
1,158.37,1,35.31,49,1685.64,0.04,0.08,5.6,0.15,Nov,2,1,1,6,Returning_Visitor,False,False
3,245.61,1,40.44,74,1839.87,0.01,0.04,4.91,0.0,Mar,2,2,2,6,Returning_Visitor,False,False
4,189.57,2,133.75,57,2340.68,0.03,0.04,4.76,0.19,Nov,3,2,1,1,Returning_Visitor,False,False
6,305.19,0,87.73,78,2196.37,0.01,0.04,14.14,0.14,Nov,1,1,1,6,Returning_Visitor,False,True
1,80.02,1,10.4,28,1577.45,0.01,0.09,1.3,0.12,Nov,2,3,1,6,Returning_Visitor,False,False
1,142.89,0,44.19,42,2395.41,0.03,0.07,4.32,0.1,Nov,3,3,1,1,Returning_Visitor,True,False
1,112.31,1,15.03,40,1262.91,0.02,0.08,0.0,0.14,Nov,2,3,1,1,Returning_Visitor,False,False
2,160.83,1,29.76,56,1502.31,0.02,0.03,2.97,0.12,Nov,3,1,1,3,Returning_Visitor,True,False
1,72.04,1,21.56,51,1090.87,0.01,0.03,5.34,0.22,Nov,2,2,1,2,Returning_Visitor,False,False
1,109.12,1,16.72,33,1053.23,0.02,0.07,2.46,0.14,Nov,2,2,1,2,Returning_Visitor,False,False
1,164.4,1,22.81,55,1799.43,0.02,0.06,4.98,0.31,Nov,2,3,1,6,Returning_Visitor,False,False
2,88.38,1,8.19,59,1618.43,0.01,0.01,6.51,0.22,May,2,2,8,6,Returning_Visitor,False,False
1,164.77,1,27.2,56,1724.62,0.01,0.06,6.77,0.13,Nov,2,3,1,6,Returning_Visitor,False,False
0,49.55,0,9.89,39,1670.0,0.01,0.08,2.77,0.17,Nov,2,2,3,6,Returning_Visitor,False,False
1,117.15,1,15.85,42,1535.92,0.03,0.08,3.63,0.12,Nov,2,1,1,1,Returning_Visitor,False,False
2,224.66,1,63.4,84,1806.01,0.01,0.04,12.61,0.18,Sep,2,2,1,4,Returning_Visitor,False,False
0,86.76,0,13.47,37,1261.68,0.04,0.11,3.62,0.11,Nov,1,1,2,1,Returning_Visitor,False,False
1,24.02,1,12.93,24,135.5,0.1,0.13,2.66,0.12,Nov,3,1,1,3,Returning_Visitor,False,False
1,134.0,1,17.72,17,504.0,0.01,0.02,4.66,0.22,Nov,2,2,7,1,Returning_Visitor,False,False
3,133.84,1,67.53,83,1878.47,0.0,0.02,4.67,0.16,Nov,3,2,1,6,Returning_Visitor,True,True
3,182.01,1,34.42,43,599.1,0.01,0.04,12.29,0.12,Nov,8,1,1,6,Returning_Visitor,False,False
2,164.56,1,21.78,49,1675.01,0.01,0.05,4.57,0.15,Nov,2,2,1,6,Returning_Visitor,False,False
1,148.99,1,25.92,50,1641.66,0.02,0.06,4.58,0.15,Nov,2,3,1,6,Returning_Visitor,False,False
1,138.72,1,27.19,49,1396.2,0.02,0.06,3.55,0.15,Nov,2,2,1,6,Returning_Visitor,False,False
7,133.17,2,55.24,68,2162.0,0.01,0.02,5.11,0.0,Nov,2,2,8,6,Returning_Visitor,False,True
1,144.3,1,23.55,44,1678.63,0.02,0.07,3.69,0.14,Nov,2,3,1,6,Returning_Visitor,False,False
1,168.36,1,26.12,55,1618.24,0.01,0.06,4.79,0.15,Nov,2,3,1,6,Returning_Visitor,False,False
0,131.19,1,34.55,54,2014.03,0.01,0.06,8.24,0.0,Nov,2,3,1,6,Returning_Visitor,False,False
1,130.6,1,27.49,47,1634.64,0.02,0.07,4.97,0.13,Nov,2,3,1,6,Returning_Visitor,False,False
3,73.7,1,25.54,45,1165.77,0.0,0.02,1.71,0.2,Mar,2,3,1,6,New_Visitor,False,False
2,0.0,1,48.22,31,529.41,0.04,0.04,3.09,0.14,Nov,2,3,1,2,Returning_Visitor,False,False
0,0.0,1,37.36,26,1357.19,0.02,0.07,2.33,0.16,May,2,2,6,6,Returning_Visitor,False,False
3,156.4,1,36.55,78,2096.39,0.01,0.03,7.94,0.13,Nov,2,2,2,6,Returning_Visitor,False,True
4,507.36,2,47.0,115,15025.23,0.0,0.05,9.67,0.18,Sep,2,2,1,4,Returning_Visitor,False,False
1,174.04,1,10.85,22,1654.96,0.01,0.04,3.58,0.15,Nov,2,2,1,6,New_Visitor,False,False
3,137.92,0,22.83,29,1786.32,0.02,0.05,0.0,0.17,Nov,2,1,8,6,Returning_Visitor,False,False
3,193.31,1,57.92,69,1767.31,0.02,0.06,11.39,0.13,Nov,2,2,1,6,Returning_Visitor,False,False
3,101.37,1,39.14,100,1302.33,0.0,0.02,9.41,0.16,Dec,2,13,1,6,New_Visitor,False,False
2,106.1,1,28.14,38,539.5,0.02,0.04,1.75,0.19,May,2,2,1,2,New_Visitor,False,False
0,0.0,1,31.95,16,409.58,0.1,0.13,4.79,0.11,Nov,2,3,1,6,Returning_Visitor,False,False
1,144.18,1,18.94,58,1589.89,0.02,0.06,4.19,0.14,Nov,2,1,1,6,Returning_Visitor,False,False
1,133.44,0,18.0,65,1776.54,0.0,0.04,6.44,0.26,May,2,2,3,2,Returning_Visitor,False,False
2,175.63,1,40.6,64,1034.07,0.02,0.05,5.71,0.14,Dec,2,2,1,6,New_Visitor,False,False
1,87.23,1,20.33,45,1781.25,0.02,0.06,3.9,0.13,Nov,2,2,1,6,Returning_Visitor,False,False
4,259.81,2,69.78,73,1819.01,0.01,0.04,6.14,0.12,Nov,8,1,1,6,Returning_Visitor,False,False
2,189.58,2,75.55,50,1807.76,0.05,0.08,7.43,0.14,Nov,3,3,1,6,Returning_Visitor,False,False
1,137.59,1,0.0,25,1278.7,0.05,0.07,3.03,0.1,Mar,3,3,1,6,Returning_Visitor,True,False
1,172.45,1,81.12,60,1770.69,0.02,0.07,11.77,0.21,Feb,2,3,1,6,Returning_Visitor,False,False
0,35.19,1,21.25,14,0.0,0.12,0.13,3.33,0.15,Mar,2,3,1,1,Returning_Visitor,False,False
2,150.79,1,11.0,43,1978.38,0.02,0.06,3.44,0.11,Mar,4,3,1,1,Returning_Visitor,False,False
1,152.3,1,16.62,44,369.05,0.01,0.04,4.56,0.15,Nov,2,1,7,6,Returning_Visitor,False,False
1,159.14,1,15.76,57,739.83,0.01,0.05,6.07,0.31,May,2,2,3,6,Returning_Visitor,False,False
3,214.67,1,81.2,93,2018.41,0.01,0.03,15.43,0.14,Nov,2,2,1,6,Returning_Visitor,False,False
0,42.14,1,13.05,18,96.0,0.0,0.1,1.86,0.14,Nov,2,3,1,2,Returning_Visitor,False,False
2,101.88,1,15.57,44,2133.06,0.02,0.05,2.8,0.24,May,2,1,7,6,Returning_Visitor,False,False
0,86.64,1,41.52,8,662.72,0.09,0.12,4.86,0.12,Nov,3,3,1,2,Returning_Visitor,False,False
1,148.66,1,19.47,47,1578.01,0.02,0.06,3.79,0.14,Nov,2,2,1,6,Returning_Visitor,False,False
0,9.8,1,17.18,24,148.5,0.09,0.13,2.29,0.28,May,8,1,2,3,Returning_Visitor,False,False
2,184.43,1,26.89,56,1659.21,0.01,0.05,5.23,0.16,Nov,2,2,1,6,Returning_Visitor,False,False
1,152.47,1,39.26,62,1706.6,0.01,0.04,8.01,0.14,Nov,2,2,1,6,Returning_Visitor,False,False
3,283.3,1,15.1,31,1788.55,0.01,0.07,10.8,0.36,Sep,2,2,3,6,Returning_Visitor,False,False
2,144.06,1,7.75,44,1517.16,0.01,0.05,2.27,0.15,Mar,2,13,8,6,Returning_Visitor,False,False
0,53.62,1,38.41,20,807.81,0.06,0.08,0.0,0.13,Nov,3,2,6,6,Returning_Visitor,False,False
3,146.28,1,0.0,46,591.25,0.02,0.02,1.02,0.17,Dec,2,2,1,2,New_Visitor,False,False
1,144.56,1,16.5,46,1496.41,0.0,0.03,1.96,0.09,Nov,2,3,1,2,New_Visitor,False,True
0,88.77,0,6.7,41,1157.45,0.01,0.06,6.73,0.18,Aug,1,1,3,6,Returning_Visitor,False,False
1,15.79,1,11.43,30,558.55,0.04,0.13,2.21,0.08,Nov,1,1,1,3,Returning_Visitor,False,False
0,0.0,0,5.93,31,1312.3,0.01,0.07,1.4,0.09,Nov,1,1,7,1,Returning_Visitor,True,False
4,130.5,1,90.11,47,3191.84,0.03,0.0,4.51,0.1,Mar,3,2,1,2,Returning_Visitor,False,False
1,112.22,0,14.38,26,1593.73,0.02,0.05,4.12,0.16,Nov,2,3,2,6,Returning_Visitor,False,False
2,35.2,1,0.0,33,1337.85,0.02,0.04,2.35,0.16,Mar,2,13,1,1,Returning_Visitor,False,False
3,177.88,1,69.22,72,2215.56,0.02,0.04,8.92,0.12,Mar,2,3,2,1,Returning_Visitor,False,False
4,82.83,1,0.0,45,883.07,0.01,0.02,1.31,0.12,Mar,3,3,1,2,Returning_Visitor,True,False
2,140.04,1,22.34,45,1674.31,0.05,0.08,3.14,0.11,Mar,2,3,1,1,Returning_Visitor,False,False
4,165.96,1,22.89,38,1480.39,0.01,0.04,1.32,0.09,Mar,1,13,1,2,New_Visitor,False,False
1,177.79,1,31.94,48,1673.61,0.03,0.07,0.0,0.13,Nov,2,3,1,6,Returning_Visitor,False,False
2,177.23,1,19.87,53,1425.53,0.01,0.05,6.21,0.15,Nov,2,13,1,6,Returning_Visitor,False,False
0,0.0,1,28.31,32,1058.46,0.06,0.11,4.98,0.13,Nov,2,2,2,6,Returning_Visitor,False,False
4,272.03,1,36.48,57,2203.32,0.01,0.06,15.45,0.2,Nov,2,2,3,6,Returning_Visitor,False,False
0,59.9,1,0.0,32,1262.76,0.05,0.1,4.44,0.11,Nov,2,2,1,1,Returning_Visitor,False,True
4,207.09,1,52.73,62,2112.43,0.01,0.04,10.83,0.18,Nov,2,1,1,6,Returning_Visitor,False,False
2,116.22,1,24.11,43,1818.46,0.02,0.08,3.52,0.14,Nov,2,1,1,6,Returning_Visitor,False,False
2,178.53,1,32.95,44,1750.06,0.02,0.05,4.94,0.14,Mar,2,13,1,6,Returning_Visitor,False,False
2,71.47,1,4.16,40,154.8,0.02,0.08,1.41,0.11,Nov,1,1,2,3,Returning_Visitor,False,True
1,129.12,0,20.51,45,1808.85,0.01,0.06,5.49,0.14,Nov,2,2,1,6,Returning_Visitor,False,False
1,16.67,1,12.05,22,0.0,0.11,0.13,1.5,0.1,Mar,1,1,1,1,Returning_Visitor,False,False
6,192.85,1,71.04,89,2045.02,0.01,0.03,14.97,0.1,Nov,2,4,1,6,Returning_Visitor,False,True
0,169.36,1,0.0,58,1553.59,0.02,0.05,9.13,0.32,May,2,2,2,6,Returning_Visitor,False,False
1,141.87,1,56.45,50,1855.35,0.02,0.04,5.56,0.14,Nov,2,2,1,6,Returning_Visitor,True,False
0,59.9,0,10.08,34,2228.53,0.0,0.05,7.11,0.16,Nov,2,2,3,2,Returning_Visitor,True,False
1,155.41,1,19.4,42,1550.16,0.01,0.06,4.71,0.15,Nov,2,2,1,6,Returning_Visitor,False,False
8,64.0,2,98.22,25,1595.6,0.02,0.0,4.03,0.29,Nov,2,2,7,6,Returning_Visitor,False,False
2,60.73,1,8.32,27,1498.18,0.01,0.03,4.37,0.19,Nov,2,2,6,6,Returning_Visitor,False,False
2,168.17,1,19.01,43,1766.42,0.01,0.04,3.62,0.0,Nov,2,3,1,1,Returning_Visitor,False,False
8,138.86,1,96.97,74,4261.84,0.03,0.04,15.8,0.25,Nov,3,2,8,1,Returning_Visitor,False,False
2,166.83,0,39.2,28,1496.96,0.05,0.04,3.68,0.14,Nov,8,1,1,6,Returning_Visitor,True,False
3,119.61,1,31.37,44,1699.82,0.03,0.03,4.16,0.13,Nov,2,2,7,13,Returning_Visitor,False,False
1,78.12,0,0.0,25,1418.06,0.02,0.06,1.34,0.0,May,2,3,1,2,Returning_Visitor,False,True
3,99.94,1,93.44,97,1756.99,0.01,0.0,9.55,0.17,May,3,2,1,6,Returning_Visitor,True,True
3,224.49,1,153.65,48,2588.12,0.01,0.02,29.01,0.11,Nov,3,2,2,6,Returning_Visitor,False,False
3,125.46,1,76.77,77,619.48,0.01,0.03,13.61,0.24,May,2,2,1,6,Returning_Visitor,False,False
1,132.4,1,28.99,49,1497.32,0.02,0.07,4.82,0.14,Nov,2,2,1,6,Returning_Visitor,False,False
4,171.38,1,30.5,76,1705.53,0.01,0.03,1.85,0.17,Nov,2,1,8,6,Returning_Visitor,True,False
4,186.73,2,41.32,64,1956.14,0.01,0.03,12.79,0.17,Mar,2,4,1,6,Returning_Visitor,False,False
1,86.6,1,59.04,36,2155.94,0.08,0.09,8.28,0.1,Mar,2,3,1,1,Returning_Visitor,False,True
1,31.58,1,8.37,35,1138.89,0.11,0.13,2.14,0.09,Mar,1,1,2,1,Returning_Visitor,False,False
0,0.0,1,7.33,31,995.12,0.03,0.11,2.39,0.11,Nov,2,1,2,6,Returning_Visitor,False,False
0,8.02,0,6.59,22,363.29,0.04,0.13,1.88,0.17,May,2,2,2,3,Returning_Visitor,False,False
2,44.84,0,43.74,42,2743.93,0.03,0.05,4.09,0.16,Nov,2,3,7,1,Returning_Visitor,False,False
1,179.66,1,48.26,54,1945.51,0.02,0.07,9.95,0.19,Nov,2,3,1,1,Returning_Visitor,False,False
6,267.69,1,131.16,86,2219.27,0.0,0.02,21.52,0.21,Nov,2,2,1,4,Returning_Visitor,True,False
2,180.64,1,15.2,27,1855.39,0.0,0.05,9.21,0.12,May,8,1,1,6,Returning_Visitor,False,True
2,156.32,1,27.99,55,1588.77,0.02,0.04,4.0,0.0,Nov,2,2,1,6,Returning_Visitor,False,False
1,126.34,1,30.09,50,1305.75,0.02,0.08,4.03,0.13,Nov,2,1,1,6,Returning_Visitor,False,False
0,43.38,0,34.19,8,852.94,0.1,0.12,3.8,0.11,Mar,3,3,1,1,Returning_Visitor,False,False
1,153.51,1,36.04,58,1632.41,0.02,0.06,3.71,0.16,Nov,2,2,1,6,Returning_Visitor,False,False
0,77.23,0,26.29,47,655.17,0.01,0.05,7.45,0.33,May,2,2,3,6,Returning_Visitor,True,False
3,199.36,1,49.63,71,1730.9,0.01,0.04,9.01,0.15,Nov,2,3,1,6,Returning_Visitor,False,False
2,184.44,1,60.55,68,1763.09,0.01,0.06,10.96,0.11,Nov,2,2,2,6,Returning_Visitor,False,False
6,236.95,1,9.0,64,2488.73,0.0,0.04,18.8,0.12,Nov,2,3,1,6,Returning_Visitor,False,True
0,145.29,1,13.94,44,1796.17,0.0,0.03,8.21,0.16,Nov,2,2,8,2,Returning_Visitor,False,False
0,72.53,1,20.9,45,1818.08,0.02,0.04,2.9,0.52,May,3,2,3,13,Returning_Visitor,False,False
2,186.65,1,44.03,65,1994.63,0.01,0.05,0.0,0.15,Nov,2,3,1,6,Returning_Visitor,False,False
0,42.46,0,1.58,11,242.08,0.01,0.08,0.0,0.12,Nov,2,2,3,2,New_Visitor,False,False
1,167.99,1,8.49,38,1766.61,0.01,0.04,4.97,0.21,Nov,2,2,7,6,Returning_Visitor,False,False
2,163.68,1,30.72,62,1820.41,0.02,0.05,5.52,0.16,Nov,2,2,1,6,Returning_Visitor,False,False
3,165.15,1,13.86,46,2018.99,0.02,0.06,2.54,0.19,Mar,2,1,1,1,Returning_Visitor,False,False
1,136.67,1,27.51,50,1705.48,0.02,0.07,4.35,0.13,Nov,2,1,1,6,Returning_Visitor,False,False
2,156.33,1,0.0,50,1756.84,0.01,0.04,4.13,0.15,Nov,2,1,8,6,Returning_Visitor,False,False
1,115.37,1,8.36,33,1814.35,0.02,0.05,2.95,0.22,Nov,2,1,3,6,Returning_Visitor,False,False
1,141.03,1,0.0,54,1788.86,0.02,0.05,6.93,0.16,Nov,2,2,1,6,Returning_Visitor,False,False
3,138.06,1,24.24,49,2078.96,0.0,0.03,3.2,0.17,Nov,2,3,1,1,Returning_Visitor,False,False
3,164.51,1,88.33,57,1558.0,0.01,0.02,14.29,0.16,May,3,2,1,6,Returning_Visitor,True,False
1,145.82,1,21.12,43,1684.61,0.02,0.04,4.29,0.14,Nov,2,3,1,6,Returning_Visitor,False,False
2,167.23,1,30.67,49,1628.32,0.02,0.06,4.89,0.15,Nov,2,3,1,6,Returning_Visitor,False,True
1,143.19,1,36.65,48,9770.81,0.01,0.06,8.8,0.18,Nov,2,1,1,1,Returning_Visitor,False,False
2,188.0,0,5.14,65,1436.45,0.02,0.03,0.0,0.12,Mar,4,4,2,10,Returning_Visitor,False,False
1,182.18,0,37.21,59,1773.91,0.02,0.05,7.69,0.17,Nov,2,3,2,6,Returning_Visitor,False,True
3,242.95,1,98.57,89,1859.45,0.0,0.04,22.59,0.39,May,2,2,3,4,Returning_Visitor,True,True
2,114.16,0,8.08,29,741.06,0.02,0.06,0.0,0.13,Nov,1,1,1,6,Returning_Visitor,False,False
1,93.56,1,26.49,48,1547.69,0.02,0.07,4.27,0.19,Nov,2,3,1,6,Returning_Visitor,False,True
1,0.0,1,4.9,21,432.72,0.05,0.12,1.46,0.1,Nov,1,1,1,3,Returning_Visitor,False,False
3,241.56,1,12.55,56,1681.72,0.01,0.04,2.72,0.11,Aug,1,1,1,6,Returning_Visitor,False,False
5,207.19,1,146.37,67,2266.27,0.02,0.05,15.48,0.14,Nov,2,2,1,1,Returning_Visitor,False,False
1,121.27,0,25.11,42,2815.69,0.01,0.03,11.88,0.19,May,2,3,7,6,Returning_Visitor,False,True
0,85.68,1,41.78,2,11.5,0.11,0.12,5.42,0.09,Mar,3,2,1,6,Returning_Visitor,True,False
0,109.84,1,10.87,13,1501.99,0.02,0.05,3.83,0.14,Nov,2,3,2,6,Returning_Visitor,False,False
2,183.22,1,38.49,49,2436.55,0.01,0.03,17.17,0.15,Nov,2,2,1,6,Returning_Visitor,False,False
0,43.22,1,7.64,19,203.25,0.05,0.11,1.55,0.12,Nov,2,1,1,6,Returning_Visitor,False,False
1,48.59,1,19.62,23,567.46,0.09,0.12,3.68,0.11,Mar,3,3,1,3,Returning_Visitor,False,False
1,142.75,1,19.46,40,1915.51,0.01,0.05,3.46,0.14,May,2,3,7,6,Returning_Visitor,False,False
1,167.58,1,33.5,53,1700.5,0.01,0.03,5.35,0.12,Nov,2,2,1,2,Returning_Visitor,False,True
1,154.47,1,24.77,53,1680.8,0.01,0.06,4.65,0.14,Nov,2,2,1,6,Returning_Visitor,False,False
4,524.21,1,34.57,49,1742.65,0.02,0.01,8.97,0.22,June,2,12,1,1,Returning_Visitor,False,False
1,104.25,1,59.3,33,866.02,0.02,0.08,4.86,0.15,Dec,2,3,1,6,Returning_Visitor,False,False
1,135.52,1,27.32,51,1631.06,0.02,0.06,4.8,0.15,Nov,2,2,1,6,Returning_Visitor,False,True
3,121.19,1,32.07,63,1212.83,0.0,0.01,12.32,0.44,May,2,2,3,6,Returning_Visitor,True,False
2,157.49,1,7.68,40,1790.6,0.02,0.04,1.74,0.17,Nov,2,13,1,1,Returning_Visitor,False,False
0,160.44,1,67.51,56,1956.49,0.04,0.08,4.07,0.8,May,3,2,2,6,Returning_Visitor,False,False
1,80.92,1,15.66,41,1542.89,0.05,0.09,2.0,0.11,Nov,1,1,7,1,Returning_Visitor,False,False
2,155.95,1,0.0,34,776.67,0.02,0.03,4.33,0.14,Mar,2,13,1,2,New_Visitor,False,False
1,0.0,1,30.09,45,1437.41,0.06,0.1,4.65,0.12,Nov,2,1,1,6,Returning_Visitor,False,False
0,106.47,1,25.36,23,1285.83,0.02,0.07,2.55,0.0,Mar,2,13,1,2,Returning_Visitor,False,False
2,178.28,1,36.54,57,1561.07,0.01,0.05,5.38,0.0,Nov,2,2,1,6,Returning_Visitor,False,False
2,195.26,1,73.64,78,2321.83,0.0,0.03,15.82,0.13,Nov,2,2,1,6,Returning_Visitor,False,False
0,62.69,0,0.0,40,2747.61,0.0,0.03,15.43,0.0,May,2,2,7,2,Returning_Visitor,False,True
1,62.75,1,7.54,33,1332.59,0.01,0.08,1.66,0.1,Nov,2,1,2,6,Returning_Visitor,False,True
0,160.11,1,69.0,101,1624.44,0.01,0.03,13.62,0.21,Dec,3,2,1,6,Returning_Visitor,True,True
1,13.0,1,0.0,29,646.0,0.01,0.04,3.36,0.18,Mar,2,3,1,2,New_Visitor,False,False
0,186.37,2,107.67,73,1682.29,0.02,0.04,20.59,0.0,Feb,2,2,2,1,Returning_Visitor,False,False
3,195.94,1,0.0,50,993.87,0.01,0.03,14.08,0.12,Oct,2,4,3,2,Returning_Visitor,False,True
1,150.53,1,23.29,50,1696.44,0.02,0.07,4.72,0.14,Nov,2,3,1,6,Returning_Visitor,False,False
0,0.0,1,42.01,20,215.0,0.11,0.09,2.8,1.0,Nov,2,2,7,1,Returning_Visitor,False,False
2,163.04,1,35.84,55,1811.03,0.01,0.07,7.71,0.14,Nov,2,3,1,6,Returning_Visitor,False,False
2,99.71,1,9.35,42,685.16,0.04,0.06,2.85,0.15,Nov,2,1,1,6,Returning_Visitor,False,False
0,101.16,0,15.06,42,1622.05,0.01,0.07,4.2,0.15,Nov,2,2,8,6,Returning_Visitor,False,False
2,183.56,1,10.95,56,1878.24,0.02,0.05,3.53,0.23,Mar,4,4,2,3,Returning_Visitor,False,False
2,149.53,1,22.7,54,1723.77,0.02,0.06,4.83,0.14,Nov,2,1,1,6,Returning_Visitor,False,False
3,248.46,1,43.92,58,1900.17,0.01,0.06,4.09,0.08,Nov,1,1,1,6,Returning_Visitor,False,False
1,185.19,1,45.8,60,2149.85,0.01,0.03,14.88,0.14,Nov,2,3,2,6,Returning_Visitor,False,False
1,124.51,1,14.53,35,994.47,0.01,0.08,3.22,0.0,Nov,2,3,6,6,New_Visitor,False,False
4,181.79,1,28.71,44,1756.96,0.01,0.04,1.73,0.16,May,1,1,1,6,Returning_Visitor,True,False
0,120.54,1,0.0,14,289.49,0.02,0.04,0.0,0.11,Nov,2,2,1,2,New_Visitor,False,False
3,178.91,0,25.63,48,1804.22,0.02,0.05,4.64,0.17,Nov,2,13,1,6,Returning_Visitor,False,False
3,196.95,1,79.8,102,2169.23,0.01,0.04,7.86,0.0,Nov,2,2,1,6,Returning_Visitor,False,False
3,120.67,1,0.0,19,1268.59,0.01,0.03,1.41,0.22,Nov,2,2,1,2,New_Visitor,False,False
1,189.07,1,30.83,78,556.88,0.01,0.03,4.02,0.17,Nov,2,2,2,2,New_Visitor,False,False
0,47.33,0,3.84,32,1596.68,0.01,0.07,2.09,0.16,Nov,2,2,3,6,Returning_Visitor,False,False
6,226.57,1,42.24,95,2434.45,0.02,0.04,9.36,0.0,Nov,2,3,1,10,Returning_Visitor,False,False
4,159.06,1,2.95,28,1370.27,0.01,0.04,0.94,0.2,Nov,2,3,1,1,Returning_Visitor,False,False
0,58.03,1,43.74,1,892.98,0.07,0.09,4.78,0.13,Nov,2,2,1,2,Returning_Visitor,False,False
1,34.36,1,11.84,26,72.33,0.07,0.13,2.09,0.14,Mar,2,1,1,3,Returning_Visitor,False,False
1,161.52,1,29.3,56,1795.28,0.01,0.06,8.41,0.15,Nov,2,2,1,6,Returning_Visitor,False,False
4,90.23,1,48.3,59,1480.37,0.0,0.03,6.75,0.17,Aug,6,2,1,4,Returning_Visitor,True,False
8,279.14,2,131.0,78,3210.68,0.01,0.03,12.2,0.0,Nov,1,1,1,2,Returning_Visitor,False,False
2,143.21,1,51.6,48,1731.89,0.02,0.08,8.46,0.0,Nov,8,1,1,6,Returning_Visitor,False,False
6,315.9,2,150.93,76,1714.87,0.01,0.03,6.89,0.1,Nov,1,1,1,6,Returning_Visitor,False,False
2,7.0,1,0.0,35,1950.02,0.01,0.04,4.43,0.18,Nov,2,2,1,2,Returning_Visitor,False,False
2,180.47,1,108.09,109,2688.86,0.01,0.01,36.96,0.25,Mar,3,2,2,4,Returning_Visitor,False,True
1,138.42,1,62.68,63,2016.72,0.04,0.09,2.02,0.4,May,3,2,4,6,Returning_Visitor,False,False
1,163.63,1,48.65,71,2062.46,0.01,0.05,11.6,0.17,Nov,2,2,1,6,Returning_Visitor,False,True
1,130.86,1,25.04,46,1534.06,0.02,0.07,3.74,0.14,Nov,2,3,1,6,Returning_Visitor,False,True
2,162.65,1,23.73,48,1887.75,0.01,0.06,7.56,0.0,Nov,8,1,1,6,Returning_Visitor,False,False
1,0.0,1,81.2,38,3587.44,0.05,0.05,6.71,0.2,May,2,2,1,1,Returning_Visitor,False,False
1,62.46,0,20.39,34,1276.04,0.03,0.09,2.04,0.19,May,3,1,1,6,Returning_Visitor,False,False
1,129.51,1,2.8,16,1547.54,0.02,0.04,1.05,0.14,Nov,2,3,4,6,Returning_Visitor,False,False
1,96.86,1,28.68,16,189.25,0.08,0.12,5.44,0.2,Dec,2,3,1,1,Returning_Visitor,False,False
1,153.72,1,34.62,50,1891.16,0.02,0.07,6.18,0.23,Nov,2,3,1,6,Returning_Visitor,False,True
0,44.81,1,31.67,23,315.9,0.05,0.06,2.66,0.13,Nov,3,3,1,2,Returning_Visitor,False,False
4,201.64,1,102.17,85,1935.49,0.01,0.03,17.89,0.16,Nov,2,2,1,6,Returning_Visitor,False,True
0,0.0,1,7.64,25,348.3,0.08,0.13,0.0,0.0,Nov,2,1,2,3,Returning_Visitor,False,False
2,159.11,1,11.56,44,1631.98,0.01,0.05,2.24,0.0,Nov,2,3,1,6,Returning_Visitor,False,True
1,153.51,1,0.0,43,1097.25,0.0,0.04,4.68,0.14,Nov,2,2,1,2,New_Visitor,False,False
1,0.0,1,15.54,31,1031.35,0.03,0.1,2.71,0.14,Nov,2,1,1,2,Returning_Visitor,False,False
0,94.8,1,34.91,45,1807.53,0.02,0.07,5.54,0.09,Nov,2,5,2,2,Returning_Visitor,False,False
0,33.33,1,56.77,14,1381.77,0.02,0.08,5.63,0.13,May,3,3,1,6,Returning_Visitor,False,False
1,116.12,1,31.98,50,1668.67,0.01,0.06,4.36,0.12,Nov,2,2,1,6,Returning_Visitor,False,False
1,129.41,1,40.44,53,1134.69,0.03,0.07,5.97,0.12,Nov,3,2,1,6,Returning_Visitor,True,True
1,178.54,1,23.76,46,2121.42,0.02,0.07,0.0,0.17,Mar,2,4,1,6,Returning_Visitor,False,False
1,138.32,1,17.6,39,1635.21,0.02,0.07,3.97,0.17,Nov,2,3,1,6,Returning_Visitor,False,False
1,138.57,1,35.61,57,1634.27,0.03,0.09,4.13,0.3,Nov,2,3,1,6,Returning_Visitor,False,False
1,160.49,1,27.97,54,1747.15,0.02,0.06,5.02,0.14,Nov,2,3,1,6,Returning_Visitor,False,False
2,133.05,1,47.29,5,2210.2,0.01,0.02,7.55,0.18,May,2,13,1,2,New_Visitor,False,False
1,201.67,1,28.22,61,526.8,0.01,0.04,9.26,0.18,Sep,2,3,8,6,Returning_Visitor,False,True
2,173.46,1,0.0,30,1414.32,0.01,0.04,2.01,0.17,Nov,2,3,1,2,Returning_Visitor,False,True
0,0.0,1,31.03,37,1064.91,0.04,0.09,6.77,0.13,Nov,3,2,1,6,Returning_Visitor,False,False
0,47.92,1,10.67,21,197.0,0.04,0.11,2.12,0.0,Nov,2,3,1,2,Returning_Visitor,False,False
1,39.29,1,29.36,21,450.72,0.11,0.08,4.68,0.14,Mar,3,3,1,3,Returning_Visitor,False,False
1,129.38,1,56.39,55,512.72,0.01,0.03,14.14,0.16,Nov,2,2,8,2,Returning_Visitor,False,True
0,0.0,1,46.94,16,232.62,0.0,0.09,4.96,0.12,Dec,2,3,1,2,Other,False,False
1,170.22,1,44.62,62,2480.43,0.06,0.09,3.07,0.6,May,3,2,2,6,Returning_Visitor,False,False
1,147.46,2,66.78,58,1373.13,0.03,0.08,5.0,0.13,Nov,2,2,1,6,Returning_Visitor,False,False
2,161.13,1,34.73,46,1849.27,0.02,0.06,3.14,0.14,Nov,2,3,1,6,Returning_Visitor,False,True
3,173.52,1,43.59,66,1461.45,0.01,0.03,5.2,0.16,Nov,2,2,1,6,Returning_Visitor,True,False
2,58.92,1,0.0,28,1104.5,0.01,0.07,0.42,0.11,Nov,1,1,3,2,Returning_Visitor,False,False
4,203.8,1,58.09,57,2563.95,0.01,0.01,12.32,0.17,Nov,2,2,8,6,Returning_Visitor,True,False
1,168.29,1,31.38,48,1700.47,0.01,0.03,3.8,0.0,Nov,2,2,7,6,Returning_Visitor,False,False
1,144.57,1,10.81,44,1356.36,0.01,0.02,2.73,0.14,Nov,2,2,8,2,Returning_Visitor,False,False
3,48.4,0,18.23,80,1862.51,0.0,0.04,0.0,0.21,Mar,2,4,1,6,Returning_Visitor,False,False
0,0.0,1,11.61,20,661.53,0.02,0.11,1.41,0.12,Nov,2,1,1,2,Returning_Visitor,False,False
4,173.95,2,89.74,54,1764.55,0.02,0.03,0.0,0.21,Nov,2,3,1,6,Returning_Visitor,False,False
1,21.31,1,4.31,27,897.31,0.04,0.12,1.28,0.1,Nov,1,1,4,3,Returning_Visitor,False,False
1,73.62,1,19.0,40,2233.03,0.01,0.05,3.1,0.0,Mar,3,3,1,6,Returning_Visitor,False,False
0,16.94,1,32.84,27,625.07,0.02,0.05,1.79,0.13,Nov,2,2,7,2,Returning_Visitor,False,False
1,120.02,1,39.32,37,1560.11,0.02,0.08,8.55,0.13,Nov,2,2,1,6,Returning_Visitor,False,False
5,134.97,3,97.92,53,1606.01,0.02,0.01,2.35,0.12,Nov,3,2,1,1,Returning_Visitor,False,False
1,147.63,1,22.11,51,1716.5,0.02,0.07,4.5,0.15,Nov,2,1,1,6,Returning_Visitor,False,False
1,196.54,0,40.32,75,1872.56,0.01,0.04,11.83,0.17,Nov,2,2,1,6,Returning_Visitor,False,True
0,0.0,1,21.08,32,620.47,0.02,0.04,3.18,0.23,May,3,2,1,13,Returning_Visitor,False,False
1,155.35,1,35.25,52,1880.21,0.02,0.06,5.99,0.22,Nov,2,2,1,6,Returning_Visitor,False,False
0,218.82,1,0.0,46,1785.33,0.03,0.09,11.4,0.0,June,2,1,8,1,Returning_Visitor,False,False
2,138.86,1,76.82,42,1994.45,0.06,0.06,8.48,0.12,Nov,3,2,1,6,Returning_Visitor,True,False
3,170.08,1,14.66,49,494.5,0.01,0.04,4.73,0.14,Nov,2,1,1,6,Returning_Visitor,False,False
2,159.04,1,25.05,62,1618.45,0.02,0.06,5.25,0.14,Nov,2,3,1,6,Returning_Visitor,False,False
3,188.51,0,37.91,54,642.6,0.01,0.04,2.21,0.13,Jul,2,3,1,8,New_Visitor,False,False
2,221.66,1,21.3,80,1655.82,0.01,0.04,9.33,0.16,Oct,2,4,8,6,Returning_Visitor,False,True
4,87.58,1,40.1,62,1809.81,0.0,0.03,8.31,0.17,Mar,2,2,1,6,Returning_Visitor,False,True
2,203.38,1,25.94,50,1853.59,0.02,0.05,3.44,0.14,Nov,2,1,1,6,Returning_Visitor,False,True
0,107.6,0,27.46,46,1793.58,0.01,0.06,8.15,0.0,Nov,2,2,2,6,Returning_Visitor,False,False
0,24.1,0,34.41,35,1741.98,0.02,0.07,3.25,0.15,May,2,2,2,2,Returning_Visitor,False,True
1,164.17,1,27.9,52,1554.74,0.01,0.05,4.72,0.14,Nov,2,2,1,6,Returning_Visitor,False,False
0,0.0,1,19.27,28,94.5,0.06,0.1,2.57,0.15,Nov,2,2,1,1,Returning_Visitor,False,False
3,164.6,1,81.56,50,3114.84,0.01,0.02,18.96,0.14,May,2,13,1,6,Returning_Visitor,False,True
1,178.01,1,24.81,45,1806.17,0.01,0.03,3.63,0.17,Nov,2,3,1,6,Returning_Visitor,False,False
2,193.47,1,22.64,57,1745.0,0.0,0.04,11.13,0.12,May,2,13,2,6,Returning_Visitor,False,False
0,24.41,0,0.0,25,658.35,0.03,0.09,0.61,0.1,May,3,1,1,3,Returning_Visitor,False,False
0,178.4,2,101.11,3,1752.46,0.11,0.11,13.97,0.1,Mar,3,2,1,9,Returning_Visitor,False,False
0,0.0,1,16.87,20,1088.78,0.09,0.12,3.76,0.12,Nov,3,2,1,1,Returning_Visitor,False,False
0,0.0,1,30.37,32,2152.01,0.03,0.09,3.98,0.0,Nov,3,3,1,2,Returning_Visitor,False,False
5,186.68,0,23.24,78,1763.19,0.01,0.02,15.82,0.16,Aug,4,13,2,6,Returning_Visitor,False,False
1,118.23,1,22.88,47,1466.12,0.02,0.06,4.46,0.13,Nov,2,2,1,6,Returning_Visitor,False,False
1,144.27,1,37.01,49,1401.73,0.03,0.09,5.3,0.14,Nov,2,3,1,6,Returning_Visitor,False,False
7,342.16,2,151.5,123,10340.37,0.03,0.05,21.77,0.14,Nov,2,2,1,1,Returning_Visitor,False,False
2,138.0,1,17.06,51,1447.24,0.01,0.04,5.51,0.18,Nov,2,13,1,6,Returning_Visitor,False,False
1,106.81,1,12.79,35,1369.35,0.02,0.06,0.0,0.13,Nov,2,1,1,6,Returning_Visitor,False,False
2,165.57,1,51.76,79,1359.96,0.01,0.03,5.57,0.17,Nov,2,2,1,6,Returning_Visitor,False,False
0,101.79,1,40.07,55,2125.08,0.01,0.06,16.98,0.22,Nov,2,2,3,6,Returning_Visitor,False,False
1,128.18,1,13.0,48,1295.94,0.01,0.02,2.01,0.13,Mar,2,3,1,2,Returning_Visitor,False,False
1,136.04,1,43.08,45,1516.08,0.05,0.08,5.95,0.11,Nov,3,1,1,6,Returning_Visitor,True,True
1,162.23,1,27.98,37,966.18,0.03,0.08,4.19,0.0,Nov,2,3,1,6,Returning_Visitor,False,True
3,164.26,1,10.6,50,1641.59,0.0,0.05,4.96,0.15,Nov,8,1,1,3,Returning_Visitor,False,True
6,231.03,3,303.2,96,4140.09,0.02,0.02,0.0,0.07,Nov,3,2,1,2,Returning_Visitor,False,False
1,168.94,1,46.67,62,2363.43,0.02,0.08,3.43,0.8,May,3,2,2,6,Returning_Visitor,False,False
1,176.99,1,38.4,63,1647.75,0.01,0.05,4.64,0.12,Nov,2,2,1,6,Returning_Visitor,False,False
3,197.72,1,130.53,72,1746.46,0.01,0.02,31.35,0.15,Nov,2,2,1,6,Returning_Visitor,False,True
1,144.48,1,49.88,63,1418.2,0.01,0.02,0.0,0.13,Nov,2,2,8,2,Returning_Visitor,False,False
0,58.37,1,29.29,26,1114.27,0.2,0.2,0.0,0.12,Mar,2,2,1,1,Returning_Visitor,False,False
0,17.53,1,0.0,1,1132.0,0.04,0.1,4.22,0.17,May,2,2,2,2,Returning_Visitor,False,False
0,78.52,1,38.25,25,1220.22,0.05,0.11,5.21,0.12,Mar,3,2,1,6,Returning_Visitor,False,False
1,42.13,0,3.08,35,1648.37,0.01,0.05,0.0,0.15,May,2,2,7,6,Returning_Visitor,False,False
6,219.73,4,145.04,116,4773.34,0.01,0.02,45.68,0.13,Nov,2,2,2,6,Returning_Visitor,False,False
3,274.48,1,45.93,58,2394.77,0.02,0.08,10.62,0.25,Nov,4,1,2,1,Returning_Visitor,False,False
1,153.17,1,0.0,34,1439.51,0.01,0.05,2.11,0.17,Nov,2,3,1,6,Returning_Visitor,False,False
2,117.97,2,47.13,51,1910.71,0.03,0.04,1.84,0.0,Mar,2,2,1,1,Returning_Visitor,False,False
1,93.48,1,41.79,46,1168.01,0.03,0.03,4.47,0.17,Nov,2,2,7,6,Returning_Visitor,False,False
1,89.92,1,18.56,30,1558.6,0.06,0.09,3.03,0.09,Mar,3,3,1,3,Returning_Visitor,True,False
1,73.06,1,19.43,36,1162.15,0.03,0.09,3.42,0.13,Nov,2,3,1,6,Returning_Visitor,False,True
3,158.81,1,47.78,47,1148.0,0.01,0.04,6.46,0.13,Mar,2,3,1,6,Returning_Visitor,False,False
1,125.91,1,22.47,48,1726.46,0.02,0.07,5.43,0.13,Nov,2,3,1,6,Returning_Visitor,False,False
2,118.41,1,44.7,45,1586.95,0.02,0.05,5.46,0.12,Nov,2,2,1,6,Returning_Visitor,False,False
0,103.9,0,24.9,39,1619.94,0.0,0.06,4.79,0.14,May,2,2,2,2,Returning_Visitor,False,False
2,194.55,1,35.47,61,1957.16,0.01,0.05,8.29,0.16,Nov,2,1,1,1,Returning_Visitor,False,False
0,192.8,1,36.61,74,2126.03,0.01,0.03,36.26,0.21,Nov,2,2,2,4,Returning_Visitor,False,True
0,30.77,0,0.0,28,1232.99,0.02,0.08,2.8,0.14,May,2,2,2,2,Returning_Visitor,False,False
0,20.43,1,18.85,16,375.12,0.08,0.2,2.84,0.09,Mar,3,3,1,3,Returning_Visitor,False,False
1,190.5,1,19.6,46,1388.71,0.01,0.05,5.41,0.17,Nov,2,3,1,2,Returning_Visitor,False,False
1,163.71,1,24.49,52,1662.43,0.0,0.05,6.45,0.17,Nov,2,2,1,6,Returning_Visitor,False,False
1,50.41,1,18.43,36,876.85,0.2,0.13,3.13,0.11,Nov,2,1,1,1,Returning_Visitor,False,False
2,130.04,1,37.41,58,2057.16,0.01,0.03,6.18,0.33,Nov,2,2,7,6,Returning_Visitor,False,True
4,166.06,1,64.75,62,3902.66,0.02,0.06,14.28,0.35,Nov,3,2,1,1,Returning_Visitor,False,False
1,69.88,1,11.6,26,795.17,0.03,0.09,0.0,0.12,Nov,2,1,1,6,Returning_Visitor,False,False
4,176.52,1,0.0,56,1883.76,0.01,0.04,2.53,0.16,Nov,2,1,1,6,Returning_Visitor,False,False
2,162.43,1,36.4,52,1983.93,0.01,0.05,6.49,0.0,Nov,2,1,1,6,Returning_Visitor,False,True
2,162.66,1,40.22,52,1892.78,0.02,0.05,3.46,0.15,Nov,2,3,1,1,Returning_Visitor,False,False
1,158.62,1,60.95,60,267.25,0.02,0.02,4.35,0.18,Nov,3,2,1,6,Returning_Visitor,True,False
1,153.58,1,29.52,47,1511.81,0.02,0.06,3.88,0.14,Nov,2,3,1,6,Returning_Visitor,False,False
2,20.0,1,15.39,43,1271.83,0.02,0.03,0.0,0.0,May,2,2,1,2,Returning_Visitor,False,False
0,0.0,0,0.0,30,810.85,0.01,0.06,4.9,0.11,Nov,2,2,3,2,Returning_Visitor,False,True
1,145.14,1,19.43,48,1358.82,0.02,0.05,4.19,0.14,Nov,2,3,1,6,Returning_Visitor,False,False
2,134.79,1,28.7,17,713.33,0.0,0.03,3.62,0.14,Nov,2,13,1,1,Returning_Visitor,False,False
1,141.28,1,15.22,64,917.96,0.01,0.02,3.39,0.14,Nov,2,2,1,2,Returning_Visitor,False,True
3,165.48,2,91.17,69,1556.11,0.01,0.03,8.85,0.18,Nov,2,2,1,6,Returning_Visitor,False,False
0,69.59,1,57.85,5,168.0,0.11,0.1,3.75,0.09,Mar,3,2,1,6,Returning_Visitor,True,False
0,80.64,1,42.37,27,1247.69,0.02,0.06,3.25,0.12,Nov,2,2,1,2,Returning_Visitor,False,False
0,42.37,0,18.96,16,648.76,0.11,0.17,2.61,0.19,Nov,3,2,1,6,Returning_Visitor,False,False
2,234.68,1,23.04,76,1697.67,0.01,0.04,9.92,0.16,Nov,4,13,1,6,Returning_Visitor,False,False
2,232.42,1,58.55,73,2015.64,0.01,0.06,13.44,0.19,Nov,2,3,2,6,Returning_Visitor,False,True
0,63.51,1,16.29,60,1436.5,0.01,0.01,5.31,0.19,Nov,2,2,3,6,Returning_Visitor,False,False
2,84.74,1,62.02,32,1088.44,0.01,0.01,21.42,0.16,May,2,13,8,6,Returning_Visitor,False,True
4,197.0,2,83.86,73,2685.44,0.01,0.02,25.04,0.18,Mar,2,13,1,6,Returning_Visitor,False,True
1,117.19,1,20.14,51,1371.32,0.02,0.06,4.04,0.15,Nov,2,1,1,6,Returning_Visitor,False,False
2,197.75,1,0.0,76,1353.21,0.01,0.03,3.46,0.23,Nov,2,2,8,6,Returning_Visitor,False,True
4,172.63,1,114.93,48,1458.4,0.01,0.03,5.15,0.0,Nov,8,2,1,2,Returning_Visitor,False,False
1,83.92,1,0.0,34,1831.39,0.02,0.08,0.75,0.15,Nov,2,1,4,3,Returning_Visitor,False,False
2,156.18,1,5.89,24,719.53,0.01,0.05,0.92,0.14,Nov,2,3,1,2,New_Visitor,False,False
2,165.73,1,27.46,49,1356.71,0.01,0.06,5.08,0.13,Nov,2,3,1,6,Returning_Visitor,False,False
4,220.55,1,73.42,77,2892.02,0.02,0.05,21.21,0.14,Nov,2,2,1,1,Returning_Visitor,False,True
1,175.57,1,39.61,56,1929.3,0.01,0.06,9.38,0.14,Nov,2,2,1,6,Returning_Visitor,False,True
0,6.0,1,0.0,36,1851.0,0.03,0.01,26.0,0.47,Feb,3,13,4,4,Returning_Visitor,False,False
2,186.34,1,24.04,41,1370.5,0.03,0.07,4.12,0.15,Nov,2,3,1,6,Returning_Visitor,False,False
2,190.1,1,62.09,65,2721.44,0.02,0.03,14.36,0.17,Mar,2,13,1,10,Returning_Visitor,False,True
0,123.77,1,0.0,38,2161.43,0.01,0.01,21.08,0.12,May,3,2,2,6,Returning_Visitor,True,False
4,192.81,2,80.51,67,1728.96,0.02,0.03,0.0,0.11,Nov,2,2,1,1,Returning_Visitor,False,False
2,170.89,1,30.93,52,1693.46,0.01,0.06,4.87,0.13,Nov,2,3,1,6,Returning_Visitor,False,False
1,106.29,1,30.8,43,2004.02,0.02,0.05,2.85,0.0,Nov,3,3,1,6,Returning_Visitor,False,True
0,79.2,1,30.71,46,2469.99,0.01,0.03,8.48,0.19,Nov,2,3,1,6,Returning_Visitor,False,True
2,182.95,1,58.03,77,1875.91,0.01,0.06,10.66,0.17,Nov,2,2,1,6,Returning_Visitor,False,False
2,129.3,1,28.35,62,2250.47,0.02,0.04,0.0,0.15,Mar,2,3,8,1,Returning_Visitor,False,False
1,151.19,1,28.58,54,1507.22,0.02,0.05,4.01,0.15,Nov,2,2,1,6,Returning_Visitor,False,False
1,160.79,1,20.44,13,1388.78,0.02,0.05,3.83,0.16,Nov,2,3,1,6,Returning_Visitor,False,False
2,137.38,1,5.74,57,1656.41,0.01,0.03,1.26,0.17,Nov,2,2,7,2,Returning_Visitor,False,False
6,137.92,2,125.49,70,1651.66,0.02,0.02,16.49,0.17,May,3,2,1,6,Returning_Visitor,False,True
1,148.41,1,6.18,14,1457.85,0.01,0.06,1.48,0.15,Nov,2,3,1,6,Returning_Visitor,False,False
2,58.07,1,0.0,5,936.93,0.0,0.03,1.49,0.12,Mar,3,13,1,6,New_Visitor,False,False
4,195.12,1,40.13,76,2257.5,0.01,0.03,17.87,0.15,May,2,13,2,6,Returning_Visitor,False,True
3,30.2,3,10.76,40,2319.69,0.03,0.05,1.48,0.29,Oct,1,3,1,1,Returning_Visitor,False,False
2,111.67,1,16.77,40,1914.17,0.01,0.06,1.89,0.2,May,2,3,1,6,Returning_Visitor,False,False
1,22.98,1,0.0,40,1976.83,0.02,0.05,3.27,0.13,Nov,4,1,3,3,Returning_Visitor,True,False
1,247.31,1,37.22,76,1776.78,0.01,0.04,17.82,0.16,Nov,2,5,2,6,Returning_Visitor,False,True
1,102.28,1,0.0,45,1562.91,0.0,0.03,1.07,0.11,Nov,3,2,8,6,Returning_Visitor,True,False
0,96.43,1,31.44,45,1927.9,0.02,0.06,5.91,0.0,Nov,2,2,2,2,Returning_Visitor,False,False
1,138.41,1,10.93,40,3165.96,0.03,0.04,2.68,0.0,Nov,2,2,7,1,Returning_Visitor,False,False
1,4.0,1,0.0,46,2046.7,0.01,0.04,12.28,0.0,Mar,2,4,1,1,Returning_Visitor,False,True
0,48.13,1,26.73,27,695.94,0.04,0.13,4.12,0.14,Nov,2,1,1,6,Returning_Visitor,False,False
0,104.62,1,22.95,47,1528.99,0.02,0.06,6.8,0.26,Nov,2,2,3,6,Returning_Visitor,True,False
2,132.84,1,37.18,56,1927.06,0.01,0.05,6.63,0.0,Nov,2,3,1,6,Returning_Visitor,False,False
1,165.47,1,35.95,54,1893.87,0.02,0.07,8.74,0.15,Nov,2,2,1,6,Returning_Visitor,False,False
2,212.61,1,21.96,54,1496.37,0.0,0.05,4.71,0.1,Nov,2,3,1,2,New_Visitor,False,False
1,94.04,1,14.89,40,1274.96,0.02,0.08,3.19,0.13,Nov,2,3,1,6,Returning_Visitor,False,False
5,154.74,2,64.97,51,219.5,0.02,0.02,2.21,0.14,Dec,2,2,1,6,Returning_Visitor,False,False
1,131.91,1,81.89,58,1741.23,0.02,0.07,6.21,0.2,May,2,2,1,6,Returning_Visitor,False,False
1,136.59,1,37.84,46,1777.58,0.02,0.05,5.65,0.14,Nov,2,2,1,6,Returning_Visitor,False,False
4,264.81,5,85.5,75,2307.2,0.07,0.12,14.94,0.13,Nov,2,6,1,1,Returning_Visitor,False,True
1,133.47,1,18.39,41,1141.92,0.03,0.08,3.68,0.0,Nov,2,2,1,6,Returning_Visitor,False,True
0,19.35,1,42.12,1,457.61,0.06,0.12,2.2,0.11,May,2,3,1,6,Returning_Visitor,False,False
2,140.61,1,25.45,52,1730.2,0.02,0.06,4.4,0.16,Nov,2,3,1,6,Returning_Visitor,False,False
1,55.38,1,26.73,23,196.2,0.09,0.12,3.06,0.12,Mar,3,3,1,6,Returning_Visitor,False,False
11,205.86,1,0.0,53,2797.75,0.01,0.03,13.42,0.13,Nov,4,1,1,1,Returning_Visitor,False,False
2,93.21,1,0.0,45,1493.43,0.02,0.07,1.44,0.1,Nov,1,1,1,1,Returning_Visitor,False,False
2,98.6,1,21.84,10,785.05,0.1,0.09,5.61,0.41,Nov,8,1,1,6,Returning_Visitor,False,False
2,34.3,1,21.58,41,1428.07,0.01,0.04,2.95,0.24,Nov,2,2,1,6,Returning_Visitor,False,False
3,98.13,1,50.79,37,2799.65,0.01,0.05,11.19,0.15,May,1,1,1,3,Returning_Visitor,False,False
1,135.19,1,27.45,49,1668.83,0.02,0.07,5.49,0.13,Nov,2,3,1,6,Returning_Visitor,False,True
0,60.33,1,22.84,27,962.43,0.2,0.13,4.26,0.11,Mar,2,1,1,1,Returning_Visitor,False,False
1,142.58,1,19.25,46,1498.37,0.02,0.06,3.31,0.14,Mar,2,3,1,6,Returning_Visitor,False,True
2,85.9,1,1.04,33,1519.78,0.01,0.07,0.66,0.11,Nov,1,1,3,2,New_Visitor,False,False
7,238.68,2,169.2,102,2471.6,0.02,0.03,34.57,0.15,Nov,3,3,1,6,Returning_Visitor,False,False
9,180.33,1,31.34,84,2253.67,0.0,0.04,12.32,0.15,Nov,2,3,1,6,Returning_Visitor,False,False
1,42.46,1,6.99,34,1141.13,0.1,0.13,2.85,0.0,Mar,1,1,2,1,Returning_Visitor,False,False
1,51.62,1,5.77,31,766.29,0.08,0.1,1.0,0.05,Mar,1,1,8,3,Returning_Visitor,True,False
4,147.73,1,31.99,45,2143.01,0.01,0.05,3.71,0.14,Nov,1,1,1,6,Returning_Visitor,False,False
0,0.0,1,50.27,47,1494.95,0.02,0.02,0.0,0.12,May,3,3,1,6,Returning_Visitor,False,False
1,213.19,1,27.0,62,2551.25,0.01,0.03,11.58,0.25,Nov,4,1,2,6,Returning_Visitor,False,False
1,116.21,1,4.67,25,952.57,0.01,0.05,0.0,0.13,Nov,2,3,1,2,New_Visitor,False,False
1,177.39,1,44.4,59,2234.36,0.01,0.05,12.29,0.22,Nov,2,2,1,6,Returning_Visitor,False,False
1,111.91,1,68.8,104,1679.51,0.01,0.01,12.49,0.18,Nov,2,3,2,6,Returning_Visitor,False,True
1,140.9,1,26.47,51,1853.72,0.02,0.07,5.49,0.13,Nov,2,1,1,6,Returning_Visitor,False,False
3,162.78,1,39.65,75,2728.53,0.02,0.04,10.08,0.13,Mar,2,3,2,1,Returning_Visitor,False,True
4,176.29,0,25.71,43,1556.69,0.02,0.04,3.94,0.16,Mar,2,13,1,6,Returning_Visitor,False,False
0,60.4,1,69.7,7,569.89,0.05,0.05,2.27,0.11,Nov,3,2,1,2,Returning_Visitor,False,False
0,83.8,1,33.94,21,679.27,0.2,0.13,4.73,0.18,Nov,3,3,1,6,Returning_Visitor,False,False
1,110.23,1,23.07,46,1361.69,0.03,0.09,3.84,0.15,Nov,3,3,1,6,Returning_Visitor,False,False
1,126.32,1,34.16,49,1644.41,0.04,0.08,6.1,0.1,Dec,2,1,6,6,Returning_Visitor,False,True
2,137.15,1,28.94,49,1566.03,0.02,0.07,3.57,0.13,Nov,2,3,1,6,Returning_Visitor,False,True
2,196.71,2,131.9,88,3457.32,0.05,0.04,21.54,0.0,Nov,3,2,1,2,Returning_Visitor,False,False
1,169.29,1,16.76,24,545.12,0.02,0.05,1.86,0.14,Dec,2,3,1,2,New_Visitor,False,False
1,128.92,1,0.0,26,1184.43,0.02,0.04,3.11,0.24,Mar,2,3,1,1,Returning_Visitor,False,False
2,91.01,1,5.99,42,1270.21,0.02,0.02,0.0,0.17,Nov,2,2,7,2,Returning_Visitor,False,False
0,38.15,0,8.18,16,636.73,0.0,0.04,1.6,0.13,Nov,2,2,2,13,Returning_Visitor,False,False
6,238.22,1,146.0,67,2279.57,0.01,0.03,18.61,0.16,Nov,2,2,3,10,Returning_Visitor,False,False
0,29.75,1,21.97,28,67.0,0.05,0.12,3.19,0.14,Nov,2,3,1,6,Returning_Visitor,False,False
0,119.16,1,62.16,47,2501.46,0.01,0.03,78.57,0.22,May,3,2,2,6,Returning_Visitor,False,True
2,327.92,10,84.98,45,1681.98,0.02,0.04,7.18,0.09,Sep,1,1,1,1,Returning_Visitor,False,False
1,226.59,1,34.75,62,1317.09,0.06,0.1,8.45,0.12,Jul,2,3,1,1,Returning_Visitor,False,False
0,89.4,1,20.96,37,1365.05,0.02,0.07,3.46,0.12,Nov,2,2,2,2,Returning_Visitor,False,False
7,267.67,3,152.08,56,2104.31,0.02,0.06,18.86,0.1,Nov,1,1,1,1,Returning_Visitor,False,False
0,0.0,1,38.64,5,155.0,0.08,0.1,1.91,0.13,Mar,2,3,1,6,Returning_Visitor,False,False
3,143.87,1,25.78,54,1376.31,0.01,0.02,8.44,0.14,May,2,2,7,2,Returning_Visitor,False,True
1,150.29,1,21.76,52,1528.14,0.02,0.06,3.43,0.14,Nov,2,1,1,6,Returning_Visitor,False,False
1,157.86,1,23.46,50,1788.22,0.01,0.05,6.87,0.15,Nov,2,2,1,6,Returning_Visitor,False,False
2,100.88,1,14.47,41,1183.5,0.02,0.05,0.0,0.2,Mar,2,2,7,1,Returning_Visitor,False,False
1,43.33,1,12.64,27,226.0,0.03,0.05,0.0,0.11,Mar,2,3,1,1,Returning_Visitor,False,False
1,105.08,0,25.87,61,2792.73,0.02,0.04,12.22,0.22,Nov,2,2,8,6,Returning_Visitor,False,False
1,128.77,1,0.0,12,879.27,0.02,0.07,3.33,0.13,Nov,2,3,1,2,Returning_Visitor,False,False
3,105.47,2,21.0,36,1933.9,0.02,0.03,0.0,0.27,Nov,2,2,1,6,Returning_Visitor,False,False
2,174.86,1,35.79,54,2422.06,0.02,0.02,7.67,0.15,Nov,2,1,2,1,Returning_Visitor,False,False
1,99.18,1,19.41,58,1738.0,0.02,0.07,3.75,0.13,Nov,2,1,2,6,Returning_Visitor,False,False
1,152.39,1,21.87,50,1625.95,0.02,0.06,4.12,0.0,Nov,2,3,1,6,Returning_Visitor,False,False
1,129.06,1,28.12,48,1161.24,0.03,0.08,4.0,0.13,Nov,2,3,1,6,Returning_Visitor,False,False
1,140.92,1,0.0,57,2513.66,0.02,0.02,10.85,0.15,Mar,3,3,2,6,Returning_Visitor,False,True
2,93.74,1,5.53,31,762.75,0.02,0.08,1.12,0.13,Nov,1,1,1,6,Returning_Visitor,False,False
0,22.45,1,15.03,12,0.0,0.2,0.13,2.28,0.11,Nov,2,1,1,2,Returning_Visitor,False,False
1,95.07,1,18.01,53,2061.65,0.01,0.04,4.71,0.0,Nov,2,2,8,6,Returning_Visitor,False,False
0,27.08,1,37.45,3,434.23,0.09,0.12,2.5,0.13,May,3,2,1,6,Returning_Visitor,False,False
2,207.43,1,115.15,67,2364.16,0.01,0.02,38.12,0.15,Nov,2,2,8,6,Returning_Visitor,False,True
1,212.6,1,71.3,55,2392.63,0.02,0.05,9.32,0.0,Nov,3,2,3,1,Returning_Visitor,False,False
1,52.95,1,5.87,32,262.5,0.02,0.1,1.61,0.11,Nov,2,3,1,2,Returning_Visitor,False,False
1,111.57,1,17.22,39,1367.0,0.02,0.0,2.93,0.0,Dec,2,2,3,2,New_Visitor,False,False
3,211.24,1,51.18,116,3364.19,0.01,0.02,12.11,0.59,Sep,2,2,3,6,Returning_Visitor,False,False
1,141.08,1,38.76,57,1850.8,0.01,0.05,7.28,0.14,Nov,2,2,1,6,Returning_Visitor,False,True
3,101.97,1,20.43,43,431.5,0.01,0.03,0.0,0.0,Nov,8,1,1,2,Returning_Visitor,False,False
1,154.14,1,48.71,42,1116.12,0.03,0.05,5.57,0.13,Dec,2,3,1,6,Returning_Visitor,False,False
2,146.19,1,26.49,70,2383.91,0.02,0.06,8.5,0.17,Nov,2,3,1,3,Returning_Visitor,False,False
2,21.0,1,19.63,52,1499.38,0.01,0.05,7.22,0.18,Nov,2,3,1,6,Returning_Visitor,False,False
1,139.12,1,22.66,47,1210.97,0.02,0.07,4.28,0.14,Nov,2,3,1,6,Returning_Visitor,False,False
1,164.58,1,19.0,49,1514.21,0.01,0.05,4.14,0.15,Nov,2,3,1,6,Returning_Visitor,False,True
1,141.26,1,38.08,45,1932.55,0.02,0.07,7.63,0.0,Nov,2,3,1,6,Returning_Visitor,False,False
1,129.47,1,15.71,42,1510.45,0.02,0.07,3.91,0.12,Nov,2,3,1,6,Returning_Visitor,False,True
2,133.87,1,22.81,69,1930.74,0.01,0.03,4.02,0.16,Nov,2,2,2,6,Returning_Visitor,False,True
2,150.33,1,0.0,34,938.02,0.01,0.08,2.75,0.14,Nov,2,8,1,6,Returning_Visitor,False,False
1,116.51,1,82.8,37,2042.87,0.07,0.1,14.54,0.13,Nov,3,2,1,6,Returning_Visitor,False,False
2,146.62,1,14.1,50,1691.78,0.0,0.04,5.56,0.13,Nov,2,1,2,6,Returning_Visitor,False,False
0,125.44,2,78.26,62,2374.5,0.01,0.05,16.27,0.18,Nov,2,2,2,2,Returning_Visitor,False,False
2,187.75,1,39.57,60,1775.21,0.01,0.06,8.88,0.21,Dec,2,3,1,6,Returning_Visitor,False,False
1,60.52,1,8.1,29,983.28,0.01,0.03,0.0,0.16,Nov,2,3,7,2,Returning_Visitor,False,False
4,164.62,1,18.54,39,1426.55,0.0,0.05,2.35,0.18,Nov,2,3,1,6,Returning_Visitor,False,False
2,79.16,0,89.56,25,336.98,0.04,0.1,3.99,0.14,Dec,2,2,1,6,Returning_Visitor,False,False
2,137.06,1,22.21,42,1167.33,0.0,0.04,7.88,0.13,Dec,2,3,2,6,New_Visitor,False,False
1,156.02,1,30.06,45,1926.13,0.02,0.05,8.71,0.15,Nov,2,1,8,1,Returning_Visitor,False,False
1,32.39,1,0.0,30,1023.93,0.02,0.1,1.63,0.11,Nov,2,1,2,3,Returning_Visitor,False,False
1,150.69,1,25.04,61,2658.92,0.04,0.07,5.27,0.14,Mar,2,1,1,1,Returning_Visitor,False,False
0,71.88,1,0.0,2,1502.53,0.04,0.08,5.34,0.13,Nov,2,2,1,2,Returning_Visitor,False,False
2,145.79,1,28.73,55,1531.57,0.01,0.04,3.95,0.15,Nov,2,2,1,6,Returning_Visitor,False,False
1,107.65,1,24.77,41,1222.9,0.03,0.09,3.33,0.13,Nov,2,3,1,6,Returning_Visitor,False,False
4,146.92,1,44.82,32,3148.53,0.02,0.03,15.72,0.15,Nov,3,1,7,1,Returning_Visitor,False,False
0,0.0,1,20.61,17,324.89,0.02,0.04,7.05,0.0,Nov,2,2,1,6,New_Visitor,True,True
1,148.92,1,21.51,48,1572.17,0.03,0.07,5.01,0.14,Nov,2,2,1,6,Returning_Visitor,False,False
2,175.25,1,42.81,59,1804.02,0.01,0.06,6.63,0.15,Nov,2,2,1,6,Returning_Visitor,False,False
0,76.29,1,25.17,44,814.0,0.02,0.07,5.87,0.15,Nov,2,1,8,1,Returning_Visitor,False,False
3,289.51,1,95.75,89,2962.04,0.02,0.04,7.57,0.3,Nov,4,2,1,1,Returning_Visitor,False,False
0,58.37,1,24.14,32,1016.47,0.03,0.08,4.56,0.1,Nov,2,1,2,6,Returning_Visitor,False,False
1,127.77,1,16.5,47,1593.12,0.01,0.06,4.15,0.14,Nov,2,2,1,6,Returning_Visitor,False,False
1,110.38,1,11.5,50,1534.16,0.02,0.04,3.67,0.0,Nov,2,2,3,13,Returning_Visitor,False,False
1,4.73,1,8.46,6,437.91,0.07,0.13,0.0,0.08,May,1,1,1,3,Returning_Visitor,False,False
0,66.55,1,11.91,31,209.0,0.03,0.1,1.79,0.14,Nov,2,2,1,6,Returning_Visitor,False,False
0,30.11,1,14.41,2,426.5,0.07,0.13,1.88,0.11,Nov,2,3,1,3,Returning_Visitor,False,False
6,184.37,2,95.13,92,2753.6,0.09,0.1,20.86,0.0,Mar,3,13,1,1,Returning_Visitor,False,False
1,111.53,1,33.59,47,1910.21,0.02,0.06,6.18,0.14,Nov,2,2,1,6,Returning_Visitor,False,False
1,144.27,1,17.02,31,1265.04,0.01,0.05,0.0,0.17,Nov,2,3,1,2,Returning_Visitor,False,False
1,116.4,1,19.28,43,1551.88,0.02,0.07,3.31,0.14,Nov,2,3,1,6,Returning_Visitor,False,False
0,69.55,0,20.6,25,677.26,0.03,0.09,2.85,0.15,Nov,2,2,2,6,Returning_Visitor,False,False
2,36.0,1,23.16,54,1887.37,0.01,0.04,5.01,0.13,Nov,2,2,7,6,Returning_Visitor,False,False
2,151.54,1,27.46,54,3111.36,0.03,0.08,7.29,0.13,Nov,3,3,1,6,Returning_Visitor,False,False
3,63.04,1,6.46,42,555.06,0.02,0.09,1.25,0.12,Nov,1,1,1,3,Returning_Visitor,False,False
2,232.01,1,78.57,53,2147.16,0.02,0.02,11.15,0.15,Nov,2,5,1,10,Returning_Visitor,False,True
1,85.32,1,38.6,20,109.5,0.11,0.13,4.01,0.14,Mar,3,3,1,6,Returning_Visitor,False,False
1,39.24,1,9.49,29,905.86,0.05,0.12,2.47,0.12,Nov,2,1,2,3,Returning_Visitor,False,False
2,131.2,1,18.5,49,1757.04,0.02,0.04,2.95,0.25,Nov,2,2,7,6,Returning_Visitor,False,False
0,123.15,1,66.61,53,1830.77,0.04,0.06,9.5,0.13,Nov,3,3,2,3,Returning_Visitor,True,False
1,165.47,1,34.16,58,1748.86,0.01,0.06,8.59,0.15,Nov,2,2,2,6,Returning_Visitor,False,True
3,177.25,0,44.98,62,1564.68,0.02,0.05,6.44,0.17,Nov,2,13,1,6,Returning_Visitor,False,False
6,140.98,1,117.86,59,1453.07,0.01,0.0,11.29,0.14,May,2,2,7,6,Returning_Visitor,False,True
0,49.32,1,15.92,20,531.02,0.06,0.2,3.04,0.11,Nov,3,3,1,2,Returning_Visitor,False,False
1,278.63,0,13.16,86,1208.95,0.01,0.04,4.58,0.0,Sep,2,2,2,6,New_Visitor,False,False
3,108.85,3,82.25,42,398.16,0.07,0.05,3.33,0.0,Nov,3,2,1,6,Returning_Visitor,False,False
1,186.74,1,42.75,71,1890.4,0.01,0.05,6.8,0.18,Nov,2,3,1,6,Returning_Visitor,False,False
0,0.0,1,30.64,17,580.65,0.11,0.13,4.04,0.11,Mar,3,2,1,6,Returning_Visitor,False,False
1,122.64,1,20.07,47,1564.92,0.03,0.08,3.41,0.12,Nov,2,1,1,1,Returning_Visitor,False,False
0,121.46,0,22.19,51,1474.37,0.01,0.04,0.0,0.14,Nov,2,2,8,6,Returning_Visitor,False,False
0,87.51,1,0.0,35,1304.15,0.02,0.07,5.7,0.16,May,2,2,2,2,Returning_Visitor,False,False
2,186.65,1,19.21,50,485.08,0.01,0.04,4.56,0.17,Nov,2,2,1,6,Returning_Visitor,False,False
2,190.8,1,61.61,58,386.25,0.02,0.04,4.11,0.35,Nov,2,2,1,6,Returning_Visitor,False,False
1,39.02,1,19.08,25,720.59,0.04,0.13,0.0,0.11,Mar,2,1,1,1,Returning_Visitor,False,False
1,97.1,1,15.19,43,1865.39,0.02,0.06,1.56,0.15,Nov,2,1,4,6,Returning_Visitor,False,False
0,30.56,0,0.0,30,1385.05,0.02,0.09,1.59,0.13,Nov,2,2,8,6,Returning_Visitor,False,False
1,141.27,1,45.14,77,1620.99,0.01,0.05,9.97,0.12,Nov,2,2,1,6,Returning_Visitor,False,False
1,154.05,1,21.74,61,1267.06,0.01,0.03,9.46,0.0,Aug,2,4,1,6,Returning_Visitor,False,False
4,207.37,2,78.89,113,3328.9,0.02,0.05,38.6,0.23,Nov,3,2,2,6,Returning_Visitor,False,False
1,150.14,1,0.0,15,1456.91,0.02,0.04,2.14,0.2,Nov,2,3,7,1,Returning_Visitor,False,False
0,82.61,1,4.05,37,1499.14,0.04,0.06,2.89,0.26,Nov,4,1,3,3,Returning_Visitor,False,False
1,112.42,1,16.18,44,1809.99,0.01,0.07,2.57,0.11,Mar,2,3,2,6,Returning_Visitor,False,False
6,32.07,2,32.76,37,1605.35,0.02,0.04,5.61,0.2,Mar,2,13,1,6,Returning_Visitor,False,False
2,76.22,1,8.28,39,986.96,0.03,0.08,1.5,0.13,Nov,1,1,1,3,Returning_Visitor,False,False
3,124.67,1,12.19,50,1414.84,0.01,0.04,2.79,0.19,Nov,2,3,1,6,Returning_Visitor,False,False
3,179.46,1,65.01,74,2264.49,0.04,0.06,11.74,0.17,Mar,3,3,1,4,Returning_Visitor,False,False
1,147.52,1,32.84,44,1452.6,0.02,0.06,4.32,0.0,Dec,2,3,1,6,Returning_Visitor,False,False
0,71.41,0,0.0,23,1919.99,0.0,0.08,0.0,0.21,Aug,2,2,3,6,Returning_Visitor,False,False
2,169.86,1,41.95,53,1702.1,0.02,0.06,5.94,0.14,Nov,2,3,1,6,Returning_Visitor,False,False
1,121.44,0,12.67,50,1199.3,0.02,0.08,4.52,0.13,Nov,2,1,1,6,Returning_Visitor,False,False
0,0.0,0,3.14,26,1377.9,0.04,0.12,1.65,0.26,Nov,4,1,2,3,Returning_Visitor,False,False
1,168.24,1,29.94,57,1520.37,0.02,0.05,3.58,0.18,Nov,2,2,1,6,Returning_Visitor,False,False
9,233.35,3,75.5,102,3027.17,0.03,0.04,19.61,0.15,Mar,2,3,1,1,Returning_Visitor,False,False
2,232.65,2,92.74,18,1748.4,0.01,0.06,7.71,0.0,Nov,2,2,1,6,Returning_Visitor,False,False
2,168.62,1,0.0,61,1796.1,0.01,0.03,8.07,0.25,May,2,1,3,6,Returning_Visitor,False,False
1,44.73,1,5.89,39,1452.32,0.03,0.1,1.3,0.09,Nov,1,1,4,1,Returning_Visitor,False,False
2,184.73,1,0.0,66,1723.89,0.01,0.03,8.44,0.19,Nov,2,13,1,6,Returning_Visitor,False,True
1,134.45,1,12.26,37,1375.43,0.02,0.08,2.27,0.14,Nov,2,3,1,6,Returning_Visitor,False,False
0,63.44,1,20.92,28,1268.94,0.02,0.07,2.81,0.0,Nov,2,3,1,2,Returning_Visitor,False,False
2,191.54,1,23.38,50,1600.06,0.01,0.04,0.0,0.12,Nov,2,1,1,6,Returning_Visitor,False,True
1,121.2,1,22.62,73,1514.01,0.01,0.03,7.03,0.17,Nov,2,2,1,6,Returning_Visitor,False,False
0,27.36,1,11.65,47,1380.67,0.02,0.02,2.02,0.13,Nov,2,1,2,6,Returning_Visitor,False,False
2,182.46,1,27.02,76,1325.72,0.0,0.05,4.25,0.12,Nov,2,2,1,6,New_Visitor,False,True
0,62.37,1,0.0,40,1367.58,0.02,0.1,3.42,0.14,Nov,2,1,3,6,Returning_Visitor,False,False
0,5.71,1,47.01,19,1120.52,0.03,0.07,1.5,0.11,May,3,2,1,3,Returning_Visitor,False,False
1,120.99,1,8.65,32,955.83,0.02,0.06,0.0,0.14,Nov,2,1,1,6,Returning_Visitor,False,False
1,160.18,1,30.41,53,1625.0,0.02,0.06,6.24,0.14,Nov,2,2,1,6,Returning_Visitor,False,False
5,112.81,1,50.24,43,1665.79,0.02,0.02,1.76,0.1,Nov,8,2,1,2,New_Visitor,False,False
1,131.27,0,11.27,38,1964.32,0.01,0.05,7.13,0.14,Mar,2,4,6,1,Returning_Visitor,True,False
1,173.36,1,9.73,24,1393.78,0.03,0.04,2.17,0.16,Nov,2,2,1,1,Returning_Visitor,False,False
0,35.53,1,24.43,28,128.5,0.08,0.12,2.66,0.0,Nov,2,1,1,1,Returning_Visitor,False,False
0,128.38,1,10.76,34,1530.18,0.02,0.05,2.74,0.14,Nov,2,3,8,8,Returning_Visitor,False,False
7,270.0,2,100.37,82,1616.1,0.01,0.03,42.22,0.14,Nov,8,2,8,6,Returning_Visitor,False,True
1,171.94,1,59.65,76,2462.83,0.01,0.06,14.92,0.2,Nov,2,2,3,6,Returning_Visitor,False,False
1,38.47,1,22.19,21,927.27,0.12,0.17,2.58,0.12,Mar,8,1,1,1,Returning_Visitor,False,False
3,219.67,1,5.47,40,925.08,0.01,0.06,1.14,0.09,Nov,1,1,1,2,New_Visitor,False,False
1,146.27,1,20.92,49,1899.59,0.03,0.07,5.06,0.14,Nov,2,2,2,1,Returning_Visitor,False,False
2,161.07,1,11.32,39,3457.29,0.02,0.04,3.53,0.26,Nov,2,2,7,6,Returning_Visitor,False,False
1,155.32,1,28.25,55,1540.37,0.02,0.06,5.25,0.14,Nov,2,2,1,6,Returning_Visitor,False,False
0,53.91,0,19.81,42,2057.16,0.01,0.08,7.38,0.39,May,2,2,3,6,Returning_Visitor,False,False
1,126.69,1,26.32,44,1548.39,0.04,0.08,4.42,0.13,Nov,2,3,1,1,Returning_Visitor,False,False
1,149.65,1,28.97,58,1830.61,0.02,0.05,5.55,0.0,Nov,2,2,1,6,Returning_Visitor,False,False
2,164.36,1,24.02,55,2161.69,0.02,0.05,6.38,0.15,Nov,2,2,1,1,Returning_Visitor,False,False
2,170.69,1,0.0,45,1790.37,0.01,0.06,2.47,0.15,Nov,2,1,1,6,Returning_Visitor,False,False
2,152.78,1,41.17,55,1928.97,0.02,0.08,7.77,0.0,Nov,2,1,1,6,Returning_Visitor,False,False
1,179.79,1,41.14,66,1723.95,0.01,0.06,6.62,0.15,Nov,2,2,1,6,Returning_Visitor,False,False
2,174.4,1,0.0,43,2438.06,0.01,0.04,8.75,0.14,Mar,2,13,1,1,Returning_Visitor,False,True
1,144.59,0,10.39,40,1195.28,0.01,0.07,2.29,0.15,Nov,2,3,1,6,Returning_Visitor,False,False
1,130.51,1,10.68,40,1659.83,0.02,0.06,3.13,0.15,Nov,2,1,1,6,Returning_Visitor,False,False
3,159.15,1,0.0,19,1322.27,0.02,0.03,2.53,0.0,Nov,2,2,1,6,Returning_Visitor,True,False
2,204.87,1,20.98,76,1871.45,0.02,0.01,6.24,0.14,Mar,2,3,2,1,Returning_Visitor,False,False
0,82.51,1,43.37,57,2374.81,0.02,0.04,9.06,0.13,Dec,2,2,2,6,Returning_Visitor,False,True
1,205.19,1,71.22,91,1504.41,0.02,0.06,13.31,0.11,Mar,2,3,2,6,Returning_Visitor,False,False
2,165.52,1,9.12,40,1787.89,0.01,0.07,2.79,0.18,Nov,2,3,1,1,Returning_Visitor,False,False
4,166.2,2,54.03,61,2741.77,0.02,0.03,7.89,0.16,Nov,2,1,1,1,Returning_Visitor,False,False
1,20.49,1,17.36,22,661.28,0.02,0.05,0.0,0.12,Nov,3,3,1,2,Returning_Visitor,False,False
3,116.29,1,58.79,43,1766.96,0.02,0.06,8.33,0.15,Mar,2,13,1,6,Returning_Visitor,False,False
2,150.51,1,46.77,57,454.92,0.0,0.02,5.94,0.14,Nov,2,2,7,6,Returning_Visitor,False,False
2,254.19,0,11.92,57,1425.2,0.01,0.04,12.07,0.15,Aug,2,4,3,6,Returning_Visitor,False,False
0,0.0,1,27.61,22,744.75,0.08,0.12,5.08,0.1,Nov,2,3,1,2,Returning_Visitor,False,False
2,174.54,1,63.61,73,1530.86,0.01,0.03,10.82,0.18,Nov,2,2,1,2,Returning_Visitor,False,False
1,205.5,1,38.01,79,1414.31,0.02,0.05,0.0,0.14,Nov,2,2,1,6,Returning_Visitor,False,False
0,18.45,1,15.78,21,818.47,0.03,0.09,2.39,0.14,Nov,2,2,2,6,Returning_Visitor,False,False
2,178.71,1,27.49,52,1809.09,0.01,0.05,5.26,0.14,Nov,2,3,1,6,Returning_Visitor,False,False
0,85.91,1,72.47,45,877.67,0.01,0.03,17.69,0.11,May,2,2,2,2,Returning_Visitor,False,False
1,157.56,1,47.24,64,1492.03,0.01,0.04,5.5,0.0,Nov,2,2,8,6,Returning_Visitor,False,False
1,104.45,1,30.63,39,1424.21,0.08,0.12,7.18,0.1,Mar,3,6,1,3,Returning_Visitor,False,False
1,30.51,1,4.63,28,844.18,0.02,0.11,1.12,0.15,Nov,2,1,2,3,Returning_Visitor,False,False
5,112.11,0,98.11,46,3163.11,0.03,0.03,14.13,0.1,May,3,2,1,2,Returning_Visitor,False,True
1,160.12,1,27.59,60,1538.57,0.02,0.07,5.21,0.17,Nov,2,3,1,6,Returning_Visitor,False,False
3,69.4,1,45.92,48,1009.55,0.01,0.0,0.88,0.17,Nov,2,3,1,6,Returning_Visitor,False,False
1,137.09,1,26.56,49,1542.09,0.02,0.06,4.2,0.14,Nov,2,2,1,6,Returning_Visitor,False,False
2,117.17,1,10.04,48,1623.88,0.01,0.02,0.0,0.0,Nov,8,1,8,2,Returning_Visitor,False,False
1,0.0,1,72.93,39,1167.14,0.01,0.03,2.12,0.0,May,3,2,1,3,Returning_Visitor,False,False
3,231.71,2,10.0,62,1307.99,0.01,0.05,6.14,0.12,Jul,2,2,1,6,Returning_Visitor,False,True
1,189.6,1,14.61,34,1875.17,0.02,0.05,5.52,0.21,Nov,2,3,1,1,Returning_Visitor,False,False
1,156.13,1,31.82,51,1830.05,0.03,0.07,6.87,0.16,Nov,2,2,1,6,Returning_Visitor,False,False
1,179.57,1,27.6,63,1768.29,0.01,0.05,8.24,0.0,Nov,2,2,1,6,Returning_Visitor,False,False
2,17.5,1,0.0,50,732.72,0.01,0.01,1.81,0.15,Mar,3,2,1,6,New_Visitor,True,False
2,182.28,0,42.35,60,1835.65,0.01,0.05,10.63,0.16,Nov,2,2,1,6,Returning_Visitor,False,False
1,133.78,1,27.24,49,1716.36,0.01,0.07,5.8,0.15,Nov,2,2,1,6,Returning_Visitor,False,True
4,249.41,3,116.37,69,2464.97,0.02,0.03,11.62,0.12,Nov,8,2,1,1,Returning_Visitor,False,False
0,51.23,1,34.82,22,1293.64,0.04,0.09,1.97,0.14,Nov,2,2,2,6,Returning_Visitor,False,False
3,126.46,2,31.49,45,1440.79,0.02,0.01,1.69,0.0,Dec,2,2,8,2,Returning_Visitor,False,True
1,200.5,1,0.0,42,1658.62,0.01,0.01,28.16,0.15,May,2,13,2,1,Returning_Visitor,False,True
1,158.11,1,20.56,53,1548.41,0.02,0.06,4.9,0.15,Nov,2,3,1,6,Returning_Visitor,False,False
1,152.86,1,21.89,49,1631.39,0.02,0.07,4.62,0.16,Nov,2,3,1,6,Returning_Visitor,False,False
2,198.33,1,41.92,62,1822.9,0.01,0.06,11.5,0.0,Nov,2,3,1,6,Returning_Visitor,False,False
1,164.71,1,3.3,48,1766.51,0.02,0.06,3.94,0.46,Aug,1,1,3,6,Returning_Visitor,False,False
2,133.58,1,13.0,46,1730.26,0.01,0.04,2.46,0.42,Nov,2,3,1,6,Returning_Visitor,False,False
1,124.65,1,28.86,47,1899.17,0.03,0.08,0.0,0.14,Nov,2,3,1,1,Returning_Visitor,False,False
3,205.06,3,62.5,21,1797.06,0.02,0.04,4.58,0.22,Nov,2,2,1,6,Returning_Visitor,False,True
0,165.93,2,127.24,9,1240.87,0.04,0.08,16.01,0.17,Nov,2,2,2,1,Returning_Visitor,False,False
1,177.75,1,0.0,36,1495.58,0.01,0.05,5.44,0.2,Nov,2,3,1,6,Returning_Visitor,False,False
6,253.04,1,321.4,72,2286.65,0.02,0.02,18.45,0.08,Nov,3,2,2,3,Returning_Visitor,True,False
2,179.82,1,28.27,18,1430.77,0.03,0.04,3.56,0.25,Nov,2,2,1,6,Returning_Visitor,False,False
3,130.55,1,0.0,26,392.93,0.02,0.03,1.02,0.14,Mar,2,2,7,2,New_Visitor,False,False
2,164.13,1,18.3,50,1716.25,0.02,0.02,13.21,0.24,Oct,2,4,1,1,Returning_Visitor,False,False
1,123.81,1,18.89,46,1531.34,0.02,0.07,3.54,0.14,Nov,2,2,1,6,Returning_Visitor,False,False
0,84.52,1,14.53,26,1481.65,0.02,0.04,3.57,0.19,Nov,2,2,8,1,Returning_Visitor,False,False
2,172.88,1,0.0,46,1027.68,0.01,0.03,2.21,0.2,Oct,2,13,1,6,New_Visitor,False,True
3,298.96,1,46.13,40,2637.34,0.01,0.01,27.64,0.09,Mar,1,1,8,1,Returning_Visitor,False,False
1,148.0,1,10.4,28,1153.87,0.01,0.05,2.15,0.16,Nov,2,2,1,2,New_Visitor,False,False
0,49.41,0,0.0,24,1746.02,0.1,0.11,3.21,0.2,Nov,2,2,3,6,Returning_Visitor,False,False
0,127.28,2,87.79,41,1178.5,0.03,0.03,24.13,0.2,Nov,2,2,4,1,Returning_Visitor,False,False
7,561.5,2,129.74,61,1976.14,0.01,0.06,7.15,0.0,Nov,1,1,1,1,Returning_Visitor,False,True
1,29.53,1,4.59,33,1372.86,0.08,0.12,2.77,0.11,Nov,1,1,3,1,Returning_Visitor,False,False
1,136.44,1,16.06,37,1393.36,0.03,0.07,0.0,0.14,Nov,2,3,1,6,Returning_Visitor,False,False
1,164.87,1,23.94,47,1594.6,0.02,0.07,4.88,0.15,Nov,2,3,1,6,Returning_Visitor,False,False
4,204.98,2,148.91,70,2312.22,0.07,0.06,9.38,0.07,Nov,3,2,1,10,Returning_Visitor,True,True
0,0.0,0,21.3,22,645.76,0.04,0.09,3.68,0.27,Nov,2,2,2,2,Returning_Visitor,False,False
1,62.94,1,26.98,26,381.25,0.03,0.07,2.6,0.0,Nov,2,3,1,2,Returning_Visitor,False,False
2,130.06,1,0.0,71,1762.87,0.02,0.02,12.75,0.31,May,2,13,1,6,Returning_Visitor,False,False
2,13.5,1,30.23,66,1318.04,0.01,0.02,6.33,0.16,Dec,2,13,1,6,Returning_Visitor,False,False
1,115.29,1,33.41,46,1481.74,0.03,0.05,0.0,0.13,Nov,2,2,1,6,Returning_Visitor,False,False
3,168.03,0,17.27,53,1837.92,0.02,0.05,4.69,0.16,Mar,2,13,1,6,Returning_Visitor,False,False
1,157.65,0,19.91,49,1487.91,0.0,0.07,5.18,0.1,Nov,2,3,1,6,New_Visitor,False,False
2,155.74,1,29.73,57,1701.3,0.02,0.05,7.04,0.13,Nov,2,1,1,6,Returning_Visitor,False,False
4,283.02,1,55.27,42,1320.3,0.02,0.01,21.45,0.24,Dec,8,2,3,6,Returning_Visitor,False,False
0,0.0,1,39.66,10,587.85,0.06,0.1,2.52,0.16,Nov,3,2,1,6,Returning_Visitor,False,False
1,171.01,0,14.12,54,838.65,0.01,0.02,3.23,0.13,Mar,3,13,2,13,Returning_Visitor,True,False
1,174.75,1,37.71,62,2334.4,0.01,0.05,12.7,0.13,Nov,2,2,2,6,Returning_Visitor,False,True
3,35.13,1,77.08,45,2748.07,0.02,0.05,4.92,0.2,May,2,2,1,6,Returning_Visitor,False,False
1,214.0,1,6.26,42,464.77,0.04,0.08,1.37,0.09,Nov,8,1,7,1,Returning_Visitor,True,False
1,156.92,1,11.7,46,1526.43,0.01,0.06,3.85,0.0,Nov,2,1,1,6,Returning_Visitor,False,False
4,209.79,0,46.21,29,1734.51,0.01,0.03,0.0,0.0,May,1,1,1,1,Returning_Visitor,False,True
2,177.14,1,40.24,57,2093.45,0.01,0.04,8.01,0.14,Nov,2,3,1,6,Returning_Visitor,False,False
1,145.68,1,18.69,54,1940.73,0.03,0.08,4.39,0.29,Nov,2,3,2,6,Returning_Visitor,False,False
1,129.33,1,21.51,43,1502.7,0.02,0.07,4.1,0.15,Nov,2,3,1,6,Returning_Visitor,False,False
2,9.0,1,15.2,40,1431.57,0.01,0.04,2.03,0.19,Nov,2,3,1,6,Returning_Visitor,False,False
5,215.86,1,84.39,63,2783.48,0.02,0.02,30.85,0.12,Nov,3,4,2,3,Returning_Visitor,False,False
1,153.29,1,51.68,51,1124.38,0.03,0.06,5.25,0.16,Dec,2,2,1,6,Returning_Visitor,False,False
2,313.55,2,76.77,77,1632.78,0.0,0.05,11.37,0.13,Nov,2,3,1,2,Returning_Visitor,False,False
1,78.77,1,33.03,22,297.67,0.11,0.13,4.47,0.0,Mar,2,3,1,6,Returning_Visitor,False,False
1,197.6,1,28.61,53,1548.86,0.01,0.05,6.27,0.18,Nov,2,3,1,6,Returning_Visitor,False,True
2,165.56,1,53.1,59,2245.09,0.01,0.05,8.39,0.0,Nov,2,2,1,6,Returning_Visitor,False,False
1,166.15,1,46.58,67,1499.68,0.01,0.04,6.57,0.18,Nov,2,2,8,2,Returning_Visitor,False,False
0,0.0,0,33.2,24,1024.93,0.09,0.12,4.31,0.11,Nov,2,3,1,1,Returning_Visitor,False,False
1,180.21,1,53.75,57,1496.43,0.01,0.02,19.92,0.18,May,2,2,2,6,Returning_Visitor,False,False
1,101.46,1,15.04,39,1617.36,0.02,0.06,2.32,0.16,Nov,2,3,1,6,Returning_Visitor,False,False
1,166.62,1,40.34,57,1491.08,0.02,0.04,0.0,0.0,Nov,2,2,7,6,Returning_Visitor,False,True
2,166.68,1,34.62,49,2009.97,0.01,0.06,6.32,0.15,Nov,2,2,1,6,Returning_Visitor,False,False
1,89.69,1,0.0,20,557.69,0.06,0.07,3.06,0.1,Nov,3,2,1,2,Returning_Visitor,False,False
1,94.57,1,20.9,57,1839.77,0.02,0.01,3.33,0.13,Mar,2,3,2,6,Returning_Visitor,False,False
2,102.23,1,34.17,47,1935.64,0.02,0.04,3.81,0.14,Nov,2,2,1,6,Returning_Visitor,False,False
2,123.25,1,52.06,58,1848.54,0.01,0.06,9.63,0.0,Nov,2,2,7,6,Returning_Visitor,True,False
1,128.5,1,23.28,48,1318.8,0.02,0.06,3.89,0.14,Nov,2,2,1,6,Returning_Visitor,False,False
6,235.42,2,104.93,81,1985.57,0.06,0.07,14.49,0.1,Nov,2,13,1,20,Returning_Visitor,True,True
2,158.45,1,67.76,60,1607.34,0.02,0.06,6.58,0.12,Nov,2,2,1,6,Returning_Visitor,False,False
2,154.87,0,15.41,55,1539.38,0.01,0.04,3.09,0.19,Nov,2,2,7,6,Returning_Visitor,False,False
0,31.66,1,15.23,11,308.5,0.05,0.11,1.86,0.0,Nov,2,2,1,2,Returning_Visitor,False,False
1,226.64,3,131.75,19,705.75,0.04,0.06,12.17,0.31,Jul,2,2,1,6,Returning_Visitor,False,False
1,186.6,1,47.44,69,1876.53,0.01,0.04,11.55,0.17,Nov,2,2,2,6,Returning_Visitor,False,False
2,169.39,1,34.55,56,1747.79,0.01,0.06,6.87,0.14,Nov,2,3,1,6,Returning_Visitor,False,False
1,146.81,1,25.6,52,1528.26,0.02,0.08,4.6,0.12,Nov,2,1,1,6,Returning_Visitor,False,False
2,174.7,1,34.82,54,2308.84,0.01,0.04,9.23,0.19,Nov,2,13,1,1,Returning_Visitor,False,False
3,177.89,2,116.89,65,1071.6,0.02,0.02,3.7,0.13,Dec,2,2,1,2,Returning_Visitor,False,False
2,259.94,0,47.1,20,1765.76,0.02,0.01,10.06,0.11,May,2,5,2,1,Returning_Visitor,False,False
2,52.0,1,22.59,46,1226.41,0.01,0.03,7.57,0.17,May,2,2,8,2,Returning_Visitor,False,False
3,34.2,1,58.21,59,1623.98,0.01,0.03,8.06,0.16,Nov,2,2,1,6,Returning_Visitor,False,False
0,0.0,1,16.74,15,519.0,0.09,0.13,2.73,0.0,Mar,2,2,1,3,Returning_Visitor,False,False
0,103.73,1,47.76,42,1700.89,0.02,0.05,7.82,0.12,Nov,2,2,2,2,Returning_Visitor,False,False
0,124.68,0,3.46,5,736.02,0.0,0.04,1.68,0.16,Nov,2,2,1,2,New_Visitor,False,False
1,104.44,1,28.37,42,1282.53,0.02,0.06,5.12,0.15,Nov,2,2,1,6,Returning_Visitor,False,True
1,120.09,1,20.49,45,1518.15,0.03,0.08,3.95,0.13,Nov,2,3,1,6,Returning_Visitor,False,False
1,148.28,1,23.0,48,1714.68,0.01,0.05,4.6,0.15,Nov,2,2,1,6,Returning_Visitor,False,False
2,194.13,1,0.0,60,1889.49,0.01,0.03,10.83,0.18,Nov,2,13,1,6,Returning_Visitor,False,True
1,172.85,1,0.0,34,1269.63,0.0,0.04,1.2,0.19,Nov,2,2,1,6,Returning_Visitor,False,False
2,83.03,1,16.07,40,1437.89,0.02,0.09,2.04,0.1,Nov,1,1,1,3,Returning_Visitor,False,False
1,215.31,2,107.52,36,2166.42,0.12,0.09,16.71,0.12,Nov,3,2,1,1,Returning_Visitor,False,False
2,162.34,1,86.0,72,2061.26,0.02,0.04,13.73,0.58,May,2,2,2,6,Returning_Visitor,False,False
1,161.21,1,23.97,51,1645.37,0.02,0.06,4.38,0.14,Nov,2,3,1,6,Returning_Visitor,False,True
1,141.71,1,21.4,41,1442.46,0.02,0.07,3.56,0.14,Nov,2,2,1,6,Returning_Visitor,False,False
24,154.07,3,625.5,57,818.69,0.04,0.03,10.5,0.11,Jul,2,2,1,2,Returning_Visitor,True,False
1,180.88,1,10.41,35,1344.96,0.02,0.09,3.42,0.0,Nov,1,1,2,6,Returning_Visitor,False,False
1,125.8,1,8.85,42,1412.3,0.02,0.08,2.5,0.14,Nov,2,1,1,2,Returning_Visitor,False,False
2,159.44,1,23.14,52,1680.51,0.02,0.06,4.25,0.19,Nov,2,2,1,6,Returning_Visitor,False,False
1,150.4,0,15.28,43,1509.79,0.01,0.06,3.49,0.15,Nov,2,2,1,2,Returning_Visitor,False,False
0,36.87,1,11.98,21,1052.32,0.01,0.09,1.6,0.14,Mar,2,2,6,6,Returning_Visitor,False,False
1,0.0,1,19.72,44,1879.05,0.1,0.12,3.74,0.09,Mar,1,1,1,1,Returning_Visitor,False,False
1,68.29,1,7.34,19,250.85,0.03,0.07,1.62,0.14,Nov,2,3,1,2,Returning_Visitor,False,False
1,172.59,1,0.0,27,519.4,0.01,0.05,0.0,0.13,Dec,2,2,1,2,New_Visitor,False,False
3,221.57,1,70.87,86,2306.15,0.01,0.03,8.47,0.17,Nov,2,13,1,6,Returning_Visitor,False,False
1,126.92,1,35.07,62,2002.26,0.02,0.05,7.75,0.18,Nov,2,2,7,1,Returning_Visitor,False,True
0,39.08,0,13.82,33,1673.04,0.02,0.07,0.0,0.24,Nov,2,2,3,2,Returning_Visitor,False,False
0,41.26,1,26.08,26,1249.38,0.09,0.2,3.21,0.12,Mar,2,3,1,1,Returning_Visitor,False,False
2,182.24,1,57.83,58,4270.14,0.02,0.04,0.0,0.0,Nov,2,2,1,1,Returning_Visitor,False,False
2,116.35,1,19.9,47,1269.78,0.02,0.04,3.14,0.13,Nov,2,1,7,6,Returning_Visitor,False,False
1,0.0,1,22.33,27,619.66,0.02,0.08,1.22,0.14,May,2,13,1,3,Returning_Visitor,False,False
2,141.09,1,21.72,47,1630.48,0.02,0.07,5.02,0.0,Mar,2,3,1,6,Returning_Visitor,False,True
0,89.14,1,5.91,48,1836.25,0.0,0.06,4.53,0.16,Nov,2,2,3,6,Returning_Visitor,False,False
2,176.54,1,30.27,54,1824.93,0.01,0.05,5.48,0.14,Nov,2,3,1,6,Returning_Visitor,False,False
0,118.7,1,20.96,33,1183.92,0.01,0.04,4.16,0.13,Nov,2,2,6,6,Returning_Visitor,False,False
2,149.24,1,33.36,52,2115.81,0.02,0.06,5.27,0.0,Nov,2,3,1,6,Returning_Visitor,False,False
2,23.91,0,11.72,21,426.99,0.02,0.03,0.0,0.13,May,2,3,1,3,Returning_Visitor,False,False
1,230.99,1,63.16,62,875.5,0.01,0.01,12.47,0.12,Nov,4,1,1,6,Returning_Visitor,True,False
1,121.94,1,15.09,53,2036.75,0.01,0.06,5.6,0.35,Nov,2,2,3,6,Returning_Visitor,False,False
1,140.73,1,15.66,43,1286.57,0.01,0.06,4.03,0.16,Nov,2,2,1,2,Returning_Visitor,False,False
0,81.17,0,13.32,50,1756.64,0.01,0.08,5.83,0.18,Nov,2,2,3,6,Returning_Visitor,False,False
1,110.76,1,16.86,42,1547.7,0.03,0.09,3.27,0.13,Nov,2,1,1,1,Returning_Visitor,False,False
2,159.42,0,10.08,35,939.99,0.02,0.07,3.31,0.17,Mar,2,13,1,6,Returning_Visitor,False,False
0,0.0,0,25.06,16,2098.06,0.02,0.06,13.28,0.11,Nov,2,3,1,6,Returning_Visitor,False,True
3,71.74,1,20.0,94,1600.9,0.01,0.01,26.67,0.19,May,2,13,2,6,Returning_Visitor,False,True
1,165.83,1,38.58,47,2109.44,0.0,0.03,9.95,0.23,May,2,3,1,6,Returning_Visitor,False,False
2,171.53,1,18.75,34,132.4,0.01,0.04,3.21,0.16,Sep,2,3,1,5,New_Visitor,False,True
1,129.22,1,13.15,40,1437.76,0.02,0.07,0.0,0.14,Nov,2,3,1,6,Returning_Visitor,False,False
2,161.37,1,17.04,56,2148.54,0.02,0.04,9.28,0.18,Mar,2,4,1,1,Returning_Visitor,False,False
2,213.9,1,42.47,74,1674.82,0.0,0.03,8.5,0.14,Nov,2,2,1,6,New_Visitor,False,True
1,113.4,1,21.15,48,1595.57,0.02,0.07,4.09,0.13,Nov,2,3,1,6,Returning_Visitor,False,True
2,160.41,1,17.4,54,1572.74,0.01,0.03,7.28,0.23,May,2,13,1,6,Returning_Visitor,False,False
2,157.75,1,38.56,58,1431.3,0.01,0.02,3.5,0.15,Nov,2,2,1,2,Returning_Visitor,False,False
3,185.95,2,89.36,74,2047.04,0.01,0.03,11.96,0.16,Nov,2,2,1,6,Returning_Visitor,False,False
0,81.36,0,20.28,44,1869.2,0.01,0.03,4.48,0.14,Nov,2,2,2,6,Returning_Visitor,True,True
2,33.2,0,0.0,54,1295.1,0.01,0.03,1.47,0.24,Mar,2,3,1,1,Returning_Visitor,False,True
2,171.66,1,0.0,49,1726.17,0.01,0.06,3.27,0.15,Nov,1,1,3,6,Returning_Visitor,False,False
3,211.85,0,22.45,56,1928.32,0.01,0.03,7.5,0.12,Nov,4,1,1,1,Returning_Visitor,False,False
0,83.37,1,31.74,52,1899.46,0.01,0.07,6.29,0.16,Nov,2,2,2,6,Returning_Visitor,False,False
1,154.29,1,30.09,55,1575.02,0.02,0.06,4.49,0.15,Nov,2,2,1,6,Returning_Visitor,False,True
3,149.19,1,38.18,64,1587.66,0.01,0.04,12.46,0.2,Aug,2,2,1,6,Returning_Visitor,False,True
0,29.28,0,24.79,40,1907.56,0.03,0.08,1.99,0.15,Nov,2,1,8,1,Returning_Visitor,False,False
0,152.86,1,30.1,26,826.83,0.02,0.05,3.19,0.13,Nov,2,2,6,2,New_Visitor,False,False
1,102.72,1,51.11,40,244.22,0.08,0.06,4.28,0.14,Nov,3,3,1,6,Returning_Visitor,False,False
1,124.72,1,38.7,21,44.0,0.12,0.13,5.77,0.1,Mar,3,3,1,1,Returning_Visitor,False,False
1,115.76,0,8.17,48,1798.44,0.01,0.02,7.9,0.0,Nov,2,1,3,6,Returning_Visitor,False,False
1,112.78,1,0.0,35,1235.84,0.02,0.07,2.33,0.16,May,2,3,1,6,Returning_Visitor,False,False
1,179.98,1,16.2,38,742.0,0.01,0.05,2.62,0.14,Nov,2,2,1,2,New_Visitor,False,False
5,281.41,3,121.14,59,1865.93,0.01,0.02,7.05,0.08,Nov,1,1,1,6,Returning_Visitor,False,False
9,445.35,1,139.49,70,4321.65,0.01,0.04,24.04,0.06,Nov,8,2,1,1,Returning_Visitor,True,False
0,142.16,1,27.64,56,2024.34,0.02,0.05,6.57,0.12,Mar,3,3,1,10,Returning_Visitor,False,False
1,148.37,1,26.05,51,1701.39,0.02,0.06,4.71,0.14,Nov,2,2,1,6,Returning_Visitor,False,False
1,242.03,1,42.36,43,1615.54,0.02,0.03,9.36,0.13,Nov,2,12,1,8,Returning_Visitor,False,False
3,243.74,1,41.18,59,1756.04,0.0,0.05,10.48,0.12,Nov,2,13,1,6,Returning_Visitor,False,True
0,45.28,1,32.95,24,1127.29,0.05,0.1,3.96,0.12,Nov,3,2,1,6,Returning_Visitor,False,False
4,177.34,2,136.92,102,1712.36,0.01,0.03,44.89,0.18,Nov,2,2,8,6,Returning_Visitor,False,True
2,148.67,1,37.81,63,1332.25,0.0,0.03,6.0,0.18,May,2,2,1,2,Returning_Visitor,False,False
5,80.95,1,18.64,54,1233.18,0.01,0.03,4.59,0.19,May,2,13,1,6,Returning_Visitor,False,False
2,169.36,1,74.86,65,1773.54,0.02,0.05,8.1,0.14,Nov,2,3,1,6,Returning_Visitor,False,False
4,213.94,1,70.06,66,2836.27,0.01,0.03,12.76,0.15,Mar,2,13,1,1,Returning_Visitor,False,True
3,190.13,2,69.0,60,1704.85,0.01,0.01,13.42,0.15,Dec,2,4,1,6,Returning_Visitor,False,False
2,132.41,1,34.61,44,1192.68,0.03,0.05,3.46,0.15,Nov,2,1,1,6,Returning_Visitor,False,False
2,68.56,1,59.45,52,1233.64,0.03,0.05,3.88,0.17,Mar,2,2,1,6,Returning_Visitor,False,True
2,72.64,1,48.59,95,1452.64,0.01,0.02,14.94,0.0,Nov,2,13,1,5,New_Visitor,False,False
1,168.24,1,18.52,44,1752.12,0.01,0.05,3.21,0.13,Nov,2,13,1,6,Returning_Visitor,False,True
1,125.01,1,22.86,43,1546.74,0.02,0.07,4.17,0.14,Nov,2,3,1,2,Returning_Visitor,False,False
1,150.34,1,24.14,44,1683.51,0.02,0.06,5.03,0.14,Nov,2,3,1,6,Returning_Visitor,False,False
5,124.37,1,0.0,54,1669.56,0.02,0.02,2.57,0.16,Mar,3,2,1,3,Returning_Visitor,False,False
2,161.2,1,19.16,59,1634.72,0.02,0.06,3.83,0.16,Nov,2,1,8,1,Returning_Visitor,False,False
1,125.54,1,47.26,55,1170.16,0.03,0.08,4.8,0.15,Nov,2,2,1,6,Returning_Visitor,False,False
7,192.5,2,122.78,113,1905.11,0.01,0.03,18.52,0.07,Nov,2,2,2,2,Returning_Visitor,False,False
3,246.81,2,60.77,74,1895.26,0.01,0.03,11.4,0.13,Sep,2,3,1,6,Returning_Visitor,False,False
1,75.87,1,38.71,35,2294.32,0.07,0.11,5.77,0.11,Nov,2,3,1,1,Returning_Visitor,False,False
2,155.94,1,76.74,66,1879.26,0.02,0.04,10.52,0.29,Nov,2,2,1,6,Returning_Visitor,True,False
6,222.21,2,123.38,88,1874.84,0.01,0.02,20.58,0.18,Nov,2,2,2,6,Returning_Visitor,False,False
1,107.85,1,14.45,37,1206.24,0.02,0.09,0.0,0.0,Nov,2,1,1,6,Returning_Visitor,False,False
2,67.77,1,17.39,25,317.5,0.03,0.09,2.25,0.12,Nov,1,1,1,3,Returning_Visitor,False,False
2,178.13,1,0.0,75,1753.21,0.02,0.04,5.87,0.21,Nov,2,2,1,6,Returning_Visitor,False,False
1,157.82,1,44.9,45,1953.68,0.03,0.07,8.2,0.12,Nov,3,2,1,6,Returning_Visitor,False,False
1,93.4,1,0.0,25,593.97,0.02,0.08,1.65,0.13,Nov,2,3,1,2,Returning_Visitor,False,False
3,226.58,1,67.88,26,2576.76,0.01,0.01,26.24,0.15,Nov,2,2,1,6,Returning_Visitor,False,False
1,180.33,1,50.67,68,1716.1,0.01,0.05,10.37,0.31,Nov,2,2,1,4,Returning_Visitor,False,False
2,190.56,1,15.16,53,1646.32,0.01,0.04,9.33,0.16,May,2,2,8,6,Returning_Visitor,False,False
3,202.55,3,78.21,63,1900.12,0.02,0.05,10.78,0.15,Jul,3,2,1,4,Returning_Visitor,False,False
3,86.58,1,11.8,51,726.9,0.03,0.08,2.62,0.13,Nov,1,1,1,3,Returning_Visitor,False,False
1,73.66,1,13.71,30,866.37,0.05,0.11,3.08,0.0,Nov,2,1,1,6,Returning_Visitor,False,False
3,155.76,1,523.75,43,2266.09,0.03,0.04,5.46,0.08,Mar,3,1,1,3,Returning_Visitor,True,False
2,151.58,1,16.91,52,1916.5,0.01,0.04,9.48,0.17,Mar,2,4,1,6,Returning_Visitor,False,False
1,70.83,1,18.55,24,655.23,0.04,0.13,2.87,0.1,Mar,3,1,1,1,Returning_Visitor,False,False
1,0.0,1,30.37,40,926.9,0.02,0.03,2.25,0.15,May,3,3,2,3,Returning_Visitor,False,False
2,128.83,1,61.39,60,391.87,0.02,0.05,7.8,1.0,May,2,2,7,6,Returning_Visitor,False,False
1,182.7,1,11.96,29,1148.23,0.02,0.03,2.36,0.16,Nov,2,3,1,6,New_Visitor,False,False
2,171.0,1,29.69,56,1631.56,0.01,0.05,5.11,0.15,Nov,2,3,1,6,Returning_Visitor,False,False
4,218.1,2,98.49,112,1616.71,0.02,0.04,12.34,0.11,Nov,2,3,2,6,Returning_Visitor,False,False
2,68.69,1,73.6,80,1781.22,0.01,0.01,30.06,0.19,May,2,13,1,6,Returning_Visitor,False,True
2,139.97,1,47.03,81,1212.86,0.0,0.02,4.38,0.0,Nov,2,2,1,2,Returning_Visitor,False,True
1,167.74,1,40.53,52,1701.57,0.02,0.06,6.45,0.14,Nov,3,3,1,6,Returning_Visitor,False,False
3,228.77,1,68.01,114,2242.05,0.0,0.03,22.54,0.23,Nov,2,2,1,4,Returning_Visitor,False,True
7,237.59,2,16.0,68,1404.64,0.01,0.03,4.13,0.18,Nov,2,4,1,13,Returning_Visitor,False,False
1,12.37,1,18.01,5,226.96,0.05,0.07,1.52,0.16,May,3,2,1,3,Returning_Visitor,False,False
1,79.49,1,18.23,44,2224.06,0.03,0.08,3.63,0.14,Mar,2,1,2,1,Returning_Visitor,False,False
2,107.41,1,24.1,40,713.27,0.01,0.01,4.27,0.18,Mar,2,13,1,5,New_Visitor,False,False
2,173.22,1,57.35,62,1460.97,0.01,0.03,4.32,0.15,Nov,2,2,6,6,Returning_Visitor,False,False
2,153.74,0,16.02,33,1981.17,0.02,0.04,4.09,0.17,Mar,2,13,1,1,Returning_Visitor,False,False
2,159.32,1,18.67,45,1487.13,0.01,0.06,3.62,0.14,Nov,2,3,1,6,Returning_Visitor,False,False
1,180.68,1,5.52,12,1512.29,0.0,0.02,0.76,0.11,Nov,2,3,7,2,New_Visitor,False,False
1,113.76,1,17.23,41,1372.18,0.03,0.08,3.14,0.14,Nov,2,3,1,6,Returning_Visitor,False,False
2,155.51,1,25.47,48,1615.52,0.02,0.05,4.57,0.15,Nov,2,1,1,6,Returning_Visitor,False,False
1,137.66,1,25.71,52,1807.43,0.02,0.07,7.8,0.13,Nov,2,2,1,6,Returning_Visitor,False,False
1,88.21,1,20.25,43,1918.78,0.06,0.1,4.12,0.14,Nov,2,1,1,1,Returning_Visitor,False,False
3,118.68,1,9.5,36,1689.57,0.02,0.04,1.66,0.21,May,2,2,7,6,Returning_Visitor,False,False
1,150.99,1,17.28,58,1416.71,0.01,0.0,5.65,0.13,Mar,2,3,2,6,Returning_Visitor,False,False
3,183.97,0,24.76,40,1588.2,0.02,0.05,0.0,0.0,Mar,2,13,1,6,Returning_Visitor,False,True
3,208.77,1,60.27,63,2265.08,0.01,0.04,13.86,0.0,Nov,2,3,2,6,Returning_Visitor,False,False
2,128.21,1,24.93,45,2570.36,0.02,0.03,2.52,0.14,Mar,3,3,1,1,Returning_Visitor,False,False
0,95.21,1,16.94,32,1445.89,0.01,0.04,5.2,0.17,Nov,2,2,2,2,Returning_Visitor,False,False
11,218.19,2,116.47,135,3504.11,0.01,0.03,18.61,0.0,May,3,2,1,6,Returning_Visitor,False,False
0,0.0,1,58.11,49,2380.08,0.01,0.07,3.48,0.25,Mar,2,3,2,6,Returning_Visitor,False,False
3,215.6,1,38.97,51,399.8,0.02,0.02,5.64,0.15,Nov,2,5,2,1,Returning_Visitor,False,False
0,114.32,1,13.43,40,1319.32,0.0,0.03,2.61,0.17,Nov,2,2,8,2,Returning_Visitor,False,False
2,175.49,1,24.55,28,1299.63,0.01,0.04,1.66,0.0,Nov,2,2,1,2,New_Visitor,False,False
1,158.62,1,25.08,54,1831.79,0.01,0.06,7.55,0.16,Nov,2,2,1,6,Returning_Visitor,False,False
1,140.62,1,42.39,57,2437.26,0.03,0.07,9.3,0.19,Nov,2,3,2,1,Returning_Visitor,False,False
1,119.81,1,31.45,52,1792.14,0.02,0.08,7.9,0.13,Nov,2,3,1,6,Returning_Visitor,False,False
1,133.49,1,22.22,46,1598.76,0.03,0.08,4.01,0.24,Nov,2,2,1,6,Returning_Visitor,False,False
0,0.0,1,34.61,8,1884.89,0.03,0.07,4.87,0.09,Nov,3,2,1,2,Returning_Visitor,False,True
5,38.79,1,17.24,35,838.2,0.04,0.07,2.94,0.0,Mar,3,3,1,3,Returning_Visitor,False,False
0,103.79,1,25.23,30,1499.89,0.01,0.04,3.76,0.14,Nov,2,2,2,2,Returning_Visitor,False,False
1,120.5,1,17.16,43,1652.17,0.03,0.09,3.6,0.27,Nov,2,3,1,6,Returning_Visitor,False,False
3,168.83,1,67.02,60,2215.53,0.02,0.06,8.12,0.19,Nov,2,3,1,1,Returning_Visitor,False,False
1,168.46,1,33.79,64,1719.95,0.01,0.07,9.13,0.22,Nov,2,2,1,6,Returning_Visitor,False,False
1,148.7,1,16.3,46,1670.08,0.02,0.05,5.29,0.16,Nov,2,3,1,6,Returning_Visitor,False,False
2,267.33,0,30.99,41,1538.12,0.01,0.08,9.17,0.0,Aug,4,1,2,6,Returning_Visitor,False,True
0,55.07,0,33.24,44,2084.21,0.04,0.08,2.46,0.6,Nov,2,1,3,11,Returning_Visitor,False,False
2,113.17,2,72.11,61,1519.51,0.04,0.05,4.2,0.13,Nov,3,2,1,1,Returning_Visitor,False,False
1,147.1,0,20.34,44,1674.72,0.02,0.07,2.81,0.13,Nov,2,3,1,1,Returning_Visitor,False,False
4,171.22,1,58.65,70,1384.96,0.01,0.03,5.91,0.15,Dec,2,2,7,6,Returning_Visitor,False,False
1,249.64,1,38.07,50,1496.99,0.01,0.06,5.2,0.16,Nov,2,3,2,6,Returning_Visitor,False,False
2,168.69,1,54.4,67,1873.34,0.0,0.02,13.7,0.13,Nov,2,2,1,2,Returning_Visitor,False,False
2,270.39,1,42.31,61,2562.39,0.02,0.06,8.72,0.19,Nov,4,1,4,1,Returning_Visitor,False,False
1,128.87,1,27.0,47,1546.66,0.02,0.07,4.21,0.14,Nov,2,2,1,6,Returning_Visitor,False,False
1,127.84,1,19.77,47,1691.65,0.01,0.06,11.4,0.31,Aug,2,4,3,6,Returning_Visitor,False,False
1,40.0,1,279.5,48,2714.93,0.03,0.01,41.15,0.2,May,3,2,1,4,Returning_Visitor,False,True
2,201.85,1,18.07,56,1736.32,0.01,0.03,5.21,0.11,Mar,2,13,2,1,New_Visitor,False,False
0,24.67,0,10.6,26,1198.41,0.02,0.08,1.8,0.11,May,2,2,3,2,Returning_Visitor,False,False
2,51.0,1,86.55,86,1250.04,0.01,0.02,18.95,0.26,May,2,2,1,6,Returning_Visitor,False,True
2,155.6,1,17.85,55,412.08,0.01,0.02,0.0,0.15,Mar,2,2,2,6,Returning_Visitor,False,False
4,137.87,1,26.17,73,2861.59,0.01,0.02,8.17,0.13,Nov,2,1,2,1,Returning_Visitor,False,True
2,140.51,1,25.02,43,1104.78,0.0,0.04,3.67,0.14,Dec,2,3,6,6,New_Visitor,False,False
2,146.76,1,29.18,51,1700.89,0.02,0.05,6.48,0.14,Nov,2,3,1,6,Returning_Visitor,False,False
2,171.19,2,88.98,72,1532.59,0.02,0.04,7.72,0.12,Nov,2,2,1,2,Returning_Visitor,False,False
3,127.63,1,19.26,51,1415.34,0.02,0.04,4.77,0.27,May,2,2,7,6,Returning_Visitor,False,False
1,81.17,1,6.72,44,1646.64,0.06,0.1,2.87,0.39,Nov,1,1,3,1,Returning_Visitor,False,False
1,132.5,1,27.1,50,1510.48,0.03,0.08,4.54,0.19,Nov,2,2,1,6,Returning_Visitor,False,False
1,155.67,1,19.7,51,1686.27,0.02,0.05,4.45,0.16,Nov,2,3,1,6,Returning_Visitor,False,False
1,237.44,1,27.57,55,1863.93,0.01,0.01,8.71,0.2,Nov,2,1,8,1,Returning_Visitor,False,False
2,166.04,1,16.98,33,1771.68,0.02,0.04,2.62,0.0,May,2,1,1,6,Returning_Visitor,False,False
2,229.46,1,42.74,75,2068.34,0.0,0.06,16.32,0.13,Nov,2,5,2,6,Returning_Visitor,False,False
0,72.28,0,8.14,31,1583.17,0.02,0.04,3.32,0.15,Nov,2,2,3,2,Returning_Visitor,False,False
1,161.06,1,32.15,54,1512.61,0.02,0.05,5.2,0.14,Nov,2,3,1,6,Returning_Visitor,False,False
1,119.08,1,19.53,48,1437.21,0.02,0.06,3.52,0.15,Nov,2,3,1,6,Returning_Visitor,False,False
4,133.1,0,100.5,29,1514.7,0.0,0.02,14.72,0.0,May,2,2,7,6,Returning_Visitor,False,False
0,90.52,1,0.0,25,729.62,0.06,0.11,3.42,0.12,Nov,2,2,1,1,Returning_Visitor,False,False
6,221.53,3,243.86,18,2592.39,0.02,0.03,8.66,0.0,Nov,2,2,1,6,Returning_Visitor,False,False
1,182.08,1,74.98,90,1559.2,0.01,0.05,10.68,0.24,May,2,2,1,9,Returning_Visitor,False,False
2,175.23,1,10.08,12,1427.76,0.02,0.04,2.86,0.17,Nov,2,3,1,6,Returning_Visitor,False,False
1,214.48,1,24.09,45,2331.22,0.01,0.04,12.72,0.16,Nov,2,3,1,6,Returning_Visitor,False,False
1,4.0,2,86.58,52,2120.39,0.03,0.06,8.95,0.61,May,2,2,1,6,Returning_Visitor,False,False
1,147.26,1,29.38,53,1615.49,0.03,0.07,5.25,0.16,Nov,2,3,1,6,Returning_Visitor,False,False
2,182.04,2,75.71,65,1719.97,0.02,0.03,0.0,0.14,Nov,2,2,1,6,Returning_Visitor,False,False
1,162.38,1,2.84,43,506.6,0.01,0.08,0.0,0.11,Nov,1,1,1,2,New_Visitor,False,False
1,63.9,1,9.12,32,1355.91,0.03,0.1,2.47,0.12,Mar,2,1,1,3,Returning_Visitor,False,False
0,70.62,1,18.11,42,1580.75,0.02,0.08,4.65,0.14,Nov,2,2,2,1,Returning_Visitor,False,False
1,158.75,1,41.61,54,2372.2,0.02,0.05,11.39,0.16,Nov,2,2,1,6,Returning_Visitor,False,False
4,195.26,1,18.02,46,1901.27,0.0,0.06,5.17,0.22,Nov,2,3,1,1,Returning_Visitor,False,False
4,232.48,1,144.0,52,3303.16,0.01,0.04,19.34,0.11,Nov,2,2,1,1,Returning_Visitor,False,True
0,0.0,1,6.22,33,1802.21,0.01,0.08,0.0,0.09,Nov,2,1,8,1,Returning_Visitor,False,False
0,134.56,1,30.59,51,1472.3,0.01,0.02,22.81,0.15,Nov,2,2,8,2,Returning_Visitor,False,False
2,116.81,1,23.92,51,1588.56,0.05,0.1,4.61,0.0,Nov,1,1,1,1,Returning_Visitor,False,False
1,119.51,1,36.06,55,2143.11,0.09,0.11,10.22,0.11,Mar,2,1,2,1,Returning_Visitor,False,False
3,82.33,1,5.84,29,1841.7,0.01,0.04,0.34,0.17,May,1,1,7,2,Returning_Visitor,False,False
0,64.56,1,0.0,26,351.84,0.09,0.1,4.02,0.12,Nov,2,3,1,6,Returning_Visitor,False,False
1,448.48,1,15.0,44,1047.79,0.03,0.04,3.38,0.14,Sep,2,1,1,1,Returning_Visitor,False,False
1,178.12,1,0.0,39,1685.09,0.02,0.05,4.4,0.19,Nov,2,3,1,1,Returning_Visitor,False,False
2,220.6,1,0.0,46,1673.76,0.01,0.04,3.31,0.16,Aug,8,1,8,6,Returning_Visitor,False,False
1,167.51,1,26.62,59,1643.9,0.01,0.05,5.8,0.18,Nov,2,2,1,6,Returning_Visitor,False,False
2,166.92,1,0.0,61,1844.13,0.02,0.05,8.0,0.35,May,2,1,3,6,Returning_Visitor,False,False
0,43.55,1,21.75,7,397.03,0.05,0.04,2.26,0.13,Nov,3,3,1,2,Returning_Visitor,False,False
2,158.46,1,0.0,37,1647.8,0.02,0.04,3.46,0.19,Nov,2,2,2,6,Returning_Visitor,False,False
1,147.06,1,0.0,25,1235.22,0.02,0.05,3.66,0.14,Nov,2,2,1,6,Returning_Visitor,False,False
2,139.19,1,7.55,42,1780.37,0.01,0.01,0.0,0.12,Nov,4,1,1,3,Returning_Visitor,True,False
1,170.57,1,20.05,34,943.15,0.01,0.04,2.24,0.14,Nov,2,2,1,2,New_Visitor,False,False
2,157.65,1,20.09,51,1521.45,0.01,0.06,4.54,0.14,Nov,2,1,1,6,Returning_Visitor,False,False
3,235.29,1,36.03,54,2340.79,0.02,0.05,5.29,0.13,Mar,2,1,1,1,Returning_Visitor,False,False
3,210.66,2,0.0,35,199.13,0.01,0.07,0.56,0.12,Aug,1,1,1,2,New_Visitor,False,False
1,0.0,0,40.64,42,2112.03,0.01,0.05,2.56,0.23,May,2,2,2,6,Returning_Visitor,False,False
0,25.33,0,6.26,4,1419.99,0.01,0.09,3.8,0.14,Nov,2,2,3,2,Returning_Visitor,False,True
1,155.35,1,27.8,34,1450.4,0.02,0.04,0.0,0.2,May,2,2,1,2,Returning_Visitor,False,False
1,170.68,1,19.18,47,1795.88,0.01,0.05,5.51,0.14,Nov,2,3,1,6,Returning_Visitor,False,False
0,26.02,0,7.3,23,1381.75,0.01,0.07,0.0,0.13,Nov,2,2,3,2,Returning_Visitor,False,False
1,77.05,1,23.7,34,588.88,0.07,0.06,0.0,0.17,Nov,8,1,3,6,Returning_Visitor,False,False
1,128.36,1,19.62,53,1137.74,0.02,0.06,2.69,0.13,Nov,2,3,1,6,Returning_Visitor,False,False
1,87.29,1,38.47,50,1822.05,0.02,0.04,5.53,0.13,Nov,3,2,2,13,Returning_Visitor,False,False
0,0.0,1,22.15,41,985.51,0.11,0.2,3.98,0.14,Mar,2,3,2,1,Returning_Visitor,False,False
1,138.99,1,21.88,39,1295.11,0.04,0.06,3.7,0.13,Mar,2,3,1,1,Returning_Visitor,False,False
2,177.31,1,33.38,57,922.3,0.01,0.04,8.01,0.15,Nov,2,2,1,6,Returning_Visitor,False,False
2,198.33,1,78.98,72,2288.16,0.01,0.04,21.24,0.2,Nov,2,3,1,6,Returning_Visitor,False,False
0,137.49,0,49.51,53,1727.47,0.02,0.08,7.49,0.14,Nov,2,5,2,1,Returning_Visitor,False,False
0,93.06,1,9.71,23,604.51,0.02,0.04,3.26,0.14,Nov,2,2,2,2,Returning_Visitor,False,False
3,268.37,3,26.2,65,755.36,0.02,0.05,10.52,0.17,Jul,2,3,1,6,Returning_Visitor,False,False
1,151.0,1,23.89,52,1656.14,0.01,0.05,5.33,0.14,Nov,2,2,8,6,Returning_Visitor,False,False
1,127.21,1,9.56,35,1285.75,0.02,0.08,0.0,0.14,Nov,2,3,1,2,Returning_Visitor,False,False
3,160.55,1,31.42,55,1469.67,0.03,0.07,7.18,0.12,Nov,8,1,1,9,Returning_Visitor,False,False
1,162.0,1,30.7,58,1596.51,0.01,0.05,6.36,0.16,Nov,2,2,1,6,Returning_Visitor,False,True
1,121.38,1,19.86,43,1528.77,0.02,0.07,3.9,0.14,Nov,2,3,1,6,Returning_Visitor,False,False
3,201.64,2,142.11,100,2378.93,0.02,0.03,21.14,0.15,Nov,3,2,2,6,Returning_Visitor,False,False
7,177.33,1,82.57,112,2122.86,0.0,0.05,13.95,0.11,Sep,2,13,1,6,New_Visitor,False,False
1,87.09,1,38.74,4,302.87,0.09,0.12,4.06,0.12,Nov,2,3,1,6,Returning_Visitor,False,False
2,199.52,1,36.97,60,1682.65,0.01,0.05,7.17,0.17,Nov,2,3,1,6,Returning_Visitor,False,False
1,67.73,0,1.31,29,1562.81,0.0,0.04,0.0,0.18,Nov,2,3,7,2,Returning_Visitor,False,False
1,153.32,0,39.4,58,1901.11,0.02,0.06,6.54,0.17,Nov,2,3,2,6,Returning_Visitor,False,True
5,165.31,2,137.44,51,1872.23,0.02,0.02,20.08,0.0,May,2,2,1,2,Returning_Visitor,False,False
3,158.33,1,42.38,53,2485.39,0.02,0.01,6.66,0.0,Nov,2,1,8,1,Returning_Visitor,False,False
2,138.91,1,21.44,20,1378.36,0.0,0.02,6.65,0.16,Nov,2,2,7,6,Returning_Visitor,False,False
3,249.41,1,7.76,41,447.17,0.01,0.07,3.08,0.22,Aug,1,1,3,6,Returning_Visitor,False,False
0,0.0,1,29.54,15,873.66,0.09,0.1,4.47,0.09,Mar,3,3,1,1,Returning_Visitor,False,False
1,120.78,1,12.78,30,1320.61,0.01,0.03,0.0,0.16,Nov,2,2,5,2,Returning_Visitor,False,False
1,168.81,2,103.62,77,1890.47,0.02,0.04,0.0,0.0,Nov,2,2,8,1,Returning_Visitor,False,False
0,78.8,0,42.59,7,1531.94,0.02,0.07,4.96,0.14,Nov,3,3,1,2,Returning_Visitor,False,False
5,132.24,1,0.0,42,1529.79,0.01,0.05,1.21,0.16,Nov,2,2,1,2,New_Visitor,False,False
1,41.87,1,21.57,28,797.38,0.07,0.12,3.27,0.13,Nov,3,1,1,3,Returning_Visitor,False,False
2,169.55,1,41.57,53,2213.62,0.02,0.06,6.35,0.0,Nov,2,1,1,1,Returning_Visitor,False,False
6,163.43,0,94.28,80,2419.14,0.01,0.02,20.72,0.17,Nov,2,2,8,6,Returning_Visitor,False,False
2,171.45,1,31.47,32,3095.37,0.01,0.03,14.09,0.14,Nov,2,2,1,1,Returning_Visitor,False,True
3,148.67,1,15.75,46,1629.08,0.02,0.06,2.61,0.0,Nov,2,1,1,6,Returning_Visitor,False,False
2,14.5,1,0.0,50,1467.9,0.01,0.02,7.56,0.62,May,2,2,7,4,Returning_Visitor,False,False
2,95.91,1,3.05,30,1037.76,0.02,0.07,0.8,0.13,Nov,1,1,1,6,Returning_Visitor,False,False
1,178.2,0,23.21,46,1669.68,0.0,0.03,9.44,0.16,May,2,2,1,6,Returning_Visitor,True,False
2,85.34,1,69.41,79,1569.87,0.02,0.01,49.95,0.0,May,2,2,2,6,Returning_Visitor,False,False
1,47.76,1,44.44,43,1338.57,0.09,0.13,0.0,0.6,May,1,1,1,3,Returning_Visitor,False,False
1,96.73,1,26.63,40,1888.1,0.01,0.04,5.59,0.16,May,2,2,7,2,Returning_Visitor,False,False
2,113.02,1,11.54,38,1809.65,0.02,0.04,0.0,0.0,Nov,2,2,7,6,Returning_Visitor,False,False
1,93.52,1,70.12,20,1962.77,0.02,0.04,11.66,0.17,Dec,2,2,2,6,Returning_Visitor,False,False
0,55.24,1,19.59,25,919.25,0.01,0.05,3.69,0.13,Nov,2,2,2,2,Returning_Visitor,False,False
2,180.45,1,55.03,61,1228.35,0.01,0.03,7.96,0.13,Nov,2,2,6,6,New_Visitor,False,False
2,124.23,1,20.97,52,1972.74,0.01,0.03,3.76,0.0,Mar,3,2,7,4,Returning_Visitor,False,False
3,177.76,1,33.84,44,1822.73,0.02,0.04,5.52,0.14,Mar,2,13,1,8,Returning_Visitor,False,True
0,53.95,1,10.03,29,936.88,0.02,0.09,3.06,0.1,Nov,2,3,2,2,Returning_Visitor,False,False
2,186.57,1,56.38,57,2589.17,0.02,0.06,15.24,0.13,Nov,2,3,1,1,Returning_Visitor,False,False
0,135.75,1,43.97,52,1758.67,0.02,0.07,9.7,0.13,Nov,2,2,1,6,Returning_Visitor,True,True
1,186.16,0,27.31,65,1495.51,0.01,0.03,10.73,0.2,Dec,2,3,8,1,Returning_Visitor,False,False
2,147.27,1,33.8,46,1461.86,0.03,0.04,5.65,0.12,Nov,3,1,1,6,Returning_Visitor,True,False
0,28.54,1,7.46,37,1846.89,0.03,0.07,0.9,0.13,Mar,2,1,8,1,Returning_Visitor,False,False
2,270.55,2,63.8,104,2440.77,0.0,0.05,17.47,0.31,Nov,2,2,8,4,Returning_Visitor,False,True
1,120.56,1,16.42,43,1684.15,0.02,0.06,6.97,0.0,Nov,2,1,1,6,Returning_Visitor,False,False
1,250.41,1,34.68,50,2094.96,0.03,0.07,9.45,0.15,Nov,2,3,2,1,Returning_Visitor,False,True
1,163.45,1,10.94,40,1488.82,0.03,0.06,3.06,0.2,Nov,2,2,1,1,Returning_Visitor,False,False
2,173.75,1,45.82,82,1619.24,0.01,0.03,0.0,0.16,Nov,2,2,1,6,Returning_Visitor,False,False
3,173.6,1,0.0,47,1738.25,0.01,0.04,3.46,0.25,Aug,2,5,4,6,Returning_Visitor,False,False
0,33.62,1,25.48,17,515.64,0.2,0.13,3.64,0.11,Mar,3,3,1,3,Returning_Visitor,False,False
1,135.5,1,8.61,46,2330.09,0.02,0.04,2.47,0.0,Nov,2,1,3,6,Returning_Visitor,False,False
3,187.83,1,0.0,58,1129.27,0.01,0.05,3.47,0.13,Sep,1,4,1,6,Returning_Visitor,False,True
2,195.76,1,0.0,45,1849.54,0.01,0.05,1.54,0.23,Aug,1,1,4,6,Returning_Visitor,False,True
1,106.2,1,22.88,48,1713.19,0.02,0.07,3.05,0.16,Nov,2,3,1,1,Returning_Visitor,False,True
2,204.37,0,10.89,33,1964.87,0.0,0.02,16.07,0.14,May,4,2,8,2,Returning_Visitor,False,True
0,153.38,1,49.94,53,689.52,0.02,0.06,6.8,0.19,Jul,2,2,2,1,Returning_Visitor,False,False
1,145.2,1,26.19,49,1638.39,0.02,0.07,5.38,0.15,Nov,2,3,1,6,Returning_Visitor,False,False
1,98.08,0,50.41,5,116.5,0.08,0.12,4.02,0.2,Nov,2,3,1,1,Returning_Visitor,False,False
2,246.91,1,0.0,60,1734.5,0.01,0.06,19.83,0.16,Aug,2,4,3,1,Returning_Visitor,False,True
1,109.67,1,19.0,43,1551.29,0.02,0.07,3.57,0.0,Nov,2,3,1,6,Returning_Visitor,False,False
0,91.4,1,0.0,26,498.95,0.01,0.08,0.67,0.13,Nov,2,1,6,2,New_Visitor,False,False
2,191.0,2,97.72,83,1478.03,0.02,0.04,0.0,0.2,Dec,2,2,1,6,Returning_Visitor,False,False
2,213.56,0,3.61,12,1480.73,0.0,0.02,1.93,0.09,Nov,4,1,3,6,New_Visitor,True,False
3,205.29,1,93.14,74,2623.23,0.01,0.04,9.44,0.19,Nov,2,3,1,6,Returning_Visitor,False,False
3,183.84,1,4.04,32,1621.09,0.01,0.05,0.85,0.12,Nov,1,1,1,6,Returning_Visitor,False,False
2,155.43,1,34.24,50,1590.28,0.01,0.05,5.01,0.14,Nov,2,3,1,6,Returning_Visitor,False,False
6,203.96,2,111.21,87,2118.89,0.01,0.03,35.43,0.22,May,2,2,1,6,Returning_Visitor,False,False
5,233.74,2,0.0,55,2078.06,0.01,0.05,0.99,0.07,Nov,1,1,1,1,Returning_Visitor,False,False
1,201.64,1,115.56,44,431.2,0.02,0.05,24.41,0.18,Nov,2,2,9,6,Returning_Visitor,False,False
1,148.68,1,29.32,55,1613.31,0.02,0.06,5.65,0.14,Nov,2,3,1,6,Returning_Visitor,False,False
0,124.62,1,14.71,37,1564.76,0.01,0.05,2.79,0.14,Nov,2,2,8,6,Returning_Visitor,False,False
2,148.11,1,0.0,53,1217.87,0.01,0.03,3.11,0.19,Nov,2,2,1,2,Returning_Visitor,False,False
7,99.41,3,105.2,136,1497.63,0.0,0.0,31.86,0.12,Dec,2,2,1,13,Returning_Visitor,False,False
0,23.45,1,15.17,39,1831.84,0.01,0.02,0.0,0.16,Nov,2,2,8,6,Returning_Visitor,False,False
3,82.83,2,0.0,50,1590.65,0.02,0.03,3.0,0.18,Mar,2,13,1,6,Returning_Visitor,False,False
2,165.85,0,51.3,64,1780.56,0.02,0.05,6.67,0.13,Nov,2,2,1,6,Returning_Visitor,False,False
0,53.26,1,44.32,45,1006.67,0.01,0.04,11.36,0.19,May,2,2,3,2,Returning_Visitor,False,False
0,0.0,0,10.03,19,511.72,0.01,0.1,1.05,0.11,May,2,3,1,2,Returning_Visitor,False,False
1,75.74,1,15.35,37,1128.61,0.03,0.09,4.79,0.12,Nov,2,1,2,6,Returning_Visitor,False,False
1,93.5,1,14.71,3,863.52,0.1,0.12,3.42,0.12,Mar,2,4,1,3,Returning_Visitor,False,False
3,151.64,1,29.68,57,1948.63,0.01,0.04,4.21,0.15,Nov,2,3,1,6,Returning_Visitor,False,False
1,186.52,1,9.64,30,1670.46,0.02,0.04,4.96,0.11,Nov,4,1,2,6,Returning_Visitor,False,False
0,80.16,1,0.0,25,581.17,0.06,0.07,3.2,0.0,Nov,2,2,1,1,Returning_Visitor,False,False
0,0.0,0,8.38,29,1258.64,0.07,0.1,6.18,0.08,Mar,2,2,3,3,Returning_Visitor,True,False
1,0.0,1,34.22,45,1101.28,0.02,0.06,3.24,0.12,Nov,3,2,1,6,Returning_Visitor,True,False
1,100.18,1,26.39,42,1311.11,0.02,0.08,0.0,0.15,Nov,2,2,1,6,Returning_Visitor,False,False
4,122.49,2,104.93,80,952.29,0.0,0.01,4.06,0.16,Nov,2,2,2,6,Returning_Visitor,False,True
0,43.95,1,17.24,24,25.0,0.04,0.11,2.43,0.12,Nov,2,2,1,6,Returning_Visitor,False,False
6,203.1,2,100.25,98,1874.71,0.01,0.03,13.57,0.0,Nov,2,3,2,6,Returning_Visitor,False,False
0,0.0,1,4.86,19,296.0,0.04,0.12,1.23,0.12,Nov,2,1,2,3,Returning_Visitor,False,False
2,122.21,1,5.63,47,2016.29,0.02,0.07,2.54,0.0,Nov,2,3,4,3,Returning_Visitor,False,False
1,66.68,1,17.55,24,1682.42,0.02,0.07,2.39,0.13,Nov,2,2,2,6,Returning_Visitor,False,False
2,177.43,1,16.18,52,1646.19,0.01,0.05,3.14,0.13,Nov,2,1,1,6,Returning_Visitor,False,False
2,15.8,1,35.93,58,1212.06,0.01,0.03,6.33,0.24,Mar,2,2,1,6,Returning_Visitor,False,True
0,67.39,0,15.98,21,788.4,0.02,0.09,1.98,0.12,Nov,2,2,2,6,Returning_Visitor,False,True
4,205.41,3,130.82,77,1591.68,0.01,0.03,10.62,0.19,Nov,2,2,1,6,Returning_Visitor,False,False
1,210.29,1,23.79,49,2015.29,0.01,0.05,6.78,0.17,Nov,2,3,1,1,Returning_Visitor,False,False
1,212.71,0,4.91,43,2176.5,0.0,0.04,4.35,0.1,Nov,1,1,1,6,Returning_Visitor,False,False
1,168.38,1,40.11,49,1718.84,0.02,0.06,5.98,0.15,Nov,2,2,1,6,Returning_Visitor,False,False
0,157.57,0,10.24,42,701.8,0.0,0.03,13.29,0.14,May,2,2,5,2,Returning_Visitor,False,True
1,87.15,0,9.6,31,1143.17,0.02,0.09,2.64,0.14,Nov,2,2,1,6,Returning_Visitor,False,False
1,146.22,1,18.93,44,1626.14,0.02,0.07,4.09,0.12,Nov,2,1,1,6,Returning_Visitor,False,False
2,167.4,1,0.0,34,545.43,0.02,0.08,3.8,0.16,Dec,2,13,1,2,New_Visitor,False,False
1,113.81,1,59.66,8,635.22,0.06,0.12,8.71,0.14,Dec,2,13,1,6,Returning_Visitor,False,False
2,32.2,1,67.29,72,1424.68,0.01,0.02,12.52,0.38,May,2,2,1,6,Returning_Visitor,False,False
2,179.31,1,0.0,56,1233.48,0.03,0.04,2.37,0.18,Jul,2,2,1,6,Returning_Visitor,False,False
2,178.58,1,31.68,50,1872.87,0.01,0.06,7.78,0.15,Nov,2,3,1,6,Returning_Visitor,False,False
2,147.04,0,12.5,41,1205.15,0.02,0.06,3.23,0.23,Mar,2,3,1,6,Returning_Visitor,False,False
0,161.27,1,11.39,35,1172.77,0.0,0.03,0.0,0.15,Nov,2,2,1,2,New_Visitor,False,False
1,93.72,1,6.65,39,1514.85,0.02,0.08,1.75,0.0,Nov,1,1,4,3,Returning_Visitor,False,False
2,138.97,1,34.4,39,2064.3,0.01,0.05,8.08,0.14,Nov,2,2,1,6,Returning_Visitor,False,False
1,142.27,1,48.92,54,1393.15,0.02,0.04,5.74,0.13,Nov,2,2,2,2,Returning_Visitor,False,True
0,0.0,1,40.09,55,1697.9,0.02,0.05,11.94,0.27,May,2,2,2,6,Returning_Visitor,False,False
11,228.0,1,106.93,117,3342.61,0.01,0.04,14.14,0.12,Nov,4,2,1,1,Returning_Visitor,False,True
2,150.25,1,11.73,42,1091.92,0.02,0.06,0.0,0.12,Nov,8,1,1,6,Returning_Visitor,False,False
1,216.6,1,23.09,48,1669.81,0.01,0.05,3.18,0.1,Nov,2,2,8,6,Returning_Visitor,False,False
1,172.07,1,15.49,54,1827.2,0.01,0.05,8.9,0.23,Mar,2,13,2,6,Returning_Visitor,False,False
0,0.0,0,60.5,57,2509.42,0.0,0.02,11.43,0.17,Nov,3,2,7,2,Returning_Visitor,True,True
0,27.11,1,0.0,20,0.0,0.1,0.12,3.07,0.15,Nov,2,2,1,1,Returning_Visitor,False,False
0,53.11,1,49.03,28,1496.06,0.1,0.12,0.0,0.14,Mar,2,3,1,1,Returning_Visitor,False,False
1,51.82,1,10.34,27,768.65,0.04,0.11,1.68,0.12,Nov,2,1,1,3,Returning_Visitor,False,False
3,210.02,0,0.0,48,1371.4,0.01,0.06,5.29,0.0,Nov,2,3,1,1,New_Visitor,False,False
1,144.05,1,11.46,48,1641.17,0.01,0.06,2.92,0.15,Nov,2,3,1,6,Returning_Visitor,False,False
1,129.56,1,22.73,44,1585.45,0.04,0.07,3.52,0.14,Mar,2,3,1,1,Returning_Visitor,False,False
1,160.86,1,32.95,57,1667.04,0.01,0.06,5.7,0.16,Nov,2,3,1,6,Returning_Visitor,False,False
2,185.24,1,0.0,61,1668.89,0.01,0.05,6.17,0.18,Nov,2,13,1,6,Returning_Visitor,False,True
4,211.0,1,76.97,62,2593.19,0.01,0.04,6.8,0.06,Nov,3,3,1,6,Returning_Visitor,True,True
3,195.36,1,83.62,76,1702.43,0.02,0.05,9.61,0.13,Nov,3,3,1,6,Returning_Visitor,False,True
1,137.44,1,19.22,43,1677.11,0.02,0.07,4.67,0.13,Nov,2,1,1,6,Returning_Visitor,False,False
0,135.62,1,53.25,48,4391.67,0.02,0.06,0.0,0.2,Nov,2,2,1,1,Returning_Visitor,False,False
1,128.02,1,9.53,28,1279.3,0.03,0.06,0.0,0.12,Nov,2,1,1,6,Returning_Visitor,False,False
1,73.56,1,25.03,29,1144.81,0.11,0.08,3.65,0.12,Nov,8,1,1,1,Returning_Visitor,False,False
0,78.32,1,0.0,26,1037.82,0.06,0.09,3.75,0.1,Nov,3,2,1,6,Returning_Visitor,True,False
2,161.14,1,16.9,47,1413.43,0.02,0.06,4.22,0.16,Nov,2,3,1,6,Returning_Visitor,False,False
1,138.03,1,18.95,42,1490.93,0.02,0.07,0.0,0.15,Nov,2,3,1,6,Returning_Visitor,False,False
2,172.25,0,45.09,24,408.9,0.01,0.06,2.75,0.1,Sep,1,2,1,5,New_Visitor,False,False
0,0.0,0,42.84,55,319.33,0.02,0.07,10.44,0.17,Nov,2,5,1,1,Returning_Visitor,False,True
4,218.12,2,133.86,81,1610.26,0.02,0.01,10.7,0.12,Nov,2,2,1,2,Returning_Visitor,False,False
1,171.86,1,30.24,55,1872.69,0.02,0.06,6.59,0.13,Nov,2,3,1,1,Returning_Visitor,False,False
2,165.24,1,31.48,66,614.64,0.0,0.03,3.99,0.2,Nov,2,2,7,6,Returning_Visitor,False,False
14,383.18,1,144.46,75,2040.44,0.01,0.03,9.29,0.13,Nov,8,1,1,6,Returning_Visitor,True,False
1,165.9,1,34.53,55,1754.15,0.02,0.07,8.45,0.15,Nov,2,3,1,6,Returning_Visitor,False,False
1,132.11,1,5.67,24,1151.66,0.02,0.04,2.19,0.18,Nov,2,2,7,2,Returning_Visitor,False,False
1,138.37,1,17.48,43,1744.11,0.02,0.06,4.14,0.0,Nov,2,3,1,6,Returning_Visitor,False,False
0,0.0,0,15.2,17,858.52,0.0,0.06,1.59,0.15,Nov,2,2,1,2,Returning_Visitor,False,False
1,163.78,1,22.32,52,1714.37,0.01,0.07,4.33,0.12,Nov,2,3,1,6,Returning_Visitor,False,False
3,168.32,1,52.03,19,2006.57,0.01,0.04,4.51,0.54,Nov,2,2,7,6,Returning_Visitor,False,False
1,101.77,1,74.2,19,0.0,0.11,0.2,3.25,0.09,Mar,3,3,1,6,Returning_Visitor,False,False
7,150.6,1,53.27,82,3283.17,0.02,0.01,16.13,0.14,Nov,2,2,2,6,Returning_Visitor,False,False
1,63.74,1,16.53,65,1504.34,0.02,0.02,2.53,0.14,Mar,2,3,2,6,Returning_Visitor,False,False
1,55.23,1,0.0,13,1934.57,0.02,0.03,1.12,0.0,Nov,1,1,7,1,Returning_Visitor,True,False
1,223.04,1,58.84,62,2335.42,0.01,0.06,18.87,0.31,Aug,2,1,1,6,Returning_Visitor,False,True
1,19.32,1,24.02,26,226.92,0.06,0.06,0.0,0.12,May,3,3,1,3,Returning_Visitor,False,False
2,144.25,1,45.31,58,2333.68,0.02,0.06,10.84,0.14,Nov,2,3,1,1,Returning_Visitor,False,False
6,335.27,1,72.26,60,2032.71,0.01,0.02,5.45,0.09,Nov,2,5,1,1,Returning_Visitor,True,False
0,42.46,1,0.0,46,1978.18,0.02,0.06,0.0,0.34,May,2,2,2,6,Returning_Visitor,False,False
2,139.02,1,40.94,52,819.59,0.0,0.03,7.78,0.16,Nov,2,3,1,6,Returning_Visitor,False,False
2,182.67,1,59.6,64,2167.48,0.01,0.06,11.67,0.13,Nov,2,3,1,6,Returning_Visitor,False,False
3,134.79,1,24.41,67,1945.94,0.01,0.03,0.0,0.21,Mar,2,2,8,1,Returning_Visitor,False,False
4,202.57,1,67.31,62,2205.66,0.01,0.07,14.26,0.0,Nov,2,1,1,6,Returning_Visitor,False,True
3,225.28,0,29.83,50,1996.83,0.01,0.02,0.0,0.18,Nov,4,13,2,6,Returning_Visitor,False,False
3,143.01,1,69.54,44,467.0,0.01,0.03,5.91,0.14,Nov,2,13,1,1,Returning_Visitor,False,False
0,149.56,0,43.68,31,2245.4,0.01,0.02,77.04,0.15,May,2,2,2,6,Returning_Visitor,False,True
0,233.45,3,36.5,45,1532.12,0.12,0.13,13.56,0.06,Nov,3,2,1,20,Returning_Visitor,True,True
1,98.6,1,18.43,34,1498.36,0.02,0.09,3.66,0.0,Nov,2,3,1,6,Returning_Visitor,False,False
1,157.54,1,21.42,47,1786.98,0.01,0.06,4.4,0.13,Nov,2,1,1,6,Returning_Visitor,False,False
1,130.17,1,22.05,48,1808.94,0.02,0.07,4.31,0.13,Nov,2,3,1,6,Returning_Visitor,False,False
2,167.68,1,2.55,28,1326.04,0.01,0.04,0.76,0.14,Nov,1,1,1,2,Returning_Visitor,False,False
2,254.3,1,69.3,53,2330.26,0.0,0.05,22.56,0.21,Nov,3,2,7,4,Returning_Visitor,False,True
2,149.52,1,0.0,53,1989.17,0.0,0.03,1.29,0.14,Mar,1,1,1,1,Returning_Visitor,False,False
2,134.0,1,12.83,39,2023.15,0.02,0.03,0.94,0.2,Mar,2,2,7,1,Returning_Visitor,False,False
1,0.0,0,6.93,30,843.32,0.04,0.1,1.59,0.12,Nov,1,1,7,1,Returning_Visitor,False,False
1,118.62,1,14.83,41,1719.47,0.03,0.07,2.36,0.15,Nov,2,1,1,6,Returning_Visitor,False,False
1,64.47,1,21.28,44,1484.97,0.02,0.03,3.05,0.19,Nov,2,2,8,6,Returning_Visitor,False,False
1,144.31,1,22.01,50,1576.68,0.01,0.05,0.0,0.15,Nov,2,2,1,6,Returning_Visitor,False,False
1,70.99,0,1.33,54,1402.21,0.02,0.04,0.64,0.23,Aug,2,2,3,6,Returning_Visitor,False,False
2,16.0,1,66.29,76,1608.73,0.01,0.02,14.48,0.21,Nov,2,2,1,4,Returning_Visitor,False,True
1,156.67,1,30.41,57,1710.33,0.02,0.06,6.41,0.14,Nov,2,3,1,6,Returning_Visitor,False,False
1,141.84,1,41.97,60,1759.11,0.03,0.08,5.86,0.16,Nov,2,2,1,1,Returning_Visitor,False,True
2,186.75,1,45.61,59,2264.59,0.02,0.06,10.03,0.15,Nov,2,2,1,1,Returning_Visitor,False,False
9,228.15,2,141.88,100,1293.65,0.0,0.02,7.99,0.24,Nov,2,2,7,6,Returning_Visitor,True,False
0,76.1,1,40.64,25,923.8,0.02,0.07,1.68,0.15,May,2,2,2,2,Returning_Visitor,False,False
2,93.55,1,0.0,30,916.55,0.01,0.08,0.81,0.13,Nov,1,1,1,6,Returning_Visitor,False,False
2,82.23,0,34.0,39,1606.2,0.0,0.02,18.79,0.15,May,2,2,1,2,Returning_Visitor,False,False
2,173.86,1,57.46,54,2700.76,0.02,0.06,9.3,0.12,Nov,2,2,1,1,Returning_Visitor,False,False
4,142.84,1,18.67,69,2110.65,0.02,0.01,3.97,0.18,Nov,2,3,1,3,Returning_Visitor,False,False
0,0.0,1,14.07,21,592.56,0.05,0.1,3.27,0.13,Nov,2,2,2,2,Returning_Visitor,False,False
6,208.78,3,159.0,72,1523.04,0.01,0.03,2.22,0.08,Nov,8,2,1,2,Returning_Visitor,False,False
0,58.91,1,30.73,29,1343.37,0.06,0.11,0.0,0.0,Nov,2,1,1,1,Returning_Visitor,False,False
2,146.21,1,16.86,62,1696.66,0.01,0.04,2.99,0.16,Nov,2,3,8,1,Returning_Visitor,False,False
1,135.32,1,30.58,47,1485.58,0.02,0.05,6.16,0.14,Nov,2,2,1,6,Returning_Visitor,False,False
3,102.87,1,74.87,61,1288.83,0.01,0.03,6.3,0.2,May,2,2,8,6,Returning_Visitor,False,True
0,0.0,1,12.54,25,194.5,0.1,0.07,6.7,0.21,Nov,2,10,3,1,Returning_Visitor,False,False
1,138.47,1,21.55,45,1428.54,0.01,0.06,3.99,0.14,Nov,2,3,1,6,Returning_Visitor,False,True
0,88.14,2,67.61,52,1141.3,0.05,0.08,8.1,0.13,Nov,2,3,2,2,Returning_Visitor,False,False
1,168.0,0,29.67,35,1441.22,0.02,0.03,1.82,0.11,Mar,2,2,6,6,Returning_Visitor,False,False
1,155.73,1,32.19,55,1707.56,0.01,0.05,6.48,0.17,Nov,2,2,1,6,Returning_Visitor,False,False
1,162.58,1,64.5,74,1737.62,0.02,0.06,9.36,0.18,Nov,2,2,1,6,Returning_Visitor,False,False
2,169.23,0,25.18,44,1430.66,0.02,0.06,3.06,0.18,Nov,2,3,1,6,Returning_Visitor,False,True
1,114.41,2,42.67,32,465.88,0.04,0.04,0.0,0.14,Nov,2,3,1,1,Returning_Visitor,False,False
1,0.0,0,5.2,22,292.73,0.05,0.11,1.21,0.0,Nov,2,3,1,3,Returning_Visitor,False,False
2,177.24,1,54.06,65,5276.59,0.01,0.04,16.3,0.17,Nov,2,2,1,6,Returning_Visitor,False,False
1,126.51,0,6.14,7,894.45,0.0,0.02,0.83,0.15,Nov,2,2,8,2,New_Visitor,False,False
5,153.34,1,17.01,36,1377.75,0.02,0.06,2.8,0.18,Nov,2,3,1,6,Returning_Visitor,False,False
3,182.06,0,14.79,66,2377.0,0.01,0.05,11.93,0.2,Nov,4,3,2,3,Returning_Visitor,False,False
1,146.33,1,22.64,50,1611.2,0.02,0.05,3.9,0.14,Nov,2,3,1,6,Returning_Visitor,False,False
0,47.79,1,26.08,13,14.0,0.06,0.12,3.78,0.13,Nov,2,3,1,2,Returning_Visitor,False,False
2,187.19,1,47.32,61,1717.37,0.01,0.05,6.1,0.14,Nov,2,3,1,6,Returning_Visitor,False,False
3,144.52,1,42.34,66,3357.34,0.01,0.04,13.03,0.2,Nov,2,3,1,1,Returning_Visitor,False,False
1,134.62,1,11.34,53,1597.54,0.01,0.06,6.83,0.18,Nov,2,2,3,6,Returning_Visitor,False,True
3,183.64,1,54.38,20,1765.54,0.01,0.01,18.72,0.15,May,2,13,2,6,Returning_Visitor,False,True
1,96.69,1,11.84,55,1389.33,0.01,0.03,3.28,0.22,May,2,2,7,6,Returning_Visitor,False,False
0,8.47,1,38.08,0,507.03,0.2,0.12,2.48,0.12,May,3,2,1,3,Returning_Visitor,False,False
0,50.54,1,30.34,37,1874.68,0.01,0.04,4.18,0.0,Nov,2,2,8,2,Returning_Visitor,False,False
2,193.84,1,18.52,49,1994.0,0.01,0.03,13.07,0.16,May,2,13,1,6,Returning_Visitor,False,True
3,183.45,1,18.25,12,1601.23,0.0,0.01,1.0,0.07,Nov,8,3,1,2,New_Visitor,False,False
3,165.84,0,0.0,20,2701.27,0.0,0.04,21.42,0.15,Mar,2,13,7,6,Returning_Visitor,False,True
2,73.5,1,15.0,50,1374.92,0.01,0.02,11.95,0.43,May,2,13,2,6,Returning_Visitor,False,False
2,151.37,2,37.25,48,2144.92,0.03,0.08,3.92,0.0,Nov,2,3,1,1,Returning_Visitor,False,False
1,167.0,1,28.78,58,1737.82,0.01,0.06,5.15,0.14,Nov,2,3,2,6,Returning_Visitor,False,True
1,163.31,1,32.24,59,1791.84,0.03,0.06,6.21,0.16,Nov,2,2,1,6,Returning_Visitor,False,True
0,88.76,1,24.09,35,1430.98,0.01,0.04,4.35,0.13,Nov,2,2,2,2,Returning_Visitor,False,True
1,165.81,1,21.79,45,1909.05,0.02,0.03,4.3,0.39,Nov,2,2,1,6,Returning_Visitor,False,False
1,94.62,1,33.21,48,1667.37,0.02,0.07,6.61,0.14,Nov,2,2,2,6,Returning_Visitor,False,False
1,101.6,0,45.88,48,2006.51,0.02,0.09,4.03,0.12,Feb,1,1,2,1,Returning_Visitor,False,False
5,188.06,0,5.97,47,1627.01,0.01,0.05,1.09,0.14,Nov,1,1,1,6,Returning_Visitor,False,False
2,183.52,1,7.0,34,1870.48,0.01,0.05,1.89,0.11,Nov,1,1,2,6,Returning_Visitor,False,False
2,76.58,1,1.04,17,1615.14,0.03,0.04,0.78,0.12,Nov,1,1,3,1,Returning_Visitor,False,False
2,175.17,1,6.02,16,1982.63,0.01,0.05,4.5,0.17,Nov,2,3,1,1,Returning_Visitor,False,True
3,228.58,1,38.22,19,1463.04,0.01,0.05,10.78,0.21,Aug,2,4,1,6,Returning_Visitor,False,False
0,47.89,1,38.82,7,50.5,0.11,0.13,0.0,0.09,Mar,3,3,1,6,Returning_Visitor,False,False
1,59.23,1,24.62,21,825.42,0.09,0.11,2.93,0.0,Mar,3,3,1,3,Returning_Visitor,False,True
2,262.25,1,70.65,60,2315.16,0.02,0.04,13.18,0.12,Nov,2,5,1,1,Returning_Visitor,False,False
2,72.75,2,89.22,68,1607.79,0.01,0.03,11.58,0.18,Nov,2,13,1,6,Returning_Visitor,False,False
0,0.0,1,40.54,33,978.51,0.07,0.1,8.76,0.13,Nov,2,3,1,6,Returning_Visitor,False,False
2,154.92,1,26.42,55,1721.71,0.02,0.06,7.01,0.17,Nov,2,2,1,6,Returning_Visitor,False,False
1,141.97,1,23.77,50,1658.94,0.02,0.06,3.6,0.0,Nov,2,2,1,6,Returning_Visitor,False,False
6,214.0,3,126.76,78,2517.43,0.02,0.03,14.39,0.12,Nov,1,1,1,1,Returning_Visitor,False,True
0,72.44,1,15.26,62,1666.89,0.02,0.06,2.23,0.13,Nov,2,2,8,6,Returning_Visitor,False,False
2,182.41,1,36.87,58,1597.2,0.01,0.01,9.04,0.0,Nov,2,2,2,6,Returning_Visitor,False,False
3,179.04,1,36.74,54,1345.71,0.01,0.03,4.07,0.12,Dec,2,2,1,2,New_Visitor,False,True
2,195.11,1,25.92,51,1737.91,0.02,0.04,0.0,0.14,Mar,2,3,1,8,Returning_Visitor,False,False
1,116.96,1,14.63,1,219.45,0.09,0.09,1.15,0.0,Nov,8,3,1,6,Returning_Visitor,False,False
0,81.53,1,50.56,29,1355.45,0.1,0.1,6.18,0.0,Mar,2,2,1,1,Returning_Visitor,False,False
1,157.19,3,26.0,59,2262.2,0.03,0.06,7.15,0.24,Nov,2,2,1,1,Returning_Visitor,False,False
1,175.58,2,62.41,60,2132.71,0.02,0.06,8.47,0.18,Nov,2,3,1,1,Returning_Visitor,False,False
1,129.58,1,16.59,40,1304.81,0.02,0.08,3.19,0.14,Nov,2,3,1,6,Returning_Visitor,False,False
1,175.69,1,27.69,52,1476.02,0.01,0.04,7.24,0.16,Nov,2,2,1,6,Returning_Visitor,False,False
0,104.63,1,0.0,55,2124.24,0.02,0.06,2.8,0.8,May,3,2,2,3,Returning_Visitor,False,False
1,137.45,0,34.92,45,1530.01,0.04,0.08,4.73,0.14,Nov,2,3,1,6,Returning_Visitor,False,False
0,0.0,1,38.23,28,999.6,0.06,0.11,5.53,0.14,Nov,2,2,1,6,Returning_Visitor,False,False
1,92.89,0,3.67,40,1884.14,0.01,0.06,3.83,0.2,Nov,2,2,3,6,Returning_Visitor,False,False
3,179.81,1,22.95,59,2428.41,0.01,0.01,5.9,0.15,Mar,4,4,1,3,Returning_Visitor,True,False
1,176.78,1,51.9,37,1874.19,0.09,0.1,8.98,0.0,Mar,3,2,1,6,Returning_Visitor,False,False
2,146.92,1,0.0,35,1474.63,0.02,0.03,2.52,0.13,May,2,2,1,2,Returning_Visitor,False,False
3,116.45,0,4.64,40,1852.63,0.01,0.03,2.41,0.18,May,2,2,7,6,Returning_Visitor,False,False
1,162.0,1,29.09,52,1573.84,0.01,0.07,7.16,0.15,Nov,2,2,1,6,Returning_Visitor,False,False
2,177.05,1,29.16,59,1812.5,0.01,0.05,7.88,0.13,Nov,2,2,1,6,Returning_Visitor,False,False
0,65.48,1,7.19,17,747.18,0.05,0.07,1.57,0.13,Nov,2,1,2,6,Returning_Visitor,False,False
1,162.27,1,21.25,55,1774.18,0.01,0.06,5.69,0.14,Nov,2,3,1,6,Returning_Visitor,False,False
2,84.45,1,74.83,45,2527.73,0.02,0.04,8.17,0.09,Nov,3,2,1,2,Returning_Visitor,False,True
2,171.29,1,0.0,39,1856.19,0.01,0.03,5.96,0.15,Nov,1,1,3,6,Returning_Visitor,True,False
1,152.48,1,33.65,52,1827.79,0.02,0.06,7.92,0.15,Nov,2,2,1,6,Returning_Visitor,False,False
7,242.92,1,236.0,74,2876.93,0.01,0.01,11.28,0.07,Nov,3,1,1,3,Returning_Visitor,True,False
1,166.71,1,29.41,49,1388.08,0.02,0.04,6.98,0.26,May,2,2,1,6,Returning_Visitor,False,False
2,174.44,0,16.24,46,1675.87,0.01,0.05,5.1,0.16,Nov,2,13,1,6,Returning_Visitor,False,False
1,147.32,1,23.27,48,1819.25,0.02,0.07,5.84,0.15,Nov,2,3,2,6,Returning_Visitor,False,False
2,165.24,1,45.99,73,1606.31,0.01,0.02,4.59,0.14,Nov,2,2,1,6,Returning_Visitor,False,False
1,178.27,1,45.28,66,1858.84,0.01,0.04,11.34,0.17,Nov,2,2,1,6,Returning_Visitor,False,False
1,85.51,0,36.5,34,493.05,0.03,0.07,2.76,0.14,Nov,3,2,1,2,Returning_Visitor,False,False
1,204.81,1,62.59,57,242.0,0.01,0.05,11.43,0.0,Nov,2,2,1,6,Returning_Visitor,False,False
0,24.7,1,0.0,19,826.19,0.04,0.13,1.86,0.15,Nov,2,2,1,6,Returning_Visitor,False,False
2,140.12,1,32.53,48,1574.49,0.0,0.03,2.14,0.13,Nov,2,2,7,6,Returning_Visitor,False,False
2,162.9,1,31.47,58,1758.37,0.01,0.05,4.78,0.13,Nov,2,3,1,6,Returning_Visitor,False,False
2,208.39,2,64.81,57,1166.59,0.02,0.04,5.68,0.12,Nov,2,2,1,6,Returning_Visitor,False,True
1,125.96,1,28.36,49,1748.75,0.02,0.07,4.95,0.15,Nov,2,3,1,6,Returning_Visitor,False,False
0,2.6,0,2.93,13,362.23,0.05,0.1,1.26,0.08,Nov,2,1,3,3,Returning_Visitor,False,False
2,181.77,1,18.14,34,1629.92,0.02,0.05,4.07,0.36,May,2,1,4,6,Returning_Visitor,False,False
2,167.06,1,35.78,66,1619.94,0.03,0.06,5.22,0.17,Nov,2,2,1,6,Returning_Visitor,False,False
1,151.86,1,25.4,59,1915.63,0.06,0.06,5.73,0.6,Nov,3,3,1,4,New_Visitor,False,False
7,145.06,0,32.59,48,2531.0,0.0,0.04,4.54,0.0,Nov,2,2,7,1,Returning_Visitor,False,False
2,182.35,1,27.37,57,1818.87,0.01,0.05,6.87,0.17,Nov,2,3,1,6,Returning_Visitor,False,False
5,484.46,1,83.29,67,2625.04,0.02,0.05,13.77,0.1,Nov,2,5,1,1,Returning_Visitor,False,False
1,21.86,1,5.96,27,1171.51,0.08,0.13,2.76,0.0,Nov,1,1,3,3,Returning_Visitor,False,False
3,160.68,1,0.0,46,824.5,0.01,0.07,1.56,0.17,Mar,3,13,1,6,New_Visitor,False,True
2,128.78,1,22.32,54,1713.23,0.02,0.05,3.76,0.15,Nov,2,2,7,6,Returning_Visitor,False,False
0,26.76,1,0.0,3,259.56,0.08,0.11,2.26,0.1,Mar,3,3,1,3,Returning_Visitor,False,False
2,171.59,1,7.08,45,1556.47,0.01,0.06,3.1,0.15,Nov,6,1,3,6,Returning_Visitor,False,False
2,224.56,1,87.67,40,1436.11,0.01,0.04,12.61,0.0,Aug,2,1,1,5,Returning_Visitor,False,False
2,168.35,1,32.36,53,1792.8,0.01,0.04,3.8,0.21,Nov,2,2,8,6,Returning_Visitor,False,False
2,172.08,1,84.46,51,2728.81,0.01,0.06,14.95,0.15,Nov,2,2,8,1,Returning_Visitor,False,False
1,165.13,1,8.77,29,1314.62,0.02,0.03,2.68,0.0,Nov,2,3,1,2,Returning_Visitor,False,False
1,46.04,0,16.59,40,1111.26,0.05,0.05,1.61,0.11,Mar,3,2,2,3,Returning_Visitor,True,False
1,99.55,0,43.82,37,969.13,0.0,0.06,4.55,0.17,May,3,2,1,6,Returning_Visitor,False,False
1,136.44,1,13.74,26,895.66,0.02,0.09,2.77,0.12,Nov,2,3,1,2,New_Visitor,False,False
1,101.92,1,28.49,38,1202.93,0.03,0.08,4.27,0.13,Nov,3,3,1,6,Returning_Visitor,False,True
2,118.76,1,55.74,65,1361.57,0.01,0.03,8.56,0.18,Nov,2,13,1,20,Returning_Visitor,False,False
1,140.18,1,31.17,42,1390.33,0.02,0.05,0.0,0.14,Nov,2,3,1,6,Returning_Visitor,False,False
3,92.61,2,0.0,50,971.71,0.01,0.02,1.06,0.22,Nov,2,2,1,2,Returning_Visitor,False,False
1,158.04,1,0.0,51,2032.72,0.02,0.06,2.33,0.46,May,2,2,1,6,Returning_Visitor,False,False
3,118.51,0,55.85,60,471.15,0.04,0.07,5.08,0.15,Nov,3,2,1,6,Returning_Visitor,False,False
2,144.0,1,25.79,46,1599.24,0.02,0.04,1.53,0.21,Nov,2,2,8,6,Returning_Visitor,False,False
2,181.42,1,48.22,68,1931.7,0.02,0.07,9.95,0.14,Nov,2,3,1,6,Returning_Visitor,False,False
4,216.4,1,69.64,81,1891.93,0.01,0.03,9.66,0.0,Nov,2,2,2,6,Returning_Visitor,False,False
2,102.37,1,0.0,26,1898.17,0.01,0.04,2.35,0.2,Nov,2,2,1,6,Returning_Visitor,False,False
4,218.25,1,118.0,104,3238.63,0.01,0.04,11.69,0.2,Nov,2,2,1,6,Returning_Visitor,False,True
0,161.72,1,5.17,31,1366.18,0.0,0.05,0.0,0.15,Nov,2,2,1,2,New_Visitor,False,False
1,147.14,1,23.51,55,1710.52,0.01,0.06,5.87,0.15,Nov,2,3,1,6,Returning_Visitor,False,False
1,140.27,1,30.97,47,1755.14,0.02,0.08,4.54,0.27,May,2,3,1,6,Returning_Visitor,False,False
2,158.05,1,0.0,46,1403.33,0.02,0.07,3.15,0.14,Nov,2,1,1,6,Returning_Visitor,False,False
2,170.23,1,43.0,52,1881.79,0.02,0.06,8.47,0.16,Nov,2,3,1,6,Returning_Visitor,False,False
2,150.68,1,12.88,40,343.58,0.01,0.04,1.63,0.18,Nov,2,2,1,6,New_Visitor,False,False
2,201.04,1,81.02,89,2081.82,0.01,0.04,15.25,0.25,May,2,2,1,6,Returning_Visitor,False,False
1,169.92,1,24.17,50,1817.52,0.02,0.06,4.19,0.14,Nov,2,3,1,6,Returning_Visitor,False,True
2,165.32,1,0.0,42,1497.43,0.01,0.05,2.28,0.18,Nov,2,3,1,6,New_Visitor,False,True
1,133.8,1,48.51,63,1661.54,0.0,0.05,5.24,0.19,Nov,2,2,2,6,Returning_Visitor,True,False
7,159.33,1,48.4,112,1555.31,0.02,0.04,7.06,0.24,Mar,2,1,2,3,Returning_Visitor,True,False
1,69.68,1,8.81,47,1641.17,0.02,0.1,4.21,0.12,Nov,4,1,3,3,Returning_Visitor,False,False
0,0.0,1,18.91,34,533.47,0.09,0.12,4.14,0.1,Nov,2,3,1,1,Returning_Visitor,False,False
1,148.55,1,32.39,45,1561.34,0.03,0.06,5.33,0.15,Nov,2,2,1,6,Returning_Visitor,False,False
0,49.9,0,28.76,50,2237.62,0.02,0.08,7.81,0.33,Nov,2,2,3,1,Returning_Visitor,False,False
0,97.39,0,0.0,39,1002.37,0.01,0.02,19.24,0.15,May,2,2,8,2,Returning_Visitor,False,True
1,166.36,1,32.14,60,1598.81,0.02,0.05,4.99,0.16,Nov,2,2,1,6,Returning_Visitor,False,False
1,136.77,0,40.13,15,1993.28,0.07,0.11,0.95,0.6,Nov,3,1,2,6,New_Visitor,False,False
0,6.93,1,52.8,30,619.21,0.02,0.05,2.23,0.19,May,3,2,1,6,Returning_Visitor,False,False
1,141.3,1,34.68,51,1644.43,0.02,0.05,3.92,0.0,Nov,2,2,1,6,Returning_Visitor,False,False
0,46.74,1,0.0,26,944.9,0.03,0.1,2.39,0.11,Nov,3,3,1,6,Returning_Visitor,False,False
1,124.22,1,7.37,3,452.8,0.02,0.06,0.0,0.16,Nov,2,3,1,2,New_Visitor,False,False
1,62.41,0,51.03,0,1156.0,0.1,0.11,2.65,0.08,Mar,3,3,1,6,Returning_Visitor,False,False
1,140.43,1,14.88,51,2055.28,0.03,0.06,7.33,0.29,Nov,2,2,3,6,Returning_Visitor,False,False
1,182.98,1,37.62,52,650.67,0.01,0.04,10.81,0.16,Nov,2,3,1,6,Returning_Visitor,False,False
1,151.59,1,25.85,58,1519.97,0.01,0.06,4.41,0.16,Nov,2,2,2,6,Returning_Visitor,False,False
0,0.0,1,9.65,31,228.0,0.06,0.09,1.4,0.1,Nov,2,1,2,1,Returning_Visitor,True,False
2,129.81,2,108.88,58,1316.47,0.02,0.03,19.0,0.16,May,3,2,1,2,Returning_Visitor,False,False
0,17.81,1,35.01,15,597.28,0.2,0.13,2.67,0.13,May,3,1,1,3,Returning_Visitor,False,False
1,125.26,1,22.94,38,1311.37,0.05,0.1,3.6,0.11,Nov,2,1,1,1,Returning_Visitor,False,False
1,114.88,1,23.1,42,1395.18,0.02,0.08,3.54,0.13,Nov,2,3,1,6,Returning_Visitor,False,False
1,144.92,1,25.88,54,1597.38,0.02,0.07,5.93,0.14,Nov,2,1,1,6,Returning_Visitor,False,False
1,119.05,1,29.29,60,2407.14,0.02,0.04,5.29,0.13,Mar,2,3,2,6,Returning_Visitor,False,False
1,153.63,1,29.8,50,1590.85,0.01,0.04,5.66,0.17,Nov,2,2,1,6,Returning_Visitor,False,False
0,88.67,0,13.4,40,1672.03,0.01,0.08,4.54,0.14,Nov,2,2,3,6,Returning_Visitor,False,False
2,177.94,1,51.16,42,1879.52,0.02,0.04,2.13,0.29,May,2,2,1,6,Returning_Visitor,False,False
2,215.55,0,6.3,26,1545.79,0.02,0.03,4.04,0.21,Mar,2,4,1,1,Returning_Visitor,False,False
2,175.71,1,84.97,67,1329.88,0.03,0.04,5.09,0.15,Nov,3,2,1,6,Returning_Visitor,True,False
0,183.91,1,66.0,39,1574.11,0.04,0.06,8.66,0.11,Nov,3,3,1,6,Returning_Visitor,True,False
0,33.85,1,14.15,18,658.78,0.03,0.11,2.16,0.12,Nov,2,3,1,2,Returning_Visitor,False,False
2,229.52,2,100.18,73,2443.62,0.02,0.05,23.52,0.2,Nov,2,3,1,1,Returning_Visitor,False,False
1,163.99,1,24.85,55,1711.16,0.01,0.06,5.36,0.16,Nov,2,2,1,6,Returning_Visitor,False,False
1,53.82,2,103.87,85,2598.26,0.02,0.03,14.58,0.15,Nov,2,2,2,2,Returning_Visitor,False,False
1,41.1,0,21.24,38,1009.19,0.04,0.09,1.6,0.29,Nov,2,1,4,3,Returning_Visitor,False,False
2,140.68,1,37.09,69,689.38,0.01,0.03,8.62,0.23,May,2,2,1,6,Returning_Visitor,False,True
5,139.19,3,118.0,50,2458.27,0.02,0.02,18.45,0.2,Nov,3,2,8,6,Returning_Visitor,True,False
2,180.56,1,39.15,77,3416.28,0.01,0.05,11.62,0.22,Nov,2,2,2,6,Returning_Visitor,False,True
0,39.02,1,43.8,40,813.15,0.05,0.08,3.35,0.44,May,3,2,2,13,Returning_Visitor,False,False
1,164.83,1,29.79,46,1742.14,0.02,0.06,6.79,0.16,Nov,2,3,1,6,Returning_Visitor,False,False
1,184.27,1,30.7,60,1515.78,0.02,0.07,7.99,0.15,Nov,2,1,1,6,Returning_Visitor,False,False
0,8.65,0,6.52,13,358.48,0.02,0.12,1.39,0.09,Nov,2,2,3,2,Returning_Visitor,False,False
1,140.23,1,24.93,53,1568.52,0.01,0.06,3.8,0.16,Nov,2,3,1,6,Returning_Visitor,False,False
7,218.83,2,56.77,37,1830.12,0.02,0.04,5.24,0.24,Dec,2,4,1,1,Returning_Visitor,False,False
3,168.35,2,101.93,9,862.7,0.02,0.02,4.89,0.25,Dec,2,2,1,6,Returning_Visitor,True,False
2,183.49,0,22.31,43,1269.88,0.02,0.06,4.61,0.17,Nov,2,13,1,6,Returning_Visitor,False,False
1,155.61,1,11.28,38,1705.83,0.02,0.05,1.77,0.11,Nov,1,1,8,1,Returning_Visitor,False,False
4,184.67,2,84.28,70,2329.17,0.01,0.04,0.0,0.15,Nov,2,2,1,6,Returning_Visitor,False,False
4,170.96,1,21.4,43,839.21,0.02,0.03,3.18,0.13,Nov,1,1,1,6,Returning_Visitor,False,True
1,132.9,1,18.15,52,1758.89,0.02,0.06,4.95,0.16,Nov,2,2,2,6,Returning_Visitor,False,True
3,68.57,1,4.6,38,1325.15,0.02,0.05,2.08,0.13,Nov,1,1,1,3,Returning_Visitor,False,False
5,171.83,1,15.82,49,1736.58,0.01,0.03,3.06,0.12,Nov,1,1,1,6,Returning_Visitor,False,False
2,117.59,1,16.13,42,1202.27,0.03,0.06,2.8,0.15,Nov,2,1,1,6,Returning_Visitor,False,False
1,69.93,0,25.94,33,1287.58,0.04,0.08,2.32,0.14,Mar,3,3,1,6,Returning_Visitor,False,False
2,120.06,1,8.33,48,1473.04,0.01,0.04,1.55,0.39,Nov,2,2,7,6,Returning_Visitor,False,False
2,161.12,1,33.56,56,1136.74,0.01,0.03,2.41,0.17,Nov,2,2,1,2,New_Visitor,False,False
1,162.09,0,19.78,53,1730.94,0.02,0.07,4.73,0.14,Nov,2,3,2,6,Returning_Visitor,False,False
2,224.07,0,24.67,57,1680.09,0.02,0.07,5.82,0.12,Mar,4,1,2,6,Returning_Visitor,False,False
2,5.0,1,11.73,37,1495.13,0.02,0.04,0.0,0.35,May,2,13,1,6,Returning_Visitor,False,False
0,78.11,1,6.3,38,1900.68,0.01,0.05,2.65,0.17,Nov,2,2,3,1,Returning_Visitor,False,True
2,192.81,1,102.01,87,2209.17,0.01,0.03,86.58,0.18,Nov,2,2,8,6,Returning_Visitor,False,False
2,177.61,2,78.26,79,860.8,0.03,0.04,0.0,0.12,Nov,2,2,1,6,Returning_Visitor,False,False
1,170.23,1,24.4,40,1523.83,0.02,0.06,3.04,0.14,Nov,2,3,1,6,Returning_Visitor,False,False
0,0.0,1,9.62,5,696.17,0.09,0.1,3.42,0.0,Nov,3,2,1,1,New_Visitor,True,False
1,59.98,1,11.58,23,745.21,0.03,0.1,1.7,0.08,Nov,2,1,1,2,Returning_Visitor,False,True
1,132.63,1,19.27,46,1501.93,0.02,0.06,3.65,0.14,Nov,2,3,1,6,Returning_Visitor,False,False
0,72.7,1,10.82,32,1680.71,0.02,0.06,3.43,0.0,Nov,2,2,3,2,Returning_Visitor,False,False
0,89.06,1,0.0,40,1855.34,0.02,0.06,5.67,0.14,Nov,2,2,3,6,Returning_Visitor,True,False
3,143.05,1,40.14,72,1327.08,0.01,0.03,5.79,0.18,Nov,2,2,1,6,Returning_Visitor,False,False
2,152.87,1,63.68,66,2254.93,0.02,0.05,8.55,0.0,Nov,2,2,1,1,Returning_Visitor,True,False
2,119.57,1,21.99,40,1429.83,0.02,0.03,0.0,0.27,May,2,2,1,2,Returning_Visitor,False,False
1,113.12,1,17.51,44,1210.75,0.03,0.08,3.58,0.14,Nov,2,3,1,6,Returning_Visitor,False,False
1,126.59,1,11.91,41,1569.47,0.02,0.06,2.49,0.16,Nov,2,3,7,6,Returning_Visitor,False,True
2,141.16,1,23.64,3,680.87,0.02,0.06,1.55,0.15,Dec,2,3,1,2,New_Visitor,False,False
2,19.0,1,17.89,39,501.75,0.02,0.04,2.61,0.3,May,2,13,1,6,Returning_Visitor,False,True
3,162.66,1,20.21,61,2218.64,0.01,0.01,5.89,0.13,Mar,4,1,2,1,Returning_Visitor,False,False
6,186.33,3,114.4,104,2643.65,0.01,0.02,27.62,0.18,Nov,2,2,8,6,Returning_Visitor,False,False
2,87.81,1,1.97,12,1798.4,0.03,0.06,1.11,0.19,Nov,2,1,3,6,Returning_Visitor,False,False
0,12.69,1,7.15,14,176.5,0.08,0.12,2.27,0.08,Nov,2,1,2,3,Returning_Visitor,False,False
0,109.83,1,12.78,34,2062.95,0.02,0.05,5.43,0.19,Nov,2,2,8,1,Returning_Visitor,False,False
2,169.1,1,34.3,65,402.33,0.01,0.04,6.56,0.34,May,2,2,3,6,Returning_Visitor,False,False
2,116.07,1,25.29,50,1769.65,0.02,0.05,3.2,0.14,Nov,2,1,7,6,Returning_Visitor,False,False
1,242.24,2,78.86,66,2254.0,0.03,0.08,11.13,0.16,Nov,2,3,1,1,Returning_Visitor,False,False
2,219.46,1,43.38,59,389.41,0.01,0.01,12.08,0.15,May,2,4,1,6,Returning_Visitor,False,False
0,31.87,1,0.0,21,914.2,0.02,0.1,1.43,0.0,Nov,2,3,1,2,Returning_Visitor,False,False
1,134.0,1,13.0,45,1629.06,0.01,0.06,5.33,0.15,Nov,2,2,1,6,Returning_Visitor,False,False
2,170.3,1,28.04,59,1798.24,0.02,0.07,7.42,0.14,Nov,2,1,1,1,Returning_Visitor,False,False
3,206.12,1,70.07,91,2192.03,0.01,0.04,17.0,0.0,Nov,2,2,2,6,Returning_Visitor,False,False
0,0.0,1,47.63,37,1656.31,0.09,0.11,0.0,0.37,Nov,3,2,2,6,Returning_Visitor,False,False
3,172.01,0,79.81,44,1637.69,0.01,0.03,14.57,0.0,Nov,2,13,1,6,Returning_Visitor,False,True
0,24.18,0,0.0,46,2632.86,0.01,0.05,2.43,0.17,Nov,2,3,7,1,Returning_Visitor,False,True
2,157.04,1,73.8,58,2118.36,0.03,0.03,8.87,0.11,Nov,3,2,1,6,Returning_Visitor,True,True
1,156.96,1,25.98,39,1209.96,0.03,0.08,5.95,0.0,Mar,2,3,1,2,Returning_Visitor,False,False
2,187.18,0,59.7,76,1731.03,0.01,0.05,8.48,0.17,Nov,2,2,1,6,Returning_Visitor,False,True
5,212.7,1,9.0,84,2373.03,0.05,0.03,21.83,0.11,Nov,3,2,1,1,Returning_Visitor,False,True
3,200.38,2,120.95,71,1782.45,0.0,0.03,7.8,0.0,Nov,2,2,1,6,Returning_Visitor,False,False
4,200.16,2,98.83,108,2117.91,0.01,0.04,18.49,0.16,Jul,3,2,1,6,Returning_Visitor,False,False
1,210.61,2,81.17,75,2170.76,0.03,0.08,10.47,0.15,Nov,2,3,1,1,Returning_Visitor,False,False
2,161.68,1,19.95,39,1356.77,0.02,0.05,2.58,0.14,Nov,2,3,1,6,Returning_Visitor,False,False
2,130.32,1,9.01,38,1502.49,0.02,0.06,1.85,0.14,Nov,2,1,1,6,Returning_Visitor,False,False
1,19.52,1,4.29,32,910.71,0.08,0.12,1.72,0.13,Nov,1,1,3,3,Returning_Visitor,False,False
1,91.92,1,22.93,32,208.0,0.11,0.08,3.66,0.0,Nov,1,1,2,1,Returning_Visitor,False,False
6,121.43,1,39.76,64,2002.04,0.01,0.03,5.5,0.13,Nov,3,2,1,6,Returning_Visitor,False,False
2,250.33,1,6.84,42,1706.4,0.01,0.04,1.88,0.25,Nov,2,2,7,6,Returning_Visitor,False,False
1,125.22,1,21.15,40,1435.44,0.02,0.06,3.66,0.14,Nov,2,2,1,6,Returning_Visitor,False,False
1,107.73,1,14.85,39,1534.82,0.02,0.07,3.34,0.14,Nov,2,3,1,6,Returning_Visitor,False,False
4,149.72,1,20.94,32,585.65,0.02,0.04,1.08,0.18,Nov,2,13,1,2,New_Visitor,False,False
2,107.23,1,10.38,42,2784.61,0.03,0.04,1.33,0.19,Mar,2,3,7,1,Returning_Visitor,False,False
1,133.91,1,26.99,45,368.0,0.01,0.05,4.37,0.15,Nov,2,2,8,6,Returning_Visitor,False,False
1,100.75,1,14.64,40,1431.64,0.02,0.08,3.22,0.12,Nov,2,1,1,3,Returning_Visitor,False,False
4,236.47,1,63.76,44,1351.97,0.01,0.03,2.81,0.19,Nov,2,2,8,11,Returning_Visitor,True,False
1,94.74,1,15.34,32,380.67,0.04,0.07,2.54,0.15,Nov,2,3,1,6,Returning_Visitor,False,False
3,254.51,1,27.11,49,1877.78,0.02,0.04,6.73,0.17,Mar,2,4,1,1,Returning_Visitor,False,True
0,128.08,1,61.9,60,2041.53,0.01,0.05,18.47,0.13,Nov,2,2,1,2,Returning_Visitor,False,False
2,198.38,1,21.2,54,1857.15,0.01,0.05,7.24,0.14,Nov,2,3,1,6,Returning_Visitor,False,False
2,157.74,1,16.52,45,1666.92,0.01,0.05,3.37,0.14,Nov,2,3,1,6,Returning_Visitor,False,False
0,48.71,0,16.04,21,756.2,0.08,0.2,2.78,0.09,Mar,3,1,1,3,Returning_Visitor,False,False
3,182.59,1,97.47,66,1636.36,0.01,0.02,25.2,0.28,May,2,2,8,6,Returning_Visitor,False,False
0,31.56,1,0.0,10,525.03,0.02,0.06,3.87,0.1,Nov,2,2,3,2,Returning_Visitor,False,True
4,199.2,4,106.09,96,1454.36,0.01,0.03,8.85,0.19,Nov,2,2,1,6,Returning_Visitor,False,True
2,198.16,2,84.0,59,2714.86,0.02,0.01,26.21,0.15,Mar,2,2,4,1,Returning_Visitor,False,False
2,166.3,1,45.41,60,1171.01,0.02,0.04,3.72,0.2,Nov,2,2,1,6,Returning_Visitor,False,False
2,60.0,1,14.12,49,1024.0,0.0,0.03,3.18,0.17,May,2,2,8,2,Returning_Visitor,False,False
2,136.72,1,24.53,48,1961.59,0.01,0.04,6.75,0.0,Nov,2,2,7,6,Returning_Visitor,False,False
3,124.12,1,0.0,40,1595.89,0.02,0.05,0.62,0.16,May,1,1,4,3,Returning_Visitor,False,False
2,170.12,0,7.46,39,1548.63,0.01,0.03,23.52,0.17,May,2,3,6,6,Returning_Visitor,True,True
0,60.92,1,20.0,35,910.81,0.02,0.1,5.28,0.13,Nov,2,3,6,3,Returning_Visitor,False,False
0,0.0,1,10.92,28,635.62,0.04,0.1,1.77,0.13,Mar,2,3,2,3,Returning_Visitor,False,False
2,333.53,2,65.63,73,1627.27,0.01,0.07,10.09,0.14,Jul,2,2,1,6,Returning_Visitor,False,True
0,41.38,1,18.67,16,184.38,0.07,0.13,2.3,0.11,Nov,2,3,1,6,Returning_Visitor,False,False
0,123.16,1,89.8,31,3026.67,0.01,0.03,25.48,0.19,Nov,2,2,7,2,Returning_Visitor,False,True
3,50.0,0,31.66,43,598.3,0.02,0.04,2.75,0.21,Nov,2,3,1,6,Returning_Visitor,False,False
4,219.2,2,86.34,50,2059.6,0.01,0.03,3.31,0.12,Nov,8,1,7,6,Returning_Visitor,False,False
3,141.84,1,21.71,33,1585.74,0.02,0.05,3.11,0.2,Mar,2,13,1,1,Returning_Visitor,False,False
1,132.15,1,18.38,40,1557.44,0.02,0.08,3.67,0.0,Nov,2,3,1,6,Returning_Visitor,False,False
0,42.0,0,23.62,38,1756.33,0.02,0.07,4.13,0.15,Nov,2,2,2,6,Returning_Visitor,False,False
2,137.92,1,41.11,33,967.3,0.02,0.03,2.34,0.14,Mar,2,8,1,5,New_Visitor,False,False
1,156.53,1,19.34,56,1655.51,0.02,0.05,4.08,0.15,Nov,2,2,1,6,Returning_Visitor,False,False
2,165.82,1,47.69,48,1842.6,0.0,0.03,6.39,0.15,Nov,2,3,1,6,Returning_Visitor,False,False
0,83.18,1,24.56,41,1645.07,0.01,0.07,5.05,0.14,Nov,2,2,2,6,Returning_Visitor,False,False
0,43.55,0,13.25,21,899.4,0.02,0.08,1.74,0.09,Nov,2,2,3,2,Returning_Visitor,True,False
1,106.17,1,11.88,35,1037.26,0.02,0.07,2.26,0.13,Nov,2,3,1,6,Returning_Visitor,False,False
2,111.18,1,6.73,32,1527.77,0.02,0.04,2.31,0.31,Nov,2,3,1,6,Returning_Visitor,False,True
0,157.26,1,71.45,97,1644.41,0.0,0.02,18.59,0.16,Nov,3,2,1,2,Returning_Visitor,True,True
0,143.58,1,50.44,51,3588.77,0.02,0.07,16.53,0.0,Nov,2,4,1,1,Returning_Visitor,False,False
0,48.49,1,11.97,15,180.67,0.04,0.1,1.74,0.09,Nov,2,3,1,2,Returning_Visitor,False,False
2,180.54,1,52.69,61,1646.75,0.02,0.07,6.57,0.13,Nov,2,2,1,6,Returning_Visitor,False,False
2,30.48,1,1.88,33,1042.78,0.03,0.1,1.05,0.12,Nov,1,1,3,1,Returning_Visitor,False,False
6,479.25,2,188.86,128,2156.53,0.01,0.04,16.45,0.0,Nov,2,2,1,1,Returning_Visitor,False,True
1,153.58,1,21.78,46,1586.28,0.0,0.07,5.64,0.12,Nov,2,3,2,6,Returning_Visitor,False,False
2,211.12,1,82.1,101,1767.62,0.01,0.03,8.73,0.24,Nov,2,2,2,6,Returning_Visitor,False,False
3,182.67,1,20.53,54,411.39,0.01,0.04,7.07,0.17,Nov,2,1,8,6,Returning_Visitor,False,True
1,206.8,1,41.51,55,1837.8,0.01,0.01,11.73,0.12,Nov,4,2,1,6,Returning_Visitor,True,False
0,55.02,1,14.59,26,771.36,0.03,0.09,3.14,0.11,Nov,2,2,2,2,Returning_Visitor,False,False
2,162.49,0,0.0,22,598.25,0.02,0.05,2.48,0.58,May,2,2,2,6,Returning_Visitor,False,False
1,128.83,1,21.59,48,1651.35,0.02,0.07,4.41,0.13,Nov,2,2,1,6,Returning_Visitor,False,False
1,28.14,1,11.01,15,348.64,0.05,0.2,1.43,0.14,Nov,2,2,1,2,Returning_Visitor,False,False
7,248.96,1,229.32,74,4264.27,0.01,0.01,52.08,0.11,Nov,3,2,1,4,Returning_Visitor,False,False
4,126.75,1,11.04,28,1430.76,0.04,0.02,1.04,0.14,Mar,3,2,7,2,Returning_Visitor,False,False
0,77.4,1,6.83,28,1387.29,0.01,0.06,2.23,0.15,Nov,2,2,8,2,Returning_Visitor,False,False
3,185.86,4,147.42,91,2094.34,0.02,0.03,19.96,0.15,Nov,3,2,2,2,Returning_Visitor,False,True
2,120.49,1,49.14,44,1915.11,0.05,0.07,7.64,0.12,Nov,3,3,1,6,Returning_Visitor,False,False
1,213.82,0,0.0,55,2502.63,0.01,0.05,7.11,0.24,Nov,4,2,3,6,Returning_Visitor,False,False
2,145.86,1,22.2,61,1698.86,0.02,0.05,2.51,0.11,Mar,2,1,1,1,Returning_Visitor,True,False
10,138.66,1,0.0,68,2917.42,0.0,0.03,10.32,0.24,Mar,4,2,2,3,Returning_Visitor,False,False
8,465.76,2,80.11,38,1731.68,0.0,0.03,9.8,0.0,Aug,1,1,1,6,Returning_Visitor,False,False
0,54.92,0,6.7,35,1562.88,0.03,0.09,3.11,0.13,Nov,2,1,3,1,Returning_Visitor,False,False
0,18.53,0,6.45,15,344.93,0.08,0.09,3.07,0.1,Nov,2,1,3,3,Returning_Visitor,False,False
3,134.48,1,97.95,58,1993.81,0.02,0.04,5.22,0.0,Nov,2,2,7,6,Returning_Visitor,True,False
2,163.58,1,41.89,37,1343.25,0.02,0.06,6.49,0.15,Mar,2,3,1,6,Returning_Visitor,False,False
2,163.29,1,51.7,73,1546.65,0.0,0.02,8.76,0.15,Nov,2,2,7,6,New_Visitor,False,True
3,61.67,0,41.08,46,1895.13,0.0,0.03,4.13,0.19,Mar,2,13,1,6,Returning_Visitor,False,False
1,120.85,0,9.48,38,1316.81,0.01,0.05,2.58,0.16,Mar,2,13,1,6,Returning_Visitor,False,False
2,207.29,2,77.87,9,1195.36,0.02,0.04,4.56,0.31,Nov,3,2,1,6,Returning_Visitor,False,False
6,214.0,1,19.43,45,1574.45,0.0,0.05,1.25,0.0,Nov,1,3,8,2,New_Visitor,False,False
2,173.21,1,11.1,61,3227.48,0.0,0.03,9.63,0.19,Nov,2,2,1,6,Returning_Visitor,False,False
1,119.94,0,20.83,37,1774.2,0.02,0.04,1.27,0.2,May,2,1,1,6,Returning_Visitor,False,False
5,219.59,1,59.5,82,1647.04,0.01,0.04,12.06,0.69,Mar,4,2,1,4,Returning_Visitor,True,False
3,195.94,1,17.51,44,1989.69,0.01,0.04,3.76,0.11,Nov,1,1,1,6,Returning_Visitor,False,False
1,150.3,1,17.16,48,1658.78,0.01,0.05,4.46,0.0,Nov,2,2,8,6,Returning_Visitor,False,False
0,72.2,1,21.35,24,558.74,0.09,0.13,5.5,0.14,Mar,3,1,1,3,Returning_Visitor,False,False
1,199.7,0,19.16,60,1593.01,0.02,0.04,7.04,0.16,Mar,4,1,2,6,Returning_Visitor,False,True
1,162.01,1,30.21,57,2590.37,0.05,0.06,12.25,0.13,Mar,2,4,2,3,Returning_Visitor,False,True
0,0.0,0,32.27,25,942.61,0.07,0.12,3.96,0.1,Nov,3,3,1,6,Returning_Visitor,False,False
3,205.54,1,39.7,79,2043.82,0.01,0.03,16.3,0.16,May,2,4,1,6,Returning_Visitor,False,False
1,130.5,1,0.0,49,1646.22,0.02,0.05,5.82,0.13,Nov,2,2,1,2,Returning_Visitor,False,False
3,524.75,2,89.25,64,2283.35,0.01,0.05,13.81,0.17,Nov,2,3,1,1,Returning_Visitor,False,True
3,216.62,1,23.25,66,1743.75,0.0,0.04,5.4,0.13,May,2,1,2,6,Returning_Visitor,False,False
1,53.34,1,34.96,37,857.07,0.09,0.13,3.61,0.26,Nov,3,1,1,3,Returning_Visitor,False,False
1,149.14,0,14.82,30,1460.16,0.02,0.05,0.0,0.15,Nov,2,3,1,6,Returning_Visitor,False,False
4,272.68,2,76.94,82,1416.08,0.01,0.05,6.91,0.12,Jul,2,2,1,6,Returning_Visitor,False,False
2,159.27,1,28.85,62,1624.86,0.01,0.04,9.33,0.21,Sep,2,13,1,5,Returning_Visitor,False,False
3,102.06,1,29.93,43,2131.05,0.01,0.05,2.84,0.22,May,2,1,1,3,Returning_Visitor,False,False
2,189.5,0,26.4,57,1086.63,0.02,0.07,4.54,0.14,Nov,2,3,1,6,Returning_Visitor,False,False
2,209.97,1,71.28,19,1429.46,0.01,0.02,12.54,0.18,Nov,2,13,1,6,Returning_Visitor,True,False
2,165.27,1,6.64,41,3830.94,0.01,0.01,14.3,0.22,Nov,2,3,7,1,Returning_Visitor,False,False
2,172.06,1,27.41,57,1817.82,0.01,0.05,5.98,0.14,Nov,2,3,1,6,Returning_Visitor,False,True
1,106.37,1,12.57,33,1105.46,0.03,0.08,0.0,0.12,Nov,2,1,1,6,Returning_Visitor,False,False
0,67.35,0,2.27,29,1507.91,0.01,0.06,1.29,0.12,Nov,2,1,3,2,Returning_Visitor,False,False
0,0.0,0,10.36,22,687.87,0.02,0.11,3.62,0.11,Nov,2,2,2,2,Returning_Visitor,False,False
2,59.59,1,47.89,61,2198.57,0.02,0.02,5.84,0.19,Dec,2,2,2,6,Returning_Visitor,False,False
2,70.51,1,54.45,42,1971.05,0.08,0.11,10.93,0.1,Mar,3,2,1,3,Returning_Visitor,False,False
1,144.28,1,12.86,39,1548.14,0.0,0.04,4.1,0.2,Nov,2,2,7,2,Returning_Visitor,False,False
1,132.74,1,23.86,52,1741.93,0.02,0.06,5.03,0.14,Nov,2,3,1,6,Returning_Visitor,False,False
3,157.39,1,36.22,51,1887.82,0.01,0.06,8.77,0.0,Nov,2,3,1,6,Returning_Visitor,False,False
1,59.09,1,15.48,41,1450.5,0.05,0.11,2.96,0.08,Nov,1,1,2,1,Returning_Visitor,False,False
4,50.07,2,102.03,159,866.01,0.01,0.02,4.12,0.18,Mar,3,2,1,4,Returning_Visitor,True,False
1,126.36,1,16.58,51,1316.8,0.01,0.07,4.47,0.13,Nov,2,3,1,6,Returning_Visitor,False,False
3,231.01,1,73.98,83,2493.71,0.01,0.05,18.27,0.16,Nov,2,13,1,1,Returning_Visitor,False,True
4,155.16,1,10.63,40,1212.9,0.01,0.05,1.43,0.17,Nov,2,3,1,6,New_Visitor,False,False
1,164.58,0,8.91,53,1793.96,0.0,0.04,8.09,0.11,Nov,2,2,7,2,New_Visitor,False,False
1,99.37,0,15.29,44,1483.91,0.02,0.08,3.97,0.12,Nov,2,1,1,6,Returning_Visitor,False,False
2,213.52,1,35.7,59,1898.91,0.02,0.06,6.27,0.12,Nov,2,3,1,1,Returning_Visitor,False,False
2,65.42,1,35.15,62,1496.97,0.01,0.04,6.32,0.19,Nov,2,2,1,6,Returning_Visitor,False,True
1,103.01,1,22.09,6,482.3,0.1,0.12,5.52,0.12,Mar,3,3,1,3,Returning_Visitor,False,True
3,206.95,2,81.81,69,1866.95,0.01,0.04,0.0,0.12,Nov,2,2,1,6,Returning_Visitor,False,False
1,156.63,1,0.0,60,2073.57,0.03,0.07,3.18,0.51,May,2,2,3,6,Returning_Visitor,False,False
2,151.09,1,19.14,40,997.01,0.0,0.03,4.04,0.13,Mar,2,2,1,2,New_Visitor,False,True
0,129.45,1,0.0,18,531.86,0.11,0.13,4.76,0.14,Nov,3,2,1,6,Returning_Visitor,True,False
0,35.42,0,7.05,19,745.46,0.0,0.08,2.16,0.11,Nov,2,2,3,2,Returning_Visitor,False,False
3,60.99,1,10.6,42,996.68,0.07,0.11,0.0,0.0,Nov,1,1,1,1,Returning_Visitor,False,False
1,157.97,1,28.03,44,1898.0,0.05,0.07,5.94,0.16,Mar,2,3,1,1,Returning_Visitor,False,False
2,152.66,1,27.42,45,1435.97,0.02,0.04,0.0,0.17,Dec,2,2,1,6,Returning_Visitor,False,False
4,198.77,2,48.13,76,3411.96,0.02,0.04,0.0,0.29,Nov,2,2,1,6,Returning_Visitor,False,True
3,219.17,1,107.16,82,2404.58,0.01,0.04,18.23,0.3,Nov,2,2,1,6,Returning_Visitor,False,False
2,118.75,1,37.79,59,2075.13,0.03,0.08,8.25,0.15,Nov,2,2,1,6,Returning_Visitor,False,False
0,98.51,1,0.0,52,2118.99,0.04,0.07,9.68,0.15,Nov,3,2,1,6,Returning_Visitor,False,False
0,15.82,0,1.07,18,846.93,0.01,0.11,0.76,0.0,Nov,1,1,3,2,New_Visitor,False,False
3,193.42,1,55.47,69,1885.55,0.01,0.05,9.06,0.13,Nov,2,3,1,6,Returning_Visitor,False,False
0,38.95,0,0.0,29,1559.44,0.0,0.07,2.81,0.12,Nov,2,2,3,2,Returning_Visitor,False,False
1,52.63,0,24.01,6,410.11,0.1,0.13,1.92,0.11,Mar,3,3,1,6,Returning_Visitor,False,False
3,133.42,2,0.0,28,389.87,0.04,0.06,0.0,0.0,Nov,3,3,1,2,New_Visitor,False,False
0,100.92,1,0.0,51,1842.54,0.01,0.07,8.26,0.2,Nov,2,2,3,6,Returning_Visitor,False,False
1,143.86,1,36.09,55,1429.78,0.02,0.05,4.72,0.12,Nov,2,2,1,6,Returning_Visitor,False,False
2,190.13,1,27.22,56,1845.81,0.01,0.05,8.27,0.17,Nov,2,3,1,6,Returning_Visitor,False,False
0,33.41,1,33.65,21,1082.64,0.01,0.07,5.96,0.12,Nov,2,2,2,2,Returning_Visitor,False,True
3,198.73,1,45.67,70,1857.93,0.0,0.02,6.69,0.1,Nov,2,2,1,2,Returning_Visitor,False,False
1,179.76,1,25.3,51,1958.83,0.01,0.05,6.95,0.15,Nov,2,2,1,6,Returning_Visitor,False,False
0,30.64,0,1.41,39,1706.59,0.02,0.07,1.19,0.21,Aug,2,1,3,6,Returning_Visitor,False,False
2,179.83,1,25.94,59,1642.66,0.01,0.06,5.06,0.17,Nov,2,3,1,6,Returning_Visitor,False,False
1,129.82,1,20.66,48,1338.09,0.03,0.08,3.59,0.15,Nov,2,1,1,6,Returning_Visitor,False,False
4,102.52,1,26.25,52,1590.36,0.01,0.03,2.33,0.21,Nov,2,3,1,6,Returning_Visitor,False,False
1,153.58,1,25.32,42,1608.27,0.02,0.07,0.0,0.15,Nov,2,3,1,6,Returning_Visitor,False,False
0,56.94,1,0.0,18,436.48,0.02,0.08,1.85,0.13,Nov,2,3,1,2,Returning_Visitor,False,False
2,97.51,1,13.23,26,559.63,0.02,0.04,2.4,0.17,Mar,2,13,1,6,New_Visitor,False,False
1,136.84,1,24.35,54,2095.9,0.04,0.08,5.86,0.0,Mar,2,1,1,1,Returning_Visitor,False,False
1,34.58,1,9.66,31,317.68,0.08,0.07,2.36,0.11,Nov,3,1,1,3,Returning_Visitor,False,False
1,165.92,1,16.43,52,1545.82,0.01,0.06,3.75,0.15,Nov,2,3,1,6,Returning_Visitor,False,False
5,178.66,2,103.56,129,3098.91,0.02,0.02,13.31,0.17,Dec,3,13,1,6,Returning_Visitor,False,False
2,199.47,2,83.73,63,1426.3,0.01,0.04,4.4,0.26,Nov,2,2,1,6,Returning_Visitor,False,False
2,181.2,2,89.49,72,1457.31,0.01,0.02,12.52,0.2,Dec,2,2,1,20,Returning_Visitor,False,False
1,152.03,1,35.07,77,1109.33,0.01,0.02,2.95,0.15,Nov,3,2,1,2,Returning_Visitor,True,False
0,76.85,1,23.02,8,551.17,0.03,0.04,3.06,0.0,Mar,2,2,2,2,Returning_Visitor,False,False
8,389.37,2,18.0,51,1682.48,0.0,0.04,2.98,0.03,Nov,1,1,1,6,New_Visitor,False,False
9,194.67,2,125.48,117,3069.88,0.02,0.03,10.13,0.14,Dec,3,2,2,6,Returning_Visitor,False,False
0,103.45,1,42.79,77,1666.18,0.01,0.06,13.06,0.23,Nov,2,2,2,2,Returning_Visitor,False,False
2,244.97,2,61.44,57,459.02,0.03,0.09,6.12,0.14,Jul,2,3,1,6,New_Visitor,False,False
6,441.74,2,64.26,120,2087.12,0.01,0.05,5.92,0.21,Nov,2,2,2,1,Returning_Visitor,False,False
1,109.85,1,7.64,16,1602.72,0.04,0.04,1.48,0.18,Nov,1,1,4,6,Returning_Visitor,False,False
2,185.45,1,43.39,63,1727.78,0.01,0.05,7.4,0.14,Nov,2,2,1,6,Returning_Visitor,False,False
0,23.21,0,12.11,32,1474.39,0.0,0.05,4.69,0.13,May,2,2,3,2,Returning_Visitor,False,False
3,183.22,1,30.78,49,1980.51,0.01,0.04,8.06,0.0,Nov,2,3,1,6,Returning_Visitor,False,False
2,171.48,1,30.85,59,1875.63,0.01,0.06,7.43,0.16,Nov,2,3,1,6,Returning_Visitor,False,False
2,174.31,0,37.06,55,2000.33,0.0,0.05,6.21,0.15,Nov,2,13,1,6,Returning_Visitor,False,False
4,199.04,1,292.0,44,2444.95,0.01,0.01,33.74,0.22,May,2,2,7,6,Returning_Visitor,False,True
1,150.2,1,0.0,57,1918.47,0.02,0.05,5.62,0.21,Nov,3,1,2,3,Returning_Visitor,False,False
2,5.5,1,8.94,51,1589.51,0.02,0.04,10.98,0.31,Oct,2,4,1,6,Returning_Visitor,False,False
1,133.03,1,19.16,37,1406.43,0.0,0.03,2.04,0.09,Nov,1,2,8,2,New_Visitor,False,True
1,260.49,1,52.89,54,1347.27,0.02,0.01,12.9,0.19,Nov,2,5,1,1,Returning_Visitor,False,False
0,28.59,0,24.55,35,2132.41,0.01,0.05,5.26,0.12,Nov,2,2,2,2,Returning_Visitor,False,True
0,80.06,0,0.0,36,1510.09,0.01,0.04,1.39,0.14,Nov,2,2,3,2,Returning_Visitor,False,False
0,33.14,1,16.29,25,1132.86,0.02,0.1,2.48,0.13,Nov,2,3,1,2,Returning_Visitor,False,False
4,209.34,1,93.34,80,2685.95,0.03,0.05,14.33,0.2,Nov,2,13,1,6,Returning_Visitor,False,False
0,30.14,0,5.49,28,1490.33,0.03,0.09,2.51,0.0,Mar,4,1,3,3,Returning_Visitor,False,False
2,181.83,2,65.12,64,1481.14,0.02,0.06,5.6,0.13,Nov,2,3,1,6,Returning_Visitor,False,False
0,118.58,1,26.98,50,1960.68,0.01,0.05,8.9,0.14,Nov,2,2,2,6,Returning_Visitor,False,True
4,191.02,1,69.28,11,2026.09,0.01,0.04,7.27,0.26,Nov,2,2,1,6,Returning_Visitor,True,True
2,172.46,1,57.5,60,2404.97,0.03,0.07,10.0,0.17,Nov,2,2,1,1,Returning_Visitor,False,False
0,66.76,1,9.56,28,998.43,0.02,0.07,2.47,0.13,Nov,2,2,3,2,Returning_Visitor,False,False
1,136.18,1,13.66,36,1807.57,0.01,0.05,4.98,0.21,Nov,2,3,1,1,Returning_Visitor,False,True
2,182.61,1,4.67,26,652.92,0.02,0.04,1.15,0.19,Nov,2,1,1,1,Returning_Visitor,False,False
1,117.17,1,17.14,43,1543.27,0.02,0.08,2.92,0.21,Nov,2,2,1,6,Returning_Visitor,False,False
1,124.14,1,41.93,43,1609.12,0.02,0.05,5.88,0.15,Nov,2,2,1,6,Returning_Visitor,False,False
1,85.34,1,16.54,33,1281.27,0.02,0.06,3.1,0.12,Nov,2,2,1,2,Returning_Visitor,False,False
1,165.91,1,41.27,68,1586.66,0.01,0.06,7.73,0.17,Nov,2,2,1,6,Returning_Visitor,False,False
1,133.24,1,26.46,46,1707.46,0.02,0.07,5.68,0.13,Nov,2,3,1,6,Returning_Visitor,False,False
1,158.1,1,16.45,54,1575.78,0.02,0.07,3.65,0.16,Nov,2,3,1,6,Returning_Visitor,False,False
3,151.24,2,61.92,64,1309.59,0.01,0.0,1.04,0.14,Nov,2,2,6,6,Returning_Visitor,False,False
1,222.8,1,38.56,65,1717.19,0.01,0.05,7.96,0.18,Nov,2,3,1,6,Returning_Visitor,False,False
1,144.09,1,30.15,54,1737.03,0.01,0.07,5.8,0.13,Nov,2,2,1,6,Returning_Visitor,False,False
1,141.02,1,11.83,30,1724.71,0.02,0.04,2.78,0.14,Nov,2,1,2,6,Returning_Visitor,False,False
0,27.73,0,28.05,30,640.55,0.06,0.11,0.0,0.27,May,3,2,2,13,Returning_Visitor,False,False
1,211.87,1,19.35,63,1638.67,0.01,0.05,10.14,0.0,Nov,2,3,1,2,Returning_Visitor,False,False
1,72.61,1,64.38,6,792.56,0.03,0.09,3.96,0.14,May,2,13,1,2,Returning_Visitor,False,True
1,115.16,1,25.91,47,1484.95,0.02,0.07,4.75,0.15,Nov,2,3,1,6,Returning_Visitor,False,False
2,182.83,1,30.36,51,2173.39,0.0,0.03,11.31,0.15,Nov,2,2,7,6,Returning_Visitor,False,True
3,193.02,1,78.98,60,2701.32,0.01,0.06,17.4,0.12,Nov,2,3,1,6,Returning_Visitor,False,False
0,0.0,0,4.36,27,766.87,0.02,0.05,0.0,0.15,Nov,2,2,3,6,Returning_Visitor,False,False
2,249.27,2,89.66,19,1525.78,0.0,0.06,7.75,0.28,Nov,2,3,1,6,Returning_Visitor,False,False
3,185.29,1,0.0,41,1586.1,0.02,0.04,0.55,0.13,Nov,1,1,4,6,Returning_Visitor,False,False
1,170.96,1,31.49,51,1644.21,0.03,0.07,5.06,0.35,Nov,2,2,1,1,Returning_Visitor,False,False
1,175.82,1,18.49,44,366.5,0.0,0.05,5.19,0.0,Nov,2,2,8,2,Returning_Visitor,False,True
2,70.5,1,28.7,51,855.67,0.01,0.03,3.89,0.17,Nov,2,13,1,2,Returning_Visitor,False,False
4,199.96,2,46.99,53,1914.91,0.01,0.05,4.41,0.1,Nov,1,1,1,6,Returning_Visitor,False,True
2,74.14,1,3.49,31,1358.21,0.02,0.08,1.1,0.14,Nov,1,1,3,3,Returning_Visitor,False,False
1,168.49,0,16.53,43,1546.79,0.02,0.06,4.89,0.15,Nov,2,3,1,6,Returning_Visitor,False,False
2,156.9,1,14.5,72,1761.74,0.02,0.07,12.53,0.2,Mar,2,4,3,3,Returning_Visitor,False,False
2,175.05,1,35.01,54,2134.24,0.02,0.05,8.58,0.15,Nov,2,3,1,6,Returning_Visitor,False,False
2,159.89,1,26.15,56,1700.24,0.01,0.05,5.18,0.16,Nov,2,2,1,6,Returning_Visitor,False,True
7,202.33,2,103.51,111,1542.36,0.01,0.02,8.01,0.17,Nov,2,2,1,6,Returning_Visitor,False,False
1,161.22,1,25.12,54,1632.56,0.02,0.06,3.8,0.26,Nov,2,2,1,6,Returning_Visitor,False,False
1,156.93,1,23.76,52,1563.54,0.02,0.06,3.91,0.18,Nov,2,3,1,6,Returning_Visitor,False,False
1,147.16,1,20.71,51,1632.43,0.02,0.06,5.27,0.14,Nov,2,3,1,6,Returning_Visitor,False,False
1,90.78,1,12.87,54,664.04,0.04,0.06,3.4,0.09,Nov,1,1,1,1,Returning_Visitor,False,False
0,0.0,1,0.0,41,1358.34,0.02,0.1,2.7,0.21,May,2,1,2,6,Returning_Visitor,False,False
2,201.66,2,73.03,96,1984.4,0.02,0.05,46.34,0.0,Nov,2,2,1,6,Returning_Visitor,False,True
1,199.23,1,36.93,60,2205.44,0.01,0.04,12.99,0.17,Nov,2,3,1,1,Returning_Visitor,False,False
2,162.1,1,28.75,46,1680.69,0.03,0.09,3.1,0.36,Nov,2,3,1,6,Returning_Visitor,False,True
1,227.53,2,91.9,70,2896.07,0.04,0.05,22.9,0.14,Nov,3,2,2,20,Returning_Visitor,False,True
2,74.19,1,0.0,43,1015.85,0.01,0.01,7.21,0.11,Mar,4,4,2,3,Returning_Visitor,True,False
0,83.28,1,48.54,1,272.43,0.1,0.09,0.0,0.09,Nov,2,2,1,6,Returning_Visitor,False,False
1,187.47,1,62.96,60,1688.29,0.03,0.06,6.45,0.11,Nov,3,2,1,6,Returning_Visitor,True,False
2,168.81,1,0.0,36,1628.38,0.02,0.06,5.89,0.21,Dec,2,13,1,1,Returning_Visitor,False,False
0,137.05,1,0.0,29,1186.42,0.02,0.05,3.9,0.0,Nov,2,2,1,2,Returning_Visitor,False,False
2,118.49,0,0.0,51,1768.56,0.02,0.05,3.78,0.19,Nov,3,2,1,6,Returning_Visitor,False,False
5,161.25,1,20.58,42,2029.68,0.01,0.04,0.76,0.09,Nov,1,1,1,2,Returning_Visitor,False,True
2,36.95,1,2.78,34,829.33,0.04,0.11,1.79,0.12,Nov,1,1,3,3,Returning_Visitor,False,False
0,15.12,1,10.8,20,950.44,0.03,0.11,0.0,0.14,Nov,2,2,2,2,Returning_Visitor,False,False
1,39.24,1,28.24,1,309.14,0.1,0.13,4.16,0.13,Dec,2,3,1,3,Returning_Visitor,False,False
5,128.59,1,13.86,44,1557.8,0.01,0.04,3.25,0.2,Mar,2,13,1,1,Returning_Visitor,False,False
1,152.51,1,27.82,54,1626.35,0.02,0.06,4.6,0.13,Nov,2,3,1,6,Returning_Visitor,False,True
1,48.24,1,31.02,24,731.55,0.07,0.13,4.45,0.16,Nov,3,3,1,6,Returning_Visitor,False,False
1,195.79,1,17.31,34,894.68,0.01,0.05,2.36,0.12,Nov,2,3,1,2,New_Visitor,False,True
0,42.8,1,11.79,22,711.2,0.03,0.11,2.12,0.12,Nov,2,3,1,6,Returning_Visitor,False,False
2,201.71,0,0.0,44,1086.18,0.01,0.05,13.48,0.0,May,4,2,3,1,Returning_Visitor,False,False
1,154.41,1,17.64,37,1098.41,0.02,0.03,5.34,0.29,May,2,2,8,6,Returning_Visitor,False,False
1,118.89,1,9.95,43,1546.05,0.01,0.07,0.0,0.12,May,2,1,1,6,Returning_Visitor,False,False
1,126.01,1,36.09,50,1568.59,0.03,0.08,4.31,0.24,Nov,2,2,1,6,Returning_Visitor,False,False
1,171.98,1,46.25,55,1656.02,0.02,0.06,8.77,0.14,Nov,2,2,1,6,Returning_Visitor,False,False
1,109.46,1,18.99,42,1615.67,0.02,0.08,3.63,0.0,Nov,3,3,1,6,Returning_Visitor,False,False
1,116.0,1,5.56,39,1864.12,0.01,0.06,2.35,0.12,Nov,1,1,7,6,Returning_Visitor,False,True
0,0.0,1,41.08,26,778.37,0.07,0.09,2.57,0.0,Nov,3,1,1,1,Returning_Visitor,True,False
1,136.48,1,31.75,54,1893.05,0.02,0.07,7.07,0.14,Nov,2,2,1,6,Returning_Visitor,False,True
1,179.47,1,8.23,40,1034.9,0.0,0.06,2.23,0.13,Nov,2,3,1,2,New_Visitor,False,False
2,175.9,1,57.65,87,1503.32,0.01,0.03,8.59,0.19,Nov,2,2,8,6,Returning_Visitor,False,True
1,145.49,1,30.66,45,1650.86,0.03,0.07,4.38,0.13,Nov,2,3,1,6,Returning_Visitor,False,False
3,344.49,4,136.18,58,2203.96,0.01,0.04,20.39,0.17,Nov,4,13,1,1,Returning_Visitor,False,False
5,171.75,2,134.07,79,1833.24,0.0,0.05,0.0,0.17,Nov,2,2,8,6,Returning_Visitor,False,False
1,159.11,1,22.83,50,1774.79,0.02,0.06,4.82,0.15,Nov,2,3,1,6,Returning_Visitor,False,False
2,162.99,1,32.95,62,1565.71,0.02,0.04,4.14,0.0,Nov,2,2,7,6,Returning_Visitor,False,True
0,137.99,1,36.89,65,1570.23,0.03,0.09,9.25,0.18,June,2,2,1,1,Returning_Visitor,False,False
3,140.51,1,24.37,63,1578.61,0.02,0.02,3.8,0.11,Nov,3,1,1,6,Returning_Visitor,True,False
2,215.57,1,89.72,99,2582.0,0.01,0.04,15.43,0.16,Nov,2,2,1,6,Returning_Visitor,False,False
1,158.56,1,14.41,37,1495.55,0.02,0.08,3.21,0.17,Nov,2,3,1,6,Returning_Visitor,False,False
1,143.8,1,21.92,46,1672.12,0.02,0.07,4.27,0.14,Nov,2,3,1,6,Returning_Visitor,False,False
3,181.41,1,0.0,72,1202.62,0.01,0.02,2.3,0.13,May,2,2,1,2,New_Visitor,False,True
1,169.42,2,24.0,82,1771.94,0.02,0.03,22.55,0.0,May,3,2,1,2,Returning_Visitor,False,False
1,154.27,1,39.8,54,1566.76,0.01,0.06,4.8,0.12,Nov,2,2,1,6,Returning_Visitor,False,False
1,48.32,1,21.61,39,1285.28,0.02,0.05,3.59,0.1,Mar,2,1,2,3,Returning_Visitor,True,False
2,54.5,4,95.69,80,1292.71,0.01,0.03,19.36,0.43,Nov,2,2,1,4,Returning_Visitor,False,False
0,161.73,0,46.72,54,2534.41,0.06,0.1,4.17,0.8,Nov,3,2,2,6,Returning_Visitor,False,True
2,40.2,1,52.66,32,919.29,0.02,0.04,6.08,0.16,Oct,2,13,1,1,New_Visitor,False,False
1,135.44,1,27.29,34,2052.66,0.02,0.05,5.44,0.16,Nov,2,3,1,1,Returning_Visitor,False,False
0,45.38,1,33.76,43,2076.67,0.02,0.05,2.77,0.52,May,2,2,3,6,Returning_Visitor,False,False
2,161.8,1,26.67,61,1560.38,0.02,0.04,4.95,0.24,Nov,2,2,3,6,Returning_Visitor,False,False
0,98.66,1,0.0,20,745.45,0.02,0.08,3.35,0.0,Nov,2,3,1,2,New_Visitor,False,False
1,154.95,1,28.28,51,1863.47,0.02,0.07,6.57,0.14,Nov,2,3,1,6,Returning_Visitor,False,True
4,315.69,1,86.51,62,1948.55,0.01,0.05,12.79,0.0,Nov,4,4,9,1,Returning_Visitor,True,False
1,235.21,1,36.29,63,399.88,0.04,0.1,7.05,0.13,Sep,2,3,1,5,New_Visitor,False,False
3,99.69,1,33.24,42,728.38,0.03,0.03,2.93,0.11,Mar,3,3,1,3,Returning_Visitor,False,True
9,190.9,1,75.17,88,2912.07,0.01,0.04,18.38,0.13,Nov,3,3,1,6,Returning_Visitor,False,True
3,190.52,1,0.0,80,2065.65,0.01,0.02,0.0,0.18,Aug,2,4,7,6,Returning_Visitor,False,False
2,164.47,1,3.29,11,1206.61,0.01,0.04,2.17,0.0,Mar,4,1,3,3,Returning_Visitor,False,False
2,185.24,1,36.69,58,1950.75,0.01,0.04,11.13,0.14,Nov,2,3,1,6,Returning_Visitor,False,False
1,168.78,1,4.89,1,530.93,0.0,0.08,0.9,0.1,Nov,2,3,1,2,New_Visitor,False,True
0,0.0,1,12.66,17,565.01,0.03,0.12,1.96,0.12,Nov,2,3,1,2,Returning_Visitor,False,False
1,93.21,1,21.76,37,1085.2,0.02,0.07,0.0,0.12,Nov,2,3,1,6,Returning_Visitor,False,False
2,146.98,1,31.58,52,1636.7,0.02,0.05,4.26,0.14,Nov,3,3,1,6,Returning_Visitor,False,False
1,114.03,1,0.0,26,646.08,0.03,0.08,2.01,0.14,Mar,2,3,1,6,Returning_Visitor,False,True
3,230.69,1,65.01,68,2453.15,0.01,0.01,9.1,0.19,Nov,2,2,1,10,Returning_Visitor,False,False
1,158.77,1,27.87,55,1510.38,0.02,0.05,0.0,0.14,Nov,2,2,1,6,Returning_Visitor,False,False
9,52.59,1,5.36,33,1591.58,0.02,0.09,1.49,0.09,Nov,1,1,7,3,Returning_Visitor,False,False
1,149.96,1,27.47,51,1406.02,0.02,0.07,4.47,0.14,Nov,2,3,1,6,Returning_Visitor,False,False
5,371.91,0,70.24,90,2285.28,0.0,0.03,23.15,0.09,Nov,2,2,1,6,Returning_Visitor,False,True
5,369.38,2,90.83,73,1328.5,0.01,0.05,12.89,0.13,Nov,4,3,1,1,Returning_Visitor,False,False
2,108.71,1,0.0,42,1772.1,0.04,0.07,2.81,0.12,Mar,2,2,1,1,Returning_Visitor,False,False
1,152.68,1,22.12,53,1237.83,0.02,0.04,1.74,0.15,Nov,2,1,1,6,Returning_Visitor,True,False
0,22.62,1,14.89,1,469.77,0.1,0.13,2.0,0.12,Mar,2,3,1,3,Returning_Visitor,False,False
1,129.15,1,6.16,20,108.42,0.01,0.06,0.75,0.12,Nov,2,3,1,2,New_Visitor,False,False
1,130.74,1,29.98,58,1483.33,0.02,0.06,4.1,0.14,Nov,2,3,1,6,Returning_Visitor,False,False
2,86.33,1,27.89,57,1407.99,0.01,0.04,4.43,0.0,Nov,2,2,1,6,Returning_Visitor,False,False
0,89.31,1,45.61,2,651.73,0.08,0.11,3.86,0.12,Nov,3,3,1,6,Returning_Visitor,False,False
1,171.59,1,17.29,42,1779.66,0.02,0.06,4.13,0.17,Nov,2,3,1,1,Returning_Visitor,False,True
2,161.48,2,81.98,59,1871.21,0.01,0.03,5.62,0.17,Nov,2,2,1,2,Returning_Visitor,False,False
1,129.4,1,10.41,43,1640.5,0.01,0.06,2.38,0.13,Nov,2,3,1,6,Returning_Visitor,False,False
0,66.62,0,43.44,26,1033.77,0.03,0.12,4.34,0.23,May,3,13,1,6,Returning_Visitor,False,False
1,136.22,1,28.91,61,1606.51,0.03,0.09,8.35,0.12,Nov,2,3,2,6,Returning_Visitor,False,False
3,188.42,1,12.0,83,1599.4,0.01,0.03,2.44,0.24,Dec,2,2,7,6,Returning_Visitor,False,False
1,138.16,1,21.79,41,1123.38,0.02,0.05,2.91,0.2,Nov,2,2,2,6,Returning_Visitor,False,False
1,162.91,1,23.15,50,1659.3,0.02,0.07,4.64,0.15,Nov,2,3,1,6,Returning_Visitor,False,False
1,143.44,1,29.69,48,1831.77,0.01,0.07,5.77,0.0,Nov,2,3,1,6,Returning_Visitor,False,False
3,102.01,1,0.0,37,1324.74,0.02,0.07,0.65,0.12,Nov,1,1,1,3,Returning_Visitor,False,False
1,153.55,1,46.69,54,1883.21,0.02,0.07,5.05,0.2,May,2,2,3,6,Returning_Visitor,False,False
2,169.1,2,90.65,69,1882.4,0.02,0.03,0.9,0.21,Nov,3,2,1,6,Returning_Visitor,False,False
1,172.64,1,26.97,55,1721.99,0.02,0.06,0.0,0.12,Nov,2,3,1,6,Returning_Visitor,False,False
0,0.0,1,0.0,21,466.97,0.03,0.04,4.9,0.14,Nov,2,2,2,6,Returning_Visitor,False,False
1,97.26,1,19.14,41,1390.86,0.03,0.1,5.23,0.0,Nov,2,1,1,6,Returning_Visitor,False,True
2,114.05,1,0.0,42,1889.93,0.02,0.06,1.3,0.17,Nov,2,1,1,6,Returning_Visitor,False,False
2,89.97,1,27.42,46,1716.18,0.01,0.01,2.31,0.0,May,2,3,7,6,Returning_Visitor,False,False
6,428.69,1,189.3,87,304.7,0.0,0.05,3.66,0.15,Sep,2,2,1,4,Returning_Visitor,False,True
4,130.57,2,49.12,66,2070.81,0.01,0.01,5.58,0.12,Nov,2,3,1,6,Returning_Visitor,False,False
1,124.45,1,18.84,50,1035.09,0.02,0.0,3.05,0.12,Nov,2,2,1,2,Returning_Visitor,False,False
3,205.05,2,52.65,52,1017.52,0.04,0.05,4.6,0.13,Nov,2,3,1,6,Returning_Visitor,False,True
1,107.67,1,11.85,34,281.42,0.02,0.06,1.58,0.14,Nov,2,2,2,2,Returning_Visitor,False,False
0,27.05,1,14.93,6,655.65,0.03,0.12,2.4,0.15,May,2,2,1,6,Returning_Visitor,False,False
2,126.08,3,107.77,54,9018.12,0.03,0.05,0.0,0.12,Nov,3,2,1,1,Returning_Visitor,False,False
3,152.52,1,51.81,51,1214.72,0.02,0.02,7.16,0.33,June,2,3,8,1,Returning_Visitor,False,True
1,161.04,1,8.48,25,1586.41,0.02,0.04,5.09,0.18,Nov,2,2,1,6,New_Visitor,False,False
0,57.39,1,38.08,2,621.69,0.1,0.13,0.0,0.11,Nov,2,2,1,2,Returning_Visitor,False,False
0,86.38,0,19.18,43,1682.7,0.01,0.07,3.75,0.25,Nov,2,2,2,6,Returning_Visitor,False,False
2,137.4,1,331.75,49,3452.92,0.02,0.02,36.96,0.16,Nov,3,2,1,6,Returning_Visitor,True,False
1,172.32,1,55.92,58,1883.38,0.03,0.06,8.49,0.13,Nov,3,2,2,6,Returning_Visitor,True,False
3,101.83,1,10.0,46,956.61,0.01,0.03,0.0,0.18,Mar,2,3,1,8,New_Visitor,False,False
1,162.14,1,12.94,40,1849.14,0.02,0.06,2.62,0.17,Mar,2,3,1,1,Returning_Visitor,False,False
3,21.25,1,72.41,78,1543.22,0.01,0.03,8.43,0.29,Nov,2,2,1,6,Returning_Visitor,False,False
0,40.8,1,0.0,35,2186.09,0.08,0.1,3.72,0.41,Nov,2,2,3,1,Returning_Visitor,False,False
2,199.32,1,67.87,65,2132.47,0.01,0.04,14.61,0.15,Nov,2,2,1,6,Returning_Visitor,False,False
1,94.47,0,38.05,39,1520.74,0.02,0.04,2.99,0.18,Dec,2,2,2,6,Returning_Visitor,False,False
2,199.03,1,35.2,69,1482.61,0.01,0.04,0.0,0.14,Nov,2,2,1,6,Returning_Visitor,False,True
1,132.49,1,23.56,44,1333.67,0.03,0.07,3.59,0.13,Nov,2,3,1,6,Returning_Visitor,False,False
0,51.32,1,28.18,23,61.33,0.1,0.12,3.67,0.11,Mar,2,1,1,1,Returning_Visitor,False,False
3,153.17,1,16.81,41,1653.02,0.01,0.07,1.68,0.11,Nov,1,1,1,1,Returning_Visitor,False,False
2,92.1,1,12.05,36,842.2,0.02,0.03,2.52,0.19,Nov,2,2,1,6,New_Visitor,False,False
1,19.38,1,16.96,1,508.27,0.2,0.13,0.0,0.14,Nov,2,1,2,3,Returning_Visitor,False,False
1,83.04,1,8.3,32,1098.7,0.02,0.08,0.0,0.13,Nov,2,1,1,6,Returning_Visitor,False,False
1,167.8,1,83.79,70,1696.81,0.01,0.03,17.48,0.24,Nov,2,2,1,6,Returning_Visitor,False,False
10,243.01,3,140.56,220,2830.04,0.1,0.11,29.22,0.13,Nov,2,2,1,1,Returning_Visitor,False,False
1,117.04,1,12.19,47,1812.0,0.03,0.07,3.43,0.1,Mar,2,3,2,1,Returning_Visitor,False,False
1,177.26,1,0.0,28,954.05,0.01,0.04,2.0,0.14,Nov,2,2,1,2,New_Visitor,False,False
0,24.15,1,32.68,20,852.23,0.04,0.08,3.29,0.24,May,3,2,1,6,Returning_Visitor,False,False
2,159.48,1,35.71,60,1819.91,0.01,0.05,5.99,0.14,Nov,2,3,1,6,Returning_Visitor,False,False
1,149.28,1,88.29,61,2235.69,0.03,0.08,17.13,0.28,Nov,2,2,3,6,Returning_Visitor,False,False
0,173.83,1,69.61,24,737.26,0.1,0.2,8.67,0.09,Nov,3,3,1,6,Returning_Visitor,True,False
2,186.71,1,61.69,83,2723.07,0.01,0.02,15.7,0.13,Mar,2,2,2,6,Returning_Visitor,False,False
3,231.21,2,115.57,44,1958.44,0.02,0.07,6.56,0.19,Nov,2,2,1,1,Returning_Visitor,True,False
1,148.12,1,21.98,48,1586.56,0.02,0.08,3.41,0.13,Nov,2,3,1,6,Returning_Visitor,False,True
4,229.39,1,89.51,105,2303.18,0.05,0.02,14.0,0.19,Nov,2,5,2,6,Returning_Visitor,False,False
0,173.37,1,55.35,58,2222.84,0.03,0.09,4.52,0.6,May,3,2,2,6,Returning_Visitor,False,False
3,179.67,1,31.15,53,1622.56,0.0,0.03,4.59,0.18,Nov,2,13,1,6,New_Visitor,False,True
0,43.05,1,23.07,25,879.56,0.02,0.08,2.21,0.15,May,2,3,1,2,Returning_Visitor,False,False
1,97.23,1,55.56,49,2129.82,0.01,0.06,6.2,0.15,May,2,2,2,6,Returning_Visitor,False,False
1,174.29,1,41.96,61,1799.15,0.01,0.06,6.11,0.21,Nov,2,2,1,6,Returning_Visitor,False,False
0,70.73,1,26.86,45,1838.48,0.02,0.06,5.14,0.0,Nov,2,2,3,1,Returning_Visitor,False,False
3,201.87,1,49.12,61,1846.27,0.01,0.01,12.67,0.16,May,4,4,1,6,Returning_Visitor,True,True
1,132.02,1,11.71,43,1439.64,0.01,0.06,3.9,0.16,Nov,2,2,1,6,Returning_Visitor,False,True
0,87.82,1,38.06,43,1467.06,0.01,0.04,5.76,0.17,May,3,2,1,6,Returning_Visitor,False,False
1,158.32,1,61.56,77,2508.41,0.01,0.04,16.86,0.16,Nov,2,2,2,2,Returning_Visitor,False,True
2,171.62,1,42.32,36,348.43,0.01,0.03,3.36,0.14,Nov,2,8,1,1,Returning_Visitor,False,True
0,39.46,1,0.0,26,0.0,0.11,0.13,4.07,0.12,Mar,2,3,1,1,Returning_Visitor,False,False
2,143.41,1,20.2,43,1625.25,0.02,0.07,4.09,0.14,Nov,2,1,1,6,Returning_Visitor,False,False
2,134.49,1,14.47,47,1609.8,0.02,0.07,3.09,0.11,Nov,2,1,1,6,Returning_Visitor,False,True
0,68.91,1,30.12,25,904.46,0.05,0.13,4.49,0.14,Nov,2,3,1,1,Returning_Visitor,False,False
3,118.77,1,36.08,53,1168.81,0.01,0.03,2.98,0.17,Nov,2,2,1,6,Returning_Visitor,False,True
1,81.65,1,15.76,38,1504.38,0.02,0.09,3.4,0.17,Nov,2,1,9,3,Returning_Visitor,False,False
2,144.3,1,17.17,39,1454.5,0.01,0.04,2.49,0.15,Nov,2,2,1,6,Returning_Visitor,False,False
3,411.42,1,52.57,81,2219.19,0.0,0.06,10.15,0.15,Sep,4,3,1,6,Returning_Visitor,False,False
0,171.54,3,100.15,97,2047.18,0.01,0.03,23.85,0.14,Nov,2,2,2,2,Returning_Visitor,False,False
0,58.16,0,35.95,34,1657.43,0.01,0.04,3.02,0.15,May,2,2,2,2,Returning_Visitor,False,True
2,63.5,2,44.13,76,917.04,0.01,0.03,4.45,0.18,Mar,2,3,1,6,New_Visitor,False,False
2,181.27,1,18.06,17,2043.46,0.01,0.06,4.86,0.14,Nov,2,3,1,6,Returning_Visitor,False,False
2,14.0,0,8.6,31,1402.48,0.02,0.04,2.95,0.24,Mar,2,13,1,1,Returning_Visitor,False,False
1,143.42,1,29.36,55,1755.2,0.02,0.06,5.19,0.26,Nov,2,2,1,6,Returning_Visitor,False,False
0,19.24,0,0.0,36,1722.88,0.01,0.08,0.78,0.15,May,2,2,3,2,Returning_Visitor,False,False
1,40.11,1,26.48,19,55.0,0.12,0.13,3.24,0.11,Nov,3,1,1,1,Returning_Visitor,False,False
3,72.43,1,61.55,69,1507.99,0.0,0.02,15.36,0.17,Nov,2,2,8,6,Returning_Visitor,False,False
2,5.0,1,42.39,41,1729.86,0.01,0.04,7.01,1.0,Nov,2,2,1,4,Returning_Visitor,True,False
0,121.3,1,11.88,36,819.5,0.01,0.04,2.35,0.14,Nov,2,2,7,2,Returning_Visitor,False,False
2,168.94,1,22.28,50,1579.7,0.0,0.05,4.58,0.15,Nov,2,3,1,6,Returning_Visitor,False,False
2,84.03,1,5.67,36,1246.82,0.02,0.07,1.67,0.12,Nov,1,1,2,3,Returning_Visitor,False,True
3,164.78,2,81.11,46,1347.45,0.02,0.04,5.26,0.18,Nov,2,3,1,2,Returning_Visitor,False,True
1,41.18,1,11.16,17,16.0,0.08,0.13,1.81,0.11,Nov,2,1,1,6,Returning_Visitor,False,False
1,97.23,1,11.2,36,1313.25,0.02,0.09,0.0,0.12,Nov,2,1,1,1,Returning_Visitor,False,False
4,155.86,2,110.16,54,1645.03,0.01,0.02,9.13,0.18,Nov,2,1,1,6,Returning_Visitor,False,False
0,91.78,0,14.96,23,1624.16,0.02,0.04,3.73,0.17,Nov,2,2,3,2,Returning_Visitor,False,False
1,172.49,1,63.46,39,795.0,0.02,0.07,12.18,0.13,Nov,2,3,9,6,Returning_Visitor,True,False
3,175.89,1,80.6,53,1749.8,0.02,0.04,4.08,0.11,Nov,1,3,1,6,Returning_Visitor,True,False
0,31.34,1,12.0,18,527.11,0.04,0.1,2.51,0.1,Nov,2,3,2,2,Returning_Visitor,False,False
1,150.39,1,17.35,60,3359.62,0.01,0.05,9.12,0.22,Nov,2,2,2,6,Returning_Visitor,False,True
2,176.08,1,38.95,67,2147.4,0.01,0.01,9.5,0.12,Nov,3,3,1,6,Returning_Visitor,True,False
1,150.19,1,45.71,69,2354.96,0.01,0.04,8.92,0.0,Nov,3,2,2,6,Returning_Visitor,True,False
2,113.22,1,6.68,27,1311.27,0.01,0.04,0.0,0.0,Nov,2,2,1,2,New_Visitor,False,False
1,162.23,1,13.46,55,1966.78,0.0,0.01,10.98,0.16,Mar,2,13,1,2,Returning_Visitor,False,True
1,104.16,1,9.06,15,1334.33,0.01,0.05,1.62,0.0,Nov,2,1,1,2,Returning_Visitor,False,False
1,150.51,1,29.61,46,1679.35,0.01,0.06,4.55,0.12,Nov,2,3,1,6,Returning_Visitor,False,False
3,199.72,1,47.21,110,2410.02,0.01,0.0,20.13,0.13,Nov,3,2,1,2,New_Visitor,False,False
1,153.05,2,56.97,44,1798.09,0.08,0.12,8.95,0.11,Nov,3,10,1,3,Returning_Visitor,False,False
1,142.58,1,27.25,50,1666.48,0.02,0.06,4.9,0.15,Nov,2,2,1,6,Returning_Visitor,False,True
1,143.05,1,43.65,54,1724.7,0.02,0.07,8.01,0.15,Nov,2,2,1,6,Returning_Visitor,False,True
0,0.0,0,14.97,17,376.49,0.04,0.12,1.46,0.12,May,2,1,1,2,Returning_Visitor,False,False
3,168.15,1,52.91,61,3282.58,0.02,0.05,12.55,0.39,Nov,2,2,8,6,Returning_Visitor,False,False
0,49.84,1,19.09,25,645.92,0.2,0.13,3.08,0.11,Nov,2,1,1,6,Returning_Visitor,False,False
1,145.19,1,21.53,42,1436.89,0.02,0.06,0.0,0.15,Nov,2,3,1,6,Returning_Visitor,False,False
2,115.38,2,19.99,46,1864.25,0.03,0.03,1.22,0.16,Mar,3,3,1,1,Returning_Visitor,False,False
2,149.37,1,58.52,60,868.02,0.01,0.02,16.87,0.17,May,2,13,1,6,Returning_Visitor,False,True
7,459.33,0,127.34,113,4971.69,0.0,0.03,29.57,0.13,Nov,2,2,1,4,Returning_Visitor,False,True
11,162.22,2,48.54,70,2043.45,0.01,0.03,15.12,0.15,Nov,2,3,2,2,New_Visitor,False,False
4,337.0,6,115.12,39,1539.04,0.01,0.03,8.34,0.09,Nov,1,2,1,1,Returning_Visitor,False,True
1,100.08,1,0.0,37,1291.66,0.02,0.09,0.0,0.12,Nov,2,3,2,6,Returning_Visitor,False,False
2,201.54,1,25.88,57,2686.88,0.02,0.05,4.55,0.16,Nov,4,1,2,1,Returning_Visitor,False,True
2,197.52,1,33.24,56,1353.39,0.01,0.04,4.46,0.18,Nov,2,2,1,6,Returning_Visitor,False,False
2,169.08,1,65.72,80,1831.98,0.01,0.04,7.52,0.12,Nov,2,2,1,6,Returning_Visitor,False,False
2,181.55,1,51.71,47,1742.33,0.01,0.03,13.49,0.0,Nov,2,2,8,2,Returning_Visitor,False,False
2,171.7,1,33.85,43,1457.24,0.02,0.04,4.32,0.19,Nov,2,2,1,2,New_Visitor,False,False
2,166.42,1,62.18,49,2200.22,0.02,0.07,10.98,0.25,Nov,2,2,1,6,Returning_Visitor,False,False
3,207.08,1,64.25,67,2001.95,0.02,0.05,10.5,0.15,Nov,2,2,1,10,Returning_Visitor,False,False
1,116.73,1,16.44,41,721.0,0.01,0.03,7.31,0.18,Nov,2,3,7,1,Returning_Visitor,False,False
2,173.9,1,54.23,25,1945.41,0.01,0.03,16.95,0.16,Nov,2,2,1,6,Returning_Visitor,False,False
2,186.31,1,102.15,49,892.72,0.01,0.02,31.99,0.15,Nov,2,2,8,6,Returning_Visitor,False,False
1,128.52,1,27.2,52,1534.67,0.02,0.07,5.02,0.15,Nov,2,1,1,6,Returning_Visitor,False,False
0,68.27,1,4.3,31,1299.2,0.0,0.03,1.27,0.15,Nov,2,2,7,2,Returning_Visitor,True,False
1,83.99,0,0.0,25,827.97,0.01,0.09,0.0,0.11,Nov,2,1,1,2,New_Visitor,False,False
0,0.0,1,105.59,58,2777.25,0.02,0.03,38.21,0.17,Nov,3,2,2,2,Returning_Visitor,True,True
3,119.23,1,2.45,26,1440.28,0.01,0.04,0.56,0.19,Mar,2,3,1,1,Returning_Visitor,False,False
0,43.14,0,48.37,37,1339.46,0.11,0.2,2.91,0.8,Nov,3,2,2,6,Returning_Visitor,False,False
0,89.17,1,61.31,4,722.59,0.07,0.1,5.56,0.15,Nov,2,3,1,2,Returning_Visitor,False,False
1,0.0,1,0.0,30,970.99,0.03,0.11,2.04,0.08,Nov,1,1,4,3,Returning_Visitor,False,False
1,167.73,0,18.01,42,1707.7,0.02,0.04,3.68,0.32,Nov,4,1,4,6,Returning_Visitor,False,False
1,139.43,1,16.24,40,1593.23,0.02,0.07,3.59,0.15,Nov,2,3,1,6,Returning_Visitor,False,False
3,178.28,1,57.02,55,2289.78,0.01,0.06,5.24,0.07,Nov,1,1,1,1,Returning_Visitor,False,False
4,171.96,1,6.28,38,1648.41,0.02,0.06,0.7,0.15,Nov,1,1,4,6,Returning_Visitor,False,False
4,161.18,1,52.18,57,2327.39,0.02,0.03,7.18,0.16,Mar,2,4,1,1,Returning_Visitor,False,False
1,143.23,1,22.47,55,1438.84,0.02,0.07,3.68,0.13,Nov,2,1,1,1,Returning_Visitor,False,False
1,0.0,1,25.72,30,34.0,0.07,0.04,4.16,0.15,Nov,3,3,1,6,Returning_Visitor,False,False
2,190.76,1,43.03,58,1836.89,0.01,0.05,8.8,0.14,Nov,2,3,1,6,Returning_Visitor,False,False
1,143.76,1,40.71,52,1785.35,0.03,0.07,5.74,0.14,Nov,2,3,1,1,Returning_Visitor,False,True
3,150.93,1,29.74,54,1994.54,0.01,0.03,8.01,0.16,Nov,2,3,1,6,Returning_Visitor,False,False
1,152.53,1,34.33,54,4875.61,0.01,0.04,0.0,0.17,Nov,2,2,8,1,Returning_Visitor,False,True
1,122.06,1,18.82,42,1770.25,0.02,0.08,5.79,0.15,Nov,2,1,1,6,Returning_Visitor,False,False
0,72.97,1,28.86,27,821.56,0.08,0.13,0.0,0.11,Nov,2,3,4,6,Returning_Visitor,False,False
1,123.4,1,30.67,44,1607.95,0.03,0.07,5.75,0.15,Nov,2,2,1,6,Returning_Visitor,False,False
2,165.36,1,30.31,62,1880.05,0.02,0.06,8.77,0.18,Nov,2,2,1,6,Returning_Visitor,False,False
0,18.9,0,0.0,26,1436.64,0.02,0.08,2.28,0.13,Nov,2,2,7,2,Returning_Visitor,False,False
5,175.88,1,20.67,49,3011.79,0.01,0.01,7.29,0.1,Mar,2,2,1,1,Returning_Visitor,False,False
0,49.97,1,29.12,42,2090.96,0.02,0.02,3.51,0.17,Nov,2,2,2,1,Returning_Visitor,False,False
3,59.79,1,29.4,42,1366.48,0.01,0.03,0.0,0.21,Nov,2,3,1,6,Returning_Visitor,False,False
1,95.68,0,13.84,41,1822.67,0.02,0.08,5.07,0.13,Nov,2,2,1,6,Returning_Visitor,False,False
1,134.32,1,17.79,45,1565.24,0.03,0.08,3.4,0.13,Nov,2,1,1,6,Returning_Visitor,False,False
0,35.27,0,7.85,41,1826.17,0.01,0.05,2.41,0.17,May,2,2,8,2,Returning_Visitor,False,False
2,171.49,1,34.21,55,1683.88,0.02,0.05,4.74,0.14,Nov,2,1,1,6,Returning_Visitor,False,False
2,164.06,1,16.38,44,1455.78,0.01,0.05,2.22,0.17,Nov,2,3,1,6,Returning_Visitor,False,False
4,181.61,1,51.46,68,3572.24,0.04,0.08,13.69,0.32,Nov,3,3,1,1,Returning_Visitor,False,False
2,179.41,1,31.38,58,1867.85,0.0,0.05,7.4,0.15,Nov,2,3,1,6,Returning_Visitor,False,False
2,0.0,0,5.45,40,1706.54,0.01,0.05,1.02,0.0,Mar,1,1,2,1,Returning_Visitor,True,False
1,142.23,1,23.82,47,1498.77,0.02,0.08,3.82,0.27,Nov,2,3,1,6,Returning_Visitor,False,False
2,143.14,1,17.0,65,1854.42,0.02,0.05,12.38,0.63,Aug,2,13,9,6,Returning_Visitor,False,False
4,48.22,1,62.07,85,870.41,0.0,0.03,4.83,0.19,May,3,2,1,4,New_Visitor,True,False
1,27.85,1,6.18,24,288.23,0.03,0.06,2.42,0.12,May,2,2,1,3,Returning_Visitor,False,False
1,170.67,1,29.22,39,1472.13,0.02,0.07,4.93,0.12,Nov,2,3,1,1,Returning_Visitor,False,False
4,107.65,2,88.81,76,2351.38,0.0,0.03,23.35,0.14,Nov,2,4,1,6,Returning_Visitor,False,False
1,28.94,0,25.05,30,896.56,0.03,0.12,5.43,0.0,May,2,6,1,3,Returning_Visitor,False,False
5,202.75,2,117.09,102,281.1,0.04,0.04,15.82,0.13,Nov,3,3,1,6,Returning_Visitor,False,True
2,179.47,1,41.04,54,1706.43,0.01,0.05,5.93,0.13,Nov,2,3,1,6,Returning_Visitor,False,False
0,146.97,1,12.27,36,1464.58,0.01,0.04,3.62,0.18,Nov,2,2,3,2,Returning_Visitor,False,False
1,138.8,1,30.0,59,1844.23,0.02,0.06,5.71,0.15,Nov,2,2,2,6,Returning_Visitor,False,False
3,127.34,1,25.91,45,1826.25,0.04,0.04,4.7,0.13,Mar,3,3,1,6,Returning_Visitor,False,False
5,131.51,1,7.37,12,305.4,0.0,0.02,1.03,0.2,Nov,2,3,1,6,Returning_Visitor,False,False
4,186.68,1,33.02,47,1140.66,0.04,0.04,3.2,0.1,Mar,3,3,1,6,Returning_Visitor,False,True
2,157.02,1,48.46,67,2726.64,0.01,0.02,17.19,0.16,May,2,2,8,6,Returning_Visitor,False,False
6,212.19,0,172.37,68,9143.44,0.0,0.01,49.77,0.13,May,2,4,2,4,Returning_Visitor,True,False
1,115.22,0,39.78,53,1086.52,0.01,0.03,2.91,0.0,Nov,3,2,1,6,Returning_Visitor,False,True
0,0.0,1,26.53,15,748.5,0.07,0.11,2.61,0.11,Mar,3,2,1,6,Returning_Visitor,False,False
0,39.31,1,0.0,14,2255.77,0.02,0.06,2.55,0.18,Nov,2,2,8,1,Returning_Visitor,False,False
1,143.38,1,22.39,48,1686.56,0.02,0.07,5.69,0.16,Nov,2,3,1,6,Returning_Visitor,False,False
2,148.67,1,28.68,55,1635.29,0.01,0.05,3.73,0.16,Nov,2,3,1,6,Returning_Visitor,False,False
0,151.23,0,94.64,54,2626.06,0.01,0.03,59.21,0.35,Nov,3,2,3,4,Returning_Visitor,True,True
1,0.0,1,18.84,76,1761.65,0.0,0.03,4.47,0.13,Mar,2,2,2,6,Returning_Visitor,False,False
1,141.79,1,25.47,34,1354.56,0.02,0.07,6.11,0.0,Nov,2,2,1,6,Returning_Visitor,False,True
1,88.45,1,6.37,37,1412.67,0.02,0.08,0.0,0.12,Aug,1,1,2,6,Returning_Visitor,False,False
1,95.77,1,16.15,41,1272.12,0.03,0.09,2.55,0.14,Nov,2,1,1,6,Returning_Visitor,False,False
1,181.4,1,35.59,38,1624.51,0.04,0.08,5.61,0.14,Nov,2,3,1,1,Returning_Visitor,False,False
2,197.71,1,80.25,42,2114.82,0.01,0.02,26.86,0.17,May,2,2,8,2,Returning_Visitor,False,False
3,212.47,1,48.26,33,1085.21,0.01,0.01,0.0,0.14,Dec,2,2,1,2,New_Visitor,False,False
3,106.16,0,12.95,51,1231.53,0.01,0.02,1.24,0.18,Mar,2,2,7,2,New_Visitor,False,True
1,167.35,1,84.44,44,3340.51,0.01,0.03,21.06,0.18,May,3,2,1,6,Returning_Visitor,False,False
3,166.56,2,95.84,48,1434.47,0.02,0.03,0.0,0.17,Nov,2,2,1,2,Returning_Visitor,False,False
2,157.25,1,36.32,61,1546.91,0.01,0.03,3.39,0.14,Nov,3,3,1,6,Returning_Visitor,True,False
1,107.08,1,12.32,45,212.0,0.05,0.07,0.0,0.13,Mar,2,3,1,1,Returning_Visitor,False,False
3,117.5,1,24.7,8,1868.12,0.01,0.03,0.71,0.0,Mar,3,3,1,2,New_Visitor,True,True
3,176.9,0,0.0,17,846.72,0.02,0.05,3.5,0.15,Mar,2,13,1,6,New_Visitor,False,True
1,152.98,1,15.84,47,1537.29,0.0,0.05,2.87,0.14,Nov,2,2,8,6,Returning_Visitor,False,False
2,152.34,1,15.44,31,1158.22,0.01,0.04,1.93,0.17,Nov,2,2,1,2,New_Visitor,False,False
3,240.56,2,42.4,69,1816.54,0.01,0.04,12.72,0.18,Nov,2,2,8,1,Returning_Visitor,False,False
1,56.98,1,67.13,24,267.75,0.03,0.03,3.2,0.22,Dec,3,2,1,6,Returning_Visitor,True,False
0,67.55,2,47.26,48,2230.64,0.06,0.06,9.75,0.0,Nov,2,2,3,1,Returning_Visitor,False,False
2,193.77,1,47.36,54,1933.45,0.01,0.01,21.06,0.15,Nov,2,3,2,6,Returning_Visitor,False,True
2,160.99,1,31.09,60,1459.67,0.02,0.04,3.64,0.22,Dec,2,2,1,6,Returning_Visitor,False,False
0,51.14,1,10.82,17,42.0,0.03,0.1,1.91,0.12,Nov,2,2,1,2,Returning_Visitor,False,False
2,106.36,1,21.37,55,1565.03,0.01,0.03,3.87,0.21,Nov,2,3,1,6,Returning_Visitor,False,False
1,164.84,1,35.26,51,1620.37,0.01,0.06,5.84,0.15,Nov,2,2,1,1,Returning_Visitor,False,False
2,147.07,0,20.81,35,989.36,0.04,0.12,3.66,0.0,Mar,2,3,1,1,Returning_Visitor,False,False
0,84.15,1,30.47,40,1886.88,0.02,0.06,3.6,0.0,May,2,2,1,6,Returning_Visitor,False,False
3,165.12,1,71.82,21,3250.28,0.02,0.03,16.64,0.0,Mar,3,13,1,1,Returning_Visitor,False,False
1,173.48,1,25.58,58,1707.2,0.01,0.06,5.3,0.13,Nov,2,3,1,6,Returning_Visitor,False,False
2,6.0,1,17.53,38,1344.17,0.03,0.02,0.78,0.21,Mar,3,2,7,1,Returning_Visitor,False,False
2,130.95,1,30.65,55,2044.97,0.01,0.05,4.53,0.12,Nov,2,1,4,1,Returning_Visitor,False,False
2,171.39,1,32.03,45,995.48,0.02,0.04,3.8,0.19,Nov,2,2,1,6,Returning_Visitor,False,False
2,54.16,1,0.0,40,3057.45,0.03,0.04,1.21,0.17,Mar,1,1,8,1,Returning_Visitor,False,False
1,158.01,1,19.55,50,1728.82,0.01,0.06,4.27,0.16,Nov,2,1,1,6,Returning_Visitor,False,False
4,192.04,3,67.37,14,1661.55,0.02,0.03,4.46,0.14,Nov,2,3,1,6,Returning_Visitor,False,False
1,145.98,1,18.48,44,1510.56,0.02,0.06,3.83,0.15,Nov,2,3,1,6,Returning_Visitor,False,False
3,31.2,1,30.57,98,1622.41,0.0,0.02,1.88,0.21,Nov,2,2,8,6,Returning_Visitor,True,False
1,52.98,1,17.78,36,647.5,0.04,0.08,2.77,0.15,Nov,8,1,1,3,Returning_Visitor,False,False
0,180.88,0,12.33,35,1875.08,0.02,0.04,0.0,0.19,Mar,4,3,2,6,Returning_Visitor,True,False
2,169.51,1,29.78,58,1896.4,0.01,0.05,6.63,0.14,Nov,2,2,1,6,Returning_Visitor,False,False
3,147.1,1,8.0,42,1359.38,0.02,0.04,4.11,0.0,Mar,4,4,1,3,Returning_Visitor,False,False
3,163.45,1,64.4,77,1266.68,0.01,0.02,3.63,0.16,Nov,2,2,1,2,Returning_Visitor,False,False
0,32.06,1,45.82,6,526.56,0.05,0.1,0.0,0.14,Nov,2,2,6,2,Returning_Visitor,False,False
2,151.92,1,29.81,22,1841.47,0.02,0.06,4.61,0.25,Nov,2,1,8,6,Returning_Visitor,False,False
1,112.94,1,18.99,39,1240.93,0.02,0.07,3.83,0.13,Nov,2,3,1,6,Returning_Visitor,False,False
1,128.88,1,10.83,32,1197.64,0.02,0.09,2.06,0.12,Nov,2,3,1,2,New_Visitor,False,False
0,101.23,1,53.17,29,1230.3,0.02,0.05,4.31,0.11,Nov,2,2,1,2,Returning_Visitor,False,True
2,142.42,1,18.71,51,1188.79,0.02,0.03,0.0,0.2,Nov,2,2,7,6,Returning_Visitor,False,False
1,181.7,1,15.34,38,567.25,0.02,0.04,3.91,0.2,May,2,3,8,2,Returning_Visitor,False,False
1,21.2,1,23.26,44,1375.06,0.02,0.04,0.0,0.19,Mar,2,2,1,2,Returning_Visitor,False,False
1,112.42,1,21.9,45,1542.24,0.03,0.08,4.88,0.13,Nov,2,1,1,6,Returning_Visitor,False,False
2,157.13,2,183.9,63,2081.77,0.02,0.04,8.29,0.15,Nov,3,2,7,1,Returning_Visitor,True,False
3,131.93,1,41.08,107,547.12,0.01,0.02,4.56,0.19,Mar,3,2,1,6,New_Visitor,True,True
4,90.19,1,0.0,34,813.94,0.05,0.03,1.5,0.0,Mar,3,2,1,3,Returning_Visitor,True,False
7,354.73,2,61.01,75,1992.1,0.01,0.05,10.13,0.0,Nov,1,1,2,6,Returning_Visitor,False,False
0,56.31,0,33.29,17,0.0,0.1,0.2,3.73,0.11,Mar,3,3,1,3,Returning_Visitor,False,False
0,95.76,1,15.85,22,356.8,0.01,0.05,4.31,0.0,Nov,2,2,2,2,Returning_Visitor,False,False
3,77.74,1,53.32,35,1663.65,0.02,0.02,4.19,0.12,May,3,2,1,13,Returning_Visitor,False,False
1,78.27,1,0.0,45,180.42,0.03,0.08,2.36,0.13,Nov,2,1,8,1,Returning_Visitor,False,False
2,184.8,0,24.02,51,1463.99,0.02,0.06,4.29,0.17,Nov,2,3,1,6,Returning_Visitor,False,False
1,127.86,1,13.63,39,1350.03,0.02,0.08,3.33,0.16,Nov,2,3,1,6,Returning_Visitor,False,False
0,18.06,1,7.2,28,630.3,0.04,0.12,1.86,0.11,Nov,2,1,2,3,Returning_Visitor,False,False
0,88.03,1,17.56,42,1355.85,0.01,0.07,4.42,0.13,Nov,2,2,1,6,Returning_Visitor,False,False
3,179.7,1,37.36,48,4569.9,0.01,0.03,0.0,0.13,Nov,3,3,1,6,Returning_Visitor,False,False
1,0.0,1,34.43,38,1102.69,0.06,0.09,4.82,0.14,Mar,3,2,1,6,Returning_Visitor,False,False
3,243.39,1,54.47,85,2355.31,0.02,0.03,100.73,0.0,Mar,3,13,2,6,Returning_Visitor,False,True
0,65.64,1,36.11,20,26.5,0.01,0.05,1.4,0.0,Nov,2,2,1,2,Returning_Visitor,True,False
6,505.4,1,90.42,103,4722.31,0.02,0.03,19.71,0.0,Aug,2,7,1,1,Returning_Visitor,False,False
2,192.29,1,52.65,80,1849.1,0.01,0.03,16.85,0.25,Nov,2,3,1,4,Returning_Visitor,False,False
1,122.93,1,22.61,49,1532.27,0.03,0.07,3.6,0.13,Nov,2,1,1,6,Returning_Visitor,False,False
4,176.02,1,58.56,65,1199.92,0.01,0.02,12.27,0.21,May,3,2,1,6,Returning_Visitor,False,False
2,195.84,1,35.47,71,1549.76,0.01,0.05,9.08,0.11,Nov,2,2,2,6,Returning_Visitor,False,True
2,144.22,1,20.13,51,1685.58,0.02,0.06,3.5,0.14,Nov,2,2,1,6,Returning_Visitor,False,False
0,107.57,1,29.09,43,1778.39,0.02,0.07,5.58,0.13,Nov,2,2,2,6,Returning_Visitor,False,False
5,42.81,1,59.79,44,440.29,0.05,0.05,2.86,0.14,Nov,3,2,1,3,Returning_Visitor,False,False
1,154.27,1,28.97,23,2431.02,0.01,0.04,12.79,0.13,Nov,2,2,1,6,Returning_Visitor,False,False
0,39.9,1,9.19,26,1507.11,0.0,0.05,3.43,0.13,Nov,2,2,8,2,Returning_Visitor,False,False
2,175.65,1,33.83,56,1933.27,0.04,0.07,5.84,0.16,Nov,2,3,1,6,Returning_Visitor,False,False
1,126.31,1,34.92,49,1254.22,0.03,0.08,3.68,0.15,Nov,2,3,1,1,Returning_Visitor,False,False
1,106.11,1,17.0,38,1898.42,0.02,0.05,3.07,0.15,Nov,2,1,8,6,Returning_Visitor,False,False
6,240.47,3,127.3,77,1841.26,0.01,0.01,4.62,0.1,Nov,2,2,1,6,Returning_Visitor,True,False
1,142.58,1,105.13,83,1284.2,0.01,0.02,26.3,0.22,May,2,2,8,4,Returning_Visitor,True,True
2,117.77,1,51.86,57,1876.63,0.0,0.03,6.7,0.2,Nov,2,3,1,6,Returning_Visitor,False,False
3,205.21,1,55.66,85,964.16,0.01,0.04,6.38,0.0,Nov,2,3,1,6,New_Visitor,False,False
0,37.35,1,19.46,19,72.0,0.1,0.13,3.48,0.11,Nov,3,3,1,6,Returning_Visitor,False,False
1,73.7,1,33.85,20,2234.26,0.03,0.07,5.0,0.11,Nov,3,2,2,6,Returning_Visitor,False,False
2,148.17,1,28.73,48,1896.28,0.01,0.04,6.98,0.15,Nov,2,2,7,6,Returning_Visitor,False,False
1,138.01,1,35.32,56,2153.29,0.02,0.06,8.67,0.16,Nov,2,2,1,1,Returning_Visitor,False,False
2,159.48,1,0.0,36,1443.23,0.02,0.04,3.36,0.0,Nov,2,3,1,1,Returning_Visitor,False,False
3,207.79,1,97.56,101,2113.17,0.01,0.03,8.93,0.22,Nov,2,2,1,6,Returning_Visitor,True,False
2,131.26,0,24.04,40,1230.65,0.02,0.06,2.14,0.17,Mar,2,3,1,6,Returning_Visitor,False,False
6,479.81,2,153.1,48,1647.24,0.01,0.03,9.9,0.0,Nov,1,1,3,1,Returning_Visitor,False,False
0,68.24,1,0.0,22,666.03,0.05,0.1,2.56,0.13,Nov,2,3,1,2,Returning_Visitor,False,False
0,46.04,1,26.38,25,752.5,0.2,0.13,3.63,0.11,Mar,3,1,1,3,Returning_Visitor,False,False
1,186.87,1,35.3,67,1578.41,0.01,0.06,7.38,0.16,Nov,2,3,1,6,Returning_Visitor,False,False
0,43.41,0,3.29,31,1528.33,0.02,0.06,2.69,0.15,Nov,2,2,3,2,Returning_Visitor,False,False
3,242.11,1,72.79,56,2983.95,0.01,0.05,14.87,0.14,Nov,2,2,1,1,Returning_Visitor,False,False
1,172.92,1,34.72,52,1618.87,0.02,0.06,7.04,0.22,Nov,2,3,1,6,Returning_Visitor,False,True
2,0.0,1,9.3,32,440.58,0.02,0.04,0.35,0.12,May,1,1,7,2,Returning_Visitor,False,False
1,106.92,1,40.75,47,258.0,0.08,0.11,6.44,0.15,Nov,3,3,1,6,Returning_Visitor,False,False
0,96.16,1,43.68,50,1780.52,0.03,0.08,8.36,0.11,Nov,3,3,1,6,Returning_Visitor,False,False
1,134.38,1,17.22,46,1661.46,0.01,0.06,4.62,0.15,Nov,2,2,1,6,Returning_Visitor,False,False
2,97.33,1,20.22,49,1266.33,0.01,0.03,0.0,0.29,May,2,2,1,6,Returning_Visitor,False,False
1,49.39,1,6.02,7,1534.94,0.02,0.08,0.62,0.14,Mar,2,1,4,1,Returning_Visitor,False,False
1,151.66,1,27.6,59,1535.62,0.01,0.06,4.27,0.15,Nov,2,2,1,6,Returning_Visitor,False,False
2,157.76,1,66.24,64,2244.1,0.02,0.05,13.57,0.15,Nov,3,2,1,6,Returning_Visitor,False,False
2,122.04,1,32.84,38,1409.45,0.01,0.03,6.0,0.2,Dec,2,2,1,2,New_Visitor,False,False
0,0.0,0,18.54,36,1577.87,0.01,0.08,2.35,0.14,May,2,2,8,6,Returning_Visitor,False,False
4,190.39,1,99.67,79,3131.31,0.02,0.02,47.26,0.21,Nov,2,2,4,1,Returning_Visitor,False,True
4,170.49,1,10.59,40,1861.16,0.01,0.05,1.0,0.11,Nov,1,1,1,6,Returning_Visitor,False,False
2,175.54,1,25.93,48,1397.44,0.02,0.06,5.64,0.13,Nov,2,3,1,6,Returning_Visitor,False,False
1,138.95,1,51.41,59,1671.82,0.02,0.06,8.22,0.13,Nov,2,2,1,6,Returning_Visitor,False,False
2,0.0,1,17.16,32,1075.4,0.03,0.11,1.2,0.13,Nov,1,1,1,3,Returning_Visitor,False,False
1,113.94,0,11.47,48,1661.08,0.02,0.08,3.16,0.0,Nov,2,1,4,6,Returning_Visitor,False,False
0,59.97,1,42.18,16,578.22,0.06,0.1,0.0,0.13,Nov,2,3,1,6,Returning_Visitor,False,False
7,370.15,2,140.9,68,2970.71,0.02,0.03,35.23,0.12,Nov,2,6,2,1,Returning_Visitor,False,False
3,84.61,1,52.24,45,1561.12,0.0,0.03,3.67,0.17,Nov,2,2,5,6,Returning_Visitor,False,False
1,159.68,1,23.11,50,1612.49,0.02,0.06,4.93,0.14,Nov,2,2,1,6,Returning_Visitor,False,False
3,186.23,0,24.43,56,1411.67,0.0,0.06,7.72,0.17,Mar,2,4,1,6,Returning_Visitor,False,False
1,152.29,1,29.24,55,1689.56,0.01,0.06,5.63,0.13,Nov,2,2,1,6,Returning_Visitor,False,True
13,219.84,1,119.0,50,3108.45,0.0,0.03,26.23,0.0,Nov,2,2,1,6,Returning_Visitor,False,False
1,84.61,1,6.39,34,821.85,0.03,0.09,1.6,0.13,Nov,2,1,1,6,Returning_Visitor,False,False
0,49.31,1,13.37,30,392.44,0.04,0.06,2.97,0.12,Nov,3,1,3,2,Returning_Visitor,False,False
3,179.07,0,0.0,51,1533.34,0.02,0.04,0.0,0.2,Nov,2,3,1,6,Returning_Visitor,False,False
0,70.72,0,29.74,45,2066.18,0.01,0.07,0.0,0.15,Nov,2,2,2,6,Returning_Visitor,False,False
1,105.72,1,26.72,46,1505.58,0.04,0.09,3.63,0.24,Nov,3,1,1,6,Returning_Visitor,False,False
1,187.03,1,29.28,53,1765.35,0.02,0.06,7.56,0.14,Nov,2,3,1,6,Returning_Visitor,False,False
1,0.0,0,19.35,46,2127.46,0.03,0.07,4.54,0.2,Nov,2,2,8,1,Returning_Visitor,False,False
1,121.17,1,47.25,38,1650.07,0.06,0.09,4.72,0.11,Nov,3,2,1,6,Returning_Visitor,False,False
0,0.0,0,24.86,30,807.13,0.01,0.05,2.81,0.12,Mar,2,3,2,3,Returning_Visitor,False,False
1,112.89,1,20.53,29,1552.56,0.03,0.03,3.28,0.18,Nov,2,2,2,6,Returning_Visitor,False,False
3,6.0,1,74.57,37,1899.99,0.01,0.0,17.53,0.18,Nov,2,3,1,10,Returning_Visitor,True,True
1,167.64,1,15.49,49,411.92,0.01,0.05,2.9,0.16,Nov,2,2,1,2,New_Visitor,False,True
1,66.94,0,38.71,25,530.45,0.06,0.13,3.68,0.16,Nov,3,3,1,6,Returning_Visitor,False,False
1,92.33,1,0.0,38,885.15,0.09,0.08,2.46,0.33,Nov,3,2,1,6,Returning_Visitor,False,False
3,175.51,1,72.46,26,2015.91,0.01,0.02,15.44,0.14,May,2,2,1,6,Returning_Visitor,False,True
3,141.06,1,84.6,33,522.41,0.0,0.02,3.0,0.16,Dec,2,3,1,2,New_Visitor,False,False
2,195.41,1,31.54,45,2174.29,0.01,0.01,17.88,0.14,Nov,2,2,8,6,Returning_Visitor,False,False
1,170.33,1,23.84,53,1590.8,0.01,0.04,4.07,0.14,Nov,2,2,1,2,Returning_Visitor,False,True
3,161.31,0,71.62,64,1588.22,0.01,0.04,9.36,0.3,Nov,3,2,1,4,Returning_Visitor,True,False
1,155.48,1,38.22,62,1620.0,0.02,0.05,5.13,0.15,Nov,2,1,8,1,Returning_Visitor,True,False
2,145.56,1,18.06,52,1601.92,0.03,0.06,4.38,0.14,Mar,2,3,1,6,Returning_Visitor,False,False
1,104.59,1,20.0,38,1452.47,0.01,0.06,2.8,0.13,Nov,2,2,1,2,Returning_Visitor,False,True
1,118.74,1,6.36,33,1120.6,0.02,0.07,0.0,0.14,Nov,2,3,1,2,Returning_Visitor,False,False
1,72.69,1,28.21,33,945.79,0.04,0.11,3.04,0.37,May,3,3,1,3,Returning_Visitor,False,False
4,76.6,1,89.53,95,2001.96,0.01,0.04,16.03,0.18,Nov,3,3,1,6,Returning_Visitor,False,False
1,131.79,1,31.79,54,1332.19,0.04,0.08,5.72,0.13,Mar,3,3,1,6,Returning_Visitor,False,False
2,175.85,1,28.47,55,1602.52,0.02,0.05,4.36,0.15,Nov,2,2,1,6,Returning_Visitor,False,False
1,143.27,1,18.95,48,1639.3,0.01,0.06,4.01,0.13,Nov,2,1,1,6,Returning_Visitor,False,False
0,66.27,1,13.67,27,1225.1,0.01,0.07,2.93,0.15,Nov,2,2,2,2,Returning_Visitor,False,False
1,121.21,1,15.13,41,2029.6,0.01,0.02,0.0,0.16,Nov,2,1,8,6,Returning_Visitor,False,False
1,143.42,1,38.84,52,1760.83,0.01,0.06,4.85,0.0,Nov,2,3,1,6,Returning_Visitor,False,False
2,161.63,1,6.55,32,1470.36,0.01,0.04,0.0,0.16,Nov,2,3,1,6,Returning_Visitor,False,False
0,196.67,1,76.15,46,2019.69,0.02,0.06,0.0,0.38,May,2,2,1,6,Returning_Visitor,False,False
1,144.18,0,16.03,34,1353.34,0.02,0.06,2.97,0.16,Nov,2,3,1,6,Returning_Visitor,False,False
1,209.02,1,36.5,62,2250.68,0.03,0.03,0.0,0.12,Nov,3,3,1,10,Returning_Visitor,False,True
1,176.68,0,20.54,46,1113.78,0.01,0.05,4.12,0.0,May,2,13,2,6,Returning_Visitor,False,True
1,176.5,1,34.56,60,1701.01,0.02,0.06,7.91,0.15,Nov,2,2,1,6,Returning_Visitor,False,True
1,140.59,1,24.1,40,1573.07,0.02,0.07,4.35,0.13,Nov,2,3,1,6,Returning_Visitor,False,False
2,223.46,1,71.63,89,1878.03,0.01,0.04,10.02,0.14,Nov,2,2,1,4,Returning_Visitor,False,False
1,143.95,1,0.0,69,2498.43,0.02,0.03,29.62,0.14,Nov,2,2,2,2,Returning_Visitor,False,True
2,178.09,1,48.6,54,1812.56,0.02,0.06,9.28,0.14,Nov,2,3,1,6,Returning_Visitor,False,False
2,162.67,0,10.42,22,1493.58,0.01,0.04,4.17,0.14,Dec,2,2,8,6,Returning_Visitor,False,False
1,142.82,1,36.38,52,1504.23,0.02,0.06,5.29,0.18,Nov,2,3,1,6,Returning_Visitor,False,False
3,68.44,1,2.97,27,1094.6,0.02,0.08,0.0,0.1,Nov,1,1,1,3,Returning_Visitor,False,False
2,156.31,1,48.11,44,1589.27,0.02,0.08,5.73,0.0,Nov,8,1,1,6,Returning_Visitor,True,False
2,140.68,1,38.14,57,1979.93,0.01,0.06,6.48,0.13,Nov,2,1,1,6,Returning_Visitor,False,False
1,140.85,1,12.98,42,1322.02,0.02,0.07,0.0,0.15,Nov,2,2,1,6,Returning_Visitor,False,False
3,206.87,1,0.0,19,671.55,0.01,0.02,5.4,0.0,Jul,2,2,1,6,Returning_Visitor,False,False
1,96.28,1,0.0,38,2401.13,0.01,0.03,1.3,0.12,Mar,3,3,1,1,Returning_Visitor,False,False
2,257.55,1,59.41,51,1236.2,0.01,0.01,0.0,0.12,Mar,2,8,2,5,New_Visitor,False,False
3,153.15,1,94.22,56,1663.77,0.01,0.02,4.35,0.0,Dec,2,13,1,6,Returning_Visitor,False,True
6,205.0,1,27.07,40,221.78,0.02,0.03,2.0,0.15,May,1,1,1,6,Returning_Visitor,False,False
0,33.83,1,11.03,4,429.31,0.04,0.12,1.75,0.12,Nov,2,3,1,6,Returning_Visitor,False,False
1,101.29,1,14.34,52,1566.41,0.01,0.04,4.39,0.35,Nov,2,2,3,6,Returning_Visitor,True,True
1,143.24,1,28.86,47,1402.78,0.02,0.08,5.26,0.13,Nov,2,3,1,6,Returning_Visitor,False,False
3,222.98,1,71.73,50,2118.62,0.0,0.03,5.41,0.14,Nov,2,2,6,6,Returning_Visitor,False,False
5,142.6,1,16.15,53,1522.29,0.01,0.04,3.38,0.18,Nov,2,3,1,6,Returning_Visitor,False,False
0,93.49,1,22.03,45,1560.82,0.02,0.03,4.18,0.26,Nov,2,2,3,6,Returning_Visitor,False,False
2,118.68,1,17.81,67,1661.12,0.01,0.01,9.63,0.19,Mar,2,13,8,6,Returning_Visitor,False,False
1,187.28,1,12.04,36,1221.43,0.01,0.05,2.78,0.14,Nov,2,3,1,2,New_Visitor,False,False
1,128.3,1,18.11,39,1137.6,0.02,0.07,3.02,0.14,Nov,2,3,1,6,Returning_Visitor,False,False
3,150.48,2,103.63,63,1546.49,0.02,0.03,7.33,0.15,Nov,2,2,7,2,Returning_Visitor,False,True
0,95.34,1,30.44,36,1204.16,0.06,0.12,4.52,0.4,Nov,3,1,2,6,Returning_Visitor,False,False
2,21.33,1,27.18,57,1607.3,0.01,0.01,0.0,0.13,May,3,13,1,6,Returning_Visitor,True,False
8,511.5,2,194.58,122,3417.03,0.0,0.03,45.25,0.19,Nov,2,2,8,1,Returning_Visitor,False,False
1,109.41,0,0.0,34,1037.31,0.02,0.07,2.1,0.13,Nov,2,2,1,2,Returning_Visitor,False,False
2,176.0,1,42.21,118,1999.09,0.02,0.02,9.02,0.11,Mar,3,3,2,10,Returning_Visitor,False,True
2,185.07,1,29.66,61,1765.76,0.0,0.05,7.61,0.12,Nov,2,3,1,6,Returning_Visitor,False,False
5,444.28,1,53.7,534,18504.13,0.01,0.05,2.55,0.15,Nov,2,3,2,6,Returning_Visitor,False,True
1,141.63,1,25.44,46,1681.45,0.02,0.07,5.38,0.14,Nov,2,3,1,6,Returning_Visitor,False,False
1,161.26,1,16.92,46,1545.34,0.01,0.06,5.14,0.13,Nov,2,3,1,6,Returning_Visitor,False,False
2,133.61,1,45.69,28,2948.32,0.03,0.03,7.57,0.14,Nov,2,1,1,1,Returning_Visitor,False,False
2,170.96,1,50.47,61,1876.62,0.01,0.04,7.99,0.16,Nov,2,2,1,6,Returning_Visitor,False,False
6,196.26,1,175.5,64,3830.17,0.01,0.02,37.24,0.15,May,3,2,1,6,Returning_Visitor,False,True
0,30.77,1,16.7,21,904.51,0.02,0.09,2.53,0.14,Nov,2,3,1,2,Returning_Visitor,False,False
1,125.31,1,32.33,49,1786.77,0.02,0.07,5.36,0.16,Nov,2,2,1,6,Returning_Visitor,False,False
2,122.38,2,33.15,43,2496.68,0.03,0.03,3.77,0.21,Nov,2,2,1,1,Returning_Visitor,False,False
12,205.51,2,109.51,105,2825.57,0.02,0.05,22.77,0.17,Nov,3,3,1,1,Returning_Visitor,False,False
1,136.81,1,7.76,29,1129.28,0.02,0.05,0.0,0.0,Nov,2,3,1,6,Returning_Visitor,False,False
4,142.08,2,118.15,27,2312.66,0.02,0.02,11.79,0.12,Nov,3,2,7,2,Returning_Visitor,False,False
2,183.07,1,45.57,65,1567.42,0.0,0.02,6.91,0.13,May,2,2,1,2,Returning_Visitor,True,True
3,185.35,1,79.27,90,1712.96,0.01,0.04,11.08,0.14,Nov,3,2,1,4,Returning_Visitor,False,False
1,159.7,1,23.12,49,1036.8,0.01,0.04,3.33,0.17,Nov,2,2,8,6,Returning_Visitor,False,False
0,116.94,1,24.42,34,1093.96,0.01,0.05,2.95,0.13,Nov,2,2,1,2,Returning_Visitor,False,False
1,65.74,1,23.42,7,1820.9,0.01,0.02,2.48,0.17,Mar,2,13,1,8,Returning_Visitor,False,True
4,522.25,1,102.8,60,2207.79,0.02,0.02,24.9,0.16,Nov,2,5,1,1,Returning_Visitor,False,False
1,146.29,1,31.63,51,1805.55,0.02,0.07,4.81,0.13,Nov,2,3,1,6,Returning_Visitor,False,False
1,174.87,1,16.47,57,1709.16,0.02,0.06,6.04,0.16,Nov,2,3,1,6,Returning_Visitor,False,False
1,148.67,0,17.94,47,1722.41,0.02,0.04,3.0,0.45,May,4,1,2,6,Returning_Visitor,False,False
1,161.78,1,26.58,51,1662.25,0.02,0.05,4.94,0.15,Nov,2,2,1,6,Returning_Visitor,False,False
1,246.47,2,62.83,46,1346.92,0.06,0.11,7.54,0.11,Sep,3,3,1,4,New_Visitor,False,False
3,135.15,1,18.91,43,1375.66,0.01,0.05,0.0,0.13,Nov,2,3,1,6,Returning_Visitor,False,False
0,0.0,2,58.97,47,1061.47,0.04,0.1,11.68,0.25,June,2,2,2,1,Returning_Visitor,False,False
3,166.76,1,46.61,49,1841.57,0.02,0.04,4.65,0.12,Nov,2,3,1,6,Returning_Visitor,False,True
0,84.92,1,0.0,42,1929.64,0.02,0.07,4.96,0.28,May,2,2,3,6,Returning_Visitor,False,False
1,0.0,1,17.18,31,902.3,0.03,0.08,1.83,0.13,Nov,2,1,1,2,Returning_Visitor,False,False
3,210.99,2,109.63,106,2756.86,0.01,0.05,12.65,0.24,Nov,2,3,1,1,Returning_Visitor,False,True
2,190.74,1,53.45,21,1578.84,0.01,0.01,14.62,0.18,May,2,2,2,6,Returning_Visitor,False,True
2,186.62,1,56.97,65,1909.45,0.04,0.08,9.74,0.14,Mar,2,3,4,6,Returning_Visitor,False,False
2,212.98,2,99.18,10,938.45,0.01,0.02,0.0,0.15,Nov,2,2,1,6,Returning_Visitor,True,False
0,0.0,0,10.71,35,1714.28,0.02,0.08,1.68,0.12,Nov,2,1,8,2,Returning_Visitor,False,False
1,140.53,1,0.0,48,1631.29,0.01,0.07,3.76,0.0,Nov,2,3,2,1,New_Visitor,False,False
1,153.48,1,34.96,57,1857.44,0.01,0.06,8.3,0.14,Nov,2,2,1,6,Returning_Visitor,False,False
1,175.12,1,24.96,56,1676.96,0.01,0.04,5.07,0.22,Nov,2,2,8,6,Returning_Visitor,False,False
1,143.84,1,63.62,57,1834.36,0.02,0.07,4.91,0.2,May,2,2,4,6,Returning_Visitor,False,False
1,122.95,1,23.65,40,1295.57,0.02,0.08,2.66,0.0,Nov,2,1,1,6,Returning_Visitor,False,False
2,153.7,1,73.33,85,1155.03,0.01,0.03,10.94,0.32,Nov,4,2,1,6,Returning_Visitor,False,False
2,188.18,1,27.34,55,1688.66,0.0,0.04,5.67,0.12,Nov,2,3,1,6,Returning_Visitor,False,True
0,63.35,1,46.46,46,2214.43,0.02,0.05,11.65,0.17,Nov,2,2,2,6,Returning_Visitor,False,True
2,129.57,1,52.9,56,2021.94,0.01,0.06,8.7,0.14,Nov,2,2,1,6,Returning_Visitor,False,False
1,124.13,1,24.49,36,1214.4,0.02,0.06,4.2,0.14,Nov,2,2,1,2,Returning_Visitor,False,False
1,167.71,1,28.09,57,1725.04,0.01,0.05,5.25,0.15,Nov,2,3,1,6,Returning_Visitor,False,False
2,200.01,1,12.84,33,1273.79,0.02,0.04,3.03,0.0,Nov,2,2,3,1,Returning_Visitor,False,False
1,168.11,1,28.07,62,1702.69,0.01,0.06,7.66,0.17,Nov,2,3,1,6,Returning_Visitor,False,False
1,146.35,1,24.41,49,1486.9,0.02,0.06,3.88,0.14,Nov,2,3,1,6,Returning_Visitor,False,True
1,121.26,1,21.44,50,1405.44,0.02,0.02,4.0,0.14,Dec,2,2,1,6,Returning_Visitor,True,False
2,181.49,0,8.77,47,1470.67,0.01,0.01,0.0,0.18,Nov,2,13,1,6,Returning_Visitor,False,False
0,30.41,0,8.91,31,1207.55,0.05,0.12,3.19,0.11,Nov,2,1,1,1,Returning_Visitor,False,False
1,136.93,0,20.33,40,1953.45,0.02,0.04,2.76,0.3,Nov,2,2,1,1,Returning_Visitor,False,False
1,117.92,1,25.74,40,1292.08,0.03,0.08,4.05,0.14,Nov,2,3,1,6,Returning_Visitor,False,True
2,88.56,1,24.67,48,1360.33,0.03,0.06,3.85,0.14,Nov,2,2,2,6,Returning_Visitor,False,False
1,153.36,1,39.29,57,1648.46,0.02,0.06,5.54,0.14,Nov,2,2,1,6,Returning_Visitor,False,False
1,81.19,1,4.37,40,1713.17,0.02,0.09,2.68,0.16,Nov,4,1,3,3,Returning_Visitor,False,False
1,153.67,1,16.09,48,1008.05,0.01,0.07,3.45,0.13,Nov,2,3,1,6,Returning_Visitor,False,False
3,49.0,1,10.71,54,1887.97,0.01,0.04,0.0,0.2,Aug,1,1,4,6,Returning_Visitor,False,False
4,157.53,2,85.29,70,2023.08,0.02,0.04,10.18,0.16,Nov,2,3,1,6,Returning_Visitor,False,False
2,113.74,1,8.7,43,1774.07,0.02,0.07,1.79,0.13,Nov,1,1,4,3,Returning_Visitor,False,False
2,178.85,1,25.55,43,1721.81,0.0,0.03,5.14,0.15,Dec,2,13,1,6,Returning_Visitor,False,False
0,31.18,1,15.06,23,290.83,0.01,0.09,1.82,0.16,May,2,2,2,2,Returning_Visitor,False,False
3,177.47,1,18.21,49,1873.1,0.01,0.06,3.65,0.14,Nov,2,1,1,1,Returning_Visitor,False,False
0,13.2,0,19.82,31,582.12,0.0,0.06,3.38,0.16,May,3,3,2,3,Returning_Visitor,False,False
0,41.15,0,13.73,26,1343.59,0.01,0.08,2.58,0.14,Nov,2,2,2,2,Returning_Visitor,False,False
0,0.0,1,13.79,16,626.09,0.02,0.09,1.87,0.16,May,2,2,1,2,Returning_Visitor,False,False
6,452.5,1,73.79,69,2070.57,0.01,0.04,7.58,0.12,Nov,1,1,1,1,Returning_Visitor,False,False
6,267.39,2,100.71,91,3096.48,0.02,0.05,11.48,0.22,Nov,2,4,1,1,Returning_Visitor,False,True
2,67.11,0,7.36,49,1346.8,0.02,0.1,1.65,0.16,Nov,1,1,4,3,Returning_Visitor,False,False
2,131.7,1,27.14,48,1588.58,0.01,0.02,2.76,0.17,Nov,2,2,8,6,Returning_Visitor,False,False
3,167.2,1,41.32,75,1989.81,0.01,0.01,10.55,0.16,Nov,2,3,1,6,Returning_Visitor,False,False
0,28.5,0,22.25,30,1544.31,0.02,0.08,0.0,0.21,May,2,2,3,2,Returning_Visitor,False,False
1,128.76,1,21.94,39,1886.75,0.0,0.05,4.23,0.15,Nov,2,2,1,1,Returning_Visitor,False,False
2,113.35,1,21.01,44,1675.65,0.02,0.06,3.29,0.0,Nov,2,1,7,1,Returning_Visitor,False,False
4,185.8,1,0.0,43,1254.85,0.01,0.03,3.55,0.24,Nov,2,3,8,1,Returning_Visitor,False,False
2,77.75,1,13.51,36,941.92,0.01,0.03,1.48,0.16,Nov,2,2,1,2,New_Visitor,False,False
1,174.11,1,29.14,52,149.6,0.01,0.04,2.22,0.18,Nov,2,2,2,2,New_Visitor,False,False
1,93.43,1,11.31,37,123.5,0.02,0.08,1.87,0.12,Nov,2,3,1,6,Returning_Visitor,False,False
1,167.35,1,21.18,47,2493.99,0.02,0.06,8.03,0.27,Nov,2,1,9,6,Returning_Visitor,False,True
0,166.09,1,11.15,34,1170.24,0.0,0.03,3.05,0.13,Nov,2,2,1,2,New_Visitor,False,False
0,14.61,1,9.79,1,506.85,0.09,0.13,2.54,0.08,Nov,1,1,2,3,Returning_Visitor,False,False
1,28.75,1,41.15,18,70.47,0.06,0.13,3.9,0.16,Nov,3,3,1,3,Returning_Visitor,False,False
2,196.09,1,46.57,67,2336.72,0.02,0.06,9.65,0.13,Mar,2,5,2,1,Returning_Visitor,False,False
2,163.82,1,8.27,46,1359.48,0.01,0.05,0.0,0.14,Nov,2,3,1,6,Returning_Visitor,False,False
2,152.46,1,43.34,43,1822.31,0.01,0.02,11.11,0.26,Jul,2,2,3,6,Returning_Visitor,False,False
0,68.61,0,17.03,39,1122.75,0.02,0.05,2.84,0.15,Nov,3,2,2,13,Returning_Visitor,False,False
0,0.0,1,17.94,19,339.93,0.07,0.12,2.26,0.12,Nov,2,1,1,2,Returning_Visitor,False,False
2,178.67,1,35.74,63,1904.01,0.01,0.06,9.47,0.14,Nov,2,3,1,6,Returning_Visitor,False,False
2,163.67,1,0.0,33,1145.11,0.01,0.06,2.24,0.17,Nov,2,3,1,2,New_Visitor,False,False
3,209.57,0,32.02,43,1193.76,0.03,0.07,4.91,0.15,Nov,2,13,1,6,Returning_Visitor,False,False
1,135.5,1,19.26,46,1665.21,0.02,0.02,4.24,0.16,May,2,2,7,2,Returning_Visitor,False,True
2,141.26,1,35.42,51,1595.68,0.02,0.05,4.09,0.24,Nov,2,2,7,6,Returning_Visitor,True,False
7,256.2,2,133.48,80,4130.85,0.02,0.04,75.28,0.1,Nov,1,1,1,1,Returning_Visitor,False,True
2,6.0,2,101.59,53,1467.84,0.02,0.04,13.53,0.19,Nov,2,13,1,20,Returning_Visitor,False,False
3,113.45,1,53.75,40,866.7,0.02,0.03,10.07,0.13,May,3,2,7,6,Returning_Visitor,False,True
4,211.9,2,125.77,71,1948.87,0.01,0.04,15.16,0.19,Nov,2,2,1,6,Returning_Visitor,False,False
1,126.85,1,20.19,43,1750.37,0.01,0.05,4.78,0.16,Nov,2,2,3,6,Returning_Visitor,False,False
2,187.91,1,40.58,70,2142.92,0.01,0.01,11.99,0.12,Nov,3,13,1,6,Returning_Visitor,True,True
1,94.86,1,14.62,40,1529.83,0.03,0.08,4.27,0.13,Nov,2,1,2,6,Returning_Visitor,False,True
0,0.0,1,28.67,45,2688.8,0.05,0.08,6.21,0.13,Mar,2,2,1,1,Returning_Visitor,False,False
3,111.09,1,45.93,52,2189.06,0.02,0.04,5.66,0.15,Mar,3,3,1,1,Returning_Visitor,False,False
6,338.0,3,126.8,61,2417.51,0.01,0.03,0.0,0.07,Nov,1,1,1,6,Returning_Visitor,False,True
2,140.57,2,108.8,43,1692.2,0.02,0.02,50.6,0.12,Nov,2,2,2,2,Returning_Visitor,False,False
1,128.33,1,36.38,43,1372.64,0.02,0.06,3.44,0.12,Nov,2,2,1,6,Returning_Visitor,False,False
3,15.0,1,63.47,50,2293.26,0.01,0.01,15.38,0.13,May,2,13,1,1,Returning_Visitor,False,False
1,106.07,1,22.49,38,1132.7,0.04,0.09,4.14,0.13,Nov,2,3,1,6,Returning_Visitor,False,False
2,195.93,1,52.12,76,2261.81,0.01,0.04,17.15,0.16,Nov,2,2,1,6,Returning_Visitor,False,True
1,143.35,1,67.16,65,2110.12,0.04,0.07,14.27,0.18,Nov,2,2,1,1,Returning_Visitor,False,True
1,135.34,0,7.18,38,1519.42,0.02,0.08,4.04,0.17,May,2,3,2,6,Returning_Visitor,False,False
2,144.84,1,1.7,13,1279.68,0.01,0.04,0.71,0.16,Nov,2,3,7,2,New_Visitor,False,False
2,206.0,1,15.62,32,1174.49,0.01,0.02,0.0,0.18,Nov,2,3,2,6,New_Visitor,False,False
0,63.44,1,27.6,32,1446.76,0.1,0.11,2.75,0.11,Mar,2,3,1,1,Returning_Visitor,False,False
1,165.91,1,55.47,14,2321.45,0.02,0.01,2.83,0.8,May,4,13,2,6,Returning_Visitor,False,False
1,171.65,1,6.68,37,1608.41,0.01,0.05,3.25,0.18,Nov,2,3,1,1,Returning_Visitor,False,False
3,60.0,3,115.76,118,1889.45,0.01,0.02,14.31,0.18,May,3,2,1,2,Returning_Visitor,True,False
2,189.71,1,24.35,60,1753.37,0.0,0.05,7.25,0.13,Nov,2,3,1,6,Returning_Visitor,False,False
0,27.54,1,0.0,31,1055.82,0.1,0.13,2.15,0.11,Mar,2,1,2,1,Returning_Visitor,False,False
1,0.0,1,27.53,44,2012.05,0.01,0.06,4.37,0.12,Nov,2,1,1,6,Returning_Visitor,False,False
3,17.0,1,0.0,29,1432.89,0.02,0.04,0.0,0.2,Dec,2,13,1,6,Returning_Visitor,False,False
4,366.4,5,82.8,225,2419.55,0.01,0.03,24.28,0.17,Sep,2,4,4,1,Returning_Visitor,False,True
1,37.21,1,17.35,16,43.7,0.08,0.12,2.41,0.11,Nov,2,3,1,6,Returning_Visitor,False,False
3,302.93,2,44.96,9,1311.69,0.0,0.07,4.89,0.13,Nov,8,1,1,1,Returning_Visitor,False,False
0,50.32,0,19.0,15,223.33,0.02,0.09,1.2,0.12,Nov,3,2,1,2,Returning_Visitor,False,False
1,20.98,1,6.61,26,972.18,0.07,0.13,2.41,0.1,Nov,1,1,2,3,Returning_Visitor,False,False
1,145.2,1,22.6,53,1328.43,0.01,0.05,3.02,0.19,Nov,2,2,1,6,Returning_Visitor,False,False
2,162.79,1,30.24,55,1658.01,0.02,0.06,5.3,0.14,Nov,2,1,1,6,Returning_Visitor,False,False
1,157.42,1,0.0,65,3749.57,0.0,0.01,37.97,0.0,Nov,2,2,8,1,Returning_Visitor,False,True
0,45.6,1,51.17,48,2020.77,0.02,0.05,2.2,0.43,May,3,2,3,6,Returning_Visitor,False,False
1,139.21,1,26.29,48,1581.21,0.02,0.06,0.0,0.14,Nov,2,2,1,6,Returning_Visitor,False,False
0,18.17,1,34.52,25,321.0,0.02,0.05,4.21,0.22,Nov,2,2,3,6,Returning_Visitor,False,False
0,165.41,0,14.65,15,1660.02,0.01,0.06,5.65,0.14,Nov,2,3,2,2,Returning_Visitor,False,True
1,187.22,1,33.65,62,1543.75,0.03,0.08,5.68,0.14,Nov,2,3,1,6,Returning_Visitor,False,False
1,11.56,1,2.96,1,398.64,0.08,0.13,0.94,0.07,Nov,1,1,1,3,Returning_Visitor,False,False
1,139.21,1,19.56,47,1464.2,0.02,0.06,4.66,0.14,Nov,2,2,2,6,Returning_Visitor,False,False
2,203.0,1,53.44,46,2394.0,0.02,0.05,5.5,0.44,May,2,2,8,1,Returning_Visitor,False,False
1,137.45,1,21.91,42,1544.5,0.03,0.07,3.95,0.14,Nov,2,3,1,6,Returning_Visitor,False,False
4,346.37,9,86.91,82,2057.45,0.01,0.05,20.01,0.09,Sep,1,1,1,1,Returning_Visitor,False,False
0,0.0,1,9.15,18,521.34,0.0,0.07,1.13,0.15,Nov,2,2,8,2,Returning_Visitor,False,False
0,24.46,1,18.61,14,108.0,0.08,0.08,4.58,0.1,Nov,3,2,2,6,Returning_Visitor,False,False
1,154.88,1,15.3,47,1559.26,0.01,0.06,4.86,0.14,Nov,2,3,1,6,Returning_Visitor,False,False
1,194.47,1,44.78,72,1751.83,0.0,0.04,10.18,0.15,Nov,2,2,2,6,Returning_Visitor,False,False
0,36.46,1,0.0,14,460.32,0.2,0.13,4.21,0.08,Nov,3,3,1,2,Returning_Visitor,False,False
2,180.92,3,100.67,92,1885.65,0.02,0.03,14.14,0.17,Nov,2,2,1,6,Returning_Visitor,False,False
1,142.25,1,24.9,51,1695.34,0.01,0.06,5.29,0.14,Nov,2,3,1,6,Returning_Visitor,False,False
2,91.06,1,29.55,51,1760.48,0.03,0.08,2.29,0.11,Nov,8,1,1,1,Returning_Visitor,False,False
2,83.73,1,47.05,73,3296.65,0.01,0.04,12.6,0.32,Dec,2,13,1,6,Returning_Visitor,False,False
2,164.75,1,30.67,60,1661.53,0.01,0.04,5.57,0.15,Nov,2,3,1,6,Returning_Visitor,False,True
2,156.1,1,24.14,50,1738.62,0.01,0.06,4.46,0.14,Nov,2,3,1,6,Returning_Visitor,False,False
1,168.46,1,17.77,51,1740.8,0.02,0.06,0.0,0.16,Nov,2,3,1,6,Returning_Visitor,False,False
3,157.98,1,47.7,60,555.89,0.01,0.04,14.54,0.16,Nov,2,2,1,6,Returning_Visitor,False,True
2,144.64,1,37.7,54,1501.59,0.03,0.04,4.26,0.14,Nov,3,2,1,6,Returning_Visitor,True,False
4,227.06,1,75.86,96,2693.04,0.01,0.03,20.12,0.18,Nov,2,13,1,1,Returning_Visitor,False,True
0,27.49,1,28.29,27,1066.43,0.09,0.2,0.0,0.13,Nov,2,3,2,1,Returning_Visitor,False,False
0,88.95,1,59.45,58,2397.21,0.05,0.08,13.24,0.25,Nov,2,2,2,1,Returning_Visitor,False,False
0,37.49,1,10.33,17,331.29,0.06,0.09,2.7,0.12,Nov,2,2,2,2,Returning_Visitor,False,False
1,147.42,0,15.68,52,1997.47,0.02,0.05,11.96,0.0,May,2,2,3,6,Returning_Visitor,False,False
3,129.99,1,27.73,55,733.5,0.01,0.02,1.99,0.13,Mar,2,2,2,6,Returning_Visitor,False,False
0,50.61,1,68.8,18,781.85,0.06,0.11,3.33,0.14,Nov,2,2,1,6,Returning_Visitor,False,False
1,161.95,1,16.93,41,1353.92,0.02,0.03,3.29,0.15,Nov,2,2,1,2,New_Visitor,False,False
1,159.67,1,26.2,54,1729.85,0.01,0.06,5.2,0.15,Nov,2,3,1,6,Returning_Visitor,False,False
1,159.84,1,22.66,47,1631.05,0.02,0.07,5.08,0.13,Nov,2,3,1,6,Returning_Visitor,False,False
2,118.4,1,14.34,46,1647.71,0.01,0.07,2.44,0.08,Nov,1,1,2,1,Returning_Visitor,False,False
1,150.12,1,22.21,48,1622.19,0.02,0.06,3.86,0.17,Nov,2,3,1,6,Returning_Visitor,False,False
1,142.28,1,25.38,44,1954.01,0.02,0.05,3.54,0.15,May,2,1,4,6,Returning_Visitor,False,False
1,118.81,1,25.42,49,1569.41,0.02,0.07,5.04,0.14,Nov,2,2,2,6,Returning_Visitor,False,True
4,164.55,2,144.5,59,1436.88,0.04,0.04,7.8,0.27,Nov,3,2,1,6,Returning_Visitor,False,True
1,123.3,1,7.66,38,159.75,0.02,0.07,2.14,0.15,Nov,2,3,2,6,Returning_Visitor,False,True
1,115.55,1,20.03,38,1247.24,0.02,0.07,2.49,0.14,Nov,2,2,1,6,Returning_Visitor,False,True
2,189.65,1,58.8,94,606.18,0.02,0.04,4.03,0.15,Nov,2,3,1,2,New_Visitor,False,True
2,87.52,1,5.17,32,1014.91,0.02,0.09,1.39,0.15,Nov,1,1,4,6,Returning_Visitor,False,False
1,98.22,1,0.0,27,633.46,0.02,0.06,1.84,0.0,Nov,2,2,1,2,Returning_Visitor,False,False
1,150.96,1,18.39,55,1445.39,0.02,0.07,4.11,0.15,Nov,2,3,1,6,Returning_Visitor,False,False
0,18.04,0,22.64,21,477.28,0.1,0.13,3.42,0.2,May,3,1,1,3,Returning_Visitor,False,False
0,43.39,1,21.63,2,465.94,0.06,0.11,2.26,0.11,Nov,2,3,1,2,Returning_Visitor,False,False
1,0.0,1,2.47,26,485.83,0.05,0.1,1.09,0.11,Nov,1,1,1,3,Returning_Visitor,False,False
1,160.69,1,41.43,61,1586.96,0.0,0.06,6.82,0.14,Nov,2,2,1,6,Returning_Visitor,False,False
2,157.92,1,25.36,52,1741.06,0.02,0.08,4.86,0.13,Nov,2,1,1,6,Returning_Visitor,False,False
0,0.0,0,5.72,28,1070.91,0.02,0.1,1.82,0.1,Nov,2,1,2,6,Returning_Visitor,False,False
4,159.0,1,21.2,51,1595.33,0.03,0.07,2.14,0.09,Nov,1,1,1,1,Returning_Visitor,False,False
3,86.05,1,43.6,20,1915.31,0.01,0.02,12.75,0.2,May,2,2,1,6,Returning_Visitor,False,True
0,20.84,1,8.15,25,822.58,0.02,0.09,2.21,0.12,Nov,2,3,3,6,Returning_Visitor,False,False
2,157.65,1,22.33,50,1463.83,0.01,0.04,3.08,0.16,Nov,2,3,1,6,Returning_Visitor,False,False
5,305.37,14,114.23,57,2746.4,0.04,0.07,12.82,0.11,Nov,1,1,1,1,Returning_Visitor,False,False
3,206.5,1,84.23,84,2954.94,0.02,0.05,13.07,0.15,Mar,2,6,1,1,Returning_Visitor,False,False
0,0.0,1,18.84,40,2302.84,0.02,0.08,4.62,0.14,Nov,2,2,8,1,Returning_Visitor,False,False
3,572.58,1,63.8,72,13717.4,0.0,0.05,5.36,0.15,Nov,2,1,1,1,Returning_Visitor,False,True
4,311.92,0,6.35,44,1937.85,0.01,0.04,0.0,0.12,Mar,2,2,3,3,Returning_Visitor,False,False
1,81.34,1,20.8,35,1499.92,0.02,0.07,0.0,0.0,May,2,2,2,6,Returning_Visitor,False,False
0,128.83,1,76.01,76,1464.05,0.01,0.04,11.31,0.61,May,3,2,1,4,Returning_Visitor,True,False
0,0.0,1,22.05,41,1789.68,0.02,0.06,2.94,0.15,Nov,2,2,8,6,Returning_Visitor,False,False
0,158.93,1,12.41,25,488.27,0.09,0.11,5.96,0.13,June,2,3,2,1,Returning_Visitor,False,False
2,161.44,1,17.77,39,1435.32,0.02,0.05,2.14,0.16,Mar,2,3,1,6,Returning_Visitor,False,False
0,0.0,1,24.26,22,1362.61,0.04,0.06,0.57,0.12,Nov,2,2,1,1,Returning_Visitor,False,False
1,92.75,1,10.31,41,1545.66,0.03,0.08,4.16,0.13,Nov,2,1,1,6,Returning_Visitor,False,False
2,90.38,1,49.28,42,1926.02,0.03,0.05,3.05,0.12,Nov,3,2,1,1,Returning_Visitor,False,False
1,138.08,1,28.73,47,1669.22,0.01,0.06,5.54,0.26,May,2,2,2,6,Returning_Visitor,False,False
2,177.97,1,31.26,58,1834.6,0.02,0.06,5.49,0.15,Nov,2,3,1,1,Returning_Visitor,False,False
0,97.96,1,11.2,8,811.29,0.02,0.1,1.69,0.12,Nov,2,3,1,2,New_Visitor,False,False
4,191.67,2,121.94,96,2071.94,0.03,0.04,16.88,0.15,Nov,2,2,1,6,Returning_Visitor,False,False
0,122.44,1,21.54,47,1178.32,0.01,0.04,3.88,0.15,Nov,2,2,6,2,Returning_Visitor,False,False
1,143.42,1,25.39,55,1712.48,0.02,0.07,7.42,0.13,Nov,2,1,1,6,Returning_Visitor,False,False
4,163.96,1,21.22,49,1891.05,0.0,0.05,4.21,0.1,Nov,1,1,7,6,Returning_Visitor,False,True
3,16.0,1,60.58,44,2118.28,0.01,0.05,13.44,0.16,Mar,2,13,1,6,Returning_Visitor,False,False
1,0.0,1,18.68,22,0.0,0.1,0.13,0.0,0.19,May,3,1,9,3,Other,False,False
2,187.05,0,18.94,60,1709.91,0.02,0.06,2.8,0.22,Nov,2,1,4,6,Returning_Visitor,False,False
2,197.83,1,30.6,42,1211.59,0.02,0.05,3.39,0.13,Mar,2,3,1,6,New_Visitor,False,True
3,193.35,1,49.74,61,389.0,0.02,0.05,5.46,0.13,Nov,2,3,1,6,Returning_Visitor,False,False
5,160.94,1,30.99,61,1843.32,0.02,0.02,7.28,0.15,Dec,2,2,2,3,Returning_Visitor,False,False
2,177.0,0,22.76,33,765.03,0.02,0.04,2.3,0.15,Nov,2,3,1,6,New_Visitor,False,False
1,162.74,1,64.2,30,1198.4,0.12,0.1,8.28,0.19,Nov,3,3,1,4,Returning_Visitor,True,False
1,145.98,1,0.0,38,816.52,0.04,0.06,4.91,0.14,Nov,3,3,1,6,Returning_Visitor,False,False
0,94.11,0,20.7,40,1843.21,0.03,0.07,0.0,0.26,Nov,2,1,3,6,Returning_Visitor,False,False
0,33.29,0,23.78,23,852.22,0.05,0.1,0.0,0.11,Nov,2,2,1,2,Returning_Visitor,False,False
2,167.24,1,30.42,68,1637.02,0.01,0.06,6.06,0.17,Nov,2,2,1,6,Returning_Visitor,False,False
2,117.22,1,0.0,59,1549.37,0.02,0.04,1.89,0.16,Mar,2,13,1,13,Returning_Visitor,False,False
1,59.57,1,7.14,30,952.95,0.02,0.1,1.9,0.0,Nov,1,1,1,2,Returning_Visitor,False,False
1,90.05,1,14.62,34,1163.73,0.02,0.04,0.0,0.1,Nov,3,1,1,3,Returning_Visitor,True,False
0,145.27,1,18.6,49,1857.83,0.0,0.01,15.04,0.19,Nov,2,2,8,6,Returning_Visitor,False,False
6,134.46,5,129.15,62,3020.07,0.03,0.03,0.0,0.14,Nov,3,1,7,1,Returning_Visitor,False,False
1,164.57,1,26.73,52,1714.48,0.02,0.06,4.79,0.15,Nov,2,3,1,6,Returning_Visitor,False,False
3,110.02,1,38.44,67,1805.34,0.01,0.01,4.34,0.13,Mar,3,3,1,6,Returning_Visitor,False,False
1,150.82,1,28.75,52,1640.88,0.01,0.06,5.28,0.14,Nov,2,3,1,6,Returning_Visitor,False,False
4,181.09,1,21.34,74,2374.97,0.02,0.06,9.22,0.13,Nov,3,3,1,3,Returning_Visitor,False,False
1,139.37,1,11.28,46,1538.49,0.01,0.07,2.41,0.17,Nov,2,1,1,6,Returning_Visitor,False,False
1,162.33,1,46.22,39,1431.22,0.03,0.08,4.78,0.15,Nov,2,3,1,6,Returning_Visitor,False,False
1,98.43,1,54.77,55,1773.01,0.03,0.04,3.26,0.0,Nov,2,2,7,1,Returning_Visitor,False,False
2,115.37,1,26.11,41,2001.01,0.01,0.02,2.73,0.16,Nov,2,3,8,6,Returning_Visitor,False,False
0,26.17,1,5.29,19,504.44,0.04,0.12,1.66,0.11,Nov,2,1,1,2,Returning_Visitor,False,False
2,167.83,1,45.53,40,2119.89,0.02,0.09,3.68,0.12,Nov,1,1,2,6,Returning_Visitor,False,False
2,194.05,1,29.21,58,2153.05,0.01,0.02,13.38,0.17,Nov,4,13,1,1,Returning_Visitor,True,True
0,44.07,1,0.0,18,485.53,0.08,0.12,3.49,0.1,May,3,3,1,3,Returning_Visitor,False,False
2,172.37,1,25.9,52,1724.52,0.01,0.05,6.59,0.16,Nov,2,3,1,6,Returning_Visitor,False,False
1,221.69,0,0.0,51,1228.08,0.01,0.06,10.87,0.09,Oct,2,3,8,2,New_Visitor,False,False
3,256.9,1,11.7,46,1576.36,0.01,0.06,5.78,0.17,Aug,4,1,3,6,Returning_Visitor,False,False
1,79.4,1,38.71,67,1486.64,0.01,0.03,5.66,0.31,May,3,2,3,6,Returning_Visitor,True,False
5,71.51,3,68.0,71,1466.01,0.01,0.03,14.88,0.16,Nov,2,13,1,6,Returning_Visitor,False,False
1,177.71,1,32.11,54,1223.33,0.01,0.04,5.83,0.2,Nov,2,2,1,6,Returning_Visitor,False,True
3,80.85,1,0.0,45,2011.31,0.03,0.01,6.52,0.13,Mar,3,13,1,3,Returning_Visitor,False,False
2,186.58,1,70.79,48,372.25,0.02,0.04,6.97,0.15,Dec,2,3,1,1,Returning_Visitor,False,False
0,6.33,0,0.94,15,876.24,0.01,0.08,0.9,0.09,Nov,2,2,3,2,Returning_Visitor,False,False
2,145.2,1,38.6,56,2160.36,0.02,0.06,8.29,0.14,Nov,2,2,2,6,Returning_Visitor,False,False
2,171.69,0,18.85,39,1589.44,0.02,0.06,4.21,0.16,Nov,2,3,1,6,Returning_Visitor,False,False
0,10.58,0,33.41,15,398.55,0.03,0.1,2.38,0.1,May,2,2,1,3,Returning_Visitor,False,False
1,126.72,1,7.42,35,1021.73,0.02,0.07,2.45,0.14,Nov,2,3,1,6,Returning_Visitor,False,True
3,174.3,2,56.02,57,2101.39,0.03,0.07,5.75,0.14,Nov,2,3,1,1,Returning_Visitor,False,False
1,133.64,0,91.5,20,3766.28,0.01,0.03,25.71,0.12,Nov,2,2,7,1,Returning_Visitor,False,False
0,97.47,1,18.27,33,1160.74,0.02,0.07,3.55,0.14,Nov,2,2,1,2,Returning_Visitor,False,False
3,181.17,1,66.5,67,1906.34,0.01,0.05,10.18,0.13,Nov,2,2,1,6,Returning_Visitor,False,False
0,57.86,0,9.99,13,1338.42,0.01,0.07,0.0,0.12,Nov,2,2,3,2,Returning_Visitor,False,False
1,109.31,0,18.45,44,1558.62,0.02,0.08,4.47,0.14,Nov,2,3,2,6,Returning_Visitor,False,False
3,35.0,1,9.33,34,886.92,0.01,0.04,0.0,0.16,Nov,2,3,1,2,New_Visitor,False,False
6,402.15,2,99.38,65,1575.8,0.01,0.04,4.55,0.14,Nov,8,1,1,6,Returning_Visitor,False,False
0,34.31,1,31.55,24,508.64,0.12,0.13,3.73,0.14,Nov,3,1,2,3,Returning_Visitor,False,False
1,141.44,1,27.77,45,1250.51,0.02,0.05,2.49,0.0,Nov,2,3,1,6,Returning_Visitor,False,True
1,143.96,1,26.17,43,1541.51,0.02,0.06,4.13,0.15,Nov,2,3,1,6,Returning_Visitor,False,False
3,211.69,2,82.04,67,1868.1,0.02,0.07,11.73,0.14,Nov,2,13,1,6,Returning_Visitor,False,False
6,366.66,1,70.41,81,1523.74,0.0,0.03,14.09,0.0,Aug,2,2,7,6,Returning_Visitor,False,False
0,20.39,0,21.83,29,1154.29,0.02,0.09,4.77,0.11,Nov,2,2,2,2,Returning_Visitor,False,False
1,121.19,1,20.27,37,1269.55,0.02,0.06,2.51,0.15,Nov,2,3,1,2,Returning_Visitor,False,False
2,172.16,1,60.36,61,1674.24,0.02,0.04,7.6,0.13,Nov,2,2,1,6,Returning_Visitor,True,False
0,49.63,0,34.19,29,1390.73,0.02,0.07,3.83,0.18,May,2,2,2,6,Returning_Visitor,False,True
1,153.01,1,53.54,56,1869.52,0.03,0.07,7.05,0.14,Mar,2,2,1,1,Returning_Visitor,False,False
0,117.28,0,0.0,32,451.0,0.01,0.05,5.7,0.14,Nov,2,2,8,2,New_Visitor,False,True
1,0.0,2,125.25,100,2160.14,0.02,0.06,0.0,0.62,June,2,2,3,1,Returning_Visitor,False,False
5,365.59,2,144.57,66,2218.96,0.01,0.05,11.9,0.09,Nov,1,1,7,1,Returning_Visitor,False,False
3,163.92,1,23.82,60,1573.92,0.01,0.04,7.06,0.17,Nov,2,13,1,10,Returning_Visitor,False,False
1,152.09,1,52.15,55,2888.14,0.01,0.05,11.46,0.18,Nov,4,3,2,1,Returning_Visitor,False,True
0,82.61,1,26.68,4,305.14,0.05,0.1,2.58,0.14,Nov,2,3,1,2,New_Visitor,False,False
3,175.3,1,22.24,46,2259.93,0.05,0.06,4.51,0.15,Mar,2,1,1,1,Returning_Visitor,False,False
0,39.04,0,0.0,60,1870.98,0.01,0.05,8.6,0.18,May,2,3,2,2,Returning_Visitor,False,False
3,332.39,1,41.56,34,1189.37,0.01,0.05,5.56,0.16,Sep,2,2,3,6,Returning_Visitor,False,False
1,31.06,1,30.38,20,870.14,0.02,0.06,1.32,0.13,May,3,3,1,3,Returning_Visitor,False,False
1,168.53,1,22.16,50,1654.0,0.01,0.06,5.65,0.17,Nov,2,2,1,6,Returning_Visitor,False,False
4,212.03,1,56.7,83,2141.55,0.01,0.04,0.0,0.16,Nov,2,3,2,6,Returning_Visitor,False,False
2,171.39,1,0.0,52,1618.9,0.01,0.05,3.87,0.19,Nov,2,2,8,6,Returning_Visitor,False,False
2,136.87,1,15.39,40,1401.78,0.0,0.04,4.25,0.15,Nov,2,3,2,6,Returning_Visitor,False,False
1,164.98,1,17.36,50,906.45,0.01,0.04,3.01,0.15,Nov,2,2,1,2,New_Visitor,False,False
4,190.32,2,108.83,84,3993.83,0.03,0.06,0.0,0.2,Nov,3,2,1,6,Returning_Visitor,False,False
1,70.7,1,16.73,29,526.75,0.05,0.06,2.95,0.0,Nov,3,2,2,13,Returning_Visitor,False,False
3,122.0,1,17.98,47,1123.32,0.0,0.02,0.62,0.08,Nov,2,2,8,2,New_Visitor,False,False
1,75.7,1,12.63,23,860.37,0.04,0.1,1.11,0.12,Nov,2,1,1,6,Returning_Visitor,False,True
2,120.1,0,5.95,30,1243.93,0.01,0.06,0.0,0.13,Nov,2,1,1,2,Returning_Visitor,False,False
2,162.32,1,22.67,55,1559.73,0.02,0.06,4.01,0.19,Nov,2,3,1,6,Returning_Visitor,False,False
0,77.27,1,37.69,41,1917.82,0.03,0.05,3.47,0.0,Nov,2,2,3,1,Returning_Visitor,True,False
1,202.22,4,34.42,59,1591.87,0.02,0.05,2.16,0.17,Sep,1,1,1,1,Returning_Visitor,False,True
3,44.0,1,23.0,58,1507.98,0.01,0.05,5.56,0.12,Nov,2,3,1,6,Returning_Visitor,True,True
5,110.71,1,25.07,44,1214.15,0.01,0.05,3.3,0.0,Nov,2,13,1,6,New_Visitor,False,True
1,98.83,1,82.0,41,2073.04,0.04,0.08,9.29,0.14,Nov,3,2,1,6,Returning_Visitor,False,False
0,47.59,1,16.05,21,420.19,0.08,0.1,0.0,0.12,Nov,2,1,2,6,Returning_Visitor,False,False
6,164.62,1,88.76,9,1267.51,0.0,0.02,7.8,0.44,Aug,2,2,1,4,Returning_Visitor,True,False
1,80.73,1,52.39,28,737.59,0.11,0.12,0.0,0.17,Mar,3,2,1,6,Returning_Visitor,False,False
2,283.25,1,0.0,53,1904.97,0.01,0.06,10.26,0.18,Aug,4,4,8,1,Returning_Visitor,False,False
3,6.0,2,26.16,42,380.09,0.01,0.04,2.05,0.12,Nov,8,3,1,6,New_Visitor,True,False
1,135.13,1,0.0,27,1226.75,0.02,0.04,3.81,0.12,Dec,2,2,2,6,New_Visitor,False,False
2,135.76,0,6.8,33,1741.84,0.05,0.04,2.78,0.25,Nov,1,1,3,1,Returning_Visitor,False,False
2,148.78,1,38.23,39,1469.94,0.03,0.04,3.24,0.12,Nov,8,1,3,2,Returning_Visitor,False,False
2,145.17,1,39.0,58,1514.96,0.02,0.04,3.61,0.13,Nov,2,1,1,1,Returning_Visitor,False,False
1,89.49,1,13.27,39,1264.52,0.02,0.08,2.66,0.13,Nov,2,1,1,6,Returning_Visitor,False,False
0,65.64,1,7.08,39,1656.66,0.01,0.07,4.19,0.16,Nov,2,2,3,2,Returning_Visitor,False,True
2,53.83,1,9.22,42,1310.23,0.02,0.07,0.0,0.14,Mar,1,1,2,3,Returning_Visitor,False,False
0,66.06,0,5.49,40,1977.65,0.01,0.06,5.39,0.21,Nov,2,2,3,2,Returning_Visitor,False,False
4,210.69,2,103.27,75,2201.17,0.0,0.04,12.75,0.12,Nov,2,3,1,1,Returning_Visitor,False,False
1,85.67,1,11.11,34,1095.62,0.02,0.09,2.6,0.0,Nov,2,3,1,6,Returning_Visitor,False,False
1,99.18,1,12.55,31,1280.93,0.03,0.09,0.0,0.12,Nov,2,1,1,6,Returning_Visitor,False,True
0,92.57,1,0.0,18,407.84,0.03,0.06,3.16,0.13,Nov,2,2,1,2,New_Visitor,False,False
3,56.59,1,0.0,10,1030.11,0.0,0.02,5.03,0.19,Aug,2,2,8,2,New_Visitor,False,True
1,125.26,0,40.09,28,677.43,0.2,0.12,5.35,0.11,Mar,3,3,1,6,Returning_Visitor,False,False
2,41.21,1,0.97,26,1147.6,0.01,0.08,0.0,0.11,Nov,1,1,1,3,Returning_Visitor,False,False
4,223.56,1,80.54,18,2183.87,0.01,0.05,12.47,0.3,Nov,2,3,1,6,Returning_Visitor,False,True
3,201.98,0,63.03,44,706.05,0.01,0.03,2.19,0.0,Nov,2,8,1,2,Returning_Visitor,False,False
1,162.73,1,11.86,24,1149.66,0.02,0.04,0.0,0.22,Dec,2,3,1,2,New_Visitor,False,False
1,150.18,3,16.19,41,0.0,0.1,0.12,1.88,0.11,Mar,1,1,1,5,New_Visitor,False,False
2,177.14,1,61.2,56,1077.22,0.02,0.03,0.0,0.2,Dec,2,2,1,6,New_Visitor,False,False
2,179.16,2,42.58,33,952.24,0.04,0.06,0.0,0.0,Nov,2,3,1,6,Returning_Visitor,False,False
1,187.59,1,9.45,31,1468.07,0.02,0.05,3.35,0.17,Nov,2,13,1,1,Returning_Visitor,False,False
6,296.11,5,37.5,61,1514.2,0.0,0.03,9.31,0.1,Nov,1,1,1,1,Returning_Visitor,False,True
3,139.4,1,13.36,52,1467.9,0.03,0.03,2.26,0.11,Nov,1,1,1,3,Returning_Visitor,False,False
1,131.98,1,30.22,49,1740.44,0.02,0.07,5.4,0.0,Nov,2,3,1,6,Returning_Visitor,False,False
1,165.83,0,0.0,46,1767.73,0.02,0.04,3.34,0.5,Nov,2,2,3,6,Returning_Visitor,False,False
1,89.97,1,0.0,33,1258.47,0.04,0.06,0.0,0.11,Nov,8,1,1,1,Returning_Visitor,True,False
3,157.89,2,101.92,170,900.06,0.01,0.03,2.85,0.18,Nov,2,2,8,1,Returning_Visitor,False,False
1,152.85,1,47.02,53,1702.31,0.02,0.06,8.76,0.14,Nov,2,3,1,6,Returning_Visitor,False,False
1,172.08,1,68.37,60,1648.34,0.02,0.06,6.77,0.14,Nov,2,3,1,6,Returning_Visitor,False,False
3,318.81,1,72.16,76,2900.72,0.02,0.03,9.69,0.11,Nov,4,1,1,1,Returning_Visitor,True,False
1,139.03,1,29.83,49,1619.43,0.02,0.07,0.0,0.14,Nov,2,2,1,6,Returning_Visitor,False,False
7,415.08,2,112.28,88,3137.88,0.0,0.03,34.66,0.08,Nov,8,2,1,6,Returning_Visitor,False,True
1,176.9,1,17.95,53,1762.79,0.0,0.04,5.78,0.12,Nov,2,1,4,6,Returning_Visitor,False,True
1,97.87,1,0.0,38,1509.75,0.03,0.07,0.0,0.13,Nov,2,2,1,2,Returning_Visitor,False,False
2,20.0,1,33.45,50,1964.54,0.01,0.02,3.73,0.18,May,3,2,1,2,Returning_Visitor,False,False
5,117.02,1,48.53,34,647.67,0.02,0.04,2.14,0.16,Nov,2,2,1,2,Returning_Visitor,False,False
0,95.34,1,36.02,3,448.57,0.06,0.1,4.15,0.13,Nov,2,2,1,6,Returning_Visitor,False,False
1,139.85,1,20.78,49,1515.24,0.01,0.06,3.85,0.12,Nov,2,3,1,6,Returning_Visitor,False,True
0,67.86,1,7.8,38,1701.25,0.01,0.08,3.92,0.0,Nov,2,1,3,6,Returning_Visitor,False,False
0,101.11,1,9.53,20,1017.5,0.01,0.04,2.65,0.0,Nov,2,2,7,6,Returning_Visitor,False,False
2,142.31,1,17.55,56,1548.45,0.02,0.07,5.31,0.19,Nov,2,2,7,6,Returning_Visitor,False,False
6,109.74,1,17.8,48,1915.24,0.02,0.02,3.34,0.1,Mar,1,1,1,3,Returning_Visitor,False,True
2,174.6,1,46.62,65,1698.28,0.01,0.05,7.07,0.15,Nov,2,2,6,1,Returning_Visitor,False,False
3,180.31,2,54.64,66,1917.19,0.01,0.04,7.67,0.16,Nov,2,2,1,6,Returning_Visitor,False,False
0,33.83,1,52.95,28,1396.68,0.02,0.06,3.33,0.12,Nov,3,2,1,2,Returning_Visitor,False,False
3,148.76,1,70.11,72,1824.08,0.01,0.02,5.88,0.27,May,3,2,1,6,Returning_Visitor,True,False
1,78.05,1,30.89,39,1541.14,0.2,0.2,4.98,0.11,Mar,2,1,1,1,Returning_Visitor,False,False
3,21.1,1,51.62,93,2052.51,0.01,0.03,11.73,0.15,Nov,2,2,1,6,Returning_Visitor,False,False
0,49.11,1,21.03,7,705.22,0.07,0.12,3.33,0.11,Nov,3,2,2,6,Returning_Visitor,False,False
3,161.74,1,0.0,24,51.3,0.1,0.11,2.04,0.0,Mar,2,3,1,6,New_Visitor,True,False
1,159.97,1,29.9,59,1847.39,0.02,0.06,6.94,0.24,Nov,2,3,2,6,Returning_Visitor,False,False
2,193.7,1,31.2,45,1556.72,0.0,0.05,4.68,0.19,Nov,2,3,1,6,Returning_Visitor,False,False
1,208.65,1,48.57,57,2364.37,0.01,0.03,13.51,0.13,Nov,2,3,1,10,Returning_Visitor,False,False
3,176.34,1,38.28,54,1882.96,0.01,0.04,3.66,0.12,Nov,2,1,1,6,Returning_Visitor,False,False
2,201.6,1,44.44,70,1493.47,0.01,0.04,6.98,0.23,Nov,2,2,1,4,Returning_Visitor,False,False
1,141.68,1,40.82,2,1340.55,0.08,0.08,4.63,0.13,Mar,3,3,1,6,Returning_Visitor,False,False
4,149.56,1,0.0,46,1530.48,0.01,0.03,1.9,0.11,Mar,1,3,1,6,Returning_Visitor,False,False
1,127.9,1,25.05,46,1552.33,0.02,0.07,4.54,0.13,Nov,2,2,1,6,Returning_Visitor,False,False
1,89.8,1,22.77,33,1142.51,0.05,0.11,0.0,0.1,Nov,3,1,1,6,Returning_Visitor,False,False
2,139.91,1,52.96,63,2477.46,0.02,0.05,9.98,0.12,Nov,2,2,1,1,Returning_Visitor,False,True
0,0.0,1,10.2,16,72.5,0.05,0.13,2.16,0.11,Nov,2,1,2,3,Returning_Visitor,False,False
0,122.55,1,30.23,42,1838.85,0.01,0.05,6.28,0.0,Nov,2,2,1,6,Returning_Visitor,False,False
0,38.94,1,23.98,65,1632.42,0.02,0.06,6.2,0.13,Nov,2,2,3,6,Returning_Visitor,False,False
1,84.87,1,22.08,29,896.07,0.03,0.07,1.98,0.19,May,3,2,1,13,Returning_Visitor,False,False
1,167.02,1,25.92,49,1769.34,0.02,0.05,5.1,0.15,Nov,2,3,1,6,Returning_Visitor,False,False
2,178.12,1,22.03,48,1711.76,0.0,0.04,7.4,0.14,Nov,2,3,1,6,Returning_Visitor,False,True
2,73.53,1,46.79,36,1157.02,0.03,0.11,3.86,0.1,Nov,3,1,1,6,Returning_Visitor,False,False
2,163.47,1,55.79,62,1794.27,0.01,0.06,5.78,0.14,Nov,2,1,1,6,Returning_Visitor,False,False
2,139.49,1,34.45,62,1212.86,0.01,0.02,3.78,0.16,Nov,2,2,1,2,Returning_Visitor,False,False
3,65.17,1,30.87,46,1629.07,0.03,0.05,1.65,0.11,Mar,3,1,1,1,Returning_Visitor,False,False
0,72.21,1,5.2,42,1074.78,0.01,0.0,1.93,0.14,Nov,2,3,7,2,Returning_Visitor,False,True
2,159.54,1,27.93,50,2023.12,0.02,0.06,4.95,0.15,Nov,2,3,1,1,Returning_Visitor,False,False
1,162.57,1,54.37,53,1865.76,0.01,0.04,10.1,0.15,Nov,2,3,1,6,Returning_Visitor,False,False
1,35.22,1,12.99,20,440.36,0.04,0.09,1.38,0.14,May,2,2,1,3,Returning_Visitor,False,False
2,174.16,1,30.71,59,1817.57,0.01,0.05,7.44,0.0,Nov,2,2,1,6,Returning_Visitor,False,False
2,208.42,2,636.75,83,2060.33,0.02,0.05,17.93,0.15,Nov,2,2,2,2,Returning_Visitor,False,True
2,152.5,1,35.09,53,1653.51,0.02,0.06,4.37,0.12,Nov,2,3,1,6,Returning_Visitor,False,True
5,231.04,1,91.83,89,2203.82,0.01,0.03,27.97,0.13,Nov,2,2,2,6,Returning_Visitor,False,False
4,116.84,1,58.35,51,2185.72,0.07,0.04,7.16,0.12,Mar,3,3,1,3,Returning_Visitor,True,False
0,0.0,1,6.96,33,1862.65,0.03,0.04,4.17,0.22,Nov,2,2,3,1,Returning_Visitor,False,False
2,185.82,1,31.71,73,1338.03,0.01,0.02,0.0,0.19,Dec,2,2,2,6,Returning_Visitor,False,False
2,172.03,1,64.0,62,2317.77,0.02,0.06,13.12,0.12,Nov,2,2,1,6,Returning_Visitor,False,False
2,107.68,1,0.0,8,1889.02,0.03,0.05,5.82,0.0,Mar,2,4,1,6,Returning_Visitor,False,True
0,109.6,1,14.68,37,1812.5,0.01,0.04,4.96,0.18,Nov,2,2,8,2,Returning_Visitor,False,False
1,188.95,1,88.0,64,3130.24,0.05,0.05,14.28,0.09,Mar,3,2,1,9,Returning_Visitor,True,False
5,398.48,1,78.11,19,1388.56,0.01,0.01,12.81,0.13,Nov,2,13,1,6,Returning_Visitor,False,True
2,76.0,1,28.16,62,1366.48,0.0,0.04,4.89,0.12,Nov,2,2,1,6,Returning_Visitor,True,False
0,0.0,1,0.0,41,1562.08,0.02,0.07,5.39,0.35,May,2,3,2,6,Returning_Visitor,False,False
0,99.73,0,10.09,39,1835.68,0.03,0.08,8.46,0.33,Nov,2,2,3,6,Returning_Visitor,False,False
4,207.24,1,57.37,69,1843.94,0.0,0.04,11.83,0.11,Nov,2,13,1,6,Returning_Visitor,False,False
2,86.44,1,5.97,34,1274.16,0.02,0.08,1.15,0.1,Nov,1,1,4,3,Returning_Visitor,False,False
3,72.36,1,106.19,52,1500.6,0.01,0.03,13.92,0.24,Nov,2,13,1,6,Returning_Visitor,False,True
2,135.54,1,0.0,33,1640.96,0.02,0.04,4.76,0.23,Nov,2,3,1,6,Returning_Visitor,False,True
2,67.0,1,9.34,27,1109.08,0.02,0.03,2.58,0.2,Nov,2,2,1,2,Returning_Visitor,False,False
2,91.88,1,23.19,62,1727.91,0.02,0.02,2.83,0.11,Mar,2,3,2,6,Returning_Visitor,False,False
3,478.86,1,49.3,47,1165.75,0.01,0.06,6.2,0.11,Sep,2,3,1,6,New_Visitor,False,False
1,163.2,1,30.85,57,1868.43,0.02,0.06,8.0,0.18,Nov,2,3,1,6,Returning_Visitor,False,False
1,124.73,1,17.24,48,1553.33,0.02,0.07,3.77,0.12,Nov,2,1,1,6,Returning_Visitor,False,False
2,159.61,1,26.35,54,1750.85,0.01,0.05,6.38,0.19,May,2,2,1,6,Returning_Visitor,False,False
2,137.09,1,16.87,46,1595.86,0.02,0.06,4.44,0.15,Nov,2,3,1,6,Returning_Visitor,False,False
1,141.64,1,27.17,50,1711.62,0.02,0.07,5.8,0.14,Nov,2,3,1,6,Returning_Visitor,False,False
4,238.72,1,118.85,83,2816.07,0.01,0.02,33.62,0.15,Nov,2,2,2,6,Returning_Visitor,False,False
0,12.54,0,9.91,4,450.57,0.02,0.11,0.0,0.12,May,2,2,1,2,Returning_Visitor,False,False
3,150.33,1,28.03,58,2013.49,0.01,0.01,13.92,0.22,May,2,13,2,1,Returning_Visitor,False,False
0,0.0,1,17.72,16,346.21,0.08,0.06,2.2,0.15,Nov,2,2,3,6,Returning_Visitor,False,False
2,174.5,1,6.99,39,1557.59,0.0,0.05,2.91,0.2,Nov,2,3,7,1,Returning_Visitor,False,False
1,129.08,1,24.93,45,1323.22,0.03,0.08,4.2,0.14,Nov,2,3,1,6,Returning_Visitor,False,False
4,156.22,2,99.27,51,2874.41,0.02,0.04,8.39,0.0,Nov,8,1,1,1,Returning_Visitor,False,False
1,110.01,1,16.74,45,1633.32,0.02,0.06,4.07,0.14,Nov,2,1,1,6,Returning_Visitor,False,True
1,10.3,1,5.47,7,394.17,0.08,0.13,1.37,0.11,Nov,1,1,4,3,Returning_Visitor,False,False
1,192.38,1,32.48,51,1890.62,0.0,0.05,9.64,0.0,Nov,2,3,1,6,Returning_Visitor,False,True
1,114.34,1,22.53,59,2342.09,0.0,0.04,5.7,0.18,Mar,2,3,2,1,Returning_Visitor,False,False
1,156.44,1,39.53,60,1780.83,0.02,0.06,5.83,0.17,Nov,2,2,1,6,Returning_Visitor,False,False
1,124.89,1,14.18,6,1155.04,0.01,0.07,0.0,0.12,Nov,2,2,1,6,Returning_Visitor,False,False
1,110.4,1,17.99,42,1424.58,0.02,0.07,4.21,0.15,Nov,2,1,1,6,Returning_Visitor,False,False
3,168.7,1,0.0,39,1794.95,0.01,0.05,1.17,0.17,Aug,1,1,7,6,Returning_Visitor,False,True
1,131.02,1,4.85,43,1943.84,0.01,0.07,0.0,0.16,Nov,4,1,2,3,Returning_Visitor,False,False
1,142.34,1,4.41,25,225.5,0.02,0.04,2.19,0.16,Nov,2,3,2,1,Returning_Visitor,False,False
1,79.82,1,2.07,41,1559.94,0.01,0.06,1.11,0.19,Nov,2,1,3,6,Returning_Visitor,False,True
4,203.86,1,28.91,62,2022.7,0.01,0.04,6.85,0.14,Mar,2,13,1,6,Returning_Visitor,False,False
1,74.74,1,55.41,50,1903.67,0.03,0.02,3.18,0.4,May,3,13,2,6,Returning_Visitor,False,False
1,179.97,1,30.22,48,2249.71,0.01,0.01,9.37,0.0,Nov,3,2,3,6,Returning_Visitor,True,False
0,77.94,1,24.29,34,970.61,0.2,0.12,3.9,0.13,Nov,2,2,1,1,Returning_Visitor,False,False
0,48.11,1,12.23,32,1237.68,0.02,0.11,4.14,0.14,Nov,2,2,3,6,Returning_Visitor,False,False
6,106.18,2,109.49,104,1559.05,0.01,0.02,38.44,0.27,May,3,2,7,4,Returning_Visitor,False,False
0,22.01,0,24.84,15,614.47,0.01,0.1,2.75,0.11,Nov,2,2,2,2,Returning_Visitor,False,False
4,4.0,2,88.29,80,1264.92,0.01,0.02,6.6,0.13,Nov,2,2,1,6,Returning_Visitor,False,False
3,117.71,1,52.6,69,1590.57,0.01,0.03,15.22,0.2,Nov,2,2,4,6,Returning_Visitor,False,False
0,169.27,1,7.79,26,1068.44,0.01,0.03,4.39,0.12,Nov,2,2,2,2,New_Visitor,False,False
8,245.49,1,124.17,108,5057.17,0.01,0.03,17.41,0.13,Nov,2,2,1,1,Returning_Visitor,False,True
1,52.49,1,20.16,34,0.0,0.1,0.13,2.32,0.09,Nov,1,1,1,1,Returning_Visitor,False,False
2,177.83,1,114.53,47,1376.32,0.04,0.04,8.22,0.19,Nov,3,2,1,4,Returning_Visitor,True,True
2,158.61,1,23.08,53,1634.86,0.02,0.05,4.28,0.16,Nov,2,3,1,6,Returning_Visitor,False,False
1,84.95,1,11.71,28,1082.4,0.01,0.08,2.21,0.14,Nov,2,3,1,2,Returning_Visitor,False,True
1,168.06,1,46.32,57,1768.06,0.01,0.06,6.68,0.18,Nov,2,3,1,6,Returning_Visitor,False,False
3,154.59,1,20.55,16,2155.06,0.02,0.06,1.6,0.2,May,2,1,4,3,Returning_Visitor,False,False
1,12.31,1,3.14,32,666.04,0.1,0.09,2.49,0.26,Aug,1,1,3,3,Returning_Visitor,False,False
3,189.81,1,81.16,67,1770.46,0.02,0.02,6.31,0.14,Nov,3,2,1,6,Returning_Visitor,True,False
0,98.65,1,34.77,3,328.84,0.03,0.04,2.21,0.15,Nov,2,2,1,2,Returning_Visitor,False,False
3,172.69,1,0.0,85,806.03,0.0,0.0,1.35,0.11,Nov,2,3,8,6,Returning_Visitor,False,False
2,160.21,1,11.78,47,1821.75,0.0,0.04,4.8,0.0,Nov,2,2,1,6,Returning_Visitor,False,False
0,68.88,1,48.71,60,3222.76,0.03,0.06,1.8,0.6,May,3,2,2,6,New_Visitor,False,False
1,166.69,1,14.71,42,1648.78,0.02,0.06,2.47,0.16,Nov,2,3,1,6,Returning_Visitor,False,False
2,143.4,1,34.52,50,1799.37,0.02,0.07,4.95,0.13,Nov,2,3,1,6,Returning_Visitor,False,False
3,93.5,1,74.27,60,1495.23,0.02,0.04,5.94,0.36,May,2,13,1,2,Returning_Visitor,False,False
0,66.25,0,15.81,44,1870.0,0.01,0.07,4.18,0.19,Nov,2,2,3,6,Returning_Visitor,False,False
1,149.79,1,29.5,50,1747.2,0.02,0.06,5.53,0.15,Nov,2,3,1,6,Returning_Visitor,False,False
1,108.16,1,21.56,41,1637.2,0.02,0.07,3.48,0.13,Nov,2,3,1,6,Returning_Visitor,False,True
2,160.08,1,35.83,54,1745.79,0.03,0.05,8.12,0.0,Nov,2,2,7,1,Returning_Visitor,False,False
3,140.72,1,60.66,59,1836.34,0.01,0.01,18.73,0.15,May,2,13,1,6,Returning_Visitor,False,False
3,162.06,2,39.0,90,1388.87,0.01,0.04,12.95,0.36,Nov,2,2,1,6,Returning_Visitor,False,False
0,48.59,1,19.13,5,424.99,0.07,0.12,3.32,0.12,Nov,2,2,1,6,Returning_Visitor,False,False
1,171.74,1,22.33,51,1694.77,0.01,0.05,4.84,0.14,Nov,2,3,1,6,Returning_Visitor,False,False
2,58.39,1,6.84,38,875.85,0.03,0.08,1.77,0.12,Nov,1,1,1,3,Returning_Visitor,False,False
0,35.11,1,12.31,26,0.0,0.08,0.2,3.16,0.1,Nov,2,1,2,3,Returning_Visitor,False,False
0,23.25,0,0.0,38,1181.01,0.02,0.07,0.94,0.8,May,2,2,2,6,Returning_Visitor,False,False
0,132.81,1,6.91,24,1244.2,0.0,0.04,0.0,0.15,Nov,2,2,7,2,New_Visitor,False,False
3,210.12,1,84.08,58,2682.48,0.01,0.03,21.06,0.14,Nov,2,2,8,6,Returning_Visitor,False,False
1,127.94,1,15.3,36,1198.88,0.02,0.07,3.15,0.14,Nov,2,3,1,6,Returning_Visitor,False,True
2,197.87,1,26.22,7,3083.44,0.01,0.02,12.68,0.13,Mar,4,4,1,6,Returning_Visitor,False,True
4,217.17,1,0.0,96,1865.33,0.02,0.05,2.59,0.16,Nov,1,1,1,6,Returning_Visitor,False,False
0,54.94,1,3.76,21,261.75,0.02,0.06,0.9,0.13,Nov,2,3,1,2,Returning_Visitor,False,False
1,140.17,1,27.42,52,1612.07,0.02,0.07,5.26,0.13,Nov,2,3,1,6,Returning_Visitor,False,False
2,123.4,1,37.19,19,1381.0,0.01,0.03,4.22,0.15,Nov,2,3,1,6,Returning_Visitor,False,False
1,139.6,1,28.87,57,1516.69,0.02,0.09,5.0,0.15,Nov,2,1,1,6,Returning_Visitor,False,True
2,77.82,1,9.54,39,1548.84,0.02,0.04,0.0,0.0,Nov,2,1,7,1,Returning_Visitor,False,False
1,156.24,1,32.1,65,1746.64,0.01,0.04,6.99,0.0,Nov,2,2,8,6,Returning_Visitor,False,False
2,164.1,1,18.91,43,1747.61,0.01,0.06,4.04,0.14,Nov,2,1,1,6,Returning_Visitor,False,False
3,246.33,0,53.21,56,2062.14,0.02,0.06,6.49,0.18,Nov,2,3,1,1,Returning_Visitor,False,False
0,98.26,1,27.75,33,1435.75,0.03,0.07,4.22,0.11,Nov,3,2,2,6,Returning_Visitor,True,False
1,166.35,1,0.0,55,1725.67,0.01,0.05,6.26,0.2,Nov,2,2,1,6,Returning_Visitor,False,False
1,13.81,1,18.67,6,374.72,0.03,0.07,0.0,0.13,May,3,3,1,2,Returning_Visitor,False,False
1,146.9,1,13.76,42,1472.0,0.02,0.06,0.0,0.14,Nov,2,3,1,6,Returning_Visitor,False,False
3,201.28,4,101.88,83,2068.11,0.02,0.05,11.04,0.16,Nov,2,2,1,6,Returning_Visitor,False,False
0,128.42,0,19.97,30,1734.42,0.01,0.08,2.35,0.44,May,2,2,3,2,Returning_Visitor,False,False
0,40.79,1,13.28,19,221.5,0.08,0.12,2.75,0.11,Nov,2,3,1,2,Returning_Visitor,False,False
2,161.5,1,12.15,42,1652.87,0.02,0.06,2.77,0.16,Nov,2,3,1,6,Returning_Visitor,False,False
2,132.46,1,0.0,45,1148.73,0.02,0.07,1.96,0.13,Nov,2,3,1,6,Returning_Visitor,False,False
1,153.21,1,18.56,36,1514.09,0.02,0.06,3.56,0.18,Nov,2,3,1,6,Returning_Visitor,False,False
2,185.09,1,21.06,59,1533.0,0.0,0.03,0.87,0.13,Nov,1,3,1,6,New_Visitor,False,True
3,153.87,2,48.44,44,2040.42,0.03,0.05,4.86,0.14,Nov,2,3,1,1,Returning_Visitor,False,False
0,0.0,1,54.2,20,707.71,0.07,0.13,5.11,0.14,May,3,3,1,6,Returning_Visitor,False,False
1,63.98,0,0.0,42,1972.8,0.01,0.05,2.9,0.13,Mar,2,1,8,1,Returning_Visitor,False,False
1,150.18,1,10.0,40,1828.85,0.01,0.04,4.94,0.37,Nov,2,2,1,4,Returning_Visitor,False,False
1,60.06,0,19.18,38,1670.48,0.07,0.11,2.51,0.12,Mar,2,1,2,1,Returning_Visitor,False,False
3,217.65,1,30.33,52,1695.91,0.01,0.04,4.02,0.2,Nov,1,1,1,1,Returning_Visitor,False,False
1,86.46,0,18.96,28,226.4,0.1,0.12,0.0,0.13,Mar,3,3,1,3,Returning_Visitor,False,False
0,129.13,1,0.0,24,820.62,0.01,0.06,1.56,0.15,Nov,2,2,2,2,New_Visitor,False,False
0,0.0,1,0.0,31,1414.41,0.05,0.09,5.11,0.22,Nov,2,2,3,2,Returning_Visitor,False,False
2,158.75,1,32.4,57,1684.72,0.02,0.07,6.37,0.11,Nov,2,1,1,6,Returning_Visitor,False,True
1,48.91,1,13.51,38,1228.69,0.08,0.12,1.6,0.08,Nov,1,1,1,1,Returning_Visitor,False,False
3,138.67,1,9.3,56,769.15,0.01,0.05,0.0,0.1,Nov,8,3,8,2,New_Visitor,False,True
2,166.97,1,27.02,46,1571.2,0.02,0.06,6.97,0.0,Nov,2,3,1,6,Returning_Visitor,False,False
1,184.13,2,104.46,91,1690.53,0.01,0.03,13.36,0.27,Nov,2,2,2,6,Returning_Visitor,False,False
1,149.48,1,19.73,49,1723.72,0.01,0.06,3.99,0.15,Nov,2,3,1,6,Returning_Visitor,False,False
1,159.04,1,26.42,57,1755.11,0.0,0.03,4.26,0.0,Nov,2,2,1,6,Returning_Visitor,False,True
9,198.18,2,132.43,104,2853.54,0.02,0.04,15.61,0.12,Nov,3,2,1,6,Returning_Visitor,False,False
1,85.07,0,55.12,51,1709.79,0.02,0.06,4.55,0.0,May,2,3,2,6,Returning_Visitor,False,False
3,154.32,1,38.82,62,2437.99,0.02,0.07,4.01,0.25,Nov,2,1,4,1,Returning_Visitor,False,False
4,201.64,1,20.0,78,2292.65,0.01,0.03,18.81,0.0,Nov,2,13,1,6,Returning_Visitor,False,False
1,154.57,1,27.86,45,1680.9,0.02,0.06,0.0,0.15,Nov,2,3,1,6,Returning_Visitor,False,False
1,165.39,1,43.77,40,1496.02,0.03,0.09,4.83,0.12,Nov,2,1,1,6,Returning_Visitor,False,False
2,143.65,1,45.35,55,1983.11,0.02,0.05,5.4,0.0,Nov,2,3,1,6,Returning_Visitor,False,False
1,116.91,1,29.78,53,2062.17,0.02,0.08,5.26,0.24,Nov,2,3,1,6,Returning_Visitor,False,False
3,150.91,1,11.98,42,1810.55,0.02,0.06,1.12,0.12,Nov,1,1,1,1,Returning_Visitor,False,False
1,112.65,1,31.4,56,1186.78,0.0,0.07,5.12,0.12,Nov,2,2,2,6,Returning_Visitor,False,False
0,0.0,1,54.53,33,1492.13,0.11,0.12,0.0,0.25,Mar,3,2,1,4,Returning_Visitor,False,False
1,133.48,1,20.54,41,1510.76,0.02,0.07,3.55,0.14,Nov,2,3,1,1,Returning_Visitor,False,False
0,123.37,1,47.19,49,2131.62,0.02,0.08,4.99,0.49,May,2,3,4,6,Returning_Visitor,False,True
1,149.85,1,5.88,22,1678.2,0.02,0.04,3.1,0.16,Mar,2,13,1,2,New_Visitor,False,False
7,302.93,1,0.0,60,1316.43,0.0,0.03,1.74,0.06,Nov,1,1,7,2,New_Visitor,False,False
1,15.4,1,15.97,28,297.0,0.11,0.07,1.8,0.11,Nov,1,1,1,1,Returning_Visitor,False,False
1,139.9,1,26.75,43,1700.65,0.04,0.08,4.59,0.21,Nov,2,3,1,6,Returning_Visitor,False,False
1,54.74,0,22.56,14,244.7,0.02,0.05,0.82,0.16,Nov,2,2,1,2,Returning_Visitor,False,False
1,129.64,1,7.56,35,1236.6,0.02,0.06,0.0,0.13,Nov,2,1,1,6,Returning_Visitor,False,False
2,170.58,1,51.31,65,1665.62,0.01,0.03,12.52,0.16,Nov,2,2,1,6,Returning_Visitor,False,False
1,82.81,1,0.0,5,54.33,0.06,0.04,3.41,0.0,Mar,3,3,1,2,Returning_Visitor,False,False
1,130.0,1,22.57,51,1634.55,0.02,0.07,4.66,0.15,Nov,2,3,1,6,Returning_Visitor,False,False
2,108.99,1,10.74,40,496.0,0.02,0.06,2.73,0.13,Nov,3,3,1,3,Returning_Visitor,False,False
1,116.87,1,17.69,42,1750.33,0.01,0.05,2.87,0.15,Nov,2,1,7,6,Returning_Visitor,False,False
2,225.21,1,50.42,66,2106.47,0.01,0.02,5.85,0.15,Nov,2,4,1,6,Returning_Visitor,False,False
1,136.27,1,17.33,48,1562.08,0.02,0.06,3.41,0.14,Nov,2,2,1,6,Returning_Visitor,False,False
2,156.24,1,25.75,52,1593.49,0.02,0.06,3.85,0.15,Nov,2,3,1,1,Returning_Visitor,False,False
1,163.25,1,23.66,41,1495.7,0.01,0.06,3.96,0.14,Nov,2,3,1,6,Returning_Visitor,False,False
2,165.16,1,0.0,56,2126.55,0.01,0.05,10.25,0.24,May,2,13,1,6,Returning_Visitor,False,True
2,113.96,1,24.87,40,1580.64,0.02,0.04,2.79,0.14,Nov,2,2,7,2,Returning_Visitor,False,True
7,185.14,2,19.98,46,1996.18,0.02,0.05,5.86,0.13,Nov,1,1,1,3,Returning_Visitor,False,True
5,283.76,1,77.24,46,2083.59,0.01,0.02,3.61,0.08,Nov,1,1,1,6,Returning_Visitor,False,False
2,182.87,0,40.05,64,2396.2,0.02,0.05,10.82,0.17,Nov,2,3,1,1,Returning_Visitor,False,False
0,0.0,1,28.23,32,1094.99,0.03,0.05,2.58,0.19,Mar,3,2,2,13,Returning_Visitor,False,False
1,168.38,1,41.94,62,2120.64,0.01,0.03,11.76,0.18,Dec,2,13,1,6,Returning_Visitor,False,False
3,140.64,1,0.0,50,2008.23,0.01,0.04,4.24,0.08,Nov,1,1,7,1,Returning_Visitor,True,False
1,154.44,1,45.82,54,1833.12,0.02,0.06,7.85,0.13,Nov,2,2,1,6,Returning_Visitor,False,False
5,178.91,1,46.25,59,1532.77,0.0,0.04,8.9,0.19,Sep,2,2,7,4,Returning_Visitor,False,True
1,123.66,0,41.79,49,2456.9,0.02,0.08,10.82,0.12,Nov,2,1,1,1,Returning_Visitor,False,False
1,50.24,1,4.73,18,606.43,0.02,0.09,0.0,0.13,Nov,2,3,1,2,Returning_Visitor,False,False
1,142.01,1,24.37,35,1374.69,0.02,0.07,4.91,0.13,Nov,2,3,1,6,Returning_Visitor,False,False
0,38.6,1,11.16,6,877.4,0.02,0.1,1.06,0.13,Nov,3,3,1,2,New_Visitor,False,False
2,193.38,1,52.42,81,2280.05,0.01,0.05,13.45,0.23,Nov,2,2,1,6,Returning_Visitor,False,False
4,160.03,1,56.38,50,3127.17,0.02,0.03,12.74,0.12,Mar,2,13,1,1,Returning_Visitor,False,True
3,87.59,2,64.99,19,2321.88,0.01,0.01,27.59,1.0,Aug,2,2,1,4,Returning_Visitor,False,True
4,225.06,0,91.66,50,2538.8,0.01,0.01,17.93,0.15,Mar,2,4,1,10,Returning_Visitor,False,True
1,102.06,1,94.17,49,3702.95,0.02,0.03,13.37,0.33,May,2,2,1,2,Returning_Visitor,False,True
0,42.42,0,8.32,12,230.28,0.02,0.1,3.63,0.11,Nov,2,2,3,2,New_Visitor,False,False
1,90.58,1,0.0,32,1460.86,0.04,0.08,4.04,0.11,Mar,3,3,1,1,Returning_Visitor,False,False
3,33.4,1,22.48,79,2025.41,0.01,0.04,9.64,0.28,May,2,4,1,3,Returning_Visitor,False,False
1,86.71,1,39.25,45,1494.46,0.02,0.06,4.29,0.12,Nov,2,2,1,6,Returning_Visitor,False,False
2,111.25,0,10.51,39,1442.65,0.02,0.03,2.24,0.2,May,2,2,7,2,Returning_Visitor,False,False
2,150.45,1,13.29,49,1570.0,0.01,0.07,3.95,0.12,Nov,8,1,1,6,Returning_Visitor,False,False
2,258.42,1,37.99,109,1083.12,0.01,0.05,13.95,0.0,Oct,2,13,1,4,Returning_Visitor,False,True
1,75.06,1,13.28,34,1116.85,0.03,0.11,0.0,0.12,Nov,2,1,4,3,Returning_Visitor,False,False
3,114.05,1,37.09,47,612.67,0.01,0.03,1.29,0.1,Nov,3,3,1,6,New_Visitor,False,False
2,167.72,1,25.18,46,1406.1,0.01,0.04,1.65,0.17,Nov,2,2,2,2,New_Visitor,False,False
3,155.56,2,60.49,51,1710.25,0.03,0.05,5.93,0.17,Mar,2,13,1,6,Returning_Visitor,False,True
0,52.91,0,7.31,40,1400.32,0.0,0.07,0.0,0.15,Nov,2,2,3,2,Returning_Visitor,False,False
2,265.4,1,6.5,36,1639.65,0.02,0.03,1.27,0.21,Nov,2,2,3,6,Returning_Visitor,False,False
2,77.03,1,8.94,39,1009.61,0.02,0.07,2.15,0.14,Nov,1,1,1,3,Returning_Visitor,False,False
1,52.27,1,0.0,2,555.85,0.1,0.12,2.26,0.11,Mar,3,3,1,6,Returning_Visitor,False,False
0,10.83,1,0.0,7,476.54,0.06,0.13,1.5,0.1,Nov,2,1,2,3,Returning_Visitor,False,False
6,232.38,2,119.5,17,2824.72,0.09,0.09,13.01,0.09,Mar,3,2,2,1,Returning_Visitor,False,False
0,27.65,1,17.4,17,293.01,0.06,0.1,0.0,0.12,Nov,2,2,2,6,Returning_Visitor,False,False
2,15.75,1,6.68,46,1524.94,0.01,0.01,0.0,0.14,May,2,13,1,2,New_Visitor,False,False
6,179.4,2,81.24,75,1522.14,0.01,0.03,8.73,0.19,Nov,2,2,1,6,Returning_Visitor,False,False
0,0.0,1,12.06,33,1670.81,0.02,0.08,2.32,0.14,Nov,2,1,8,2,Returning_Visitor,False,False
2,163.41,1,39.65,69,1321.41,0.01,0.02,3.12,0.18,Nov,3,2,1,6,Returning_Visitor,True,False
4,128.44,1,17.11,51,1254.07,0.01,0.03,3.9,0.2,Nov,2,2,1,2,Returning_Visitor,False,False
3,157.63,1,0.0,71,2380.24,0.0,0.02,13.01,0.17,May,2,13,1,1,Returning_Visitor,False,True
2,128.05,0,29.63,62,1598.73,0.01,0.03,0.0,0.14,Nov,2,3,2,6,Returning_Visitor,False,False
0,0.0,0,7.7,33,1832.99,0.02,0.04,3.15,0.0,Nov,2,10,3,6,Returning_Visitor,False,False
1,0.0,1,14.05,12,1121.53,0.02,0.04,0.0,0.14,Nov,2,3,1,6,New_Visitor,False,False
1,186.6,1,0.0,47,1658.95,0.0,0.04,4.17,0.18,Nov,2,13,8,6,Returning_Visitor,False,False
2,71.22,1,0.0,35,654.68,0.02,0.05,1.63,0.14,Nov,2,3,1,3,Returning_Visitor,False,False
1,19.7,1,0.0,19,687.74,0.02,0.1,1.07,0.1,Mar,2,3,1,3,Returning_Visitor,False,False
2,166.7,1,43.87,52,1720.82,0.01,0.04,4.19,0.16,Nov,2,2,1,6,Returning_Visitor,False,False
3,89.3,1,5.69,40,1554.98,0.01,0.09,2.33,0.0,Mar,1,1,2,3,Returning_Visitor,False,False
1,163.2,1,30.54,54,1353.9,0.01,0.04,4.51,0.17,Nov,2,2,1,6,Returning_Visitor,False,False
1,170.63,1,24.92,55,1712.84,0.01,0.05,6.05,0.14,Nov,2,3,1,6,Returning_Visitor,False,False
3,199.61,1,5.42,46,2587.6,0.0,0.04,8.53,0.13,Mar,4,4,1,3,Returning_Visitor,False,False
2,187.35,1,98.41,94,1670.63,0.01,0.03,16.26,0.21,May,3,2,1,4,Returning_Visitor,True,False
1,127.79,1,37.36,52,1836.58,0.02,0.07,0.0,0.14,Nov,2,2,1,6,Returning_Visitor,False,False
1,153.57,1,38.81,51,1709.21,0.02,0.07,7.42,0.14,Nov,2,3,1,6,Returning_Visitor,False,False
2,162.96,1,47.31,45,1426.6,0.02,0.04,5.09,1.0,May,2,2,3,6,Returning_Visitor,False,False
1,156.88,1,51.38,61,1623.91,0.02,0.08,7.59,0.13,Nov,2,3,1,6,Returning_Visitor,False,False
1,144.03,1,23.95,55,1777.82,0.02,0.07,5.35,0.17,Nov,2,3,1,6,Returning_Visitor,False,False
1,275.46,1,34.53,63,1244.69,0.01,0.07,4.59,0.13,June,2,2,1,1,Returning_Visitor,False,False
0,0.0,0,10.88,34,520.0,0.01,0.08,2.54,0.08,Nov,2,1,7,2,New_Visitor,False,True
0,74.19,1,72.7,62,2144.59,0.03,0.08,7.69,0.2,May,3,2,2,6,Returning_Visitor,False,False
0,88.8,1,0.0,21,554.09,0.05,0.09,0.0,0.11,Nov,2,2,1,2,Returning_Visitor,False,False
1,144.35,1,20.37,42,1819.88,0.02,0.05,2.67,0.23,May,2,1,7,6,Returning_Visitor,False,False
1,177.84,1,11.53,15,1570.07,0.01,0.05,2.95,0.17,Nov,2,3,1,6,Returning_Visitor,False,False
1,156.21,1,2.45,20,867.48,0.0,0.04,1.7,0.16,Nov,2,3,1,2,New_Visitor,False,False
1,159.05,1,36.23,50,1800.8,0.02,0.06,7.1,0.0,Nov,2,3,1,6,Returning_Visitor,False,False
3,156.14,1,88.17,76,2447.82,0.01,0.03,9.34,0.15,Nov,3,2,1,6,Returning_Visitor,False,False
1,142.91,1,43.33,60,1597.08,0.02,0.06,6.8,0.25,Nov,2,2,1,6,Returning_Visitor,True,False
2,165.86,1,18.32,46,1925.77,0.01,0.04,17.81,0.15,Nov,2,1,1,6,Returning_Visitor,False,True
5,236.84,1,36.8,43,3382.93,0.02,0.03,12.16,0.2,Nov,2,1,1,1,Returning_Visitor,False,False
2,22.25,1,74.37,2,699.79,0.04,0.05,1.35,0.12,Mar,3,2,1,2,Returning_Visitor,False,False
2,165.42,1,18.04,45,1366.12,0.01,0.04,2.53,0.15,Nov,2,2,1,2,New_Visitor,False,False
0,0.0,0,4.46,24,543.51,0.04,0.11,1.51,0.12,Mar,2,6,2,3,Returning_Visitor,False,False
0,40.37,1,17.04,25,683.99,0.05,0.1,2.82,0.13,Nov,2,2,1,2,Returning_Visitor,False,False
1,164.04,1,29.99,53,1499.9,0.01,0.05,5.12,0.16,Nov,2,2,1,6,Returning_Visitor,False,False
0,73.95,1,18.84,35,1376.22,0.01,0.07,3.57,0.15,Nov,2,2,2,6,Returning_Visitor,False,False
3,84.88,2,54.12,50,958.16,0.08,0.05,3.89,0.17,Nov,3,2,1,3,Returning_Visitor,False,False
1,0.0,1,14.4,45,1826.86,0.02,0.05,0.0,0.0,Nov,2,3,8,1,Returning_Visitor,False,False
1,108.58,1,9.87,42,1157.75,0.02,0.06,4.54,0.15,Nov,2,1,2,3,Returning_Visitor,False,False
5,261.89,3,74.6,46,1513.96,0.04,0.05,4.98,0.06,Nov,8,2,1,1,Returning_Visitor,False,False
2,170.34,1,45.74,46,1296.16,0.03,0.07,5.22,0.13,Nov,3,3,1,6,Returning_Visitor,False,False
3,68.87,4,20.37,37,1574.01,0.02,0.04,1.81,0.0,May,2,2,1,6,Returning_Visitor,False,False
2,136.58,0,39.77,6,478.8,0.05,0.06,0.0,0.18,Mar,2,3,1,6,Returning_Visitor,False,False
1,94.46,1,52.87,60,1742.34,0.01,0.02,4.19,0.0,Nov,8,2,7,1,Returning_Visitor,True,False
1,75.68,1,26.08,40,1394.81,0.02,0.07,2.77,0.27,May,3,3,1,6,Returning_Visitor,False,False
3,13.0,1,19.77,68,1666.01,0.01,0.03,9.93,0.0,Nov,3,13,1,6,Returning_Visitor,True,False
4,91.95,1,23.88,46,1785.57,0.02,0.02,6.86,0.21,Mar,2,2,7,10,Returning_Visitor,False,False
2,143.04,0,4.18,30,1735.68,0.01,0.04,0.94,0.18,Nov,2,2,1,6,Returning_Visitor,False,False
1,72.37,1,20.93,21,1909.22,0.03,0.07,2.24,0.22,Nov,2,2,1,6,Returning_Visitor,False,False
0,116.31,1,27.31,46,565.33,0.01,0.06,12.2,0.18,Nov,2,2,3,6,Returning_Visitor,False,False
0,18.73,0,12.5,17,110.0,0.01,0.1,2.11,0.11,Nov,2,2,1,2,Returning_Visitor,False,False
3,107.0,1,8.5,38,1558.78,0.02,0.03,2.08,0.21,May,2,2,7,6,Returning_Visitor,False,False
3,39.0,1,14.11,32,1593.94,0.01,0.03,0.0,0.19,May,1,1,7,3,Returning_Visitor,False,False
2,180.82,1,9.78,36,1593.66,0.01,0.06,2.73,0.17,Nov,2,3,1,1,Returning_Visitor,False,False
2,171.35,1,44.3,51,1072.64,0.01,0.03,2.44,0.16,Nov,2,2,1,2,New_Visitor,False,True
1,166.43,1,0.0,33,1694.47,0.02,0.04,4.33,0.0,Nov,3,2,1,6,Returning_Visitor,False,False
1,192.35,1,0.0,51,2401.34,0.01,0.04,12.6,0.2,Nov,2,13,1,1,Returning_Visitor,False,True
1,115.95,0,17.17,40,1590.67,0.02,0.03,4.99,0.19,May,2,2,1,2,Returning_Visitor,False,True
4,214.89,1,87.95,93,2201.63,0.01,0.02,13.97,0.16,Nov,2,2,2,6,Returning_Visitor,False,False
3,210.27,1,85.36,76,1869.99,0.01,0.01,12.36,0.21,Nov,3,2,1,6,Returning_Visitor,True,True
1,195.28,1,58.42,70,1703.79,0.01,0.04,6.65,0.14,Nov,2,1,1,6,Returning_Visitor,False,True
0,72.99,1,43.02,28,1137.5,0.04,0.11,4.46,0.14,May,3,3,1,6,Returning_Visitor,False,False
1,115.47,1,17.6,42,1555.91,0.01,0.06,3.2,0.15,Nov,2,3,1,6,Returning_Visitor,False,False
1,187.2,1,26.16,56,2017.04,0.0,0.05,12.39,0.12,Nov,2,2,8,6,Returning_Visitor,False,True
1,126.73,1,14.77,45,1591.92,0.01,0.07,4.28,0.14,Nov,2,2,2,6,Returning_Visitor,False,False
0,61.29,1,81.06,19,743.0,0.04,0.08,5.88,0.12,Dec,2,3,1,6,Returning_Visitor,False,False
0,15.74,0,12.33,7,238.52,0.0,0.1,1.72,0.12,May,2,2,1,6,Returning_Visitor,False,False
1,119.97,1,34.03,47,3042.05,0.03,0.07,10.26,0.13,Nov,2,3,2,1,Returning_Visitor,False,False
3,240.56,2,91.76,78,2165.07,0.01,0.05,18.85,0.21,Nov,2,3,1,6,Returning_Visitor,False,True
2,183.46,1,37.51,48,392.14,0.01,0.05,8.19,0.15,Nov,2,1,1,6,Returning_Visitor,False,False
0,9.83,0,10.88,28,683.3,0.01,0.06,1.76,0.17,Nov,2,2,8,2,Returning_Visitor,False,False
0,0.0,1,15.4,33,690.77,0.03,0.09,3.23,0.15,Nov,2,3,1,6,Returning_Visitor,False,False
2,114.99,1,43.26,44,1471.09,0.03,0.05,3.82,0.12,Nov,2,1,1,6,Returning_Visitor,False,False
0,161.17,2,67.45,61,1886.77,0.01,0.05,0.0,0.14,Nov,2,2,2,2,Returning_Visitor,False,False
4,216.86,1,57.97,71,2177.22,0.02,0.05,7.54,0.16,Nov,2,3,1,1,Returning_Visitor,False,False
2,203.93,1,54.93,77,1960.55,0.01,0.02,47.57,0.16,Nov,2,2,4,6,Returning_Visitor,False,False
6,570.25,1,119.18,85,3523.43,0.01,0.01,30.44,0.16,Nov,2,13,2,1,Returning_Visitor,False,True
0,103.87,1,20.08,35,432.5,0.0,0.05,0.0,0.17,Nov,2,3,7,2,Returning_Visitor,False,False
2,163.46,0,25.62,45,1311.85,0.02,0.04,3.11,0.16,Nov,2,3,1,6,Returning_Visitor,False,False
1,137.52,1,25.83,44,1497.21,0.03,0.08,4.25,0.13,Nov,2,3,1,6,Returning_Visitor,False,False
0,0.0,0,14.73,21,849.88,0.02,0.08,4.5,0.0,Nov,2,1,3,1,Returning_Visitor,False,False
2,192.78,1,11.67,15,1604.68,0.01,0.04,1.92,0.18,Nov,2,2,1,6,Returning_Visitor,False,False
1,119.05,1,25.01,46,1427.18,0.02,0.08,4.65,0.14,Nov,2,3,1,6,Returning_Visitor,False,False
2,181.29,1,0.0,50,1927.12,0.01,0.04,12.0,0.18,May,2,2,3,6,Returning_Visitor,False,True
1,128.8,1,25.08,44,1563.39,0.02,0.06,4.57,0.0,Nov,2,2,1,6,Returning_Visitor,False,False
2,47.26,1,72.95,40,1991.76,0.03,0.03,0.0,0.21,May,3,2,1,2,Returning_Visitor,False,False
1,115.0,1,28.42,48,1765.43,0.02,0.06,4.29,0.12,Nov,2,2,1,6,Returning_Visitor,False,False
2,159.12,1,42.52,63,2199.75,0.02,0.08,10.25,0.18,Nov,2,3,1,6,Returning_Visitor,False,False
1,128.9,1,22.37,45,1546.77,0.02,0.07,4.05,0.13,Nov,2,2,1,6,Returning_Visitor,False,True
2,102.22,1,11.82,59,637.5,0.01,0.01,8.03,0.2,May,2,13,2,6,Returning_Visitor,False,False
3,180.68,2,150.66,56,1347.96,0.01,0.02,9.16,0.23,Nov,2,2,1,6,Returning_Visitor,False,False
0,0.0,1,12.29,29,1083.99,0.02,0.07,0.0,0.14,Nov,2,2,2,6,Returning_Visitor,False,False
1,103.39,1,33.69,3,1071.84,0.06,0.1,4.3,0.14,Mar,3,3,1,6,Returning_Visitor,False,False
0,81.13,0,17.51,40,1903.4,0.01,0.07,5.04,0.12,Mar,2,3,2,2,Returning_Visitor,False,False
7,1715.0,1,49.18,20,2509.92,0.01,0.04,0.0,0.06,Nov,1,1,1,1,Returning_Visitor,False,False
1,132.66,1,17.21,33,1164.73,0.03,0.07,0.0,0.15,Nov,2,3,1,6,Returning_Visitor,False,False
2,170.27,1,48.27,58,1611.15,0.02,0.04,3.96,0.13,Nov,2,3,1,6,Returning_Visitor,False,False
2,174.1,1,28.3,53,1756.74,0.01,0.05,6.97,0.15,Nov,2,3,1,6,Returning_Visitor,False,False
0,69.78,1,0.0,36,2222.37,0.0,0.04,2.16,0.17,Mar,2,3,8,1,Returning_Visitor,False,False
2,168.57,1,52.93,55,1862.52,0.01,0.06,8.67,0.14,Nov,2,2,1,6,Returning_Visitor,False,True
0,0.0,0,6.59,33,1510.05,0.0,0.07,1.8,0.12,Nov,2,1,3,2,Returning_Visitor,False,False
1,187.23,1,36.46,76,1427.03,0.02,0.04,6.34,0.0,Nov,2,2,1,6,Returning_Visitor,False,False
0,129.21,1,9.27,49,1772.49,0.01,0.08,5.97,0.21,Nov,2,1,3,6,Returning_Visitor,False,False
1,61.44,1,45.19,39,1174.97,0.03,0.05,2.07,0.13,Nov,3,2,1,2,Returning_Visitor,False,False
1,145.37,1,77.83,66,1903.76,0.01,0.03,9.21,0.1,Nov,2,2,1,2,Returning_Visitor,False,False
1,127.31,1,23.11,44,1362.12,0.03,0.04,0.0,0.16,Nov,3,2,1,6,Returning_Visitor,True,False
1,214.48,2,181.38,57,2646.54,0.03,0.03,16.71,0.24,Nov,3,2,1,1,Returning_Visitor,False,False
3,58.4,0,40.62,67,1641.53,0.0,0.03,10.32,0.0,Nov,2,3,1,6,Returning_Visitor,False,False
1,55.88,1,31.22,32,1431.65,0.01,0.02,2.28,0.16,Nov,2,2,8,2,New_Visitor,False,False
0,99.16,1,51.64,41,1629.81,0.07,0.12,0.0,0.8,May,3,2,2,6,Returning_Visitor,False,False
2,233.78,2,52.65,52,1861.29,0.02,0.06,8.58,0.0,Nov,2,2,8,1,Returning_Visitor,False,False
5,124.2,0,36.75,61,1969.35,0.04,0.02,1.12,0.15,Mar,3,2,1,10,Returning_Visitor,False,True
1,63.66,1,20.46,31,296.55,0.02,0.02,1.3,0.15,Nov,2,3,1,2,Returning_Visitor,False,False
1,0.0,2,22.2,16,374.22,0.06,0.04,10.58,0.14,Nov,3,3,1,13,Returning_Visitor,False,False
1,149.5,1,27.13,52,1673.39,0.01,0.06,4.32,0.15,Nov,2,3,1,6,Returning_Visitor,False,False
2,170.2,0,49.58,59,1738.23,0.03,0.06,6.41,0.14,Nov,2,3,1,6,Returning_Visitor,False,False
1,81.05,1,34.09,41,1817.42,0.02,0.04,1.4,0.37,May,2,13,1,6,Returning_Visitor,False,False
1,0.0,0,0.88,41,1087.77,0.0,0.01,2.82,0.1,Sep,1,1,3,2,Returning_Visitor,False,False
5,304.69,2,100.9,9,510.7,0.01,0.03,2.35,0.14,Nov,2,2,6,6,Returning_Visitor,False,False
6,63.0,1,16.0,187,2517.08,0.0,0.02,10.8,0.11,May,4,4,1,10,Returning_Visitor,False,False
1,0.0,1,64.24,36,944.14,0.01,0.02,2.3,0.16,Nov,3,3,1,2,Returning_Visitor,False,False
7,196.4,2,73.32,86,2778.33,0.02,0.02,12.44,0.18,Nov,3,3,2,3,Returning_Visitor,False,False
3,80.0,1,64.36,326,1032.5,0.01,0.02,2.8,0.0,Nov,2,3,1,6,Returning_Visitor,False,True
1,117.0,1,26.01,54,1494.05,0.03,0.06,3.99,0.15,Nov,2,2,1,6,Returning_Visitor,False,True
1,165.9,1,28.56,52,2498.07,0.02,0.03,10.2,0.14,Mar,2,3,2,1,Returning_Visitor,False,False
2,95.5,1,18.58,45,1388.63,0.01,0.03,2.0,0.11,Nov,2,3,1,2,New_Visitor,True,False
1,126.68,1,19.88,49,1533.62,0.02,0.06,4.14,0.13,Nov,2,3,1,6,Returning_Visitor,False,False
1,103.39,1,6.84,47,1695.31,0.01,0.07,3.63,0.17,Nov,2,2,3,6,Returning_Visitor,False,True
1,135.5,1,10.91,44,1608.33,0.02,0.06,3.0,0.15,Nov,2,3,1,6,Returning_Visitor,False,False
2,181.23,1,49.46,64,2161.18,0.01,0.03,9.8,0.15,Nov,2,2,1,6,Returning_Visitor,False,False
2,170.71,1,13.47,49,1707.4,0.01,0.06,3.26,0.14,Nov,2,1,2,6,Returning_Visitor,False,True
10,120.79,1,4.87,38,673.64,0.01,0.05,0.77,0.09,Nov,1,1,4,1,Returning_Visitor,False,False
1,161.48,1,28.44,58,1633.81,0.02,0.06,5.33,0.15,Nov,2,3,1,6,Returning_Visitor,False,True
2,153.11,1,21.6,53,1325.74,0.01,0.06,4.58,0.13,Nov,2,2,2,6,Returning_Visitor,False,False
2,165.59,1,31.31,54,1956.16,0.01,0.05,5.82,0.0,Nov,2,3,1,6,Returning_Visitor,False,False
1,135.41,1,20.72,49,1376.41,0.01,0.04,1.98,0.16,Nov,2,3,1,6,Returning_Visitor,False,False
1,110.64,1,16.06,28,896.1,0.03,0.07,0.0,0.12,Nov,2,3,1,6,Returning_Visitor,False,False
1,88.05,1,54.37,14,270.41,0.1,0.2,0.0,0.13,Dec,2,3,1,6,New_Visitor,False,False
1,0.0,1,26.69,35,1343.43,0.06,0.1,5.86,0.09,Nov,3,1,1,6,Returning_Visitor,False,False
0,0.0,1,6.78,19,450.7,0.09,0.13,0.0,0.08,Nov,8,1,1,2,Returning_Visitor,False,False
4,154.85,1,276.08,45,2926.22,0.01,0.01,41.65,0.16,May,3,2,2,4,Returning_Visitor,False,False
2,72.6,1,9.03,15,1704.75,0.02,0.04,2.09,0.17,Nov,2,3,1,6,Returning_Visitor,False,True
0,141.3,1,26.21,2,15.0,0.02,0.05,2.48,0.0,Nov,2,2,1,2,New_Visitor,False,False
2,104.25,1,12.77,38,1326.82,0.02,0.02,4.29,0.0,May,3,2,1,13,Returning_Visitor,False,True
7,231.28,1,75.81,22,2567.79,0.01,0.03,12.75,0.19,Mar,2,4,1,10,Returning_Visitor,False,False
3,55.74,1,3.06,38,1833.82,0.01,0.04,0.32,0.11,Nov,1,1,7,1,Returning_Visitor,False,False
1,134.27,1,27.06,57,1842.43,0.01,0.06,6.05,0.16,Nov,2,2,1,6,Returning_Visitor,False,False
1,147.56,1,24.1,60,1513.04,0.01,0.02,4.65,0.0,Nov,2,3,1,5,Returning_Visitor,False,False
1,146.95,1,26.72,52,1746.68,0.02,0.06,4.83,0.14,Nov,2,2,1,6,Returning_Visitor,False,False
3,173.58,2,34.73,48,3222.94,0.04,0.06,5.12,0.15,Mar,1,1,1,1,Returning_Visitor,False,False
1,99.79,1,25.21,43,1489.84,0.04,0.11,3.72,0.17,Nov,2,1,4,6,Returning_Visitor,False,False
1,129.02,0,14.58,39,1487.63,0.01,0.06,2.75,0.14,Nov,2,3,1,6,Returning_Visitor,False,False
2,113.12,1,14.21,57,1322.74,0.0,0.02,0.0,0.16,Nov,2,2,7,6,Returning_Visitor,True,False
2,193.4,1,42.75,67,1830.83,0.01,0.06,9.27,0.17,Nov,2,3,1,6,Returning_Visitor,False,False
2,156.54,1,15.69,42,11.0,0.02,0.06,0.0,0.16,May,8,3,1,6,New_Visitor,False,False
3,136.72,1,26.94,34,1331.45,0.02,0.03,2.6,0.17,Dec,2,2,1,2,New_Visitor,False,False
2,177.66,2,105.94,55,3181.5,0.02,0.03,9.43,0.12,Nov,3,3,1,6,Returning_Visitor,True,False
1,173.17,1,107.55,78,2811.67,0.01,0.05,15.53,0.0,Nov,2,2,2,2,Returning_Visitor,False,False
2,141.71,1,34.48,43,2086.03,0.02,0.06,5.44,0.12,Nov,2,3,1,1,Returning_Visitor,False,False
3,193.17,1,21.99,54,1538.73,0.0,0.05,4.04,0.13,Nov,2,3,1,2,New_Visitor,False,True
1,127.86,0,3.46,35,1430.11,0.01,0.05,1.32,0.16,Nov,2,2,7,2,Returning_Visitor,False,False
2,170.3,1,12.11,53,1273.45,0.01,0.01,0.0,0.17,Sep,2,12,1,5,New_Visitor,False,False
2,95.56,1,10.91,37,1694.26,0.0,0.07,1.94,0.0,Nov,1,1,1,6,Returning_Visitor,False,False
2,164.86,0,8.72,35,1825.11,0.01,0.03,8.82,0.19,Mar,2,13,1,6,Returning_Visitor,False,True
8,21.97,1,6.51,33,1801.46,0.02,0.02,0.45,0.12,Nov,1,1,7,3,Returning_Visitor,False,True
1,0.0,1,16.19,28,432.18,0.08,0.12,4.42,0.13,Mar,2,3,1,6,Returning_Visitor,False,False
1,137.62,1,31.71,54,1664.47,0.03,0.08,4.85,0.13,Nov,2,1,1,1,Returning_Visitor,False,True
2,185.23,1,16.42,53,1883.11,0.0,0.04,7.34,0.14,Nov,2,3,1,6,Returning_Visitor,False,True
0,47.49,1,19.01,8,417.36,0.06,0.12,2.1,0.12,Nov,2,3,1,6,Returning_Visitor,False,False
1,33.87,1,53.72,58,1570.98,0.01,0.05,9.77,0.3,Nov,2,2,1,4,Returning_Visitor,False,True
1,95.8,1,26.27,40,1276.28,0.04,0.1,3.57,0.12,Nov,2,1,1,6,Returning_Visitor,False,False
1,77.21,1,5.26,32,871.71,0.02,0.1,2.06,0.13,Nov,2,3,1,6,Returning_Visitor,False,False
1,138.68,1,14.13,47,1698.92,0.02,0.08,3.51,0.32,Nov,2,1,1,6,Returning_Visitor,False,False
2,186.3,0,18.81,22,1728.95,0.01,0.03,9.39,0.24,Aug,2,4,2,6,Returning_Visitor,False,False
4,821.08,1,56.9,76,2013.53,0.0,0.04,5.47,0.13,Nov,2,1,2,1,Returning_Visitor,False,False
1,111.81,1,15.25,50,1377.55,0.02,0.07,3.74,0.14,Nov,2,3,1,6,Returning_Visitor,False,False
1,121.48,1,22.38,47,1604.49,0.01,0.06,3.92,0.13,Nov,2,3,1,6,Returning_Visitor,False,False
2,176.33,1,61.75,95,1757.15,0.01,0.03,9.92,0.0,Nov,3,2,1,4,Returning_Visitor,False,True
0,43.17,1,25.55,1,837.9,0.07,0.12,0.0,0.12,Nov,3,2,1,6,Returning_Visitor,False,False
2,165.02,1,35.11,54,1815.97,0.01,0.05,5.9,0.13,Nov,2,3,1,6,Returning_Visitor,False,False
2,182.77,1,43.84,61,2023.88,0.01,0.06,12.36,0.22,Nov,2,3,1,6,Returning_Visitor,False,False
0,14.6,1,9.94,19,0.0,0.08,0.2,2.16,0.0,Mar,2,1,2,3,Returning_Visitor,False,False
6,571.5,1,53.45,83,1774.51,0.02,0.05,8.55,0.14,Nov,4,1,1,6,Returning_Visitor,False,False
1,178.83,2,95.44,8,2428.04,0.04,0.05,11.6,0.14,Nov,3,2,1,6,Returning_Visitor,False,False
0,21.36,1,20.64,17,117.5,0.07,0.12,2.65,0.13,Nov,2,3,1,2,Returning_Visitor,False,False
3,105.07,1,6.08,42,1584.39,0.02,0.08,2.08,0.13,Nov,1,1,4,3,Returning_Visitor,False,False
2,166.51,1,34.13,58,1762.9,0.02,0.06,5.43,0.14,Nov,2,1,1,6,Returning_Visitor,False,False
1,36.96,0,0.0,34,1650.5,0.03,0.08,1.12,0.12,Nov,2,1,4,3,Returning_Visitor,False,False
3,157.82,2,37.03,47,1859.96,0.0,0.04,3.48,0.15,Nov,2,3,1,2,Returning_Visitor,False,False
1,127.21,1,26.79,38,1547.79,0.02,0.06,0.0,0.14,Nov,2,2,1,6,Returning_Visitor,False,True
1,199.44,1,58.68,45,2636.78,0.01,0.01,23.95,0.2,Nov,2,3,8,1,Returning_Visitor,False,True
0,68.72,0,1.51,19,987.26,0.0,0.05,0.0,0.17,Nov,2,3,7,2,Returning_Visitor,False,False
4,226.12,1,32.81,84,22.05,0.01,0.02,4.4,0.13,Oct,2,13,2,6,New_Visitor,False,False
1,43.38,1,0.0,38,797.86,0.08,0.13,2.82,0.23,May,8,1,1,2,Returning_Visitor,False,False
2,181.17,2,40.34,40,1416.86,0.02,0.04,4.09,0.17,Nov,2,3,1,6,Returning_Visitor,False,False
2,177.8,0,16.53,47,1448.84,0.01,0.05,3.69,0.18,Nov,2,13,1,6,Returning_Visitor,False,False
0,0.0,1,20.54,19,566.46,0.2,0.2,6.39,0.08,Mar,3,3,1,6,New_Visitor,False,False
1,141.06,1,31.63,57,1767.33,0.02,0.06,7.09,0.19,Nov,2,3,1,6,Returning_Visitor,False,False
0,64.33,0,0.0,22,677.33,0.01,0.08,1.33,0.13,Nov,2,2,1,2,Returning_Visitor,False,False
1,178.62,1,15.26,54,775.33,0.0,0.04,4.21,0.19,Nov,2,2,8,6,Returning_Visitor,False,True
0,8.26,0,3.45,22,38.0,0.03,0.1,2.3,0.13,Nov,2,2,3,2,Returning_Visitor,False,False
2,150.52,1,35.08,61,2523.11,0.02,0.03,11.94,0.31,Mar,2,4,2,1,Returning_Visitor,False,False
2,174.91,0,20.86,54,1629.77,0.01,0.06,6.4,0.15,Nov,2,3,1,6,Returning_Visitor,False,False
0,0.0,1,34.01,41,1595.63,0.02,0.08,3.75,0.16,Nov,2,2,2,6,Returning_Visitor,False,False
2,174.16,0,15.6,49,1564.6,0.02,0.05,3.14,0.18,Mar,2,13,1,6,Returning_Visitor,False,False
2,195.0,2,90.97,71,1855.35,0.01,0.03,7.94,0.13,Nov,2,2,1,6,Returning_Visitor,False,False
0,33.09,1,0.0,27,1634.94,0.06,0.1,5.0,0.11,Nov,3,2,2,6,Returning_Visitor,False,False
1,97.28,1,5.53,26,954.49,0.02,0.07,0.0,0.14,Nov,2,1,1,2,Returning_Visitor,False,False
5,162.84,1,9.94,41,1528.87,0.01,0.05,2.99,0.18,Nov,2,2,8,6,Returning_Visitor,False,False
0,0.0,1,37.62,18,1272.17,0.05,0.11,0.0,0.1,Mar,3,2,2,6,Returning_Visitor,False,False
1,193.05,1,36.55,65,1596.94,0.01,0.04,6.65,0.18,Nov,2,3,1,6,Returning_Visitor,False,False
1,44.16,1,37.59,39,2091.17,0.02,0.05,0.94,0.34,May,2,1,1,3,Returning_Visitor,False,False
2,154.99,1,33.46,33,1978.94,0.01,0.01,15.0,0.22,May,2,13,1,1,Returning_Visitor,False,True
1,159.46,1,21.24,47,1741.34,0.02,0.06,4.41,0.14,Nov,2,3,1,6,Returning_Visitor,False,True
1,154.86,1,23.55,49,1470.41,0.0,0.04,3.12,0.16,Nov,2,2,1,6,Returning_Visitor,False,True
1,168.38,1,34.26,37,771.75,0.01,0.06,10.42,0.39,Nov,2,2,3,6,Returning_Visitor,False,False
1,179.28,1,49.12,83,1954.28,0.01,0.04,12.4,0.26,Nov,2,3,1,6,Returning_Visitor,False,False
0,204.79,1,74.27,78,2417.79,0.01,0.03,21.72,0.26,Nov,4,2,2,6,Returning_Visitor,False,True
1,157.78,1,23.62,49,1648.43,0.02,0.06,0.0,0.36,Nov,2,2,2,6,Returning_Visitor,False,False
6,235.94,2,55.41,64,2157.23,0.01,0.05,5.74,0.13,Nov,1,1,1,1,Returning_Visitor,False,False
2,161.11,1,74.65,55,2173.78,0.02,0.04,9.44,0.15,Nov,3,2,1,6,Returning_Visitor,True,False
1,149.6,0,36.5,52,2150.03,0.01,0.05,14.03,0.0,Nov,2,3,2,6,Returning_Visitor,False,False
2,132.61,1,41.01,46,2813.94,0.0,0.02,12.58,0.12,Mar,2,2,5,6,Returning_Visitor,True,False
2,146.72,1,22.92,44,1725.92,0.01,0.06,1.12,0.08,Nov,1,1,1,2,New_Visitor,False,False
1,153.81,1,31.28,49,1699.23,0.01,0.06,5.13,0.12,Nov,2,3,1,6,Returning_Visitor,False,False
2,177.67,1,38.14,51,1661.16,0.02,0.05,4.59,0.15,Nov,2,3,1,6,Returning_Visitor,False,False
2,207.94,2,130.16,121,1444.05,0.01,0.05,12.11,0.38,Nov,2,2,1,6,Returning_Visitor,False,False
2,149.58,1,9.43,40,1771.02,0.0,0.05,1.07,0.07,Nov,1,1,1,2,New_Visitor,False,False
2,194.51,1,93.36,102,2472.41,0.01,0.06,21.1,0.19,Nov,3,2,1,6,Returning_Visitor,False,False
0,127.32,1,19.25,52,1404.45,0.01,0.04,5.82,0.21,Nov,2,2,3,6,Returning_Visitor,True,False
1,78.99,1,28.06,32,1333.91,0.04,0.11,2.66,0.1,Mar,2,3,2,3,Returning_Visitor,False,False
1,129.29,1,28.53,42,1466.26,0.03,0.07,4.21,0.13,Nov,2,3,1,6,Returning_Visitor,False,False
3,142.45,1,33.48,62,2302.24,0.01,0.01,11.78,0.17,Nov,2,13,1,3,Returning_Visitor,False,False
1,147.66,0,23.98,44,1531.35,0.03,0.08,5.62,0.14,Mar,2,3,1,6,Returning_Visitor,False,False
4,220.44,1,68.49,75,2743.18,0.02,0.02,29.36,0.13,Mar,2,13,2,1,Returning_Visitor,False,True
0,123.99,1,28.69,48,1618.81,0.02,0.07,5.01,0.13,Nov,2,3,1,6,Returning_Visitor,False,False
1,152.67,1,20.12,49,1959.68,0.01,0.05,5.23,0.14,Nov,2,3,1,6,Returning_Visitor,False,False
2,145.62,1,39.8,52,2005.73,0.02,0.06,5.46,0.13,Nov,2,1,1,6,Returning_Visitor,False,False
4,180.64,2,105.22,162,962.58,0.01,0.02,3.46,0.13,Nov,2,2,1,2,New_Visitor,False,False
2,171.17,1,10.94,36,1401.71,0.01,0.07,1.17,0.08,Nov,1,1,1,2,New_Visitor,False,False
4,77.5,2,68.86,47,2579.77,0.03,0.04,7.3,0.24,Mar,2,2,1,1,Returning_Visitor,False,False
0,81.07,1,29.78,2,514.45,0.07,0.1,3.33,0.12,Nov,2,2,1,2,Returning_Visitor,False,False
3,144.76,1,46.54,64,415.25,0.01,0.03,10.73,0.16,Mar,2,13,1,6,Returning_Visitor,False,False
1,196.01,1,35.35,48,1679.12,0.02,0.04,0.0,0.15,Nov,2,3,1,10,Returning_Visitor,False,False
1,90.5,0,0.0,38,1436.97,0.0,0.05,1.75,0.3,May,2,2,3,6,Returning_Visitor,False,False
0,101.54,1,27.02,56,1698.79,0.02,0.07,4.67,0.14,Nov,2,3,8,6,Returning_Visitor,False,False
3,169.29,1,76.63,54,1064.98,0.01,0.02,2.71,0.15,Nov,2,2,1,2,Returning_Visitor,False,False
1,175.14,1,40.82,65,1877.06,0.02,0.06,9.18,0.23,Nov,2,2,1,6,Returning_Visitor,False,False
0,0.0,1,40.58,32,1277.47,0.04,0.09,4.75,0.15,May,3,2,1,6,Returning_Visitor,False,False
0,102.77,1,26.63,48,1750.89,0.02,0.07,6.27,0.17,Nov,2,2,2,2,Returning_Visitor,False,False
1,135.69,1,7.35,35,1171.28,0.01,0.06,0.0,0.14,Nov,2,3,1,6,Returning_Visitor,False,False
0,32.39,1,30.54,23,1163.31,0.1,0.07,3.44,0.17,Nov,2,1,1,1,Returning_Visitor,False,False
0,0.0,1,21.19,34,1753.42,0.03,0.09,0.0,0.16,Nov,2,2,8,2,Returning_Visitor,False,False
8,152.28,2,89.14,63,3060.06,0.02,0.03,0.0,0.15,Nov,3,2,7,10,Returning_Visitor,False,False
3,142.71,1,32.58,54,1803.76,0.03,0.03,5.51,0.49,May,2,2,3,6,Returning_Visitor,False,False
0,31.55,1,14.69,5,353.3,0.05,0.11,2.03,0.1,Nov,2,3,2,2,Returning_Visitor,False,False
0,0.0,0,18.39,15,407.55,0.0,0.05,0.65,0.15,Nov,2,2,1,2,Returning_Visitor,False,False
2,53.45,1,7.27,34,755.89,0.03,0.1,1.87,0.11,Nov,2,1,1,3,Returning_Visitor,False,False
0,47.48,1,50.84,46,1702.21,0.01,0.04,3.97,0.1,May,2,2,2,2,Returning_Visitor,False,False
0,34.75,1,20.66,18,4838.29,0.02,0.07,0.85,0.0,Nov,2,2,1,2,Returning_Visitor,False,False
0,76.56,1,36.02,44,1704.72,0.02,0.08,5.74,0.16,Nov,2,3,2,2,Returning_Visitor,False,False
4,166.65,1,83.77,89,2066.81,0.01,0.03,25.85,0.21,Nov,2,2,1,1,Returning_Visitor,False,False
0,133.01,0,7.04,13,283.91,0.0,0.13,1.88,0.09,Nov,2,3,1,2,New_Visitor,False,False
3,133.61,1,40.76,49,1854.95,0.01,0.05,5.25,0.0,Nov,2,2,1,6,Returning_Visitor,False,False
1,156.9,1,39.2,56,1739.76,0.02,0.06,6.0,0.16,Nov,2,3,1,6,Returning_Visitor,False,False
2,221.73,1,22.65,42,963.64,0.01,0.03,3.08,0.3,Sep,2,2,8,1,New_Visitor,False,False
7,205.28,1,60.16,85,2924.09,0.04,0.04,16.65,0.16,Mar,2,13,2,1,Returning_Visitor,False,False
0,73.45,1,8.56,8,394.07,0.02,0.11,1.42,0.13,Nov,2,3,1,2,New_Visitor,False,False
2,188.5,1,69.66,73,2606.19,0.03,0.09,11.39,0.19,Nov,4,3,1,1,Returning_Visitor,False,False
1,24.83,1,0.0,31,1114.52,0.05,0.1,1.17,0.11,Nov,3,1,1,3,Returning_Visitor,False,False
0,15.72,0,0.0,27,1562.52,0.01,0.09,2.14,0.12,Nov,2,2,3,2,Returning_Visitor,False,False
3,133.87,1,59.45,40,1496.81,0.01,0.05,6.33,1.0,May,2,2,1,4,Returning_Visitor,True,False
2,179.82,1,71.26,68,1893.01,0.01,0.04,19.39,0.28,Nov,2,2,8,6,Returning_Visitor,False,False
0,106.65,1,36.17,1,1006.74,0.2,0.11,4.48,0.11,Mar,3,2,1,1,Returning_Visitor,True,False
1,178.57,1,12.89,42,1345.99,0.01,0.05,3.48,0.21,Nov,2,2,2,2,Returning_Visitor,False,False
2,158.75,1,9.67,33,1582.42,0.02,0.05,0.0,0.17,Nov,2,3,1,6,Returning_Visitor,False,False
2,165.87,1,49.49,69,1827.74,0.02,0.05,7.59,0.14,Nov,2,2,1,6,Returning_Visitor,False,False
1,147.77,0,13.23,44,1443.35,0.02,0.06,2.7,0.17,Nov,2,3,2,6,Returning_Visitor,False,True
1,198.81,1,23.82,34,1458.68,0.02,0.04,6.43,0.08,Mar,2,2,2,6,New_Visitor,False,True
2,40.15,1,8.05,33,1590.18,0.03,0.08,0.89,0.11,Nov,1,1,7,1,Returning_Visitor,False,False
2,127.14,1,41.21,55,1773.89,0.02,0.02,6.32,0.14,Nov,3,2,1,6,Returning_Visitor,True,False
3,139.04,1,52.23,54,1787.6,0.01,0.03,6.82,0.14,Nov,2,2,1,6,Returning_Visitor,False,False
2,164.41,0,37.78,45,1843.46,0.01,0.05,4.57,0.13,Nov,2,3,1,6,Returning_Visitor,False,True
1,180.78,1,9.76,33,1786.69,0.02,0.05,3.17,0.19,Mar,2,13,1,1,Returning_Visitor,False,False
0,98.81,0,9.9,20,1579.1,0.02,0.04,3.66,0.19,Nov,2,2,3,6,Returning_Visitor,False,False
2,89.43,1,34.63,31,1700.78,0.02,0.06,0.0,0.18,Nov,2,3,1,6,Returning_Visitor,False,False
1,167.71,1,6.77,37,1623.64,0.02,0.04,2.97,0.18,Nov,2,2,1,6,Returning_Visitor,False,False
2,218.06,1,22.29,8,1647.9,0.0,0.03,6.66,0.1,Nov,2,2,2,6,New_Visitor,True,False
0,85.61,1,26.8,47,1768.66,0.01,0.04,8.87,0.14,Nov,2,2,8,2,Returning_Visitor,False,False
1,110.45,1,31.73,53,1195.2,0.02,0.04,2.62,0.15,Nov,2,2,8,6,Returning_Visitor,False,False
3,71.5,0,0.0,30,1984.36,0.02,0.05,4.72,0.22,Nov,2,13,1,6,Returning_Visitor,False,False
0,32.9,1,12.47,18,304.0,0.06,0.14,2.45,0.12,Nov,2,3,1,2,Returning_Visitor,False,False
2,156.92,1,55.49,49,1622.14,0.01,0.05,6.42,0.13,Nov,2,2,1,2,Returning_Visitor,False,False
3,340.19,2,46.42,42,983.91,0.01,0.06,2.93,0.12,Sep,8,1,1,6,New_Visitor,False,False
0,32.15,1,10.81,21,156.4,0.05,0.12,1.85,0.12,Nov,2,1,1,6,Returning_Visitor,False,False
2,159.58,1,29.59,47,1515.77,0.02,0.05,0.0,0.35,May,2,2,1,6,Returning_Visitor,False,False
2,176.94,1,46.26,47,2088.76,0.0,0.02,18.79,0.15,Nov,2,2,7,6,Returning_Visitor,False,False
4,202.97,2,36.11,9,1267.65,0.01,0.03,2.94,0.17,Nov,8,1,8,6,Returning_Visitor,False,False
1,137.02,1,15.09,33,1164.46,0.02,0.05,2.89,0.16,Nov,2,2,1,2,Returning_Visitor,False,False
1,100.4,1,8.48,31,1069.41,0.02,0.07,0.0,0.14,Nov,2,3,1,6,Returning_Visitor,False,False
1,131.13,1,24.07,47,1285.43,0.03,0.08,3.85,0.14,Nov,2,2,1,6,Returning_Visitor,False,False
4,165.2,2,70.17,66,2016.29,0.05,0.05,6.69,0.15,Mar,2,13,1,1,Returning_Visitor,False,False
1,121.04,1,18.15,47,1369.27,0.03,0.08,3.32,0.21,Nov,2,2,1,6,Returning_Visitor,False,True
1,10.93,1,1.52,5,502.27,0.03,0.12,0.51,0.12,Nov,1,1,7,1,Returning_Visitor,False,False
1,113.03,1,10.74,38,1129.2,0.03,0.08,0.0,0.14,Nov,2,1,1,6,Returning_Visitor,False,False
0,47.29,1,0.0,21,1498.32,0.06,0.09,6.38,0.16,May,3,2,1,2,Returning_Visitor,False,False
1,160.2,1,26.09,49,1805.44,0.02,0.06,4.98,0.15,Nov,2,3,1,1,Returning_Visitor,False,False
1,184.52,1,19.65,41,2204.1,0.03,0.07,7.17,0.16,Nov,2,10,3,6,Returning_Visitor,False,False
1,131.55,1,24.22,51,1603.73,0.02,0.07,4.97,0.14,Nov,2,2,1,6,Returning_Visitor,False,False
1,126.31,1,25.28,45,1730.49,0.03,0.07,4.49,0.13,Mar,2,3,1,6,Returning_Visitor,False,False
5,204.09,2,96.67,52,1887.16,0.02,0.01,40.19,0.13,May,2,2,2,6,Returning_Visitor,False,False
0,130.53,0,32.26,1,822.35,0.2,0.2,5.94,0.09,Mar,3,3,1,6,New_Visitor,True,False
1,179.67,1,20.2,39,1351.31,0.01,0.05,0.0,0.0,Nov,2,2,1,6,New_Visitor,False,False
2,122.23,1,10.44,38,1184.03,0.03,0.08,2.09,0.15,Nov,2,1,1,6,Returning_Visitor,False,False
2,16.0,2,76.23,93,2939.62,0.01,0.04,32.81,0.0,Nov,2,2,2,6,Returning_Visitor,False,True
1,0.0,1,31.01,32,1464.21,0.02,0.04,0.96,0.2,May,2,2,8,6,Returning_Visitor,False,False
6,230.35,0,150.18,51,2680.03,0.0,0.01,33.15,0.13,May,2,2,7,4,Returning_Visitor,False,True
2,180.86,1,26.09,34,1031.6,0.01,0.08,2.91,0.0,Mar,2,13,1,2,New_Visitor,False,False
1,166.22,1,31.3,52,1582.58,0.03,0.08,7.64,0.15,Nov,2,2,1,6,Returning_Visitor,False,False
2,173.66,1,36.67,36,834.48,0.02,0.04,0.0,0.12,Mar,2,8,1,6,New_Visitor,False,False
1,150.58,1,13.12,30,612.82,0.01,0.09,1.67,0.14,Nov,2,3,1,2,New_Visitor,False,False
1,143.15,1,39.89,61,1768.85,0.02,0.06,0.0,0.19,Nov,2,2,1,1,Returning_Visitor,False,False
4,251.5,1,10.1,74,1344.93,0.01,0.07,3.54,0.1,Nov,8,12,1,2,New_Visitor,False,False
4,225.84,2,80.34,92,2106.99,0.03,0.07,14.76,0.0,Nov,2,8,2,6,New_Visitor,False,True
0,60.92,1,5.01,15,271.0,0.01,0.11,1.22,0.12,Nov,2,3,1,2,New_Visitor,False,False
4,81.0,0,41.58,60,2138.38,0.02,0.01,12.55,0.0,Nov,2,2,7,1,Returning_Visitor,False,False
0,106.37,2,60.93,44,0.0,0.12,0.13,6.65,0.11,Jul,2,2,1,1,Returning_Visitor,False,False
1,137.07,1,33.22,52,1705.44,0.02,0.08,9.31,0.0,Nov,2,1,1,6,Returning_Visitor,False,True
4,127.49,1,53.67,47,2328.86,0.02,0.04,7.22,0.15,Mar,3,13,1,6,Returning_Visitor,False,False
1,186.74,1,37.48,54,1397.05,0.01,0.04,5.11,0.2,Nov,2,2,2,6,Returning_Visitor,False,True
2,199.86,1,36.88,58,2315.55,0.03,0.07,10.82,0.14,Mar,2,13,1,6,Returning_Visitor,False,True
0,128.91,0,21.34,35,1022.65,0.01,0.05,2.56,0.14,Nov,2,2,2,2,Returning_Visitor,False,False
0,165.07,1,84.69,25,2093.1,0.11,0.13,0.0,0.0,Mar,3,3,1,1,Returning_Visitor,False,False
0,135.01,0,6.25,45,1880.57,0.02,0.09,7.2,0.14,Nov,1,1,3,3,Returning_Visitor,True,False
2,128.16,1,35.29,40,1822.58,0.02,0.07,2.67,0.0,Mar,3,3,1,6,Returning_Visitor,False,False
3,28.0,1,6.19,13,1210.56,0.01,0.06,1.26,0.11,Sep,1,1,1,1,New_Visitor,False,False
2,178.19,1,17.69,53,1660.52,0.01,0.05,4.51,0.15,Nov,2,3,1,6,Returning_Visitor,False,False
1,110.85,1,18.99,42,1211.81,0.02,0.08,3.84,0.14,Nov,2,3,1,6,Returning_Visitor,False,False
2,138.08,1,51.21,58,1249.71,0.01,0.03,4.51,0.29,Nov,2,2,1,6,Returning_Visitor,False,True
1,160.15,1,25.3,61,1351.51,0.01,0.05,4.15,0.14,Nov,2,2,1,6,Returning_Visitor,False,False
0,101.61,1,8.34,33,844.2,0.01,0.02,1.85,0.15,Nov,2,2,8,2,Returning_Visitor,False,False
1,149.98,1,16.47,43,1678.43,0.01,0.06,3.2,0.14,Nov,2,3,1,6,Returning_Visitor,False,False
3,161.31,1,21.24,50,1495.44,0.01,0.04,5.98,0.18,Nov,2,2,1,2,Returning_Visitor,False,False
2,93.5,1,3.4,30,1525.2,0.01,0.06,0.58,0.08,Nov,1,1,7,2,Returning_Visitor,False,False
1,163.72,1,28.31,56,1762.31,0.02,0.06,5.75,0.16,Nov,2,3,1,6,Returning_Visitor,False,False
2,165.55,1,25.8,55,1802.28,0.01,0.05,5.68,0.14,Nov,2,3,1,6,Returning_Visitor,False,False
0,0.0,1,31.74,48,1692.92,0.02,0.09,6.08,0.12,Nov,2,3,2,6,Returning_Visitor,False,True
0,99.71,1,32.05,24,1134.53,0.2,0.12,4.48,0.11,Mar,2,3,1,1,Returning_Visitor,False,False
2,177.04,1,50.84,55,2382.67,0.01,0.06,10.79,0.11,Nov,2,2,1,6,Returning_Visitor,False,False
6,132.02,2,102.33,76,2190.85,0.02,0.03,5.58,0.12,Nov,3,2,1,6,Returning_Visitor,False,False
1,142.41,1,28.15,39,1357.92,0.03,0.09,3.77,0.13,Nov,2,3,1,6,Returning_Visitor,False,False
0,40.09,1,14.42,18,364.73,0.07,0.2,2.46,0.11,Nov,2,3,1,2,Returning_Visitor,False,False
1,78.03,1,23.5,47,1683.3,0.06,0.11,9.04,0.12,Mar,2,6,2,1,Returning_Visitor,False,False
0,23.38,0,0.0,22,742.58,0.03,0.12,1.52,0.12,Nov,2,3,2,6,Returning_Visitor,False,False
0,22.69,1,21.47,3,254.4,0.09,0.12,0.0,0.11,Nov,3,2,6,6,Returning_Visitor,False,False
0,0.0,1,31.5,15,514.4,0.05,0.11,2.55,0.12,Nov,2,2,1,2,Returning_Visitor,False,False
2,109.32,1,9.56,27,434.5,0.01,0.03,1.79,0.19,Nov,2,2,8,2,New_Visitor,False,True
0,33.16,1,0.0,20,1024.05,0.03,0.1,3.22,0.11,Nov,2,2,1,2,Returning_Visitor,False,False
1,167.47,1,27.04,57,1632.64,0.02,0.06,4.55,0.15,Nov,2,3,1,6,Returning_Visitor,False,False
3,164.39,0,7.71,43,1353.83,0.02,0.06,2.13,0.15,Mar,2,13,1,1,Returning_Visitor,False,False
2,141.62,1,38.59,53,1902.25,0.02,0.05,6.86,0.14,Nov,2,2,1,6,Returning_Visitor,False,False
5,311.83,1,31.32,72,2388.75,0.01,0.05,9.79,0.14,Nov,3,3,2,6,Returning_Visitor,False,False
3,119.9,2,33.81,4,1795.39,0.01,0.04,3.75,0.18,Mar,3,2,1,6,Returning_Visitor,False,True
1,0.0,1,14.52,45,1277.36,0.06,0.11,2.79,0.12,Mar,2,1,2,1,Returning_Visitor,False,False
0,40.48,1,28.78,29,0.0,0.09,0.12,3.65,0.15,Nov,2,2,1,1,Returning_Visitor,False,False
1,133.62,1,32.31,58,2232.39,0.01,0.05,9.59,0.21,Nov,2,2,3,6,Returning_Visitor,False,False
0,0.0,1,25.34,12,299.36,0.09,0.12,4.15,0.11,Nov,2,3,1,2,Returning_Visitor,False,False
1,151.64,1,20.77,52,1774.9,0.01,0.06,5.45,0.15,Nov,2,3,1,6,Returning_Visitor,False,False
1,166.07,1,34.04,59,1664.21,0.02,0.06,4.77,0.25,Nov,2,2,1,6,Returning_Visitor,False,False
0,57.45,1,21.04,32,1613.89,0.02,0.07,3.66,0.14,Nov,2,2,8,2,Returning_Visitor,False,False
1,146.57,1,25.65,44,2347.34,0.03,0.03,3.73,0.12,Mar,2,1,1,1,Returning_Visitor,False,False
2,27.67,1,30.87,17,221.06,0.02,0.02,0.0,0.17,Nov,3,2,7,2,Returning_Visitor,False,False
3,202.97,1,0.0,18,1715.01,0.03,0.04,4.11,0.73,Nov,2,2,7,1,Returning_Visitor,False,False
3,330.08,2,71.05,54,1418.1,0.01,0.05,6.73,0.0,Jul,2,2,1,6,Returning_Visitor,False,False
1,145.97,0,15.29,43,1805.45,0.01,0.03,3.18,0.13,Nov,2,3,1,6,Returning_Visitor,False,False
0,76.88,1,21.6,21,1148.5,0.02,0.04,3.77,0.15,Nov,2,2,8,2,Returning_Visitor,False,False
3,189.12,1,113.43,84,2308.91,0.01,0.02,78.2,0.2,Nov,2,2,8,6,Returning_Visitor,False,True
2,163.16,0,0.0,57,1703.01,0.01,0.05,4.3,0.21,Nov,2,3,1,6,Returning_Visitor,False,False
2,177.82,0,34.06,57,1659.66,0.02,0.04,4.73,0.16,Nov,2,3,1,6,Returning_Visitor,False,False
3,131.38,1,50.21,65,1592.73,0.01,0.02,6.8,0.15,May,2,2,1,2,Returning_Visitor,False,True
2,169.66,1,57.62,63,2039.05,0.02,0.06,8.6,0.15,Nov,2,3,1,1,Returning_Visitor,False,False
1,145.06,0,0.0,16,1363.16,0.02,0.04,3.45,0.09,Mar,2,2,1,2,New_Visitor,False,True
2,145.62,1,36.53,46,1826.19,0.02,0.06,4.15,0.15,Nov,2,1,1,6,Returning_Visitor,False,False
1,174.61,1,0.0,112,2127.82,0.01,0.05,9.85,0.16,Nov,2,2,8,2,Returning_Visitor,False,False
1,106.08,1,0.0,3,1720.83,0.08,0.11,4.82,0.43,May,3,2,1,6,Returning_Visitor,False,False
3,445.31,1,13.91,62,1403.57,0.01,0.06,7.73,0.17,Sep,2,3,8,1,Returning_Visitor,False,False
0,86.67,1,23.69,28,1845.92,0.02,0.05,0.0,0.13,Nov,2,2,3,2,Returning_Visitor,False,False
1,68.45,1,18.22,60,675.45,0.01,0.03,1.73,0.19,Nov,2,2,1,5,New_Visitor,False,False
3,177.51,1,0.0,57,1631.65,0.01,0.04,2.09,0.17,Nov,1,1,1,6,Returning_Visitor,False,False
2,52.07,1,1.89,28,128.33,0.03,0.06,1.04,0.13,Nov,1,1,2,3,Returning_Visitor,False,False
3,287.47,1,48.53,78,2069.15,0.01,0.03,4.2,0.09,Aug,2,13,1,6,Returning_Visitor,False,False
5,232.83,1,39.5,77,2594.1,0.01,0.02,12.6,0.13,Mar,4,4,1,6,Returning_Visitor,False,True
1,62.51,1,36.92,45,1182.31,0.07,0.1,4.5,0.12,Nov,2,2,1,1,Returning_Visitor,False,False
2,155.56,1,20.51,16,1730.64,0.01,0.03,3.57,0.1,Nov,2,1,9,6,Returning_Visitor,True,False
1,174.7,1,36.52,58,1700.91,0.01,0.05,6.21,0.14,Nov,2,3,2,6,Returning_Visitor,False,False
3,85.82,1,6.8,34,1329.32,0.02,0.06,0.0,0.11,Nov,1,1,1,3,Returning_Visitor,False,False
1,101.67,1,0.0,20,0.0,0.12,0.13,5.65,0.19,Nov,3,2,1,6,Returning_Visitor,False,False
2,155.61,0,14.27,56,2126.84,0.02,0.05,5.03,0.17,Nov,2,2,1,13,Returning_Visitor,False,True
0,40.07,1,0.0,38,2030.12,0.03,0.08,4.19,0.2,May,2,2,2,6,Returning_Visitor,False,False
2,180.33,1,0.0,40,1182.66,0.02,0.05,2.29,0.2,Nov,2,3,1,6,New_Visitor,False,False
1,77.77,1,13.98,39,1688.03,0.02,0.07,3.41,0.14,Nov,2,1,1,6,Returning_Visitor,False,False
1,263.21,1,48.1,63,2402.13,0.01,0.04,12.46,0.2,Nov,2,3,1,1,Returning_Visitor,False,False
0,0.0,1,25.56,53,2424.58,0.04,0.06,5.79,0.17,Nov,2,1,3,1,Returning_Visitor,False,False
2,138.51,1,32.85,56,1816.76,0.02,0.06,5.82,0.14,Nov,2,3,2,6,Returning_Visitor,False,False
0,27.55,0,16.88,34,1297.74,0.02,0.07,2.03,0.17,May,2,3,2,6,Returning_Visitor,False,False
3,147.13,1,42.76,71,1198.72,0.01,0.02,2.44,0.14,Dec,2,2,1,2,New_Visitor,False,False
0,63.83,1,0.0,27,927.85,0.06,0.12,2.56,0.12,Mar,2,3,2,6,Returning_Visitor,False,False
0,43.08,1,24.9,5,406.04,0.07,0.12,4.1,0.12,Nov,2,2,2,2,Returning_Visitor,False,False
2,146.03,1,0.0,39,1580.68,0.02,0.05,1.04,0.18,May,2,1,7,6,Returning_Visitor,False,True
0,18.38,0,0.0,23,1065.51,0.0,0.09,1.61,0.12,Nov,2,2,2,2,Returning_Visitor,False,False
0,110.97,1,15.74,45,1174.13,0.01,0.04,3.85,0.13,Nov,2,2,3,2,Returning_Visitor,False,False
2,154.91,1,38.7,68,1514.74,0.01,0.04,5.28,0.18,Nov,2,2,1,6,Returning_Visitor,False,False
4,151.51,1,21.62,50,2076.26,0.02,0.03,6.04,0.14,Mar,2,4,1,3,Returning_Visitor,False,False
10,208.55,3,84.79,61,2378.44,0.01,0.02,3.49,0.11,Nov,4,13,1,1,Returning_Visitor,False,False
2,151.52,1,17.44,54,1883.79,0.0,0.04,5.0,0.21,Nov,2,3,7,6,Returning_Visitor,False,False
0,56.87,1,50.04,32,547.85,0.07,0.2,6.66,0.11,Mar,2,5,2,6,Returning_Visitor,False,False
1,15.71,1,0.0,20,0.0,0.09,0.13,1.87,0.1,Mar,1,1,1,3,Returning_Visitor,False,False
0,36.97,1,0.0,30,1233.55,0.03,0.09,1.06,0.1,Nov,1,1,2,3,Returning_Visitor,False,False
1,65.38,1,11.25,41,856.07,0.04,0.11,3.72,0.1,Mar,2,1,2,3,Returning_Visitor,False,False
1,0.0,1,29.42,35,1945.55,0.05,0.11,3.21,0.0,Nov,1,1,1,1,Returning_Visitor,True,False
2,188.34,1,59.95,55,1897.8,0.01,0.05,7.39,0.0,Nov,2,3,1,6,Returning_Visitor,False,False
1,23.51,1,0.0,21,15.0,0.05,0.11,1.21,0.1,Nov,1,1,1,3,Returning_Visitor,False,False
1,161.69,1,31.42,58,1697.49,0.0,0.03,4.95,0.23,Nov,2,2,1,6,Returning_Visitor,False,False
8,263.11,3,80.6,48,1327.52,0.02,0.02,3.06,0.0,Nov,8,3,1,2,New_Visitor,False,False
2,123.17,0,13.33,40,2079.51,0.01,0.04,9.41,0.19,May,3,13,5,6,Returning_Visitor,False,False
1,196.59,1,13.7,14,1877.11,0.02,0.05,4.35,0.2,Nov,2,3,2,6,Returning_Visitor,False,False
5,313.43,2,53.57,19,1664.17,0.01,0.02,0.87,0.09,Nov,8,3,8,2,New_Visitor,False,False
4,48.71,0,39.25,31,1129.35,0.02,0.0,1.33,0.18,Dec,2,2,7,6,Returning_Visitor,False,False
3,274.74,1,29.68,53,2742.27,0.02,0.04,8.04,0.14,Nov,8,1,1,1,Returning_Visitor,False,False
1,164.63,1,14.25,50,1625.42,0.01,0.06,4.89,0.14,Nov,2,3,1,6,Returning_Visitor,False,False
1,145.0,1,41.56,56,1655.54,0.02,0.07,7.64,0.14,Nov,2,2,1,6,Returning_Visitor,False,False
1,164.49,1,18.11,49,1623.65,0.01,0.05,5.11,0.16,Nov,2,2,2,6,Returning_Visitor,False,False
1,88.27,1,25.26,57,957.9,0.01,0.02,12.07,0.5,May,3,13,2,4,Returning_Visitor,False,True
3,235.37,1,40.62,54,1089.21,0.0,0.03,7.13,0.13,May,2,13,1,6,Returning_Visitor,False,False
1,143.1,1,25.71,45,1511.39,0.03,0.08,5.16,0.13,Nov,2,3,1,1,Returning_Visitor,False,False
3,121.27,1,18.36,42,872.12,0.02,0.03,0.0,0.16,Nov,2,3,1,2,New_Visitor,False,False
0,60.69,1,16.51,25,712.32,0.09,0.11,1.93,0.1,Mar,2,1,1,1,Returning_Visitor,False,False
3,179.84,1,22.75,61,1322.0,0.01,0.02,16.88,0.12,Nov,2,4,1,6,Returning_Visitor,True,False
1,148.33,0,8.19,40,1658.1,0.01,0.06,6.2,0.24,Aug,1,1,3,6,Returning_Visitor,False,False
3,174.42,1,80.6,63,2729.69,0.01,0.03,13.38,0.19,May,2,13,1,1,Returning_Visitor,False,False
0,49.25,1,10.79,26,997.33,0.02,0.08,2.45,0.14,Nov,2,2,2,2,Returning_Visitor,False,False
2,177.16,1,25.05,54,1535.34,0.03,0.07,5.0,0.14,Nov,2,3,1,6,Returning_Visitor,False,False
4,194.82,2,121.85,64,2189.42,0.0,0.03,6.74,0.08,Nov,3,2,1,2,Returning_Visitor,False,False
1,80.65,0,4.75,27,1839.33,0.01,0.07,1.26,0.21,May,4,1,2,3,Returning_Visitor,False,False
1,172.22,1,55.19,95,2403.79,0.02,0.03,10.77,0.27,Nov,2,2,1,2,Returning_Visitor,False,False
1,150.62,1,21.49,45,1653.41,0.02,0.06,3.78,0.15,Nov,2,3,1,6,Returning_Visitor,False,False
1,152.41,1,30.24,52,1995.16,0.05,0.1,5.31,0.44,Nov,2,2,1,1,Returning_Visitor,False,True
1,130.73,1,18.77,69,1769.44,0.01,0.04,7.48,0.16,Nov,2,2,8,6,Returning_Visitor,False,False
2,178.54,1,18.69,50,789.96,0.01,0.04,7.66,0.14,Nov,2,2,1,6,Returning_Visitor,False,False
1,108.76,1,12.44,44,1541.63,0.01,0.08,3.5,0.14,Nov,2,3,1,6,Returning_Visitor,False,False
1,265.75,1,0.0,8,1337.52,0.0,0.03,0.53,0.12,Nov,2,2,8,2,New_Visitor,False,False
0,0.0,1,9.71,25,856.48,0.04,0.11,2.45,0.12,Nov,2,1,2,2,Returning_Visitor,False,False
1,139.76,1,23.27,49,1686.52,0.02,0.06,5.24,0.14,Nov,2,2,1,6,Returning_Visitor,False,False
0,0.0,1,75.81,52,2207.84,0.09,0.12,11.61,0.16,Nov,2,2,1,1,Returning_Visitor,False,False
1,140.83,1,24.46,57,1504.48,0.01,0.05,4.18,0.0,Nov,2,2,1,6,Returning_Visitor,False,False
3,153.77,1,0.0,55,2139.16,0.01,0.06,3.94,0.17,Nov,2,3,1,6,Returning_Visitor,False,False
3,97.24,1,53.09,83,1605.88,0.01,0.02,5.95,0.2,Dec,2,2,7,6,Returning_Visitor,False,True
0,48.47,1,29.92,19,113.0,0.07,0.12,1.96,0.39,Nov,2,2,2,6,Returning_Visitor,False,False
2,138.1,1,4.86,47,1596.45,0.01,0.06,2.53,0.2,Nov,2,1,3,3,Returning_Visitor,False,False
3,113.59,1,24.2,43,1258.77,0.0,0.01,5.57,0.14,Mar,2,13,1,3,Returning_Visitor,False,False
1,172.55,1,30.97,46,1804.83,0.02,0.07,6.02,0.15,Nov,2,3,1,1,Returning_Visitor,False,False
2,134.47,1,24.17,50,1570.87,0.02,0.07,4.32,0.13,Nov,2,1,1,6,Returning_Visitor,False,False
1,153.88,0,12.86,44,1410.43,0.01,0.03,2.91,0.17,Nov,2,2,7,2,Returning_Visitor,False,False
2,109.4,1,39.68,52,1248.98,0.03,0.03,0.0,0.13,Nov,3,3,1,6,Returning_Visitor,True,False
1,89.32,1,23.55,18,160.5,0.0,0.08,0.88,0.14,Nov,2,3,1,2,New_Visitor,False,False
1,108.45,1,19.41,40,1201.3,0.03,0.09,4.3,0.13,Nov,2,3,1,6,Returning_Visitor,False,False
2,108.23,1,18.35,53,518.0,0.01,0.03,2.61,0.31,May,2,2,7,2,Returning_Visitor,False,False
0,62.87,1,24.79,2,487.85,0.07,0.12,3.06,0.11,Nov,3,3,1,6,Returning_Visitor,False,False
1,137.76,1,26.13,51,1686.65,0.03,0.06,4.44,0.16,Nov,2,2,1,1,Returning_Visitor,False,False
1,0.0,1,0.0,32,606.2,0.02,0.08,1.75,0.13,Nov,2,1,1,2,Returning_Visitor,False,False
2,167.79,1,41.16,61,1886.52,0.01,0.05,7.94,0.13,Nov,2,2,2,6,Returning_Visitor,False,False
1,122.75,1,11.04,39,1532.6,0.02,0.05,3.08,0.0,Nov,2,1,1,6,Returning_Visitor,False,False
1,152.22,1,32.53,57,1669.68,0.02,0.06,5.11,0.16,Nov,2,3,1,6,Returning_Visitor,False,True
1,95.08,1,0.0,13,2020.66,0.03,0.07,1.32,0.54,May,2,2,2,6,Returning_Visitor,False,False
3,153.88,0,24.31,47,1589.9,0.02,0.06,2.65,0.16,Nov,2,3,1,6,Returning_Visitor,False,False
0,52.99,1,13.93,30,1073.55,0.01,0.06,2.0,0.11,Nov,2,2,1,2,Returning_Visitor,False,False
0,58.68,1,0.0,19,65.5,0.1,0.1,2.79,0.12,Nov,3,2,1,13,Returning_Visitor,False,False
1,198.4,2,114.0,45,1638.84,0.02,0.02,36.14,0.17,May,2,2,2,2,Returning_Visitor,False,False
4,166.11,1,54.1,68,1751.99,0.01,0.03,8.92,0.19,Nov,3,2,7,6,Returning_Visitor,False,False
0,55.38,1,34.03,32,1145.86,0.09,0.08,3.47,0.36,Nov,3,1,1,6,Returning_Visitor,False,False
1,171.47,1,20.06,56,1678.44,0.01,0.05,5.82,0.16,Nov,2,3,1,6,Returning_Visitor,False,True
0,51.87,0,0.0,25,635.86,0.04,0.1,2.68,0.09,Nov,2,2,1,2,Returning_Visitor,True,False
3,211.44,2,154.8,48,3022.78,0.04,0.07,24.16,0.17,Nov,3,2,2,4,Returning_Visitor,False,False
1,210.71,1,43.0,35,1169.85,0.01,0.06,7.45,0.0,Nov,2,2,4,4,Returning_Visitor,False,False
3,96.86,1,21.2,28,672.55,0.01,0.04,10.99,0.13,Mar,3,2,1,10,Returning_Visitor,False,True
1,86.31,0,18.3,40,1854.84,0.04,0.09,3.85,0.1,Nov,8,1,1,1,Returning_Visitor,False,False
2,145.05,1,16.63,49,1816.37,0.02,0.07,6.77,0.13,Nov,4,1,2,3,Returning_Visitor,False,False
2,164.18,1,11.03,13,350.83,0.02,0.05,2.29,0.35,May,2,2,3,6,Returning_Visitor,False,False
5,191.79,1,42.72,86,2582.7,0.02,0.05,11.41,0.18,Nov,3,3,1,6,Returning_Visitor,False,False
1,184.13,1,45.06,57,1582.3,0.02,0.05,6.92,0.14,Nov,2,3,1,6,Returning_Visitor,False,False
1,119.97,1,41.17,78,1649.57,0.01,0.04,6.38,0.39,Nov,2,2,1,4,Returning_Visitor,False,False
0,179.86,1,12.39,49,1662.56,0.01,0.05,10.94,0.0,May,2,2,3,6,Returning_Visitor,False,True
3,172.11,2,58.43,53,1753.86,0.02,0.04,8.61,0.15,Nov,2,3,1,6,Returning_Visitor,False,False
2,147.24,1,15.69,48,1846.67,0.01,0.03,2.41,0.19,Nov,2,2,7,6,Returning_Visitor,False,False
1,182.38,2,106.17,222,1059.9,0.02,0.03,6.61,0.17,Nov,2,2,2,2,Returning_Visitor,True,False
0,105.34,0,10.13,29,922.03,0.01,0.03,3.89,0.12,Nov,2,2,2,2,Returning_Visitor,False,False
2,185.02,1,12.1,48,1938.43,0.01,0.06,4.08,0.11,Nov,1,1,1,6,Returning_Visitor,False,True
1,0.0,1,4.97,29,792.05,0.02,0.09,1.18,0.12,Nov,1,1,7,2,Returning_Visitor,False,False
3,26.0,1,51.47,58,1697.39,0.01,0.05,7.42,0.17,Nov,2,2,1,6,Returning_Visitor,False,False
2,174.28,1,22.87,52,1950.2,0.0,0.04,5.9,0.16,Nov,2,13,1,6,Returning_Visitor,False,False
2,145.32,1,18.99,61,1650.04,0.0,0.02,4.22,0.12,Nov,2,2,7,6,New_Visitor,False,False
1,129.1,1,24.18,51,1761.25,0.02,0.06,3.82,0.14,Nov,2,3,1,1,Returning_Visitor,False,False
2,164.99,1,23.21,55,1655.41,0.0,0.04,4.06,0.13,Nov,2,3,1,6,Returning_Visitor,False,True
2,160.97,1,9.07,32,1263.41,0.02,0.04,2.41,0.18,Nov,2,3,1,6,New_Visitor,False,False
0,45.34,1,6.68,17,102.2,0.03,0.1,1.21,0.12,Nov,2,2,1,2,Returning_Visitor,False,True
1,148.09,1,30.52,52,1649.72,0.01,0.05,4.79,0.14,Nov,2,2,1,6,Returning_Visitor,False,False
2,147.32,0,8.86,28,1277.87,0.01,0.04,1.8,0.0,Nov,2,2,1,2,Returning_Visitor,False,False
1,125.08,1,25.1,38,1503.23,0.02,0.06,3.38,0.13,Nov,2,3,1,2,Returning_Visitor,False,False
1,46.97,1,50.26,23,1032.37,0.08,0.08,2.67,0.14,Mar,3,2,1,6,Returning_Visitor,False,False
2,194.44,1,51.11,90,2988.88,0.01,0.05,12.82,0.24,Nov,2,3,2,6,Returning_Visitor,False,False
8,305.55,4,107.11,51,2052.97,0.01,0.03,28.43,0.1,Nov,8,2,1,1,Returning_Visitor,False,True
2,239.67,0,0.0,62,1773.87,0.01,0.01,11.9,0.14,Aug,4,4,2,6,Returning_Visitor,False,True
2,102.98,1,18.68,45,1978.09,0.03,0.1,3.96,0.1,Nov,1,1,2,1,Returning_Visitor,False,False
16,162.32,1,10.97,33,912.67,0.02,0.06,1.55,0.14,Nov,2,3,1,6,New_Visitor,False,False
6,255.52,2,81.53,66,2057.1,0.01,0.03,3.72,0.08,Nov,1,1,1,1,Returning_Visitor,True,False
0,86.79,1,15.11,22,703.21,0.02,0.03,2.34,0.16,Nov,2,2,2,2,Returning_Visitor,False,False
3,135.46,1,37.75,59,2066.69,0.01,0.02,9.5,0.17,Mar,2,4,1,6,Returning_Visitor,False,False
2,165.23,1,31.66,51,1737.4,0.01,0.06,7.14,0.14,Nov,2,3,1,6,Returning_Visitor,False,False
2,153.15,1,36.34,43,1114.51,0.05,0.1,0.0,0.12,Nov,2,1,1,6,Returning_Visitor,False,False
7,263.01,2,166.16,69,1859.35,0.02,0.03,5.68,0.07,Nov,1,1,1,3,Returning_Visitor,False,False
2,31.5,1,0.0,51,1550.73,0.01,0.03,4.95,0.16,Aug,2,13,1,6,Returning_Visitor,False,False
1,148.38,1,28.2,48,1749.0,0.02,0.06,4.11,0.14,Nov,2,3,1,6,Returning_Visitor,False,False
1,153.63,1,35.01,63,1777.29,0.02,0.05,5.32,0.15,Nov,2,2,1,6,Returning_Visitor,False,False
2,112.03,1,39.65,63,1351.28,0.01,0.02,8.23,0.15,Aug,2,8,1,5,Returning_Visitor,False,False
0,13.32,0,11.14,38,2313.76,0.01,0.04,2.0,0.24,Nov,2,3,7,1,Returning_Visitor,False,False
0,52.18,1,11.3,37,348.03,0.05,0.1,2.16,0.0,Mar,2,1,2,1,Returning_Visitor,False,False
2,124.27,0,0.0,42,221.12,0.02,0.04,1.64,0.16,Nov,2,1,7,6,Returning_Visitor,False,False
1,155.92,1,17.49,46,1629.52,0.01,0.05,3.7,0.15,Nov,2,3,1,6,Returning_Visitor,False,False
2,127.44,1,19.34,45,1779.2,0.02,0.05,6.11,0.13,Nov,2,1,1,6,Returning_Visitor,False,False
2,348.41,1,0.0,10,644.43,0.0,0.07,1.3,0.0,Nov,1,1,8,2,New_Visitor,False,False
4,468.1,1,31.79,17,3428.53,0.03,0.08,4.19,0.13,Nov,2,1,2,1,Returning_Visitor,False,False
6,4.0,2,88.94,104,2500.93,0.01,0.03,12.88,0.13,Nov,3,2,1,6,Returning_Visitor,False,True
0,38.66,1,34.91,31,819.13,0.0,0.05,2.89,0.0,Nov,2,3,1,2,Returning_Visitor,False,False
1,170.84,1,27.89,60,1904.11,0.01,0.05,8.54,0.14,Nov,2,2,1,1,Returning_Visitor,False,False
6,51.71,3,101.73,150,1592.28,0.01,0.02,15.83,0.0,Nov,2,2,2,2,Returning_Visitor,False,True
6,210.55,1,88.77,44,1510.58,0.01,0.01,11.79,0.09,Aug,1,1,8,4,Returning_Visitor,False,False
1,147.39,1,33.07,45,1775.04,0.02,0.07,6.62,0.14,Nov,2,3,1,6,Returning_Visitor,False,True
2,155.58,1,58.06,71,1719.47,0.02,0.04,7.18,0.2,Nov,2,2,1,6,Returning_Visitor,False,True
1,71.29,1,17.93,42,1743.55,0.02,0.08,2.95,0.12,Mar,2,1,2,1,Returning_Visitor,False,False
1,117.0,0,16.99,43,1572.58,0.02,0.07,3.49,0.14,Nov,2,1,1,6,Returning_Visitor,False,False
3,175.5,2,93.87,58,1749.03,0.01,0.03,6.27,0.13,Nov,2,2,1,2,Returning_Visitor,False,False
0,37.68,1,21.55,2,379.57,0.06,0.11,2.79,0.11,Nov,2,2,1,6,Returning_Visitor,False,False
0,49.86,0,22.33,34,38.0,0.08,0.11,4.03,0.27,Mar,3,3,2,6,Returning_Visitor,False,False
1,144.33,1,37.45,48,1209.69,0.02,0.05,3.93,0.14,Nov,2,2,1,6,Returning_Visitor,False,False
1,136.27,1,19.57,45,1622.62,0.02,0.07,4.5,0.14,Nov,2,3,1,6,Returning_Visitor,False,False
2,20.5,0,13.16,58,719.74,0.01,0.03,8.51,0.15,Mar,2,13,1,6,Returning_Visitor,False,False
3,169.5,1,14.0,56,2763.01,0.02,0.05,8.26,0.45,Nov,2,2,1,6,Returning_Visitor,False,False
1,118.61,1,8.33,37,1278.53,0.02,0.07,0.0,0.12,Nov,2,1,1,6,Returning_Visitor,False,False
1,36.59,1,53.18,29,1144.29,0.04,0.03,2.84,0.14,May,3,2,5,1,Returning_Visitor,False,False
0,89.46,1,4.12,16,324.11,0.01,0.03,1.48,0.16,Nov,2,2,1,2,New_Visitor,False,False
1,0.0,1,95.87,7,1139.42,0.1,0.12,7.43,0.14,Dec,2,3,1,6,Returning_Visitor,False,False
1,163.45,1,57.04,63,1798.34,0.01,0.05,6.33,0.0,Nov,2,2,1,6,Returning_Visitor,False,False
0,29.4,1,19.76,1,0.0,0.11,0.2,2.17,0.1,Mar,2,2,2,1,Returning_Visitor,False,False
0,25.72,1,13.61,1,513.65,0.04,0.11,1.64,0.11,Nov,2,2,2,6,Returning_Visitor,False,False
1,156.0,1,22.2,47,1486.59,0.01,0.05,4.01,0.16,Nov,2,2,1,6,Returning_Visitor,False,True
2,191.6,1,56.44,62,1763.9,0.01,0.04,8.24,0.13,Nov,2,2,1,6,Returning_Visitor,False,False
2,210.27,1,39.97,65,1501.39,0.01,0.04,3.16,0.13,Nov,2,2,2,8,Returning_Visitor,False,False
1,102.26,1,16.36,40,1397.24,0.02,0.09,3.65,0.13,Nov,2,3,1,6,Returning_Visitor,False,False
0,38.83,0,26.57,22,843.11,0.09,0.2,2.72,0.11,Nov,2,2,1,1,Returning_Visitor,False,False
1,154.05,1,26.82,56,1746.6,0.02,0.06,4.16,0.13,Nov,2,1,1,6,Returning_Visitor,False,False
1,148.73,1,31.72,44,1848.44,0.02,0.07,7.18,0.15,Nov,2,3,1,1,Returning_Visitor,False,False
1,37.25,1,7.55,24,504.31,0.07,0.13,2.37,0.14,Nov,2,1,2,3,Returning_Visitor,False,False
0,38.07,1,13.1,4,512.5,0.08,0.12,1.8,0.11,Nov,2,3,1,3,Returning_Visitor,False,False
1,0.0,1,36.65,45,1488.82,0.02,0.1,2.9,0.17,Nov,2,1,1,3,Returning_Visitor,False,False
2,168.62,1,0.0,55,1674.33,0.01,0.04,3.47,0.18,Nov,2,3,1,6,Returning_Visitor,False,False
1,54.05,1,9.01,18,1606.8,0.02,0.06,2.04,0.0,Nov,2,1,3,1,Returning_Visitor,False,False
10,156.17,1,51.63,54,2390.26,0.03,0.05,2.63,0.2,May,3,2,1,6,Returning_Visitor,False,False
1,60.25,1,38.59,64,803.94,0.01,0.03,3.53,0.12,Nov,2,2,1,2,New_Visitor,True,False
3,189.18,2,163.0,95,2236.23,0.0,0.02,11.73,0.25,Nov,3,2,1,4,Returning_Visitor,True,False
0,0.0,0,12.33,14,434.06,0.06,0.12,3.74,0.1,Nov,2,2,1,2,Returning_Visitor,False,False
0,42.65,1,18.82,24,1139.49,0.05,0.11,2.79,0.12,Nov,2,2,2,1,Returning_Visitor,False,False
0,0.0,1,10.11,18,373.17,0.04,0.11,1.61,0.13,Nov,2,3,1,2,Returning_Visitor,False,False
2,0.0,2,128.64,45,1253.36,0.02,0.05,2.8,0.22,Dec,3,2,1,2,Returning_Visitor,False,False
3,136.98,2,16.3,30,881.63,0.01,0.04,0.0,0.12,Nov,2,3,1,6,New_Visitor,False,False
1,131.43,1,15.08,41,1569.27,0.02,0.06,3.19,0.14,Nov,2,3,1,6,Returning_Visitor,False,False
1,137.81,1,30.88,46,1252.96,0.03,0.09,3.66,0.12,Nov,2,3,1,6,Returning_Visitor,False,True
0,73.71,1,17.42,16,1389.46,0.02,0.06,3.5,0.14,Nov,2,2,2,6,Returning_Visitor,False,False
2,11.17,2,109.63,128,1791.14,0.01,0.03,15.22,0.17,Nov,2,2,1,2,Returning_Visitor,False,True
0,41.45,1,0.0,21,534.92,0.04,0.1,0.0,0.0,Nov,2,3,1,6,Returning_Visitor,False,False
1,136.01,1,28.42,7,1098.7,0.05,0.11,5.16,0.11,Mar,3,3,1,2,New_Visitor,False,True
0,0.0,1,3.01,32,755.78,0.09,0.13,1.77,0.12,Mar,2,1,8,1,Returning_Visitor,False,False
2,125.12,1,6.92,46,1586.39,0.01,0.06,1.51,0.1,Nov,1,1,8,6,Returning_Visitor,False,False
0,56.76,0,31.89,26,1065.12,0.1,0.15,3.48,0.13,Nov,2,3,1,1,Returning_Visitor,False,False
2,187.89,1,64.47,57,444.0,0.01,0.03,3.59,0.14,Nov,2,2,1,6,Returning_Visitor,False,True
1,101.42,1,33.25,25,833.33,0.2,0.09,2.57,0.1,Mar,3,3,1,6,Returning_Visitor,True,False
1,46.79,1,20.95,20,1846.61,0.01,0.05,4.27,0.16,May,3,2,1,6,Returning_Visitor,False,False
4,210.42,2,128.88,92,1520.16,0.01,0.03,22.57,0.16,Nov,2,2,2,6,Returning_Visitor,False,False
1,121.03,1,19.18,45,1551.21,0.02,0.06,3.08,0.14,Nov,2,3,1,6,Returning_Visitor,False,False
0,104.21,1,25.16,42,1581.34,0.03,0.08,0.0,0.16,Nov,2,2,2,6,Returning_Visitor,False,False
2,175.11,1,91.25,78,2390.1,0.01,0.06,14.42,0.13,Nov,2,2,1,6,Returning_Visitor,False,True
3,174.56,2,135.28,79,904.57,0.01,0.03,23.2,0.13,Nov,2,2,1,6,Returning_Visitor,False,False
2,153.55,1,46.22,52,1416.78,0.03,0.06,5.27,0.14,Nov,2,2,1,6,Returning_Visitor,False,False
1,138.81,0,7.4,37,1640.58,0.02,0.04,2.06,0.2,Nov,2,1,3,6,Returning_Visitor,False,False
1,171.53,1,0.0,8,1390.56,0.0,0.05,2.67,0.19,Nov,2,3,1,6,Returning_Visitor,False,False
8,539.5,1,42.6,62,796.1,0.01,0.05,2.46,0.09,Nov,1,1,1,8,New_Visitor,False,False
2,23.87,2,61.04,47,608.83,0.06,0.05,1.46,0.1,Nov,3,2,1,1,Returning_Visitor,False,False
1,153.75,1,26.42,53,1684.74,0.01,0.05,4.68,0.14,Nov,2,2,1,6,Returning_Visitor,False,False
4,117.22,1,9.99,30,1355.62,0.02,0.05,0.53,0.18,May,2,1,1,3,Returning_Visitor,False,False
1,141.62,1,24.27,46,1650.68,0.02,0.06,3.5,0.14,Nov,2,3,1,6,Returning_Visitor,False,True
2,181.9,1,30.49,42,95.5,0.0,0.09,6.48,0.16,Mar,2,4,1,6,Returning_Visitor,False,False
1,136.03,1,23.52,50,1732.18,0.02,0.07,5.57,0.14,Nov,2,3,1,6,Returning_Visitor,False,False
0,32.07,0,21.93,29,1216.49,0.02,0.09,0.0,0.15,May,3,2,2,6,Returning_Visitor,False,False
1,58.82,1,8.94,33,1094.62,0.02,0.08,0.0,0.12,Nov,2,1,1,6,Returning_Visitor,False,False
0,72.28,1,46.2,8,1230.99,0.07,0.1,4.81,0.13,Nov,3,2,1,6,Returning_Visitor,False,False
2,11.0,1,66.73,44,1997.43,0.03,0.03,3.58,0.16,May,3,2,1,2,Returning_Visitor,False,False
1,176.67,1,29.92,55,1575.52,0.01,0.06,5.13,0.15,Nov,2,3,1,6,Returning_Visitor,False,False
0,0.0,1,42.04,10,617.86,0.11,0.2,3.11,0.15,Nov,2,2,1,6,Returning_Visitor,False,False
0,0.0,1,17.38,36,1291.93,0.02,0.07,4.22,0.13,Nov,2,2,2,6,Returning_Visitor,False,False
2,155.34,1,40.61,50,1211.07,0.01,0.03,0.0,0.22,Dec,2,2,1,6,Returning_Visitor,False,False
1,158.2,1,23.15,46,794.65,0.01,0.05,2.5,0.13,Nov,2,2,2,2,New_Visitor,False,False
1,149.85,1,30.12,48,1697.67,0.02,0.06,3.87,0.24,Nov,2,2,1,6,Returning_Visitor,False,False
0,140.09,1,0.0,18,1537.58,0.1,0.1,2.93,0.11,Mar,3,2,2,15,Returning_Visitor,True,False
2,82.05,3,50.78,40,312.2,0.03,0.03,1.11,0.14,Mar,2,3,1,1,Returning_Visitor,False,False
2,169.95,1,42.36,63,2214.99,0.03,0.05,11.11,0.22,Nov,2,2,1,1,Returning_Visitor,False,True
2,137.6,1,17.47,48,1538.89,0.02,0.06,2.82,0.15,Nov,2,3,1,6,Returning_Visitor,False,False
0,47.88,1,15.32,22,194.07,0.0,0.08,2.33,0.17,Nov,2,3,1,2,Returning_Visitor,False,False
1,132.96,1,31.92,50,2263.4,0.03,0.07,9.83,0.13,Nov,2,2,1,1,Returning_Visitor,False,False
7,365.05,1,48.25,137,2329.66,0.01,0.07,17.53,0.14,Jul,2,2,2,10,Returning_Visitor,False,False
13,187.46,1,27.27,50,2082.64,0.02,0.06,1.77,0.12,Nov,2,1,1,1,Returning_Visitor,False,False
14,349.46,1,167.76,120,11301.2,0.0,0.02,40.07,0.11,Nov,2,2,1,6,Returning_Visitor,False,True
0,0.0,1,26.35,19,499.11,0.05,0.12,2.18,0.12,May,3,3,1,2,Returning_Visitor,False,False
5,168.76,0,5.07,39,1628.54,0.01,0.05,2.44,0.18,Mar,2,13,1,1,Returning_Visitor,False,True
1,151.03,1,20.39,51,1716.24,0.01,0.06,5.55,0.16,Nov,2,2,1,6,Returning_Visitor,False,False
1,126.84,1,7.56,40,1730.04,0.01,0.06,2.96,0.13,Nov,2,1,3,6,Returning_Visitor,False,False
2,182.83,0,0.0,56,1795.98,0.02,0.04,9.37,0.54,May,2,2,3,6,Returning_Visitor,False,False
4,236.79,2,68.41,53,2864.63,0.01,0.06,14.03,0.0,Nov,4,2,3,1,Returning_Visitor,False,False
1,43.04,1,3.32,41,1614.39,0.0,0.07,1.35,0.15,May,2,1,3,3,Returning_Visitor,False,False
2,78.58,1,6.42,17,210.98,0.02,0.11,0.99,0.13,Mar,1,1,1,2,New_Visitor,False,False
6,225.84,2,80.57,97,2440.47,0.01,0.04,12.57,0.0,Nov,3,2,1,6,Returning_Visitor,False,False
1,0.0,1,8.1,21,628.35,0.03,0.08,0.77,0.15,Nov,2,3,1,2,Returning_Visitor,False,False
2,88.62,1,15.26,41,1339.94,0.03,0.08,2.5,0.12,Nov,2,3,1,6,Returning_Visitor,False,False
3,189.17,1,10.16,16,1812.26,0.01,0.01,0.0,0.16,Aug,1,1,1,6,Returning_Visitor,False,False
1,78.8,1,14.04,20,1671.33,0.02,0.06,2.07,0.16,Nov,2,2,8,6,Returning_Visitor,False,False
1,135.05,1,15.42,44,1656.54,0.02,0.08,3.92,0.13,Nov,2,3,1,6,Returning_Visitor,False,False
1,155.77,1,34.27,38,1561.98,0.06,0.09,4.96,0.11,Mar,2,4,1,1,Returning_Visitor,False,True
3,212.95,2,77.97,65,2639.16,0.03,0.05,10.49,0.15,Jul,2,3,1,1,Returning_Visitor,False,False
1,98.42,1,17.35,37,1327.2,0.03,0.08,1.98,0.19,Nov,2,3,1,6,Returning_Visitor,False,False
2,123.76,2,0.0,37,1574.92,0.02,0.0,5.13,0.0,Nov,3,2,5,6,Returning_Visitor,True,False
1,176.26,1,20.97,41,1641.05,0.01,0.06,5.21,0.2,Nov,2,3,1,1,Returning_Visitor,False,False
2,40.0,1,26.71,60,1306.86,0.01,0.03,2.98,0.32,Nov,2,2,1,6,New_Visitor,False,False
1,124.56,1,17.14,43,1284.4,0.02,0.08,2.88,0.14,Nov,2,3,1,6,Returning_Visitor,False,False
6,245.98,1,83.53,72,880.8,0.01,0.02,12.27,0.08,Mar,2,13,2,6,Returning_Visitor,False,True
0,69.75,0,9.32,2,604.99,0.02,0.09,1.4,0.14,Nov,2,2,1,2,Returning_Visitor,False,False
0,55.31,1,30.48,2,281.63,0.08,0.11,4.24,0.11,Nov,3,2,9,2,Returning_Visitor,False,False
1,121.7,1,30.95,53,1388.25,0.03,0.09,5.67,0.14,Nov,3,3,1,6,Returning_Visitor,False,False
2,144.39,1,12.75,44,1468.39,0.01,0.04,2.58,0.18,May,2,13,1,6,Returning_Visitor,False,False
0,33.34,1,36.98,4,254.9,0.06,0.1,2.61,0.11,Nov,2,3,1,2,Returning_Visitor,False,False
0,0.0,1,53.46,40,1081.04,0.03,0.04,9.42,0.11,Nov,3,2,1,13,Returning_Visitor,False,False
3,210.76,3,109.72,83,2044.82,0.02,0.04,12.33,0.15,Nov,3,3,1,2,Returning_Visitor,False,False
5,279.14,7,98.9,68,1899.03,0.02,0.06,7.88,0.12,Jul,8,3,1,1,Returning_Visitor,False,False
0,172.05,1,30.01,11,1852.62,0.02,0.05,5.13,0.14,Nov,4,1,1,6,Returning_Visitor,True,False
0,19.04,1,14.19,28,1138.24,0.04,0.1,1.77,0.12,Mar,2,3,2,3,Returning_Visitor,False,False
0,0.0,1,31.16,12,305.52,0.06,0.12,4.72,0.0,Nov,2,3,9,2,New_Visitor,False,False
1,120.04,1,17.32,51,1631.51,0.02,0.09,4.61,0.12,Nov,2,3,1,6,Returning_Visitor,False,False
2,5.0,1,36.82,50,1547.04,0.01,0.03,5.89,0.17,Nov,2,2,1,2,Returning_Visitor,False,False
0,83.99,0,3.65,47,1561.63,0.0,0.07,6.39,0.14,Nov,2,2,3,2,Returning_Visitor,False,False
1,124.45,1,25.98,44,1622.71,0.06,0.1,4.21,0.12,Nov,2,1,1,1,Returning_Visitor,False,False
0,21.97,1,32.17,15,428.24,0.02,0.1,3.46,0.15,Feb,2,3,1,2,Returning_Visitor,False,False
1,158.3,1,6.65,35,1294.85,0.0,0.03,5.06,0.13,Nov,2,2,5,2,New_Visitor,False,True
2,175.23,1,34.09,62,1226.44,0.0,0.03,4.52,0.14,Nov,2,2,1,2,Returning_Visitor,False,False
0,27.16,1,3.79,36,1664.21,0.02,0.08,3.38,0.2,Nov,2,2,3,2,Returning_Visitor,False,False
2,174.09,1,23.22,44,1511.0,0.02,0.06,0.0,0.14,Nov,2,3,1,6,Returning_Visitor,False,False
2,170.71,1,42.59,66,1724.63,0.02,0.07,6.84,0.14,Nov,2,1,1,6,Returning_Visitor,False,False
2,123.95,1,8.23,24,157.9,0.03,0.03,1.27,0.13,Dec,2,13,1,2,Other,False,False
4,150.81,1,17.5,62,1955.47,0.02,0.05,1.03,0.1,Mar,1,1,8,1,Returning_Visitor,False,False
2,172.54,1,60.49,52,2115.4,0.03,0.06,9.46,0.12,Nov,3,3,1,6,Returning_Visitor,False,False
1,59.05,1,14.77,29,70.0,0.05,0.11,2.57,0.12,Nov,2,3,1,6,Returning_Visitor,False,False
3,126.02,1,15.71,55,1425.56,0.01,0.03,6.68,0.19,May,2,2,1,6,Returning_Visitor,False,False
2,208.9,1,19.27,44,409.3,0.01,0.05,2.74,0.1,Nov,1,1,4,1,Returning_Visitor,False,False
2,129.71,1,20.9,44,1710.96,0.01,0.06,2.87,0.0,Nov,2,1,1,6,Returning_Visitor,False,False
0,70.61,1,33.59,31,838.35,0.02,0.05,1.67,0.11,Nov,2,2,1,2,Returning_Visitor,False,False
7,185.21,2,99.52,83,2209.59,0.0,0.0,13.19,0.14,Nov,2,2,1,6,Returning_Visitor,False,False
0,75.93,1,9.56,5,908.0,0.02,0.09,1.63,0.15,Nov,2,3,1,2,Returning_Visitor,False,False
2,7.0,0,9.01,39,1657.03,0.02,0.03,2.63,0.24,Mar,2,13,1,1,Returning_Visitor,False,False
2,110.23,1,24.72,55,353.15,0.0,0.02,3.08,0.16,May,2,2,1,2,New_Visitor,False,False
1,200.86,1,23.99,60,1836.0,0.01,0.04,8.39,0.18,Nov,2,2,8,11,Returning_Visitor,False,False
0,39.53,0,11.26,27,1258.91,0.0,0.1,3.49,0.09,May,8,1,9,2,Returning_Visitor,False,False
1,145.66,1,34.04,22,1896.19,0.01,0.04,10.82,0.17,May,2,2,8,6,Returning_Visitor,False,False
2,139.59,1,5.89,32,1223.05,0.02,0.04,0.0,0.16,Nov,1,1,1,1,Returning_Visitor,False,False
2,182.55,1,19.15,51,97.5,0.0,0.09,8.12,0.0,Mar,2,13,1,6,Returning_Visitor,False,True
6,296.77,1,175.34,72,2122.37,0.0,0.02,13.28,0.09,Nov,3,1,1,6,Returning_Visitor,True,False
0,0.0,1,22.67,42,1666.61,0.02,0.06,2.05,0.25,Nov,2,2,8,6,Returning_Visitor,False,True
2,153.33,1,24.52,48,413.8,0.01,0.04,4.21,0.17,Nov,2,2,1,6,Returning_Visitor,False,False
1,30.63,0,25.07,32,19.6,0.11,0.13,2.43,0.09,Mar,3,1,1,1,Returning_Visitor,False,False
2,116.35,1,51.81,46,461.05,0.02,0.03,13.34,0.21,Mar,2,13,1,2,Returning_Visitor,False,False
3,136.78,1,4.94,32,1492.13,0.02,0.05,0.41,0.11,Mar,1,2,1,1,New_Visitor,False,False
1,146.2,1,19.61,57,1608.85,0.02,0.07,4.65,0.16,Nov,2,3,1,6,Returning_Visitor,False,False
4,129.75,1,32.19,42,2360.21,0.03,0.01,3.62,0.18,Mar,3,2,7,10,Returning_Visitor,False,True
0,0.0,1,0.0,20,1712.38,0.01,0.05,4.46,0.13,Nov,2,2,3,2,Returning_Visitor,False,True
1,123.78,1,19.73,43,1335.28,0.03,0.08,3.43,0.14,Nov,2,3,1,6,Returning_Visitor,False,False
2,180.85,1,45.52,67,1732.61,0.0,0.03,9.23,0.16,Nov,2,2,1,6,Returning_Visitor,False,False
3,188.32,2,78.14,39,1684.26,0.01,0.04,7.01,0.16,Nov,3,2,1,4,Returning_Visitor,False,False
1,153.82,1,22.25,49,1287.96,0.01,0.06,3.11,0.13,Nov,2,1,1,6,Returning_Visitor,False,False
1,118.57,1,36.21,21,756.62,0.03,0.03,0.0,0.14,Dec,2,2,1,2,New_Visitor,False,False
2,199.89,1,32.56,60,1825.24,0.02,0.06,7.5,0.15,Nov,2,3,1,1,Returning_Visitor,False,False
1,144.21,1,9.36,26,1079.01,0.0,0.04,1.54,0.18,Nov,2,2,8,2,New_Visitor,False,True
1,134.54,1,37.63,56,1525.29,0.02,0.06,6.16,0.17,Dec,2,2,1,6,Returning_Visitor,False,False
2,239.63,1,14.8,35,1886.49,0.01,0.02,12.44,0.13,Sep,4,1,3,1,Returning_Visitor,True,False
2,169.28,0,12.34,33,1213.76,0.02,0.05,3.6,0.18,Mar,2,13,1,6,Returning_Visitor,False,False
0,11.97,0,49.81,23,126.67,0.12,0.14,1.76,0.4,Nov,1,1,2,3,Returning_Visitor,False,False
0,52.26,0,10.79,39,2005.51,0.02,0.07,6.47,0.17,Nov,2,2,3,1,Returning_Visitor,False,False
2,80.28,1,19.69,67,2037.74,0.02,0.02,4.06,0.11,Nov,2,1,2,1,Returning_Visitor,False,False
10,27.51,1,15.12,56,792.59,0.02,0.0,5.92,0.14,Mar,4,6,2,3,Returning_Visitor,False,False
2,207.94,1,25.75,67,1791.44,0.0,0.05,8.78,0.15,Nov,2,3,8,6,Returning_Visitor,False,False
1,146.63,1,29.88,61,1656.32,0.01,0.02,3.25,0.19,Nov,2,2,7,6,Returning_Visitor,True,False
1,118.12,1,22.17,43,1521.37,0.02,0.08,3.64,0.13,Nov,2,3,1,6,Returning_Visitor,False,False
1,179.85,1,44.62,80,2464.9,0.01,0.05,10.38,0.39,Nov,2,2,2,6,Returning_Visitor,False,False
4,165.88,1,0.0,25,1506.94,0.02,0.04,0.0,0.22,Nov,2,3,1,6,Returning_Visitor,False,True
0,64.35,1,21.81,28,978.89,0.04,0.09,3.19,0.11,Nov,2,3,1,6,Returning_Visitor,False,False
0,29.17,1,0.95,15,76.75,0.01,0.12,0.5,0.0,Nov,1,1,1,2,New_Visitor,False,True
4,235.54,2,70.68,65,2043.7,0.01,0.03,3.19,0.11,Nov,1,1,1,6,Returning_Visitor,False,False
3,191.91,1,53.91,51,2522.58,0.01,0.06,12.17,0.11,Nov,2,3,1,6,Returning_Visitor,False,False
2,178.25,1,36.74,61,1802.81,0.01,0.05,6.71,0.15,Nov,2,2,1,6,Returning_Visitor,False,False
1,171.07,1,18.07,64,1842.15,0.02,0.05,7.05,0.0,Nov,2,2,8,6,Returning_Visitor,False,False
1,190.19,1,16.46,40,1299.18,0.02,0.04,5.25,0.19,Nov,2,2,2,6,New_Visitor,False,False
1,165.51,1,26.15,49,1548.53,0.02,0.06,4.71,0.15,Nov,2,2,1,6,Returning_Visitor,False,False
0,67.74,1,27.24,33,1396.13,0.02,0.05,3.14,0.16,May,2,2,1,2,Returning_Visitor,False,True
2,86.03,2,36.43,47,1875.03,0.03,0.03,0.84,0.2,Mar,2,2,7,1,Returning_Visitor,False,False
0,0.0,1,4.92,13,253.33,0.05,0.11,0.0,0.07,Nov,1,1,3,3,Returning_Visitor,True,False
2,168.05,2,73.89,22,1656.81,0.02,0.05,5.86,0.23,Nov,2,2,3,6,Returning_Visitor,False,False
6,417.29,9,77.22,107,3658.08,0.02,0.06,24.06,0.09,Nov,1,1,1,1,Returning_Visitor,False,True
1,145.64,1,38.06,50,1535.49,0.03,0.07,4.42,0.15,Nov,2,3,1,6,Returning_Visitor,False,True
1,40.81,1,31.43,45,1325.96,0.01,0.02,2.54,0.19,May,3,2,1,6,Returning_Visitor,False,False
1,83.92,1,0.0,36,1521.54,0.0,0.05,0.98,0.1,Nov,1,1,1,3,Returning_Visitor,False,False
1,112.32,1,21.32,46,1459.84,0.03,0.09,5.81,0.15,Nov,2,2,1,6,Returning_Visitor,False,True
4,114.56,0,58.9,49,2576.73,0.02,0.03,5.62,0.13,Mar,3,2,1,2,Returning_Visitor,False,False
0,37.06,0,30.75,18,0.0,0.11,0.13,3.28,0.1,Mar,3,1,1,1,Returning_Visitor,False,False
1,169.5,1,19.03,48,1414.59,0.01,0.05,3.88,0.14,Nov,2,2,1,2,Returning_Visitor,False,False
3,128.07,2,62.11,42,480.25,0.03,0.03,5.09,0.27,Mar,2,3,1,1,Returning_Visitor,False,False
2,181.06,1,31.37,55,1845.4,0.01,0.05,6.13,0.14,Nov,2,3,1,6,Returning_Visitor,False,True
2,184.34,1,63.25,77,2180.83,0.02,0.05,13.99,0.21,Nov,2,2,1,6,Returning_Visitor,False,True
1,0.0,1,3.72,32,998.13,0.02,0.05,1.07,0.18,Nov,2,1,8,1,Returning_Visitor,False,False
1,125.64,1,34.96,42,1593.85,0.02,0.06,4.51,0.15,Dec,2,2,1,6,Returning_Visitor,False,False
1,152.58,1,20.86,56,1421.85,0.02,0.07,4.2,0.15,Nov,2,2,1,6,Returning_Visitor,False,False
1,114.0,1,97.83,53,2260.86,0.1,0.1,14.98,0.24,Nov,3,2,1,1,Returning_Visitor,False,False
3,15.2,1,78.82,39,1706.12,0.01,0.03,5.25,0.14,Nov,2,13,1,6,Returning_Visitor,False,False
2,82.37,1,14.23,31,959.69,0.1,0.08,2.32,0.15,Nov,1,1,1,6,Returning_Visitor,False,False
1,94.08,1,0.0,43,1728.54,0.02,0.08,3.53,0.12,Nov,2,2,2,6,Returning_Visitor,False,False
8,196.17,2,273.5,51,2558.72,0.02,0.03,21.73,0.11,Nov,3,1,2,13,Returning_Visitor,False,False
1,121.95,1,29.21,45,1386.54,0.02,0.06,3.49,0.16,Nov,2,2,1,6,Returning_Visitor,False,False
1,156.56,1,18.55,52,1698.14,0.02,0.07,4.65,0.16,Nov,2,3,2,6,Returning_Visitor,False,False
4,217.4,1,89.0,68,1883.53,0.01,0.02,5.74,0.0,Nov,2,2,1,6,Returning_Visitor,True,False
0,43.76,1,26.84,23,621.74,0.2,0.2,5.03,0.1,Nov,3,3,4,3,Returning_Visitor,False,False
3,148.67,0,73.04,73,1787.68,0.02,0.04,6.46,0.21,Dec,2,2,1,6,Returning_Visitor,False,False
2,159.06,1,30.4,51,1715.64,0.02,0.07,3.97,0.14,Nov,2,3,1,6,Returning_Visitor,False,False
1,147.72,1,25.59,45,1576.68,0.02,0.06,0.0,0.14,Nov,2,2,1,6,Returning_Visitor,False,False
1,172.63,1,27.71,48,1703.28,0.02,0.01,6.39,0.16,Mar,2,13,2,1,Returning_Visitor,False,False
0,42.55,1,14.16,18,31.0,0.05,0.1,1.64,0.11,Nov,2,3,1,6,Returning_Visitor,True,False
3,126.37,1,29.71,48,3511.83,0.02,0.05,0.0,0.17,Nov,3,2,1,6,Returning_Visitor,False,False
1,111.16,0,11.86,47,1556.34,0.01,0.03,2.6,0.18,Nov,2,2,6,6,Returning_Visitor,False,False
2,23.2,1,11.87,41,857.13,0.02,0.04,2.44,0.21,Dec,2,2,1,6,New_Visitor,False,True
2,156.14,1,41.29,43,497.25,0.02,0.05,9.19,0.13,Mar,2,1,1,1,Returning_Visitor,False,False
1,168.19,1,22.07,48,1909.08,0.02,0.06,7.74,0.16,Nov,2,2,1,6,Returning_Visitor,False,False
1,114.88,0,15.67,48,1390.27,0.02,0.06,2.63,0.14,Nov,2,3,1,6,Returning_Visitor,False,False
2,27.25,0,19.08,47,1035.06,0.01,0.03,2.54,0.18,Nov,2,2,1,6,Returning_Visitor,False,True
1,142.0,1,27.21,50,1473.19,0.02,0.06,3.72,0.15,Nov,2,3,1,6,Returning_Visitor,False,False
3,22.5,0,35.96,75,1755.67,0.0,0.02,2.34,0.12,Mar,3,2,1,6,Returning_Visitor,True,True
2,156.88,1,37.02,56,1851.53,0.02,0.05,4.84,0.0,Nov,2,2,1,6,Returning_Visitor,False,False
5,239.93,1,102.45,65,1929.19,0.01,0.02,34.28,0.13,May,2,2,2,6,Returning_Visitor,False,False
1,54.62,1,19.85,28,821.15,0.04,0.13,4.35,0.11,Nov,3,1,1,3,Returning_Visitor,False,False
1,152.15,1,32.85,62,1526.32,0.02,0.04,5.32,0.15,Nov,3,2,1,13,Returning_Visitor,False,False
1,71.92,1,88.91,31,919.51,0.03,0.03,5.71,0.08,May,3,3,1,2,Returning_Visitor,False,True
0,135.45,1,143.52,31,2439.13,0.02,0.07,11.73,1.0,May,2,2,3,6,Returning_Visitor,False,False
1,245.55,2,57.55,45,2471.11,0.02,0.08,13.06,0.34,Nov,3,10,3,4,Returning_Visitor,False,False
1,60.96,1,55.19,14,466.16,0.04,0.07,2.43,0.25,May,3,2,1,6,Returning_Visitor,False,False
2,95.75,1,63.34,100,1870.68,0.01,0.02,27.08,0.24,May,2,2,8,4,Returning_Visitor,False,True
0,142.69,1,85.4,44,1986.93,0.0,0.05,10.34,0.15,Nov,3,3,1,2,Returning_Visitor,False,True
3,184.41,1,20.25,58,1529.22,0.01,0.05,8.24,0.21,Nov,2,4,1,7,Returning_Visitor,False,False
9,227.47,1,500.0,89,3135.32,0.01,0.03,13.01,0.23,Nov,4,2,1,10,Returning_Visitor,False,False
5,203.07,3,59.5,113,1105.5,0.01,0.02,14.46,0.12,Nov,2,2,2,2,Returning_Visitor,False,False
3,235.69,2,87.15,74,1925.43,0.01,0.04,9.42,0.15,Nov,2,2,1,1,Returning_Visitor,False,False
2,164.15,1,64.17,50,1442.68,0.01,0.03,4.03,0.18,Nov,2,2,1,2,Returning_Visitor,False,False
3,198.23,1,48.6,53,1948.7,0.01,0.04,6.94,0.14,Nov,8,1,7,6,Returning_Visitor,False,False
2,215.46,2,85.03,60,1022.33,0.03,0.09,10.22,0.12,Nov,2,13,1,6,New_Visitor,False,False
22,256.18,1,123.94,72,6241.69,0.01,0.03,20.45,0.12,Nov,2,2,1,6,Returning_Visitor,False,True
3,191.46,1,11.95,54,2148.32,0.0,0.04,20.1,0.12,May,2,13,1,2,New_Visitor,False,True
0,123.24,1,55.17,15,127.6,0.04,0.1,4.3,0.13,Nov,2,3,1,2,New_Visitor,False,False
2,172.53,0,35.75,50,1525.54,0.02,0.07,4.66,0.13,Nov,8,1,1,6,Returning_Visitor,False,True
2,172.07,1,58.62,66,1966.51,0.02,0.04,11.0,0.15,Nov,2,2,1,6,Returning_Visitor,False,False
1,191.46,1,37.42,37,2050.86,0.02,0.05,5.87,0.22,Nov,2,3,1,1,Returning_Visitor,False,False
1,146.35,1,40.35,40,2335.12,0.1,0.1,8.02,0.13,Mar,3,3,1,1,Returning_Visitor,False,False
2,135.1,1,26.54,54,1696.89,0.02,0.06,2.04,0.43,May,1,1,4,6,Returning_Visitor,False,False
7,1115.5,1,136.7,69,3188.32,0.01,0.04,6.48,0.12,Nov,1,1,1,1,Returning_Visitor,True,False
1,65.47,1,3.84,22,902.66,0.01,0.08,0.0,0.12,Nov,2,3,1,2,Returning_Visitor,False,False
1,157.85,1,17.93,52,1722.2,0.0,0.05,4.48,0.17,Nov,2,2,2,6,Returning_Visitor,False,False
2,190.58,1,42.09,64,1810.71,0.02,0.06,5.9,0.14,Nov,2,3,1,6,Returning_Visitor,False,False
1,140.12,1,52.68,64,1586.56,0.02,0.04,5.18,1.0,May,2,2,1,6,Returning_Visitor,True,False
1,166.46,2,74.49,74,1925.98,0.01,0.03,6.78,0.24,Nov,2,2,1,6,Returning_Visitor,False,False
4,237.41,1,46.77,57,1711.2,0.01,0.03,5.32,0.13,Oct,2,13,1,8,New_Visitor,False,False
1,103.01,1,0.0,25,1028.02,0.05,0.08,4.61,0.12,Nov,2,3,1,2,Returning_Visitor,False,False
2,147.9,0,46.09,53,1092.64,0.01,0.04,12.09,0.22,Dec,2,2,1,20,Returning_Visitor,False,True
0,100.45,1,40.43,7,1347.5,0.05,0.08,5.73,0.15,Mar,2,3,2,1,Returning_Visitor,False,False
2,132.98,2,25.72,34,1107.73,0.03,0.06,2.76,0.16,Mar,2,13,1,1,Returning_Visitor,False,False
3,125.47,1,0.0,37,1835.67,0.02,0.05,1.11,0.2,Aug,1,1,7,6,Returning_Visitor,False,False
3,154.17,2,90.7,76,2095.68,0.01,0.03,12.87,0.15,Nov,2,2,1,6,Returning_Visitor,False,False
3,158.34,1,16.81,44,1511.63,0.01,0.04,5.31,0.18,Nov,2,13,1,6,Returning_Visitor,False,False
3,31.7,3,83.62,105,1294.92,0.0,0.03,6.84,0.16,Sep,2,2,1,4,Returning_Visitor,False,False
1,156.66,1,26.23,31,1833.97,0.01,0.05,5.87,0.14,Nov,2,1,1,1,Returning_Visitor,False,False
4,123.14,1,21.07,42,1932.13,0.01,0.06,2.19,0.0,Nov,1,1,1,3,Returning_Visitor,False,False
1,255.37,2,42.73,27,1830.58,0.01,0.05,9.43,0.27,Jul,2,2,3,6,New_Visitor,False,False
1,12.94,1,16.74,4,159.2,0.09,0.11,1.89,0.1,Nov,3,1,1,3,Returning_Visitor,False,False
1,62.17,1,35.53,23,344.32,0.03,0.08,1.96,0.0,Nov,3,3,1,6,Returning_Visitor,False,False
3,170.3,1,24.11,60,1939.56,0.01,0.05,7.23,0.16,Nov,2,3,1,6,Returning_Visitor,False,False
3,189.34,1,18.63,43,1859.1,0.02,0.06,4.22,0.18,Nov,2,3,1,1,Returning_Visitor,False,False
1,184.53,1,32.63,61,1677.41,0.02,0.06,8.51,0.13,Nov,2,2,1,6,Returning_Visitor,False,False
1,112.98,1,9.52,32,1207.04,0.02,0.09,1.57,0.1,Nov,8,1,1,6,Returning_Visitor,False,False
1,99.32,1,12.45,35,1186.68,0.02,0.06,2.46,0.0,Mar,2,3,1,6,Returning_Visitor,False,False
1,162.99,1,38.39,62,1715.96,0.02,0.07,5.61,0.17,Nov,2,1,4,6,Returning_Visitor,False,False
2,167.55,1,34.64,55,1719.73,0.02,0.06,7.97,0.13,Nov,2,3,1,6,Returning_Visitor,False,False
1,142.54,1,36.34,53,1891.74,0.02,0.07,9.23,0.14,Nov,2,3,1,6,Returning_Visitor,False,False
2,126.73,1,32.98,58,1831.03,0.03,0.08,7.06,0.12,Nov,2,1,1,1,Returning_Visitor,False,False
2,154.62,1,29.18,56,1768.95,0.02,0.07,5.11,0.14,Nov,2,3,2,6,Returning_Visitor,False,False
2,259.35,1,45.85,55,1481.77,0.01,0.05,6.77,0.24,Nov,2,2,2,6,Returning_Visitor,False,False
2,178.01,1,42.61,61,1732.38,0.01,0.05,8.0,0.14,Nov,2,3,1,6,Returning_Visitor,False,False
0,66.03,1,29.49,35,1663.46,0.05,0.09,3.54,0.2,Nov,2,1,2,6,Returning_Visitor,False,False
2,149.88,1,0.0,59,1931.23,0.03,0.05,4.95,0.18,Nov,2,3,1,6,Returning_Visitor,False,False
8,115.28,2,61.76,66,1888.39,0.02,0.04,8.55,0.0,Nov,2,2,3,6,Returning_Visitor,False,False
3,138.84,1,77.12,46,1525.67,0.01,0.02,23.12,0.2,May,2,2,8,6,Returning_Visitor,False,True
3,260.87,1,57.16,50,1604.19,0.01,0.04,12.8,0.14,May,2,1,6,6,Returning_Visitor,False,True
0,66.74,0,13.21,47,2080.64,0.0,0.02,6.75,0.19,Nov,2,2,3,1,Returning_Visitor,False,False
0,0.0,1,0.0,33,1756.49,0.0,0.03,8.03,0.14,Nov,2,2,1,2,Returning_Visitor,False,True
0,0.0,1,20.34,24,1281.78,0.04,0.08,1.58,0.16,Nov,2,2,7,1,Returning_Visitor,False,False
3,298.76,1,70.22,46,2240.88,0.02,0.03,8.26,0.12,Nov,2,5,2,1,Returning_Visitor,False,False
0,183.56,1,10.9,36,1744.26,0.02,0.04,4.82,0.18,Nov,2,2,2,6,Returning_Visitor,False,False
1,125.36,1,27.2,43,1691.33,0.03,0.06,4.37,0.15,Nov,2,3,1,1,Returning_Visitor,False,False
0,22.71,0,15.15,21,1243.92,0.01,0.07,3.42,0.11,Nov,2,2,2,2,Returning_Visitor,False,False
2,176.79,1,48.74,58,1415.1,0.01,0.04,5.07,0.18,Nov,2,2,1,2,Returning_Visitor,False,True
3,85.54,1,1.88,30,1420.55,0.02,0.06,0.51,0.15,May,1,1,4,3,Returning_Visitor,False,False
2,164.65,2,9.99,45,2408.59,0.03,0.06,3.54,0.23,Mar,2,4,1,1,Returning_Visitor,False,True
3,214.52,1,46.26,94,2041.91,0.01,0.04,19.84,0.19,Nov,2,2,8,4,Returning_Visitor,False,False
1,169.08,0,8.66,46,2207.55,0.01,0.02,5.84,0.15,Mar,4,3,2,3,Returning_Visitor,False,False
3,96.6,2,66.56,336,956.31,0.0,0.02,3.22,0.15,Nov,3,2,1,2,New_Visitor,False,True
2,140.42,1,19.24,44,1548.07,0.01,0.03,2.98,0.14,Nov,2,3,1,6,Returning_Visitor,False,False
3,44.92,1,0.0,34,1250.05,0.02,0.07,0.97,0.1,Nov,1,1,1,3,Returning_Visitor,False,False
4,237.61,2,118.46,65,1832.37,0.02,0.04,7.7,0.12,Nov,2,2,1,1,Returning_Visitor,False,False
1,45.79,1,11.04,27,922.58,0.04,0.11,1.76,0.0,Nov,8,1,1,3,Returning_Visitor,False,False
3,152.8,1,40.45,57,2922.21,0.01,0.01,12.47,0.16,Nov,4,1,1,1,Returning_Visitor,False,True
6,252.72,1,110.52,78,2512.67,0.02,0.02,82.02,0.0,Mar,3,13,2,6,Returning_Visitor,False,True
1,156.09,1,30.36,50,1939.29,0.02,0.07,8.1,0.16,Nov,2,2,1,6,Returning_Visitor,False,False
1,115.52,1,0.0,27,854.61,0.02,0.07,3.88,0.16,May,2,2,1,2,New_Visitor,False,True
0,80.58,1,31.42,47,2274.97,0.01,0.04,10.28,0.16,May,2,2,1,2,Returning_Visitor,False,False
1,0.0,1,0.0,29,257.96,0.04,0.07,1.34,0.12,Nov,1,1,1,3,Returning_Visitor,False,False
6,74.97,2,46.52,92,3633.95,0.02,0.02,8.81,0.18,Nov,2,3,2,6,Returning_Visitor,False,False
0,8.63,1,8.03,29,944.85,0.03,0.12,1.72,0.1,Nov,1,1,4,3,Returning_Visitor,False,False
0,0.0,1,22.0,13,335.87,0.2,0.13,2.91,0.11,Nov,2,3,1,6,Returning_Visitor,False,False
4,123.09,1,20.67,50,1194.44,0.01,0.03,3.67,0.23,May,2,2,1,6,Returning_Visitor,False,False
3,271.22,1,80.8,114,1744.76,0.01,0.05,14.71,0.37,Nov,4,2,1,6,Returning_Visitor,False,False
0,0.0,0,3.9,19,608.44,0.02,0.09,1.63,0.12,Mar,2,2,7,2,Returning_Visitor,False,False
14,603.9,1,152.11,46,1928.15,0.01,0.03,6.98,0.07,Nov,8,1,6,6,Returning_Visitor,True,False
1,196.27,1,63.13,36,1115.34,0.07,0.11,10.85,0.0,Mar,3,13,1,6,Returning_Visitor,False,False
1,129.88,0,24.35,51,1515.22,0.02,0.07,4.81,0.14,Nov,2,2,1,6,Returning_Visitor,False,False
2,167.05,0,23.67,49,1612.11,0.02,0.06,4.27,0.14,Nov,2,3,1,6,Returning_Visitor,False,False
2,0.0,1,77.07,62,3075.65,0.02,0.05,20.64,0.14,Nov,2,2,2,1,Returning_Visitor,False,True
4,14.0,2,49.88,43,0.0,0.06,0.06,1.67,0.1,Nov,3,1,1,6,Returning_Visitor,True,False
1,167.86,1,32.97,56,1735.97,0.02,0.06,5.37,0.16,Nov,2,2,1,6,Returning_Visitor,False,False
0,78.76,1,26.5,41,1692.7,0.02,0.08,7.38,0.13,Nov,2,2,2,6,Returning_Visitor,False,True
1,219.69,1,31.8,60,1547.49,0.01,0.06,4.3,0.11,Nov,2,1,1,1,Returning_Visitor,False,False
2,157.05,1,32.2,56,1715.32,0.02,0.07,6.33,0.14,Nov,2,3,1,6,Returning_Visitor,False,False
3,193.22,1,18.02,61,1934.87,0.0,0.04,9.67,0.15,Nov,2,13,1,6,Returning_Visitor,False,True
1,193.53,1,21.94,50,1852.43,0.02,0.05,6.35,0.15,Nov,2,3,1,6,Returning_Visitor,False,True
1,158.89,1,15.65,46,1732.27,0.01,0.06,4.34,0.0,Nov,2,3,1,6,Returning_Visitor,False,False
3,262.14,1,65.71,117,1751.08,0.01,0.06,13.31,0.31,Nov,2,2,1,6,Returning_Visitor,False,False
6,293.16,0,0.0,7,1075.02,0.0,0.05,0.0,0.05,Mar,1,1,1,8,New_Visitor,False,False
2,123.64,1,0.0,54,330.17,0.01,0.02,0.0,0.0,Nov,3,2,1,2,Returning_Visitor,True,False
2,203.94,1,65.54,64,2961.95,0.01,0.03,14.88,0.15,Nov,2,13,2,1,Returning_Visitor,False,False
0,0.0,0,6.18,22,1207.79,0.02,0.08,0.69,0.13,May,2,2,7,2,Returning_Visitor,False,False
0,99.94,1,14.91,36,1390.99,0.02,0.04,2.23,0.18,Nov,2,2,2,6,Returning_Visitor,False,False
0,72.36,0,25.73,39,2094.76,0.02,0.07,7.71,0.11,Nov,2,2,2,1,Returning_Visitor,False,False
0,45.6,1,21.18,16,0.0,0.1,0.12,3.76,0.12,Nov,3,2,1,6,Returning_Visitor,False,False
2,183.87,1,7.86,11,1904.61,0.02,0.04,2.49,0.0,Nov,2,3,1,1,Returning_Visitor,False,False
3,162.43,1,11.17,47,1569.37,0.01,0.05,5.97,0.19,Nov,2,2,3,6,Returning_Visitor,False,False
1,148.45,2,81.72,33,885.0,0.04,0.04,5.7,0.14,Nov,3,2,1,1,Returning_Visitor,True,True
1,138.32,1,38.1,34,1316.12,0.02,0.05,3.68,0.15,Dec,2,3,1,2,Returning_Visitor,False,False
0,0.0,0,0.0,34,1690.1,0.04,0.06,5.69,0.17,Nov,2,2,3,1,Returning_Visitor,False,False
0,48.07,1,6.87,4,1751.98,0.01,0.05,2.15,0.18,Nov,4,2,7,1,Returning_Visitor,False,False
1,144.0,1,25.7,51,1663.67,0.02,0.06,5.58,0.16,Nov,2,2,1,6,Returning_Visitor,False,True
5,146.48,1,3.31,41,1657.09,0.02,0.04,5.05,0.16,Oct,2,4,1,10,Returning_Visitor,False,False
2,169.95,0,15.29,39,1529.59,0.02,0.05,3.99,0.17,Mar,2,13,1,6,Returning_Visitor,False,False
1,166.48,1,28.93,53,1715.06,0.01,0.05,7.15,0.16,Nov,2,3,1,6,Returning_Visitor,False,False
1,0.0,0,2.43,22,627.91,0.0,0.07,1.08,0.13,May,2,3,1,2,Returning_Visitor,False,False
2,107.65,1,28.7,44,1525.36,0.01,0.03,0.0,0.19,Mar,2,13,1,6,Returning_Visitor,False,False
0,12.85,0,3.67,26,890.91,0.02,0.11,2.33,0.11,Mar,2,2,3,3,Returning_Visitor,False,False
6,338.74,1,109.1,120,3017.3,0.01,0.02,27.44,0.09,Nov,2,5,1,6,Returning_Visitor,False,False
1,122.01,1,10.63,47,1779.31,0.01,0.06,2.11,0.16,Nov,2,1,4,6,Returning_Visitor,False,False
1,172.11,1,43.25,49,1649.63,0.02,0.09,4.67,0.15,Nov,2,1,4,6,Returning_Visitor,False,True
2,120.0,1,15.43,46,1670.97,0.01,0.03,2.87,0.15,Nov,2,2,7,6,Returning_Visitor,False,False
0,36.22,0,0.0,37,2211.67,0.02,0.06,6.29,0.15,Nov,2,2,4,6,Returning_Visitor,False,True
2,102.3,1,0.0,29,1390.57,0.02,0.04,2.87,0.18,Nov,2,13,1,1,Returning_Visitor,False,False
1,103.16,1,14.71,36,1435.0,0.02,0.07,0.0,0.13,Nov,2,2,2,6,Returning_Visitor,False,False
1,87.4,1,86.96,41,2346.06,0.01,0.03,18.39,0.18,May,3,2,1,2,Returning_Visitor,False,False
2,163.32,1,42.33,54,1781.62,0.02,0.06,5.14,0.14,Nov,2,1,1,1,Returning_Visitor,False,False
2,174.24,1,61.45,77,1819.96,0.01,0.04,11.57,0.41,Nov,2,2,1,6,Returning_Visitor,False,False
2,190.9,2,50.1,10,1287.35,0.01,0.04,3.84,0.17,Nov,2,2,1,6,Returning_Visitor,False,False
1,144.8,1,15.66,47,1803.2,0.02,0.06,6.43,0.17,Nov,2,2,3,6,Returning_Visitor,False,False
3,215.07,1,14.0,55,1439.16,0.01,0.06,4.92,0.0,Aug,2,1,3,6,Returning_Visitor,False,False
2,76.33,2,53.7,67,1690.05,0.03,0.04,6.68,0.47,Dec,2,2,1,6,Returning_Visitor,False,False
3,216.84,1,37.78,62,2661.82,0.01,0.03,4.45,0.16,Mar,4,2,3,6,Returning_Visitor,True,False
1,94.98,1,0.0,20,322.23,0.02,0.07,1.45,0.13,Nov,2,3,1,2,Returning_Visitor,False,False
1,162.14,1,56.65,64,1705.14,0.02,0.06,6.65,0.2,Nov,3,2,1,6,Returning_Visitor,False,False
4,201.33,2,103.03,68,2199.7,0.03,0.07,14.51,0.14,Nov,2,3,1,6,Returning_Visitor,False,True
2,66.16,1,34.43,36,1289.74,0.03,0.05,1.52,0.11,Nov,3,3,1,1,Returning_Visitor,False,False
3,70.4,0,52.89,80,2113.04,0.01,0.01,13.06,0.15,May,2,13,1,1,Returning_Visitor,False,False
1,123.98,1,28.67,51,1664.42,0.02,0.06,4.3,0.15,Nov,2,3,1,6,Returning_Visitor,False,False
3,206.25,1,93.2,60,4404.5,0.01,0.01,28.4,0.16,Nov,2,2,1,6,Returning_Visitor,False,True
1,149.17,1,35.67,49,1759.14,0.02,0.06,4.21,0.13,Nov,2,2,1,6,Returning_Visitor,False,False
0,35.59,1,5.91,22,212.5,0.04,0.08,1.83,0.1,Nov,2,1,3,2,Returning_Visitor,False,False
7,664.51,3,57.0,63,1621.15,0.01,0.05,3.01,0.07,Nov,1,1,1,1,Returning_Visitor,False,False
1,142.71,1,26.71,51,1704.91,0.02,0.06,5.46,0.15,Nov,2,2,1,6,Returning_Visitor,False,False
1,140.79,1,17.13,52,1314.29,0.02,0.06,3.9,0.0,Nov,2,2,1,6,Returning_Visitor,False,False
3,168.44,2,47.99,50,1555.03,0.02,0.03,5.14,0.19,Nov,2,2,1,6,Returning_Visitor,False,False
5,195.27,1,90.71,87,3196.4,0.01,0.03,19.53,0.16,Nov,2,2,2,1,Returning_Visitor,False,True
0,56.93,1,32.82,38,2075.08,0.08,0.11,4.66,0.12,Mar,2,3,1,1,Returning_Visitor,False,False
4,256.28,1,90.12,49,1161.9,0.01,0.05,8.13,0.0,Nov,8,1,1,2,Returning_Visitor,False,False
2,164.03,1,22.08,49,1617.32,0.02,0.06,4.48,0.16,Nov,2,3,1,6,Returning_Visitor,False,False
2,155.87,1,8.87,61,2201.73,0.0,0.02,11.53,0.15,Oct,2,4,1,6,Returning_Visitor,False,True
1,149.13,1,18.89,83,1463.23,0.02,0.03,4.69,0.12,Nov,2,1,1,6,Returning_Visitor,True,True
1,144.46,2,107.13,45,2104.65,0.02,0.03,10.57,0.13,Nov,3,2,1,6,Returning_Visitor,False,False
2,178.08,1,24.72,47,1297.78,0.02,0.05,2.29,0.15,Nov,2,3,1,6,Returning_Visitor,False,False
8,137.85,2,119.18,76,1689.23,0.01,0.0,1.29,0.0,Nov,8,1,7,2,Returning_Visitor,True,False
1,18.53,1,36.6,22,651.43,0.2,0.13,3.43,0.16,Nov,3,2,2,3,Returning_Visitor,False,False
2,171.73,1,33.38,47,1678.16,0.03,0.06,6.37,0.13,Nov,2,3,1,6,Returning_Visitor,False,False
1,145.47,1,24.53,51,1490.95,0.01,0.06,4.25,0.14,Nov,2,2,1,6,Returning_Visitor,False,False
3,176.98,2,43.5,55,1674.64,0.01,0.05,4.36,0.15,Nov,2,3,4,6,Returning_Visitor,False,False
1,159.94,1,21.92,50,1803.76,0.02,0.07,3.4,0.16,Nov,2,1,4,1,Returning_Visitor,False,False
3,187.81,1,0.0,45,1810.44,0.02,0.05,0.0,0.19,May,2,1,4,6,Returning_Visitor,False,False
7,157.5,2,82.62,58,2079.44,0.02,0.03,3.98,0.15,Nov,2,1,1,6,Returning_Visitor,False,False
4,123.61,2,35.4,34,338.25,0.02,0.03,0.0,0.16,Nov,2,2,7,1,Returning_Visitor,False,False
1,72.94,0,12.38,35,750.65,0.06,0.11,2.1,0.0,Nov,1,1,1,6,Returning_Visitor,False,False
0,142.88,1,17.48,21,623.32,0.02,0.05,5.68,0.16,Nov,2,8,1,20,New_Visitor,False,False
0,94.76,0,5.54,31,1357.01,0.01,0.07,5.34,0.16,Nov,2,2,3,2,Returning_Visitor,False,True
2,24.2,1,2.78,39,1691.78,0.01,0.04,7.72,0.24,Mar,2,13,7,1,Returning_Visitor,False,False
2,172.57,1,53.7,45,1651.53,0.02,0.05,3.88,0.13,Mar,3,3,1,1,Returning_Visitor,False,False
0,59.38,1,63.99,8,1849.21,0.05,0.08,4.3,0.12,Nov,2,2,1,2,Returning_Visitor,False,False
2,418.18,0,41.57,41,1760.96,0.02,0.06,7.87,0.17,Nov,2,5,1,1,Returning_Visitor,False,True
1,125.88,1,9.26,50,1651.92,0.02,0.06,1.35,0.11,Nov,1,1,1,3,Returning_Visitor,False,False
2,44.3,1,51.47,62,1420.65,0.01,0.03,11.98,0.17,Nov,2,13,1,2,Returning_Visitor,False,True
5,264.44,2,199.4,50,1618.4,0.01,0.03,13.36,0.07,Nov,1,1,8,6,Returning_Visitor,False,True
2,112.52,1,15.59,34,1173.2,0.05,0.09,1.91,0.14,Mar,2,4,1,1,Returning_Visitor,False,False
1,159.99,1,30.93,56,1832.6,0.02,0.06,6.59,0.16,Nov,2,2,1,6,Returning_Visitor,False,True
3,98.81,1,9.56,43,1131.86,0.03,0.05,0.45,0.12,Nov,1,1,1,1,Returning_Visitor,False,False
1,111.19,1,26.86,51,2089.01,0.02,0.08,3.63,0.17,Nov,2,1,4,1,Returning_Visitor,False,True
1,139.03,1,21.88,45,1388.45,0.01,0.06,3.17,0.15,Nov,2,3,1,6,Returning_Visitor,False,False
1,212.16,1,7.86,37,1464.4,0.02,0.03,3.8,0.0,Mar,2,13,1,6,Returning_Visitor,False,False
2,150.86,1,35.0,55,2155.53,0.01,0.05,9.17,0.16,Nov,2,3,1,6,Returning_Visitor,False,False
1,111.21,1,10.15,40,1332.93,0.03,0.09,3.11,0.14,Nov,2,1,1,3,Returning_Visitor,False,False
0,76.1,0,8.88,6,430.33,0.04,0.1,1.83,0.14,Nov,3,2,1,11,New_Visitor,False,False
3,64.44,1,13.68,27,2081.33,0.01,0.03,0.0,0.14,Nov,1,1,7,1,Returning_Visitor,True,False
0,53.1,1,21.13,27,1018.82,0.05,0.12,2.95,0.12,Mar,2,1,2,1,Returning_Visitor,False,False
1,182.87,1,73.17,69,2258.3,0.01,0.04,17.2,0.15,Nov,2,2,1,6,Returning_Visitor,False,False
1,195.05,1,54.01,65,905.1,0.01,0.03,11.0,0.15,Nov,2,2,8,6,Returning_Visitor,False,True
3,207.6,1,86.79,93,2488.68,0.01,0.03,20.61,0.15,Nov,2,2,8,6,Returning_Visitor,False,False
1,0.0,1,1.62,56,1601.02,0.02,0.09,2.84,0.11,Nov,1,1,3,3,Returning_Visitor,False,False
4,243.89,2,83.72,10,1390.91,0.01,0.04,12.05,0.3,Nov,2,2,1,6,Returning_Visitor,False,True
1,124.77,1,43.53,39,2748.47,0.11,0.07,5.13,0.29,Nov,1,1,2,1,Returning_Visitor,False,False
1,179.4,0,72.39,93,1825.5,0.01,0.03,17.83,0.16,Nov,2,2,1,6,Returning_Visitor,False,True
1,159.64,1,23.98,35,1243.27,0.02,0.04,3.01,0.0,Nov,2,3,1,6,New_Visitor,False,False
1,49.52,1,14.63,34,239.98,0.06,0.06,3.1,0.19,Nov,2,2,9,13,Returning_Visitor,False,False
3,156.87,1,30.48,63,1667.16,0.01,0.03,9.04,0.18,Nov,2,2,1,6,Returning_Visitor,False,False
1,164.46,1,9.2,37,1542.23,0.01,0.06,3.07,0.15,Nov,2,3,1,6,Returning_Visitor,False,False
2,133.38,1,43.12,44,1657.43,0.02,0.04,4.71,0.0,Nov,3,3,1,2,Returning_Visitor,False,False
0,74.41,1,26.17,6,720.9,0.07,0.11,4.35,0.13,Nov,2,3,1,6,Returning_Visitor,False,False
2,181.21,1,72.3,68,1810.66,0.01,0.05,10.42,0.14,Nov,2,3,1,6,Returning_Visitor,False,True
1,79.39,1,25.99,21,203.0,0.1,0.13,3.39,0.11,Nov,3,3,1,6,Returning_Visitor,False,False
2,176.98,1,21.96,48,1657.62,0.02,0.05,4.9,0.0,Nov,2,3,1,6,Returning_Visitor,False,False
1,152.94,0,12.67,48,1303.06,0.02,0.07,3.92,0.13,Nov,2,1,1,6,Returning_Visitor,False,False
0,47.15,1,23.94,29,0.0,0.1,0.12,4.11,0.13,Nov,2,1,1,1,Returning_Visitor,False,False
1,161.85,1,24.11,54,1706.11,0.02,0.06,6.25,0.15,Nov,2,3,1,6,Returning_Visitor,False,False
1,162.0,1,15.95,47,1516.72,0.01,0.06,2.71,0.12,Nov,2,1,1,1,Returning_Visitor,False,False
1,109.29,1,17.9,42,1444.95,0.03,0.08,4.22,0.13,Nov,2,3,2,6,Returning_Visitor,False,True
0,0.0,1,24.66,34,1520.61,0.02,0.09,5.21,0.11,Nov,2,3,2,2,Returning_Visitor,False,True
1,114.49,1,6.47,47,671.67,0.01,0.05,2.4,0.16,Nov,2,1,3,6,Returning_Visitor,False,False
3,165.6,1,23.8,53,685.95,0.01,0.03,5.32,0.21,Nov,2,2,7,6,Returning_Visitor,False,True
7,265.95,3,123.72,80,1752.07,0.01,0.03,7.03,0.11,Nov,1,1,1,1,Returning_Visitor,False,True
3,212.58,1,6.87,42,1785.44,0.02,0.04,1.77,0.17,Aug,1,1,1,6,Returning_Visitor,False,False
1,155.44,1,14.14,52,219.5,0.02,0.05,2.78,0.16,Nov,2,3,2,6,Returning_Visitor,False,False
3,219.1,2,69.3,114,1487.21,0.01,0.04,15.74,0.5,Nov,2,2,1,4,Returning_Visitor,False,True
3,181.31,2,74.14,53,1993.5,0.01,0.03,5.65,0.15,Nov,2,3,1,6,Returning_Visitor,False,False
2,168.39,1,40.46,54,2449.97,0.04,0.08,7.09,0.24,Nov,2,2,1,1,Returning_Visitor,False,False
0,113.75,1,53.11,56,1775.61,0.01,0.04,10.3,0.0,Nov,2,2,8,2,Returning_Visitor,False,False
3,140.76,2,68.19,85,1470.24,0.01,0.01,0.0,0.14,Nov,2,2,8,6,Returning_Visitor,False,False
2,200.2,1,54.96,76,1284.65,0.0,0.03,7.76,0.13,Nov,2,2,8,6,New_Visitor,False,False
1,163.27,1,28.17,43,1761.31,0.02,0.06,4.73,0.14,Nov,2,3,1,6,Returning_Visitor,False,False
1,111.2,1,7.14,39,858.95,0.01,0.05,2.8,0.13,Nov,2,1,7,6,Returning_Visitor,False,False
1,38.58,1,14.17,28,545.11,0.06,0.12,2.73,0.16,Mar,1,1,1,3,Returning_Visitor,False,False
1,147.19,1,24.23,48,1362.39,0.01,0.03,8.52,0.15,May,2,2,1,2,Returning_Visitor,False,True
3,133.58,1,70.31,60,2346.64,0.02,0.03,9.77,0.17,May,3,2,1,2,Returning_Visitor,False,True
2,148.98,0,20.78,38,1491.23,0.04,0.07,2.73,0.13,Mar,2,1,1,6,Returning_Visitor,False,False
2,149.66,1,22.24,55,1498.02,0.02,0.05,4.79,0.16,Nov,2,2,1,6,Returning_Visitor,False,False
5,231.49,2,155.33,94,3483.21,0.01,0.02,54.98,0.15,Nov,2,2,1,1,Returning_Visitor,False,True
0,125.69,1,33.35,48,141.5,0.01,0.06,6.91,0.14,Nov,2,2,2,6,Returning_Visitor,False,False
6,199.99,2,107.24,124,2340.83,0.01,0.02,30.6,0.15,Nov,2,2,1,6,Returning_Visitor,False,True
1,166.37,1,16.81,42,1560.94,0.02,0.05,3.53,0.18,Nov,2,2,1,6,Returning_Visitor,False,False
0,11.98,1,6.61,19,1503.06,0.0,0.06,1.11,0.0,Nov,2,2,7,2,Returning_Visitor,False,False
0,126.01,1,22.11,46,2278.0,0.08,0.1,0.0,0.12,Mar,2,1,2,1,Returning_Visitor,False,False
1,163.85,1,12.4,48,1524.58,0.01,0.07,5.08,0.14,Nov,2,3,1,6,Returning_Visitor,False,False
1,182.3,1,30.09,0,381.35,0.08,0.12,0.0,0.11,Mar,3,3,1,2,New_Visitor,False,False
2,158.98,2,29.0,65,225.83,0.04,0.04,5.07,0.12,Nov,3,3,1,6,New_Visitor,False,False
2,234.9,2,42.62,87,2370.0,0.01,0.06,13.35,0.15,Oct,3,2,7,4,Returning_Visitor,False,True
1,55.61,1,6.33,29,183.62,0.02,0.08,1.22,0.14,Nov,2,1,1,6,Returning_Visitor,False,False
1,167.36,1,20.21,1,921.89,0.01,0.07,2.28,0.13,Mar,2,3,1,2,New_Visitor,False,True
3,132.55,2,15.7,31,1968.25,0.01,0.05,1.71,0.17,Nov,2,2,1,6,Returning_Visitor,False,False
1,31.47,1,1.72,30,1180.08,0.01,0.1,2.31,0.13,Nov,4,1,3,3,Returning_Visitor,False,False
1,34.06,1,68.39,21,161.5,0.06,0.04,0.0,0.11,Mar,3,2,1,2,Returning_Visitor,False,False
3,186.75,2,73.52,171,1925.42,0.02,0.04,9.16,0.15,Nov,2,2,1,1,Returning_Visitor,False,True
0,28.81,1,11.85,13,503.01,0.04,0.11,2.06,0.0,Nov,2,2,1,2,Returning_Visitor,False,False
5,110.0,3,1188.5,71,9648.18,0.02,0.04,16.54,0.17,Nov,2,2,1,1,Returning_Visitor,False,False
1,157.23,1,29.86,11,1453.98,0.02,0.07,5.25,0.14,Nov,2,3,1,6,Returning_Visitor,False,False
2,194.26,1,44.04,41,1598.03,0.03,0.07,7.73,0.14,Mar,2,13,1,1,Returning_Visitor,False,False
5,205.7,0,28.54,49,867.41,0.03,0.04,2.06,0.11,Nov,1,1,1,6,Returning_Visitor,False,False
1,166.92,1,87.03,55,1510.26,0.01,0.04,9.88,0.75,May,2,2,3,6,Returning_Visitor,True,False
2,146.72,1,27.34,52,1730.03,0.04,0.09,3.41,0.24,Nov,2,1,1,6,Returning_Visitor,False,False
1,137.16,1,16.63,45,1867.03,0.01,0.07,4.7,0.14,Nov,2,3,2,6,Returning_Visitor,False,False
0,69.21,1,16.75,32,1154.75,0.05,0.1,3.0,0.1,Nov,3,1,1,6,Returning_Visitor,False,False
2,175.59,1,42.29,93,1674.55,0.0,0.03,12.41,0.2,Aug,2,2,1,4,Returning_Visitor,False,False
0,80.49,0,14.99,7,1172.61,0.03,0.09,3.08,0.12,Mar,2,4,1,1,Returning_Visitor,False,False
3,205.9,1,36.09,54,1724.8,0.01,0.05,8.89,0.25,Nov,2,13,1,1,Returning_Visitor,False,False
0,0.0,0,10.35,38,677.55,0.03,0.09,1.56,0.1,Nov,2,1,7,3,Returning_Visitor,False,False
1,37.07,1,10.3,32,1055.93,0.09,0.2,2.37,0.1,Nov,1,1,2,1,Returning_Visitor,False,False
1,155.52,1,23.67,48,1775.39,0.02,0.06,5.93,0.14,Nov,2,3,1,6,Returning_Visitor,False,False
1,172.37,1,17.44,45,1499.92,0.02,0.08,5.07,0.15,Nov,2,3,1,6,Returning_Visitor,False,False
1,155.96,1,29.71,53,1845.35,0.03,0.07,5.75,0.15,Nov,2,2,1,1,Returning_Visitor,False,False
1,0.0,0,3.93,22,477.58,0.06,0.12,0.0,0.09,Nov,1,1,1,3,Returning_Visitor,False,False
2,165.94,1,81.91,58,1585.7,0.03,0.05,7.21,0.13,Nov,3,2,1,6,Returning_Visitor,True,False
4,82.03,1,54.88,48,2328.4,0.03,0.03,2.69,0.0,Nov,3,2,7,1,Returning_Visitor,True,False
1,181.08,1,35.72,44,2309.37,0.01,0.06,6.24,0.11,Nov,1,1,3,1,Returning_Visitor,False,False
1,69.47,1,19.92,47,1334.12,0.2,0.13,3.74,0.09,Nov,1,1,1,1,Returning_Visitor,False,False
3,76.54,2,60.1,72,1492.74,0.0,0.03,3.88,0.16,Nov,2,2,7,6,Returning_Visitor,False,False
2,169.07,1,42.21,61,1715.0,0.01,0.03,14.22,0.17,Nov,2,2,8,6,Returning_Visitor,False,False
2,75.17,1,14.57,30,900.91,0.06,0.12,2.04,0.11,Mar,1,1,1,3,Returning_Visitor,False,False
1,155.1,1,28.24,46,1676.7,0.02,0.06,3.83,0.15,Nov,8,3,1,6,Returning_Visitor,False,False
2,184.88,1,29.79,16,1888.14,0.01,0.05,5.23,0.14,Nov,2,3,1,6,Returning_Visitor,False,False
2,118.14,1,29.31,46,2454.23,0.02,0.08,6.78,0.0,Nov,8,1,1,1,Returning_Visitor,False,False
3,176.98,1,33.19,51,1930.89,0.0,0.05,4.05,0.18,May,2,13,1,6,Returning_Visitor,False,False
1,170.43,1,25.33,46,1637.29,0.02,0.06,4.71,0.15,Nov,2,3,1,6,Returning_Visitor,False,False
1,71.0,1,7.63,31,838.22,0.01,0.06,0.0,0.13,Nov,2,3,1,2,Returning_Visitor,False,False
4,280.32,1,40.12,72,1747.5,0.01,0.04,2.81,0.13,Nov,2,1,2,6,Returning_Visitor,False,False
4,153.06,2,0.0,58,1738.96,0.03,0.03,4.07,0.11,Nov,3,2,1,2,Returning_Visitor,False,False
1,72.44,1,0.0,27,901.34,0.03,0.07,2.66,0.14,Nov,2,2,7,6,Returning_Visitor,False,False
2,161.83,1,13.7,23,1679.02,0.02,0.03,2.04,0.16,Nov,2,12,1,1,Returning_Visitor,False,False
0,36.39,0,7.55,26,1053.73,0.01,0.07,2.04,0.14,Nov,2,2,3,2,Returning_Visitor,False,False
3,157.85,0,52.72,90,2162.61,0.03,0.02,3.02,0.13,Nov,2,3,2,6,Returning_Visitor,False,False
0,73.49,1,36.72,23,682.43,0.1,0.15,4.7,0.1,Mar,3,2,1,6,Returning_Visitor,False,False
2,143.35,1,29.13,50,1508.81,0.02,0.06,3.98,0.14,Nov,2,1,1,6,Returning_Visitor,False,False
1,94.69,1,44.4,35,1596.24,0.04,0.11,4.04,0.13,Nov,3,3,1,1,Returning_Visitor,False,False
2,109.25,0,10.81,40,1847.56,0.01,0.05,1.94,0.15,Nov,2,1,7,6,Returning_Visitor,False,False
2,176.26,1,32.76,58,1730.3,0.0,0.05,7.48,0.15,Nov,2,2,1,6,Returning_Visitor,False,False
1,167.65,0,73.85,36,1694.3,0.08,0.08,9.37,0.11,Mar,3,13,1,6,Returning_Visitor,False,False
1,156.95,1,31.09,49,1991.65,0.01,0.04,10.7,0.16,Nov,2,2,8,6,Returning_Visitor,False,False
2,159.64,1,37.36,50,1833.65,0.02,0.08,9.26,0.13,Nov,2,3,1,6,Returning_Visitor,False,False
1,58.86,1,10.0,58,2276.55,0.02,0.03,5.38,0.48,Aug,3,3,1,11,Returning_Visitor,False,True
0,130.95,1,34.21,18,450.99,0.11,0.2,5.38,0.09,Nov,3,3,1,6,Returning_Visitor,True,False
1,81.03,1,44.34,61,1003.0,0.02,0.02,5.34,0.29,May,3,2,1,13,Returning_Visitor,True,False
1,113.22,1,39.62,41,1329.48,0.02,0.07,4.45,0.13,Nov,2,2,1,6,Returning_Visitor,False,False
0,0.0,1,17.6,26,581.26,0.09,0.1,5.32,0.13,Nov,3,3,2,3,Returning_Visitor,False,False
1,142.95,1,28.46,48,1607.33,0.02,0.07,5.34,0.15,Nov,2,3,1,6,Returning_Visitor,False,False
1,130.29,1,19.53,41,1575.24,0.02,0.06,0.0,0.15,Nov,2,2,1,6,Returning_Visitor,False,True
3,198.3,0,23.0,53,1576.33,0.01,0.05,5.31,0.16,Nov,2,3,1,6,Returning_Visitor,False,False
3,232.76,1,45.99,80,1506.78,0.0,0.03,6.29,0.13,Nov,2,2,8,6,Returning_Visitor,True,False
1,202.19,1,17.25,2,816.79,0.02,0.04,9.35,0.16,Mar,2,8,1,8,New_Visitor,False,False
15,320.06,1,163.94,64,1867.08,0.0,0.04,19.6,0.0,Nov,2,2,3,4,Returning_Visitor,True,False
1,169.4,1,31.29,56,1601.87,0.01,0.06,6.51,0.14,Nov,2,3,1,6,Returning_Visitor,False,False
1,122.81,1,27.27,53,1698.0,0.02,0.06,5.68,0.15,Nov,2,3,2,6,Returning_Visitor,False,True
0,12.21,1,31.8,29,1264.44,0.02,0.04,1.97,0.17,Nov,2,3,2,6,Returning_Visitor,False,False
2,138.55,2,101.16,62,1834.36,0.01,0.02,21.58,0.17,Nov,1,3,1,1,Returning_Visitor,False,False
6,313.77,1,67.02,64,1648.67,0.01,0.04,2.87,0.0,Nov,1,1,6,1,New_Visitor,False,False
0,76.64,1,13.66,27,408.23,0.06,0.04,3.19,0.15,Nov,2,2,1,13,Returning_Visitor,False,False
1,153.68,1,38.5,51,2080.35,0.03,0.07,9.0,0.16,Nov,2,2,1,1,Returning_Visitor,False,False
3,131.73,1,88.74,59,1716.17,0.01,0.02,7.77,0.17,Dec,2,13,1,2,Returning_Visitor,False,False
1,171.66,1,12.88,34,1239.61,0.01,0.08,2.07,0.15,Nov,2,3,1,6,New_Visitor,False,True
1,40.45,1,0.0,30,492.1,0.04,0.07,2.15,0.0,Nov,1,1,7,2,Returning_Visitor,False,False
2,182.32,1,54.14,59,1989.8,0.02,0.07,9.22,0.12,Nov,2,3,1,6,Returning_Visitor,False,False
3,110.89,1,27.33,45,1482.51,0.05,0.03,0.0,0.13,Mar,3,3,1,1,Returning_Visitor,True,False
0,24.66,0,0.0,37,1782.54,0.01,0.05,4.41,0.14,Nov,2,2,3,2,Returning_Visitor,True,False
2,187.34,1,59.52,70,3346.97,0.02,0.05,11.15,0.28,Nov,3,2,1,6,Returning_Visitor,False,False
3,28.53,2,90.62,47,2006.69,0.04,0.06,12.43,0.15,Mar,2,6,1,1,Returning_Visitor,False,False
0,30.41,1,15.63,5,477.96,0.05,0.12,2.35,0.11,Nov,2,2,1,6,Returning_Visitor,False,False
5,138.87,4,69.42,50,2494.83,0.09,0.09,5.16,0.09,Mar,1,1,1,1,Returning_Visitor,False,False
1,90.38,1,16.12,6,970.95,0.03,0.08,1.91,0.13,Nov,2,2,1,6,Returning_Visitor,False,False
2,147.5,1,1.34,22,846.44,0.03,0.04,1.01,0.11,Nov,1,1,7,2,New_Visitor,False,False
5,209.23,2,164.61,80,1780.48,0.01,0.03,8.44,0.0,Nov,2,2,8,2,Returning_Visitor,True,False
3,182.52,0,29.42,50,1591.62,0.01,0.05,4.1,0.2,Nov,2,3,1,6,Returning_Visitor,False,False
0,80.22,1,23.87,15,1362.53,0.02,0.04,3.31,0.14,Nov,2,2,2,6,Returning_Visitor,False,False
1,42.18,1,54.15,31,1222.32,0.03,0.04,1.65,0.2,May,3,2,1,6,Returning_Visitor,False,False
2,204.42,0,49.68,52,1546.28,0.01,0.01,8.75,0.14,Dec,2,13,1,6,Returning_Visitor,True,False
2,207.29,2,146.15,72,8468.34,0.01,0.03,5.75,0.11,Nov,2,2,1,2,Returning_Visitor,False,False
1,172.58,1,30.58,51,1562.05,0.01,0.06,5.94,0.0,Nov,2,1,2,6,Returning_Visitor,False,False
2,124.12,0,0.0,35,1648.3,0.01,0.04,2.13,0.16,Nov,2,2,3,2,Returning_Visitor,False,False
2,165.64,1,50.35,73,1637.37,0.01,0.03,11.44,0.17,Nov,2,2,1,6,Returning_Visitor,False,True
0,54.92,1,80.28,16,808.81,0.07,0.09,4.79,0.11,Nov,3,2,6,6,Returning_Visitor,False,False
3,224.34,1,28.34,59,1931.53,0.01,0.02,0.0,0.15,Mar,2,3,2,1,Returning_Visitor,False,False
1,130.46,1,27.92,50,1743.2,0.02,0.07,6.27,0.14,Nov,2,3,1,6,Returning_Visitor,False,False
2,176.79,2,62.87,52,1664.44,0.02,0.07,4.65,0.13,Nov,2,3,1,1,Returning_Visitor,False,False
4,179.71,1,38.72,55,2267.95,0.01,0.04,10.1,0.14,Nov,2,13,1,6,Returning_Visitor,False,False
1,181.52,1,66.07,37,1740.82,0.01,0.05,7.75,0.63,May,2,2,2,4,Returning_Visitor,False,False
2,157.36,1,37.08,56,1890.76,0.02,0.07,12.44,0.14,Mar,2,2,1,6,Returning_Visitor,False,False
2,164.32,1,21.65,53,694.3,0.01,0.05,4.55,0.18,Nov,2,2,2,6,Returning_Visitor,False,False
2,180.82,0,0.0,47,1176.99,0.01,0.05,2.8,0.17,May,2,8,8,2,Returning_Visitor,False,False
3,118.66,1,46.3,49,1770.89,0.01,0.04,2.1,0.11,Nov,2,2,7,2,Returning_Visitor,False,False
4,118.86,1,94.0,98,1978.4,0.02,0.04,13.48,0.0,Nov,2,2,1,6,Returning_Visitor,False,False
2,155.29,1,31.88,50,1759.05,0.02,0.06,5.57,0.13,Nov,2,2,1,6,Returning_Visitor,False,True
1,123.92,1,17.96,44,1684.05,0.01,0.04,3.31,0.14,Nov,2,2,1,2,Returning_Visitor,False,False
0,31.61,0,33.84,43,2253.0,0.01,0.07,9.22,0.18,May,2,2,3,2,Returning_Visitor,False,False
2,71.76,0,11.16,35,831.09,0.1,0.07,2.26,0.12,Nov,1,1,4,3,Returning_Visitor,False,False
0,53.23,0,11.73,21,825.2,0.03,0.08,2.7,0.1,Nov,2,3,2,2,Returning_Visitor,False,False
1,173.95,0,53.23,179,878.51,0.01,0.02,5.26,0.16,Nov,2,2,2,6,Returning_Visitor,True,False
1,150.83,1,25.14,50,1900.54,0.02,0.08,0.0,0.15,Nov,2,3,1,6,Returning_Visitor,False,False
2,211.21,0,39.33,61,1638.83,0.02,0.06,7.34,0.15,Nov,2,3,1,6,Returning_Visitor,False,False
7,292.2,2,107.82,82,2942.86,0.01,0.05,13.2,0.07,Nov,3,3,1,1,Returning_Visitor,False,True
0,19.49,0,37.14,22,555.42,0.11,0.13,2.34,0.6,Nov,3,2,6,3,Returning_Visitor,False,False
2,173.97,2,82.89,71,1594.47,0.02,0.06,8.47,0.15,Nov,2,2,1,6,Returning_Visitor,False,False
3,25.2,2,99.97,70,2749.01,0.02,0.02,15.08,0.17,May,3,2,1,2,Returning_Visitor,False,False
2,179.57,1,30.65,55,1721.13,0.01,0.05,5.34,0.15,Nov,2,3,1,6,Returning_Visitor,False,False
3,122.16,1,37.26,55,1825.08,0.01,0.05,3.04,0.0,Nov,1,1,1,1,Returning_Visitor,True,False
2,137.23,1,21.25,50,1742.31,0.02,0.06,4.6,0.14,Nov,2,3,1,6,Returning_Visitor,False,False
2,182.05,1,23.46,54,1698.0,0.0,0.05,4.35,0.13,Nov,2,3,1,6,Returning_Visitor,False,False
15,300.79,0,73.6,43,2714.89,0.01,0.01,19.29,0.12,May,2,1,2,1,Returning_Visitor,False,True
2,93.1,1,14.53,28,1814.76,0.02,0.06,2.11,0.0,Nov,2,1,7,1,Returning_Visitor,False,False
1,135.64,2,115.36,48,1346.1,0.03,0.06,6.06,0.0,Nov,2,2,1,2,Returning_Visitor,False,False
0,33.19,1,34.55,27,862.52,0.09,0.13,2.65,0.52,Nov,2,1,2,3,Returning_Visitor,False,False
1,125.04,1,4.01,42,1667.35,0.02,0.08,2.27,0.16,May,1,1,2,3,Returning_Visitor,False,False
3,230.48,2,78.98,54,2288.44,0.02,0.06,4.85,0.08,Nov,1,1,1,1,Returning_Visitor,False,False
1,109.67,1,0.0,28,1252.5,0.02,0.07,1.75,0.16,Nov,2,3,2,6,Returning_Visitor,False,False
1,115.26,1,21.01,43,1461.56,0.02,0.09,4.31,0.0,Nov,8,1,1,6,Returning_Visitor,False,False
0,40.26,0,19.58,32,1468.6,0.02,0.09,3.07,0.14,May,2,2,2,6,Returning_Visitor,False,False
1,101.32,1,0.0,32,1205.05,0.02,0.07,1.5,0.15,Nov,2,3,2,6,Returning_Visitor,False,False
1,123.22,1,23.28,51,1687.37,0.03,0.08,5.7,0.18,Nov,2,3,1,6,Returning_Visitor,False,True
1,171.05,1,31.73,59,1740.8,0.01,0.06,5.67,0.14,Nov,2,3,1,6,Returning_Visitor,False,True
1,137.01,1,24.22,44,1385.0,0.02,0.06,3.72,0.14,Nov,2,3,1,2,Returning_Visitor,False,False
1,75.4,0,25.45,29,931.68,0.09,0.09,3.12,0.15,Nov,2,1,1,6,Returning_Visitor,False,False
1,120.56,1,25.14,49,1741.88,0.02,0.07,5.71,0.15,Nov,2,2,1,1,Returning_Visitor,False,False
1,90.34,1,28.43,44,1297.92,0.02,0.09,4.81,0.14,Nov,2,3,2,6,Returning_Visitor,False,False
3,166.95,1,22.82,63,1606.84,0.02,0.05,3.37,0.15,Nov,2,1,1,6,Returning_Visitor,False,True
5,120.03,1,37.6,67,1992.52,0.01,0.03,12.91,0.37,Nov,2,2,1,6,Returning_Visitor,False,False
1,97.7,1,18.6,46,1802.94,0.03,0.08,4.69,0.15,Nov,2,1,1,1,Returning_Visitor,False,False
0,25.32,1,5.04,19,145.0,0.03,0.1,0.0,0.13,Nov,2,1,1,1,Returning_Visitor,False,False
1,138.24,1,46.53,44,1160.27,0.03,0.08,6.96,0.16,Dec,2,13,1,6,Returning_Visitor,False,False
4,215.25,1,101.72,86,2213.63,0.01,0.03,22.82,0.15,Nov,2,2,1,6,Returning_Visitor,False,True
2,82.93,2,75.44,27,624.69,0.05,0.07,4.17,0.09,Nov,3,2,1,6,Returning_Visitor,False,True
3,214.55,2,373.0,47,1705.02,0.04,0.06,6.55,0.08,Nov,3,3,1,6,Returning_Visitor,True,False
2,187.51,2,82.22,63,2733.3,0.01,0.01,24.8,0.17,Aug,2,4,1,6,Returning_Visitor,False,True
0,0.0,1,0.0,41,1401.44,0.01,0.04,2.59,0.18,Nov,2,3,7,6,Returning_Visitor,False,False
1,163.55,0,11.47,51,1684.45,0.01,0.05,0.0,0.15,Nov,2,3,8,6,Returning_Visitor,False,False
1,148.68,1,27.27,56,1771.05,0.01,0.05,6.63,0.14,Nov,2,2,2,6,Returning_Visitor,False,False
6,157.0,4,103.25,116,2835.42,0.02,0.04,9.27,0.19,Nov,2,2,2,6,Returning_Visitor,False,False
3,196.8,1,77.66,57,2242.39,0.01,0.05,15.26,0.13,Nov,2,2,1,6,Returning_Visitor,False,False
1,151.23,0,27.47,52,2570.51,0.01,0.02,11.47,0.18,Nov,4,1,2,1,Returning_Visitor,False,False
6,295.94,7,105.75,85,3133.92,0.05,0.06,21.49,0.1,Nov,1,1,1,1,Returning_Visitor,False,True
0,35.96,1,0.0,33,1695.36,0.09,0.12,3.07,0.12,Mar,2,1,2,1,Returning_Visitor,False,False
1,165.77,1,6.46,30,773.86,0.02,0.03,2.75,0.16,Nov,2,3,1,2,New_Visitor,False,False
3,249.28,1,90.0,46,1340.29,0.01,0.04,6.86,0.17,Nov,2,13,1,6,Returning_Visitor,False,False
0,132.95,0,20.2,44,1720.14,0.02,0.04,6.66,0.31,Nov,2,2,3,6,Returning_Visitor,False,False
1,99.44,1,9.53,31,1325.08,0.02,0.07,0.0,0.12,Nov,2,1,1,6,Returning_Visitor,False,False
1,139.05,1,26.14,57,1608.85,0.02,0.06,4.54,0.15,Nov,2,3,1,6,Returning_Visitor,False,False
1,149.41,1,41.44,43,2446.46,0.06,0.05,3.04,0.0,Mar,2,2,1,1,Returning_Visitor,True,False
6,284.0,1,66.93,57,1529.57,0.0,0.04,5.36,0.11,Nov,1,1,2,6,Returning_Visitor,True,False
2,167.15,1,30.48,58,1740.81,0.01,0.06,6.71,0.13,Nov,2,2,1,6,Returning_Visitor,False,False
3,937.17,1,93.62,57,3498.19,0.04,0.06,8.44,0.09,Mar,1,1,1,1,Returning_Visitor,False,False
2,185.43,1,20.69,59,1852.38,0.02,0.06,7.37,0.16,Nov,2,3,1,6,Returning_Visitor,False,False
2,134.94,1,79.04,82,1638.41,0.01,0.03,12.15,0.18,Nov,2,2,1,6,Returning_Visitor,False,False
1,26.6,1,3.0,23,626.36,0.02,0.1,1.91,0.0,Nov,2,1,3,3,Returning_Visitor,False,False
2,180.34,1,18.67,52,1729.03,0.01,0.05,5.1,0.15,Nov,2,3,1,6,Returning_Visitor,False,False
1,168.82,1,37.51,57,1756.79,0.01,0.05,6.89,0.18,Nov,2,3,1,6,Returning_Visitor,False,False
1,140.31,1,29.89,47,1587.89,0.03,0.07,4.4,0.13,Nov,2,3,1,6,Returning_Visitor,False,False
1,137.57,1,19.87,49,1712.16,0.02,0.06,4.21,0.14,Nov,2,2,1,6,Returning_Visitor,False,False
0,181.27,1,29.09,46,1424.57,0.01,0.04,5.24,0.31,Nov,2,2,3,6,Returning_Visitor,False,False
0,74.87,0,0.0,15,346.14,0.02,0.05,2.73,0.11,Nov,2,2,1,2,New_Visitor,False,False
0,0.0,1,15.01,43,1592.88,0.03,0.09,3.08,0.11,Nov,2,1,2,6,Returning_Visitor,False,False
3,143.18,1,79.59,57,1746.77,0.01,0.02,12.81,0.18,Nov,2,3,1,6,Returning_Visitor,False,True
0,106.66,1,66.71,35,1911.89,0.07,0.07,14.01,0.0,Mar,3,2,1,6,Returning_Visitor,False,False
1,155.64,1,41.32,49,2410.95,0.03,0.07,8.58,0.15,Nov,3,2,2,6,Returning_Visitor,False,False
0,54.81,1,10.02,4,384.49,0.0,0.1,1.85,0.13,Nov,2,3,1,2,New_Visitor,False,False
0,78.41,0,7.9,23,1658.97,0.02,0.04,3.86,0.1,Mar,2,2,3,2,Returning_Visitor,False,False
8,146.6,1,15.3,114,1222.5,0.02,0.02,0.95,0.14,Nov,2,1,4,3,Returning_Visitor,False,False
0,27.23,1,17.07,21,0.0,0.1,0.13,0.0,0.09,Nov,2,1,2,3,Returning_Visitor,False,False
0,152.68,0,21.97,23,25.0,0.01,0.04,5.14,0.12,Nov,2,2,2,2,New_Visitor,False,False
0,64.1,1,9.71,38,1797.85,0.01,0.06,2.65,0.14,Nov,2,1,3,1,Returning_Visitor,False,False
1,139.92,0,21.33,52,1715.75,0.02,0.06,4.22,0.23,Nov,2,2,1,6,Returning_Visitor,False,False
0,11.44,0,4.34,26,1435.49,0.01,0.1,4.27,0.1,Nov,2,1,3,2,Returning_Visitor,True,True
1,104.5,1,17.23,8,1078.11,0.03,0.09,2.76,0.12,Nov,2,3,1,6,Returning_Visitor,False,True
3,197.62,1,28.62,73,1635.0,0.0,0.03,7.33,0.09,Nov,2,2,1,6,New_Visitor,False,True
1,166.59,1,48.94,58,1524.19,0.01,0.07,5.39,0.14,Nov,2,2,1,6,Returning_Visitor,False,False
1,163.41,1,27.72,52,1720.08,0.02,0.06,5.3,0.16,Nov,2,3,1,6,Returning_Visitor,False,True
1,109.41,1,0.0,33,1240.53,0.02,0.07,2.29,0.15,Nov,2,3,1,1,New_Visitor,False,False
2,167.84,1,0.0,52,1550.66,0.02,0.05,2.81,0.18,Nov,2,2,1,6,Returning_Visitor,False,False
0,91.06,1,9.31,60,125.0,0.01,0.06,4.22,0.14,Mar,2,2,2,1,Returning_Visitor,False,False
1,136.33,1,20.42,49,1554.11,0.02,0.07,3.8,0.15,Nov,2,2,1,6,Returning_Visitor,False,True
0,57.1,0,22.36,26,1514.12,0.01,0.04,3.11,0.13,Dec,2,2,6,6,Returning_Visitor,False,False
1,103.93,1,16.09,48,1289.16,0.02,0.07,0.0,0.13,Nov,2,3,2,6,Returning_Visitor,False,True
2,163.47,1,19.51,53,1635.39,0.01,0.05,4.22,0.15,Nov,2,2,1,6,Returning_Visitor,False,False
0,44.13,1,0.0,24,1184.49,0.0,0.07,1.58,0.0,Nov,2,2,7,2,Returning_Visitor,False,False
1,129.22,1,37.31,53,1757.59,0.02,0.07,7.79,0.13,Nov,2,2,1,6,Returning_Visitor,False,True
4,202.28,1,167.26,102,2768.53,0.01,0.03,23.46,0.19,Nov,3,2,1,6,Returning_Visitor,True,True
2,187.27,1,34.68,47,1446.13,0.01,0.04,5.67,0.18,Nov,2,3,1,2,Returning_Visitor,False,False
2,170.33,1,38.4,61,1778.12,0.02,0.06,6.59,0.16,Nov,2,3,1,6,Returning_Visitor,False,False
2,171.28,1,104.22,59,1504.15,0.02,0.03,0.0,0.15,Nov,3,2,1,6,Returning_Visitor,True,False
2,143.01,2,61.28,44,445.0,0.02,0.03,1.63,0.29,Dec,2,2,1,2,New_Visitor,False,False
2,18.0,1,28.98,79,1430.32,0.01,0.02,6.91,0.2,Dec,2,13,2,6,Returning_Visitor,False,False
3,129.54,1,0.0,23,1811.46,0.0,0.05,12.68,0.16,May,2,4,5,6,Returning_Visitor,False,False
2,103.51,1,28.89,48,1245.82,0.02,0.04,2.37,0.17,Nov,2,2,1,6,Returning_Visitor,False,True
3,226.06,2,105.9,83,306.33,0.06,0.05,5.53,0.12,Nov,3,2,1,6,Returning_Visitor,False,False
3,154.0,1,27.04,43,1573.9,0.01,0.04,12.32,0.14,May,2,13,5,6,Returning_Visitor,False,True
1,119.58,1,29.17,48,1326.59,0.02,0.08,3.67,0.12,Nov,2,1,1,6,Returning_Visitor,False,False
2,190.86,1,23.47,58,1385.07,0.01,0.04,3.9,0.18,Nov,2,2,1,6,Returning_Visitor,False,True
2,178.02,1,44.01,44,2155.29,0.01,0.02,9.9,0.22,May,2,4,1,6,Returning_Visitor,False,False
1,119.83,0,18.68,45,1691.7,0.01,0.05,3.42,0.18,Nov,2,2,8,2,Returning_Visitor,False,False
1,148.13,1,15.29,42,1570.42,0.02,0.06,4.09,0.13,Nov,2,3,1,6,Returning_Visitor,False,False
0,54.34,0,5.66,37,1604.63,0.01,0.07,2.83,0.13,Nov,2,3,7,6,Returning_Visitor,False,False
1,134.68,1,6.79,32,1380.52,0.02,0.05,2.95,0.17,Mar,2,3,1,2,Returning_Visitor,False,False
2,146.41,1,25.73,57,1635.91,0.02,0.06,4.66,0.15,Nov,2,2,1,6,Returning_Visitor,False,False
1,157.99,1,23.06,49,1736.11,0.01,0.06,3.32,0.13,Nov,2,3,1,6,Returning_Visitor,False,True
2,166.96,1,22.12,53,494.0,0.01,0.05,5.79,0.15,Nov,2,2,8,6,Returning_Visitor,False,False
5,293.1,2,42.98,49,2584.0,0.03,0.05,5.13,0.1,Mar,1,1,1,1,Returning_Visitor,False,False
0,107.83,1,34.31,56,2226.23,0.01,0.06,14.25,0.23,Nov,2,2,3,6,Returning_Visitor,False,False
1,68.5,2,53.46,33,2396.94,0.02,0.08,3.98,0.15,Mar,2,3,1,1,Returning_Visitor,False,False
1,100.23,1,21.99,42,1437.44,0.04,0.09,4.37,0.13,Nov,2,2,1,1,Returning_Visitor,False,False
1,163.54,1,14.16,45,1627.7,0.01,0.06,3.86,0.14,Nov,2,3,1,6,Returning_Visitor,False,True
1,156.97,1,23.86,52,1679.82,0.01,0.06,4.19,0.13,Nov,2,3,1,6,Returning_Visitor,False,False
3,184.86,1,53.5,40,3030.96,0.01,0.03,10.07,0.14,Nov,2,3,1,6,Returning_Visitor,False,False
2,2.0,1,10.95,43,1229.58,0.0,0.04,2.25,0.0,Nov,2,2,8,2,New_Visitor,False,False
0,130.85,1,18.24,41,1546.34,0.02,0.05,0.0,0.15,Nov,2,2,2,6,Returning_Visitor,False,False
1,62.03,1,0.0,15,237.42,0.04,0.03,1.56,0.12,Nov,3,3,1,2,New_Visitor,False,False
1,168.91,1,27.12,55,1631.35,0.02,0.06,4.8,0.25,Nov,2,3,1,6,Returning_Visitor,False,False
1,98.32,1,16.49,39,1243.97,0.02,0.08,3.29,0.14,Nov,2,3,1,6,Returning_Visitor,False,True
3,194.58,1,53.22,57,1902.94,0.02,0.07,8.99,0.15,Nov,2,3,1,6,Returning_Visitor,False,False
2,170.89,1,106.0,104,2480.66,0.03,0.05,18.83,0.45,May,2,13,1,6,Returning_Visitor,False,False
0,0.0,1,29.3,29,810.37,0.04,0.1,4.22,0.14,Nov,2,3,1,6,Returning_Visitor,False,False
0,0.0,1,8.45,22,324.56,0.1,0.2,3.79,0.08,Nov,8,1,1,3,Returning_Visitor,True,False
2,225.58,2,47.67,52,944.3,0.01,0.08,15.34,0.74,Nov,2,2,3,6,Returning_Visitor,False,False
0,45.82,1,8.39,17,8.0,0.02,0.1,1.15,0.13,Nov,2,3,1,2,Returning_Visitor,False,False
3,279.4,1,22.68,53,1883.51,0.01,0.02,12.81,0.12,Nov,4,13,3,1,Returning_Visitor,False,True
0,46.04,1,19.16,19,205.5,0.1,0.12,3.66,0.0,Nov,2,1,1,6,Returning_Visitor,False,False
1,98.56,1,27.87,46,2192.86,0.06,0.09,4.11,0.11,Nov,2,1,1,1,Returning_Visitor,False,False
3,89.0,1,6.8,11,1653.25,0.01,0.04,0.0,0.2,Nov,2,3,1,6,Returning_Visitor,False,False
1,121.47,1,0.0,11,1370.16,0.01,0.04,2.4,0.09,Nov,2,3,1,2,Returning_Visitor,False,False
2,94.64,1,7.24,40,1612.82,0.02,0.08,2.21,0.0,Nov,1,1,4,3,Returning_Visitor,False,False
2,253.1,1,0.0,47,2030.83,0.01,0.05,8.19,0.19,Nov,2,2,3,6,Returning_Visitor,False,True
1,106.6,2,49.77,62,976.51,0.06,0.07,4.55,0.16,Nov,2,2,1,1,Returning_Visitor,False,False
2,65.36,1,12.8,46,1417.0,0.09,0.12,2.68,0.09,Nov,1,1,1,1,Returning_Visitor,False,False
1,0.0,1,42.09,56,1469.75,0.05,0.12,7.97,0.1,Nov,2,5,2,1,Returning_Visitor,False,False
5,182.71,1,29.36,77,2247.85,0.02,0.04,12.25,0.17,Mar,2,4,1,3,Returning_Visitor,False,False
2,214.47,1,57.0,93,1979.3,0.01,0.04,19.73,0.18,Nov,2,13,2,6,Returning_Visitor,False,True
1,77.08,0,0.0,43,1783.79,0.02,0.07,1.47,0.12,Nov,1,1,8,1,Returning_Visitor,False,False
0,54.07,1,0.0,23,293.39,0.06,0.07,4.16,0.14,May,2,2,9,2,Returning_Visitor,False,True
2,163.64,1,32.11,62,1505.83,0.02,0.06,3.93,0.13,Nov,2,2,1,6,Returning_Visitor,False,False
0,18.83,1,0.0,32,1417.37,0.04,0.12,1.68,0.13,Nov,1,1,4,3,Returning_Visitor,False,False
3,160.77,1,27.09,33,1666.22,0.01,0.01,3.29,0.21,Dec,2,13,1,6,New_Visitor,False,False
1,138.69,1,18.74,39,1474.71,0.02,0.07,3.71,0.15,Nov,2,3,1,6,Returning_Visitor,False,False
2,134.8,1,14.87,44,2103.75,0.03,0.06,0.0,0.2,Mar,2,2,7,1,Returning_Visitor,False,False
2,149.29,1,19.75,48,1726.04,0.01,0.05,4.54,0.0,Nov,2,3,1,6,Returning_Visitor,False,False
1,19.93,0,5.27,27,772.15,0.05,0.12,1.65,0.12,Nov,1,1,2,3,Returning_Visitor,False,False
3,23.53,1,51.39,18,598.86,0.01,0.03,7.54,0.17,Jul,2,2,1,6,Returning_Visitor,True,False
2,158.08,1,32.62,58,1450.34,0.02,0.04,6.39,0.13,Nov,2,1,1,6,Returning_Visitor,True,False
4,212.48,1,164.25,112,1546.71,0.0,0.03,60.43,0.48,Nov,2,2,1,4,Returning_Visitor,False,True
2,101.1,0,24.47,48,1400.44,0.01,0.02,6.78,0.18,Nov,2,3,1,6,Returning_Visitor,False,False
1,174.74,1,71.12,89,2197.12,0.02,0.05,15.1,0.17,Nov,2,2,2,6,Returning_Visitor,False,True
3,34.83,1,16.82,49,992.91,0.01,0.02,1.76,0.19,Nov,2,2,1,6,Returning_Visitor,True,False
0,7.58,0,0.0,28,1129.55,0.02,0.05,0.0,0.22,May,2,2,1,6,Returning_Visitor,False,False
0,159.61,1,29.4,38,1485.39,0.04,0.09,7.52,0.22,June,2,3,1,1,Returning_Visitor,False,False
1,163.84,1,17.62,61,1088.5,0.01,0.03,3.53,0.0,Nov,2,2,8,2,New_Visitor,False,False
1,142.24,1,30.55,57,1580.78,0.02,0.06,3.91,0.14,Nov,2,2,1,6,Returning_Visitor,False,False
1,144.72,1,20.81,55,1795.37,0.01,0.05,6.81,0.13,Nov,2,3,2,6,Returning_Visitor,False,True
1,17.0,1,6.43,21,1313.81,0.02,0.04,0.0,0.18,Nov,2,3,1,1,Returning_Visitor,False,False
1,134.4,1,0.0,5,1507.31,0.04,0.09,2.8,0.13,Nov,3,3,1,1,New_Visitor,False,False
1,140.14,1,30.62,59,1920.17,0.02,0.05,5.47,0.17,Nov,2,2,1,6,Returning_Visitor,False,False
0,22.34,0,3.71,20,529.04,0.03,0.1,2.49,0.1,Nov,2,2,3,2,Returning_Visitor,False,False
0,115.1,1,0.0,34,1224.76,0.01,0.04,2.43,0.16,Nov,2,2,1,2,Returning_Visitor,False,False
2,73.98,1,15.13,34,2135.78,0.02,0.05,1.79,0.16,Nov,2,1,4,1,Returning_Visitor,False,False
1,84.27,0,10.99,34,1141.58,0.02,0.09,0.0,0.12,Nov,2,3,1,6,Returning_Visitor,False,False
2,202.78,1,77.06,46,1116.47,0.01,0.03,21.77,0.11,Nov,2,1,1,1,Returning_Visitor,False,False
1,44.78,0,12.76,35,941.14,0.11,0.2,3.04,0.09,Nov,1,1,2,1,Returning_Visitor,False,False
1,0.0,1,31.35,44,1561.76,0.01,0.05,9.37,0.0,Mar,3,13,1,6,New_Visitor,False,True
3,275.91,1,14.5,47,1843.39,0.01,0.02,3.02,0.19,May,2,2,8,2,Returning_Visitor,False,False
4,132.59,1,0.0,45,1383.72,0.02,0.06,0.54,0.14,Nov,1,1,1,3,Returning_Visitor,False,False
1,0.0,1,0.0,33,694.7,0.01,0.07,0.0,0.19,Nov,2,2,1,6,Returning_Visitor,False,False
0,115.68,1,33.1,26,891.09,0.2,0.12,5.84,0.0,Oct,3,3,1,1,Returning_Visitor,False,False
0,98.46,1,0.0,44,1445.48,0.01,0.03,5.41,0.15,Nov,2,2,6,6,Returning_Visitor,False,True
8,232.68,2,124.07,149,2111.34,0.02,0.05,11.44,0.21,Nov,2,2,1,1,Returning_Visitor,False,True
0,90.3,1,42.86,37,1775.94,0.07,0.1,5.83,0.19,Mar,3,2,1,9,Returning_Visitor,True,True
0,138.61,1,33.97,32,897.41,0.01,0.05,0.0,0.12,Nov,2,2,2,2,New_Visitor,False,False
2,158.59,1,39.58,58,1651.7,0.02,0.05,6.44,0.18,Dec,2,2,1,2,Returning_Visitor,False,False
1,154.46,1,15.76,50,1573.13,0.02,0.07,4.8,0.13,Nov,2,3,1,6,Returning_Visitor,False,False
1,218.52,1,0.0,53,1476.32,0.01,0.04,7.11,0.2,Sep,2,3,8,5,Returning_Visitor,False,False
1,96.38,1,42.64,59,2523.45,0.03,0.06,8.07,0.15,Mar,2,1,2,1,Returning_Visitor,False,False
0,0.0,0,41.72,39,1668.92,0.02,0.06,3.17,0.31,May,3,2,2,6,Returning_Visitor,False,False
2,159.97,1,26.03,46,1725.55,0.02,0.06,5.07,0.15,Nov,2,3,1,6,Returning_Visitor,False,False
0,51.79,1,18.95,29,1217.59,0.11,0.2,3.06,0.09,Mar,2,1,4,1,Returning_Visitor,False,False
0,125.49,1,18.02,46,1703.85,0.01,0.06,7.39,0.17,Nov,2,2,3,6,Returning_Visitor,False,False
3,92.42,1,0.0,34,1431.95,0.0,0.03,2.01,0.1,Nov,3,3,1,2,Returning_Visitor,False,False
1,170.18,1,23.38,49,1852.47,0.02,0.06,6.68,0.0,Nov,2,3,1,6,Returning_Visitor,False,False
2,218.58,1,56.95,53,2362.81,0.0,0.01,20.61,0.15,Nov,2,4,1,1,Returning_Visitor,False,False
1,81.25,1,20.88,27,1870.83,0.02,0.06,2.9,0.15,Nov,2,2,8,6,Returning_Visitor,False,False
1,22.21,1,0.0,22,694.42,0.04,0.12,1.38,0.09,Nov,1,1,3,3,Returning_Visitor,False,False
0,132.83,0,23.65,42,1544.72,0.0,0.02,2.15,0.14,Nov,3,2,1,2,Returning_Visitor,True,True
4,151.17,1,23.97,2,562.92,0.02,0.05,1.76,0.16,Nov,2,2,1,2,New_Visitor,False,False
6,258.97,3,131.16,76,3002.67,0.01,0.03,26.56,0.14,Nov,2,1,1,1,Returning_Visitor,False,False
11,193.1,2,130.84,148,3419.75,0.01,0.0,26.83,0.14,Nov,3,3,1,2,Returning_Visitor,False,True
0,34.8,1,53.67,28,39.25,0.03,0.04,3.65,0.1,Nov,3,2,1,2,Returning_Visitor,False,False
0,0.0,1,16.47,26,478.39,0.07,0.12,4.4,0.12,Nov,2,3,1,6,Returning_Visitor,False,False
2,166.82,2,53.38,46,1414.81,0.02,0.06,6.61,0.15,Mar,2,13,1,6,Returning_Visitor,False,False
3,67.55,2,28.92,38,629.02,0.03,0.04,4.11,0.13,Oct,2,2,1,10,New_Visitor,False,False
2,174.27,0,34.67,52,1632.93,0.01,0.05,4.11,0.17,Nov,2,13,1,6,Returning_Visitor,False,False
5,164.29,2,105.63,78,2614.3,0.01,0.03,14.07,0.14,Nov,3,2,1,6,Returning_Visitor,False,False
1,92.18,1,11.97,28,1076.12,0.02,0.08,0.0,0.13,Nov,2,1,1,6,Returning_Visitor,False,False
1,88.99,1,0.0,43,1719.94,0.01,0.05,3.5,0.16,Nov,2,1,3,6,Returning_Visitor,False,False
3,190.95,1,0.0,66,1446.85,0.01,0.03,0.0,0.19,Nov,2,3,8,6,Returning_Visitor,False,False
0,0.0,1,13.93,18,370.04,0.1,0.13,4.13,0.1,Nov,2,3,2,3,Returning_Visitor,False,False
0,98.36,1,32.56,35,977.77,0.07,0.12,6.33,0.15,Nov,2,3,4,6,Returning_Visitor,False,False
2,217.0,2,120.06,80,2138.85,0.03,0.04,14.37,0.1,Nov,3,2,1,6,Returning_Visitor,True,False
3,386.55,1,11.72,54,2004.81,0.01,0.02,11.05,0.17,Oct,2,4,8,1,Returning_Visitor,False,True
1,111.32,1,70.9,40,1172.86,0.05,0.05,4.84,0.12,Dec,3,3,1,6,Returning_Visitor,True,False
1,157.09,1,38.45,61,1904.35,0.02,0.06,6.82,0.15,Nov,2,2,1,6,Returning_Visitor,False,False
2,185.32,1,58.88,65,1551.36,0.01,0.05,5.84,0.14,Nov,2,3,1,6,Returning_Visitor,False,False
2,109.79,1,41.07,51,1646.24,0.01,0.03,4.48,0.18,May,3,2,1,6,Returning_Visitor,False,False
1,125.81,1,27.03,49,1704.28,0.02,0.06,4.26,0.2,Nov,2,3,1,6,Returning_Visitor,False,False
3,125.01,1,22.82,34,1800.67,0.02,0.03,5.69,0.26,May,2,2,5,13,Returning_Visitor,False,False
0,118.81,0,26.65,49,1868.64,0.01,0.05,7.83,0.21,Nov,2,2,8,6,Returning_Visitor,False,False
1,148.8,1,42.83,54,2414.23,0.03,0.07,6.84,0.14,Nov,2,3,1,1,Returning_Visitor,False,False
1,133.35,1,19.46,44,1545.53,0.02,0.07,4.05,0.12,Nov,2,3,1,6,Returning_Visitor,False,False
8,260.53,3,73.86,68,1520.05,0.01,0.03,0.0,0.08,Nov,1,1,1,6,Returning_Visitor,False,False
1,137.15,1,42.52,51,1756.65,0.02,0.05,6.12,0.16,Nov,2,2,1,6,Returning_Visitor,False,True
2,183.63,1,17.34,46,1610.14,0.01,0.06,4.87,0.0,Mar,2,13,1,6,Returning_Visitor,False,False
0,86.34,1,23.38,19,389.74,0.09,0.1,3.67,0.12,Nov,2,3,1,6,Returning_Visitor,False,False
1,120.73,1,21.35,53,3593.13,0.02,0.07,5.18,0.14,Nov,2,3,1,6,Returning_Visitor,False,False
2,185.66,1,30.59,54,1768.92,0.01,0.04,7.64,0.15,Nov,2,2,2,6,Returning_Visitor,False,False
2,66.35,1,0.0,46,1409.36,0.01,0.04,0.49,0.1,Nov,1,1,7,1,Returning_Visitor,False,False
0,82.59,1,9.22,3,1662.03,0.0,0.09,1.94,0.13,Nov,2,3,1,1,Returning_Visitor,False,False
3,167.05,1,20.09,51,1875.82,0.02,0.05,4.22,0.18,Nov,2,3,1,6,Returning_Visitor,False,False
0,0.0,0,20.62,16,951.94,0.03,0.12,3.33,0.13,Nov,2,1,2,2,Returning_Visitor,False,False
0,65.71,1,0.0,25,988.08,0.02,0.08,2.13,0.14,Nov,2,2,1,2,Returning_Visitor,False,False
2,133.5,0,4.66,25,1296.14,0.02,0.04,0.75,0.15,Mar,2,13,1,6,Returning_Visitor,False,False
1,175.8,1,35.34,58,1691.26,0.02,0.06,7.11,0.15,Nov,2,2,1,6,Returning_Visitor,False,True
2,340.59,0,138.12,43,1869.59,0.0,0.03,14.88,0.08,Nov,4,1,3,1,Returning_Visitor,False,True
2,152.62,1,59.31,77,1342.77,0.01,0.03,7.38,0.16,Nov,2,2,1,6,Returning_Visitor,False,False
0,79.19,0,16.71,39,1750.71,0.01,0.07,4.89,0.13,Nov,2,2,3,2,Returning_Visitor,False,False
0,70.17,0,17.86,6,797.05,0.11,0.13,3.19,0.09,Mar,2,3,2,3,Returning_Visitor,True,False
2,166.91,1,36.23,60,1565.56,0.01,0.05,5.91,0.15,Nov,2,2,1,6,Returning_Visitor,False,False
1,118.07,1,25.14,44,1506.1,0.01,0.05,2.99,0.14,Nov,2,3,1,6,Returning_Visitor,False,True
3,160.14,1,4.77,31,669.09,0.02,0.04,2.38,0.19,Nov,2,2,8,2,Returning_Visitor,False,True
0,201.07,2,140.37,49,1127.79,0.04,0.04,18.88,0.12,Nov,3,2,9,2,Returning_Visitor,True,False
0,47.33,1,29.88,20,755.44,0.2,0.13,3.98,0.11,Nov,3,3,1,6,Returning_Visitor,False,False
2,119.27,1,19.37,39,1359.02,0.02,0.1,6.09,0.0,Nov,2,3,1,6,Returning_Visitor,False,False
3,47.5,1,92.57,85,2602.21,0.01,0.03,3.3,0.15,Nov,2,13,1,6,Returning_Visitor,False,False
0,112.86,0,6.18,13,1538.71,0.03,0.04,2.74,0.21,Nov,2,1,3,6,Returning_Visitor,False,False
2,131.0,1,15.93,46,1691.06,0.02,0.04,2.25,0.19,Nov,2,2,8,6,Returning_Visitor,False,False
4,157.19,2,45.8,67,2238.08,0.01,0.04,13.76,0.18,Mar,2,2,1,6,Returning_Visitor,False,True
1,156.31,1,25.7,52,1630.53,0.02,0.05,6.09,0.17,Dec,2,2,1,6,Returning_Visitor,False,False
5,260.0,1,37.62,85,1611.24,0.02,0.02,0.0,0.1,Mar,2,1,2,6,Returning_Visitor,True,False
3,193.6,1,56.12,62,390.5,0.01,0.04,9.14,0.14,Nov,2,2,1,6,Returning_Visitor,False,False
1,164.04,1,18.64,46,1858.57,0.01,0.04,3.84,0.17,Nov,2,2,7,6,Returning_Visitor,False,False
2,230.47,1,24.17,19,556.93,0.03,0.07,2.46,0.14,Nov,2,3,1,1,New_Visitor,False,False
1,146.28,1,19.43,43,1445.95,0.02,0.07,3.65,0.15,Nov,2,3,1,6,Returning_Visitor,False,False
2,146.68,0,21.59,53,1413.72,0.04,0.09,3.47,0.09,Nov,1,1,1,1,Returning_Visitor,False,False
2,229.54,0,0.0,83,1968.05,0.0,0.01,11.23,0.11,Aug,2,5,2,6,Returning_Visitor,False,True
0,37.44,1,18.38,20,1819.59,0.02,0.06,1.85,0.14,May,2,2,8,6,Returning_Visitor,False,False
0,47.07,1,72.42,47,856.33,0.02,0.05,4.88,0.4,Nov,3,2,7,4,Returning_Visitor,False,False
1,142.35,1,46.39,59,1828.03,0.02,0.06,9.41,0.22,Nov,2,2,1,6,Returning_Visitor,False,False
0,0.0,0,4.26,21,1901.52,0.01,0.08,1.02,0.08,Nov,1,1,7,2,Returning_Visitor,False,False
1,160.31,1,30.1,56,1134.49,0.01,0.03,4.35,0.25,Dec,2,2,8,6,New_Visitor,False,False
1,112.43,1,31.17,49,1454.77,0.03,0.08,5.71,0.14,Nov,2,3,1,6,Returning_Visitor,False,False
0,52.78,1,12.23,26,978.67,0.04,0.1,2.36,0.11,Nov,2,1,2,6,Returning_Visitor,False,False
9,184.91,1,13.18,63,2429.23,0.01,0.04,9.79,0.0,Mar,4,4,2,3,Returning_Visitor,False,False
2,194.46,0,9.56,14,1823.76,0.01,0.05,4.25,0.13,Nov,2,1,1,6,Returning_Visitor,False,True
3,105.28,1,22.95,36,1335.77,0.01,0.02,10.93,0.15,May,2,13,1,2,Returning_Visitor,False,False
2,156.34,0,28.79,53,2409.3,0.01,0.01,10.32,0.15,Mar,2,13,1,1,Returning_Visitor,False,False
6,129.54,2,120.8,60,684.34,0.02,0.02,0.0,0.27,Nov,3,2,1,6,Returning_Visitor,True,False
2,175.27,1,35.47,45,703.83,0.01,0.03,12.35,0.15,Nov,2,2,8,6,Returning_Visitor,False,False
0,34.81,1,8.33,18,97.0,0.02,0.07,2.01,0.13,Nov,2,2,2,2,Returning_Visitor,False,True
0,0.0,1,28.98,20,494.24,0.2,0.13,4.41,0.13,Mar,3,3,1,3,Returning_Visitor,False,False
0,142.34,1,19.74,18,507.22,0.02,0.04,3.62,0.14,Nov,2,3,1,2,Returning_Visitor,False,False
2,153.83,1,25.48,51,2044.71,0.01,0.06,8.36,0.17,May,2,13,1,6,Returning_Visitor,False,False
2,125.07,1,11.44,42,1350.78,0.01,0.04,2.17,0.19,Nov,2,2,1,6,New_Visitor,False,False
2,157.01,1,24.1,47,1535.42,0.01,0.06,3.99,0.15,Nov,2,3,1,6,Returning_Visitor,False,False
2,207.42,0,7.36,49,1622.3,0.02,0.06,5.22,0.24,Nov,4,1,3,6,Returning_Visitor,False,False
1,158.45,1,15.03,41,1564.04,0.01,0.05,4.48,0.16,Nov,2,3,1,6,Returning_Visitor,False,False
0,25.05,1,29.36,5,373.24,0.1,0.12,2.41,0.0,Mar,3,2,1,3,Returning_Visitor,False,False
1,151.88,1,47.2,57,249.0,0.05,0.09,10.85,0.0,Nov,2,3,1,1,Returning_Visitor,False,False
2,96.42,1,7.01,15,718.8,0.01,0.04,0.0,0.2,Nov,2,3,1,6,Returning_Visitor,False,False
2,174.63,1,38.07,51,1656.96,0.01,0.05,6.31,0.15,Nov,2,3,1,6,Returning_Visitor,False,False
1,105.65,1,18.21,55,314.83,0.03,0.04,3.7,0.0,Nov,2,2,3,6,Returning_Visitor,False,False
4,208.66,2,20.0,95,2403.29,0.02,0.04,14.65,0.17,Nov,2,3,1,6,Returning_Visitor,False,False
3,304.19,2,100.15,68,2651.44,0.03,0.04,8.75,0.14,Nov,2,1,2,1,Returning_Visitor,True,False
3,186.76,1,20.3,49,1749.94,0.02,0.06,1.65,0.11,Nov,1,1,1,6,Returning_Visitor,False,False
1,183.04,1,19.78,51,1785.42,0.01,0.01,10.12,0.18,Mar,2,13,1,1,Returning_Visitor,False,False
1,152.15,1,28.95,47,1469.6,0.02,0.08,5.36,0.14,Nov,2,3,1,6,Returning_Visitor,False,False
1,99.79,1,18.91,40,1196.38,0.07,0.08,3.03,0.11,Nov,8,1,1,1,Returning_Visitor,False,False
4,36.37,1,0.0,29,535.95,0.03,0.03,0.0,0.0,Mar,3,3,1,3,Returning_Visitor,False,False
1,175.83,1,58.77,74,1869.37,0.02,0.06,8.96,0.37,Nov,3,2,1,4,Returning_Visitor,False,False
1,84.31,1,36.39,36,1730.23,0.02,0.03,0.0,0.33,May,2,2,7,6,Returning_Visitor,False,False
2,102.0,0,9.11,40,1262.4,0.01,0.03,2.9,0.15,May,2,2,7,2,Returning_Visitor,False,False
0,101.84,1,26.3,46,2006.17,0.02,0.06,4.04,0.18,May,2,2,2,6,Returning_Visitor,False,False
2,179.26,0,11.27,41,678.48,0.02,0.07,8.48,0.15,Nov,4,1,3,1,Returning_Visitor,False,True
1,0.0,1,41.87,57,1726.56,0.01,0.01,12.0,0.2,Nov,2,13,1,6,Returning_Visitor,False,True
3,176.47,1,72.62,73,1647.94,0.02,0.03,5.18,0.0,Dec,2,2,1,13,Returning_Visitor,False,False
1,23.2,1,40.59,21,977.16,0.06,0.09,2.32,0.12,May,3,2,1,3,Returning_Visitor,False,False
2,159.69,1,42.23,66,381.75,0.01,0.03,3.98,0.19,Nov,2,2,1,2,Returning_Visitor,False,False
2,140.25,1,21.35,54,2177.92,0.01,0.04,6.55,0.15,Nov,3,2,7,6,Returning_Visitor,False,True
1,135.51,1,27.37,45,550.71,0.01,0.02,0.0,0.17,Nov,2,2,7,2,Returning_Visitor,False,False
6,241.03,1,82.79,75,1907.32,0.01,0.03,12.79,0.25,May,2,2,1,6,Returning_Visitor,True,False
1,127.02,1,0.0,11,1010.12,0.02,0.06,2.84,0.12,Nov,2,3,1,2,Returning_Visitor,False,False
5,195.5,4,145.1,86,1358.09,0.01,0.03,12.78,0.17,Nov,2,2,1,6,Returning_Visitor,False,False
1,111.38,1,18.05,48,1385.71,0.02,0.08,3.69,0.13,Nov,2,3,2,6,Returning_Visitor,False,False
6,505.78,7,84.71,287,2745.46,0.01,0.07,1.09,0.09,Sep,1,1,1,1,Returning_Visitor,False,False
2,171.75,1,26.61,24,886.39,0.02,0.04,1.56,0.14,Dec,2,2,1,6,New_Visitor,False,False
0,152.93,1,78.68,83,1105.97,0.01,0.03,12.36,0.29,Nov,2,2,1,6,Returning_Visitor,True,True
1,162.86,1,22.57,63,2604.39,0.01,0.05,13.22,0.19,Nov,2,2,3,6,Returning_Visitor,False,True
3,220.92,1,9.61,52,849.48,0.0,0.06,4.27,0.12,Nov,2,13,1,2,New_Visitor,False,False
2,182.82,1,46.42,69,1698.42,0.01,0.04,0.0,0.18,Nov,2,2,1,6,Returning_Visitor,False,True
1,174.2,1,29.37,39,892.65,0.01,0.04,1.68,0.0,Nov,2,2,1,2,Returning_Visitor,False,False
3,188.04,1,8.5,43,2257.67,0.01,0.04,5.02,0.12,Mar,1,1,1,1,Returning_Visitor,False,False
2,175.51,1,58.16,76,2162.07,0.01,0.04,13.55,0.14,Nov,2,2,1,6,Returning_Visitor,False,False
1,126.21,1,26.44,42,1399.89,0.02,0.07,3.91,0.16,Nov,2,2,1,6,Returning_Visitor,False,False
3,232.08,1,34.87,59,1791.03,0.01,0.03,12.47,0.13,Nov,2,13,1,6,Returning_Visitor,False,True
1,102.47,1,12.52,47,2245.83,0.0,0.02,5.95,0.17,Nov,2,2,8,1,Returning_Visitor,False,False
1,162.67,1,20.88,39,1972.34,0.03,0.06,5.5,0.17,Nov,2,3,1,1,Returning_Visitor,False,False
1,141.65,1,38.63,60,1806.68,0.0,0.02,14.66,0.2,Aug,2,2,8,4,Returning_Visitor,False,True
1,190.11,0,88.69,89,1981.43,0.01,0.04,258.55,0.37,Nov,3,2,8,4,Returning_Visitor,False,True
0,37.81,1,13.23,23,877.27,0.04,0.1,2.81,0.11,Mar,2,3,2,6,Returning_Visitor,False,False
8,111.0,2,58.57,43,2066.52,0.02,0.03,0.69,0.18,Mar,2,2,1,2,Returning_Visitor,False,True
2,187.46,1,8.94,43,1112.19,0.01,0.05,2.55,0.16,Nov,2,3,1,2,New_Visitor,False,False
2,173.5,1,54.54,62,1954.75,0.01,0.05,9.98,0.18,Nov,2,2,1,6,Returning_Visitor,False,False
0,39.95,0,0.0,36,1641.96,0.01,0.08,1.44,0.12,Nov,2,2,3,1,New_Visitor,False,False
1,174.24,1,10.28,38,1560.52,0.02,0.04,3.82,0.37,May,2,2,3,6,Returning_Visitor,False,False
1,176.77,1,24.65,56,1702.56,0.01,0.05,0.0,0.17,Nov,2,2,2,6,Returning_Visitor,False,True
2,59.38,1,0.0,41,957.71,0.02,0.09,1.18,0.1,Nov,1,1,1,3,Returning_Visitor,False,False
2,187.99,1,12.38,45,2011.29,0.01,0.05,8.91,0.0,Mar,2,4,1,6,New_Visitor,False,False
5,303.38,4,295.4,58,2195.12,0.02,0.05,7.15,0.15,Jul,1,1,7,1,Returning_Visitor,False,False
5,298.0,1,12.4,51,1819.53,0.01,0.04,2.67,0.12,Nov,1,1,8,6,Returning_Visitor,False,False
0,129.72,1,0.0,33,1137.42,0.02,0.08,3.73,0.0,Nov,2,2,1,6,Returning_Visitor,False,False
5,175.07,3,33.96,59,3445.01,0.03,0.03,0.0,0.2,Mar,2,4,1,1,Returning_Visitor,False,False
2,83.47,1,0.0,29,1413.86,0.01,0.05,1.01,0.14,Nov,2,1,3,6,Returning_Visitor,False,False
10,230.53,2,103.45,85,2782.0,0.01,0.03,26.66,0.13,Nov,3,2,1,13,Returning_Visitor,False,False
1,73.94,0,0.0,29,2069.8,0.02,0.05,2.09,0.14,Mar,4,1,3,1,Returning_Visitor,False,False
2,139.77,0,32.09,55,595.77,0.06,0.08,5.4,0.09,Nov,3,1,1,6,Returning_Visitor,True,False
0,0.0,1,14.79,32,263.17,0.0,0.02,1.38,0.15,Nov,5,3,1,8,Returning_Visitor,False,False
2,166.82,1,18.69,51,1858.83,0.01,0.05,5.77,0.14,Nov,2,2,2,6,Returning_Visitor,False,False
1,119.15,1,28.47,27,986.07,0.1,0.11,3.49,0.0,Mar,2,3,1,1,Returning_Visitor,False,False
1,108.46,1,10.29,56,3033.69,0.01,0.05,8.53,0.25,Nov,2,2,3,6,Returning_Visitor,False,False
4,217.13,2,99.31,84,1963.78,0.0,0.04,16.88,0.0,Nov,2,2,1,4,Returning_Visitor,False,False
2,161.91,1,46.91,61,1937.12,0.02,0.06,9.27,0.13,Nov,2,3,1,6,Returning_Visitor,False,True
1,145.35,1,25.05,43,1344.6,0.02,0.07,4.62,0.14,Nov,2,3,1,6,Returning_Visitor,False,True
0,0.0,1,27.52,43,1914.05,0.01,0.06,7.35,0.16,Nov,2,2,2,2,Returning_Visitor,False,False
0,0.0,1,22.39,4,327.53,0.06,0.11,2.23,0.12,Nov,2,3,1,2,Returning_Visitor,False,False
1,119.12,1,17.61,38,988.38,0.03,0.09,4.12,0.12,Nov,2,3,1,6,Returning_Visitor,False,False
2,147.98,1,0.0,31,424.93,0.01,0.06,2.83,0.12,Mar,2,13,1,20,New_Visitor,False,False
3,369.06,1,55.66,44,2085.83,0.02,0.05,6.39,0.0,Nov,1,1,2,1,New_Visitor,False,False
3,81.0,1,77.37,46,1418.85,0.05,0.02,2.22,0.17,Mar,3,2,1,6,Returning_Visitor,True,False
1,174.23,1,28.67,59,1735.39,0.0,0.04,3.26,0.19,Nov,2,2,1,6,Returning_Visitor,False,False
4,239.72,2,87.41,59,1762.93,0.01,0.03,5.33,0.14,Nov,2,2,1,10,Returning_Visitor,False,False
4,36.67,1,57.07,37,1758.16,0.04,0.05,1.65,0.11,Mar,3,3,1,1,Returning_Visitor,False,False
1,169.77,1,25.38,47,1510.89,0.02,0.07,4.38,0.18,Nov,2,3,1,1,Returning_Visitor,False,False
1,199.24,1,79.22,96,1766.8,0.01,0.03,14.77,0.17,Nov,2,2,2,6,Returning_Visitor,False,False
2,191.25,1,40.39,53,2485.47,0.02,0.02,14.8,0.0,Nov,2,2,2,1,Returning_Visitor,False,False
1,162.89,1,46.02,63,1618.4,0.02,0.06,7.4,0.15,Nov,2,2,2,6,Returning_Visitor,True,False
3,185.82,1,3.92,35,1711.98,0.01,0.06,0.0,0.15,Nov,1,1,1,6,Returning_Visitor,False,False
2,133.47,1,12.57,38,328.9,0.01,0.03,1.86,0.16,Nov,2,2,1,2,Returning_Visitor,False,False
1,255.59,0,14.25,52,1549.2,0.01,0.07,9.37,0.11,Sep,2,2,3,6,Returning_Visitor,False,True
1,32.86,1,1.48,23,744.26,0.01,0.08,0.61,0.13,Nov,1,1,7,2,Returning_Visitor,False,False
0,132.06,1,46.2,62,2842.82,0.01,0.03,12.94,0.15,Nov,2,3,2,1,Returning_Visitor,False,False
1,24.38,1,3.25,28,508.22,0.04,0.12,1.71,0.17,Nov,1,1,2,3,Returning_Visitor,False,True
2,173.83,1,50.64,59,2368.43,0.01,0.05,13.49,0.14,Nov,2,3,1,6,Returning_Visitor,False,False
5,867.92,2,98.86,85,2196.0,0.0,0.05,8.11,0.12,Nov,8,3,1,6,Returning_Visitor,False,False
2,108.61,1,35.84,55,1657.97,0.08,0.12,3.7,0.0,Nov,1,1,1,1,Returning_Visitor,False,False
3,157.15,1,56.86,74,1833.11,0.02,0.02,6.52,0.16,Nov,3,2,1,6,Returning_Visitor,True,False
6,145.95,2,42.05,47,2014.76,0.02,0.04,1.74,0.15,Nov,1,1,1,3,Returning_Visitor,False,True
2,177.85,1,30.42,59,1340.75,0.01,0.04,11.0,0.19,Nov,2,2,1,6,Returning_Visitor,False,True
0,23.26,1,23.85,27,1327.37,0.01,0.07,3.88,0.14,Nov,2,2,2,2,Returning_Visitor,False,False
0,69.15,1,0.0,14,889.35,0.11,0.12,5.57,0.13,Nov,3,2,1,6,Returning_Visitor,False,False
3,139.0,0,17.97,43,1948.71,0.02,0.02,2.45,0.13,Mar,3,2,7,2,Returning_Visitor,False,False
2,218.63,1,59.8,80,1695.57,0.0,0.05,8.76,0.11,Nov,2,2,2,6,Returning_Visitor,False,True
2,198.22,1,91.7,77,2529.95,0.02,0.03,44.06,0.17,Nov,3,2,1,6,Returning_Visitor,False,True
2,116.18,0,10.05,14,1744.88,0.03,0.04,2.59,0.17,Mar,2,13,1,1,Returning_Visitor,False,False
1,68.74,1,11.97,38,1815.82,0.02,0.07,1.62,0.14,Nov,2,1,8,6,Returning_Visitor,False,False
1,123.97,2,91.77,35,902.58,0.07,0.08,8.93,0.22,Nov,2,2,1,1,Returning_Visitor,False,False
1,143.31,1,5.0,47,1443.69,0.01,0.05,4.55,0.28,May,2,2,3,2,Returning_Visitor,False,True
2,147.87,1,16.88,49,1618.79,0.02,0.06,3.14,0.14,Nov,2,3,1,6,Returning_Visitor,False,True
3,143.0,1,4.25,17,1512.18,0.03,0.04,1.02,0.23,Nov,2,2,7,2,Returning_Visitor,False,False
0,128.26,1,32.91,47,4492.31,0.03,0.07,7.18,0.16,Nov,2,2,1,1,Returning_Visitor,False,True
1,76.64,1,13.09,45,2107.35,0.06,0.1,2.92,0.12,Mar,4,1,2,1,Returning_Visitor,False,False
0,39.15,1,32.46,25,715.77,0.06,0.11,3.74,0.0,Mar,2,2,2,6,Returning_Visitor,False,False
2,180.88,1,0.0,53,2431.24,0.02,0.06,3.73,0.38,Nov,2,3,1,6,Returning_Visitor,False,False
4,177.37,1,5.03,45,197.2,0.01,0.04,1.33,0.0,Nov,1,1,1,3,Returning_Visitor,False,True
2,139.28,0,4.58,54,2078.58,0.02,0.02,1.83,0.15,Mar,4,1,8,3,Returning_Visitor,False,False
2,179.29,1,17.65,45,2035.7,0.01,0.05,4.84,0.21,May,2,1,1,6,Returning_Visitor,False,False
2,166.34,1,17.16,51,1698.78,0.02,0.06,3.19,0.16,Nov,2,3,1,6,Returning_Visitor,False,False
0,144.41,1,29.43,23,2040.11,0.01,0.04,13.58,0.16,Nov,2,2,1,6,Returning_Visitor,False,True
1,71.65,0,28.08,43,2513.9,0.04,0.05,5.62,0.16,Nov,2,1,7,1,Returning_Visitor,False,False
0,9.93,0,6.16,31,872.94,0.01,0.02,0.85,0.13,May,2,2,8,2,Returning_Visitor,False,False
2,140.5,1,4.86,43,431.5,0.01,0.01,0.93,0.18,Nov,2,2,8,6,Returning_Visitor,False,False
3,135.08,1,6.08,51,1242.73,0.01,0.03,5.38,0.25,May,2,13,7,2,Returning_Visitor,False,False
5,147.21,1,4.86,32,494.64,0.01,0.04,0.0,0.2,Nov,2,2,7,2,Returning_Visitor,False,False
0,12.01,1,0.0,13,82.0,0.05,0.11,3.41,0.14,May,2,2,1,6,Returning_Visitor,False,False
3,119.68,0,21.53,65,2048.25,0.01,0.03,1.73,0.19,Nov,2,2,8,1,Returning_Visitor,False,False
1,125.94,1,24.97,55,1636.21,0.01,0.05,4.16,0.12,Nov,2,3,2,6,Returning_Visitor,False,False
1,142.11,1,23.92,42,1544.64,0.02,0.07,3.24,0.12,Nov,2,1,1,6,Returning_Visitor,False,False
0,75.62,0,13.66,30,1160.56,0.08,0.09,3.83,0.46,Nov,2,2,3,11,Returning_Visitor,True,False
0,52.02,1,15.19,28,1050.53,0.04,0.1,2.93,0.11,Nov,2,1,2,2,Returning_Visitor,False,False
6,295.79,2,70.24,28,864.1,0.01,0.02,1.43,0.0,Sep,2,2,8,6,Returning_Visitor,False,False
1,150.23,1,32.81,32,862.45,0.03,0.1,7.41,0.11,Nov,2,3,6,6,Returning_Visitor,False,False
0,156.39,1,94.75,57,2295.15,0.03,0.02,44.99,0.32,Nov,3,2,4,6,Returning_Visitor,False,True
0,0.0,1,32.23,23,0.0,0.09,0.12,3.98,0.13,Mar,2,2,1,1,Returning_Visitor,False,False
1,163.31,1,38.72,56,1692.41,0.01,0.05,5.5,0.28,Nov,2,2,1,6,Returning_Visitor,False,True
2,166.79,0,8.6,36,1298.39,0.02,0.05,0.0,0.14,Mar,2,3,1,6,Returning_Visitor,False,False
2,174.65,1,17.2,52,1755.02,0.0,0.05,4.59,0.11,Nov,8,1,1,6,Returning_Visitor,False,True
2,155.01,1,21.4,49,1951.1,0.02,0.07,2.76,0.13,Nov,1,1,4,1,Returning_Visitor,False,False
1,35.45,1,13.06,37,1588.9,0.06,0.11,0.0,0.1,Nov,1,1,1,1,Returning_Visitor,False,False
1,57.24,1,9.84,24,1189.44,0.01,0.09,0.0,0.0,Nov,1,3,1,2,Returning_Visitor,False,False
0,102.54,1,0.0,28,841.28,0.05,0.09,4.69,0.13,Nov,2,2,1,2,Returning_Visitor,False,False
5,85.33,2,92.13,213,3011.21,0.01,0.03,13.22,0.18,Nov,2,13,1,6,Returning_Visitor,False,True
3,78.5,1,44.7,60,1897.83,0.01,0.02,11.38,0.15,Dec,2,4,1,6,Returning_Visitor,True,False
0,45.1,0,8.38,21,1245.67,0.02,0.07,0.0,0.14,Nov,2,3,7,2,Returning_Visitor,False,False
2,175.13,1,44.83,63,1751.19,0.01,0.05,9.3,0.15,Nov,2,2,1,6,Returning_Visitor,False,False
2,187.08,1,22.48,57,1852.99,0.02,0.06,6.88,0.13,Nov,2,1,1,6,Returning_Visitor,False,False
1,99.63,1,35.61,55,1248.35,0.01,0.03,5.82,0.22,Nov,2,2,8,6,Returning_Visitor,False,False
3,397.98,1,45.92,63,1933.9,0.0,0.03,12.72,0.08,Sep,4,4,2,1,Returning_Visitor,True,False
2,168.93,0,31.28,50,1621.22,0.02,0.06,5.49,0.17,Nov,2,3,1,6,Returning_Visitor,False,True
2,146.82,1,25.78,50,1658.01,0.01,0.06,0.0,0.13,Nov,2,1,1,6,Returning_Visitor,False,False
4,420.57,2,61.74,76,1897.38,0.01,0.05,10.84,0.16,Sep,2,4,1,10,Returning_Visitor,False,True
1,161.12,1,27.87,56,1606.34,0.01,0.06,4.94,0.13,Nov,2,3,1,6,Returning_Visitor,False,True
1,118.31,1,24.96,40,1187.12,0.03,0.08,4.57,0.12,Nov,2,2,1,6,Returning_Visitor,True,False
1,104.0,2,14.0,53,1720.59,0.02,0.07,4.75,0.5,Nov,3,3,1,4,Returning_Visitor,False,False
0,22.27,0,28.08,9,0.0,0.05,0.1,1.95,0.1,Nov,2,2,1,2,Returning_Visitor,False,False
1,90.87,1,48.11,24,1083.81,0.07,0.12,6.21,0.11,Mar,3,3,1,6,Returning_Visitor,False,False
2,198.83,1,30.34,53,1825.11,0.0,0.04,4.31,0.13,Nov,2,3,1,2,Returning_Visitor,False,False
1,28.95,1,7.92,27,643.33,0.06,0.12,0.0,0.1,Nov,2,1,2,3,Returning_Visitor,False,False
1,161.13,1,20.88,48,1603.22,0.02,0.06,3.81,0.13,Nov,2,3,1,6,Returning_Visitor,False,False
3,141.58,1,20.22,46,1878.2,0.02,0.06,2.39,0.12,Nov,1,1,1,6,Returning_Visitor,False,False
0,102.12,0,17.24,32,1610.85,0.03,0.04,4.87,0.29,Nov,2,2,3,6,Returning_Visitor,False,False
1,184.83,1,30.45,54,1923.97,0.01,0.02,8.49,0.18,Nov,2,3,1,5,Returning_Visitor,False,False
2,153.0,1,61.68,67,1632.84,0.01,0.03,4.22,0.2,Nov,2,2,1,6,Returning_Visitor,False,False
1,128.83,1,31.76,47,1213.9,0.03,0.07,5.71,0.14,Nov,2,2,1,6,Returning_Visitor,False,False
0,145.73,0,24.04,46,1434.07,0.02,0.04,2.3,0.47,May,4,2,3,6,Returning_Visitor,False,False
3,215.28,1,31.93,55,2607.3,0.01,0.01,12.79,0.15,May,2,4,1,6,Returning_Visitor,False,False
4,154.14,1,48.98,52,1923.8,0.01,0.05,4.22,0.0,Nov,8,1,2,6,Returning_Visitor,False,False
2,150.36,1,15.78,47,1632.62,0.01,0.05,5.1,0.13,Nov,2,3,1,6,Returning_Visitor,False,True
1,127.36,1,22.81,46,1298.83,0.02,0.08,3.94,0.14,Nov,2,3,1,6,Returning_Visitor,False,False
1,98.6,1,18.14,50,1293.44,0.02,0.05,3.46,0.19,Nov,3,2,2,13,Returning_Visitor,False,False
3,142.08,1,0.0,53,2024.35,0.0,0.03,2.92,0.19,Nov,2,2,7,6,Returning_Visitor,False,False
2,39.85,1,12.29,30,760.95,0.07,0.09,1.45,0.1,Nov,1,1,1,3,Returning_Visitor,False,False
2,205.64,1,14.95,54,1603.89,0.0,0.05,6.88,0.15,Nov,2,2,8,6,Returning_Visitor,False,False
2,129.08,1,30.72,44,1254.31,0.02,0.07,2.4,0.13,Nov,2,3,1,6,Returning_Visitor,False,True
1,126.29,1,14.36,39,1319.27,0.03,0.07,3.44,0.15,Nov,2,3,1,6,Returning_Visitor,False,False
2,159.19,1,21.08,53,1645.17,0.02,0.06,4.6,0.16,Nov,2,3,1,6,Returning_Visitor,False,False
1,178.8,1,31.42,62,2180.66,0.01,0.05,11.74,0.15,Nov,2,3,1,6,Returning_Visitor,False,False
3,98.16,1,79.8,62,1414.59,0.01,0.02,11.89,0.18,May,2,2,1,2,Returning_Visitor,False,True
2,165.44,0,18.0,44,1106.61,0.02,0.07,3.32,0.15,Mar,2,3,1,6,Returning_Visitor,False,False
0,50.36,0,14.53,33,1214.45,0.01,0.06,3.69,0.16,May,2,2,2,2,Returning_Visitor,False,False
2,167.86,1,25.08,58,1725.79,0.01,0.06,6.77,0.16,Nov,2,2,1,6,Returning_Visitor,False,True
5,155.73,1,9.59,32,1474.91,0.02,0.04,3.41,0.22,Mar,2,2,1,1,Returning_Visitor,False,False
3,251.37,1,74.23,30,2285.68,0.01,0.04,11.81,0.0,Sep,2,1,7,10,Returning_Visitor,False,False
1,120.23,1,51.12,28,1570.96,0.08,0.1,0.0,0.11,Nov,3,2,1,6,Returning_Visitor,False,False
4,48.83,2,81.3,108,1379.51,0.0,0.03,30.1,0.25,Aug,2,2,1,4,Returning_Visitor,False,False
0,89.79,1,15.32,35,1598.34,0.0,0.05,3.01,0.11,Nov,2,3,1,2,Returning_Visitor,False,False
1,189.43,0,21.95,58,1691.78,0.01,0.05,4.53,0.19,Nov,2,3,2,6,Returning_Visitor,False,False
6,239.61,2,73.57,9,1251.44,0.01,0.02,10.96,0.0,Nov,2,4,1,6,Returning_Visitor,False,False
4,205.3,1,88.33,34,2967.16,0.01,0.01,23.13,0.09,Mar,2,13,2,6,Returning_Visitor,False,False
6,120.5,0,0.0,54,1943.8,0.02,0.03,0.0,0.17,Mar,2,2,8,3,Returning_Visitor,False,False
1,114.96,1,20.37,41,1833.04,0.02,0.08,2.58,0.0,Mar,2,1,1,1,Returning_Visitor,False,False
0,36.72,1,24.9,28,1262.64,0.02,0.07,3.26,0.13,Nov,2,2,1,2,Returning_Visitor,False,False
0,22.92,1,31.06,15,287.14,0.06,0.07,1.83,0.13,Nov,2,3,1,2,Returning_Visitor,False,False
0,59.03,1,42.41,45,1816.36,0.02,0.07,7.07,0.17,Nov,2,2,2,6,Returning_Visitor,False,True
1,148.65,1,24.52,40,1458.53,0.02,0.07,4.06,0.13,Nov,2,3,1,6,Returning_Visitor,False,False
3,40.4,1,41.54,52,1732.81,0.01,0.03,2.38,0.18,May,2,1,2,3,Returning_Visitor,False,False
0,0.0,0,0.0,22,433.11,0.01,0.06,3.11,0.13,Nov,2,3,1,2,New_Visitor,False,True
1,152.78,1,14.51,47,1509.65,0.01,0.06,3.93,0.14,Nov,2,3,1,6,Returning_Visitor,False,False
3,77.0,1,58.45,79,1344.54,0.01,0.02,15.96,0.16,May,2,2,1,2,Returning_Visitor,False,True
1,172.72,1,21.2,56,1820.51,0.01,0.05,8.29,0.19,Nov,2,13,1,6,Returning_Visitor,False,False
7,242.47,2,40.62,66,2174.87,0.02,0.04,5.84,0.15,Nov,1,1,7,10,Returning_Visitor,False,False
2,66.93,2,81.95,65,2493.71,0.03,0.05,4.19,0.17,Nov,2,2,7,1,Returning_Visitor,False,False
1,141.23,1,52.52,60,1659.04,0.02,0.06,0.0,0.2,May,2,2,3,6,Returning_Visitor,False,False
2,73.0,1,6.19,44,2042.51,0.04,0.08,1.79,0.1,Nov,1,1,7,1,Returning_Visitor,False,False
2,150.5,1,24.34,54,1813.13,0.02,0.05,5.14,0.16,Nov,2,3,1,6,Returning_Visitor,False,False
2,147.28,1,57.32,47,910.23,0.02,0.03,3.66,0.14,Nov,2,2,1,2,New_Visitor,False,False
2,155.66,1,26.95,48,1645.76,0.02,0.05,3.21,0.14,Mar,2,3,1,1,Returning_Visitor,False,False
0,164.22,1,0.0,13,869.54,0.01,0.05,3.11,0.11,Nov,2,2,1,2,New_Visitor,False,False
1,157.23,1,25.32,41,1467.32,0.02,0.08,5.19,0.14,Nov,2,3,6,6,Returning_Visitor,False,False
0,103.2,1,0.0,41,1916.87,0.01,0.05,4.55,0.18,Nov,2,2,8,1,Returning_Visitor,False,False
2,162.59,1,33.77,59,1805.41,0.02,0.06,6.7,0.15,Nov,2,3,1,6,Returning_Visitor,False,True
0,67.26,1,5.66,40,1656.89,0.01,0.09,4.62,0.16,Nov,2,2,3,6,Returning_Visitor,False,False
3,140.91,0,87.14,37,871.63,0.01,0.03,1.08,0.14,Nov,2,8,1,5,Returning_Visitor,True,False
3,235.56,0,0.0,59,1547.97,0.0,0.04,1.13,0.12,Nov,1,3,6,2,New_Visitor,False,True
1,106.27,1,6.27,12,777.4,0.03,0.06,1.3,0.13,Nov,2,3,1,6,Returning_Visitor,False,False
1,78.28,1,22.07,35,1841.0,0.02,0.05,1.09,0.31,May,2,2,7,2,Returning_Visitor,False,False
0,54.82,1,10.2,19,544.24,0.07,0.12,2.04,0.1,Nov,2,1,1,2,Returning_Visitor,False,False
0,69.78,0,0.0,38,1568.64,0.01,0.05,2.06,0.0,Nov,2,2,2,2,Returning_Visitor,False,False
0,94.65,1,24.05,6,58.0,0.03,0.07,2.38,0.15,Nov,2,3,1,2,Returning_Visitor,False,False
1,126.02,1,10.17,39,1194.33,0.02,0.06,0.0,0.13,Nov,2,3,1,6,Returning_Visitor,False,False
10,381.41,2,38.2,137,2912.76,0.01,0.06,16.59,0.18,Nov,2,3,1,1,Returning_Visitor,False,False
2,187.76,1,21.63,51,1913.46,0.01,0.06,6.33,0.12,Nov,2,3,1,6,Returning_Visitor,False,False
2,162.83,1,0.0,29,1481.39,0.01,0.02,13.22,0.24,May,2,2,2,6,Returning_Visitor,False,True
3,86.38,1,78.21,7,3305.71,0.03,0.03,4.32,0.15,Mar,3,2,1,1,Returning_Visitor,False,True
0,70.83,0,0.0,20,1026.08,0.08,0.05,4.06,0.18,Nov,1,1,3,3,Returning_Visitor,False,False
5,175.7,1,107.2,121,3178.84,0.01,0.03,5.75,0.17,Nov,2,2,1,6,Returning_Visitor,False,False
3,218.31,1,28.26,59,1660.3,0.02,0.06,7.83,0.13,Oct,2,2,1,10,Returning_Visitor,False,False
1,155.46,1,46.53,62,1764.94,0.02,0.06,7.32,0.15,Nov,2,2,1,6,Returning_Visitor,False,False
0,83.14,0,30.85,44,2101.02,0.01,0.05,16.06,0.14,Nov,2,2,2,2,Returning_Visitor,False,True
1,42.11,0,9.0,27,912.94,0.07,0.12,2.6,0.0,Mar,1,1,1,3,Returning_Visitor,False,False
2,192.65,1,41.9,48,1821.4,0.02,0.06,7.34,0.22,Nov,2,3,1,1,Returning_Visitor,False,False
0,67.87,1,16.82,38,1796.87,0.02,0.07,0.0,0.13,Nov,2,2,8,1,Returning_Visitor,False,False
2,109.76,1,38.07,37,1534.08,0.03,0.02,2.81,0.23,May,2,2,7,2,Returning_Visitor,False,True
2,162.82,1,18.96,54,1245.28,0.0,0.03,2.89,0.14,Nov,2,2,1,2,New_Visitor,False,False
2,165.26,1,32.09,54,1143.44,0.01,0.04,5.08,0.19,Dec,2,2,1,6,Returning_Visitor,False,False
3,129.77,1,2.36,30,1395.79,0.02,0.02,0.13,0.13,Nov,1,1,7,6,Returning_Visitor,False,True
1,151.19,1,37.95,44,1003.0,0.01,0.05,8.53,0.27,Nov,2,1,7,6,Returning_Visitor,False,False
3,267.69,2,87.68,19,1629.68,0.01,0.04,10.66,0.24,Nov,2,2,1,6,Returning_Visitor,False,True
2,173.83,0,0.0,43,1909.05,0.01,0.05,4.3,0.0,Mar,2,13,1,6,Returning_Visitor,False,False
2,142.19,1,17.8,58,1417.33,0.01,0.03,5.38,0.18,May,2,2,7,6,New_Visitor,False,False
1,96.16,1,16.72,38,1654.16,0.02,0.06,4.71,0.15,Mar,2,3,1,1,Returning_Visitor,False,False
3,10.0,2,34.2,34,865.05,0.03,0.03,0.86,0.17,Mar,3,3,1,1,Returning_Visitor,True,False
0,67.36,0,0.0,27,1725.9,0.01,0.05,4.02,0.0,Nov,2,2,8,2,Returning_Visitor,False,True
7,190.5,3,155.7,107,2937.42,0.02,0.05,13.58,0.14,May,2,2,1,20,Returning_Visitor,False,True
0,48.99,1,5.13,21,169.17,0.04,0.09,2.18,0.18,Mar,2,3,1,1,Returning_Visitor,False,False
3,136.38,1,18.05,33,441.22,0.02,0.02,1.44,0.33,May,2,2,7,6,Returning_Visitor,False,False
5,120.58,1,22.03,48,1377.83,0.01,0.04,2.97,0.19,Nov,2,3,1,6,Returning_Visitor,False,True
1,130.55,1,28.79,23,188.51,0.02,0.06,0.0,0.17,Dec,2,13,1,6,Other,False,False
2,169.79,1,19.2,54,1697.89,0.02,0.06,3.36,0.26,Nov,2,3,1,6,Returning_Visitor,False,False
1,0.0,0,0.0,63,591.9,0.04,0.1,3.33,0.09,Jul,1,1,2,6,Returning_Visitor,False,False
1,162.17,1,28.39,51,1659.4,0.01,0.06,7.47,0.16,Nov,2,3,1,6,Returning_Visitor,False,False
6,197.94,2,121.16,62,3227.49,0.02,0.03,21.93,0.13,Nov,3,2,7,13,Returning_Visitor,False,False
2,220.02,2,52.14,55,1453.34,0.02,0.04,6.06,0.12,Nov,2,2,1,6,Returning_Visitor,False,False
2,82.93,1,0.0,66,1477.11,0.01,0.01,8.43,0.18,May,2,13,2,6,Returning_Visitor,False,False
1,104.64,1,0.0,27,1397.54,0.01,0.04,1.53,0.11,Mar,2,3,1,2,Returning_Visitor,False,False
1,46.56,1,24.25,29,844.68,0.07,0.12,3.36,0.13,Nov,3,1,1,1,Returning_Visitor,False,False
1,165.7,1,21.88,47,1911.78,0.02,0.07,7.33,0.18,Nov,2,3,1,1,Returning_Visitor,False,False
3,154.31,2,33.75,71,355.02,0.09,0.05,0.0,0.13,Nov,2,2,1,10,Returning_Visitor,False,False
0,72.91,1,5.7,37,1207.01,0.02,0.08,5.3,0.13,Nov,2,1,3,2,Returning_Visitor,False,False
9,214.14,2,111.0,95,2367.48,0.02,0.03,8.7,0.0,Dec,3,3,1,6,Returning_Visitor,False,True
1,197.14,1,21.74,49,1520.41,0.01,0.05,4.62,0.19,Nov,2,2,2,6,Returning_Visitor,False,False
0,81.34,1,57.08,4,916.64,0.1,0.12,5.86,0.12,Nov,3,2,1,2,Returning_Visitor,False,False
1,153.59,1,30.43,53,1750.77,0.02,0.06,6.81,0.14,Nov,2,2,1,6,Returning_Visitor,False,False
2,168.37,1,44.72,40,1763.65,0.02,0.05,4.08,0.13,Nov,3,3,1,6,Returning_Visitor,False,False
1,153.57,1,22.82,50,1658.75,0.02,0.06,3.97,0.14,Nov,2,3,1,6,Returning_Visitor,False,False
1,158.22,1,25.72,48,1709.04,0.01,0.05,4.76,0.0,Nov,2,2,1,6,Returning_Visitor,False,False
1,105.94,1,0.0,21,2068.37,0.02,0.05,3.29,0.12,Mar,3,3,1,6,Returning_Visitor,False,False
2,217.4,2,57.84,58,1727.19,0.03,0.08,0.0,0.14,Nov,2,3,1,6,Returning_Visitor,False,False
2,155.35,1,14.74,43,1825.64,0.02,0.08,3.02,0.2,Nov,2,1,1,6,Returning_Visitor,False,False
4,296.2,3,54.0,74,1879.82,0.01,0.08,10.91,0.0,Oct,3,1,1,5,New_Visitor,False,False
2,195.01,2,81.23,50,448.19,0.01,0.02,3.04,0.21,Nov,2,2,1,6,Returning_Visitor,False,False
1,55.33,1,7.13,38,1315.19,0.05,0.11,1.91,0.11,Nov,1,1,4,1,Returning_Visitor,False,False
0,0.0,1,9.62,38,1887.25,0.02,0.05,1.78,0.0,Nov,2,2,3,1,Returning_Visitor,False,False
0,63.74,0,5.2,28,1171.36,0.01,0.06,1.99,0.14,May,2,2,3,2,Returning_Visitor,False,False
2,11.0,1,21.71,36,1459.48,0.01,0.05,4.4,0.19,Nov,2,3,1,6,Returning_Visitor,False,True
3,199.51,1,19.85,49,2327.08,0.02,0.04,8.16,0.17,Mar,2,4,1,1,Returning_Visitor,False,True
0,24.52,1,16.26,22,1289.68,0.09,0.12,2.35,0.1,Mar,2,1,2,1,Returning_Visitor,False,False
1,171.49,1,26.37,61,1569.96,0.01,0.05,8.04,0.16,Nov,2,2,1,6,Returning_Visitor,False,False
1,140.42,1,36.92,57,2112.21,0.02,0.05,7.74,0.19,Nov,2,2,1,6,Returning_Visitor,False,False
2,96.55,1,12.7,39,1333.8,0.06,0.09,0.0,0.15,Nov,2,2,1,3,Returning_Visitor,False,False
1,167.82,1,27.91,43,1463.21,0.02,0.06,5.42,0.15,Nov,2,3,1,6,Returning_Visitor,False,False
2,151.72,1,77.11,68,1818.15,0.02,0.03,8.34,0.14,Nov,3,2,1,6,Returning_Visitor,True,False
0,119.99,1,11.48,20,1119.33,0.07,0.04,0.0,0.13,Nov,2,2,3,6,Returning_Visitor,False,False
1,138.31,1,21.97,45,1530.35,0.02,0.07,0.0,0.14,Nov,2,3,1,6,Returning_Visitor,False,False
1,140.47,1,25.77,51,1640.71,0.02,0.06,5.57,0.14,Nov,2,2,1,6,Returning_Visitor,False,False
1,146.85,1,29.23,51,1534.18,0.02,0.07,4.62,0.13,Nov,2,3,1,6,Returning_Visitor,False,False
2,179.44,1,29.82,50,1643.29,0.02,0.06,8.29,0.17,Mar,2,4,1,1,Returning_Visitor,False,False
1,72.06,1,0.0,31,2393.18,0.04,0.07,0.0,0.13,Mar,2,1,2,1,Returning_Visitor,False,False
1,90.43,1,13.3,45,145.83,0.09,0.1,0.0,0.14,Mar,2,1,1,1,Returning_Visitor,False,False
3,192.67,1,61.8,52,1970.83,0.01,0.06,6.43,0.0,Nov,1,1,1,1,Returning_Visitor,False,False
1,132.42,1,6.35,34,1378.16,0.02,0.05,2.02,0.16,Nov,2,3,1,6,Returning_Visitor,False,True
1,143.55,0,0.0,47,1667.62,0.0,0.02,12.51,0.24,Aug,2,2,3,6,Returning_Visitor,False,True
0,25.08,1,10.71,25,711.09,0.04,0.11,2.18,0.11,Nov,2,1,2,3,Returning_Visitor,False,False
1,131.78,1,18.46,45,1686.75,0.01,0.05,3.06,0.13,Nov,2,1,1,6,Returning_Visitor,False,False
2,186.23,1,42.14,71,1805.16,0.0,0.03,9.66,0.13,Nov,2,2,8,6,Returning_Visitor,False,True
0,97.74,1,25.53,3,289.27,0.02,0.06,0.0,0.14,Nov,2,2,1,2,New_Visitor,False,False
0,13.64,1,9.39,14,35.0,0.08,0.13,0.0,0.1,Nov,2,1,1,3,Returning_Visitor,False,False
0,154.67,1,29.27,48,1519.94,0.01,0.02,9.28,0.17,Nov,2,2,7,2,Returning_Visitor,False,False
0,33.07,1,35.2,23,22.0,0.05,0.11,4.65,0.12,Nov,2,2,1,1,Returning_Visitor,False,False
2,1279.5,1,44.34,73,1032.76,0.02,0.02,12.32,0.12,Dec,2,13,2,6,Returning_Visitor,False,False
1,106.27,1,17.64,40,1438.06,0.03,0.09,2.84,0.13,Nov,2,3,1,6,Returning_Visitor,False,False
1,111.76,1,0.0,27,875.89,0.04,0.07,3.76,0.12,Nov,2,2,1,2,New_Visitor,False,False
1,94.96,1,33.68,38,1299.6,0.04,0.1,5.26,0.13,Nov,2,2,1,6,Returning_Visitor,False,True
1,144.57,0,20.34,41,1121.27,0.02,0.06,0.0,0.0,Nov,2,2,1,6,Returning_Visitor,False,False
2,159.88,1,53.56,67,580.94,0.01,0.03,6.94,0.2,Nov,2,2,8,6,Returning_Visitor,False,False
2,68.27,1,10.36,35,74.0,0.05,0.09,0.0,0.0,Nov,3,1,1,3,Returning_Visitor,False,False
1,164.23,1,59.93,63,2138.74,0.01,0.03,15.76,0.18,May,2,13,1,6,Returning_Visitor,False,True
1,135.78,1,35.31,51,1637.34,0.04,0.07,4.92,0.13,Mar,2,3,1,1,Returning_Visitor,False,False
2,156.85,1,0.0,48,1599.04,0.02,0.06,3.36,0.16,Nov,2,3,1,1,Returning_Visitor,False,False
2,176.79,1,35.67,51,2802.12,0.02,0.04,7.13,0.4,Nov,2,2,2,6,Returning_Visitor,False,False
2,165.57,1,53.55,61,1929.33,0.02,0.05,8.35,0.15,Nov,2,2,1,6,Returning_Visitor,False,True
3,171.88,1,18.95,50,1867.18,0.02,0.04,5.91,0.18,Mar,2,4,1,10,Returning_Visitor,False,False
0,100.65,0,24.1,45,1294.68,0.02,0.08,5.18,0.13,Nov,2,2,1,6,Returning_Visitor,False,False
3,238.93,1,74.57,80,2522.55,0.01,0.01,29.91,0.13,Mar,2,13,2,6,Returning_Visitor,False,False
3,133.81,1,10.17,41,1556.07,0.02,0.06,1.48,0.14,Nov,1,1,1,6,Returning_Visitor,False,False
2,148.55,1,23.36,70,1538.24,0.01,0.03,6.54,0.18,Dec,2,2,3,2,Returning_Visitor,False,True
3,127.14,0,18.74,51,1821.26,0.02,0.06,2.21,0.11,Nov,1,1,7,1,Returning_Visitor,False,True
4,230.71,6,97.75,80,2066.7,0.01,0.05,9.4,0.14,Nov,8,3,1,1,Returning_Visitor,False,False
3,156.38,1,31.25,56,1500.21,0.01,0.0,15.21,0.15,Oct,2,4,1,6,Returning_Visitor,False,False
2,48.0,1,49.97,53,1565.82,0.02,0.05,8.82,0.26,Aug,2,5,1,1,Returning_Visitor,False,False
1,140.43,1,35.42,57,2051.29,0.02,0.07,9.04,0.16,Nov,2,2,1,1,Returning_Visitor,False,False
2,81.46,1,42.98,30,921.54,0.03,0.03,3.92,0.14,Nov,3,2,7,6,Returning_Visitor,False,False
0,70.5,1,18.77,38,1891.5,0.02,0.08,4.47,0.0,Nov,2,2,2,6,Returning_Visitor,False,True
2,134.01,1,38.57,57,1578.64,0.0,0.03,5.35,0.2,Nov,2,3,1,6,Returning_Visitor,False,False
4,86.33,1,102.01,127,3803.67,0.02,0.05,3.61,0.13,Nov,2,13,1,1,Returning_Visitor,False,False
0,0.0,0,3.61,17,43.0,0.01,0.07,1.68,0.13,Nov,2,3,1,2,New_Visitor,False,False
2,225.65,1,58.69,77,1695.45,0.02,0.01,14.54,0.15,Nov,2,13,2,6,Returning_Visitor,False,False
0,143.09,1,19.03,42,1439.66,0.01,0.06,7.71,0.16,Nov,2,2,1,2,Returning_Visitor,False,False
0,0.0,1,27.85,34,936.61,0.02,0.08,1.97,0.0,Nov,2,3,2,6,Returning_Visitor,False,False
2,132.56,1,36.22,47,1594.14,0.02,0.06,3.67,0.13,Nov,2,2,1,6,Returning_Visitor,False,False
2,114.03,1,25.6,40,1464.42,0.02,0.07,0.0,0.5,Nov,1,1,4,1,Returning_Visitor,False,False
3,137.27,1,34.45,61,1951.25,0.02,0.01,11.99,0.14,Mar,4,4,1,3,Returning_Visitor,False,False
2,130.27,1,90.77,46,1800.23,0.06,0.07,9.61,0.12,Nov,3,2,1,6,Returning_Visitor,True,False
7,168.68,1,16.59,13,1212.55,0.01,0.03,0.0,0.14,May,2,2,1,2,Returning_Visitor,False,False
2,173.65,1,29.61,55,1543.65,0.02,0.07,4.27,0.18,Nov,2,3,1,6,Returning_Visitor,False,False
2,151.44,1,23.2,46,1573.58,0.01,0.04,3.83,0.18,Dec,2,13,1,6,Returning_Visitor,False,True
2,277.47,1,63.11,70,2621.29,0.01,0.06,12.73,0.24,Nov,4,3,2,1,Returning_Visitor,False,True
2,96.08,1,36.55,57,1121.25,0.02,0.04,9.57,0.2,Dec,2,2,7,6,New_Visitor,False,False
4,223.75,2,101.35,73,2410.86,0.01,0.03,0.0,0.22,Nov,2,3,1,1,Returning_Visitor,False,False
0,0.0,1,8.97,22,807.87,0.04,0.12,1.74,0.12,Nov,2,1,1,1,Returning_Visitor,False,False
0,21.45,1,36.98,3,975.67,0.07,0.12,3.27,0.09,Mar,3,2,1,1,Returning_Visitor,False,False
1,57.1,1,0.0,35,959.18,0.04,0.08,1.84,0.16,Nov,2,3,1,1,Returning_Visitor,False,False
0,114.92,1,35.73,5,465.75,0.01,0.04,2.59,0.09,Nov,3,3,1,2,Returning_Visitor,True,False
2,161.42,1,52.5,61,1707.32,0.01,0.05,6.35,0.14,Nov,2,3,1,6,Returning_Visitor,False,False
1,109.26,1,5.82,36,302.0,0.04,0.11,7.83,0.12,Mar,2,3,3,3,Returning_Visitor,False,True
2,157.82,1,26.36,44,1683.35,0.02,0.07,4.33,0.14,Nov,2,3,1,6,Returning_Visitor,False,False
3,135.78,1,0.0,40,1536.16,0.01,0.03,0.0,0.15,Nov,1,1,1,6,Returning_Visitor,False,False
0,191.66,1,16.6,30,1953.09,0.03,0.05,3.85,0.4,Nov,3,10,2,6,New_Visitor,False,False
1,48.16,1,7.26,25,157.5,0.02,0.04,1.1,0.18,Mar,2,2,3,2,Returning_Visitor,False,False
0,0.0,1,21.24,1,359.13,0.08,0.12,1.98,0.15,May,2,3,8,6,Returning_Visitor,False,False
2,100.4,1,0.0,42,2232.98,0.01,0.02,10.52,0.0,May,2,2,7,2,Returning_Visitor,False,True
2,206.07,1,40.17,31,1295.36,0.02,0.06,1.09,0.41,May,2,2,1,6,Returning_Visitor,False,False
0,148.69,2,107.26,76,2542.48,0.02,0.04,20.66,0.15,Nov,2,2,2,2,Returning_Visitor,False,True
3,99.21,1,39.47,65,1303.69,0.01,0.02,4.95,0.21,May,3,2,1,6,Returning_Visitor,True,False
1,136.22,1,12.95,47,1405.08,0.01,0.05,0.0,0.15,Nov,2,3,1,6,Returning_Visitor,False,True
0,53.32,1,74.77,2,546.58,0.09,0.12,3.69,0.13,Nov,2,2,1,6,Returning_Visitor,False,False
2,98.77,1,30.41,63,1740.6,0.01,0.01,6.48,0.0,Nov,2,13,1,5,Returning_Visitor,False,False
1,196.79,1,9.16,40,1532.37,0.02,0.03,0.0,0.32,May,2,13,1,6,Returning_Visitor,False,False
0,25.73,1,0.0,23,883.87,0.02,0.09,2.56,0.13,May,3,2,1,2,Returning_Visitor,False,False
0,34.34,1,8.8,20,629.73,0.03,0.11,2.18,0.11,Nov,2,3,1,6,Returning_Visitor,False,False
1,144.21,1,30.75,39,1658.83,0.03,0.08,3.96,0.11,Nov,3,1,1,6,Returning_Visitor,False,False
1,133.76,1,25.65,53,1496.35,0.02,0.05,4.48,0.0,Nov,2,2,1,6,Returning_Visitor,False,False
2,163.6,1,40.63,66,1399.62,0.02,0.03,6.14,0.18,Dec,2,2,1,6,Returning_Visitor,False,True
3,144.89,2,93.12,73,2010.27,0.02,0.02,13.69,0.15,Nov,3,2,1,6,Returning_Visitor,False,False
0,45.84,0,8.77,22,819.97,0.01,0.05,2.18,0.11,Nov,2,2,6,2,Returning_Visitor,False,False
2,149.67,1,32.75,90,2067.28,0.01,0.01,22.5,0.18,Mar,2,13,1,6,Returning_Visitor,False,False
0,82.92,1,22.97,18,700.61,0.08,0.13,3.95,0.1,Mar,2,1,1,1,Returning_Visitor,False,False
0,39.44,0,0.0,30,1222.87,0.0,0.07,1.14,0.0,Nov,2,2,8,2,Returning_Visitor,False,False
2,78.42,1,92.5,9,1568.29,0.02,0.01,31.56,0.16,May,2,2,1,5,New_Visitor,False,True
0,128.14,0,0.0,45,1896.39,0.01,0.05,20.83,0.16,Nov,2,2,8,2,Returning_Visitor,False,True
1,165.13,1,25.88,58,1829.04,0.01,0.05,7.38,0.21,Nov,2,1,2,6,Returning_Visitor,False,False
0,0.0,1,8.85,35,719.77,0.06,0.11,2.45,0.07,Nov,2,1,2,1,Returning_Visitor,True,False
2,140.69,1,43.55,53,1831.14,0.02,0.07,5.39,0.18,Nov,2,3,1,6,Returning_Visitor,False,False
2,120.85,1,72.18,53,365.58,0.01,0.01,14.55,0.23,May,2,2,2,6,Returning_Visitor,False,False
0,0.0,1,54.59,32,2328.37,0.02,0.03,9.05,0.0,Nov,2,2,2,6,Returning_Visitor,False,False
1,118.9,1,35.71,36,1365.79,0.01,0.04,3.48,0.13,Nov,2,2,1,2,Returning_Visitor,False,False
3,136.71,1,27.99,46,1515.56,0.01,0.03,1.78,0.16,Nov,2,1,1,6,Returning_Visitor,False,True
3,139.49,1,39.98,68,1223.77,0.01,0.03,5.19,0.17,May,2,2,7,6,Returning_Visitor,False,True
4,229.06,1,72.21,9,1532.48,0.01,0.05,12.47,0.22,Nov,2,2,1,6,Returning_Visitor,False,False
2,132.92,1,82.78,65,1624.01,0.02,0.02,8.97,0.11,Nov,3,2,1,2,Returning_Visitor,True,False
1,140.62,1,25.07,44,1888.18,0.03,0.07,6.4,0.14,Nov,2,3,1,1,Returning_Visitor,False,False
1,0.0,1,82.94,56,1337.89,0.02,0.05,7.41,0.23,Nov,2,2,1,8,Returning_Visitor,False,False
2,182.2,1,21.74,70,1982.54,0.02,0.03,5.06,0.0,Nov,2,3,2,6,Returning_Visitor,False,False
3,140.56,1,80.21,44,1673.62,0.01,0.02,25.42,0.0,May,2,2,1,2,Returning_Visitor,False,False
3,161.83,1,94.2,62,1720.64,0.01,0.03,10.18,0.21,Nov,2,1,1,6,Returning_Visitor,False,False
0,0.0,1,18.49,18,376.27,0.2,0.13,4.52,0.0,Nov,3,3,1,6,Returning_Visitor,False,False
4,122.53,1,40.08,75,1584.05,0.02,0.04,7.09,0.18,Nov,2,3,1,1,Returning_Visitor,False,False
0,37.51,0,3.7,32,1440.52,0.02,0.08,1.88,0.13,Nov,2,1,3,6,Returning_Visitor,False,False
0,23.95,1,15.78,22,492.68,0.09,0.07,3.01,0.13,Nov,3,1,1,3,Returning_Visitor,False,False
2,140.42,1,29.19,52,1914.52,0.02,0.05,2.98,0.19,Nov,2,3,1,1,Returning_Visitor,False,False
1,129.93,1,29.79,51,1561.31,0.02,0.06,4.72,0.15,Nov,2,3,1,6,Returning_Visitor,False,False
1,165.59,1,19.76,48,1963.97,0.01,0.04,8.72,0.17,Nov,2,2,7,6,Returning_Visitor,False,False
1,165.21,1,27.03,47,1751.45,0.02,0.07,4.96,0.13,Nov,2,3,1,2,Returning_Visitor,False,True
2,182.55,1,33.85,49,1589.57,0.01,0.05,7.16,0.14,Nov,2,2,1,6,Returning_Visitor,False,False
3,122.11,2,55.54,45,1720.87,0.02,0.02,7.69,0.22,Nov,2,2,1,6,Returning_Visitor,False,False
3,163.37,1,13.94,44,1820.04,0.0,0.05,2.78,0.16,Nov,2,3,1,6,Returning_Visitor,False,False
1,128.78,1,26.77,43,1505.18,0.03,0.06,5.42,0.15,Nov,2,3,1,6,Returning_Visitor,False,False
1,134.19,1,22.66,47,1691.02,0.01,0.06,4.73,0.14,Nov,2,3,1,6,Returning_Visitor,False,False
2,168.94,1,21.75,53,1654.04,0.01,0.06,4.14,0.12,Nov,1,1,1,6,Returning_Visitor,False,False
3,282.7,1,26.21,52,1288.58,0.01,0.07,8.76,0.14,Sep,2,1,2,6,Returning_Visitor,False,True
4,171.37,1,14.86,57,2257.66,0.0,0.04,6.13,0.12,Nov,2,3,1,2,New_Visitor,False,False
2,163.76,1,45.52,54,1651.01,0.02,0.04,6.56,0.12,Nov,3,1,1,6,Returning_Visitor,True,False
2,135.89,1,29.82,45,2319.3,0.03,0.06,3.83,0.0,Mar,3,3,1,1,Returning_Visitor,False,True
1,33.83,1,3.19,32,1248.18,0.08,0.12,3.19,0.2,Nov,1,1,3,1,Returning_Visitor,False,False
1,160.85,0,32.28,46,2183.65,0.0,0.03,11.89,0.12,Nov,2,2,7,6,Returning_Visitor,False,True
3,198.24,1,63.2,22,418.84,0.01,0.04,6.88,0.07,Nov,8,1,1,6,Returning_Visitor,True,False
1,193.37,1,0.0,29,2152.19,0.01,0.01,15.06,0.0,Nov,2,3,2,6,Returning_Visitor,False,True
0,0.0,0,10.59,28,691.09,0.03,0.09,2.2,0.12,Nov,2,2,2,6,Returning_Visitor,False,False
1,158.07,1,24.91,45,1704.78,0.02,0.05,4.3,0.16,Nov,2,3,1,6,Returning_Visitor,False,False
2,120.91,1,107.8,29,2209.75,0.07,0.07,15.17,0.16,Mar,3,2,1,10,Returning_Visitor,False,False
2,137.27,1,11.52,34,1586.84,0.02,0.03,3.15,0.22,Nov,2,2,1,6,Returning_Visitor,False,False
0,0.0,0,59.48,19,1288.2,0.03,0.07,2.29,0.15,May,3,2,1,3,Returning_Visitor,False,False
3,139.91,1,0.0,56,1438.0,0.02,0.03,5.49,0.24,Oct,2,4,7,6,Returning_Visitor,False,False
1,42.66,1,7.0,37,1550.07,0.02,0.08,0.92,0.12,Nov,1,1,1,3,Returning_Visitor,False,False
2,144.5,1,17.56,49,1734.2,0.01,0.06,4.18,0.14,Nov,2,1,1,6,Returning_Visitor,False,False
0,149.72,1,45.09,58,1790.46,0.02,0.05,4.61,0.43,May,3,2,3,4,Returning_Visitor,False,False
2,164.98,1,7.99,35,1599.68,0.01,0.06,2.39,0.17,Nov,2,3,1,6,Returning_Visitor,False,False
1,139.47,1,20.41,48,1539.31,0.02,0.07,3.54,0.14,Nov,2,3,1,6,Returning_Visitor,False,False
1,107.53,1,22.83,54,1293.42,0.03,0.04,4.15,0.22,May,3,2,2,13,Returning_Visitor,False,False
1,119.36,1,20.11,44,1440.32,0.02,0.07,3.99,0.13,Nov,2,1,1,6,Returning_Visitor,False,False
1,161.67,1,12.59,50,1441.34,0.0,0.05,3.88,0.13,Nov,2,2,2,2,Returning_Visitor,False,True
5,216.21,1,24.38,73,3087.0,0.01,0.05,12.9,0.17,Nov,4,3,1,3,Returning_Visitor,False,True
1,131.9,1,24.47,47,1440.8,0.02,0.06,4.38,0.15,Nov,2,2,1,6,Returning_Visitor,False,False
3,144.04,1,9.61,48,1799.43,0.02,0.04,3.65,0.18,Nov,2,2,7,6,Returning_Visitor,False,False
1,39.95,1,23.68,23,1755.9,0.02,0.04,1.59,0.17,May,2,2,8,6,Returning_Visitor,False,False
0,58.74,1,18.37,34,1348.27,0.02,0.08,4.36,0.12,Nov,2,2,2,6,Returning_Visitor,False,True
3,71.55,1,54.64,25,2006.65,0.01,0.05,1.92,0.23,May,3,3,1,3,Returning_Visitor,False,False
0,103.73,1,18.42,35,1439.01,0.01,0.07,4.2,0.14,Nov,2,2,2,6,Returning_Visitor,False,False
2,37.45,1,0.0,28,1095.65,0.02,0.07,0.95,0.08,Nov,1,1,1,3,Returning_Visitor,True,False
4,65.91,2,30.64,42,2582.36,0.02,0.04,1.11,0.1,Nov,1,1,7,1,Returning_Visitor,False,False
1,139.02,1,24.2,45,1800.54,0.01,0.06,6.36,0.14,Nov,2,2,1,6,Returning_Visitor,False,False
1,155.36,1,26.09,56,1263.1,0.01,0.04,2.61,0.2,Nov,2,2,1,2,New_Visitor,False,False
3,162.44,1,69.68,44,1008.92,0.01,0.01,5.3,0.17,May,2,13,2,6,Returning_Visitor,False,False
1,177.91,1,22.71,55,1791.59,0.01,0.06,7.44,0.16,Nov,2,3,1,6,Returning_Visitor,False,False
0,83.92,0,63.01,37,1081.71,0.01,0.01,27.51,0.12,Nov,2,2,3,2,Returning_Visitor,False,False
3,184.41,0,45.71,55,1439.91,0.02,0.05,5.09,0.17,Nov,2,13,1,6,Returning_Visitor,False,False
1,126.6,1,51.24,51,1653.53,0.03,0.06,5.62,0.0,Nov,3,2,1,6,Returning_Visitor,False,False
1,81.87,1,49.42,28,1392.44,0.02,0.02,1.78,0.17,May,2,2,1,6,Returning_Visitor,False,False
2,98.0,1,12.86,12,1361.9,0.02,0.04,2.4,0.16,Nov,2,3,1,6,New_Visitor,False,False
0,88.12,0,11.79,49,1712.5,0.01,0.07,6.0,0.25,Nov,2,2,3,6,Returning_Visitor,False,True
2,132.58,1,14.54,35,1524.55,0.01,0.03,1.56,0.14,Nov,2,2,7,2,New_Visitor,False,True
2,111.13,1,19.56,46,1290.5,0.01,0.04,3.14,0.21,Nov,2,2,1,6,Returning_Visitor,False,True
2,195.87,1,87.4,66,4081.25,0.02,0.04,16.36,0.18,Nov,2,3,1,1,Returning_Visitor,False,False
5,152.5,1,48.47,51,3227.16,0.04,0.04,5.93,0.19,Mar,2,1,1,1,Returning_Visitor,False,True
3,187.83,2,101.85,145,1581.98,0.01,0.02,10.62,0.17,Nov,2,2,1,2,Returning_Visitor,False,False
1,150.24,1,23.36,51,1679.58,0.02,0.07,4.8,0.15,Nov,2,3,1,6,Returning_Visitor,False,False
1,136.98,2,0.0,55,1888.52,0.02,0.06,7.23,0.28,Nov,2,2,3,6,Returning_Visitor,True,False
1,183.9,1,35.86,61,1650.63,0.0,0.03,11.36,0.16,Nov,2,2,2,6,Returning_Visitor,False,False
1,97.52,1,10.76,35,1114.08,0.03,0.09,0.0,0.13,Nov,2,1,1,6,Returning_Visitor,False,False
1,0.0,1,6.85,35,0.0,0.12,0.13,4.15,0.07,Nov,1,1,2,3,Returning_Visitor,False,False
3,146.24,1,56.48,51,1933.94,0.02,0.04,7.34,0.14,Mar,2,13,1,1,Returning_Visitor,False,False
2,163.1,0,26.51,60,1594.33,0.01,0.04,3.35,0.17,Nov,2,2,8,6,Returning_Visitor,False,False
1,181.38,1,16.37,42,1253.77,0.01,0.06,4.2,0.13,Mar,2,13,1,2,Other,False,False
0,91.21,1,23.78,41,1753.83,0.01,0.07,4.77,0.13,Aug,2,3,2,6,Returning_Visitor,False,False
1,131.73,1,17.62,67,1259.84,0.01,0.02,3.54,0.14,Nov,2,2,2,2,New_Visitor,False,False
3,223.45,1,12.18,61,1926.33,0.01,0.02,14.89,0.22,Mar,2,4,8,1,Returning_Visitor,False,True
5,224.6,3,129.95,57,2003.42,0.12,0.11,22.08,0.1,Mar,3,3,1,1,Returning_Visitor,False,True
7,399.48,2,9.0,103,3711.57,0.01,0.02,6.91,0.11,Nov,2,5,2,2,Returning_Visitor,True,True
1,82.35,1,17.88,63,1504.07,0.05,0.11,5.44,0.1,Nov,1,1,3,1,Returning_Visitor,False,False
1,160.48,1,18.91,48,1554.19,0.02,0.07,3.51,0.14,Nov,2,1,1,6,Returning_Visitor,False,False
1,210.16,1,28.44,67,2272.73,0.06,0.09,9.68,0.1,Mar,2,1,2,1,Returning_Visitor,False,False
1,170.09,1,12.07,55,1124.68,0.0,0.02,0.0,0.16,Nov,2,2,7,2,New_Visitor,True,False
4,259.05,1,68.65,77,1480.93,0.0,0.03,4.48,0.0,Sep,2,2,6,4,Returning_Visitor,False,False
5,265.85,3,98.03,62,1942.25,0.01,0.03,4.52,0.18,Nov,1,1,6,6,Returning_Visitor,False,False
1,167.07,1,28.41,47,1602.94,0.02,0.05,4.12,0.14,Nov,2,3,1,6,Returning_Visitor,False,False
2,116.27,1,19.53,43,572.0,0.03,0.08,2.85,0.12,Nov,1,1,1,1,Returning_Visitor,False,False
2,165.95,1,24.3,60,1600.74,0.01,0.04,0.0,0.21,Nov,3,1,8,6,Returning_Visitor,True,False
1,120.68,1,16.51,33,1209.37,0.02,0.07,0.0,0.14,Nov,2,3,1,6,Returning_Visitor,False,False
4,244.59,1,55.06,16,2287.66,0.02,0.05,0.0,0.18,Nov,7,1,1,3,Returning_Visitor,False,False
0,90.09,1,15.22,27,893.99,0.0,0.08,3.92,0.13,Nov,2,3,2,6,Returning_Visitor,False,False
3,158.33,1,0.0,59,2142.68,0.01,0.04,6.5,0.16,Mar,3,3,2,3,Returning_Visitor,False,False
4,225.09,1,125.96,70,2509.82,0.01,0.01,34.2,0.14,May,3,13,2,6,Returning_Visitor,True,False
3,154.18,1,60.28,54,2029.77,0.01,0.05,9.13,0.12,Nov,2,1,1,6,Returning_Visitor,False,True
6,258.91,2,85.16,106,2289.59,0.01,0.03,21.74,0.14,Nov,2,2,8,6,Returning_Visitor,False,False
7,252.04,2,231.71,72,2302.02,0.11,0.09,18.88,0.09,Mar,3,2,1,1,Returning_Visitor,False,True
1,135.05,0,10.72,43,1616.24,0.01,0.06,3.83,0.14,Nov,2,3,2,6,Returning_Visitor,False,False
2,56.9,1,6.46,29,455.5,0.02,0.08,1.61,0.13,Mar,1,1,1,3,Other,False,False
1,171.2,1,32.3,64,1502.38,0.0,0.04,4.85,0.14,Nov,2,2,8,6,Returning_Visitor,False,True
5,149.64,2,33.49,53,1242.7,0.01,0.02,1.34,0.11,Mar,1,1,1,8,Returning_Visitor,True,True
1,158.78,1,45.35,58,1967.4,0.01,0.04,13.64,0.15,Nov,2,2,1,6,Returning_Visitor,False,False
2,192.1,0,23.48,52,1702.39,0.02,0.06,5.8,0.16,Nov,2,13,1,6,Returning_Visitor,False,False
1,91.91,1,23.31,44,1493.06,0.02,0.08,3.98,0.13,Nov,2,2,1,6,Returning_Visitor,False,False
1,130.23,1,40.44,44,1949.35,0.03,0.07,6.49,0.15,Dec,2,3,1,1,Returning_Visitor,False,False
1,130.8,1,24.27,48,1499.18,0.02,0.06,4.68,0.15,Nov,2,2,1,6,Returning_Visitor,False,False
1,0.0,1,50.9,114,2101.78,0.01,0.01,27.85,0.13,Nov,2,8,2,2,New_Visitor,False,True
1,151.71,1,24.85,52,1700.67,0.02,0.07,5.69,0.14,Nov,2,3,1,6,Returning_Visitor,False,False
5,11.0,2,93.35,86,2123.43,0.02,0.02,15.62,0.15,Dec,2,13,1,6,Returning_Visitor,False,False
3,166.5,1,17.07,49,690.46,0.02,0.06,0.73,0.12,Mar,2,3,2,3,Returning_Visitor,False,False
1,173.49,1,44.67,55,1678.1,0.01,0.06,5.55,0.13,Nov,2,2,1,6,Returning_Visitor,False,False
0,0.0,1,18.9,21,769.51,0.09,0.12,3.72,0.1,Nov,2,2,2,6,Returning_Visitor,False,False
1,150.27,1,23.56,19,274.7,0.01,0.06,1.3,0.13,Nov,2,3,1,2,New_Visitor,False,False
2,132.55,1,2.29,24,730.62,0.02,0.05,0.0,0.14,Aug,1,1,1,2,Returning_Visitor,False,False
2,169.83,1,17.61,52,1672.62,0.0,0.06,4.48,0.14,Nov,2,3,1,6,Returning_Visitor,False,False
1,136.09,1,33.86,52,1794.66,0.01,0.06,5.93,0.14,Nov,2,2,1,6,Returning_Visitor,False,False
3,167.93,1,19.17,68,1963.86,0.01,0.02,12.7,0.23,Mar,2,4,1,10,Returning_Visitor,False,False
1,169.89,1,29.41,64,1481.37,0.01,0.04,6.72,0.17,Nov,2,3,1,1,Returning_Visitor,False,True
1,146.66,1,14.14,45,1502.31,0.02,0.06,3.63,0.14,Nov,2,3,1,6,Returning_Visitor,False,False
1,202.01,1,11.1,50,1819.52,0.01,0.01,5.04,0.14,Nov,2,1,8,1,Returning_Visitor,False,False
3,101.03,1,0.0,54,1237.52,0.01,0.02,9.55,0.16,May,2,2,1,6,Returning_Visitor,False,False
0,134.67,1,0.0,45,1712.13,0.01,0.06,5.24,0.16,Nov,2,3,2,6,Returning_Visitor,False,False
1,147.29,1,24.16,52,1654.57,0.01,0.06,4.16,0.15,Nov,2,2,1,6,Returning_Visitor,False,True
1,152.02,2,57.92,53,1677.54,0.02,0.05,4.86,0.17,Nov,2,2,1,2,Returning_Visitor,False,False
1,134.97,1,30.9,59,1385.42,0.02,0.05,5.37,0.13,Nov,2,3,1,6,Returning_Visitor,False,False
1,165.89,1,25.84,51,1719.27,0.01,0.06,3.56,0.15,Nov,2,1,1,6,Returning_Visitor,False,False
1,135.34,1,39.5,45,2821.24,0.03,0.06,6.74,0.0,Mar,2,3,1,1,Returning_Visitor,False,False
0,77.28,0,4.33,24,1252.63,0.01,0.03,0.83,0.15,May,2,2,3,2,New_Visitor,False,False
1,130.15,1,3.2,22,1002.27,0.01,0.06,0.75,0.16,Nov,2,3,1,2,New_Visitor,False,False
1,140.78,1,31.57,41,2237.59,0.02,0.07,7.29,0.17,Nov,2,3,1,1,Returning_Visitor,False,False
0,53.73,1,23.72,32,1355.48,0.07,0.1,3.27,0.13,Mar,2,3,8,1,Returning_Visitor,False,False
3,225.94,1,45.84,77,2079.43,0.01,0.04,18.12,0.18,May,2,2,1,6,Returning_Visitor,False,False
2,94.04,1,47.88,40,2338.21,0.01,0.03,4.85,0.18,Nov,3,2,5,6,Returning_Visitor,False,False
1,0.0,1,67.28,46,1844.3,0.02,0.04,4.32,0.2,Nov,2,2,8,2,Returning_Visitor,False,False
3,202.44,1,96.35,48,2828.18,0.01,0.02,14.53,0.15,Nov,2,2,1,6,Returning_Visitor,True,True
3,164.56,1,22.8,47,2324.77,0.0,0.03,0.0,0.15,Mar,2,13,1,6,Returning_Visitor,False,False
1,188.85,1,31.76,51,2191.02,0.01,0.05,10.1,0.23,Nov,2,2,3,6,Returning_Visitor,False,False
0,47.94,1,12.84,37,2213.92,0.02,0.05,2.86,0.17,Nov,2,2,8,1,Returning_Visitor,False,False
3,197.42,0,39.77,70,1991.8,0.01,0.04,9.85,0.18,Nov,2,3,1,6,Returning_Visitor,False,False
1,0.0,1,22.07,36,1288.09,0.03,0.09,3.72,0.16,Nov,2,2,1,6,Returning_Visitor,False,False
2,156.28,1,70.0,61,1648.6,0.02,0.04,5.25,0.12,Nov,3,2,1,6,Returning_Visitor,True,True
5,26.37,1,0.0,36,1954.31,0.02,0.04,0.0,0.12,Nov,1,1,7,3,Returning_Visitor,False,False
2,204.03,1,91.38,175,2033.63,0.01,0.03,17.32,0.17,Nov,2,2,1,6,Returning_Visitor,False,True
1,160.13,1,33.76,57,1772.34,0.02,0.07,5.7,0.14,Nov,2,2,1,6,Returning_Visitor,False,False
2,152.51,1,26.86,55,2057.44,0.0,0.04,6.31,0.15,Nov,2,2,1,6,Returning_Visitor,False,False
1,134.9,1,55.31,22,333.58,0.03,0.03,1.5,0.17,Dec,2,13,1,2,New_Visitor,False,False
4,149.27,0,14.98,58,2522.98,0.04,0.05,0.0,0.14,Mar,1,1,8,1,Returning_Visitor,False,False
2,0.0,1,11.18,37,1751.07,0.02,0.03,1.18,0.12,Nov,1,1,1,6,Returning_Visitor,False,False
0,0.0,1,72.84,41,1481.21,0.01,0.03,3.59,0.18,Dec,2,2,2,2,Returning_Visitor,False,False
2,85.3,1,12.57,44,1523.91,0.02,0.08,1.92,0.13,Nov,1,1,1,3,Returning_Visitor,False,False
15,317.02,2,67.07,39,1610.12,0.01,0.05,7.27,0.12,Nov,4,1,1,6,Returning_Visitor,False,True
0,102.98,0,18.6,34,1416.33,0.01,0.07,4.37,0.15,May,2,2,2,2,Returning_Visitor,False,False
1,85.67,1,39.52,37,2790.91,0.03,0.05,2.03,0.19,Mar,2,2,1,1,Returning_Visitor,False,False
3,144.62,1,9.02,28,614.12,0.02,0.04,1.63,0.16,Nov,2,3,1,6,New_Visitor,False,False
2,29.5,1,49.61,67,1440.26,0.01,0.03,7.76,0.29,May,2,2,1,6,Returning_Visitor,False,False
1,129.62,1,35.39,42,1593.15,0.02,0.06,5.2,0.15,Nov,2,2,1,6,Returning_Visitor,False,True
4,136.23,0,23.86,52,2106.99,0.0,0.03,3.52,0.12,Nov,3,3,7,6,Returning_Visitor,False,False
12,220.13,1,67.0,101,2512.88,0.02,0.06,18.9,0.14,Nov,3,3,1,6,Returning_Visitor,False,False
0,0.0,0,0.0,29,1562.24,0.03,0.04,2.67,0.17,Nov,2,2,3,6,Returning_Visitor,False,False
1,140.66,1,27.96,52,1552.04,0.02,0.08,4.36,0.16,Nov,2,3,1,6,Returning_Visitor,False,False
2,174.68,1,73.03,77,2138.26,0.02,0.04,12.54,0.16,Nov,3,2,1,6,Returning_Visitor,True,False
0,142.57,1,16.8,42,1601.89,0.01,0.06,5.02,0.22,Nov,2,2,2,6,Returning_Visitor,False,False
3,160.66,1,8.43,36,1620.61,0.01,0.05,1.3,0.15,Nov,2,3,1,6,Returning_Visitor,False,False
1,168.69,0,25.37,58,1844.56,0.01,0.05,8.73,0.2,Nov,2,3,8,1,Returning_Visitor,False,True
0,79.31,1,20.49,25,783.42,0.05,0.08,2.84,0.1,Nov,2,3,1,6,Returning_Visitor,False,False
1,99.14,1,29.32,39,1093.0,0.04,0.1,3.4,0.14,Nov,2,1,1,1,Returning_Visitor,False,False
2,155.5,1,27.63,43,405.71,0.02,0.04,0.0,0.12,Nov,1,1,1,1,Returning_Visitor,False,False
2,151.87,0,16.3,39,1363.22,0.0,0.01,2.9,0.14,Nov,2,2,1,6,Returning_Visitor,False,False
2,162.23,1,43.66,43,2032.28,0.03,0.06,10.58,0.16,Nov,2,2,2,6,Returning_Visitor,False,False
4,93.44,1,28.97,55,2216.84,0.01,0.03,11.91,0.17,Mar,2,4,1,10,Returning_Visitor,False,True
4,197.29,1,42.26,63,2847.77,0.01,0.02,12.6,0.13,Nov,4,1,1,1,Returning_Visitor,True,False
1,140.01,1,26.9,3,595.2,0.02,0.03,1.54,0.15,Nov,2,2,1,2,New_Visitor,False,False
2,175.99,1,45.42,55,1508.87,0.02,0.06,4.21,0.13,Nov,2,2,1,6,Returning_Visitor,False,False
2,159.28,1,37.82,28,471.0,0.01,0.06,9.4,0.19,Nov,2,1,8,6,Returning_Visitor,False,False
0,32.92,1,19.24,39,425.17,0.02,0.06,2.14,0.14,Nov,2,2,8,1,Returning_Visitor,False,False
0,38.31,0,0.0,36,1630.07,0.02,0.07,2.65,0.14,Nov,2,2,8,6,Returning_Visitor,False,True
1,52.74,1,26.27,38,1745.79,0.07,0.11,2.41,0.35,Nov,2,1,4,6,Returning_Visitor,False,False
0,78.26,0,10.32,27,1028.76,0.02,0.03,3.11,0.13,Nov,2,2,2,2,Returning_Visitor,False,False
4,276.97,2,52.65,51,473.79,0.02,0.04,2.73,0.09,Jul,2,2,1,6,New_Visitor,False,False
2,156.23,1,33.65,55,1957.48,0.01,0.04,6.08,0.14,Nov,2,3,1,6,Returning_Visitor,False,False
8,225.3,3,223.11,102,2161.13,0.08,0.07,21.27,0.17,Nov,3,2,1,1,Returning_Visitor,False,True
1,144.7,1,32.01,52,1515.41,0.02,0.07,4.25,0.13,Nov,2,3,1,6,Returning_Visitor,False,False
0,189.93,1,59.88,54,1492.24,0.01,0.04,12.1,0.15,Mar,2,13,1,6,New_Visitor,False,True
1,166.82,1,32.54,54,1939.21,0.0,0.03,6.89,0.15,Nov,2,2,1,2,Returning_Visitor,False,True
0,118.48,1,32.87,51,1239.5,0.02,0.05,6.23,0.19,Nov,2,2,8,1,Returning_Visitor,False,False
0,9.4,1,8.88,17,535.75,0.1,0.08,2.91,0.18,Nov,2,1,3,3,Returning_Visitor,False,False
1,141.2,1,22.93,44,1499.54,0.02,0.06,3.45,0.14,Nov,2,3,1,6,Returning_Visitor,False,False
1,155.62,1,22.77,46,925.9,0.02,0.04,3.32,0.39,Nov,2,2,3,6,Returning_Visitor,False,False
1,143.68,1,21.5,58,1884.98,0.02,0.05,3.29,0.15,Nov,2,1,8,1,Returning_Visitor,False,False
1,140.84,1,34.31,59,1565.55,0.02,0.06,4.19,0.18,Nov,2,3,1,6,Returning_Visitor,False,False
3,256.0,1,40.47,56,1771.5,0.01,0.05,9.34,0.2,Nov,2,2,3,6,Returning_Visitor,False,False
2,165.6,1,64.02,53,2312.33,0.01,0.04,9.85,0.14,Nov,2,2,1,6,Returning_Visitor,False,True
1,117.79,1,14.23,40,1427.81,0.02,0.07,3.25,0.13,Nov,2,3,1,6,Returning_Visitor,False,False
3,251.11,1,16.93,73,1091.39,0.01,0.03,7.32,0.12,Oct,4,4,2,6,Returning_Visitor,True,False
1,56.71,1,49.2,25,1052.1,0.03,0.09,2.79,0.16,May,3,3,4,6,Returning_Visitor,False,False
3,140.71,1,28.02,52,1896.27,0.01,0.02,11.99,0.13,Mar,2,13,1,6,Returning_Visitor,False,False
2,187.17,1,45.24,71,1376.22,0.01,0.04,6.03,0.17,Nov,2,2,1,6,Returning_Visitor,False,False
1,88.3,1,0.0,38,1474.44,0.02,0.07,1.44,0.12,Nov,2,1,7,6,Returning_Visitor,False,False
1,186.11,1,58.63,51,1570.3,0.01,0.07,10.39,0.24,Feb,2,3,2,6,Returning_Visitor,False,False
0,58.34,0,2.46,26,1607.39,0.02,0.03,4.13,0.2,Nov,2,2,3,1,Returning_Visitor,False,False
0,106.4,0,13.1,43,1584.09,0.01,0.05,7.83,0.13,Nov,2,2,3,2,Returning_Visitor,False,False
8,188.83,2,104.15,106,2113.94,0.02,0.02,11.85,0.09,Mar,3,3,2,6,Returning_Visitor,False,True
1,136.41,1,23.3,51,1560.7,0.02,0.06,6.2,0.13,Nov,2,3,1,1,Returning_Visitor,True,False
2,168.44,1,33.23,53,1909.27,0.01,0.05,7.45,0.16,Nov,2,2,1,6,Returning_Visitor,False,False
0,64.43,1,0.0,29,1678.04,0.03,0.09,4.96,0.13,Nov,2,2,1,1,Returning_Visitor,False,False
1,163.52,1,8.56,24,1545.52,0.02,0.04,4.28,0.0,Nov,2,2,1,6,Returning_Visitor,False,False
1,150.23,1,28.93,43,1733.93,0.01,0.05,4.75,0.13,Nov,2,2,1,2,Returning_Visitor,False,False
1,158.39,1,71.31,71,1685.88,0.01,0.04,11.33,0.18,Nov,2,2,1,6,Returning_Visitor,False,False
6,241.89,2,100.98,86,2545.56,0.0,0.05,14.12,0.17,Nov,2,13,1,1,Returning_Visitor,False,False
0,35.63,1,14.51,24,820.88,0.03,0.1,2.9,0.09,Nov,2,1,2,2,Returning_Visitor,False,False
5,137.82,2,77.68,59,571.42,0.04,0.03,0.0,0.1,Nov,3,2,1,1,Returning_Visitor,False,False
0,39.93,1,26.93,20,0.0,0.1,0.12,3.59,0.13,Nov,2,3,1,1,Returning_Visitor,False,False
6,358.08,3,18.0,93,1965.04,0.01,0.05,6.28,0.1,Nov,4,1,1,6,Returning_Visitor,False,False
1,164.03,1,14.65,36,1695.94,0.0,0.05,1.23,0.19,May,2,1,4,6,Returning_Visitor,False,False
1,66.65,1,15.55,41,1062.71,0.03,0.1,3.06,0.13,Nov,2,1,1,6,Returning_Visitor,False,True
1,94.26,1,18.25,42,1753.85,0.03,0.09,0.0,0.13,Mar,2,3,1,1,Returning_Visitor,False,False
0,64.13,1,27.79,31,1540.63,0.04,0.06,2.14,0.12,Nov,2,1,3,10,Returning_Visitor,True,False
2,172.55,1,10.34,42,1723.85,0.02,0.06,2.46,0.17,Nov,2,3,1,6,Returning_Visitor,False,False
1,174.32,1,30.43,51,1868.51,0.02,0.06,6.3,0.23,Nov,2,3,1,6,Returning_Visitor,False,True
0,48.05,1,20.4,32,267.0,0.03,0.1,0.0,0.15,Nov,2,2,8,6,Returning_Visitor,False,False
2,225.8,1,57.45,58,1988.02,0.02,0.06,9.6,0.23,Nov,2,3,1,1,Returning_Visitor,False,False
6,330.44,2,118.86,64,2660.64,0.02,0.05,9.02,0.08,Nov,8,1,1,1,Returning_Visitor,False,False
1,144.72,1,18.62,44,1354.16,0.01,0.06,3.21,0.15,Nov,2,3,1,6,Returning_Visitor,False,False
2,98.05,2,38.77,57,459.35,0.06,0.06,4.49,0.16,Nov,3,1,1,6,Returning_Visitor,False,False
1,162.58,1,18.05,46,1628.51,0.01,0.05,3.41,0.0,Nov,2,3,1,6,Returning_Visitor,False,False
1,102.12,1,13.22,38,1391.09,0.02,0.07,0.0,0.14,Nov,2,1,1,6,Returning_Visitor,False,False
3,156.9,1,65.63,58,1912.21,0.02,0.02,5.52,0.18,May,2,13,2,6,Returning_Visitor,False,True
0,115.89,1,17.93,32,1676.94,0.02,0.05,5.94,0.21,Nov,2,2,8,2,Returning_Visitor,False,True
0,72.28,1,54.52,5,720.13,0.04,0.08,0.0,0.11,Nov,2,2,1,2,Returning_Visitor,False,False
1,99.97,1,18.21,39,1448.01,0.03,0.08,2.65,0.24,Nov,2,3,1,6,Returning_Visitor,False,False
4,131.39,1,6.32,46,1066.67,0.02,0.02,0.65,0.17,Nov,1,1,8,6,Returning_Visitor,False,False
2,186.91,1,48.12,64,1739.66,0.02,0.05,6.49,0.14,Nov,2,2,1,6,Returning_Visitor,False,True
1,67.53,1,7.58,35,224.0,0.03,0.03,2.37,0.16,Nov,2,2,7,6,Returning_Visitor,False,False
1,168.28,1,13.07,41,1585.96,0.02,0.04,6.28,0.24,Mar,2,2,3,6,Returning_Visitor,False,False
3,139.75,2,0.0,30,1153.3,0.03,0.04,1.93,0.22,Nov,2,2,1,2,Returning_Visitor,False,False
1,78.91,1,40.21,48,1391.93,0.02,0.03,4.67,0.13,May,3,2,1,13,Returning_Visitor,False,False
1,177.45,0,27.21,64,1458.94,0.01,0.03,14.71,0.2,Dec,2,2,1,6,Returning_Visitor,False,True
1,144.07,1,32.76,9,2340.05,0.02,0.09,3.07,0.8,Aug,4,4,4,6,Returning_Visitor,False,False
1,171.63,1,23.62,59,1614.44,0.02,0.06,4.07,0.0,Nov,2,2,1,6,Returning_Visitor,False,True
1,170.93,1,9.94,30,851.69,0.0,0.05,1.31,0.12,Mar,2,13,1,6,New_Visitor,False,False
2,149.42,1,0.0,53,2021.66,0.01,0.04,3.05,0.15,Mar,2,2,7,1,Returning_Visitor,False,False
1,163.25,1,36.86,63,1835.63,0.01,0.05,8.08,0.21,Nov,2,2,1,6,Returning_Visitor,False,False
1,111.79,1,45.99,32,1222.17,0.06,0.09,0.0,0.1,Nov,3,1,1,6,Returning_Visitor,True,False
2,91.0,1,26.63,67,975.51,0.0,0.03,5.57,0.15,Dec,2,2,1,2,New_Visitor,False,False
0,115.83,1,20.76,40,570.5,0.01,0.03,4.21,0.17,May,2,2,2,2,Returning_Visitor,False,False
1,98.51,1,26.88,53,1668.74,0.02,0.06,3.28,0.12,Nov,2,3,2,6,Returning_Visitor,False,False
1,113.81,1,37.82,27,629.71,0.1,0.07,5.79,0.0,Mar,3,3,1,13,Returning_Visitor,True,False
3,159.57,1,26.46,42,363.32,0.01,0.03,6.02,0.15,Nov,1,1,1,6,Returning_Visitor,False,False
1,152.26,1,22.98,85,1146.0,0.0,0.0,7.66,0.0,Nov,2,2,2,6,Returning_Visitor,False,False
1,129.29,1,33.43,52,1598.12,0.02,0.05,4.85,0.13,Nov,2,3,1,1,Returning_Visitor,False,False
2,186.72,1,48.67,53,2724.41,0.01,0.04,17.28,0.15,Nov,2,2,1,1,Returning_Visitor,False,True
3,111.33,1,82.81,65,1692.68,0.01,0.02,17.08,0.16,Nov,2,13,1,6,Returning_Visitor,False,False
1,99.77,1,42.23,57,1562.75,0.02,0.02,1.79,0.17,Nov,2,2,1,6,Returning_Visitor,False,False
0,0.0,0,39.28,25,418.34,0.08,0.11,4.03,0.3,May,3,2,1,13,Returning_Visitor,False,False
1,119.58,1,5.0,29,1739.67,0.01,0.05,1.91,0.3,May,4,1,3,3,Returning_Visitor,False,False
1,69.89,1,11.05,35,959.02,0.03,0.09,0.0,0.22,May,2,3,2,3,Returning_Visitor,False,False
1,113.34,1,17.64,35,1487.59,0.05,0.1,3.23,0.13,Mar,2,3,1,1,Returning_Visitor,False,False
4,262.02,1,6.77,41,1512.28,0.01,0.05,2.21,0.19,Nov,2,2,3,6,Returning_Visitor,False,False
3,186.47,1,95.75,125,1659.76,0.02,0.02,13.42,0.21,May,3,2,1,4,Returning_Visitor,True,False
1,164.2,1,5.51,39,677.33,0.03,0.03,1.32,0.27,Nov,2,1,7,1,Returning_Visitor,False,False
3,100.45,1,32.44,51,1375.49,0.01,0.02,5.81,0.17,Dec,2,2,1,2,New_Visitor,False,False
2,162.35,1,22.19,54,2016.38,0.01,0.05,4.49,0.15,Nov,2,3,1,1,Returning_Visitor,False,True
3,136.13,1,38.5,42,1639.45,0.01,0.03,1.2,0.14,Nov,3,2,1,2,Returning_Visitor,False,False
1,127.12,1,51.63,59,2018.17,0.03,0.06,5.77,0.0,Nov,2,2,8,1,Returning_Visitor,False,False
2,171.74,1,37.22,50,1688.72,0.02,0.07,4.53,0.13,Nov,2,3,1,6,Returning_Visitor,False,False
1,182.75,1,22.64,39,1028.78,0.01,0.04,3.24,0.16,May,2,13,2,6,Returning_Visitor,False,False
2,138.27,1,25.67,55,1029.49,0.01,0.03,1.67,0.16,Nov,2,2,8,2,New_Visitor,True,False
1,151.1,1,15.86,44,1588.26,0.01,0.04,4.25,0.19,Nov,2,2,1,6,Returning_Visitor,False,False
0,79.05,1,30.65,8,457.01,0.06,0.11,2.4,0.12,Nov,2,3,1,2,New_Visitor,False,False
0,44.85,1,12.67,33,1328.9,0.02,0.08,2.08,0.12,Nov,2,3,1,6,Returning_Visitor,False,False
2,264.89,1,25.69,63,1696.66,0.01,0.05,12.22,0.11,Nov,4,1,2,6,Returning_Visitor,False,False
0,14.73,1,0.0,22,1229.69,0.11,0.2,0.0,0.11,Mar,2,2,2,1,Returning_Visitor,False,False
0,103.36,0,0.0,26,1659.8,0.02,0.04,3.28,0.17,Nov,2,2,3,2,Returning_Visitor,False,False
1,151.95,1,15.21,41,1663.16,0.02,0.06,3.23,0.13,Nov,2,1,1,6,Returning_Visitor,False,False
1,160.29,1,45.47,62,1759.27,0.02,0.05,4.43,0.28,Nov,2,2,1,2,Returning_Visitor,False,False
1,154.08,1,29.1,40,1299.83,0.02,0.04,4.45,0.36,Nov,2,2,3,6,Returning_Visitor,False,False
1,165.78,1,31.24,50,1652.63,0.01,0.04,5.6,0.0,Nov,2,2,1,6,Returning_Visitor,False,False
1,168.72,0,10.78,50,1726.09,0.01,0.06,4.96,0.16,May,2,13,2,6,Returning_Visitor,False,False
3,67.15,1,13.61,21,1738.45,0.02,0.04,0.77,0.15,Nov,2,1,7,6,Returning_Visitor,False,False
1,135.89,1,16.65,48,1647.74,0.02,0.08,4.78,0.14,Nov,2,3,7,1,Returning_Visitor,False,False
0,0.0,1,23.92,19,156.5,0.02,0.1,0.0,0.16,Nov,2,2,1,2,Returning_Visitor,False,True
6,268.82,2,100.57,150,3594.69,0.02,0.05,18.7,0.16,Nov,2,2,1,1,Returning_Visitor,False,False
8,434.76,2,160.93,63,2709.53,0.02,0.04,9.99,0.0,Nov,1,1,1,1,Returning_Visitor,False,False
2,172.36,0,18.73,44,588.67,0.02,0.04,4.96,0.2,Nov,2,3,1,6,Returning_Visitor,False,False
1,130.16,2,42.0,51,1698.39,0.01,0.02,1.77,0.11,Nov,2,2,8,2,New_Visitor,True,False
6,346.84,1,41.84,169,1227.3,0.01,0.02,2.95,0.2,Nov,2,1,2,6,Returning_Visitor,True,False
1,145.09,1,28.42,54,1690.14,0.02,0.05,5.49,0.14,Nov,2,2,1,6,Returning_Visitor,False,False
1,107.3,1,15.77,42,1785.48,0.01,0.07,4.63,0.16,May,2,3,1,6,Returning_Visitor,False,False
0,57.06,1,13.44,23,611.37,0.2,0.2,3.11,0.13,Nov,2,1,2,6,Returning_Visitor,False,False
2,88.24,2,0.0,51,1064.42,0.01,0.03,4.25,0.22,Mar,2,13,1,6,New_Visitor,False,False
1,164.03,1,25.35,45,1430.36,0.01,0.05,3.54,0.17,Nov,2,2,2,2,New_Visitor,False,True
2,186.66,1,29.83,47,1939.74,0.01,0.03,13.26,0.25,May,2,2,3,6,Returning_Visitor,False,False
0,160.07,1,48.63,21,2358.32,0.02,0.04,23.82,0.0,Nov,2,2,1,1,Returning_Visitor,False,True
0,129.74,1,28.04,69,1547.43,0.0,0.06,10.87,0.12,Nov,2,2,2,6,Returning_Visitor,False,False
1,124.05,1,27.48,47,1384.27,0.02,0.07,4.16,0.15,Nov,2,2,1,6,Returning_Visitor,False,False
0,0.0,1,45.2,19,1010.87,0.1,0.12,4.64,0.11,Mar,3,2,1,6,Returning_Visitor,False,False
1,128.77,1,17.95,48,1490.5,0.02,0.08,4.27,0.18,Nov,2,2,2,6,Returning_Visitor,False,False
3,180.05,2,96.23,59,1780.65,0.02,0.04,6.53,0.0,Nov,2,2,7,6,Returning_Visitor,False,False
2,52.84,1,5.57,36,906.6,0.02,0.04,2.26,0.13,Nov,1,1,1,3,Returning_Visitor,False,False
3,218.77,1,69.37,49,968.69,0.01,0.03,106.25,0.1,Nov,1,1,3,6,Returning_Visitor,False,True
0,28.4,1,20.61,60,1752.64,0.02,0.02,2.29,0.14,Mar,2,3,2,6,Returning_Visitor,False,False
1,108.43,1,63.46,37,1409.03,0.02,0.04,3.38,0.23,May,2,2,1,2,Returning_Visitor,False,True
1,149.72,1,21.16,49,1781.19,0.01,0.06,4.42,0.16,Nov,2,3,1,6,Returning_Visitor,False,False
5,159.88,2,75.01,91,2106.45,0.02,0.03,0.0,0.22,Nov,3,2,2,3,Returning_Visitor,False,False
3,146.31,1,67.57,50,2907.91,0.02,0.05,4.76,0.15,Mar,3,13,1,6,Returning_Visitor,False,True
2,75.64,1,0.0,40,1323.69,0.02,0.08,1.23,0.1,Nov,1,1,1,3,Returning_Visitor,False,False
1,90.32,1,6.43,31,1300.83,0.02,0.07,0.0,0.14,Nov,2,3,1,6,Returning_Visitor,False,False
4,163.25,1,72.4,85,1618.31,0.01,0.0,0.0,0.12,Nov,3,2,1,6,Returning_Visitor,True,False
1,192.17,1,17.42,51,1424.44,0.02,0.07,6.81,0.0,Nov,2,3,1,6,Returning_Visitor,False,False
0,110.85,0,27.72,46,1919.22,0.01,0.07,8.35,0.16,Nov,2,2,3,6,Returning_Visitor,False,False
1,196.71,1,42.71,76,1419.81,0.01,0.04,7.54,0.22,Nov,2,2,1,6,Returning_Visitor,False,False
2,119.64,1,28.9,48,1645.98,0.03,0.1,2.48,0.11,Nov,1,1,4,6,Returning_Visitor,False,False
6,238.05,1,149.83,57,2237.52,0.01,0.01,13.97,0.08,Nov,4,1,1,10,Returning_Visitor,False,True
0,82.19,1,27.07,38,0.0,0.07,0.11,0.0,0.13,Nov,2,3,1,6,Returning_Visitor,False,False
0,45.63,1,15.74,8,502.05,0.03,0.11,2.56,0.12,Nov,2,3,1,2,Returning_Visitor,False,False
4,185.13,1,8.18,26,1317.75,0.01,0.05,2.95,0.21,Nov,2,13,1,1,Returning_Visitor,False,False
0,53.35,1,0.0,18,448.41,0.04,0.09,3.82,0.09,Nov,3,3,1,2,Returning_Visitor,False,False
2,130.9,0,52.63,48,1745.85,0.04,0.11,7.05,0.15,Nov,2,3,1,1,Returning_Visitor,False,True
2,132.59,1,18.11,50,1438.28,0.02,0.07,2.91,0.13,Nov,2,1,1,6,Returning_Visitor,False,False
1,95.55,1,10.01,36,1536.76,0.02,0.08,0.0,0.0,Nov,2,1,1,6,Returning_Visitor,False,False
0,147.57,1,32.12,53,1908.44,0.0,0.03,10.4,0.1,Nov,3,2,1,6,Returning_Visitor,True,True
2,197.43,1,38.76,66,1700.85,0.02,0.06,6.39,0.14,Nov,2,1,1,1,Returning_Visitor,False,False
2,145.43,0,16.29,40,1445.41,0.04,0.06,1.44,0.43,Nov,2,3,1,11,Returning_Visitor,False,False
2,143.33,1,34.81,52,1976.26,0.02,0.08,7.23,0.14,Nov,2,3,1,6,Returning_Visitor,False,False
3,132.67,1,23.44,39,773.56,0.01,0.03,4.48,0.14,May,2,2,7,2,Returning_Visitor,False,True
2,106.27,1,0.0,74,1680.39,0.02,0.02,11.65,0.39,May,2,13,2,6,Returning_Visitor,False,False
2,116.19,1,4.25,15,1140.36,0.02,0.04,1.44,0.14,Nov,2,2,2,6,Returning_Visitor,False,False
2,179.29,1,32.75,56,1629.06,0.02,0.05,6.82,0.16,Nov,2,3,1,6,Returning_Visitor,False,True
2,173.91,1,31.34,59,1783.11,0.01,0.05,10.18,0.16,Nov,2,3,1,6,Returning_Visitor,False,True
1,175.32,1,47.16,32,234.14,0.11,0.11,8.72,0.12,Nov,3,2,9,13,Returning_Visitor,True,False
1,81.6,1,27.87,32,1277.74,0.02,0.01,1.58,0.15,May,2,2,1,2,Returning_Visitor,False,True
3,138.36,1,19.32,56,1618.76,0.01,0.04,9.95,0.17,Mar,2,2,1,6,Returning_Visitor,False,False
1,144.61,1,14.62,34,1403.96,0.02,0.06,3.28,0.16,Nov,2,3,1,1,Returning_Visitor,False,False
1,148.35,1,37.08,46,1508.55,0.03,0.08,4.46,0.14,Nov,2,3,1,6,Returning_Visitor,False,False
1,112.46,1,17.47,39,1401.89,0.02,0.07,3.07,0.13,Nov,2,3,1,6,Returning_Visitor,False,False
1,119.07,1,27.72,47,1847.93,0.02,0.07,3.97,0.0,Nov,8,1,1,6,Returning_Visitor,False,False
1,163.52,1,15.73,36,1558.8,0.02,0.05,3.83,0.15,Nov,2,3,1,6,Returning_Visitor,False,True
1,172.95,1,79.2,41,1294.69,0.05,0.05,5.94,0.1,Nov,3,2,1,6,Returning_Visitor,True,False
3,140.12,1,22.35,48,1039.77,0.01,0.03,3.36,0.19,Nov,2,2,1,2,Returning_Visitor,False,False
1,99.34,0,23.7,43,1539.23,0.03,0.09,5.13,0.1,Nov,2,1,2,1,Returning_Visitor,True,False
1,76.13,1,46.62,40,2412.72,0.02,0.05,3.45,0.38,May,2,2,1,1,Returning_Visitor,False,False
1,132.35,1,29.79,56,1631.73,0.02,0.06,5.03,0.14,Nov,2,2,2,6,Returning_Visitor,False,False
5,166.35,2,17.3,50,2118.41,0.02,0.05,2.72,0.13,Mar,1,1,1,3,Returning_Visitor,False,True
5,160.17,1,43.38,47,1109.88,0.02,0.06,9.29,0.13,Nov,1,1,1,1,Returning_Visitor,False,False
2,165.08,1,16.32,6,836.32,0.02,0.05,1.92,0.16,Mar,2,13,1,8,New_Visitor,False,False
1,181.51,1,24.03,59,1548.67,0.02,0.06,4.08,0.14,Nov,2,3,1,6,Returning_Visitor,False,False
1,107.74,1,17.35,37,1259.48,0.02,0.06,2.17,0.14,Nov,2,3,1,6,Returning_Visitor,False,False
1,146.74,1,39.88,52,1560.81,0.03,0.05,0.0,0.17,Nov,2,2,1,6,Returning_Visitor,False,False
1,167.8,1,97.0,82,2688.54,0.03,0.03,30.73,0.23,Nov,3,2,1,6,Returning_Visitor,False,False
2,164.44,1,31.04,49,1817.71,0.02,0.07,4.84,0.0,Nov,3,3,1,6,Returning_Visitor,False,True
1,70.76,1,40.67,28,2090.67,0.07,0.08,6.98,0.15,Nov,3,2,1,6,Returning_Visitor,False,False
1,182.52,1,58.92,38,778.63,0.01,0.04,4.2,0.11,Nov,2,2,6,2,New_Visitor,False,False
2,142.7,1,48.16,64,1540.34,0.02,0.06,5.28,0.14,Nov,2,3,1,6,Returning_Visitor,False,False
0,102.04,1,58.09,57,1890.82,0.02,0.05,9.22,1.0,May,2,2,3,6,Returning_Visitor,True,False
3,45.33,1,73.72,103,1189.07,0.01,0.01,13.2,0.25,Dec,2,2,1,6,Returning_Visitor,True,False
2,149.13,1,93.44,56,1708.08,0.01,0.02,38.74,0.18,May,2,2,7,6,Returning_Visitor,False,True
2,121.48,1,33.9,48,1990.48,0.02,0.07,4.43,0.12,Nov,2,1,1,1,Returning_Visitor,False,False
3,115.68,1,13.74,22,1813.7,0.02,0.05,1.61,0.19,Nov,2,3,7,6,Returning_Visitor,False,False
0,112.46,1,0.0,40,1934.96,0.05,0.07,5.84,0.1,Mar,2,4,1,1,Returning_Visitor,False,False
1,131.03,1,23.26,47,1660.73,0.01,0.07,5.52,0.14,Nov,2,2,1,6,Returning_Visitor,False,False
1,0.0,1,44.0,48,2108.55,0.03,0.09,5.53,0.3,Nov,3,1,1,6,Returning_Visitor,False,True
1,166.1,1,6.98,42,1671.01,0.0,0.05,3.38,0.14,Nov,2,3,1,2,Returning_Visitor,False,True
0,141.99,1,41.86,49,1765.66,0.01,0.04,6.48,0.38,May,3,2,1,6,Returning_Visitor,True,False
0,132.96,1,47.13,64,1421.0,0.01,0.06,7.21,0.18,Nov,2,2,2,6,Returning_Visitor,False,False
1,153.81,1,36.13,54,1963.28,0.02,0.05,6.74,0.2,Nov,2,2,2,6,Returning_Visitor,False,False
2,167.21,1,21.48,48,1231.98,0.01,0.01,3.84,0.18,Nov,2,3,1,6,New_Visitor,False,False
3,191.39,1,91.56,56,2016.19,0.02,0.06,5.73,0.0,Nov,8,1,1,1,Returning_Visitor,False,False
5,659.51,1,92.72,73,3063.92,0.01,0.05,15.59,0.09,Nov,2,5,1,1,Returning_Visitor,False,False
4,209.87,1,60.78,54,446.38,0.01,0.04,11.59,0.12,Nov,8,13,1,6,Returning_Visitor,False,False
3,189.57,2,69.0,23,1395.21,0.0,0.04,4.6,0.38,Aug,2,2,4,6,Returning_Visitor,False,False
1,108.83,1,18.94,43,1546.91,0.02,0.07,3.68,0.16,Nov,2,3,1,6,Returning_Visitor,False,False
1,173.37,1,0.0,47,1649.04,0.01,0.02,9.89,0.18,Nov,2,2,6,6,Returning_Visitor,False,True
2,140.62,0,54.94,46,2682.09,0.0,0.02,21.38,0.13,May,3,2,1,6,Returning_Visitor,False,True
1,79.69,1,75.7,63,2195.87,0.02,0.02,15.35,0.14,May,3,2,1,6,Returning_Visitor,False,False
2,149.21,1,16.27,49,1555.15,0.02,0.08,4.0,0.13,Nov,2,1,1,6,Returning_Visitor,False,False
2,169.33,1,28.39,52,1749.64,0.02,0.06,6.37,0.13,Nov,2,3,1,6,Returning_Visitor,False,False
1,131.87,1,22.12,41,1395.61,0.03,0.07,3.92,0.13,Nov,2,3,1,6,Returning_Visitor,False,False
1,143.42,1,30.37,39,1724.9,0.05,0.08,4.34,0.16,Nov,3,2,1,6,Returning_Visitor,False,False
1,164.32,1,22.59,58,1827.41,0.02,0.06,6.42,0.17,Nov,2,3,1,6,Returning_Visitor,False,False
2,101.12,1,0.0,35,1620.37,0.02,0.04,1.13,0.19,Nov,1,1,3,6,Returning_Visitor,False,False
0,6.97,1,6.01,15,93.0,0.07,0.13,0.91,0.12,Nov,8,1,1,3,Returning_Visitor,False,False
0,4.61,1,7.93,15,503.04,0.08,0.13,1.58,0.1,Nov,2,2,2,3,Returning_Visitor,False,False
2,152.23,1,43.6,87,1554.83,0.0,0.02,5.8,0.15,Nov,2,2,1,6,Returning_Visitor,False,False
0,153.96,1,22.22,48,1722.86,0.02,0.06,5.86,0.15,Nov,2,2,2,6,Returning_Visitor,False,False
9,160.68,1,61.92,122,2863.61,0.03,0.02,5.37,0.14,Nov,2,3,2,6,Returning_Visitor,False,False
1,127.22,1,20.49,49,1264.3,0.01,0.06,3.03,0.13,Nov,2,2,1,6,Returning_Visitor,False,False
0,0.0,0,37.1,65,2559.02,0.01,0.02,11.08,0.16,May,2,2,2,2,Returning_Visitor,False,False
0,95.03,1,9.01,45,1611.13,0.03,0.07,4.17,0.37,Nov,2,1,3,6,Returning_Visitor,False,False
2,163.38,1,61.62,78,1775.07,0.03,0.03,7.84,0.16,Nov,3,2,1,6,Returning_Visitor,True,False
1,207.91,1,30.54,33,2585.97,0.01,0.07,13.33,0.15,Nov,4,2,3,1,Returning_Visitor,False,False
2,188.42,1,39.59,60,1403.87,0.02,0.05,7.37,0.0,Nov,2,2,1,6,Returning_Visitor,False,True
1,121.59,1,19.31,42,1418.28,0.01,0.06,4.06,0.15,Nov,2,3,1,6,Returning_Visitor,False,False
0,167.75,2,79.74,145,1425.37,0.02,0.04,11.6,0.2,Nov,2,2,2,2,Returning_Visitor,False,True
1,147.8,1,34.49,55,1887.74,0.01,0.05,8.58,0.14,Nov,2,2,1,6,Returning_Visitor,False,False
2,188.78,1,31.38,63,1268.27,0.01,0.03,0.0,0.15,Nov,2,2,1,6,Returning_Visitor,False,False
2,157.03,0,15.53,47,1590.74,0.02,0.03,1.15,0.16,Mar,2,3,1,1,Returning_Visitor,False,False
1,158.03,1,0.0,41,1937.06,0.01,0.05,4.07,0.16,Mar,2,3,2,6,Returning_Visitor,False,True
2,296.19,1,30.89,38,2131.87,0.0,0.05,3.5,0.12,Nov,1,7,1,1,Returning_Visitor,False,False
1,131.6,1,31.35,49,1667.64,0.02,0.06,4.44,0.13,Nov,2,3,1,6,Returning_Visitor,False,True
1,151.9,1,24.59,51,1247.16,0.02,0.06,5.61,0.0,Nov,2,3,1,6,Returning_Visitor,False,False
3,244.27,1,41.19,62,2084.41,0.01,0.04,5.97,0.11,Nov,2,1,2,1,Returning_Visitor,False,False
2,296.33,1,31.94,11,1368.02,0.02,0.06,6.68,0.14,Jul,2,3,1,6,Returning_Visitor,True,False
1,132.15,1,28.61,45,1763.31,0.09,0.11,5.87,0.0,Mar,2,3,1,1,Returning_Visitor,False,False
1,160.27,1,42.62,54,1697.5,0.0,0.05,5.29,0.14,Nov,2,2,1,6,Returning_Visitor,False,False
1,0.0,0,15.59,46,1910.09,0.03,0.06,4.61,0.24,Nov,2,2,3,1,Returning_Visitor,False,False
1,113.24,1,44.03,3,832.36,0.08,0.1,5.75,0.15,Nov,2,2,1,6,Returning_Visitor,False,False
5,218.36,2,373.5,86,2207.62,0.02,0.03,22.19,0.18,Nov,3,2,1,6,Returning_Visitor,False,False
2,141.73,1,24.32,46,987.91,0.02,0.05,0.0,0.2,Dec,2,2,2,6,New_Visitor,False,False
2,60.08,1,42.6,69,1108.98,0.01,0.02,6.74,0.2,May,2,2,8,6,Returning_Visitor,False,False
1,130.35,1,24.13,49,1571.99,0.02,0.06,4.65,0.15,Nov,2,2,1,6,Returning_Visitor,False,False
2,42.17,1,0.0,40,490.53,0.01,0.02,5.97,0.2,May,2,13,1,6,Returning_Visitor,False,False
1,193.09,1,36.88,62,1700.0,0.02,0.05,9.2,0.29,May,2,13,8,1,Returning_Visitor,False,False
2,161.11,1,39.94,54,1663.13,0.01,0.04,10.58,0.23,May,2,2,1,6,Returning_Visitor,False,False
3,253.87,3,69.72,55,2208.71,0.02,0.07,5.87,0.17,Nov,2,1,1,1,Returning_Visitor,False,False
0,205.09,1,9.51,27,2141.42,0.02,0.04,4.98,0.28,Nov,2,10,1,1,Returning_Visitor,False,False
1,130.51,1,20.06,45,1518.95,0.03,0.07,4.32,0.13,Nov,2,3,1,6,Returning_Visitor,False,False
4,263.79,1,66.51,131,2429.2,0.01,0.03,11.85,0.19,Aug,2,1,1,6,Returning_Visitor,False,False
1,0.0,1,0.0,38,1310.58,0.03,0.07,1.91,0.2,May,3,2,1,2,Returning_Visitor,False,False
0,11.8,0,1.68,19,326.02,0.04,0.12,1.29,0.11,Nov,1,1,2,3,Returning_Visitor,False,False
2,199.89,1,65.07,77,1870.79,0.01,0.04,11.27,0.13,Nov,2,2,1,6,Returning_Visitor,False,True
1,324.64,1,17.35,37,1907.72,0.04,0.09,3.64,0.09,Nov,1,1,2,6,Returning_Visitor,False,False
4,114.48,1,99.08,51,1465.99,0.01,0.02,4.34,0.12,May,3,2,1,13,Returning_Visitor,True,False
0,93.78,1,5.25,19,846.4,0.01,0.03,3.73,0.13,Nov,2,2,3,2,New_Visitor,False,False
1,160.78,1,19.88,47,1574.46,0.02,0.07,3.31,0.14,Nov,2,3,1,6,Returning_Visitor,False,False
0,108.95,0,37.34,40,1943.69,0.03,0.08,7.02,0.26,May,2,2,1,6,Returning_Visitor,False,False
3,217.87,3,36.6,97,1919.47,0.01,0.03,15.54,0.21,Nov,2,3,1,1,Returning_Visitor,False,False
4,200.54,1,24.97,51,1630.87,0.01,0.01,0.0,0.13,Nov,2,12,1,1,Returning_Visitor,False,False
1,147.79,1,20.74,45,1487.4,0.01,0.04,3.29,0.16,Nov,2,3,1,6,Returning_Visitor,False,False
3,197.48,1,17.72,40,1884.48,0.01,0.05,7.75,0.15,Nov,1,1,3,1,Returning_Visitor,False,False
6,226.6,2,129.41,86,2552.92,0.04,0.05,16.87,0.0,Nov,3,2,1,6,Returning_Visitor,False,False
0,47.95,1,27.72,16,18.0,0.1,0.13,3.16,0.11,Nov,3,3,1,6,Returning_Visitor,False,False
2,90.0,1,4.12,24,1353.97,0.01,0.04,0.0,0.19,Mar,2,13,1,1,Returning_Visitor,False,False
7,176.5,1,213.78,118,4086.73,0.01,0.01,39.3,0.0,Nov,2,2,2,6,Returning_Visitor,False,True
4,165.27,1,106.32,87,2353.91,0.03,0.03,12.62,0.0,May,3,13,1,4,Returning_Visitor,False,False
1,168.73,1,24.76,58,1498.56,0.01,0.06,4.67,0.14,Nov,2,2,1,6,Returning_Visitor,False,False
3,97.8,1,72.65,93,1452.63,0.01,0.02,8.94,0.15,May,2,2,1,2,Returning_Visitor,False,False
1,50.7,1,9.55,31,1915.89,0.02,0.05,0.0,0.16,May,2,3,7,6,Returning_Visitor,False,False
1,172.91,1,26.78,33,1460.98,0.01,0.04,5.58,0.0,Nov,2,2,1,2,New_Visitor,False,False
1,156.36,0,27.95,38,1138.48,0.02,0.07,7.13,0.12,Nov,2,3,6,6,Returning_Visitor,False,False
1,111.87,1,13.31,41,1219.59,0.02,0.07,2.67,0.14,Nov,2,3,1,6,Returning_Visitor,False,False
1,136.51,1,16.68,41,1566.02,0.02,0.08,4.32,0.0,Nov,8,1,1,6,Returning_Visitor,False,True
0,157.99,1,11.85,29,1183.23,0.04,0.04,2.36,0.18,Mar,2,2,1,1,Returning_Visitor,False,False
1,41.61,1,49.97,20,641.9,0.2,0.13,1.71,0.48,May,3,2,1,6,Returning_Visitor,False,False
4,92.86,1,45.23,53,1635.2,0.01,0.03,11.53,0.18,Mar,2,4,1,10,Returning_Visitor,False,False
1,121.62,1,36.22,44,1545.36,0.05,0.05,4.42,0.11,Nov,3,1,1,3,Returning_Visitor,True,False
1,132.63,1,15.48,43,1845.03,0.0,0.02,3.72,0.27,Mar,2,3,8,1,Returning_Visitor,False,False
3,128.57,1,14.47,34,1048.52,0.02,0.07,1.14,0.12,Dec,1,1,1,6,New_Visitor,False,False
2,166.36,1,27.82,53,1724.62,0.03,0.07,4.6,0.14,Nov,2,1,1,6,Returning_Visitor,False,False
3,123.46,1,57.81,97,1148.68,0.01,0.02,5.41,0.19,May,2,2,1,6,Returning_Visitor,False,True
1,118.63,1,14.2,36,1509.1,0.01,0.07,3.74,0.15,Nov,2,3,1,2,Returning_Visitor,False,False
1,180.86,1,16.32,39,1569.45,0.0,0.07,6.14,0.13,Mar,2,13,1,6,Returning_Visitor,False,False
5,172.25,3,104.7,55,2146.72,0.02,0.05,9.52,0.33,Nov,2,2,8,1,Returning_Visitor,False,False
3,233.82,1,60.58,61,1931.59,0.01,0.03,10.12,0.2,Mar,2,13,1,5,Returning_Visitor,False,True
1,18.58,1,10.74,24,528.65,0.2,0.13,2.12,0.1,Nov,1,1,1,3,Returning_Visitor,False,False
7,174.14,1,75.97,69,3044.05,0.02,0.03,13.04,0.15,Dec,3,13,1,1,Returning_Visitor,False,True
1,128.84,1,0.0,46,1814.85,0.01,0.05,6.31,0.16,Nov,2,2,3,6,Returning_Visitor,True,False
1,263.68,3,91.23,88,2953.31,0.02,0.07,23.62,0.18,Nov,2,3,1,1,Returning_Visitor,False,False
3,157.94,1,45.66,74,1149.4,0.0,0.03,3.8,0.14,Nov,2,2,2,2,New_Visitor,True,False
7,200.84,2,170.08,52,2126.43,0.03,0.03,9.89,0.1,Nov,3,2,1,13,Returning_Visitor,False,True
2,167.94,1,41.72,50,1357.11,0.01,0.04,3.71,0.0,Nov,2,2,1,2,Returning_Visitor,False,False
2,58.12,0,49.1,40,1699.66,0.02,0.06,2.35,0.15,Nov,3,3,1,6,Returning_Visitor,False,False
2,89.8,1,22.28,52,1315.43,0.01,0.04,3.37,0.15,Nov,2,13,1,6,New_Visitor,False,False
7,316.5,4,109.39,144,2423.08,0.01,0.04,7.02,0.0,Nov,1,1,1,1,Returning_Visitor,False,False
2,180.98,2,104.24,105,2370.89,0.02,0.02,22.73,0.18,May,3,2,1,9,Returning_Visitor,True,False
2,177.4,1,19.3,40,2007.11,0.02,0.05,5.64,0.2,Mar,2,13,1,1,Returning_Visitor,False,False
3,155.77,1,0.0,42,1753.23,0.02,0.05,0.0,0.19,Nov,1,1,1,6,Returning_Visitor,False,False
0,10.9,1,32.56,37,1974.99,0.01,0.04,1.59,0.16,May,2,3,1,6,Returning_Visitor,False,False
1,148.1,1,0.0,26,1018.48,0.02,0.05,1.42,0.0,Nov,2,3,1,2,Returning_Visitor,False,False
2,115.27,1,0.0,41,849.31,0.02,0.09,1.39,0.16,Nov,2,1,1,6,Returning_Visitor,False,False
0,128.6,2,52.22,48,2473.32,0.02,0.04,9.12,0.13,Nov,2,2,6,1,Returning_Visitor,False,True
1,116.97,1,27.71,41,1423.24,0.02,0.06,4.07,0.13,Nov,2,3,6,6,Returning_Visitor,False,False
0,0.0,1,8.9,8,574.04,0.04,0.12,1.14,0.12,Nov,8,1,1,2,Returning_Visitor,False,False
6,8.53,2,41.88,48,1235.51,0.02,0.07,0.56,0.22,Mar,2,2,8,3,Returning_Visitor,False,False
1,156.92,1,7.31,19,762.77,0.01,0.07,1.6,0.11,Nov,2,8,1,2,New_Visitor,False,False
1,117.74,1,17.54,44,1781.59,0.02,0.06,4.79,0.14,Nov,2,3,1,6,Returning_Visitor,False,False
2,147.24,1,26.77,61,1853.05,0.01,0.01,14.58,0.0,May,2,13,8,1,Returning_Visitor,False,False
1,140.31,1,23.19,54,1607.36,0.02,0.07,4.22,0.22,Nov,2,2,1,6,Returning_Visitor,False,True
1,157.98,1,26.52,56,1834.91,0.01,0.06,7.57,0.17,Nov,2,3,1,6,Returning_Visitor,False,True
1,159.61,1,30.24,66,1583.31,0.01,0.04,7.07,0.16,Nov,2,13,1,6,Returning_Visitor,False,False
1,166.52,1,39.12,52,1574.87,0.02,0.06,5.46,0.14,Nov,2,3,1,6,Returning_Visitor,False,False
1,163.15,1,24.97,48,1064.18,0.01,0.03,2.61,0.15,Aug,2,2,3,2,Returning_Visitor,False,False
1,209.62,1,53.99,145,1166.2,0.01,0.02,0.0,0.12,Nov,2,2,6,6,Returning_Visitor,True,True
0,0.0,0,7.74,18,732.16,0.02,0.05,0.75,0.13,May,2,2,3,2,Returning_Visitor,False,False
0,46.38,1,20.32,27,982.93,0.0,0.06,0.0,0.14,May,2,2,1,2,Returning_Visitor,False,False
4,194.26,2,171.74,73,1700.74,0.02,0.03,12.36,0.19,Nov,2,2,1,6,Returning_Visitor,False,True
0,115.81,0,8.03,39,1411.64,0.01,0.04,5.01,0.15,Nov,2,2,3,2,Returning_Visitor,False,False
0,104.35,1,31.85,50,1892.66,0.01,0.06,7.49,0.17,Nov,2,2,3,6,Returning_Visitor,False,False
4,102.68,1,5.7,45,1918.05,0.02,0.08,1.33,0.13,Nov,1,1,3,3,Returning_Visitor,False,False
1,156.73,0,31.78,11,1754.1,0.02,0.03,4.26,0.17,Nov,2,2,2,2,New_Visitor,False,False
0,118.33,1,24.66,48,1209.83,0.02,0.06,5.76,0.13,Nov,2,2,2,2,Returning_Visitor,False,False
1,177.8,1,15.73,50,1662.9,0.02,0.04,6.36,0.21,Dec,2,2,2,6,Returning_Visitor,False,False
1,59.47,1,22.53,43,2243.48,0.04,0.1,2.18,0.0,Nov,1,1,1,1,Returning_Visitor,False,True
1,121.23,1,36.57,58,1616.62,0.01,0.06,3.91,0.14,Nov,2,3,1,6,Returning_Visitor,False,False
1,27.8,1,0.0,26,1011.9,0.08,0.12,1.64,0.1,Nov,1,1,1,3,Returning_Visitor,False,False
5,201.27,2,46.48,68,2387.98,0.03,0.02,4.03,0.0,Jul,2,2,2,1,Returning_Visitor,False,False
0,38.26,0,28.47,17,591.91,0.07,0.2,2.48,0.12,Nov,2,2,1,1,Returning_Visitor,False,False
0,15.47,1,12.25,1,675.61,0.2,0.13,4.42,0.12,Nov,2,2,3,1,Returning_Visitor,False,False
2,112.26,1,70.99,33,261.0,0.05,0.07,2.4,0.11,Nov,3,3,1,2,Returning_Visitor,False,False
1,159.08,1,50.07,50,1037.92,0.02,0.05,6.25,0.13,Jul,2,2,2,6,Returning_Visitor,False,False
1,176.3,1,64.05,62,1360.02,0.06,0.11,10.03,0.13,Nov,2,3,4,6,Returning_Visitor,False,False
1,113.76,1,18.38,34,1139.03,0.02,0.06,0.0,0.15,Nov,2,3,1,2,Returning_Visitor,False,False
2,175.95,1,45.76,64,2908.36,0.01,0.03,13.74,0.0,May,2,2,7,1,Returning_Visitor,False,False
3,196.13,1,34.43,47,432.75,0.01,0.03,3.57,0.17,Nov,2,13,1,2,New_Visitor,False,False
2,167.16,1,56.56,43,380.45,0.03,0.03,3.19,0.1,Nov,3,3,1,6,New_Visitor,True,False
2,180.42,1,18.4,50,1467.51,0.01,0.05,3.98,0.15,Nov,2,3,1,6,Returning_Visitor,False,False
0,30.07,1,35.1,35,0.0,0.2,0.13,0.0,0.2,May,3,2,1,6,Returning_Visitor,False,False
1,132.32,1,0.0,31,1283.65,0.01,0.05,3.19,0.16,Nov,2,2,8,2,New_Visitor,False,False
3,199.26,1,81.07,85,1822.24,0.01,0.04,20.68,0.25,Nov,2,2,8,4,Returning_Visitor,False,False
6,231.9,1,101.18,142,3694.87,0.01,0.01,12.88,0.1,Nov,2,13,1,1,Returning_Visitor,False,False
5,101.23,1,16.46,55,1376.4,0.01,0.03,4.37,0.18,Nov,2,13,1,6,Returning_Visitor,False,True
0,15.88,1,13.13,2,332.12,0.08,0.13,2.34,0.09,Nov,2,2,1,3,Returning_Visitor,False,False
0,69.81,0,7.85,42,1655.67,0.02,0.07,3.07,0.42,May,2,2,3,6,Returning_Visitor,False,False
2,165.68,1,14.07,36,1468.27,0.02,0.04,2.14,0.25,Mar,2,3,1,1,Returning_Visitor,False,False
2,143.02,1,30.97,53,773.82,0.03,0.02,3.79,0.15,Dec,3,2,1,6,Returning_Visitor,True,False
1,140.61,1,22.15,48,1610.08,0.02,0.07,5.4,0.14,Nov,2,2,1,6,Returning_Visitor,False,False
1,147.24,1,25.41,50,1905.56,0.01,0.06,7.76,0.13,Nov,2,3,1,6,Returning_Visitor,False,False
2,157.61,1,21.13,27,1064.23,0.03,0.07,0.0,0.16,Nov,2,3,1,6,Returning_Visitor,False,False
1,126.04,1,16.05,47,1192.12,0.02,0.08,3.74,0.17,Nov,2,3,1,6,Returning_Visitor,False,False
1,163.43,1,23.05,46,1843.95,0.02,0.06,6.29,0.16,Nov,2,3,1,6,Returning_Visitor,False,False
1,177.52,1,21.89,47,1639.43,0.02,0.06,6.54,0.18,Nov,2,3,2,6,Returning_Visitor,False,False
5,165.12,3,95.75,60,1884.13,0.03,0.04,4.57,0.1,Nov,1,1,1,1,Returning_Visitor,False,False
1,162.7,1,46.41,58,1746.9,0.01,0.04,6.61,0.16,Nov,2,2,1,2,Returning_Visitor,False,True
3,200.3,1,89.04,102,2381.86,0.0,0.03,16.48,0.19,Nov,2,2,1,6,Returning_Visitor,False,True
1,55.6,1,25.08,46,1692.39,0.01,0.02,2.09,0.0,Nov,3,2,2,2,Returning_Visitor,False,False
2,200.54,1,49.6,67,1848.86,0.0,0.03,11.1,0.18,Nov,2,2,1,6,Returning_Visitor,False,False
1,52.94,0,2.46,20,1320.99,0.02,0.04,1.05,0.17,May,2,2,3,2,Returning_Visitor,False,False
2,180.67,1,60.2,67,1812.07,0.01,0.06,7.98,0.14,Nov,2,3,1,6,Returning_Visitor,False,False
2,151.27,1,10.87,52,1666.77,0.01,0.03,3.53,0.25,Mar,2,2,7,1,Returning_Visitor,False,False
2,163.04,1,40.43,48,1735.65,0.01,0.04,8.61,0.17,Nov,2,2,1,6,Returning_Visitor,False,False
1,150.95,1,19.47,47,1683.97,0.02,0.07,5.68,0.0,Mar,2,13,1,6,Returning_Visitor,False,False
2,118.21,2,63.98,59,1707.92,0.03,0.04,2.48,0.19,Nov,2,2,7,1,Returning_Visitor,False,False
6,241.67,2,119.62,77,2599.01,0.01,0.04,13.99,0.14,Nov,8,1,1,1,Returning_Visitor,False,False
2,188.54,1,38.15,59,1739.85,0.02,0.05,4.5,0.17,Nov,2,3,1,1,Returning_Visitor,False,False
0,55.6,1,17.16,30,770.12,0.11,0.2,4.23,0.14,Nov,2,1,2,6,Returning_Visitor,False,False
2,173.79,1,31.53,64,1609.0,0.01,0.04,6.11,0.14,Nov,2,2,1,6,Returning_Visitor,False,False
4,240.38,1,81.29,78,2283.38,0.01,0.01,12.7,0.14,Nov,3,2,2,6,Returning_Visitor,True,False
3,132.78,1,13.66,34,1672.46,0.01,0.06,0.0,0.19,May,1,1,1,6,Returning_Visitor,False,False
3,73.87,1,18.79,63,3175.73,0.01,0.04,6.26,0.12,Mar,2,2,8,1,Returning_Visitor,False,False
1,98.1,0,13.51,32,1762.79,0.02,0.05,1.92,0.17,Nov,2,2,8,6,Returning_Visitor,False,False
1,184.51,1,23.31,9,1560.17,0.02,0.05,5.94,0.39,Nov,2,2,3,6,Returning_Visitor,False,False
0,0.0,1,17.76,48,2007.79,0.02,0.06,4.52,0.14,Nov,2,2,2,1,Returning_Visitor,False,False
1,90.79,0,27.9,22,212.17,0.1,0.12,2.78,0.12,Nov,3,3,1,6,Returning_Visitor,False,False
2,173.4,1,31.17,56,1927.48,0.02,0.05,6.9,0.14,Nov,2,3,1,6,Returning_Visitor,False,False
1,145.84,1,44.87,51,1539.63,0.01,0.05,6.54,0.15,May,2,2,1,2,Returning_Visitor,False,False
0,66.09,0,2.22,26,1598.63,0.0,0.05,1.76,0.16,Nov,2,2,7,2,Returning_Visitor,False,False
1,165.44,1,32.37,61,1993.06,0.01,0.05,7.73,0.14,Nov,2,2,1,6,Returning_Visitor,False,False
1,103.65,1,16.24,42,1575.61,0.02,0.07,2.93,0.12,Nov,2,3,1,6,Returning_Visitor,False,False
0,0.0,0,3.94,34,1293.04,0.01,0.06,2.4,0.14,Nov,2,3,3,2,Returning_Visitor,False,False
2,14.0,1,36.9,73,1721.44,0.01,0.03,8.27,0.22,Nov,2,2,1,6,Returning_Visitor,False,False
1,160.21,0,37.65,52,1621.74,0.01,0.05,7.7,0.15,Nov,2,2,2,6,Returning_Visitor,False,True
2,310.85,1,37.44,66,2325.08,0.01,0.07,3.98,0.0,Nov,4,3,2,1,Returning_Visitor,False,False
1,173.51,0,27.69,52,1591.11,0.02,0.06,5.52,0.15,Nov,2,3,1,6,Returning_Visitor,False,False
1,163.85,1,30.25,50,1439.16,0.02,0.04,4.35,0.35,Nov,2,2,1,1,Returning_Visitor,False,False
2,162.23,1,32.58,53,1838.21,0.02,0.06,6.94,0.13,Nov,2,3,1,6,Returning_Visitor,False,False
1,118.75,1,15.2,39,1230.0,0.02,0.07,0.0,0.14,Nov,2,3,1,6,Returning_Visitor,False,False
4,170.44,1,68.48,61,1736.18,0.01,0.0,6.5,0.15,Nov,2,2,1,6,Returning_Visitor,True,True
1,99.79,0,27.59,49,1554.57,0.01,0.01,2.28,0.17,Nov,2,2,7,6,Returning_Visitor,False,False
1,135.39,1,25.44,45,1547.65,0.01,0.06,2.88,0.13,Nov,2,3,1,2,Returning_Visitor,False,False
1,195.35,0,15.79,53,1808.12,0.01,0.04,5.27,0.15,Mar,2,13,2,6,Returning_Visitor,False,False
1,134.55,0,8.25,40,1531.6,0.02,0.07,2.59,0.15,Nov,2,3,1,6,Returning_Visitor,False,False
3,226.78,2,81.69,62,1456.38,0.03,0.05,7.51,0.18,Jul,2,2,1,1,Returning_Visitor,False,False
1,155.49,1,27.11,48,1805.48,0.02,0.06,5.91,0.14,Nov,2,2,1,6,Returning_Visitor,False,False
1,160.67,1,51.86,71,2088.8,0.01,0.04,12.68,0.16,Nov,2,2,8,6,Returning_Visitor,False,False
1,92.07,1,47.03,41,1846.85,0.02,0.04,5.32,0.14,May,3,2,1,6,Returning_Visitor,False,False
0,0.0,1,19.96,36,1870.4,0.01,0.02,1.59,0.16,Nov,2,2,1,2,Returning_Visitor,False,False
0,101.7,1,10.58,28,980.9,0.01,0.05,3.4,0.17,Nov,2,3,1,2,Returning_Visitor,False,False
1,143.69,1,42.62,56,1894.13,0.04,0.08,5.02,0.35,Nov,2,2,1,6,Returning_Visitor,False,False
1,161.73,1,41.3,55,1767.81,0.02,0.06,7.22,0.13,Nov,2,2,1,6,Returning_Visitor,False,False
3,202.95,3,128.15,182,2751.93,0.02,0.02,20.36,0.18,Nov,3,2,1,1,Returning_Visitor,False,True
0,42.69,1,23.31,24,213.8,0.04,0.12,3.75,0.12,Nov,2,2,1,2,Returning_Visitor,False,True
3,99.34,1,3.23,38,472.92,0.0,0.05,1.21,0.0,Nov,1,1,3,3,New_Visitor,False,False
1,47.05,1,48.84,25,675.42,0.05,0.12,3.39,0.16,May,3,3,1,3,Returning_Visitor,False,False
0,145.25,1,26.3,20,440.03,0.04,0.1,3.77,0.08,Mar,3,3,1,6,New_Visitor,True,False
1,133.02,1,28.72,39,2205.93,0.02,0.05,0.0,0.13,Mar,2,3,1,1,Returning_Visitor,False,False
1,152.82,1,36.56,52,976.37,0.01,0.03,2.58,0.18,Nov,2,2,8,6,New_Visitor,False,False
3,250.02,1,71.16,179,1653.17,0.01,0.04,9.74,0.1,Nov,2,13,1,2,New_Visitor,False,False
2,85.63,1,39.11,46,906.22,0.03,0.06,3.84,0.18,Nov,3,2,1,6,Returning_Visitor,False,False
2,187.45,1,18.48,46,1474.02,0.01,0.05,4.46,0.18,Nov,2,2,2,6,Returning_Visitor,False,False
2,148.26,1,30.75,55,1895.18,0.02,0.04,4.33,0.0,Nov,2,2,1,6,Returning_Visitor,False,False
1,167.45,1,20.79,57,1598.88,0.01,0.06,6.1,0.17,Nov,2,2,2,6,Returning_Visitor,False,False
2,204.47,1,31.99,49,2011.85,0.01,0.01,9.45,0.18,Nov,4,1,1,3,Returning_Visitor,False,False
2,138.6,1,17.81,47,1613.99,0.01,0.06,3.07,0.13,Nov,2,1,1,6,Returning_Visitor,False,False
2,155.4,1,56.22,54,1807.33,0.01,0.04,7.75,0.11,Nov,2,2,1,6,Returning_Visitor,False,False
0,37.78,1,24.88,23,1165.04,0.09,0.12,2.57,0.13,Mar,2,3,1,1,Returning_Visitor,False,False
1,153.62,1,22.49,49,1387.77,0.02,0.08,4.51,0.15,Nov,2,3,1,3,Returning_Visitor,False,False
2,85.12,1,25.79,44,1497.04,0.04,0.08,2.46,0.1,Nov,1,1,1,6,Returning_Visitor,False,False
1,98.68,1,24.3,38,1620.32,0.03,0.09,0.0,0.14,Nov,2,3,1,6,Returning_Visitor,False,False
0,76.59,1,21.44,3,840.09,0.07,0.11,3.21,0.13,Nov,2,3,1,6,Returning_Visitor,False,False
4,55.0,2,18.0,44,1559.17,0.01,0.04,16.96,0.22,Dec,2,4,1,6,Returning_Visitor,False,True
0,50.29,0,8.01,29,903.35,0.0,0.07,2.44,0.0,Mar,2,2,2,6,Returning_Visitor,False,False
5,57.11,1,34.39,35,1843.76,0.02,0.04,3.41,0.25,May,2,2,1,6,Returning_Visitor,True,False
2,158.88,1,23.64,46,1797.58,0.02,0.07,3.47,0.14,Nov,2,3,1,6,Returning_Visitor,False,False
0,0.0,1,41.48,48,2120.86,0.02,0.02,4.15,0.18,Nov,2,2,8,6,Returning_Visitor,False,False
2,182.02,1,75.35,48,1116.01,0.03,0.07,10.78,0.13,Mar,3,13,1,6,Returning_Visitor,True,False
1,125.87,1,34.54,49,1687.58,0.02,0.05,5.86,0.16,Nov,2,2,1,6,Returning_Visitor,False,False
1,90.83,1,14.04,39,1367.25,0.02,0.08,2.37,0.12,Nov,2,1,1,6,Returning_Visitor,False,False
3,94.25,1,14.23,49,1963.57,0.04,0.07,2.5,0.16,Nov,1,1,8,1,Returning_Visitor,False,True
1,154.59,1,26.78,58,1554.9,0.02,0.06,5.86,0.15,Nov,2,3,1,6,Returning_Visitor,False,False
2,108.85,1,35.66,32,445.0,0.01,0.0,6.88,0.34,May,2,2,1,6,Returning_Visitor,True,False
1,0.0,1,12.45,24,654.06,0.03,0.12,2.8,0.0,Nov,2,1,1,2,Returning_Visitor,False,False
0,42.74,0,14.26,24,1806.15,0.02,0.05,1.71,0.15,Nov,2,2,8,6,Returning_Visitor,False,False
1,140.46,1,29.36,45,1730.19,0.03,0.07,5.08,0.13,Nov,2,3,1,1,Returning_Visitor,False,False
2,53.0,1,44.11,55,2030.01,0.02,0.05,9.35,0.32,Nov,4,1,1,1,Returning_Visitor,False,True
1,110.02,1,23.88,44,1503.11,0.02,0.08,3.77,0.13,Nov,2,3,1,1,Returning_Visitor,False,False
1,156.23,1,53.73,46,1564.19,0.03,0.12,1.68,0.4,May,1,1,1,6,Returning_Visitor,False,False
0,0.0,0,64.15,19,11.0,0.12,0.13,10.47,0.0,Mar,3,3,1,6,Returning_Visitor,False,False
0,16.62,1,82.1,35,1842.36,0.02,0.03,3.92,0.13,May,3,2,1,3,Returning_Visitor,False,False
1,138.54,1,21.86,49,1664.45,0.02,0.07,4.16,0.13,Nov,2,3,1,6,Returning_Visitor,False,True
3,73.0,1,70.17,67,1884.91,0.01,0.02,7.92,0.15,Mar,3,13,1,6,Returning_Visitor,False,True
2,147.01,1,7.15,33,781.74,0.01,0.05,0.0,0.0,Nov,8,1,1,2,Returning_Visitor,False,False
2,146.79,1,68.45,49,1663.29,0.03,0.06,9.85,0.15,Nov,3,2,1,6,Returning_Visitor,False,False
1,168.82,1,22.22,53,1736.24,0.01,0.05,4.26,0.15,Nov,2,3,1,6,Returning_Visitor,False,False
1,168.09,1,21.86,46,1604.37,0.01,0.05,4.8,0.14,Nov,2,3,1,6,Returning_Visitor,False,True
1,71.31,1,11.72,41,1391.04,0.06,0.11,5.35,0.13,Mar,2,6,2,3,Returning_Visitor,False,False
1,183.24,1,18.19,57,1377.9,0.0,0.04,3.12,0.12,Nov,2,2,8,2,New_Visitor,False,False
2,151.14,2,45.47,53,1896.89,0.02,0.07,5.72,0.15,Nov,2,3,1,1,Returning_Visitor,False,False
0,0.0,1,40.13,28,1170.35,0.06,0.12,6.74,0.11,Nov,3,3,1,6,Returning_Visitor,False,False
3,171.01,1,8.59,49,1599.32,0.01,0.05,2.02,0.0,Nov,1,1,1,6,Returning_Visitor,False,False
1,163.91,1,96.91,53,2456.96,0.03,0.06,14.18,0.22,Nov,3,2,1,6,Returning_Visitor,True,False
4,115.89,1,52.6,60,1727.2,0.01,0.03,9.17,0.14,Nov,2,2,1,2,Returning_Visitor,False,False
0,34.88,1,18.45,27,920.83,0.03,0.1,3.36,0.1,Nov,2,2,2,6,Returning_Visitor,False,False
1,109.38,1,36.89,30,612.73,0.04,0.06,2.41,0.11,Nov,2,3,1,2,Returning_Visitor,False,False
1,166.87,1,43.01,66,1726.82,0.02,0.06,6.1,0.23,Nov,2,2,1,6,Returning_Visitor,False,False
0,0.0,0,7.4,18,248.42,0.01,0.04,1.14,0.13,May,2,2,2,6,Returning_Visitor,False,False
0,70.65,1,0.0,26,881.01,0.03,0.1,2.78,0.13,Nov,2,2,1,6,Returning_Visitor,False,False
4,139.32,1,19.49,40,604.24,0.01,0.03,1.44,0.15,Nov,2,2,1,6,New_Visitor,False,False
3,108.85,1,0.0,38,706.67,0.02,0.04,0.6,0.16,Mar,2,13,1,1,New_Visitor,False,False
0,14.96,0,4.19,28,829.43,0.02,0.08,0.85,0.13,Mar,2,2,8,3,Returning_Visitor,False,False
3,77.12,2,67.43,12,1446.53,0.02,0.04,5.42,0.0,Nov,2,13,1,1,Returning_Visitor,False,False
2,185.96,1,107.16,81,2262.1,0.01,0.01,120.59,0.15,May,2,2,2,6,Returning_Visitor,False,False
3,84.55,1,37.63,45,1222.69,0.0,0.02,7.64,0.16,May,2,13,1,2,Returning_Visitor,False,False
0,0.0,1,10.96,46,2038.51,0.01,0.05,0.0,0.16,Nov,2,2,3,1,Returning_Visitor,False,False
0,31.55,1,25.99,24,0.0,0.11,0.13,3.06,0.14,Mar,2,1,1,1,Returning_Visitor,False,False
6,266.62,3,86.54,106,3314.3,0.01,0.02,30.22,0.15,Nov,2,2,1,6,Returning_Visitor,False,True
1,148.76,1,16.93,41,1553.36,0.02,0.06,3.74,0.17,Nov,2,3,1,1,Returning_Visitor,False,False
0,0.0,1,47.5,20,2648.63,0.02,0.05,4.9,0.27,Nov,2,2,8,1,Returning_Visitor,False,False
0,99.8,0,38.93,20,1561.73,0.02,0.04,2.95,0.4,Nov,2,2,3,6,Returning_Visitor,False,False
0,98.6,1,10.0,19,486.09,0.01,0.04,2.9,0.12,Nov,2,2,1,2,Returning_Visitor,False,False
2,153.0,1,20.95,48,1606.51,0.01,0.06,3.82,0.12,Nov,2,1,1,6,Returning_Visitor,False,False
1,148.27,1,6.6,33,1641.93,0.01,0.05,2.49,0.16,Nov,2,3,1,2,Returning_Visitor,False,True
2,146.67,2,54.53,55,1322.52,0.0,0.03,4.61,0.2,Dec,2,2,1,2,New_Visitor,False,False
0,36.23,1,19.37,30,0.0,0.11,0.13,3.09,0.11,Mar,2,1,1,1,Returning_Visitor,False,False
2,169.19,1,16.02,44,1185.07,0.01,0.04,1.94,0.16,Nov,2,2,1,2,New_Visitor,False,False
1,171.15,1,34.82,64,1745.54,0.02,0.06,6.61,0.16,Nov,2,3,1,6,Returning_Visitor,False,False
0,51.19,1,9.25,27,1243.77,0.02,0.08,0.0,0.11,Nov,2,1,8,1,Returning_Visitor,False,False
2,92.06,1,26.2,53,2663.68,0.02,0.01,8.0,0.13,Nov,4,1,2,1,Returning_Visitor,False,False
0,70.75,0,10.93,41,1716.72,0.02,0.05,5.76,0.22,Nov,2,2,3,1,Returning_Visitor,False,False
0,48.13,0,0.0,11,405.89,0.02,0.04,3.11,0.1,Nov,2,2,2,2,Returning_Visitor,False,False
2,165.03,1,57.8,55,1572.31,0.02,0.04,6.9,0.15,Nov,2,2,1,6,Returning_Visitor,False,False
0,22.89,0,4.5,14,853.52,0.01,0.05,2.05,0.13,Nov,2,2,3,2,Returning_Visitor,False,False
1,74.04,1,28.71,35,1360.6,0.03,0.07,2.15,0.12,Nov,2,2,1,1,Returning_Visitor,False,False
1,129.67,1,95.7,42,2086.1,0.03,0.03,7.58,0.14,May,3,2,1,2,Returning_Visitor,False,False
3,172.52,1,15.05,38,1318.05,0.01,0.02,8.54,0.0,May,2,2,8,2,Returning_Visitor,False,False
1,84.7,1,14.88,40,1185.92,0.03,0.08,3.14,0.15,Nov,2,1,1,6,Returning_Visitor,False,False
0,90.79,1,20.07,28,1890.84,0.03,0.04,5.45,0.32,Nov,2,2,3,6,Returning_Visitor,False,False
0,52.29,1,0.0,19,1332.7,0.1,0.12,0.0,0.11,Mar,2,3,1,1,Returning_Visitor,False,False
2,157.69,1,26.28,32,798.65,0.01,0.01,1.68,0.16,Nov,2,2,1,2,New_Visitor,False,False
0,37.86,1,0.0,30,1030.47,0.05,0.11,1.97,0.14,Nov,2,3,2,6,Returning_Visitor,False,False
1,177.93,1,15.78,35,1077.8,0.01,0.04,2.41,0.14,Nov,2,2,1,2,New_Visitor,False,False
1,145.42,1,6.5,54,1448.56,0.0,0.06,3.13,0.11,Mar,4,1,2,3,Returning_Visitor,False,False
1,136.61,1,29.64,53,1701.23,0.02,0.07,5.07,0.11,Nov,2,1,1,6,Returning_Visitor,False,False
2,215.73,2,87.28,125,3467.34,0.01,0.03,23.94,0.17,Aug,8,2,1,6,Returning_Visitor,False,False
1,161.61,1,15.28,43,1410.36,0.01,0.05,4.02,0.15,Nov,2,3,1,6,Returning_Visitor,False,False
1,151.93,1,28.38,59,1627.96,0.02,0.06,6.81,0.14,Nov,2,3,1,6,Returning_Visitor,False,False
1,110.93,1,0.0,37,1679.6,0.02,0.07,4.19,0.16,Nov,2,2,8,1,Returning_Visitor,False,False
4,179.97,1,91.0,74,2095.72,0.01,0.04,14.32,0.13,Nov,2,2,7,6,Returning_Visitor,False,True
3,139.96,1,15.55,39,2691.14,0.01,0.04,4.64,0.0,Nov,2,2,7,6,Returning_Visitor,False,False
3,146.35,1,56.27,62,2082.01,0.01,0.01,25.09,0.0,May,2,13,1,1,Returning_Visitor,False,False
6,548.5,1,66.9,9,1322.75,0.01,0.04,10.7,0.2,Nov,2,4,1,6,Returning_Visitor,False,False
3,78.75,1,6.04,59,1697.76,0.03,0.06,1.21,0.13,Nov,1,1,8,1,Returning_Visitor,False,False
2,189.62,1,0.0,74,2322.65,0.01,0.01,16.02,0.12,Mar,2,13,2,6,Returning_Visitor,False,True
3,174.54,1,34.95,55,2377.04,0.01,0.01,10.48,0.1,Nov,4,1,1,3,Returning_Visitor,True,True
2,179.98,1,30.57,50,1844.96,0.02,0.06,5.24,0.13,Nov,2,3,1,1,Returning_Visitor,False,False
1,139.37,1,78.36,68,2241.2,0.01,0.04,14.23,0.33,May,3,2,1,4,Returning_Visitor,True,False
2,102.58,1,24.65,58,2257.7,0.02,0.02,3.5,0.12,Mar,2,1,2,6,Returning_Visitor,False,False
2,175.42,1,39.48,49,1718.05,0.02,0.05,6.63,0.16,Nov,2,13,1,6,Returning_Visitor,False,False
4,203.08,0,51.07,61,2034.03,0.02,0.04,10.55,0.15,Mar,2,13,1,10,Returning_Visitor,False,False
1,137.23,1,15.8,46,1316.44,0.02,0.06,0.0,0.13,Nov,2,3,1,6,Returning_Visitor,False,False
3,240.17,1,52.38,60,1604.41,0.01,0.03,7.32,0.0,Nov,2,2,7,6,Returning_Visitor,False,False
3,93.68,1,22.68,49,1582.49,0.01,0.03,6.05,0.21,May,2,2,1,6,Returning_Visitor,False,True
0,203.72,1,9.28,49,1462.89,0.01,0.04,5.9,0.16,Nov,2,2,2,2,Returning_Visitor,False,False
2,124.54,1,24.24,49,1864.12,0.02,0.06,4.32,0.14,Nov,2,3,1,6,Returning_Visitor,False,False
2,64.57,0,5.18,25,1076.63,0.01,0.02,0.94,0.13,Mar,2,13,2,6,New_Visitor,False,False
3,5.0,1,21.23,12,2087.63,0.01,0.04,3.53,0.21,Nov,2,3,1,6,Returning_Visitor,False,False
2,188.86,1,32.38,52,2210.54,0.01,0.06,9.34,0.14,Nov,2,3,1,6,Returning_Visitor,False,False
5,138.05,2,57.19,55,3005.82,0.04,0.07,5.05,0.12,Mar,2,1,1,1,Returning_Visitor,False,False
3,64.09,1,25.85,32,1120.43,0.01,0.03,1.19,0.17,Mar,2,13,1,2,New_Visitor,False,False
2,145.91,1,21.68,43,1439.89,0.07,0.09,2.76,0.14,Mar,2,1,1,1,Returning_Visitor,False,False
1,182.16,1,36.89,58,1665.92,0.02,0.07,6.56,0.16,Nov,2,3,1,1,Returning_Visitor,False,True
2,255.82,2,95.65,67,2424.58,0.02,0.04,0.15,0.0,Nov,2,1,1,1,Returning_Visitor,False,False
5,185.08,1,65.05,69,1570.17,0.01,0.03,9.88,0.19,Nov,2,2,1,6,Returning_Visitor,True,False
2,102.14,1,32.37,49,2151.99,0.02,0.07,3.31,0.11,Nov,8,1,1,1,Returning_Visitor,False,False
0,23.99,1,11.49,17,373.66,0.07,0.12,1.84,0.09,Nov,2,1,1,3,Returning_Visitor,False,True
3,161.56,1,16.71,50,1780.96,0.01,0.05,2.68,0.08,Nov,1,1,1,3,Returning_Visitor,True,False
0,0.0,1,10.23,31,1479.44,0.02,0.08,2.07,0.15,Nov,2,2,3,2,Returning_Visitor,False,False
2,165.93,1,39.75,60,1842.42,0.01,0.06,8.41,0.14,Nov,2,2,1,6,Returning_Visitor,False,False
1,0.0,1,12.35,125,932.33,0.02,0.08,2.89,0.13,Mar,4,1,2,3,Returning_Visitor,False,True
6,523.33,3,218.52,103,1609.86,0.01,0.02,0.0,0.0,May,3,2,2,6,Returning_Visitor,True,False
4,192.85,1,106.71,64,2768.59,0.01,0.02,6.75,0.16,Nov,2,13,1,6,Returning_Visitor,False,True
1,102.5,1,34.51,6,453.92,0.1,0.12,4.33,0.11,Mar,3,3,1,6,Returning_Visitor,False,False
1,114.32,1,37.68,48,1536.92,0.03,0.07,3.58,0.14,Nov,2,1,1,1,Returning_Visitor,False,False
1,167.77,1,30.95,50,1682.96,0.02,0.06,6.12,0.14,Nov,2,3,1,6,Returning_Visitor,False,False
6,179.4,1,98.83,10,2499.64,0.01,0.01,13.59,0.13,Nov,2,13,1,6,Returning_Visitor,True,True
0,69.46,1,10.71,16,20.0,0.02,0.08,1.52,0.12,Nov,2,2,1,2,New_Visitor,False,False
0,85.31,1,71.89,18,700.08,0.06,0.06,5.53,0.15,Nov,3,2,1,6,Returning_Visitor,False,False
2,83.44,1,4.33,20,1603.16,0.02,0.05,0.37,0.16,May,1,1,7,6,Returning_Visitor,False,False
1,160.6,1,35.95,60,1948.42,0.02,0.06,6.56,0.29,Nov,2,2,1,6,Returning_Visitor,False,False
2,206.39,1,27.44,62,2055.38,0.01,0.05,24.61,0.16,Nov,2,13,1,6,Returning_Visitor,False,False
2,169.09,0,21.56,53,1838.87,0.0,0.05,4.5,0.0,Nov,2,3,1,6,Returning_Visitor,False,False
4,261.06,1,50.65,57,2017.96,0.01,0.05,5.41,0.1,Nov,1,1,1,1,Returning_Visitor,False,False
1,153.6,1,23.31,57,1689.6,0.02,0.07,5.58,0.21,Nov,2,1,1,6,Returning_Visitor,False,False
2,15.36,1,7.44,39,190.16,0.04,0.04,0.45,0.18,Nov,2,2,7,1,Returning_Visitor,False,False
3,306.42,1,63.07,57,1582.17,0.01,0.03,20.97,0.15,Nov,2,13,2,6,Returning_Visitor,False,True
0,63.96,1,24.07,28,1228.15,0.01,0.05,6.11,0.15,Nov,2,2,2,2,Returning_Visitor,False,False
3,42.5,2,37.45,41,1553.09,0.02,0.03,5.06,0.14,Dec,1,4,1,6,Returning_Visitor,False,False
2,185.23,1,68.45,63,1673.92,0.01,0.04,7.14,0.14,Nov,3,2,1,6,Returning_Visitor,True,False
3,245.93,1,18.0,63,1579.7,0.03,0.06,13.13,0.09,Nov,3,3,1,6,Returning_Visitor,True,False
5,193.3,1,97.73,95,2120.75,0.01,0.04,13.91,0.37,Nov,2,2,1,6,Returning_Visitor,False,False
0,81.72,1,0.0,6,830.94,0.03,0.03,0.0,0.23,May,2,3,1,2,Returning_Visitor,False,False
2,224.13,1,53.69,71,1739.25,0.0,0.04,9.76,0.11,Nov,2,3,2,6,Returning_Visitor,False,False
3,107.0,1,22.68,39,1633.95,0.02,0.03,1.85,0.21,May,3,2,1,3,Returning_Visitor,False,False
3,171.82,1,38.88,53,765.17,0.01,0.03,11.27,0.14,Nov,2,2,1,6,Returning_Visitor,False,False
1,175.06,1,30.33,54,2408.58,0.02,0.05,5.35,0.27,Nov,2,2,2,6,Returning_Visitor,False,False
5,108.0,3,85.0,48,927.52,0.04,0.01,4.34,0.0,Nov,3,2,5,1,Returning_Visitor,False,False
2,211.98,1,19.75,47,1713.58,0.01,0.05,6.61,0.18,Nov,2,3,1,6,Returning_Visitor,False,True
0,190.23,0,28.35,32,2012.99,0.04,0.1,7.09,0.5,Nov,1,10,2,1,New_Visitor,False,False
1,110.02,1,16.22,36,1514.69,0.02,0.06,3.15,0.14,Nov,2,3,1,1,Returning_Visitor,False,False
1,121.91,1,29.09,40,1287.36,0.04,0.07,4.56,0.12,Nov,3,2,1,6,Returning_Visitor,True,True
1,65.01,0,37.81,44,1835.63,0.02,0.04,1.64,0.24,May,2,2,2,3,Returning_Visitor,False,False
1,143.83,1,20.75,52,1691.63,0.01,0.06,4.43,0.15,Nov,2,2,1,6,Returning_Visitor,False,False
1,121.79,1,19.97,42,1884.99,0.03,0.07,5.57,0.13,Nov,2,2,1,6,Returning_Visitor,False,False
0,0.0,1,25.76,20,713.45,0.01,0.08,1.17,0.14,May,2,3,1,3,Returning_Visitor,False,False
2,222.2,1,27.28,43,1985.41,0.01,0.03,4.93,0.16,Nov,2,5,1,1,Returning_Visitor,False,False
0,91.5,0,26.02,50,2001.61,0.01,0.05,11.3,0.15,Nov,2,2,3,6,Returning_Visitor,False,False
0,0.0,1,8.7,27,816.58,0.02,0.1,2.13,0.13,Nov,2,3,2,2,Returning_Visitor,False,False
1,151.15,1,29.84,58,1120.83,0.01,0.02,5.6,0.13,Nov,3,2,1,6,Returning_Visitor,True,False
1,126.46,1,24.4,49,1768.26,0.02,0.07,4.82,0.14,Nov,2,1,1,6,Returning_Visitor,False,False
1,127.23,1,22.37,40,894.0,0.02,0.04,6.23,0.18,Nov,2,2,7,1,Returning_Visitor,False,False
4,130.87,1,7.6,35,1216.23,0.01,0.03,0.0,0.19,Nov,2,3,7,2,Returning_Visitor,False,True
3,177.12,1,82.7,76,1733.36,0.01,0.04,7.98,0.0,Nov,2,2,1,6,Returning_Visitor,False,False
0,55.04,1,35.88,33,1356.01,0.1,0.1,6.71,0.15,Nov,2,3,1,1,Returning_Visitor,False,False
0,75.82,1,17.78,35,1702.82,0.01,0.05,2.4,0.14,Nov,2,2,1,2,Returning_Visitor,False,False
3,236.76,1,26.24,9,1176.5,0.01,0.05,5.82,0.14,Aug,2,1,3,6,Returning_Visitor,False,False
0,148.0,2,67.55,62,1804.93,0.02,0.04,8.72,0.15,Nov,2,2,1,2,Returning_Visitor,False,False
0,105.55,1,11.96,52,1587.5,0.01,0.02,3.87,0.17,Nov,2,2,3,2,Returning_Visitor,False,False
3,134.14,0,1.83,36,824.23,0.0,0.08,0.49,0.04,Nov,1,1,1,2,New_Visitor,False,False
2,67.0,1,33.37,58,1515.86,0.01,0.05,11.07,0.13,Nov,2,13,9,6,Returning_Visitor,True,False
0,3.3,0,19.12,14,325.57,0.04,0.12,1.89,0.1,May,2,2,1,3,Returning_Visitor,False,False
1,40.11,1,7.78,21,791.0,0.03,0.1,0.0,0.12,Nov,2,1,1,6,Returning_Visitor,False,False
0,76.83,1,34.93,26,668.29,0.1,0.13,5.72,0.12,Nov,2,3,1,6,Returning_Visitor,False,False
9,252.67,1,139.0,75,3052.88,0.0,0.02,20.3,0.0,Nov,3,2,1,6,Returning_Visitor,False,False
1,151.37,1,17.54,44,1077.0,0.01,0.04,3.81,0.18,Nov,2,2,8,6,Returning_Visitor,False,False
2,90.27,1,3.71,39,1549.2,0.02,0.05,0.75,0.18,May,2,1,7,6,Returning_Visitor,False,False
1,129.63,0,22.29,59,1648.93,0.02,0.04,4.49,0.19,Nov,2,2,7,6,Returning_Visitor,False,False
2,118.0,1,44.92,49,1293.23,0.01,0.03,3.98,0.14,Mar,2,2,1,20,Returning_Visitor,False,False
4,209.93,1,161.62,67,2987.23,0.01,0.03,28.6,0.13,Nov,2,2,1,2,Returning_Visitor,False,False
7,282.44,2,114.67,85,2128.73,0.02,0.06,15.22,0.16,Nov,4,3,1,1,Returning_Visitor,False,True
1,154.07,1,19.74,36,1695.27,0.02,0.04,3.34,0.15,Dec,2,2,1,6,Returning_Visitor,False,False
4,447.14,2,99.21,91,2699.58,0.01,0.06,0.0,0.17,Nov,2,2,1,1,Returning_Visitor,False,False
2,132.99,0,10.65,47,1894.72,0.01,0.05,1.78,0.12,Nov,1,1,8,6,Returning_Visitor,False,False
1,171.98,1,32.84,45,1560.03,0.02,0.06,3.97,0.14,Nov,2,3,1,6,Returning_Visitor,False,False
1,122.41,1,21.41,51,1676.14,0.03,0.08,3.76,0.21,Nov,2,2,2,6,Returning_Visitor,False,True
4,228.84,1,67.8,99,2237.72,0.01,0.01,23.38,0.12,Nov,2,2,2,6,Returning_Visitor,False,True
1,128.34,1,21.28,50,1650.58,0.02,0.06,4.84,0.0,Nov,2,3,1,6,Returning_Visitor,False,False
2,178.18,1,38.05,91,1758.53,0.01,0.03,7.19,0.19,Nov,2,3,1,4,Returning_Visitor,False,False
7,698.25,1,54.4,44,758.07,0.01,0.02,4.02,0.12,Nov,8,1,2,1,New_Visitor,False,False
3,312.0,1,11.0,71,2484.11,0.01,0.08,9.6,0.3,Nov,4,2,3,6,Returning_Visitor,False,False
1,144.44,1,26.7,61,1726.98,0.01,0.06,8.52,0.15,Nov,2,2,3,6,Returning_Visitor,True,False
1,97.1,1,15.01,42,1462.83,0.02,0.08,2.93,0.14,Nov,2,1,1,6,Returning_Visitor,False,False
1,139.32,1,22.37,49,1767.46,0.02,0.06,4.98,0.16,Nov,2,2,1,6,Returning_Visitor,False,True
0,0.0,1,2.64,20,330.53,0.05,0.11,1.53,0.09,Nov,1,1,2,3,Returning_Visitor,False,False
1,120.0,0,34.17,50,2296.46,0.01,0.05,10.75,0.22,May,3,2,2,6,Returning_Visitor,False,False
2,191.85,1,79.13,80,1780.58,0.01,0.02,19.43,0.11,Nov,2,2,1,6,Returning_Visitor,False,False
3,169.05,1,25.57,46,1879.99,0.0,0.06,4.92,0.14,Nov,2,3,1,6,Returning_Visitor,False,False
3,162.7,2,0.0,49,1299.48,0.01,0.04,4.27,0.19,Nov,2,3,1,6,New_Visitor,False,False
0,134.28,1,38.75,53,1757.48,0.01,0.05,7.94,0.14,Nov,2,2,2,6,Returning_Visitor,False,False
3,89.13,0,15.28,53,1634.69,0.01,0.04,7.08,0.0,Mar,2,13,1,6,Returning_Visitor,False,False
3,97.68,1,8.51,40,1982.52,0.01,0.03,2.09,0.22,Nov,2,3,1,2,Returning_Visitor,False,False
3,171.72,1,19.25,57,1640.34,0.02,0.04,5.65,0.18,Mar,2,4,1,3,Returning_Visitor,False,False
0,62.88,1,35.0,38,1270.09,0.04,0.1,4.32,0.18,Nov,3,3,1,3,Returning_Visitor,False,False
0,0.0,1,20.77,28,695.97,0.06,0.11,3.69,0.13,Nov,2,3,1,1,Returning_Visitor,False,False
2,130.22,1,34.59,54,1939.01,0.02,0.06,6.0,0.14,Nov,2,2,1,6,Returning_Visitor,False,False
1,103.39,1,26.64,40,1232.71,0.02,0.07,3.53,0.14,Nov,2,3,1,6,Returning_Visitor,False,False
4,164.2,2,85.53,133,2251.6,0.01,0.03,15.49,0.2,Jul,2,2,1,10,Returning_Visitor,False,True
3,178.63,1,9.09,37,1742.72,0.01,0.03,2.61,0.21,Mar,2,5,1,1,Returning_Visitor,False,True
2,0.0,1,44.12,52,455.08,0.01,0.03,14.13,0.18,May,2,13,1,1,Returning_Visitor,False,True
1,154.89,1,52.97,59,1763.59,0.02,0.07,6.72,0.14,Nov,2,3,1,6,Returning_Visitor,False,False
1,148.77,1,45.13,64,1688.26,0.01,0.04,7.71,0.15,Nov,2,2,1,6,Returning_Visitor,False,False
1,151.92,1,19.82,61,1811.47,0.01,0.06,0.0,0.18,Nov,2,2,3,6,Returning_Visitor,False,False
1,134.03,0,0.0,38,728.18,0.01,0.04,4.33,0.18,May,2,2,3,6,Returning_Visitor,False,False
0,0.0,1,56.05,21,963.39,0.11,0.13,6.22,0.16,May,3,2,1,6,Returning_Visitor,False,False
1,136.72,1,19.97,49,1250.12,0.02,0.05,2.7,0.15,Nov,2,2,3,6,Returning_Visitor,False,False
2,249.75,1,10.56,47,1585.22,0.02,0.06,5.47,0.38,Aug,4,1,3,1,Returning_Visitor,False,False
1,58.36,1,9.79,39,1435.25,0.02,0.1,4.46,0.13,Nov,2,1,3,3,Returning_Visitor,False,False
2,38.0,1,31.98,50,2678.88,0.03,0.04,17.03,0.0,Mar,3,13,1,10,Returning_Visitor,False,True
3,85.57,1,83.13,63,2465.06,0.02,0.05,6.31,0.64,May,2,2,7,4,Returning_Visitor,False,False
2,111.1,1,9.67,42,1419.8,0.02,0.03,0.0,0.17,Nov,2,2,7,2,Returning_Visitor,False,False
2,168.37,1,5.9,25,1522.82,0.02,0.04,2.06,0.23,Nov,2,2,3,6,Returning_Visitor,False,False
0,0.0,1,42.63,27,1057.04,0.02,0.08,2.58,0.15,May,3,2,1,2,Returning_Visitor,False,False
0,40.17,1,20.39,4,359.75,0.03,0.07,0.99,0.0,Nov,2,2,1,2,Returning_Visitor,False,False
0,61.23,0,15.56,25,434.11,0.1,0.12,3.79,0.13,Nov,2,3,2,3,Returning_Visitor,False,False
2,210.52,1,20.77,53,1857.68,0.01,0.06,3.12,0.12,Nov,1,1,1,6,Returning_Visitor,False,True
2,226.64,1,75.79,96,1966.45,0.01,0.05,15.71,0.32,Nov,2,2,2,6,Returning_Visitor,False,True
4,217.4,1,117.87,69,3273.52,0.01,0.03,18.09,0.15,Nov,3,2,8,1,Returning_Visitor,False,True
3,140.89,1,40.0,74,2323.18,0.01,0.03,8.3,0.14,Nov,2,3,2,6,Returning_Visitor,False,True
2,178.53,1,21.97,48,1773.3,0.01,0.06,3.51,0.16,Nov,2,3,1,6,Returning_Visitor,False,False
2,179.4,1,19.49,51,750.59,0.01,0.04,7.31,0.18,Nov,2,3,1,6,Returning_Visitor,False,False
1,106.19,1,7.38,15,1464.04,0.02,0.05,1.52,0.15,Nov,2,3,1,6,Returning_Visitor,False,False
1,157.36,1,33.82,33,2814.79,0.01,0.03,15.5,0.13,Nov,2,2,1,6,Returning_Visitor,False,False
2,89.24,1,33.87,40,2086.22,0.0,0.05,2.89,0.0,Nov,8,2,1,2,Returning_Visitor,False,False
2,192.48,2,24.86,49,2197.44,0.05,0.07,7.76,0.17,Mar,2,4,1,1,Returning_Visitor,False,False
1,151.35,1,9.27,33,1313.26,0.02,0.04,2.33,0.23,Nov,2,3,1,1,Returning_Visitor,False,False
10,86.62,1,8.73,38,1010.43,0.04,0.1,3.32,0.0,Nov,1,1,2,3,Returning_Visitor,False,False
1,193.08,1,22.63,68,1596.08,0.0,0.04,7.55,0.16,Nov,2,2,8,6,Returning_Visitor,False,False
1,149.44,1,15.78,42,1585.26,0.03,0.07,4.32,0.18,Nov,2,1,2,6,Returning_Visitor,False,False
0,22.59,1,28.52,13,362.27,0.08,0.08,2.55,0.13,Nov,2,3,1,6,Returning_Visitor,False,False
4,81.27,1,44.57,35,1562.93,0.03,0.03,1.54,0.13,Nov,3,2,7,1,Returning_Visitor,False,False
1,92.97,1,31.09,58,1771.15,0.02,0.02,2.73,0.15,Nov,2,2,2,6,Returning_Visitor,False,False
2,178.08,1,48.05,56,1599.88,0.02,0.07,6.0,0.13,Nov,2,3,1,6,Returning_Visitor,False,False
1,259.62,2,28.4,2,1294.96,0.04,0.07,9.09,0.12,Jul,2,3,1,5,New_Visitor,False,False
3,144.3,1,30.5,56,1617.64,0.0,0.04,5.17,0.14,Mar,2,13,1,6,Returning_Visitor,False,False
4,190.66,2,81.26,65,2313.37,0.01,0.04,13.21,0.16,Nov,2,13,1,6,Returning_Visitor,False,False
9,234.97,1,125.76,111,2707.54,0.01,0.03,16.63,0.24,Nov,2,2,1,1,Returning_Visitor,False,True
1,136.0,1,18.62,50,1442.93,0.01,0.04,3.11,0.19,Nov,2,2,1,6,Returning_Visitor,False,False
1,129.51,1,41.53,59,2784.34,0.03,0.07,6.89,0.15,Nov,2,3,1,1,Returning_Visitor,False,False
2,172.96,1,26.76,49,1579.14,0.02,0.05,3.76,0.13,Nov,2,3,1,6,Returning_Visitor,False,True
0,135.01,1,45.64,33,1096.42,0.04,0.12,3.69,0.41,May,3,2,2,6,Returning_Visitor,False,False
2,153.67,1,42.29,54,1430.84,0.02,0.05,3.14,0.13,Nov,2,3,1,2,Returning_Visitor,False,False
1,94.84,1,24.0,41,1268.77,0.03,0.09,0.0,0.12,Nov,2,2,1,6,Returning_Visitor,False,False
0,59.08,1,23.26,37,487.98,0.04,0.06,4.56,0.15,May,3,2,9,13,Returning_Visitor,True,False
1,116.1,1,25.24,48,1560.12,0.02,0.08,5.74,0.14,Nov,2,3,1,6,Returning_Visitor,False,False
2,146.5,1,5.82,19,506.52,0.01,0.06,0.47,0.0,Nov,2,2,1,2,New_Visitor,False,False
1,134.27,1,76.93,77,1872.5,0.01,0.04,14.77,0.14,May,2,2,1,6,Returning_Visitor,False,False
1,170.83,1,19.87,49,2023.51,0.01,0.06,8.29,0.21,May,2,1,2,6,Returning_Visitor,False,False
1,160.71,1,17.83,39,1593.42,0.02,0.06,6.45,0.17,May,2,13,1,2,New_Visitor,False,False
1,180.55,1,34.86,71,1691.0,0.02,0.04,5.66,0.24,Nov,2,2,2,6,Returning_Visitor,False,False
1,46.57,1,5.57,31,1157.93,0.03,0.11,1.71,0.0,Nov,4,1,2,3,Returning_Visitor,False,False
2,129.64,1,29.43,54,1799.67,0.03,0.09,4.07,0.07,Nov,1,1,1,1,Returning_Visitor,False,False
1,117.97,1,18.92,53,1409.23,0.02,0.08,4.16,0.13,Nov,2,1,1,6,Returning_Visitor,False,False
0,416.18,2,518.25,65,3145.12,0.01,0.05,5.59,0.04,Nov,1,1,1,1,Returning_Visitor,False,False
3,18.0,1,92.11,84,2512.27,0.01,0.02,7.5,0.17,May,3,13,1,4,Returning_Visitor,True,False
1,78.51,1,16.44,41,1217.59,0.03,0.09,2.56,0.13,Nov,2,1,1,6,Returning_Visitor,False,False
2,140.34,1,28.16,51,1532.62,0.02,0.05,3.43,0.14,Nov,3,3,1,6,Returning_Visitor,False,False
6,50.0,2,103.06,106,2447.15,0.01,0.03,19.73,0.16,Nov,2,13,1,6,Returning_Visitor,False,True
2,103.86,1,10.69,49,1561.91,0.04,0.09,2.49,0.16,Nov,3,3,2,3,Returning_Visitor,False,False
1,105.9,1,19.29,52,1351.94,0.02,0.07,3.85,0.12,Nov,2,3,1,1,Returning_Visitor,False,False
2,126.55,1,35.8,46,1596.75,0.03,0.07,6.4,0.14,Nov,3,1,1,6,Returning_Visitor,False,False
1,156.86,1,54.35,47,1745.84,0.01,0.03,14.94,0.0,May,2,2,1,2,Returning_Visitor,False,False
6,160.84,2,105.0,77,2667.14,0.04,0.04,10.27,0.11,Nov,3,2,1,6,Returning_Visitor,False,False
0,43.38,0,0.0,37,1757.16,0.01,0.07,1.96,0.13,Nov,2,1,8,1,Returning_Visitor,False,True
1,152.4,1,14.91,48,1668.07,0.01,0.06,3.27,0.16,Nov,2,3,1,6,Returning_Visitor,False,False
3,149.99,2,45.23,40,1555.61,0.03,0.06,5.07,0.15,Mar,3,3,1,1,Returning_Visitor,False,True
1,164.22,1,9.8,25,945.45,0.01,0.08,1.73,0.11,Mar,2,3,1,2,New_Visitor,False,False
2,113.14,1,13.59,41,1210.44,0.04,0.08,1.95,0.15,Nov,2,1,1,1,Returning_Visitor,False,False
2,269.61,2,125.56,56,1387.27,0.03,0.07,18.46,0.11,Nov,3,2,9,13,Returning_Visitor,False,False
6,178.31,3,80.35,52,1358.41,0.02,0.07,1.75,0.11,Nov,1,1,1,1,Returning_Visitor,False,False
1,117.72,1,6.94,29,1112.65,0.01,0.07,0.0,0.15,Nov,2,3,1,2,Returning_Visitor,False,False
1,150.69,1,48.83,37,958.8,0.04,0.05,4.72,0.15,Dec,2,3,1,6,Returning_Visitor,False,False
1,202.51,1,31.26,59,1913.7,0.01,0.05,12.14,0.0,Nov,2,3,2,6,Returning_Visitor,False,True
2,174.97,1,43.29,47,1079.35,0.01,0.05,4.42,0.16,Dec,2,13,1,6,New_Visitor,False,False
1,187.87,1,20.52,28,2341.62,0.01,0.07,13.24,0.0,Sep,4,1,3,20,Returning_Visitor,False,True
2,109.1,1,15.92,56,1395.64,0.01,0.02,6.32,0.19,May,2,13,1,2,Returning_Visitor,False,False
5,49.33,2,303.25,7,2161.6,0.05,0.03,2.11,0.08,Nov,3,3,1,2,Returning_Visitor,True,False
2,398.7,1,0.0,53,1483.37,0.0,0.01,7.02,0.16,Nov,2,13,2,4,Returning_Visitor,False,False
4,207.24,1,54.01,51,2034.02,0.01,0.01,15.95,0.13,May,2,13,2,6,Returning_Visitor,False,True
7,261.85,1,110.24,129,2545.64,0.01,0.01,28.72,0.15,Nov,2,13,2,6,Returning_Visitor,False,True
4,98.24,1,14.09,40,2267.29,0.03,0.03,1.92,0.18,May,3,2,7,3,Returning_Visitor,False,False
0,29.49,0,32.75,23,146.0,0.09,0.11,2.68,0.09,Mar,3,3,1,3,Returning_Visitor,False,False
1,95.17,0,11.65,31,2363.51,0.01,0.05,3.93,0.0,Mar,2,13,1,2,New_Visitor,False,True
1,138.44,1,11.78,45,1708.02,0.02,0.07,3.79,0.13,Nov,2,1,7,6,Returning_Visitor,False,False
2,196.32,1,75.89,66,1763.42,0.02,0.05,10.14,0.12,Nov,2,2,1,6,Returning_Visitor,False,False
1,161.44,1,14.02,38,1571.53,0.03,0.05,0.0,0.17,Mar,2,13,7,1,Returning_Visitor,False,False
5,139.92,1,0.0,42,1662.85,0.0,0.02,11.26,0.2,May,2,13,1,6,Returning_Visitor,False,True
3,142.43,1,25.56,48,448.03,0.01,0.03,3.24,0.17,May,2,2,1,6,Returning_Visitor,False,False
0,27.92,1,4.51,15,28.0,0.03,0.11,1.11,0.11,Nov,2,1,1,2,Returning_Visitor,False,False
1,110.85,1,30.26,26,67.5,0.1,0.08,4.4,0.12,Nov,3,3,1,13,Returning_Visitor,False,False
4,121.33,1,113.43,48,1804.1,0.01,0.01,19.06,0.0,May,2,13,1,6,Returning_Visitor,False,False
2,157.52,1,16.2,48,476.25,0.01,0.04,8.2,0.24,Mar,2,2,1,6,Returning_Visitor,False,True
0,11.36,0,32.85,25,2186.62,0.02,0.06,1.2,0.14,May,2,2,8,2,Returning_Visitor,False,False
4,207.62,2,64.1,53,2686.52,0.03,0.06,3.51,0.12,Nov,8,3,1,1,Returning_Visitor,False,False
1,128.72,1,27.94,57,1611.15,0.02,0.06,4.21,0.0,Nov,2,2,1,6,Returning_Visitor,False,False
1,115.5,1,23.46,43,1588.19,0.02,0.07,3.96,0.13,Nov,2,1,1,2,Returning_Visitor,False,False
2,80.13,1,9.66,22,3410.88,0.02,0.04,3.01,0.0,Mar,3,1,2,3,Returning_Visitor,False,False
2,165.56,1,32.86,61,1624.75,0.01,0.03,4.68,0.15,Nov,2,2,1,2,Returning_Visitor,False,False
6,199.74,2,145.64,98,1688.28,0.02,0.03,15.12,0.14,Nov,2,2,1,2,Returning_Visitor,False,False
1,147.49,1,16.14,43,1692.16,0.02,0.05,4.11,0.15,Nov,2,1,2,6,Returning_Visitor,False,True
1,113.0,1,16.99,45,1577.88,0.01,0.07,3.65,0.14,Nov,2,3,1,6,Returning_Visitor,False,False
7,294.07,6,175.64,92,1541.34,0.01,0.02,35.81,0.08,Nov,2,2,1,6,Returning_Visitor,False,False
3,173.44,1,61.08,60,1563.08,0.0,0.01,4.82,0.13,Nov,2,2,1,6,Returning_Visitor,False,False
1,164.06,1,26.11,49,1660.38,0.02,0.07,5.32,0.13,Nov,2,3,1,6,Returning_Visitor,False,False
2,159.35,1,27.18,52,1786.43,0.01,0.06,4.36,0.15,Nov,2,1,1,6,Returning_Visitor,False,False
0,12.61,1,10.59,17,438.37,0.05,0.2,1.57,0.11,Nov,2,3,1,3,Returning_Visitor,False,False
11,44.9,1,17.7,38,1536.75,0.0,0.07,2.13,0.14,Nov,2,3,1,6,Returning_Visitor,False,True
0,0.0,1,15.88,47,1829.88,0.04,0.07,3.56,0.21,Nov,2,1,8,1,Returning_Visitor,False,False
2,165.42,1,27.86,83,1311.48,0.01,0.03,8.14,0.18,Dec,2,5,2,6,New_Visitor,False,True
1,155.21,1,31.33,65,1512.7,0.01,0.04,3.33,0.13,Nov,2,2,1,2,Returning_Visitor,False,False
1,142.28,1,29.57,47,1785.1,0.02,0.05,6.33,0.17,Nov,2,2,1,6,Returning_Visitor,False,False
1,149.63,1,15.89,11,1710.01,0.02,0.06,3.31,0.15,Nov,2,3,1,6,Returning_Visitor,False,False
2,54.83,1,23.86,38,2090.92,0.02,0.0,6.43,0.15,May,3,2,7,2,Returning_Visitor,False,True
2,192.51,1,72.66,87,1374.23,0.02,0.05,11.82,0.18,Nov,2,2,1,6,Returning_Visitor,False,True
1,146.54,1,28.44,51,1656.72,0.02,0.06,4.8,0.15,Nov,2,3,1,6,Returning_Visitor,False,False
0,0.0,0,11.24,35,1633.23,0.01,0.05,4.0,0.14,Nov,2,1,3,6,Returning_Visitor,False,False
0,0.0,1,63.4,16,808.57,0.08,0.09,4.14,0.16,Nov,3,2,1,6,Returning_Visitor,True,False
0,231.02,1,37.78,47,334.38,0.01,0.05,21.26,0.35,Sep,2,2,3,4,Returning_Visitor,False,False
4,152.66,1,20.4,48,1999.46,0.01,0.05,4.74,0.16,May,2,3,1,6,Returning_Visitor,False,False
2,213.8,1,68.47,105,1657.1,0.01,0.03,10.9,0.0,Nov,2,2,2,4,Returning_Visitor,False,True
5,149.88,2,63.93,65,2665.31,0.01,0.04,11.01,0.18,Nov,2,2,1,6,Returning_Visitor,False,False
1,63.8,1,28.28,37,1499.11,0.09,0.11,4.03,0.0,Nov,3,2,2,1,Returning_Visitor,False,False
9,184.78,2,76.63,62,620.03,0.01,0.04,14.55,0.18,Nov,2,2,1,1,Returning_Visitor,False,False
1,113.18,1,20.31,45,1493.98,0.03,0.08,3.62,0.16,Nov,2,3,1,6,Returning_Visitor,False,False
1,163.7,1,20.7,48,2055.74,0.02,0.06,4.34,0.14,Nov,2,3,1,1,Returning_Visitor,False,False
2,190.91,1,44.13,78,1764.69,0.01,0.05,8.57,0.31,Nov,2,2,1,4,Returning_Visitor,False,False
1,13.62,1,56.37,52,2159.78,0.02,0.04,14.03,0.19,May,2,2,1,6,Returning_Visitor,False,False
1,110.2,1,21.66,40,1456.5,0.03,0.08,4.65,0.14,Nov,2,3,1,6,Returning_Visitor,False,False
3,31.0,1,13.0,41,759.67,0.02,0.05,1.99,0.47,May,2,2,1,6,Returning_Visitor,False,False
0,156.74,1,17.04,35,477.5,0.01,0.04,4.11,0.18,Nov,2,3,7,1,Returning_Visitor,False,False
2,153.89,1,21.43,60,1467.78,0.01,0.01,10.9,0.17,May,2,13,8,6,Returning_Visitor,False,False
1,156.4,1,15.66,41,1424.44,0.02,0.06,3.5,0.15,Nov,2,3,1,6,Returning_Visitor,False,True
1,122.07,1,16.95,41,1745.47,0.02,0.06,3.8,0.16,Nov,2,3,1,6,Returning_Visitor,False,False
3,156.69,0,23.91,55,1503.28,0.02,0.07,2.26,0.09,Nov,1,1,1,1,Returning_Visitor,False,False
1,111.71,1,8.82,36,1859.18,0.01,0.08,4.4,0.16,Aug,1,1,3,1,Returning_Visitor,False,False
3,48.5,1,29.42,77,1286.09,0.01,0.01,7.61,0.19,Dec,2,4,2,6,Returning_Visitor,False,False
1,84.25,1,12.65,30,1221.54,0.02,0.05,0.0,0.15,Nov,2,3,1,1,Returning_Visitor,False,False
2,255.29,1,7.25,44,1536.83,0.02,0.03,3.26,0.14,Sep,1,1,3,6,Returning_Visitor,False,False
3,117.53,1,9.61,68,1417.51,0.0,0.02,0.0,0.19,Nov,2,2,7,6,Returning_Visitor,False,False
1,108.76,1,22.65,50,1479.08,0.02,0.07,3.05,0.14,Nov,2,1,1,6,Returning_Visitor,False,False
1,162.41,1,48.68,10,1854.29,0.0,0.05,7.87,0.4,May,3,2,4,4,Returning_Visitor,False,False
3,218.23,1,39.31,51,2251.36,0.02,0.06,6.67,0.15,Nov,2,1,1,1,Returning_Visitor,False,False
1,65.97,1,6.3,23,669.39,0.03,0.11,1.23,0.0,Mar,1,1,1,3,Other,False,False
0,51.13,1,24.16,18,616.28,0.2,0.13,4.47,0.17,Nov,2,3,1,1,Returning_Visitor,False,False
4,879.5,1,98.66,43,2690.5,0.01,0.03,13.57,0.11,Nov,1,1,1,1,Returning_Visitor,False,False
1,132.95,1,20.29,50,1653.98,0.03,0.07,4.1,0.14,Nov,2,1,1,1,Returning_Visitor,False,False
1,127.79,1,26.63,48,1680.45,0.02,0.07,6.07,0.15,Nov,2,3,1,6,Returning_Visitor,False,False
2,163.54,1,17.69,52,1633.7,0.01,0.05,3.83,0.15,Nov,2,1,2,6,Returning_Visitor,False,False
0,31.28,1,26.03,27,571.26,0.07,0.12,3.14,0.12,Nov,2,3,1,6,Returning_Visitor,False,False
1,160.51,1,48.31,66,1553.76,0.02,0.07,7.39,0.13,Nov,2,2,2,6,Returning_Visitor,False,False
1,122.74,1,23.16,47,1505.71,0.02,0.08,4.64,0.14,Nov,2,3,1,6,Returning_Visitor,False,False
3,224.43,1,15.67,71,1631.18,0.0,0.04,11.44,0.12,Sep,2,4,1,6,Returning_Visitor,False,False
1,135.87,1,25.59,43,1470.88,0.02,0.06,5.0,0.15,Nov,2,2,1,6,Returning_Visitor,False,False
2,158.25,1,14.89,41,1951.32,0.01,0.05,4.16,0.18,Mar,2,3,1,1,Returning_Visitor,False,True
2,137.13,1,23.66,46,1552.91,0.02,0.04,3.7,0.16,May,2,2,1,6,Returning_Visitor,False,False
1,153.77,1,26.75,55,1725.54,0.02,0.06,5.77,0.14,Nov,2,2,1,6,Returning_Visitor,False,True
2,159.87,1,6.63,35,1518.63,0.01,0.05,1.1,0.18,Aug,2,1,1,6,Returning_Visitor,False,False
0,0.0,0,31.92,19,716.31,0.07,0.11,5.05,0.11,Nov,2,2,2,6,Returning_Visitor,True,False
1,103.78,1,40.84,38,1743.99,0.03,0.05,5.29,0.12,Nov,3,2,1,6,Returning_Visitor,False,False
3,57.4,1,30.74,37,894.78,0.02,0.08,2.08,0.13,Dec,1,1,1,3,Returning_Visitor,False,False
1,135.23,1,21.24,52,1592.91,0.02,0.07,4.48,0.22,Nov,2,3,1,6,Returning_Visitor,False,False
0,47.65,1,81.83,17,1250.95,0.1,0.12,3.66,0.42,May,3,2,1,6,Returning_Visitor,False,False
2,145.63,1,0.0,37,384.0,0.01,0.05,2.1,0.1,Mar,3,3,1,2,Returning_Visitor,False,False
1,132.47,1,22.36,44,1498.64,0.02,0.08,4.33,0.0,Nov,2,3,1,6,Returning_Visitor,False,False
1,185.32,1,29.66,52,1704.24,0.02,0.04,6.52,0.14,Dec,2,13,1,10,Returning_Visitor,False,False
1,127.22,1,24.88,63,1980.83,0.04,0.07,6.72,0.19,Nov,2,1,4,1,Returning_Visitor,False,False
1,95.82,1,24.18,46,1579.09,0.02,0.08,4.26,0.13,Nov,2,1,2,6,Returning_Visitor,False,False
2,194.2,1,0.0,36,1630.66,0.02,0.01,0.67,0.09,Nov,1,1,2,3,Returning_Visitor,False,False
7,303.74,0,102.81,110,2211.61,0.03,0.07,12.91,0.13,Nov,4,3,1,1,Returning_Visitor,False,True
7,211.62,2,104.51,78,2124.04,0.0,0.03,4.59,0.19,Nov,2,2,1,6,Returning_Visitor,False,False
8,313.76,1,0.0,23,1470.39,0.01,0.03,1.13,0.09,Nov,1,1,7,1,Returning_Visitor,False,False
2,145.62,1,37.52,61,1673.96,0.02,0.06,5.18,0.13,Nov,2,2,1,6,Returning_Visitor,False,False
1,137.62,1,17.82,41,1581.29,0.04,0.08,3.92,0.15,Nov,2,3,1,1,Returning_Visitor,False,False
6,172.91,2,157.37,157,1941.08,0.02,0.03,29.2,0.15,Nov,3,2,2,13,Returning_Visitor,False,False
1,172.13,1,25.47,54,1744.04,0.01,0.06,6.69,0.15,Nov,2,3,1,6,Returning_Visitor,False,False
9,236.8,1,118.37,105,3448.32,0.02,0.03,13.78,0.09,Nov,3,13,1,1,Returning_Visitor,False,True
5,256.01,1,47.15,24,680.26,0.01,0.04,6.71,0.0,Nov,1,1,1,10,Returning_Visitor,False,False
2,141.47,1,65.91,57,1975.65,0.02,0.05,8.1,0.0,Nov,3,2,1,6,Returning_Visitor,False,True
1,157.34,1,25.46,49,2113.25,0.02,0.06,7.27,0.13,Mar,2,3,1,6,Returning_Visitor,False,False
11,214.1,7,129.13,70,3190.86,0.04,0.03,9.4,0.13,Nov,3,2,1,1,Returning_Visitor,False,False
1,121.78,1,22.95,45,1476.14,0.02,0.07,4.1,0.12,Nov,2,2,1,6,Returning_Visitor,False,False
0,130.5,1,34.72,16,1522.87,0.11,0.11,4.15,0.1,Mar,3,3,1,10,Returning_Visitor,False,False
1,151.92,1,20.14,50,1775.37,0.02,0.07,4.74,0.17,Nov,2,2,2,6,Returning_Visitor,False,False
0,49.7,1,30.01,35,1225.36,0.05,0.11,3.71,0.34,May,3,2,9,3,Returning_Visitor,False,False
1,218.37,3,75.42,120,2311.83,0.01,0.02,14.39,0.33,Nov,2,2,1,11,Returning_Visitor,False,True
0,20.86,0,14.69,20,883.99,0.02,0.09,2.63,0.15,Nov,2,2,2,2,Returning_Visitor,False,False
3,160.95,1,82.88,84,1007.49,0.01,0.02,3.25,0.19,Nov,2,2,1,6,Returning_Visitor,True,False
2,131.81,1,26.64,48,1624.07,0.02,0.06,5.59,0.0,Nov,2,1,1,6,Returning_Visitor,False,False
1,77.18,1,88.0,60,1801.81,0.02,0.02,5.38,1.0,May,3,2,1,4,Returning_Visitor,True,False
1,173.06,1,62.26,51,1778.49,0.05,0.06,6.04,0.11,Nov,3,1,1,6,Returning_Visitor,True,False
0,51.15,1,37.77,33,1404.95,0.03,0.08,5.04,0.15,Dec,3,2,2,6,Returning_Visitor,False,False
3,206.09,0,85.36,62,1472.59,0.05,0.04,11.18,0.0,Nov,3,3,1,6,Returning_Visitor,True,False
0,83.22,1,32.79,27,27.2,0.12,0.13,5.92,0.1,Mar,2,1,2,1,Returning_Visitor,False,False
1,148.39,1,42.83,67,1810.53,0.02,0.05,6.91,0.17,Nov,2,1,1,6,Returning_Visitor,False,False
3,265.45,1,20.33,61,944.13,0.01,0.05,9.21,0.13,Oct,2,13,1,5,New_Visitor,False,False
7,250.31,7,118.28,69,3619.63,0.02,0.04,3.43,0.12,Mar,3,1,1,1,Returning_Visitor,False,False
2,165.74,1,33.38,58,2090.01,0.02,0.06,8.34,0.15,Nov,2,3,1,1,Returning_Visitor,False,True
1,149.02,1,17.02,47,1667.3,0.01,0.06,4.39,0.15,Nov,2,3,1,6,Returning_Visitor,False,False
2,182.31,1,11.96,49,1447.71,0.01,0.05,3.08,0.16,Nov,2,3,1,6,Returning_Visitor,False,True
1,187.0,1,33.51,47,2279.52,0.02,0.04,11.25,0.21,Nov,2,2,3,1,Returning_Visitor,False,True
3,155.94,1,34.3,50,1773.04,0.01,0.02,4.85,0.18,Nov,1,1,1,6,Returning_Visitor,False,True
1,184.05,1,30.4,60,1471.67,0.01,0.06,6.23,0.17,Nov,2,3,1,6,Returning_Visitor,False,False
4,100.0,1,32.29,39,1688.48,0.01,0.04,1.21,0.0,Nov,1,1,1,2,Returning_Visitor,True,False
1,192.04,1,54.46,74,1894.27,0.01,0.04,13.1,0.15,Nov,2,2,2,6,Returning_Visitor,False,False
2,251.28,0,11.84,47,1610.17,0.02,0.04,10.98,0.2,Mar,2,4,1,1,Returning_Visitor,False,True
0,15.84,0,22.63,20,966.72,0.06,0.12,2.25,0.11,Nov,2,2,1,1,Returning_Visitor,False,False
0,167.84,1,20.39,56,1742.52,0.03,0.08,5.29,0.17,Mar,2,3,2,6,Returning_Visitor,False,False
1,47.63,1,41.68,48,1858.09,0.03,0.05,3.2,0.2,Nov,2,2,3,6,Returning_Visitor,False,False
2,152.62,2,69.29,54,2002.16,0.02,0.06,8.27,0.12,Nov,2,3,1,6,Returning_Visitor,False,False
2,199.15,1,0.0,31,1472.98,0.02,0.04,0.93,0.14,Aug,1,1,1,6,Returning_Visitor,False,True
1,134.38,1,20.3,46,1436.1,0.02,0.07,3.62,0.14,Nov,2,2,1,6,Returning_Visitor,False,False
0,30.26,1,12.24,23,960.6,0.02,0.1,2.22,0.11,Nov,2,3,2,2,Returning_Visitor,False,False
0,17.72,1,12.38,2,392.41,0.09,0.13,2.12,0.1,Mar,2,3,1,3,Returning_Visitor,False,False
4,107.03,1,0.0,20,2595.28,0.03,0.03,2.37,0.17,Mar,2,2,7,1,Returning_Visitor,False,False
1,45.22,1,20.43,6,266.99,0.06,0.12,2.74,0.13,Nov,2,3,1,6,Returning_Visitor,False,False
1,145.32,1,23.05,49,1438.54,0.02,0.08,6.07,0.14,Nov,2,3,1,6,Returning_Visitor,False,False
1,143.94,1,24.35,51,1537.87,0.02,0.07,4.67,0.14,Nov,2,3,1,6,Returning_Visitor,False,False
15,244.12,2,117.46,142,1637.73,0.01,0.04,25.22,0.14,Nov,2,2,2,6,Returning_Visitor,False,False
1,141.1,1,0.0,43,1507.16,0.04,0.08,4.6,0.18,Nov,2,2,2,6,Returning_Visitor,False,False
0,92.02,0,26.52,42,1982.1,0.01,0.07,8.78,0.15,Nov,2,2,2,2,Returning_Visitor,False,True
3,41.65,2,86.4,58,667.16,0.04,0.06,7.22,0.0,Dec,3,3,1,3,Returning_Visitor,False,False
1,47.02,0,19.64,30,0.0,0.11,0.13,2.86,0.12,Mar,2,1,1,1,Returning_Visitor,False,False
3,178.97,1,85.41,55,3623.58,0.02,0.03,14.67,0.14,Nov,2,3,1,1,Returning_Visitor,False,False
9,294.66,1,97.64,95,3173.21,0.02,0.01,32.28,0.14,June,4,2,1,1,Returning_Visitor,False,False
2,162.5,1,6.86,42,1390.55,0.03,0.09,2.53,0.12,Nov,1,1,2,1,Returning_Visitor,False,False
1,118.81,0,12.29,53,1438.01,0.0,0.0,0.0,0.15,Nov,2,2,7,2,Returning_Visitor,True,False
1,159.74,1,6.98,14,1691.26,0.01,0.05,2.33,0.0,Nov,2,3,8,2,Returning_Visitor,False,False
0,47.52,1,28.36,29,323.3,0.08,0.12,5.71,0.15,Nov,2,3,1,1,Returning_Visitor,False,False
0,149.33,0,22.23,39,1255.18,0.2,0.1,5.51,0.16,Mar,3,2,1,4,Returning_Visitor,True,False
1,78.63,0,5.8,42,1802.23,0.01,0.08,2.66,0.19,Nov,2,2,3,6,Returning_Visitor,False,False
1,28.37,1,3.09,25,87.5,0.0,0.09,0.96,0.13,Nov,2,3,1,3,Returning_Visitor,False,False
2,178.9,1,73.45,71,1687.59,0.01,0.03,8.43,0.0,Nov,2,2,8,6,Returning_Visitor,True,True
2,184.61,2,131.99,108,2113.95,0.02,0.03,26.45,0.26,Nov,3,2,2,6,Returning_Visitor,False,True
2,171.75,0,29.73,49,1849.76,0.0,0.02,11.14,0.16,May,2,13,1,2,Returning_Visitor,False,False
0,53.96,1,56.87,10,0.0,0.2,0.2,3.05,0.11,Nov,2,2,1,1,Returning_Visitor,False,False
0,58.44,0,21.72,32,1581.73,0.02,0.1,3.89,0.17,May,2,3,4,6,Returning_Visitor,False,False
1,103.12,1,18.33,3,1028.2,0.03,0.09,2.99,0.12,Nov,2,3,1,2,Returning_Visitor,False,False
2,181.53,1,72.04,82,1869.23,0.01,0.04,13.73,0.16,Nov,2,2,1,6,Returning_Visitor,False,True
1,162.19,1,56.37,62,1939.76,0.01,0.06,9.59,0.25,Nov,2,2,1,6,Returning_Visitor,False,False
0,55.4,0,23.15,32,1564.94,0.02,0.07,0.0,0.0,Nov,2,3,2,6,Returning_Visitor,False,False
1,148.23,3,75.74,48,2783.31,0.03,0.07,5.04,0.17,Mar,2,3,1,1,Returning_Visitor,False,False
0,24.46,1,15.94,15,0.0,0.07,0.13,2.14,0.11,Nov,2,3,1,2,Returning_Visitor,False,False
1,99.3,1,17.74,41,1647.14,0.02,0.06,2.73,0.15,Nov,2,1,8,6,Returning_Visitor,False,False
0,29.23,1,34.34,20,30.0,0.06,0.12,0.0,0.16,Nov,2,2,6,6,Returning_Visitor,False,False
7,219.65,1,169.73,117,5076.38,0.0,0.01,47.99,0.1,May,2,2,1,6,Returning_Visitor,False,True
2,169.89,1,38.02,49,1816.97,0.01,0.05,6.66,0.13,Nov,2,2,1,6,Returning_Visitor,False,False
1,168.69,1,25.36,56,895.83,0.01,0.04,3.68,0.19,Nov,2,2,1,6,Returning_Visitor,False,False
2,102.4,2,45.29,59,1733.09,0.01,0.03,2.62,0.16,Nov,2,2,1,6,Returning_Visitor,False,False
2,182.86,0,7.98,16,1521.23,0.02,0.04,2.19,0.16,Mar,2,13,1,6,Returning_Visitor,False,False
1,52.97,1,39.72,24,0.0,0.08,0.09,3.36,0.1,Mar,3,3,1,1,Returning_Visitor,False,False
2,75.61,1,10.88,37,1639.99,0.02,0.09,1.95,0.09,Nov,1,1,7,1,Returning_Visitor,False,False
1,135.98,1,19.31,50,1583.21,0.02,0.07,4.1,0.13,Nov,2,3,1,6,Returning_Visitor,False,True
2,159.29,1,18.09,63,1964.55,0.02,0.06,0.0,0.0,Nov,8,1,8,1,Returning_Visitor,False,False
2,181.54,0,16.32,42,1597.88,0.02,0.05,2.79,0.17,Nov,2,13,1,6,Returning_Visitor,False,False
2,147.66,1,38.35,55,1535.25,0.02,0.07,5.42,0.14,Nov,2,3,1,6,Returning_Visitor,False,False
2,174.33,2,84.66,73,2142.41,0.02,0.04,0.0,0.23,Nov,2,2,1,6,Returning_Visitor,False,False
2,180.9,0,26.51,52,1770.01,0.02,0.06,5.74,0.14,Nov,2,3,1,6,Returning_Visitor,False,False
0,55.91,1,15.51,42,1608.09,0.03,0.1,3.31,0.11,Nov,2,1,2,1,Returning_Visitor,False,False
1,5.0,1,20.09,46,1128.61,0.0,0.01,5.64,0.0,May,2,13,8,1,Returning_Visitor,False,False
1,57.82,1,6.93,20,78.75,0.03,0.1,2.2,0.13,Nov,2,3,1,2,Returning_Visitor,False,False
1,131.27,1,21.79,45,1556.32,0.02,0.07,4.2,0.13,Nov,2,2,1,6,Returning_Visitor,False,False
3,234.42,2,44.2,75,1472.14,0.01,0.05,8.85,0.24,Nov,2,2,1,6,Returning_Visitor,False,False
3,191.92,0,37.47,20,2186.45,0.01,0.03,14.62,0.15,Nov,2,13,1,6,Returning_Visitor,False,False
2,141.86,1,5.38,38,1418.84,0.0,0.03,0.0,0.15,Nov,2,3,7,2,New_Visitor,False,True
3,193.13,1,38.25,67,1782.41,0.01,0.05,5.84,0.14,Nov,2,1,1,6,Returning_Visitor,False,False
4,216.77,2,84.97,115,1590.71,0.01,0.04,14.65,0.29,Nov,2,2,1,4,Returning_Visitor,False,False
0,83.24,1,28.63,52,1842.09,0.01,0.06,6.25,0.16,Nov,2,2,2,6,Returning_Visitor,False,False
1,141.19,1,22.51,46,1721.0,0.04,0.07,3.46,0.14,Mar,2,3,1,1,Returning_Visitor,False,False
0,71.48,1,77.47,1,1404.04,0.09,0.11,6.41,0.0,Mar,3,2,1,6,Returning_Visitor,False,False
3,76.12,0,25.33,48,1861.5,0.0,0.02,4.74,0.18,Mar,2,13,1,1,Returning_Visitor,False,False
1,41.98,1,0.0,31,129.0,0.09,0.13,2.6,0.16,Nov,3,1,1,3,Returning_Visitor,False,False
1,162.6,1,26.46,63,1600.72,0.01,0.06,4.52,0.16,Nov,2,3,1,6,Returning_Visitor,False,False
3,104.5,1,0.0,45,1822.06,0.02,0.03,0.0,0.19,May,2,13,1,6,Returning_Visitor,False,False
2,171.44,1,10.15,38,1497.23,0.02,0.07,4.36,0.16,Mar,2,13,1,6,Returning_Visitor,False,False
7,284.58,2,138.23,67,2111.48,0.01,0.04,4.53,0.08,Nov,1,1,1,6,Returning_Visitor,False,False
0,216.7,2,85.61,52,1601.63,0.03,0.06,15.04,0.1,Nov,2,2,1,20,Returning_Visitor,False,False
3,129.86,1,30.83,44,1979.57,0.02,0.03,2.54,0.16,Nov,2,3,1,1,Returning_Visitor,False,False
3,130.97,0,4.56,48,1744.59,0.0,0.03,3.63,0.11,Nov,2,3,7,2,Returning_Visitor,False,True
3,170.75,1,11.12,33,1181.31,0.02,0.06,2.87,0.19,Nov,2,3,1,2,New_Visitor,False,False
4,178.04,1,59.14,72,1495.24,0.01,0.03,11.52,0.16,Nov,2,2,1,6,Returning_Visitor,False,False
1,126.99,1,25.78,44,2062.45,0.02,0.06,7.52,0.0,Nov,2,2,1,6,Returning_Visitor,False,False
0,0.0,1,0.0,28,2777.61,0.03,0.05,4.4,0.1,Nov,3,2,8,1,Returning_Visitor,False,False
0,0.0,1,37.29,27,911.99,0.07,0.11,6.02,0.0,Nov,3,3,1,2,Returning_Visitor,False,False
1,182.63,0,33.47,59,1170.22,0.03,0.04,4.1,0.13,Nov,3,3,1,6,Returning_Visitor,True,False
1,129.29,1,16.14,39,1601.62,0.02,0.07,2.34,0.14,Nov,2,2,1,2,Returning_Visitor,False,False
2,121.15,1,0.0,30,512.9,0.01,0.05,0.47,0.15,Nov,1,1,7,2,Returning_Visitor,False,False
2,170.81,1,41.19,57,1738.4,0.02,0.05,6.56,0.15,Nov,2,3,1,6,Returning_Visitor,False,True
1,90.05,1,13.72,30,1321.25,0.01,0.03,2.78,0.21,Nov,2,3,1,2,Returning_Visitor,False,False
2,145.23,1,26.18,50,1782.29,0.02,0.06,5.17,0.15,Nov,2,3,1,6,Returning_Visitor,False,False
5,183.15,1,48.74,63,1800.57,0.01,0.04,7.0,0.13,Nov,2,1,1,6,Returning_Visitor,False,False
1,67.87,1,12.0,37,2213.84,0.01,0.04,5.94,0.32,Sep,3,10,1,4,Returning_Visitor,False,False
1,94.83,0,15.39,40,1153.78,0.02,0.09,5.31,0.12,Nov,2,1,1,6,Returning_Visitor,False,False
0,26.73,0,36.33,34,99.0,0.06,0.1,5.56,0.33,May,3,2,1,13,Returning_Visitor,False,False
3,162.15,1,9.24,42,1626.87,0.01,0.05,2.07,0.16,Nov,2,3,1,6,Returning_Visitor,False,False
1,104.58,1,19.87,41,1369.11,0.02,0.08,3.18,0.13,Nov,2,3,1,6,Returning_Visitor,False,False
1,160.81,1,40.25,51,2049.39,0.03,0.07,9.45,0.13,Nov,2,1,2,1,Returning_Visitor,False,True
2,117.63,1,24.49,46,1852.47,0.02,0.02,1.07,0.22,Nov,4,1,4,3,Returning_Visitor,False,False
1,72.37,1,10.93,45,1678.35,0.05,0.08,0.0,0.1,Nov,1,1,8,1,Returning_Visitor,False,False
0,0.0,0,34.64,18,717.47,0.09,0.11,4.04,0.12,Nov,3,2,1,6,Returning_Visitor,False,False
1,129.83,1,30.75,52,1389.09,0.03,0.08,5.01,0.14,Mar,2,2,1,6,Returning_Visitor,False,False
2,163.28,1,16.11,44,1704.51,0.01,0.06,2.98,0.13,Nov,2,1,1,6,Returning_Visitor,False,False
1,130.96,2,97.32,46,2427.02,0.03,0.05,3.58,0.13,Nov,2,2,1,1,Returning_Visitor,False,False
2,130.22,0,39.12,62,2343.67,0.01,0.02,14.94,0.22,Mar,2,13,1,2,Returning_Visitor,False,False
0,164.19,0,0.0,27,1389.1,0.0,0.01,3.91,0.15,May,2,8,1,2,New_Visitor,False,False
2,216.98,1,44.91,68,1656.17,0.01,0.06,5.81,0.14,Nov,2,3,1,6,Returning_Visitor,False,False
4,151.26,1,104.24,43,2369.54,0.02,0.07,4.32,0.09,May,1,1,1,3,Returning_Visitor,False,False
6,238.58,3,140.01,147,4869.55,0.03,0.04,21.93,0.11,Nov,2,2,1,1,Returning_Visitor,False,True
2,211.0,1,25.28,11,1943.88,0.01,0.05,8.63,0.15,Nov,2,3,1,6,Returning_Visitor,False,False
0,104.27,1,14.15,20,927.94,0.01,0.04,2.39,0.13,Nov,2,2,1,2,Returning_Visitor,False,False
2,204.83,1,11.5,52,1732.43,0.01,0.04,9.5,0.18,Mar,2,4,2,6,Returning_Visitor,False,False
2,90.69,1,0.0,41,1755.22,0.01,0.06,1.12,0.19,Nov,2,1,3,6,Returning_Visitor,False,False
2,182.34,1,77.78,69,1725.66,0.01,0.04,9.91,0.18,Nov,3,2,1,6,Returning_Visitor,True,False
1,153.88,1,47.92,68,1995.24,0.0,0.05,7.7,0.18,Nov,2,2,1,6,Returning_Visitor,False,False
2,165.09,0,57.94,53,1692.55,0.01,0.01,13.28,0.44,May,2,13,1,6,Returning_Visitor,False,False
1,166.78,1,10.73,45,1486.33,0.02,0.08,5.21,0.16,Nov,2,3,1,6,Returning_Visitor,False,False
1,78.69,1,17.37,36,1207.51,0.07,0.2,4.82,0.12,Nov,2,1,2,3,Returning_Visitor,False,False
0,84.08,1,18.4,23,775.72,0.0,0.1,4.43,0.0,Nov,2,3,1,2,New_Visitor,False,False
3,138.87,1,30.42,31,344.71,0.02,0.04,1.5,0.15,Dec,2,3,1,2,New_Visitor,False,True
1,149.51,1,2.06,20,1397.38,0.01,0.04,0.0,0.0,Nov,2,3,1,2,New_Visitor,False,False
6,181.34,1,84.79,77,2110.26,0.03,0.06,14.21,0.14,Nov,3,2,1,1,Returning_Visitor,False,False
3,17.0,2,41.06,54,1258.54,0.01,0.03,3.82,0.0,Mar,2,13,1,6,Returning_Visitor,False,False
1,156.35,1,19.22,51,1519.59,0.01,0.06,4.24,0.13,Nov,2,1,1,6,Returning_Visitor,False,False
1,42.35,0,0.0,37,1964.01,0.01,0.03,0.8,0.15,Mar,2,1,7,1,Returning_Visitor,True,False
2,201.23,2,76.53,57,1373.34,0.02,0.04,4.01,0.14,Nov,2,3,1,6,Returning_Visitor,False,False
0,55.94,1,16.28,34,1422.64,0.02,0.07,2.63,0.13,Nov,2,2,8,6,Returning_Visitor,False,False
5,145.1,1,33.82,59,1681.11,0.01,0.04,4.12,0.18,Nov,2,4,1,6,Returning_Visitor,False,False
1,98.73,1,27.04,72,1763.9,0.01,0.03,12.36,0.0,Nov,2,13,1,6,Returning_Visitor,False,False
2,197.91,1,17.37,42,382.03,0.02,0.04,5.96,0.28,Nov,2,13,1,1,Returning_Visitor,False,False
1,119.04,1,8.82,36,1369.83,0.02,0.06,0.0,0.14,Nov,2,3,1,6,Returning_Visitor,False,False
1,100.6,1,0.0,44,1926.1,0.03,0.06,6.65,0.15,Nov,2,2,3,1,Returning_Visitor,True,False
1,157.11,1,45.41,53,2481.44,0.02,0.05,11.02,0.16,Nov,2,2,1,1,Returning_Visitor,False,False
3,116.63,2,36.52,44,1287.02,0.04,0.07,2.47,0.15,Nov,8,1,1,6,Returning_Visitor,False,False
2,172.22,1,45.7,56,1021.62,0.01,0.04,4.16,0.0,Nov,2,2,1,6,Returning_Visitor,True,True
4,204.91,2,113.63,10,1081.03,0.01,0.02,5.79,0.19,Nov,2,2,1,6,Returning_Visitor,False,False
1,122.62,1,12.12,44,1279.75,0.02,0.08,2.61,0.13,Nov,2,1,1,6,Returning_Visitor,False,False
0,71.14,1,16.94,32,1288.81,0.02,0.07,0.0,0.14,Nov,2,2,2,6,Returning_Visitor,False,False
8,311.15,3,135.0,91,2939.59,0.0,0.02,7.46,0.03,Nov,1,1,1,2,Returning_Visitor,False,True
1,149.19,1,39.49,51,1796.27,0.02,0.06,7.2,0.14,Nov,2,2,1,6,Returning_Visitor,False,False
1,155.62,1,55.57,47,2060.41,0.01,0.05,5.67,0.13,Nov,2,1,3,1,Returning_Visitor,False,False
1,157.81,1,10.15,12,1667.5,0.02,0.04,0.0,0.17,May,2,3,1,2,Returning_Visitor,False,False
4,115.0,1,48.4,97,2026.75,0.02,0.05,9.29,0.18,Nov,4,1,1,10,Returning_Visitor,False,False
1,25.74,1,0.0,16,267.65,0.03,0.07,0.87,0.15,Nov,2,3,1,2,Returning_Visitor,False,False
3,148.01,0,33.11,35,549.78,0.01,0.01,5.09,0.15,Mar,2,2,1,2,New_Visitor,False,False
1,148.12,1,23.66,51,1587.0,0.02,0.08,3.77,0.25,Nov,2,3,1,6,Returning_Visitor,False,True
8,364.04,1,141.0,20,3989.19,0.0,0.03,21.62,0.06,Nov,2,2,5,1,Returning_Visitor,False,True
0,91.98,1,18.13,5,345.24,0.05,0.09,2.73,0.15,Nov,2,2,1,2,Returning_Visitor,False,False
1,171.92,1,52.15,60,1784.72,0.01,0.06,6.28,0.24,Nov,2,2,1,6,Returning_Visitor,False,False
2,140.84,1,8.26,36,1373.01,0.01,0.06,0.0,0.12,Nov,2,3,1,6,Returning_Visitor,False,False
0,38.91,1,41.94,2,831.79,0.09,0.12,3.44,0.13,Nov,3,2,1,1,Returning_Visitor,False,False
1,132.43,1,21.45,45,1563.31,0.02,0.07,4.45,0.13,Nov,2,3,1,6,Returning_Visitor,False,False
2,151.63,1,26.59,54,1816.04,0.02,0.06,4.98,0.14,Nov,2,3,1,6,Returning_Visitor,False,False
1,135.76,0,0.0,44,1737.85,0.0,0.05,7.68,0.46,May,2,2,2,6,Returning_Visitor,False,False
1,129.44,0,17.78,46,1691.78,0.02,0.05,6.15,0.26,Nov,2,2,3,2,Returning_Visitor,False,False
2,164.28,1,16.67,48,1720.76,0.01,0.05,4.45,0.15,Nov,2,3,1,6,Returning_Visitor,False,False
1,105.16,1,27.08,51,1850.59,0.07,0.08,4.73,0.2,Mar,2,13,8,1,Returning_Visitor,False,False
1,131.37,0,15.64,49,1715.56,0.01,0.07,5.02,0.14,Nov,2,3,2,6,Returning_Visitor,False,True
2,183.7,1,13.0,20,1976.18,0.0,0.05,6.83,0.15,Mar,2,13,1,6,Returning_Visitor,False,False
6,148.03,0,91.1,60,1991.59,0.02,0.03,0.96,0.0,Nov,3,2,1,2,Returning_Visitor,False,False
3,148.66,0,57.21,58,832.0,0.01,0.03,15.2,0.2,Nov,2,3,1,6,Returning_Visitor,False,False
0,107.62,1,15.44,42,1635.38,0.01,0.06,4.29,0.15,Nov,2,2,2,6,Returning_Visitor,False,False
4,194.84,1,514.0,58,2965.99,0.01,0.01,43.21,0.15,Nov,3,2,1,4,Returning_Visitor,False,True
0,21.32,1,0.0,15,593.52,0.04,0.11,2.6,0.0,Nov,2,2,3,2,Returning_Visitor,False,False
5,215.68,2,100.77,66,2325.09,0.02,0.03,21.54,0.16,Nov,3,2,4,6,Returning_Visitor,False,False
1,146.65,1,9.86,40,1375.6,0.01,0.04,2.33,0.19,Nov,2,3,1,6,Returning_Visitor,False,False
1,0.0,1,12.46,66,1060.39,0.04,0.1,5.22,0.08,Sep,1,1,1,1,Returning_Visitor,False,False
4,281.0,1,20.59,35,1261.19,0.01,0.05,1.4,0.15,Nov,8,1,8,6,New_Visitor,False,False
1,181.76,1,33.4,58,2178.69,0.01,0.05,7.0,0.16,Nov,4,3,2,1,Returning_Visitor,False,False
2,221.79,2,47.0,64,1219.04,0.01,0.04,11.04,0.2,Nov,2,2,2,6,Returning_Visitor,False,False
0,70.67,1,3.5,42,2050.07,0.02,0.08,4.76,0.0,Nov,3,2,4,6,Returning_Visitor,False,False
1,133.05,1,26.45,22,454.63,0.03,0.08,1.84,0.14,Mar,2,3,1,1,Returning_Visitor,False,False
6,326.3,3,115.13,193,3926.19,0.01,0.05,9.84,0.12,Nov,2,13,4,1,Returning_Visitor,False,False
3,181.37,0,14.97,41,1699.3,0.02,0.05,3.3,0.18,Mar,2,13,1,6,Returning_Visitor,False,False
0,25.64,0,11.73,22,718.61,0.01,0.1,2.23,0.11,Nov,2,2,1,2,Returning_Visitor,False,False
1,136.5,1,22.85,45,1430.89,0.02,0.08,4.45,0.16,Nov,2,3,1,6,Returning_Visitor,False,False
1,129.9,1,21.77,40,1404.12,0.03,0.07,4.22,0.14,Nov,2,3,1,6,Returning_Visitor,False,False
0,71.37,1,21.02,34,1590.86,0.01,0.05,3.87,0.0,Nov,2,2,7,2,Returning_Visitor,False,False
3,24.5,1,63.75,65,4566.95,0.01,0.04,16.16,0.13,Mar,3,13,2,6,Returning_Visitor,True,False
3,277.87,2,88.09,110,1589.69,0.01,0.06,13.27,0.38,Nov,2,2,1,6,Returning_Visitor,False,True
2,190.74,1,25.94,64,2093.98,0.01,0.01,17.72,0.12,May,2,13,2,2,New_Visitor,False,True
0,74.37,0,17.69,39,1761.72,0.01,0.07,4.94,0.0,Nov,2,2,8,6,Returning_Visitor,False,False
2,149.78,1,38.01,45,1246.2,0.02,0.03,2.81,0.15,Dec,2,2,1,2,New_Visitor,False,False
6,226.0,2,95.38,144,4710.7,0.0,0.03,22.15,0.12,Nov,2,8,1,1,Returning_Visitor,False,True
0,0.0,1,10.89,32,1186.78,0.02,0.08,2.01,0.24,May,2,2,2,3,Returning_Visitor,False,False
1,137.5,1,78.37,26,2662.91,0.02,0.03,29.18,0.15,Nov,3,2,1,6,Returning_Visitor,False,True
1,157.8,1,26.25,55,1443.97,0.05,0.06,2.94,0.13,Mar,2,3,2,1,Returning_Visitor,False,False
1,154.9,1,33.18,72,1700.92,0.02,0.06,7.22,0.26,Mar,2,2,1,6,Returning_Visitor,False,False
5,196.9,1,0.0,53,1340.33,0.0,0.04,3.18,0.17,Nov,2,2,8,1,New_Visitor,False,False
2,166.2,1,0.0,35,752.16,0.02,0.06,0.66,0.17,Mar,8,1,1,1,New_Visitor,False,True
1,19.56,1,2.99,2,306.23,0.05,0.12,1.16,0.1,Nov,1,1,1,3,Returning_Visitor,False,False
1,0.0,1,0.0,37,1410.96,0.02,0.09,1.6,0.08,Nov,1,1,1,1,Returning_Visitor,False,False
0,0.0,1,73.28,46,1929.6,0.02,0.06,3.16,0.4,May,3,2,2,6,Returning_Visitor,False,False
4,164.49,1,25.67,58,1509.33,0.01,0.04,4.7,0.16,Nov,2,2,1,6,Returning_Visitor,False,False
3,176.66,1,17.13,45,2134.55,0.02,0.06,6.6,0.14,Mar,2,4,1,1,Returning_Visitor,False,False
2,198.85,1,35.2,55,1617.83,0.01,0.01,11.98,0.18,May,4,4,1,6,Returning_Visitor,True,True
1,79.86,1,0.0,29,1244.89,0.01,0.01,4.0,0.11,May,2,13,1,2,New_Visitor,False,False
1,72.62,1,8.09,32,846.31,0.02,0.08,0.0,0.14,Nov,8,1,1,6,Returning_Visitor,False,False
1,132.26,0,37.21,53,1627.78,0.02,0.06,6.57,1.0,May,2,2,3,6,Returning_Visitor,True,False
2,182.49,1,32.99,57,1648.6,0.01,0.06,4.18,0.14,Nov,2,3,1,6,Returning_Visitor,False,False
1,12.15,1,21.67,13,399.69,0.07,0.13,1.55,0.1,May,3,3,1,3,Returning_Visitor,False,False
0,26.65,1,17.95,28,727.04,0.11,0.11,3.67,0.1,Mar,2,1,2,3,Returning_Visitor,False,False
2,177.77,1,0.0,72,1939.38,0.02,0.04,12.14,0.34,Dec,2,13,1,6,Returning_Visitor,False,False
3,167.14,2,13.75,46,2394.34,0.03,0.06,2.76,0.16,Mar,1,1,1,1,Returning_Visitor,False,False
9,239.6,2,190.41,75,2968.14,0.03,0.04,24.67,0.12,Nov,3,3,1,3,Returning_Visitor,False,False
0,74.98,0,24.34,32,1626.85,0.01,0.07,5.6,0.12,Nov,2,3,2,2,Returning_Visitor,False,False
3,168.54,1,0.0,43,1032.07,0.01,0.06,1.34,0.11,Nov,1,1,1,6,Returning_Visitor,False,False
0,83.8,1,0.0,24,338.6,0.04,0.12,3.64,0.12,Nov,2,3,2,2,New_Visitor,False,True
0,43.86,0,5.2,38,2056.26,0.01,0.06,4.39,0.31,Nov,2,2,3,1,Returning_Visitor,False,False
3,272.34,1,56.12,77,2269.96,0.0,0.05,13.53,0.18,Sep,2,2,8,6,Returning_Visitor,False,False
1,121.34,1,16.42,44,1493.13,0.02,0.07,3.25,0.14,Nov,2,3,1,6,Returning_Visitor,False,True
2,133.38,1,6.05,60,1280.99,0.01,0.04,4.35,0.0,May,2,2,3,13,Returning_Visitor,False,True
1,101.94,1,44.83,28,1104.11,0.1,0.12,5.88,0.15,Mar,3,2,1,6,Returning_Visitor,False,False
1,10.97,0,3.0,16,246.62,0.0,0.1,0.85,0.1,May,2,3,1,2,Returning_Visitor,False,False
2,163.29,1,56.43,69,1909.53,0.02,0.03,9.16,0.21,Nov,2,2,1,6,Returning_Visitor,False,False
2,176.16,1,87.85,56,1515.12,0.01,0.05,16.92,0.59,Aug,2,2,4,4,Returning_Visitor,False,False
1,0.0,1,32.55,53,2007.13,0.02,0.06,6.3,0.13,Nov,2,1,1,6,Returning_Visitor,False,True
1,150.1,1,39.71,61,1621.24,0.02,0.06,6.07,0.14,Nov,2,2,1,6,Returning_Visitor,False,False
1,119.69,1,31.54,43,1675.3,0.04,0.09,4.81,0.13,Nov,2,1,1,6,Returning_Visitor,False,False
0,0.0,1,63.01,25,1064.35,0.06,0.11,7.33,0.13,Dec,2,3,1,6,Returning_Visitor,False,False
0,73.69,1,15.31,46,1949.08,0.02,0.08,4.66,0.14,Nov,2,3,4,3,Returning_Visitor,False,False
1,165.4,1,22.25,51,1608.56,0.01,0.05,3.36,0.17,Nov,2,2,1,6,Returning_Visitor,False,True
3,162.5,1,21.78,50,1895.65,0.02,0.02,10.4,0.08,Nov,4,1,6,3,Returning_Visitor,True,True
4,119.36,1,34.29,61,657.17,0.01,0.03,7.59,0.28,May,2,2,7,6,Returning_Visitor,False,False
3,121.36,1,9.66,46,1728.51,0.02,0.06,1.89,0.14,Nov,1,1,7,1,Returning_Visitor,False,False
5,143.9,2,63.19,76,2646.9,0.02,0.02,4.53,0.12,Nov,3,3,2,6,Returning_Visitor,False,False
2,176.43,1,42.36,59,1307.83,0.01,0.05,3.53,0.15,Nov,2,2,1,6,Returning_Visitor,False,False
1,138.84,1,32.93,57,1537.47,0.03,0.08,4.82,0.29,Nov,2,2,1,6,Returning_Visitor,False,True
6,175.95,1,91.5,105,3483.81,0.02,0.02,14.77,0.18,May,3,2,1,2,Returning_Visitor,False,True
7,220.04,5,135.08,72,3249.85,0.01,0.03,15.19,0.09,Nov,1,1,1,1,Returning_Visitor,False,False
0,75.16,1,34.67,35,1173.09,0.06,0.1,6.74,0.13,Nov,3,2,3,6,Returning_Visitor,False,False
1,115.59,1,30.51,40,1132.54,0.02,0.07,3.43,0.17,Nov,2,3,1,6,Returning_Visitor,False,True
1,110.8,1,29.27,51,975.75,0.0,0.02,16.2,0.14,May,2,13,1,6,Returning_Visitor,False,False
3,224.01,1,25.45,45,469.42,0.01,0.05,2.9,0.11,Nov,1,1,1,6,Returning_Visitor,False,False
0,43.4,1,20.49,22,0.0,0.1,0.13,2.77,0.11,Nov,2,1,1,1,Returning_Visitor,False,False
1,149.81,1,25.43,54,1663.91,0.01,0.06,5.73,0.16,Nov,2,2,1,6,Returning_Visitor,False,False
0,68.99,0,43.61,41,1570.21,0.01,0.07,4.89,0.36,May,2,2,2,2,Returning_Visitor,False,False
2,135.53,2,82.74,62,1673.67,0.02,0.03,6.88,0.0,Nov,2,2,1,6,Returning_Visitor,False,False
3,170.51,1,22.42,19,1868.42,0.01,0.03,7.58,0.28,Nov,2,2,7,6,Returning_Visitor,False,True
2,161.76,1,32.67,42,1885.94,0.02,0.06,7.89,0.12,Nov,2,2,1,1,Returning_Visitor,False,False
1,94.37,1,8.15,53,2006.76,0.01,0.07,5.41,0.16,Nov,2,1,3,6,Returning_Visitor,False,False
1,118.53,1,21.34,47,1586.74,0.03,0.08,3.93,0.15,Nov,2,1,1,6,Returning_Visitor,False,False
0,0.0,1,14.34,23,497.79,0.06,0.12,2.87,0.13,Nov,2,3,2,3,Returning_Visitor,False,False
1,143.71,0,25.47,52,1552.82,0.03,0.07,4.32,0.15,Nov,2,2,1,6,Returning_Visitor,False,False
1,322.53,1,58.73,44,2536.2,0.02,0.02,7.38,0.0,Nov,4,1,1,1,Returning_Visitor,False,False
1,153.37,1,19.24,17,1631.3,0.02,0.05,5.2,0.15,Nov,2,3,1,6,Returning_Visitor,False,True
1,132.47,1,26.9,51,1754.98,0.02,0.06,4.54,0.14,Nov,2,1,1,6,Returning_Visitor,False,False
1,37.52,1,14.15,35,1265.85,0.03,0.12,0.0,0.14,Nov,2,1,1,3,Returning_Visitor,False,False
2,172.69,1,35.96,54,3247.43,0.02,0.05,6.35,0.17,Mar,2,13,1,6,Returning_Visitor,False,False
3,218.05,1,52.61,54,1468.61,0.01,0.05,4.76,0.14,Aug,2,1,1,6,Returning_Visitor,False,False
2,216.14,1,9.61,80,1632.38,0.01,0.02,13.97,0.14,Oct,2,4,1,5,New_Visitor,False,False
1,39.43,1,17.76,45,2442.84,0.03,0.05,1.77,0.14,Nov,1,1,7,1,Returning_Visitor,False,False
2,205.73,1,39.43,56,1787.17,0.01,0.06,6.38,0.13,Nov,2,1,1,6,Returning_Visitor,False,False
1,223.86,1,14.08,65,3237.11,0.01,0.05,9.88,0.28,Nov,4,3,2,3,Returning_Visitor,False,False
0,73.9,1,33.33,22,932.82,0.2,0.13,4.8,0.11,Mar,3,3,1,1,Returning_Visitor,False,False
1,123.23,1,21.83,44,1193.18,0.02,0.08,3.99,0.15,Nov,2,3,1,6,Returning_Visitor,False,False
2,77.08,1,75.5,67,1759.61,0.02,0.02,9.07,0.0,May,3,2,1,13,Returning_Visitor,False,False
2,295.5,2,104.73,62,2269.9,0.12,0.13,16.55,0.1,Jul,3,3,1,1,Returning_Visitor,False,True
1,98.58,0,43.23,24,300.33,0.04,0.11,3.1,0.16,Nov,3,2,1,6,Returning_Visitor,False,False
0,0.0,0,3.04,20,896.35,0.01,0.08,0.6,0.08,Nov,1,2,1,2,Returning_Visitor,False,False
1,150.24,0,32.97,54,1608.49,0.01,0.05,5.47,0.17,Nov,2,2,2,6,Returning_Visitor,False,False
2,23.2,1,35.23,97,2139.26,0.0,0.01,21.73,0.14,Mar,2,13,2,5,Returning_Visitor,False,False
3,223.38,1,21.0,61,1563.65,0.01,0.07,10.57,0.35,Aug,2,2,3,1,Returning_Visitor,False,True
2,188.43,1,82.0,54,1787.26,0.08,0.1,12.7,0.14,Mar,3,13,1,6,Returning_Visitor,False,False
1,146.49,1,16.45,43,1665.1,0.02,0.05,4.22,0.15,Nov,2,2,1,6,Returning_Visitor,False,False
0,36.73,0,30.63,32,1414.47,0.01,0.06,4.9,0.1,May,2,2,2,2,Returning_Visitor,False,False
0,0.0,1,0.0,32,976.69,0.03,0.07,0.0,0.14,Nov,2,2,7,1,Returning_Visitor,False,False
6,205.61,3,105.2,74,2474.15,0.02,0.05,9.55,0.22,Nov,2,2,1,1,Returning_Visitor,False,False
2,149.03,1,99.39,112,1271.22,0.01,0.02,41.13,0.18,May,2,2,1,6,Returning_Visitor,False,True
2,153.18,1,52.55,68,1688.19,0.01,0.02,6.53,0.19,Nov,3,2,1,6,Returning_Visitor,True,True
0,159.42,1,17.88,47,596.08,0.01,0.03,2.58,0.28,Nov,2,2,8,2,Returning_Visitor,False,False
2,188.83,0,22.0,47,1838.0,0.02,0.04,4.41,0.23,Feb,2,1,1,6,Returning_Visitor,False,False
0,182.06,0,46.77,64,2344.9,0.01,0.05,17.44,0.3,Nov,2,2,1,6,Returning_Visitor,False,False
5,117.37,1,24.62,66,1743.91,0.01,0.05,11.05,0.28,Nov,2,2,8,6,Returning_Visitor,False,False
0,77.44,1,13.35,50,768.4,0.04,0.1,4.85,0.24,Nov,2,2,3,6,Returning_Visitor,True,False
3,165.63,1,60.19,35,589.69,0.02,0.03,3.02,0.15,Dec,2,13,1,2,New_Visitor,False,False
1,127.61,1,24.42,52,1409.91,0.03,0.08,5.51,0.14,Nov,2,2,2,6,Returning_Visitor,False,False
3,579.13,0,0.0,53,2042.84,0.01,0.04,11.53,0.1,Oct,2,13,2,6,New_Visitor,False,False
2,160.07,1,15.61,47,1758.54,0.01,0.07,3.47,0.11,Nov,1,1,1,1,Returning_Visitor,False,False
2,172.52,1,7.09,36,1398.04,0.02,0.05,3.18,0.0,Mar,2,13,1,6,Returning_Visitor,False,False
1,115.52,1,22.41,44,1582.37,0.02,0.08,4.9,0.13,Nov,2,3,1,6,Returning_Visitor,False,False
1,145.26,1,44.14,55,1721.47,0.02,0.07,7.63,0.14,Nov,2,2,1,6,Returning_Visitor,False,False
2,154.95,1,35.16,53,1720.31,0.02,0.07,6.45,0.15,Nov,2,3,1,6,Returning_Visitor,False,True
0,77.64,1,32.28,34,1199.65,0.03,0.08,4.5,0.09,Nov,2,1,1,6,Returning_Visitor,False,False
1,17.77,1,23.45,1,316.39,0.07,0.09,1.59,0.11,May,3,2,1,3,Returning_Visitor,False,False
1,0.0,1,17.17,13,216.68,0.05,0.12,1.73,0.11,Dec,2,3,1,2,New_Visitor,False,False
1,169.88,1,25.68,41,1737.84,0.01,0.07,6.27,0.0,Nov,2,3,1,2,Returning_Visitor,False,False
2,199.17,1,36.73,23,1371.59,0.03,0.04,4.12,0.15,Nov,2,3,1,6,New_Visitor,False,False
0,24.85,1,17.15,2,334.61,0.08,0.12,2.53,0.11,Nov,3,3,1,3,Returning_Visitor,False,False
1,155.32,1,26.92,42,1441.28,0.01,0.05,3.95,0.14,Nov,2,3,1,6,Returning_Visitor,False,False
1,168.85,1,43.54,59,2019.71,0.01,0.05,11.7,0.0,Nov,2,2,1,6,Returning_Visitor,False,False
4,106.39,1,24.57,63,1378.19,0.01,0.04,4.67,0.21,Nov,2,2,1,6,Returning_Visitor,False,False
1,183.35,1,31.56,64,1611.2,0.02,0.05,6.36,0.15,Nov,2,2,1,6,Returning_Visitor,False,False
2,50.15,1,14.6,42,1325.98,0.01,0.03,0.0,0.0,Nov,2,2,1,2,Returning_Visitor,False,False
5,219.64,1,163.0,68,3388.3,0.02,0.02,20.27,0.09,Nov,3,2,1,20,Returning_Visitor,True,False
0,14.73,1,7.46,35,1479.16,0.01,0.11,3.71,0.27,May,2,2,3,2,Returning_Visitor,False,False
0,78.55,1,17.62,3,668.03,0.03,0.1,2.16,0.13,Nov,2,2,1,2,Returning_Visitor,False,True
1,169.58,1,45.77,73,1692.51,0.03,0.06,7.78,0.23,Nov,2,2,1,1,Returning_Visitor,False,False
1,146.86,1,30.1,53,1636.79,0.01,0.04,4.8,0.16,Nov,2,2,8,2,Returning_Visitor,False,False
4,118.61,2,41.39,74,2158.19,0.01,0.02,2.18,0.19,Nov,2,2,8,1,Returning_Visitor,False,False
0,25.99,1,29.03,39,2335.91,0.03,0.07,2.7,0.17,Mar,2,2,8,1,Returning_Visitor,False,False
0,16.56,0,18.22,26,1139.51,0.01,0.09,3.93,0.13,May,2,2,3,2,Returning_Visitor,False,False
0,102.43,1,0.0,48,2403.36,0.02,0.05,10.58,0.15,Nov,2,2,1,1,Returning_Visitor,True,False
1,23.78,1,12.85,27,1032.11,0.04,0.11,1.5,0.11,Mar,2,1,2,3,Returning_Visitor,False,False
1,178.19,0,0.0,37,1324.3,0.0,0.05,11.14,0.13,Nov,2,3,7,2,Returning_Visitor,False,True
0,30.9,1,38.48,15,60.6,0.07,0.12,0.0,0.0,May,2,2,1,6,Returning_Visitor,False,False
2,153.78,2,32.53,41,1582.36,0.06,0.06,2.65,0.12,Mar,3,3,1,1,Returning_Visitor,False,False
1,125.46,1,18.59,17,1614.22,0.02,0.05,2.76,0.0,Nov,2,3,2,6,Returning_Visitor,False,False
1,0.0,1,23.54,48,1165.14,0.01,0.02,0.0,0.2,Dec,2,2,1,6,Returning_Visitor,False,False
2,157.07,1,22.61,54,1413.15,0.01,0.04,4.39,0.17,May,2,2,1,6,Returning_Visitor,False,False
1,139.57,1,16.49,43,1766.69,0.02,0.07,3.61,0.14,Nov,2,1,1,6,Returning_Visitor,False,False
2,140.93,1,37.35,55,1718.36,0.03,0.07,5.02,0.14,Mar,2,3,1,6,Returning_Visitor,False,False
4,282.24,1,10.98,46,1331.59,0.01,0.06,2.16,0.07,Nov,1,1,7,2,New_Visitor,False,True
1,130.84,1,25.33,72,247.0,0.09,0.13,4.64,0.13,Nov,2,1,2,3,Returning_Visitor,False,False
1,164.44,1,16.18,49,1402.19,0.02,0.07,7.19,0.0,Nov,2,3,2,6,Returning_Visitor,False,False
2,55.25,1,3.88,28,1121.58,0.02,0.1,0.91,0.1,Nov,1,1,2,3,Returning_Visitor,False,False
2,89.73,1,10.24,4,720.22,0.0,0.03,1.01,0.13,Mar,2,13,1,3,Returning_Visitor,False,False
1,177.26,1,21.96,58,1656.88,0.01,0.05,3.94,0.17,Nov,2,2,2,6,Returning_Visitor,False,False
4,165.25,1,68.98,70,1664.44,0.01,0.03,13.58,0.26,May,2,2,1,6,Returning_Visitor,False,True
0,55.06,1,31.31,42,1640.09,0.02,0.07,6.05,0.15,Nov,2,2,2,6,Returning_Visitor,False,True
3,235.81,2,110.67,62,1387.55,0.05,0.08,8.67,0.15,Jul,2,2,1,1,Returning_Visitor,False,True
1,134.92,1,41.2,43,1603.6,0.02,0.07,7.22,0.14,Nov,2,2,2,6,Returning_Visitor,False,False
1,165.32,1,13.46,49,1607.04,0.02,0.07,4.57,0.2,May,2,13,1,6,Returning_Visitor,False,False
3,153.22,1,59.59,53,2624.08,0.01,0.01,12.61,0.19,Nov,4,1,1,1,Returning_Visitor,False,True
3,177.88,2,66.41,48,2369.29,0.02,0.03,10.94,0.15,Mar,2,13,6,6,Returning_Visitor,False,False
2,31.6,1,22.44,69,1473.24,0.01,0.03,4.04,0.18,Nov,2,2,1,6,Returning_Visitor,False,False
2,146.91,1,12.3,31,1363.02,0.02,0.04,2.79,0.21,May,2,2,7,6,Returning_Visitor,False,False
4,263.73,1,58.25,62,1631.81,0.01,0.05,8.95,0.17,Jul,2,13,1,6,Returning_Visitor,False,False
3,238.5,0,0.0,102,2271.01,0.01,0.01,14.92,0.16,May,2,4,2,6,Returning_Visitor,False,False
6,227.87,1,135.66,23,4227.23,0.01,0.01,22.2,0.0,Nov,2,13,1,1,Returning_Visitor,False,True
2,166.29,1,22.58,52,1816.6,0.0,0.04,5.65,0.17,Nov,2,3,1,6,Returning_Visitor,False,False
0,32.07,1,17.35,23,649.59,0.06,0.12,2.51,0.1,Mar,2,2,1,6,Returning_Visitor,False,False
1,167.74,1,21.25,52,1644.23,0.01,0.06,4.64,0.16,Nov,2,3,1,6,Returning_Visitor,False,False
7,156.47,3,153.09,50,3262.41,0.04,0.04,6.29,0.11,Mar,3,2,7,1,Returning_Visitor,False,False
4,115.97,1,18.97,57,2753.38,0.02,0.03,9.91,0.11,Mar,4,1,2,1,Returning_Visitor,False,False
0,64.94,1,19.82,27,48.4,0.02,0.09,2.81,0.0,Nov,2,3,1,1,Returning_Visitor,False,True
4,139.85,4,188.0,46,1197.75,0.03,0.02,0.0,0.18,Nov,2,2,1,6,Returning_Visitor,False,False
4,51.52,1,87.03,107,1503.1,0.01,0.03,12.93,0.17,Nov,2,2,1,10,Returning_Visitor,False,True
0,75.02,1,0.0,35,1504.28,0.04,0.1,0.0,0.14,Nov,2,2,1,6,Returning_Visitor,False,False
0,52.38,1,14.87,31,1361.24,0.02,0.08,3.94,0.15,Nov,2,2,3,2,Returning_Visitor,False,False
5,98.79,1,11.28,39,1466.89,0.04,0.09,2.1,0.14,Nov,2,1,1,1,Returning_Visitor,False,False
3,166.88,1,24.37,51,1793.38,0.0,0.04,5.51,0.16,Nov,2,3,1,6,Returning_Visitor,False,False
2,182.18,1,0.0,29,1436.1,0.01,0.02,34.6,0.0,Nov,2,2,7,6,Returning_Visitor,False,True
2,195.08,1,40.4,59,1668.36,0.0,0.04,6.05,0.16,Nov,2,3,1,6,Returning_Visitor,False,False
4,169.09,2,11.2,40,2077.82,0.02,0.06,0.0,0.15,Nov,1,1,1,1,Returning_Visitor,False,False
1,147.83,1,21.74,49,1653.52,0.02,0.06,4.69,0.0,Nov,2,3,1,6,Returning_Visitor,False,False
2,86.06,0,49.1,87,1840.84,0.02,0.04,10.17,0.28,Mar,4,2,2,4,Returning_Visitor,False,False
3,210.56,1,0.0,64,1803.14,0.01,0.05,10.81,0.2,Oct,2,4,3,6,Returning_Visitor,False,False
2,14.0,1,26.84,57,1407.47,0.01,0.02,5.71,0.19,May,2,13,1,6,Returning_Visitor,False,False
2,142.71,1,32.47,75,2186.49,0.02,0.04,6.26,0.14,Nov,2,1,2,1,Returning_Visitor,False,False
2,82.02,1,10.11,42,1506.48,0.02,0.0,2.02,0.21,Nov,2,2,3,6,Returning_Visitor,False,False
3,211.31,2,90.64,66,2356.27,0.02,0.06,14.75,0.18,Nov,2,13,1,1,Returning_Visitor,False,False
1,160.74,1,25.31,52,1507.66,0.01,0.05,4.31,0.13,Nov,2,3,1,6,Returning_Visitor,False,False
2,137.37,1,11.21,40,1467.61,0.02,0.06,0.0,0.15,Nov,2,1,1,1,Returning_Visitor,False,False
0,38.08,1,59.1,46,1467.02,0.06,0.09,2.18,0.6,Nov,3,2,2,3,Returning_Visitor,False,False
0,194.99,1,45.48,66,1943.88,0.01,0.06,13.93,0.23,Aug,2,3,2,6,Returning_Visitor,False,False
1,107.19,1,28.49,41,1514.59,0.03,0.08,4.53,0.13,Nov,3,2,1,6,Returning_Visitor,False,False
1,154.78,1,31.58,53,1764.16,0.02,0.06,7.22,0.14,Nov,2,2,1,6,Returning_Visitor,False,False
3,148.61,1,52.2,65,1236.92,0.01,0.03,7.45,0.19,May,2,2,1,6,Returning_Visitor,False,False
1,121.91,1,25.26,47,1698.78,0.02,0.07,5.58,0.14,Nov,2,3,1,6,Returning_Visitor,False,False
0,12.29,0,3.58,13,274.37,0.02,0.1,2.82,0.1,Nov,2,2,3,2,Returning_Visitor,False,False
0,0.0,0,10.49,14,1440.0,0.02,0.04,2.62,0.14,May,2,3,2,2,Returning_Visitor,False,False
2,198.86,3,76.67,47,1725.89,0.03,0.07,7.06,0.0,Nov,2,1,1,1,Returning_Visitor,False,True
2,159.1,2,106.44,56,2021.48,0.08,0.06,11.06,0.15,Nov,3,2,1,6,Returning_Visitor,False,False
0,67.57,1,23.26,6,66.9,0.02,0.09,0.0,0.13,Nov,3,3,1,2,New_Visitor,False,False
0,22.29,1,12.31,14,82.75,0.05,0.12,2.26,0.13,Nov,2,2,1,2,Returning_Visitor,False,False
1,134.36,1,22.87,48,1740.11,0.01,0.06,4.47,0.14,Nov,2,3,1,6,Returning_Visitor,False,False
0,81.45,1,10.43,14,0.0,0.06,0.2,2.75,0.12,Nov,2,3,1,2,New_Visitor,False,False
4,228.9,1,58.4,84,2741.51,0.03,0.08,13.68,0.16,Mar,4,6,1,10,Returning_Visitor,False,False
0,28.91,0,10.99,26,973.93,0.01,0.08,2.92,0.13,Nov,2,2,3,2,Returning_Visitor,False,False
2,189.8,0,21.89,58,2143.51,0.01,0.01,5.15,0.13,Nov,4,13,1,1,Returning_Visitor,True,False
2,195.59,1,64.21,87,1454.68,0.0,0.05,15.01,0.25,Nov,2,2,1,4,Returning_Visitor,False,False
1,83.32,1,18.53,53,1402.18,0.04,0.11,3.33,0.1,Nov,1,1,1,1,Returning_Visitor,False,False
1,171.01,1,39.47,52,1298.93,0.02,0.05,4.71,0.21,Nov,2,3,1,6,Returning_Visitor,False,False
4,209.06,1,144.86,50,3067.61,0.01,0.01,39.36,0.14,Nov,3,2,8,6,Returning_Visitor,False,False
1,157.32,1,31.26,53,1763.83,0.03,0.08,6.02,0.15,Nov,2,3,1,6,Returning_Visitor,False,True
2,172.16,1,27.68,55,1673.05,0.02,0.06,4.14,0.13,Nov,2,3,1,6,Returning_Visitor,False,False
5,264.88,2,81.69,54,1545.0,0.02,0.05,4.47,0.0,Nov,8,1,1,6,Returning_Visitor,False,True
1,217.85,1,15.76,51,1606.89,0.0,0.05,7.88,0.0,Nov,2,2,1,6,Returning_Visitor,False,False
0,35.7,0,9.34,13,58.0,0.02,0.1,2.16,0.12,Nov,2,3,1,2,Returning_Visitor,False,False
2,129.75,1,0.0,72,1673.46,0.0,0.01,6.16,0.17,Mar,2,13,2,6,Returning_Visitor,False,False
5,199.16,1,51.69,95,2346.36,0.01,0.02,11.14,0.1,Nov,2,2,2,6,Returning_Visitor,True,True
15,208.95,1,35.43,42,1181.62,0.02,0.04,2.08,0.14,Nov,2,1,1,6,Returning_Visitor,False,False
0,89.05,1,17.79,14,213.08,0.02,0.04,2.03,0.11,Nov,2,2,1,2,New_Visitor,False,False
1,158.99,1,45.31,51,1923.21,0.01,0.07,11.09,0.11,Nov,2,2,1,6,Returning_Visitor,False,False
3,174.62,1,0.0,49,2980.67,0.02,0.06,7.31,0.33,Nov,4,3,2,3,Returning_Visitor,False,False
2,237.59,2,72.74,46,50.0,0.09,0.11,9.59,0.1,Nov,3,3,1,4,Returning_Visitor,False,False
1,148.0,1,25.81,37,1133.98,0.01,0.05,2.57,0.14,Nov,2,2,1,2,Returning_Visitor,False,False
1,143.77,1,35.13,47,1661.83,0.01,0.05,5.37,0.14,Nov,2,1,1,1,Returning_Visitor,False,False
0,151.48,1,60.59,56,2093.52,0.04,0.11,3.71,0.8,May,3,2,2,6,Returning_Visitor,False,False
0,121.97,1,8.26,49,1719.01,0.0,0.07,6.45,0.18,Nov,2,1,3,6,Returning_Visitor,False,False
2,156.8,1,6.47,14,1699.85,0.0,0.05,1.13,0.16,Nov,2,3,1,2,Returning_Visitor,False,False
2,170.35,1,8.03,37,1504.55,0.01,0.05,0.0,0.14,Mar,2,5,1,6,Returning_Visitor,False,False
6,115.87,3,49.21,45,1131.13,0.04,0.06,2.75,0.18,Mar,2,3,1,1,Returning_Visitor,False,False
2,157.78,1,17.38,40,1528.66,0.02,0.06,3.91,0.16,Nov,2,1,1,6,Returning_Visitor,False,False
1,126.95,1,17.62,47,1634.89,0.02,0.06,3.94,0.13,Nov,2,3,1,6,Returning_Visitor,False,False
0,133.0,0,0.0,14,504.47,0.09,0.11,3.62,0.1,Mar,2,2,2,10,Returning_Visitor,False,False
1,124.08,1,23.69,44,1851.56,0.04,0.08,4.16,0.14,Nov,2,3,1,1,Returning_Visitor,False,False
0,89.75,1,96.16,55,1035.94,0.03,0.07,8.64,0.2,May,2,2,1,6,Returning_Visitor,False,False
2,168.59,1,32.8,61,1677.11,0.01,0.05,5.16,0.15,Nov,2,3,1,6,Returning_Visitor,False,False
1,146.41,1,24.0,52,1733.33,0.02,0.06,5.76,0.13,Nov,2,2,1,6,Returning_Visitor,False,True
1,92.36,1,20.65,39,1600.6,0.02,0.09,3.53,0.13,May,2,1,1,6,Returning_Visitor,False,False
2,163.1,1,29.41,55,1679.12,0.01,0.05,4.83,0.16,Nov,2,2,1,6,Returning_Visitor,False,False
2,345.02,4,65.31,46,1968.28,0.01,0.07,13.29,0.21,Sep,4,3,1,1,Returning_Visitor,False,False
3,210.1,1,112.2,87,2922.85,0.02,0.04,15.03,0.19,Nov,2,2,1,1,Returning_Visitor,False,False
1,161.59,1,49.43,60,1661.32,0.01,0.06,7.46,0.15,Nov,2,2,1,6,Returning_Visitor,False,False
1,66.55,1,33.43,32,343.52,0.05,0.07,2.5,0.13,Nov,3,2,1,2,Returning_Visitor,False,False
3,169.51,1,0.0,56,1616.38,0.01,0.05,2.54,0.15,Nov,2,3,1,6,Returning_Visitor,False,False
1,146.65,1,22.96,45,1758.99,0.02,0.07,4.8,0.15,Nov,2,2,1,6,Returning_Visitor,False,False
4,148.96,2,81.99,71,2156.5,0.01,0.03,23.6,0.1,Mar,3,2,2,20,New_Visitor,False,True
1,180.44,1,33.81,61,1476.15,0.0,0.04,6.06,0.23,Nov,2,2,3,6,Returning_Visitor,False,False
1,80.39,1,24.18,32,187.2,0.07,0.11,5.07,0.13,Nov,3,3,1,6,Returning_Visitor,False,False
3,158.58,1,70.04,60,2066.05,0.02,0.06,9.15,0.12,Nov,2,2,1,6,Returning_Visitor,False,False
1,187.28,1,14.9,41,353.79,0.0,0.03,3.82,0.0,Nov,2,2,1,2,New_Visitor,False,True
2,148.15,1,0.0,30,886.57,0.01,0.04,0.45,0.17,Nov,2,1,1,6,Returning_Visitor,False,False
0,82.79,1,31.46,47,2248.57,0.03,0.06,0.0,0.16,Nov,2,2,2,1,Returning_Visitor,False,False
2,166.0,1,25.09,59,2187.27,0.01,0.03,10.13,0.14,Mar,2,13,1,6,Returning_Visitor,False,True
2,63.79,1,33.41,59,1657.09,0.01,0.02,10.38,0.24,Aug,2,13,1,1,Returning_Visitor,False,False
3,145.02,2,21.0,44,428.22,0.03,0.03,1.73,0.16,Dec,2,2,1,2,New_Visitor,False,False
0,0.0,0,0.0,14,501.48,0.01,0.09,1.1,0.13,May,2,2,3,2,Returning_Visitor,False,False
1,175.9,1,63.3,48,13.0,0.06,0.1,6.36,0.15,Nov,2,3,1,6,New_Visitor,False,False
6,190.0,2,535.0,69,2047.69,0.01,0.03,8.61,0.11,Nov,3,2,1,6,Returning_Visitor,False,False
1,129.73,1,20.19,40,1689.74,0.02,0.06,4.16,0.13,Nov,2,3,1,6,Returning_Visitor,False,False
1,157.69,1,20.2,51,1784.9,0.02,0.06,3.83,0.16,Nov,2,3,1,6,Returning_Visitor,False,True
1,0.0,1,5.14,14,628.67,0.02,0.08,1.02,0.14,May,2,1,4,3,Returning_Visitor,False,False
0,103.25,0,0.0,39,1735.41,0.02,0.06,3.48,0.14,Nov,2,2,8,2,Returning_Visitor,False,False
1,145.63,0,16.32,42,1465.99,0.02,0.08,0.0,0.12,Nov,2,1,1,6,Returning_Visitor,False,False
0,98.92,1,8.89,33,1450.17,0.06,0.11,5.2,0.19,Nov,2,10,3,6,Returning_Visitor,False,False
2,149.19,2,63.39,73,1765.27,0.02,0.03,6.66,0.16,Nov,2,2,1,6,Returning_Visitor,False,False
2,136.59,2,59.97,58,1811.55,0.02,0.06,4.84,0.11,Nov,2,1,1,2,Returning_Visitor,False,True
1,135.38,1,34.43,55,1509.34,0.01,0.07,6.19,0.15,Nov,2,2,1,6,Returning_Visitor,False,False
2,172.05,1,78.65,79,1805.16,0.01,0.03,0.0,0.14,Nov,3,2,1,6,Returning_Visitor,True,False
0,56.95,0,6.75,27,2425.08,0.02,0.05,3.13,0.27,May,2,2,3,2,Returning_Visitor,False,False
3,108.82,1,50.02,62,1743.07,0.01,0.02,2.73,0.15,Mar,2,2,1,2,Returning_Visitor,False,False
0,89.9,1,83.86,2,1034.61,0.1,0.11,9.63,0.12,Nov,3,2,1,6,Returning_Visitor,False,False
4,202.19,1,61.47,59,625.31,0.02,0.03,12.11,0.0,Nov,2,3,2,1,Returning_Visitor,False,False
2,49.13,1,4.96,33,992.61,0.05,0.11,1.33,0.1,Nov,1,1,4,3,Returning_Visitor,False,False
1,140.93,1,29.91,46,2302.43,0.03,0.09,7.18,0.14,Nov,2,3,1,1,Returning_Visitor,False,False
2,211.43,1,45.78,45,1931.47,0.01,0.01,9.8,0.16,Nov,2,13,1,1,Returning_Visitor,False,False
1,173.27,1,13.55,43,1108.01,0.01,0.04,2.43,0.14,Nov,2,2,1,2,New_Visitor,False,False
1,126.88,1,33.95,42,1045.83,0.02,0.05,7.75,0.14,Nov,2,2,5,1,Returning_Visitor,False,True
1,153.18,0,37.96,58,1799.8,0.02,0.07,6.95,0.15,Nov,2,2,1,6,Returning_Visitor,False,False
3,115.68,1,19.96,41,1976.63,0.02,0.05,4.52,0.11,Mar,3,3,1,3,Returning_Visitor,False,False
6,125.96,2,63.54,85,2576.22,0.02,0.01,6.32,0.14,Mar,2,3,2,6,Returning_Visitor,False,False
1,184.72,1,28.03,53,1941.48,0.02,0.05,8.22,0.16,Nov,2,2,1,6,Returning_Visitor,False,False
2,184.23,1,37.84,54,224.5,0.11,0.12,7.82,0.13,Mar,3,3,2,3,Returning_Visitor,True,False
1,157.04,1,39.61,58,1491.89,0.02,0.06,7.75,0.14,Nov,2,2,1,6,Returning_Visitor,False,False
3,106.92,1,52.77,59,1681.64,0.01,0.03,6.26,0.16,Nov,2,2,1,6,Returning_Visitor,False,False
2,95.24,1,9.42,42,1552.19,0.03,0.08,1.78,0.0,Nov,2,1,3,3,Returning_Visitor,False,False
0,0.0,1,22.1,11,348.6,0.11,0.13,0.0,0.09,Nov,3,2,1,2,Returning_Visitor,False,False
3,243.17,1,21.63,38,1570.94,0.01,0.04,0.98,0.46,May,4,1,4,1,Returning_Visitor,False,False
0,42.27,1,39.05,4,599.69,0.06,0.11,2.8,0.0,Nov,2,3,1,2,Returning_Visitor,False,False
1,141.78,1,24.27,50,1755.97,0.01,0.05,6.2,0.12,Nov,2,3,1,6,Returning_Visitor,False,False
0,87.85,1,0.0,43,1607.66,0.02,0.08,0.0,0.13,Nov,2,2,2,6,Returning_Visitor,False,False
2,173.54,1,26.57,56,1577.37,0.02,0.05,3.75,0.13,Nov,2,3,1,6,Returning_Visitor,False,False
1,153.21,1,30.08,52,1746.89,0.01,0.06,4.97,0.17,Nov,2,3,1,6,Returning_Visitor,False,False
1,142.4,1,29.46,53,1605.5,0.01,0.05,4.28,0.14,Nov,2,2,1,6,Returning_Visitor,False,False
0,106.48,1,38.03,43,1996.17,0.01,0.05,8.14,0.23,May,2,2,3,6,Returning_Visitor,False,False
4,178.6,1,19.4,79,3773.72,0.02,0.04,6.22,0.17,Nov,2,3,2,6,Returning_Visitor,False,True
2,48.0,1,18.97,58,1418.44,0.01,0.04,4.88,0.43,May,2,2,3,6,Returning_Visitor,False,False
3,156.94,2,94.13,18,2197.28,0.04,0.04,5.41,1.0,Nov,2,2,1,6,Returning_Visitor,True,False
1,127.21,1,26.58,48,1761.08,0.02,0.06,4.82,0.14,Nov,2,3,2,6,Returning_Visitor,False,False
1,131.12,1,28.83,37,1762.02,0.0,0.04,1.99,0.12,Mar,3,3,1,6,Returning_Visitor,False,False
1,177.4,0,0.0,41,1720.48,0.02,0.04,3.53,0.19,Nov,2,2,8,6,Returning_Visitor,False,False
0,75.55,0,3.34,16,1391.34,0.01,0.04,1.82,0.11,Nov,2,3,3,2,New_Visitor,False,False
0,97.44,1,82.52,46,1556.97,0.01,0.02,8.27,0.32,May,3,2,1,6,Returning_Visitor,False,False
1,104.23,1,41.47,41,1438.18,0.03,0.06,4.51,0.15,Nov,2,2,1,6,Returning_Visitor,False,False
1,147.01,1,36.78,54,1594.33,0.02,0.07,6.5,0.13,Nov,2,2,1,6,Returning_Visitor,False,False
0,0.0,0,3.65,18,537.97,0.02,0.11,1.44,0.1,Nov,2,1,3,2,Returning_Visitor,False,False
1,38.21,1,0.0,24,777.32,0.08,0.12,1.81,0.1,Mar,2,3,2,3,Returning_Visitor,True,False
2,117.77,2,54.53,57,1391.27,0.0,0.05,2.2,0.14,Nov,2,2,7,6,Returning_Visitor,False,False
1,197.11,1,91.82,66,2107.37,0.02,0.05,12.54,0.15,Nov,3,2,1,4,Returning_Visitor,False,False
1,121.91,1,17.39,46,1609.42,0.03,0.07,3.82,0.14,Nov,2,1,1,6,Returning_Visitor,False,False
1,98.36,1,20.53,41,1436.93,0.05,0.1,3.41,0.34,Nov,2,2,1,6,Returning_Visitor,False,False
5,260.41,1,50.57,49,1752.58,0.02,0.03,3.88,0.13,Nov,1,1,1,1,Returning_Visitor,False,False
2,121.91,1,35.53,56,1997.55,0.0,0.03,5.26,0.0,Nov,2,3,1,6,Returning_Visitor,False,False
1,151.8,1,21.64,49,1818.12,0.01,0.06,4.53,0.14,Nov,2,3,1,6,Returning_Visitor,False,False
1,101.5,1,11.08,44,639.85,0.0,0.1,5.32,0.12,Nov,2,1,2,6,Returning_Visitor,False,False
1,178.22,1,20.86,52,1557.93,0.0,0.04,4.42,0.18,Nov,2,3,1,6,Returning_Visitor,False,False
1,102.1,1,25.41,35,1826.14,0.07,0.09,3.67,0.12,Mar,2,3,1,1,Returning_Visitor,False,False
2,0.0,1,0.0,54,1329.86,0.02,0.05,2.37,0.24,Dec,2,3,2,6,Returning_Visitor,False,False
1,154.3,1,28.9,52,1682.05,0.03,0.1,4.94,0.17,Nov,2,1,4,6,Returning_Visitor,False,False
4,187.65,2,69.4,18,1858.63,0.02,0.04,2.92,0.25,Nov,2,3,1,6,Returning_Visitor,False,False
3,181.04,1,67.54,57,2474.06,0.01,0.03,24.96,0.15,Nov,2,2,2,6,Returning_Visitor,False,False
3,101.66,1,72.73,50,2448.54,0.01,0.03,5.34,0.27,Dec,2,2,1,6,Returning_Visitor,False,False
2,136.48,1,9.67,29,1202.11,0.02,0.05,0.0,0.17,Dec,2,3,1,2,Returning_Visitor,False,False
3,156.56,1,57.4,41,1978.52,0.01,0.03,10.49,0.18,Nov,2,13,1,6,Returning_Visitor,False,False
2,140.0,0,15.84,9,63.67,0.1,0.12,0.0,0.28,Nov,1,1,4,15,Returning_Visitor,False,False
2,210.16,2,100.61,100,2167.84,0.01,0.03,27.9,0.24,Nov,3,2,1,4,Returning_Visitor,False,True
2,143.51,1,28.21,49,1943.83,0.01,0.07,6.4,0.0,Nov,1,1,1,6,Returning_Visitor,False,False
3,81.98,1,17.21,46,1596.44,0.0,0.01,7.2,0.18,May,2,13,7,5,Returning_Visitor,False,False
1,154.37,1,37.29,9,1238.33,0.01,0.05,5.12,0.34,Aug,2,2,3,6,Returning_Visitor,False,False
2,181.17,1,0.0,54,1509.22,0.02,0.04,2.37,0.17,Nov,3,3,1,13,Returning_Visitor,False,False
0,126.18,1,65.15,51,2024.38,0.02,0.05,10.95,0.12,Nov,3,2,1,6,Returning_Visitor,False,True
3,64.25,2,71.46,18,1305.51,0.02,0.04,3.05,0.52,May,2,2,1,6,Returning_Visitor,False,False
2,194.23,0,16.68,50,2177.41,0.01,0.03,10.19,0.25,May,4,13,7,6,Returning_Visitor,False,True
2,150.92,1,28.6,56,1684.06,0.02,0.05,5.49,0.15,Nov,2,2,1,6,Returning_Visitor,False,False
4,229.86,1,58.5,77,1683.41,0.01,0.04,14.01,0.28,Nov,2,2,8,4,Returning_Visitor,False,False
4,161.13,1,12.4,43,1487.76,0.0,0.04,2.45,0.19,Nov,2,3,1,2,New_Visitor,False,False
11,190.17,3,165.23,72,147.73,0.06,0.07,8.26,0.09,Nov,3,2,1,1,Returning_Visitor,False,False
2,105.96,1,37.66,30,284.5,0.02,0.01,1.17,0.0,Dec,2,3,1,6,New_Visitor,False,False
6,320.05,2,123.46,76,2328.17,0.01,0.03,17.51,0.1,Nov,2,1,1,6,Returning_Visitor,False,True
1,0.0,1,6.67,39,1664.2,0.03,0.04,0.0,0.23,Nov,2,1,7,1,Returning_Visitor,False,False
1,134.88,1,18.4,41,1491.28,0.01,0.06,3.69,0.14,Nov,2,3,1,6,Returning_Visitor,False,False
2,91.54,1,25.82,44,1871.34,0.02,0.05,3.18,0.15,Nov,2,2,8,6,Returning_Visitor,False,False
1,138.66,1,23.68,44,1504.93,0.02,0.07,4.18,0.15,Nov,2,3,1,2,Returning_Visitor,False,False
1,158.21,1,30.1,56,1692.52,0.01,0.05,4.52,0.16,Nov,2,2,1,6,Returning_Visitor,False,False
0,0.0,1,44.32,21,1319.54,0.08,0.11,4.58,0.0,Nov,3,2,1,1,Returning_Visitor,False,False
1,230.36,1,68.22,96,1892.49,0.0,0.03,16.65,0.35,Aug,2,2,1,4,Returning_Visitor,False,False
2,179.4,1,26.19,44,1431.38,0.02,0.05,4.11,0.15,Nov,2,1,1,6,Returning_Visitor,False,False
1,144.98,1,27.97,56,1581.68,0.02,0.07,6.27,0.15,Nov,2,2,1,6,Returning_Visitor,False,False
2,26.2,1,31.82,58,1664.73,0.01,0.04,6.21,0.19,Mar,2,13,1,6,Returning_Visitor,False,True
2,172.53,1,9.02,40,844.77,0.01,0.06,1.39,0.14,Nov,2,2,1,2,New_Visitor,False,False
0,127.97,0,41.32,25,0.0,0.11,0.13,6.69,0.09,Nov,3,3,1,6,Returning_Visitor,False,True
2,176.78,1,34.74,41,1871.41,0.04,0.08,5.6,0.14,Mar,2,3,1,6,Returning_Visitor,False,False
5,233.03,2,103.02,68,5341.78,0.02,0.06,13.63,0.12,Nov,2,1,1,1,Returning_Visitor,False,True
3,143.13,0,12.2,41,1460.39,0.02,0.06,0.0,0.13,Nov,1,1,1,6,Returning_Visitor,False,False
1,163.65,1,26.7,48,1702.06,0.02,0.06,5.13,0.14,Nov,2,2,1,6,Returning_Visitor,False,False
2,161.75,1,40.48,46,1577.86,0.01,0.05,3.49,0.15,Nov,2,2,1,6,Returning_Visitor,False,False
1,236.14,1,75.61,70,1123.67,0.03,0.1,9.29,0.0,June,2,3,1,1,New_Visitor,False,False
4,235.77,2,106.06,9,1366.1,0.01,0.02,11.5,0.19,Nov,2,2,1,6,Returning_Visitor,True,True
4,194.76,1,59.43,60,2278.29,0.02,0.05,9.78,0.13,Mar,2,13,1,6,Returning_Visitor,False,False
2,856.83,1,61.61,75,866.98,0.07,0.1,4.97,0.06,Nov,1,1,1,1,Returning_Visitor,True,False
1,203.95,1,13.73,66,1883.31,0.04,0.08,5.97,0.1,Mar,2,7,2,1,Returning_Visitor,False,False
0,44.16,0,22.63,25,999.12,0.0,0.07,2.42,0.15,Nov,2,3,1,6,Returning_Visitor,False,False
7,237.15,3,141.14,57,2817.79,0.01,0.03,15.6,0.08,Nov,8,2,5,8,Returning_Visitor,False,False
12,179.47,1,45.24,69,1967.61,0.01,0.05,8.67,0.15,Nov,2,3,1,6,Returning_Visitor,False,False
1,146.12,1,48.85,56,1351.35,0.03,0.06,5.33,0.14,Nov,2,3,1,6,Returning_Visitor,False,False
2,160.78,0,24.8,55,1351.17,0.02,0.06,3.48,0.16,Nov,2,3,1,6,Returning_Visitor,False,False
1,108.89,1,10.99,35,1429.46,0.02,0.06,3.05,0.13,Nov,2,2,2,6,Returning_Visitor,False,False
2,175.99,1,29.04,48,1480.66,0.0,0.04,5.89,0.14,Nov,2,3,1,6,New_Visitor,False,False
1,101.72,1,0.0,36,1510.67,0.02,0.05,0.0,0.09,Nov,3,3,1,2,Returning_Visitor,False,False
0,0.0,0,15.21,37,1048.98,0.01,0.04,2.53,0.16,Nov,2,2,3,6,Returning_Visitor,False,False
0,48.58,0,10.23,23,773.11,0.01,0.06,1.12,0.13,Nov,2,2,1,2,Returning_Visitor,False,False
4,156.05,1,96.0,64,2048.84,0.02,0.04,6.52,0.16,May,2,13,1,6,Returning_Visitor,False,False
2,178.92,0,18.96,43,1520.72,0.02,0.06,3.34,0.16,Mar,2,13,1,6,Returning_Visitor,False,False
2,194.82,1,42.36,54,1748.28,0.01,0.05,8.34,0.14,Nov,2,3,1,6,Returning_Visitor,False,False
1,141.22,1,17.49,41,1411.05,0.03,0.08,3.38,0.13,Nov,2,3,1,6,Returning_Visitor,False,False
2,151.82,1,28.61,51,1716.41,0.02,0.06,5.08,0.14,Nov,2,3,1,6,Returning_Visitor,False,False
1,161.08,1,25.27,47,1477.19,0.02,0.06,3.57,0.2,Nov,2,3,1,6,Returning_Visitor,False,False
1,164.96,1,18.62,43,1637.11,0.01,0.06,4.3,0.22,Nov,2,3,1,6,Returning_Visitor,False,False
1,90.52,1,11.09,45,2074.37,0.05,0.1,3.34,0.1,Mar,4,1,2,1,Returning_Visitor,False,False
1,197.25,1,22.56,29,2337.18,0.01,0.04,19.96,0.26,May,2,2,3,6,Returning_Visitor,False,True
1,145.93,1,16.8,48,1575.34,0.01,0.06,3.79,0.13,Nov,2,3,1,6,Returning_Visitor,False,False
0,134.95,1,46.55,47,1356.59,0.02,0.06,7.58,0.13,Nov,2,2,6,6,Returning_Visitor,False,False
1,119.5,1,71.25,39,1117.98,0.05,0.07,7.24,0.14,Nov,3,2,1,6,Returning_Visitor,True,False
1,108.72,1,21.61,49,1552.65,0.02,0.08,3.93,0.13,Nov,2,1,1,6,Returning_Visitor,False,False
1,168.41,1,32.28,53,1730.46,0.01,0.05,6.56,0.17,Nov,2,2,1,6,Returning_Visitor,False,False
1,178.18,1,31.16,56,1735.64,0.02,0.05,7.21,0.14,Nov,2,3,1,6,Returning_Visitor,False,False
3,202.46,1,44.56,34,2680.7,0.01,0.03,13.86,0.12,Nov,2,13,1,6,Returning_Visitor,False,True
1,159.96,1,15.06,25,1017.93,0.02,0.09,2.07,0.17,Mar,2,13,2,6,New_Visitor,False,False
0,88.14,0,8.94,41,1922.69,0.01,0.07,8.8,0.19,May,2,2,3,2,Returning_Visitor,False,False
3,175.3,1,68.29,42,1975.51,0.01,0.02,15.82,0.15,Nov,2,13,1,6,Returning_Visitor,False,True
2,175.79,1,20.66,51,337.5,0.01,0.04,3.98,0.14,Nov,2,2,1,6,Returning_Visitor,False,False
5,211.62,2,58.64,63,1845.61,0.01,0.04,3.9,0.08,Nov,1,1,7,10,Returning_Visitor,False,True
1,139.12,1,16.3,47,1342.71,0.02,0.07,2.96,0.14,Nov,2,2,1,6,Returning_Visitor,False,True
2,174.33,1,0.0,24,543.5,0.02,0.04,1.02,0.14,Mar,2,2,3,13,Returning_Visitor,False,False
3,105.91,0,10.08,44,1500.65,0.01,0.05,2.42,0.12,Dec,1,1,1,3,Returning_Visitor,False,False
1,85.08,1,20.8,35,194.4,0.03,0.03,1.63,0.13,Nov,2,3,1,6,Returning_Visitor,False,False
1,160.58,1,0.0,37,1504.99,0.01,0.05,1.4,0.18,Nov,2,3,8,6,Returning_Visitor,False,False
4,101.85,1,90.89,61,1354.12,0.02,0.03,16.83,0.28,May,3,2,7,13,Returning_Visitor,False,False
3,17.2,1,12.16,77,213.33,0.0,0.03,1.58,0.18,Mar,2,2,1,4,New_Visitor,True,True
1,218.35,1,32.92,38,2354.99,0.0,0.02,10.69,0.19,Mar,2,7,1,1,Returning_Visitor,False,False
1,143.17,1,33.86,60,1688.33,0.01,0.06,7.93,0.15,Nov,2,2,2,6,Returning_Visitor,False,False
0,55.06,1,15.22,3,731.7,0.07,0.13,4.1,0.11,Mar,3,1,2,6,Returning_Visitor,False,False
2,140.87,1,30.43,63,1678.36,0.01,0.06,1.33,0.06,Nov,1,1,8,2,Returning_Visitor,False,False
0,69.31,1,0.0,44,1555.5,0.02,0.06,9.4,0.18,Feb,2,2,2,2,Returning_Visitor,False,False
3,262.67,2,95.49,56,2920.94,0.02,0.05,18.78,0.25,Nov,3,2,3,13,Returning_Visitor,False,False
1,0.0,1,42.81,43,1098.5,0.07,0.1,6.65,0.19,Nov,2,1,1,1,Returning_Visitor,False,False
2,138.78,0,25.87,43,1561.58,0.02,0.07,2.72,0.16,Nov,2,3,1,6,Returning_Visitor,False,False
1,158.16,1,46.81,62,1991.81,0.02,0.05,9.77,0.14,Nov,3,2,1,6,Returning_Visitor,True,False
0,90.53,1,18.06,26,1954.99,0.01,0.04,2.86,0.18,Nov,2,2,7,1,Returning_Visitor,False,False
1,144.59,1,20.11,47,1649.31,0.01,0.06,4.35,0.15,Nov,2,2,1,6,Returning_Visitor,False,False
4,144.19,1,30.12,44,1945.75,0.01,0.03,4.14,0.0,Nov,2,3,1,6,Returning_Visitor,False,False
2,188.53,1,28.66,61,1598.01,0.01,0.05,5.67,0.14,Nov,2,2,1,6,New_Visitor,False,True
2,45.44,1,19.32,73,1392.1,0.01,0.03,10.43,0.0,Nov,2,2,8,6,Returning_Visitor,False,True
0,16.83,0,2.83,15,724.19,0.01,0.09,1.44,0.09,May,2,2,5,2,Returning_Visitor,False,False
1,171.11,0,35.54,40,1048.49,0.02,0.05,4.16,0.18,Nov,2,3,1,6,Returning_Visitor,False,False
2,185.2,1,90.52,96,2389.13,0.01,0.03,18.29,0.22,Nov,2,2,1,6,Returning_Visitor,False,False
0,100.35,1,0.0,23,589.59,0.02,0.07,3.28,0.14,Nov,2,2,1,2,New_Visitor,False,False
1,69.88,0,4.87,39,1617.59,0.01,0.02,1.01,0.21,May,2,2,7,2,Returning_Visitor,False,False
0,49.46,1,22.54,25,753.86,0.08,0.2,4.12,0.1,Nov,3,3,1,3,Returning_Visitor,False,False
3,164.66,1,6.76,46,1815.37,0.02,0.04,4.13,0.21,Mar,2,4,1,6,Returning_Visitor,False,False
1,142.59,1,22.66,49,1607.27,0.02,0.07,4.31,0.14,Nov,2,3,1,6,Returning_Visitor,False,True
2,159.73,1,31.85,60,1492.42,0.01,0.05,4.82,0.14,Nov,2,2,1,6,Returning_Visitor,False,False
1,126.99,1,21.92,43,1468.13,0.03,0.08,4.65,0.16,Nov,2,3,1,6,Returning_Visitor,False,False
3,189.44,2,77.5,53,1048.89,0.02,0.03,4.22,0.15,Dec,2,2,1,2,New_Visitor,False,True
6,259.02,2,116.82,82,1988.04,0.01,0.03,9.59,0.1,Nov,8,1,1,6,Returning_Visitor,False,False
4,130.01,1,0.0,42,1005.79,0.03,0.06,1.19,0.12,Nov,1,1,1,3,Returning_Visitor,False,False
1,110.1,1,91.35,51,3224.12,0.0,0.04,18.96,0.13,Nov,3,2,1,1,Returning_Visitor,False,False
1,87.59,1,15.48,44,1588.71,0.03,0.09,3.97,0.15,Nov,2,1,2,1,Returning_Visitor,False,False
0,74.84,1,28.46,20,2303.19,0.02,0.05,6.92,0.16,Nov,2,2,8,1,Returning_Visitor,False,False
0,12.17,1,0.0,14,881.42,0.04,0.1,3.44,0.09,Nov,2,2,3,2,Returning_Visitor,False,False
1,161.27,1,9.25,30,1616.68,0.03,0.04,2.31,0.24,Nov,2,2,3,6,Returning_Visitor,False,False
4,209.44,0,36.21,77,1520.1,0.02,0.04,0.0,0.22,Nov,2,3,1,6,Returning_Visitor,False,False
1,27.36,1,3.79,24,1074.37,0.03,0.11,0.82,0.0,Nov,1,1,4,3,Returning_Visitor,False,False
1,86.97,1,21.09,34,1488.49,0.02,0.04,54.77,0.19,May,2,3,1,2,Returning_Visitor,False,True
2,325.36,0,43.76,58,1646.83,0.02,0.08,10.8,0.0,Nov,2,12,2,1,Returning_Visitor,False,False
2,204.93,1,34.0,71,2203.09,0.01,0.01,12.22,0.15,Mar,2,13,2,6,Returning_Visitor,False,False
1,172.94,1,27.35,54,1793.45,0.01,0.05,6.28,0.14,Nov,2,3,1,6,Returning_Visitor,False,True
0,97.1,1,8.14,23,1244.32,0.02,0.04,3.23,0.17,Nov,2,2,8,2,Returning_Visitor,False,False
5,163.33,1,13.46,36,1352.67,0.02,0.06,1.15,0.19,Nov,2,3,1,1,Returning_Visitor,False,False
1,114.68,1,32.24,50,1723.36,0.03,0.08,5.81,0.13,Nov,2,3,1,6,Returning_Visitor,False,False
1,0.0,1,21.97,21,733.6,0.11,0.12,1.93,0.12,Mar,3,1,1,1,Returning_Visitor,False,False
2,176.19,1,26.24,48,1803.3,0.02,0.06,5.57,0.16,Nov,2,13,1,1,Returning_Visitor,False,False
3,162.06,1,21.76,73,1990.12,0.01,0.03,8.85,0.21,Dec,2,2,1,6,Returning_Visitor,False,False
1,139.1,1,13.19,44,1686.12,0.02,0.06,3.75,0.17,Nov,2,3,1,6,Returning_Visitor,False,False
1,163.42,1,36.79,59,1869.64,0.02,0.05,7.93,0.14,Nov,2,2,1,6,Returning_Visitor,False,False
0,56.9,1,50.4,65,2464.94,0.02,0.04,15.35,0.17,Nov,2,2,2,2,Returning_Visitor,False,False
4,182.7,1,128.78,95,2012.37,0.01,0.02,41.52,0.25,May,3,2,1,4,Returning_Visitor,False,True
0,103.78,1,28.09,39,2325.71,0.01,0.04,7.03,0.13,Nov,3,2,1,6,Returning_Visitor,False,False
2,102.14,1,82.81,81,1902.48,0.01,0.03,21.13,0.18,Nov,2,13,1,6,Returning_Visitor,False,False
3,207.23,1,104.77,24,1226.62,0.01,0.02,42.41,0.1,May,2,2,8,2,Returning_Visitor,False,False
3,209.98,2,96.07,83,2018.19,0.01,0.03,15.55,0.17,Nov,2,2,8,6,Returning_Visitor,False,True
1,152.86,1,24.46,47,1738.63,0.02,0.07,4.56,0.14,Nov,2,3,1,6,Returning_Visitor,False,False
2,138.99,1,9.22,36,1520.1,0.0,0.06,0.0,0.14,Nov,8,3,1,6,Returning_Visitor,False,False
1,139.93,1,20.84,47,1224.5,0.01,0.05,4.6,0.0,Nov,2,3,1,6,Returning_Visitor,False,False
1,193.13,1,53.7,68,1571.45,0.01,0.05,7.45,0.19,Nov,2,2,2,6,Returning_Visitor,False,False
1,174.2,2,29.42,38,1822.59,0.01,0.07,1.78,0.1,Nov,1,3,1,20,New_Visitor,False,True
1,104.41,1,33.42,40,1752.51,0.03,0.07,4.25,0.13,Nov,3,3,1,6,Returning_Visitor,False,True
1,145.51,1,22.61,49,1656.73,0.02,0.06,4.11,0.14,Nov,2,3,1,6,Returning_Visitor,False,False
2,163.39,1,37.14,62,1560.33,0.02,0.07,5.22,0.16,Nov,2,3,1,6,Returning_Visitor,False,True
0,0.0,1,65.01,27,821.05,0.04,0.12,8.99,0.22,Mar,3,3,1,6,Returning_Visitor,False,False
1,174.04,1,27.35,57,1763.2,0.02,0.06,6.41,0.15,Nov,2,3,1,6,Returning_Visitor,False,False
2,261.33,0,59.22,55,1973.01,0.02,0.05,9.63,0.0,Nov,2,13,1,1,Returning_Visitor,False,False
1,170.27,1,26.34,53,1485.69,0.0,0.03,5.17,0.18,Nov,2,2,8,6,Returning_Visitor,False,False
0,65.4,1,34.21,21,1122.11,0.12,0.13,3.68,0.09,Mar,3,2,1,1,Returning_Visitor,False,False
26,345.12,1,87.8,57,2492.61,0.01,0.03,6.67,0.08,Nov,8,1,2,6,Returning_Visitor,True,True
1,132.34,1,24.87,48,1898.34,0.01,0.06,5.63,0.0,Nov,2,3,1,6,Returning_Visitor,False,False
2,166.01,1,47.24,53,1760.57,0.02,0.07,7.26,0.22,Nov,2,2,1,6,Returning_Visitor,False,False
2,137.66,1,28.81,48,1805.89,0.02,0.07,5.01,0.0,Nov,2,1,1,6,Returning_Visitor,False,False
1,29.72,0,6.0,37,1717.06,0.0,0.03,0.82,0.15,May,2,2,7,2,Returning_Visitor,False,True
0,41.99,1,11.0,23,873.67,0.02,0.1,1.28,0.11,Nov,2,1,1,6,Returning_Visitor,False,False
1,49.44,1,34.97,44,1445.35,0.02,0.03,4.24,0.51,May,2,2,1,6,Returning_Visitor,True,False
2,155.55,0,40.37,52,1505.96,0.01,0.04,4.06,0.14,Nov,2,3,1,2,Returning_Visitor,False,False
2,84.0,1,6.47,39,1423.95,0.0,0.03,2.19,0.13,Mar,2,13,1,2,New_Visitor,False,False
2,96.04,1,16.88,66,1462.55,0.01,0.03,7.3,0.21,Nov,2,2,1,6,Returning_Visitor,False,False
1,98.87,1,0.0,48,2364.51,0.02,0.07,5.65,0.11,Nov,2,3,1,2,Returning_Visitor,False,False
5,217.55,0,69.06,48,2111.93,0.02,0.04,8.22,0.14,Nov,2,2,1,6,Returning_Visitor,False,False
1,159.36,1,14.64,36,1235.29,0.01,0.06,4.2,0.0,Nov,2,3,1,2,Returning_Visitor,False,True
7,66.91,2,94.7,47,1182.36,0.04,0.04,4.16,0.0,Nov,3,3,1,13,Returning_Visitor,False,False
2,163.22,1,37.64,59,1863.8,0.01,0.06,7.15,0.14,Nov,2,3,1,6,Returning_Visitor,False,True
1,129.71,1,20.95,4,861.99,0.08,0.07,3.35,0.11,Mar,3,3,1,3,Returning_Visitor,True,False
3,117.87,1,24.8,48,1361.15,0.01,0.04,2.55,0.17,Nov,2,13,1,6,Returning_Visitor,False,False
0,110.28,1,88.42,36,1613.17,0.04,0.03,5.72,0.14,May,3,3,1,6,Returning_Visitor,True,False
4,124.0,1,86.73,109,2874.64,0.02,0.03,15.29,0.49,Nov,4,2,2,6,Returning_Visitor,False,False
1,100.38,1,31.18,48,1656.12,0.02,0.08,5.3,0.13,Nov,2,2,1,1,Returning_Visitor,False,False
1,115.68,1,29.97,44,1476.8,0.04,0.09,4.15,0.14,Nov,2,3,1,6,Returning_Visitor,False,False
0,25.31,1,18.02,21,606.57,0.07,0.12,2.6,0.12,Mar,3,3,1,3,Returning_Visitor,False,False
1,113.12,0,27.25,36,1621.11,0.01,0.05,3.51,0.13,Nov,2,2,1,2,Returning_Visitor,False,False
2,123.0,1,5.61,35,1188.77,0.01,0.04,0.0,0.16,Nov,2,3,1,2,Returning_Visitor,False,False
2,107.15,1,40.37,27,1370.88,0.09,0.08,3.62,0.1,Mar,3,3,1,6,Returning_Visitor,False,False
3,227.26,1,77.66,78,2202.64,0.01,0.05,5.79,0.19,Nov,2,13,1,1,Returning_Visitor,False,True
3,19.2,1,78.34,80,3134.07,0.01,0.03,13.59,0.34,May,2,13,1,6,Returning_Visitor,False,False
3,90.79,2,34.47,38,1210.88,0.04,0.08,2.15,0.11,Nov,1,1,1,6,Returning_Visitor,False,False
5,168.0,1,47.56,72,1883.86,0.01,0.05,9.28,0.18,Nov,2,1,3,6,Returning_Visitor,False,False
1,118.04,1,8.77,43,1775.38,0.02,0.08,3.51,0.17,Nov,1,1,9,3,Returning_Visitor,False,False
0,13.49,1,22.49,5,251.0,0.11,0.13,2.45,0.1,Mar,3,1,1,3,Returning_Visitor,False,False
2,183.98,1,29.95,49,2343.14,0.01,0.04,7.88,0.2,Nov,2,3,1,1,Returning_Visitor,False,False
1,19.84,1,0.0,29,0.0,0.09,0.13,2.0,0.11,Mar,1,1,1,3,Returning_Visitor,False,False
3,143.84,1,34.35,32,1709.82,0.02,0.04,4.32,0.0,Nov,8,1,4,6,Returning_Visitor,False,False
0,171.86,1,47.51,52,1091.01,0.01,0.03,6.51,0.14,Nov,2,2,2,2,Returning_Visitor,False,False
2,151.77,1,32.73,57,1131.21,0.01,0.02,9.47,0.34,Nov,2,2,7,6,Returning_Visitor,True,True
2,168.58,1,11.95,12,468.0,0.02,0.04,2.33,0.0,Nov,2,1,4,1,Returning_Visitor,False,False
5,279.0,1,88.42,109,1513.56,0.01,0.02,23.69,0.15,May,2,2,8,7,Returning_Visitor,False,True
0,157.32,1,17.47,56,1824.78,0.01,0.05,8.01,0.22,Nov,2,2,2,11,Returning_Visitor,False,False
1,88.99,1,44.71,29,872.68,0.09,0.11,5.49,0.11,Nov,3,3,1,6,Returning_Visitor,False,False
2,124.92,1,11.1,31,1566.49,0.0,0.03,3.45,0.16,Nov,2,2,7,6,Returning_Visitor,False,False
2,95.63,1,0.0,41,1505.04,0.01,0.02,8.51,0.19,May,2,2,7,6,Returning_Visitor,False,False
1,107.61,1,26.56,38,1409.06,0.03,0.08,5.05,0.13,Nov,2,2,1,6,Returning_Visitor,False,False
2,168.13,1,27.05,48,1577.0,0.02,0.06,4.42,0.13,Nov,2,1,1,1,Returning_Visitor,False,False
8,357.85,6,139.82,48,1403.2,0.01,0.03,5.74,0.06,Nov,1,1,1,1,Returning_Visitor,True,False
0,79.5,0,50.79,45,2040.75,0.05,0.11,4.48,0.51,May,3,2,2,6,Returning_Visitor,False,False
2,168.65,1,0.0,36,1284.45,0.0,0.05,2.29,0.17,Dec,2,2,1,2,New_Visitor,False,False
3,166.64,0,40.53,57,497.54,0.0,0.03,4.09,0.0,Nov,2,1,7,6,Returning_Visitor,True,False
0,45.16,0,0.0,31,1119.81,0.01,0.02,3.2,0.13,May,3,2,1,2,Returning_Visitor,False,True
0,30.77,0,0.0,38,1691.74,0.01,0.06,3.71,0.14,May,2,2,3,2,Returning_Visitor,False,False
2,202.13,1,34.55,40,1970.96,0.02,0.04,8.35,0.24,May,2,12,1,1,Returning_Visitor,False,False
8,244.07,0,143.68,50,2855.88,0.0,0.01,35.96,0.11,May,2,13,2,6,Returning_Visitor,False,False
1,157.84,1,54.19,65,1768.36,0.02,0.04,9.1,0.17,Nov,2,2,1,2,Returning_Visitor,False,False
3,106.7,1,0.0,73,1169.84,0.01,0.02,1.99,0.22,May,2,2,6,6,New_Visitor,False,False
1,52.06,0,5.41,34,1053.62,0.02,0.09,1.54,0.15,Nov,2,1,1,3,Returning_Visitor,False,False
1,80.78,1,21.95,42,1809.4,0.02,0.02,0.0,0.15,Nov,2,1,2,6,Returning_Visitor,False,False
4,74.38,2,87.4,52,1810.91,0.01,0.01,5.22,0.18,Dec,2,2,1,6,Returning_Visitor,False,False
1,180.96,1,11.52,41,1877.28,0.02,0.05,6.47,0.26,Mar,2,13,7,1,Returning_Visitor,False,False
2,143.76,1,33.08,54,1822.94,0.01,0.05,5.51,0.15,Nov,2,2,1,6,Returning_Visitor,False,False
1,121.54,1,9.86,28,1624.81,0.02,0.05,4.6,0.3,May,2,2,3,6,Returning_Visitor,False,False
1,163.48,1,26.27,53,1709.74,0.01,0.06,5.92,0.14,Nov,2,3,1,6,Returning_Visitor,False,False
2,160.34,1,15.31,45,1516.05,0.01,0.04,0.0,0.3,May,2,13,8,6,Returning_Visitor,False,False
1,0.0,0,0.0,41,2026.67,0.01,0.05,4.62,0.11,Nov,2,2,7,2,Returning_Visitor,False,True
3,185.5,0,47.78,10,712.26,0.01,0.04,0.0,0.0,Nov,2,2,1,6,Returning_Visitor,True,False
3,133.84,2,58.34,49,1769.06,0.04,0.03,3.9,0.25,Nov,3,2,3,6,Returning_Visitor,True,False
4,199.57,1,28.39,60,1900.79,0.01,0.03,4.48,0.12,Nov,1,1,1,1,Returning_Visitor,False,False
3,89.52,1,31.67,24,3050.49,0.01,0.02,19.19,0.18,Nov,2,2,8,1,Returning_Visitor,False,False
0,0.0,1,20.38,26,956.53,0.03,0.11,3.64,0.12,Nov,2,3,1,2,Returning_Visitor,False,False
1,164.81,1,0.0,41,1911.04,0.0,0.01,9.81,0.19,May,2,4,2,1,Returning_Visitor,False,True
1,12.05,0,0.66,20,872.28,0.01,0.08,0.31,0.1,Nov,1,1,7,2,Returning_Visitor,False,False
1,156.65,1,32.31,58,1854.13,0.01,0.05,6.77,0.15,Nov,2,3,1,6,Returning_Visitor,False,False
3,15.0,1,15.72,44,1286.8,0.01,0.04,3.75,0.22,Mar,2,4,1,1,Returning_Visitor,False,False
0,14.64,0,7.74,14,755.93,0.02,0.09,0.0,0.11,Nov,2,2,1,2,Returning_Visitor,False,False
3,143.37,0,31.28,42,2124.13,0.02,0.04,3.02,0.18,May,8,1,1,6,Returning_Visitor,False,False
1,160.24,1,35.92,52,1807.73,0.01,0.07,8.88,0.13,Nov,2,3,1,6,Returning_Visitor,False,True
0,0.0,1,0.0,42,1059.78,0.02,0.08,2.83,0.21,May,2,2,2,3,Returning_Visitor,False,False
2,166.48,1,3.76,14,1231.79,0.02,0.04,1.56,0.15,Nov,2,3,1,2,Returning_Visitor,False,False
2,299.14,3,21.0,103,1660.58,0.02,0.07,16.41,0.18,Nov,2,2,2,6,Returning_Visitor,False,False
8,272.85,4,196.0,48,1730.07,0.02,0.03,4.56,0.0,Nov,8,1,1,1,Returning_Visitor,True,False
1,180.85,1,11.95,50,1616.53,0.01,0.05,4.63,0.18,Nov,2,3,1,1,Returning_Visitor,False,False
0,39.79,1,24.88,30,1079.61,0.02,0.09,4.08,0.14,Nov,2,2,2,2,Returning_Visitor,False,False
1,165.23,1,17.61,41,1596.27,0.02,0.06,3.95,0.13,Nov,2,3,1,6,Returning_Visitor,False,False
0,36.71,1,56.34,28,143.0,0.04,0.12,0.0,0.11,Nov,2,3,1,2,Returning_Visitor,False,False
2,142.94,1,21.26,50,1695.29,0.02,0.05,4.77,0.14,Nov,2,3,1,6,Returning_Visitor,False,True
0,56.22,1,38.24,20,0.0,0.2,0.13,0.0,0.14,Nov,3,3,1,6,Returning_Visitor,False,False
1,128.4,1,15.14,40,1527.74,0.03,0.09,4.53,0.13,Nov,2,3,1,6,Returning_Visitor,False,False
3,131.81,1,1.62,39,1340.69,0.0,0.06,1.07,0.19,Aug,1,1,7,6,Returning_Visitor,False,False
1,158.18,1,30.78,55,1683.99,0.02,0.06,5.36,0.19,Nov,2,3,1,6,Returning_Visitor,False,True
1,136.13,1,26.34,47,1357.63,0.03,0.08,4.98,0.14,Nov,2,2,1,6,Returning_Visitor,False,False
2,137.87,1,30.72,47,1700.53,0.02,0.05,5.44,0.21,May,2,2,1,6,Returning_Visitor,False,False
1,189.17,1,30.63,52,1776.21,0.02,0.06,5.92,0.18,Nov,2,3,1,6,Returning_Visitor,False,False
0,101.03,1,31.74,28,1278.37,0.05,0.13,5.5,0.11,Mar,2,2,1,1,Returning_Visitor,False,False
1,187.67,1,36.35,22,1211.35,0.01,0.02,15.16,0.17,May,2,2,1,6,Returning_Visitor,False,False
3,198.35,2,0.0,58,2541.29,0.05,0.08,10.89,0.15,Mar,3,13,1,6,Returning_Visitor,False,False
3,136.16,1,0.0,56,1900.44,0.02,0.03,6.1,0.37,Dec,2,2,1,6,Returning_Visitor,False,False
1,41.42,1,61.69,19,222.0,0.04,0.08,2.77,0.09,Nov,3,3,1,2,Returning_Visitor,False,False
2,134.28,1,26.33,44,1400.27,0.03,0.08,2.87,0.15,Nov,2,3,1,6,Returning_Visitor,False,False
1,180.7,1,39.57,52,1303.46,0.01,0.03,3.61,0.0,Nov,2,2,1,2,New_Visitor,False,False
4,352.23,4,90.66,44,2095.45,0.02,0.06,8.19,0.05,Nov,1,1,1,1,Returning_Visitor,False,False
2,145.8,0,4.35,43,1878.08,0.01,0.05,2.8,0.14,Mar,2,13,8,6,Returning_Visitor,False,False
1,180.95,1,19.15,32,922.93,0.01,0.07,2.84,0.13,Mar,2,13,1,2,New_Visitor,False,False
0,105.49,1,0.0,25,471.37,0.01,0.05,2.04,0.0,Nov,2,2,1,2,Returning_Visitor,False,False
2,151.46,1,0.0,63,1993.84,0.02,0.07,1.98,0.1,Nov,1,1,8,1,Returning_Visitor,False,False
2,195.83,1,7.71,47,1335.0,0.0,0.05,3.52,0.17,Nov,2,13,1,6,New_Visitor,False,False
1,132.52,1,17.28,39,1520.42,0.03,0.07,3.16,0.14,Nov,2,3,1,6,Returning_Visitor,False,False
2,172.16,1,0.0,40,1614.89,0.0,0.05,2.64,0.18,Nov,2,3,1,6,Returning_Visitor,False,False
6,236.82,2,119.39,35,2143.06,0.03,0.02,0.0,0.09,Oct,3,2,1,4,Returning_Visitor,True,False
1,151.91,1,25.87,57,1664.63,0.02,0.06,5.23,0.15,Nov,2,2,1,6,Returning_Visitor,False,False
2,162.74,1,24.03,61,1610.73,0.0,0.06,5.2,0.14,Nov,2,1,1,6,Returning_Visitor,False,False
1,155.63,1,29.54,52,1663.75,0.02,0.07,4.94,0.16,Nov,2,3,1,6,Returning_Visitor,False,False
3,171.96,0,63.67,67,1751.8,0.01,0.03,11.97,1.0,Aug,2,2,1,4,Returning_Visitor,False,False
2,163.31,1,33.98,51,1770.67,0.01,0.06,7.63,0.0,Nov,2,1,1,6,Returning_Visitor,False,False
1,166.18,1,28.15,57,1740.01,0.02,0.06,6.62,0.14,Nov,2,3,1,6,Returning_Visitor,False,True
4,218.82,1,107.05,114,3208.68,0.02,0.02,11.16,0.17,Nov,2,2,1,1,Returning_Visitor,False,False
1,124.39,1,32.32,43,714.97,0.02,0.04,4.57,0.43,May,2,1,7,6,Returning_Visitor,False,False
2,293.63,1,29.56,55,1457.15,0.01,0.06,6.1,0.12,Nov,2,3,1,6,Returning_Visitor,False,False
1,64.58,1,7.66,39,1274.66,0.03,0.1,1.96,0.14,Nov,2,1,2,3,Returning_Visitor,False,False
3,89.6,2,91.31,117,1721.91,0.0,0.02,14.26,0.17,Nov,2,2,1,6,Returning_Visitor,False,True
1,92.91,1,54.52,6,593.01,0.09,0.1,4.27,0.1,Mar,3,3,1,3,Returning_Visitor,False,False
1,167.84,1,25.44,65,1966.66,0.04,0.06,6.16,0.14,Mar,2,5,2,1,Returning_Visitor,False,False
8,245.77,1,137.26,136,3754.45,0.01,0.02,133.28,0.09,May,3,4,1,6,Returning_Visitor,False,False
1,214.77,1,16.98,34,1718.32,0.02,0.04,8.51,0.26,Nov,2,2,1,1,Returning_Visitor,False,True
4,200.9,1,0.0,19,1712.45,0.01,0.03,10.58,0.2,Dec,2,2,1,6,New_Visitor,False,False
1,25.54,1,0.0,29,1625.66,0.02,0.06,1.23,0.1,Mar,3,2,2,3,Returning_Visitor,False,False
1,126.62,1,21.55,41,1327.59,0.02,0.08,4.02,0.14,Nov,2,3,1,6,Returning_Visitor,False,True
2,189.28,1,24.52,51,2043.57,0.01,0.06,9.64,0.12,Nov,1,1,1,6,Returning_Visitor,False,False
2,98.01,1,14.05,42,1560.35,0.01,0.03,1.02,0.15,May,2,2,7,2,Returning_Visitor,False,False
0,44.26,1,21.6,36,890.55,0.03,0.07,3.86,0.16,Nov,3,2,2,13,Returning_Visitor,False,False
1,143.19,1,24.73,48,1624.21,0.02,0.05,5.54,0.15,Nov,2,2,1,6,Returning_Visitor,False,False
0,12.74,1,11.78,16,17.0,0.06,0.12,2.51,0.1,Mar,2,3,2,3,Returning_Visitor,False,False
2,170.19,1,23.05,66,2038.06,0.01,0.01,16.78,0.17,Mar,2,13,2,1,Returning_Visitor,False,True
8,133.5,2,76.47,67,2616.88,0.03,0.03,3.44,0.1,Mar,3,2,1,3,Returning_Visitor,False,False
1,134.08,1,22.2,44,1639.19,0.02,0.06,4.79,0.13,Nov,2,3,1,6,Returning_Visitor,False,False
4,178.62,2,81.74,51,589.1,0.03,0.02,4.86,0.14,Dec,2,2,1,6,Returning_Visitor,False,False
1,0.0,1,8.43,21,241.04,0.05,0.07,3.14,0.13,Nov,2,2,9,2,Returning_Visitor,False,False
1,81.32,1,59.3,8,71.0,0.04,0.03,0.0,0.12,Dec,3,2,1,13,Returning_Visitor,False,False
0,42.35,1,6.59,17,810.01,0.02,0.09,2.26,0.13,Nov,2,3,2,3,Returning_Visitor,False,False
2,220.35,2,85.9,50,2080.61,0.01,0.05,7.64,0.06,Nov,1,1,2,6,Returning_Visitor,False,True
2,201.27,1,0.0,63,2208.96,0.01,0.06,6.57,0.13,Jul,3,2,1,4,Returning_Visitor,False,False
1,161.54,1,4.14,26,1398.66,0.0,0.04,1.34,0.17,Nov,2,3,1,2,Returning_Visitor,False,False
8,372.22,0,432.2,44,4895.26,0.01,0.02,22.9,0.1,Mar,2,4,3,1,Returning_Visitor,False,False
2,239.59,1,22.0,81,3788.97,0.02,0.05,19.68,0.09,Nov,3,2,1,6,Returning_Visitor,False,True
1,163.51,1,21.16,44,1514.94,0.02,0.05,0.0,0.14,Nov,2,3,1,6,Returning_Visitor,False,False
2,145.82,1,0.0,66,1583.98,0.02,0.04,3.32,0.31,May,2,13,1,6,Returning_Visitor,False,False
9,165.71,1,77.0,126,1433.4,0.0,0.0,20.48,0.23,May,2,2,5,4,Returning_Visitor,True,True
1,182.11,1,18.91,39,1081.19,0.01,0.07,2.9,0.11,Mar,2,3,1,6,New_Visitor,False,False
0,0.0,1,4.33,35,1562.81,0.01,0.07,1.42,0.15,Nov,2,1,3,6,Returning_Visitor,False,False
4,146.89,1,10.32,46,1282.7,0.01,0.02,3.34,0.0,Nov,2,2,7,2,Returning_Visitor,False,False
1,179.91,1,51.19,16,1728.2,0.02,0.06,5.32,0.0,Feb,2,2,1,6,Returning_Visitor,False,False
7,151.61,2,157.38,101,1500.91,0.01,0.0,119.89,0.14,Nov,3,2,1,6,Returning_Visitor,False,True
2,174.46,1,54.09,54,2117.72,0.02,0.06,7.12,0.12,Nov,2,1,1,1,Returning_Visitor,False,False
1,33.14,1,36.85,35,1310.43,0.06,0.1,4.45,0.13,Nov,2,2,8,1,Returning_Visitor,False,False
2,191.98,1,87.95,89,2479.44,0.01,0.04,19.32,0.16,Nov,2,2,1,6,Returning_Visitor,False,False
2,168.8,1,33.24,60,1800.18,0.02,0.06,5.29,0.14,Nov,2,3,1,6,Returning_Visitor,False,False
1,121.75,1,43.5,47,2527.54,0.03,0.03,5.87,0.22,Nov,2,2,7,1,Returning_Visitor,False,False
2,164.69,1,6.5,31,1086.8,0.01,0.04,0.84,0.14,Nov,2,3,1,2,New_Visitor,False,False
0,173.76,0,18.73,51,875.16,0.01,0.04,12.5,0.16,Nov,2,2,3,2,Returning_Visitor,True,True
1,89.89,1,13.97,41,928.41,0.03,0.07,3.14,0.14,Nov,2,1,1,6,Returning_Visitor,False,False
0,47.21,1,16.27,23,601.45,0.05,0.11,2.37,0.0,Mar,2,2,1,1,Returning_Visitor,False,False
3,172.76,1,0.0,41,1717.17,0.01,0.05,1.6,0.0,Nov,1,1,1,6,Returning_Visitor,False,False
1,144.59,1,31.28,45,1695.91,0.02,0.07,5.15,0.14,Nov,2,2,1,6,Returning_Visitor,False,True
0,30.66,0,25.48,19,331.46,0.08,0.1,5.15,0.0,Nov,2,3,1,2,Returning_Visitor,False,False
1,75.18,1,57.52,45,73.67,0.02,0.02,3.37,0.2,May,3,2,1,4,Returning_Visitor,False,False
1,73.28,1,3.21,23,755.3,0.0,0.1,0.0,0.0,Nov,2,3,2,2,New_Visitor,False,False
7,287.11,4,131.47,83,3047.52,0.01,0.03,15.37,0.1,Nov,1,1,1,1,Returning_Visitor,False,True
3,155.7,1,4.78,32,1517.9,0.01,0.04,0.0,0.19,Nov,2,1,1,6,Returning_Visitor,False,False
1,121.33,1,24.39,35,1409.68,0.07,0.1,3.29,0.1,Mar,2,3,1,1,Returning_Visitor,False,False
1,151.71,1,36.76,56,1818.11,0.02,0.05,9.15,0.13,Nov,2,2,1,6,Returning_Visitor,False,False
1,142.37,1,44.47,48,1648.95,0.03,0.06,7.34,0.14,Nov,3,2,1,6,Returning_Visitor,True,False
2,103.43,1,0.0,70,2376.26,0.01,0.04,12.48,0.43,May,2,13,1,6,Returning_Visitor,False,True
2,111.47,0,0.0,34,1351.04,0.02,0.05,1.38,0.13,Nov,2,1,7,1,Returning_Visitor,False,False
2,196.72,1,25.92,74,1512.04,0.0,0.05,7.55,0.0,Dec,2,2,1,6,Returning_Visitor,False,True
10,211.08,2,105.64,110,2262.85,0.02,0.04,18.11,0.21,Nov,2,2,1,6,Returning_Visitor,False,True
3,164.32,1,0.0,50,1456.33,0.01,0.05,2.03,0.14,Nov,2,3,1,6,Returning_Visitor,False,False
1,108.41,1,19.08,43,1330.77,0.02,0.08,3.75,0.0,Nov,2,3,1,6,Returning_Visitor,False,False
1,168.81,1,42.15,58,1672.56,0.02,0.07,6.65,0.15,Nov,2,2,1,6,Returning_Visitor,False,False
2,178.6,0,36.49,62,1255.82,0.02,0.06,5.5,0.17,Nov,2,3,1,6,Returning_Visitor,False,False
2,211.05,1,57.53,91,1948.47,0.01,0.05,7.88,0.18,Nov,2,2,2,6,Returning_Visitor,False,True
7,80.44,2,107.2,37,1717.94,0.03,0.03,3.64,0.0,Nov,3,2,1,2,Returning_Visitor,False,False
2,184.51,1,47.82,73,1698.15,0.0,0.03,9.57,0.17,Nov,2,2,8,6,Returning_Visitor,False,False
2,150.99,0,22.01,75,483.02,0.09,0.1,5.44,0.07,Jul,2,3,2,3,Returning_Visitor,True,False
3,249.85,4,146.8,57,1956.58,0.03,0.05,14.32,0.13,Nov,3,2,1,6,Returning_Visitor,False,False
1,136.71,1,36.42,46,1677.4,0.02,0.07,8.21,0.0,Nov,2,2,1,6,Returning_Visitor,True,False
0,68.9,1,0.0,24,354.77,0.08,0.2,5.45,0.11,Mar,2,3,2,6,Returning_Visitor,False,False
2,118.49,1,12.74,41,1278.34,0.01,0.05,0.0,0.15,Nov,2,2,1,6,Returning_Visitor,False,False
3,105.11,1,45.9,44,2182.01,0.03,0.04,2.36,0.13,Mar,3,3,1,1,Returning_Visitor,False,False
5,117.6,1,16.72,50,1394.69,0.01,0.04,2.77,0.21,Nov,2,13,1,6,Returning_Visitor,False,False
0,43.34,1,0.0,33,1827.98,0.04,0.09,0.0,0.29,May,2,2,7,6,Returning_Visitor,False,False
4,149.49,1,18.34,3,958.84,0.01,0.03,1.55,0.16,Nov,2,2,1,6,New_Visitor,False,False
2,139.56,1,31.85,52,1847.93,0.02,0.05,4.24,0.18,Nov,2,3,1,6,Returning_Visitor,False,False
1,170.85,1,51.58,59,1129.56,0.01,0.03,6.91,0.15,Nov,2,2,6,6,Returning_Visitor,False,False
0,41.03,0,24.81,31,1294.47,0.05,0.11,3.17,0.29,Nov,2,2,2,2,Returning_Visitor,False,True
3,229.01,1,38.93,70,6483.08,0.01,0.01,8.64,0.12,Nov,2,1,1,1,Returning_Visitor,True,False
1,172.8,0,49.68,38,808.24,0.05,0.08,8.08,0.0,Nov,2,3,1,6,Returning_Visitor,False,True
0,43.8,1,28.53,13,0.0,0.12,0.13,3.67,0.0,Mar,3,1,1,3,Returning_Visitor,False,False
3,131.07,1,22.38,57,2272.72,0.02,0.04,5.12,0.14,Mar,2,13,1,1,Returning_Visitor,False,True
0,156.6,0,28.79,63,1983.33,0.01,0.03,15.13,0.16,May,2,2,8,2,Returning_Visitor,False,True
1,104.71,1,4.67,24,589.93,0.01,0.08,1.0,0.12,Nov,2,3,1,2,New_Visitor,False,False
7,166.15,4,179.04,89,1502.44,0.02,0.0,6.2,0.16,Nov,2,2,1,6,Returning_Visitor,False,False
1,33.55,0,2.1,29,1515.94,0.02,0.09,0.73,0.11,Nov,1,1,7,1,Returning_Visitor,False,False
2,129.43,1,16.84,46,1944.57,0.02,0.03,4.72,0.15,Mar,2,2,1,6,Returning_Visitor,False,True
3,165.33,1,0.0,32,703.29,0.01,0.07,0.0,0.13,Nov,2,1,1,2,New_Visitor,False,False
1,163.98,1,17.33,12,1249.03,0.01,0.04,2.45,0.13,Nov,2,2,1,2,Returning_Visitor,False,False
1,156.27,1,18.72,49,1519.52,0.03,0.09,3.69,0.23,Nov,2,1,1,6,Returning_Visitor,False,False
0,32.05,0,12.61,24,1089.94,0.01,0.08,2.01,0.11,Nov,2,2,2,2,Returning_Visitor,False,False
0,13.7,1,0.0,21,856.18,0.02,0.1,0.9,0.1,Nov,4,1,3,3,Returning_Visitor,False,False
2,184.21,1,32.02,60,2025.99,0.01,0.06,8.48,0.14,Nov,2,3,1,6,Returning_Visitor,False,False
0,60.14,1,0.0,35,1453.93,0.03,0.08,3.06,0.15,Nov,2,2,1,2,Returning_Visitor,False,False
1,86.54,1,28.61,28,803.29,0.08,0.11,3.06,0.13,Mar,3,3,1,6,Returning_Visitor,False,False
0,42.08,0,12.47,25,1293.3,0.02,0.08,3.06,0.15,Nov,2,2,2,2,Returning_Visitor,False,False
2,181.98,1,0.0,60,1830.73,0.02,0.06,4.78,0.15,Nov,2,1,1,1,Returning_Visitor,False,False
1,183.01,1,11.61,43,1772.69,0.0,0.08,8.28,0.14,Nov,4,3,3,6,Returning_Visitor,False,False
0,79.12,1,13.41,47,1629.14,0.02,0.08,3.96,0.18,Nov,2,2,3,6,Returning_Visitor,False,True
0,15.63,0,13.77,37,1495.76,0.01,0.06,1.98,0.14,May,2,2,3,2,Returning_Visitor,False,False
0,42.85,1,0.0,47,1170.25,0.02,0.04,0.84,0.14,Nov,2,1,6,6,Returning_Visitor,False,False
3,83.6,1,30.39,54,1536.68,0.01,0.05,5.8,0.0,Mar,3,13,1,6,New_Visitor,False,False
0,0.0,0,4.75,14,1636.16,0.01,0.01,2.1,0.07,Nov,4,1,3,3,Returning_Visitor,True,False
2,202.85,2,12.0,46,1117.17,0.0,0.06,8.93,0.19,Dec,2,3,1,6,Returning_Visitor,False,False
0,0.0,1,11.82,15,649.24,0.04,0.11,2.76,0.11,Nov,2,2,1,2,Returning_Visitor,False,False
11,207.81,1,138.5,48,2842.56,0.01,0.02,22.14,0.12,Nov,3,1,7,3,Returning_Visitor,False,True
1,128.12,1,23.85,43,1637.62,0.03,0.08,4.5,0.14,Nov,2,3,1,6,Returning_Visitor,False,False
2,166.87,1,35.98,62,1902.31,0.02,0.06,6.45,0.22,Nov,2,2,2,6,Returning_Visitor,False,False
1,147.1,1,43.57,61,1826.51,0.02,0.05,8.29,0.13,Nov,2,2,1,6,Returning_Visitor,False,True
2,62.06,1,7.88,39,1036.45,0.04,0.1,1.48,0.1,Nov,1,1,1,1,Returning_Visitor,False,False
2,85.58,1,15.54,30,998.84,0.02,0.04,2.22,0.2,Nov,2,2,1,6,Returning_Visitor,False,False
0,0.0,1,21.6,26,994.9,0.02,0.07,1.63,0.0,May,2,2,1,6,Returning_Visitor,False,False
1,172.71,3,102.26,83,2396.6,0.02,0.04,20.28,0.16,Nov,3,2,2,6,Returning_Visitor,False,False
1,128.51,1,26.3,39,1384.09,0.02,0.06,5.02,0.14,Nov,2,3,1,6,Returning_Visitor,False,False
2,144.3,1,50.44,62,1253.89,0.01,0.02,7.04,0.14,Dec,2,13,1,6,Returning_Visitor,True,False
1,152.33,1,11.97,45,702.12,0.01,0.03,1.78,0.17,Nov,2,2,7,2,Returning_Visitor,False,False
0,29.58,1,30.49,24,1086.61,0.04,0.1,3.97,0.0,Nov,2,2,2,1,Returning_Visitor,False,False
1,123.22,1,41.33,55,2261.98,0.02,0.04,4.03,0.0,Nov,2,2,1,1,Returning_Visitor,False,False
2,170.52,2,60.01,42,404.15,0.04,0.03,0.0,0.09,Jul,2,2,9,13,Other,False,False
3,305.67,1,9.31,52,1750.57,0.01,0.04,0.0,0.12,Nov,4,1,2,3,Returning_Visitor,False,False
1,154.67,1,20.93,52,1688.87,0.01,0.06,4.15,0.14,Nov,2,1,1,6,Returning_Visitor,False,True
3,207.08,1,34.78,60,1692.69,0.0,0.05,3.31,0.11,Nov,1,1,1,6,Returning_Visitor,False,False
1,152.45,1,24.63,53,1723.75,0.02,0.06,5.9,0.14,Nov,2,3,1,6,Returning_Visitor,False,False
2,183.12,1,64.24,50,2747.33,0.02,0.08,19.99,0.11,Nov,2,2,1,1,Returning_Visitor,False,False
1,72.02,1,16.27,20,643.01,0.04,0.08,0.0,0.12,Mar,2,3,1,1,Returning_Visitor,False,False
1,134.89,1,22.66,38,1428.15,0.03,0.08,3.86,0.12,Nov,2,1,1,6,Returning_Visitor,False,False
1,0.0,1,27.77,6,202.0,0.05,0.1,2.85,0.21,May,3,2,1,6,Returning_Visitor,False,False
1,77.15,1,32.51,27,569.11,0.08,0.1,2.77,0.14,Nov,3,3,1,6,Returning_Visitor,False,False
2,139.78,1,13.51,48,1383.38,0.01,0.03,2.03,0.28,May,2,2,7,2,Returning_Visitor,False,False
0,39.44,0,23.02,23,0.0,0.11,0.13,3.33,0.14,Mar,2,2,1,1,Returning_Visitor,False,False
2,20.2,1,14.81,14,1707.34,0.0,0.02,4.25,0.2,Nov,2,3,1,5,Returning_Visitor,False,False
1,150.3,1,35.71,61,1878.0,0.03,0.08,6.13,0.14,Nov,2,3,1,1,Returning_Visitor,False,False
1,210.74,1,25.26,53,2197.03,0.01,0.04,12.97,0.16,Nov,2,2,2,1,Returning_Visitor,False,False
1,51.64,0,2.34,36,574.83,0.0,0.04,0.0,0.17,Nov,2,3,7,1,Returning_Visitor,False,False
1,85.88,1,39.94,44,1955.74,0.02,0.08,7.25,0.0,May,3,3,1,6,Returning_Visitor,False,False
4,220.2,1,97.84,100,2381.81,0.01,0.04,4.63,0.18,Nov,2,2,1,6,Returning_Visitor,False,False
3,200.57,0,33.8,59,1832.46,0.02,0.05,9.49,0.18,Nov,2,13,1,6,Returning_Visitor,False,False
0,42.33,0,0.0,38,1575.32,0.04,0.09,2.06,0.13,Nov,2,1,3,1,Returning_Visitor,True,False
3,202.89,1,34.95,59,1668.21,0.01,0.04,0.0,0.14,Nov,2,2,2,1,Returning_Visitor,False,False
2,160.01,1,25.22,53,1610.46,0.02,0.05,4.43,0.15,Nov,2,2,1,6,Returning_Visitor,False,False
3,174.67,2,31.73,14,1695.28,0.02,0.05,3.49,0.17,Nov,2,2,1,6,Returning_Visitor,False,False
1,139.25,1,14.73,38,997.29,0.01,0.05,0.0,0.15,Nov,2,1,1,6,Returning_Visitor,False,False
1,164.88,1,23.83,51,1558.51,0.02,0.06,0.0,0.14,Nov,2,2,1,6,Returning_Visitor,False,False
2,121.63,1,0.0,50,2103.98,0.02,0.02,10.75,0.2,Dec,2,2,2,6,Returning_Visitor,False,True
1,152.43,1,27.46,58,1814.46,0.01,0.05,6.07,0.15,Nov,2,3,1,6,Returning_Visitor,False,False
5,1499.57,1,186.0,79,3201.4,0.04,0.04,23.5,0.15,Nov,2,1,2,1,Returning_Visitor,False,False
2,174.03,1,37.08,69,1534.83,0.02,0.05,8.81,0.16,Nov,2,2,1,6,Returning_Visitor,False,True
0,34.71,1,16.53,20,474.87,0.04,0.11,2.45,0.11,Nov,2,3,1,6,Returning_Visitor,False,False
2,161.77,1,17.2,46,1636.16,0.01,0.05,3.09,0.13,Nov,2,3,1,6,Returning_Visitor,False,False
1,121.22,1,49.22,13,305.26,0.04,0.11,2.21,0.17,Nov,2,3,1,6,New_Visitor,False,False
0,98.16,1,18.12,31,1218.87,0.05,0.11,8.58,0.0,Mar,3,1,2,3,Returning_Visitor,False,False
1,119.64,1,57.04,66,2025.05,0.03,0.07,5.15,0.4,May,3,2,2,6,Returning_Visitor,False,False
2,235.92,1,18.65,68,1743.37,0.0,0.05,10.02,0.11,Nov,2,13,2,6,Returning_Visitor,False,False
0,26.5,1,4.64,29,1375.63,0.01,0.09,2.02,0.19,Nov,2,2,3,2,Returning_Visitor,False,False
1,98.15,1,34.43,41,1657.42,0.06,0.1,5.17,0.0,Nov,3,3,1,6,Returning_Visitor,False,True
2,282.16,1,48.3,43,203.5,0.03,0.09,12.03,0.08,Dec,2,5,1,6,New_Visitor,False,False
5,168.85,1,21.21,59,1605.7,0.02,0.04,2.76,0.14,Nov,2,1,2,6,Returning_Visitor,False,False
1,148.04,1,28.02,47,1419.71,0.02,0.06,4.22,0.14,Nov,2,2,1,6,Returning_Visitor,False,False
2,190.52,1,31.93,68,1741.5,0.01,0.05,0.0,0.14,Nov,2,2,8,6,Returning_Visitor,False,False
2,187.11,1,89.97,87,2181.11,0.01,0.03,28.12,0.22,Nov,2,2,2,6,Returning_Visitor,False,True
4,124.73,2,38.77,55,1764.98,0.02,0.03,3.91,0.17,Dec,2,13,1,6,Returning_Visitor,False,False
3,134.35,0,0.0,44,1430.68,0.02,0.03,0.0,0.0,Nov,2,3,1,6,Returning_Visitor,False,False
1,120.27,1,22.47,45,1539.54,0.02,0.08,3.63,0.12,Nov,2,1,1,6,Returning_Visitor,False,False
3,162.41,1,44.31,78,1284.79,0.01,0.0,5.11,0.57,Nov,2,2,7,4,Returning_Visitor,False,False
3,272.21,1,63.11,70,1982.96,0.0,0.05,12.76,0.11,Nov,4,3,1,6,Returning_Visitor,False,True
2,152.66,1,0.0,26,1211.83,0.02,0.05,1.94,0.2,Nov,2,13,1,6,New_Visitor,False,False
1,194.16,1,22.65,58,1795.14,0.02,0.06,5.27,0.21,Nov,2,3,1,6,Returning_Visitor,False,False
2,189.73,1,0.0,86,2351.83,0.04,0.05,12.86,0.17,Dec,2,3,1,6,Returning_Visitor,False,False
1,0.0,1,33.13,27,0.0,0.11,0.13,2.28,0.14,Mar,3,1,1,1,Returning_Visitor,True,False
1,122.12,1,17.01,42,1669.94,0.02,0.08,4.68,0.14,Nov,2,1,1,6,Returning_Visitor,False,False
1,146.42,1,26.15,51,1819.45,0.02,0.07,5.76,0.14,Nov,2,3,1,6,Returning_Visitor,False,True
2,133.02,1,22.01,40,1606.53,0.02,0.07,3.32,0.12,Nov,2,2,1,6,Returning_Visitor,False,False
3,47.32,1,35.82,34,1239.48,0.02,0.02,0.0,0.27,May,3,2,1,3,Returning_Visitor,False,False
2,146.35,1,20.92,52,1562.36,0.01,0.05,6.09,0.14,Nov,2,3,1,6,Returning_Visitor,False,False
1,139.43,1,26.35,51,1784.76,0.01,0.05,4.83,0.13,Nov,2,2,1,6,Returning_Visitor,False,False
5,248.94,1,34.91,51,1531.37,0.0,0.02,10.37,0.0,Oct,2,4,1,6,Returning_Visitor,True,False
0,127.64,1,5.45,25,1190.67,0.01,0.04,2.43,0.14,Nov,2,2,1,2,Returning_Visitor,False,False
1,135.6,1,15.05,12,1377.51,0.03,0.04,2.62,0.11,Nov,2,1,1,6,Returning_Visitor,False,False
1,106.4,1,13.38,2,303.9,0.0,0.02,1.91,0.14,Dec,2,3,1,3,Returning_Visitor,False,True
4,209.02,3,141.88,170,5639.22,0.02,0.03,36.29,0.15,Nov,2,2,1,2,Returning_Visitor,False,False
2,156.06,1,57.41,67,1789.19,0.02,0.07,8.08,0.14,Nov,2,2,1,6,Returning_Visitor,False,False
0,0.0,0,0.0,46,2510.03,0.01,0.03,26.98,0.13,May,2,2,3,2,Returning_Visitor,False,True
2,113.39,1,17.76,44,1732.04,0.02,0.06,3.16,0.17,Nov,2,2,1,6,Returning_Visitor,False,False
0,66.33,1,17.07,2,422.5,0.08,0.13,2.6,0.0,Mar,2,3,1,2,Returning_Visitor,False,False
1,133.29,1,28.02,46,1546.17,0.02,0.08,7.1,0.0,Nov,2,3,2,6,Returning_Visitor,False,False
4,171.14,1,47.32,48,2304.82,0.02,0.05,8.42,0.0,Nov,3,2,1,6,Returning_Visitor,False,False
1,147.26,1,0.0,25,1460.82,0.02,0.04,1.24,0.19,Nov,2,2,3,6,Returning_Visitor,False,False
0,39.73,1,6.22,37,388.0,0.02,0.05,2.16,0.16,Nov,2,2,8,1,Returning_Visitor,False,False
2,161.02,1,68.48,47,1845.39,0.01,0.02,18.86,0.16,May,2,13,8,6,Returning_Visitor,False,True
2,168.64,0,13.79,44,1668.98,0.02,0.06,3.23,0.17,Nov,2,3,1,6,Returning_Visitor,False,False
1,146.64,1,20.87,57,1779.36,0.02,0.07,3.64,0.14,Nov,2,1,4,6,Returning_Visitor,False,False
3,122.99,2,17.65,57,355.94,0.02,0.06,4.33,0.17,Oct,2,13,1,6,Returning_Visitor,False,False
0,0.0,1,18.35,19,699.97,0.01,0.09,3.06,0.11,Nov,2,2,1,2,Returning_Visitor,False,False
2,157.65,1,60.16,78,1488.24,0.01,0.03,10.75,0.17,Nov,2,2,8,6,Returning_Visitor,False,False
1,42.82,1,7.4,50,181.27,0.02,0.05,0.8,0.16,Mar,2,3,8,1,Returning_Visitor,False,False
1,115.63,1,76.75,24,1015.0,0.05,0.06,8.52,0.14,Dec,2,3,1,6,Returning_Visitor,False,False
2,159.74,1,0.0,41,987.28,0.01,0.03,1.84,0.13,Nov,2,2,1,2,New_Visitor,False,True
3,153.82,4,119.08,49,1222.25,0.02,0.02,17.15,0.16,Nov,2,2,2,6,Returning_Visitor,False,False
0,14.9,1,15.9,48,1862.8,0.03,0.07,2.13,0.15,Nov,2,2,3,6,Returning_Visitor,False,False
0,67.51,1,53.63,41,596.14,0.08,0.08,4.19,0.47,May,3,2,1,13,Returning_Visitor,False,False
5,250.19,1,132.49,14,2333.85,0.01,0.03,20.5,0.13,Nov,2,2,5,10,Returning_Visitor,False,True
2,129.24,1,70.33,59,1508.0,0.03,0.03,7.14,0.15,Nov,3,2,1,6,Returning_Visitor,True,False
1,130.22,1,17.8,64,1223.76,0.0,0.03,3.16,0.17,Nov,2,2,1,2,New_Visitor,False,False
0,38.05,1,28.36,5,820.56,0.07,0.09,1.48,0.16,Nov,2,2,8,1,Returning_Visitor,False,False
0,57.16,1,16.2,38,1855.92,0.01,0.04,7.36,0.16,Nov,2,2,3,2,Returning_Visitor,False,False
0,11.73,1,0.0,27,1322.49,0.04,0.12,0.79,0.51,May,3,2,1,3,Returning_Visitor,False,False
2,155.81,1,4.57,41,189.5,0.0,0.06,1.91,0.12,Mar,2,13,2,6,New_Visitor,False,False
1,151.9,1,27.19,52,1544.05,0.03,0.08,4.03,0.15,Nov,2,3,1,6,Returning_Visitor,False,False
2,180.09,0,21.26,55,1621.34,0.01,0.05,5.62,0.17,Nov,2,13,1,6,Returning_Visitor,False,False
1,181.66,1,37.61,55,1778.14,0.01,0.04,6.44,0.15,Nov,2,3,1,6,Returning_Visitor,False,False
2,176.82,1,63.0,81,2036.43,0.01,0.01,12.98,0.13,Mar,3,3,1,6,Returning_Visitor,True,False
1,130.6,0,9.26,40,1729.95,0.01,0.05,1.54,0.15,Nov,2,1,7,6,Returning_Visitor,False,True
2,141.6,1,2.41,24,96.47,0.02,0.04,0.36,0.22,Nov,2,2,1,2,Returning_Visitor,False,False
1,140.51,1,20.22,46,1565.16,0.02,0.08,3.91,0.13,Nov,2,3,1,6,Returning_Visitor,False,False
3,266.56,1,76.2,65,5721.8,0.03,0.06,9.51,0.12,Nov,8,1,1,1,Returning_Visitor,False,False
1,21.91,1,6.67,2,1221.33,0.08,0.13,0.89,0.07,Mar,1,1,1,1,Returning_Visitor,False,False
2,186.52,1,45.7,64,2040.5,0.01,0.04,10.39,0.14,Nov,2,3,1,6,Returning_Visitor,False,False
1,153.06,1,21.61,48,1704.26,0.02,0.07,5.02,0.14,Nov,2,3,1,6,Returning_Visitor,False,False
1,144.93,0,30.41,50,1811.45,0.01,0.06,5.18,0.15,Nov,2,3,1,2,Returning_Visitor,False,False
0,24.0,1,17.56,1,349.84,0.09,0.13,2.37,0.1,Nov,2,2,1,6,Returning_Visitor,False,False
1,119.91,1,59.07,65,1217.99,0.04,0.09,4.78,0.28,Nov,2,2,2,6,Returning_Visitor,False,False
0,99.6,1,34.04,23,567.65,0.2,0.13,4.88,0.12,Nov,2,3,1,6,Returning_Visitor,False,False
1,171.24,1,29.31,52,1092.33,0.01,0.05,8.41,0.16,Nov,2,1,8,1,Returning_Visitor,False,False
1,111.97,1,29.38,48,1406.58,0.02,0.08,3.62,0.11,Nov,2,1,2,6,Returning_Visitor,False,False
0,114.68,0,11.33,30,1589.94,0.02,0.04,3.37,0.19,Nov,2,2,8,6,Returning_Visitor,False,False
1,182.33,1,36.79,42,336.27,0.06,0.09,5.99,0.11,Nov,3,3,1,13,Returning_Visitor,True,False
2,165.88,1,21.86,53,1684.39,0.0,0.04,4.19,0.18,Nov,2,2,1,6,Returning_Visitor,False,False
1,136.93,1,23.75,46,1508.85,0.02,0.08,3.83,0.15,Nov,2,3,1,6,Returning_Visitor,False,False
1,131.81,1,23.78,45,1535.74,0.02,0.07,4.55,0.16,Nov,2,3,1,6,Returning_Visitor,False,False
4,190.86,1,72.15,10,1353.87,0.01,0.04,6.16,0.27,Nov,2,2,8,6,Returning_Visitor,False,False
7,164.28,2,59.18,73,1552.26,0.02,0.0,1.75,0.1,Nov,3,2,7,6,Returning_Visitor,True,False
0,36.17,1,18.02,17,57.0,0.09,0.13,2.5,0.12,Nov,2,1,1,1,Returning_Visitor,False,False
2,169.14,1,62.82,64,2150.62,0.03,0.07,9.32,0.13,Nov,2,2,1,1,Returning_Visitor,False,False
0,33.49,1,21.64,1,406.15,0.07,0.11,2.02,0.12,Nov,2,2,1,2,Returning_Visitor,False,False
4,222.25,1,62.83,66,1261.12,0.0,0.0,6.67,0.1,Dec,2,2,1,6,New_Visitor,False,False
2,17.35,1,32.5,53,1242.41,0.02,0.04,4.85,0.38,May,2,2,1,6,Returning_Visitor,False,False
2,167.16,1,33.24,43,985.79,0.02,0.05,4.14,0.16,Dec,2,3,1,6,New_Visitor,False,True
1,137.71,1,26.75,42,1467.24,0.02,0.08,0.0,0.14,Nov,2,3,1,6,Returning_Visitor,False,False
2,278.99,1,41.09,49,1429.97,0.01,0.07,9.36,0.16,Sep,2,3,2,6,Returning_Visitor,False,False
1,160.06,1,24.23,50,1606.54,0.02,0.07,5.42,0.17,Nov,2,3,1,6,Returning_Visitor,False,False
3,95.49,2,118.14,83,1862.59,0.01,0.03,15.97,0.18,Nov,2,2,1,6,Returning_Visitor,False,True
2,224.76,1,57.5,78,1757.01,0.01,0.04,5.98,0.0,Nov,2,2,1,4,Returning_Visitor,False,False
0,0.0,1,17.76,40,1492.21,0.0,0.05,3.97,0.0,Nov,2,2,1,6,Returning_Visitor,False,False
4,132.22,1,48.0,65,1907.79,0.01,0.02,4.12,0.18,Mar,3,2,8,6,Returning_Visitor,True,False
4,193.06,1,55.97,45,1938.9,0.02,0.06,8.6,0.1,Nov,2,3,1,6,Returning_Visitor,False,True
3,83.0,1,37.51,67,1382.36,0.01,0.02,5.8,0.17,Nov,2,2,1,6,Returning_Visitor,False,False
3,62.6,1,13.2,38,700.04,0.01,0.04,1.41,0.13,Mar,8,3,1,1,New_Visitor,False,False
0,0.0,0,3.19,25,1348.29,0.02,0.06,1.01,0.15,Mar,2,2,7,1,Returning_Visitor,False,False
3,187.34,2,69.3,61,1556.78,0.01,0.04,5.13,0.15,Jul,2,2,7,6,Returning_Visitor,False,False
1,153.96,1,31.75,25,1591.43,0.01,0.04,8.44,0.22,May,2,2,8,6,Returning_Visitor,False,False
1,179.31,1,73.96,88,2050.99,0.01,0.05,12.26,0.22,Nov,2,13,2,20,New_Visitor,False,True
1,266.76,2,55.98,50,346.6,0.04,0.07,7.77,0.09,Jul,2,3,1,1,New_Visitor,False,True
0,28.54,0,0.0,15,709.44,0.11,0.13,3.06,0.1,Mar,3,2,1,3,Returning_Visitor,False,False
2,185.79,1,31.53,64,1547.38,0.01,0.04,0.0,0.14,Nov,2,2,1,6,Returning_Visitor,False,False
6,362.63,0,119.99,59,1849.6,0.01,0.03,12.39,0.0,Nov,1,1,1,1,Returning_Visitor,True,True
1,100.68,1,51.81,59,826.85,0.01,0.03,12.97,0.32,May,2,2,7,6,Returning_Visitor,False,True
1,146.27,1,19.22,47,1735.53,0.02,0.06,4.43,0.14,Nov,2,3,1,6,Returning_Visitor,False,False
0,30.17,1,0.0,24,873.95,0.03,0.11,1.4,0.1,Nov,2,1,1,1,Returning_Visitor,False,False
1,138.68,1,23.51,48,1578.4,0.02,0.06,4.59,0.14,Nov,2,2,1,6,Returning_Visitor,False,False
2,156.26,1,27.09,48,1730.8,0.02,0.04,2.28,0.15,Nov,2,3,1,6,Returning_Visitor,False,True
4,199.26,2,62.25,50,1595.54,0.01,0.03,9.18,0.17,Jul,2,2,1,6,Returning_Visitor,False,False
2,321.93,0,68.52,50,1558.02,0.01,0.07,13.09,0.11,Sep,1,1,1,5,Returning_Visitor,False,True
3,144.88,1,29.88,48,2218.95,0.0,0.03,2.98,0.15,Nov,3,3,1,2,New_Visitor,False,False
1,62.3,0,3.38,37,1509.31,0.01,0.04,0.49,0.15,Nov,2,2,7,2,Returning_Visitor,False,False
1,162.98,1,38.58,55,1587.4,0.01,0.05,5.74,0.16,Nov,2,2,1,6,Returning_Visitor,False,False
2,176.35,0,34.73,61,1582.17,0.01,0.05,5.93,0.16,Nov,2,3,1,6,Returning_Visitor,False,False
0,45.05,1,24.85,43,1624.24,0.01,0.02,2.98,0.22,Nov,2,3,8,6,Returning_Visitor,False,False
1,50.9,0,2.29,22,565.83,0.01,0.07,0.0,0.12,Mar,2,3,1,3,Returning_Visitor,False,False
3,105.0,1,0.0,38,1200.55,0.02,0.04,0.81,0.27,May,2,2,7,6,Returning_Visitor,False,False
1,151.28,1,28.78,56,1658.12,0.02,0.06,4.87,0.16,Nov,2,2,1,1,Returning_Visitor,False,False
1,133.86,1,28.66,59,1444.58,0.02,0.05,5.03,0.16,Nov,2,2,1,6,Returning_Visitor,False,True
4,199.58,1,55.47,58,2371.6,0.01,0.01,10.3,0.0,Nov,3,1,1,6,Returning_Visitor,True,False
1,135.44,1,30.77,57,1820.95,0.02,0.06,7.45,0.15,Nov,2,2,1,6,Returning_Visitor,False,False
3,228.22,1,43.73,65,1812.14,0.01,0.05,3.87,0.08,Nov,8,5,1,6,Returning_Visitor,False,False
1,137.68,0,32.67,56,1818.15,0.01,0.06,6.2,0.12,Nov,2,2,1,6,Returning_Visitor,False,False
0,115.25,1,45.91,7,828.37,0.06,0.11,5.07,0.13,Nov,2,3,1,6,Returning_Visitor,False,False
1,140.38,1,27.98,47,1845.7,0.04,0.09,6.19,0.12,Nov,8,1,1,6,Returning_Visitor,False,False
1,157.44,1,34.71,53,1685.27,0.02,0.07,4.38,0.27,Nov,2,2,1,6,Returning_Visitor,False,False
2,81.06,1,20.23,41,1942.1,0.03,0.09,2.07,0.13,Nov,1,1,1,1,Returning_Visitor,False,False
1,126.29,1,17.54,40,1535.76,0.03,0.08,3.05,0.21,Nov,2,1,1,6,Returning_Visitor,False,False
3,210.93,1,0.0,88,1794.48,0.01,0.04,12.28,0.19,Sep,2,4,8,6,Returning_Visitor,False,False
1,0.0,1,24.19,30,939.29,0.02,0.05,4.29,0.17,May,2,3,1,3,Returning_Visitor,False,False
0,28.93,1,0.0,20,752.68,0.03,0.11,1.91,0.12,Nov,2,2,1,2,Returning_Visitor,False,False
1,138.64,1,21.97,49,1544.7,0.01,0.04,2.85,0.0,Nov,2,2,7,2,Returning_Visitor,False,False
5,117.9,1,16.9,45,1948.07,0.01,0.03,1.98,0.17,Nov,2,3,1,1,Returning_Visitor,False,False
2,165.83,1,9.05,40,1693.71,0.01,0.05,2.43,0.17,Nov,2,3,1,6,Returning_Visitor,False,True
0,50.25,1,25.48,23,1375.92,0.03,0.08,0.0,0.11,May,3,2,1,6,Returning_Visitor,False,False
2,164.72,1,34.61,53,1704.97,0.01,0.07,6.59,0.0,Nov,2,3,1,6,Returning_Visitor,False,False
1,167.44,1,39.71,60,1657.66,0.01,0.06,6.73,0.17,Nov,2,2,1,6,Returning_Visitor,False,False
1,202.77,1,9.75,36,25.75,0.01,0.03,1.28,0.0,Nov,2,2,6,2,New_Visitor,False,False
1,180.49,0,26.54,49,1657.74,0.01,0.04,4.31,0.17,Nov,2,3,2,2,Returning_Visitor,False,False
2,177.38,1,21.83,54,237.1,0.01,0.05,4.15,0.16,Nov,2,3,1,6,Returning_Visitor,False,False
1,143.52,1,42.8,54,2658.91,0.02,0.05,8.48,0.17,Nov,2,3,1,1,Returning_Visitor,False,False
2,154.32,1,24.76,67,2346.78,0.01,0.01,18.82,0.15,Mar,2,13,1,1,Returning_Visitor,False,False
3,204.01,0,94.24,96,2592.33,0.01,0.01,47.66,0.15,Nov,2,2,2,6,Returning_Visitor,False,False
1,169.43,1,56.91,67,1536.47,0.02,0.05,6.48,0.16,Nov,2,2,1,6,Returning_Visitor,False,True
3,156.35,1,66.37,87,1384.06,0.01,0.02,4.63,0.16,Nov,3,2,1,2,Returning_Visitor,False,False
1,159.6,1,18.92,55,283.5,0.01,0.04,2.48,0.15,Nov,2,2,1,2,New_Visitor,False,False
0,0.0,1,0.0,22,1288.25,0.1,0.2,5.01,0.13,Nov,2,3,1,1,Returning_Visitor,False,False
3,109.15,1,4.87,43,1567.35,0.01,0.06,1.37,0.13,Nov,1,1,3,1,Returning_Visitor,False,False
1,118.54,1,14.62,35,1728.09,0.04,0.06,3.37,0.15,Mar,2,1,2,6,Returning_Visitor,False,False
1,224.43,1,10.7,35,1686.21,0.03,0.04,2.92,0.0,Nov,2,3,1,6,Returning_Visitor,False,False
8,130.15,2,27.71,62,2714.96,0.02,0.04,5.91,0.16,Nov,4,3,8,1,Returning_Visitor,False,False
0,0.0,0,27.68,19,603.4,0.07,0.13,3.78,0.14,May,2,1,2,2,Returning_Visitor,False,False
2,169.6,0,18.49,42,1580.49,0.02,0.06,3.0,0.17,Nov,2,3,1,6,Returning_Visitor,False,False
1,94.1,1,28.65,46,1883.35,0.02,0.08,2.4,0.14,Nov,2,1,4,6,Returning_Visitor,False,False
1,182.54,2,200.91,53,5220.08,0.01,0.02,51.46,0.22,Nov,2,2,8,1,Returning_Visitor,False,True
9,153.86,2,96.99,96,2563.09,0.06,0.02,13.17,0.11,Mar,2,2,2,1,Returning_Visitor,False,True
2,149.71,1,23.46,46,1532.28,0.02,0.06,6.48,0.13,Nov,2,3,1,6,Returning_Visitor,False,True
0,78.68,1,0.0,37,1781.13,0.01,0.06,1.85,0.15,Nov,2,2,8,1,Returning_Visitor,False,False
2,259.31,2,36.71,56,1273.15,0.01,0.07,4.76,0.11,Sep,2,3,1,1,New_Visitor,False,True
0,26.75,1,9.88,1,465.64,0.04,0.11,1.72,0.11,Nov,2,2,2,6,Returning_Visitor,False,False
2,150.61,2,74.32,38,396.35,0.02,0.03,0.0,0.18,Nov,2,2,4,6,Returning_Visitor,False,False
1,58.06,1,31.27,27,298.44,0.04,0.07,2.66,0.13,Nov,3,3,1,2,Returning_Visitor,False,False
1,122.81,1,16.72,35,1338.81,0.02,0.05,2.61,0.14,Nov,2,2,1,2,Returning_Visitor,False,False
2,172.69,1,34.55,60,1563.42,0.01,0.05,4.84,0.17,Nov,2,2,1,6,Returning_Visitor,False,False
1,125.86,1,18.88,41,1731.27,0.02,0.09,3.16,0.14,Nov,2,1,2,6,Returning_Visitor,False,False
0,152.71,1,31.94,48,2169.74,0.01,0.03,22.48,0.15,Nov,2,2,3,6,Returning_Visitor,False,False
1,156.18,1,22.95,50,1537.82,0.02,0.06,3.97,0.14,Nov,2,3,1,6,Returning_Visitor,False,False
3,120.39,1,5.5,47,1455.51,0.02,0.04,3.32,0.2,Mar,2,13,1,6,Returning_Visitor,False,False
3,16.33,2,20.97,50,2402.7,0.02,0.03,3.39,0.2,Mar,1,1,1,10,Returning_Visitor,False,True
0,0.0,1,0.0,17,1079.01,0.1,0.12,5.94,0.39,Nov,2,2,1,6,Returning_Visitor,False,False
1,167.32,1,23.45,48,1712.09,0.02,0.06,5.28,0.13,Nov,2,3,1,6,Returning_Visitor,False,False
6,237.96,1,22.44,18,2158.87,0.02,0.05,4.38,0.0,Mar,4,1,1,3,Returning_Visitor,True,False
2,212.03,1,14.69,48,1955.01,0.01,0.04,6.95,0.18,May,2,4,1,1,Returning_Visitor,False,False
2,161.92,0,35.72,37,1845.28,0.0,0.03,13.22,0.13,May,2,2,1,2,Returning_Visitor,False,False
3,98.76,2,60.49,54,3923.59,0.01,0.02,15.44,0.18,Nov,3,3,8,2,Returning_Visitor,False,False
2,231.12,1,49.18,18,1507.28,0.02,0.04,5.49,0.27,Nov,2,2,1,6,Returning_Visitor,False,False
2,265.52,2,61.52,58,1068.66,0.01,0.05,8.23,0.21,Jul,2,2,1,1,Returning_Visitor,False,False
1,164.41,1,33.17,60,1577.51,0.02,0.06,5.49,0.16,Nov,2,3,1,6,Returning_Visitor,False,False
2,148.71,1,41.13,45,1243.81,0.01,0.03,13.59,0.17,May,2,2,8,6,Returning_Visitor,False,False
1,0.0,1,0.0,40,1551.83,0.02,0.04,0.0,0.12,Nov,2,2,2,6,Returning_Visitor,False,False
2,145.31,1,0.0,31,2309.24,0.01,0.03,2.9,0.17,Mar,2,13,1,1,Returning_Visitor,False,True
1,84.02,1,15.65,41,1801.54,0.02,0.07,0.0,0.14,Nov,2,1,3,1,Returning_Visitor,False,False
0,0.0,1,38.72,19,31.2,0.12,0.13,7.12,0.1,Mar,3,3,1,1,Returning_Visitor,False,False
1,184.16,1,29.99,71,1521.27,0.0,0.02,0.0,0.14,Nov,2,2,8,6,Returning_Visitor,False,False
1,147.4,1,27.02,49,1478.75,0.02,0.05,3.57,0.16,Nov,2,2,1,6,Returning_Visitor,False,False
3,86.75,3,14.93,40,863.83,0.02,0.05,0.85,0.17,Nov,1,3,1,1,New_Visitor,False,False
1,0.0,0,1.27,24,698.91,0.02,0.1,1.2,0.11,Nov,1,1,3,2,Returning_Visitor,False,False
0,55.95,0,5.93,40,1809.07,0.01,0.07,2.8,0.18,Nov,2,2,3,2,Returning_Visitor,False,False
6,238.17,2,87.58,82,3109.12,0.0,0.04,14.45,0.19,Nov,2,13,1,6,Returning_Visitor,False,True
2,190.64,1,11.59,50,1945.13,0.02,0.06,0.0,0.14,Nov,1,1,4,6,Returning_Visitor,False,False
1,118.2,1,19.74,30,1185.82,0.02,0.04,1.58,0.12,Nov,2,3,1,2,New_Visitor,False,True
1,103.56,1,26.27,38,24.0,0.06,0.1,4.73,0.12,Mar,3,3,1,6,Returning_Visitor,False,False
1,170.7,1,32.23,46,1345.97,0.02,0.05,2.83,0.18,Nov,2,2,1,6,Returning_Visitor,False,False
1,114.69,1,13.44,24,1489.01,0.02,0.07,2.75,0.0,Nov,2,3,1,6,Returning_Visitor,False,False
2,165.18,1,24.62,54,1606.38,0.01,0.04,4.29,0.0,Nov,2,2,1,6,Returning_Visitor,False,False
0,75.55,1,13.03,49,1810.18,0.02,0.08,4.37,0.3,Nov,2,2,3,6,Returning_Visitor,False,False
2,219.45,2,9.0,60,1591.64,0.02,0.04,7.82,0.17,Nov,2,2,1,1,Returning_Visitor,False,False
1,179.79,1,0.0,47,2353.04,0.0,0.03,16.13,0.18,Nov,2,2,8,6,Returning_Visitor,False,False
3,243.74,1,47.54,70,2805.92,0.01,0.01,8.5,0.1,Nov,2,13,2,1,Returning_Visitor,False,False
1,36.94,1,45.8,36,1952.42,0.02,0.04,3.93,0.18,May,2,2,1,3,Returning_Visitor,False,False
4,64.67,1,32.21,48,1063.06,0.01,0.03,2.2,0.21,May,2,2,1,2,Returning_Visitor,False,False
2,157.77,1,76.71,70,2615.2,0.01,0.03,17.07,0.0,Nov,2,2,2,6,Returning_Visitor,False,True
2,120.54,1,0.0,71,1312.53,0.04,0.11,2.7,0.3,Nov,2,1,3,3,Returning_Visitor,False,False
1,112.28,1,14.91,40,1290.98,0.03,0.08,3.45,0.12,Nov,2,1,1,1,Returning_Visitor,False,False
1,108.83,1,2.35,25,830.16,0.01,0.07,0.0,0.13,Nov,1,1,1,2,New_Visitor,False,False
1,334.28,2,73.52,42,1523.73,0.01,0.06,10.34,0.18,June,2,2,1,1,Returning_Visitor,False,False
0,68.08,1,7.95,29,1967.07,0.01,0.06,1.45,0.0,Nov,2,2,7,2,Returning_Visitor,False,False
2,187.73,2,85.0,63,2176.73,0.01,0.02,4.39,0.0,Nov,2,2,1,2,Returning_Visitor,False,False
1,112.18,1,16.2,37,1445.62,0.03,0.09,3.68,0.0,Nov,2,3,1,6,Returning_Visitor,False,False
5,116.86,1,23.58,62,1616.4,0.01,0.04,8.53,0.3,May,2,2,1,6,Returning_Visitor,False,False
0,97.76,1,31.24,50,1522.9,0.01,0.05,4.66,0.13,Nov,2,2,2,2,Returning_Visitor,False,False
2,147.23,1,13.61,23,454.69,0.04,0.1,0.0,0.13,Nov,2,3,1,6,Returning_Visitor,False,False
2,207.68,1,51.85,77,1916.83,0.01,0.04,12.16,0.1,Nov,2,2,1,6,Returning_Visitor,False,False
0,54.15,1,9.24,28,1891.96,0.02,0.04,2.89,0.13,Nov,2,1,3,1,Returning_Visitor,False,False
2,196.84,1,89.52,110,1771.15,0.01,0.05,13.27,0.41,Nov,2,2,1,6,Returning_Visitor,False,True
1,141.23,1,23.59,58,1643.79,0.02,0.08,3.85,0.24,Nov,2,1,1,6,Returning_Visitor,False,True
0,114.37,1,2.0,43,1400.86,0.02,0.05,1.75,0.3,Nov,3,2,2,11,Returning_Visitor,False,False
3,147.45,2,101.75,86,2434.29,0.01,0.03,13.15,0.15,Nov,2,2,1,6,Returning_Visitor,False,False
0,15.29,1,6.52,20,732.5,0.04,0.11,1.58,0.09,Nov,3,1,2,2,Returning_Visitor,False,False
1,156.95,1,82.36,61,2331.66,0.02,0.06,12.78,0.16,Nov,2,2,1,2,Returning_Visitor,False,False
5,145.46,1,10.52,34,1515.09,0.02,0.06,1.77,0.17,Nov,2,3,1,6,Returning_Visitor,False,False
0,67.81,1,18.48,29,1457.3,0.02,0.07,3.15,0.14,Nov,2,2,2,6,Returning_Visitor,False,False
0,50.8,1,0.0,28,819.39,0.1,0.12,3.58,0.16,Nov,2,3,1,1,Returning_Visitor,False,False
1,91.71,1,17.69,33,1087.41,0.03,0.09,0.0,0.13,Nov,2,3,1,6,Returning_Visitor,False,False
1,149.66,1,30.01,53,1661.53,0.02,0.07,5.63,0.14,Nov,2,3,1,6,Returning_Visitor,False,False
0,11.04,1,2.03,24,1578.09,0.01,0.05,2.95,0.13,Nov,2,2,3,2,Returning_Visitor,False,False
1,191.56,1,41.96,62,1626.32,0.0,0.03,14.5,0.17,Nov,2,2,7,6,Returning_Visitor,False,False
3,105.21,1,19.55,42,608.83,0.01,0.02,7.61,0.16,May,2,2,7,2,Returning_Visitor,False,True
1,148.12,1,30.3,58,1924.21,0.01,0.05,8.26,0.13,Nov,2,3,1,6,Returning_Visitor,False,False
4,349.83,0,43.87,44,8.0,0.03,0.07,1.83,0.14,Sep,2,3,1,6,Returning_Visitor,False,False
4,232.2,1,23.55,59,1751.58,0.0,0.05,5.39,0.07,Nov,1,1,7,6,Returning_Visitor,False,True
1,138.94,1,5.98,47,1732.28,0.03,0.04,1.34,0.26,Nov,2,1,8,1,Returning_Visitor,False,False
3,123.28,1,31.62,73,2182.13,0.0,0.04,8.8,0.27,Nov,2,2,3,6,Returning_Visitor,False,False
1,166.78,1,40.69,49,1309.08,0.03,0.06,4.18,0.14,Nov,2,2,1,6,Returning_Visitor,False,False
0,82.91,1,24.5,30,2045.25,0.05,0.08,3.43,0.14,Mar,2,3,1,1,Returning_Visitor,False,False
1,28.19,1,14.08,25,783.77,0.05,0.12,2.17,0.15,Nov,2,1,1,3,Returning_Visitor,False,False
0,159.23,1,8.88,31,1215.6,0.01,0.03,0.0,0.16,Nov,2,2,8,2,New_Visitor,False,False
2,154.55,1,20.54,53,1784.24,0.02,0.05,4.68,0.15,Nov,2,1,1,6,Returning_Visitor,False,False
0,156.6,1,53.66,55,1547.24,0.02,0.04,9.57,0.0,Nov,2,2,3,2,Returning_Visitor,True,False
1,195.0,1,15.16,56,1470.26,0.01,0.01,4.68,0.16,Mar,2,13,2,6,New_Visitor,False,False
1,115.33,1,0.0,28,646.66,0.01,0.07,1.14,0.13,Nov,2,3,1,2,New_Visitor,False,False
5,73.57,2,33.77,74,2352.3,0.02,0.01,4.21,0.18,Nov,2,1,3,3,Returning_Visitor,False,True
0,0.0,1,17.04,49,319.91,0.1,0.12,3.97,0.11,Jul,2,1,1,1,New_Visitor,True,False
5,408.41,1,30.6,52,1250.66,0.01,0.05,8.23,0.11,Nov,2,12,1,2,New_Visitor,False,True
0,193.71,1,50.73,9,1920.94,0.01,0.08,14.97,0.49,Nov,4,2,3,6,Returning_Visitor,False,False
7,123.91,1,15.69,44,3262.35,0.03,0.04,1.22,0.13,Nov,3,2,7,3,Returning_Visitor,False,False
1,280.26,1,120.9,67,1634.62,0.01,0.06,3.06,0.3,Nov,2,2,9,6,Returning_Visitor,False,True
2,181.15,1,58.58,86,2473.44,0.01,0.05,14.42,0.25,Nov,2,3,2,6,Returning_Visitor,False,True
0,0.0,1,14.95,20,563.88,0.08,0.13,3.68,0.1,Nov,2,2,2,6,Returning_Visitor,False,False
0,0.0,1,28.96,33,615.88,0.03,0.05,2.17,0.2,Nov,2,2,7,1,Returning_Visitor,False,False
0,0.0,1,5.47,15,347.95,0.03,0.11,1.51,0.0,Nov,2,1,1,2,Returning_Visitor,False,False
4,302.08,0,15.63,81,2535.1,0.0,0.02,6.49,0.07,Mar,8,13,1,2,New_Visitor,False,False
1,157.72,1,31.95,47,1171.47,0.01,0.05,7.83,0.19,Nov,2,2,8,2,Returning_Visitor,False,False
1,132.87,1,28.0,48,1283.33,0.02,0.07,4.63,0.15,Nov,2,3,1,6,Returning_Visitor,False,False
1,156.37,1,27.63,51,1838.36,0.02,0.06,6.45,0.13,Nov,2,3,2,6,Returning_Visitor,False,False
1,121.84,1,30.21,51,1669.31,0.02,0.06,5.75,0.14,Nov,2,2,1,6,Returning_Visitor,False,False
2,173.48,1,24.82,65,1706.99,0.0,0.04,5.86,0.13,Nov,2,2,8,6,Returning_Visitor,False,True
1,114.49,1,11.84,40,1926.72,0.01,0.05,2.35,0.15,May,2,1,7,6,Returning_Visitor,False,False
2,177.42,1,56.43,77,1747.62,0.01,0.03,12.74,0.26,Nov,2,2,1,4,Returning_Visitor,False,False
2,154.93,1,30.05,50,1718.94,0.0,0.04,3.28,0.16,Nov,2,3,1,6,Returning_Visitor,False,True
2,146.25,1,13.37,41,1512.26,0.02,0.06,2.94,0.14,Nov,2,3,1,6,Returning_Visitor,False,False
2,135.67,1,0.0,39,1689.42,0.01,0.05,0.67,0.0,Nov,1,1,7,6,Returning_Visitor,False,False
1,109.91,1,33.99,37,1343.8,0.01,0.04,0.0,0.13,Nov,2,2,1,2,Returning_Visitor,False,False
0,22.51,1,25.9,28,945.85,0.02,0.09,1.53,0.16,May,3,3,1,3,Returning_Visitor,False,False
0,19.71,1,39.12,69,2455.15,0.02,0.03,3.15,0.17,Mar,3,3,2,3,Returning_Visitor,False,False
2,66.15,2,34.5,74,2171.55,0.02,0.03,17.26,0.25,Nov,2,13,1,1,Returning_Visitor,False,True
0,63.44,0,4.16,26,819.3,0.02,0.03,1.52,0.12,Mar,2,2,2,3,Returning_Visitor,False,False
10,59.0,2,60.03,41,1729.2,0.01,0.02,1.73,0.14,Nov,3,2,1,2,Returning_Visitor,False,False
1,58.96,1,0.0,1,470.84,0.11,0.13,5.34,0.14,Mar,3,2,1,6,Returning_Visitor,False,False
1,115.69,1,24.25,47,1627.47,0.02,0.08,4.79,0.14,Nov,2,1,1,6,Returning_Visitor,False,False
1,171.93,1,31.6,55,1622.35,0.02,0.05,5.43,0.17,Nov,2,3,1,6,Returning_Visitor,False,False
1,109.0,1,25.55,45,1296.85,0.02,0.07,3.86,0.13,Nov,2,3,1,6,Returning_Visitor,False,False
1,49.96,1,6.4,25,746.87,0.02,0.1,0.0,0.12,Nov,2,1,1,3,Returning_Visitor,False,False
5,170.36,1,57.94,76,1587.71,0.01,0.03,9.51,0.18,Nov,2,13,1,6,Returning_Visitor,False,False
0,0.0,0,4.1,29,1084.8,0.03,0.12,3.28,0.15,Aug,2,1,3,2,Returning_Visitor,False,False
15,133.37,1,24.58,45,1206.12,0.03,0.08,3.08,0.12,Nov,2,1,1,6,Returning_Visitor,False,False
3,71.0,1,57.28,55,1234.13,0.01,0.02,7.28,0.2,May,2,13,1,6,Returning_Visitor,False,True
1,139.05,1,22.4,47,1666.51,0.02,0.07,3.9,0.15,Nov,2,3,1,6,Returning_Visitor,False,False
1,70.02,1,0.0,32,1161.64,0.02,0.08,2.03,0.11,Nov,2,2,1,2,Returning_Visitor,False,False
0,30.24,1,3.4,20,360.12,0.0,0.1,1.27,0.13,Nov,2,3,1,2,Returning_Visitor,False,False
0,104.95,1,23.01,2,580.34,0.07,0.1,2.52,0.12,Mar,2,3,1,2,Returning_Visitor,False,False
1,136.51,0,12.55,43,1649.84,0.02,0.07,3.95,0.15,Nov,2,3,1,6,Returning_Visitor,False,False
0,138.47,1,77.03,81,2284.57,0.02,0.02,11.7,0.21,Dec,3,2,1,6,Returning_Visitor,False,False
1,105.29,1,21.82,37,1249.95,0.04,0.09,3.97,0.13,Nov,2,3,1,6,Returning_Visitor,False,False
3,149.81,1,61.26,56,1118.55,0.02,0.03,3.65,0.14,Nov,2,2,1,6,Returning_Visitor,False,False
2,172.64,1,13.9,58,1738.27,0.0,0.03,7.36,0.17,Nov,2,2,7,6,Returning_Visitor,False,True
1,142.32,1,24.2,51,2199.02,0.03,0.07,6.71,0.15,Nov,2,1,1,1,Returning_Visitor,False,False
4,251.5,1,370.88,107,2593.33,0.01,0.04,30.14,0.17,Nov,3,2,1,4,Returning_Visitor,False,False
2,155.18,1,11.85,43,334.79,0.01,0.04,0.0,0.18,Nov,2,3,7,1,Returning_Visitor,False,False
1,114.53,1,7.8,26,891.2,0.02,0.08,1.02,0.12,Nov,2,3,1,2,New_Visitor,False,False
1,60.07,1,11.51,23,159.0,0.05,0.11,0.0,0.15,Nov,2,3,1,6,Returning_Visitor,False,False
2,269.8,1,22.55,70,1894.16,0.01,0.01,10.52,0.16,Nov,8,3,2,1,Returning_Visitor,False,False
1,150.64,0,33.06,45,632.58,0.01,0.04,9.94,0.0,Nov,2,1,7,1,Returning_Visitor,False,False
0,127.07,1,38.02,33,599.17,0.04,0.04,7.52,0.12,Nov,2,2,2,11,Returning_Visitor,True,True
1,106.55,1,20.41,42,1741.91,0.02,0.07,5.74,0.0,Nov,2,3,2,6,Returning_Visitor,False,False
1,146.85,1,32.3,46,1940.47,0.02,0.05,6.27,0.14,Nov,2,2,7,6,Returning_Visitor,False,False
1,110.65,1,21.81,48,1634.74,0.03,0.09,4.61,0.13,Nov,2,1,1,1,Returning_Visitor,False,False
2,176.69,1,0.0,67,1720.76,0.01,0.04,7.09,0.22,Nov,2,3,1,6,Returning_Visitor,False,False
2,117.0,1,0.0,53,856.24,0.01,0.03,2.48,0.24,May,2,2,6,6,Returning_Visitor,True,False
0,65.88,0,15.21,31,1507.94,0.01,0.08,0.0,0.0,Nov,2,2,3,2,Returning_Visitor,False,False
2,163.48,1,38.75,60,1974.28,0.02,0.07,8.43,0.15,Nov,2,2,1,1,Returning_Visitor,False,False
1,132.17,1,22.55,51,1625.53,0.04,0.06,4.13,0.15,Nov,2,2,1,1,Returning_Visitor,False,False
4,185.85,1,0.0,55,1795.86,0.02,0.05,4.35,0.17,Mar,2,4,1,6,Returning_Visitor,False,False
3,265.28,1,41.24,61,1606.52,0.01,0.05,11.76,0.18,Aug,2,1,7,6,Returning_Visitor,False,False
2,135.57,1,29.75,53,1769.65,0.01,0.06,5.11,0.0,Nov,2,3,1,6,Returning_Visitor,False,False
2,174.32,1,27.42,44,1496.03,0.02,0.07,8.42,0.11,Nov,2,1,1,6,Returning_Visitor,False,False
6,277.45,2,104.36,125,3665.82,0.01,0.03,32.61,0.12,Nov,2,13,1,6,Returning_Visitor,False,False
1,105.33,1,7.22,49,1843.38,0.02,0.06,0.0,0.29,Nov,2,2,3,6,Returning_Visitor,False,False
1,150.45,2,49.23,6,72.9,0.02,0.03,0.0,0.12,Nov,2,2,1,8,Returning_Visitor,False,False
4,47.12,0,82.56,63,1574.6,0.01,0.02,12.75,0.17,Dec,2,2,1,6,Returning_Visitor,False,True
1,129.28,1,10.12,43,1674.79,0.02,0.07,3.35,0.14,Nov,2,1,1,6,Returning_Visitor,False,False
3,144.22,1,19.66,68,1931.65,0.01,0.03,2.24,0.16,Mar,2,2,8,1,Returning_Visitor,False,True
0,20.0,1,16.24,17,0.0,0.12,0.13,0.0,0.11,Mar,2,1,1,1,Returning_Visitor,False,False
9,324.33,0,57.47,83,3482.88,0.01,0.03,16.93,0.07,Nov,4,1,8,1,Returning_Visitor,False,False
3,124.74,0,13.86,44,1875.23,0.01,0.06,3.97,0.1,Nov,1,1,1,3,Returning_Visitor,False,True
0,139.88,1,9.06,38,872.32,0.03,0.03,4.66,0.3,Nov,2,2,2,11,Returning_Visitor,False,False
1,11.5,1,62.97,72,1603.08,0.01,0.03,33.11,0.28,Nov,2,2,1,4,Returning_Visitor,False,False
2,106.63,1,12.91,49,1256.83,0.01,0.05,0.0,0.16,Nov,2,1,1,6,Returning_Visitor,False,False
10,144.13,1,47.38,78,3105.11,0.03,0.02,7.88,0.11,Nov,3,3,8,3,Returning_Visitor,True,False
0,0.0,0,2.15,16,756.57,0.01,0.09,1.61,0.0,Nov,2,2,3,2,Returning_Visitor,False,False
0,85.0,0,9.41,39,1790.21,0.01,0.06,2.38,0.27,May,2,2,3,6,Returning_Visitor,False,False
2,37.84,1,3.09,29,1539.83,0.02,0.1,0.0,0.1,Nov,1,1,4,3,Returning_Visitor,False,False
0,101.44,1,0.0,58,1087.28,0.01,0.02,1.12,0.12,Nov,3,2,8,2,Returning_Visitor,True,False
1,176.19,1,26.26,42,1615.16,0.01,0.04,2.44,0.13,Nov,2,2,1,2,Returning_Visitor,False,False
2,78.04,1,43.36,57,1125.77,0.02,0.0,2.48,0.17,Nov,2,2,7,2,Returning_Visitor,False,False
2,255.26,1,80.6,116,1874.53,0.01,0.06,13.13,0.34,Nov,4,2,1,6,Returning_Visitor,False,False
0,0.0,1,20.17,2,733.91,0.2,0.12,2.29,0.07,Mar,2,1,2,3,Returning_Visitor,True,False
2,90.23,1,42.27,70,1561.91,0.02,0.01,7.81,0.27,Mar,2,13,1,1,Returning_Visitor,False,False
1,130.52,1,21.4,49,1604.25,0.02,0.08,5.02,0.14,Nov,2,3,1,6,Returning_Visitor,False,False
4,188.57,1,89.12,76,3056.2,0.01,0.04,13.12,0.17,Nov,2,3,1,6,Returning_Visitor,False,True
0,88.62,1,12.81,36,2030.56,0.01,0.07,3.97,0.14,Nov,2,3,1,20,Returning_Visitor,False,False
1,150.63,1,34.83,7,845.11,0.0,0.04,2.39,0.15,Mar,2,13,1,2,New_Visitor,False,False
0,115.19,1,42.67,7,356.07,0.07,0.09,4.45,0.13,Nov,2,3,1,2,New_Visitor,False,False
3,185.5,1,75.92,52,1507.19,0.02,0.04,6.07,0.23,Dec,2,2,1,6,Returning_Visitor,False,False
3,113.46,1,48.42,47,1139.52,0.03,0.04,1.26,0.16,Nov,3,2,1,6,Returning_Visitor,False,False
1,114.98,1,11.55,31,1090.72,0.02,0.07,0.0,0.13,Nov,2,3,1,6,Returning_Visitor,False,False
1,160.57,1,22.23,59,2012.22,0.01,0.05,9.57,0.16,Nov,2,2,2,6,Returning_Visitor,False,False
0,32.37,0,2.36,6,408.83,0.0,0.09,1.16,0.0,Mar,2,13,1,3,Returning_Visitor,False,False
1,110.17,0,26.87,37,1490.97,0.03,0.04,0.0,0.53,Dec,2,2,3,6,Returning_Visitor,False,False
1,152.98,1,22.69,45,1602.65,0.02,0.06,5.24,0.14,Nov,2,3,1,6,Returning_Visitor,False,False
1,144.89,1,15.88,47,1383.53,0.01,0.07,3.44,0.13,Nov,2,3,1,6,Returning_Visitor,False,False
5,240.79,1,54.72,79,1614.93,0.0,0.03,7.57,0.1,Nov,8,13,1,6,New_Visitor,False,False
0,0.0,1,16.18,29,197.33,0.04,0.04,5.39,0.32,Nov,2,2,3,6,Returning_Visitor,True,False
4,235.86,0,116.86,78,2931.96,0.0,0.01,43.98,0.0,Nov,3,2,8,4,Returning_Visitor,False,True
2,182.32,1,58.6,77,2089.51,0.01,0.04,14.58,0.21,Nov,2,2,1,6,Returning_Visitor,False,False
1,74.37,1,0.0,31,946.11,0.04,0.06,0.0,0.13,Nov,3,3,1,2,Returning_Visitor,False,False
1,125.19,1,18.67,43,1684.36,0.02,0.07,4.58,0.14,Nov,2,1,2,6,Returning_Visitor,False,False
0,44.29,0,0.0,23,1157.69,0.02,0.05,4.71,0.1,May,3,3,1,2,Returning_Visitor,False,False
2,173.39,1,24.31,55,1701.73,0.0,0.05,4.5,0.13,Mar,2,3,1,6,Returning_Visitor,False,False
1,167.5,1,38.19,52,5000.74,0.0,0.05,12.35,0.15,Nov,2,3,1,6,Returning_Visitor,False,False
1,0.0,1,2.49,77,1160.56,0.01,0.09,2.88,0.11,Nov,1,1,3,2,Returning_Visitor,False,False
2,194.15,1,73.36,63,1632.23,0.02,0.05,9.49,0.12,Nov,3,2,1,6,Returning_Visitor,True,False
3,237.24,2,62.46,9,196.0,0.02,0.04,4.47,0.21,Nov,2,2,8,6,Returning_Visitor,False,False
2,167.96,1,68.83,58,1522.34,0.02,0.04,7.0,0.15,Dec,2,2,1,6,Returning_Visitor,False,False
4,174.32,2,67.12,61,1937.68,0.01,0.03,5.07,0.16,Nov,2,2,1,6,Returning_Visitor,False,False
1,106.62,1,21.85,45,1666.47,0.03,0.06,5.25,0.13,Nov,2,1,2,6,Returning_Visitor,False,False
2,168.5,1,0.0,42,1551.42,0.01,0.05,1.94,0.0,May,2,3,1,6,Returning_Visitor,False,False
1,106.13,1,18.61,44,1629.53,0.01,0.06,3.48,0.0,Nov,2,2,1,6,Returning_Visitor,False,True
1,168.5,1,17.6,42,1657.47,0.01,0.04,4.73,0.19,Nov,2,3,1,2,Returning_Visitor,False,False
1,83.67,1,26.85,52,901.23,0.1,0.06,4.09,0.15,Nov,2,1,7,1,Returning_Visitor,False,False
1,156.67,1,28.46,47,1670.66,0.02,0.07,4.28,0.15,Nov,2,2,1,6,Returning_Visitor,False,True
1,140.45,1,28.42,53,1531.84,0.02,0.07,6.67,0.14,Nov,2,3,1,2,Returning_Visitor,False,False
0,175.05,1,34.0,54,691.25,0.01,0.04,7.2,0.14,Nov,2,3,2,1,Returning_Visitor,False,False
2,168.63,0,11.23,53,1041.65,0.0,0.01,4.26,0.14,Nov,2,2,7,6,New_Visitor,False,True
1,113.25,1,22.65,59,1725.09,0.02,0.05,2.89,0.08,Nov,3,1,2,6,Returning_Visitor,False,True
2,180.93,2,89.0,121,1963.16,0.02,0.03,32.91,0.23,Nov,2,2,2,6,Returning_Visitor,False,True
2,164.92,1,39.87,48,1880.27,0.01,0.02,10.53,0.14,May,2,13,1,6,Returning_Visitor,False,False
1,160.77,1,5.12,32,1404.29,0.02,0.04,1.93,0.19,Nov,2,2,8,2,Returning_Visitor,False,False
0,109.9,1,33.91,23,1029.93,0.01,0.03,3.74,0.13,Nov,2,2,1,2,New_Visitor,False,False
0,0.0,1,26.17,23,903.86,0.09,0.12,4.68,0.12,Nov,2,2,2,6,Returning_Visitor,False,False
0,71.17,1,5.3,24,1119.98,0.01,0.04,5.38,0.16,Nov,2,2,3,2,Returning_Visitor,False,False
2,159.48,1,17.21,49,1703.77,0.02,0.05,3.26,0.16,Nov,2,3,1,6,Returning_Visitor,False,False
2,235.36,1,26.75,51,589.25,0.01,0.01,15.53,0.13,May,4,4,2,1,Returning_Visitor,False,False
1,189.09,1,65.53,82,1732.78,0.01,0.06,10.84,0.19,Nov,2,2,1,6,Returning_Visitor,False,False
5,98.15,2,61.13,60,2509.05,0.02,0.01,7.54,0.17,Mar,2,2,1,1,Returning_Visitor,False,False
1,145.16,0,3.34,41,1885.23,0.01,0.08,3.42,0.16,Aug,4,1,3,6,Returning_Visitor,False,True
2,60.29,1,30.18,64,857.19,0.01,0.03,3.48,0.19,Nov,2,2,1,6,New_Visitor,False,False
2,157.36,1,16.09,20,1614.55,0.01,0.05,3.77,0.23,Nov,2,1,4,1,Returning_Visitor,False,False
3,156.84,1,7.97,31,2034.61,0.01,0.06,2.13,0.1,Nov,1,1,7,1,Returning_Visitor,False,False
3,142.0,1,86.37,5,1201.09,0.03,0.02,1.6,0.0,Mar,3,2,1,2,Returning_Visitor,False,False
6,162.5,2,110.11,9,1095.44,0.01,0.03,7.79,0.14,Jul,2,2,7,8,Returning_Visitor,False,False
0,50.77,1,3.2,18,42.58,0.01,0.1,0.0,0.13,Nov,2,3,1,2,Returning_Visitor,False,False
2,157.36,1,34.12,51,1745.47,0.02,0.06,4.52,0.15,Nov,2,3,1,6,Returning_Visitor,False,True
1,175.02,1,27.79,56,1693.72,0.01,0.05,0.0,0.14,Nov,2,2,1,6,Returning_Visitor,False,False
1,150.39,1,31.32,51,1584.59,0.02,0.07,5.31,0.19,Nov,2,2,1,6,Returning_Visitor,False,False
3,139.77,1,49.47,72,1192.5,0.01,0.03,11.84,0.19,May,2,13,1,6,Returning_Visitor,False,False
1,133.9,1,32.87,56,1640.59,0.02,0.06,5.73,0.14,Nov,2,3,1,6,Returning_Visitor,False,True
2,109.74,1,18.52,45,1941.47,0.06,0.1,3.03,0.11,Mar,1,1,1,1,Returning_Visitor,False,False
2,169.49,1,40.27,59,1739.34,0.01,0.06,7.11,0.14,Nov,2,2,1,6,Returning_Visitor,False,False
0,76.16,0,13.44,39,1053.04,0.01,0.02,1.62,0.11,Nov,3,3,8,2,Returning_Visitor,True,True
7,529.46,2,107.54,75,2616.65,0.01,0.02,26.18,0.07,Nov,8,1,1,1,Returning_Visitor,True,False
3,213.26,1,24.31,58,1147.41,0.01,0.05,5.4,0.13,Sep,2,3,1,6,Returning_Visitor,False,False
0,0.0,1,4.64,25,648.31,0.1,0.13,1.88,0.07,Mar,1,1,2,3,Returning_Visitor,True,False
4,144.72,1,90.22,44,2678.55,0.01,0.03,12.82,0.0,Nov,3,2,5,10,Returning_Visitor,False,True
1,70.16,1,46.94,35,3134.17,0.06,0.09,5.08,0.14,Nov,2,2,1,1,Returning_Visitor,False,False
8,222.36,1,66.04,70,2093.63,0.01,0.04,5.47,0.08,Nov,1,1,2,6,Returning_Visitor,False,True
1,167.15,1,15.64,43,1332.25,0.01,0.05,4.6,0.0,Nov,2,3,1,6,Returning_Visitor,False,True
2,184.1,1,36.3,56,1932.76,0.01,0.02,8.92,0.15,Nov,2,2,8,6,Returning_Visitor,False,False
0,159.91,1,21.15,52,1360.07,0.01,0.04,4.98,0.14,Nov,2,2,6,6,Returning_Visitor,False,False
4,108.48,1,5.6,38,1137.04,0.02,0.06,0.74,0.15,Nov,4,1,1,3,Returning_Visitor,False,False
1,99.36,1,21.31,31,1475.67,0.01,0.04,7.19,0.15,Nov,2,2,5,6,Returning_Visitor,False,False
2,177.3,1,103.92,88,1371.38,0.01,0.02,8.77,0.18,Nov,3,2,1,6,Returning_Visitor,False,False
2,175.38,1,13.71,39,1597.2,0.01,0.06,2.89,0.17,Nov,2,3,1,6,Returning_Visitor,False,False
2,172.33,1,51.43,70,2275.98,0.02,0.05,8.69,0.15,Nov,2,2,1,1,Returning_Visitor,False,False
3,177.71,2,36.67,9,1216.83,0.04,0.09,3.3,0.07,Nov,1,1,1,1,Returning_Visitor,False,False
1,104.21,1,37.93,37,1187.52,0.05,0.05,2.5,0.12,Mar,3,3,1,1,Returning_Visitor,False,False
1,113.38,1,32.11,45,1814.72,0.02,0.08,3.62,0.26,Nov,2,1,1,1,Returning_Visitor,False,True
1,123.58,0,20.27,36,1685.09,0.02,0.04,0.0,0.43,May,1,1,3,6,Returning_Visitor,False,False
0,63.03,0,0.0,45,1626.06,0.02,0.04,8.54,0.13,Dec,2,2,3,2,Returning_Visitor,False,False
0,104.13,1,13.47,20,850.97,0.01,0.05,0.0,0.15,Nov,2,2,1,2,New_Visitor,False,False
2,174.04,1,42.85,63,1761.6,0.01,0.06,3.53,0.15,Nov,2,1,1,6,Returning_Visitor,False,False
1,170.96,1,23.62,52,2003.58,0.0,0.04,7.31,0.17,Nov,2,2,1,6,Returning_Visitor,False,True
1,54.78,1,17.83,37,670.08,0.05,0.13,0.0,0.08,Nov,8,1,2,3,Returning_Visitor,False,False
1,166.01,1,48.87,59,1741.82,0.03,0.08,6.97,0.13,Nov,2,2,1,1,Returning_Visitor,False,False
2,179.54,1,19.63,39,1241.45,0.0,0.03,1.43,0.17,Nov,2,2,1,2,New_Visitor,False,False
0,25.71,1,30.24,17,17.0,0.09,0.13,2.68,0.25,May,2,2,2,6,Returning_Visitor,False,False
5,19.67,2,51.65,66,4254.67,0.01,0.02,12.11,0.15,Nov,3,2,8,6,Returning_Visitor,False,False
1,164.05,1,21.36,50,1542.13,0.01,0.05,4.47,0.16,Nov,2,2,1,6,Returning_Visitor,False,False
0,66.26,1,0.0,5,619.67,0.11,0.13,5.35,0.0,Mar,3,2,1,6,Returning_Visitor,False,False
0,74.05,0,2.69,42,1556.43,0.01,0.07,2.27,0.19,Nov,2,1,3,6,Returning_Visitor,False,False
3,13.0,1,65.88,55,1606.74,0.01,0.03,5.53,1.0,May,3,2,7,4,Returning_Visitor,True,True
4,120.6,1,0.0,27,1781.21,0.02,0.03,1.27,0.16,May,2,2,1,6,Returning_Visitor,False,False
1,49.7,1,14.42,43,960.11,0.05,0.11,2.7,0.14,Nov,2,1,1,3,Returning_Visitor,False,False
1,66.92,1,24.83,34,855.78,0.02,0.03,2.5,0.13,May,3,2,1,13,Returning_Visitor,False,False
4,37.49,1,1.85,41,1908.41,0.03,0.07,0.93,0.11,Mar,1,1,7,3,Returning_Visitor,False,False
2,147.41,1,40.47,57,755.0,0.01,0.02,3.94,0.0,May,2,2,1,2,Returning_Visitor,False,False
0,167.83,0,0.0,23,916.17,0.03,0.04,4.91,0.18,Nov,2,2,3,6,New_Visitor,False,False
2,111.69,1,45.16,51,1818.72,0.03,0.05,2.58,0.13,Nov,3,3,1,1,Returning_Visitor,False,False
1,237.15,0,61.95,63,1941.78,0.0,0.04,13.48,0.0,Nov,2,5,1,1,Returning_Visitor,False,True
2,97.47,1,8.16,45,1722.0,0.01,0.07,2.36,0.1,Nov,1,1,1,6,Returning_Visitor,False,False
3,178.6,1,26.15,72,2468.34,0.02,0.06,5.88,0.19,Nov,2,3,2,3,Returning_Visitor,False,False
1,163.97,1,23.85,45,1541.24,0.02,0.06,3.8,0.14,Nov,2,3,1,6,Returning_Visitor,False,False
1,169.48,1,26.41,50,1663.55,0.02,0.06,5.1,0.16,Nov,2,3,1,6,Returning_Visitor,False,False
2,174.35,1,25.92,66,1749.51,0.01,0.06,4.9,0.42,Nov,2,2,3,6,Returning_Visitor,False,False
2,207.65,1,36.78,73,1728.01,0.0,0.04,8.5,0.0,Nov,2,2,1,6,Returning_Visitor,False,True
2,127.1,1,10.73,40,1707.13,0.02,0.03,3.04,0.0,May,3,2,7,2,Returning_Visitor,False,False
1,24.25,1,10.32,36,1157.14,0.08,0.1,3.29,0.09,Nov,1,1,2,3,Returning_Visitor,False,False
4,89.26,0,25.98,45,90.33,0.03,0.03,2.62,0.12,Mar,3,3,1,13,Returning_Visitor,False,False
2,138.3,0,15.06,44,1481.55,0.02,0.07,2.41,0.14,Nov,2,3,1,6,Returning_Visitor,False,False
1,144.02,1,46.02,51,1471.57,0.02,0.06,0.0,0.14,Nov,2,2,1,6,Returning_Visitor,False,False
1,222.18,0,32.16,94,2100.27,0.03,0.08,12.44,0.0,Nov,2,6,2,1,Returning_Visitor,False,False
1,138.49,1,0.0,27,1448.59,0.02,0.06,1.04,0.0,Mar,2,3,2,3,Returning_Visitor,False,False
8,263.49,2,164.67,75,2916.48,0.01,0.03,28.44,0.09,Nov,8,1,1,6,Returning_Visitor,False,True
1,143.61,1,27.65,49,1464.37,0.02,0.06,3.75,0.14,Nov,2,3,1,6,Returning_Visitor,False,False
2,115.12,1,4.9,33,1486.58,0.02,0.04,0.94,0.12,Nov,8,1,7,6,Returning_Visitor,False,False
3,149.16,0,44.13,53,1969.25,0.03,0.03,4.68,0.11,Nov,3,3,1,1,Returning_Visitor,False,True
2,176.37,1,57.56,59,2730.47,0.01,0.04,12.24,0.0,Nov,2,2,7,1,Returning_Visitor,False,False
3,63.35,1,92.74,86,410.12,0.01,0.01,13.07,0.13,May,3,13,1,6,Returning_Visitor,True,False
0,152.88,1,47.91,29,1878.5,0.04,0.07,11.48,0.16,Nov,3,2,2,6,Returning_Visitor,False,False
2,174.51,1,32.44,56,1667.27,0.01,0.06,5.02,0.15,Nov,2,3,1,6,Returning_Visitor,False,False
3,164.35,1,49.94,54,2031.7,0.02,0.07,8.56,0.0,Nov,8,1,1,6,Returning_Visitor,False,False
1,94.43,1,29.78,30,1701.44,0.07,0.1,2.87,0.14,Mar,3,2,1,1,Returning_Visitor,False,False
0,78.97,1,17.17,24,947.0,0.06,0.12,4.04,0.15,Nov,2,2,1,1,Returning_Visitor,False,False
0,0.0,1,14.12,26,761.75,0.06,0.12,2.71,0.1,Nov,2,1,1,1,Returning_Visitor,False,False
1,149.9,1,19.06,43,1645.26,0.01,0.06,3.83,0.16,Nov,2,2,1,6,Returning_Visitor,False,False
4,170.71,1,63.23,60,2485.52,0.01,0.04,9.77,0.15,Nov,2,2,1,6,Returning_Visitor,False,False
1,136.88,0,29.76,50,1645.0,0.02,0.07,5.06,0.0,Nov,2,1,1,6,Returning_Visitor,False,False
2,195.84,2,36.19,9,321.0,0.04,0.07,3.51,0.19,Nov,2,1,1,1,Returning_Visitor,False,False
1,157.07,1,27.05,43,965.7,0.01,0.05,3.46,0.0,Nov,2,2,1,2,New_Visitor,False,False
1,167.21,1,37.72,62,1631.31,0.01,0.05,6.54,0.14,Nov,2,2,1,6,Returning_Visitor,False,False
1,163.93,1,18.56,33,1608.23,0.01,0.02,6.72,0.0,Mar,2,2,8,6,Returning_Visitor,False,False
3,278.14,0,56.29,63,2802.34,0.01,0.05,12.8,0.15,Nov,4,2,3,6,Returning_Visitor,False,True
1,109.34,1,17.03,38,1423.21,0.02,0.08,3.44,0.14,Nov,2,3,1,6,Returning_Visitor,False,False
2,160.28,1,47.88,57,1875.98,0.01,0.05,5.9,0.14,Nov,2,2,1,6,Returning_Visitor,False,False
1,38.02,1,24.74,44,2234.8,0.03,0.06,1.73,0.18,Mar,2,2,7,1,Returning_Visitor,False,False
0,58.71,1,0.0,75,3024.07,0.02,0.02,7.62,0.2,Nov,2,3,8,1,Returning_Visitor,False,False
2,163.68,1,24.7,52,1717.93,0.02,0.04,7.01,0.35,Mar,2,2,8,6,Returning_Visitor,False,False
2,177.24,2,75.43,75,1878.02,0.02,0.04,10.93,0.18,Nov,2,2,1,6,Returning_Visitor,False,True
3,144.61,1,3.68,53,1534.7,0.02,0.06,1.36,0.61,May,2,1,3,6,Returning_Visitor,False,False
1,150.48,1,24.65,64,1665.08,0.02,0.07,6.55,0.2,Nov,2,2,2,6,Returning_Visitor,False,False
2,148.78,0,22.81,47,1761.78,0.02,0.04,3.16,0.16,Nov,2,3,1,6,Returning_Visitor,False,False
0,53.78,1,24.26,34,1248.0,0.02,0.07,4.22,0.11,Nov,2,2,2,6,Returning_Visitor,False,False
4,549.0,2,608.45,45,560.34,0.01,0.08,7.45,0.15,Sep,2,12,1,1,Returning_Visitor,False,True
1,106.15,2,98.39,62,2141.4,0.01,0.02,17.28,0.2,Nov,3,2,1,6,Returning_Visitor,True,False
2,161.11,1,15.91,45,1423.53,0.01,0.04,2.46,0.16,Nov,2,2,1,2,New_Visitor,False,True
1,107.93,1,40.9,42,1354.89,0.05,0.07,3.91,0.14,Mar,3,2,1,6,Returning_Visitor,False,False
2,113.81,1,18.78,44,1421.27,0.01,0.02,3.72,0.18,May,2,2,1,6,Returning_Visitor,True,False
3,186.23,1,29.16,53,2220.74,0.01,0.01,8.48,0.0,Nov,2,3,1,6,Returning_Visitor,False,False
1,156.94,1,21.69,50,1892.9,0.01,0.05,6.39,0.15,Nov,2,3,1,6,Returning_Visitor,False,True
2,157.52,1,35.18,55,1870.8,0.01,0.04,6.64,0.13,Nov,2,2,1,6,Returning_Visitor,False,True
1,156.71,1,45.92,54,1922.5,0.01,0.06,7.85,0.16,Nov,2,2,1,6,Returning_Visitor,False,False
2,168.85,1,30.34,48,1668.32,0.02,0.05,5.25,0.15,Nov,2,3,1,6,Returning_Visitor,False,False
2,127.03,1,16.66,46,1445.8,0.01,0.05,3.16,0.14,Nov,2,3,1,6,Returning_Visitor,False,False
0,10.02,0,1.21,21,227.7,0.04,0.12,1.92,0.09,Nov,1,1,3,3,Returning_Visitor,False,False
0,103.07,1,23.72,48,1829.25,0.01,0.07,5.08,0.13,Nov,2,2,2,6,Returning_Visitor,False,False
1,168.19,1,35.06,52,1444.76,0.02,0.05,3.78,0.14,Nov,2,3,1,6,Returning_Visitor,False,False
0,45.73,1,26.28,22,975.06,0.07,0.13,3.78,0.13,Mar,2,3,1,1,Returning_Visitor,False,False
0,52.52,1,17.8,24,681.06,0.05,0.11,2.94,0.12,Nov,2,3,1,6,Returning_Visitor,False,False
2,185.14,1,32.81,62,1892.71,0.01,0.06,9.68,0.13,Nov,2,3,1,6,Returning_Visitor,False,False
1,126.84,1,24.58,47,1762.3,0.02,0.06,4.84,0.13,Nov,2,2,1,6,Returning_Visitor,False,True
5,241.42,2,447.5,64,1839.61,0.01,0.03,0.0,0.16,Nov,8,2,1,6,Returning_Visitor,True,False
2,173.17,0,20.7,57,1288.73,0.01,0.03,5.52,0.09,Nov,2,2,2,6,Returning_Visitor,True,False
0,33.26,1,10.66,23,1050.76,0.04,0.11,1.57,0.14,Mar,2,3,2,1,Returning_Visitor,False,False
0,72.42,0,19.47,33,1323.58,0.02,0.07,3.22,0.0,Nov,2,2,2,2,Returning_Visitor,False,False
4,212.74,3,108.59,68,2130.04,0.03,0.05,7.79,0.15,Nov,2,2,1,1,Returning_Visitor,False,False
2,187.03,0,36.6,51,1611.09,0.02,0.03,0.0,0.19,Mar,2,13,1,1,Returning_Visitor,False,False
1,153.51,1,49.43,19,262.03,0.02,0.06,2.43,0.15,Dec,2,3,1,2,New_Visitor,False,False
0,86.75,1,25.7,37,1473.84,0.02,0.09,5.21,0.16,Nov,2,3,2,6,Returning_Visitor,False,False
3,193.96,1,57.65,95,1771.48,0.01,0.03,9.04,0.13,Nov,2,2,2,6,Returning_Visitor,False,False
3,194.56,0,0.0,44,1467.28,0.0,0.03,12.04,0.12,May,2,13,7,2,New_Visitor,False,True
3,14.0,1,34.45,52,1581.93,0.03,0.02,3.35,0.32,May,2,2,7,6,Returning_Visitor,True,False
2,72.67,1,24.57,63,1382.92,0.01,0.04,5.64,0.2,Nov,2,2,1,6,Returning_Visitor,False,True
1,139.43,1,27.15,49,1763.61,0.01,0.06,6.08,0.14,Nov,2,2,1,6,Returning_Visitor,False,True
0,0.0,1,47.32,24,998.84,0.04,0.07,2.57,0.14,Nov,3,2,1,2,Returning_Visitor,False,True
5,243.07,1,492.9,49,2456.39,0.01,0.01,43.25,0.13,Nov,3,1,2,6,Returning_Visitor,False,False
1,133.66,1,28.26,47,2016.6,0.02,0.06,6.16,0.14,Nov,2,2,1,6,Returning_Visitor,False,False
2,197.4,1,55.66,85,1877.44,0.01,0.04,10.78,0.22,Nov,2,2,2,6,Returning_Visitor,False,True
9,240.81,3,365.25,62,1837.81,0.01,0.04,5.64,0.09,Nov,1,1,1,6,Returning_Visitor,False,False
1,122.76,1,0.0,47,857.12,0.02,0.04,4.64,0.14,Dec,2,2,1,2,New_Visitor,False,False
1,161.64,1,15.43,47,1460.92,0.01,0.05,0.0,0.15,Nov,2,3,1,6,Returning_Visitor,False,False
2,201.84,1,56.51,72,1646.19,0.01,0.06,8.59,0.14,Nov,2,3,1,6,Returning_Visitor,False,False
0,0.0,1,14.89,20,418.37,0.03,0.09,2.07,0.15,Nov,2,2,1,2,Returning_Visitor,False,False
3,162.49,1,39.19,58,2436.86,0.01,0.03,11.86,0.14,Nov,2,1,2,6,Returning_Visitor,False,True
5,210.96,2,143.17,127,2279.6,0.01,0.02,77.11,0.12,Nov,3,2,2,2,New_Visitor,False,True
2,57.88,1,36.54,43,219.5,0.05,0.06,3.83,0.22,May,3,2,1,3,Returning_Visitor,False,False
1,151.38,1,43.45,7,1780.71,0.02,0.04,6.53,0.16,Nov,2,3,1,2,Returning_Visitor,False,True
2,147.94,1,29.95,50,1627.85,0.02,0.06,3.85,0.16,Nov,2,3,1,1,Returning_Visitor,False,False
1,159.72,1,63.18,44,1993.38,0.02,0.06,4.49,0.36,Feb,2,1,4,6,Returning_Visitor,False,False
1,182.78,1,18.41,42,1569.07,0.02,0.05,6.37,0.19,Nov,2,3,1,1,Returning_Visitor,False,False
2,136.42,1,10.34,39,1565.85,0.02,0.08,1.77,0.12,Nov,1,1,4,6,Returning_Visitor,False,False
1,131.9,1,37.57,56,1793.26,0.04,0.09,7.7,0.13,Nov,2,2,1,1,Returning_Visitor,False,False
3,178.01,1,58.25,44,2232.15,0.01,0.06,7.26,0.0,Nov,1,1,1,6,Returning_Visitor,False,False
1,68.11,0,0.0,32,1436.67,0.01,0.04,5.99,0.14,May,2,2,1,2,Returning_Visitor,False,True
0,0.0,1,26.34,19,482.5,0.11,0.13,3.81,0.1,Nov,3,1,1,1,Returning_Visitor,False,False
2,180.89,1,59.81,64,1759.91,0.01,0.03,9.54,0.19,Nov,2,2,1,6,Returning_Visitor,False,False
3,147.15,1,24.97,52,1391.63,0.01,0.02,0.83,0.13,Nov,2,2,8,2,New_Visitor,False,False
4,206.49,1,43.66,48,2173.99,0.02,0.02,3.35,0.26,Nov,2,1,8,1,Returning_Visitor,False,False
5,174.99,1,0.0,40,1451.02,0.01,0.05,1.0,0.09,Nov,1,1,7,2,Returning_Visitor,False,False
9,103.93,1,20.34,36,2056.91,0.02,0.02,0.0,0.11,Nov,3,3,7,2,Returning_Visitor,False,True
2,68.6,1,36.24,10,631.16,0.02,0.04,5.18,0.35,Dec,2,2,1,6,New_Visitor,True,False
6,229.31,1,0.0,12,1575.41,0.01,0.04,5.27,0.19,Sep,2,3,1,6,Returning_Visitor,False,False
3,273.0,2,71.97,51,1407.65,0.01,0.04,11.96,0.28,Nov,2,2,8,4,Returning_Visitor,False,False
0,0.0,0,29.37,45,1919.06,0.02,0.06,6.1,0.15,Nov,2,3,2,6,Returning_Visitor,False,False
1,140.83,1,24.25,51,1636.07,0.02,0.07,4.57,0.14,Nov,2,3,1,1,Returning_Visitor,False,False
2,150.37,2,82.02,53,1581.7,0.03,0.08,4.41,0.12,Nov,2,1,1,1,Returning_Visitor,False,False
4,147.2,1,30.04,64,1817.71,0.01,0.03,4.02,0.16,Nov,2,3,1,6,Returning_Visitor,True,False
1,145.62,1,47.53,46,1597.36,0.04,0.04,5.7,0.14,Mar,3,3,1,6,Returning_Visitor,True,False
1,85.51,1,14.86,40,1443.26,0.02,0.08,3.2,0.12,Nov,2,3,1,6,Returning_Visitor,False,False
0,86.67,1,24.64,27,1239.87,0.03,0.07,0.0,0.13,Nov,2,2,1,6,Returning_Visitor,True,False
0,43.32,1,31.28,31,938.42,0.03,0.09,5.21,0.16,Nov,2,2,2,6,Returning_Visitor,False,False
3,192.84,1,66.39,57,1875.37,0.04,0.08,7.59,0.0,Nov,3,3,1,6,Returning_Visitor,False,False
3,173.07,2,89.26,69,2269.78,0.01,0.04,9.93,0.17,Nov,2,2,1,6,Returning_Visitor,False,False
2,150.58,1,43.4,60,2009.0,0.03,0.07,5.65,0.16,Nov,2,2,2,1,Returning_Visitor,False,False
1,116.82,1,18.01,43,1634.28,0.02,0.08,4.1,0.13,Nov,2,3,1,6,Returning_Visitor,False,False
4,232.3,2,71.22,49,930.58,0.01,0.03,5.52,0.0,Jul,3,2,1,4,New_Visitor,False,False
1,194.02,1,34.04,69,1320.93,0.0,0.05,5.14,0.1,Nov,2,2,2,6,Returning_Visitor,True,False
0,88.56,1,5.85,22,1402.7,0.01,0.04,3.45,0.15,Nov,2,2,3,2,Returning_Visitor,False,False
5,175.24,1,21.41,40,1584.62,0.02,0.06,2.89,0.22,Nov,2,3,1,1,Returning_Visitor,False,False
1,100.46,1,15.15,38,1731.42,0.01,0.07,3.78,0.13,Nov,2,1,2,6,Returning_Visitor,False,False
6,265.35,1,93.12,61,2834.49,0.01,0.03,13.5,0.13,Nov,2,1,2,1,Returning_Visitor,False,True
2,169.89,1,38.53,54,2328.35,0.02,0.03,5.26,0.17,Mar,2,3,1,1,Returning_Visitor,False,False
2,153.16,1,29.85,51,1790.08,0.01,0.04,5.37,0.13,Nov,2,1,1,6,Returning_Visitor,False,False
3,280.27,1,21.91,42,1521.29,0.0,0.04,1.08,0.25,Nov,2,2,3,2,Returning_Visitor,False,False
1,161.6,1,26.95,51,2239.12,0.02,0.06,11.16,0.14,Mar,2,2,2,6,Returning_Visitor,False,False
1,51.53,1,16.61,30,0.0,0.07,0.12,3.29,0.12,Nov,2,1,1,3,Returning_Visitor,False,False
1,82.68,1,59.74,56,483.58,0.02,0.06,4.67,0.2,May,2,2,1,3,Returning_Visitor,True,False
1,127.32,1,20.96,43,1571.95,0.02,0.06,4.42,0.13,Nov,2,2,1,6,Returning_Visitor,False,False
1,125.16,1,104.12,44,2572.73,0.04,0.02,24.22,0.28,May,3,2,1,6,Returning_Visitor,True,False
1,194.32,1,48.67,52,2352.97,0.01,0.03,12.07,0.0,Nov,2,3,1,5,Returning_Visitor,False,False
3,88.0,1,12.53,63,1249.46,0.01,0.04,9.56,0.28,May,2,2,3,6,Returning_Visitor,False,False
2,166.13,1,18.44,50,1763.19,0.03,0.08,3.89,0.27,Nov,2,3,1,6,Returning_Visitor,False,False
1,134.26,1,10.13,38,1482.61,0.01,0.05,0.0,0.17,Nov,2,2,1,6,Returning_Visitor,False,False
1,134.67,0,0.0,35,1412.27,0.01,0.04,3.39,0.0,Nov,2,2,7,2,New_Visitor,False,True
1,125.89,1,29.48,54,1586.5,0.02,0.06,5.17,0.14,Nov,2,3,1,6,Returning_Visitor,False,False
12,145.8,2,125.75,76,2341.77,0.06,0.05,12.06,0.1,Nov,3,3,1,3,Returning_Visitor,False,False
2,150.68,1,0.0,24,1173.12,0.02,0.04,1.28,0.0,Nov,2,3,1,2,Returning_Visitor,False,False
1,114.0,1,36.89,8,1030.97,0.05,0.09,6.0,0.13,Nov,2,2,1,6,Returning_Visitor,False,False
1,156.39,2,146.87,62,2131.89,0.01,0.03,14.43,0.22,Nov,3,2,8,6,Returning_Visitor,True,True
0,0.0,1,68.65,26,918.06,0.03,0.1,4.11,0.23,May,3,2,1,3,Returning_Visitor,False,False
1,186.48,1,79.49,68,1555.51,0.02,0.04,7.55,0.16,Nov,3,2,1,6,Returning_Visitor,True,False
1,126.11,0,27.51,56,1803.33,0.02,0.08,5.82,0.12,Nov,2,1,1,6,Returning_Visitor,False,False
2,158.38,1,18.71,42,1565.45,0.01,0.05,3.13,0.14,Nov,2,3,1,6,Returning_Visitor,False,False
1,153.44,1,26.35,52,1568.59,0.01,0.05,5.25,0.14,Nov,2,2,1,6,Returning_Visitor,False,True
0,0.0,1,100.01,52,1766.92,0.03,0.03,15.83,0.44,Feb,2,2,2,6,Returning_Visitor,False,False
0,126.08,0,0.0,33,1239.6,0.08,0.1,6.64,0.0,Mar,3,2,1,6,Returning_Visitor,False,False
0,165.87,1,42.2,61,1640.43,0.02,0.07,9.19,0.23,June,2,2,8,1,Returning_Visitor,False,False
1,164.6,1,13.88,33,1190.89,0.01,0.07,1.97,0.12,Nov,2,3,1,2,New_Visitor,False,False
1,199.71,1,25.13,55,1703.66,0.02,0.04,4.72,0.0,Nov,2,2,1,4,Returning_Visitor,False,True
1,69.99,1,27.59,42,2256.16,0.03,0.09,6.74,0.13,Nov,2,1,1,1,Returning_Visitor,False,False
2,98.2,1,12.56,37,898.7,0.03,0.07,2.18,0.14,Nov,2,3,1,6,Returning_Visitor,False,False
6,204.08,2,50.65,61,1985.34,0.0,0.04,7.84,0.08,Nov,1,1,1,6,Returning_Visitor,False,True
1,168.44,1,40.25,56,1816.31,0.03,0.08,7.28,0.1,Mar,2,5,2,6,Returning_Visitor,False,False
1,71.39,1,28.82,48,2047.73,0.05,0.08,3.74,0.14,Mar,2,3,2,1,Returning_Visitor,False,False
1,158.39,0,29.01,52,1791.79,0.01,0.06,6.94,0.14,Nov,2,2,1,6,Returning_Visitor,False,False
2,86.17,1,0.0,42,1958.42,0.02,0.05,0.78,0.0,May,2,2,7,6,Returning_Visitor,False,False
1,154.87,1,25.95,53,1689.98,0.02,0.06,5.32,0.13,Nov,2,2,1,6,Returning_Visitor,False,False
2,156.17,0,43.03,46,1736.23,0.04,0.1,4.74,0.37,May,3,3,1,6,Returning_Visitor,False,False
0,40.52,1,11.93,18,554.98,0.03,0.11,0.0,0.12,Nov,2,3,1,2,Returning_Visitor,False,False
0,49.28,1,18.49,27,0.0,0.1,0.2,2.3,0.12,Mar,2,1,1,1,Returning_Visitor,False,False
1,140.55,1,0.0,30,1109.08,0.02,0.04,2.62,0.13,Nov,2,2,2,2,Returning_Visitor,False,False
0,183.08,1,40.19,76,1403.67,0.01,0.03,0.0,0.14,Nov,2,2,2,2,Returning_Visitor,False,False
1,120.99,1,5.01,16,1090.6,0.03,0.04,2.02,0.12,Nov,2,1,3,6,Returning_Visitor,False,False
0,92.32,0,49.77,26,2232.45,0.11,0.12,0.0,0.4,Nov,3,2,6,6,Returning_Visitor,False,False
0,42.24,1,17.19,35,1701.59,0.01,0.02,3.19,0.15,Mar,2,2,2,6,Returning_Visitor,False,False
2,125.01,1,7.91,42,1521.77,0.02,0.06,2.58,0.13,Nov,2,1,1,1,Returning_Visitor,False,False
1,199.65,1,59.96,47,1100.51,0.07,0.11,6.57,0.26,Nov,3,3,1,6,Returning_Visitor,False,False
4,34.2,1,58.58,95,1660.52,0.0,0.02,14.35,0.14,Nov,2,2,1,4,Returning_Visitor,False,False
1,81.55,1,6.56,27,1127.76,0.02,0.08,0.0,0.13,Nov,2,1,1,6,Returning_Visitor,False,False
3,187.78,2,43.87,50,2861.25,0.02,0.03,5.81,0.13,Nov,1,1,1,1,Returning_Visitor,False,False
2,168.19,1,26.17,41,2980.34,0.03,0.05,4.87,0.12,Mar,2,1,1,1,Returning_Visitor,False,False
7,248.71,2,119.15,157,4287.94,0.01,0.02,31.86,0.13,Dec,2,4,1,2,Returning_Visitor,False,True
1,140.95,1,34.46,54,1673.14,0.02,0.05,5.1,0.14,Nov,2,2,1,1,Returning_Visitor,False,False
3,177.82,1,39.94,54,587.92,0.01,0.03,4.21,0.16,Nov,2,2,1,6,Returning_Visitor,False,True
0,0.0,0,8.39,35,1895.53,0.06,0.11,0.0,0.08,Nov,1,1,3,1,Returning_Visitor,False,False
2,153.78,1,30.45,55,1886.06,0.02,0.06,5.72,0.14,Nov,2,3,1,6,Returning_Visitor,False,False
3,214.56,2,140.29,84,2172.86,0.02,0.03,38.89,0.18,Nov,3,2,1,6,Returning_Visitor,False,True
1,99.6,1,25.13,35,1716.09,0.02,0.07,3.84,0.15,Nov,2,2,1,6,Returning_Visitor,False,False
2,133.24,1,0.0,34,1144.29,0.01,0.05,0.66,0.14,Nov,2,3,1,2,New_Visitor,False,False
1,63.21,1,11.18,33,269.0,0.03,0.1,2.32,0.11,Nov,2,1,1,6,Returning_Visitor,False,False
3,250.74,1,83.09,55,2337.36,0.01,0.05,7.54,0.07,Nov,1,1,1,6,Returning_Visitor,False,False
2,169.3,0,25.1,49,1534.18,0.02,0.07,4.2,0.15,Nov,2,3,1,6,Returning_Visitor,False,False
2,140.4,1,44.69,54,2049.65,0.02,0.06,4.4,0.12,Nov,3,3,1,6,Returning_Visitor,False,False
3,196.05,2,106.48,75,1453.45,0.02,0.04,7.6,0.14,Nov,3,2,1,6,Returning_Visitor,True,False
0,47.93,0,7.62,22,786.27,0.01,0.06,1.66,0.12,Nov,2,2,8,2,Returning_Visitor,False,False
1,114.02,1,12.04,39,1410.21,0.0,0.07,3.45,0.0,Nov,2,3,2,6,Returning_Visitor,False,False
0,77.46,1,12.92,31,655.64,0.03,0.06,2.21,0.22,Nov,2,2,1,1,Returning_Visitor,False,False
2,205.0,1,85.37,68,1167.0,0.04,0.09,12.25,0.12,Mar,2,13,1,6,Returning_Visitor,False,False
1,175.6,1,47.16,62,1663.41,0.01,0.05,8.43,0.16,Nov,2,2,1,6,Returning_Visitor,False,False
1,68.57,1,13.15,41,1417.72,0.02,0.09,1.99,0.13,Nov,1,1,1,3,Returning_Visitor,False,False
1,179.56,0,19.85,46,1562.87,0.02,0.07,4.7,0.15,Nov,2,3,1,6,Returning_Visitor,False,False
0,30.5,1,18.57,21,1637.71,0.2,0.2,1.59,0.0,Mar,3,3,1,1,Returning_Visitor,False,False
1,92.78,1,14.35,32,1487.24,0.02,0.07,0.0,0.14,Nov,2,1,1,6,Returning_Visitor,False,False
2,174.06,1,13.44,42,1821.26,0.02,0.05,4.99,0.0,Nov,2,3,1,6,Returning_Visitor,False,True
2,339.94,0,21.23,50,2303.03,0.02,0.03,4.19,0.18,Nov,4,7,1,1,Returning_Visitor,False,False
1,164.56,1,22.68,55,1733.31,0.01,0.05,0.0,0.13,Nov,2,2,1,6,Returning_Visitor,False,False
2,182.92,1,37.73,61,1653.02,0.02,0.05,6.52,0.16,Nov,2,2,1,6,Returning_Visitor,False,False
3,188.94,1,45.63,16,2671.57,0.02,0.04,5.64,0.18,Nov,2,3,1,1,Returning_Visitor,False,False
1,102.0,1,10.79,20,1741.69,0.02,0.04,2.57,0.14,Nov,2,1,2,6,Returning_Visitor,False,False
4,175.98,2,137.85,111,2023.21,0.01,0.0,30.46,0.19,Nov,3,2,2,6,Returning_Visitor,False,True
0,63.1,1,20.24,33,1229.43,0.02,0.08,5.13,0.15,Nov,2,2,2,6,Returning_Visitor,False,False
0,0.0,0,33.35,17,588.87,0.05,0.11,4.25,0.14,May,3,2,1,2,Returning_Visitor,False,False
1,163.0,1,33.95,64,1546.71,0.03,0.07,7.3,0.17,Nov,2,3,1,6,Returning_Visitor,False,False
1,186.42,1,52.48,63,1669.76,0.01,0.06,10.3,0.15,Nov,2,2,1,6,Returning_Visitor,False,False
0,135.43,1,27.14,45,1626.84,0.02,0.04,5.71,0.24,Nov,2,2,2,6,Returning_Visitor,False,False
3,165.43,2,105.95,74,1834.96,0.08,0.06,0.0,0.14,Nov,3,3,1,20,Returning_Visitor,False,False
1,110.51,1,14.36,34,1405.21,0.04,0.07,3.49,0.13,Nov,2,1,1,1,Returning_Visitor,False,True
1,136.86,1,19.63,47,1353.8,0.02,0.07,4.03,0.12,Nov,2,3,1,6,Returning_Visitor,False,False
10,270.24,3,177.2,86,2372.78,0.03,0.06,2.09,0.1,Nov,2,2,1,2,Returning_Visitor,False,False
0,55.4,1,30.98,26,1239.85,0.0,0.06,0.0,0.0,Nov,2,2,4,2,Returning_Visitor,False,False
1,93.49,1,34.03,45,2342.63,0.05,0.09,4.69,0.16,Mar,2,1,1,1,Returning_Visitor,False,True
4,207.19,1,49.23,69,4446.3,0.01,0.04,10.2,0.17,Nov,2,3,1,6,Returning_Visitor,False,False
1,190.49,1,38.21,43,1427.79,0.02,0.04,9.55,0.0,Nov,2,2,1,6,Returning_Visitor,False,False
6,285.91,4,146.61,56,2082.18,0.01,0.03,13.4,0.0,Nov,1,1,1,1,Returning_Visitor,False,False
1,143.41,1,23.66,46,1621.77,0.02,0.06,5.09,0.13,Nov,2,3,1,6,Returning_Visitor,False,False
1,148.6,1,22.23,51,1388.2,0.02,0.07,4.3,0.14,Nov,2,1,1,6,Returning_Visitor,False,False
6,202.82,2,120.47,90,2788.08,0.04,0.04,13.19,0.18,Nov,3,2,1,4,Returning_Visitor,True,False
1,107.18,1,24.29,39,1282.97,0.02,0.07,0.0,0.0,Nov,2,1,1,6,Returning_Visitor,False,False
2,140.75,0,8.04,12,1675.83,0.01,0.04,3.9,0.2,Mar,2,13,1,6,Returning_Visitor,False,False
2,131.07,1,41.12,52,1974.15,0.02,0.02,2.37,0.23,Nov,2,2,2,1,Returning_Visitor,False,False
2,162.36,1,21.7,50,1793.93,0.0,0.05,4.71,0.16,Nov,2,3,1,6,Returning_Visitor,False,False
4,204.72,0,29.86,53,1889.14,0.03,0.06,8.27,0.13,Mar,1,1,1,6,Returning_Visitor,False,False
2,73.51,1,24.96,46,985.21,0.2,0.12,3.3,0.1,Nov,1,1,1,1,Returning_Visitor,False,False
2,161.9,1,26.89,51,1554.95,0.02,0.04,4.78,0.15,Nov,2,3,1,6,Returning_Visitor,False,False
5,47.33,2,100.6,85,1898.57,0.01,0.03,7.46,0.15,Nov,2,2,1,6,Returning_Visitor,False,False
1,148.98,1,25.49,38,1555.12,0.01,0.05,4.38,0.18,Nov,2,3,1,2,Returning_Visitor,False,False
8,303.87,1,19.23,61,2619.69,0.01,0.03,8.36,0.0,Mar,4,1,2,3,Returning_Visitor,False,False
2,11.0,1,6.0,38,1785.41,0.04,0.04,2.33,0.0,Mar,2,3,1,1,Returning_Visitor,False,False
2,179.61,1,24.78,57,1697.57,0.01,0.06,5.41,0.15,Nov,2,3,1,6,Returning_Visitor,False,False
3,195.54,2,66.91,49,1435.46,0.02,0.03,3.19,0.18,Nov,2,2,7,6,Returning_Visitor,False,False
1,114.17,1,22.12,43,1543.28,0.03,0.08,4.02,0.13,Nov,2,3,1,6,Returning_Visitor,False,True
1,117.45,1,25.39,49,1602.69,0.02,0.07,5.23,0.15,Nov,2,3,1,6,Returning_Visitor,False,False
1,103.82,1,10.0,27,1804.41,0.02,0.04,1.18,0.22,Nov,2,3,1,6,Returning_Visitor,False,False
2,145.61,1,45.27,61,1676.85,0.02,0.05,6.37,0.19,Nov,3,2,1,6,Returning_Visitor,True,False
0,65.49,0,37.91,7,684.69,0.03,0.09,3.31,0.14,Nov,2,2,2,6,Returning_Visitor,False,False
5,256.88,1,67.78,53,2296.41,0.0,0.03,11.57,0.0,Nov,1,1,1,2,Returning_Visitor,False,True
1,139.68,1,25.16,52,1449.22,0.02,0.05,5.68,0.14,Nov,2,3,1,6,Returning_Visitor,False,True
1,165.82,1,20.0,35,1364.97,0.02,0.05,3.62,0.16,Nov,2,3,1,1,Returning_Visitor,False,False
0,128.73,1,44.23,59,1998.34,0.01,0.04,9.75,0.0,Nov,2,2,2,2,Returning_Visitor,False,False
1,136.49,1,24.74,39,1227.6,0.02,0.04,0.0,0.13,Nov,2,2,1,2,Returning_Visitor,False,False
3,233.61,2,22.15,39,2551.74,0.0,0.05,7.83,0.22,Mar,2,4,1,1,Returning_Visitor,False,False
0,29.71,1,0.0,19,805.33,0.03,0.11,3.2,0.0,Nov,2,2,1,2,Returning_Visitor,False,False
0,29.65,0,0.0,21,770.24,0.01,0.09,1.35,0.12,Nov,2,2,3,2,Returning_Visitor,False,False
0,58.77,0,4.51,23,1240.99,0.01,0.04,3.7,0.14,Nov,2,2,3,2,Returning_Visitor,False,False
3,190.72,1,64.48,56,1819.02,0.01,0.02,69.43,0.18,May,2,2,3,6,Returning_Visitor,False,True
0,63.28,1,37.32,2,527.62,0.11,0.13,6.92,0.11,Mar,2,3,1,3,Returning_Visitor,False,False
1,152.06,0,22.64,47,1695.31,0.02,0.07,4.36,0.15,Nov,2,3,2,6,Returning_Visitor,False,False
2,131.28,1,0.0,49,1373.52,0.01,0.02,5.0,0.15,Mar,2,13,1,6,New_Visitor,False,False
2,194.23,1,35.98,54,1844.45,0.01,0.01,10.7,0.15,Nov,2,1,1,6,Returning_Visitor,True,False
2,209.06,1,35.65,49,1935.6,0.02,0.05,0.0,0.25,Nov,2,2,8,6,Returning_Visitor,False,False
1,108.37,1,21.07,47,1601.14,0.02,0.07,4.03,0.14,Nov,2,3,2,6,Returning_Visitor,False,False
1,150.68,1,46.48,59,1849.53,0.02,0.06,5.07,0.13,Nov,2,1,1,6,Returning_Visitor,True,False
0,48.52,1,9.01,23,711.41,0.04,0.11,2.27,0.11,Nov,2,3,1,2,Returning_Visitor,False,False
1,161.53,1,23.45,63,1615.34,0.0,0.04,3.8,0.18,Nov,2,2,1,6,Returning_Visitor,False,True
8,1307.68,2,152.96,48,3605.07,0.01,0.03,23.89,0.09,Nov,1,1,1,1,Returning_Visitor,False,True
1,119.54,1,21.52,42,1529.01,0.02,0.07,4.76,0.14,Nov,2,2,1,6,Returning_Visitor,False,True
2,172.11,3,149.06,82,1988.76,0.03,0.04,19.89,0.15,Dec,3,2,1,6,Returning_Visitor,True,False
1,49.91,1,0.0,41,89.5,0.06,0.12,0.0,0.15,Nov,2,1,1,3,Returning_Visitor,False,False
0,43.09,0,27.7,6,556.59,0.11,0.13,3.55,0.1,Mar,3,3,1,6,Returning_Visitor,False,True
3,238.49,5,17.2,69,1969.05,0.04,0.05,5.85,0.13,Mar,1,1,2,1,Returning_Visitor,False,False
1,151.53,1,23.57,52,1648.87,0.0,0.05,4.81,0.18,Nov,2,2,1,6,Returning_Visitor,False,False
1,111.45,1,32.3,56,2144.95,0.02,0.06,6.42,0.21,Nov,2,1,4,1,Returning_Visitor,False,False
4,153.35,2,21.0,109,1988.68,0.01,0.03,36.3,0.24,Nov,2,13,1,1,Returning_Visitor,False,True
0,95.48,0,0.0,28,2040.05,0.03,0.05,3.4,0.5,Nov,4,6,2,6,Returning_Visitor,False,False
0,0.0,0,12.29,24,1397.58,0.01,0.05,0.0,0.0,Nov,2,2,8,2,Returning_Visitor,False,False
0,68.88,1,15.67,2,498.54,0.04,0.09,4.15,0.16,Nov,2,2,1,11,Returning_Visitor,False,False
2,174.05,1,37.49,64,1660.84,0.01,0.05,5.87,0.15,Nov,2,2,1,6,Returning_Visitor,False,False
1,143.47,1,20.4,50,1538.62,0.02,0.07,4.78,0.14,Nov,2,3,1,6,Returning_Visitor,False,False
5,161.22,0,18.0,33,1480.31,0.0,0.02,10.46,0.11,May,2,13,1,2,Returning_Visitor,False,False
0,50.24,1,23.37,33,1627.53,0.07,0.11,3.52,0.16,Nov,2,2,1,1,Returning_Visitor,False,False
4,315.0,2,25.95,36,465.83,0.01,0.05,0.0,0.06,Nov,1,1,1,1,Returning_Visitor,False,False
3,181.05,0,0.0,41,2833.81,0.01,0.05,0.0,0.24,Nov,4,3,8,3,Returning_Visitor,False,False
0,26.18,1,18.36,15,145.5,0.03,0.1,2.08,0.12,Nov,2,2,1,2,Returning_Visitor,False,False
0,25.34,1,34.33,1,491.12,0.2,0.2,2.78,0.21,May,3,1,1,6,Returning_Visitor,False,False
3,107.01,1,96.19,47,1063.41,0.01,0.0,4.15,0.2,Nov,2,2,1,6,Returning_Visitor,True,False
7,212.02,1,172.0,55,2822.38,0.02,0.01,50.92,0.13,Nov,3,2,4,4,Returning_Visitor,False,False
2,168.8,0,49.47,59,1895.05,0.02,0.06,8.63,0.14,Nov,2,2,1,6,Returning_Visitor,False,True
1,109.19,1,19.38,39,1440.92,0.02,0.09,4.24,0.0,Nov,2,3,1,6,Returning_Visitor,False,False
3,128.84,1,255.0,52,2769.37,0.01,0.02,4.31,0.08,Nov,3,2,8,2,Returning_Visitor,True,False
2,176.46,1,39.69,58,1965.79,0.01,0.06,9.0,0.14,Nov,2,3,1,6,Returning_Visitor,False,False
3,9.0,1,78.85,401,1570.52,0.01,0.02,18.7,0.2,Dec,2,2,1,6,Returning_Visitor,False,True
2,197.56,2,95.71,71,1776.52,0.01,0.05,8.97,0.11,Nov,2,2,1,6,Returning_Visitor,False,False
0,63.37,1,16.33,27,939.62,0.03,0.1,2.67,0.12,Nov,2,2,1,6,Returning_Visitor,False,False
1,149.08,1,14.07,47,1343.33,0.01,0.03,3.03,0.21,Nov,2,2,3,2,Returning_Visitor,False,False
2,84.83,1,30.0,45,1355.89,0.02,0.06,5.19,0.14,Nov,2,3,1,6,Returning_Visitor,False,False
3,117.09,1,65.83,71,1371.41,0.01,0.03,11.45,0.0,Nov,2,2,1,6,Returning_Visitor,False,False
2,215.51,1,16.34,65,1499.7,0.01,0.04,10.77,0.16,Aug,2,4,3,6,Returning_Visitor,False,False
1,12.15,0,2.33,23,43.0,0.05,0.12,0.83,0.09,Mar,1,1,7,1,Returning_Visitor,False,False
1,171.01,0,94.19,21,316.25,0.08,0.05,13.13,0.16,May,3,13,1,4,Returning_Visitor,False,False
4,149.98,2,108.13,83,1004.31,0.02,0.0,3.82,0.16,Dec,2,2,2,2,New_Visitor,False,False
8,247.08,1,23.88,83,2100.99,0.01,0.03,0.0,0.13,Nov,8,2,8,6,Returning_Visitor,False,False
0,194.0,1,32.05,14,2133.24,0.02,0.06,13.08,0.51,May,4,3,2,2,Returning_Visitor,False,True
2,168.29,1,22.64,62,1774.47,0.02,0.06,5.53,0.15,Nov,2,3,1,6,Returning_Visitor,False,False
2,204.9,1,48.71,85,1908.84,0.0,0.03,11.09,0.0,Nov,2,2,1,4,Returning_Visitor,False,False
1,138.17,1,28.69,48,1761.37,0.02,0.06,4.5,0.12,Nov,2,3,1,6,Returning_Visitor,False,False
3,117.0,1,23.0,66,1415.87,0.01,0.0,1.47,0.14,Nov,2,2,7,2,Returning_Visitor,False,True
0,121.32,1,3.32,52,1574.97,0.0,0.05,0.0,0.17,Nov,2,2,3,2,Returning_Visitor,False,False
1,180.39,1,32.88,61,1548.71,0.0,0.03,5.7,0.2,Nov,2,2,8,6,Returning_Visitor,False,False
3,37.78,0,0.43,26,1268.92,0.0,0.04,0.18,0.12,Mar,1,1,8,3,Returning_Visitor,False,False
3,560.33,1,15.74,77,1104.99,0.0,0.01,2.05,0.1,Aug,1,1,1,2,New_Visitor,False,False
3,105.87,1,66.76,81,2011.22,0.0,0.03,14.08,0.19,Nov,2,2,1,6,Returning_Visitor,False,True
0,139.26,1,0.0,15,881.3,0.01,0.03,1.41,0.1,Mar,2,3,1,8,New_Visitor,False,False
0,0.0,0,21.7,62,2710.19,0.04,0.05,4.47,0.16,Mar,2,2,8,1,Returning_Visitor,False,False
2,165.17,1,34.49,56,1501.14,0.02,0.06,4.35,0.13,Nov,2,2,1,6,Returning_Visitor,False,False
1,165.25,1,30.26,57,1481.7,0.02,0.07,4.09,0.13,Nov,2,2,1,6,Returning_Visitor,False,False
1,161.49,1,34.51,54,1758.23,0.01,0.06,7.09,0.14,Nov,2,2,1,6,Returning_Visitor,False,False
2,130.65,1,35.5,58,946.6,0.01,0.03,11.14,0.16,Nov,2,2,1,6,Returning_Visitor,False,False
1,83.45,1,25.73,43,1904.86,0.02,0.08,3.77,0.0,Nov,2,1,1,1,Returning_Visitor,False,True
1,142.84,0,9.7,39,1401.35,0.02,0.06,3.57,0.17,Nov,2,3,1,6,Returning_Visitor,False,True
0,80.4,1,53.13,43,1962.09,0.01,0.06,0.0,0.14,Nov,2,2,2,2,Returning_Visitor,False,True
1,152.23,1,61.47,56,2071.21,0.05,0.11,3.35,0.2,May,3,2,1,6,Returning_Visitor,False,False
2,172.59,0,21.42,19,875.6,0.01,0.04,4.14,0.2,Nov,2,2,1,6,New_Visitor,False,False
1,66.73,1,35.89,34,1235.68,0.03,0.1,2.27,0.11,Mar,3,1,1,1,Returning_Visitor,False,False
1,162.22,1,41.92,62,1690.43,0.02,0.06,7.88,0.14,Nov,2,2,1,6,Returning_Visitor,False,False
1,100.09,1,16.89,40,1411.71,0.02,0.08,3.56,0.13,Nov,2,3,1,6,Returning_Visitor,False,False
2,168.05,1,19.36,37,1049.48,0.01,0.04,2.68,0.13,Nov,2,3,1,2,New_Visitor,False,False
2,68.0,1,30.07,46,1791.96,0.02,0.03,4.88,0.0,May,3,2,1,2,Returning_Visitor,False,False
2,167.52,0,75.84,70,1392.46,0.0,0.04,12.64,0.59,May,2,2,3,4,Returning_Visitor,True,False
1,150.9,2,71.55,77,1879.94,0.02,0.06,12.03,0.0,Nov,2,2,3,6,Returning_Visitor,False,True
0,0.0,1,19.63,32,1301.96,0.01,0.06,2.52,0.15,Nov,2,2,1,2,Returning_Visitor,False,True
1,140.92,1,17.07,38,1495.83,0.03,0.07,3.19,0.15,Nov,2,3,1,6,Returning_Visitor,False,False
1,168.52,1,36.78,54,1348.78,0.02,0.07,3.91,0.14,Nov,2,3,1,6,Returning_Visitor,False,False
1,133.07,0,15.96,43,1487.68,0.02,0.06,3.7,0.14,Nov,2,3,1,6,Returning_Visitor,False,False
7,369.58,6,88.32,60,3586.78,0.02,0.05,20.99,0.0,Nov,8,2,1,1,Returning_Visitor,False,False
1,91.36,1,31.05,46,1643.4,0.02,0.07,5.06,0.13,Nov,2,2,1,6,Returning_Visitor,False,False
1,111.22,2,69.17,60,2946.11,0.02,0.02,16.16,0.27,Nov,2,2,8,1,Returning_Visitor,False,False
4,130.78,1,31.36,52,1975.09,0.03,0.07,2.36,0.0,Nov,1,1,1,1,Returning_Visitor,False,False
2,162.88,1,40.84,44,1814.78,0.01,0.04,3.94,0.13,Nov,2,2,1,6,Returning_Visitor,False,True
3,144.57,0,8.88,53,1819.39,0.02,0.05,1.95,0.16,Nov,1,1,4,6,Returning_Visitor,False,False
1,112.08,1,29.42,45,1965.85,0.02,0.07,6.88,0.15,Nov,2,2,1,6,Returning_Visitor,False,False
3,234.9,0,0.0,58,1656.05,0.01,0.05,4.31,0.2,Aug,2,1,8,6,Returning_Visitor,False,False
2,183.78,1,28.54,60,1681.79,0.01,0.05,5.75,0.15,Nov,2,2,1,6,Returning_Visitor,False,False
1,211.07,1,0.0,39,1482.71,0.01,0.04,5.21,0.17,Sep,3,2,1,4,Returning_Visitor,False,False
2,170.37,1,11.15,43,1508.66,0.01,0.04,2.2,0.13,Nov,2,3,1,2,New_Visitor,False,False
1,99.44,1,19.98,38,1438.75,0.02,0.09,4.67,0.0,Nov,2,1,1,6,Returning_Visitor,False,False
0,116.4,1,28.26,43,1687.68,0.02,0.07,0.0,0.12,Nov,2,1,1,6,Returning_Visitor,False,False
0,38.38,1,50.06,28,946.01,0.05,0.13,4.67,0.21,Feb,3,3,1,6,Returning_Visitor,False,False
4,251.38,2,52.4,65,1947.26,0.0,0.04,2.4,0.1,Nov,1,1,1,1,Returning_Visitor,False,False
1,82.25,1,13.71,31,1233.14,0.02,0.08,0.0,0.13,Nov,2,3,1,6,Returning_Visitor,False,False
0,88.52,0,32.52,47,1929.56,0.0,0.02,14.18,0.15,May,2,2,2,2,Returning_Visitor,False,True
0,165.58,1,0.0,38,895.25,0.02,0.03,4.71,0.13,Nov,3,2,2,2,New_Visitor,False,False
1,0.0,1,13.62,51,828.29,0.04,0.1,5.79,0.13,Mar,2,7,2,3,Returning_Visitor,False,False
3,183.12,0,36.2,50,1423.97,0.02,0.05,5.15,0.17,Mar,2,13,1,6,Returning_Visitor,False,False
1,115.29,1,28.76,45,1463.05,0.03,0.05,4.3,0.14,Nov,2,2,1,6,Returning_Visitor,False,True
0,67.23,1,33.64,1,391.38,0.08,0.11,4.2,0.1,Nov,2,2,1,6,Returning_Visitor,False,False
1,138.01,1,20.23,42,1201.37,0.02,0.07,4.46,0.16,Nov,2,2,1,6,Returning_Visitor,False,False
2,54.55,1,73.05,60,486.5,0.01,0.03,11.79,0.47,May,2,2,1,6,Returning_Visitor,False,False
4,201.34,2,164.37,77,2110.72,0.04,0.04,12.05,0.0,Nov,3,2,1,1,Returning_Visitor,True,False
2,180.27,1,0.0,46,1782.33,0.01,0.02,10.31,0.2,May,2,13,2,6,Returning_Visitor,False,True
1,127.5,1,23.73,44,1194.66,0.02,0.05,2.22,0.12,Nov,2,2,1,2,Returning_Visitor,False,False
2,84.28,0,10.07,46,581.94,0.0,0.02,2.03,0.15,Nov,2,2,7,2,New_Visitor,False,True
1,115.35,1,7.37,40,3614.11,0.01,0.02,2.17,0.08,Nov,4,1,1,3,Returning_Visitor,True,False
1,124.57,1,21.06,45,1454.07,0.02,0.07,4.13,0.13,Nov,2,2,1,6,Returning_Visitor,False,True
2,148.14,1,41.79,42,1833.92,0.01,0.05,3.51,0.16,Nov,2,3,1,6,Returning_Visitor,False,False
1,152.73,1,39.94,57,1456.04,0.03,0.08,4.68,0.18,Nov,2,2,1,6,Returning_Visitor,False,True
1,92.35,1,17.62,38,1444.21,0.02,0.07,3.32,0.14,Nov,2,2,2,6,Returning_Visitor,False,False
2,113.09,1,33.1,66,1499.76,0.0,0.02,10.54,0.17,Aug,2,13,1,6,Returning_Visitor,False,True
6,198.88,2,36.92,50,2233.01,0.01,0.05,4.75,0.0,Nov,1,1,1,3,Returning_Visitor,False,False
2,139.23,1,28.91,59,1639.42,0.02,0.05,4.88,0.15,Nov,2,1,7,6,Returning_Visitor,False,False
4,127.59,1,22.75,64,1434.24,0.01,0.03,2.32,0.19,Nov,2,2,1,6,Returning_Visitor,False,False
1,148.65,1,42.46,53,1821.11,0.02,0.09,2.75,0.43,Nov,4,1,4,6,Returning_Visitor,False,False
2,165.04,1,17.39,38,1499.44,0.02,0.06,3.77,0.15,Nov,2,3,1,6,Returning_Visitor,False,False
5,162.46,3,106.67,66,1959.46,0.02,0.03,4.09,0.14,Nov,3,2,1,6,Returning_Visitor,False,False
0,135.53,1,101.64,60,1930.65,0.02,0.02,14.84,0.49,May,3,2,1,4,Returning_Visitor,False,False
2,166.36,1,36.65,55,1696.24,0.02,0.05,0.0,0.12,Nov,2,2,1,6,Returning_Visitor,False,False
1,253.69,2,92.8,64,1085.58,0.04,0.11,14.2,0.1,Nov,2,3,1,6,Returning_Visitor,False,False
1,45.04,1,12.21,43,879.66,0.05,0.12,2.56,0.09,Nov,1,1,1,3,Returning_Visitor,False,False
1,48.59,1,7.31,28,1022.09,0.02,0.09,0.0,0.12,Nov,2,1,1,6,Returning_Visitor,False,False
3,159.71,2,77.82,58,1893.45,0.02,0.06,9.39,0.12,Nov,8,1,1,6,Returning_Visitor,False,False
0,36.19,1,23.78,7,660.36,0.09,0.12,2.99,0.11,Mar,3,3,1,3,Returning_Visitor,False,False
0,0.0,1,8.21,11,265.32,0.04,0.11,1.53,0.13,Nov,2,2,1,6,Returning_Visitor,False,False
1,152.55,1,58.64,66,1895.45,0.03,0.07,4.05,0.2,May,3,2,1,6,Returning_Visitor,False,False
1,170.54,1,22.87,40,1365.41,0.01,0.04,3.15,0.18,Nov,2,2,1,2,New_Visitor,False,False
1,116.15,1,13.79,33,1011.79,0.03,0.07,0.0,0.14,Nov,2,3,1,6,Returning_Visitor,False,False
1,64.58,1,22.67,27,952.65,0.05,0.1,0.0,0.12,Nov,2,3,1,6,Returning_Visitor,False,False
1,58.69,1,65.23,16,799.71,0.09,0.13,1.56,0.29,May,2,2,1,6,Returning_Visitor,False,False
0,35.05,1,22.06,33,1436.29,0.02,0.07,1.72,0.18,May,2,2,2,6,Returning_Visitor,False,False
2,120.01,1,44.16,60,2319.32,0.03,0.08,10.86,0.12,Nov,2,3,1,1,Returning_Visitor,False,False
1,138.69,1,13.73,42,1661.95,0.02,0.08,2.87,0.1,Nov,1,1,1,6,Returning_Visitor,False,False
1,157.4,1,35.14,55,1684.29,0.01,0.05,6.34,0.16,Nov,2,2,1,6,Returning_Visitor,False,False
3,207.63,1,618.0,68,1440.4,0.01,0.04,8.94,0.21,Nov,2,2,1,4,Returning_Visitor,False,False
3,251.8,2,68.5,33,1044.31,0.02,0.04,0.0,0.17,Jul,2,3,1,6,New_Visitor,False,False
0,259.52,1,45.71,67,2029.14,0.01,0.05,14.18,0.21,Nov,2,2,3,6,Returning_Visitor,False,False
0,93.08,1,8.36,41,1667.51,0.0,0.09,7.16,0.14,Nov,4,1,3,6,Returning_Visitor,False,False
4,24.24,1,2.59,28,1712.2,0.03,0.05,0.9,0.11,Nov,1,1,3,3,Returning_Visitor,False,True
2,174.76,2,96.04,83,2321.94,0.02,0.04,13.21,0.28,Nov,2,2,8,1,Returning_Visitor,False,False
0,109.99,1,21.6,46,1835.51,0.02,0.06,5.91,0.19,Nov,2,2,3,6,Returning_Visitor,False,False
0,0.0,1,26.45,1,340.88,0.08,0.13,3.72,0.11,Nov,2,3,1,6,Returning_Visitor,False,False
0,84.86,1,16.27,34,1652.36,0.06,0.09,3.36,0.16,Nov,2,3,8,1,Returning_Visitor,False,False
2,170.03,1,29.49,41,1921.3,0.02,0.04,0.0,0.14,Mar,2,4,1,1,Returning_Visitor,False,False
1,188.18,0,37.45,69,2171.65,0.01,0.05,12.75,0.0,Nov,2,2,7,6,Returning_Visitor,False,True
1,0.0,1,11.85,40,1836.45,0.02,0.09,0.93,0.14,Nov,1,1,4,6,Returning_Visitor,False,False
0,133.96,1,0.0,34,1560.19,0.02,0.04,0.0,0.34,Nov,2,2,2,6,Returning_Visitor,False,False
2,160.4,1,33.17,53,1643.05,0.01,0.04,5.07,0.16,Nov,2,2,8,6,Returning_Visitor,False,False
0,37.28,1,23.01,3,381.17,0.1,0.13,3.46,0.09,Nov,2,3,1,6,Returning_Visitor,False,False
1,115.74,1,21.77,41,1433.51,0.03,0.08,3.92,0.14,Nov,2,3,2,6,Returning_Visitor,False,False
0,58.69,1,59.28,8,708.54,0.07,0.1,4.26,0.13,Nov,3,2,1,6,Returning_Visitor,False,True
1,0.0,1,6.85,39,1145.29,0.07,0.12,2.16,0.12,Nov,1,1,8,1,Returning_Visitor,False,False
1,157.23,1,25.71,46,1177.51,0.01,0.04,3.35,0.16,Nov,2,2,1,6,Returning_Visitor,False,False
1,170.44,1,22.94,50,1651.97,0.01,0.06,4.99,0.15,Nov,2,2,1,6,Returning_Visitor,False,False
7,294.96,0,86.0,71,2690.93,0.0,0.02,15.54,0.0,Nov,4,2,8,6,Returning_Visitor,False,True
3,89.73,1,24.18,47,1419.09,0.0,0.01,4.35,0.19,Mar,2,13,1,6,New_Visitor,False,False
0,101.67,1,27.2,60,304.75,0.01,0.05,7.39,0.25,Nov,3,2,3,6,Returning_Visitor,True,False
0,63.04,1,13.58,30,951.73,0.03,0.1,2.22,0.12,Nov,2,1,1,6,Returning_Visitor,False,False
1,221.03,1,45.21,62,1485.93,0.01,0.04,9.13,0.18,Nov,2,2,8,4,Returning_Visitor,False,False
1,107.54,1,22.58,46,1752.73,0.02,0.07,3.95,0.13,Nov,2,3,1,1,Returning_Visitor,False,False
3,143.43,1,10.52,46,1666.41,0.01,0.02,6.01,0.2,May,2,4,1,6,Returning_Visitor,False,False
0,60.94,1,39.36,29,1633.33,0.02,0.06,3.2,0.15,Nov,2,2,1,2,Returning_Visitor,False,False
1,112.54,1,19.28,43,1434.51,0.02,0.08,4.39,0.13,Nov,2,3,1,6,Returning_Visitor,False,True
2,47.3,1,5.91,32,1235.43,0.01,0.04,2.59,0.18,Nov,2,3,1,1,Returning_Visitor,False,False
2,157.79,1,13.6,57,1624.38,0.0,0.04,3.15,0.19,Nov,2,2,1,6,Returning_Visitor,False,False
1,129.68,1,25.29,47,1807.9,0.02,0.06,4.97,0.14,Nov,2,3,1,1,Returning_Visitor,False,False
1,122.25,1,49.12,45,1579.64,0.03,0.1,7.24,0.0,Nov,2,3,1,6,Returning_Visitor,False,False
0,41.07,1,0.0,25,1035.25,0.02,0.1,1.89,0.12,Nov,2,2,2,2,Returning_Visitor,False,False
1,121.57,1,16.14,42,1258.14,0.04,0.09,3.97,0.15,Nov,2,3,1,6,Returning_Visitor,False,False
1,128.69,1,18.59,39,1716.02,0.02,0.05,3.38,0.2,Nov,2,2,2,6,Returning_Visitor,False,False
1,81.94,4,103.39,66,2227.65,0.03,0.04,7.7,0.15,Nov,2,2,2,6,Returning_Visitor,False,False
2,146.23,1,38.82,52,2330.99,0.02,0.07,10.44,0.15,Nov,2,2,1,6,Returning_Visitor,False,False
4,99.13,2,102.01,9,1110.97,0.01,0.02,6.9,0.22,Nov,2,1,1,6,Returning_Visitor,True,False
3,59.23,0,79.99,119,3809.19,0.01,0.01,31.9,0.15,Aug,2,4,1,5,Returning_Visitor,False,True
2,173.33,1,25.5,57,1760.9,0.0,0.03,6.2,0.13,Nov,2,3,1,2,New_Visitor,False,False
2,166.97,1,40.73,73,1233.91,0.01,0.03,6.42,0.16,Dec,2,2,8,2,New_Visitor,False,False
1,14.5,1,13.99,27,580.37,0.2,0.2,2.36,0.12,May,1,1,1,3,Returning_Visitor,False,False
1,151.39,1,39.62,54,1879.2,0.02,0.06,7.42,0.15,Nov,2,2,1,6,Returning_Visitor,False,False
2,238.76,1,62.84,94,789.67,0.05,0.1,6.44,0.24,Jul,2,2,1,6,Returning_Visitor,False,False
8,237.97,2,136.39,143,4316.83,0.0,0.02,42.71,0.17,Dec,2,2,1,1,Returning_Visitor,False,True
0,79.68,1,0.0,18,756.04,0.09,0.12,3.93,0.1,Nov,2,3,1,1,Returning_Visitor,False,False
2,102.83,1,14.57,31,1069.33,0.04,0.07,4.71,0.11,Nov,2,1,9,3,Returning_Visitor,False,False
3,189.48,1,41.79,67,2632.11,0.01,0.04,14.09,0.17,Nov,2,2,8,6,Returning_Visitor,False,False
2,180.01,1,25.69,59,1833.04,0.01,0.06,6.26,0.13,Nov,2,1,1,6,Returning_Visitor,False,True
0,83.01,0,8.01,17,516.86,0.01,0.04,2.8,0.12,Nov,2,2,3,2,Returning_Visitor,False,False
8,341.46,2,141.17,67,2728.16,0.01,0.01,35.95,0.08,Nov,1,1,1,6,Returning_Visitor,False,False
0,129.14,1,58.22,52,1982.54,0.02,0.05,0.0,0.13,Nov,3,2,2,6,Returning_Visitor,False,True
8,168.09,2,135.07,80,1679.67,0.02,0.03,24.18,0.16,Nov,2,2,1,1,Returning_Visitor,False,False
2,168.13,0,21.0,53,1429.62,0.01,0.01,3.4,0.16,Mar,2,13,8,1,New_Visitor,False,False
1,182.52,1,32.57,56,1612.95,0.01,0.06,5.71,0.19,Nov,2,3,1,6,Returning_Visitor,False,False
2,163.09,1,32.75,55,1457.48,0.02,0.04,6.05,0.33,Dec,2,2,7,6,Returning_Visitor,False,False
6,237.27,1,125.03,83,2592.89,0.01,0.01,108.09,0.0,May,2,2,8,4,Returning_Visitor,False,True
1,100.73,1,0.0,45,1199.73,0.01,0.04,2.58,0.07,Mar,1,1,2,1,Returning_Visitor,False,False
4,149.67,2,64.05,49,3025.33,0.02,0.05,7.82,0.09,Nov,1,1,1,1,Returning_Visitor,False,False
7,181.27,1,131.12,150,3884.97,0.01,0.02,40.55,0.09,Nov,2,4,1,6,Returning_Visitor,False,False
0,19.65,0,5.93,5,277.49,0.05,0.12,4.25,0.0,Nov,2,2,3,2,Returning_Visitor,False,False
2,81.66,0,17.86,76,2275.92,0.01,0.03,4.27,0.1,Mar,4,3,2,3,Returning_Visitor,False,False
6,215.18,1,76.28,70,2065.89,0.0,0.03,13.33,0.12,Nov,2,2,7,6,Returning_Visitor,False,True
1,147.78,1,29.58,50,1490.58,0.02,0.07,4.26,0.14,Nov,2,3,2,2,Returning_Visitor,False,False
0,115.22,2,116.51,55,2293.73,0.05,0.06,15.65,0.12,Nov,3,2,1,1,Returning_Visitor,False,False
1,360.71,2,70.63,54,1668.27,0.01,0.07,9.27,0.19,June,2,2,1,1,Returning_Visitor,False,False
1,151.05,1,44.43,83,1340.14,0.01,0.03,8.07,0.21,Nov,2,2,3,6,Returning_Visitor,False,False
1,159.14,1,19.37,46,1740.15,0.01,0.06,4.31,0.15,Nov,2,3,1,6,Returning_Visitor,False,False
2,196.38,1,36.03,59,2413.52,0.01,0.04,11.32,0.13,Nov,2,3,1,6,Returning_Visitor,False,False
1,140.91,1,19.65,52,1561.06,0.02,0.08,4.89,0.14,Nov,2,3,1,6,Returning_Visitor,False,True
1,157.75,1,22.64,52,1636.04,0.01,0.05,5.14,0.15,Nov,2,2,1,6,Returning_Visitor,False,False
1,146.95,1,18.68,46,1495.88,0.02,0.07,5.03,0.14,Nov,2,3,1,6,Returning_Visitor,False,False
0,0.0,1,56.72,33,1985.84,0.02,0.06,3.62,0.2,May,2,2,4,2,Returning_Visitor,False,False
2,206.6,1,52.89,10,1453.33,0.01,0.06,9.32,0.2,Nov,2,2,3,6,Returning_Visitor,False,False
0,48.8,1,20.52,39,90.75,0.02,0.03,0.0,0.0,May,3,2,1,13,Returning_Visitor,False,False
3,116.27,0,0.0,31,343.8,0.05,0.06,1.34,0.27,Nov,2,2,2,6,Returning_Visitor,False,False
3,121.22,1,22.85,35,3585.18,0.02,0.03,0.0,0.22,Nov,3,2,5,6,Returning_Visitor,False,False
1,104.58,1,17.73,41,250.8,0.04,0.1,2.49,0.11,Nov,8,1,1,6,Returning_Visitor,False,False
2,153.53,1,0.0,51,942.4,0.02,0.04,5.29,0.0,May,3,3,1,6,Returning_Visitor,False,False
5,231.94,9,216.89,89,2265.7,0.1,0.11,16.29,0.09,Nov,3,2,1,1,Returning_Visitor,False,False
1,145.33,1,14.88,45,1628.78,0.01,0.06,3.35,0.15,Nov,2,3,1,6,Returning_Visitor,False,True
1,65.42,1,15.75,39,999.03,0.03,0.04,0.0,0.11,Mar,1,3,1,1,Returning_Visitor,True,False
1,167.94,1,38.68,58,1782.91,0.02,0.06,6.52,0.25,Nov,2,2,1,6,Returning_Visitor,False,False
0,97.48,0,8.38,58,2206.13,0.0,0.06,8.98,0.13,Mar,2,2,8,1,Returning_Visitor,False,False
1,94.91,0,6.5,35,1558.85,0.02,0.05,1.03,0.16,May,2,2,7,2,Returning_Visitor,False,False
6,831.62,1,92.1,72,2414.38,0.01,0.03,9.9,0.18,Nov,8,1,1,1,Returning_Visitor,False,False
1,147.88,1,19.89,48,1617.72,0.01,0.06,3.83,0.16,Nov,2,2,1,6,Returning_Visitor,False,False
2,112.55,2,54.0,41,1849.43,0.01,0.02,15.94,0.0,Nov,3,3,1,4,Returning_Visitor,False,False
1,0.0,1,11.1,39,1427.7,0.02,0.07,1.8,0.15,Nov,2,1,8,6,Returning_Visitor,False,False
3,196.79,2,85.99,79,2204.28,0.01,0.04,11.89,0.17,Nov,3,2,1,6,Returning_Visitor,False,False
0,0.0,0,0.0,29,1732.1,0.01,0.07,1.89,0.06,Nov,1,1,3,3,Returning_Visitor,True,False
3,198.13,1,87.88,93,2606.93,0.01,0.04,15.62,0.18,Nov,2,2,1,6,Returning_Visitor,False,False
2,156.09,1,19.39,45,2145.9,0.04,0.09,4.01,0.19,Nov,2,1,1,1,Returning_Visitor,False,False
1,133.01,1,18.0,44,1526.61,0.02,0.07,4.13,0.13,Nov,2,3,1,6,Returning_Visitor,False,False
10,189.1,3,116.57,83,2263.22,0.02,0.04,2.51,0.16,Nov,2,2,2,2,Returning_Visitor,False,False
2,175.21,1,29.72,54,1776.03,0.02,0.06,0.0,0.14,Nov,2,3,1,6,Returning_Visitor,False,False
1,154.0,2,95.01,70,1804.51,0.02,0.04,16.09,0.0,Nov,2,2,8,2,Returning_Visitor,False,False
2,169.34,1,20.61,54,1479.38,0.01,0.05,0.0,0.14,Nov,2,3,1,6,Returning_Visitor,False,False
4,162.75,1,33.83,76,2226.92,0.02,0.02,2.17,0.15,Mar,2,3,8,1,Returning_Visitor,False,False
2,171.98,1,47.75,64,2516.81,0.01,0.03,13.14,0.0,May,2,13,1,2,Returning_Visitor,False,True
1,128.01,1,20.43,43,1605.9,0.02,0.09,5.14,0.0,Nov,3,3,1,6,Returning_Visitor,False,False
1,78.19,1,0.0,36,313.58,0.02,0.08,0.83,0.15,Nov,1,1,1,6,Returning_Visitor,False,False
4,129.41,1,39.05,40,1409.6,0.02,0.0,2.4,0.22,Dec,2,2,1,2,Returning_Visitor,False,False
3,47.0,1,55.39,64,2179.53,0.01,0.03,8.28,0.1,Nov,1,1,1,6,Returning_Visitor,False,True
1,52.3,1,0.0,20,121.0,0.08,0.07,2.27,0.09,Mar,3,3,1,3,Returning_Visitor,True,False
1,155.12,1,31.08,46,1365.97,0.01,0.04,2.78,0.0,Nov,2,2,1,2,Returning_Visitor,False,False
1,127.94,1,19.8,41,1413.88,0.03,0.07,0.0,0.12,Nov,2,3,1,6,Returning_Visitor,False,False
2,174.76,1,14.24,51,1776.55,0.01,0.05,6.23,0.15,May,2,4,1,6,Returning_Visitor,False,False
1,139.12,1,56.86,69,1718.68,0.01,0.04,11.44,0.13,Nov,2,2,1,2,Returning_Visitor,False,False
2,152.45,1,16.97,47,1579.59,0.02,0.05,5.06,0.14,Nov,2,3,1,6,Returning_Visitor,False,False
2,144.4,1,12.82,20,1996.33,0.01,0.05,2.23,0.11,Nov,1,1,4,6,Returning_Visitor,False,False
1,110.3,1,32.41,48,1597.61,0.03,0.07,4.93,0.13,Nov,3,3,1,6,Returning_Visitor,False,False
1,157.13,1,27.47,55,1805.56,0.02,0.06,8.31,0.0,Nov,2,3,1,6,Returning_Visitor,False,False
1,156.58,1,36.73,59,1661.1,0.01,0.06,5.03,0.15,Nov,2,3,1,6,Returning_Visitor,False,True
1,111.41,1,22.1,48,1416.77,0.02,0.06,3.09,0.13,Nov,2,3,1,6,Returning_Visitor,False,False
2,191.89,1,9.42,42,2104.65,0.01,0.06,6.48,0.16,Mar,4,7,2,6,Returning_Visitor,False,True
4,165.79,1,17.9,52,1558.46,0.01,0.05,3.98,0.17,Nov,2,3,1,6,Returning_Visitor,False,False
1,117.49,1,31.64,46,1715.62,0.02,0.08,8.36,0.17,Nov,2,1,1,6,Returning_Visitor,False,True
1,116.42,1,12.41,46,1503.21,0.01,0.06,3.97,0.13,Nov,2,3,1,2,Returning_Visitor,False,True
2,157.39,1,58.26,68,2447.52,0.01,0.04,10.77,0.14,Nov,3,2,1,6,Returning_Visitor,False,True
1,128.57,1,34.46,64,1604.05,0.02,0.07,4.49,0.14,Nov,2,2,2,6,Returning_Visitor,False,True
1,130.06,1,17.75,52,1685.47,0.01,0.07,4.89,0.19,Nov,2,1,2,6,Returning_Visitor,False,False
3,112.71,2,46.14,13,2032.19,0.02,0.05,3.36,0.11,Nov,3,3,1,6,Returning_Visitor,False,False
1,105.92,1,22.76,47,1520.68,0.02,0.07,3.71,0.14,Nov,2,3,1,6,Returning_Visitor,False,False
2,113.88,0,10.97,47,1333.88,0.01,0.03,1.42,0.19,Mar,2,13,1,1,Returning_Visitor,False,False
1,160.53,1,23.55,60,2810.8,0.01,0.05,6.86,0.15,Nov,2,3,1,6,Returning_Visitor,False,False
2,23.0,1,18.56,40,1207.89,0.02,0.04,2.52,0.18,Nov,2,3,1,6,Returning_Visitor,False,False
3,104.98,1,64.62,59,2389.82,0.01,0.02,10.15,0.25,Nov,2,1,1,3,Returning_Visitor,True,False
5,67.29,1,52.84,59,1753.5,0.01,0.01,23.62,0.19,May,2,13,8,6,Returning_Visitor,False,False
5,161.24,2,92.52,89,2079.49,0.02,0.03,9.16,0.18,Nov,2,2,8,1,Returning_Visitor,False,False
2,214.03,1,32.31,70,1855.01,0.02,0.03,5.62,0.15,Mar,2,4,2,1,Returning_Visitor,False,False
2,172.96,0,29.3,45,2779.12,0.0,0.01,20.75,0.13,Nov,2,2,8,6,Returning_Visitor,False,False
1,105.24,1,92.45,43,1106.89,0.05,0.05,7.13,0.14,Nov,3,2,1,6,Returning_Visitor,False,False
3,148.16,2,16.6,32,142.0,0.02,0.05,2.81,0.15,Mar,2,13,1,8,New_Visitor,False,False
0,65.53,1,5.81,34,1575.79,0.01,0.07,1.04,0.07,Nov,1,1,1,2,Returning_Visitor,False,False
3,224.93,1,73.97,19,1594.26,0.01,0.03,12.66,0.22,Nov,2,2,1,6,Returning_Visitor,False,True
4,125.0,1,15.43,29,1932.67,0.02,0.03,1.75,0.15,Mar,2,13,8,3,Returning_Visitor,False,False
4,197.61,1,12.21,43,1904.37,0.02,0.05,1.52,0.19,Nov,2,2,7,6,Returning_Visitor,False,False
5,268.05,1,116.0,63,2974.92,0.02,0.06,14.4,0.13,Nov,3,3,9,10,Returning_Visitor,True,False
1,151.29,1,25.9,52,1630.9,0.01,0.06,5.74,0.23,Nov,2,2,1,6,Returning_Visitor,False,True
1,174.45,0,0.0,52,1810.74,0.02,0.07,5.59,0.44,May,4,1,3,3,Returning_Visitor,False,False
0,146.77,1,86.89,5,1518.02,0.03,0.04,10.82,0.15,Nov,3,3,1,2,Returning_Visitor,False,True
2,137.83,0,23.1,50,1572.79,0.02,0.04,5.58,0.26,Nov,2,2,7,1,Returning_Visitor,False,False
0,24.84,0,9.66,18,880.22,0.07,0.12,1.72,0.11,Mar,2,1,2,1,Returning_Visitor,False,False
1,146.72,1,14.0,50,1631.57,0.01,0.06,3.38,0.15,Nov,2,3,1,6,Returning_Visitor,False,False
1,0.0,1,22.49,6,630.05,0.1,0.13,3.12,0.0,Mar,2,3,2,3,Returning_Visitor,False,False
3,47.0,1,32.77,52,1649.28,0.01,0.03,4.29,0.16,Nov,2,3,1,6,Returning_Visitor,False,False
3,198.83,1,28.28,60,2380.8,0.01,0.04,10.95,0.13,Mar,2,13,1,6,Returning_Visitor,False,True
3,181.07,2,11.5,129,1492.65,0.01,0.03,3.61,0.22,Nov,2,2,2,6,Returning_Visitor,False,False
1,165.75,1,80.97,71,1683.39,0.01,0.05,14.89,0.0,May,2,2,4,4,Returning_Visitor,False,True
1,125.23,1,27.1,44,1425.0,0.04,0.08,3.88,0.14,Nov,2,3,1,6,Returning_Visitor,False,False
1,149.27,1,21.5,44,1522.34,0.01,0.06,4.42,0.14,Nov,2,2,1,2,Returning_Visitor,False,False
1,114.49,1,25.69,42,1323.12,0.02,0.08,3.45,0.14,Nov,2,2,1,6,Returning_Visitor,False,False
0,73.89,1,0.0,48,1594.28,0.01,0.03,9.51,0.13,Nov,2,2,8,2,Returning_Visitor,False,True
2,124.96,2,98.86,39,1881.67,0.09,0.09,9.83,0.24,Nov,3,2,3,6,Returning_Visitor,True,True
0,65.71,0,9.23,23,1567.48,0.02,0.04,2.21,0.16,Nov,2,2,3,6,Returning_Visitor,False,False
0,53.97,0,10.39,27,1098.82,0.01,0.08,2.64,0.13,Nov,2,2,2,2,Returning_Visitor,False,False
1,131.44,1,33.88,55,1849.61,0.02,0.05,4.55,0.0,Nov,2,1,1,6,Returning_Visitor,False,False
0,138.27,0,23.41,20,1544.02,0.01,0.03,2.06,0.09,May,3,3,1,2,Returning_Visitor,False,False
2,69.45,1,0.0,42,1851.99,0.0,0.04,0.7,0.1,Mar,1,1,8,1,Returning_Visitor,False,False
4,132.32,1,84.59,58,2810.61,0.0,0.03,13.71,0.15,May,3,2,1,6,Returning_Visitor,False,False
2,160.81,1,59.16,45,1089.0,0.01,0.03,20.15,0.15,Nov,2,3,1,1,Returning_Visitor,False,False
7,241.96,1,212.11,107,3152.04,0.0,0.03,8.87,0.08,Nov,2,2,1,6,Returning_Visitor,True,False
2,151.69,2,65.37,81,1205.7,0.01,0.02,3.29,0.13,May,2,2,1,6,Returning_Visitor,False,False
1,124.89,1,0.0,33,647.65,0.03,0.06,4.2,0.13,Mar,2,3,1,6,Returning_Visitor,False,False
1,138.61,1,29.51,51,1797.84,0.02,0.07,4.61,0.13,Nov,2,3,1,6,Returning_Visitor,False,False
2,303.85,1,77.53,68,1865.41,0.01,0.06,11.35,0.22,Nov,2,2,1,1,Returning_Visitor,False,False
1,150.65,1,26.51,49,1483.95,0.02,0.06,3.17,0.15,Nov,2,3,1,6,Returning_Visitor,False,False
2,106.54,1,26.43,64,2142.18,0.02,0.01,4.38,0.14,Mar,2,2,2,6,Returning_Visitor,False,False
1,189.12,0,113.9,57,3286.93,0.01,0.01,58.49,0.15,Nov,3,2,1,6,Returning_Visitor,False,True
3,312.58,1,22.0,96,2203.85,0.0,0.07,12.75,0.7,Nov,2,2,1,1,Returning_Visitor,False,False
2,193.0,2,44.58,57,1811.03,0.02,0.06,3.83,0.16,Nov,2,3,1,6,Returning_Visitor,False,False
6,186.53,2,89.2,109,1902.54,0.01,0.03,22.92,0.25,May,3,2,1,4,Returning_Visitor,False,False
6,287.74,1,140.9,50,2021.44,0.01,0.03,8.11,0.0,Nov,1,1,1,6,Returning_Visitor,False,False
0,41.16,1,15.5,34,1268.16,0.02,0.08,2.35,0.14,May,2,2,1,6,Returning_Visitor,False,False
0,151.6,1,29.78,44,1449.71,0.01,0.03,6.4,0.13,Nov,2,2,3,2,Returning_Visitor,False,False
1,118.5,1,16.96,41,1447.93,0.02,0.07,3.47,0.16,Nov,2,2,1,6,Returning_Visitor,False,True
1,107.47,1,20.78,44,1401.35,0.02,0.08,4.23,0.13,Nov,2,3,1,6,Returning_Visitor,False,False
0,69.07,1,10.06,27,1389.35,0.01,0.05,0.0,0.15,Nov,2,2,8,2,Returning_Visitor,False,False
4,221.18,2,77.24,68,1594.77,0.01,0.05,6.07,0.17,Jul,2,2,7,6,Returning_Visitor,False,False
2,55.5,1,22.46,54,1276.23,0.01,0.03,0.0,0.22,Nov,2,2,1,6,Returning_Visitor,False,False
1,124.13,1,15.47,18,504.97,0.02,0.1,2.03,0.12,Mar,2,3,1,2,New_Visitor,False,False
1,112.7,0,36.29,51,2081.59,0.02,0.05,3.23,0.0,Nov,1,1,7,1,Returning_Visitor,True,True
1,113.99,1,25.79,53,1143.37,0.02,0.02,3.43,0.16,Nov,4,1,2,6,Returning_Visitor,False,False
3,168.04,2,60.61,61,722.37,0.01,0.05,1.5,0.1,Nov,2,2,1,2,New_Visitor,False,False
2,17.0,1,14.39,41,1485.83,0.01,0.03,2.08,0.16,May,2,2,1,2,Returning_Visitor,False,False
1,200.13,2,102.51,143,1182.5,0.02,0.04,5.32,0.15,Nov,2,2,1,2,Returning_Visitor,False,False
5,118.76,3,87.08,99,2723.57,0.02,0.03,5.94,0.13,Nov,3,3,2,3,Returning_Visitor,True,False
2,232.26,1,79.29,68,2014.59,0.01,0.05,7.21,0.11,Nov,2,1,1,1,Returning_Visitor,False,False
1,98.76,1,11.89,37,1121.94,0.03,0.08,0.0,0.12,Nov,1,1,1,1,Returning_Visitor,False,False
4,150.4,1,14.27,58,1457.62,0.01,0.03,6.22,0.18,Nov,2,2,7,6,Returning_Visitor,False,True
2,25.37,1,3.42,27,48.4,0.05,0.11,1.11,0.13,Nov,1,1,1,3,Returning_Visitor,False,False
0,21.68,1,12.73,21,576.0,0.05,0.12,2.35,0.09,Nov,2,1,2,6,Returning_Visitor,False,False
1,0.0,1,45.06,6,855.75,0.01,0.05,2.59,0.18,May,2,3,2,6,Returning_Visitor,False,False
1,37.12,1,17.18,32,1204.37,0.06,0.12,2.34,0.35,Nov,3,1,2,3,Returning_Visitor,False,False
0,66.39,1,21.07,40,1451.02,0.02,0.09,3.53,0.16,Nov,2,2,2,6,Returning_Visitor,False,False
3,195.97,2,96.18,155,2433.53,0.01,0.03,23.45,0.18,Nov,2,2,1,6,Returning_Visitor,False,True
1,49.94,1,15.34,24,2035.25,0.02,0.02,2.38,0.15,Nov,2,1,3,3,Returning_Visitor,False,False
0,129.52,1,17.51,48,1645.68,0.01,0.05,7.84,0.18,Nov,2,3,1,6,Returning_Visitor,False,False
2,171.47,0,10.45,59,1641.51,0.0,0.03,4.49,0.14,Nov,2,13,1,6,New_Visitor,False,False
2,149.69,1,0.0,23,253.25,0.02,0.07,2.45,0.13,Mar,2,3,1,2,New_Visitor,False,False
1,139.59,1,27.53,49,1659.96,0.02,0.07,5.38,0.17,Nov,2,2,1,6,Returning_Visitor,False,False
2,169.76,1,19.37,43,1498.86,0.01,0.04,3.97,0.17,Nov,2,2,1,6,Returning_Visitor,False,False
1,168.99,1,25.46,44,1510.66,0.01,0.04,5.03,0.13,Nov,2,2,1,2,New_Visitor,False,False
0,145.32,1,54.94,51,1806.41,0.03,0.09,8.6,0.25,May,2,3,4,6,Returning_Visitor,False,False
2,19.0,1,60.6,78,1574.15,0.01,0.03,11.59,0.2,Nov,2,2,1,6,Returning_Visitor,False,False
1,37.84,2,94.37,41,2677.2,0.03,0.05,3.15,0.15,Nov,2,2,1,1,Returning_Visitor,False,False
3,156.49,0,0.0,60,1443.93,0.01,0.02,10.27,0.0,Nov,2,2,7,6,Returning_Visitor,True,False
0,31.54,0,23.51,26,985.3,0.03,0.1,3.32,0.1,Nov,2,2,2,2,Returning_Visitor,False,False
1,118.99,1,20.34,35,1269.39,0.02,0.06,3.39,0.14,Nov,2,2,1,2,Returning_Visitor,False,False
2,212.33,1,34.6,81,2189.87,0.01,0.01,15.73,0.13,Nov,2,13,1,6,Returning_Visitor,False,False
2,147.95,1,44.39,31,2088.83,0.01,0.01,28.3,0.17,May,2,4,2,6,Returning_Visitor,False,False
2,55.0,1,0.0,33,418.61,0.0,0.03,0.64,0.19,Mar,2,3,1,5,New_Visitor,False,False
1,234.18,1,60.57,60,1231.14,0.02,0.01,22.04,0.23,Aug,2,1,8,1,Returning_Visitor,False,False
3,126.32,0,9.16,30,398.4,0.01,0.06,0.0,0.14,Nov,8,3,1,1,New_Visitor,False,False
1,134.07,1,17.59,43,1509.75,0.02,0.06,3.17,0.15,Nov,2,3,1,6,Returning_Visitor,False,False
1,37.88,1,11.8,26,741.91,0.09,0.14,2.85,0.14,Nov,2,1,2,3,Returning_Visitor,False,False
1,64.84,1,3.96,21,393.72,0.02,0.06,0.59,0.13,Nov,2,3,1,2,New_Visitor,False,False
1,155.5,0,16.86,49,1649.16,0.01,0.06,4.92,0.16,Nov,2,3,1,6,Returning_Visitor,False,False
2,92.83,1,12.18,24,1959.23,0.0,0.03,7.66,0.0,Mar,2,13,1,2,Returning_Visitor,False,True
2,170.92,1,42.18,63,1657.31,0.01,0.04,5.37,0.14,Nov,2,2,1,6,Returning_Visitor,False,False
7,196.51,2,139.0,81,2331.68,0.02,0.02,20.41,0.13,Nov,3,2,1,2,Returning_Visitor,False,True
4,137.85,2,15.51,49,1839.62,0.03,0.08,0.0,0.1,Nov,1,1,7,1,Returning_Visitor,False,False
1,147.17,1,29.53,51,1539.73,0.01,0.06,5.32,0.14,Nov,2,3,1,6,Returning_Visitor,False,False
1,151.01,1,18.01,39,1864.65,0.02,0.05,2.92,0.2,Nov,2,2,3,6,Returning_Visitor,False,False
0,57.26,1,24.36,57,2089.05,0.02,0.06,0.0,0.16,May,2,2,2,6,Returning_Visitor,False,False
3,92.45,1,0.0,39,1401.97,0.0,0.07,1.15,0.11,Nov,1,1,1,6,Returning_Visitor,False,False
1,127.24,1,21.29,41,1391.83,0.02,0.07,3.29,0.12,Nov,2,3,1,6,Returning_Visitor,False,True
0,46.88,1,13.34,35,1337.7,0.03,0.04,0.0,0.16,Mar,2,2,7,1,Returning_Visitor,False,False
1,95.07,1,22.17,42,2133.5,0.06,0.1,5.53,0.12,Mar,2,3,1,1,Returning_Visitor,False,False
1,132.49,1,17.43,45,1486.69,0.02,0.07,3.42,0.12,Nov,2,3,1,6,Returning_Visitor,False,False
0,95.92,1,33.1,50,1620.85,0.05,0.09,5.12,0.3,Nov,2,2,3,6,Returning_Visitor,False,False
6,205.46,3,738.08,71,1309.3,0.03,0.03,7.24,0.09,Nov,3,2,1,6,Returning_Visitor,False,False
3,286.74,2,294.6,105,1857.88,0.01,0.03,12.85,0.16,Sep,2,2,1,6,Returning_Visitor,False,True
1,107.11,1,18.21,40,1543.8,0.02,0.07,0.0,0.14,Nov,2,3,1,6,Returning_Visitor,False,False
1,172.82,0,18.62,49,1617.62,0.0,0.05,4.59,0.14,Nov,2,3,2,6,Returning_Visitor,False,False
2,159.07,1,0.0,51,1713.33,0.02,0.07,0.0,0.41,May,2,2,3,6,Returning_Visitor,False,False
0,35.53,0,25.69,29,974.5,0.02,0.09,0.0,0.14,May,3,3,1,6,Returning_Visitor,False,False
2,217.65,1,5.1,13,1850.94,0.01,0.05,4.0,0.0,Nov,4,3,1,6,Returning_Visitor,False,True
3,201.84,1,22.48,54,2384.51,0.01,0.02,6.64,0.15,Nov,4,3,1,1,Returning_Visitor,False,True
0,100.58,1,24.06,44,1567.66,0.03,0.06,5.32,0.17,Nov,3,2,3,13,Returning_Visitor,False,False
2,106.33,1,38.18,48,1788.63,0.02,0.01,9.8,0.25,May,2,13,1,3,Returning_Visitor,False,False
0,61.65,1,18.03,36,1362.55,0.02,0.08,3.67,0.13,Nov,2,2,2,6,Returning_Visitor,False,True
0,129.91,1,20.11,35,1141.07,0.01,0.04,3.3,0.15,Nov,2,2,2,2,Returning_Visitor,False,False
2,166.62,1,59.02,52,2102.75,0.02,0.05,8.08,0.15,Nov,2,3,1,6,Returning_Visitor,False,False
1,144.26,1,0.0,65,487.5,0.02,0.03,4.67,0.17,May,2,1,2,6,Returning_Visitor,False,False
1,0.0,1,15.0,23,0.0,0.1,0.13,2.39,0.11,Mar,3,1,1,3,Returning_Visitor,False,False
2,184.74,1,42.99,64,1866.13,0.01,0.05,8.95,0.17,Nov,2,3,1,6,Returning_Visitor,False,False
2,194.35,1,14.76,58,1698.66,0.01,0.01,6.84,0.16,Mar,2,13,2,6,Returning_Visitor,False,False
3,244.25,1,0.0,49,1851.37,0.01,0.04,11.56,0.16,Nov,2,2,2,6,Returning_Visitor,False,False
1,50.41,1,16.75,22,835.75,0.1,0.1,3.34,0.14,Nov,2,1,1,1,Returning_Visitor,False,False
1,140.65,0,35.37,56,1739.48,0.02,0.06,6.03,0.14,Nov,2,2,2,6,Returning_Visitor,False,False
1,195.22,1,32.29,55,1754.91,0.02,0.06,7.12,0.14,Nov,2,3,1,6,Returning_Visitor,False,False
2,219.5,2,16.0,94,308.0,0.03,0.04,35.09,0.15,Nov,2,2,1,6,Returning_Visitor,False,True
0,28.74,1,0.0,33,1973.37,0.03,0.06,1.66,0.16,Mar,2,3,8,1,Returning_Visitor,False,False
2,163.41,1,36.0,60,1374.16,0.01,0.03,3.96,0.14,Nov,2,2,1,2,New_Visitor,False,True
2,123.0,1,1.93,19,934.15,0.03,0.03,0.66,0.12,Mar,2,2,4,3,Returning_Visitor,False,False
1,0.0,1,7.81,15,1735.82,0.02,0.06,1.57,0.1,Mar,4,3,2,3,Returning_Visitor,False,False
1,168.98,1,20.19,39,1477.39,0.02,0.04,4.53,0.22,Nov,2,2,2,6,Returning_Visitor,False,False
2,108.46,1,54.17,56,452.58,0.01,0.02,14.2,0.19,May,2,13,8,6,Returning_Visitor,False,True
1,122.8,1,35.36,44,1909.4,0.07,0.1,6.69,0.12,Mar,2,3,1,1,Returning_Visitor,False,False
2,201.07,1,84.22,65,1882.99,0.0,0.04,11.51,0.16,Nov,2,3,1,6,Returning_Visitor,False,False
1,182.29,0,66.69,52,1899.22,0.02,0.07,10.09,0.49,May,2,2,3,6,Returning_Visitor,True,False
1,118.27,1,7.21,43,2080.07,0.02,0.05,1.92,0.14,Nov,1,1,1,3,Returning_Visitor,False,False
3,105.26,1,0.0,59,1626.62,0.01,0.03,18.56,0.0,May,2,4,3,6,Returning_Visitor,False,False
6,226.27,3,112.6,59,1749.45,0.01,0.04,23.8,0.18,Nov,2,2,1,6,Returning_Visitor,False,False
1,65.68,1,0.0,5,222.23,0.03,0.07,1.71,0.13,Nov,2,3,1,2,Returning_Visitor,False,False
1,155.32,1,115.18,46,2109.94,0.02,0.03,14.8,0.1,Nov,3,2,6,6,Returning_Visitor,True,False
0,84.3,1,0.0,19,228.12,0.06,0.1,2.5,0.12,Nov,2,3,1,2,New_Visitor,False,False
1,154.58,1,27.57,60,1784.35,0.03,0.06,4.5,0.12,Nov,2,3,2,6,Returning_Visitor,False,False
1,122.86,1,19.25,35,916.47,0.03,0.08,2.27,0.14,Nov,2,2,1,6,Returning_Visitor,False,False
1,130.96,1,24.18,45,1663.08,0.03,0.07,3.86,0.15,Nov,2,3,1,6,Returning_Visitor,False,False
1,141.78,1,30.27,55,1717.71,0.02,0.07,6.43,0.18,Nov,2,2,2,6,Returning_Visitor,False,False
1,83.32,0,10.79,34,1561.25,0.04,0.1,1.79,0.12,Mar,4,1,2,3,Returning_Visitor,True,True
1,183.28,1,26.52,56,624.0,0.01,0.04,7.04,0.18,Nov,2,2,8,6,Returning_Visitor,False,False
3,193.6,1,35.03,61,1696.14,0.02,0.06,5.25,0.16,Nov,1,1,1,1,Returning_Visitor,False,False
3,112.11,0,0.0,41,1410.17,0.0,0.02,3.89,0.2,May,2,2,7,2,Returning_Visitor,False,True
0,30.85,1,0.0,30,1651.22,0.2,0.13,5.81,0.12,Nov,2,2,1,1,Returning_Visitor,False,False
1,131.25,1,44.64,40,2524.01,0.11,0.2,9.01,0.1,Mar,2,3,1,1,Returning_Visitor,False,False
3,143.91,3,103.4,65,6515.45,0.03,0.04,3.24,0.0,Nov,3,2,1,1,Returning_Visitor,False,True
1,106.02,1,16.52,46,1804.74,0.02,0.07,5.08,0.15,Nov,2,2,2,6,Returning_Visitor,False,True
1,88.94,1,14.67,33,829.92,0.01,0.02,1.69,0.15,Dec,2,2,1,2,New_Visitor,False,False
1,140.95,1,43.56,55,1264.94,0.02,0.06,5.15,0.0,Nov,2,3,1,6,Returning_Visitor,False,False
1,107.54,1,10.06,36,1540.29,0.01,0.04,1.57,0.17,Nov,2,2,7,6,Returning_Visitor,False,False
1,151.08,1,16.7,48,1681.68,0.01,0.07,5.57,0.16,Nov,2,3,1,6,Returning_Visitor,False,False
1,145.16,1,20.7,49,1570.25,0.01,0.06,3.78,0.14,Nov,2,3,1,6,Returning_Visitor,False,False
1,142.91,1,28.66,32,2005.82,0.02,0.04,7.49,0.15,Nov,2,2,8,6,Returning_Visitor,False,False
4,407.03,3,74.32,9,336.88,0.0,0.04,4.81,0.08,Nov,1,2,8,4,Returning_Visitor,False,True
1,135.68,1,69.89,24,741.88,0.11,0.2,7.33,0.0,Mar,3,3,1,6,Returning_Visitor,False,False
1,150.17,1,0.0,64,1199.62,0.01,0.02,0.0,0.19,Nov,2,2,8,6,Returning_Visitor,False,True
0,41.26,0,4.98,41,1816.23,0.01,0.08,5.25,0.19,Nov,1,1,3,1,Returning_Visitor,True,False
3,202.43,2,85.85,73,1752.82,0.03,0.06,8.32,0.17,Nov,2,2,1,6,Returning_Visitor,False,False
1,143.54,1,50.72,47,2883.73,0.1,0.09,5.42,0.11,Mar,3,3,1,1,Returning_Visitor,False,False
1,0.0,1,5.61,3,386.35,0.03,0.06,1.89,0.13,Nov,2,1,3,1,Returning_Visitor,False,False
3,81.4,1,33.41,44,1836.47,0.02,0.03,1.62,0.16,Mar,2,13,1,6,Returning_Visitor,False,False
1,157.27,1,31.48,59,1448.22,0.01,0.05,4.67,0.14,Nov,2,2,1,6,Returning_Visitor,False,True
1,129.01,1,36.64,40,1827.9,0.03,0.1,7.89,0.13,Nov,2,3,1,6,Returning_Visitor,False,False
0,17.73,1,34.61,26,1291.58,0.02,0.05,2.14,0.13,Nov,3,2,1,2,Returning_Visitor,False,False
1,132.34,1,13.39,32,1027.0,0.01,0.03,1.17,0.16,Nov,2,2,8,2,Returning_Visitor,False,False
0,100.44,1,4.3,22,1437.6,0.02,0.04,1.9,0.18,Nov,2,2,3,2,Returning_Visitor,False,False
1,31.17,0,4.04,18,19.0,0.03,0.12,1.2,0.1,Nov,2,1,1,3,Returning_Visitor,False,False
2,223.95,1,21.02,62,1483.78,0.0,0.06,8.44,0.1,Nov,2,13,1,6,New_Visitor,False,False
3,191.86,1,32.52,57,1523.91,0.01,0.05,3.36,0.12,Nov,8,1,7,6,Returning_Visitor,False,False
1,116.26,1,0.0,24,714.74,0.01,0.05,2.0,0.13,Nov,2,2,1,2,New_Visitor,False,False
0,0.0,1,0.0,16,425.48,0.07,0.11,3.24,0.09,Nov,3,3,1,3,Returning_Visitor,True,False
3,186.32,1,68.55,68,1849.91,0.01,0.03,8.13,0.0,Nov,2,2,1,2,New_Visitor,False,False
0,0.0,1,66.59,27,1545.81,0.05,0.09,10.19,0.21,Nov,3,2,2,6,Returning_Visitor,False,False
3,124.56,1,0.0,82,1916.85,0.01,0.02,10.54,0.21,Nov,2,13,1,6,Returning_Visitor,False,True
1,86.93,1,25.86,74,1677.46,0.01,0.04,5.44,0.29,Nov,2,3,1,1,Returning_Visitor,False,False
2,218.37,2,115.06,125,3077.93,0.02,0.02,32.44,0.19,Nov,2,2,2,1,Returning_Visitor,False,True
0,69.87,0,6.99,25,1750.76,0.01,0.05,4.26,0.19,Nov,2,2,3,6,Returning_Visitor,False,False
0,0.0,0,0.0,20,1054.76,0.06,0.08,4.93,0.21,Nov,2,2,3,6,Returning_Visitor,False,False
1,179.74,1,35.1,63,1666.03,0.01,0.05,6.4,0.16,Nov,2,3,1,6,Returning_Visitor,False,False
2,181.3,1,45.59,60,2088.93,0.02,0.06,10.63,0.13,Mar,2,2,1,1,Returning_Visitor,False,False
1,151.69,1,20.98,51,1645.92,0.02,0.05,4.02,0.14,Nov,2,3,1,6,Returning_Visitor,False,False
1,110.98,1,21.11,43,1377.41,0.04,0.07,3.26,0.13,Nov,2,3,1,6,Returning_Visitor,False,False
0,99.23,0,0.0,42,1996.13,0.01,0.05,7.95,0.17,Nov,2,2,8,6,Returning_Visitor,False,True
0,137.22,1,13.76,17,1340.96,0.04,0.05,3.57,0.15,Nov,2,2,6,6,Returning_Visitor,False,False
4,161.22,1,0.0,39,1470.04,0.02,0.05,2.09,0.19,Nov,2,2,1,2,Returning_Visitor,False,False
2,161.03,1,28.61,54,1680.47,0.02,0.06,4.94,0.16,Nov,2,3,1,1,Returning_Visitor,False,False
3,204.58,1,26.75,57,2359.63,0.02,0.06,6.25,0.12,Mar,2,1,1,1,Returning_Visitor,False,False
1,173.18,0,29.13,60,1988.41,0.01,0.04,9.47,0.14,Nov,2,2,1,6,Returning_Visitor,False,False
2,176.99,1,43.84,60,1872.54,0.01,0.05,6.63,0.16,Nov,2,2,1,6,Returning_Visitor,False,False
2,70.5,1,25.71,12,1902.91,0.01,0.03,12.73,0.0,Nov,2,13,1,6,Returning_Visitor,False,True
0,90.81,1,10.41,29,66.83,0.01,0.09,1.95,0.0,Nov,2,3,1,2,Returning_Visitor,False,False
0,42.98,1,42.28,18,468.7,0.1,0.12,3.47,0.12,Mar,3,2,1,6,Returning_Visitor,False,False
1,135.29,1,27.95,52,1530.4,0.02,0.07,4.67,0.13,Nov,2,3,1,6,Returning_Visitor,False,False
1,63.38,0,0.36,21,1424.29,0.01,0.04,0.72,0.11,Nov,1,1,3,2,Returning_Visitor,False,False
1,147.94,1,24.68,51,1675.3,0.02,0.07,6.7,0.15,Nov,2,3,1,6,Returning_Visitor,False,True
1,146.52,1,21.47,48,1691.12,0.03,0.08,3.88,0.0,Nov,2,3,1,6,Returning_Visitor,False,True
1,105.98,1,45.82,64,1891.55,0.02,0.08,9.65,0.2,Nov,2,2,3,6,Returning_Visitor,False,True
1,172.07,1,26.25,54,1639.32,0.02,0.06,4.53,0.17,Nov,2,3,1,6,Returning_Visitor,False,False
1,126.44,1,33.27,53,1596.09,0.01,0.03,6.63,0.22,May,2,2,1,6,Returning_Visitor,False,False
4,222.05,0,85.26,69,1887.47,0.02,0.05,9.52,0.14,Nov,2,3,1,1,Returning_Visitor,False,True
3,78.86,1,26.24,36,1690.43,0.02,0.02,2.39,0.13,Nov,2,2,1,2,Returning_Visitor,False,True
3,176.5,0,26.41,46,2192.6,0.02,0.06,3.83,0.16,Nov,2,2,1,6,Returning_Visitor,False,False
1,141.63,1,25.64,60,1568.36,0.02,0.06,4.3,0.14,Nov,2,2,1,6,Returning_Visitor,False,False
5,328.2,1,54.5,73,6606.78,0.0,0.03,12.99,0.14,Nov,2,2,8,1,Returning_Visitor,False,True
1,78.79,1,0.0,23,390.18,0.02,0.05,1.04,0.12,Nov,2,3,1,2,Returning_Visitor,False,False
3,161.49,1,30.07,66,1578.0,0.01,0.04,9.28,0.17,Nov,2,2,1,6,Returning_Visitor,False,True
1,174.29,1,27.06,57,1759.85,0.01,0.06,7.43,0.16,Nov,2,3,1,6,Returning_Visitor,False,False
4,179.78,1,45.26,42,2000.7,0.0,0.03,9.45,0.16,Dec,2,2,1,6,New_Visitor,False,False
1,156.4,1,30.69,50,1632.01,0.02,0.06,5.15,0.14,Nov,2,3,1,6,Returning_Visitor,False,False
0,16.22,0,0.0,29,1443.92,0.02,0.09,0.0,0.14,Nov,2,2,3,2,Returning_Visitor,False,False
1,132.37,1,24.99,54,1668.2,0.02,0.07,0.0,0.15,Nov,2,3,1,6,Returning_Visitor,False,False
1,130.77,1,0.0,32,1330.7,0.02,0.05,2.19,0.14,Nov,2,1,2,6,Returning_Visitor,False,False
0,59.79,1,23.36,38,1472.21,0.03,0.09,5.03,0.11,Nov,2,2,2,6,Returning_Visitor,False,False
0,28.47,1,26.03,17,435.66,0.04,0.09,3.86,0.1,Nov,2,2,1,6,Returning_Visitor,False,False
2,151.94,1,20.18,50,1654.63,0.0,0.05,3.78,0.15,Nov,2,3,1,6,Returning_Visitor,False,False
0,13.84,0,12.52,18,860.27,0.02,0.11,2.4,0.11,Nov,2,2,2,2,Returning_Visitor,False,False
2,146.81,1,40.04,58,1411.04,0.01,0.02,3.88,0.16,Nov,2,2,1,2,New_Visitor,False,False
1,206.14,1,13.91,45,332.29,0.01,0.01,6.88,0.19,Nov,2,8,2,1,New_Visitor,False,False
3,144.43,1,18.43,22,2174.58,0.02,0.05,1.5,0.11,Nov,1,1,1,1,Returning_Visitor,False,False
0,82.13,0,3.53,23,959.93,0.0,0.05,1.34,0.13,Nov,2,2,8,2,New_Visitor,False,False
1,141.75,1,19.91,45,1615.24,0.02,0.05,3.79,0.17,Nov,2,3,1,6,Returning_Visitor,False,True
2,122.42,1,8.97,39,1561.91,0.02,0.07,1.85,0.13,Nov,2,1,1,3,Returning_Visitor,False,False
4,225.36,5,50.63,47,2332.45,0.06,0.07,3.01,0.14,Mar,1,1,1,1,Returning_Visitor,False,False
0,33.82,1,29.01,14,0.0,0.11,0.13,2.92,0.0,Nov,3,3,1,6,Returning_Visitor,False,False
2,376.42,1,53.93,50,2144.95,0.01,0.07,11.73,0.21,Nov,4,3,2,1,Returning_Visitor,False,False
0,120.99,0,5.09,36,1537.88,0.02,0.05,4.54,0.22,Nov,2,2,3,6,Returning_Visitor,False,False
1,218.19,1,69.01,83,1532.97,0.05,0.08,8.43,0.19,Nov,2,1,2,6,Returning_Visitor,False,False
2,176.71,2,85.62,83,2258.18,0.02,0.03,13.53,0.2,Nov,3,3,1,1,Returning_Visitor,False,False
2,174.69,1,17.61,49,1614.32,0.0,0.07,5.92,0.16,Mar,2,13,1,6,Returning_Visitor,False,False
0,36.46,1,6.27,23,763.45,0.02,0.11,1.85,0.11,Nov,2,3,1,6,Returning_Visitor,False,False
0,55.58,0,10.66,38,1647.9,0.01,0.08,0.0,0.13,Nov,2,2,3,2,Returning_Visitor,False,False
2,164.75,1,28.93,51,1799.19,0.01,0.05,5.47,0.13,Nov,2,1,1,6,Returning_Visitor,False,False
2,197.51,1,31.35,49,1708.5,0.02,0.05,4.33,0.13,Mar,2,3,1,10,Returning_Visitor,False,False
1,154.94,1,29.24,51,1829.9,0.01,0.06,7.05,0.15,Nov,2,2,1,6,Returning_Visitor,False,False
1,158.64,1,21.51,50,1724.83,0.02,0.06,4.89,0.15,Nov,2,3,8,6,Returning_Visitor,False,True
4,37.0,1,9.61,9,224.25,0.01,0.06,0.0,0.0,Nov,2,2,2,2,New_Visitor,False,False
0,0.0,1,4.38,22,1124.39,0.02,0.06,0.0,0.13,May,1,1,7,2,Returning_Visitor,False,False
2,170.66,1,33.31,55,1866.94,0.02,0.06,7.21,0.16,Nov,2,3,1,6,Returning_Visitor,False,True
1,106.41,1,14.33,37,1061.61,0.03,0.1,3.65,0.0,Nov,2,3,2,6,Returning_Visitor,False,True
2,169.91,1,12.72,34,1296.26,0.0,0.05,1.49,0.15,Mar,1,13,1,1,Returning_Visitor,False,False
3,218.1,1,90.58,69,1989.09,0.01,0.04,15.65,0.11,Nov,2,2,1,20,Returning_Visitor,False,False
1,129.14,2,50.12,43,1755.95,0.1,0.11,5.63,0.13,Mar,2,3,1,1,Returning_Visitor,False,False
1,116.11,1,24.35,56,1295.61,0.02,0.07,4.62,0.14,Nov,2,2,2,6,Returning_Visitor,False,False
0,64.13,1,0.0,69,1816.51,0.01,0.04,11.63,0.09,Mar,2,2,2,6,Returning_Visitor,False,True
1,65.98,1,73.23,39,764.03,0.02,0.05,2.19,0.13,Nov,2,2,1,2,Returning_Visitor,False,False
3,251.33,1,57.57,69,1315.27,0.0,0.03,6.2,0.13,Nov,2,2,2,6,Returning_Visitor,True,True
1,56.69,1,34.74,35,824.78,0.04,0.13,3.91,0.24,Mar,3,1,1,6,Returning_Visitor,False,False
1,151.94,1,26.28,49,1651.23,0.02,0.06,4.89,0.14,Nov,2,3,1,6,Returning_Visitor,False,False
0,80.08,1,29.27,43,1965.19,0.02,0.08,6.3,0.15,May,2,3,2,6,Returning_Visitor,False,False
2,166.4,1,41.22,74,1712.59,0.0,0.05,8.64,0.14,Nov,2,3,1,6,Returning_Visitor,False,False
1,112.58,1,45.35,4,580.44,0.08,0.11,6.65,0.12,Nov,2,3,1,6,Returning_Visitor,False,False
4,317.04,1,69.91,97,1501.12,0.01,0.04,24.22,0.0,Nov,2,2,1,6,Returning_Visitor,False,False
2,163.44,1,36.63,53,1732.37,0.01,0.04,5.94,0.14,Nov,2,2,1,6,Returning_Visitor,False,False
0,0.0,0,11.75,22,537.5,0.02,0.1,1.13,0.13,May,2,3,1,2,Returning_Visitor,False,False
2,190.75,1,102.69,66,2045.17,0.07,0.06,12.95,0.2,Nov,3,2,1,6,Returning_Visitor,False,False
1,143.72,1,26.32,24,74.6,0.1,0.13,6.19,0.0,Mar,3,2,1,6,Returning_Visitor,False,False
2,184.76,1,14.35,44,1627.93,0.0,0.05,3.18,0.16,Nov,2,3,1,6,Returning_Visitor,False,True
3,170.22,1,72.87,60,1700.78,0.01,0.05,7.46,0.0,Nov,2,1,1,6,Returning_Visitor,True,True
2,161.98,1,50.54,64,1542.47,0.01,0.02,5.49,0.14,Nov,3,2,1,6,Returning_Visitor,True,False
3,125.02,1,40.1,34,543.0,0.06,0.08,1.45,0.12,Nov,8,1,1,2,Returning_Visitor,False,False
1,154.22,1,20.8,47,1873.65,0.02,0.06,4.98,0.14,Mar,2,3,1,1,Returning_Visitor,False,False
1,89.27,1,36.3,5,486.62,0.09,0.12,3.02,0.14,Mar,2,3,1,6,Returning_Visitor,False,False
2,149.81,1,18.99,53,1776.87,0.02,0.05,5.19,0.14,Nov,2,3,1,6,Returning_Visitor,False,False
2,165.17,1,0.0,56,1673.96,0.02,0.06,3.14,0.32,Nov,2,2,8,6,Returning_Visitor,False,True
3,207.4,0,0.0,38,826.0,0.01,0.06,3.48,0.13,Oct,2,8,1,6,New_Visitor,False,False
1,152.01,1,17.72,41,1550.09,0.02,0.06,3.53,0.18,Nov,2,2,2,6,Returning_Visitor,False,False
3,175.01,1,10.53,51,1592.37,0.01,0.05,2.5,0.12,Nov,1,1,7,6,Returning_Visitor,False,False
3,173.07,2,83.62,71,1701.72,0.01,0.03,6.29,0.19,Nov,2,2,1,6,Returning_Visitor,False,False
1,74.39,1,16.94,55,2065.08,0.01,0.02,3.88,0.16,Nov,2,2,8,6,Returning_Visitor,False,False
5,228.28,0,49.84,59,2964.77,0.01,0.05,17.71,0.0,Nov,4,2,3,10,Returning_Visitor,False,True
1,179.7,1,11.5,44,1576.81,0.0,0.05,6.31,0.16,Nov,2,2,8,2,Returning_Visitor,False,False
1,137.48,1,41.17,50,1719.13,0.02,0.07,5.84,0.15,Nov,2,2,1,6,Returning_Visitor,False,False
1,58.19,0,9.9,30,1203.61,0.02,0.08,0.0,0.11,Nov,2,1,1,6,Returning_Visitor,False,False
7,158.15,3,211.45,42,2064.21,0.03,0.04,6.64,0.14,Nov,2,2,3,2,Returning_Visitor,False,False
1,164.33,1,24.94,53,1733.5,0.01,0.06,5.08,0.14,Nov,2,3,1,6,Returning_Visitor,False,False
1,99.35,2,25.99,47,1431.2,0.03,0.05,1.16,0.16,Mar,2,3,7,6,Returning_Visitor,False,False
3,47.0,1,0.0,57,1957.31,0.01,0.02,17.7,0.24,May,3,2,7,6,Returning_Visitor,True,True
1,182.01,1,14.9,44,1307.72,0.0,0.04,5.2,0.0,Nov,2,2,1,6,New_Visitor,False,False
1,135.27,1,44.74,46,1706.06,0.0,0.04,5.42,0.14,Nov,2,2,1,6,Returning_Visitor,False,False
3,211.78,1,61.72,61,3983.26,0.01,0.01,30.45,0.13,Nov,2,2,2,1,Returning_Visitor,False,False
6,261.53,1,125.21,56,2563.59,0.01,0.04,3.92,0.06,Nov,1,1,1,6,Returning_Visitor,True,False
2,150.77,1,29.71,58,1813.64,0.01,0.05,4.92,0.15,Nov,2,2,1,6,Returning_Visitor,False,False
1,101.5,1,27.1,35,1527.56,0.01,0.06,6.08,0.15,May,2,2,1,2,Returning_Visitor,False,False
5,224.56,1,9.31,39,1630.82,0.01,0.02,0.58,0.15,Mar,2,8,1,11,New_Visitor,False,False
4,130.18,2,11.38,40,42.0,0.04,0.05,2.03,0.13,Mar,3,4,1,3,Returning_Visitor,False,False
0,109.32,1,31.91,32,1020.04,0.03,0.08,0.0,0.13,Nov,2,2,6,6,Returning_Visitor,False,False
3,176.17,1,17.67,31,785.68,0.03,0.05,2.84,0.0,Dec,2,3,1,6,New_Visitor,False,False
0,75.07,0,0.0,20,1063.13,0.1,0.12,4.89,0.1,Mar,3,2,1,6,Returning_Visitor,False,False
2,154.56,0,40.87,54,2175.86,0.03,0.08,8.12,0.14,Nov,2,3,1,1,Returning_Visitor,False,False
1,155.59,1,32.01,51,1599.12,0.02,0.06,6.82,0.14,Nov,2,3,1,6,Returning_Visitor,False,False
0,41.74,1,10.36,22,791.93,0.02,0.1,0.0,0.15,Nov,2,2,2,2,Returning_Visitor,False,False
5,185.17,2,116.06,96,1570.87,0.02,0.03,10.03,0.19,Nov,2,2,2,6,Returning_Visitor,False,False
1,144.74,1,44.09,52,1903.8,0.01,0.05,5.66,0.0,Nov,2,3,1,6,Returning_Visitor,False,False
1,144.06,1,23.11,46,1877.11,0.02,0.08,7.12,0.0,Nov,2,3,1,6,Returning_Visitor,False,True
2,31.0,4,106.0,70,2102.11,0.02,0.03,7.63,0.24,Nov,2,2,2,6,Returning_Visitor,True,False
3,268.66,2,68.5,40,1447.93,0.01,0.04,5.74,0.17,Jul,2,2,1,6,Returning_Visitor,False,False
1,171.16,1,15.41,52,1165.72,0.01,0.03,3.06,0.15,Nov,2,2,8,2,New_Visitor,False,False
2,76.76,1,14.57,51,1822.01,0.0,0.02,0.0,0.0,May,2,2,1,2,New_Visitor,False,False
1,75.93,0,7.92,29,1079.15,0.02,0.07,0.0,0.12,Nov,2,2,2,6,Returning_Visitor,False,True
1,154.13,1,26.85,50,1856.84,0.01,0.05,6.38,0.16,Nov,2,2,8,6,Returning_Visitor,False,False
1,175.19,1,25.33,57,1741.99,0.02,0.06,4.79,0.34,Nov,2,3,1,6,Returning_Visitor,False,False
1,32.63,1,28.32,23,1198.53,0.12,0.16,3.59,0.1,Mar,2,1,2,1,Returning_Visitor,False,False
5,207.91,1,88.53,78,3169.04,0.01,0.04,12.94,0.24,Nov,3,2,1,10,Returning_Visitor,False,True
1,131.08,1,22.65,45,1719.54,0.02,0.06,5.27,0.13,Nov,2,3,1,6,Returning_Visitor,False,False
1,125.22,1,27.53,40,1470.2,0.02,0.06,3.54,0.15,Mar,2,3,1,6,Returning_Visitor,False,False
1,164.76,1,73.74,55,1150.2,0.04,0.05,6.13,0.18,Nov,3,2,1,6,Returning_Visitor,True,False
1,176.25,1,26.17,52,1668.42,0.02,0.05,6.43,0.15,Nov,2,2,1,6,Returning_Visitor,False,False
1,138.74,1,0.0,51,1401.94,0.01,0.04,1.42,0.21,Nov,3,3,1,4,Returning_Visitor,False,False
0,89.14,1,11.29,37,1480.86,0.01,0.06,3.87,0.14,Nov,2,2,8,2,Returning_Visitor,False,False
3,138.18,1,31.87,51,1745.72,0.02,0.03,3.21,0.14,Nov,2,2,7,2,Returning_Visitor,False,True
1,112.66,1,30.28,39,2107.03,0.02,0.08,5.33,0.13,Mar,2,2,1,6,Returning_Visitor,False,False
2,129.18,1,54.23,7,2099.27,0.01,0.01,0.0,0.08,Nov,3,3,2,2,New_Visitor,False,False
1,156.41,0,6.83,36,1529.45,0.0,0.06,2.89,0.11,Nov,2,3,1,2,New_Visitor,False,True
0,109.11,1,15.13,40,1329.87,0.02,0.08,5.64,0.12,Nov,2,1,3,6,Returning_Visitor,False,False
1,172.97,1,25.58,46,1696.26,0.02,0.04,6.29,0.16,Nov,2,2,1,6,Returning_Visitor,False,False
0,66.01,1,31.04,53,1929.02,0.03,0.08,9.21,0.25,Nov,2,2,3,6,Returning_Visitor,False,False
0,82.76,1,17.02,40,1200.13,0.02,0.08,4.62,0.0,Nov,2,2,2,6,Returning_Visitor,False,True
1,183.35,1,50.22,10,1331.83,0.02,0.05,7.76,0.31,Nov,2,2,4,6,Returning_Visitor,False,False
1,198.16,1,16.25,36,1797.39,0.02,0.05,5.46,0.19,Nov,2,3,1,1,Returning_Visitor,False,True
2,21.0,1,19.36,64,1543.82,0.01,0.04,5.73,0.19,Nov,2,13,1,6,Returning_Visitor,False,False
2,196.74,1,52.71,38,2819.7,0.02,0.04,17.06,0.16,Nov,2,4,1,1,Returning_Visitor,False,False
1,43.59,1,9.14,38,532.75,0.02,0.09,3.59,0.23,Nov,1,1,3,1,Returning_Visitor,False,False
1,158.16,1,5.52,40,726.65,0.01,0.07,0.0,0.11,Sep,2,1,2,6,New_Visitor,False,False
1,86.11,0,3.89,33,1216.93,0.01,0.04,1.86,0.13,May,2,3,6,6,Returning_Visitor,False,False
3,153.34,1,32.25,62,421.5,0.01,0.04,8.08,0.24,May,2,2,8,6,Returning_Visitor,False,False
0,245.14,1,41.67,78,556.82,0.04,0.09,11.62,0.14,June,2,2,2,1,Returning_Visitor,False,False
0,125.29,1,54.45,51,2529.75,0.03,0.11,5.09,0.4,Nov,4,3,2,6,Returning_Visitor,False,False
3,162.66,1,18.17,57,1516.99,0.01,0.04,3.01,0.18,Nov,2,3,1,6,Returning_Visitor,False,False
2,120.33,0,15.84,65,376.5,0.01,0.04,11.26,0.38,May,2,2,3,6,Returning_Visitor,False,False
1,176.97,1,28.04,59,1695.87,0.02,0.06,5.42,0.21,Nov,2,2,1,6,Returning_Visitor,False,False
1,167.12,1,53.78,67,1738.63,0.02,0.07,6.76,0.16,Nov,2,2,1,6,Returning_Visitor,False,False
1,0.0,1,112.88,93,3958.15,0.01,0.01,45.97,0.13,May,3,2,2,4,Returning_Visitor,False,True
0,59.32,0,0.0,1,952.72,0.11,0.13,3.14,0.13,Mar,3,3,1,6,Returning_Visitor,False,False
1,159.46,1,0.0,56,2179.9,0.01,0.03,15.16,0.17,May,2,2,2,2,Returning_Visitor,False,True
0,94.65,1,9.76,24,103.0,0.02,0.04,3.42,0.14,Nov,2,1,2,6,Returning_Visitor,False,False
1,35.11,1,0.0,44,1669.56,0.03,0.05,2.63,0.2,Nov,2,2,7,1,Returning_Visitor,False,False
1,147.54,1,30.1,50,1772.65,0.02,0.06,5.83,0.13,Nov,2,2,1,6,Returning_Visitor,False,False
0,58.74,0,13.12,46,2008.27,0.02,0.07,5.0,0.08,Mar,2,2,1,1,Returning_Visitor,False,False
1,168.7,1,15.88,47,1574.47,0.01,0.06,5.24,0.18,Nov,2,3,1,6,Returning_Visitor,False,False
2,28.5,1,34.94,69,1371.7,0.01,0.03,5.5,0.2,Nov,2,2,7,6,Returning_Visitor,False,False
2,1172.0,1,0.0,34,1531.12,0.02,0.07,7.24,0.0,Sep,4,1,2,1,Returning_Visitor,False,False
1,135.96,0,0.0,39,1279.03,0.01,0.06,2.78,0.14,Nov,2,3,1,2,New_Visitor,False,False
0,20.57,0,0.0,13,390.23,0.06,0.13,1.84,0.12,Mar,2,3,1,3,Returning_Visitor,False,False
1,9.82,1,0.0,23,0.0,0.2,0.13,1.93,0.11,Mar,1,1,1,3,Returning_Visitor,False,False
3,168.33,1,31.59,47,1693.73,0.02,0.05,8.22,0.29,Aug,2,1,3,1,Returning_Visitor,False,False
0,20.26,1,0.0,21,976.99,0.1,0.13,4.19,0.0,Mar,3,2,2,3,Returning_Visitor,True,False
0,36.37,0,11.55,25,1141.51,0.02,0.1,2.33,0.11,Nov,2,2,2,6,Returning_Visitor,False,False
1,127.86,1,20.19,46,1262.45,0.02,0.07,3.3,0.14,Nov,2,2,1,6,Returning_Visitor,False,False
0,88.87,0,4.92,45,1575.57,0.01,0.06,4.06,0.32,Nov,2,2,3,6,Returning_Visitor,False,False
0,56.86,0,8.79,24,1240.29,0.02,0.04,1.87,0.14,Nov,2,2,3,2,Returning_Visitor,False,False
1,132.57,1,10.72,40,1362.38,0.0,0.04,0.0,0.17,Nov,2,2,1,6,New_Visitor,False,False
0,46.42,0,8.34,36,1670.26,0.01,0.05,2.96,0.17,May,2,2,3,2,Returning_Visitor,False,False
1,150.67,1,31.0,58,1624.43,0.01,0.05,5.71,0.14,Nov,2,2,1,6,Returning_Visitor,False,False
2,95.49,1,4.25,26,1099.19,0.02,0.06,0.0,0.13,Nov,1,1,1,6,Returning_Visitor,False,False
0,0.0,1,2.82,26,1958.5,0.0,0.01,1.47,0.0,Nov,2,3,1,2,Returning_Visitor,False,False
3,11.0,1,59.01,80,1459.65,0.01,0.02,5.11,0.18,Nov,3,2,1,6,Returning_Visitor,True,False
1,32.16,1,22.98,28,605.95,0.03,0.12,2.22,0.14,Nov,2,3,1,3,Returning_Visitor,False,False
1,152.65,1,23.3,29,1271.04,0.02,0.08,0.0,0.0,Nov,2,3,1,6,New_Visitor,False,False
3,138.51,2,21.0,44,1227.99,0.02,0.07,2.81,0.12,Nov,1,1,1,6,Returning_Visitor,False,False
2,157.03,1,63.75,8,979.18,0.02,0.03,3.79,0.0,Dec,2,13,1,2,New_Visitor,False,False
2,183.63,1,27.96,57,1420.15,0.01,0.04,4.63,0.18,Nov,2,2,1,6,Returning_Visitor,False,False
0,0.0,1,30.21,15,247.01,0.05,0.04,3.53,0.12,May,3,3,1,13,Returning_Visitor,False,False
1,0.0,1,26.64,3,243.96,0.07,0.09,0.0,0.1,Nov,2,3,1,2,New_Visitor,False,False
1,85.74,1,0.0,32,1404.11,0.01,0.05,1.47,0.16,Mar,2,3,8,6,Returning_Visitor,False,False
0,109.91,1,14.78,35,242.56,0.1,0.11,5.45,0.08,Jul,2,3,1,3,Returning_Visitor,True,False
1,0.0,1,81.13,2,259.82,0.06,0.07,2.68,0.14,Nov,3,2,1,2,Returning_Visitor,False,False
0,57.44,1,20.61,22,896.89,0.09,0.12,2.73,0.26,Nov,2,2,1,1,Returning_Visitor,False,False
0,40.46,1,9.81,19,222.0,0.04,0.12,1.42,0.12,Nov,2,3,1,2,Returning_Visitor,False,False
0,0.0,1,7.5,3,48.0,0.07,0.11,2.57,0.1,Nov,2,1,1,1,Returning_Visitor,False,False
3,208.3,1,33.91,72,2053.67,0.01,0.03,11.78,0.18,Nov,2,4,1,10,Returning_Visitor,False,False
0,83.44,1,0.0,32,1306.59,0.01,0.08,3.14,0.14,Nov,2,2,3,6,Returning_Visitor,False,False
0,32.58,1,6.65,22,176.1,0.03,0.11,1.24,0.12,Nov,2,1,1,1,Returning_Visitor,False,False
1,149.94,1,25.38,49,1445.75,0.02,0.07,4.07,0.14,Nov,2,3,1,6,Returning_Visitor,False,True
0,0.0,1,53.65,22,3089.46,0.11,0.11,4.46,0.12,Mar,3,2,1,1,Returning_Visitor,False,False
2,190.88,1,5.73,46,1753.23,0.01,0.05,3.82,0.17,Aug,1,1,3,6,Returning_Visitor,False,False
2,183.44,1,36.48,58,1766.85,0.01,0.06,8.86,0.14,Nov,2,3,1,6,Returning_Visitor,False,False
0,87.87,1,0.0,33,1147.28,0.06,0.11,4.9,0.0,Nov,2,3,2,6,Returning_Visitor,False,False
1,157.46,1,27.53,59,1816.54,0.02,0.07,5.12,0.26,Nov,2,1,2,6,Returning_Visitor,False,True
1,175.73,1,14.89,39,1427.31,0.01,0.04,3.88,0.17,Nov,2,2,1,2,Returning_Visitor,False,False
2,157.55,1,25.94,50,1798.41,0.0,0.05,8.08,0.0,Nov,2,3,7,6,Returning_Visitor,False,True
2,36.4,0,0.0,34,1198.29,0.0,0.04,0.68,0.0,Nov,2,3,7,2,New_Visitor,False,False
0,106.31,0,13.32,11,1536.4,0.02,0.04,2.55,0.12,Nov,2,2,3,2,Returning_Visitor,False,False
1,158.68,1,28.65,43,1142.62,0.02,0.02,5.97,0.12,Mar,2,2,1,13,Returning_Visitor,True,True
2,184.71,1,120.86,66,1949.22,0.02,0.04,13.9,0.18,Nov,3,2,1,6,Returning_Visitor,True,False
2,3.0,1,28.94,60,1415.13,0.01,0.02,6.36,0.17,May,2,13,1,6,Returning_Visitor,False,False
9,170.13,2,159.7,108,2984.61,0.03,0.03,30.61,0.21,Nov,3,2,2,6,Returning_Visitor,False,True
0,15.81,0,12.13,17,386.49,0.05,0.05,1.98,0.17,May,3,2,2,13,Returning_Visitor,False,False
2,172.28,1,24.3,42,1413.33,0.0,0.03,9.27,0.22,May,2,2,3,6,Returning_Visitor,False,False
2,177.59,0,55.98,61,1626.42,0.01,0.04,6.5,0.14,Nov,2,2,1,6,Returning_Visitor,False,True
3,143.0,1,11.08,47,1947.56,0.01,0.04,3.99,0.15,Nov,2,2,7,6,Returning_Visitor,False,True
1,185.0,0,35.59,24,2037.44,0.02,0.04,9.07,0.0,Nov,2,2,1,6,Returning_Visitor,False,False
0,162.37,0,36.0,51,1797.33,0.01,0.05,9.87,0.16,Nov,2,2,3,2,Returning_Visitor,False,False
1,103.22,1,18.71,41,1404.33,0.02,0.08,2.98,0.13,Nov,2,3,1,6,Returning_Visitor,False,False
1,190.21,1,32.04,72,2499.99,0.01,0.05,6.77,0.26,Nov,2,3,1,6,Returning_Visitor,False,False
4,156.07,1,14.08,44,1438.03,0.01,0.04,3.25,0.16,Nov,2,2,1,6,Returning_Visitor,False,False
2,151.73,1,20.9,53,1331.27,0.02,0.03,0.0,0.18,May,2,2,1,6,Returning_Visitor,False,False
0,80.75,1,15.37,16,48.0,0.01,0.03,0.0,0.15,Nov,2,2,5,2,Returning_Visitor,False,False
2,130.54,1,15.21,44,1341.28,0.02,0.04,3.96,0.18,Oct,2,13,1,6,New_Visitor,False,False
0,0.0,0,40.46,4,887.58,0.03,0.07,3.63,0.3,May,2,2,1,6,Returning_Visitor,False,False
0,149.81,1,45.68,63,2253.65,0.01,0.05,18.67,0.25,Nov,2,2,3,6,Returning_Visitor,False,False
2,170.92,1,15.4,44,1636.81,0.02,0.04,4.7,0.21,May,2,1,7,6,Returning_Visitor,False,False
0,0.0,1,9.04,47,2298.65,0.01,0.03,0.0,0.15,Nov,2,3,8,1,Returning_Visitor,False,False
3,143.9,1,30.53,51,1666.83,0.02,0.04,4.29,0.29,May,2,2,7,6,Returning_Visitor,False,False
1,83.2,1,0.0,55,2502.01,0.03,0.05,3.77,0.13,Mar,2,3,2,1,Returning_Visitor,False,False
4,243.9,1,90.31,101,2516.48,0.02,0.01,30.61,0.0,Nov,2,2,2,6,Returning_Visitor,False,False
1,164.9,1,13.23,35,1376.61,0.01,0.04,3.39,0.19,Nov,2,2,8,2,Returning_Visitor,False,False
1,144.22,1,24.08,49,1690.05,0.02,0.06,5.87,0.14,Nov,2,2,1,6,Returning_Visitor,False,True
0,32.15,1,11.61,16,149.9,0.05,0.09,1.64,0.14,Nov,2,3,1,1,Returning_Visitor,False,False
1,152.19,1,21.76,47,1704.16,0.02,0.06,4.49,0.14,Nov,2,3,1,6,Returning_Visitor,False,True
6,182.47,1,51.12,66,2767.62,0.02,0.04,13.26,0.14,Nov,3,3,2,1,Returning_Visitor,False,True
2,207.07,1,51.36,68,1704.01,0.01,0.04,12.5,0.18,Nov,2,2,1,6,Returning_Visitor,False,False
2,167.98,1,17.8,14,1651.02,0.03,0.04,3.41,0.18,Nov,2,2,1,6,Returning_Visitor,False,False
2,176.78,1,45.89,57,1816.06,0.01,0.05,9.57,0.14,Nov,2,3,1,6,Returning_Visitor,False,True
5,100.31,1,212.5,21,1943.4,0.01,0.0,2.03,0.1,Nov,3,1,7,6,Returning_Visitor,True,False
1,20.51,1,0.0,32,1460.83,0.02,0.1,0.79,0.11,Nov,2,1,3,3,Returning_Visitor,False,False
0,0.0,0,24.25,10,232.78,0.02,0.03,3.94,0.16,Nov,2,2,1,2,New_Visitor,False,False
2,188.97,1,47.88,67,2123.29,0.01,0.05,10.96,0.18,Nov,2,2,1,6,Returning_Visitor,False,False
1,156.1,1,0.0,40,1730.62,0.0,0.05,0.97,0.1,Nov,8,3,8,2,New_Visitor,False,False
1,0.0,1,13.9,31,836.04,0.02,0.06,0.71,0.17,May,2,3,2,2,Returning_Visitor,False,False
1,130.15,1,23.52,56,1519.64,0.02,0.07,4.82,0.14,Nov,2,3,2,6,Returning_Visitor,False,False
3,15.0,1,23.43,39,1714.4,0.02,0.04,2.88,0.0,May,2,13,1,2,Returning_Visitor,False,False
1,96.44,1,16.2,45,2212.82,0.02,0.03,4.13,0.19,May,2,1,1,3,Returning_Visitor,False,False
0,37.1,1,18.59,18,705.03,0.09,0.11,3.13,0.14,Nov,2,3,2,6,Returning_Visitor,False,False
0,0.0,1,17.18,39,1194.4,0.02,0.09,4.5,0.14,Nov,2,3,2,6,Returning_Visitor,False,False
3,156.41,0,45.16,76,1689.75,0.01,0.05,9.54,0.52,Nov,2,2,7,4,Returning_Visitor,False,False
1,40.16,1,21.0,28,229.25,0.06,0.06,2.55,0.12,Nov,3,2,1,6,Returning_Visitor,False,False
13,254.16,1,90.01,69,1458.99,0.01,0.02,17.5,0.16,May,4,2,1,6,Returning_Visitor,True,False
1,161.12,1,28.4,50,1740.48,0.01,0.07,8.83,0.0,Nov,2,3,1,6,Returning_Visitor,False,False
3,230.43,1,20.77,57,1920.07,0.01,0.02,18.99,0.15,Mar,4,4,2,6,Returning_Visitor,False,False
1,215.46,1,53.93,78,1861.22,0.01,0.04,12.14,0.14,Nov,2,2,1,6,Returning_Visitor,False,False
2,199.0,1,18.71,49,1630.33,0.02,0.05,5.55,0.15,Nov,2,3,1,1,Returning_Visitor,False,True
2,181.99,1,49.64,65,2064.24,0.01,0.05,11.11,0.14,Nov,2,2,1,6,Returning_Visitor,False,False
3,162.78,1,53.57,35,1304.75,0.0,0.04,0.0,0.16,Dec,2,13,1,2,New_Visitor,False,False
2,124.17,1,10.6,34,575.94,0.03,0.08,1.49,0.12,Nov,1,1,1,6,Returning_Visitor,False,False
3,128.67,1,69.57,85,2226.11,0.01,0.03,13.72,0.57,Nov,2,2,7,4,Returning_Visitor,False,False
2,154.21,1,26.36,50,1629.8,0.02,0.06,5.57,0.14,Nov,2,3,1,6,Returning_Visitor,False,False
1,142.0,1,30.22,56,1852.04,0.03,0.08,6.84,0.13,Nov,2,3,1,6,Returning_Visitor,False,False
2,172.95,1,33.1,59,2326.3,0.01,0.06,10.94,0.12,Nov,2,1,1,1,Returning_Visitor,False,False
1,172.19,1,0.0,65,1611.46,0.03,0.06,11.82,0.39,May,2,2,1,6,Returning_Visitor,False,False
1,147.47,1,24.7,46,1614.42,0.01,0.06,4.9,0.14,Nov,2,2,1,2,Returning_Visitor,False,False
2,212.58,1,9.94,42,1924.0,0.0,0.05,2.57,0.1,Nov,1,1,1,6,Returning_Visitor,False,False
1,38.86,1,23.25,40,1395.65,0.05,0.13,0.0,0.12,Nov,1,1,4,1,Returning_Visitor,False,False
1,142.98,1,0.0,42,1532.2,0.01,0.03,7.69,0.17,May,2,2,1,2,Returning_Visitor,False,True
4,201.42,0,68.64,57,2113.6,0.02,0.05,6.27,0.0,Nov,2,3,1,6,Returning_Visitor,False,False
1,64.84,1,9.83,23,71.0,0.03,0.08,0.0,0.14,Nov,2,3,1,3,Returning_Visitor,False,False
4,149.5,1,47.96,54,2040.24,0.01,0.02,2.13,0.19,May,2,3,8,6,Returning_Visitor,False,False
5,262.06,2,81.49,66,1708.69,0.01,0.04,3.82,0.0,Sep,8,2,1,6,Returning_Visitor,False,False
1,132.91,1,0.0,48,1738.46,0.01,0.05,5.43,0.52,May,4,4,1,3,Returning_Visitor,False,False
1,174.6,1,39.9,63,1799.76,0.01,0.04,7.16,0.2,Nov,2,3,1,6,Returning_Visitor,False,False
1,138.86,1,30.17,47,1364.79,0.02,0.07,4.74,0.13,Nov,2,2,1,6,Returning_Visitor,False,True
1,113.21,1,52.76,43,1459.01,0.07,0.05,5.42,0.18,Mar,3,2,1,6,Returning_Visitor,False,False
1,164.17,1,35.61,5,419.59,0.01,0.04,1.93,0.15,Mar,2,13,1,2,New_Visitor,False,False
2,119.69,1,20.29,50,1638.44,0.01,0.02,1.72,0.16,Nov,2,3,8,6,Returning_Visitor,False,False
0,41.28,0,30.85,22,2705.42,0.02,0.06,5.07,0.0,Mar,2,2,8,1,Returning_Visitor,False,False
0,55.65,1,19.68,1,778.11,0.08,0.12,2.06,0.24,Nov,2,2,1,6,Returning_Visitor,False,False
2,150.2,1,55.25,53,2044.98,0.01,0.05,6.58,0.0,Nov,2,1,1,6,Returning_Visitor,False,False
1,155.63,1,31.81,56,2057.1,0.01,0.07,7.8,0.37,Aug,2,2,3,6,Returning_Visitor,False,False
2,162.87,0,0.0,22,1282.0,0.01,0.03,8.22,0.14,May,2,13,8,2,Returning_Visitor,False,False
5,162.22,1,86.9,49,2802.37,0.02,0.04,22.62,0.18,Nov,3,2,1,20,Returning_Visitor,False,False
2,158.31,1,15.33,43,1488.38,0.01,0.04,2.23,0.17,Nov,2,3,1,6,Returning_Visitor,False,False
1,0.0,1,2.61,27,762.84,0.03,0.1,0.91,0.11,Nov,1,1,4,3,Returning_Visitor,False,False
1,34.96,1,0.0,29,1593.48,0.01,0.07,0.9,0.09,Nov,1,1,7,3,Returning_Visitor,False,False
0,47.38,1,24.43,37,1617.0,0.03,0.08,2.94,0.13,Dec,2,2,1,6,Returning_Visitor,False,False
1,143.83,1,1.58,22,531.61,0.01,0.04,1.31,0.17,Mar,2,13,1,1,New_Visitor,False,False
1,186.62,1,18.2,55,153.9,0.01,0.03,2.12,0.0,Dec,2,2,6,6,New_Visitor,False,True
0,85.56,1,21.98,47,1602.44,0.03,0.09,6.31,0.12,Nov,2,3,2,6,Returning_Visitor,False,False
1,50.31,1,4.44,30,886.26,0.03,0.11,0.86,0.12,Mar,1,1,1,3,Returning_Visitor,False,False
3,122.78,1,52.62,31,1476.98,0.02,0.02,8.33,0.15,Mar,3,2,5,13,Returning_Visitor,False,False
1,157.07,1,24.88,52,1795.97,0.02,0.05,3.61,0.0,Nov,2,2,1,6,Returning_Visitor,False,False
0,42.69,1,44.61,13,783.02,0.11,0.08,4.92,0.12,Mar,2,2,1,1,Returning_Visitor,False,False
5,202.74,2,117.07,124,1708.22,0.0,0.02,23.67,0.13,Nov,2,2,2,6,Returning_Visitor,False,True
2,151.0,1,1.34,49,1856.95,0.0,0.05,2.03,0.18,Nov,4,1,3,3,Returning_Visitor,False,False
1,176.01,1,26.08,46,1342.3,0.01,0.04,2.67,0.16,Nov,2,2,1,2,Returning_Visitor,False,False
0,59.78,0,7.34,34,1039.1,0.04,0.09,3.63,0.18,Nov,2,2,3,11,Returning_Visitor,False,False
1,109.51,1,13.4,37,1622.21,0.02,0.05,4.3,0.16,May,2,2,1,2,Returning_Visitor,False,False
1,87.23,1,0.0,20,609.43,0.03,0.09,2.69,0.12,Nov,2,3,1,2,Returning_Visitor,False,False
1,169.58,1,49.87,61,1960.06,0.02,0.05,10.56,0.15,Nov,2,2,1,1,Returning_Visitor,False,False
2,188.58,1,12.02,47,1664.56,0.02,0.01,10.33,0.21,Aug,2,13,4,1,Returning_Visitor,False,False
2,120.5,1,16.92,28,1522.08,0.05,0.09,2.29,0.0,Mar,3,3,1,3,Returning_Visitor,False,False
2,109.0,1,2.48,31,1287.31,0.02,0.04,0.73,0.22,Nov,2,2,7,1,Returning_Visitor,False,False
0,97.29,0,14.84,28,1412.35,0.01,0.04,4.95,0.14,Nov,2,2,3,2,Returning_Visitor,False,True
1,165.28,1,26.1,38,1185.38,0.02,0.06,2.44,0.13,Nov,2,3,1,6,Returning_Visitor,False,False
2,157.67,1,19.56,50,1876.87,0.01,0.01,10.96,0.12,Nov,4,1,1,3,Returning_Visitor,True,False
3,245.8,1,3.18,28,707.91,0.01,0.04,0.81,0.17,Nov,1,1,3,6,Returning_Visitor,False,False
0,31.57,0,0.0,20,601.29,0.03,0.1,3.63,0.11,Nov,3,2,1,2,Returning_Visitor,False,False
0,45.91,0,3.67,32,1548.53,0.01,0.07,2.4,0.14,Nov,2,2,3,2,Returning_Visitor,False,False
2,64.5,1,10.64,33,1354.09,0.01,0.04,0.0,0.2,May,2,2,1,2,Returning_Visitor,False,False
1,119.37,0,0.0,39,1893.87,0.0,0.07,2.57,0.18,Mar,2,2,7,2,New_Visitor,False,False
2,96.16,1,39.49,43,1839.96,0.01,0.05,1.82,0.21,May,8,1,1,6,Returning_Visitor,False,False
1,184.94,0,62.53,62,2414.86,0.01,0.03,18.83,0.14,Nov,2,2,4,6,Returning_Visitor,False,False
2,128.19,1,9.89,11,1541.83,0.01,0.04,3.38,0.16,Nov,2,2,1,1,Returning_Visitor,False,True
0,39.77,1,51.92,45,1566.07,0.04,0.06,4.3,0.2,Nov,2,2,8,6,Returning_Visitor,False,False
3,213.64,1,68.54,76,1824.99,0.01,0.05,8.78,0.0,Nov,2,2,1,6,Returning_Visitor,False,False
2,193.33,1,377.0,49,1998.75,0.01,0.01,12.6,0.16,Nov,8,1,2,1,Returning_Visitor,False,False
3,183.48,1,60.64,68,1864.71,0.01,0.03,0.0,0.12,Nov,2,2,8,6,Returning_Visitor,False,False
0,27.72,0,3.39,35,1857.06,0.02,0.1,2.44,0.0,Nov,1,1,3,1,Returning_Visitor,False,False
3,208.22,2,85.79,10,606.98,0.02,0.03,4.32,0.15,Nov,2,2,1,6,Returning_Visitor,False,False
1,126.77,1,24.14,52,1577.37,0.02,0.07,3.92,0.14,Nov,2,1,1,6,Returning_Visitor,False,False
4,324.49,7,112.85,40,2527.45,0.05,0.07,7.91,0.11,Nov,1,1,1,1,Returning_Visitor,False,False
0,112.76,1,14.75,28,923.98,0.02,0.06,2.58,0.16,Nov,2,2,1,2,Returning_Visitor,False,False
1,143.91,1,24.2,52,1606.33,0.04,0.1,5.14,0.13,Nov,2,1,1,1,Returning_Visitor,False,True
1,192.08,1,30.79,65,1751.97,0.0,0.03,6.27,0.12,Nov,2,2,1,2,Returning_Visitor,False,False
1,103.35,1,32.95,39,2106.44,0.05,0.07,3.57,0.13,Mar,3,3,1,1,Returning_Visitor,False,False
4,221.62,1,489.6,51,2893.49,0.01,0.04,20.34,0.1,Nov,3,2,1,4,Returning_Visitor,False,False
4,338.25,1,0.0,52,1423.12,0.0,0.05,3.23,0.11,Aug,1,1,3,6,Returning_Visitor,False,False
2,67.18,2,30.23,3,253.03,0.03,0.03,0.64,0.12,Mar,3,2,1,2,New_Visitor,True,False
2,128.12,1,30.35,52,1913.7,0.02,0.08,6.65,0.13,Nov,2,1,1,6,Returning_Visitor,False,True
3,170.76,1,10.17,56,1840.16,0.01,0.03,10.48,0.15,Oct,2,4,1,6,Returning_Visitor,False,False
2,145.59,1,48.59,65,1885.98,0.02,0.06,7.45,0.15,Nov,2,2,1,6,Returning_Visitor,False,False
2,187.16,0,24.61,60,1980.28,0.01,0.05,7.57,0.0,Nov,2,3,1,6,Returning_Visitor,False,False
1,0.0,1,25.93,23,603.05,0.02,0.08,3.48,0.16,Nov,2,3,1,6,Returning_Visitor,False,False
2,153.2,1,34.39,60,2101.4,0.01,0.06,9.06,0.14,Nov,2,2,1,6,Returning_Visitor,False,False
1,0.0,1,25.96,29,1017.53,0.03,0.08,1.96,0.13,May,3,3,1,3,Returning_Visitor,False,False
3,157.01,1,8.99,44,1213.4,0.01,0.06,1.28,0.1,Nov,1,1,1,6,Returning_Visitor,False,False
2,138.35,1,21.0,43,1394.24,0.01,0.03,9.35,0.17,May,2,2,7,2,Returning_Visitor,False,True
0,157.05,1,0.0,11,1058.16,0.02,0.04,4.08,0.13,Nov,2,2,2,6,Returning_Visitor,False,False
2,106.66,1,15.17,25,1131.05,0.01,0.04,1.38,0.0,Nov,2,2,1,2,New_Visitor,False,False
1,29.08,1,0.0,27,1170.64,0.02,0.1,1.52,0.09,Nov,2,1,3,3,Returning_Visitor,False,False
0,216.28,1,35.9,44,1428.25,0.2,0.13,8.19,0.09,Mar,4,3,1,1,Returning_Visitor,False,False
0,76.69,1,27.44,4,1317.43,0.07,0.11,3.93,0.13,Mar,2,2,2,1,Returning_Visitor,False,False
2,187.98,1,17.17,29,1695.69,0.01,0.03,12.61,0.16,May,2,2,8,6,Returning_Visitor,False,False
2,152.01,1,52.64,60,2043.41,0.02,0.04,10.67,0.0,Nov,2,2,1,6,Returning_Visitor,False,False
0,36.33,0,20.38,18,688.63,0.07,0.12,2.73,0.11,Mar,3,2,1,3,Returning_Visitor,False,False
2,155.76,1,32.71,30,1984.15,0.01,0.03,11.53,0.0,Nov,2,2,7,6,Returning_Visitor,False,False
2,208.0,2,81.43,47,1800.78,0.02,0.06,11.82,0.33,Nov,2,2,1,1,Returning_Visitor,False,False
1,78.7,1,6.41,28,1171.95,0.0,0.08,0.0,0.13,Nov,2,1,1,6,Returning_Visitor,False,False
0,81.8,1,0.0,34,1617.8,0.04,0.06,5.31,0.16,Nov,2,2,8,1,Returning_Visitor,False,False
5,221.03,1,50.99,58,2938.21,0.02,0.03,12.72,0.0,Mar,4,1,1,10,Returning_Visitor,True,False
2,183.12,1,20.99,39,2005.21,0.01,0.04,5.78,0.12,Nov,2,1,1,6,Returning_Visitor,False,False
3,111.17,1,42.27,58,1646.43,0.01,0.03,4.97,0.17,Nov,3,2,7,6,Returning_Visitor,False,False
2,190.52,1,53.02,77,1189.46,0.01,0.04,4.87,0.14,Nov,2,2,1,6,Returning_Visitor,True,False
4,198.68,1,26.56,44,1742.11,0.01,0.04,8.9,0.08,Nov,1,1,5,6,Returning_Visitor,False,True
3,135.5,1,25.65,42,1852.73,0.02,0.03,0.0,0.19,Nov,3,2,7,6,Returning_Visitor,False,False
3,233.32,1,0.0,45,1589.55,0.0,0.04,9.02,0.14,Sep,2,13,2,6,Returning_Visitor,False,False
1,65.9,1,2.03,31,1122.17,0.01,0.06,0.0,0.16,Nov,2,1,7,6,Returning_Visitor,False,False
1,111.25,1,19.69,45,1375.51,0.03,0.08,3.25,0.12,Nov,2,1,1,6,Returning_Visitor,False,False
2,162.05,1,54.14,96,1024.87,0.01,0.02,6.17,0.2,Dec,2,2,1,6,New_Visitor,False,False
1,149.89,1,15.16,50,1751.07,0.02,0.07,2.8,0.14,Nov,2,1,4,6,Returning_Visitor,False,False
0,36.36,1,30.67,17,1214.98,0.05,0.05,4.64,0.17,Nov,2,2,2,6,Returning_Visitor,False,False
1,155.79,1,49.06,61,2158.69,0.06,0.1,2.29,0.6,May,3,2,1,6,Returning_Visitor,False,False
1,159.49,1,37.62,73,608.7,0.01,0.03,1.51,0.13,Nov,2,2,2,2,New_Visitor,False,False
2,160.58,0,18.02,45,1255.76,0.0,0.04,1.7,0.15,Nov,2,2,1,2,New_Visitor,False,True
2,159.91,1,39.81,54,1322.97,0.02,0.03,3.85,0.13,Nov,3,2,1,6,Returning_Visitor,True,True
0,51.82,1,22.2,23,500.38,0.2,0.13,4.15,0.11,Nov,3,1,1,6,Returning_Visitor,False,False
1,93.22,1,3.42,32,803.06,0.01,0.08,0.0,0.0,Nov,1,1,2,6,Returning_Visitor,False,False
1,150.82,1,11.93,49,1497.61,0.01,0.05,3.56,0.16,Nov,2,2,8,6,Returning_Visitor,False,False
7,193.05,2,104.65,90,1552.01,0.01,0.03,8.79,0.18,Nov,2,2,1,6,Returning_Visitor,False,False
1,152.33,1,23.92,49,1818.72,0.02,0.07,5.68,0.14,Nov,2,3,1,6,Returning_Visitor,False,False
3,112.79,3,137.26,99,1450.24,0.01,0.03,33.44,0.17,Nov,2,2,1,6,Returning_Visitor,False,False
1,118.49,1,18.3,45,1653.53,0.01,0.05,3.36,0.13,Nov,2,2,7,6,Returning_Visitor,False,False
1,135.91,1,0.0,60,1468.22,0.0,0.04,3.17,0.22,May,3,2,1,6,Returning_Visitor,False,False
2,171.73,1,62.4,62,1819.48,0.02,0.05,6.99,0.13,Nov,2,2,1,6,Returning_Visitor,False,False
0,21.25,0,0.0,6,415.0,0.01,0.09,2.15,0.17,May,2,2,3,2,Returning_Visitor,False,False
2,163.34,2,56.08,54,553.17,0.07,0.06,6.31,0.0,Nov,3,1,1,6,Returning_Visitor,False,False
3,202.04,0,17.72,33,1623.27,0.02,0.05,3.47,0.17,Dec,2,13,1,6,Returning_Visitor,False,False
2,189.39,1,0.0,39,1697.07,0.02,0.06,0.0,0.24,May,2,13,1,6,Returning_Visitor,False,False
0,0.0,1,31.4,23,744.71,0.03,0.1,3.57,0.14,May,2,2,1,2,Returning_Visitor,False,False
1,174.75,1,21.27,43,1485.29,0.03,0.09,4.59,0.15,Nov,2,3,1,1,Returning_Visitor,False,False
4,50.5,2,95.33,60,2147.38,0.04,0.04,13.62,0.0,Mar,3,13,1,1,Returning_Visitor,False,False
1,138.3,1,24.07,48,2008.16,0.02,0.07,5.08,0.15,Nov,2,3,2,6,Returning_Visitor,False,False
4,243.22,1,546.5,83,2799.67,0.01,0.03,14.19,0.09,Nov,2,2,5,1,Returning_Visitor,False,True
1,153.35,1,30.36,54,1472.01,0.03,0.06,3.92,0.15,Nov,2,3,1,6,Returning_Visitor,False,False
0,34.68,0,12.98,24,820.45,0.01,0.09,1.55,0.13,Nov,2,2,2,2,Returning_Visitor,False,False
1,132.56,1,16.28,55,1595.14,0.02,0.08,3.46,0.14,Nov,2,3,1,6,Returning_Visitor,False,True
0,51.0,1,24.95,25,592.73,0.05,0.08,2.75,0.09,Nov,3,2,1,13,Returning_Visitor,False,False
1,131.58,1,0.0,24,403.0,0.02,0.04,1.2,0.15,Nov,2,1,3,6,Returning_Visitor,False,False
1,138.0,0,35.15,56,2144.61,0.01,0.06,11.55,0.0,Nov,2,2,1,2,Returning_Visitor,False,False
2,32.61,1,39.67,26,882.87,0.06,0.06,2.62,0.12,Mar,3,3,1,3,Returning_Visitor,False,False
5,165.88,3,204.25,46,2449.62,0.02,0.03,9.04,0.08,Nov,3,2,7,2,Returning_Visitor,False,True
2,199.07,1,69.24,65,2861.71,0.01,0.05,3.27,0.18,Nov,2,3,1,1,Returning_Visitor,False,False
2,152.27,1,37.24,55,2808.67,0.07,0.07,6.23,0.19,Mar,2,3,2,1,Returning_Visitor,False,False
3,229.95,2,41.0,85,1412.45,0.01,0.05,12.39,0.42,Nov,2,2,8,4,Returning_Visitor,False,False
0,0.0,1,43.06,17,698.72,0.11,0.12,4.69,0.11,Mar,3,2,1,6,Returning_Visitor,True,False
5,134.85,2,79.95,72,1465.61,0.02,0.03,0.0,0.3,Nov,2,2,3,6,Returning_Visitor,False,True
2,149.66,1,39.71,47,1820.42,0.01,0.04,9.69,0.16,Nov,2,2,5,6,Returning_Visitor,False,False
0,0.0,1,0.0,32,1441.79,0.02,0.08,1.62,0.13,Nov,2,2,2,6,Returning_Visitor,False,False
2,193.58,1,75.36,78,2429.08,0.01,0.04,14.11,0.16,Nov,2,2,1,6,Returning_Visitor,False,False
0,59.6,1,12.69,13,191.22,0.07,0.2,2.41,0.12,Nov,2,3,1,2,New_Visitor,False,False
2,176.61,1,9.77,16,1437.68,0.02,0.05,0.0,0.14,Nov,2,3,1,6,Returning_Visitor,False,False
2,166.26,1,26.41,42,1417.59,0.02,0.04,6.99,0.16,Dec,2,13,1,6,Returning_Visitor,False,False
1,160.27,1,28.19,56,1521.31,0.01,0.05,6.2,0.16,Nov,2,2,1,6,Returning_Visitor,False,False
1,43.31,0,32.27,33,1627.52,0.1,0.13,8.68,0.09,Nov,1,1,1,1,Returning_Visitor,False,False
0,162.5,1,29.32,29,1727.34,0.01,0.05,9.22,0.16,Nov,2,2,2,6,Returning_Visitor,False,False
1,133.86,1,32.46,49,1779.11,0.02,0.06,5.27,0.13,Nov,2,2,1,6,Returning_Visitor,False,False
0,21.72,1,26.38,4,593.94,0.07,0.12,2.26,0.11,Nov,3,2,1,2,Returning_Visitor,False,False
2,174.9,1,30.23,51,1615.3,0.02,0.05,3.44,0.19,Nov,2,13,1,6,Returning_Visitor,False,False
0,160.07,1,3.49,12,410.25,0.02,0.04,2.12,0.17,Nov,2,3,1,2,Returning_Visitor,False,False
1,203.79,0,0.0,43,1847.69,0.01,0.04,8.83,0.19,Nov,2,2,8,6,Returning_Visitor,False,False
1,17.14,1,39.51,23,297.38,0.05,0.06,2.07,0.12,May,3,2,1,2,Returning_Visitor,False,False
3,198.25,2,47.46,106,1243.79,0.01,0.03,5.16,0.13,Nov,2,2,2,2,New_Visitor,False,False
0,56.03,1,0.0,26,1953.24,0.02,0.06,11.68,0.0,Nov,2,2,2,2,Returning_Visitor,False,False
1,121.17,1,20.9,42,1595.1,0.01,0.07,3.96,0.0,Nov,2,2,1,2,Returning_Visitor,False,False
1,169.28,1,47.64,80,925.64,0.02,0.05,4.84,0.19,Nov,2,2,2,6,New_Visitor,False,False
1,165.25,1,22.77,57,1651.28,0.01,0.07,7.2,0.15,Nov,2,3,1,6,Returning_Visitor,False,False
2,161.21,0,0.0,45,1834.47,0.01,0.01,3.7,0.16,May,2,13,1,6,Returning_Visitor,False,False
1,132.93,1,21.91,39,1360.64,0.03,0.09,3.53,0.28,Nov,2,3,1,6,Returning_Visitor,False,False
1,147.31,0,59.83,7,2358.21,0.02,0.04,6.19,0.13,Nov,3,3,1,1,Returning_Visitor,False,False
0,20.54,1,18.15,19,410.06,0.06,0.1,3.33,0.11,Nov,2,3,1,6,Returning_Visitor,False,False
3,211.94,0,77.87,43,1591.73,0.01,0.01,13.1,0.0,May,2,4,5,10,Returning_Visitor,False,False
0,47.09,0,13.31,2,447.99,0.04,0.11,2.73,0.1,Nov,2,3,1,2,Returning_Visitor,False,False
0,152.58,1,77.01,43,1803.58,0.02,0.05,3.98,0.8,May,3,2,2,6,New_Visitor,False,False
3,160.87,0,17.33,46,1532.74,0.02,0.05,3.46,0.14,Mar,2,3,1,6,Returning_Visitor,False,False
1,75.39,1,36.21,30,974.25,0.2,0.13,4.76,0.18,Nov,8,1,2,3,Returning_Visitor,False,False
1,152.91,1,26.33,55,1616.57,0.04,0.05,6.03,0.48,May,2,2,1,6,Returning_Visitor,False,True
6,210.06,1,93.2,86,3537.71,0.01,0.04,14.54,0.13,Nov,2,1,1,1,Returning_Visitor,False,False
0,67.26,0,0.0,37,1539.0,0.01,0.04,0.83,0.12,May,2,2,3,2,Returning_Visitor,False,False
2,175.53,1,25.03,46,1785.29,0.0,0.05,11.54,0.13,Nov,2,3,9,6,Returning_Visitor,False,False
1,150.42,1,19.93,54,1708.1,0.01,0.05,4.68,0.14,Nov,2,3,1,6,Returning_Visitor,False,False
2,194.98,1,53.9,65,1736.29,0.01,0.05,7.3,0.17,Nov,2,2,1,6,Returning_Visitor,False,False
2,162.63,0,0.0,50,1413.66,0.02,0.04,2.06,0.19,Nov,2,2,1,6,New_Visitor,False,False
0,70.66,0,58.03,20,510.58,0.06,0.12,4.71,0.12,Dec,2,3,1,6,Returning_Visitor,False,False
0,11.85,0,12.66,37,2361.42,0.08,0.13,3.53,0.27,Nov,1,1,3,1,Returning_Visitor,False,False
1,143.42,1,23.51,46,1575.98,0.02,0.07,4.16,0.15,Nov,2,3,1,6,Returning_Visitor,False,False
0,58.62,0,6.73,23,198.75,0.01,0.08,0.0,0.15,Nov,2,3,2,6,Returning_Visitor,False,False
8,290.24,3,76.48,129,3525.46,0.0,0.03,17.74,0.11,Nov,2,2,1,1,Returning_Visitor,False,False
4,176.56,1,33.0,60,2158.16,0.01,0.02,11.18,0.16,Mar,2,4,1,6,Returning_Visitor,False,False
0,75.83,0,7.75,29,1572.39,0.03,0.04,2.16,0.2,Nov,2,1,3,6,Returning_Visitor,False,False
0,47.96,1,0.0,17,689.16,0.04,0.11,1.78,0.12,Nov,2,3,1,2,Returning_Visitor,False,False
2,134.56,1,18.64,48,1671.76,0.02,0.06,4.18,0.13,Nov,2,2,1,6,Returning_Visitor,False,False
2,168.23,1,26.29,56,1877.65,0.01,0.05,6.45,0.14,Nov,2,3,1,6,Returning_Visitor,False,True
0,123.39,1,8.43,23,295.0,0.01,0.04,0.0,0.14,Nov,2,2,1,2,New_Visitor,False,False
2,110.63,1,10.77,48,1708.77,0.02,0.08,2.61,0.13,Nov,1,1,4,1,Returning_Visitor,False,False
2,14.0,1,32.88,54,1516.01,0.0,0.04,4.97,0.16,Nov,2,3,1,6,Returning_Visitor,False,False
1,100.43,0,0.0,19,499.86,0.02,0.07,2.35,0.15,Nov,2,3,1,2,Returning_Visitor,False,False
3,158.05,1,50.35,59,1951.31,0.01,0.05,5.64,0.16,Nov,2,3,1,6,Returning_Visitor,False,False
2,171.86,1,34.19,54,1626.92,0.02,0.05,0.0,0.14,Nov,2,2,1,6,Returning_Visitor,False,False
0,161.29,1,98.44,87,2179.48,0.01,0.04,19.32,0.62,Nov,3,2,1,4,Returning_Visitor,False,False
1,132.68,1,22.81,40,1487.35,0.02,0.07,4.76,0.16,Nov,2,3,1,6,Returning_Visitor,False,False
1,67.17,1,7.36,41,966.64,0.09,0.12,2.02,0.17,Nov,1,1,2,1,Returning_Visitor,False,False
0,48.36,1,12.45,23,0.0,0.1,0.12,3.63,0.1,Mar,2,3,1,1,Returning_Visitor,False,False
0,73.73,1,46.78,45,1869.43,0.02,0.05,8.39,0.24,Nov,3,2,2,6,Returning_Visitor,False,False
1,0.0,1,3.01,38,1697.99,0.03,0.05,0.4,0.11,Mar,1,1,7,1,Returning_Visitor,False,False
4,531.06,2,49.73,60,2290.34,0.0,0.06,10.24,0.16,Sep,2,2,1,4,Returning_Visitor,False,False
1,0.0,1,25.6,47,1540.53,0.02,0.06,2.54,0.13,Nov,2,3,2,6,Returning_Visitor,False,False
1,134.29,1,15.74,41,1341.4,0.03,0.1,4.02,0.0,Nov,2,3,2,6,Returning_Visitor,False,False
3,204.21,1,63.39,86,2391.99,0.01,0.05,13.02,0.19,Nov,2,3,1,6,Returning_Visitor,False,False
1,67.78,1,13.44,24,1712.47,0.01,0.06,2.09,0.14,Nov,2,3,7,6,Returning_Visitor,False,False
2,83.6,1,53.54,60,1768.55,0.01,0.01,12.46,0.16,May,2,13,1,6,Returning_Visitor,False,False
2,166.18,0,31.95,57,1771.72,0.01,0.04,4.87,0.18,Nov,2,2,1,6,Returning_Visitor,False,False
3,371.73,1,34.91,44,1722.53,0.01,0.07,13.75,0.17,Sep,4,4,3,6,Returning_Visitor,False,False
0,0.0,0,10.6,15,510.43,0.04,0.12,2.16,0.11,Nov,2,3,2,2,Returning_Visitor,False,False
0,0.0,1,0.0,29,1347.53,0.04,0.09,3.42,0.17,Nov,2,2,2,6,Returning_Visitor,False,False
1,156.7,1,18.26,48,1589.56,0.0,0.05,3.18,0.14,Nov,2,2,1,6,New_Visitor,False,False
2,7.0,0,24.74,42,1618.0,0.02,0.05,4.39,0.19,Nov,2,3,1,6,Returning_Visitor,False,False
2,184.83,1,35.78,70,1602.63,0.0,0.03,9.0,0.14,Nov,2,2,4,6,Returning_Visitor,False,False
1,170.56,1,23.37,57,1674.8,0.0,0.05,5.9,0.15,Nov,2,2,1,6,Returning_Visitor,False,False
3,189.95,1,88.72,65,1835.68,0.01,0.04,4.71,0.0,Nov,2,1,1,6,Returning_Visitor,True,True
1,139.63,1,10.49,44,1463.48,0.01,0.04,2.37,0.18,Nov,2,2,3,6,Returning_Visitor,False,False
1,142.08,1,16.68,43,1458.87,0.02,0.06,2.9,0.14,Nov,2,3,1,6,Returning_Visitor,False,False
1,141.23,1,16.99,41,1620.04,0.02,0.06,5.16,0.16,Nov,2,3,1,6,Returning_Visitor,False,False
1,107.91,1,16.9,40,1323.04,0.02,0.08,3.45,0.12,Nov,2,1,1,6,Returning_Visitor,False,False
3,157.83,1,26.54,41,2338.1,0.02,0.04,3.54,0.13,Mar,8,3,1,1,Returning_Visitor,False,False
2,66.9,1,23.81,72,1220.66,0.01,0.02,3.25,0.2,Dec,2,2,1,6,Returning_Visitor,False,False
2,176.36,0,19.23,48,1542.01,0.01,0.05,3.89,0.16,Nov,2,3,1,6,Returning_Visitor,False,False
1,190.0,0,0.0,50,1656.08,0.01,0.05,6.93,0.18,Nov,2,2,3,6,Returning_Visitor,False,False
1,44.18,1,1.78,28,997.26,0.01,0.1,1.32,0.14,Nov,1,1,1,2,New_Visitor,False,False
1,129.51,1,21.96,47,1438.9,0.02,0.07,3.72,0.17,May,2,2,1,6,Returning_Visitor,False,False
3,202.42,1,53.2,51,2134.25,0.01,0.03,18.73,0.14,May,2,13,1,6,Returning_Visitor,False,True
1,0.0,1,16.9,54,1511.67,0.02,0.05,3.61,0.13,Mar,3,3,2,3,Returning_Visitor,False,False
3,199.73,1,96.7,48,2074.4,0.01,0.05,7.25,0.21,Nov,3,2,1,1,Returning_Visitor,False,False
1,187.67,1,7.21,16,1320.99,0.02,0.04,2.49,0.16,Nov,2,3,1,6,Returning_Visitor,False,False
1,167.59,1,17.04,45,1379.76,0.02,0.06,2.6,0.14,Nov,2,3,1,6,Returning_Visitor,False,False
0,72.6,0,12.1,37,1475.83,0.01,0.06,2.25,0.15,Nov,2,2,8,6,Returning_Visitor,False,False
6,225.08,2,139.2,121,3394.59,0.01,0.01,27.89,0.16,Nov,2,2,2,4,Returning_Visitor,False,True
1,102.83,1,14.1,43,1375.94,0.02,0.07,2.25,0.14,Nov,2,1,1,6,Returning_Visitor,False,False
5,94.89,2,0.0,49,1226.01,0.03,0.02,0.9,0.16,Mar,3,3,1,2,Returning_Visitor,False,True
3,121.86,1,38.55,73,1748.66,0.01,0.02,2.98,0.19,Nov,3,2,7,6,Returning_Visitor,True,False
0,121.72,0,16.7,43,1693.44,0.02,0.07,7.4,0.13,Nov,2,2,2,2,Returning_Visitor,False,False
1,41.8,0,0.0,37,2058.75,0.02,0.12,0.0,0.4,May,2,2,2,3,Returning_Visitor,False,False
0,0.0,0,12.48,35,1238.94,0.02,0.09,2.8,0.11,Nov,2,2,2,3,Returning_Visitor,False,False
2,160.19,1,0.0,43,2059.3,0.02,0.06,9.09,0.18,Mar,2,4,1,1,Returning_Visitor,False,True
2,161.58,1,20.07,55,1688.21,0.01,0.05,5.97,0.16,Nov,2,2,1,6,Returning_Visitor,False,True
0,66.6,1,15.8,28,1298.48,0.03,0.08,0.0,0.15,Nov,2,2,2,6,Returning_Visitor,False,False
3,172.52,1,82.32,87,1890.7,0.01,0.03,6.19,0.14,Nov,2,2,1,6,Returning_Visitor,False,False
1,154.52,1,0.0,50,1987.7,0.01,0.05,7.96,0.15,Nov,2,2,8,6,Returning_Visitor,False,False
0,46.03,1,19.15,2,578.02,0.0,0.1,2.09,0.12,Nov,2,2,1,2,Returning_Visitor,False,False
4,173.05,1,30.69,52,1596.26,0.01,0.03,1.55,0.19,May,2,2,7,6,Returning_Visitor,False,False
3,126.16,1,0.0,52,1603.08,0.02,0.05,1.6,0.46,May,2,1,1,6,Returning_Visitor,False,False
2,119.38,1,22.92,44,1809.5,0.02,0.04,2.67,0.2,May,2,2,1,6,Returning_Visitor,False,False
0,15.11,1,19.62,15,363.18,0.1,0.15,2.35,0.11,Mar,2,2,1,6,Returning_Visitor,False,False
3,32.0,1,25.45,51,1972.81,0.03,0.04,2.28,0.15,Mar,2,2,1,1,Returning_Visitor,False,False
5,203.78,1,23.0,113,2580.41,0.01,0.05,13.67,0.19,Nov,2,3,1,6,Returning_Visitor,False,True
3,126.82,1,22.23,58,2171.69,0.02,0.03,1.67,0.17,Mar,2,2,8,1,Returning_Visitor,False,False
1,98.73,1,73.96,74,1945.32,0.01,0.02,21.92,0.19,Nov,2,5,1,20,Returning_Visitor,False,False
1,196.58,1,15.61,58,1895.84,0.01,0.01,11.45,0.18,Nov,2,13,2,6,Returning_Visitor,False,False
4,268.28,1,73.18,38,2033.81,0.01,0.01,12.82,0.0,Aug,4,1,1,11,Returning_Visitor,True,True
3,348.2,0,13.24,49,1447.43,0.01,0.06,4.64,0.15,Sep,2,3,1,6,New_Visitor,False,False
1,161.96,1,7.3,36,1497.02,0.02,0.05,3.06,0.17,Mar,2,13,1,1,Returning_Visitor,False,False
1,170.61,1,54.47,74,1788.53,0.02,0.05,8.79,0.17,Nov,2,2,1,6,Returning_Visitor,False,False
2,144.56,1,65.27,57,1871.21,0.01,0.04,7.65,0.0,Nov,2,2,1,6,Returning_Visitor,False,False
2,136.49,1,21.37,5,1601.09,0.02,0.04,2.36,0.2,Nov,2,3,1,6,Returning_Visitor,False,False
3,293.81,1,86.4,99,2471.8,0.01,0.04,14.56,0.32,Nov,2,2,1,1,Returning_Visitor,False,False
3,174.33,1,42.4,60,2099.96,0.0,0.03,15.57,0.17,May,2,2,7,6,Returning_Visitor,False,False
2,21.28,1,0.0,22,576.28,0.05,0.03,0.73,0.12,Mar,3,3,1,3,Returning_Visitor,False,False
1,179.58,2,114.25,72,2081.85,0.01,0.03,15.86,0.0,Nov,2,2,1,2,Returning_Visitor,False,False
0,41.19,1,0.0,2,1297.49,0.11,0.12,2.52,0.12,Mar,2,2,6,1,Returning_Visitor,True,False
0,30.21,1,65.7,43,2181.21,0.02,0.07,2.09,0.4,May,3,2,2,3,Returning_Visitor,False,False
2,200.38,1,37.49,41,2573.52,0.02,0.04,12.81,0.21,Nov,2,13,1,1,Returning_Visitor,False,False
1,128.88,1,15.53,43,1647.4,0.02,0.07,3.85,0.13,Nov,2,3,1,6,Returning_Visitor,False,False
1,116.2,0,17.68,46,1803.15,0.01,0.07,4.83,0.0,Nov,2,1,1,2,Returning_Visitor,False,False
0,93.17,1,36.6,6,424.19,0.03,0.06,3.08,0.15,Nov,2,2,1,2,Returning_Visitor,False,False
2,153.93,1,10.13,38,1348.1,0.01,0.04,1.57,0.0,Nov,2,3,1,2,New_Visitor,False,True
1,152.96,1,38.63,54,1917.61,0.01,0.06,6.66,0.0,Nov,2,3,1,6,Returning_Visitor,False,False
1,175.83,1,30.04,54,1677.29,0.02,0.06,6.04,0.15,Nov,2,3,1,1,Returning_Visitor,False,True
2,177.84,1,0.0,56,1921.38,0.01,0.04,8.56,0.22,May,2,13,1,6,Returning_Visitor,False,True
2,148.4,1,0.0,44,1604.61,0.01,0.05,1.17,0.0,Nov,1,1,7,6,Returning_Visitor,False,False
1,86.37,1,26.79,33,1950.8,0.05,0.09,5.56,0.11,Nov,3,3,1,6,Returning_Visitor,False,False
1,184.81,1,10.78,40,1338.9,0.01,0.04,0.0,0.14,Nov,2,3,1,2,New_Visitor,False,False
2,111.38,1,12.49,31,1603.76,0.02,0.07,0.0,0.12,Nov,1,1,1,6,Returning_Visitor,False,False
3,205.04,1,62.73,61,2207.93,0.02,0.04,10.46,0.16,Nov,2,2,1,10,Returning_Visitor,False,False
2,131.29,1,11.47,28,1219.53,0.01,0.04,1.84,0.18,Nov,2,2,1,2,New_Visitor,False,True
0,41.99,1,25.94,18,366.53,0.08,0.2,3.21,0.14,Nov,3,3,1,6,Returning_Visitor,False,False
1,0.0,1,43.06,39,2604.95,0.03,0.11,5.53,0.1,Mar,3,1,1,1,Returning_Visitor,False,False
1,182.4,1,0.0,47,1959.92,0.01,0.04,10.17,0.16,Nov,2,2,6,6,Returning_Visitor,False,False
2,191.38,1,43.85,55,1224.75,0.0,0.03,13.93,0.13,May,2,13,1,2,Returning_Visitor,False,True
2,198.27,1,22.39,41,2198.4,0.02,0.08,5.9,0.13,Nov,4,7,1,3,Returning_Visitor,False,False
1,138.55,1,17.75,40,1395.24,0.02,0.08,3.82,0.14,Nov,2,3,1,6,Returning_Visitor,False,False
4,171.47,1,72.21,54,2928.53,0.01,0.01,16.61,0.17,Nov,2,2,1,6,Returning_Visitor,True,True
1,65.86,1,19.11,32,1112.04,0.05,0.11,0.0,0.0,Nov,8,1,1,6,Returning_Visitor,False,False
0,100.43,1,9.47,18,447.65,0.02,0.04,1.61,0.14,Nov,2,2,8,2,New_Visitor,False,False
1,132.84,1,15.1,28,1168.86,0.02,0.06,3.14,0.16,Nov,2,2,1,6,Returning_Visitor,False,False
1,149.97,1,20.99,45,1574.88,0.02,0.07,5.41,0.0,Nov,2,3,1,6,Returning_Visitor,False,True
0,9.37,0,9.53,34,1847.78,0.01,0.05,1.13,0.18,Nov,2,2,7,1,Returning_Visitor,False,False
2,130.67,1,101.04,10,1267.64,0.01,0.03,15.73,0.0,May,2,2,1,4,Returning_Visitor,False,True
1,182.73,1,62.91,68,2013.24,0.01,0.05,10.65,0.18,Nov,2,2,2,6,Returning_Visitor,False,False
2,139.93,1,34.16,52,1806.92,0.02,0.05,4.48,0.12,Nov,2,1,1,1,Returning_Visitor,False,True
3,80.04,1,88.07,36,1857.32,0.01,0.04,1.8,0.35,Dec,2,3,1,6,Returning_Visitor,False,False
1,102.84,1,31.0,40,1510.85,0.04,0.1,6.86,0.0,Mar,2,3,1,3,Returning_Visitor,False,True
0,38.86,1,36.45,15,31.0,0.03,0.1,2.28,0.0,Nov,2,3,1,2,Returning_Visitor,False,False
3,223.53,0,0.0,68,2294.82,0.0,0.02,0.0,0.11,Mar,4,1,2,3,Returning_Visitor,True,False
2,161.11,1,0.0,45,1354.47,0.01,0.04,2.67,0.18,Nov,2,3,1,6,New_Visitor,False,False
2,158.92,1,42.13,65,1879.47,0.0,0.03,4.27,0.16,Nov,2,2,1,6,Returning_Visitor,False,False
2,194.0,1,29.17,55,1531.0,0.02,0.06,0.0,0.12,Nov,2,3,2,6,Returning_Visitor,False,False
14,275.33,1,51.0,48,1312.71,0.01,0.04,0.0,0.06,Nov,1,1,1,1,Returning_Visitor,True,False
6,136.02,1,41.02,83,2181.93,0.02,0.01,8.94,0.5,May,4,2,1,4,Returning_Visitor,False,False
1,168.9,0,36.94,52,4815.7,0.01,0.05,11.65,0.14,Nov,2,2,1,6,Returning_Visitor,False,True
1,165.39,0,0.0,42,1232.24,0.02,0.05,9.07,0.16,Nov,2,3,1,8,Returning_Visitor,False,True
1,123.13,1,20.66,41,1429.28,0.02,0.08,3.4,0.14,Nov,2,2,1,6,Returning_Visitor,False,False
0,0.0,1,16.74,31,2160.99,0.02,0.05,3.93,0.27,Nov,2,2,3,1,Returning_Visitor,False,False
1,191.75,2,83.5,52,2011.4,0.04,0.05,7.83,0.11,Nov,3,2,3,6,Returning_Visitor,True,True
2,240.69,1,31.57,59,2043.7,0.02,0.05,7.04,0.12,Nov,4,1,2,1,Returning_Visitor,False,False
4,66.14,1,64.8,43,1248.64,0.03,0.03,1.8,0.11,Nov,3,2,1,1,Returning_Visitor,False,False
2,95.88,0,33.71,37,1138.61,0.02,0.03,3.45,0.15,Mar,2,8,1,6,Returning_Visitor,False,True
1,168.52,1,31.5,63,1668.82,0.01,0.05,5.78,0.16,Nov,2,2,1,6,Returning_Visitor,False,False
3,147.76,2,105.01,74,2040.53,0.02,0.0,8.54,0.21,Nov,3,2,1,6,Returning_Visitor,False,False
1,183.62,1,36.96,28,2167.34,0.01,0.02,13.78,0.14,Dec,2,4,1,6,Returning_Visitor,False,False
1,146.27,1,0.0,54,1675.59,0.02,0.06,3.45,0.16,Nov,2,3,1,6,Returning_Visitor,False,True
2,191.09,1,18.95,36,1769.86,0.01,0.04,3.12,0.15,Mar,2,5,1,6,Returning_Visitor,False,False
1,149.54,1,18.32,50,1518.35,0.02,0.06,3.98,0.13,Nov,2,3,1,6,Returning_Visitor,False,False
1,186.99,1,37.65,60,1853.82,0.01,0.05,9.4,0.17,Nov,2,2,1,6,Returning_Visitor,False,False
1,141.7,1,3.27,20,1581.63,0.02,0.04,0.0,0.09,Nov,1,1,4,6,Returning_Visitor,False,False
1,152.36,1,14.54,41,1543.09,0.02,0.06,4.11,0.14,Nov,2,3,1,6,Returning_Visitor,False,False
8,235.59,2,134.66,113,2235.48,0.02,0.03,25.68,0.13,Nov,3,2,2,2,Returning_Visitor,False,False
2,213.56,1,79.05,78,1938.59,0.01,0.04,13.34,0.16,Nov,2,3,1,6,Returning_Visitor,False,False
1,123.7,1,6.19,47,1616.72,0.01,0.05,3.57,0.19,Nov,2,2,3,6,Returning_Visitor,False,False
4,209.65,1,69.02,29,2186.5,0.01,0.04,6.32,0.22,Sep,3,2,8,4,Returning_Visitor,False,False
1,141.09,1,0.0,44,2341.87,0.01,0.03,35.89,0.16,Nov,2,2,8,1,Returning_Visitor,False,True
2,158.89,1,14.38,38,1649.21,0.02,0.05,4.18,0.16,Nov,2,3,1,6,Returning_Visitor,False,False
1,134.65,1,63.04,55,1958.01,0.03,0.08,2.71,0.6,May,3,2,1,6,Returning_Visitor,False,False
2,183.84,1,33.13,50,1907.67,0.02,0.07,6.34,0.13,Nov,2,3,1,6,Returning_Visitor,False,False
1,171.79,1,27.79,53,1615.9,0.02,0.05,6.13,0.17,Nov,2,3,1,6,Returning_Visitor,False,False
3,187.5,1,47.36,87,2074.65,0.01,0.03,8.4,0.15,Mar,2,2,2,6,Returning_Visitor,False,False
1,69.66,1,0.0,12,1018.8,0.04,0.07,0.0,0.12,Nov,1,1,4,6,Returning_Visitor,False,False
1,100.39,1,8.15,31,1024.91,0.01,0.07,0.0,0.13,Nov,2,3,1,6,Returning_Visitor,False,False
2,172.62,1,35.2,63,1671.71,0.02,0.05,7.47,0.14,Mar,2,3,1,6,Returning_Visitor,False,True
2,138.61,1,14.22,41,1331.42,0.02,0.07,2.11,0.17,Nov,2,3,1,6,Returning_Visitor,False,False
2,85.25,1,13.04,55,1609.77,0.01,0.03,6.72,0.19,May,2,13,1,6,Returning_Visitor,False,False
2,15.5,1,39.87,84,2030.76,0.01,0.07,12.74,0.47,Aug,4,3,3,6,Returning_Visitor,False,False
2,187.6,1,37.04,57,1608.34,0.01,0.05,4.56,0.14,Nov,2,3,1,6,Returning_Visitor,False,True
1,36.84,1,11.46,27,867.27,0.09,0.12,0.0,0.12,Nov,1,1,1,3,Returning_Visitor,False,True
2,126.86,1,22.89,26,782.78,0.02,0.08,1.02,0.16,Nov,2,3,1,2,Returning_Visitor,False,False
3,112.0,1,0.0,62,1719.78,0.01,0.02,5.9,0.14,Mar,2,2,1,2,Returning_Visitor,False,False
0,57.22,1,20.23,31,1163.06,0.03,0.09,3.32,0.11,Nov,2,2,1,6,Returning_Visitor,False,False
2,212.53,1,97.22,81,2467.87,0.02,0.02,29.32,0.14,Nov,2,2,2,6,Returning_Visitor,False,True
1,103.09,1,16.87,34,1397.2,0.04,0.08,2.5,0.14,Nov,2,3,1,1,Returning_Visitor,False,True
3,105.0,1,89.4,94,1162.72,0.01,0.0,6.51,0.14,May,2,2,1,6,Returning_Visitor,False,False
1,149.54,1,8.65,27,1460.92,0.02,0.06,0.0,0.18,Nov,2,3,1,2,Returning_Visitor,False,False
1,77.01,1,23.22,44,1726.05,0.06,0.12,4.06,0.13,Mar,2,1,2,1,Returning_Visitor,False,False
2,161.28,1,44.3,63,1586.37,0.01,0.05,4.54,0.12,Nov,2,3,1,6,Returning_Visitor,False,False
7,109.5,0,24.99,42,1570.29,0.02,0.02,1.4,0.13,May,1,1,7,6,Returning_Visitor,False,False
3,166.08,1,53.41,19,1305.41,0.02,0.03,4.33,0.19,Dec,2,2,1,6,Returning_Visitor,False,False
2,158.44,0,37.98,55,2541.15,0.02,0.02,8.39,0.29,May,4,1,2,3,Returning_Visitor,False,False
2,139.5,1,38.24,64,1706.01,0.02,0.06,6.85,0.19,Nov,2,2,1,6,Returning_Visitor,False,False
1,141.43,1,34.84,50,1657.01,0.03,0.07,5.82,0.13,Nov,2,1,1,6,Returning_Visitor,False,False
2,203.15,1,27.17,15,1094.15,0.02,0.04,4.56,0.14,Nov,2,3,1,6,Returning_Visitor,False,False
0,57.87,1,34.44,1,1211.29,0.05,0.09,4.8,0.13,Nov,2,2,2,6,Returning_Visitor,False,False
1,100.77,1,9.25,42,1576.78,0.02,0.07,2.91,0.13,Nov,2,1,8,6,Returning_Visitor,False,False
1,136.95,1,26.0,39,1308.77,0.02,0.05,3.35,0.15,Nov,2,2,1,2,Returning_Visitor,False,False
1,119.77,1,24.76,46,1472.67,0.02,0.08,4.04,0.13,Nov,2,1,2,6,Returning_Visitor,False,False
6,238.05,2,109.02,79,2475.22,0.01,0.04,15.0,0.18,Nov,2,3,1,6,Returning_Visitor,False,True
7,285.04,3,149.64,262,2579.35,0.01,0.02,12.5,0.09,Nov,8,1,1,2,Returning_Visitor,True,False
1,144.45,1,13.25,47,1645.91,0.02,0.07,3.34,0.21,Nov,2,2,2,6,Returning_Visitor,False,False
9,211.55,1,117.92,124,2962.21,0.01,0.02,19.25,0.14,Nov,3,13,1,20,Returning_Visitor,False,False
1,143.25,1,23.41,54,1676.5,0.02,0.07,5.62,0.15,Nov,2,3,1,6,Returning_Visitor,False,False
2,217.74,1,87.36,70,1542.13,0.01,0.04,7.97,0.24,Nov,2,2,2,6,Returning_Visitor,True,True
2,166.8,0,0.0,27,1480.53,0.02,0.03,0.93,0.22,Dec,2,4,1,6,Returning_Visitor,False,False
0,42.1,1,21.18,26,1059.22,0.06,0.07,4.46,0.0,Nov,3,2,2,13,Returning_Visitor,False,False
1,167.46,1,19.98,55,1410.97,0.02,0.06,3.71,0.14,Nov,2,3,1,6,Returning_Visitor,False,False
1,140.09,1,16.91,38,1389.49,0.02,0.07,0.0,0.15,Nov,2,3,1,6,Returning_Visitor,False,False
0,142.6,1,47.21,56,398.69,0.02,0.04,10.54,0.11,Nov,3,2,1,6,Returning_Visitor,False,False
3,234.68,2,63.44,49,971.61,0.02,0.04,4.49,0.12,Jul,2,2,1,6,New_Visitor,False,False
1,181.6,1,24.56,47,1269.09,0.01,0.04,0.0,0.15,Nov,2,2,1,6,New_Visitor,False,False
9,104.76,1,19.85,45,1476.88,0.04,0.09,3.57,0.12,Nov,2,1,1,1,Returning_Visitor,False,False
3,95.0,1,19.21,48,1521.19,0.02,0.03,0.0,0.16,Mar,2,13,1,6,New_Visitor,False,False
1,110.8,1,28.64,54,1625.29,0.03,0.05,2.93,0.17,Nov,3,2,3,13,Returning_Visitor,False,False
0,56.81,1,33.82,19,291.2,0.18,0.13,6.24,0.11,Mar,2,3,1,1,Returning_Visitor,False,False
1,182.9,1,8.4,32,1603.21,0.02,0.06,2.96,0.26,Nov,2,3,1,2,New_Visitor,False,False
1,144.6,1,34.08,51,1653.79,0.02,0.05,4.32,0.15,Nov,2,2,1,6,Returning_Visitor,False,False
2,168.51,1,43.86,21,3232.29,0.01,0.03,11.61,0.15,Mar,2,13,1,1,Returning_Visitor,False,False
3,119.51,1,51.36,62,2276.48,0.03,0.07,11.58,0.14,Mar,4,6,1,1,Returning_Visitor,False,False
0,160.31,1,46.5,55,2195.86,0.03,0.1,4.24,0.8,May,3,2,2,6,Returning_Visitor,False,False
0,72.94,1,77.54,42,2835.31,0.02,0.03,16.67,0.18,Nov,2,2,1,2,Returning_Visitor,False,False
2,135.75,1,32.55,50,382.25,0.01,0.03,3.09,0.23,Nov,2,2,1,6,Returning_Visitor,False,False
2,222.74,2,92.77,54,1221.71,0.04,0.1,9.98,0.12,Nov,2,3,1,6,Returning_Visitor,False,True
2,107.04,1,4.3,41,1507.92,0.01,0.07,2.75,0.12,Nov,1,1,3,3,Returning_Visitor,False,False
2,167.38,1,17.86,47,1599.52,0.01,0.05,4.25,0.19,Nov,2,2,1,6,Returning_Visitor,False,False
2,135.9,1,37.54,53,1680.33,0.03,0.06,5.08,0.11,Nov,3,3,1,6,Returning_Visitor,False,False
3,178.11,1,55.47,73,2040.29,0.01,0.03,8.28,0.17,Nov,2,3,1,6,Returning_Visitor,False,True
2,159.91,1,11.46,52,952.43,0.01,0.03,6.93,0.15,Mar,2,13,7,10,Returning_Visitor,False,True
1,76.8,1,26.78,39,1899.17,0.11,0.11,3.84,0.08,Mar,2,1,1,1,Returning_Visitor,False,False
1,151.83,1,31.74,49,1613.54,0.02,0.07,6.19,0.14,Nov,2,2,1,6,Returning_Visitor,False,False
2,180.43,1,8.55,45,1661.22,0.02,0.05,0.0,0.17,Nov,1,1,4,6,Returning_Visitor,False,False
3,212.2,1,64.55,45,1892.51,0.01,0.03,14.16,0.11,Nov,1,1,1,1,Returning_Visitor,False,True
1,175.61,1,26.41,60,1419.6,0.03,0.06,6.03,0.21,Nov,2,2,1,6,Returning_Visitor,False,False
4,195.68,3,183.12,52,2512.65,0.02,0.03,8.9,0.12,Nov,3,2,1,6,Returning_Visitor,False,False
0,67.44,1,12.24,42,1757.48,0.02,0.05,3.06,0.33,Nov,2,2,3,6,Returning_Visitor,False,False
2,80.25,1,3.97,29,1320.9,0.02,0.06,0.0,0.15,Nov,1,1,7,1,Returning_Visitor,False,False
1,12.73,1,3.09,22,97.17,0.09,0.13,1.66,0.0,Nov,1,1,3,3,Returning_Visitor,False,False
12,200.96,1,117.77,99,2519.01,0.01,0.03,26.84,0.18,Nov,3,2,1,6,Returning_Visitor,False,True
4,87.75,1,15.68,42,1977.5,0.01,0.04,1.05,0.07,Nov,1,1,1,2,Returning_Visitor,False,False
0,23.17,1,19.24,15,335.88,0.07,0.2,1.96,0.11,Nov,2,2,1,6,Returning_Visitor,False,False
1,139.35,1,13.62,46,1593.89,0.02,0.07,3.15,0.16,Nov,2,1,1,1,Returning_Visitor,False,False
2,214.97,1,44.22,55,1829.83,0.01,0.05,4.45,0.11,Nov,2,1,1,6,Returning_Visitor,False,False
2,124.15,1,0.0,38,1596.42,0.02,0.04,2.53,0.24,Nov,2,3,1,6,Returning_Visitor,False,False
6,267.73,2,122.47,110,3055.53,0.01,0.03,26.2,0.12,Nov,2,2,1,6,Returning_Visitor,False,True
2,159.31,1,17.83,49,847.36,0.01,0.03,1.45,0.14,Nov,2,2,1,2,New_Visitor,False,True
3,240.85,0,71.15,68,2232.75,0.0,0.03,13.24,0.12,Nov,2,2,1,6,Returning_Visitor,False,True
1,183.45,2,62.52,62,1436.13,0.03,0.04,9.6,0.15,Nov,2,2,1,6,Returning_Visitor,False,False
2,180.98,1,34.23,56,1806.54,0.01,0.05,7.38,0.14,Nov,2,3,1,6,Returning_Visitor,False,False
2,175.32,2,0.0,45,1728.2,0.02,0.02,6.91,0.18,Mar,2,4,1,1,Returning_Visitor,False,False
3,191.98,2,154.52,10,1976.56,0.01,0.03,25.41,0.25,Nov,2,2,1,2,Returning_Visitor,False,True
3,159.29,1,15.11,27,2958.22,0.01,0.03,12.21,0.23,Nov,3,2,1,6,Returning_Visitor,False,True
2,187.99,2,121.0,122,1016.73,0.0,0.02,13.41,0.21,Nov,2,2,2,6,Returning_Visitor,True,False
2,167.04,1,23.52,46,2064.5,0.02,0.06,6.11,0.15,Nov,2,3,1,6,Returning_Visitor,False,False
0,95.35,1,0.0,52,1825.48,0.03,0.07,11.97,0.14,Nov,3,2,2,6,Returning_Visitor,False,False
0,55.3,0,14.69,37,1466.38,0.02,0.08,3.77,0.15,Nov,2,2,2,6,Returning_Visitor,False,False
4,22.92,1,13.93,45,1873.54,0.01,0.06,3.12,0.31,Aug,2,4,1,6,Returning_Visitor,False,False
1,77.9,1,19.49,8,569.59,0.06,0.1,2.38,0.11,Mar,3,3,1,6,Returning_Visitor,True,False
2,153.17,1,23.72,61,1652.69,0.01,0.06,5.1,0.13,Nov,2,3,1,6,Returning_Visitor,False,False
1,136.67,0,30.43,20,2030.8,0.01,0.04,13.34,0.17,Nov,2,2,7,6,Returning_Visitor,False,False
4,308.63,0,27.45,46,1683.76,0.01,0.05,2.73,0.05,Nov,1,1,1,8,New_Visitor,False,True
2,110.96,1,3.56,25,987.32,0.01,0.04,0.0,0.2,Nov,2,2,1,6,New_Visitor,False,False
2,185.31,1,48.52,57,1834.55,0.02,0.06,6.24,0.12,Nov,2,3,1,6,Returning_Visitor,False,False
1,152.6,1,11.6,33,1141.33,0.02,0.06,3.17,0.14,Nov,2,3,1,6,Returning_Visitor,False,False
2,181.75,1,54.35,59,1812.77,0.0,0.04,8.64,0.13,Nov,2,2,1,6,Returning_Visitor,False,False
0,133.16,1,36.33,41,590.65,0.03,0.07,5.01,0.11,Nov,2,2,6,6,Returning_Visitor,True,False
1,163.23,1,21.07,50,1470.17,0.02,0.06,4.21,0.15,Nov,2,3,1,6,Returning_Visitor,False,True
2,174.37,1,48.87,59,1711.2,0.01,0.03,9.82,0.15,Nov,2,1,1,6,Returning_Visitor,False,False
6,127.8,1,62.58,39,766.82,0.03,0.03,3.42,0.14,Nov,3,2,7,2,Returning_Visitor,False,True
1,183.65,1,17.27,1,700.52,0.2,0.1,3.97,0.13,Nov,2,2,2,4,Returning_Visitor,True,False
1,163.11,1,26.35,56,1657.41,0.01,0.06,5.75,0.14,Nov,2,3,1,6,Returning_Visitor,False,False
1,166.36,1,16.13,48,1618.42,0.01,0.06,5.58,0.16,Nov,2,3,1,6,Returning_Visitor,False,False
1,113.22,1,34.76,28,990.63,0.01,0.06,2.31,0.0,Nov,2,3,1,2,New_Visitor,False,False
3,193.36,1,59.88,10,1311.24,0.01,0.03,5.54,0.29,Nov,2,2,8,6,Returning_Visitor,False,False
0,85.51,1,17.78,46,1487.63,0.02,0.04,4.94,0.18,Nov,2,2,3,6,Returning_Visitor,False,False
2,80.8,1,9.86,4,883.25,0.0,0.02,2.49,0.2,Oct,2,13,1,5,New_Visitor,False,False
0,0.0,0,13.0,27,1580.95,0.01,0.07,1.52,0.13,Mar,2,2,8,6,Returning_Visitor,False,False
1,127.31,1,8.1,42,1570.97,0.01,0.07,2.61,0.12,Nov,2,1,1,1,Returning_Visitor,False,False
3,190.77,1,9.59,54,1974.11,0.01,0.06,6.18,0.17,Sep,1,1,1,6,Returning_Visitor,False,False
2,171.16,1,37.84,55,1843.47,0.01,0.05,4.2,0.11,Nov,3,3,1,6,Returning_Visitor,False,False
2,76.03,2,69.4,33,1135.7,0.06,0.04,3.75,0.13,Mar,3,3,1,6,Returning_Visitor,False,False
1,197.22,2,66.19,70,2311.95,0.01,0.05,6.26,0.14,Nov,8,2,7,1,Returning_Visitor,False,True
0,145.5,1,8.28,34,1036.27,0.01,0.06,1.84,0.13,Nov,2,2,1,2,New_Visitor,False,False
1,139.42,1,22.41,53,1484.93,0.02,0.05,3.82,0.14,Mar,2,3,1,6,Returning_Visitor,False,False
1,148.42,1,37.01,65,1479.29,0.01,0.04,3.77,0.15,Nov,2,2,1,6,Returning_Visitor,True,False
4,143.15,1,57.35,83,1771.43,0.01,0.0,5.0,0.12,Nov,3,2,1,6,Returning_Visitor,True,False
1,168.42,1,27.01,47,1552.67,0.02,0.06,4.29,0.14,Nov,2,3,1,6,Returning_Visitor,False,False
1,165.89,1,12.8,34,1008.02,0.01,0.04,3.24,0.18,Nov,2,2,1,2,New_Visitor,False,False
1,191.46,1,57.36,58,2054.16,0.02,0.07,9.56,0.19,Nov,2,3,1,1,Returning_Visitor,False,False
1,40.76,1,6.92,28,755.39,0.03,0.1,2.01,0.0,Nov,2,2,3,3,Returning_Visitor,False,False
2,135.92,1,30.94,54,1548.44,0.01,0.04,4.02,0.18,Mar,2,13,1,6,Returning_Visitor,False,False
1,0.0,1,0.0,7,1575.93,0.02,0.03,7.9,0.14,Mar,2,13,2,6,New_Visitor,False,False
3,174.82,1,27.56,64,1984.63,0.01,0.03,3.53,0.16,Nov,2,1,8,1,Returning_Visitor,False,True
1,164.84,1,11.82,41,1613.69,0.02,0.07,3.47,0.14,Nov,2,1,1,6,Returning_Visitor,False,False
2,118.28,1,45.56,89,1298.89,0.01,0.03,3.72,0.23,Nov,2,2,1,4,Returning_Visitor,False,False
2,204.1,0,25.44,54,1791.67,0.02,0.04,5.91,0.15,Nov,2,13,1,6,Returning_Visitor,False,False
2,177.89,1,30.5,54,1534.84,0.01,0.06,5.17,0.13,Nov,2,3,1,6,Returning_Visitor,False,False
2,165.92,0,42.84,54,1694.12,0.06,0.1,5.17,0.36,Nov,2,3,1,6,Returning_Visitor,False,False
2,183.37,2,59.56,35,1144.4,0.07,0.07,6.89,0.13,Mar,3,3,1,1,Returning_Visitor,False,False
1,179.94,1,37.36,65,1482.06,0.01,0.04,6.26,0.17,Nov,2,2,1,6,Returning_Visitor,False,True
1,154.8,1,20.42,61,1312.79,0.02,0.07,5.67,0.0,Nov,2,1,2,6,Returning_Visitor,False,False
2,193.49,1,44.45,57,1874.36,0.02,0.07,7.61,0.14,Nov,2,13,1,6,Returning_Visitor,False,False
2,45.03,1,0.0,41,1771.67,0.02,0.07,0.82,0.12,Nov,1,1,1,3,Returning_Visitor,False,False
3,171.01,1,59.36,60,2667.13,0.01,0.04,12.06,0.0,Nov,2,2,1,6,Returning_Visitor,False,True
1,146.73,1,6.71,27,1378.33,0.01,0.04,2.11,0.18,Nov,2,3,7,2,Returning_Visitor,False,False
1,98.93,0,13.69,36,1776.15,0.02,0.07,1.68,0.12,Nov,2,1,2,6,Returning_Visitor,False,False
2,142.65,1,30.91,48,2103.44,0.06,0.09,1.14,0.6,May,2,2,3,6,Returning_Visitor,False,False
1,212.51,1,82.74,67,161.0,0.07,0.09,11.98,0.11,Nov,3,2,1,4,Returning_Visitor,True,False
9,179.92,1,76.94,104,2976.14,0.02,0.04,15.59,0.15,Nov,3,3,1,6,Returning_Visitor,False,True
3,190.95,1,37.75,75,2980.89,0.02,0.05,8.0,0.28,Nov,3,2,2,6,Returning_Visitor,False,False
1,123.75,0,0.0,44,1917.42,0.01,0.05,5.57,0.2,May,2,13,8,2,Returning_Visitor,False,False
1,144.07,1,47.81,59,1744.74,0.01,0.07,5.09,0.13,Nov,2,3,1,1,Returning_Visitor,False,True
1,118.97,1,22.12,26,1681.25,0.02,0.06,3.55,0.14,Nov,2,1,2,6,Returning_Visitor,False,False
3,207.48,1,64.89,68,2314.62,0.01,0.06,11.76,0.14,Nov,2,3,1,6,Returning_Visitor,False,True
1,169.19,1,21.9,48,1376.32,0.02,0.06,4.93,0.13,Nov,2,3,1,6,Returning_Visitor,False,False
2,172.38,1,25.54,51,1738.88,0.0,0.03,8.28,0.14,Nov,2,3,7,6,Returning_Visitor,False,False
1,36.99,1,5.79,34,866.03,0.03,0.1,2.43,0.11,Mar,1,1,2,3,Returning_Visitor,False,False
2,162.43,1,22.83,54,1584.06,0.02,0.05,3.98,0.14,Nov,3,1,1,6,Returning_Visitor,True,False
1,179.06,1,51.81,45,1120.81,0.06,0.11,5.56,0.25,Nov,3,3,1,6,Returning_Visitor,False,False
1,168.23,1,34.31,61,1609.02,0.01,0.03,5.49,0.16,Nov,2,2,8,2,Returning_Visitor,False,True
2,168.38,1,44.69,59,2138.24,0.01,0.06,10.38,0.13,Nov,2,2,1,6,Returning_Visitor,False,False
2,151.34,1,67.28,64,1775.96,0.02,0.05,5.73,0.0,Nov,2,1,1,6,Returning_Visitor,False,False
0,89.47,1,0.0,23,634.77,0.02,0.09,2.03,0.14,Nov,2,3,1,2,New_Visitor,False,False
1,138.29,1,31.57,41,1464.49,0.03,0.07,4.11,0.14,Nov,2,2,1,6,Returning_Visitor,False,True
0,0.0,1,12.17,25,1409.69,0.03,0.1,3.69,0.13,Nov,2,2,1,1,Returning_Visitor,False,False
1,115.27,1,27.81,47,1664.85,0.01,0.05,4.54,0.14,Nov,2,2,1,6,Returning_Visitor,False,False
2,157.76,1,28.35,52,1738.9,0.01,0.06,5.64,0.13,Nov,2,3,1,6,Returning_Visitor,False,False
0,64.7,1,28.63,27,1432.36,0.01,0.07,5.08,0.14,Nov,2,2,2,2,Returning_Visitor,False,False
1,163.26,1,58.78,47,1378.82,0.04,0.08,9.63,0.19,Nov,3,2,9,6,Returning_Visitor,False,False
2,135.15,1,11.33,50,1686.68,0.01,0.07,4.65,0.14,Nov,2,1,1,6,Returning_Visitor,False,False
1,102.07,1,26.1,46,1425.22,0.02,0.08,3.67,0.14,Nov,2,3,1,6,Returning_Visitor,False,False
3,72.57,1,46.14,50,1700.75,0.01,0.02,7.81,0.16,Mar,2,13,1,6,Returning_Visitor,False,True
2,153.36,1,47.19,62,1870.21,0.02,0.04,6.47,0.15,Nov,2,3,1,6,Returning_Visitor,False,False
2,162.97,1,52.31,45,1635.67,0.01,0.03,3.55,0.14,Nov,2,2,1,6,Returning_Visitor,False,False
3,97.2,2,89.91,110,690.57,0.01,0.0,17.43,0.15,Nov,2,2,8,6,Returning_Visitor,False,True
2,171.93,1,21.41,42,1781.47,0.02,0.05,4.56,0.15,Nov,2,3,1,6,Returning_Visitor,False,False
5,147.7,1,0.0,23,2125.02,0.01,0.05,3.3,0.21,Nov,1,1,4,3,Returning_Visitor,False,False
1,151.35,1,15.06,49,1589.61,0.01,0.05,3.19,0.14,Nov,2,1,1,6,Returning_Visitor,False,False
2,143.44,1,29.99,44,1413.6,0.0,0.07,4.88,0.15,Nov,2,13,1,6,Returning_Visitor,False,False
3,129.49,1,0.0,66,1095.55,0.05,0.1,0.0,0.0,Nov,1,1,2,6,Returning_Visitor,False,False
2,179.97,2,68.51,52,1121.89,0.04,0.09,9.15,0.12,Nov,3,3,1,6,Returning_Visitor,False,True
0,35.23,1,5.03,19,88.0,0.03,0.11,1.37,0.11,Nov,2,1,1,2,Returning_Visitor,False,False
3,186.29,1,19.44,43,1366.28,0.01,0.04,5.9,0.21,Dec,2,13,1,6,Returning_Visitor,False,True
0,92.44,1,37.39,55,3133.1,0.05,0.05,5.89,0.15,Mar,2,6,2,1,Returning_Visitor,False,False
2,128.5,1,9.84,31,1352.09,0.01,0.04,1.21,0.19,May,2,2,1,2,New_Visitor,False,False
1,0.0,0,8.41,37,1382.42,0.02,0.04,0.0,0.15,Mar,2,3,8,3,Returning_Visitor,False,False
0,46.69,0,34.62,41,2012.06,0.01,0.06,6.9,0.09,Nov,2,2,2,2,Returning_Visitor,False,False
2,171.6,1,33.47,63,2772.72,0.06,0.07,7.07,0.12,Mar,2,1,2,1,Returning_Visitor,False,False
3,95.63,1,34.45,39,1406.29,0.01,0.04,4.46,0.19,Mar,2,13,1,6,Returning_Visitor,False,False
3,174.42,1,52.26,71,1689.95,0.01,0.05,6.97,0.15,Nov,2,2,2,6,Returning_Visitor,False,False
3,130.7,1,45.35,55,2303.14,0.01,0.03,11.68,0.17,Mar,2,2,1,6,Returning_Visitor,False,True
1,162.87,1,29.94,56,1684.35,0.02,0.06,5.12,0.15,Nov,2,3,1,6,Returning_Visitor,False,False
1,152.47,1,26.02,57,1852.57,0.02,0.06,8.15,0.0,Nov,2,2,1,6,Returning_Visitor,False,False
1,123.79,1,45.22,48,1103.02,0.03,0.08,5.33,0.14,Nov,2,2,1,6,Returning_Visitor,False,False
1,133.15,1,65.04,45,1466.54,0.02,0.02,4.76,0.28,May,3,2,1,6,Returning_Visitor,True,False
0,20.38,1,3.47,24,696.9,0.05,0.06,1.88,0.07,May,1,1,1,3,Returning_Visitor,False,False
0,100.78,1,47.33,47,2350.79,0.2,0.1,10.25,0.14,Mar,2,3,2,1,Returning_Visitor,False,False
0,0.0,1,0.0,22,534.95,0.09,0.2,2.8,0.12,Nov,2,1,1,1,Returning_Visitor,False,False
1,117.94,1,18.92,39,1169.74,0.02,0.08,2.89,0.14,Nov,2,3,1,6,Returning_Visitor,False,False
3,129.64,4,24.0,38,1141.34,0.09,0.08,6.01,0.18,Mar,3,2,1,1,Returning_Visitor,False,False
1,92.14,1,5.7,28,182.58,0.0,0.06,1.18,0.15,Nov,2,3,1,6,New_Visitor,False,False
0,62.63,1,10.66,45,1474.56,0.01,0.08,3.07,0.11,Nov,2,1,3,6,Returning_Visitor,False,True
2,179.32,1,86.23,62,2246.25,0.03,0.07,11.08,0.19,May,2,13,1,6,Returning_Visitor,False,False
0,81.91,1,17.31,3,28.0,0.01,0.07,2.57,0.0,Nov,2,3,1,2,Returning_Visitor,False,False
1,99.87,1,21.95,44,2317.04,0.05,0.08,3.02,0.0,Mar,2,3,1,1,Returning_Visitor,False,False
0,0.0,1,18.14,59,1997.08,0.01,0.03,3.11,0.16,Nov,2,2,8,2,Returning_Visitor,False,False
0,74.24,1,37.82,33,983.62,0.2,0.12,4.45,0.22,Nov,3,3,1,6,Returning_Visitor,False,False
0,178.85,2,30.0,67,1994.23,0.08,0.05,14.44,0.14,Nov,3,2,1,20,Returning_Visitor,False,False
1,101.36,1,21.79,41,1565.19,0.02,0.09,4.73,0.13,Nov,2,3,1,6,Returning_Visitor,False,False
1,129.4,1,9.99,31,1126.84,0.02,0.07,0.0,0.14,Nov,2,1,1,6,Returning_Visitor,False,False
2,166.67,1,18.96,50,1602.1,0.02,0.06,4.44,0.16,Nov,2,3,1,6,Returning_Visitor,False,False
2,150.44,1,17.02,58,1596.27,0.01,0.04,5.87,0.17,Mar,2,2,1,6,Returning_Visitor,False,False
2,159.84,1,28.68,61,1559.54,0.02,0.05,4.5,0.13,Nov,2,1,1,6,Returning_Visitor,False,False
0,86.55,1,0.0,39,1775.56,0.02,0.08,8.03,0.13,Aug,2,2,2,6,Returning_Visitor,False,False
7,306.08,0,178.5,46,3270.51,0.0,0.02,16.54,0.12,Nov,2,2,8,1,Returning_Visitor,False,True
3,176.4,1,15.14,56,1606.33,0.01,0.04,4.65,0.13,Nov,8,13,1,2,New_Visitor,False,False
1,121.97,0,0.0,40,1784.76,0.01,0.06,4.98,0.12,Nov,2,3,1,2,Returning_Visitor,False,False
1,159.48,1,70.99,36,1292.63,0.01,0.03,6.04,0.1,Nov,2,2,6,6,Returning_Visitor,True,False
2,201.82,1,66.63,74,1659.85,0.01,0.01,8.6,0.11,Nov,3,2,1,6,Returning_Visitor,True,True
2,156.39,1,17.92,56,1542.06,0.02,0.06,3.94,0.0,Nov,2,3,2,6,Returning_Visitor,False,True
2,188.69,2,80.67,9,1301.74,0.03,0.06,5.35,0.46,Nov,2,2,8,6,Returning_Visitor,False,False
2,204.34,1,43.66,73,1371.22,0.01,0.01,7.09,0.18,Nov,2,13,2,1,Returning_Visitor,False,False
0,45.87,1,17.54,17,279.0,0.07,0.12,1.94,0.11,Nov,2,2,1,2,Returning_Visitor,False,False
1,131.99,1,23.09,45,1373.12,0.03,0.07,3.78,0.14,Nov,2,3,1,6,Returning_Visitor,False,False
2,170.28,0,35.27,49,2096.61,0.01,0.05,10.65,0.12,Nov,2,3,2,6,Returning_Visitor,False,False
5,118.66,0,37.92,49,1527.17,0.01,0.03,9.02,0.24,May,2,2,7,2,Returning_Visitor,False,False
0,32.86,1,0.0,16,448.96,0.06,0.1,3.22,0.0,May,3,2,1,2,Returning_Visitor,False,False
4,227.25,1,96.75,91,2575.49,0.01,0.01,52.29,0.15,May,2,13,8,6,Returning_Visitor,False,True
1,93.73,1,14.66,33,1167.96,0.02,0.09,0.0,0.13,Nov,2,3,1,6,Returning_Visitor,False,False
2,146.04,1,28.92,6,446.98,0.03,0.1,1.43,0.1,Dec,1,3,1,2,New_Visitor,False,False
1,169.36,1,49.56,56,1995.63,0.06,0.1,2.03,0.8,May,3,2,2,6,Returning_Visitor,False,False
1,120.22,1,16.01,47,1773.04,0.01,0.07,1.61,0.06,Nov,1,1,1,6,Returning_Visitor,False,False
2,112.81,1,36.31,20,2181.75,0.02,0.06,4.86,0.18,Nov,2,2,8,1,Returning_Visitor,False,False
2,176.23,1,35.41,55,1550.65,0.01,0.06,5.88,0.13,Nov,2,3,1,6,Returning_Visitor,False,False
1,148.24,1,19.15,50,1537.86,0.01,0.06,4.03,0.15,Nov,2,3,1,6,Returning_Visitor,False,False
2,167.54,1,145.67,44,3018.31,0.04,0.03,15.09,0.12,Nov,3,2,1,6,Returning_Visitor,False,False
3,195.67,1,26.91,40,1613.57,0.02,0.04,5.11,0.0,Nov,2,13,1,6,Returning_Visitor,False,False
1,141.33,1,21.36,40,1303.42,0.02,0.07,3.16,0.16,Nov,2,3,1,6,Returning_Visitor,False,False
1,180.58,1,8.51,22,710.19,0.01,0.08,1.51,0.12,Mar,2,3,1,2,New_Visitor,False,False
3,26.67,1,40.59,60,1319.38,0.02,0.03,2.79,0.36,May,2,2,1,6,Returning_Visitor,True,False
1,124.9,1,20.32,38,1635.73,0.02,0.06,4.01,0.15,Nov,2,2,1,6,Returning_Visitor,False,False
2,203.04,1,34.33,31,1368.85,0.01,0.03,4.73,0.16,Nov,2,8,1,1,Returning_Visitor,False,False
1,162.17,1,24.58,49,1343.4,0.02,0.06,4.46,0.0,Nov,2,3,1,6,Returning_Visitor,False,False
0,29.76,1,9.29,24,909.25,0.04,0.11,2.11,0.12,Nov,2,3,1,1,Returning_Visitor,False,False
2,174.37,1,38.21,55,1661.37,0.01,0.06,6.41,0.15,Nov,2,2,1,6,Returning_Visitor,False,False
1,129.12,1,24.09,46,2184.27,0.02,0.07,6.13,0.13,Nov,2,2,1,6,Returning_Visitor,False,False
3,243.97,0,31.53,32,2150.85,0.01,0.02,17.06,0.19,May,4,2,2,1,Returning_Visitor,False,True
1,146.42,1,0.0,45,1792.74,0.01,0.06,3.52,0.21,Nov,2,2,3,6,Returning_Visitor,False,False
0,74.02,0,4.8,37,1620.26,0.01,0.06,4.44,0.15,Nov,2,2,3,2,Returning_Visitor,False,False
2,49.06,1,3.36,35,1343.02,0.02,0.06,0.37,0.15,Nov,1,1,7,1,Returning_Visitor,False,False
2,255.06,3,114.69,57,1413.17,0.04,0.09,13.73,0.18,June,2,2,1,1,Returning_Visitor,False,False
0,171.86,1,47.52,50,1550.01,0.01,0.04,8.26,0.0,Nov,2,2,6,6,Returning_Visitor,False,True
3,351.08,2,71.2,82,2441.95,0.0,0.06,13.78,0.14,Nov,3,2,1,4,Returning_Visitor,False,False
2,211.98,1,15.18,57,1516.65,0.01,0.05,5.83,0.15,Nov,2,3,1,6,New_Visitor,False,False
1,77.44,1,17.33,24,1617.29,0.02,0.07,2.45,0.12,Nov,2,3,1,6,Returning_Visitor,False,False
1,106.46,1,17.29,44,1506.84,0.01,0.08,4.72,0.21,May,2,3,1,6,Returning_Visitor,False,False
1,93.68,1,10.71,29,999.77,0.02,0.08,0.0,0.1,Nov,2,1,1,2,Returning_Visitor,False,False
1,188.76,1,21.47,57,1880.86,0.02,0.06,5.08,0.19,Nov,2,3,2,1,Returning_Visitor,False,False
0,31.63,0,0.0,34,1850.1,0.09,0.13,2.76,0.6,May,3,2,2,3,Returning_Visitor,False,False
1,114.47,1,14.78,42,1382.72,0.02,0.07,3.08,0.14,Nov,2,3,1,6,Returning_Visitor,False,True
2,92.64,1,25.03,62,2199.83,0.01,0.03,4.62,0.15,Nov,2,2,8,6,Returning_Visitor,False,True
3,186.58,1,14.11,53,1838.99,0.02,0.07,3.2,0.14,Nov,1,1,7,6,Returning_Visitor,False,False
1,137.28,1,23.26,46,1578.0,0.02,0.07,4.15,0.14,Nov,2,2,1,6,Returning_Visitor,False,True
7,245.64,2,51.42,61,6065.02,0.01,0.04,0.15,0.06,Mar,1,3,1,1,New_Visitor,False,True
0,218.92,2,985.48,15,1610.81,0.02,0.03,32.79,0.35,June,2,2,2,20,Returning_Visitor,False,False
