Administrative,Administrative_Duration,Informational,Informational_Duration,ProductRelated,ProductRelated_Duration,BounceRates,ExitRates,PageValues,SpecialDay,Month,OperatingSystems,Browser,Region,TrafficType,VisitorType,Weekend,Revenue
3,87.33,0,0.0,52,735.58,0.0,0.03,0.0,0.0,Nov,2,2,1,2,Returning_Visitor,False,False
3,87.16,0,43.2,1,734.48,0.03,0.2,0.0,0.0,May,1,2,4,3,Returning_Visitor,False,False
3,0.0,1,0.0,19,735.66,0.03,0.02,0.0,0.6,May,1,2,1,2,Returning_Visitor,False,False
3,0.0,0,0.0,1,0.0,0.2,0.2,0.0,0.0,Nov,4,1,1,10,Returning_Visitor,True,False
3,388.3,8,417.0,67,6483.77,0.0,0.02,24.27,0.0,May,2,2,1,2,Returning_Visitor,False,False
0,87.29,0,43.23,1,735.37,0.2,0.05,0.0,0.0,May,2,2,1,3,Returning_Visitor,False,False
0,86.78,1,43.26,45,736.17,0.03,0.05,0.0,0.0,June,4,2,1,3,Returning_Visitor,False,False
3,87.28,0,43.21,4,126.0,0.0,0.01,0.0,0.0,May,2,2,1,2,New_Visitor,False,False
3,101.51,0,0.0,11,242.92,0.0,0.02,16.16,0.0,Dec,2,10,7,2,Returning_Visitor,True,True
0,87.05,1,0.0,2,19.0,0.0,0.05,0.0,0.0,May,1,2,6,2,Returning_Visitor,True,False
3,87.37,0,0.0,59,735.51,0.0,0.05,0.0,0.0,Dec,2,2,3,2,Returning_Visitor,False,False
2,94.0,0,43.17,5,97.0,0.03,0.03,0.0,0.0,Mar,3,2,1,2,Returning_Visitor,False,False
3,58.0,1,0.0,33,735.28,0.0,0.01,0.0,0.0,Dec,3,2,3,2,Returning_Visitor,False,False
3,125.0,1,43.19,7,49.0,0.03,0.08,0.0,0.0,May,1,1,8,2,Returning_Visitor,False,False
0,86.94,1,0.0,1,487.0,0.0,0.1,0.0,0.0,Nov,1,1,1,10,Returning_Visitor,False,False
0,0.0,1,0.0,12,103.0,0.03,0.17,0.0,0.6,May,2,2,1,3,Returning_Visitor,False,False
3,0.0,0,0.0,75,1775.24,0.0,0.02,0.0,0.0,Nov,2,2,1,3,Returning_Visitor,True,False
0,87.13,0,0.0,77,735.0,0.0,0.03,0.0,0.0,Dec,1,2,1,1,Returning_Visitor,False,False
0,0.0,1,0.0,6,60.25,0.03,0.07,0.0,0.0,Nov,2,2,7,3,Returning_Visitor,False,True
0,87.24,0,0.0,8,70.2,0.03,0.06,0.0,0.0,Mar,1,2,8,1,Returning_Visitor,False,False
3,0.0,0,45.21,29,1137.17,0.0,0.01,22.27,0.0,May,1,8,1,2,Returning_Visitor,True,True
3,87.66,1,43.22,32,2230.6,0.01,0.05,0.0,0.0,Jul,2,2,9,2,Returning_Visitor,False,False
3,87.44,1,0.0,37,736.4,0.02,0.05,0.0,0.0,Dec,2,2,1,2,Returning_Visitor,False,False
0,87.16,0,43.2,39,805.79,0.01,0.05,0.0,0.0,Dec,2,2,4,2,Returning_Visitor,False,False
3,87.38,0,43.14,55,2570.43,0.03,0.05,0.0,0.0,Nov,3,2,1,2,Returning_Visitor,True,False
3,87.3,2,106.8,68,736.21,0.03,0.05,0.0,0.0,Sep,2,2,1,2,Returning_Visitor,False,True
2,28.0,1,0.0,42,801.57,0.02,0.0,80.04,0.0,May,2,2,1,2,Returning_Visitor,True,True
2,5.0,0,0.0,0,0.0,0.0,0.05,0.0,0.8,May,1,2,8,5,New_Visitor,False,False
3,0.0,0,43.22,22,735.77,0.01,0.04,0.0,0.0,May,4,2,1,4,Returning_Visitor,False,False
0,87.24,1,43.24,1,735.83,0.03,0.2,0.0,0.0,Dec,2,2,1,13,Returning_Visitor,False,False
7,268.42,0,45.21,41,799.7,0.0,0.01,0.0,0.0,Nov,2,2,1,2,Returning_Visitor,False,True
3,14.0,1,43.13,36,947.88,0.03,0.01,0.0,0.0,Dec,2,2,1,10,Returning_Visitor,False,False
3,301.08,0,0.0,27,802.76,0.01,0.04,11.16,0.0,Jul,3,2,1,2,Returning_Visitor,False,False
3,87.22,0,0.0,1,0.0,0.03,0.05,0.0,0.0,Nov,8,2,1,2,New_Visitor,False,False
0,86.8,0,43.16,4,87.88,0.03,0.03,0.0,0.0,Nov,1,2,1,10,Returning_Visitor,False,True
3,0.0,1,43.14,4,66.0,0.0,0.03,0.0,0.0,Dec,2,2,1,2,Returning_Visitor,False,False
3,87.31,1,43.21,26,743.48,0.03,0.02,9.28,0.0,Nov,2,2,1,2,Returning_Visitor,False,True
5,41.7,1,114.0,401,792.18,0.02,0.05,3.55,0.0,Nov,2,2,1,1,Returning_Visitor,False,True
3,59.53,1,43.17,13,183.65,0.0,0.01,0.0,0.0,Sep,2,2,1,2,Returning_Visitor,False,False
3,0.0,1,297.2,8,320.27,0.0,0.04,17.8,0.0,Oct,2,2,1,20,Returning_Visitor,False,True
0,0.0,1,0.0,18,736.21,0.03,0.06,0.0,0.0,May,2,2,1,3,Returning_Visitor,False,False
1,0.0,0,0.0,28,802.33,0.0,0.02,8.39,0.0,Oct,1,2,3,2,Returning_Visitor,False,True
2,87.29,0,43.18,21,1494.5,0.03,0.05,0.0,0.0,May,2,2,7,2,Returning_Visitor,False,False
1,87.11,0,43.23,45,735.88,0.0,0.05,0.0,0.0,Nov,2,5,2,2,Returning_Visitor,False,False
3,47.3,1,43.2,14,858.2,0.03,0.01,0.0,0.0,Oct,4,2,3,2,New_Visitor,False,True
3,0.0,0,43.12,23,1544.6,0.03,0.05,0.0,0.0,Nov,3,2,1,13,Returning_Visitor,True,False
3,176.25,0,0.0,13,735.47,0.03,0.04,0.0,0.0,Dec,2,2,1,2,Returning_Visitor,False,False
3,40.0,1,162.0,17,481.67,0.02,0.04,32.65,0.0,Mar,2,7,1,2,Returning_Visitor,False,False
1,87.4,0,43.24,11,243.67,0.0,0.02,0.0,0.0,Mar,3,2,1,2,Returning_Visitor,False,False
10,593.47,1,45.25,39,1110.97,0.02,0.01,112.44,0.0,Sep,4,2,7,2,Returning_Visitor,False,False
8,164.62,0,0.0,43,801.67,0.0,0.01,16.36,0.0,Nov,2,2,3,2,Returning_Visitor,False,True
3,87.17,0,43.14,29,669.97,0.01,0.02,0.0,0.0,Mar,1,2,6,2,Returning_Visitor,False,False
0,86.69,1,28.0,12,276.0,0.0,0.05,0.0,0.0,May,4,2,9,2,Returning_Visitor,False,False
0,87.07,0,0.0,9,735.25,0.0,0.04,0.0,0.0,Mar,3,2,1,2,Returning_Visitor,False,False
3,87.08,1,0.0,6,735.26,0.0,0.03,0.0,0.0,Mar,1,1,1,2,Returning_Visitor,False,False
1,29.0,1,0.0,25,735.92,0.0,0.0,0.0,0.8,May,2,2,1,2,New_Visitor,False,False
3,164.07,0,0.0,37,1553.52,0.01,0.05,0.0,0.0,Sep,2,2,1,2,Returning_Visitor,False,False
3,0.0,1,45.24,7,343.25,0.02,0.03,49.36,0.0,Nov,2,2,1,7,Returning_Visitor,False,True
4,76.0,0,0.0,39,734.74,0.03,0.02,5.51,0.0,Mar,4,1,3,2,Returning_Visitor,False,False
3,87.02,0,43.32,14,275.17,0.0,0.02,0.0,0.0,Nov,4,2,6,3,Returning_Visitor,False,False
3,555.5,0,43.16,58,2034.26,0.03,0.04,0.0,0.0,Nov,2,2,1,1,Returning_Visitor,False,True
7,87.47,1,0.0,23,735.36,0.03,0.05,0.0,0.0,Nov,2,5,1,2,Returning_Visitor,False,False
0,87.07,1,43.13,13,210.5,0.03,0.05,0.0,0.0,Dec,2,2,1,1,Returning_Visitor,False,False
3,0.0,1,43.2,14,735.47,0.03,0.05,0.0,1.0,May,2,2,1,2,Returning_Visitor,False,False
0,86.92,1,43.25,10,1656.67,0.03,0.1,0.0,0.0,Mar,4,2,1,3,Returning_Visitor,False,False
3,87.01,1,0.0,23,735.29,0.0,0.05,0.0,0.0,Dec,1,2,1,2,Returning_Visitor,False,False
3,9.0,0,0.0,15,688.18,0.03,0.01,43.03,0.0,Dec,1,1,1,2,Returning_Visitor,False,True
3,87.03,0,43.28,4,736.35,0.03,0.07,0.0,0.4,May,2,2,1,2,Returning_Visitor,False,False
9,150.0,0,0.0,128,736.8,0.03,0.05,0.0,0.8,May,3,2,3,13,Returning_Visitor,False,False
3,87.22,1,0.0,1,0.0,0.2,0.2,0.0,0.0,Dec,1,1,1,2,Returning_Visitor,False,False
9,965.5,0,0.0,30,1895.13,0.03,0.05,0.0,0.0,Dec,3,2,1,2,Returning_Visitor,False,False
3,0.0,0,0.0,26,553.5,0.02,0.01,35.98,0.0,May,2,5,1,4,Returning_Visitor,False,True
2,87.99,6,665.5,14,484.85,0.0,0.04,0.0,0.0,Nov,3,2,3,2,Returning_Visitor,True,False
5,39.7,0,43.2,14,736.3,0.0,0.05,0.0,0.0,Sep,2,2,1,4,Returning_Visitor,False,False
0,0.0,0,0.0,91,2631.47,0.02,0.02,0.0,0.0,Nov,2,2,1,2,Returning_Visitor,False,False
6,200.22,2,126.0,146,800.47,0.02,0.04,5.94,0.4,May,2,2,1,1,Returning_Visitor,False,False
3,86.97,1,0.0,8,196.5,0.0,0.03,0.0,0.0,Mar,2,2,1,10,Returning_Visitor,False,False
3,87.02,1,43.18,13,735.97,0.0,0.03,0.0,0.0,May,1,1,1,2,Returning_Visitor,False,False
0,86.89,0,0.0,5,736.26,0.01,0.09,0.0,0.0,May,2,4,1,1,Returning_Visitor,False,False
0,0.0,0,0.0,65,735.98,0.01,0.05,0.0,0.0,Sep,2,4,1,2,Returning_Visitor,False,False
0,87.39,1,0.0,5,41.67,0.0,0.05,0.0,0.0,Dec,2,2,1,2,New_Visitor,False,False
3,87.21,1,43.17,2,734.99,0.2,0.2,0.0,0.0,Nov,2,2,1,2,Returning_Visitor,False,False
8,259.83,1,43.18,26,735.93,0.0,0.01,0.0,0.0,May,2,2,1,2,Returning_Visitor,False,False
0,87.16,1,0.0,5,58.0,0.03,0.05,0.0,0.0,May,2,2,4,2,Returning_Visitor,False,False
0,86.81,0,0.0,8,135.25,0.0,0.05,0.0,0.0,Nov,2,2,9,1,Returning_Visitor,False,False
2,318.2,1,0.0,6,117.0,0.05,0.05,0.0,0.0,Nov,2,2,1,1,Returning_Visitor,False,False
0,0.0,0,45.22,16,1062.67,0.02,0.01,54.57,0.0,Sep,4,1,1,4,New_Visitor,False,True
3,87.49,1,0.0,1,0.0,0.2,0.2,0.0,0.0,Mar,3,2,1,1,Returning_Visitor,False,False
9,201.85,1,20.6,43,735.66,0.0,0.05,0.0,0.0,Aug,3,2,3,1,New_Visitor,False,False
5,173.26,1,0.0,49,1465.56,0.02,0.02,20.67,0.0,Nov,3,2,3,2,Returning_Visitor,False,True
1,87.11,0,0.0,22,443.83,0.03,0.0,0.0,0.0,Nov,1,1,1,2,Returning_Visitor,False,False
3,364.33,1,19.0,85,800.26,0.01,0.04,5.05,0.0,Nov,2,2,1,1,Returning_Visitor,False,False
6,87.25,1,41.0,36,696.4,0.03,0.0,0.0,0.0,May,2,2,1,4,New_Visitor,True,False
3,86.77,0,0.0,12,736.29,0.02,0.02,0.0,0.0,May,2,2,7,2,Returning_Visitor,True,False
3,0.0,1,43.24,10,214.25,0.03,0.03,0.0,0.0,Mar,3,2,2,2,Returning_Visitor,False,False
0,87.19,0,0.0,80,735.56,0.03,0.05,0.0,0.0,Mar,2,2,1,1,Returning_Visitor,False,False
0,0.0,0,43.2,24,727.5,0.03,0.02,0.0,0.0,Mar,2,2,3,2,Returning_Visitor,False,False
10,187.72,1,43.68,29,277.35,0.03,0.02,0.0,0.0,Sep,3,2,9,2,Returning_Visitor,False,False
8,87.55,3,43.32,23,736.35,0.03,0.05,0.0,0.0,Mar,2,2,1,1,Returning_Visitor,False,False
2,48.5,2,43.5,45,742.1,0.03,0.04,0.0,0.0,Dec,1,1,1,2,Returning_Visitor,False,False
3,86.93,1,43.26,4,137.0,0.0,0.08,0.0,0.0,May,4,1,3,3,Returning_Visitor,True,False
3,65.93,0,45.28,17,557.69,0.0,0.01,25.28,0.0,Dec,2,2,1,2,Returning_Visitor,False,True
0,96.62,0,0.0,143,808.95,0.02,0.05,0.0,0.0,Nov,2,2,1,1,Returning_Visitor,False,False
27,853.74,2,126.5,584,735.5,0.03,0.05,4.51,0.0,Nov,2,2,1,8,Returning_Visitor,False,False
2,52.5,1,43.19,10,753.1,0.0,0.02,0.0,0.0,Nov,2,2,1,2,Returning_Visitor,False,False
4,118.8,1,0.0,11,805.5,0.0,0.03,0.0,0.0,Oct,1,2,1,2,Returning_Visitor,False,False
0,87.14,1,0.0,1,0.0,0.03,0.2,0.0,0.0,Dec,2,2,6,2,Returning_Visitor,False,False
3,294.2,2,108.9,60,1994.02,0.03,0.04,0.0,0.0,Sep,3,2,6,2,Returning_Visitor,False,False
3,0.0,0,0.0,8,213.5,0.03,0.05,0.0,0.0,Mar,2,2,1,1,Returning_Visitor,True,False
0,0.0,1,0.0,17,1040.1,0.0,0.01,128.83,0.0,Dec,2,2,5,2,Returning_Visitor,False,True
3,7.1,1,0.0,16,222.23,0.0,0.05,0.0,0.0,June,2,5,3,2,Returning_Visitor,False,False
8,144.5,4,181.72,52,735.19,0.03,0.03,0.0,0.0,May,3,2,3,2,Returning_Visitor,True,False
0,87.57,0,43.25,1,734.97,0.03,0.2,0.0,0.0,Mar,3,2,3,1,Returning_Visitor,False,False
3,87.06,0,0.0,27,735.04,0.03,0.05,0.0,0.0,Mar,1,1,1,2,New_Visitor,False,False
3,87.18,1,0.0,40,736.41,0.03,0.05,0.0,0.0,Nov,2,2,1,2,Returning_Visitor,True,False
3,101.35,1,45.22,10,447.13,0.0,0.04,17.3,0.0,Oct,2,2,5,2,Returning_Visitor,False,True
3,87.32,1,43.16,11,711.57,0.0,0.05,0.0,0.0,Mar,3,2,1,2,Returning_Visitor,False,False
0,0.0,0,43.21,9,228.5,0.02,0.04,0.0,0.2,May,3,2,1,3,Returning_Visitor,False,False
3,0.0,0,0.0,1,0.0,0.2,0.2,0.0,0.0,May,1,1,3,2,Returning_Visitor,False,False
6,87.24,0,43.21,11,143.0,0.0,0.01,0.0,0.0,May,2,2,8,2,Returning_Visitor,False,False
10,200.58,1,43.29,65,736.93,0.03,0.05,1.68,0.8,May,2,6,1,2,Returning_Visitor,False,False
3,87.49,1,43.2,23,736.29,0.01,0.04,11.08,0.0,Dec,2,2,7,1,Returning_Visitor,False,False
2,87.25,0,0.0,56,735.92,0.03,0.06,0.0,0.8,May,2,2,3,2,Returning_Visitor,False,False
10,305.91,1,45.26,101,801.15,0.0,0.02,51.36,0.0,Nov,2,4,1,2,Returning_Visitor,False,True
4,118.5,1,8.5,62,2910.63,0.01,0.04,25.05,0.0,Nov,3,2,1,2,Returning_Visitor,False,True
0,87.31,0,0.0,3,0.0,0.2,0.2,0.0,0.0,May,3,2,6,13,Returning_Visitor,True,False
3,74.0,0,0.0,258,735.75,0.03,0.05,0.0,0.0,Dec,2,2,2,1,Returning_Visitor,False,False
0,101.46,1,257.0,31,801.45,0.02,0.05,22.63,0.4,May,2,2,2,11,Returning_Visitor,False,True
2,87.94,4,43.46,2,70.75,0.0,0.01,0.0,0.0,Dec,1,2,1,2,New_Visitor,False,False
0,0.0,0,0.0,2,30.4,0.02,0.07,21.48,0.0,Oct,1,8,6,2,Returning_Visitor,False,True
0,87.08,0,43.39,7,984.5,0.03,0.07,0.0,0.0,Nov,2,2,1,2,Returning_Visitor,False,False
4,248.67,3,45.27,30,1039.48,0.0,0.01,9.51,0.0,May,3,2,1,11,Returning_Visitor,False,True
3,87.89,0,43.23,6,45.0,0.0,0.02,0.0,0.0,May,3,2,1,2,New_Visitor,False,False
3,87.64,1,43.3,3,14.0,0.03,0.03,0.0,0.0,Sep,2,7,1,2,Returning_Visitor,True,False
7,78.36,3,210.67,309,736.29,0.03,0.05,0.0,0.0,Nov,2,2,1,2,Returning_Visitor,True,True
3,0.0,0,0.0,10,249.5,0.03,0.05,0.0,0.0,Dec,2,2,3,2,Returning_Visitor,False,False
3,0.0,0,43.2,12,402.6,0.03,0.01,0.0,0.0,Oct,2,2,1,4,Returning_Visitor,False,False
3,0.0,1,0.0,56,736.31,0.07,0.09,0.0,0.0,Aug,3,2,1,3,Returning_Visitor,False,False
3,86.83,0,0.0,22,821.89,0.0,0.04,0.0,0.0,Jul,2,4,6,2,Returning_Visitor,False,False
1,29.0,1,13.5,24,735.49,0.0,0.05,0.0,0.0,Mar,1,1,3,2,Returning_Visitor,False,False
3,87.25,0,0.0,28,912.43,0.03,0.03,0.0,0.0,Nov,2,2,7,2,Returning_Visitor,True,False
0,87.46,1,43.22,1,0.0,0.2,0.2,0.0,0.0,Aug,3,3,1,2,Returning_Visitor,False,False
0,0.0,0,0.0,48,801.83,0.02,0.04,9.13,0.0,May,2,2,1,2,Returning_Visitor,False,False
3,12.0,0,0.0,29,781.05,0.0,0.05,7.37,0.0,Aug,2,5,4,2,Returning_Visitor,False,True
0,0.0,0,43.24,40,735.12,0.03,0.05,0.0,0.0,Mar,3,2,1,2,Returning_Visitor,False,False
3,0.0,1,43.2,15,270.0,0.03,0.05,0.0,0.0,Mar,2,2,7,1,Returning_Visitor,False,False
1,24.5,0,43.18,27,1792.47,0.0,0.01,0.0,0.0,Dec,2,2,2,2,Returning_Visitor,False,False
0,0.0,1,0.0,7,169.99,0.01,0.03,21.27,0.0,Jul,2,2,7,2,New_Visitor,False,True
3,88.12,6,43.41,16,261.0,0.01,0.03,0.0,0.0,Nov,3,2,7,1,Returning_Visitor,False,False
3,0.0,1,43.22,3,60.4,0.07,0.13,0.0,0.0,June,3,2,2,2,Returning_Visitor,False,False
3,87.51,1,43.3,12,257.42,0.03,0.05,0.0,0.0,Nov,3,2,1,2,Returning_Visitor,False,False
3,158.5,1,45.65,34,2193.38,0.0,0.05,0.0,0.0,Nov,1,1,1,2,Returning_Visitor,False,True
3,0.0,1,0.0,5,736.76,0.03,0.12,0.0,0.0,Nov,1,1,1,2,Returning_Visitor,False,False
1,28.67,0,0.0,148,800.15,0.02,0.04,0.0,0.0,Nov,3,2,1,1,Returning_Visitor,False,False
3,87.07,0,0.0,3,45.0,0.03,0.07,0.0,0.0,May,2,5,1,3,Returning_Visitor,False,False
1,100.0,0,0.0,9,246.17,0.0,0.03,0.0,0.0,Dec,3,2,8,2,Returning_Visitor,False,False
0,0.0,0,0.0,23,709.75,0.03,0.04,0.0,0.0,Nov,2,2,1,2,Returning_Visitor,True,False
3,179.88,0,0.0,47,736.42,0.03,0.05,3.32,0.0,Nov,3,2,1,1,Returning_Visitor,False,True
3,87.04,1,0.0,41,736.47,0.01,0.05,0.0,0.4,May,2,2,1,1,Returning_Visitor,False,False
0,0.0,1,43.23,6,117.0,0.03,0.09,0.0,0.0,May,3,2,4,2,Returning_Visitor,False,False
2,39.4,1,0.0,40,673.65,0.0,0.04,23.76,0.0,Nov,4,2,6,3,Returning_Visitor,True,True
0,101.32,5,161.5,60,2789.17,0.0,0.04,31.32,0.0,May,2,2,6,2,Returning_Visitor,False,True
19,341.82,1,51.4,429,736.3,0.03,0.05,3.46,0.0,Sep,2,2,1,1,Returning_Visitor,False,False
2,136.4,0,43.18,41,735.46,0.03,0.05,0.0,0.0,Nov,3,2,1,2,Returning_Visitor,True,False
0,0.0,0,43.15,1,0.0,0.0,0.05,0.0,0.0,Mar,2,2,1,2,Returning_Visitor,False,False
3,40.0,0,43.36,24,734.45,0.0,0.05,0.0,0.0,Nov,1,2,1,2,New_Visitor,False,True
0,0.0,1,43.36,9,736.02,0.05,0.05,0.0,1.0,May,3,2,3,2,Returning_Visitor,False,False
3,0.0,0,43.13,3,17.0,0.0,0.07,0.0,0.0,Nov,2,2,9,2,Returning_Visitor,False,False
3,0.0,0,45.21,71,801.79,0.02,0.04,4.72,0.0,Oct,4,1,1,2,Returning_Visitor,False,False
5,98.68,0,0.0,7,229.5,0.02,0.03,0.0,0.0,Mar,3,2,4,2,Returning_Visitor,False,False
9,110.41,1,51.0,62,3120.21,0.0,0.05,7.89,0.0,Mar,2,2,1,10,Returning_Visitor,False,False
3,0.0,1,23.0,15,506.0,0.03,0.06,0.0,0.6,May,2,2,1,2,Returning_Visitor,False,False
0,86.79,1,43.33,5,151.2,0.0,0.05,0.0,0.8,May,7,1,3,1,Returning_Visitor,False,False
3,440.58,0,42.96,48,1777.7,0.03,0.02,14.74,0.0,Dec,2,2,1,2,Returning_Visitor,False,False
1,87.1,1,43.2,20,735.57,0.01,0.02,0.0,0.4,May,3,2,1,2,Returning_Visitor,False,False
0,87.08,1,0.0,47,735.77,0.0,0.05,0.0,0.0,May,2,5,1,2,Returning_Visitor,False,False
0,86.93,0,0.0,17,287.5,0.07,0.05,0.0,0.8,May,3,2,4,13,Returning_Visitor,False,False
3,45.0,0,43.22,22,1662.73,0.03,0.03,6.0,1.0,May,2,2,4,13,Returning_Visitor,True,False
0,0.0,0,43.29,2,0.0,0.2,0.2,0.0,0.6,May,2,2,1,3,Returning_Visitor,False,False
3,0.0,1,43.16,21,735.05,0.02,0.07,0.0,0.0,Jul,2,4,1,2,Returning_Visitor,False,False
1,3.0,2,34.0,41,1021.52,0.03,0.02,0.0,0.0,Dec,1,2,1,2,Returning_Visitor,True,False
5,44.75,3,51.5,107,738.84,0.03,0.05,0.0,0.0,Nov,2,2,3,1,Returning_Visitor,True,False
3,87.2,1,0.0,4,67.0,0.0,0.05,0.0,0.0,Dec,2,2,9,2,Returning_Visitor,False,False
0,87.07,0,0.0,41,1423.83,0.01,0.05,0.0,0.0,Dec,2,2,1,2,Returning_Visitor,False,False
14,564.9,3,522.17,134,736.51,0.03,0.05,0.0,0.0,Nov,3,2,1,2,Returning_Visitor,False,False
3,11.5,0,43.27,19,887.8,0.03,0.05,0.0,0.0,Nov,3,2,1,2,Returning_Visitor,False,False
8,87.6,2,70.6,63,5245.28,0.0,0.02,0.0,0.0,Nov,2,2,1,1,Returning_Visitor,False,False
6,87.21,0,0.0,57,735.49,0.03,0.03,0.0,0.0,May,4,2,1,6,Returning_Visitor,False,False
2,25.0,1,0.0,36,1445.6,0.01,0.04,0.0,1.0,May,3,3,1,2,Returning_Visitor,True,False
0,0.0,4,122.5,330,736.87,0.03,0.05,0.0,0.0,Nov,2,2,1,2,Returning_Visitor,False,True
0,0.0,1,0.0,89,735.33,0.03,0.01,0.0,0.8,May,1,1,1,6,Returning_Visitor,False,False
5,112.25,1,0.0,55,734.99,0.03,0.0,0.0,0.0,Nov,3,2,1,2,New_Visitor,True,False
0,0.0,0,0.0,24,735.26,0.03,0.03,0.0,0.0,Mar,2,2,2,2,Returning_Visitor,False,False
3,0.0,1,43.21,31,751.0,0.0,0.04,0.0,0.0,Dec,2,2,1,6,Returning_Visitor,False,False
0,0.0,1,45.29,8,197.9,0.04,0.05,0.0,0.0,Aug,1,1,3,2,Returning_Visitor,False,True
2,12.0,1,45.17,45,802.0,0.03,0.04,13.18,0.8,May,2,10,3,2,Returning_Visitor,False,False
0,87.01,1,0.0,12,736.29,0.02,0.04,0.0,0.0,Nov,3,2,1,13,Returning_Visitor,False,False
0,0.0,0,43.29,70,736.96,0.01,0.02,0.0,0.4,May,2,6,7,3,Returning_Visitor,False,False
3,738.0,1,0.0,21,664.33,0.0,0.05,0.0,0.0,May,2,2,1,2,Returning_Visitor,True,False
3,87.12,1,43.16,22,420.2,0.01,0.05,0.0,0.0,May,3,2,1,2,Returning_Visitor,False,False
5,87.57,0,43.23,24,567.45,0.03,0.05,0.0,1.0,May,3,2,1,1,Returning_Visitor,True,False
3,420.07,3,230.7,23,733.41,0.06,0.05,0.0,0.0,Nov,1,2,1,2,Returning_Visitor,False,False
0,86.86,1,43.26,8,736.05,0.0,0.04,0.0,0.4,May,2,2,4,2,Returning_Visitor,False,False
0,0.0,0,0.0,73,736.09,0.02,0.05,0.0,0.0,Nov,2,2,1,2,Returning_Visitor,False,True
7,87.71,5,43.33,28,736.22,0.0,0.01,0.0,0.0,Nov,2,2,3,1,Returning_Visitor,False,True
0,101.53,0,0.0,9,260.3,0.02,0.01,16.32,0.0,May,3,2,1,11,Returning_Visitor,False,True
11,903.7,1,26.2,109,735.94,0.03,0.05,3.87,0.0,Oct,3,2,1,1,Returning_Visitor,False,False
3,630.53,0,43.19,33,357.89,0.03,0.05,0.0,0.0,Oct,3,2,1,4,Returning_Visitor,False,False
3,23.0,1,43.14,15,736.83,0.03,0.03,0.0,0.0,Mar,1,2,1,2,Returning_Visitor,False,False
13,313.03,0,0.0,135,792.18,0.02,0.05,3.35,0.0,May,2,2,1,4,Returning_Visitor,False,False
2,33.2,1,0.0,9,735.9,0.03,0.05,0.0,0.0,Sep,2,2,1,2,Returning_Visitor,False,False
3,87.52,1,43.24,33,1440.93,0.03,0.05,0.0,0.0,Dec,2,2,1,1,Returning_Visitor,False,False
0,86.82,1,43.25,17,336.0,0.0,0.02,0.0,0.8,May,2,2,1,2,Returning_Visitor,False,False
0,87.65,0,43.25,1,0.0,0.2,0.2,0.0,0.0,Mar,3,2,3,1,Returning_Visitor,False,False
2,64.5,1,0.0,97,799.53,0.02,0.04,5.77,0.0,Nov,2,2,1,13,Returning_Visitor,False,True
3,0.0,0,0.0,3,170.67,0.03,0.03,0.0,0.0,Dec,3,3,1,2,New_Visitor,False,False
3,100.05,0,0.0,11,315.0,0.0,0.04,0.0,0.0,Dec,3,2,1,2,New_Visitor,False,False
3,86.87,0,0.0,13,152.33,0.03,0.05,0.0,0.8,May,2,2,1,3,Returning_Visitor,False,False
0,0.0,0,0.0,56,735.74,0.01,0.05,0.0,0.0,Nov,3,2,1,2,Returning_Visitor,True,False
3,120.6,1,183.8,85,1813.75,0.02,0.04,0.86,0.0,Aug,2,2,3,2,Returning_Visitor,False,False
0,0.0,0,45.14,7,444.25,0.02,0.02,0.0,0.0,Nov,3,2,3,2,Returning_Visitor,False,False
5,87.32,5,43.22,38,736.11,0.0,0.05,0.0,0.0,Dec,3,2,1,2,Returning_Visitor,True,False
3,87.61,1,43.18,19,456.9,0.03,0.05,0.0,0.0,Aug,2,2,1,2,Returning_Visitor,False,False
3,101.06,0,45.41,7,65.5,0.02,0.06,0.0,0.0,Nov,1,2,6,2,Returning_Visitor,False,False
3,87.2,0,43.18,1,735.24,0.0,0.05,0.0,0.0,Sep,2,2,4,2,Returning_Visitor,False,False
0,0.0,0,43.13,6,736.58,0.03,0.05,0.0,0.0,Mar,3,2,1,1,Returning_Visitor,False,False
3,0.0,0,0.0,25,710.5,0.03,0.08,0.0,0.8,May,2,2,1,13,Returning_Visitor,False,False
0,87.27,1,0.0,1,734.72,0.2,0.05,0.0,0.0,June,2,2,1,2,Returning_Visitor,False,False
3,0.0,1,45.19,34,801.9,0.0,0.04,62.08,0.0,May,2,2,1,2,Returning_Visitor,True,True
5,87.14,0,0.0,37,692.87,0.0,0.0,0.0,0.0,Oct,1,2,1,4,Returning_Visitor,False,False
3,153.0,0,43.29,25,734.66,0.03,0.05,19.23,0.0,Nov,1,1,1,4,Returning_Visitor,False,False
2,34.0,1,0.0,35,1907.14,0.01,0.02,64.25,0.0,Dec,2,2,1,10,Returning_Visitor,False,False
3,129.0,0,0.0,74,735.75,0.03,0.03,4.14,0.0,Nov,2,2,9,1,Returning_Visitor,False,True
3,100.99,1,45.18,8,799.88,0.02,0.01,0.0,0.0,Nov,3,2,1,1,Returning_Visitor,False,False
1,10.0,1,45.21,9,700.0,0.0,0.01,29.62,0.0,Dec,2,2,1,2,Returning_Visitor,False,True
10,396.96,6,168.83,280,799.07,0.02,0.04,7.98,0.0,Nov,2,2,1,2,Returning_Visitor,True,False
5,55.5,1,0.0,12,1076.5,0.0,0.01,0.0,0.0,Mar,2,2,1,2,New_Visitor,False,False
0,0.0,1,43.24,3,145.0,0.07,0.05,0.0,0.0,June,2,2,1,2,Returning_Visitor,False,False
3,133.47,2,199.4,150,736.0,0.03,0.05,0.0,0.0,Oct,2,2,1,13,Returning_Visitor,True,False
2,87.34,2,125.0,16,735.11,0.0,0.05,0.0,0.0,Mar,2,2,1,2,New_Visitor,True,False
4,159.0,2,27.75,33,736.01,0.03,0.02,0.0,0.0,Dec,2,2,1,2,Returning_Visitor,False,True
3,0.0,0,0.0,57,1384.5,0.03,0.03,0.0,0.0,May,2,2,1,13,Returning_Visitor,False,False
3,87.55,2,107.0,39,736.01,0.02,0.03,0.0,0.0,Dec,3,2,1,2,Returning_Visitor,True,False
3,51.4,1,0.0,7,562.3,0.0,0.04,36.66,0.0,Jul,1,1,1,2,New_Visitor,True,True
2,117.0,0,43.14,13,309.93,0.03,0.01,0.0,0.0,Mar,2,2,2,2,New_Visitor,False,False
0,0.0,1,0.0,5,38.0,0.03,0.16,0.0,0.6,May,2,5,1,2,Returning_Visitor,False,False
5,59.0,1,0.0,3,44.67,0.03,0.03,0.0,0.0,Mar,2,2,1,2,Returning_Visitor,False,False
3,0.0,1,43.18,2,135.0,0.0,0.1,0.0,0.0,Mar,1,1,1,2,Returning_Visitor,False,False
3,0.0,1,0.0,4,81.0,0.0,0.03,0.0,0.0,Mar,2,2,3,2,Returning_Visitor,False,False
0,0.0,1,43.2,8,186.5,0.03,0.03,0.0,0.0,Mar,2,2,3,2,Returning_Visitor,True,False
1,156.14,0,43.12,18,1181.2,0.03,0.05,0.0,0.0,Mar,3,2,4,2,Returning_Visitor,False,False
4,97.08,0,44.94,4,46.5,0.04,0.06,0.0,0.0,Nov,3,2,1,2,Returning_Visitor,False,False
0,87.24,1,43.17,7,139.5,0.0,0.03,0.0,0.0,May,3,2,3,2,Returning_Visitor,False,False
2,87.22,0,43.15,30,1448.93,0.03,0.05,0.0,0.0,Dec,3,2,1,2,Returning_Visitor,False,False
6,214.67,1,112.0,68,2822.17,0.0,0.05,0.0,0.0,Nov,2,2,1,2,Returning_Visitor,False,False
3,36.5,1,43.15,11,736.32,0.0,0.03,0.0,0.0,Dec,2,2,1,8,Returning_Visitor,False,False
3,204.39,4,187.0,61,776.41,0.03,0.05,0.0,0.0,May,3,2,1,2,Returning_Visitor,False,False
3,37.0,1,9.0,17,735.91,0.01,0.05,0.0,0.0,May,3,2,1,2,Returning_Visitor,False,False
3,0.0,0,0.0,7,736.98,0.03,0.06,0.0,0.0,Nov,2,2,1,2,Returning_Visitor,False,False
3,22.33,1,0.0,105,738.09,0.03,0.02,0.0,0.0,May,2,2,1,4,Returning_Visitor,True,False
8,87.3,1,23.0,56,2581.36,0.03,0.05,0.0,0.0,Nov,3,2,3,2,Returning_Visitor,True,False
3,141.0,1,45.21,33,1371.63,0.0,0.01,44.71,0.0,Mar,2,4,1,8,Returning_Visitor,False,True
3,87.69,0,0.0,4,735.03,0.0,0.05,0.0,0.0,June,3,2,8,2,New_Visitor,False,False
3,89.5,0,0.0,3,734.71,0.03,0.03,0.0,0.0,May,1,1,1,2,Returning_Visitor,False,False
3,0.0,2,43.39,12,2250.35,0.01,0.03,0.0,0.0,Nov,1,2,3,2,Returning_Visitor,True,False
3,87.29,1,43.27,20,735.63,0.0,0.02,0.0,0.0,Mar,1,2,3,10,Returning_Visitor,False,False
3,78.4,0,45.2,35,801.32,0.02,0.04,26.55,0.0,May,3,2,1,2,Returning_Visitor,True,False
3,0.0,1,43.3,10,852.0,0.0,0.01,0.0,0.0,Feb,2,2,3,6,Returning_Visitor,False,False
0,86.96,1,226.0,19,797.17,0.0,0.05,0.0,0.0,May,3,2,6,2,Returning_Visitor,False,False
3,87.2,1,0.0,4,56.0,0.1,0.15,0.0,0.0,May,2,2,1,2,Returning_Visitor,False,False
3,87.26,2,204.4,45,735.53,0.0,0.05,0.0,0.0,June,2,5,1,2,New_Visitor,False,False
3,1427.03,1,43.19,26,1446.52,0.03,0.03,10.6,0.0,Aug,1,1,1,4,Returning_Visitor,False,False
2,14.0,0,0.0,65,796.58,0.02,0.04,20.6,0.0,Nov,3,2,1,2,Returning_Visitor,False,False
3,101.24,1,45.29,5,430.17,0.0,0.04,0.0,0.0,Nov,3,2,1,2,Returning_Visitor,False,False
3,86.87,0,43.12,8,232.5,0.0,0.05,0.0,0.0,Nov,4,2,1,2,Returning_Visitor,False,False
3,99.89,0,0.0,32,1589.62,0.0,0.01,15.64,0.0,Dec,2,2,1,1,Returning_Visitor,False,False
5,122.1,3,158.5,167,735.04,0.03,0.05,0.0,0.0,Nov,2,2,1,2,Returning_Visitor,False,False
0,0.0,0,43.14,24,550.17,0.01,0.05,0.0,0.0,Nov,2,2,1,2,Returning_Visitor,False,False
3,101.35,0,45.22,9,561.25,0.02,0.04,26.38,0.0,Dec,3,2,1,1,Returning_Visitor,False,False
3,69.1,0,0.0,24,368.6,0.0,0.05,0.0,0.0,Sep,2,2,1,2,New_Visitor,False,False
3,86.97,1,43.25,11,855.25,0.03,0.05,0.0,0.0,May,2,2,1,13,Returning_Visitor,False,False
8,125.63,6,75.0,312,736.08,0.03,0.05,8.06,0.0,Dec,2,2,1,2,Returning_Visitor,False,False
3,0.0,1,0.0,2,0.0,0.03,0.05,0.0,0.0,Nov,2,2,9,2,Returning_Visitor,False,False
3,87.21,1,43.2,9,230.83,0.03,0.05,0.0,0.0,Nov,2,2,1,2,Returning_Visitor,False,False
0,86.81,1,0.0,13,167.5,0.03,0.05,0.0,0.0,Jul,2,2,1,2,Returning_Visitor,False,False
0,87.12,1,43.23,6,735.62,0.03,0.1,0.0,0.0,June,2,2,1,2,Returning_Visitor,False,False
0,0.0,0,0.0,32,2180.93,0.01,0.03,0.0,0.0,Dec,4,2,1,1,Returning_Visitor,False,False
1,15.2,1,43.4,13,94.2,0.02,0.05,21.58,0.0,Jul,2,2,1,1,Returning_Visitor,False,False
0,87.17,1,0.0,2,28.2,0.0,0.1,0.0,0.0,Jul,2,2,1,2,Returning_Visitor,False,False
3,0.0,1,0.0,5,975.5,0.08,0.1,0.0,0.0,Nov,3,2,1,2,Returning_Visitor,False,False
3,11.0,1,0.0,20,1166.33,0.0,0.0,14.13,0.0,Nov,2,2,2,2,Returning_Visitor,False,True
3,86.88,0,0.0,24,1203.53,0.0,0.01,0.0,0.0,Oct,4,1,1,4,New_Visitor,False,False
3,101.4,1,45.19,16,859.17,0.0,0.04,9.99,0.0,May,3,2,2,2,Returning_Visitor,False,False
3,86.94,1,0.0,28,271.12,0.0,0.0,0.0,0.0,May,4,2,1,3,Returning_Visitor,False,False
4,113.25,0,0.0,91,799.8,0.0,0.04,0.0,0.0,Nov,2,2,1,2,Returning_Visitor,False,False
3,0.0,0,0.0,5,734.51,0.18,0.19,0.0,0.0,Aug,3,2,4,20,Returning_Visitor,False,False
3,87.18,0,0.0,7,735.63,0.03,0.05,0.0,0.0,Sep,2,2,1,2,Returning_Visitor,False,False
3,80.0,1,0.0,32,931.5,0.03,0.02,51.12,0.0,May,2,2,1,1,Returning_Visitor,False,False
3,87.28,1,43.25,1,0.0,0.03,0.2,0.0,0.0,Dec,2,2,1,2,Returning_Visitor,False,False
2,75.0,1,0.0,14,851.0,0.02,0.04,22.89,0.0,Mar,1,2,1,2,New_Visitor,False,True
3,86.98,0,43.17,12,735.61,0.03,0.05,0.0,0.0,Mar,2,2,7,1,Returning_Visitor,False,False
0,87.15,1,0.0,2,5.0,0.03,0.1,0.0,0.0,Mar,2,2,1,2,Returning_Visitor,False,False
3,43.0,0,0.0,11,610.0,0.0,0.05,0.0,0.0,Mar,2,2,1,2,Returning_Visitor,False,False
3,5.0,1,43.35,81,734.85,0.03,0.05,0.0,0.6,May,2,4,3,4,Returning_Visitor,False,False
10,274.25,1,247.75,61,801.32,0.02,0.04,48.61,0.0,Nov,2,2,1,2,Returning_Visitor,False,True
3,0.0,0,43.14,15,735.94,0.0,0.03,0.0,0.0,Mar,2,2,7,2,Returning_Visitor,False,False
3,97.6,0,0.0,24,498.9,0.02,0.04,5.82,0.0,Oct,2,2,1,2,Returning_Visitor,False,True
3,87.34,1,0.0,9,248.05,0.0,0.02,0.0,0.0,Sep,3,2,4,4,Returning_Visitor,False,False
3,87.4,1,0.0,5,200.93,0.0,0.08,0.0,0.0,Dec,3,2,1,2,Returning_Visitor,False,False
3,87.28,0,0.0,6,77.0,0.08,0.12,0.0,0.0,Dec,2,2,3,2,Returning_Visitor,False,False
0,86.96,1,0.0,1,0.0,0.03,0.05,0.0,0.0,Nov,2,4,3,2,Returning_Visitor,False,False
0,86.72,0,0.0,3,47.5,0.0,0.05,0.0,0.0,May,2,2,9,2,Returning_Visitor,False,False
0,99.3,1,44.99,2,798.77,0.02,0.2,0.0,0.0,Nov,1,1,1,1,Returning_Visitor,False,False
0,0.0,0,43.19,8,1231.79,0.08,0.08,0.0,0.0,Dec,3,2,1,2,Returning_Visitor,False,False
2,24.6,0,0.0,26,779.51,0.02,0.04,12.55,0.0,Mar,1,1,3,2,Returning_Visitor,True,True
3,87.38,1,43.17,23,269.9,0.0,0.05,0.0,0.0,Nov,1,1,1,2,Returning_Visitor,False,False
6,224.0,0,43.17,33,735.37,0.01,0.05,0.0,0.0,May,3,2,1,4,Returning_Visitor,False,False
3,87.25,0,43.15,6,303.1,0.03,0.01,0.0,0.0,June,1,2,1,2,Returning_Visitor,False,False
5,101.35,0,0.0,113,799.29,0.0,0.04,0.0,0.0,Nov,2,2,1,11,Returning_Visitor,False,False
4,87.04,0,43.23,6,735.52,0.0,0.01,0.0,0.0,Dec,1,1,3,2,Returning_Visitor,False,False
10,87.52,1,43.35,28,866.22,0.01,0.05,0.0,0.0,Dec,2,2,7,1,Returning_Visitor,False,False
1,99.27,1,1415.0,56,1568.65,0.02,0.04,28.17,0.0,Nov,2,2,1,2,Returning_Visitor,False,False
3,0.0,0,0.0,24,735.85,0.03,0.03,0.0,0.4,May,2,2,6,2,Returning_Visitor,False,False
3,0.0,1,43.25,12,735.5,0.03,0.05,0.0,0.0,May,2,7,1,2,Returning_Visitor,True,False
3,87.1,0,43.17,2,734.95,0.0,0.1,0.0,0.0,Dec,2,2,1,2,Returning_Visitor,False,False
3,10.0,0,0.0,27,548.28,0.0,0.03,0.0,0.0,Dec,2,4,9,2,Returning_Visitor,False,False
3,87.48,1,0.0,8,735.23,0.03,0.05,0.0,0.0,Dec,2,2,3,2,Returning_Visitor,False,False
15,87.13,0,0.0,60,632.25,0.01,0.01,0.0,0.0,Oct,4,2,1,2,Returning_Visitor,False,False
0,0.0,1,45.2,13,524.0,0.0,0.02,45.46,0.0,Nov,2,4,9,8,Returning_Visitor,True,True
12,101.58,1,45.29,67,800.91,0.0,0.02,1.09,0.0,May,2,2,1,3,Returning_Visitor,False,False
3,86.97,0,0.0,13,135.88,0.03,0.05,0.0,0.0,Nov,1,2,1,2,Returning_Visitor,False,False
0,87.14,1,43.19,14,735.28,0.03,0.06,0.0,0.0,Nov,3,2,1,2,Returning_Visitor,False,False
3,87.26,0,0.0,14,1324.13,0.03,0.02,0.0,0.0,Nov,1,2,1,2,Returning_Visitor,True,False
3,87.21,0,0.0,28,839.52,0.03,0.0,0.0,0.0,Dec,1,1,3,2,Returning_Visitor,True,False
3,65.5,1,12.0,39,1101.33,0.01,0.04,15.0,0.0,May,2,2,1,1,Returning_Visitor,False,False
5,94.82,1,43.71,32,760.41,0.02,0.04,32.02,0.0,Nov,2,5,1,2,Returning_Visitor,False,True
3,155.75,1,43.41,62,737.77,0.03,0.05,17.6,0.0,Nov,2,4,1,10,Returning_Visitor,False,False
0,87.01,1,43.22,6,109.25,0.0,0.03,0.0,0.0,Dec,8,13,9,2,Returning_Visitor,False,False
0,0.0,0,43.18,13,449.33,0.03,0.04,0.0,0.0,Mar,2,5,1,2,Returning_Visitor,False,False
0,0.0,0,0.0,200,736.4,0.03,0.05,0.0,0.0,Nov,2,2,1,2,Returning_Visitor,False,False
0,0.0,1,0.0,1,15.6,0.0,0.0,47.79,0.0,Sep,1,2,1,2,Returning_Visitor,False,True
3,87.26,1,43.21,2,735.64,0.0,0.05,0.0,0.8,May,2,2,1,4,Returning_Visitor,False,False
3,0.0,1,0.0,20,1078.58,0.01,0.03,0.0,0.0,Dec,1,2,8,2,Returning_Visitor,False,False
3,0.0,1,43.29,6,74.0,0.03,0.02,0.0,0.0,Mar,2,4,1,2,Returning_Visitor,False,False
1,11.89,0,0.0,111,799.86,0.02,0.04,12.02,0.0,Mar,3,2,1,2,Returning_Visitor,False,False
3,0.0,0,43.22,1,0.0,0.2,0.2,0.0,0.0,Mar,2,2,1,3,Returning_Visitor,False,False
3,33.0,0,0.0,12,736.13,0.0,0.01,0.0,0.0,May,4,2,1,3,Returning_Visitor,False,False
3,79.75,0,0.0,3,734.94,0.04,0.05,0.0,0.0,Mar,3,2,1,2,Returning_Visitor,False,False
4,101.36,0,0.0,3,22.0,0.02,0.03,0.0,0.0,Nov,2,2,1,2,New_Visitor,False,True
0,86.83,1,43.2,45,736.24,0.02,0.04,0.0,0.0,Nov,2,2,1,13,Returning_Visitor,False,False
3,87.09,3,196.0,36,585.18,0.03,0.0,0.0,0.0,May,2,2,6,2,Returning_Visitor,False,False
3,199.0,1,0.0,34,1425.57,0.02,0.01,0.0,0.0,Nov,2,2,9,2,New_Visitor,False,True
0,87.17,0,43.16,7,151.42,0.03,0.01,0.0,0.0,Dec,8,2,9,2,Other,False,False
3,87.04,1,0.0,9,735.37,0.03,0.01,0.0,0.0,Mar,3,2,9,2,New_Visitor,False,False
3,87.56,0,43.17,8,171.25,0.03,0.07,0.0,0.0,Dec,3,2,1,1,Returning_Visitor,False,False
3,87.1,0,43.16,15,735.48,0.0,0.01,0.0,0.0,Oct,2,2,1,2,Returning_Visitor,False,False
2,15.0,0,43.15,44,735.06,0.0,0.02,0.0,0.0,Dec,2,2,1,2,New_Visitor,False,False
3,7.0,0,0.0,21,735.24,0.05,0.05,0.0,0.0,May,2,2,1,3,Returning_Visitor,False,False
3,87.58,0,43.23,6,130.0,0.03,0.05,0.0,0.0,Mar,1,1,4,2,Returning_Visitor,False,False
10,87.44,1,43.24,75,735.91,0.03,0.05,0.0,0.0,Dec,2,2,4,1,Returning_Visitor,False,False
0,87.21,1,44.0,52,736.55,0.03,0.07,0.0,0.0,Sep,3,2,1,13,Returning_Visitor,True,False
0,0.0,1,43.2,17,315.08,0.03,0.05,0.0,0.0,Dec,2,2,1,1,Returning_Visitor,False,True
1,13.1,0,0.0,111,735.42,0.03,0.05,0.0,0.0,Jul,2,2,1,1,Returning_Visitor,True,False
3,0.0,2,109.0,23,1232.73,0.0,0.01,56.36,0.0,May,4,2,1,19,Returning_Visitor,True,True
0,101.33,1,45.22,24,801.75,0.02,0.0,19.47,0.0,Nov,4,1,1,2,New_Visitor,False,True
1,87.14,0,0.0,51,769.99,0.0,0.0,0.0,0.0,May,2,2,1,2,Returning_Visitor,True,False
0,86.92,1,43.15,7,736.26,0.03,0.07,0.0,0.0,Mar,2,2,3,2,Returning_Visitor,False,False
0,0.0,1,45.26,10,316.5,0.0,0.03,17.54,0.0,Mar,2,4,1,2,New_Visitor,False,True
3,87.3,1,0.0,12,1192.87,0.03,0.05,0.0,0.0,Sep,2,2,1,2,Returning_Visitor,False,False
0,87.9,2,43.42,39,738.71,0.03,0.02,0.0,0.0,Sep,1,2,1,2,Returning_Visitor,False,False
7,87.3,1,88.0,22,661.63,0.01,0.05,0.0,0.0,May,1,2,4,2,Returning_Visitor,False,False
6,220.0,2,327.0,50,736.12,0.01,0.05,10.1,0.0,May,2,2,1,1,Returning_Visitor,False,False
1,8.0,0,43.31,10,735.29,0.04,0.06,0.0,0.0,Dec,1,2,7,2,Returning_Visitor,True,False
9,417.25,1,0.0,42,736.04,0.0,0.05,0.0,1.0,May,4,2,1,3,Returning_Visitor,True,False
0,0.0,0,43.19,7,736.34,0.03,0.03,0.0,0.0,Dec,2,2,1,2,Returning_Visitor,False,False
12,176.96,9,266.88,351,736.36,0.03,0.05,1.98,0.0,Nov,3,2,1,3,Returning_Visitor,False,False
3,0.0,0,43.21,3,5.0,0.03,0.17,0.0,0.0,May,1,1,3,6,Returning_Visitor,False,False
10,204.1,1,170.0,138,800.13,0.02,0.04,18.22,0.0,Dec,2,2,1,2,Returning_Visitor,False,True
0,0.0,0,43.28,7,48.0,0.03,0.05,0.0,0.4,May,1,2,1,3,Returning_Visitor,False,False
0,0.0,0,0.0,27,420.0,0.03,0.01,0.0,0.0,May,2,2,9,2,Returning_Visitor,False,False
0,0.0,1,43.27,15,1639.5,0.03,0.07,0.0,0.8,May,2,2,1,13,Returning_Visitor,False,False
0,86.68,0,0.0,1,0.0,0.2,0.2,0.0,0.0,Mar,2,5,9,2,Returning_Visitor,False,False
3,87.18,0,0.0,14,178.59,0.01,0.01,0.0,0.0,Aug,3,2,1,2,Returning_Visitor,True,False
3,87.12,1,43.19,4,72.5,0.0,0.05,0.0,0.0,Dec,1,2,8,2,Returning_Visitor,False,False
3,87.62,1,0.0,29,735.85,0.01,0.05,7.91,0.0,Nov,1,1,1,1,Returning_Visitor,False,False
2,65.4,0,0.0,79,736.8,0.0,0.05,0.0,0.0,Sep,3,2,1,2,Returning_Visitor,False,False
6,87.62,1,15.2,27,1333.8,0.01,0.03,4.95,0.0,Nov,2,2,1,2,Returning_Visitor,False,False
2,87.28,1,113.0,14,536.04,0.0,0.05,0.0,0.0,May,2,2,3,2,Returning_Visitor,False,False
2,87.45,1,26.0,22,326.58,0.02,0.05,0.0,0.0,Mar,3,2,1,2,Returning_Visitor,False,False
3,87.12,0,0.0,34,1021.75,0.03,0.05,0.0,0.4,May,2,2,3,2,Returning_Visitor,False,False
3,0.0,0,43.17,7,734.88,0.01,0.08,0.0,0.0,Nov,4,1,4,2,Returning_Visitor,False,False
0,87.19,0,0.0,5,735.77,0.0,0.05,0.0,0.0,Mar,2,2,1,1,Returning_Visitor,False,False
3,87.16,0,0.0,8,211.33,0.03,0.05,0.0,0.0,May,2,5,3,2,Returning_Visitor,True,False
3,0.0,0,43.37,12,429.0,0.0,0.04,0.0,0.0,Nov,1,2,3,8,Returning_Visitor,False,False
3,0.0,0,43.29,9,76.0,0.0,0.05,0.0,0.0,May,2,4,3,2,Returning_Visitor,False,False
3,77.0,0,0.0,36,800.91,0.02,0.02,14.0,0.0,May,2,5,1,2,Returning_Visitor,False,False
3,87.3,1,0.0,33,1946.94,0.01,0.02,0.0,0.0,Mar,3,2,3,2,Returning_Visitor,False,False
3,87.35,2,55.5,23,1100.12,0.03,0.01,0.0,0.4,May,3,2,4,2,Returning_Visitor,False,False
3,656.0,1,9.0,39,752.26,0.02,0.01,63.39,0.0,May,2,5,3,2,Returning_Visitor,False,True
0,87.0,0,0.0,16,736.21,0.01,0.05,0.0,0.0,Mar,4,2,1,3,Returning_Visitor,False,False
3,175.47,1,7.0,82,799.0,0.0,0.04,13.98,0.0,Nov,3,2,1,13,Returning_Visitor,False,True
3,0.0,0,43.21,12,736.17,0.07,0.11,0.0,0.0,Nov,2,2,1,2,Returning_Visitor,False,False
3,101.26,1,39.0,95,800.22,0.02,0.04,5.64,0.0,May,2,2,1,6,Returning_Visitor,False,True
3,63.0,0,0.0,31,736.29,0.03,0.02,0.0,0.0,Dec,2,2,1,8,Returning_Visitor,False,False
3,87.13,1,43.19,5,735.24,0.04,0.07,0.0,0.0,Dec,1,2,5,8,Returning_Visitor,False,False
0,86.56,1,0.0,9,206.6,0.0,0.01,0.0,0.0,Jul,2,4,3,4,New_Visitor,False,False
3,150.2,1,20.0,22,735.01,0.03,0.05,0.0,0.0,Oct,2,2,7,3,Returning_Visitor,False,False
4,87.57,3,17.25,100,735.26,0.03,0.01,0.0,0.0,Dec,1,2,1,10,Returning_Visitor,False,False
0,0.0,0,43.71,8,123.0,0.03,0.05,0.0,0.0,Nov,3,2,3,2,Returning_Visitor,True,False
0,87.26,0,0.0,75,735.68,0.03,0.05,0.0,0.0,Aug,1,6,1,1,Returning_Visitor,False,False
0,0.0,1,0.0,16,687.38,0.02,0.01,29.46,0.0,Nov,3,2,3,2,New_Visitor,False,False
0,89.79,1,43.41,28,745.4,0.03,0.05,0.0,0.0,Nov,2,2,1,2,Returning_Visitor,True,False
0,0.0,1,0.0,13,169.0,0.02,0.04,0.0,0.0,May,1,1,1,2,Returning_Visitor,False,False
3,0.0,1,0.0,40,734.88,0.0,0.02,0.0,0.0,Mar,1,1,2,2,Returning_Visitor,False,False
0,87.08,0,0.0,13,546.96,0.0,0.03,0.0,0.0,Dec,2,2,1,2,Returning_Visitor,False,False
3,0.0,1,584.0,66,736.5,0.01,0.05,0.0,0.0,Nov,2,2,1,1,Returning_Visitor,False,False
17,2629.25,24,2050.43,705,737.52,0.03,0.05,0.76,0.0,May,2,2,1,14,Returning_Visitor,True,False
8,195.32,1,44.95,54,1063.95,0.02,0.04,54.25,0.0,Mar,2,2,1,2,Returning_Visitor,False,False
0,87.24,1,14.0,11,735.7,0.02,0.04,0.0,0.0,Mar,3,2,1,3,Returning_Visitor,True,False
3,87.15,1,43.28,4,735.35,0.15,0.16,0.0,0.0,May,2,2,1,13,Returning_Visitor,False,False
3,87.37,1,0.0,2,11.0,0.09,0.19,0.0,0.0,Dec,2,2,1,2,Returning_Visitor,False,False
0,0.0,0,0.0,25,1838.5,0.03,0.05,0.0,0.0,May,2,2,1,19,Returning_Visitor,False,False
3,77.1,1,60.3,5,944.8,0.0,0.02,0.0,0.0,Sep,2,2,3,2,New_Visitor,False,False
0,0.0,1,0.0,30,484.67,0.0,0.02,0.0,0.0,Mar,2,6,7,1,Returning_Visitor,False,False
0,87.14,0,43.19,7,735.66,0.0,0.03,0.0,0.0,Dec,8,13,1,2,Other,False,False
2,47.5,1,0.0,30,735.58,0.03,0.05,23.51,0.0,Dec,2,2,2,1,Returning_Visitor,False,False
0,87.6,0,0.0,3,71.0,0.1,0.1,0.0,0.0,May,3,2,6,2,Returning_Visitor,False,False
0,87.47,1,0.0,3,65.0,0.1,0.11,0.0,0.0,May,3,2,1,2,Returning_Visitor,False,False
3,294.0,1,0.0,7,639.0,0.03,0.02,0.0,0.0,Dec,2,4,1,10,Returning_Visitor,False,False
3,26.0,0,45.24,19,576.08,0.01,0.02,30.65,0.0,Mar,2,2,2,1,Returning_Visitor,True,True
0,87.1,1,0.0,14,424.33,0.03,0.01,0.0,0.0,Dec,2,2,2,13,Returning_Visitor,False,False
1,5.0,1,17.75,93,765.2,0.02,0.05,6.99,0.0,Dec,1,2,1,2,Returning_Visitor,True,False
0,87.11,0,0.0,12,459.0,0.0,0.02,0.0,0.0,Mar,2,2,1,1,Returning_Visitor,False,False
3,64.5,1,44.0,52,2120.63,0.02,0.01,0.0,0.0,Nov,2,2,1,2,Returning_Visitor,False,False
3,87.16,0,0.0,1,0.0,0.03,0.05,0.0,0.0,Mar,1,1,2,1,Returning_Visitor,False,False
2,37.5,1,0.0,12,375.0,0.0,0.04,43.99,0.0,May,2,2,3,2,Returning_Visitor,False,True
2,101.35,0,0.0,33,831.11,0.02,0.01,77.97,0.0,Dec,2,2,1,2,Returning_Visitor,True,True
3,0.0,0,43.31,5,734.62,0.0,0.01,0.0,0.0,Jul,1,1,4,2,Returning_Visitor,False,False
9,181.82,0,0.0,9,735.37,0.03,0.02,0.0,0.0,Sep,1,2,7,4,Returning_Visitor,False,False
3,87.42,1,43.17,10,736.21,0.04,0.05,0.0,0.0,May,2,2,4,1,Returning_Visitor,False,False
4,45.83,0,0.0,70,735.51,0.0,0.01,0.0,0.0,Nov,2,2,1,2,Returning_Visitor,False,False
0,87.1,0,43.2,49,2990.31,0.03,0.05,0.0,0.0,Nov,3,2,1,13,Returning_Visitor,False,False
3,0.0,1,43.2,8,160.25,0.01,0.05,0.0,0.0,Nov,3,2,1,6,Returning_Visitor,False,False
3,86.99,0,0.0,5,614.75,0.0,0.05,0.0,0.0,Dec,2,10,2,2,Returning_Visitor,False,False
3,87.29,1,0.0,14,186.17,0.02,0.04,0.0,0.0,May,3,2,3,4,Returning_Visitor,False,False
1,0.0,0,0.0,35,736.03,0.01,0.05,0.0,0.0,Mar,2,2,1,1,Returning_Visitor,True,False
12,252.81,4,43.59,100,748.01,0.03,0.05,2.64,0.0,Nov,1,2,1,10,Returning_Visitor,True,True
3,54.93,1,0.0,35,801.86,0.02,0.04,28.33,0.0,Jul,2,2,7,2,Returning_Visitor,False,False
0,86.81,0,43.21,13,736.07,0.03,0.05,0.0,0.4,May,2,2,1,2,Returning_Visitor,False,False
0,86.7,0,43.27,22,735.2,0.0,0.05,0.0,0.2,Feb,2,2,1,4,Returning_Visitor,False,False
3,87.0,1,0.0,1,0.0,0.2,0.2,0.0,0.0,Dec,8,2,9,2,Other,False,False
3,127.67,0,0.0,12,107.0,0.0,0.03,0.0,0.0,Nov,1,1,4,2,New_Visitor,False,False
3,87.27,0,0.0,13,735.45,0.03,0.05,0.0,0.0,Mar,2,2,3,2,Returning_Visitor,True,False
0,87.41,0,0.0,30,1737.02,0.03,0.05,1.44,0.0,June,3,2,4,2,Returning_Visitor,True,False
0,0.0,0,0.0,1,0.0,0.03,0.2,0.0,0.0,Nov,1,1,1,2,Other,False,False
14,228.75,6,121.58,336,800.48,0.02,0.04,0.07,0.0,Nov,2,2,1,2,Returning_Visitor,False,True
7,38.6,1,43.19,70,735.75,0.0,0.05,0.0,0.0,Oct,2,2,4,5,Returning_Visitor,False,False
3,101.36,1,45.26,26,1210.92,0.01,0.04,2.48,0.0,Nov,4,2,1,1,Returning_Visitor,False,True
0,87.49,0,43.25,2,0.0,0.03,0.2,0.0,0.0,May,2,2,1,6,Returning_Visitor,False,False
3,0.0,0,0.0,2,735.56,0.1,0.15,0.0,0.0,May,2,2,1,13,Returning_Visitor,False,False
3,87.0,1,43.21,4,735.44,0.03,0.03,0.0,0.0,May,2,2,1,2,Returning_Visitor,False,False
3,233.25,2,43.26,38,735.84,0.03,0.05,0.0,0.0,Dec,2,2,1,2,Returning_Visitor,False,False
4,130.0,1,0.0,28,818.79,0.03,0.0,0.0,0.0,Mar,2,2,1,2,New_Visitor,False,False
0,87.0,1,0.0,5,156.0,0.03,0.04,0.0,0.0,Mar,2,2,4,2,Returning_Visitor,False,False
1,87.38,1,0.0,1,734.97,0.05,0.15,0.0,0.0,Aug,2,2,1,2,Returning_Visitor,False,False
0,101.43,1,12.0,22,1668.95,0.0,0.04,12.19,0.0,Dec,2,2,1,2,New_Visitor,False,True
3,95.33,0,45.22,16,801.28,0.0,0.02,25.26,0.0,Dec,2,2,1,2,Returning_Visitor,False,True
0,0.0,5,663.92,47,2059.7,0.03,0.05,0.0,0.0,Dec,3,2,3,6,Returning_Visitor,False,False
11,87.77,0,0.0,122,6141.43,0.03,0.05,0.0,0.2,May,3,2,1,1,Returning_Visitor,False,False
0,87.2,1,0.0,5,249.0,0.03,0.04,0.0,0.0,May,2,2,1,2,Returning_Visitor,False,False
3,87.16,1,0.0,29,735.69,0.01,0.03,0.0,0.0,Nov,1,2,1,3,Returning_Visitor,False,False
3,87.41,1,0.0,8,736.06,0.0,0.02,0.0,0.0,Nov,2,2,3,2,Returning_Visitor,False,False
3,88.09,3,94.0,23,866.71,0.03,0.02,6.79,0.0,Nov,3,2,1,2,Returning_Visitor,False,False
2,44.5,1,0.0,35,1330.67,0.01,0.01,0.0,0.0,Nov,2,2,1,3,Returning_Visitor,False,False
3,87.07,1,0.0,15,735.86,0.02,0.05,0.0,0.0,May,2,5,1,2,Returning_Visitor,False,False
3,0.0,0,0.0,1,0.0,0.2,0.2,0.0,0.0,May,3,2,8,2,Returning_Visitor,False,False
3,87.4,0,0.0,2,734.99,0.03,0.2,0.0,0.0,May,3,2,1,1,Returning_Visitor,True,False
3,0.0,1,43.35,11,473.83,0.0,0.03,0.0,0.0,June,3,2,1,3,Returning_Visitor,False,False
3,85.63,1,42.97,9,436.0,0.0,0.02,0.0,0.0,Nov,2,2,1,2,Returning_Visitor,False,False
3,87.23,1,43.21,3,178.75,0.0,0.05,0.0,0.0,Mar,3,2,3,8,Returning_Visitor,False,False
0,87.24,0,43.18,23,723.0,0.02,0.05,0.0,0.0,Dec,3,2,2,2,Returning_Visitor,False,False
7,187.17,1,72.0,22,800.05,0.0,0.01,22.46,0.0,May,3,2,3,2,Returning_Visitor,False,True
3,190.29,6,609.0,47,801.9,0.02,0.04,30.9,0.0,Mar,2,2,1,2,New_Visitor,True,True
3,101.34,0,0.0,65,801.59,0.02,0.04,17.43,0.0,Dec,2,2,1,2,Returning_Visitor,False,False
0,0.0,1,0.0,28,1555.6,0.02,0.04,0.0,0.0,Nov,3,2,1,2,Returning_Visitor,False,False
3,87.3,1,43.24,27,1460.57,0.0,0.05,0.0,0.0,Mar,2,2,1,2,Returning_Visitor,False,False
2,87.04,1,43.19,32,505.55,0.0,0.0,0.0,0.0,Oct,2,2,6,2,New_Visitor,False,False
2,34.2,1,0.0,5,63.4,0.0,0.05,0.0,0.0,Jul,4,1,2,2,New_Visitor,False,False
7,87.28,3,43.15,58,735.31,0.03,0.05,1.39,0.0,Nov,1,2,1,15,Returning_Visitor,True,False
4,87.27,1,43.16,17,478.83,0.0,0.01,0.0,0.0,Mar,1,1,3,2,Returning_Visitor,False,False
3,87.08,0,0.0,10,236.0,0.0,0.03,0.0,0.0,Mar,2,2,1,1,Returning_Visitor,False,False
3,172.0,1,0.0,11,787.0,0.03,0.05,0.0,0.0,May,2,2,1,6,Returning_Visitor,False,False
3,117.8,0,43.2,17,735.64,0.03,0.05,0.0,0.0,Aug,3,2,7,2,Returning_Visitor,False,False
0,87.4,0,43.23,1,734.86,0.03,0.05,0.0,0.0,Nov,1,2,1,2,Returning_Visitor,False,False
3,86.91,1,43.24,4,72.67,0.0,0.05,0.0,0.4,May,2,2,3,2,Returning_Visitor,False,False
0,0.0,0,43.25,27,589.57,0.01,0.05,0.0,0.0,May,3,2,3,2,Returning_Visitor,True,False
5,87.33,1,43.17,36,3473.73,0.02,0.05,0.0,0.0,May,2,2,1,3,Returning_Visitor,False,False
0,0.0,1,0.0,77,735.88,0.0,0.05,0.0,0.6,May,2,2,3,6,Returning_Visitor,False,False
3,7.0,0,45.23,21,803.0,0.03,0.04,7.01,0.0,Nov,3,2,1,2,Returning_Visitor,False,True
0,0.0,0,0.0,3,1.0,0.03,0.13,0.0,0.0,May,2,2,1,2,Returning_Visitor,False,False
3,87.01,1,10.0,18,222.3,0.01,0.05,0.0,0.0,June,2,2,4,2,Returning_Visitor,False,False
8,119.0,1,44.66,31,1273.88,0.0,0.0,12.63,0.0,May,2,4,1,2,Returning_Visitor,False,True
2,21.0,0,0.0,25,278.14,0.0,0.01,77.46,0.0,Nov,2,2,7,2,Returning_Visitor,False,False
0,0.0,1,0.0,9,736.39,0.0,0.06,0.0,0.0,Nov,2,2,9,1,Returning_Visitor,False,False
2,59.83,0,0.0,70,801.05,0.02,0.04,11.28,0.0,May,2,2,3,1,Returning_Visitor,False,True
2,129.0,1,43.28,16,1835.5,0.03,0.03,0.0,0.0,Aug,2,4,1,2,Returning_Visitor,False,False
3,0.0,0,0.0,13,436.0,0.03,0.08,0.0,0.6,May,1,2,1,2,Returning_Visitor,False,False
3,0.0,1,0.0,3,22.0,0.0,0.07,0.0,0.0,Nov,2,2,3,2,Returning_Visitor,False,False
0,87.39,1,43.2,3,735.05,0.03,0.07,0.0,0.0,Jul,2,2,3,1,Returning_Visitor,False,False
0,87.33,0,0.0,1,733.29,0.2,0.05,0.0,0.0,Nov,1,1,6,2,Returning_Visitor,False,False
6,130.5,2,439.2,78,736.4,0.03,0.01,0.84,0.0,Nov,2,2,1,1,Returning_Visitor,False,False
1,169.2,0,0.0,24,1433.16,0.01,0.05,0.0,0.0,Aug,3,2,3,4,Returning_Visitor,True,True
11,162.75,3,67.5,80,801.06,0.02,0.04,4.29,0.0,Nov,2,2,1,2,Returning_Visitor,False,True
3,0.0,0,43.2,12,412.88,0.03,0.02,0.0,0.0,Dec,3,2,4,2,Returning_Visitor,False,False
4,68.75,0,0.0,137,769.37,0.03,0.05,0.0,0.0,Dec,2,2,1,1,Returning_Visitor,False,False
3,86.8,1,0.0,9,210.0,0.04,0.06,0.0,0.0,Mar,1,2,3,2,Returning_Visitor,False,False
3,87.15,0,0.0,25,893.1,0.03,0.05,0.0,0.0,Mar,2,4,4,1,Returning_Visitor,False,False
5,87.25,0,43.19,27,736.24,0.03,0.02,9.13,0.0,Oct,2,5,1,13,Returning_Visitor,False,False
8,112.0,1,0.0,27,735.55,0.03,0.02,0.0,0.0,Dec,1,2,1,2,Returning_Visitor,False,False
3,87.19,1,166.0,12,735.26,0.03,0.06,0.0,0.0,Mar,2,2,1,1,Returning_Visitor,False,False
6,57.25,1,0.0,36,799.77,0.02,0.04,21.4,0.0,Nov,1,2,1,2,Returning_Visitor,False,True
3,0.0,1,0.0,2,53.5,0.03,0.05,0.0,0.0,Dec,3,2,1,2,Returning_Visitor,False,False
0,0.0,0,0.0,30,735.85,0.03,0.03,0.0,0.0,Nov,2,2,1,2,Returning_Visitor,False,False
3,9.0,1,43.2,17,372.25,0.0,0.02,0.0,0.0,Nov,4,2,3,1,Returning_Visitor,False,False
3,0.0,1,0.0,13,473.0,0.02,0.03,0.0,0.0,May,2,4,1,2,Returning_Visitor,False,False
1,22.2,1,44.4,37,400.8,0.03,0.0,0.0,0.0,Oct,2,2,1,2,Returning_Visitor,False,False
0,0.0,1,43.21,1,0.0,0.2,0.2,0.0,0.0,Feb,2,2,2,3,Returning_Visitor,False,False
3,87.03,1,0.0,36,756.04,0.03,0.01,0.0,0.0,Nov,2,2,1,10,Returning_Visitor,False,False
3,32.0,1,43.22,7,164.5,0.03,0.01,0.0,0.4,May,2,2,1,4,Returning_Visitor,False,False
3,13.0,0,43.11,2,20.0,0.0,0.05,0.0,0.0,Mar,3,2,3,2,Returning_Visitor,False,False
0,87.05,1,43.16,9,736.42,0.02,0.05,0.0,0.0,Dec,3,2,5,2,Returning_Visitor,False,False
0,87.47,0,0.0,25,612.58,0.01,0.05,0.0,0.8,May,3,2,1,13,Returning_Visitor,False,False
1,94.76,3,62.4,23,781.39,0.0,0.04,0.0,0.0,Sep,2,2,6,2,Returning_Visitor,False,False
3,0.0,0,43.25,9,120.0,0.03,0.05,0.0,0.0,May,1,2,1,4,Returning_Visitor,False,False
3,86.98,1,0.0,2,135.5,0.07,0.17,0.0,0.0,Dec,1,1,4,2,Returning_Visitor,False,False
0,0.0,0,45.12,17,802.04,0.0,0.02,33.33,0.0,Mar,2,2,1,1,Returning_Visitor,False,False
2,45.5,0,0.0,22,535.0,0.0,0.03,9.65,0.0,Nov,2,2,3,11,Returning_Visitor,False,True
3,87.33,3,394.0,25,735.71,0.01,0.03,22.34,0.0,May,1,2,3,4,Returning_Visitor,True,False
4,195.5,1,0.0,31,736.24,0.02,0.03,77.66,0.0,Nov,3,2,1,13,Returning_Visitor,False,False
5,191.83,1,43.19,10,735.66,0.0,0.02,0.0,0.0,Dec,1,2,8,2,Returning_Visitor,False,False
3,0.0,0,0.0,63,1021.0,0.03,0.05,0.0,0.8,May,2,2,1,3,Returning_Visitor,False,False
13,297.75,1,352.5,41,2422.38,0.0,0.02,72.44,0.0,Dec,2,2,1,2,Returning_Visitor,False,True
3,0.0,1,0.0,2,23.0,0.0,0.05,0.0,0.8,May,2,2,1,4,Returning_Visitor,False,False
6,82.01,2,211.6,162,790.15,0.02,0.04,22.36,0.0,Sep,2,2,1,6,Returning_Visitor,False,False
3,0.0,0,0.0,11,437.83,0.03,0.02,0.0,0.0,Nov,3,2,1,2,New_Visitor,False,False
3,87.29,1,12.0,13,182.5,0.0,0.01,0.0,0.0,Sep,2,2,1,2,Returning_Visitor,False,False
3,87.34,0,43.22,13,334.5,0.0,0.0,0.0,0.0,Mar,3,2,1,2,New_Visitor,False,False
0,0.0,0,0.0,12,146.13,0.05,0.07,0.0,0.0,Jul,2,2,1,1,Returning_Visitor,False,False
3,101.31,0,0.0,15,791.0,0.0,0.03,19.35,0.0,May,2,2,6,1,Returning_Visitor,False,False
4,234.17,1,0.0,24,802.43,0.0,0.01,61.2,0.0,Nov,2,2,1,10,Returning_Visitor,False,True
7,82.77,1,47.0,391,800.16,0.02,0.04,1.27,0.0,Nov,2,2,1,1,Returning_Visitor,False,False
2,128.8,1,43.18,13,735.08,0.03,0.05,0.0,0.0,Jul,2,2,6,2,Returning_Visitor,False,False
1,87.43,0,43.23,29,735.39,0.0,0.05,0.0,0.0,Aug,2,2,3,4,Returning_Visitor,False,False
3,121.0,0,43.15,16,735.82,0.03,0.01,0.0,0.0,Dec,2,6,1,2,Returning_Visitor,True,False
5,87.3,1,43.21,14,736.15,0.0,0.02,0.0,0.0,Dec,2,2,1,2,New_Visitor,False,False
3,87.36,1,43.24,7,539.5,0.0,0.01,0.0,0.0,Dec,2,2,4,2,Other,True,False
3,86.76,0,43.25,6,736.47,0.07,0.05,0.0,0.4,May,2,6,1,2,Returning_Visitor,False,False
2,87.49,1,0.0,30,735.49,0.01,0.03,0.0,0.0,Mar,2,2,1,2,Returning_Visitor,True,False
0,0.0,0,43.23,65,734.95,0.0,0.05,0.0,0.8,May,2,2,1,2,Returning_Visitor,False,False
12,356.12,0,0.0,44,2187.34,0.01,0.03,0.0,0.0,Dec,1,1,1,2,Returning_Visitor,False,False
3,87.04,1,43.14,9,198.13,0.0,0.05,0.0,0.0,Nov,1,1,9,2,Returning_Visitor,False,False
3,87.47,1,0.0,49,1550.92,0.03,0.04,0.0,0.0,Nov,2,2,3,1,Returning_Visitor,False,False
3,87.23,1,43.14,0,0.0,0.2,0.2,0.0,0.0,May,1,2,1,2,Returning_Visitor,False,False
3,0.0,1,43.41,2,179.8,0.0,0.03,0.0,0.0,Nov,3,2,1,2,Returning_Visitor,False,False
3,87.06,0,43.2,2,32.0,0.0,0.1,0.0,0.0,Feb,2,2,1,3,Returning_Visitor,False,False
0,87.47,1,0.0,2,0.0,0.03,0.2,0.0,0.0,June,3,2,7,2,Returning_Visitor,False,False
3,87.51,1,0.0,8,57.0,0.0,0.06,0.0,0.0,Mar,1,2,1,8,Returning_Visitor,False,False
3,87.47,1,43.19,15,735.54,0.03,0.05,0.0,0.0,Nov,3,2,8,2,Returning_Visitor,False,False
1,6.0,1,0.0,20,739.83,0.02,0.03,0.0,0.0,Mar,2,2,3,3,Returning_Visitor,True,False
11,392.5,0,0.0,206,735.62,0.03,0.05,0.0,0.0,Nov,2,4,1,2,Returning_Visitor,False,False
3,335.5,1,43.21,4,735.77,0.03,0.05,0.0,0.0,Nov,1,2,1,2,Returning_Visitor,False,False
3,87.02,0,43.22,4,734.69,0.0,0.05,0.0,0.0,June,2,10,7,2,Returning_Visitor,True,False
3,87.25,0,43.2,8,736.03,0.03,0.05,0.0,0.0,Jul,3,2,1,2,Returning_Visitor,False,False
3,88.63,1,0.0,3,732.24,0.03,0.05,0.0,0.0,Aug,2,2,5,2,Returning_Visitor,True,False
3,86.97,1,0.0,10,148.5,0.03,0.1,0.0,0.4,May,1,1,1,2,Returning_Visitor,False,False
4,100.6,2,5.0,93,737.6,0.03,0.05,0.0,0.0,Sep,2,2,1,13,Returning_Visitor,False,False
0,0.0,1,43.17,22,736.17,0.0,0.05,0.0,0.0,Nov,2,2,1,3,Returning_Visitor,False,False
5,103.9,1,15.1,199,736.39,0.03,0.05,0.0,0.0,Aug,2,2,1,13,Returning_Visitor,False,False
0,0.0,1,0.0,17,736.12,0.01,0.04,0.0,0.0,May,2,2,1,3,Returning_Visitor,False,False
3,87.37,1,43.27,3,0.0,0.03,0.05,0.0,0.0,Dec,3,2,6,2,Returning_Visitor,False,False
0,86.95,1,43.22,9,591.25,0.03,0.02,0.0,0.0,Dec,2,2,1,2,Returning_Visitor,False,False
9,101.35,0,0.0,43,801.25,0.0,0.01,30.67,0.0,May,1,2,6,2,Returning_Visitor,False,True
3,0.0,0,0.0,25,1157.45,0.01,0.03,15.4,0.0,May,1,1,1,2,Returning_Visitor,False,False
0,86.97,1,43.28,5,28.33,0.04,0.08,0.0,0.0,May,1,8,4,2,Returning_Visitor,True,False
0,87.18,1,43.22,1,0.0,0.2,0.2,0.0,0.0,Mar,1,1,7,2,Returning_Visitor,False,False
4,130.5,2,51.0,43,733.65,0.03,0.0,14.79,0.0,May,3,2,4,2,Returning_Visitor,False,False
3,87.5,0,0.0,10,591.17,0.02,0.02,0.0,0.0,Mar,3,2,1,2,Returning_Visitor,False,False
2,35.2,0,0.0,15,735.83,0.0,0.01,0.0,0.0,June,2,2,9,2,New_Visitor,False,False
3,87.51,1,43.29,22,1344.75,0.03,0.05,0.0,0.0,Nov,3,2,1,8,Returning_Visitor,False,False
6,87.27,1,0.0,5,54.38,0.0,0.0,0.0,0.0,Mar,2,2,6,2,New_Visitor,True,False
3,87.24,1,43.17,3,735.15,0.0,0.05,0.0,0.0,Mar,1,1,1,2,Returning_Visitor,False,False
2,87.52,6,316.0,34,1446.73,0.03,0.05,0.0,0.0,Oct,4,2,4,2,New_Visitor,True,False
2,33.0,0,0.0,91,794.49,0.0,0.05,0.0,0.0,Nov,2,2,1,2,Returning_Visitor,False,False
3,87.68,0,0.0,25,510.38,0.01,0.05,0.0,0.0,Oct,2,2,1,2,Returning_Visitor,False,False
3,87.07,1,43.21,1,734.79,0.03,0.05,0.0,0.0,Mar,2,2,1,2,Returning_Visitor,False,False
3,87.25,1,0.0,13,295.1,0.01,0.02,0.0,0.0,Nov,3,2,1,2,Returning_Visitor,False,False
3,0.0,1,45.16,3,294.7,0.02,0.0,30.2,0.0,Nov,3,6,1,2,Returning_Visitor,False,True
4,44.0,1,0.0,90,735.71,0.0,0.05,0.0,0.0,Feb,4,2,1,3,Returning_Visitor,False,False
3,36.33,3,43.24,22,735.59,0.0,0.01,0.0,0.0,Mar,4,2,1,1,Returning_Visitor,False,False
3,0.0,0,43.17,8,158.42,0.0,0.05,0.0,0.0,June,2,2,1,2,Returning_Visitor,False,False
3,101.4,1,45.2,9,154.8,0.02,0.03,20.75,0.0,Nov,1,1,4,2,Returning_Visitor,False,True
9,234.43,1,0.0,20,590.58,0.03,0.04,0.0,0.0,Nov,2,2,1,1,Returning_Visitor,False,False
0,0.0,1,43.2,1,735.1,0.2,0.2,0.0,0.0,May,1,1,1,3,Returning_Visitor,True,False
11,192.85,0,0.0,186,801.55,0.02,0.04,14.46,0.0,Nov,1,2,3,2,Returning_Visitor,False,True
3,86.7,1,0.0,17,287.75,0.03,0.05,0.0,0.6,May,2,2,1,4,Returning_Visitor,False,False
3,265.04,0,0.0,59,2934.24,0.01,0.02,6.1,0.0,Nov,1,2,1,2,Returning_Visitor,False,False
0,86.99,0,0.0,59,735.64,0.03,0.05,0.0,0.0,Nov,2,2,3,2,Returning_Visitor,False,False
3,87.48,2,43.27,10,390.2,0.03,0.02,0.0,0.0,Oct,2,5,3,20,Returning_Visitor,False,False
8,152.33,0,43.21,25,481.17,0.0,0.0,0.0,0.0,May,2,2,4,2,Returning_Visitor,False,False
3,60.73,0,43.16,27,696.9,0.03,0.01,0.0,0.0,Sep,2,2,1,2,Returning_Visitor,False,False
3,86.65,1,0.0,45,737.93,0.02,0.04,0.0,0.0,Nov,2,2,1,1,Returning_Visitor,False,False
3,0.0,0,43.19,93,736.24,0.03,0.05,0.0,0.0,Mar,3,2,8,2,Returning_Visitor,False,False
2,104.3,1,43.46,48,739.37,0.03,0.04,4.35,0.0,Oct,1,1,4,1,Returning_Visitor,True,False
3,43.2,0,0.0,27,264.4,0.04,0.08,0.0,0.0,Jul,2,2,7,13,Returning_Visitor,False,False
3,101.33,1,45.23,12,368.68,0.02,0.08,21.24,0.0,Nov,2,2,1,2,Returning_Visitor,False,True
0,0.0,0,0.0,19,751.33,0.0,0.0,13.63,0.0,Mar,2,2,1,2,Returning_Visitor,False,True
5,78.5,1,26.0,48,1266.12,0.02,0.01,29.01,0.0,Mar,2,2,1,8,Returning_Visitor,False,False
3,101.61,0,0.0,23,801.93,0.02,0.04,8.34,0.0,Jul,2,4,2,4,Returning_Visitor,False,False
3,86.9,1,0.0,2,264.75,0.03,0.1,0.0,0.0,Nov,1,2,9,3,Returning_Visitor,False,False
3,87.41,0,43.21,29,1343.95,0.04,0.05,0.0,0.0,Nov,3,2,8,13,Returning_Visitor,False,False
3,87.21,1,43.19,10,413.0,0.0,0.05,0.0,0.0,Mar,2,4,1,2,Returning_Visitor,True,False
6,160.1,1,94.5,47,803.09,0.02,0.01,5.7,0.0,Mar,3,2,1,10,Returning_Visitor,False,True
3,87.29,0,43.27,1,0.0,0.2,0.05,0.0,0.0,Mar,1,1,3,3,Returning_Visitor,False,False
3,87.39,1,43.25,0,733.2,0.2,0.2,0.0,0.0,Nov,1,2,1,15,Returning_Visitor,False,False
3,87.19,0,0.0,5,735.44,0.03,0.05,0.0,0.6,May,2,4,2,3,Returning_Visitor,False,False
2,233.5,1,0.0,36,741.42,0.03,0.05,0.0,0.0,Nov,2,2,9,1,Returning_Visitor,False,False
0,87.17,0,43.17,58,736.73,0.01,0.05,0.0,0.0,Nov,2,2,1,2,Returning_Visitor,False,False
11,293.62,2,42.2,64,1831.94,0.03,0.05,16.35,0.0,Nov,2,5,1,4,Returning_Visitor,True,False
3,309.0,1,0.0,27,801.15,0.02,0.01,44.48,0.0,May,1,1,1,4,Returning_Visitor,False,True
3,87.51,1,76.5,22,850.53,0.0,0.05,0.0,0.0,Mar,3,2,3,1,Returning_Visitor,False,False
0,87.04,0,0.0,12,735.87,0.03,0.05,0.0,0.0,May,2,2,1,2,Returning_Visitor,True,False
3,87.1,0,0.0,8,141.67,0.04,0.03,0.0,0.0,Dec,1,2,1,1,Returning_Visitor,True,False
3,0.0,1,43.19,16,142.5,0.04,0.05,0.0,0.0,May,2,2,1,4,Returning_Visitor,False,False
3,86.93,1,0.0,14,735.51,0.0,0.01,0.0,0.0,May,2,2,1,2,Returning_Visitor,True,False
0,87.07,0,43.22,33,1035.08,0.01,0.03,0.0,0.0,Nov,2,10,1,2,Returning_Visitor,False,False
3,0.0,1,0.0,24,737.07,0.01,0.05,0.0,0.0,May,2,2,1,2,Returning_Visitor,False,False
0,0.0,1,9.0,30,1992.83,0.0,0.0,9.23,0.0,Mar,2,4,1,2,Returning_Visitor,False,True
0,0.0,1,0.0,20,419.0,0.03,0.01,0.0,0.0,May,2,2,5,4,Returning_Visitor,True,False
1,87.36,1,43.23,27,839.67,0.02,0.04,0.0,0.4,May,3,2,1,13,Returning_Visitor,False,False
3,86.89,0,0.0,2,15.0,0.0,0.05,0.0,0.8,Feb,2,2,1,3,Returning_Visitor,False,False
3,0.0,0,0.0,10,242.08,0.03,0.05,0.0,0.0,Nov,2,4,1,6,Returning_Visitor,False,False
3,115.12,0,0.0,46,909.52,0.0,0.02,0.0,0.0,Mar,2,2,6,1,Returning_Visitor,False,False
3,0.0,0,0.0,28,1028.12,0.0,0.01,0.0,0.0,Mar,2,4,1,2,Returning_Visitor,False,False
3,87.27,0,43.21,2,11.0,0.03,0.05,0.0,0.0,Dec,1,2,4,8,Returning_Visitor,False,False
0,87.39,1,0.0,4,735.1,0.05,0.05,0.0,0.0,Mar,3,2,1,2,Returning_Visitor,False,False
3,87.52,0,43.2,37,735.93,0.01,0.02,0.0,0.0,Mar,2,2,3,2,Returning_Visitor,False,False
3,75.0,1,43.22,33,736.39,0.01,0.04,0.0,0.0,May,2,2,1,11,Returning_Visitor,False,False
3,87.13,0,0.0,5,36.0,0.07,0.1,0.0,0.0,May,2,5,1,2,Returning_Visitor,False,False
5,87.27,1,43.2,14,629.29,0.0,0.03,0.0,0.0,Nov,2,2,1,8,Returning_Visitor,False,False
6,465.83,2,71.0,26,1558.0,0.01,0.01,7.17,0.0,Mar,2,2,1,2,Returning_Visitor,True,False
12,651.88,3,20.0,59,3066.7,0.03,0.05,0.0,0.0,Nov,2,2,1,2,Returning_Visitor,False,False
0,0.0,1,0.0,50,1232.03,0.02,0.0,173.47,0.0,May,2,2,1,2,Returning_Visitor,False,True
5,526.85,4,143.25,266,734.68,0.03,0.05,0.25,0.0,Nov,2,2,1,2,Returning_Visitor,True,False
3,188.0,0,43.16,22,735.98,0.0,0.01,0.0,0.0,Mar,2,2,1,2,Returning_Visitor,False,False
2,683.0,1,45.21,16,801.37,0.0,0.01,30.58,0.0,May,2,2,1,4,New_Visitor,False,True
3,578.5,1,43.31,31,736.59,0.03,0.01,22.59,0.0,May,2,2,1,4,Returning_Visitor,True,True
3,87.21,0,0.0,17,314.0,0.03,0.05,0.0,0.0,May,1,2,1,3,Returning_Visitor,False,False
3,101.4,0,0.0,22,346.83,0.04,0.06,12.56,0.0,May,2,2,7,2,Returning_Visitor,False,True
0,86.94,0,0.0,6,106.5,0.0,0.03,0.0,0.0,May,1,2,1,2,Returning_Visitor,False,False
3,101.51,1,45.34,65,2019.77,0.0,0.04,3.28,0.0,Nov,1,1,6,2,Returning_Visitor,False,False
9,101.32,1,222.0,30,2266.27,0.01,0.04,0.0,0.0,Nov,3,2,1,2,Returning_Visitor,False,False
3,0.0,0,0.0,54,738.44,0.0,0.05,8.29,0.0,Oct,2,2,8,1,Returning_Visitor,True,True
0,0.0,1,43.22,2,735.02,0.0,0.1,0.0,0.0,Dec,3,2,1,2,Returning_Visitor,False,False
0,87.13,0,0.0,13,735.48,0.0,0.02,0.0,0.0,May,3,2,1,4,Returning_Visitor,False,False
24,290.86,6,529.7,178,740.77,0.03,0.05,6.15,0.4,May,2,2,1,4,Returning_Visitor,False,False
0,0.0,0,43.28,7,735.28,0.0,0.03,0.0,0.0,Nov,1,2,1,3,Returning_Visitor,False,False
3,87.12,1,43.2,5,70.0,0.03,0.05,0.0,0.0,May,1,2,1,3,Returning_Visitor,False,False
0,0.0,1,43.27,4,26.0,0.0,0.05,0.0,0.0,May,4,1,1,2,Returning_Visitor,False,False
0,0.0,1,0.0,21,1296.72,0.02,0.01,70.02,0.0,May,2,2,1,2,Returning_Visitor,False,True
13,869.17,2,28.2,97,737.37,0.03,0.02,0.0,0.0,Oct,2,6,1,2,Returning_Visitor,False,False
4,54.4,0,0.0,68,735.56,0.03,0.01,0.0,0.0,June,4,2,1,2,Returning_Visitor,False,False
0,87.49,1,43.23,5,168.9,0.0,0.05,0.0,0.0,Dec,3,2,1,2,Returning_Visitor,False,False
3,40.25,1,9.0,26,683.03,0.02,0.03,0.0,0.0,Nov,1,2,1,2,Returning_Visitor,False,True
2,87.23,1,53.0,37,1578.0,0.03,0.05,0.0,0.8,May,2,2,7,4,Returning_Visitor,False,False
3,87.33,1,43.15,11,976.0,0.02,0.04,0.0,0.0,Dec,1,2,1,2,Returning_Visitor,False,False
0,87.19,1,0.0,2,734.32,0.03,0.1,0.0,0.8,Feb,2,2,1,2,Returning_Visitor,False,False
0,0.0,1,0.0,13,802.91,0.02,0.04,13.43,0.0,Dec,1,1,1,2,Returning_Visitor,False,False
3,0.0,1,0.0,6,39.5,0.0,0.02,0.0,0.0,Feb,2,2,1,3,Returning_Visitor,False,False
0,86.83,1,0.0,2,734.75,0.0,0.1,0.0,0.0,Nov,2,2,4,8,Returning_Visitor,False,False
0,86.9,1,0.0,1,734.6,0.2,0.2,0.0,0.0,Dec,2,13,9,2,Returning_Visitor,False,False
0,86.52,1,43.29,4,26.0,0.0,0.05,0.0,0.0,Nov,2,5,1,11,Returning_Visitor,True,False
3,32.0,1,0.0,20,735.78,0.03,0.0,0.0,0.0,Mar,2,2,1,2,New_Visitor,True,False
3,576.62,1,0.0,57,1878.2,0.02,0.04,5.0,0.0,Nov,2,2,4,8,Returning_Visitor,False,True
0,0.0,1,0.0,14,735.37,0.01,0.02,0.0,0.0,Nov,1,1,1,2,Returning_Visitor,False,True
0,0.0,1,0.0,7,284.5,0.0,0.03,128.47,0.0,Dec,2,2,1,10,Returning_Visitor,False,True
2,13.0,1,0.0,6,47.13,0.04,0.06,20.95,0.0,Nov,1,2,1,4,Returning_Visitor,False,False
0,0.0,0,0.0,12,735.43,0.02,0.06,0.0,0.0,Feb,3,2,1,2,Returning_Visitor,False,False
2,74.4,0,0.0,42,1481.87,0.02,0.0,44.74,0.0,Oct,2,2,1,2,Returning_Visitor,False,True
0,87.2,0,0.0,2,734.21,0.0,0.03,0.0,0.0,Nov,1,1,5,2,Returning_Visitor,False,False
3,86.8,0,43.22,8,736.13,0.06,0.05,0.0,1.0,May,2,5,1,6,Returning_Visitor,False,False
0,87.1,2,21.0,17,736.03,0.02,0.04,0.0,0.0,Nov,3,2,1,2,Returning_Visitor,False,False
3,87.46,0,43.2,8,316.5,0.03,0.04,0.0,0.0,May,3,2,3,11,Returning_Visitor,True,False
0,0.0,1,0.0,8,736.58,0.03,0.05,0.0,0.6,May,2,2,1,19,Returning_Visitor,False,False
0,86.72,1,0.0,12,213.5,0.02,0.03,0.0,0.2,May,4,2,1,3,Returning_Visitor,False,False
3,0.0,0,0.0,11,736.02,0.0,0.01,0.0,0.0,May,2,2,1,2,Returning_Visitor,False,False
2,29.87,1,99.6,13,734.73,0.0,0.0,0.0,0.0,Oct,1,1,2,2,Returning_Visitor,False,False
1,7.0,1,2.0,43,735.5,0.01,0.02,0.0,0.8,May,3,2,1,4,Returning_Visitor,False,False
0,87.32,1,0.0,1,0.0,0.2,0.2,0.0,0.0,Dec,1,2,6,2,Returning_Visitor,False,False
1,31.0,1,0.0,10,347.0,0.03,0.05,0.0,0.0,May,1,2,1,2,Returning_Visitor,False,False
0,0.0,1,43.38,5,72.75,0.0,0.04,0.0,0.0,Dec,3,2,1,2,Returning_Visitor,False,False
3,87.1,0,0.0,24,342.0,0.02,0.05,0.0,0.0,Oct,2,2,1,2,Returning_Visitor,False,False
4,766.83,0,0.0,217,736.46,0.03,0.05,0.0,0.0,May,2,2,1,6,Returning_Visitor,True,False
3,15.0,0,0.0,19,817.5,0.01,0.05,0.0,0.0,Nov,2,2,1,2,Returning_Visitor,False,False
2,87.59,0,43.2,7,211.1,0.0,0.0,0.0,0.0,Jul,2,2,1,2,New_Visitor,False,False
0,0.0,0,0.0,4,15.0,0.1,0.15,0.0,0.6,May,1,1,3,2,Returning_Visitor,False,False
5,85.17,1,8.0,95,737.19,0.03,0.01,0.0,0.0,Jul,2,2,1,1,Returning_Visitor,False,False
4,129.42,3,62.0,43,1770.62,0.03,0.05,0.0,0.0,Mar,2,2,1,2,Returning_Visitor,False,False
3,87.26,0,0.0,1,0.0,0.2,0.2,0.0,0.0,Sep,2,2,6,1,Returning_Visitor,True,False
2,87.7,0,43.24,5,72.33,0.03,0.01,0.0,0.0,Mar,1,2,8,2,New_Visitor,False,False
3,86.96,1,43.18,21,736.26,0.0,0.03,0.0,0.0,Dec,2,2,7,1,Returning_Visitor,False,False
4,38.31,1,0.0,52,735.18,0.01,0.03,0.0,1.0,May,6,2,1,2,Returning_Visitor,True,False
3,100.0,1,43.18,63,2611.65,0.0,0.05,0.0,0.0,Dec,1,2,1,2,Returning_Visitor,False,False
3,86.88,1,43.35,4,734.9,0.0,0.02,0.0,0.0,Mar,1,2,7,2,Returning_Visitor,False,False
10,154.79,1,43.25,49,735.42,0.01,0.06,1.46,1.0,May,1,2,1,2,Returning_Visitor,True,False
3,7.0,1,43.17,15,533.11,0.01,0.05,4.31,0.0,Nov,2,2,1,2,Returning_Visitor,False,False
14,574.45,1,0.0,41,2688.86,0.0,0.01,36.96,0.0,Sep,3,2,3,4,Returning_Visitor,False,True
3,47.5,1,0.0,40,787.2,0.02,0.04,2.78,0.4,May,2,2,1,2,Returning_Visitor,False,False
1,101.39,1,0.0,15,500.0,0.02,0.07,20.0,0.0,Mar,2,2,3,2,Returning_Visitor,False,True
3,0.0,0,45.24,35,801.77,0.0,0.01,3.71,0.0,Jul,2,2,1,2,Returning_Visitor,False,True
3,0.0,0,43.16,8,372.83,0.0,0.05,0.0,0.0,Mar,1,1,1,2,Returning_Visitor,False,False
3,87.29,0,43.22,32,735.57,0.06,0.09,10.4,1.0,May,2,2,7,2,Returning_Visitor,False,False
3,0.0,1,43.3,3,0.0,0.03,0.18,0.0,0.0,May,3,2,3,13,Returning_Visitor,False,False
0,86.97,0,0.0,16,462.0,0.01,0.05,0.0,0.0,May,1,2,1,2,Returning_Visitor,False,False
3,0.0,1,0.0,11,736.24,0.03,0.05,0.0,0.0,Dec,2,2,1,2,Returning_Visitor,False,False
3,101.43,1,0.0,13,801.91,0.0,0.01,51.76,0.0,Dec,1,1,1,2,Returning_Visitor,False,True
0,0.0,0,0.0,4,143.5,0.03,0.05,0.0,0.0,Dec,1,2,1,2,Returning_Visitor,False,False
2,49.5,0,0.0,260,799.04,0.02,0.04,0.0,0.0,Nov,1,2,1,2,Returning_Visitor,False,True
0,86.95,0,43.28,10,122.8,0.11,0.13,0.0,0.0,Jul,3,2,3,13,Returning_Visitor,False,False
2,101.43,0,0.0,81,801.65,0.02,0.04,0.6,0.0,Dec,2,2,1,2,Returning_Visitor,False,True
3,101.12,0,0.0,15,801.31,0.0,0.04,0.0,0.0,Nov,3,2,1,2,New_Visitor,False,False
0,87.2,0,0.0,13,735.61,0.03,0.05,0.0,0.0,Nov,2,2,1,2,Returning_Visitor,False,False
3,101.31,1,45.28,8,801.26,0.03,0.08,0.0,0.0,Nov,2,2,3,8,Returning_Visitor,False,False
3,0.0,0,43.15,14,736.03,0.0,0.05,0.0,0.0,Nov,3,2,1,2,Returning_Visitor,False,False
0,0.0,2,148.5,72,735.03,0.03,0.05,0.0,0.0,Dec,2,2,1,2,Returning_Visitor,False,False
2,36.2,0,0.0,22,1805.08,0.0,0.01,3.59,0.0,Sep,2,2,1,2,Returning_Visitor,False,True
0,0.0,0,0.0,128,735.67,0.03,0.05,0.0,0.0,Jul,2,4,1,1,Returning_Visitor,False,False
0,0.0,1,43.24,1,207.57,0.0,0.01,0.0,0.0,Oct,2,2,1,5,Returning_Visitor,False,False
4,43.22,1,0.0,13,293.73,0.02,0.06,0.0,0.0,Nov,2,2,1,2,Returning_Visitor,False,False
3,87.16,1,43.4,8,735.8,0.03,0.04,0.0,0.0,Dec,2,2,1,2,Returning_Visitor,True,False
3,49.2,1,379.0,5,800.76,0.0,0.02,8.33,0.0,Sep,2,2,1,2,Returning_Visitor,False,False
0,0.0,1,45.24,20,526.8,0.0,0.01,104.2,0.0,Sep,2,2,1,2,Returning_Visitor,False,True
3,29.75,1,45.23,12,801.68,0.02,0.01,50.52,0.0,Nov,2,2,2,2,Returning_Visitor,False,True
3,0.0,0,0.0,1,0.0,0.2,0.2,0.0,0.6,May,2,2,1,2,Returning_Visitor,False,False
0,0.0,1,0.0,7,735.92,0.0,0.04,0.0,0.0,Dec,2,2,3,2,Returning_Visitor,False,False
3,27.0,2,43.24,6,129.2,0.03,0.08,0.0,0.0,May,2,2,1,2,Returning_Visitor,False,False
0,101.42,0,0.0,28,512.72,0.01,0.04,1.4,0.0,Jul,2,2,7,1,Returning_Visitor,True,True
3,0.0,1,0.0,1,11.0,0.0,0.05,0.0,0.0,Dec,2,2,1,2,Returning_Visitor,False,False
3,35.5,1,0.0,14,735.71,0.0,0.02,0.0,0.6,May,3,2,1,2,Returning_Visitor,False,False
1,87.42,1,43.19,18,735.65,0.0,0.05,0.0,0.0,Nov,2,2,1,2,Returning_Visitor,False,False
3,739.21,1,16.0,21,1321.06,0.02,0.03,78.35,0.0,Mar,2,2,1,8,Returning_Visitor,False,True
4,87.33,0,0.0,53,735.7,0.02,0.05,0.0,0.0,Dec,1,1,1,10,Returning_Visitor,True,False
3,87.36,0,0.0,6,86.4,0.0,0.05,0.0,0.0,Nov,1,2,1,2,New_Visitor,False,False
3,698.5,0,0.0,41,735.5,0.0,0.01,0.0,0.0,Nov,2,2,1,1,Returning_Visitor,True,False
1,101.3,1,0.0,20,1002.85,0.0,0.01,41.13,0.0,Nov,2,2,1,2,Returning_Visitor,False,False
3,82.0,1,43.22,23,570.52,0.01,0.02,0.0,0.0,Mar,1,2,7,2,Returning_Visitor,False,False
3,48.4,0,0.0,137,736.13,0.03,0.05,0.0,0.0,Oct,2,2,9,2,Returning_Visitor,False,False
3,0.0,0,43.3,4,145.2,0.03,0.03,0.0,0.0,Aug,2,2,7,2,Returning_Visitor,False,False
3,5.0,2,33.3,16,521.5,0.01,0.02,0.0,0.0,Jul,2,2,7,1,Returning_Visitor,False,False
0,0.0,1,0.0,9,735.5,0.16,0.18,0.0,0.0,May,1,2,1,3,Returning_Visitor,True,False
0,0.0,1,43.23,2,50.0,0.0,0.05,0.0,0.0,Mar,3,2,8,2,Returning_Visitor,False,False
0,87.39,0,43.21,6,75.2,0.03,0.05,0.0,0.0,Jul,3,2,1,3,Returning_Visitor,False,False
0,0.0,0,0.0,6,56.0,0.0,0.05,0.0,0.8,May,2,2,1,2,Returning_Visitor,False,False
1,8.0,0,45.16,27,787.54,0.02,0.01,0.0,0.0,Nov,3,2,1,2,Returning_Visitor,False,False
3,87.17,1,0.0,32,1135.44,0.0,0.01,0.0,0.0,Feb,2,2,1,3,Returning_Visitor,False,False
1,41.33,0,0.0,44,3227.5,0.0,0.04,28.53,0.6,May,2,2,1,2,Returning_Visitor,False,True
0,0.0,1,43.25,21,735.51,0.03,0.05,0.0,0.0,May,2,6,1,2,Returning_Visitor,False,False
3,0.0,0,43.21,8,267.0,0.0,0.05,0.0,0.0,Mar,2,2,3,2,Returning_Visitor,False,False
7,141.84,0,43.12,33,486.56,0.01,0.05,11.84,0.0,June,2,2,3,1,Returning_Visitor,False,False
3,0.0,1,0.0,1,0.0,0.2,0.2,0.0,0.0,May,3,2,3,2,Returning_Visitor,False,False
3,87.1,1,0.0,19,494.5,0.03,0.01,0.0,0.0,Mar,1,1,3,2,Returning_Visitor,True,False
0,0.0,1,0.0,4,735.49,0.03,0.1,0.0,0.0,Oct,1,2,3,2,Returning_Visitor,True,False
2,88.45,1,0.0,3,52.4,0.0,0.04,0.0,0.0,Sep,2,2,3,5,New_Visitor,False,False
2,569.0,1,58.5,23,941.7,0.0,0.01,9.33,0.0,Dec,2,2,1,2,Returning_Visitor,False,True
2,101.47,1,0.0,28,802.44,0.02,0.02,5.42,0.0,Mar,2,2,1,2,Returning_Visitor,False,True
1,53.0,1,45.23,13,417.0,0.0,0.02,72.79,0.4,May,1,1,1,3,Returning_Visitor,False,True
3,86.97,0,0.0,17,736.12,0.0,0.01,0.0,0.0,Mar,2,2,7,10,Returning_Visitor,False,False
0,0.0,1,0.0,22,2715.0,0.0,0.01,54.97,0.0,May,2,2,4,2,Returning_Visitor,False,True
3,0.0,0,0.0,31,1008.42,0.0,0.05,0.0,0.0,May,2,6,1,2,Returning_Visitor,False,False
0,0.0,1,0.0,5,94.5,0.0,0.04,0.0,0.0,Mar,2,2,1,2,Returning_Visitor,False,False
10,515.61,3,85.14,50,1558.62,0.0,0.01,12.13,0.0,Aug,3,2,4,4,Returning_Visitor,True,True
0,0.0,0,0.0,68,736.35,0.0,0.03,0.0,0.0,Nov,2,2,2,13,Returning_Visitor,True,False
3,87.09,0,43.31,6,149.5,0.0,0.07,0.0,0.4,May,2,2,1,2,Returning_Visitor,False,False
0,0.0,0,0.0,17,736.33,0.03,0.05,0.0,0.0,Dec,1,1,1,10,Returning_Visitor,False,False
3,87.35,0,43.28,3,77.0,0.0,0.07,0.0,0.0,Mar,3,6,1,2,Returning_Visitor,False,False
0,87.06,1,43.29,2,12.0,0.03,0.05,0.0,0.6,May,1,1,1,2,Returning_Visitor,False,False
0,87.19,1,0.0,20,676.6,0.01,0.03,0.0,0.0,Sep,3,2,1,1,Returning_Visitor,False,False
5,401.15,1,41.53,38,1570.68,0.03,0.05,24.51,0.0,Sep,2,2,7,4,Returning_Visitor,False,False
0,87.24,0,0.0,11,555.62,0.02,0.05,0.0,0.0,Nov,2,2,1,2,Returning_Visitor,False,False
3,50.0,5,43.24,39,734.99,0.01,0.05,0.0,0.0,Dec,1,2,1,2,Returning_Visitor,False,False
7,722.21,9,151.5,238,736.94,0.03,0.05,3.85,0.0,Dec,2,2,1,1,Returning_Visitor,False,False
2,168.4,0,42.89,10,208.0,0.0,0.05,0.0,0.0,Nov,3,2,1,2,New_Visitor,False,False
3,87.2,1,43.21,4,734.77,0.03,0.05,0.0,1.0,May,1,1,1,17,Returning_Visitor,False,False
6,143.51,1,45.2,31,1359.96,0.0,0.0,32.89,0.0,Dec,2,2,1,2,Returning_Visitor,False,False
3,87.22,1,43.3,8,388.0,0.03,0.03,0.0,0.6,May,2,2,1,2,New_Visitor,False,False
3,282.0,0,43.2,8,326.0,0.0,0.05,0.0,0.0,Mar,1,2,1,3,Returning_Visitor,False,False
3,101.22,0,45.21,55,800.31,0.0,0.04,18.62,0.0,Nov,2,2,1,2,Returning_Visitor,True,True
1,58.4,1,45.22,11,503.27,0.02,0.04,24.72,0.0,Oct,3,2,1,1,Returning_Visitor,False,True
6,160.0,0,0.0,55,1707.67,0.02,0.01,24.1,0.0,Dec,2,2,1,2,New_Visitor,False,True
11,189.48,1,43.31,91,737.08,0.03,0.05,0.0,0.0,Oct,2,2,1,2,New_Visitor,True,False
0,0.0,0,0.0,89,736.4,0.03,0.05,0.0,0.8,May,2,2,1,2,Returning_Visitor,False,False
3,7.0,0,43.18,11,735.03,0.02,0.07,0.0,0.8,May,1,1,1,2,Returning_Visitor,False,False
5,82.0,1,137.5,118,800.66,0.02,0.04,38.75,0.0,Nov,2,2,1,1,Returning_Visitor,False,True
0,0.0,0,0.0,108,735.39,0.03,0.02,0.0,0.0,Nov,2,2,2,1,Returning_Visitor,False,False
3,87.05,0,0.0,1,0.0,0.03,0.2,0.0,0.0,Mar,2,2,4,2,Returning_Visitor,False,False
3,87.36,1,0.0,1,0.0,0.2,0.05,0.0,0.8,May,2,2,3,2,Returning_Visitor,False,False
0,87.11,0,0.0,4,331.0,0.05,0.1,0.0,0.0,Mar,2,2,1,1,Returning_Visitor,False,False
3,86.87,1,43.25,44,736.09,0.03,0.05,0.0,0.0,Nov,4,2,1,3,Returning_Visitor,False,False
11,494.17,4,151.0,180,4773.34,0.0,0.05,0.0,0.0,May,2,2,1,3,Returning_Visitor,False,False
3,87.02,0,0.0,24,735.57,0.01,0.02,0.0,0.0,Mar,4,2,1,2,Returning_Visitor,True,False
5,494.17,1,43.21,8,204.0,0.0,0.03,0.0,0.0,Mar,2,4,1,1,Returning_Visitor,False,False
0,0.0,0,43.18,14,654.88,0.03,0.04,0.0,0.0,Nov,2,2,1,13,Returning_Visitor,False,False
0,87.32,1,43.23,35,734.48,0.0,0.0,0.0,0.0,Jul,1,2,1,2,Returning_Visitor,False,False
0,86.73,0,0.0,6,735.15,0.0,0.05,0.0,0.0,Mar,1,1,1,2,Returning_Visitor,True,False
4,218.97,1,0.0,12,672.7,0.0,0.0,83.1,0.0,Nov,2,2,1,2,Returning_Visitor,False,True
0,0.0,1,43.14,15,1148.0,0.03,0.05,0.0,0.0,Mar,3,2,1,2,Returning_Visitor,False,False
3,0.0,1,43.25,7,116.8,0.03,0.11,0.0,0.0,Jul,2,2,6,2,Returning_Visitor,False,False
2,87.13,1,0.0,30,736.21,0.0,0.05,0.0,0.0,Mar,1,1,1,2,Returning_Visitor,False,False
0,87.19,0,0.0,2,689.0,0.0,0.05,0.0,0.0,May,2,2,1,2,New_Visitor,False,False
7,266.88,0,43.16,32,2092.5,0.03,0.03,23.57,0.0,Dec,2,2,1,1,Returning_Visitor,True,False
3,0.0,1,0.0,10,801.81,0.0,0.02,36.26,0.4,May,2,2,1,2,New_Visitor,False,True
3,86.74,1,43.26,4,107.0,0.0,0.05,0.0,0.8,May,2,2,3,2,Returning_Visitor,False,False
0,87.28,1,43.26,1,0.0,0.2,0.05,0.0,0.0,May,2,2,1,3,Returning_Visitor,False,False
3,0.0,1,0.0,48,783.69,0.03,0.05,0.0,0.0,Dec,2,2,3,2,Returning_Visitor,False,False
2,20.0,3,402.0,85,737.52,0.03,0.04,0.0,0.0,Nov,2,2,1,2,Returning_Visitor,False,False
3,0.0,1,43.22,1,734.84,0.2,0.2,0.0,0.0,May,2,2,1,1,Returning_Visitor,False,False
0,0.0,1,0.0,18,801.23,0.0,0.04,32.52,0.0,Nov,2,2,7,4,Returning_Visitor,True,True
1,65.5,1,38.5,131,749.12,0.03,0.05,0.0,0.0,Nov,3,2,1,1,Returning_Visitor,False,False
0,87.17,0,43.21,20,1055.33,0.03,0.01,0.0,0.0,Nov,3,2,4,2,Returning_Visitor,False,False
3,515.6,0,0.0,77,735.91,0.03,0.0,0.0,0.0,May,2,2,4,2,Returning_Visitor,False,False
0,0.0,0,0.0,37,797.69,0.01,0.04,0.0,0.0,Nov,2,2,6,2,Returning_Visitor,False,True
3,87.3,1,0.0,9,735.1,0.03,0.01,0.0,0.0,Nov,1,1,1,2,New_Visitor,False,False
3,86.69,0,0.0,14,267.25,0.0,0.02,0.0,0.0,Nov,3,2,1,11,New_Visitor,False,False
3,87.31,1,61.0,66,736.19,0.0,0.01,0.0,0.0,May,2,2,1,2,Returning_Visitor,False,False
2,87.69,0,0.0,66,736.48,0.03,0.05,0.0,0.0,Dec,3,2,1,1,Returning_Visitor,False,False
0,0.0,1,45.2,17,840.23,0.02,0.0,109.18,0.0,Mar,2,2,1,2,Returning_Visitor,False,True
1,137.5,1,59.4,53,1844.65,0.03,0.05,0.0,0.0,June,4,2,1,3,Returning_Visitor,False,False
3,14.0,1,10.0,17,713.33,0.03,0.01,0.0,0.0,May,1,2,1,5,New_Visitor,False,False
0,0.0,1,0.0,82,734.8,0.0,0.05,0.0,0.0,Nov,3,2,1,2,Returning_Visitor,False,True
3,0.0,1,0.0,10,242.58,0.03,0.05,0.0,0.0,Dec,2,2,7,2,New_Visitor,False,False
3,87.27,0,43.05,5,738.14,0.03,0.05,0.0,0.0,Nov,3,2,1,2,Returning_Visitor,False,False
8,109.57,0,0.0,374,801.28,0.02,0.04,6.42,0.0,Nov,2,2,1,2,Returning_Visitor,True,False
0,0.0,0,43.34,6,34.0,0.13,0.05,0.0,0.4,May,3,2,4,2,Returning_Visitor,False,False
3,73.5,3,171.0,76,734.94,0.03,0.05,3.2,0.0,May,4,1,1,2,Returning_Visitor,False,False
3,8.0,1,14.33,14,603.67,0.0,0.01,44.68,0.0,Mar,2,2,1,7,Returning_Visitor,False,True
3,241.84,0,0.0,25,673.03,0.0,0.01,27.97,0.0,Nov,1,1,3,2,New_Visitor,False,False
1,57.5,1,45.21,32,534.26,0.0,0.04,87.75,0.0,Dec,1,2,1,2,Returning_Visitor,True,True
8,108.83,0,45.28,21,801.58,0.01,0.02,25.04,0.0,Nov,2,5,1,3,New_Visitor,False,True
3,0.0,0,0.0,4,96.33,0.0,0.05,0.0,0.0,May,1,1,1,2,Returning_Visitor,False,False
3,37.0,0,44.82,21,1231.5,0.0,0.02,0.0,0.0,Nov,2,2,9,8,New_Visitor,True,True
7,101.69,1,1073.0,33,801.29,0.02,0.04,25.1,0.0,Nov,3,2,1,2,Returning_Visitor,False,False
1,86.94,0,43.16,17,736.56,0.03,0.05,0.0,0.0,Mar,2,6,1,1,Returning_Visitor,True,False
2,37.0,0,43.19,15,208.5,0.0,0.01,0.0,0.0,Mar,2,2,1,2,New_Visitor,True,False
3,0.0,1,43.23,15,735.67,0.03,0.01,0.0,0.0,Dec,1,2,1,2,New_Visitor,False,False
2,101.26,0,45.25,28,800.38,0.02,0.04,21.21,0.0,Dec,3,12,1,2,Returning_Visitor,False,True
0,0.0,1,0.0,8,801.55,0.0,0.03,45.49,0.8,May,1,1,6,4,Returning_Visitor,False,True
1,6.0,1,0.0,45,735.08,0.03,0.05,54.18,0.4,Feb,3,2,1,1,Returning_Visitor,False,False
0,87.2,0,0.0,8,134.0,0.0,0.05,0.0,0.0,May,2,2,1,2,Returning_Visitor,False,False
0,101.31,1,0.0,51,2122.66,0.02,0.04,9.29,0.0,Mar,2,2,1,2,Returning_Visitor,False,True
3,87.35,1,43.18,38,735.44,0.03,0.05,0.0,0.0,May,2,2,1,2,Returning_Visitor,False,False
4,191.17,0,43.14,108,4656.33,0.03,0.05,0.0,0.0,Nov,3,2,1,2,Returning_Visitor,False,False
0,86.86,0,0.0,17,445.0,0.05,0.06,0.0,0.0,Mar,2,2,6,1,Returning_Visitor,False,False
12,152.75,1,0.0,219,800.28,0.02,0.04,11.66,0.0,Nov,2,2,1,1,Returning_Visitor,False,True
0,87.35,1,0.0,14,735.82,0.0,0.02,8.48,0.0,Dec,2,2,3,2,Returning_Visitor,False,True
3,0.0,0,0.0,17,231.0,0.01,0.03,0.0,0.0,Nov,2,10,7,1,Returning_Visitor,False,False
10,87.14,1,43.14,7,35.17,0.03,0.01,0.0,0.0,Nov,2,7,1,3,Returning_Visitor,False,False
0,86.94,2,40.0,152,735.47,0.03,0.05,0.0,0.0,Nov,2,2,1,2,Returning_Visitor,False,False
0,0.0,1,0.0,13,153.58,0.0,0.05,0.0,0.0,May,2,2,4,2,Returning_Visitor,False,False
1,87.2,3,43.27,57,735.66,0.03,0.0,0.0,0.0,Nov,2,2,1,3,Returning_Visitor,False,False
6,137.92,0,0.0,92,800.99,0.02,0.04,32.22,0.0,Nov,2,2,1,1,Returning_Visitor,False,True
3,87.24,1,98.0,14,491.38,0.0,0.01,0.0,0.0,Nov,1,2,1,2,Returning_Visitor,False,False
3,58.07,0,0.0,5,735.16,0.0,0.05,0.0,0.0,Mar,3,2,1,2,New_Visitor,False,False
3,390.5,1,45.2,27,802.28,0.02,0.01,14.67,0.0,Dec,2,2,8,2,Returning_Visitor,False,True
3,30.2,0,0.0,30,613.99,0.03,0.05,0.0,0.0,Oct,1,1,1,1,Returning_Visitor,False,False
2,55.4,2,96.8,26,789.46,0.01,0.02,2.81,0.0,Aug,2,2,1,2,Returning_Visitor,False,False
0,86.96,1,0.0,43,1650.42,0.0,0.05,0.0,0.0,Mar,2,2,1,3,Returning_Visitor,True,False
4,142.5,0,0.0,56,1885.34,0.02,0.04,5.04,0.0,Nov,2,2,3,2,Returning_Visitor,False,True
0,87.15,1,43.22,9,640.67,0.0,0.01,0.0,0.0,Mar,3,2,7,2,Returning_Visitor,False,False
0,86.78,0,0.0,20,735.69,0.0,0.0,0.0,0.0,May,2,2,6,2,New_Visitor,False,False
1,10.0,1,342.5,55,735.45,0.03,0.05,0.0,0.0,Dec,2,2,1,2,Returning_Visitor,True,False
1,4.0,1,0.0,8,244.0,0.02,0.04,15.45,0.0,Sep,2,2,1,1,Returning_Visitor,False,True
3,86.95,1,0.0,18,345.12,0.04,0.07,0.0,0.0,Aug,2,2,3,2,Returning_Visitor,False,False
0,87.32,1,0.0,10,385.0,0.0,0.02,0.0,0.0,Dec,2,2,1,2,New_Visitor,True,False
0,0.0,0,0.0,90,3111.68,0.03,0.05,0.0,0.0,Nov,2,4,1,2,Returning_Visitor,False,False
0,0.0,0,0.0,35,734.56,0.01,0.05,0.0,0.0,Nov,1,2,1,2,Returning_Visitor,False,False
3,187.0,1,45.2,48,801.65,0.02,0.04,16.72,0.0,Mar,2,2,1,2,Returning_Visitor,False,False
2,25.0,0,0.0,25,243.17,0.02,0.06,0.0,0.0,Nov,2,2,3,6,Returning_Visitor,False,False
3,87.37,1,0.0,17,736.41,0.03,0.05,0.0,0.0,Dec,3,2,2,13,Returning_Visitor,False,False
0,0.0,0,0.0,15,309.8,0.03,0.02,0.0,0.2,May,2,2,1,4,Returning_Visitor,False,False
0,0.0,0,0.0,231,736.22,0.03,0.05,0.0,0.0,Nov,2,2,1,2,Returning_Visitor,True,False
0,0.0,1,924.0,45,801.82,0.02,0.02,32.42,0.0,Oct,2,6,1,2,Returning_Visitor,False,True
3,44.33,1,45.21,19,813.1,0.0,0.04,20.0,0.0,May,2,2,1,2,Returning_Visitor,False,True
0,0.0,1,43.18,1,0.0,0.2,0.05,0.0,0.0,Jul,1,1,1,2,Returning_Visitor,False,False
3,87.33,0,0.0,13,392.0,0.03,0.03,0.0,0.6,May,3,2,1,13,Returning_Visitor,False,False
3,31.0,3,62.0,11,196.2,0.0,0.01,0.0,0.0,Mar,2,2,1,10,Returning_Visitor,False,False
11,449.75,1,0.0,52,1786.11,0.0,0.02,40.66,0.0,Nov,1,1,1,2,Returning_Visitor,False,False
3,87.2,0,0.0,54,1441.64,0.03,0.05,0.0,0.0,Nov,1,1,1,2,Returning_Visitor,False,False
3,87.58,1,43.22,10,63.6,0.03,0.09,0.0,0.0,Sep,1,2,1,3,Returning_Visitor,False,False
3,87.59,0,0.0,22,722.13,0.03,0.05,0.0,0.0,Sep,2,2,8,2,Returning_Visitor,False,False
3,96.59,1,0.0,12,580.5,0.02,0.05,11.19,0.0,May,1,1,1,3,Returning_Visitor,False,False
5,248.92,0,0.0,131,735.56,0.03,0.05,7.96,0.0,Nov,2,2,1,2,Returning_Visitor,True,True
3,87.41,0,43.26,1,0.0,0.2,0.2,0.0,0.0,Mar,3,2,1,9,Returning_Visitor,False,False
9,230.67,1,45.23,66,801.55,0.02,0.04,11.73,0.0,Nov,2,2,3,2,Returning_Visitor,True,True
5,94.6,1,0.0,69,2222.42,0.03,0.05,0.0,0.0,Oct,1,1,1,2,Returning_Visitor,False,False
3,5.5,1,169.2,14,790.21,0.01,0.02,50.18,0.0,Jul,3,2,1,2,Returning_Visitor,False,False
9,298.67,0,0.0,27,1084.5,0.02,0.04,22.96,0.0,Mar,2,2,1,8,Returning_Visitor,False,False
3,87.19,0,43.22,1,0.0,0.2,0.2,0.0,0.0,Mar,1,2,2,1,Returning_Visitor,False,False
3,87.01,1,0.0,12,735.94,0.0,0.02,0.0,0.0,May,1,8,3,2,Returning_Visitor,False,False
2,26.75,0,0.0,103,2546.86,0.01,0.03,0.0,0.0,Nov,3,2,1,1,Returning_Visitor,False,False
3,87.11,1,129.12,47,1117.64,0.01,0.02,0.0,0.0,Dec,1,2,1,2,Returning_Visitor,False,False
2,11.0,0,43.23,59,735.43,0.03,0.01,0.0,0.0,Aug,4,1,1,4,Returning_Visitor,False,False
3,68.58,0,0.0,72,752.56,0.03,0.05,0.0,0.0,Nov,1,1,1,2,Returning_Visitor,True,False
3,0.0,1,0.0,28,558.48,0.03,0.02,0.0,0.0,Nov,1,2,2,2,Returning_Visitor,False,False
1,15.0,1,45.24,15,691.83,0.0,0.01,59.61,0.0,Nov,2,2,2,2,Returning_Visitor,False,True
6,197.25,0,0.0,51,3296.94,0.0,0.01,3.51,0.0,Nov,1,2,1,3,Returning_Visitor,False,False
3,70.25,1,139.5,58,800.89,0.02,0.01,0.0,0.0,Nov,1,2,2,2,Returning_Visitor,False,True
3,87.17,0,43.27,1,735.13,0.03,0.2,0.0,0.0,Sep,1,2,1,2,Returning_Visitor,False,False
0,0.0,0,43.17,7,278.75,0.03,0.04,0.0,0.0,Dec,3,2,1,2,Returning_Visitor,False,False
3,0.0,1,0.0,1,0.0,0.2,0.05,0.0,0.0,May,2,2,1,2,Returning_Visitor,False,False
0,0.0,0,0.0,19,194.75,0.01,0.03,0.0,0.0,Dec,3,2,1,2,Returning_Visitor,False,False
3,87.73,1,43.27,30,2054.84,0.0,0.0,21.96,0.0,Dec,1,1,1,2,Returning_Visitor,False,True
3,724.5,1,0.0,23,867.33,0.0,0.0,59.99,0.0,May,1,1,1,2,Returning_Visitor,False,True
1,46.5,1,418.5,88,735.92,0.03,0.05,0.0,0.0,Nov,2,2,1,2,Returning_Visitor,True,False
7,87.21,1,0.0,7,96.0,0.0,0.05,0.0,0.0,May,2,2,1,4,New_Visitor,False,False
0,0.0,1,0.0,27,736.47,0.0,0.04,0.0,0.0,June,2,2,1,2,Returning_Visitor,False,False
5,87.26,0,43.25,15,291.17,0.03,0.02,0.0,0.0,Dec,4,1,1,2,Returning_Visitor,False,False
3,86.71,0,0.0,21,736.24,0.0,0.05,0.0,0.0,Nov,2,2,1,2,New_Visitor,False,False
5,115.11,2,146.0,89,3639.74,0.03,0.05,5.16,0.8,May,2,2,7,3,Returning_Visitor,False,False
3,87.0,4,43.22,7,736.03,0.03,0.02,0.0,0.0,Mar,2,2,1,2,Returning_Visitor,False,False
0,0.0,1,45.22,9,980.57,0.0,0.01,78.57,0.0,Sep,2,2,5,2,Returning_Visitor,False,True
2,88.0,1,719.0,54,1986.55,0.01,0.02,25.83,0.0,Dec,1,1,2,2,Returning_Visitor,False,False
0,0.0,0,0.0,53,952.16,0.03,0.05,0.0,0.0,Jul,3,2,8,2,Returning_Visitor,True,False
3,87.38,0,0.0,17,735.97,0.01,0.02,0.0,0.0,Nov,3,2,9,20,Returning_Visitor,False,False
3,87.45,1,89.0,49,2104.31,0.03,0.05,8.98,0.8,May,1,2,1,2,Returning_Visitor,False,False
3,87.34,1,43.15,5,155.0,0.03,0.05,0.0,0.0,Mar,2,2,1,2,Returning_Visitor,False,False
3,134.0,1,0.0,53,1659.32,0.0,0.0,62.35,0.0,Mar,4,1,1,2,Returning_Visitor,False,True
3,119.8,1,22.2,15,643.5,0.0,0.01,0.0,0.0,Sep,3,2,1,2,Returning_Visitor,True,False
3,76.33,0,43.15,7,78.83,0.03,0.05,0.0,0.0,Mar,2,2,8,2,Returning_Visitor,False,False
0,0.0,0,0.0,39,736.24,0.03,0.05,0.0,0.0,May,2,2,7,1,Returning_Visitor,False,False
3,87.12,0,43.18,13,735.9,0.03,0.05,0.0,0.0,Mar,2,2,4,3,Returning_Visitor,False,False
12,87.62,0,0.0,61,736.81,0.01,0.05,0.0,0.0,Mar,2,2,1,1,Returning_Visitor,False,False
3,87.19,0,0.0,12,735.6,0.0,0.05,0.0,0.0,Dec,2,2,2,2,Returning_Visitor,False,False
9,87.41,1,21.0,51,1933.9,0.03,0.05,0.0,0.8,May,2,2,6,2,Returning_Visitor,False,False
7,87.27,1,0.0,37,552.04,0.03,0.05,0.0,0.0,Aug,1,1,1,2,Returning_Visitor,False,False
0,86.93,0,0.0,9,388.0,0.03,0.05,0.0,0.0,Mar,3,2,2,2,Returning_Visitor,False,False
3,52.33,1,43.25,2,291.0,0.03,0.04,0.0,0.0,May,2,2,7,2,Returning_Visitor,False,False
0,87.03,1,43.17,11,2028.5,0.0,0.05,0.0,0.0,May,2,2,1,2,Returning_Visitor,False,False
0,0.0,1,0.0,36,801.01,0.0,0.01,53.1,0.0,May,2,2,1,4,Returning_Visitor,False,True
3,87.5,0,43.21,44,1254.11,0.03,0.03,0.0,0.0,Dec,3,2,1,1,Returning_Visitor,False,False
0,86.99,1,43.2,3,734.56,0.2,0.2,0.0,0.0,Nov,2,2,2,2,Returning_Visitor,False,False
0,87.15,1,43.2,2,39.5,0.0,0.05,0.0,0.0,Dec,2,2,1,2,Returning_Visitor,False,False
0,87.59,1,43.23,3,13.0,0.07,0.13,0.0,0.0,Dec,3,2,3,2,Returning_Visitor,True,False
3,0.0,0,45.24,27,458.26,0.02,0.02,38.12,0.0,June,1,1,2,2,Returning_Visitor,False,True
3,212.6,0,0.0,87,739.43,0.03,0.05,0.0,0.0,Sep,2,2,1,1,Returning_Visitor,False,False
0,87.21,0,43.18,10,735.76,0.03,0.05,0.0,0.0,May,2,2,5,2,Returning_Visitor,False,False
4,42.0,1,28.5,34,1367.0,0.0,0.05,0.0,0.0,Nov,2,2,3,2,Returning_Visitor,False,False
3,87.27,2,5.0,116,736.21,0.01,0.05,0.0,0.4,May,3,2,1,4,Returning_Visitor,False,False
3,72.5,1,0.0,35,2429.81,0.0,0.02,102.49,0.0,Nov,2,2,1,1,Returning_Visitor,False,True
7,111.08,1,43.24,24,431.5,0.01,0.05,0.0,0.0,Dec,1,2,1,2,Returning_Visitor,False,False
0,0.0,1,43.24,3,735.21,0.07,0.13,0.0,0.0,Dec,2,2,9,2,Returning_Visitor,True,False
3,0.0,1,0.0,38,643.9,0.03,0.05,0.0,0.0,June,2,2,9,3,Returning_Visitor,False,False
2,21.0,1,0.0,9,84.1,0.0,0.01,0.0,0.0,Oct,2,2,3,2,Returning_Visitor,False,False
0,87.4,1,1.0,93,4324.74,0.02,0.05,0.0,1.0,May,3,2,1,5,Returning_Visitor,True,False
7,78.3,5,120.0,87,800.5,0.02,0.04,30.81,0.6,May,2,2,1,2,Returning_Visitor,False,True
0,87.21,0,43.26,1,0.0,0.03,0.2,0.0,0.0,Nov,1,2,1,2,Returning_Visitor,False,False
2,101.56,2,45.22,15,1518.1,0.0,0.03,31.76,0.0,May,2,2,1,2,Returning_Visitor,False,True
3,41.4,0,43.0,30,558.61,0.01,0.05,0.0,0.0,Sep,2,2,1,2,Returning_Visitor,False,True
3,0.0,0,0.0,6,151.0,0.0,0.08,0.0,0.0,Dec,1,8,1,2,Returning_Visitor,False,False
3,87.59,0,0.0,1,0.0,0.2,0.2,0.0,0.0,Nov,3,2,4,2,Other,False,False
0,86.9,0,0.0,15,735.48,0.0,0.04,0.0,0.0,Dec,4,1,1,2,Returning_Visitor,False,False
3,0.0,1,0.0,29,735.22,0.03,0.0,0.0,0.0,Nov,2,2,1,2,Returning_Visitor,False,False
3,86.79,1,43.2,8,734.92,0.0,0.05,0.0,0.0,Dec,2,4,7,2,Returning_Visitor,False,False
2,42.0,0,0.0,17,275.7,0.04,0.06,0.0,0.6,May,3,2,8,2,Returning_Visitor,False,False
4,87.12,1,43.14,17,735.43,0.0,0.01,0.0,0.0,Dec,2,2,1,2,Returning_Visitor,False,False
1,613.67,0,43.13,4,957.0,0.16,0.05,0.0,0.0,Mar,3,2,8,2,Returning_Visitor,False,False
3,152.0,1,43.26,9,735.02,0.0,0.05,0.0,0.0,Oct,2,2,1,2,New_Visitor,True,False
3,0.0,0,0.0,17,1926.13,0.01,0.05,0.0,0.0,Nov,2,2,1,1,Returning_Visitor,False,False
3,0.0,0,0.0,12,407.0,0.0,0.03,0.0,0.0,Mar,2,2,4,2,Returning_Visitor,False,False
3,87.48,1,0.0,14,527.38,0.03,0.03,0.0,0.0,Mar,7,1,6,1,Returning_Visitor,True,False
3,87.1,0,0.0,2,16.0,0.0,0.05,0.0,0.8,May,2,2,1,2,Returning_Visitor,False,False
0,0.0,1,0.0,6,136.5,0.03,0.03,0.0,0.0,Mar,3,3,1,2,Returning_Visitor,False,False
3,87.13,0,43.18,7,304.33,0.0,0.03,0.0,0.0,May,1,1,1,2,New_Visitor,True,False
3,17.0,0,0.0,32,736.56,0.0,0.03,1.33,0.0,Oct,2,2,1,1,Returning_Visitor,False,False
0,0.0,2,43.18,26,1911.71,0.02,0.04,8.02,0.0,Jul,3,2,1,2,Returning_Visitor,True,True
0,0.0,0,43.47,2,94.0,0.0,0.1,0.0,0.0,Nov,2,2,1,8,Returning_Visitor,False,False
3,105.2,0,45.25,25,830.94,0.02,0.04,70.26,0.0,Nov,2,2,1,2,Returning_Visitor,False,False
0,0.0,0,43.3,15,814.0,0.03,0.05,0.0,0.0,Nov,1,2,1,2,Returning_Visitor,False,False
1,32.3,1,26.5,51,735.45,0.03,0.05,7.57,0.0,Nov,2,2,1,2,Returning_Visitor,False,False
0,0.0,0,43.19,9,736.7,0.0,0.03,0.0,0.0,Mar,2,2,1,2,Returning_Visitor,True,False
4,46.4,1,0.0,3,25.2,0.0,0.0,0.0,0.0,Oct,3,2,1,2,Returning_Visitor,False,False
4,101.7,1,0.0,40,737.09,0.01,0.05,0.0,0.0,Aug,2,2,3,13,Returning_Visitor,False,False
3,86.96,1,0.0,6,134.0,0.07,0.05,0.0,0.0,May,1,1,1,2,Returning_Visitor,False,False
3,87.22,0,43.2,6,209.0,0.0,0.05,0.0,0.0,May,2,2,1,2,Returning_Visitor,False,False
3,87.17,1,43.25,2,734.73,0.03,0.05,0.0,0.0,May,3,2,3,2,Returning_Visitor,False,False
4,184.37,0,0.0,3,735.49,0.03,0.02,0.0,0.0,Oct,3,2,1,5,Returning_Visitor,False,False
3,228.03,1,43.16,17,735.5,0.01,0.04,0.0,0.0,Mar,1,2,1,8,Returning_Visitor,False,False
3,87.18,0,43.2,43,875.0,0.0,0.01,0.0,0.0,May,2,2,5,4,Returning_Visitor,False,False
3,1226.0,5,3.0,24,735.8,0.04,0.05,0.0,0.0,Mar,2,2,1,2,Returning_Visitor,False,False
3,0.0,1,43.23,41,736.45,0.03,0.05,0.0,0.6,May,2,5,1,3,Returning_Visitor,False,False
2,36.0,0,43.18,15,735.7,0.0,0.0,0.0,0.0,Mar,2,2,3,8,Returning_Visitor,False,False
13,498.9,0,0.0,221,735.98,0.03,0.05,5.27,0.0,Oct,2,2,4,2,Returning_Visitor,False,False
3,87.11,0,43.18,10,249.0,0.03,0.05,0.0,0.0,Nov,1,2,8,3,Returning_Visitor,False,False
3,55.5,1,18.0,19,444.75,0.0,0.01,21.21,0.0,Nov,2,2,1,2,Returning_Visitor,False,True
3,33.6,0,43.19,4,109.5,0.03,0.01,0.0,0.0,Oct,3,2,1,2,Returning_Visitor,False,False
0,87.04,1,0.0,7,49.87,0.03,0.05,0.0,0.0,Sep,1,1,1,2,Returning_Visitor,False,False
3,87.16,0,0.0,29,736.1,0.03,0.05,0.0,0.0,Mar,2,2,1,2,Returning_Visitor,False,False
0,86.81,0,43.24,19,736.79,0.03,0.02,0.0,0.0,Feb,2,2,1,2,Returning_Visitor,False,False
0,0.0,1,39.5,357,800.63,0.02,0.04,9.96,0.0,Nov,2,2,1,2,Returning_Visitor,False,True
0,0.0,0,0.0,1,735.36,0.03,0.05,0.0,0.0,Jul,3,2,1,13,Returning_Visitor,False,False
2,96.0,1,45.26,61,1260.53,0.02,0.0,131.5,0.0,Nov,2,2,7,10,Returning_Visitor,False,True
3,87.33,1,43.22,1,734.99,0.2,0.2,0.0,0.0,Mar,1,2,1,3,Returning_Visitor,False,False
2,150.6,0,0.0,86,736.63,0.03,0.05,0.0,0.0,Sep,2,2,1,1,Returning_Visitor,False,False
3,87.16,0,0.0,7,735.43,0.03,0.01,0.0,0.0,Oct,3,2,1,2,Returning_Visitor,True,False
3,143.83,1,0.0,43,997.71,0.0,0.02,0.0,0.0,Dec,2,2,1,2,Returning_Visitor,False,False
3,0.0,0,43.25,1,0.0,0.03,0.2,0.0,0.0,Dec,3,2,7,3,Returning_Visitor,False,False
3,87.14,1,43.25,1,734.73,0.03,0.2,0.0,0.0,Nov,1,2,4,2,Returning_Visitor,False,False
3,103.6,0,43.27,30,735.22,0.03,0.02,0.0,0.0,Aug,2,2,2,1,Returning_Visitor,False,False
3,86.86,0,0.0,2,139.0,0.0,0.1,0.0,0.8,May,2,2,1,2,Returning_Visitor,False,False
3,0.0,0,0.0,19,485.08,0.03,0.05,0.0,0.0,May,2,2,1,2,Returning_Visitor,False,False
3,87.37,0,43.22,9,386.25,0.0,0.02,0.0,0.0,Dec,3,2,6,2,New_Visitor,False,False
1,19.0,0,45.21,8,208.0,0.04,0.1,0.0,0.0,Nov,2,2,1,2,Returning_Visitor,False,False
0,87.14,1,43.24,38,735.97,0.01,0.05,0.0,0.0,Mar,2,2,4,1,Returning_Visitor,False,False
0,87.08,1,43.21,4,735.04,0.0,0.05,0.0,0.0,Mar,2,2,7,2,Returning_Visitor,False,False
0,87.13,0,43.25,21,735.79,0.03,0.01,0.0,0.8,Feb,3,2,1,3,Returning_Visitor,False,False
3,87.46,0,0.0,35,1267.06,0.03,0.05,9.46,0.0,Dec,2,2,3,10,Returning_Visitor,True,False
13,301.56,1,43.15,55,738.43,0.03,0.01,38.6,0.0,Nov,1,1,1,2,Returning_Visitor,False,False
0,0.0,0,0.0,15,2653.5,0.0,0.04,0.0,0.0,Sep,4,2,7,1,Returning_Visitor,False,False
0,0.0,1,0.0,15,267.73,0.03,0.04,0.0,0.0,Nov,3,2,3,2,Returning_Visitor,False,False
0,0.0,0,0.0,3,0.0,0.2,0.2,0.0,0.8,May,3,2,1,3,Returning_Visitor,False,False
3,32.07,1,0.0,41,1921.1,0.03,0.03,5.29,0.0,Jul,2,2,1,1,Returning_Visitor,False,False
0,0.0,0,0.0,4,735.22,0.0,0.05,0.0,0.0,Nov,1,2,9,3,Returning_Visitor,False,False
3,87.53,0,43.29,7,942.8,0.03,0.03,0.0,0.0,Aug,1,1,4,5,New_Visitor,False,False
1,2.0,0,43.17,27,735.69,0.04,0.05,0.0,0.0,May,3,2,1,4,Returning_Visitor,False,False
3,87.42,0,43.2,20,736.61,0.03,0.03,0.0,0.0,Dec,2,2,1,2,New_Visitor,False,False
3,87.34,1,0.0,23,2244.42,0.0,0.01,0.0,0.0,Aug,2,2,3,2,Returning_Visitor,False,False
3,87.11,1,0.0,9,735.91,0.03,0.08,0.0,0.0,Dec,3,2,1,2,Returning_Visitor,True,False
2,87.25,1,43.19,17,296.23,0.03,0.05,0.0,0.0,May,1,2,1,2,Returning_Visitor,False,False
0,0.0,1,0.0,23,735.53,0.01,0.05,0.0,0.0,Nov,4,1,9,2,Returning_Visitor,False,False
5,102.25,1,116.0,26,595.34,0.02,0.02,10.17,0.2,May,3,2,1,2,Returning_Visitor,False,False
4,87.3,3,43.2,4,158.5,0.03,0.05,0.0,0.0,Mar,2,2,1,10,Returning_Visitor,False,False
5,93.89,1,44.77,18,784.61,0.0,0.02,0.0,0.0,Aug,2,2,1,4,Returning_Visitor,False,False
3,0.0,0,0.0,60,736.17,0.01,0.03,0.0,0.6,May,2,4,1,3,Returning_Visitor,False,False
3,86.97,0,0.0,6,50.83,0.03,0.05,0.0,0.0,Nov,1,1,1,2,New_Visitor,False,False
3,19.0,0,0.0,120,801.7,0.02,0.04,14.18,0.0,Nov,2,5,1,2,Returning_Visitor,False,True
0,87.05,1,0.0,2,0.0,0.03,0.2,0.0,0.0,Mar,2,2,1,2,Returning_Visitor,False,False
0,87.1,1,6.0,39,734.77,0.01,0.02,0.0,0.0,Nov,2,2,7,2,Returning_Visitor,False,False
3,84.83,0,45.21,57,708.07,0.01,0.05,0.0,0.0,Nov,1,2,3,3,Returning_Visitor,False,True
3,38.0,0,0.0,12,735.49,0.03,0.03,0.0,0.0,Mar,3,2,4,2,Returning_Visitor,False,False
0,86.78,0,0.0,6,169.0,0.03,0.05,0.0,0.4,Feb,1,2,3,2,Returning_Visitor,False,False
13,654.78,8,604.8,160,798.63,0.02,0.04,17.35,0.0,Mar,2,2,1,2,Returning_Visitor,True,True
3,87.15,1,43.25,1,0.0,0.2,0.2,0.0,0.0,Feb,1,1,3,3,Returning_Visitor,False,False
0,87.25,0,43.16,28,2524.0,0.03,0.05,0.0,0.0,May,2,2,1,2,Returning_Visitor,False,False
3,87.15,0,0.0,37,736.71,0.03,0.05,0.0,0.0,Nov,2,2,1,2,Returning_Visitor,False,False
0,86.97,0,43.17,6,735.64,0.03,0.05,0.0,0.2,Feb,1,1,1,3,Returning_Visitor,False,False
3,183.25,1,43.16,20,651.4,0.03,0.05,0.0,0.0,Mar,1,1,1,2,Returning_Visitor,False,False
4,87.0,5,242.75,61,4081.04,0.03,0.05,0.0,0.0,Nov,2,5,1,2,Returning_Visitor,True,False
3,68.0,0,0.0,20,736.25,0.03,0.05,0.0,0.0,May,2,2,1,2,Returning_Visitor,False,False
3,0.0,0,43.22,8,128.5,0.03,0.03,0.0,0.0,Mar,2,2,1,2,Returning_Visitor,False,False
3,87.34,1,43.28,1,0.0,0.2,0.2,0.0,0.0,Nov,1,2,3,2,Returning_Visitor,False,False
2,270.0,1,228.5,13,2451.0,0.02,0.02,42.22,0.0,Nov,2,2,4,2,Returning_Visitor,False,True
0,0.0,0,43.26,57,736.33,0.03,0.05,0.0,0.0,May,2,2,1,13,Returning_Visitor,False,False
3,0.0,0,43.31,4,59.0,0.12,0.17,0.0,0.8,May,2,2,4,2,Returning_Visitor,False,False
4,87.07,1,43.21,2,734.62,0.0,0.04,0.0,0.0,Oct,1,1,1,2,New_Visitor,False,False
0,87.05,0,0.0,1,0.0,0.2,0.2,0.0,0.8,May,2,2,1,2,Returning_Visitor,False,False
1,19.0,0,0.0,100,804.31,0.02,0.05,0.0,0.0,Nov,2,2,1,2,Returning_Visitor,False,False
5,224.8,1,0.0,30,974.9,0.01,0.01,25.11,0.0,Nov,2,2,4,2,Returning_Visitor,False,False
0,87.06,0,43.19,28,735.27,0.0,0.01,0.0,0.4,May,2,2,1,2,Returning_Visitor,False,False
3,87.08,1,0.0,3,734.88,0.0,0.07,0.0,0.0,Mar,2,5,1,2,Returning_Visitor,True,False
5,73.12,2,53.5,200,735.55,0.03,0.05,0.0,0.0,Nov,2,2,1,2,Returning_Visitor,False,False
0,87.35,1,43.21,1,0.0,0.03,0.05,0.0,0.0,May,2,2,2,13,Returning_Visitor,False,False
2,16.67,0,0.0,22,736.27,0.03,0.05,0.0,0.0,Mar,3,2,1,1,Returning_Visitor,False,False
0,87.15,1,43.23,1,0.0,0.2,0.05,0.0,0.0,Nov,3,2,1,8,New_Visitor,True,False
1,2.0,0,0.0,118,737.05,0.03,0.05,0.0,0.4,May,2,2,1,20,Returning_Visitor,False,False
1,30.5,0,0.0,34,1333.17,0.0,0.04,8.75,0.0,Dec,2,2,1,2,Returning_Visitor,False,True
0,87.28,0,43.25,10,736.0,0.0,0.01,0.0,0.0,Dec,3,2,1,2,Returning_Visitor,False,False
3,86.96,0,0.0,5,126.08,0.04,0.05,0.0,0.0,Nov,3,2,1,13,Returning_Visitor,False,False
0,101.43,0,45.32,19,798.73,0.01,0.04,0.0,0.0,Dec,3,2,6,2,Returning_Visitor,True,False
11,167.41,0,43.11,49,1512.57,0.03,0.01,0.0,0.0,Nov,1,2,3,2,New_Visitor,False,False
3,0.0,1,45.15,20,968.75,0.02,0.02,73.98,0.0,Dec,1,2,1,1,Returning_Visitor,False,True
3,5.0,1,43.19,40,734.71,0.0,0.01,0.0,0.0,Jul,2,10,2,2,Returning_Visitor,True,False
2,109.8,1,43.15,55,1988.93,0.01,0.01,5.79,0.0,Jul,1,2,1,2,Returning_Visitor,False,False
5,88.04,4,365.97,31,538.72,0.01,0.05,0.0,0.0,Oct,4,1,1,2,Returning_Visitor,False,False
3,0.0,0,43.29,2,157.0,0.03,0.05,0.0,0.0,May,1,1,6,3,Returning_Visitor,False,False
2,87.14,0,0.0,9,734.75,0.03,0.05,0.0,0.0,Oct,1,2,1,4,Returning_Visitor,False,False
2,87.43,0,0.0,20,454.92,0.01,0.03,0.0,0.0,Nov,2,2,1,2,Returning_Visitor,False,False
3,37.2,0,0.0,22,295.03,0.0,0.01,0.0,0.0,Nov,2,4,3,2,New_Visitor,False,False
3,87.47,1,43.27,2,734.84,0.2,0.2,0.0,0.0,Jul,3,2,1,2,Returning_Visitor,False,False
3,87.16,0,0.0,12,222.26,0.01,0.05,0.0,0.0,Sep,3,2,1,2,Returning_Visitor,False,False
8,239.83,2,43.32,79,2650.41,0.03,0.05,0.0,0.0,May,2,4,1,6,Returning_Visitor,False,False
0,87.28,0,43.21,53,736.49,0.01,0.05,0.0,0.0,Sep,3,2,4,3,Returning_Visitor,False,False
4,43.5,0,43.32,39,735.45,0.03,0.05,0.0,0.0,Mar,4,5,1,3,Returning_Visitor,True,False
0,0.0,0,0.0,34,877.67,0.02,0.04,5.69,0.0,May,2,2,1,2,Returning_Visitor,False,False
8,43.95,1,43.29,31,736.09,0.01,0.03,0.0,0.0,Aug,2,2,3,2,Returning_Visitor,False,False
0,0.0,1,43.18,1,0.0,0.03,0.2,0.0,0.0,Nov,8,6,1,6,Returning_Visitor,False,False
3,0.0,0,43.19,1,0.0,0.2,0.2,0.0,0.0,Dec,1,2,1,3,Returning_Visitor,False,False
3,68.33,0,0.0,39,801.28,0.01,0.03,14.94,0.0,Nov,3,2,1,2,Returning_Visitor,False,True
0,0.0,1,43.22,28,761.5,0.01,0.03,0.0,0.0,Jul,2,2,1,1,Returning_Visitor,False,False
3,87.37,1,25.2,18,734.28,0.0,0.0,0.0,0.0,Jul,2,2,2,2,New_Visitor,False,False
8,164.58,1,880.25,62,2587.15,0.01,0.05,0.0,0.0,Dec,1,2,7,2,Returning_Visitor,False,False
4,87.16,0,43.17,10,735.6,0.03,0.02,0.0,0.0,Nov,2,2,6,2,New_Visitor,False,False
0,87.36,0,43.17,20,736.0,0.01,0.05,0.0,0.0,May,3,2,1,1,Returning_Visitor,False,False
3,42.5,1,43.19,43,734.91,0.03,0.0,8.67,0.0,Dec,8,2,9,2,Other,False,True
3,316.82,1,10.0,29,1233.31,0.03,0.05,0.0,0.0,Dec,2,2,1,2,Returning_Visitor,False,False
3,86.95,1,43.25,18,736.05,0.01,0.03,0.0,0.8,May,1,2,1,1,Returning_Visitor,False,False
0,0.0,1,55.0,38,735.44,0.03,0.05,0.0,0.0,May,2,2,1,4,Returning_Visitor,False,False
1,17.5,0,43.17,8,163.0,0.0,0.05,0.0,0.0,Mar,3,2,1,2,Returning_Visitor,False,False
0,87.09,1,43.18,8,143.58,0.03,0.05,0.0,0.0,Nov,2,2,1,2,Returning_Visitor,False,False
6,408.2,1,0.0,33,878.62,0.0,0.02,19.37,0.0,Mar,2,2,1,2,Returning_Visitor,False,True
2,220.33,1,70.5,75,736.45,0.03,0.03,5.77,0.0,Mar,2,2,1,1,Returning_Visitor,False,False
0,0.0,1,0.0,7,1260.67,0.06,0.05,0.0,0.8,May,2,4,5,6,Returning_Visitor,False,False
8,111.54,1,226.0,68,765.54,0.0,0.05,6.69,0.0,Dec,2,2,1,2,Returning_Visitor,False,True
5,200.5,0,0.0,49,801.53,0.02,0.04,28.16,0.0,May,2,2,1,3,New_Visitor,False,True
3,87.2,0,43.22,9,736.25,0.02,0.04,0.0,0.6,May,2,2,1,1,Returning_Visitor,False,False
0,0.0,0,43.32,6,216.0,0.0,0.03,0.0,0.0,Mar,2,4,7,10,Returning_Visitor,False,False
0,86.97,1,43.25,4,30.5,0.0,0.05,0.0,0.0,Mar,2,2,1,3,Returning_Visitor,False,False
3,87.15,0,43.16,10,408.47,0.0,0.0,0.0,0.0,Aug,4,2,1,2,Returning_Visitor,False,False
1,87.37,2,43.18,20,1287.27,0.02,0.04,0.0,0.0,Nov,3,2,4,2,Returning_Visitor,False,False
3,87.07,1,0.0,22,325.75,0.0,0.05,0.0,0.0,Mar,2,2,1,2,Returning_Visitor,False,False
1,8.21,3,62.5,166,800.79,0.02,0.04,29.35,0.0,Nov,2,2,1,2,Returning_Visitor,False,True
3,0.0,0,43.17,9,27.5,0.04,0.1,0.0,0.0,May,2,2,1,2,Returning_Visitor,False,False
7,98.8,1,0.0,5,69.4,0.02,0.05,0.0,0.0,Jul,3,2,2,2,New_Visitor,False,False
3,49.4,4,43.22,91,735.7,0.03,0.05,13.84,0.0,Jul,2,2,1,2,Returning_Visitor,False,False
3,87.14,0,43.12,18,735.55,0.03,0.04,0.0,0.0,Mar,1,1,1,2,Returning_Visitor,False,False
3,87.18,0,0.0,13,392.93,0.03,0.05,0.0,0.0,May,3,2,1,2,New_Visitor,False,False
3,94.6,1,43.19,42,1157.78,0.03,0.03,0.0,0.0,Oct,2,2,1,1,Returning_Visitor,False,False
3,87.44,1,0.0,36,735.65,0.01,0.02,0.0,0.0,Sep,2,2,1,13,Returning_Visitor,False,False
3,129.5,1,43.08,13,1507.33,0.03,0.05,0.0,0.0,Mar,2,2,3,2,Returning_Visitor,False,False
3,113.1,0,0.0,17,237.61,0.0,0.03,94.1,0.0,Oct,1,1,1,2,Returning_Visitor,False,True
5,109.83,1,37.0,24,1067.8,0.03,0.05,64.46,0.0,May,1,1,1,3,Returning_Visitor,False,False
3,87.2,0,0.0,10,735.13,0.03,0.0,0.0,0.0,Aug,2,2,7,2,New_Visitor,False,False
0,87.34,1,0.0,1,0.0,0.2,0.2,0.0,0.2,May,1,2,3,2,Returning_Visitor,False,False
0,86.92,0,0.0,40,736.35,0.03,0.05,0.0,0.0,Aug,2,2,4,1,Returning_Visitor,False,False
2,561.5,1,45.25,95,802.35,0.01,0.03,50.09,0.0,Nov,1,1,1,2,Returning_Visitor,False,True
3,0.0,1,43.23,3,44.5,0.03,0.07,0.0,0.0,Mar,1,1,3,1,Returning_Visitor,False,False
3,217.0,1,281.5,5,736.17,0.03,0.05,0.0,0.0,May,2,2,1,2,Returning_Visitor,False,False
0,0.0,0,43.16,23,383.0,0.03,0.05,0.0,0.0,May,1,2,1,2,Returning_Visitor,False,False
3,126.08,1,43.33,34,1395.45,0.02,0.04,48.66,0.0,Nov,3,2,1,10,Returning_Visitor,False,True
3,87.12,0,0.0,1,0.0,0.2,0.05,0.0,0.4,Feb,2,2,1,3,Returning_Visitor,False,False
3,0.0,1,43.27,4,135.5,0.0,0.07,0.0,0.0,Mar,2,2,1,14,Returning_Visitor,False,False
2,101.32,1,45.22,10,606.67,0.01,0.03,36.67,0.0,Aug,2,2,7,2,Returning_Visitor,False,False
1,13.5,1,28.0,88,736.51,0.03,0.05,0.0,0.0,Mar,2,2,1,2,Returning_Visitor,False,False
15,382.35,2,43.25,32,1718.39,0.03,0.01,0.0,0.0,Aug,3,2,1,2,Returning_Visitor,True,False
3,113.8,0,0.0,15,336.14,0.03,0.01,0.0,0.0,Nov,2,2,1,3,Returning_Visitor,False,False
0,86.99,1,43.23,2,734.27,0.0,0.05,0.0,0.0,Jul,2,10,1,6,Returning_Visitor,False,False
1,70.5,1,0.0,28,1398.94,0.01,0.02,17.46,0.0,Nov,3,2,3,1,Returning_Visitor,False,False
6,87.23,1,235.75,21,1338.93,0.03,0.01,0.0,0.0,Dec,2,2,7,1,Returning_Visitor,False,False
3,0.0,1,0.0,9,268.5,0.06,0.1,0.0,0.8,May,2,2,1,2,Returning_Visitor,False,False
8,185.0,0,43.28,12,736.09,0.03,0.02,0.0,0.0,Oct,3,2,1,2,Returning_Visitor,False,False
6,174.75,1,123.0,33,773.26,0.01,0.05,31.74,0.0,Nov,3,2,1,2,Returning_Visitor,False,True
0,87.07,3,27.0,45,736.86,0.02,0.05,0.0,0.0,Dec,2,2,1,1,Returning_Visitor,True,False
4,214.0,1,43.44,5,736.27,0.0,0.04,0.0,0.0,May,1,1,1,2,New_Visitor,False,False
3,80.43,0,0.0,61,736.21,0.03,0.05,0.0,0.0,Mar,3,2,1,10,Returning_Visitor,False,False
0,0.0,0,0.0,29,488.41,0.02,0.04,0.0,0.0,Nov,1,8,1,2,Returning_Visitor,False,True
3,87.76,0,43.18,9,437.4,0.02,0.05,0.0,0.0,Jul,3,2,1,2,Returning_Visitor,True,False
7,76.15,0,0.0,67,736.34,0.03,0.05,0.68,0.0,June,2,2,1,13,Returning_Visitor,False,False
3,87.27,1,136.0,54,2631.1,0.0,0.05,0.0,0.0,Mar,1,2,1,2,Returning_Visitor,False,False
3,87.14,1,29.5,23,1157.58,0.01,0.05,0.0,0.0,Nov,2,2,7,2,Returning_Visitor,False,False
3,60.4,1,45.11,7,207.6,0.02,0.03,30.85,0.0,Sep,2,2,1,2,Returning_Visitor,False,False
3,87.09,0,0.0,60,735.84,0.01,0.02,0.0,0.0,Dec,2,2,1,2,Returning_Visitor,False,False
2,88.61,1,872.0,77,735.12,0.03,0.05,9.85,0.0,May,2,2,1,2,Returning_Visitor,False,False
3,87.27,1,43.21,12,735.94,0.0,0.01,0.0,0.0,Mar,3,2,1,10,Returning_Visitor,False,False
8,451.28,10,961.45,131,741.66,0.0,0.02,2.33,0.0,Nov,2,2,1,3,Returning_Visitor,False,True
3,87.15,2,22.13,44,736.56,0.03,0.05,0.0,0.0,Oct,2,2,1,1,Returning_Visitor,False,False
0,86.73,0,0.0,18,734.79,0.0,0.05,0.0,0.0,Dec,3,2,1,6,Returning_Visitor,False,False
3,0.0,0,43.2,1,735.02,0.2,0.05,0.0,0.0,Mar,2,2,1,2,Returning_Visitor,False,False
3,38.0,2,20.0,57,735.57,0.0,0.02,0.0,1.0,May,2,2,1,2,Returning_Visitor,True,False
3,87.0,0,43.23,8,316.13,0.0,0.05,0.0,0.0,June,2,2,1,2,Returning_Visitor,False,False
0,0.0,1,199.0,30,737.04,0.01,0.05,0.0,0.0,Nov,2,2,3,10,Returning_Visitor,False,True
9,186.5,3,138.75,76,795.1,0.02,0.04,0.0,0.0,Nov,2,2,1,1,Returning_Visitor,False,False
3,86.86,0,43.17,11,736.16,0.04,0.05,0.0,0.0,Dec,2,2,1,1,Returning_Visitor,False,False
0,0.0,1,43.19,17,927.17,0.0,0.01,0.0,0.0,Mar,1,1,2,3,Returning_Visitor,False,False
3,98.0,0,45.19,44,800.6,0.02,0.01,7.02,0.0,May,3,2,7,4,Returning_Visitor,False,False
7,87.45,1,43.15,46,1621.03,0.03,0.02,6.02,0.0,Dec,1,1,3,2,Returning_Visitor,False,False
4,160.2,1,21.2,43,734.66,0.01,0.05,28.06,0.0,Oct,1,1,1,2,Returning_Visitor,False,False
12,101.45,1,45.19,81,3675.94,0.02,0.04,11.62,0.0,Dec,2,2,1,10,Returning_Visitor,True,True
3,86.97,0,0.0,27,735.54,0.03,0.05,0.0,0.0,May,4,1,1,2,Returning_Visitor,False,False
3,85.02,0,44.37,23,441.0,0.07,0.1,0.0,0.0,Nov,2,2,1,2,Returning_Visitor,False,False
3,87.08,1,43.28,13,735.26,0.03,0.01,0.0,0.0,Dec,2,2,5,2,New_Visitor,False,False
3,7.5,1,0.0,19,735.48,0.04,0.06,0.0,0.6,May,2,2,1,3,Returning_Visitor,False,False
3,0.0,1,0.0,20,735.12,0.0,0.01,0.0,0.8,May,2,4,4,2,Returning_Visitor,False,False
10,218.4,1,0.0,27,897.78,0.03,0.02,48.93,0.0,Dec,2,2,1,3,Returning_Visitor,False,False
2,66.4,3,41.2,138,4031.56,0.03,0.05,0.0,0.0,Nov,2,2,9,13,Returning_Visitor,False,False
6,101.36,1,69.6,29,1618.23,0.0,0.04,9.23,0.0,Nov,2,2,1,2,Returning_Visitor,False,False
3,22.0,2,43.17,30,735.64,0.0,0.05,0.0,0.0,Nov,2,2,1,2,Returning_Visitor,False,False
3,0.0,1,43.3,20,2981.17,0.0,0.05,0.0,0.0,Feb,2,2,1,4,Returning_Visitor,False,False
2,52.0,0,43.0,28,1265.75,0.03,0.03,4.2,0.0,May,2,2,1,1,Returning_Visitor,False,False
2,87.61,1,43.25,32,735.31,0.03,0.05,0.0,0.0,Aug,1,2,1,3,Returning_Visitor,False,False
0,87.47,1,0.0,2,0.0,0.2,0.2,0.0,0.0,May,2,2,2,3,Returning_Visitor,False,False
0,87.3,1,0.0,9,355.5,0.02,0.05,0.0,0.0,Nov,3,2,1,2,Returning_Visitor,False,False
3,87.18,1,43.41,5,735.63,0.0,0.04,0.0,0.0,Nov,1,2,3,2,Returning_Visitor,True,False
1,5.0,0,0.0,63,801.71,0.02,0.04,8.44,0.0,Nov,2,2,1,2,Returning_Visitor,False,True
3,87.12,0,0.0,28,735.76,0.0,0.05,0.0,0.6,May,2,4,1,2,New_Visitor,False,False
6,79.1,0,0.0,25,434.67,0.03,0.01,0.0,0.0,May,2,2,1,2,New_Visitor,False,False
5,72.5,0,0.0,31,649.31,0.0,0.0,35.1,0.0,Mar,2,7,2,2,Returning_Visitor,False,True
3,7.0,0,43.11,14,736.62,0.03,0.01,0.0,0.0,Mar,2,2,1,10,Returning_Visitor,False,False
3,0.0,1,0.0,12,1178.67,0.02,0.05,0.0,0.0,Mar,1,1,1,3,Returning_Visitor,False,False
3,87.34,1,43.27,8,736.37,0.04,0.09,0.0,0.0,Nov,2,2,1,11,Returning_Visitor,False,False
3,119.0,1,45.24,25,413.72,0.0,0.04,15.4,0.0,May,1,1,1,4,Returning_Visitor,False,False
2,33.0,1,0.0,25,801.59,0.02,0.01,60.29,0.0,Mar,2,5,1,1,Returning_Visitor,False,True
3,82.0,0,43.21,9,587.25,0.01,0.05,0.0,0.0,Dec,3,2,1,8,Returning_Visitor,True,False
24,876.23,5,625.5,34,1588.67,0.03,0.01,0.0,0.0,Mar,2,2,5,2,Returning_Visitor,False,False
0,87.17,0,43.19,9,735.66,0.02,0.08,0.0,0.0,Nov,1,2,8,2,Returning_Visitor,False,False
3,87.14,0,0.0,27,735.21,0.0,0.01,0.0,0.0,Dec,1,2,1,2,Returning_Visitor,False,False
8,87.12,1,43.23,18,735.48,0.0,0.01,0.0,0.0,Sep,2,2,1,2,Returning_Visitor,False,False
0,0.0,0,43.24,4,157.5,0.0,0.05,0.0,0.0,Nov,2,2,1,2,Returning_Visitor,False,False
3,0.0,1,0.0,7,383.5,0.03,0.05,0.0,0.0,Mar,3,2,6,3,Returning_Visitor,False,False
0,0.0,1,43.21,3,47.5,0.03,0.17,0.0,0.0,Nov,3,3,3,1,Returning_Visitor,False,False
0,87.14,0,43.28,3,136.5,0.03,0.07,0.0,0.0,Dec,1,2,4,2,Other,False,False
3,0.0,0,43.2,3,20.0,0.0,0.07,0.0,0.0,Dec,2,2,3,2,Returning_Visitor,False,False
19,739.19,1,8.0,114,800.33,0.02,0.04,8.47,0.0,Nov,2,2,1,2,Returning_Visitor,False,False
0,0.0,1,45.21,25,952.68,0.0,0.02,23.58,0.0,Nov,2,2,1,11,Returning_Visitor,False,True
0,86.94,0,0.0,20,735.13,0.03,0.03,0.0,0.0,May,3,2,4,2,Returning_Visitor,False,False
3,0.0,0,43.22,1,735.25,0.2,0.2,0.0,0.0,Nov,3,2,1,1,Returning_Visitor,False,False
2,87.72,3,119.0,41,735.59,0.0,0.03,0.0,0.0,Mar,2,2,1,1,Returning_Visitor,False,False
2,223.0,1,0.0,8,735.71,0.0,0.04,0.0,0.0,May,1,2,3,2,Returning_Visitor,False,False
3,0.0,1,43.25,11,735.78,0.0,0.02,0.0,0.0,May,2,4,1,3,Returning_Visitor,False,False
4,190.5,1,45.21,30,2375.08,0.02,0.01,34.79,0.0,Dec,2,2,3,2,New_Visitor,False,True
3,100.58,1,0.0,27,803.54,0.0,0.01,1.87,0.0,Mar,2,2,3,2,Returning_Visitor,False,False
0,0.0,0,0.0,175,736.97,0.03,0.05,3.98,0.0,May,2,2,1,1,Returning_Visitor,True,False
3,87.35,0,0.0,26,735.2,0.03,0.04,0.0,0.0,Dec,2,5,1,2,Returning_Visitor,True,False
7,186.1,0,0.0,32,800.07,0.02,0.03,20.92,0.0,May,2,2,1,1,Returning_Visitor,False,False
1,87.0,0,0.0,44,630.32,0.03,0.05,0.0,0.0,May,2,2,1,3,Returning_Visitor,False,False
0,87.23,1,43.23,27,875.5,0.03,0.01,0.0,0.0,May,4,2,1,2,Returning_Visitor,False,False
3,87.85,3,338.4,46,1624.94,0.03,0.02,0.0,0.0,Nov,3,2,1,2,Returning_Visitor,False,False
3,0.0,0,43.26,2,0.0,0.03,0.2,0.0,0.0,May,2,2,1,2,Returning_Visitor,False,False
3,87.05,1,43.18,2,86.0,0.0,0.05,0.0,0.0,Mar,2,4,1,2,Returning_Visitor,True,False
10,175.33,0,43.19,88,737.61,0.03,0.05,8.28,0.0,Nov,1,1,1,10,Returning_Visitor,True,False
6,144.83,0,43.87,23,793.87,0.0,0.04,19.57,0.0,Oct,2,2,1,2,Returning_Visitor,False,False
1,0.0,0,0.0,16,1296.6,0.02,0.03,13.28,0.0,Mar,3,2,4,2,Returning_Visitor,False,True
2,59.5,1,20.0,96,800.55,0.02,0.02,5.34,0.0,May,2,2,1,6,Returning_Visitor,False,True
0,87.07,0,0.0,21,335.42,0.0,0.05,0.0,0.0,Nov,1,1,1,2,Returning_Visitor,False,False
3,39.8,1,0.0,9,735.94,0.0,0.05,0.0,0.0,Aug,2,2,1,2,Returning_Visitor,False,True
3,87.15,1,73.0,16,416.4,0.03,0.01,0.0,0.0,Mar,1,1,1,2,Returning_Visitor,True,False
3,14.0,0,43.22,4,734.7,0.03,0.05,0.0,0.0,Mar,2,2,3,1,Returning_Visitor,False,False
5,230.25,1,135.0,27,517.39,0.0,0.01,30.27,0.0,May,2,2,4,2,New_Visitor,True,True
5,166.33,1,43.43,38,734.46,0.0,0.05,0.0,0.0,Dec,2,4,8,2,Returning_Visitor,False,True
3,107.03,1,44.88,64,798.24,0.02,0.01,3.0,0.0,May,2,5,1,2,Returning_Visitor,True,False
2,87.21,1,43.17,26,737.09,0.01,0.02,0.0,0.0,Mar,2,6,1,1,Returning_Visitor,False,False
3,337.58,1,0.0,29,736.27,0.0,0.05,0.0,0.0,Oct,2,2,1,2,Returning_Visitor,False,False
0,0.0,0,0.0,89,795.52,0.02,0.04,0.0,0.0,Nov,4,2,1,1,Returning_Visitor,True,True
3,33.2,1,0.0,10,746.56,0.02,0.03,32.7,0.0,Jul,2,2,6,2,Returning_Visitor,False,True
3,16.0,0,0.0,29,735.14,0.03,0.05,0.0,0.0,May,2,2,6,13,Returning_Visitor,False,False
7,228.25,0,0.0,39,800.6,0.02,0.02,7.5,0.0,Nov,3,2,1,2,Returning_Visitor,False,False
3,0.0,1,103.17,21,735.96,0.03,0.05,0.0,0.0,May,2,2,1,2,Returning_Visitor,False,False
13,1230.33,7,286.08,68,801.24,0.01,0.03,1.6,0.0,Dec,1,1,1,2,Returning_Visitor,False,True
3,48.0,1,45.18,35,1698.0,0.01,0.04,93.53,0.0,Nov,4,1,1,2,Returning_Visitor,False,True
3,14.5,0,0.0,25,735.64,0.0,0.05,0.0,0.0,Mar,4,1,1,2,Returning_Visitor,False,False
0,0.0,1,0.0,17,477.72,0.0,0.05,0.0,0.0,Sep,2,2,1,2,Returning_Visitor,False,False
0,0.0,0,0.0,18,736.93,0.01,0.06,0.0,0.8,May,2,2,9,3,Returning_Visitor,False,False
0,87.37,1,43.16,3,734.53,0.03,0.1,0.0,0.0,May,3,2,1,15,Returning_Visitor,False,False
3,58.5,1,43.26,17,281.67,0.03,0.02,0.0,0.0,Feb,1,2,3,4,Returning_Visitor,False,False
2,36.5,0,0.0,11,295.9,0.0,0.01,0.0,0.0,May,3,2,9,2,Returning_Visitor,True,False
3,120.7,0,43.29,5,74.4,0.0,0.02,0.0,0.0,Oct,2,2,1,2,Returning_Visitor,False,False
2,87.91,0,0.0,43,734.16,0.02,0.02,0.0,0.0,Nov,1,2,1,2,Returning_Visitor,False,False
16,445.35,1,0.0,103,735.91,0.01,0.05,7.22,0.0,Oct,3,2,1,2,Returning_Visitor,True,False
3,87.43,1,43.2,3,116.75,0.0,0.07,0.0,0.0,Nov,3,2,1,2,Returning_Visitor,False,False
14,87.8,2,52.25,55,1127.29,0.03,0.05,0.0,0.0,Mar,3,2,1,1,Returning_Visitor,False,False
0,101.06,1,0.0,8,721.42,0.02,0.01,0.0,0.0,Nov,2,5,1,2,New_Visitor,False,False
0,0.0,1,45.24,33,782.08,0.0,0.01,23.03,0.0,May,2,2,9,2,Returning_Visitor,False,True
0,0.0,0,43.14,2,735.49,0.0,0.05,0.0,0.0,Nov,3,2,8,2,Returning_Visitor,False,False
3,137.0,1,45.24,6,185.4,0.02,0.03,44.89,0.0,Oct,2,2,7,4,Returning_Visitor,False,True
1,18.0,0,0.0,24,735.63,0.0,0.01,0.0,0.0,Dec,2,2,1,2,Returning_Visitor,False,False
3,86.08,0,0.0,11,735.4,0.0,0.01,0.0,0.0,Nov,3,2,1,8,New_Visitor,True,False
0,0.0,1,43.21,8,735.36,0.03,0.01,0.0,0.0,Dec,2,2,4,2,Returning_Visitor,False,False
3,1305.11,1,43.23,27,1161.48,0.01,0.02,12.76,0.0,Oct,1,2,1,2,Returning_Visitor,False,True
10,1751.05,3,43.25,22,1552.55,0.03,0.07,4.28,0.0,May,2,4,2,3,Returning_Visitor,False,False
3,87.12,1,43.27,3,23.0,0.03,0.07,0.0,0.0,Dec,1,1,1,2,Returning_Visitor,False,False
6,101.46,0,0.0,140,7097.58,0.02,0.04,21.89,0.0,Nov,2,2,1,13,Returning_Visitor,False,True
2,87.28,1,43.25,31,2725.0,0.03,0.02,0.0,0.0,May,2,6,1,5,Returning_Visitor,False,False
13,493.75,1,0.0,22,802.46,0.01,0.02,25.0,0.0,Dec,3,2,1,1,Returning_Visitor,True,True
3,23.0,2,43.32,85,734.77,0.03,0.05,0.0,1.0,May,3,2,1,3,Returning_Visitor,True,False
3,87.7,0,43.22,7,735.0,0.0,0.03,0.0,0.0,Aug,1,2,4,2,Returning_Visitor,True,False
7,87.14,0,0.0,20,252.98,0.03,0.05,0.0,0.0,Oct,2,2,1,3,Returning_Visitor,False,False
2,161.2,0,45.25,7,801.49,0.02,0.04,21.09,0.0,Oct,3,2,2,2,Returning_Visitor,False,False
0,0.0,0,43.2,17,735.92,0.03,0.05,0.0,0.0,Mar,2,2,2,3,Returning_Visitor,False,False
6,87.14,0,0.0,113,3000.67,0.03,0.01,0.0,0.0,Mar,2,2,1,2,Returning_Visitor,False,False
3,0.0,1,0.0,94,736.49,0.03,0.03,0.0,0.0,Sep,2,2,1,13,Returning_Visitor,False,False
0,0.0,0,0.0,1,0.0,0.03,0.2,0.0,0.0,May,2,2,1,1,Returning_Visitor,False,False
3,0.0,1,0.0,2,19.0,0.0,0.1,0.0,0.0,Mar,2,2,1,11,Returning_Visitor,True,False
6,87.2,1,26.5,37,736.24,0.01,0.01,0.0,0.0,Nov,2,2,1,3,Returning_Visitor,False,False
0,87.34,1,0.0,1,0.0,0.2,0.2,0.0,0.0,Mar,3,2,1,2,Returning_Visitor,False,False
3,0.0,0,0.0,25,735.5,0.01,0.03,0.0,0.0,May,2,2,5,2,Returning_Visitor,False,False
4,53.75,0,43.12,41,1130.81,0.03,0.05,0.0,0.0,Dec,3,2,1,2,Returning_Visitor,False,False
3,5.0,1,0.0,21,734.97,0.01,0.05,0.0,0.0,May,3,2,1,2,Returning_Visitor,False,False
3,0.0,0,43.25,3,104.0,0.03,0.07,0.0,0.0,Nov,2,4,3,1,Returning_Visitor,False,False
3,86.0,1,43.23,26,1197.67,0.0,0.01,0.0,0.0,May,2,2,1,5,New_Visitor,False,False
0,0.0,1,43.25,2,70.0,0.03,0.1,0.0,0.0,May,1,1,1,2,Returning_Visitor,False,False
4,91.0,3,135.5,69,735.78,0.03,0.05,0.0,0.0,May,1,2,1,2,Returning_Visitor,False,False
3,35.4,0,0.0,38,937.81,0.03,0.04,0.0,0.0,Jul,3,2,1,1,Returning_Visitor,False,False
0,0.0,1,0.0,15,181.5,0.01,0.05,0.0,0.0,May,2,5,3,2,Returning_Visitor,False,False
0,87.05,1,0.0,13,238.17,0.0,0.01,0.0,0.0,Mar,2,2,1,2,Returning_Visitor,False,False
3,72.5,1,523.75,8,178.75,0.03,0.07,0.0,0.0,Nov,1,1,1,2,Returning_Visitor,False,False
0,87.02,0,43.22,12,735.59,0.0,0.05,0.0,0.0,May,2,2,4,2,New_Visitor,True,False
3,97.86,0,0.0,5,759.67,0.02,0.05,0.0,0.0,Nov,3,2,6,2,Returning_Visitor,False,False
3,87.14,1,0.0,11,800.83,0.0,0.05,0.0,0.0,Feb,3,2,1,3,Returning_Visitor,False,False
0,87.03,1,0.0,17,391.87,0.0,0.03,0.0,1.0,May,2,2,1,2,Returning_Visitor,False,False
0,87.17,0,0.0,3,181.5,0.0,0.03,0.0,0.0,Dec,4,2,1,6,Returning_Visitor,True,False
3,22.2,0,45.28,34,802.21,0.0,0.0,17.93,0.0,Oct,2,2,1,2,New_Visitor,True,False
3,28.2,0,0.0,2,735.09,0.03,0.13,0.0,0.0,June,1,8,2,3,Returning_Visitor,True,False
3,54.8,1,28.2,24,801.68,0.02,0.01,44.36,0.0,June,2,2,1,4,Returning_Visitor,False,True
0,0.0,1,45.22,10,342.17,0.0,0.02,51.18,0.0,May,2,2,1,1,Returning_Visitor,False,True
0,86.94,0,43.24,15,1999.83,0.03,0.02,0.0,0.0,May,2,10,1,2,Returning_Visitor,False,False
0,0.0,1,45.22,14,825.33,0.02,0.04,50.41,0.0,Aug,2,2,1,4,Returning_Visitor,False,True
8,87.63,1,16.0,19,736.53,0.03,0.02,0.0,0.0,May,2,4,7,2,Returning_Visitor,False,False
0,87.18,1,0.0,5,197.0,0.03,0.05,0.0,0.0,May,2,2,1,3,Returning_Visitor,True,False
3,0.0,0,0.0,22,762.55,0.0,0.02,0.0,0.0,Mar,2,2,1,2,Returning_Visitor,True,False
3,87.33,1,0.0,7,735.28,0.0,0.05,0.0,0.0,Sep,3,2,1,2,Returning_Visitor,False,False
3,0.0,1,0.0,11,194.0,0.0,0.05,0.0,0.0,Mar,2,2,1,1,Returning_Visitor,False,False
3,87.39,0,0.0,33,735.85,0.0,0.02,0.0,0.0,Nov,2,2,1,2,Returning_Visitor,True,False
0,87.24,0,0.0,20,691.75,0.03,0.0,0.0,0.0,Dec,3,2,4,2,New_Visitor,False,False
3,0.0,0,0.0,12,584.33,0.02,0.02,12.59,0.0,Nov,2,2,1,2,Returning_Visitor,False,False
1,128.0,2,43.23,13,847.61,0.01,0.05,0.0,0.0,Oct,3,2,1,4,Returning_Visitor,False,False
4,48.8,0,43.6,11,734.48,0.03,0.05,0.0,0.0,Oct,3,2,1,4,Returning_Visitor,False,False
5,98.92,0,0.0,10,177.58,0.0,0.02,0.0,0.0,Nov,4,2,7,2,Returning_Visitor,False,False
0,87.09,1,43.26,2,19.0,0.0,0.1,0.0,0.0,Mar,1,1,1,2,Returning_Visitor,False,False
4,38.5,1,43.28,14,582.0,0.03,0.02,0.0,0.0,May,2,2,1,2,Returning_Visitor,True,False
0,87.21,0,0.0,4,166.9,0.0,0.0,0.0,0.0,Aug,3,2,4,2,New_Visitor,False,False
2,16.2,1,0.0,4,60.6,0.02,0.08,0.0,0.0,Sep,2,4,1,2,Returning_Visitor,False,True
3,87.35,1,43.28,97,736.07,0.0,0.01,0.0,0.0,Nov,2,2,1,3,Returning_Visitor,True,False
3,77.0,1,43.23,6,112.0,0.0,0.03,0.0,0.0,Mar,1,2,2,2,Returning_Visitor,True,False
3,0.0,0,0.0,35,2352.17,0.02,0.04,0.0,0.0,Nov,2,2,1,2,New_Visitor,False,False
11,101.49,2,34.0,140,800.27,0.02,0.04,11.97,0.0,Nov,2,2,1,2,Returning_Visitor,False,False
3,0.0,0,0.0,16,195.5,0.01,0.05,0.0,0.0,May,2,4,1,2,Returning_Visitor,False,False
3,87.83,1,43.25,22,734.62,0.02,0.05,0.0,0.0,Mar,1,5,7,1,Returning_Visitor,False,False
0,98.25,0,44.31,8,107.17,0.02,0.03,0.0,0.0,Nov,2,2,9,2,New_Visitor,False,False
3,667.25,1,0.0,4,101.8,0.03,0.05,0.0,0.0,Jul,3,2,6,2,Returning_Visitor,False,False
0,0.0,0,0.0,8,450.0,0.03,0.03,0.0,0.0,Mar,4,1,1,3,Returning_Visitor,True,False
0,0.0,1,43.19,56,735.92,0.03,0.05,0.0,0.0,Nov,2,2,1,2,Returning_Visitor,True,False
0,0.0,0,0.0,15,1652.0,0.03,0.07,0.0,0.0,May,2,5,1,2,Returning_Visitor,False,False
3,52.9,1,0.0,8,278.58,0.0,0.01,26.18,0.0,Jul,1,1,1,2,New_Visitor,False,False
0,101.2,0,45.2,8,480.0,0.02,0.03,14.14,0.0,Nov,1,2,1,2,Returning_Visitor,False,True
0,0.0,1,43.25,11,153.75,0.03,0.07,0.0,0.0,Nov,3,2,2,1,Returning_Visitor,False,False
3,87.52,1,0.0,26,1114.73,0.02,0.03,26.13,0.0,Nov,3,2,9,20,Returning_Visitor,True,False
3,87.2,0,0.0,20,546.67,0.03,0.0,0.0,0.0,Oct,2,2,1,2,Returning_Visitor,False,False
3,96.5,0,0.0,8,323.5,0.0,0.05,0.0,0.0,Dec,1,2,6,2,Returning_Visitor,False,False
3,117.85,1,45.19,9,492.9,0.0,0.03,29.46,0.0,Aug,4,2,1,1,Returning_Visitor,False,False
3,86.99,0,43.26,4,251.0,0.05,0.05,0.0,0.0,Nov,2,2,4,2,Returning_Visitor,False,False
3,343.07,0,0.0,63,804.04,0.02,0.04,7.83,0.0,Aug,2,10,1,2,Returning_Visitor,False,True
3,0.0,0,43.29,14,207.17,0.04,0.05,0.0,0.6,May,2,2,7,2,Returning_Visitor,False,False
3,87.36,1,43.19,3,88.5,0.03,0.05,0.0,0.0,Nov,3,2,1,3,Returning_Visitor,True,False
3,87.07,0,43.15,14,735.92,0.0,0.01,0.0,0.0,June,1,1,1,2,Returning_Visitor,False,False
7,350.6,9,406.92,68,2435.74,0.0,0.05,0.0,0.0,Dec,1,1,1,2,Returning_Visitor,False,False
6,201.0,0,0.0,84,800.48,0.02,0.04,66.57,0.0,Nov,2,2,1,2,Returning_Visitor,False,False
7,93.5,1,0.0,101,2186.15,0.02,0.0,32.14,0.0,Nov,2,2,1,2,Returning_Visitor,False,False
0,0.0,0,0.0,36,735.36,0.0,0.05,0.0,0.0,May,4,2,1,2,Returning_Visitor,False,False
3,87.88,0,43.28,9,626.6,0.0,0.02,0.0,0.0,Nov,2,2,5,2,Returning_Visitor,False,False
0,87.14,1,0.0,73,1209.76,0.03,0.05,0.0,0.0,May,2,4,1,1,Returning_Visitor,True,False
1,40.0,5,279.5,62,801.47,0.0,0.04,11.48,0.0,Mar,3,2,1,9,Returning_Visitor,False,True
0,98.08,1,0.0,22,573.75,0.0,0.04,0.0,0.0,Nov,3,2,8,2,New_Visitor,False,False
3,87.16,1,43.19,7,735.78,0.03,0.05,0.0,0.0,May,1,1,1,2,Returning_Visitor,False,False
2,51.0,2,99.5,35,1475.27,0.01,0.02,27.44,0.0,May,2,4,2,4,Returning_Visitor,True,True
3,87.27,1,0.0,10,735.56,0.0,0.02,0.0,0.0,Dec,3,3,1,2,New_Visitor,False,False
9,101.24,1,90.0,95,800.73,0.02,0.04,5.93,0.0,Nov,3,2,2,2,Returning_Visitor,False,True
3,87.08,1,43.23,8,191.15,0.0,0.02,0.0,0.0,Oct,1,2,6,2,New_Visitor,False,False
3,101.43,6,329.5,59,798.97,0.02,0.04,2.35,0.0,Mar,2,2,1,1,Returning_Visitor,False,False
3,631.11,3,7.6,28,792.25,0.01,0.05,35.52,0.0,Nov,2,2,5,6,Returning_Visitor,False,False
2,97.0,0,43.18,23,735.82,0.03,0.05,0.0,0.0,May,1,2,1,2,Returning_Visitor,False,False
2,87.61,0,0.0,79,2619.11,0.02,0.02,0.0,0.0,Nov,1,2,1,10,Returning_Visitor,True,False
0,0.0,0,0.0,15,797.51,0.0,0.02,0.0,0.0,Nov,3,2,1,2,Returning_Visitor,False,False
3,87.05,0,0.0,7,735.91,0.02,0.04,0.0,0.0,May,2,5,4,2,Returning_Visitor,False,False
1,87.29,1,43.18,21,526.5,0.03,0.01,0.0,0.0,Aug,3,2,1,2,Returning_Visitor,True,False
10,87.83,1,23.0,47,1534.82,0.02,0.05,5.19,0.0,Sep,1,2,1,3,Returning_Visitor,False,False
3,87.57,1,43.19,0,0.0,0.0,0.09,0.0,0.0,Oct,3,5,1,2,Returning_Visitor,False,False
3,0.0,1,0.0,10,172.5,0.01,0.04,0.0,0.0,Mar,2,2,1,2,Returning_Visitor,False,False
3,0.0,1,0.0,7,72.25,0.11,0.14,0.0,0.0,Dec,1,2,4,2,Returning_Visitor,False,False
3,87.08,0,43.16,18,297.5,0.03,0.04,0.0,0.0,Oct,2,2,3,4,Returning_Visitor,False,False
9,88.72,1,43.11,29,1514.7,0.03,0.01,4.7,0.0,Jul,3,2,1,1,Returning_Visitor,False,False
3,87.02,1,43.12,11,490.83,0.0,0.05,0.0,0.0,Dec,3,2,6,2,New_Visitor,False,False
0,0.0,1,43.26,18,598.87,0.0,0.03,0.0,0.0,Nov,2,2,1,2,Returning_Visitor,False,False
3,53.17,0,0.0,11,735.89,0.0,0.0,0.0,0.0,Mar,3,2,1,2,Returning_Visitor,False,False
3,87.18,0,43.2,12,879.8,0.0,0.01,0.0,0.0,Nov,2,2,4,2,Returning_Visitor,True,False
0,87.08,3,43.26,31,735.13,0.03,0.05,0.0,0.0,Dec,2,2,1,2,Returning_Visitor,False,False
1,4.0,1,43.21,13,161.17,0.03,0.06,0.0,0.6,May,2,5,9,2,Returning_Visitor,False,False
3,86.97,1,43.22,1,0.0,0.2,0.05,0.0,0.2,Feb,2,2,1,2,Returning_Visitor,False,False
3,87.17,3,176.0,10,225.83,0.0,0.02,0.0,0.0,Nov,2,2,7,2,Returning_Visitor,False,False
1,41.0,0,0.0,6,68.5,0.0,0.03,0.0,0.4,May,1,1,1,2,Returning_Visitor,False,False
5,87.08,1,0.0,48,1142.67,0.03,0.01,0.0,0.0,May,2,5,1,2,Returning_Visitor,False,False
3,0.0,0,43.24,1,1.0,0.03,0.1,0.0,0.0,Mar,2,2,1,2,Returning_Visitor,False,False
3,87.04,1,0.0,62,3000.25,0.03,0.05,0.0,0.0,May,2,2,4,1,Returning_Visitor,False,False
4,165.0,0,0.0,22,1058.19,0.0,0.02,0.0,0.0,May,2,2,1,1,Returning_Visitor,False,False
2,56.0,1,45.23,67,2563.78,0.0,0.04,19.34,0.0,Mar,2,2,4,2,Returning_Visitor,False,True
3,0.0,1,43.26,17,735.4,0.0,0.05,0.0,0.0,Nov,1,1,1,2,Returning_Visitor,False,False
3,0.0,1,38.25,51,2767.98,0.0,0.05,0.0,0.0,Dec,2,5,1,2,Returning_Visitor,False,False
8,87.12,0,0.0,79,734.79,0.03,0.05,17.35,0.0,Nov,1,1,1,3,Returning_Visitor,False,False
3,112.33,1,0.0,55,743.44,0.03,0.03,8.9,0.0,May,2,2,1,1,Returning_Visitor,False,False
6,87.23,1,43.18,29,735.93,0.01,0.05,0.0,0.2,May,3,2,1,2,Returning_Visitor,False,False
3,0.0,0,43.29,2,68.0,0.0,0.1,0.0,0.0,Feb,3,2,3,3,Returning_Visitor,False,False
4,117.32,2,15.0,230,735.77,0.03,0.05,0.0,0.0,Jul,2,2,1,1,Returning_Visitor,True,False
3,87.02,1,43.16,15,735.39,0.04,0.05,0.0,0.0,May,2,2,1,2,Returning_Visitor,False,False
2,87.36,0,0.0,29,630.33,0.03,0.02,0.0,0.0,Sep,2,2,6,1,Returning_Visitor,False,False
4,35.12,0,0.0,31,1975.46,0.03,0.05,0.0,0.0,Mar,2,2,3,3,Returning_Visitor,False,False
4,302.0,1,43.16,29,675.38,0.0,0.05,0.0,0.0,Dec,2,2,1,6,Returning_Visitor,False,False
0,0.0,1,0.0,7,242.75,0.01,0.05,0.0,0.0,Nov,3,2,3,2,Returning_Visitor,False,False
2,87.54,1,43.15,7,460.75,0.02,0.04,0.0,0.0,Dec,3,2,3,2,Returning_Visitor,False,False
0,87.06,0,0.0,18,211.42,0.03,0.06,0.0,0.0,Nov,2,2,5,2,Returning_Visitor,False,False
5,140.6,1,0.0,16,423.5,0.01,0.01,0.0,0.0,Aug,3,2,1,3,Returning_Visitor,True,False
3,94.6,1,0.0,1,4.0,0.0,0.05,0.0,0.0,Jul,2,2,1,2,New_Visitor,False,False
2,87.3,1,0.0,20,735.06,0.01,0.01,0.0,0.0,May,1,1,2,2,Returning_Visitor,False,False
3,15.0,1,43.18,13,77.0,0.01,0.03,0.0,0.0,Mar,2,2,9,2,Returning_Visitor,False,False
3,69.6,0,43.21,9,734.61,0.0,0.05,0.0,0.0,Jul,1,1,1,2,Returning_Visitor,False,False
3,86.88,0,43.2,11,272.0,0.0,0.02,0.0,0.8,May,2,2,4,2,Returning_Visitor,False,False
0,101.3,1,45.2,4,236.8,0.0,0.05,36.26,0.0,Oct,2,2,1,2,Returning_Visitor,False,True
3,87.11,1,0.0,10,735.27,0.0,0.05,0.0,0.0,May,2,2,5,2,Returning_Visitor,False,False
3,87.25,0,43.19,1,735.15,0.03,0.05,0.0,0.0,May,3,2,2,19,Returning_Visitor,True,False
0,0.0,0,0.0,55,737.89,0.0,0.05,0.0,0.0,Nov,2,2,1,2,Returning_Visitor,False,False
3,87.01,0,0.0,18,736.35,0.04,0.05,0.0,0.0,May,2,2,1,2,Returning_Visitor,False,False
3,86.77,1,43.28,28,1231.23,0.01,0.05,0.0,0.0,Feb,1,2,4,3,Returning_Visitor,False,False
3,0.0,1,0.0,11,736.77,0.02,0.02,0.0,0.0,May,2,2,1,13,Returning_Visitor,False,False
0,87.32,1,0.0,4,0.0,0.03,0.05,0.0,0.0,Mar,2,2,3,1,Returning_Visitor,False,False
0,0.0,0,0.0,19,439.83,0.01,0.0,0.0,0.0,Mar,1,1,7,2,Returning_Visitor,False,False
0,87.15,1,43.11,42,735.85,0.02,0.03,0.0,0.0,Aug,3,2,1,2,Returning_Visitor,False,False
3,79.0,0,0.0,47,801.92,0.01,0.04,21.24,0.0,Dec,2,2,1,2,Returning_Visitor,False,False
0,0.0,0,0.0,61,735.75,0.03,0.05,0.0,0.2,May,4,2,3,2,Returning_Visitor,False,False
3,0.0,0,43.16,6,735.52,0.03,0.04,0.0,0.0,May,3,2,9,2,Returning_Visitor,False,False
1,87.65,1,43.17,3,25.2,0.0,0.05,0.0,0.0,Nov,6,2,1,2,Returning_Visitor,False,False
0,87.41,0,43.22,5,75.0,0.04,0.08,0.0,0.0,Dec,3,2,1,1,Returning_Visitor,False,False
0,87.08,1,43.19,4,124.0,0.0,0.05,0.0,0.0,May,3,2,1,2,Returning_Visitor,False,False
3,87.16,0,0.0,18,834.67,0.0,0.05,0.0,0.0,Mar,1,1,1,9,Returning_Visitor,False,False
1,20.2,0,0.0,77,799.27,0.0,0.04,18.75,0.0,Sep,2,2,1,1,Returning_Visitor,False,True
3,90.64,1,43.69,1,777.32,0.2,0.2,0.0,0.0,Nov,3,2,1,2,Returning_Visitor,False,False
6,87.2,2,43.2,25,2852.0,0.01,0.04,0.0,0.0,May,2,2,9,3,Returning_Visitor,False,False
4,87.0,1,43.44,10,735.13,0.0,0.01,0.0,0.0,Nov,1,2,3,5,Returning_Visitor,False,False
3,87.3,1,0.0,4,50.0,0.03,0.08,0.0,0.0,May,2,2,8,4,Returning_Visitor,False,False
3,0.0,1,43.29,41,1271.33,0.03,0.05,0.0,0.4,May,2,2,1,13,Returning_Visitor,False,False
3,87.01,1,43.09,17,736.07,0.0,0.0,0.0,0.0,Nov,2,2,1,2,Returning_Visitor,False,False
3,93.4,0,0.0,38,801.12,0.0,0.0,34.49,0.0,Oct,2,2,2,2,Returning_Visitor,False,True
19,704.87,2,269.5,187,736.34,0.03,0.05,2.87,0.0,May,2,2,1,2,Returning_Visitor,False,False
4,158.33,1,43.24,9,735.15,0.03,0.05,0.0,0.0,Mar,3,2,1,2,Returning_Visitor,True,False
3,87.28,0,43.19,20,331.89,0.03,0.0,0.0,0.0,Aug,2,2,8,1,Returning_Visitor,False,False
3,209.2,1,0.0,18,735.41,0.01,0.05,0.0,0.0,Aug,1,2,1,2,Returning_Visitor,False,False
0,87.27,0,0.0,2,210.0,0.0,0.05,0.0,0.0,Mar,3,2,1,2,Returning_Visitor,False,False
3,0.0,1,0.0,13,735.82,0.0,0.05,0.0,1.0,May,3,2,5,2,Returning_Visitor,True,False
5,87.34,2,33.0,93,735.44,0.03,0.05,0.0,0.0,Nov,3,2,1,1,Returning_Visitor,True,False
0,0.0,0,43.16,7,855.0,0.0,0.03,0.0,0.0,May,2,2,1,2,Returning_Visitor,False,False
5,248.5,0,0.0,11,456.67,0.0,0.05,0.0,0.0,Mar,3,2,4,2,New_Visitor,False,False
3,87.38,1,0.0,3,80.0,0.07,0.13,0.0,0.2,Feb,3,2,1,3,Returning_Visitor,False,False
0,0.0,2,89.0,188,738.88,0.03,0.05,0.0,0.0,Nov,2,2,1,2,Returning_Visitor,False,False
3,163.43,0,0.0,73,1077.51,0.0,0.05,0.0,0.0,Nov,2,2,1,4,Returning_Visitor,False,False
8,101.43,1,0.0,32,801.53,0.01,0.01,19.28,0.0,Nov,2,2,1,2,Returning_Visitor,False,True
3,315.33,1,45.17,42,798.67,0.0,0.03,0.0,0.0,Nov,1,1,1,1,Returning_Visitor,False,False
3,14.5,0,0.0,61,740.57,0.01,0.02,8.0,0.8,May,2,2,7,4,Returning_Visitor,False,False
3,0.0,0,43.17,6,735.55,0.0,0.04,0.0,0.0,Mar,1,2,1,2,Returning_Visitor,False,False
3,87.19,0,0.0,20,1171.33,0.0,0.02,0.0,0.0,May,3,2,2,2,Returning_Visitor,False,False
4,61.0,0,0.0,117,800.99,0.02,0.04,49.95,0.0,May,2,2,1,3,Returning_Visitor,False,False
0,87.08,1,0.0,5,74.5,0.0,0.05,0.0,0.6,May,1,1,1,2,Returning_Visitor,False,False
0,87.08,0,0.0,53,736.13,0.03,0.05,0.0,1.0,May,2,2,7,3,Returning_Visitor,True,False
0,87.24,1,13.5,38,531.04,0.03,0.03,0.0,0.0,Dec,4,2,1,2,Returning_Visitor,False,False
3,5.5,2,43.24,20,929.33,0.03,0.02,0.0,0.0,Dec,2,2,6,2,Returning_Visitor,False,False
0,0.0,1,43.19,25,927.0,0.01,0.03,0.0,0.0,Nov,2,2,3,2,Returning_Visitor,False,False
3,97.0,0,43.22,4,59.0,0.0,0.01,0.0,0.0,May,2,2,1,2,New_Visitor,False,False
3,87.22,1,12.0,5,735.23,0.03,0.04,0.0,0.0,Sep,3,2,7,2,Returning_Visitor,True,False
4,101.46,1,13.0,27,801.51,0.02,0.04,3.69,0.0,Mar,1,4,1,8,New_Visitor,False,True
0,0.0,1,43.24,1,0.0,0.03,0.05,0.0,0.0,Mar,2,2,2,2,Returning_Visitor,False,False
3,49.5,0,44.37,22,458.25,0.03,0.05,0.0,0.0,Nov,1,1,1,3,Returning_Visitor,False,False
3,215.24,2,43.11,101,3558.58,0.03,0.05,30.87,0.0,Sep,3,2,1,2,Returning_Visitor,True,True
0,0.0,1,43.17,50,736.83,0.01,0.05,0.0,0.0,Dec,2,4,1,2,Returning_Visitor,False,False
3,87.27,1,43.24,9,478.0,0.0,0.01,0.0,0.0,Mar,3,2,1,2,Returning_Visitor,True,False
0,87.1,0,0.0,37,735.61,0.0,0.05,0.0,0.0,Dec,1,2,1,3,Returning_Visitor,False,False
3,0.0,3,201.9,27,393.3,0.0,0.01,3.93,0.0,Sep,2,2,1,4,Returning_Visitor,False,True
3,0.0,0,43.26,2,15.0,0.0,0.05,0.0,0.0,Dec,1,2,1,10,Returning_Visitor,False,False
1,0.0,1,60.5,46,1038.92,0.02,0.04,13.1,0.0,Mar,2,2,6,1,Returning_Visitor,False,True
3,86.99,1,0.0,15,736.0,0.03,0.07,0.0,1.0,May,2,2,1,2,Returning_Visitor,False,False
2,131.5,1,43.23,96,737.59,0.03,0.05,0.0,0.0,Nov,3,2,1,2,Returning_Visitor,False,False
3,87.15,0,43.28,43,735.08,0.03,0.04,0.0,0.0,May,2,2,7,3,Returning_Visitor,False,False
0,87.41,1,43.24,2,0.0,0.2,0.2,0.0,0.0,Nov,3,2,1,2,Returning_Visitor,False,False
5,101.09,0,0.0,86,800.03,0.0,0.04,0.0,0.0,Nov,2,2,1,2,Returning_Visitor,False,False
3,101.33,0,45.12,36,1775.52,0.0,0.01,4.75,0.0,Mar,1,2,1,10,Returning_Visitor,False,True
3,52.4,1,45.26,13,447.2,0.0,0.01,42.3,0.0,Aug,1,1,1,20,Returning_Visitor,False,True
3,49.5,1,45.33,50,801.2,0.02,0.03,1.82,0.0,Nov,3,2,1,10,Returning_Visitor,False,True
4,319.0,1,21.5,33,801.92,0.0,0.02,16.07,0.6,May,2,4,7,2,Returning_Visitor,False,True
3,87.18,2,39.4,6,169.97,0.0,0.01,0.0,0.0,Jul,2,2,3,2,Returning_Visitor,False,False
9,551.79,4,124.2,94,795.31,0.02,0.04,0.0,0.0,June,2,2,1,2,Returning_Visitor,False,False
3,87.37,0,0.0,5,735.23,0.03,0.05,0.0,0.0,May,4,2,1,2,Returning_Visitor,False,False
3,152.6,0,0.0,28,608.88,0.01,0.04,19.83,0.0,Jul,2,2,7,2,Returning_Visitor,False,True
3,22.2,1,43.15,2,836.2,0.03,0.05,0.0,0.0,Sep,2,2,8,2,Returning_Visitor,True,False
3,87.21,1,43.25,3,82.0,0.04,0.06,0.0,0.0,May,1,2,6,2,New_Visitor,False,False
0,0.0,2,139.75,141,736.39,0.03,0.05,0.0,0.0,Dec,2,5,1,2,Returning_Visitor,False,False
3,46.4,1,43.3,12,303.25,0.03,0.02,0.0,0.0,Oct,1,2,3,2,New_Visitor,False,False
3,101.36,1,0.0,50,801.11,0.02,0.04,9.44,0.0,Nov,2,5,1,2,Returning_Visitor,False,False
3,256.1,2,99.7,4,417.4,0.0,0.01,0.0,0.0,Sep,1,1,6,2,New_Visitor,False,False
3,87.18,0,43.25,9,244.5,0.0,0.01,0.0,0.0,Mar,3,2,1,2,Returning_Visitor,False,False
1,87.08,2,34.0,22,367.38,0.03,0.01,0.0,0.0,May,1,1,4,2,Returning_Visitor,True,False
3,86.85,1,43.27,10,735.56,0.0,0.02,0.0,0.0,May,1,8,1,6,Returning_Visitor,False,False
3,87.03,0,0.0,15,431.2,0.0,0.05,0.0,0.0,Sep,2,5,9,2,Returning_Visitor,False,False
0,87.05,0,43.13,12,262.92,0.01,0.06,0.0,0.0,Dec,1,2,1,2,Returning_Visitor,False,False
0,86.55,0,0.0,51,740.53,0.01,0.05,0.0,0.0,Nov,2,2,7,2,Returning_Visitor,False,False
3,33.5,0,0.0,8,748.55,0.0,0.05,0.0,0.0,Dec,2,2,1,2,New_Visitor,False,False
6,172.12,0,0.0,122,801.03,0.02,0.04,39.75,0.0,Dec,4,1,1,2,Returning_Visitor,False,False
3,87.18,1,0.0,27,736.29,0.03,0.05,0.0,0.0,Nov,2,2,9,10,Returning_Visitor,False,False
3,86.97,0,0.0,20,262.9,0.01,0.06,0.0,0.0,Dec,2,2,1,2,Returning_Visitor,False,False
3,16.2,1,45.28,3,268.0,0.0,0.04,49.55,0.0,Nov,2,2,5,5,Returning_Visitor,False,False
3,0.0,0,43.2,20,1006.67,0.0,0.01,0.0,0.6,May,1,2,1,2,Returning_Visitor,False,False
3,86.88,0,0.0,52,1192.32,0.01,0.05,0.0,0.0,May,2,6,1,2,Returning_Visitor,False,False
1,20.0,0,0.0,283,736.34,0.03,0.05,0.0,0.0,Nov,2,2,1,3,Returning_Visitor,False,False
0,0.0,1,43.22,3,13.0,0.03,0.17,0.0,0.0,Feb,2,4,1,2,Returning_Visitor,False,False
1,30.25,2,0.0,20,543.96,0.01,0.03,0.0,0.0,Dec,3,2,1,2,Returning_Visitor,False,False
1,87.56,1,0.0,19,734.58,0.03,0.05,0.0,0.0,Mar,2,2,1,1,Returning_Visitor,False,False
3,87.05,0,43.2,15,365.17,0.01,0.02,0.0,0.0,Nov,2,2,1,2,Returning_Visitor,False,False
3,87.53,1,0.0,1,735.37,0.0,0.05,0.0,0.0,Mar,3,2,3,9,Returning_Visitor,True,False
0,0.0,1,44.97,13,801.84,0.02,0.04,0.0,0.0,Nov,2,10,7,2,Returning_Visitor,False,False
0,87.03,1,43.19,6,162.5,0.0,0.03,0.0,0.0,May,2,2,1,1,Returning_Visitor,False,False
6,171.08,1,0.0,28,952.29,0.0,0.01,52.11,0.0,Mar,2,2,1,2,Returning_Visitor,False,True
0,0.0,0,0.0,6,25.0,0.0,0.03,0.0,0.0,Mar,2,2,1,2,Returning_Visitor,False,False
9,149.93,1,26.67,67,735.35,0.03,0.05,0.0,0.0,May,1,2,1,4,Returning_Visitor,False,False
3,0.0,1,0.0,15,296.0,0.03,0.04,0.0,0.0,Mar,2,2,2,2,Returning_Visitor,False,False
3,23.0,1,45.09,30,465.42,0.02,0.04,50.66,0.0,Mar,4,1,4,3,Returning_Visitor,False,False
0,87.27,1,0.0,24,612.21,0.02,0.03,0.0,0.0,Dec,3,2,3,10,Returning_Visitor,False,False
3,0.0,0,43.18,5,41.0,0.04,0.08,0.0,0.0,Dec,2,2,1,1,Returning_Visitor,False,False
1,15.8,3,43.18,32,1213.65,0.03,0.05,1.27,0.0,Aug,2,2,1,2,Returning_Visitor,False,True
0,0.0,1,0.0,21,1051.17,0.0,0.01,14.14,0.0,Nov,1,8,2,6,New_Visitor,False,True
6,389.75,1,43.18,65,736.55,0.01,0.03,13.66,1.0,May,2,2,1,1,Returning_Visitor,True,False
1,6.0,2,43.28,19,512.07,0.03,0.03,0.0,0.0,May,2,2,1,4,Returning_Visitor,False,False
9,292.3,0,0.0,117,1953.54,0.03,0.05,2.77,0.0,Aug,1,1,1,4,Returning_Visitor,False,False
0,86.85,0,0.0,59,1560.6,0.03,0.05,0.0,0.0,Mar,1,1,1,2,Returning_Visitor,False,False
3,0.0,0,0.0,17,701.8,0.0,0.01,61.07,0.0,Nov,2,2,5,6,Returning_Visitor,False,True
3,0.0,1,0.0,10,22.5,0.1,0.11,0.0,0.4,May,2,5,1,4,Returning_Visitor,False,False
3,87.56,0,0.0,50,2653.2,0.03,0.05,0.0,0.0,Aug,2,2,2,1,Returning_Visitor,False,False
5,43.5,1,0.0,6,110.33,0.0,0.05,0.0,0.0,Dec,2,2,8,2,New_Visitor,False,False
3,0.0,0,43.17,8,833.75,0.01,0.05,0.0,0.0,Dec,2,5,1,3,Returning_Visitor,False,False
3,32.2,2,45.12,23,804.14,0.0,0.04,11.28,0.0,Aug,2,2,5,2,Returning_Visitor,False,False
3,38.3,1,43.16,18,929.2,0.03,0.01,0.0,0.0,Jul,2,2,1,2,Returning_Visitor,True,False
1,9.0,5,86.0,26,735.47,0.03,0.01,0.0,0.0,May,2,2,1,2,Returning_Visitor,False,False
1,87.73,1,0.0,12,122.67,0.0,0.01,0.0,0.0,Nov,1,2,1,2,New_Visitor,True,False
0,101.03,1,0.0,27,1065.45,0.0,0.01,0.0,0.0,Nov,2,2,3,2,Returning_Visitor,False,False
3,0.0,1,0.0,6,734.84,0.03,0.01,0.0,0.0,Dec,1,2,3,3,Returning_Visitor,False,False
1,86.71,0,0.0,39,2555.99,0.01,0.01,0.0,0.0,Dec,2,2,1,2,Returning_Visitor,False,False
3,99.75,0,45.28,31,835.58,0.0,0.04,47.45,0.0,Nov,2,2,1,2,Returning_Visitor,False,True
0,86.84,1,0.0,45,1438.72,0.03,0.05,0.0,0.8,May,4,2,1,4,Returning_Visitor,False,False
11,233.48,0,0.0,118,4251.21,0.02,0.04,14.67,0.0,Nov,2,2,1,2,Returning_Visitor,False,True
2,671.0,1,0.0,15,735.78,0.0,0.05,0.0,0.0,Dec,2,2,4,2,Returning_Visitor,False,False
2,216.6,0,0.0,36,937.87,0.03,0.05,0.0,0.0,Oct,3,2,1,1,Returning_Visitor,False,False
15,419.18,0,43.22,110,737.57,0.03,0.05,14.4,0.0,Oct,2,2,1,3,Returning_Visitor,False,False
0,0.0,1,45.22,5,883.6,0.02,0.0,125.89,0.0,Nov,2,2,4,2,Returning_Visitor,True,True
3,87.11,0,43.23,3,735.25,0.2,0.2,0.0,0.0,Nov,2,2,1,2,Returning_Visitor,False,False
3,86.98,0,43.23,8,85.5,0.08,0.1,0.0,0.0,May,2,2,1,1,Returning_Visitor,False,False
0,87.21,1,43.15,17,1673.65,0.04,0.05,0.0,0.0,May,3,2,3,4,Returning_Visitor,False,False
0,87.05,0,0.0,16,316.0,0.03,0.05,0.0,0.0,Nov,1,2,1,2,Returning_Visitor,False,False
3,0.0,1,0.0,14,1037.5,0.03,0.05,0.0,0.0,Mar,2,2,4,2,Returning_Visitor,False,False
1,87.43,1,43.3,37,1702.92,0.03,0.01,0.0,0.0,Nov,2,2,3,2,New_Visitor,False,False
0,87.16,0,43.21,14,158.5,0.03,0.05,0.0,0.0,May,2,2,6,2,Returning_Visitor,False,False
1,62.13,0,0.0,79,735.62,0.03,0.05,4.13,0.0,Oct,2,2,1,2,Returning_Visitor,False,True
9,86.8,1,52.4,22,735.12,0.03,0.03,0.0,0.0,Aug,1,2,1,4,Returning_Visitor,False,True
4,34.83,2,33.75,32,801.27,0.01,0.02,34.29,0.0,Dec,2,2,1,2,Returning_Visitor,False,True
3,0.0,0,0.0,1,735.03,0.2,0.2,0.0,0.0,Mar,2,2,3,2,Returning_Visitor,False,False
3,0.0,0,0.0,62,4391.67,0.03,0.05,0.0,0.0,June,2,10,1,1,Returning_Visitor,False,False
3,60.0,0,43.19,29,1846.64,0.01,0.05,0.0,0.0,May,3,2,1,6,Returning_Visitor,False,False
2,87.57,1,43.21,5,40.0,0.07,0.08,0.0,0.6,May,2,2,1,2,Returning_Visitor,False,False
0,87.05,0,43.16,21,736.05,0.03,0.06,0.0,0.0,Dec,1,2,1,1,Returning_Visitor,True,False
8,131.33,1,4.0,95,736.0,0.03,0.05,0.0,0.0,May,2,2,1,4,Returning_Visitor,True,False
3,0.0,0,43.22,7,65.0,0.03,0.15,0.0,0.0,May,3,2,1,2,Returning_Visitor,False,False
2,87.66,1,0.0,4,38.3,0.01,0.07,0.0,0.0,Nov,1,2,1,2,Returning_Visitor,False,False
0,0.0,1,0.0,25,802.95,0.02,0.04,10.44,0.0,May,2,2,1,1,Returning_Visitor,False,True
0,0.0,2,5.5,141,739.21,0.03,0.05,0.0,0.0,Dec,2,2,1,2,Returning_Visitor,False,False
11,136.33,2,72.5,80,1552.5,0.0,0.01,28.25,0.0,May,2,2,1,4,Returning_Visitor,False,False
2,87.15,0,0.0,15,614.64,0.0,0.03,0.0,0.0,Nov,1,2,2,2,Returning_Visitor,False,False
3,1097.02,1,43.32,68,734.07,0.01,0.03,18.43,0.0,Aug,1,1,1,3,Returning_Visitor,False,False
0,87.12,0,0.0,35,586.38,0.02,0.05,0.0,0.0,Nov,2,4,1,3,Returning_Visitor,False,False
0,87.33,1,43.2,5,50.5,0.0,0.05,0.0,0.0,Mar,2,2,1,1,Returning_Visitor,True,False
1,57.0,1,59.5,15,736.12,0.0,0.01,0.0,0.0,May,2,2,1,1,Returning_Visitor,True,False
3,87.09,1,0.0,23,734.89,0.03,0.03,0.0,0.0,May,2,5,1,2,Returning_Visitor,False,False
3,87.48,1,43.16,7,81.67,0.03,0.02,0.0,0.0,Sep,2,2,1,2,Returning_Visitor,False,False
3,106.0,0,43.24,19,386.85,0.0,0.01,0.0,0.0,May,3,2,3,2,Returning_Visitor,False,False
3,87.31,1,43.27,1,734.47,0.2,0.05,0.0,0.0,May,1,8,1,2,Returning_Visitor,False,False
10,87.39,2,43.2,96,735.88,0.0,0.05,0.0,0.0,Mar,3,2,1,2,Returning_Visitor,False,False
3,0.0,0,43.1,6,70.83,0.0,0.02,0.0,0.0,Mar,2,2,8,2,Returning_Visitor,False,False
3,87.03,0,0.0,13,138.54,0.02,0.03,0.0,0.0,Dec,1,2,1,2,Returning_Visitor,True,False
3,0.0,0,45.21,17,801.94,0.06,0.09,18.87,0.0,Aug,3,2,1,1,Returning_Visitor,False,True
3,0.0,1,43.22,20,301.5,0.03,0.06,0.0,0.8,May,3,2,1,3,Returning_Visitor,False,False
0,0.0,1,0.0,14,101.0,0.13,0.17,0.0,0.6,May,3,2,1,2,Returning_Visitor,False,False
3,98.83,1,0.0,34,735.65,0.0,0.03,0.0,0.0,May,2,2,1,2,Returning_Visitor,False,False
0,0.0,1,43.21,10,1038.33,0.0,0.01,0.0,0.6,May,2,2,1,2,Returning_Visitor,False,False
3,87.19,1,43.22,29,819.59,0.03,0.05,0.0,0.0,Nov,3,2,1,3,Returning_Visitor,False,False
0,87.25,1,85.0,2,35.5,0.0,0.07,0.0,0.4,May,1,2,8,2,Returning_Visitor,False,False
3,87.19,0,0.0,13,736.03,0.03,0.02,0.0,0.0,May,2,2,8,3,New_Visitor,False,False
0,101.37,0,45.24,4,226.8,0.04,0.06,12.84,0.0,Nov,1,1,6,2,Returning_Visitor,False,True
3,86.7,0,43.22,14,124.75,0.0,0.05,0.0,0.0,Dec,4,2,4,2,Returning_Visitor,False,False
3,27.0,1,43.16,4,735.68,0.03,0.03,0.0,0.0,May,1,1,1,2,Returning_Visitor,False,False
0,0.0,1,0.0,31,1144.97,0.02,0.01,77.04,0.0,Dec,2,2,7,2,Returning_Visitor,False,True
3,0.0,1,43.22,17,318.25,0.01,0.05,17.96,0.0,Nov,2,5,1,1,Returning_Visitor,True,True
3,87.21,0,43.2,12,735.59,0.02,0.02,0.0,0.0,Dec,1,2,7,2,Returning_Visitor,False,False
3,87.47,1,0.0,12,91.75,0.0,0.05,0.0,0.0,Nov,1,2,1,2,Returning_Visitor,False,False
3,168.91,2,18.4,36,853.85,0.0,0.05,5.65,0.0,Oct,3,2,1,2,Returning_Visitor,False,False
3,87.58,0,43.15,2,44.5,0.0,0.02,0.0,0.0,Dec,1,2,2,2,New_Visitor,False,False
3,319.4,1,251.8,53,2525.31,0.02,0.04,52.98,0.0,Jul,2,2,1,4,Returning_Visitor,False,True
0,99.18,0,0.0,38,1251.93,0.02,0.01,0.0,0.0,Nov,1,2,1,1,Returning_Visitor,False,False
3,134.0,0,43.17,5,78.5,0.0,0.05,0.0,0.0,May,2,2,7,2,Returning_Visitor,False,False
3,87.43,1,0.0,2,0.0,0.2,0.2,0.0,0.0,Aug,1,2,1,1,Returning_Visitor,False,False
0,87.25,0,0.0,1,0.0,0.03,0.2,0.0,0.0,Mar,1,2,8,2,Returning_Visitor,False,False
9,87.11,0,0.0,44,737.09,0.01,0.03,0.0,0.0,May,2,2,1,2,Returning_Visitor,True,False
3,226.95,0,0.0,57,736.74,0.0,0.02,0.0,0.0,May,2,2,1,13,Returning_Visitor,False,False
6,259.18,1,0.0,54,735.48,0.03,0.05,0.0,0.0,Oct,3,2,1,2,Returning_Visitor,False,False
3,16.0,1,45.17,15,2773.5,0.0,0.03,78.81,0.0,Dec,2,2,1,2,Returning_Visitor,False,True
3,87.29,2,10.0,16,401.95,0.0,0.05,0.0,0.0,May,1,1,1,3,Returning_Visitor,False,False
0,0.0,0,0.0,39,1262.65,0.03,0.01,0.0,0.0,Nov,3,2,1,10,Returning_Visitor,False,True
3,87.36,1,0.0,1,0.0,0.2,0.2,0.0,0.0,Dec,3,2,1,2,Returning_Visitor,False,False
3,101.31,3,141.88,29,1293.65,0.0,0.02,1.48,0.0,Aug,2,2,4,2,Returning_Visitor,True,False
0,87.2,0,0.0,18,1456.92,0.03,0.03,0.0,0.0,Dec,3,3,1,2,Returning_Visitor,False,False
3,54.4,1,43.36,6,270.9,0.0,0.05,0.0,0.0,Oct,1,1,7,2,New_Visitor,False,False
11,82.23,0,0.0,440,736.51,0.03,0.05,1.56,1.0,May,2,2,1,20,Returning_Visitor,True,False
3,86.72,1,0.0,10,735.18,0.03,0.06,0.0,1.0,May,1,2,1,4,Returning_Visitor,True,False
0,87.1,0,0.0,19,429.63,0.03,0.01,0.0,0.0,Mar,2,2,1,3,Returning_Visitor,False,False
3,87.1,0,43.26,3,0.0,0.2,0.05,0.0,0.0,Nov,2,2,1,2,Returning_Visitor,False,False
6,145.0,1,0.0,13,644.0,0.03,0.01,0.0,0.0,Mar,2,2,1,2,New_Visitor,False,False
0,87.24,0,43.19,1,340.2,0.07,0.08,0.0,0.0,May,1,1,3,2,Returning_Visitor,True,False
3,0.0,0,0.0,2,92.0,0.0,0.1,0.0,0.0,Mar,2,2,8,1,Returning_Visitor,False,False
3,87.15,1,0.0,7,228.0,0.0,0.03,0.0,0.0,Dec,1,2,6,2,Returning_Visitor,False,False
9,102.87,1,45.26,29,693.25,0.0,0.01,77.65,0.0,Dec,2,10,1,2,Returning_Visitor,False,True
0,86.79,1,43.16,11,194.5,0.03,0.05,0.0,0.0,Nov,2,10,3,1,Returning_Visitor,False,False
3,0.0,1,0.0,10,455.0,0.02,0.02,25.75,0.0,Dec,1,1,2,2,New_Visitor,False,True
3,87.26,0,43.16,4,735.31,0.03,0.05,0.0,0.0,May,2,10,1,2,Returning_Visitor,False,False
5,87.3,0,43.21,31,735.76,0.01,0.02,0.0,0.0,May,3,2,6,2,Returning_Visitor,False,False
3,87.43,0,43.19,3,61.5,0.07,0.1,0.0,0.0,Dec,3,2,1,2,Returning_Visitor,False,False
3,148.67,0,43.23,23,908.47,0.03,0.05,25.62,0.8,May,3,2,1,13,Returning_Visitor,False,False
3,88.28,1,43.37,1,735.96,0.0,0.04,0.0,0.0,Oct,3,2,1,5,New_Visitor,False,True
9,101.09,1,0.0,7,186.4,0.02,0.04,0.0,0.0,Nov,2,2,1,20,Returning_Visitor,False,False
3,86.68,1,43.29,2,130.0,0.0,0.05,0.0,0.0,May,4,1,1,2,Returning_Visitor,False,False
9,179.27,0,0.0,101,735.02,0.03,0.01,17.54,0.0,Dec,2,2,1,2,Returning_Visitor,False,False
3,162.0,0,0.0,7,204.5,0.03,0.05,0.0,0.0,May,1,2,8,2,New_Visitor,False,False
5,87.23,1,0.0,38,1712.78,0.03,0.05,0.0,0.0,Aug,2,2,8,1,Returning_Visitor,False,False
1,87.16,0,43.13,54,736.76,0.0,0.01,0.0,0.0,Mar,2,2,1,10,Returning_Visitor,False,False
3,87.21,1,0.0,3,0.0,0.03,0.2,0.0,0.0,Nov,2,2,1,2,Returning_Visitor,False,False
0,87.26,0,0.0,2,14.0,0.0,0.1,0.0,0.0,May,2,2,1,1,Returning_Visitor,False,False
0,0.0,1,0.0,14,419.38,0.03,0.08,0.0,0.0,Nov,2,2,8,2,Returning_Visitor,False,False
3,87.22,1,43.16,68,735.85,0.03,0.05,0.0,1.0,May,3,2,1,2,Returning_Visitor,True,False
16,99.72,0,44.7,32,798.75,0.02,0.04,4.37,0.0,Mar,2,2,3,2,Returning_Visitor,False,True
3,87.39,0,42.78,20,834.08,0.0,0.05,4.85,0.0,Dec,2,2,1,2,Returning_Visitor,False,True
3,38.0,0,0.0,29,736.62,0.03,0.04,0.0,0.0,May,2,2,1,4,Returning_Visitor,False,False
0,87.16,1,0.0,0,0.0,0.2,0.2,0.0,0.0,Nov,1,1,1,2,Returning_Visitor,False,False
0,0.0,1,43.26,50,3831.1,0.03,0.02,0.0,0.0,Nov,2,2,1,10,Returning_Visitor,False,False
3,14.0,1,43.32,49,739.99,0.01,0.02,8.93,0.0,May,2,2,1,3,Returning_Visitor,False,True
4,52.5,0,0.0,12,234.4,0.0,0.01,0.0,0.0,Oct,2,2,1,2,New_Visitor,False,False
1,75.17,1,0.0,20,1173.42,0.02,0.0,21.42,0.0,Nov,3,2,8,11,Returning_Visitor,False,True
3,38.5,2,44.96,50,793.92,0.02,0.04,12.84,0.8,May,3,2,1,3,Returning_Visitor,False,False
2,87.38,2,43.25,17,1770.8,0.03,0.05,0.0,0.0,Nov,2,2,2,2,Returning_Visitor,False,False
6,101.46,0,0.0,71,801.43,0.0,0.04,12.31,0.0,Nov,3,2,1,10,Returning_Visitor,False,True
3,46.5,0,45.32,40,2338.95,0.02,0.04,9.47,0.0,Nov,1,2,1,3,Returning_Visitor,False,True
3,0.0,1,0.0,7,737.48,0.03,0.05,0.0,0.0,Dec,2,2,4,2,Returning_Visitor,False,True
3,19.5,1,43.87,47,755.1,0.02,0.03,5.47,1.0,May,2,2,1,6,Returning_Visitor,False,False
0,86.87,1,0.0,13,88.0,0.03,0.13,0.0,0.6,May,3,2,1,2,Returning_Visitor,False,False
0,87.03,1,0.0,14,222.4,0.02,0.06,0.0,0.0,Feb,1,2,1,2,Returning_Visitor,False,False
5,243.0,0,0.0,19,500.79,0.03,0.02,0.0,0.0,May,1,2,1,4,Returning_Visitor,False,False
5,87.14,1,0.0,11,146.75,0.0,0.02,0.0,0.0,Nov,1,2,1,15,Returning_Visitor,False,False
3,87.1,0,43.23,17,559.75,0.01,0.02,0.0,0.0,Nov,1,2,1,2,Returning_Visitor,False,False
4,101.38,0,0.0,16,315.17,0.0,0.04,12.53,0.0,Mar,1,1,1,2,Returning_Visitor,False,True
3,87.3,1,43.18,19,1138.79,0.0,0.01,0.0,0.0,Aug,2,2,1,2,Returning_Visitor,False,False
0,0.0,0,43.24,7,50.5,0.06,0.1,0.0,0.0,May,3,2,1,2,Returning_Visitor,True,False
1,0.0,1,0.0,21,803.06,0.0,0.04,6.28,0.0,Mar,2,2,1,2,Returning_Visitor,False,True
0,0.0,0,0.0,56,736.6,0.03,0.05,0.0,0.0,Mar,2,2,1,1,Returning_Visitor,False,False
2,202.83,1,0.0,11,613.9,0.0,0.03,3.73,0.0,Dec,2,2,1,2,Returning_Visitor,False,False
3,0.0,0,43.14,2,64.0,0.0,0.1,0.0,0.0,Feb,2,2,1,2,Returning_Visitor,False,False
2,99.72,1,0.0,45,799.56,0.0,0.0,4.86,0.0,Aug,2,2,1,1,Returning_Visitor,True,False
3,87.44,1,43.16,17,831.39,0.03,0.06,0.0,0.0,May,3,2,1,3,Returning_Visitor,False,False
6,315.17,1,45.25,10,402.81,0.01,0.04,0.0,0.0,Dec,3,2,2,2,New_Visitor,False,True
0,0.0,0,0.0,62,3564.59,0.03,0.05,0.0,0.0,Aug,3,2,1,2,Returning_Visitor,False,False
3,0.0,0,43.05,38,737.08,0.0,0.05,0.0,0.0,Nov,2,2,1,2,Returning_Visitor,False,False
3,87.89,1,43.21,21,735.35,0.02,0.06,0.0,0.0,Jul,2,2,3,2,Returning_Visitor,True,True
3,132.0,0,43.16,7,1413.33,0.04,0.05,0.0,0.0,Mar,3,2,7,8,Returning_Visitor,False,False
1,87.33,1,0.0,1,0.0,0.0,0.1,0.0,0.0,Nov,2,2,1,2,Returning_Visitor,False,False
3,0.0,1,43.18,2,5.0,0.03,0.1,0.0,0.0,Mar,2,2,1,2,Returning_Visitor,False,False
3,87.04,1,26.0,15,817.42,0.03,0.04,0.0,0.0,Mar,2,2,6,1,Returning_Visitor,False,False
0,0.0,0,43.18,24,381.36,0.03,0.02,0.0,0.0,Dec,2,2,1,1,Returning_Visitor,False,False
0,0.0,0,43.17,29,738.89,0.0,0.05,0.0,0.0,Dec,3,2,1,2,Returning_Visitor,True,False
3,0.0,0,43.12,24,736.1,0.01,0.02,0.0,0.0,Sep,2,2,1,2,Returning_Visitor,False,False
3,86.69,1,43.23,19,736.33,0.03,0.03,0.0,0.8,May,2,4,1,3,Returning_Visitor,False,False
3,87.28,1,0.0,68,736.44,0.03,0.01,0.0,0.0,Mar,2,2,4,8,Returning_Visitor,False,False
3,87.42,1,0.0,1,0.0,0.03,0.05,0.0,0.0,Dec,3,2,7,1,Returning_Visitor,False,False
1,88.2,0,0.0,50,736.64,0.02,0.05,0.0,0.0,Nov,3,2,1,2,Returning_Visitor,False,False
3,227.6,0,45.14,27,1301.3,0.02,0.02,5.9,0.0,Aug,2,2,1,2,Returning_Visitor,False,False
3,87.05,1,0.0,6,735.8,0.13,0.17,0.0,0.0,Mar,2,2,1,3,Returning_Visitor,False,False
3,96.54,1,44.47,23,1183.9,0.02,0.05,0.0,0.0,Dec,2,2,1,2,Returning_Visitor,False,False
3,94.6,0,43.2,16,1254.0,0.03,0.05,0.0,0.0,Nov,3,2,7,2,New_Visitor,True,False
0,0.0,0,43.19,3,333.0,0.0,0.05,0.0,0.0,Mar,2,2,2,2,Returning_Visitor,False,False
3,87.3,1,0.0,4,55.0,0.0,0.05,0.0,0.0,Mar,2,2,1,1,Returning_Visitor,False,False
0,87.12,0,0.0,1,0.0,0.2,0.2,0.0,0.0,June,1,8,3,2,Returning_Visitor,True,False
0,87.34,1,29.5,7,103.52,0.0,0.0,0.0,0.0,Nov,3,2,1,2,Returning_Visitor,False,False
11,631.42,5,1037.15,501,798.65,0.02,0.04,9.13,0.0,Nov,2,2,1,2,Returning_Visitor,False,True
7,56.5,0,0.0,96,738.35,0.01,0.05,0.0,0.0,Nov,3,2,1,2,Returning_Visitor,True,False
2,87.2,0,43.3,8,183.8,0.0,0.05,0.0,0.0,Oct,1,2,1,5,New_Visitor,False,False
7,147.79,2,236.0,28,800.7,0.02,0.02,11.28,0.0,May,3,2,1,2,Returning_Visitor,False,False
3,87.33,0,0.0,29,5198.53,0.03,0.05,0.0,0.0,May,2,2,2,2,Returning_Visitor,False,False
3,86.98,0,43.22,15,736.21,0.0,0.04,0.0,0.0,May,2,2,1,2,Returning_Visitor,False,False
8,289.0,0,0.0,139,735.49,0.03,0.05,8.3,0.0,Aug,2,2,2,2,Returning_Visitor,False,False
9,87.54,0,0.0,73,736.44,0.03,0.05,0.0,0.0,Nov,3,2,1,2,Returning_Visitor,True,False
3,87.35,1,0.0,41,735.58,0.03,0.05,0.0,0.0,Mar,2,6,2,2,Returning_Visitor,False,False
3,87.39,0,0.0,3,735.78,0.03,0.07,0.0,0.0,Mar,2,2,1,2,Returning_Visitor,False,False
3,20.0,0,0.0,24,242.0,0.03,0.05,0.0,0.0,May,2,2,1,11,Returning_Visitor,False,False
3,86.93,1,43.25,3,736.12,0.07,0.13,0.0,0.0,Mar,2,2,7,10,Returning_Visitor,False,False
3,87.59,5,53.83,2,31.17,0.0,0.03,0.0,0.0,Nov,2,2,4,2,Returning_Visitor,False,False
3,0.0,0,43.19,10,734.83,0.0,0.04,0.0,0.0,Dec,1,1,3,2,Returning_Visitor,False,False
7,54.84,1,475.2,20,393.41,0.03,0.03,0.0,0.0,Jul,2,2,1,4,Returning_Visitor,False,True
3,18.0,0,0.0,15,272.33,0.0,0.04,0.0,0.6,May,2,2,3,3,Returning_Visitor,False,False
0,87.11,1,0.0,3,734.25,0.03,0.05,0.0,0.6,May,1,2,3,2,Returning_Visitor,False,False
1,36.0,0,43.2,34,2240.17,0.01,0.03,0.0,0.6,May,1,1,1,2,Returning_Visitor,False,False
3,523.92,2,43.17,25,735.59,0.0,0.02,0.0,0.0,Mar,2,2,1,2,Returning_Visitor,False,False
3,281.33,3,108.0,14,562.67,0.03,0.01,0.0,0.6,May,1,1,1,2,Returning_Visitor,False,False
4,87.07,0,43.14,7,534.0,0.03,0.03,0.0,0.0,Aug,2,2,7,2,Returning_Visitor,False,False
7,190.26,4,195.0,124,735.99,0.03,0.05,7.06,0.0,Nov,3,2,1,2,Returning_Visitor,True,False
3,87.48,1,43.44,33,735.69,0.03,0.05,0.0,0.0,Sep,1,8,1,2,Returning_Visitor,False,False
3,87.36,1,43.27,1,734.07,0.2,0.2,0.0,0.0,May,1,1,3,2,Returning_Visitor,False,False
6,87.12,1,0.0,21,735.03,0.0,0.01,0.0,0.0,Dec,2,2,1,2,New_Visitor,False,True
0,0.0,1,45.58,5,122.4,0.03,0.04,0.0,0.0,Jul,3,2,2,4,Returning_Visitor,False,False
0,86.81,0,43.26,3,8.0,0.07,0.13,0.0,0.0,Mar,2,4,1,3,Returning_Visitor,False,False
6,202.4,1,0.0,22,2006.05,0.03,0.03,8.05,0.0,Nov,6,2,4,2,Returning_Visitor,False,False
11,87.28,1,160.4,25,489.15,0.03,0.02,0.0,0.0,Aug,3,2,3,2,Returning_Visitor,True,False
5,179.5,1,0.0,36,1792.8,0.03,0.05,0.0,0.0,Mar,2,2,3,2,Returning_Visitor,False,False
0,0.0,0,0.0,59,736.48,0.03,0.05,7.73,0.4,May,2,2,1,13,Returning_Visitor,False,False
0,0.0,0,0.0,27,736.99,0.03,0.05,0.0,0.0,Mar,2,2,1,2,Returning_Visitor,False,False
3,87.21,0,43.2,8,735.65,0.0,0.01,0.0,0.0,Mar,2,2,1,2,Returning_Visitor,False,False
3,238.4,0,43.22,8,132.23,0.0,0.05,0.0,0.0,May,3,2,1,18,Returning_Visitor,False,False
3,87.24,1,0.0,14,735.6,0.0,0.05,0.0,0.0,Dec,2,2,1,2,New_Visitor,False,False
0,87.63,1,43.18,35,897.67,0.01,0.02,5.22,0.0,May,3,2,2,2,Returning_Visitor,False,True
0,86.94,0,43.16,4,95.0,0.0,0.05,0.0,0.0,Dec,8,13,9,20,Returning_Visitor,False,False
0,0.0,0,43.18,8,219.0,0.0,0.03,0.0,0.0,Dec,2,2,3,2,Returning_Visitor,False,False
2,25.0,0,0.0,7,181.75,0.0,0.02,0.0,0.0,Dec,2,2,1,2,Returning_Visitor,False,False
0,86.91,0,43.25,12,1287.0,0.0,0.05,0.0,0.4,May,4,2,2,13,Returning_Visitor,False,False
3,0.0,0,43.23,3,55.0,0.0,0.05,0.0,0.0,Mar,2,2,1,2,Returning_Visitor,False,False
2,144.0,1,0.0,25,1711.33,0.0,0.05,0.0,0.0,May,2,2,1,1,Returning_Visitor,False,False
3,87.29,0,43.16,17,750.17,0.03,0.05,0.0,0.0,Mar,3,2,1,2,Returning_Visitor,False,False
5,97.5,1,43.13,24,758.14,0.04,0.06,0.0,0.0,Mar,3,2,1,2,Returning_Visitor,True,False
3,4.0,1,43.16,22,735.53,0.03,0.04,0.0,0.0,Nov,4,2,1,2,Returning_Visitor,False,False
5,210.78,3,215.0,33,802.66,0.02,0.03,11.69,0.0,May,3,2,3,13,Returning_Visitor,False,True
3,86.94,0,0.0,70,1652.49,0.03,0.05,0.0,0.0,Nov,1,2,1,8,Returning_Visitor,False,False
15,87.56,0,0.0,32,641.69,0.02,0.05,0.0,0.0,Nov,3,2,1,13,Returning_Visitor,False,False
0,86.81,0,0.0,7,701.0,0.0,0.06,0.0,0.8,May,2,5,1,4,Returning_Visitor,False,False
3,48.5,0,0.0,5,396.17,0.03,0.05,0.0,0.0,Dec,3,2,5,2,Returning_Visitor,False,False
3,150.12,4,26.5,26,1332.7,0.03,0.05,5.47,0.0,Dec,3,2,3,2,Returning_Visitor,False,False
3,36.0,1,395.0,12,735.44,0.03,0.01,0.0,0.0,Mar,2,2,1,2,New_Visitor,False,False
3,80.0,1,45.25,41,800.06,0.02,0.04,6.53,0.0,May,2,2,1,4,Returning_Visitor,False,False
18,101.17,4,67.5,178,798.04,0.02,0.04,0.0,0.0,Nov,3,2,1,8,Returning_Visitor,False,True
3,87.29,1,43.17,45,591.26,0.03,0.05,0.0,0.0,Sep,2,2,1,2,Returning_Visitor,False,True
4,87.34,0,0.0,31,731.0,0.03,0.05,0.0,0.0,Dec,2,2,4,2,Returning_Visitor,True,False
7,87.29,0,43.22,24,735.92,0.0,0.01,0.0,0.0,Mar,2,2,4,3,New_Visitor,False,False
3,0.0,1,43.27,2,17.0,0.0,0.05,0.0,0.0,Nov,4,1,4,2,Returning_Visitor,False,False
0,87.24,0,43.18,2,35.2,0.0,0.05,0.0,0.0,June,2,2,2,2,Returning_Visitor,False,False
0,0.0,0,43.12,72,736.99,0.01,0.05,0.0,0.0,Nov,2,2,1,2,Returning_Visitor,False,False
3,0.0,1,43.15,2,5.0,0.0,0.1,0.0,0.0,Mar,2,2,1,2,Returning_Visitor,False,False
3,0.0,1,0.0,20,801.61,0.0,0.01,47.58,0.0,Oct,2,2,1,2,Returning_Visitor,True,True
3,32.83,1,13.25,58,1470.63,0.01,0.05,0.0,0.0,Nov,3,2,1,1,Returning_Visitor,False,False
0,86.87,0,43.31,15,143.75,0.08,0.09,0.0,0.6,May,3,2,1,13,Returning_Visitor,False,False
0,87.39,0,0.0,2,69.0,0.0,0.05,0.0,0.0,May,3,2,3,2,Returning_Visitor,False,False
0,0.0,1,43.18,24,754.3,0.0,0.01,0.0,0.0,Nov,2,2,1,2,Returning_Visitor,False,False
3,0.0,0,43.22,22,735.9,0.03,0.01,0.0,0.0,May,2,2,1,2,Returning_Visitor,False,False
3,87.17,1,43.24,3,60.0,0.0,0.07,0.0,0.0,Dec,1,2,7,2,Returning_Visitor,False,False
3,87.44,1,43.27,0,734.34,0.2,0.2,0.0,0.0,Nov,1,2,1,2,Returning_Visitor,False,False
3,87.84,0,43.25,13,736.21,0.05,0.05,0.0,0.0,Nov,3,2,3,1,Returning_Visitor,False,False
3,87.24,1,0.0,22,650.67,0.03,0.05,0.0,0.0,May,2,2,1,1,Returning_Visitor,False,False
5,87.85,2,43.2,64,736.62,0.03,0.02,4.87,0.0,May,3,3,3,4,Returning_Visitor,True,False
3,0.0,0,0.0,8,228.0,0.0,0.05,0.0,0.0,Mar,4,2,1,2,Returning_Visitor,False,False
1,87.35,0,0.0,58,2492.22,0.03,0.05,0.0,0.0,Nov,3,2,1,2,Returning_Visitor,False,False
3,0.0,0,0.0,2,0.0,0.2,0.05,0.0,0.0,May,1,1,1,1,Returning_Visitor,False,False
1,46.61,0,45.04,45,1873.59,0.0,0.01,42.27,0.0,Dec,1,2,3,2,Returning_Visitor,False,False
3,0.0,1,0.0,48,735.59,0.0,0.05,0.0,0.0,Sep,1,2,4,2,Returning_Visitor,False,False
3,100.37,0,0.0,82,3801.68,0.01,0.04,0.91,0.0,Sep,2,2,1,4,Returning_Visitor,False,False
3,87.04,1,43.15,14,735.26,0.02,0.05,0.0,0.0,May,1,2,2,2,Returning_Visitor,False,False
3,106.9,0,0.0,211,736.68,0.03,0.05,0.0,0.0,Aug,2,2,1,13,Returning_Visitor,False,False
3,0.0,1,43.21,1,0.0,0.2,0.05,0.0,0.0,Mar,3,2,3,2,Returning_Visitor,False,False
3,87.07,1,43.16,18,521.5,0.02,0.06,0.0,0.0,May,2,2,1,2,Returning_Visitor,False,False
0,0.0,0,0.0,26,736.23,0.03,0.05,0.0,0.8,May,2,2,1,4,Returning_Visitor,False,False
0,0.0,1,0.0,1,0.0,0.2,0.05,0.0,0.0,May,3,2,3,2,Returning_Visitor,True,False
0,87.29,1,43.19,8,72.5,0.03,0.04,0.0,0.0,May,3,2,1,4,Returning_Visitor,False,False
3,87.06,0,0.0,6,835.83,0.03,0.07,0.0,0.0,Mar,1,1,1,2,Returning_Visitor,False,False
3,88.01,0,0.0,84,749.01,0.03,0.05,0.0,0.0,June,2,2,1,1,Returning_Visitor,False,False
0,0.0,1,0.0,16,242.75,0.03,0.0,0.0,0.0,Nov,1,2,1,11,Returning_Visitor,False,False
9,125.27,2,115.0,146,736.1,0.03,0.05,8.6,0.0,Dec,2,2,1,2,Returning_Visitor,True,False
0,86.93,0,43.17,7,736.29,0.03,0.05,0.0,0.0,Dec,5,2,4,2,Returning_Visitor,True,False
2,50.5,1,0.0,14,801.56,0.02,0.01,100.78,0.0,May,2,2,3,2,Returning_Visitor,False,True
10,236.41,3,118.0,313,737.24,0.03,0.05,6.98,1.0,May,2,2,1,2,Returning_Visitor,True,False
3,263.36,0,0.0,69,736.18,0.03,0.05,0.0,0.0,Nov,3,2,1,2,Returning_Visitor,False,True
0,86.82,0,43.33,21,597.33,0.09,0.12,0.0,0.6,May,3,2,1,2,Returning_Visitor,False,False
3,87.45,1,43.23,1,0.0,0.2,0.2,0.0,0.0,May,3,2,1,3,Returning_Visitor,False,False
3,108.0,1,43.19,16,448.5,0.0,0.01,0.0,0.0,May,2,6,1,1,Returning_Visitor,False,False
0,87.11,0,43.28,2,3.0,0.1,0.05,0.0,0.8,May,2,2,4,2,Returning_Visitor,False,False
3,0.0,1,43.25,11,735.4,0.2,0.2,0.0,0.8,May,3,2,1,3,Returning_Visitor,False,False
7,87.16,0,0.0,33,735.81,0.03,0.05,0.0,0.0,Dec,2,2,1,2,Returning_Visitor,False,False
3,0.0,0,43.17,9,735.73,0.0,0.03,0.0,0.0,Dec,3,2,3,10,New_Visitor,False,False
2,87.87,0,0.0,2,14.35,0.0,0.05,0.0,0.0,Aug,3,2,6,5,New_Visitor,True,False
9,509.83,1,23.0,27,1438.85,0.02,0.04,0.0,0.0,Dec,1,2,3,2,Returning_Visitor,False,False
3,0.0,0,43.27,91,739.15,0.03,0.05,0.0,0.0,Jul,2,2,1,13,Returning_Visitor,False,False
4,47.5,1,0.0,37,839.21,0.01,0.02,12.97,0.0,Nov,1,2,1,2,Returning_Visitor,False,True
3,99.75,1,0.0,89,2520.06,0.02,0.04,40.52,0.0,Nov,2,2,1,3,Returning_Visitor,False,True
3,0.0,0,43.22,14,183.67,0.0,0.05,0.0,0.0,Mar,3,2,3,2,Returning_Visitor,False,False
6,197.8,0,45.13,48,3332.29,0.02,0.01,11.45,0.0,Mar,1,2,1,3,Returning_Visitor,False,False
3,0.0,1,46.0,9,546.0,0.0,0.02,0.0,0.0,Mar,2,6,1,2,Returning_Visitor,False,False
3,87.57,0,43.24,0,0.0,0.0,0.03,0.0,0.0,Mar,3,2,6,2,Returning_Visitor,False,False
7,87.21,1,43.29,26,734.53,0.03,0.05,0.0,0.0,Mar,1,2,1,2,Returning_Visitor,False,False
3,87.52,1,43.21,18,735.92,0.01,0.05,0.0,0.0,Mar,3,2,1,1,Returning_Visitor,True,False
3,87.15,1,0.0,15,383.46,0.0,0.05,0.0,0.0,Dec,2,2,2,2,Returning_Visitor,False,False
3,0.0,1,0.0,14,735.7,0.06,0.05,0.0,0.0,June,1,1,2,3,Returning_Visitor,False,False
3,98.67,0,44.79,21,411.08,0.02,0.02,0.0,0.0,Nov,3,2,1,2,Returning_Visitor,False,False
3,87.02,1,0.0,48,735.47,0.03,0.01,0.0,0.0,Nov,1,1,1,2,Returning_Visitor,False,True
16,427.07,1,111.0,122,3492.32,0.01,0.04,86.58,0.0,Nov,1,1,1,3,Returning_Visitor,False,False
0,0.0,0,43.22,79,3129.39,0.02,0.05,0.0,0.0,May,3,2,1,3,Returning_Visitor,False,False
3,61.0,1,0.0,5,97.0,0.0,0.05,0.0,0.0,Mar,2,2,1,1,Returning_Visitor,False,False
0,0.0,0,0.0,5,735.34,0.0,0.05,0.0,0.0,Nov,3,2,7,2,Returning_Visitor,True,False
0,101.52,0,0.0,27,803.11,0.02,0.01,11.99,0.0,Mar,1,1,1,2,Returning_Visitor,True,True
3,26.75,3,49.5,62,738.33,0.01,0.05,0.0,0.0,Dec,3,2,1,2,Returning_Visitor,False,False
3,0.0,0,0.0,32,2479.34,0.0,0.01,0.0,0.0,Nov,2,2,3,7,Returning_Visitor,False,False
0,0.0,0,43.3,3,25.0,0.07,0.13,0.0,1.0,May,3,2,3,2,Returning_Visitor,False,False
7,87.22,0,0.0,58,735.76,0.0,0.05,0.0,0.0,Oct,2,2,1,2,Returning_Visitor,False,False
3,87.4,0,43.1,14,266.66,0.01,0.03,0.0,0.0,Sep,3,2,3,1,Returning_Visitor,False,False
7,119.57,0,0.0,25,499.61,0.0,0.03,0.0,0.0,Nov,1,1,1,8,Returning_Visitor,False,False
3,223.33,1,43.2,37,1118.99,0.0,0.05,0.0,0.0,Nov,2,2,1,2,Returning_Visitor,True,False
3,101.38,1,0.0,10,801.41,0.0,0.02,32.38,0.0,May,2,2,2,1,Returning_Visitor,False,True
4,85.0,0,43.17,3,43.5,0.03,0.05,0.0,0.0,Dec,1,1,1,2,New_Visitor,True,False
1,19.0,0,45.29,11,501.75,0.02,0.03,55.49,0.0,May,2,4,1,2,Returning_Visitor,False,True
0,0.0,0,0.0,48,735.47,0.03,0.01,0.0,0.0,Nov,2,4,1,2,Returning_Visitor,False,False
14,512.58,4,211.0,61,798.71,0.02,0.04,27.62,0.0,Oct,1,1,1,1,Returning_Visitor,False,False
3,87.23,0,0.0,12,735.46,0.03,0.05,0.0,0.0,Mar,1,1,1,1,Returning_Visitor,False,False
0,0.0,0,0.0,15,176.5,0.04,0.05,0.0,0.0,Jul,2,2,1,3,Returning_Visitor,False,False
0,87.25,1,42.4,61,735.8,0.03,0.0,0.0,0.0,June,2,2,6,2,Returning_Visitor,False,False
3,86.92,1,43.34,20,402.33,0.03,0.05,0.0,0.6,May,2,2,3,13,Returning_Visitor,False,False
0,87.15,0,0.0,1,734.94,0.2,0.05,0.0,1.0,May,4,1,1,2,Returning_Visitor,False,False
3,0.0,0,0.0,19,623.2,0.03,0.04,0.0,0.0,Jul,2,2,1,2,Returning_Visitor,True,False
5,87.13,1,43.23,25,389.41,0.03,0.01,0.0,0.0,Dec,3,2,1,2,Returning_Visitor,False,False
0,0.0,1,0.0,4,97.0,0.0,0.05,0.0,0.0,Mar,2,2,1,2,Returning_Visitor,False,False
0,0.0,0,43.24,10,735.41,0.04,0.07,0.0,0.2,May,1,2,1,19,Returning_Visitor,False,False
3,87.25,0,43.25,24,735.34,0.03,0.02,0.0,0.6,May,3,2,3,2,Returning_Visitor,False,False
5,84.35,3,106.8,80,4240.04,0.02,0.04,1.26,0.0,Jul,3,2,1,2,Returning_Visitor,False,False
3,0.0,0,0.0,25,735.9,0.02,0.03,0.0,0.0,Sep,3,2,3,2,Returning_Visitor,False,False
3,68.73,1,45.19,44,2498.87,0.0,0.01,11.33,0.0,Oct,2,2,4,1,Returning_Visitor,False,True
3,0.0,1,0.0,14,354.25,0.0,0.02,124.03,0.0,May,1,1,6,2,Returning_Visitor,False,True
4,74.21,1,45.13,32,1367.63,0.01,0.04,50.83,0.0,May,3,2,1,2,Returning_Visitor,True,True
3,68.0,0,0.0,8,735.49,0.03,0.01,0.0,0.0,Mar,1,1,9,3,Returning_Visitor,False,False
2,47.0,0,0.0,39,735.31,0.03,0.02,78.93,0.0,Mar,3,3,1,1,Returning_Visitor,False,True
11,238.78,1,9.0,200,800.59,0.02,0.04,21.83,0.0,Nov,2,2,1,2,Returning_Visitor,False,True
2,3.0,2,63.5,118,736.19,0.0,0.05,0.0,0.0,Nov,2,2,1,2,Returning_Visitor,True,False
3,87.61,1,43.2,24,735.15,0.0,0.02,14.85,0.0,Jul,3,2,2,1,Returning_Visitor,True,False
3,7.0,1,43.27,25,1644.0,0.0,0.02,0.0,0.0,Mar,2,2,1,10,Returning_Visitor,False,False
3,87.44,1,43.24,10,734.93,0.0,0.05,0.0,0.0,Nov,3,2,6,2,Returning_Visitor,False,False
3,87.48,1,0.0,26,933.33,0.01,0.05,1.85,0.0,May,2,2,1,13,Returning_Visitor,False,False
3,2.0,1,43.21,0,0.0,0.03,0.05,0.0,0.0,May,1,1,3,2,Returning_Visitor,True,False
3,18.5,1,0.0,12,735.56,0.03,0.08,0.0,0.0,Mar,2,2,1,2,Returning_Visitor,False,False
5,121.43,1,8.0,16,798.89,0.02,0.01,38.41,0.0,Nov,2,2,1,2,Returning_Visitor,False,False
7,250.33,1,43.2,7,180.33,0.0,0.02,0.0,0.0,Mar,2,2,1,2,New_Visitor,False,False
3,0.0,1,43.22,1,735.13,0.2,0.2,0.0,0.0,Nov,2,2,1,1,Returning_Visitor,False,False
3,0.0,1,0.0,4,129.5,0.0,0.05,0.0,0.0,Dec,8,2,1,20,Other,False,False
4,87.23,1,0.0,23,735.39,0.0,0.01,0.0,0.0,Dec,8,2,1,2,New_Visitor,True,False
2,88.0,0,43.18,16,1106.33,0.03,0.05,0.0,0.0,Mar,1,2,1,2,Returning_Visitor,False,False
3,87.28,1,0.0,5,368.0,0.0,0.02,0.0,0.0,Dec,4,1,2,2,Returning_Visitor,True,False
0,0.0,0,0.0,15,735.39,0.03,0.05,0.0,0.0,Mar,1,2,1,1,Returning_Visitor,False,False
3,90.0,1,0.0,37,592.84,0.01,0.05,0.0,0.0,Nov,2,2,1,2,Returning_Visitor,False,False
3,87.06,0,0.0,3,48.5,0.0,0.07,0.0,0.0,Dec,4,1,1,2,Returning_Visitor,False,False
1,26.2,1,6.0,28,677.53,0.0,0.02,0.0,0.0,Jul,1,2,6,1,Returning_Visitor,True,True
0,87.28,1,43.21,65,736.23,0.03,0.03,0.0,0.0,Dec,2,2,1,2,Returning_Visitor,False,False
3,0.0,0,0.0,21,987.9,0.01,0.05,0.0,0.0,Dec,2,4,2,1,Returning_Visitor,False,False
3,0.0,0,43.22,12,418.33,0.0,0.0,0.0,0.0,May,2,4,1,5,Returning_Visitor,False,False
0,0.0,0,0.0,1,735.49,0.2,0.2,0.0,0.0,Mar,1,2,1,3,Returning_Visitor,True,False
5,193.0,1,13.0,66,2049.46,0.03,0.01,29.46,0.0,Mar,3,2,1,2,Returning_Visitor,True,False
3,101.34,1,0.0,8,332.0,0.02,0.03,14.13,0.0,Nov,1,2,4,2,Returning_Visitor,False,True
4,120.0,1,64.0,52,1859.08,0.03,0.02,17.25,0.0,May,2,2,2,13,Returning_Visitor,False,True
3,87.56,1,84.0,37,735.44,0.0,0.01,0.0,0.0,Mar,2,2,1,2,Returning_Visitor,False,False
3,87.22,0,0.0,2,0.0,0.03,0.05,0.0,0.0,May,2,2,4,2,Returning_Visitor,True,False
1,60.0,1,15.0,26,736.13,0.0,0.0,0.0,0.0,May,2,2,3,2,Returning_Visitor,False,False
1,0.0,1,46.5,22,751.37,0.02,0.05,0.0,0.0,Nov,3,2,7,2,Returning_Visitor,False,False
3,37.5,0,0.0,55,735.55,0.03,0.05,0.0,0.8,May,1,1,1,4,Returning_Visitor,False,False
3,218.67,1,0.0,24,1737.0,0.02,0.04,23.52,0.0,Nov,1,1,1,2,Returning_Visitor,False,True
3,86.55,0,0.0,4,104.0,0.0,0.05,0.0,0.4,Feb,2,6,6,2,Returning_Visitor,False,False
0,0.0,0,43.21,20,806.5,0.01,0.05,0.0,0.6,May,2,4,1,3,Returning_Visitor,False,False
3,116.96,4,225.37,42,539.23,0.02,0.04,0.0,0.0,Jul,1,1,1,2,Returning_Visitor,False,True
0,0.0,1,0.0,8,184.38,0.0,0.01,0.0,0.0,Nov,1,2,1,2,Returning_Visitor,False,False
14,101.39,1,118.8,31,835.71,0.0,0.01,33.06,0.0,Nov,2,2,1,2,Returning_Visitor,False,True
2,87.35,0,43.16,29,598.3,0.03,0.05,0.0,0.0,Mar,2,6,1,1,Returning_Visitor,False,False
14,375.28,0,0.0,156,736.84,0.03,0.05,2.99,1.0,May,2,2,1,1,Returning_Visitor,True,False
2,87.23,1,43.18,17,548.33,0.0,0.05,0.0,0.0,Mar,2,2,1,2,Returning_Visitor,False,False
3,87.4,0,0.0,1,0.0,0.03,0.2,0.0,0.0,Nov,1,1,3,2,Returning_Visitor,False,False
3,100.55,0,0.0,17,935.25,0.02,0.04,0.0,0.0,Nov,2,2,1,2,New_Visitor,False,False
3,46.3,1,43.28,2,9.0,0.03,0.05,0.0,0.0,Sep,2,2,1,2,New_Visitor,False,False
3,0.0,1,43.26,29,743.17,0.0,0.01,0.0,0.0,May,1,2,1,4,Returning_Visitor,False,False
0,87.19,0,0.0,5,371.0,0.0,0.02,0.0,0.0,Mar,2,2,1,2,Returning_Visitor,False,False
0,86.82,0,0.0,5,70.0,0.04,0.08,0.0,0.4,May,2,5,6,3,Returning_Visitor,False,False
0,0.0,0,0.0,30,1254.3,0.03,0.05,0.0,0.0,Nov,1,2,1,2,Returning_Visitor,True,False
3,86.91,0,43.19,7,151.5,0.03,0.05,0.0,0.8,May,2,2,1,2,Returning_Visitor,False,False
3,294.0,1,0.0,12,936.0,0.02,0.04,26.23,0.0,May,2,2,1,2,Returning_Visitor,True,True
3,101.39,1,45.22,9,372.6,0.02,0.02,55.9,0.0,Jul,2,2,1,4,Returning_Visitor,False,True
0,0.0,0,0.0,65,3864.43,0.01,0.05,2.74,0.0,May,2,4,1,1,Returning_Visitor,False,False
0,87.18,0,0.0,6,735.15,0.03,0.03,0.0,0.0,May,1,1,2,2,Returning_Visitor,False,False
3,86.75,0,0.0,13,737.66,0.0,0.05,0.0,0.0,Nov,3,2,3,2,New_Visitor,True,False
0,0.0,0,0.0,6,734.62,0.03,0.05,0.0,0.0,Oct,1,2,1,2,Returning_Visitor,False,False
6,101.31,0,0.0,51,800.74,0.0,0.04,6.23,0.0,Nov,2,2,1,2,Returning_Visitor,False,True
3,0.0,1,43.27,1,735.36,0.0,0.1,0.0,0.0,Dec,2,4,3,1,Returning_Visitor,False,False
3,87.76,2,47.5,53,1262.49,0.03,0.05,0.0,0.0,Dec,2,2,8,2,Returning_Visitor,True,False
8,101.4,0,45.21,20,411.39,0.02,0.02,17.39,0.0,May,3,2,1,3,Returning_Visitor,False,True
0,87.13,0,43.16,27,735.66,0.03,0.01,0.0,0.0,June,2,2,1,2,Returning_Visitor,False,False
0,0.0,1,0.0,28,735.56,0.03,0.05,0.0,0.0,Mar,2,5,1,1,Returning_Visitor,False,False
0,0.0,0,0.0,22,734.95,0.03,0.05,0.0,0.4,May,2,2,9,6,Returning_Visitor,False,False
3,87.06,1,43.19,8,188.0,0.05,0.09,0.0,0.0,Dec,1,2,1,2,Returning_Visitor,False,False
1,0.0,1,43.26,0,0.0,0.2,0.2,0.0,0.0,May,1,2,6,2,Returning_Visitor,False,False
2,178.5,1,45.25,19,2340.5,0.02,0.02,52.08,0.0,May,2,2,1,4,Returning_Visitor,False,False
3,126.75,1,0.0,22,735.58,0.03,0.05,0.0,0.0,Dec,3,2,2,2,Returning_Visitor,False,False
1,87.29,0,0.0,25,735.86,0.0,0.05,0.0,0.0,Mar,2,2,7,2,Returning_Visitor,False,False
1,87.53,1,43.26,31,736.54,0.03,0.05,20.15,0.0,Nov,2,2,1,1,Returning_Visitor,False,True
2,32.7,1,45.24,6,812.35,0.02,0.04,24.16,0.0,Aug,3,2,1,2,Returning_Visitor,False,False
4,57.5,1,0.0,27,608.4,0.01,0.04,7.11,0.0,May,2,2,1,2,Returning_Visitor,False,False
0,87.15,0,0.0,31,881.44,0.03,0.05,0.0,0.0,Oct,3,2,1,13,Returning_Visitor,True,False
10,89.98,0,0.0,96,1304.97,0.02,0.04,6.18,0.0,Oct,2,2,1,3,Returning_Visitor,False,False
7,118.5,0,0.0,28,829.21,0.02,0.04,17.79,0.0,Dec,1,2,3,2,Returning_Visitor,False,False
0,0.0,1,0.0,53,736.1,0.0,0.03,0.0,0.4,May,2,2,3,6,Returning_Visitor,False,False
0,0.0,0,43.23,7,236.0,0.03,0.09,0.0,0.0,Mar,2,2,1,2,Returning_Visitor,False,False
6,87.15,1,900.5,24,1448.33,0.0,0.05,0.0,0.0,May,2,4,4,2,Returning_Visitor,True,False
3,87.3,1,43.2,7,1646.2,0.03,0.08,0.0,0.0,June,2,2,1,2,Returning_Visitor,False,False
0,101.38,0,0.0,87,801.53,0.02,0.0,38.0,0.0,Nov,2,2,1,2,New_Visitor,False,True
3,87.14,1,43.2,10,735.04,0.0,0.0,0.0,0.0,Dec,8,13,9,20,Other,False,False
2,87.54,1,43.2,18,736.69,0.01,0.05,0.0,0.8,May,3,2,1,13,Returning_Visitor,False,False
3,87.21,2,12.5,9,979.0,0.01,0.04,0.0,0.0,Oct,1,2,4,2,Returning_Visitor,False,False
3,87.23,0,0.0,27,734.82,0.03,0.02,0.0,0.0,Dec,1,2,2,2,Returning_Visitor,False,False
3,87.31,0,0.0,55,735.58,0.03,0.05,0.0,0.0,Nov,2,2,1,2,Returning_Visitor,False,False
3,86.95,0,0.0,11,216.0,0.03,0.04,0.0,0.0,May,2,2,1,2,Returning_Visitor,False,False
0,0.0,1,59.5,43,735.6,0.02,0.05,0.0,0.0,Dec,4,2,1,2,Returning_Visitor,True,False
3,87.21,0,43.21,15,270.5,0.03,0.01,0.0,0.0,Mar,1,1,1,2,Returning_Visitor,False,False
3,7.0,0,43.31,27,735.66,0.01,0.03,0.0,0.0,Mar,2,4,4,2,Returning_Visitor,False,False
0,0.0,0,43.17,2,114.0,0.05,0.05,0.0,0.8,Feb,3,3,1,2,Returning_Visitor,False,False
3,87.95,2,43.32,37,734.65,0.02,0.02,6.32,0.0,Aug,1,2,1,2,Returning_Visitor,True,True
3,101.57,1,0.0,59,801.77,0.02,0.04,8.57,0.0,Mar,2,4,2,2,Returning_Visitor,True,True
0,0.0,1,0.0,1,0.0,0.03,0.05,0.0,0.0,Dec,3,2,1,11,Returning_Visitor,True,False
3,57.0,0,0.0,42,799.84,0.02,0.01,26.98,0.0,Dec,2,4,3,1,Returning_Visitor,False,False
0,0.0,0,0.0,6,192.08,0.02,0.04,0.0,0.0,Nov,3,2,1,2,Returning_Visitor,False,False
11,524.75,3,258.62,197,799.84,0.02,0.04,3.36,0.0,Nov,2,2,1,2,Returning_Visitor,False,True
3,87.11,0,0.0,12,168.29,0.0,0.07,0.0,0.8,May,2,2,2,2,Returning_Visitor,False,False
3,87.42,0,43.25,7,735.67,0.09,0.12,0.0,0.4,May,3,2,1,2,Returning_Visitor,False,False
3,87.22,0,0.0,20,769.5,0.0,0.05,0.0,0.0,May,2,2,1,13,Returning_Visitor,False,False
3,87.19,1,387.5,25,621.2,0.03,0.05,0.0,0.0,Jul,3,2,1,4,Returning_Visitor,True,False
3,785.22,0,0.0,8,450.8,0.03,0.02,0.0,0.0,Sep,3,2,1,2,Returning_Visitor,False,False
3,0.0,0,0.0,16,729.0,0.03,0.04,0.0,0.0,May,2,4,1,3,Returning_Visitor,False,False
3,36.0,1,0.0,9,735.59,0.03,0.05,0.0,0.0,Mar,2,2,1,2,Returning_Visitor,False,False
3,101.38,1,45.23,19,802.5,0.02,0.03,19.4,0.0,Sep,2,2,1,1,Returning_Visitor,False,False
3,87.07,0,43.17,23,2767.2,0.0,0.05,0.0,0.0,Sep,2,2,1,1,Returning_Visitor,False,False
0,0.0,1,45.26,10,349.11,0.02,0.02,88.39,0.0,Oct,3,2,1,2,Returning_Visitor,True,True
4,101.0,0,43.2,14,797.33,0.03,0.05,0.0,0.0,May,3,2,4,2,Returning_Visitor,False,False
3,86.94,0,0.0,7,87.5,0.03,0.05,0.0,0.6,May,2,2,4,2,Returning_Visitor,False,False
0,0.0,0,43.16,7,736.01,0.0,0.05,0.0,0.0,Nov,2,2,1,3,Returning_Visitor,False,False
2,67.17,1,0.0,61,735.41,0.03,0.02,0.0,0.0,Dec,2,2,1,2,Returning_Visitor,False,False
3,0.0,1,43.13,5,298.0,0.04,0.05,0.0,0.0,Nov,3,2,1,2,Returning_Visitor,False,False
0,0.0,1,43.2,8,111.67,0.0,0.05,0.0,0.0,Mar,2,2,1,1,Returning_Visitor,False,False
3,87.84,1,43.27,4,683.4,0.06,0.05,0.0,0.0,Aug,3,2,1,2,Returning_Visitor,False,False
0,86.89,0,43.1,48,738.73,0.03,0.05,0.0,0.0,Jul,2,2,1,2,Returning_Visitor,False,False
3,0.0,0,43.19,4,118.0,0.05,0.05,0.0,0.0,May,1,1,2,3,Returning_Visitor,False,False
3,50.07,0,0.0,159,735.27,0.03,0.05,0.0,0.0,Oct,2,2,1,4,Returning_Visitor,True,False
0,0.0,1,0.0,27,783.25,0.03,0.03,0.0,0.6,May,2,10,1,3,Returning_Visitor,False,False
0,0.0,1,41.0,21,797.08,0.0,0.04,18.27,0.0,May,2,2,1,2,Returning_Visitor,False,True
4,87.4,1,43.24,18,735.69,0.0,0.05,0.0,0.0,May,2,2,5,2,Returning_Visitor,False,False
3,105.27,0,0.0,35,655.68,0.0,0.05,0.0,0.0,Nov,2,2,1,2,Returning_Visitor,False,False
0,87.27,0,0.0,2,115.0,0.03,0.05,0.0,0.0,Mar,3,3,1,9,Returning_Visitor,False,False
0,87.0,0,0.0,4,59.0,0.03,0.05,0.0,0.0,Mar,1,1,1,10,Returning_Visitor,False,False
3,87.45,1,0.0,29,1904.54,0.03,0.03,0.0,0.0,Nov,1,1,2,8,Returning_Visitor,False,True
0,86.91,1,0.0,6,81.75,0.0,0.07,0.0,0.0,Nov,2,2,1,2,Returning_Visitor,False,True
3,87.53,1,419.0,22,1005.81,0.0,0.01,0.0,0.0,Mar,2,2,1,2,New_Visitor,True,False
0,86.86,0,43.24,31,1383.17,0.03,0.05,0.0,0.4,May,2,2,1,2,Returning_Visitor,False,False
3,91.0,1,338.0,11,451.0,0.0,0.01,45.75,0.0,Mar,2,2,1,10,New_Visitor,False,True
0,87.37,1,0.0,1,0.0,0.2,0.05,0.0,0.0,Nov,3,2,1,2,Returning_Visitor,False,False
3,0.0,1,0.0,7,735.58,0.03,0.06,0.0,0.0,Mar,2,2,3,2,Returning_Visitor,False,False
3,86.0,0,0.0,46,2450.69,0.03,0.05,0.0,0.0,Mar,1,2,1,3,Returning_Visitor,False,False
3,0.0,1,43.22,4,41.0,0.03,0.05,0.0,0.0,Mar,3,2,1,2,Returning_Visitor,False,False
3,86.9,0,43.17,10,351.75,0.03,0.05,0.0,0.0,Dec,2,2,1,2,Returning_Visitor,True,False
10,261.5,1,55.5,122,739.24,0.01,0.05,0.0,0.0,Nov,2,2,1,13,Returning_Visitor,False,True
12,184.42,1,13.0,159,6137.15,0.03,0.05,18.23,0.0,June,2,2,1,2,Returning_Visitor,False,False
3,87.13,0,0.0,34,817.43,0.0,0.05,0.0,0.0,Nov,2,2,1,2,Returning_Visitor,False,False
0,0.0,0,43.27,21,735.63,0.03,0.05,0.0,0.0,Dec,3,2,1,2,Returning_Visitor,False,False
0,86.96,0,0.0,20,1395.26,0.0,0.01,0.0,0.0,Mar,1,1,1,9,Returning_Visitor,True,False
3,87.21,0,43.17,10,735.72,0.03,0.05,0.0,0.0,May,2,2,1,2,Returning_Visitor,False,False
0,0.0,0,0.0,39,609.5,0.03,0.01,0.0,0.0,Mar,2,2,2,2,Returning_Visitor,True,False
3,0.0,1,0.0,6,143.5,0.0,0.05,0.0,0.0,Dec,1,2,8,10,Returning_Visitor,False,False
0,0.0,0,43.28,4,735.55,0.03,0.05,0.0,0.0,Dec,1,2,1,6,New_Visitor,False,False
0,86.91,0,43.21,8,735.63,0.0,0.01,0.0,0.0,Feb,2,4,3,2,Returning_Visitor,False,False
3,87.45,1,43.21,21,735.82,0.0,0.01,0.0,0.0,Mar,2,7,1,3,Returning_Visitor,False,False
3,87.26,1,0.0,13,796.0,0.03,0.05,0.0,0.0,Mar,2,2,5,2,Returning_Visitor,False,False
3,0.0,1,56.4,14,103.76,0.02,0.03,45.93,0.0,Nov,2,2,1,2,Returning_Visitor,False,True
6,98.86,0,44.23,40,778.83,0.0,0.04,8.48,0.0,Aug,1,1,1,4,New_Visitor,True,False
0,0.0,1,43.22,20,1958.83,0.01,0.04,0.0,0.0,Nov,3,2,1,1,Returning_Visitor,False,False
0,87.22,0,0.0,44,734.48,0.01,0.04,0.0,0.0,Dec,4,1,1,2,Returning_Visitor,False,False
0,0.0,1,0.0,5,488.5,0.03,0.03,0.0,0.0,Mar,2,7,7,6,Returning_Visitor,False,False
3,86.83,0,0.0,40,587.69,0.03,0.05,0.0,0.8,May,2,10,1,2,Returning_Visitor,False,False
4,52.5,1,0.0,11,734.47,0.03,0.01,0.0,0.0,Nov,3,2,6,2,New_Visitor,False,False
0,0.0,0,0.0,3,26.0,0.07,0.13,0.0,0.0,May,3,3,1,3,Returning_Visitor,False,False
3,87.24,0,43.17,6,85.25,0.0,0.05,0.0,0.0,Dec,2,2,3,10,Returning_Visitor,False,False
3,87.22,1,43.14,14,280.5,0.03,0.05,0.0,0.0,May,2,2,1,4,Returning_Visitor,False,False
0,0.0,1,43.23,21,736.35,0.0,0.02,0.0,0.0,Mar,2,2,1,2,Returning_Visitor,False,False
3,101.37,1,45.23,5,65.5,0.02,0.04,0.0,0.0,Nov,1,1,3,2,Returning_Visitor,False,False
1,993.0,0,0.0,28,1529.3,0.0,0.01,0.0,0.0,Mar,3,2,1,2,Returning_Visitor,False,False
8,245.17,2,114.5,129,737.18,0.0,0.05,9.07,0.0,May,2,2,1,4,Returning_Visitor,True,False
10,87.36,0,43.17,17,369.1,0.03,0.05,0.0,0.0,Sep,3,2,1,2,New_Visitor,False,False
3,87.08,0,0.0,13,1600.0,0.02,0.05,0.0,0.0,Dec,2,2,1,20,Returning_Visitor,False,False
3,0.0,0,0.0,9,159.0,0.03,0.02,0.0,0.0,Mar,2,2,1,2,Returning_Visitor,False,False
0,87.38,1,0.0,8,735.17,0.03,0.05,0.0,0.0,Mar,3,2,1,2,Returning_Visitor,False,False
8,130.0,1,18.0,19,736.12,0.03,0.02,19.67,0.0,Mar,2,2,3,2,Returning_Visitor,True,False
7,399.25,1,298.0,85,735.96,0.03,0.05,10.13,0.0,Dec,3,2,1,2,Returning_Visitor,False,False
0,0.0,1,0.0,23,735.12,0.0,0.01,0.0,0.8,May,2,2,2,2,Returning_Visitor,False,False
0,0.0,0,43.23,8,64.6,0.05,0.08,0.0,0.0,Jul,2,2,2,13,Returning_Visitor,False,False
6,100.68,1,0.0,120,2872.72,0.02,0.04,5.92,0.0,Aug,2,2,1,2,Returning_Visitor,False,False
3,0.0,0,43.2,16,735.53,0.03,0.05,0.0,0.0,May,1,2,4,2,Returning_Visitor,False,False
0,87.12,1,0.0,31,735.92,0.03,0.0,0.0,0.0,June,3,2,1,2,Returning_Visitor,False,False
0,86.93,1,43.22,5,184.0,0.0,0.05,0.0,0.0,Nov,4,1,1,2,Returning_Visitor,False,False
2,30.75,0,0.0,150,740.55,0.03,0.05,0.0,0.0,Nov,3,2,1,13,Returning_Visitor,False,False
2,227.6,0,0.0,115,736.91,0.03,0.05,0.0,0.0,Oct,2,2,1,2,Returning_Visitor,False,False
8,87.33,0,0.0,52,1616.55,0.0,0.0,0.0,0.0,Nov,1,1,1,3,Returning_Visitor,False,False
1,5.0,1,45.33,35,1916.9,0.02,0.04,11.19,0.2,May,2,2,6,3,Returning_Visitor,False,True
1,5.0,0,0.0,65,2498.83,0.03,0.01,0.0,0.0,Dec,3,2,1,6,Returning_Visitor,True,False
1,87.17,1,0.0,103,1955.17,0.03,0.04,0.0,0.0,June,2,2,1,13,Returning_Visitor,False,False
0,0.0,1,43.17,20,735.12,0.01,0.03,0.0,0.0,Dec,1,2,1,2,Returning_Visitor,False,True
3,91.67,2,12.0,29,735.11,0.0,0.01,0.0,0.0,Dec,2,5,1,2,Returning_Visitor,False,False
3,0.0,1,45.28,17,1385.83,0.01,0.02,39.86,0.0,Mar,2,2,1,2,Returning_Visitor,False,True
0,87.08,0,43.21,12,136.5,0.02,0.05,0.0,0.0,May,2,2,3,2,Returning_Visitor,False,False
0,86.98,0,43.22,10,204.6,0.0,0.02,0.0,0.0,Jul,2,2,1,2,Returning_Visitor,False,False
0,87.16,1,0.0,8,202.33,0.0,0.05,0.0,0.0,May,3,2,1,2,Returning_Visitor,False,False
0,0.0,1,0.0,6,203.0,0.03,0.03,0.0,0.0,Nov,4,1,2,3,Returning_Visitor,False,False
0,86.96,0,0.0,19,735.57,0.03,0.01,0.0,0.0,May,1,2,1,2,Returning_Visitor,False,False
3,87.34,1,43.38,36,736.91,0.0,0.05,12.5,0.0,Nov,2,2,3,2,Returning_Visitor,False,True
0,0.0,1,0.0,11,300.07,0.02,0.02,53.99,0.0,Mar,2,2,1,11,Returning_Visitor,False,True
3,87.42,0,0.0,27,834.67,0.03,0.01,0.0,0.0,Nov,2,2,2,2,New_Visitor,False,False
3,0.0,0,0.0,5,68.4,0.0,0.08,0.0,0.0,June,2,2,2,4,Returning_Visitor,False,False
1,18.2,1,43.16,44,725.2,0.01,0.03,24.84,0.0,June,2,2,4,2,Returning_Visitor,False,True
1,86.88,0,0.0,34,736.05,0.01,0.05,0.0,1.0,May,1,2,3,2,Returning_Visitor,True,False
5,3398.75,6,2549.38,449,736.5,0.03,0.05,0.0,0.0,Dec,2,2,1,2,Returning_Visitor,False,False
3,0.0,0,43.16,6,99.0,0.07,0.08,0.0,0.2,May,2,2,2,2,Returning_Visitor,False,False
4,87.22,0,43.22,56,735.45,0.0,0.05,0.0,0.4,May,2,2,1,4,Returning_Visitor,False,False
10,192.67,3,211.0,153,773.63,0.03,0.01,5.91,0.0,Dec,2,2,1,1,Returning_Visitor,False,False
3,495.17,1,43.11,29,735.37,0.01,0.05,0.0,0.0,Dec,1,2,1,2,New_Visitor,False,False
0,0.0,1,0.0,40,1111.25,0.01,0.05,0.0,0.0,May,3,2,1,2,Returning_Visitor,False,False
3,87.09,0,43.12,16,1266.5,0.0,0.0,0.0,0.0,Mar,2,2,6,2,Returning_Visitor,False,False
3,75.5,1,43.22,24,735.58,0.01,0.02,0.0,0.0,Nov,2,4,1,2,Returning_Visitor,False,False
3,48.4,1,43.02,2,37.2,0.0,0.05,0.0,0.0,June,1,1,1,2,Returning_Visitor,False,False
3,0.0,1,0.0,9,1225.5,0.02,0.05,0.0,0.0,Mar,1,2,1,1,Returning_Visitor,False,False
0,87.35,0,0.0,5,735.01,0.03,0.2,0.0,0.4,May,3,2,4,2,Returning_Visitor,False,False
0,0.0,0,43.2,76,735.18,0.03,0.01,0.0,0.0,Nov,2,2,1,2,Returning_Visitor,False,False
0,101.56,1,45.15,6,222.0,0.0,0.04,87.9,0.0,Dec,8,13,9,20,Returning_Visitor,False,True
0,86.9,0,43.24,36,851.33,0.03,0.05,0.0,0.2,May,4,1,1,2,Returning_Visitor,False,False
3,21.0,1,43.19,19,737.17,0.03,0.02,60.52,0.0,Nov,2,2,1,3,Returning_Visitor,False,True
4,338.0,0,43.22,9,735.76,0.0,0.05,0.0,0.0,Sep,3,2,2,2,Returning_Visitor,True,False
3,0.0,1,43.15,3,19.0,0.0,0.07,0.0,0.0,Jul,2,2,3,2,Returning_Visitor,False,False
3,236.9,1,0.0,19,538.2,0.03,0.01,0.0,0.0,May,2,5,3,2,New_Visitor,False,False
3,377.0,1,43.24,14,736.11,0.0,0.05,0.0,0.0,May,1,1,8,15,New_Visitor,False,False
1,87.36,1,55.4,52,3019.81,0.03,0.05,0.0,0.0,Nov,2,2,1,2,Returning_Visitor,False,False
0,0.0,1,45.21,12,366.5,0.0,0.02,287.95,0.0,Dec,2,2,1,2,Returning_Visitor,False,True
2,87.4,0,43.17,20,855.67,0.0,0.01,0.0,0.0,Nov,2,2,1,20,Returning_Visitor,False,False
2,57.0,0,0.0,28,801.24,0.01,0.02,32.99,0.0,May,1,1,1,4,Returning_Visitor,False,True
3,30.75,0,0.0,17,735.6,0.01,0.05,0.0,0.0,Nov,1,2,1,3,Returning_Visitor,False,False
0,86.69,1,43.29,5,156.0,0.0,0.04,0.0,0.0,Feb,1,2,9,2,Returning_Visitor,False,False
3,0.0,1,0.0,4,735.94,0.03,0.05,0.0,0.6,May,2,2,3,2,Returning_Visitor,False,False
2,70.6,0,43.16,26,571.35,0.0,0.05,0.0,0.0,Nov,2,2,1,5,New_Visitor,False,False
5,102.07,2,16.0,142,800.35,0.02,0.04,15.48,0.0,May,2,2,1,2,Returning_Visitor,True,True
11,208.25,2,109.0,54,736.21,0.0,0.05,0.0,0.0,Nov,2,2,1,2,Returning_Visitor,False,False
3,112.88,0,43.15,6,134.68,0.0,0.04,0.0,0.0,Nov,1,2,1,2,Returning_Visitor,False,False
3,77.5,0,0.0,35,735.99,0.03,0.01,0.0,0.0,Dec,4,2,1,6,Returning_Visitor,False,False
2,37.0,0,0.0,46,3043.92,0.03,0.05,0.0,0.0,Nov,2,2,1,2,Returning_Visitor,False,False
3,87.03,0,43.16,10,735.47,0.0,0.06,0.0,0.0,Dec,1,1,1,2,Returning_Visitor,False,False
0,0.0,1,43.21,16,1472.0,0.03,0.05,0.0,0.0,May,2,2,1,2,Returning_Visitor,False,False
3,46.4,1,45.23,16,463.36,0.02,0.01,46.34,0.0,Sep,2,2,1,2,Returning_Visitor,False,True
0,0.0,1,43.26,25,375.6,0.0,0.0,0.0,0.4,May,2,2,1,2,Returning_Visitor,False,False
3,0.0,1,45.2,9,329.25,0.05,0.08,38.83,0.0,Dec,3,2,4,1,Returning_Visitor,False,True
3,227.53,3,45.4,66,3025.52,0.02,0.05,7.37,0.0,Mar,3,2,3,6,Returning_Visitor,False,True
0,0.0,1,0.0,2,32.0,0.0,0.1,0.0,0.0,Mar,2,2,3,2,Returning_Visitor,False,False
3,86.97,0,0.0,1,0.0,0.2,0.2,0.0,0.0,Sep,2,4,4,2,Returning_Visitor,False,False
3,0.0,1,43.25,3,0.0,0.2,0.05,0.0,0.0,Nov,1,2,4,2,Returning_Visitor,False,False
0,0.0,1,0.0,6,47.25,0.03,0.03,0.0,0.0,Dec,2,2,1,1,Returning_Visitor,False,False
0,87.18,0,43.19,3,19.0,0.07,0.13,0.0,0.0,Nov,2,5,3,2,Returning_Visitor,False,False
3,16.0,0,43.29,29,735.38,0.03,0.03,0.0,0.0,Dec,3,2,1,1,Returning_Visitor,True,False
7,161.25,1,0.0,32,1038.8,0.02,0.04,59.97,0.2,May,1,1,1,2,Returning_Visitor,False,True
5,87.25,1,0.0,14,187.92,0.0,0.03,0.0,0.0,Dec,1,2,3,3,Returning_Visitor,False,False
3,87.52,0,0.0,27,1838.15,0.05,0.06,0.0,0.0,June,3,2,2,2,Returning_Visitor,False,False
3,87.28,1,43.23,1,0.0,0.2,0.05,0.0,0.0,Dec,2,2,1,3,Returning_Visitor,False,False
5,39.83,1,43.14,34,2348.81,0.03,0.06,0.0,0.0,Dec,2,2,3,2,Returning_Visitor,False,False
3,88.06,1,0.0,1,735.25,0.0,0.04,0.0,0.0,Nov,3,2,1,2,Returning_Visitor,False,True
0,0.0,1,0.0,3,31.0,0.07,0.05,0.0,0.0,May,2,2,4,2,Returning_Visitor,False,False
6,333.54,1,0.0,12,568.1,0.02,0.01,19.63,0.0,Nov,2,2,5,2,New_Visitor,False,True
0,0.0,0,0.0,8,201.0,0.0,0.05,0.0,0.0,Mar,2,2,1,1,Returning_Visitor,False,False
5,316.8,1,45.15,26,802.02,0.02,0.02,5.98,0.0,May,3,2,3,2,Returning_Visitor,False,False
1,76.0,1,43.16,37,821.33,0.03,0.05,0.0,0.0,May,2,2,4,2,Returning_Visitor,False,False
0,86.83,0,0.0,20,2280.83,0.01,0.04,0.0,0.0,May,1,2,1,4,Returning_Visitor,False,False
11,1640.59,1,0.0,16,1849.83,0.0,0.01,10.78,0.0,Mar,1,1,2,3,Returning_Visitor,False,False
5,399.2,2,43.23,42,735.67,0.06,0.09,3.17,0.0,June,2,2,6,13,Returning_Visitor,False,False
3,0.0,1,0.0,8,734.98,0.1,0.17,0.0,0.0,June,3,2,1,1,Returning_Visitor,False,False
4,99.5,1,45.14,3,799.25,0.02,0.04,0.0,0.0,Nov,1,2,1,8,New_Visitor,True,True
3,0.0,0,0.0,48,4293.83,0.03,0.05,0.0,0.0,Nov,2,1,1,2,New_Visitor,False,False
3,0.0,1,0.0,16,953.5,0.0,0.04,21.59,0.8,May,2,2,1,2,New_Visitor,False,True
3,87.35,1,43.19,12,231.18,0.03,0.01,0.0,0.0,Mar,2,2,1,2,Returning_Visitor,True,False
3,46.0,1,0.0,35,539.0,0.01,0.01,39.15,0.0,May,2,2,1,6,Returning_Visitor,False,True
0,87.25,1,0.0,1,734.56,0.2,0.2,0.0,0.0,Dec,1,2,1,3,New_Visitor,False,False
13,344.49,5,271.25,182,798.33,0.02,0.04,16.28,0.0,Dec,3,2,1,2,Returning_Visitor,False,False
8,171.75,2,16.0,49,736.29,0.03,0.03,0.0,0.0,Nov,2,2,1,1,Returning_Visitor,False,False
3,87.39,3,213.0,26,994.82,0.03,0.0,0.0,0.0,May,3,2,1,2,Returning_Visitor,False,False
3,25.0,1,45.19,35,801.84,0.0,0.0,13.07,0.0,May,2,2,6,4,Returning_Visitor,True,True
0,87.38,1,0.0,0,0.0,0.18,0.18,0.0,0.0,June,2,2,7,2,Returning_Visitor,False,False
3,87.32,1,0.0,14,343.52,0.0,0.03,0.0,0.0,Jul,3,2,1,2,Returning_Visitor,False,False
3,87.45,1,104.0,15,675.83,0.0,0.05,0.0,0.0,May,2,2,6,2,Returning_Visitor,False,False
3,454.0,1,43.2,29,735.56,0.02,0.05,0.0,0.0,May,3,2,1,6,Returning_Visitor,False,False
5,34.5,1,42.95,8,154.5,0.03,0.01,0.0,0.0,Dec,3,2,1,2,Returning_Visitor,False,False
3,101.4,1,0.0,9,394.5,0.02,0.01,28.4,0.0,May,2,2,8,2,New_Visitor,False,True
0,87.09,2,43.2,15,1075.5,0.0,0.01,0.0,0.0,May,6,2,4,2,Returning_Visitor,True,False
2,47.0,1,0.0,20,738.91,0.02,0.05,0.0,0.0,Nov,3,2,1,2,Returning_Visitor,False,False
0,87.3,1,0.0,4,44.0,0.0,0.05,0.0,0.0,May,2,2,1,2,New_Visitor,True,False
3,87.35,4,472.0,14,678.5,0.0,0.01,0.0,0.6,May,3,2,3,2,New_Visitor,False,False
3,0.0,1,165.0,12,801.44,0.02,0.02,34.49,0.8,May,3,2,1,2,Returning_Visitor,False,True
3,87.35,0,0.0,3,41.3,0.03,0.01,0.0,0.0,Oct,2,2,1,2,Returning_Visitor,True,False
0,0.0,0,0.0,15,748.57,0.02,0.04,0.0,0.0,Mar,2,2,1,2,Returning_Visitor,False,False
0,87.13,0,43.22,38,1417.67,0.03,0.05,0.0,1.0,May,2,2,3,2,Returning_Visitor,True,False
1,4.0,1,43.24,18,736.02,0.0,0.03,0.0,0.0,May,2,2,3,2,Returning_Visitor,False,False
0,87.19,1,43.15,2,34.2,0.0,0.1,0.0,0.0,Sep,2,2,1,2,Returning_Visitor,False,False
4,58.0,0,45.18,31,806.5,0.0,0.01,9.75,0.0,May,2,4,1,2,Returning_Visitor,False,True
6,82.14,1,0.0,12,191.1,0.0,0.05,0.0,0.0,Nov,2,4,9,2,Returning_Visitor,False,False
3,87.24,0,43.29,2,734.5,0.0,0.1,0.0,0.0,Nov,2,4,1,2,New_Visitor,False,False
3,96.09,0,0.0,3,18.1,0.03,0.06,0.0,0.0,Jul,3,2,3,3,Returning_Visitor,False,True
3,65.17,0,0.0,123,799.95,0.02,0.04,10.69,0.0,Nov,2,1,1,2,Returning_Visitor,False,True
8,102.67,0,0.0,49,4051.38,0.03,0.02,0.0,0.0,May,2,4,7,2,Returning_Visitor,False,False
1,87.46,1,43.23,11,298.0,0.03,0.01,0.0,0.0,Mar,3,2,3,3,Returning_Visitor,True,False
3,86.88,0,43.29,4,735.21,0.0,0.05,0.0,0.6,May,2,2,4,2,Returning_Visitor,False,False
3,87.36,0,43.07,1,0.0,0.03,0.07,0.0,0.0,Sep,1,1,1,5,Returning_Visitor,False,True
0,0.0,0,0.0,16,838.17,0.03,0.03,0.0,0.0,May,1,2,1,2,Returning_Visitor,False,False
3,6.0,0,43.27,6,45.5,0.03,0.05,0.0,0.0,Mar,1,1,3,3,Returning_Visitor,False,False
3,0.0,1,43.18,3,734.8,0.0,0.07,0.0,0.0,May,1,2,3,2,Returning_Visitor,True,False
4,87.37,1,0.0,2,13.0,0.0,0.03,0.0,0.0,Dec,2,10,1,2,New_Visitor,False,True
3,179.45,7,277.63,37,801.51,0.02,0.01,9.1,0.0,Nov,2,2,1,2,Returning_Visitor,True,False
3,87.15,2,43.19,9,379.0,0.03,0.03,0.0,0.0,May,2,2,2,2,New_Visitor,False,False
9,140.5,0,43.15,35,736.2,0.03,0.02,0.0,0.0,Mar,1,1,3,2,Returning_Visitor,False,False
3,81.6,0,43.22,9,1346.2,0.0,0.02,0.0,0.0,Nov,2,2,1,2,Returning_Visitor,False,False
7,142.35,0,0.0,73,803.48,0.0,0.04,23.15,0.0,Oct,2,2,1,5,New_Visitor,False,True
5,369.38,1,43.33,19,1328.5,0.03,0.03,14.78,0.0,Nov,3,2,1,2,Returning_Visitor,False,False
1,43.0,1,0.0,37,736.26,0.03,0.01,0.0,0.0,Mar,2,2,4,2,Returning_Visitor,False,False
1,87.53,1,0.0,5,143.5,0.0,0.01,0.0,0.0,Mar,3,2,2,2,New_Visitor,False,False
3,87.26,0,43.2,1,0.0,0.03,0.2,0.0,0.0,Dec,2,2,7,2,Returning_Visitor,False,False
3,154.5,0,0.0,7,108.42,0.0,0.05,0.0,0.0,Nov,1,5,1,2,Returning_Visitor,False,False
4,72.5,0,45.16,95,2354.98,0.02,0.04,5.21,0.0,Dec,3,2,1,2,Returning_Visitor,True,False
2,28.0,0,0.0,25,384.16,0.03,0.01,0.0,0.0,May,2,2,4,4,Returning_Visitor,False,False
0,87.08,0,43.17,2,11.0,0.03,0.05,0.0,0.0,Jul,2,2,1,2,Returning_Visitor,False,False
3,0.0,1,45.17,4,123.3,0.0,0.04,67.99,0.0,Oct,1,1,1,2,Returning_Visitor,False,True
3,81.35,1,0.0,6,1156.5,0.0,0.05,0.0,0.0,Nov,2,2,1,20,Returning_Visitor,False,False
3,87.21,0,0.0,1,0.0,0.2,0.2,0.0,0.0,May,2,2,1,2,Returning_Visitor,False,False
3,86.69,1,0.0,10,735.98,0.03,0.09,0.0,0.4,May,2,5,1,4,Returning_Visitor,False,False
2,87.44,1,43.23,6,1564.0,0.03,0.07,0.0,0.0,May,3,2,2,13,Returning_Visitor,False,False
1,87.25,1,12.0,16,1012.96,0.01,0.02,0.0,0.0,Dec,2,2,7,10,Returning_Visitor,False,False
3,87.04,0,43.26,1,0.0,0.2,0.05,0.0,0.0,May,2,2,1,13,Returning_Visitor,False,False
1,87.22,0,0.0,10,277.04,0.03,0.05,0.0,0.0,Dec,1,2,1,2,New_Visitor,True,False
3,87.7,0,0.0,1,735.43,0.2,0.2,0.0,0.0,Dec,3,2,3,1,Returning_Visitor,False,False
3,101.13,0,0.0,39,801.81,0.02,0.04,0.78,0.0,Nov,1,2,4,2,Returning_Visitor,False,False
0,0.0,1,43.19,3,18.0,0.0,0.07,0.0,0.2,May,2,2,2,2,Returning_Visitor,False,False
3,101.37,0,0.0,67,2421.06,0.02,0.01,0.9,0.0,May,2,2,1,2,Returning_Visitor,False,False
8,125.17,0,43.21,27,1802.25,0.01,0.01,0.0,0.0,Mar,3,2,1,8,Returning_Visitor,False,False
0,0.0,0,43.24,3,255.0,0.0,0.07,0.0,0.0,June,2,2,3,2,Returning_Visitor,False,False
0,0.0,1,0.0,50,2617.23,0.0,0.0,53.23,0.0,May,4,1,3,2,Returning_Visitor,False,True
3,87.35,1,0.0,44,736.01,0.03,0.05,0.0,0.0,May,2,2,1,3,Returning_Visitor,False,False
3,87.22,0,0.0,5,736.06,0.03,0.01,0.0,0.0,May,2,2,6,18,Returning_Visitor,True,False
3,60.37,1,45.22,12,304.7,0.02,0.04,2.85,0.0,June,2,2,1,2,Returning_Visitor,False,True
10,87.04,0,0.0,14,221.21,0.03,0.05,0.0,0.0,Dec,2,2,4,2,Returning_Visitor,False,False
3,87.37,6,43.28,21,838.15,0.0,0.05,0.0,0.0,Nov,2,2,1,2,Returning_Visitor,True,False
11,101.56,1,45.21,33,2070.62,0.0,0.02,9.58,0.0,Nov,2,5,1,3,Returning_Visitor,False,True
3,87.35,1,43.16,11,735.52,0.0,0.05,0.0,0.0,Nov,2,2,4,2,Returning_Visitor,False,False
3,86.95,1,43.22,6,186.0,0.0,0.07,0.0,0.0,May,1,2,1,3,Returning_Visitor,False,False
9,174.21,2,383.75,151,737.58,0.03,0.05,0.0,0.0,Nov,1,2,1,1,Returning_Visitor,True,False
3,99.92,1,21.2,8,778.77,0.0,0.02,0.0,0.0,June,2,2,5,2,New_Visitor,False,True
4,124.7,5,43.22,11,735.42,0.01,0.05,0.0,0.0,June,3,2,3,2,New_Visitor,False,False
0,0.0,0,43.26,2,1121.5,0.03,0.05,0.0,0.0,Nov,8,2,4,2,Returning_Visitor,False,False
4,210.5,0,0.0,131,738.74,0.03,0.05,8.96,0.0,May,2,2,1,1,Returning_Visitor,False,False
3,471.5,5,331.75,7,121.0,0.03,0.05,0.0,0.4,May,3,2,1,13,Returning_Visitor,False,False
0,87.16,0,43.21,5,241.0,0.0,0.05,0.0,1.0,May,2,2,5,1,Returning_Visitor,True,False
3,87.2,0,43.18,10,349.83,0.0,0.01,0.0,0.0,Dec,3,2,1,8,New_Visitor,False,False
3,87.26,0,0.0,10,735.95,0.0,0.03,0.0,0.0,Dec,1,1,8,2,Returning_Visitor,False,False
2,21.25,0,43.18,33,968.64,0.02,0.05,0.0,0.0,Nov,3,2,1,8,Returning_Visitor,True,False
0,0.0,1,0.0,30,849.75,0.03,0.05,0.0,0.8,May,2,2,3,2,Returning_Visitor,False,False
3,87.28,1,0.0,53,2544.17,0.03,0.05,0.0,0.0,May,2,2,3,2,Returning_Visitor,False,False
0,0.0,0,0.0,38,1656.61,0.02,0.04,0.0,0.0,Dec,3,2,2,2,Returning_Visitor,False,False
4,66.83,0,0.0,125,754.32,0.03,0.05,0.0,0.0,Nov,2,5,1,1,Returning_Visitor,False,True
3,86.99,0,43.28,15,183.83,0.03,0.05,0.0,0.8,May,3,2,1,2,Returning_Visitor,False,False
3,0.0,0,43.17,7,61.33,0.03,0.05,0.0,0.0,May,1,2,1,2,Returning_Visitor,True,False
1,72.6,0,43.25,44,734.14,0.03,0.0,0.0,0.0,Nov,1,1,1,5,Returning_Visitor,False,False
11,92.1,0,0.0,69,736.94,0.03,0.03,0.0,0.0,Jul,2,2,1,2,Returning_Visitor,False,False
0,86.79,0,43.26,1,0.0,0.03,0.05,0.0,0.0,Feb,4,2,9,3,Returning_Visitor,False,False
3,87.08,1,0.0,42,1503.25,0.0,0.03,0.0,0.0,Mar,2,2,6,2,Returning_Visitor,False,False
16,164.93,1,43.23,64,1899.6,0.03,0.03,83.79,0.0,Nov,3,2,1,3,Returning_Visitor,False,False
10,720.5,2,88.72,220,736.13,0.03,0.05,0.0,0.0,Nov,2,2,1,1,Returning_Visitor,False,False
0,87.25,1,0.0,3,20.0,0.0,0.07,0.0,0.0,Mar,2,2,1,1,Returning_Visitor,False,False
2,87.4,0,43.18,12,180.75,0.0,0.01,0.0,0.0,Nov,2,2,1,2,New_Visitor,False,False
0,87.1,1,43.28,4,26.0,0.05,0.1,0.0,0.4,May,2,2,1,13,Returning_Visitor,False,False
5,156.27,4,90.0,35,776.02,0.03,0.05,0.0,0.0,Mar,3,2,1,2,Returning_Visitor,False,False
3,87.44,0,43.24,1,733.23,0.2,0.2,0.0,0.6,May,1,2,3,2,Returning_Visitor,False,False
3,87.06,1,43.31,1,0.0,0.2,0.2,0.0,0.0,Nov,2,2,1,2,Returning_Visitor,False,False
1,20.0,1,115.0,50,1404.46,0.01,0.05,0.0,0.0,Dec,2,2,1,2,Returning_Visitor,True,False
3,152.7,2,43.18,13,200.25,0.02,0.03,0.0,0.0,Dec,2,2,1,1,Returning_Visitor,False,False
3,18.0,1,0.0,62,803.1,0.0,0.01,13.64,0.0,Nov,2,10,1,2,Returning_Visitor,False,True
4,87.29,1,0.0,41,2303.18,0.01,0.02,0.0,0.0,Dec,2,2,1,2,Returning_Visitor,True,False
3,0.0,0,43.27,16,129.33,0.03,0.01,0.0,0.6,May,2,6,1,2,Returning_Visitor,False,False
3,54.5,1,0.0,74,1599.99,0.0,0.0,67.27,0.0,Dec,2,4,6,2,Returning_Visitor,False,True
3,87.18,0,0.0,2,734.62,0.03,0.1,0.0,0.0,May,3,2,1,2,Returning_Visitor,False,False
0,0.0,1,43.21,16,1011.0,0.03,0.05,0.0,0.0,Mar,2,2,1,2,Returning_Visitor,False,False
0,0.0,1,0.0,25,948.34,0.0,0.01,0.0,0.0,Nov,2,4,1,3,Returning_Visitor,False,False
0,87.1,1,0.0,21,1492.17,0.02,0.05,0.0,0.0,May,2,2,1,2,Returning_Visitor,False,False
3,43.62,1,16.0,109,798.03,0.02,0.04,11.33,0.0,Nov,1,2,1,2,Returning_Visitor,False,True
1,90.0,1,34.0,57,1092.36,0.02,0.04,19.12,0.6,May,2,2,7,4,Returning_Visitor,False,True
3,87.02,0,0.0,38,454.29,0.03,0.05,0.0,0.6,May,2,2,1,3,Returning_Visitor,False,False
2,143.25,1,0.0,38,2508.41,0.02,0.04,54.16,0.0,Nov,2,2,1,2,Returning_Visitor,False,True
0,0.0,0,45.27,22,801.44,0.03,0.04,0.0,0.0,Nov,1,8,6,11,Returning_Visitor,False,True
3,87.57,0,43.24,1,734.49,0.2,0.2,0.0,0.0,May,3,2,1,2,Returning_Visitor,False,False
3,87.04,1,0.0,16,385.5,0.0,0.01,0.0,0.0,Dec,2,2,1,2,Returning_Visitor,False,False
1,67.5,1,45.19,12,592.25,0.0,0.02,218.86,0.0,Dec,1,1,1,3,Returning_Visitor,False,True
0,0.0,0,43.2,21,1275.9,0.05,0.1,0.0,0.0,Sep,2,2,1,1,Returning_Visitor,False,False
3,53.0,1,7.0,24,678.0,0.02,0.01,20.14,0.0,May,2,2,3,2,Returning_Visitor,False,True
3,850.0,0,43.25,20,735.38,0.0,0.05,0.0,0.0,Oct,2,2,9,2,Returning_Visitor,False,False
1,16.0,0,43.19,77,735.84,0.0,0.05,0.0,0.0,Dec,2,2,1,2,Returning_Visitor,False,False
0,93.97,0,0.0,83,732.0,0.03,0.05,10.15,0.0,Sep,2,6,1,1,Returning_Visitor,False,False
0,0.0,1,16.0,35,736.22,0.01,0.05,0.0,0.0,Nov,2,2,1,2,Returning_Visitor,False,False
0,0.0,1,0.0,19,1040.2,0.0,0.01,115.98,0.0,May,2,2,6,2,Returning_Visitor,False,True
3,87.46,0,43.21,7,58.9,0.0,0.03,0.0,0.0,Dec,1,2,2,2,New_Visitor,False,False
5,79.33,1,242.06,17,1142.82,0.02,0.04,62.17,0.0,Mar,3,2,6,2,Returning_Visitor,False,False
3,87.62,1,43.28,3,18.0,0.0,0.04,0.0,0.0,Dec,2,2,3,8,Other,False,False
0,87.03,0,0.0,1,0.0,0.2,0.2,0.0,0.0,Mar,1,1,1,2,Returning_Visitor,False,False
3,87.08,1,0.0,15,735.18,0.03,0.05,0.0,0.6,May,1,2,3,2,Returning_Visitor,False,False
3,0.0,0,43.28,3,55.0,0.03,0.13,0.0,0.6,May,1,2,1,2,Returning_Visitor,False,False
5,72.43,1,72.0,33,735.39,0.03,0.05,4.23,0.0,May,2,2,1,2,Returning_Visitor,True,False
2,87.28,0,0.0,3,734.57,0.0,0.07,0.0,1.0,May,2,2,2,5,Returning_Visitor,False,False
0,87.4,0,0.0,5,819.5,0.0,0.05,0.0,0.0,Mar,2,2,1,2,Returning_Visitor,False,False
0,0.0,0,0.0,41,735.73,0.03,0.05,0.0,0.0,Dec,2,2,1,2,Returning_Visitor,False,False
3,94.03,1,43.85,0,0.0,0.03,0.05,0.0,0.0,Nov,1,1,1,2,Returning_Visitor,True,True
1,12.0,0,0.0,43,851.89,0.0,0.01,11.66,0.0,Nov,2,2,1,2,Returning_Visitor,False,True
0,0.0,0,0.0,7,735.27,0.03,0.05,0.0,0.0,Dec,1,1,1,2,Returning_Visitor,False,False
3,87.28,1,0.0,20,735.58,0.03,0.05,0.0,0.0,Sep,2,2,1,1,Returning_Visitor,False,False
4,75.87,0,43.11,72,1822.87,0.03,0.05,11.35,0.0,June,2,2,7,1,Returning_Visitor,False,False
3,0.0,1,0.0,12,76.67,0.02,0.04,0.0,0.0,Nov,2,2,1,13,Returning_Visitor,False,False
3,88.31,0,43.36,4,795.0,0.07,0.11,0.0,0.0,Nov,3,2,9,2,Returning_Visitor,False,False
11,498.9,1,147.17,43,736.28,0.03,0.05,4.76,0.0,May,1,2,4,5,Returning_Visitor,False,False
0,87.21,0,0.0,1,0.0,0.2,0.05,0.0,0.0,May,1,2,4,3,Returning_Visitor,False,False
1,81.0,0,0.0,93,3359.62,0.0,0.04,0.0,0.0,Nov,2,2,3,1,Returning_Visitor,False,True
3,46.4,1,43.18,5,734.9,0.0,0.05,0.0,0.0,Oct,2,2,4,2,Returning_Visitor,False,False
0,92.45,0,0.0,56,751.49,0.03,0.05,0.0,0.0,Nov,2,2,1,2,Returning_Visitor,True,False
2,87.32,0,43.18,11,624.0,0.03,0.05,0.0,0.0,Mar,2,2,1,2,Returning_Visitor,False,False
3,101.29,0,0.0,24,580.2,0.0,0.01,17.13,0.0,Mar,2,2,1,1,Returning_Visitor,False,True
3,0.0,1,0.0,15,618.25,0.03,0.03,0.0,0.0,Dec,2,2,7,8,New_Visitor,False,False
0,86.8,0,43.25,23,736.01,0.04,0.07,0.0,0.6,May,2,2,1,2,Returning_Visitor,False,False
3,32.0,1,0.0,15,276.37,0.0,0.0,55.82,0.0,Sep,2,4,1,2,Returning_Visitor,False,False
3,86.93,0,0.0,15,549.0,0.03,0.13,0.0,0.0,Nov,2,10,1,3,Returning_Visitor,False,False
6,183.25,2,43.3,60,735.64,0.03,0.05,0.0,0.0,Nov,3,12,1,6,Returning_Visitor,True,True
1,23.2,1,45.21,27,801.09,0.0,0.02,43.3,0.0,Aug,2,2,6,5,Returning_Visitor,False,True
3,87.07,1,0.0,3,57.0,0.0,0.07,0.0,0.2,May,2,5,1,2,Returning_Visitor,False,False
10,80.07,1,812.0,113,736.43,0.03,0.05,45.55,0.0,Aug,2,2,1,1,Returning_Visitor,False,False
0,87.28,0,43.3,1,0.0,0.03,0.2,0.0,0.0,Nov,2,2,1,2,Returning_Visitor,False,False
0,87.24,0,43.17,5,60.0,0.0,0.05,0.0,0.0,Dec,2,2,1,2,Returning_Visitor,False,False
3,87.51,0,0.0,7,50.5,0.03,0.03,0.0,0.0,Mar,2,2,1,2,Returning_Visitor,False,False
4,60.0,3,45.26,21,868.02,0.0,0.01,40.73,0.0,Dec,1,1,1,2,New_Visitor,False,True
3,459.33,1,0.0,25,2408.82,0.0,0.04,81.2,0.0,Nov,3,2,1,8,Returning_Visitor,True,True
11,110.79,5,89.1,230,736.41,0.03,0.05,2.66,0.0,June,2,2,1,1,Returning_Visitor,False,False
6,337.0,4,693.0,261,737.58,0.03,0.05,0.95,0.0,Nov,2,2,3,2,Returning_Visitor,False,True
0,86.89,1,43.19,15,736.53,0.03,0.03,0.0,0.0,Mar,2,4,1,2,Returning_Visitor,False,False
0,101.36,0,0.0,50,799.35,0.01,0.04,4.55,0.0,May,4,2,1,2,Returning_Visitor,False,True
0,0.0,1,0.0,2,65.4,0.0,0.05,0.0,0.0,Jul,2,2,1,13,Returning_Visitor,False,False
0,87.24,0,43.14,39,735.2,0.0,0.01,0.0,0.0,Nov,3,2,1,20,Returning_Visitor,True,False
3,102.0,1,108.0,51,735.25,0.03,0.05,0.0,0.0,May,1,2,1,2,Returning_Visitor,False,False
1,26.0,1,0.0,55,735.56,0.0,0.02,0.0,0.0,Mar,2,5,1,2,Returning_Visitor,False,False
0,86.83,0,0.0,9,257.9,0.01,0.04,0.0,0.0,June,1,1,1,20,Returning_Visitor,False,False
3,87.16,1,43.21,10,735.54,0.03,0.02,0.0,0.0,Mar,3,2,1,2,Returning_Visitor,False,False
8,160.5,1,43.24,26,736.16,0.03,0.05,0.0,0.0,Mar,2,2,1,1,Returning_Visitor,False,False
3,101.94,1,0.0,25,796.61,0.01,0.04,3.3,0.0,June,2,2,1,2,Returning_Visitor,False,False
7,101.69,1,92.33,31,892.72,0.02,0.04,31.14,0.0,Oct,3,2,1,5,Returning_Visitor,False,False
4,353.5,0,43.14,24,735.92,0.0,0.01,0.0,0.0,Nov,1,2,1,2,Returning_Visitor,False,False
3,87.3,1,43.29,54,1299.2,0.0,0.02,0.0,0.0,Sep,1,1,1,2,Returning_Visitor,True,False
3,87.21,1,43.15,11,734.66,0.0,0.05,0.0,0.0,Dec,1,1,3,2,New_Visitor,False,False
0,0.0,1,0.0,10,443.5,0.0,0.03,38.21,0.0,May,2,5,1,4,Returning_Visitor,False,True
3,87.29,1,0.0,12,735.73,0.0,0.02,0.0,0.0,Mar,2,2,1,2,New_Visitor,False,False
3,0.0,0,43.36,2,0.0,0.0,0.05,0.0,0.8,May,3,2,3,2,Returning_Visitor,False,False
4,178.17,1,43.24,4,214.83,0.03,0.05,0.0,0.0,Dec,2,2,1,2,Returning_Visitor,False,False
0,0.0,0,0.0,27,735.52,0.03,0.02,0.0,0.0,Sep,1,1,1,2,Returning_Visitor,False,False
0,0.0,0,43.27,37,511.17,0.02,0.04,0.0,1.0,May,2,2,1,13,Returning_Visitor,True,False
2,53.4,0,43.24,3,66.4,0.0,0.04,0.0,0.0,Oct,1,1,1,2,Returning_Visitor,False,False
0,0.0,1,43.14,46,735.64,0.01,0.03,0.0,0.0,Mar,1,2,1,2,Returning_Visitor,False,False
4,62.67,1,0.0,82,1805.28,0.0,0.05,0.0,0.0,Dec,1,1,2,2,Returning_Visitor,False,False
6,634.5,3,312.75,172,734.66,0.03,0.05,0.0,0.0,Nov,2,2,1,2,Returning_Visitor,False,False
3,87.14,0,0.0,3,735.43,0.03,0.03,0.0,0.0,Oct,2,2,1,4,Returning_Visitor,False,False
3,87.24,0,43.24,2,34.0,0.0,0.05,0.0,0.4,Feb,3,2,2,2,Returning_Visitor,False,False
3,0.0,1,44.84,11,303.5,0.02,0.01,0.0,0.0,Nov,3,2,1,2,Returning_Visitor,False,False
13,189.22,3,22.5,108,798.98,0.02,0.04,24.03,0.0,May,3,2,1,13,Returning_Visitor,True,True
11,365.12,4,65.5,149,745.66,0.03,0.05,0.0,0.0,Nov,1,2,1,2,Returning_Visitor,False,False
0,0.0,2,26.0,90,735.93,0.03,0.05,0.0,0.0,Nov,2,2,1,2,Returning_Visitor,False,True
3,86.67,1,0.0,13,266.8,0.0,0.02,0.0,0.0,Jul,2,5,7,4,Returning_Visitor,False,False
0,0.0,0,0.0,4,736.32,0.03,0.05,0.0,0.0,May,2,2,4,2,Returning_Visitor,False,False
0,0.0,1,43.18,60,3386.0,0.03,0.06,0.0,0.8,May,2,2,1,6,Returning_Visitor,False,False
0,87.23,0,43.28,1,0.0,0.2,0.2,0.0,0.0,May,2,2,6,13,Returning_Visitor,False,False
3,87.53,0,0.0,1,0.0,0.2,0.2,0.0,0.0,Mar,3,2,3,2,Returning_Visitor,False,False
3,87.35,0,43.26,13,293.0,0.0,0.01,0.0,0.0,Mar,1,2,1,2,Returning_Visitor,False,False
8,259.28,1,45.17,53,801.52,0.0,0.04,22.22,0.0,Nov,3,2,9,6,Returning_Visitor,False,False
3,59.79,0,0.0,39,742.76,0.0,0.0,0.0,0.0,Nov,2,4,1,2,Returning_Visitor,False,False
3,87.41,0,0.0,38,436.86,0.03,0.01,0.0,0.0,Oct,2,2,7,2,Returning_Visitor,True,False
3,488.46,0,43.15,56,735.88,0.03,0.05,0.0,0.0,Dec,2,2,3,1,Returning_Visitor,False,False
3,0.0,1,43.22,32,556.6,0.01,0.05,0.0,0.0,Mar,2,2,3,1,Returning_Visitor,False,False
3,299.08,1,43.19,14,212.83,0.01,0.05,0.0,0.0,May,3,2,1,11,Returning_Visitor,True,False
3,44.0,1,0.0,8,182.0,0.0,0.05,0.0,0.0,May,2,4,1,2,New_Visitor,False,False
7,297.6,1,0.0,66,3572.24,0.01,0.01,7.77,0.0,Oct,2,2,8,2,Returning_Visitor,False,False
4,87.36,1,43.21,8,735.26,0.03,0.0,0.0,0.0,May,3,2,2,2,Returning_Visitor,False,False
0,0.0,1,43.19,18,736.01,0.03,0.05,0.0,0.0,Mar,1,1,2,2,Returning_Visitor,True,False
3,87.21,0,43.19,5,54.5,0.0,0.05,0.0,0.0,Dec,2,5,1,2,Returning_Visitor,False,False
1,5.0,2,43.35,126,739.55,0.03,0.05,0.0,0.0,Dec,2,2,1,1,Returning_Visitor,False,False
3,87.0,1,43.25,4,138.8,0.0,0.05,0.0,0.0,May,1,1,1,4,New_Visitor,True,False
9,88.07,1,6.0,30,738.43,0.03,0.05,0.0,0.0,Oct,2,2,3,2,Returning_Visitor,False,False
9,101.44,5,219.0,107,800.82,0.01,0.04,0.0,0.0,Nov,1,2,1,2,Returning_Visitor,False,False
1,87.18,1,0.0,13,935.0,0.0,0.03,0.0,0.6,May,1,1,1,2,Returning_Visitor,False,False
0,86.95,1,43.28,2,735.37,0.0,0.05,0.0,0.0,May,2,6,1,3,Returning_Visitor,False,False
3,67.4,2,45.28,8,800.57,0.02,0.04,15.82,0.0,Nov,3,2,1,20,Returning_Visitor,False,True
0,87.12,0,0.0,13,129.5,0.03,0.05,0.0,0.0,Nov,2,2,1,2,Returning_Visitor,False,False
3,0.0,0,43.22,13,222.5,0.0,0.05,0.0,0.0,May,2,2,1,2,Returning_Visitor,False,False
4,103.5,0,43.26,28,884.8,0.03,0.01,0.0,0.0,May,1,2,1,4,Returning_Visitor,False,False
3,87.3,0,43.22,32,736.17,0.0,0.0,0.0,0.0,Mar,2,2,1,2,Returning_Visitor,False,False
3,87.22,0,43.22,12,735.72,0.0,0.02,0.0,0.0,Dec,3,2,1,2,Returning_Visitor,False,False
5,101.43,1,45.24,18,494.67,0.0,0.02,33.15,0.0,Mar,3,2,1,2,Returning_Visitor,False,True
7,101.46,1,75.0,67,801.32,0.0,0.04,4.15,0.0,May,2,2,1,4,Returning_Visitor,False,False
6,66.17,2,120.0,204,737.06,0.03,0.05,0.0,0.4,May,2,2,1,4,Returning_Visitor,False,False
3,12.0,1,0.0,0,734.88,0.0,0.05,0.0,0.0,Aug,3,2,6,2,Returning_Visitor,True,True
3,0.0,1,43.22,12,241.2,0.05,0.05,0.0,1.0,May,3,2,6,4,Returning_Visitor,True,False
0,0.0,1,43.72,14,313.02,0.0,0.02,0.0,0.0,Nov,3,2,1,2,Returning_Visitor,False,False
3,0.0,0,43.16,5,171.5,0.0,0.02,0.0,0.0,Mar,1,1,1,2,Returning_Visitor,False,False
3,87.28,1,0.0,2,0.0,0.2,0.2,0.0,0.4,May,1,2,1,3,Returning_Visitor,False,False
0,0.0,1,45.23,44,1924.51,0.02,0.0,59.21,0.0,Nov,2,2,1,6,Returning_Visitor,False,True
3,0.0,0,0.0,30,734.31,0.0,0.01,0.0,0.0,Jul,2,4,1,4,Returning_Visitor,False,False
6,213.5,1,45.24,11,303.5,0.0,0.02,87.9,0.0,Dec,8,13,9,20,Returning_Visitor,False,True
0,87.27,0,43.21,5,734.89,0.03,0.12,0.0,0.0,Aug,1,2,1,2,Returning_Visitor,False,False
5,505.0,1,0.0,85,800.51,0.01,0.04,13.77,0.8,May,2,2,1,2,Returning_Visitor,False,False
3,87.07,2,1005.0,62,735.32,0.0,0.05,0.0,0.0,May,2,2,1,4,Returning_Visitor,False,False
3,197.71,1,130.52,35,1359.77,0.02,0.04,34.99,0.0,Nov,3,2,1,11,Returning_Visitor,True,False
3,36.5,0,0.0,32,770.38,0.0,0.01,0.0,0.0,Dec,2,2,3,2,Returning_Visitor,False,False
3,98.6,1,45.24,7,131.8,0.0,0.02,88.84,0.0,Oct,2,2,1,2,Returning_Visitor,False,True
3,0.0,1,45.18,44,1151.12,0.0,0.02,7.53,0.0,May,2,2,1,6,Returning_Visitor,False,False
8,199.62,2,10.0,81,735.57,0.03,0.02,0.0,0.0,Nov,2,2,1,2,Returning_Visitor,False,False
3,87.03,0,43.22,14,735.41,0.03,0.01,0.0,0.0,Nov,1,2,4,11,Returning_Visitor,True,False
0,87.04,0,43.22,7,212.0,0.03,0.05,0.0,0.4,May,3,3,5,2,Returning_Visitor,False,False
8,117.5,1,44.67,8,104.5,0.0,0.05,0.0,0.0,Nov,1,1,1,2,Returning_Visitor,False,True
3,101.33,0,0.0,17,1883.83,0.0,0.01,0.12,0.0,Mar,2,2,1,8,Returning_Visitor,False,True
0,87.47,0,0.0,2,9.0,0.03,0.07,0.0,0.0,Nov,2,2,1,6,Returning_Visitor,False,False
3,87.2,1,0.0,17,735.57,0.03,0.0,0.0,0.0,Oct,2,2,1,2,New_Visitor,False,False
3,87.47,1,43.21,38,734.97,0.03,0.01,5.62,0.0,Sep,3,2,8,2,Returning_Visitor,True,False
0,0.0,1,43.17,9,267.75,0.0,0.02,0.0,0.0,Dec,3,2,1,2,Returning_Visitor,True,False
3,87.73,0,43.24,29,735.24,0.03,0.05,0.0,0.0,Sep,2,2,1,2,Returning_Visitor,False,False
5,71.67,1,4.0,59,1702.37,0.02,0.01,6.56,0.0,May,2,2,1,1,Returning_Visitor,False,True
3,87.37,1,8.0,79,734.62,0.03,0.05,0.0,0.0,Dec,1,1,3,2,Returning_Visitor,False,False
3,87.11,0,43.19,2,42.0,0.0,0.05,0.0,0.0,Mar,2,2,1,2,Returning_Visitor,False,False
3,87.08,1,43.1,4,487.6,0.03,0.03,0.0,0.0,Sep,2,2,1,2,Returning_Visitor,False,False
3,86.96,0,43.15,6,123.75,0.0,0.01,0.0,0.0,Dec,2,2,7,6,Returning_Visitor,False,False
3,475.0,1,0.0,33,735.21,0.04,0.06,0.0,0.0,Mar,4,2,1,2,Returning_Visitor,False,False
0,0.0,1,0.0,7,117.0,0.0,0.03,0.0,0.0,May,2,10,6,2,Returning_Visitor,True,False
1,60.5,0,0.0,21,320.98,0.0,0.01,0.0,0.0,Nov,2,5,1,2,Returning_Visitor,False,False
3,87.09,1,43.17,13,736.43,0.0,0.06,0.0,0.0,June,2,2,9,1,Returning_Visitor,False,False
1,6.0,1,0.0,61,2183.5,0.03,0.05,0.0,0.0,Mar,2,2,1,9,Returning_Visitor,True,False
2,105.5,1,43.29,55,1984.03,0.03,0.0,0.0,0.0,Nov,3,2,4,2,Returning_Visitor,False,False
4,87.48,0,43.18,2,24.25,0.0,0.05,0.0,0.0,Dec,2,2,1,2,Returning_Visitor,False,False
1,9.0,0,0.0,37,2368.11,0.03,0.05,4.76,0.0,Nov,1,2,8,2,Returning_Visitor,False,False
6,87.14,0,0.0,14,327.0,0.0,0.05,0.0,0.0,Mar,1,2,1,2,Returning_Visitor,True,False
6,161.52,1,43.1,14,295.7,0.0,0.03,0.0,0.0,Nov,3,2,8,2,Returning_Visitor,False,False
3,87.38,1,0.0,6,190.4,0.04,0.05,0.0,0.0,May,1,2,1,2,Returning_Visitor,False,False
3,31.2,1,43.16,17,2077.17,0.0,0.01,0.0,0.0,Nov,2,2,1,2,Returning_Visitor,False,False
3,86.88,0,0.0,10,183.67,0.04,0.08,0.0,0.0,Feb,1,1,1,1,Returning_Visitor,False,False
0,0.0,0,0.0,111,2805.04,0.03,0.05,0.0,0.0,Aug,4,2,1,3,Returning_Visitor,True,False
0,0.0,1,43.23,4,197.42,0.02,0.05,0.0,0.0,Nov,4,2,5,2,Returning_Visitor,False,False
5,59.9,2,8.0,84,2359.52,0.03,0.03,3.48,0.0,June,1,2,4,3,Returning_Visitor,False,False
3,0.0,1,0.0,40,736.28,0.03,0.02,0.0,0.0,Nov,2,2,1,1,Returning_Visitor,False,False
3,100.6,0,45.09,6,801.36,0.0,0.03,0.0,0.0,Nov,3,2,6,2,Returning_Visitor,False,False
3,76.25,1,43.13,22,1075.25,0.03,0.0,0.0,0.0,Dec,2,2,4,2,Returning_Visitor,False,False
1,87.06,0,0.0,19,362.0,0.0,0.01,0.0,0.0,May,2,2,7,5,Returning_Visitor,False,False
3,0.0,0,0.0,27,867.78,0.0,0.05,0.0,0.0,Dec,2,2,3,1,New_Visitor,False,False
3,189.11,3,39.0,73,800.78,0.01,0.02,16.74,0.0,Nov,2,2,3,2,Returning_Visitor,False,True
3,87.27,0,0.0,23,808.04,0.0,0.04,0.0,0.0,Dec,2,2,1,8,Returning_Visitor,True,False
3,87.06,1,0.0,24,567.25,0.0,0.01,0.0,0.0,Dec,2,2,1,2,Returning_Visitor,False,False
1,21.2,1,0.0,53,736.03,0.01,0.04,0.0,0.0,Aug,2,2,3,3,Returning_Visitor,False,False
1,0.0,1,34.2,69,3051.53,0.03,0.05,0.0,0.0,Oct,2,4,1,2,Returning_Visitor,False,False
0,86.81,2,15.0,93,735.69,0.03,0.05,0.0,0.0,May,1,1,5,4,Returning_Visitor,False,False
3,64.4,0,45.21,5,47.3,0.0,0.02,45.83,0.0,Sep,2,2,1,3,Returning_Visitor,False,True
3,148.0,0,0.0,8,735.78,0.03,0.03,0.0,0.0,Mar,2,2,1,3,Returning_Visitor,False,False
3,123.43,0,0.0,7,132.88,0.0,0.01,0.0,0.0,Oct,1,1,1,2,New_Visitor,False,False
0,90.45,0,43.64,4,0.0,0.2,0.2,0.0,0.0,Nov,3,2,1,2,Returning_Visitor,False,False
3,0.0,0,43.17,22,356.8,0.0,0.05,0.0,0.0,Mar,2,2,1,8,Returning_Visitor,False,False
0,87.29,0,43.19,10,422.5,0.03,0.02,0.0,0.0,Nov,3,2,1,10,Returning_Visitor,False,False
3,106.0,1,0.0,6,798.86,0.02,0.03,0.0,0.0,Nov,3,6,3,2,New_Visitor,False,False
0,87.52,1,0.0,11,736.27,0.04,0.06,0.0,0.0,Nov,3,2,1,13,Returning_Visitor,False,False
7,87.37,1,43.6,34,733.01,0.02,0.05,0.0,0.0,Jul,1,1,3,4,Returning_Visitor,False,False
3,87.41,0,0.0,34,920.55,0.03,0.04,0.0,0.0,Dec,3,2,1,1,Returning_Visitor,False,False
2,85.5,0,45.19,42,1741.48,0.02,0.04,27.13,0.0,Mar,2,10,1,1,Returning_Visitor,False,False
4,41.33,1,0.0,136,4569.9,0.03,0.05,0.0,0.8,May,2,2,1,4,Returning_Visitor,False,False
0,87.11,0,43.2,2,735.69,0.0,0.05,0.0,0.0,Dec,4,2,1,1,Returning_Visitor,True,False
0,0.0,1,0.0,29,1970.0,0.0,0.0,100.73,0.0,Oct,4,1,5,2,Returning_Visitor,False,True
3,0.0,0,43.14,4,26.5,0.0,0.05,0.0,0.0,Mar,2,2,9,2,Returning_Visitor,False,False
18,505.4,1,10.0,105,746.67,0.03,0.03,4.53,0.0,Dec,2,2,1,1,Returning_Visitor,False,False
3,87.5,2,43.25,16,703.3,0.0,0.05,0.0,0.0,Aug,2,2,3,2,Returning_Visitor,False,False
0,0.0,1,43.24,18,734.92,0.01,0.01,0.0,0.0,Nov,3,2,1,1,Returning_Visitor,False,False
2,25.6,0,0.0,29,1199.92,0.0,0.01,23.66,0.0,Jul,3,2,1,4,Returning_Visitor,False,False
3,702.0,0,0.0,38,2193.15,0.02,0.02,9.09,0.0,Mar,1,2,2,2,Returning_Visitor,False,True
0,87.06,1,43.2,12,736.39,0.0,0.02,0.0,0.0,Dec,2,2,7,3,Returning_Visitor,False,False
3,87.23,1,0.0,1,734.26,0.0,0.1,0.0,0.0,Mar,2,2,2,2,Returning_Visitor,False,False
0,87.24,1,0.0,8,735.42,0.03,0.05,0.0,0.0,May,2,2,4,2,Returning_Visitor,False,False
3,0.0,0,0.0,23,801.81,0.01,0.04,4.28,0.0,Nov,2,2,4,2,Returning_Visitor,False,False
3,87.01,1,51.5,31,735.8,0.03,0.03,0.0,0.0,Nov,2,2,1,2,Returning_Visitor,False,False
3,122.04,0,0.0,14,338.79,0.0,0.03,0.0,0.0,Dec,2,2,1,2,Returning_Visitor,False,False
1,87.54,1,43.22,7,170.0,0.03,0.02,0.0,0.0,Dec,2,2,1,2,Returning_Visitor,False,False
0,87.08,1,0.0,38,667.17,0.0,0.05,0.0,0.0,Mar,2,2,4,2,Returning_Visitor,True,False
6,87.47,1,0.0,28,789.13,0.01,0.01,37.55,0.0,Nov,2,2,1,2,Returning_Visitor,False,False
3,0.0,1,44.14,23,1146.5,0.02,0.02,72.52,0.0,May,2,4,1,2,Returning_Visitor,True,True
3,87.17,1,43.2,31,736.28,0.03,0.05,0.0,0.0,May,2,2,1,6,Returning_Visitor,False,False
4,132.0,0,0.0,85,735.2,0.03,0.05,0.0,0.0,May,2,2,1,3,Returning_Visitor,False,False
3,87.32,0,43.19,5,72.0,0.0,0.05,0.0,0.0,Dec,3,2,1,2,Returning_Visitor,False,False
0,0.0,1,43.23,20,545.1,0.03,0.03,0.0,0.0,Jul,3,2,8,2,Returning_Visitor,False,False
3,87.41,0,43.25,1,735.02,0.03,0.05,0.0,0.0,Nov,3,2,7,2,Returning_Visitor,False,False
3,87.44,0,43.13,3,29.0,0.03,0.07,0.0,0.0,Mar,2,2,7,2,New_Visitor,False,False
3,100.95,0,45.31,6,84.25,0.02,0.04,0.0,0.0,Dec,3,2,1,20,Returning_Visitor,False,False
2,10.0,1,57.0,99,737.78,0.03,0.05,8.93,0.0,May,2,2,1,1,Returning_Visitor,True,False
3,0.0,0,0.0,20,809.0,0.01,0.05,25.76,0.0,Dec,2,5,1,1,Returning_Visitor,False,False
6,276.0,0,43.14,24,1021.2,0.01,0.02,82.43,0.0,Dec,1,1,1,1,Returning_Visitor,False,False
3,0.0,1,0.0,5,252.5,0.03,0.02,0.0,0.0,May,2,2,1,2,Returning_Visitor,False,False
0,87.19,1,43.19,1,0.0,0.03,0.2,0.0,0.0,Dec,8,13,9,2,Returning_Visitor,False,False
1,87.2,1,60.0,43,735.16,0.03,0.05,0.0,0.0,Mar,1,1,1,2,Returning_Visitor,False,False
3,0.0,0,43.26,57,980.83,0.03,0.04,0.0,0.8,May,2,2,1,2,Returning_Visitor,False,False
3,0.0,1,0.0,1,0.0,0.2,0.2,0.0,0.0,Dec,2,5,1,1,Returning_Visitor,False,False
3,0.0,0,45.25,36,872.83,0.0,0.01,81.03,0.0,Nov,2,4,1,8,Returning_Visitor,False,True
1,0.0,1,43.12,23,735.9,0.03,0.05,0.0,0.0,Dec,1,2,8,2,Returning_Visitor,True,False
0,0.0,1,0.0,14,736.65,0.16,0.05,0.0,0.6,May,3,2,6,2,Returning_Visitor,False,False
0,87.33,4,140.0,26,832.83,0.03,0.05,0.0,0.0,May,3,2,1,2,Returning_Visitor,False,False
5,87.3,1,11.5,31,736.21,0.01,0.02,0.0,0.0,Nov,3,2,1,2,Returning_Visitor,True,False
3,87.01,0,43.21,34,1266.33,0.01,0.03,0.0,0.4,May,2,2,1,4,Returning_Visitor,False,False
7,257.4,1,43.14,7,734.82,0.02,0.05,0.0,0.0,Nov,1,2,1,2,New_Visitor,False,False
3,88.63,1,0.0,7,1721.67,0.04,0.04,0.0,0.0,Nov,1,2,3,2,Returning_Visitor,False,False
3,0.0,1,0.0,12,329.21,0.02,0.05,0.0,0.0,Nov,3,2,1,2,Returning_Visitor,False,False
4,87.76,1,43.17,64,4326.67,0.03,0.05,0.0,0.0,Dec,2,2,1,2,Returning_Visitor,False,False
3,0.0,1,43.26,21,735.32,0.03,0.01,0.0,0.0,May,1,1,1,15,Returning_Visitor,False,False
5,136.0,1,0.0,30,2205.67,0.02,0.01,47.26,0.0,May,2,2,1,6,Returning_Visitor,False,True
3,87.17,0,0.0,10,735.38,0.0,0.05,0.0,0.0,Mar,1,1,7,2,Returning_Visitor,False,False
0,0.0,0,43.2,9,148.33,0.03,0.06,0.0,0.0,May,3,2,6,3,Returning_Visitor,False,False
3,37.0,1,43.27,18,463.5,0.0,0.0,0.0,0.0,May,2,5,1,2,Returning_Visitor,False,False
3,87.0,0,0.0,16,421.25,0.03,0.05,0.0,0.0,May,1,1,1,1,Returning_Visitor,False,False
3,86.98,1,0.0,2,67.0,0.0,0.1,0.0,0.0,Mar,1,1,4,1,Returning_Visitor,False,False
3,0.0,1,43.2,2,734.58,0.03,0.1,0.0,0.0,Dec,2,2,1,2,Returning_Visitor,False,False
3,101.36,5,45.23,27,801.41,0.0,0.01,35.23,0.0,Oct,3,6,1,2,Returning_Visitor,False,False
4,148.5,1,118.0,150,4764.43,0.03,0.05,33.33,0.0,Mar,2,2,1,2,Returning_Visitor,False,False
3,86.77,1,0.0,11,219.5,0.03,0.05,0.0,0.6,May,1,1,1,3,Returning_Visitor,False,False
0,87.31,1,43.2,4,58.5,0.0,0.05,0.0,0.0,Dec,3,2,8,13,Returning_Visitor,False,False
1,18.0,0,0.0,26,1122.58,0.03,0.05,15.95,0.0,May,1,1,3,1,Returning_Visitor,False,True
13,295.93,5,17.9,154,799.67,0.02,0.04,0.0,0.0,Nov,2,2,1,2,Returning_Visitor,False,False
3,0.0,0,43.19,16,157.9,0.05,0.06,0.0,0.0,May,2,2,1,3,Returning_Visitor,False,False
0,0.0,1,0.0,5,94.8,0.07,0.05,0.0,0.0,Nov,3,2,7,13,Returning_Visitor,False,False
3,87.02,1,0.0,17,735.72,0.03,0.0,0.0,0.0,May,2,5,1,4,New_Visitor,False,False
3,87.0,1,0.0,3,15.0,0.03,0.13,0.0,0.4,May,2,2,4,1,Returning_Visitor,False,False
2,101.25,1,0.0,21,1845.67,0.02,0.02,23.07,0.0,May,2,2,1,5,Returning_Visitor,False,False
3,87.09,0,0.0,17,735.62,0.0,0.01,0.0,0.0,May,1,8,1,2,New_Visitor,False,False
3,86.82,0,0.0,17,85.67,0.03,0.08,0.0,0.0,Mar,2,2,6,1,Returning_Visitor,False,False
3,0.0,1,43.25,2,0.0,0.03,0.2,0.0,0.0,June,3,2,3,2,Returning_Visitor,False,False
0,87.24,0,43.18,56,735.88,0.03,0.05,0.0,0.0,Dec,3,2,1,3,Returning_Visitor,False,False
0,86.97,1,43.22,38,736.47,0.03,0.05,0.0,0.6,May,2,2,5,1,Returning_Visitor,False,False
3,6.0,0,45.25,14,801.66,0.02,0.0,17.53,0.0,Nov,2,2,6,2,New_Visitor,True,True
3,0.0,1,0.0,10,411.92,0.03,0.04,0.0,0.0,Dec,3,2,1,2,Returning_Visitor,False,True
3,86.99,1,43.25,14,115.67,0.06,0.08,0.0,0.0,May,3,2,1,2,Returning_Visitor,False,False
1,100.24,1,0.0,8,194.23,0.02,0.08,0.0,0.0,Nov,3,3,1,1,Returning_Visitor,False,False
4,103.6,1,27.2,26,2609.0,0.02,0.04,47.12,0.0,Nov,2,6,1,2,Returning_Visitor,False,True
11,87.42,1,43.28,25,1222.62,0.0,0.04,0.0,0.0,Dec,2,2,1,2,Returning_Visitor,False,False
16,932.8,0,0.0,40,737.1,0.01,0.05,0.0,0.0,Sep,1,2,1,2,Returning_Visitor,False,False
1,101.44,0,45.18,24,1123.25,0.0,0.02,30.05,0.0,Sep,2,2,3,2,Returning_Visitor,False,True
0,86.82,1,43.27,1,0.0,0.2,0.2,0.0,0.0,May,1,1,9,2,Returning_Visitor,False,False
0,0.0,2,174.0,105,800.34,0.0,0.04,0.0,0.0,Nov,2,2,1,2,Returning_Visitor,False,False
0,87.23,0,0.0,8,262.17,0.0,0.03,0.0,0.0,May,2,2,1,2,Returning_Visitor,False,False
1,101.27,0,45.31,17,545.08,0.02,0.01,9.84,0.0,Nov,3,2,5,2,New_Visitor,False,True
0,0.0,0,0.0,34,606.79,0.03,0.04,0.0,0.4,May,1,1,1,2,Returning_Visitor,False,False
3,86.96,0,43.23,6,103.0,0.03,0.05,0.0,0.6,May,2,2,1,2,Returning_Visitor,False,False
4,76.6,7,89.53,87,735.62,0.01,0.05,0.0,0.0,Sep,2,2,1,2,Returning_Visitor,False,False
3,86.84,1,43.22,5,95.1,0.07,0.08,0.0,0.0,Oct,1,1,4,4,Returning_Visitor,False,False
0,0.0,1,0.0,22,662.67,0.03,0.04,0.0,0.4,May,2,2,1,2,Returning_Visitor,False,False
0,87.09,0,43.21,41,735.95,0.0,0.03,0.0,0.0,Dec,2,5,1,3,Returning_Visitor,True,False
3,86.89,0,43.24,21,736.64,0.01,0.03,0.0,0.0,Mar,2,2,1,2,Returning_Visitor,False,False
3,87.18,1,43.18,14,735.13,0.03,0.05,0.0,0.0,Sep,3,2,1,2,Returning_Visitor,False,False
5,87.34,0,43.17,29,735.27,0.03,0.05,0.0,0.0,Nov,3,2,1,2,Returning_Visitor,False,False
3,87.23,1,43.21,18,735.27,0.0,0.05,0.0,0.0,May,3,2,6,2,Returning_Visitor,False,False
5,196.67,0,0.0,94,2129.54,0.03,0.05,0.0,0.0,May,3,2,1,3,Returning_Visitor,False,False
2,63.5,0,0.0,104,734.44,0.03,0.0,0.0,0.0,Jul,2,2,2,1,Returning_Visitor,False,False
15,176.49,1,32.75,95,737.98,0.03,0.02,0.0,0.0,Nov,3,2,1,10,Returning_Visitor,True,True
3,456.9,0,45.26,35,801.78,0.02,0.04,12.12,0.0,Oct,2,2,2,2,Returning_Visitor,False,True
3,101.35,1,0.0,21,344.17,0.01,0.04,13.59,0.0,Oct,1,1,1,2,Returning_Visitor,False,True
0,0.0,1,43.19,3,181.0,0.07,0.1,0.0,0.0,Dec,2,2,3,2,Returning_Visitor,False,False
0,0.0,0,0.0,22,799.72,0.02,0.05,0.0,0.0,Jul,3,2,1,2,Returning_Visitor,True,False
0,0.0,1,0.0,24,1010.25,0.01,0.02,31.82,0.0,Dec,3,2,8,2,Returning_Visitor,False,True
3,87.24,1,18.0,10,409.47,0.03,0.04,0.0,0.0,Dec,2,2,1,2,Returning_Visitor,False,False
3,46.5,0,0.0,22,578.81,0.03,0.04,0.0,0.0,Dec,1,2,1,2,Returning_Visitor,False,False
3,0.0,0,43.25,2,4.0,0.0,0.1,0.0,0.0,Mar,2,2,1,2,Returning_Visitor,False,False
3,86.93,0,0.0,11,736.51,0.0,0.05,0.0,0.0,Mar,1,1,6,2,Returning_Visitor,False,False
6,87.89,0,0.0,30,634.69,0.03,0.11,0.0,0.0,Nov,3,2,8,13,Returning_Visitor,False,False
3,87.2,1,0.0,33,736.0,0.01,0.02,0.0,0.0,Dec,1,1,1,2,Returning_Visitor,False,False
0,87.03,1,43.19,8,136.75,0.0,0.1,0.0,0.0,Mar,2,2,2,10,Returning_Visitor,False,False
3,95.92,1,0.0,19,671.55,0.0,0.02,28.13,0.0,Dec,2,2,7,2,Returning_Visitor,False,False
0,86.95,0,0.0,38,1355.37,0.03,0.05,0.0,0.0,Nov,1,2,6,2,Returning_Visitor,False,False
8,87.18,1,57.0,11,252.89,0.0,0.01,0.0,0.0,May,2,2,2,2,Returning_Visitor,False,False
3,135.5,0,43.11,30,735.81,0.03,0.02,4.35,0.0,Dec,2,2,1,2,Returning_Visitor,False,True
6,87.23,1,43.18,20,735.11,0.0,0.05,0.0,0.0,Nov,1,1,1,2,Returning_Visitor,False,False
3,87.03,0,0.0,4,734.66,0.0,0.05,0.0,0.0,Mar,1,1,1,2,Returning_Visitor,False,False
3,101.42,1,0.0,22,325.0,0.02,0.01,19.1,0.0,Dec,4,2,1,2,Returning_Visitor,False,True
3,86.96,0,0.0,45,735.82,0.03,0.05,0.0,0.0,Nov,2,2,1,1,Returning_Visitor,False,False
4,291.96,4,52.4,219,736.07,0.03,0.05,5.41,0.0,June,2,2,1,2,Returning_Visitor,False,False
3,36.87,0,0.0,123,776.32,0.03,0.05,0.0,0.0,June,2,2,1,2,Returning_Visitor,False,False
0,0.0,0,0.0,52,737.34,0.01,0.05,0.0,1.0,May,2,2,1,6,Returning_Visitor,False,False
1,3.5,0,43.22,11,735.44,0.0,0.01,0.0,0.2,May,2,2,2,2,Returning_Visitor,False,False
3,120.67,0,43.2,8,261.6,0.03,0.05,0.0,0.0,May,2,7,1,2,New_Visitor,False,False
2,34.5,1,0.0,17,491.83,0.0,0.01,0.0,0.0,Dec,1,1,3,2,New_Visitor,False,False
5,134.75,3,16.0,165,799.3,0.02,0.04,3.51,0.0,Nov,1,2,1,2,Returning_Visitor,False,True
0,86.59,0,0.0,14,736.36,0.06,0.1,0.0,0.6,May,4,2,1,1,Returning_Visitor,False,False
2,87.25,0,43.21,3,734.9,0.03,0.01,0.0,0.0,May,3,2,4,2,Returning_Visitor,True,False
10,511.5,4,164.0,73,801.1,0.02,0.04,30.09,0.0,Mar,2,2,1,2,Returning_Visitor,False,False
0,87.01,0,43.2,6,85.75,0.03,0.05,0.0,0.0,Nov,2,4,1,2,Returning_Visitor,False,False
3,176.0,1,45.1,15,537.2,0.02,0.02,27.66,0.6,May,2,2,2,2,Returning_Visitor,False,True
0,0.0,1,43.31,9,214.75,0.03,0.02,0.0,0.0,Nov,1,1,1,6,Returning_Visitor,False,False
9,444.28,0,0.0,534,799.92,0.02,0.04,2.55,0.0,Nov,2,2,1,2,Returning_Visitor,True,True
3,63.6,0,43.22,27,459.96,0.01,0.05,0.0,0.0,May,1,2,1,3,Returning_Visitor,True,False
3,86.6,0,0.0,35,596.03,0.03,0.05,0.0,0.0,Oct,2,5,1,2,New_Visitor,False,False
0,0.0,1,1220.0,28,2389.33,0.02,0.05,0.0,0.0,Mar,2,2,1,3,Returning_Visitor,False,False
0,0.0,1,43.23,11,735.22,0.13,0.05,0.0,0.0,Jul,3,2,1,2,Returning_Visitor,False,False
2,28.0,1,45.19,27,1253.33,0.02,0.01,39.72,0.0,Mar,2,2,1,2,Returning_Visitor,False,True
0,0.0,0,0.0,54,3371.05,0.0,0.05,0.0,0.0,Jul,2,4,1,2,Returning_Visitor,False,False
3,230.1,0,0.0,35,905.12,0.02,0.02,0.0,0.0,Jul,3,2,1,1,Returning_Visitor,False,False
1,0.0,0,43.28,30,1732.07,0.03,0.05,13.13,0.0,Nov,2,2,9,10,Returning_Visitor,False,False
12,187.28,3,88.58,43,3266.13,0.0,0.04,3.33,0.0,Mar,1,1,1,10,Returning_Visitor,False,False
0,87.41,1,43.24,30,735.33,0.03,0.05,0.0,0.0,Dec,3,2,1,2,Returning_Visitor,False,False
3,10.0,2,43.31,27,1686.97,0.01,0.02,7.96,0.0,Mar,2,6,1,2,Returning_Visitor,False,False
9,468.37,1,88.0,114,740.9,0.03,0.05,42.42,0.0,May,2,2,1,14,Returning_Visitor,False,True
3,90.7,1,43.35,13,1036.53,0.04,0.05,19.75,0.0,Nov,3,2,1,4,Returning_Visitor,True,False
0,87.08,0,43.18,8,102.75,0.03,0.07,0.0,0.0,Dec,2,2,9,6,Returning_Visitor,False,False
3,87.29,1,0.0,1,36.0,0.0,0.07,0.0,0.0,Mar,3,2,1,2,Returning_Visitor,False,False
1,34.0,1,45.21,7,179.0,0.0,0.03,53.13,0.0,Mar,2,4,1,8,Returning_Visitor,False,True
8,522.25,0,45.11,53,1899.06,0.02,0.01,14.17,0.0,Dec,1,1,1,2,Returning_Visitor,False,False
3,0.0,0,43.22,3,735.68,0.0,0.07,0.0,0.0,Dec,2,2,3,2,Returning_Visitor,False,False
0,86.88,0,0.0,8,735.62,0.08,0.08,0.0,0.0,Mar,1,1,1,2,Returning_Visitor,False,False
3,120.25,5,43.22,42,2066.93,0.03,0.05,17.71,0.0,May,2,2,1,4,Returning_Visitor,False,False
3,5.5,1,12.0,54,735.91,0.03,0.02,0.0,0.0,Mar,3,2,1,2,Returning_Visitor,False,False
1,0.0,0,0.0,7,82.2,0.06,0.05,0.0,0.0,June,3,2,1,2,Returning_Visitor,False,False
3,87.63,0,43.19,7,735.54,0.03,0.01,0.0,0.0,Mar,3,2,8,2,New_Visitor,False,False
3,87.09,0,0.0,9,736.43,0.03,0.05,0.0,0.0,June,2,2,3,1,Returning_Visitor,False,False
3,101.4,4,216.0,17,1243.5,0.0,0.04,32.81,0.0,May,1,1,2,2,Returning_Visitor,False,True
3,0.0,0,0.0,2,0.0,0.2,0.2,0.0,0.6,May,2,2,1,2,Returning_Visitor,False,False
3,86.97,0,0.0,13,178.83,0.0,0.05,0.0,0.6,May,2,2,1,2,Returning_Visitor,False,False
3,66.5,3,65.75,152,801.4,0.02,0.04,12.65,0.0,Nov,2,2,1,2,Returning_Visitor,False,True
3,51.5,1,45.2,21,801.19,0.02,0.0,49.39,0.6,May,2,4,2,2,Returning_Visitor,False,True
7,152.6,2,45.26,30,1089.29,0.0,0.01,23.6,0.0,Nov,2,2,4,2,Returning_Visitor,False,False
0,0.0,0,0.0,10,108.92,0.02,0.04,0.0,0.0,Nov,2,4,1,2,Returning_Visitor,False,False
0,0.0,1,0.0,14,253.17,0.01,0.05,0.0,0.6,May,3,2,8,13,Returning_Visitor,False,False
0,0.0,0,0.0,42,1333.91,0.03,0.01,0.0,0.0,Nov,1,2,1,2,Returning_Visitor,False,False
3,87.66,1,0.0,1,0.0,0.2,0.05,0.0,0.0,Feb,3,2,1,2,Returning_Visitor,False,False
2,139.0,1,43.28,31,735.72,0.01,0.03,0.0,0.0,May,1,2,3,2,Returning_Visitor,False,False
3,86.94,0,43.21,6,735.53,0.03,0.05,0.0,0.2,May,1,2,1,2,Returning_Visitor,False,False
0,86.97,0,43.19,1,735.15,0.03,0.05,0.0,0.0,Dec,2,2,1,2,Returning_Visitor,False,False
3,64.0,1,0.0,54,735.32,0.03,0.05,0.0,0.0,May,4,2,1,4,Returning_Visitor,False,False
0,86.96,1,0.0,24,610.63,0.0,0.05,0.0,0.0,Nov,1,1,1,2,Returning_Visitor,False,True
3,0.0,1,44.03,20,1194.75,0.02,0.04,0.0,0.0,Nov,2,2,1,8,Returning_Visitor,True,True
3,0.0,1,43.22,21,761.25,0.0,0.01,0.0,0.0,May,3,2,1,1,Returning_Visitor,False,False
3,91.87,5,44.93,21,378.4,0.03,0.03,0.0,0.0,Jul,1,2,3,1,Returning_Visitor,False,False
2,87.37,1,43.2,44,736.16,0.0,0.01,0.0,0.0,Nov,2,2,1,10,Returning_Visitor,False,False
3,88.02,1,0.0,18,340.92,0.0,0.05,0.0,0.0,Aug,2,4,3,5,Returning_Visitor,False,False
11,385.57,0,0.0,54,736.58,0.01,0.05,0.0,0.0,Oct,2,2,7,3,Returning_Visitor,False,False
1,0.0,1,211.25,144,759.46,0.03,0.05,0.0,0.0,Nov,2,2,1,2,Returning_Visitor,False,True
0,87.49,0,0.0,21,882.75,0.0,0.05,0.0,0.0,Dec,2,2,2,2,New_Visitor,True,False
4,97.0,0,43.25,22,735.44,0.01,0.01,0.0,0.0,May,1,2,1,2,New_Visitor,False,False
3,87.29,1,0.0,5,26.5,0.03,0.12,0.0,0.0,Mar,1,2,3,1,Returning_Visitor,False,False
0,0.0,0,0.0,20,333.0,0.03,0.04,0.0,0.0,Dec,2,2,1,2,Returning_Visitor,False,False
0,0.0,0,0.0,159,798.58,0.02,0.04,0.0,0.0,Nov,3,2,1,2,Returning_Visitor,False,True
0,87.35,1,43.28,1,0.0,0.2,0.05,0.0,0.0,May,6,7,3,2,Returning_Visitor,False,False
0,87.05,0,0.0,28,735.41,0.0,0.01,0.0,0.6,May,2,2,1,2,Returning_Visitor,False,False
3,0.0,1,52.0,12,735.82,0.02,0.03,0.0,0.0,May,1,2,3,3,Returning_Visitor,False,False
5,87.24,0,0.0,5,733.8,0.04,0.06,0.0,0.0,Dec,1,1,4,2,Returning_Visitor,False,False
1,87.15,0,0.0,112,734.78,0.03,0.05,0.0,0.0,Dec,1,2,4,2,Returning_Visitor,False,False
3,87.33,0,0.0,9,404.5,0.0,0.05,0.0,0.0,Nov,2,2,1,2,Returning_Visitor,False,False
3,53.4,1,43.25,2,0.0,0.05,0.05,0.0,0.0,Sep,1,1,6,2,Returning_Visitor,False,False
7,87.33,0,0.0,40,735.59,0.03,0.02,0.0,0.0,Dec,3,2,1,2,Returning_Visitor,False,False
0,87.21,0,0.0,17,290.83,0.03,0.01,0.0,0.4,May,2,2,3,2,Returning_Visitor,False,False
3,87.18,0,43.15,14,964.5,0.03,0.03,0.0,0.0,Mar,2,2,1,2,Returning_Visitor,False,False
3,0.0,1,27.0,20,566.5,0.0,0.02,0.0,0.6,May,3,2,1,3,Returning_Visitor,False,False
3,0.0,0,0.0,7,753.0,0.03,0.01,0.0,0.0,Mar,2,10,1,2,Returning_Visitor,False,False
3,0.0,0,0.0,20,197.38,0.03,0.05,0.0,0.0,Feb,2,6,1,2,Returning_Visitor,False,False
2,452.5,0,0.0,18,734.63,0.0,0.0,0.0,0.0,Nov,1,1,1,2,Returning_Visitor,False,False
1,23.0,1,272.5,30,974.27,0.02,0.01,11.48,0.0,May,2,2,1,1,Returning_Visitor,False,True
3,87.2,1,43.17,21,735.16,0.01,0.03,0.0,0.2,May,1,1,2,2,Returning_Visitor,False,False
3,74.0,0,0.0,44,844.94,0.0,0.02,0.0,0.0,Dec,1,2,1,10,Returning_Visitor,False,False
3,133.17,1,80.0,10,246.79,0.0,0.05,0.0,0.0,May,2,2,1,2,Returning_Visitor,False,False
0,0.0,1,43.17,25,1225.86,0.01,0.05,0.0,0.4,May,2,2,1,2,Returning_Visitor,False,False
0,0.0,0,0.0,39,735.22,0.0,0.02,0.0,0.0,Nov,2,2,1,2,Returning_Visitor,False,False
3,0.0,0,0.0,39,735.26,0.01,0.01,0.0,0.0,Dec,3,2,1,2,Returning_Visitor,True,False
4,87.3,0,43.17,32,1092.18,0.03,0.05,0.0,0.0,Jul,2,2,1,1,Returning_Visitor,False,False
3,77.75,0,42.53,18,941.92,0.0,0.0,0.0,0.0,Nov,2,2,1,2,New_Visitor,False,False
3,87.05,1,0.0,10,149.6,0.02,0.04,0.0,0.6,May,2,2,2,2,Returning_Visitor,False,False
3,87.46,2,43.23,9,735.79,0.0,0.02,0.0,0.0,Dec,1,2,1,2,Returning_Visitor,False,False
0,0.0,1,43.21,47,2493.99,0.03,0.05,0.0,0.0,Dec,2,4,9,2,Returning_Visitor,False,True
0,87.31,0,43.17,26,955.38,0.03,0.01,0.0,0.0,Dec,2,2,7,2,New_Visitor,False,False
0,87.4,1,0.0,1,734.78,0.2,0.2,0.0,0.0,May,1,1,1,2,New_Visitor,False,False
3,87.21,1,43.19,7,70.47,0.03,0.09,0.0,0.0,Oct,2,2,1,20,Returning_Visitor,False,False
0,0.0,0,0.0,1,0.0,0.2,0.2,0.0,0.0,Mar,2,5,1,3,Returning_Visitor,False,False
3,227.0,0,43.16,3,164.0,0.0,0.05,0.0,0.0,Mar,1,2,1,2,New_Visitor,False,False
3,86.92,4,82.5,22,1087.99,0.01,0.02,0.0,0.0,Nov,3,2,3,2,Returning_Visitor,False,False
3,86.98,0,43.24,47,1144.48,0.03,0.05,0.0,0.0,May,3,2,3,2,Returning_Visitor,False,False
3,87.02,0,43.17,4,206.5,0.05,0.05,0.0,0.0,Dec,1,2,1,2,Returning_Visitor,False,False
3,0.0,0,43.28,4,0.0,0.2,0.2,0.0,0.0,Jul,3,2,1,2,Returning_Visitor,False,False
3,87.37,1,0.0,11,131.3,0.0,0.05,0.0,0.0,Mar,2,2,1,2,Returning_Visitor,False,False
3,65.54,1,43.15,6,736.21,0.0,0.0,0.0,0.0,Dec,2,4,1,2,Returning_Visitor,False,False
3,2.0,0,0.0,61,1335.74,0.02,0.04,20.16,0.0,Nov,4,4,1,2,Returning_Visitor,False,True
2,87.08,0,43.22,28,1286.75,0.03,0.05,0.0,0.0,May,1,2,1,2,Returning_Visitor,True,False
9,441.85,0,0.0,122,2577.45,0.02,0.04,75.28,0.0,Nov,1,1,1,2,Returning_Visitor,False,True
3,87.11,0,43.16,15,735.56,0.0,0.01,0.0,0.0,Dec,8,2,9,2,Returning_Visitor,False,False
2,129.0,1,0.0,31,866.7,0.03,0.03,18.11,0.0,May,3,2,6,2,Returning_Visitor,False,True
3,535.75,2,12.0,22,2178.67,0.01,0.03,15.0,0.0,May,1,2,2,13,Returning_Visitor,False,False
0,0.0,0,0.0,77,1750.37,0.03,0.03,0.0,0.0,Aug,1,1,1,2,Returning_Visitor,False,False
3,0.0,1,0.0,13,490.08,0.0,0.0,11.99,1.0,May,1,2,1,11,New_Visitor,False,True
3,0.0,1,0.0,13,323.92,0.0,0.01,35.84,0.0,Mar,1,1,1,2,Returning_Visitor,False,True
0,0.0,1,43.14,4,2528.0,0.03,0.05,0.0,0.0,Mar,2,2,9,2,Returning_Visitor,True,False
2,87.53,1,0.0,23,736.44,0.01,0.05,0.0,0.0,Mar,2,2,1,2,Returning_Visitor,False,False
6,146.42,0,43.16,61,735.79,0.03,0.05,0.0,0.0,Dec,2,2,1,2,Returning_Visitor,False,True
7,140.57,1,108.8,43,1912.75,0.03,0.01,19.64,0.0,Nov,3,2,6,5,Returning_Visitor,False,False
1,87.41,1,43.2,6,137.6,0.03,0.01,0.0,0.0,Oct,2,2,3,1,Returning_Visitor,False,False
3,15.0,1,0.0,102,4021.17,0.03,0.05,0.0,0.0,Nov,2,2,1,2,Returning_Visitor,True,False
2,34.18,1,43.22,70,735.69,0.0,0.0,0.0,0.0,Nov,2,4,1,2,Returning_Visitor,True,False
2,35.0,1,45.24,20,979.08,0.0,0.01,60.05,0.0,Mar,2,2,3,2,Returning_Visitor,False,True
0,0.0,0,0.0,49,2110.12,0.0,0.0,62.94,0.0,Nov,2,2,1,2,Returning_Visitor,False,True
3,87.13,0,0.0,39,735.96,0.03,0.01,0.0,0.0,May,2,2,1,3,Returning_Visitor,True,False
3,87.08,1,43.18,13,284.5,0.03,0.0,0.0,0.0,Mar,1,2,1,2,New_Visitor,False,False
5,87.47,1,0.0,15,650.7,0.0,0.05,0.0,0.0,Mar,1,2,1,2,New_Visitor,False,False
3,87.06,1,0.0,1,734.94,0.03,0.2,0.0,0.0,Mar,2,2,1,2,Returning_Visitor,False,False
3,11.0,1,0.0,14,101.25,0.03,0.01,0.0,0.8,May,2,2,3,2,Returning_Visitor,False,False
0,87.36,0,43.2,26,735.95,0.02,0.05,0.0,0.0,Dec,3,2,1,10,Returning_Visitor,False,False
7,101.35,3,45.27,111,800.54,0.02,0.04,6.45,0.0,Mar,3,2,1,2,Returning_Visitor,True,False
3,0.0,1,0.0,23,386.18,0.0,0.02,0.0,0.0,Jul,1,2,1,4,Returning_Visitor,False,False
3,0.0,0,0.0,1,0.0,0.2,0.2,0.0,0.0,Mar,1,1,1,1,Returning_Visitor,False,False
3,87.08,1,0.0,13,421.17,0.03,0.03,0.0,0.8,May,1,2,1,2,Returning_Visitor,False,False
3,87.25,0,0.0,62,1493.35,0.01,0.05,0.0,0.0,Dec,2,2,1,2,Returning_Visitor,False,False
11,1443.1,5,205.0,225,800.32,0.02,0.04,9.24,0.0,Nov,2,2,1,2,Returning_Visitor,False,True
3,87.44,1,43.12,6,735.32,0.0,0.06,0.0,0.0,Oct,2,2,1,2,Returning_Visitor,False,False
3,87.5,1,43.23,9,734.19,0.0,0.05,0.0,0.0,Nov,1,1,1,2,Returning_Visitor,False,False
3,0.0,0,0.0,6,223.33,0.0,0.01,0.0,0.0,May,2,2,1,2,Returning_Visitor,False,False
0,87.17,0,43.23,1,0.0,0.03,0.05,0.0,0.0,Mar,1,1,3,2,Returning_Visitor,False,False
3,87.14,1,43.26,12,735.8,0.01,0.04,0.0,0.0,Mar,2,2,1,2,Returning_Visitor,False,False
3,87.78,1,43.17,7,735.1,0.07,0.05,0.0,0.0,May,3,2,2,2,Returning_Visitor,False,False
0,0.0,1,45.21,8,170.53,0.0,0.04,37.97,0.0,Aug,2,5,1,2,Returning_Visitor,False,True
0,0.0,1,0.0,48,735.86,0.02,0.05,0.0,0.6,May,3,2,1,2,Returning_Visitor,False,False
3,0.0,1,0.0,47,734.41,0.03,0.0,0.0,0.0,Aug,2,4,1,2,Returning_Visitor,False,False
3,0.0,1,43.18,8,321.0,0.03,0.05,0.0,0.2,May,2,2,1,2,Returning_Visitor,False,False
0,0.0,0,0.0,15,281.74,0.02,0.04,57.82,0.0,Nov,2,4,1,2,New_Visitor,False,True
0,0.0,0,43.2,24,255.32,0.03,0.05,0.0,0.6,May,2,2,8,1,Returning_Visitor,False,False
0,87.06,0,0.0,1,0.0,0.2,0.2,0.0,0.0,Nov,1,1,5,2,Returning_Visitor,False,False
0,0.0,1,43.2,4,163.5,0.0,0.03,0.0,0.0,Nov,3,6,1,2,Returning_Visitor,False,False
3,203.0,0,43.11,28,2394.0,0.03,0.06,0.0,0.0,May,2,2,1,1,Returning_Visitor,False,False
3,5.0,0,0.0,9,735.5,0.0,0.02,0.0,0.0,Mar,4,2,1,3,Returning_Visitor,False,False
8,87.73,9,2252.03,19,1135.88,0.01,0.05,0.0,0.0,Jul,3,2,4,2,Returning_Visitor,True,False
3,87.08,1,43.2,5,273.5,0.0,0.05,0.0,0.0,May,2,2,1,1,Returning_Visitor,False,False
0,0.0,1,0.0,5,108.0,0.03,0.08,0.0,0.0,May,2,2,3,13,Returning_Visitor,False,False
6,87.24,0,43.2,69,2456.3,0.03,0.05,0.0,0.0,May,2,2,1,2,Returning_Visitor,False,False
0,86.43,0,0.0,8,140.17,0.0,0.04,0.0,0.0,Nov,2,2,1,2,Returning_Visitor,True,False
3,0.0,0,43.2,1,733.76,0.2,0.2,0.0,0.0,Dec,8,2,1,20,Other,False,False
15,1629.33,3,214.5,112,734.88,0.03,0.02,0.0,0.0,May,4,2,1,3,Returning_Visitor,False,False
3,86.23,0,0.0,16,423.18,0.01,0.02,0.0,0.0,Nov,3,2,7,2,Returning_Visitor,False,False
3,0.0,1,43.17,7,734.87,0.03,0.06,0.0,0.0,May,2,2,4,2,Returning_Visitor,False,False
2,35.5,1,0.0,29,3296.65,0.03,0.02,18.25,0.0,Dec,4,2,1,8,Returning_Visitor,False,False
1,6.0,1,43.34,25,734.07,0.03,0.05,165.62,0.0,May,1,1,1,4,Returning_Visitor,False,True
3,87.27,1,0.0,9,735.06,0.16,0.18,0.0,0.0,May,2,2,1,4,Returning_Visitor,False,False
0,0.0,0,0.0,2,17.0,0.0,0.1,0.0,0.4,May,4,1,4,3,Returning_Visitor,False,False
1,78.0,0,0.0,21,801.94,0.0,0.04,24.75,0.0,Mar,1,2,1,2,Returning_Visitor,False,True
3,87.14,1,0.0,3,735.86,0.0,0.02,0.0,0.0,Mar,1,1,1,3,Returning_Visitor,False,False
3,188.17,1,0.0,52,1089.64,0.02,0.01,20.12,0.0,May,2,5,1,5,Returning_Visitor,False,True
0,0.0,0,43.27,1,0.0,0.03,0.2,0.0,0.0,Aug,2,2,1,1,Returning_Visitor,False,False
5,111.0,1,43.31,55,736.33,0.0,0.05,4.01,0.0,Nov,2,2,3,1,Returning_Visitor,False,False
0,0.0,0,43.21,4,96.33,0.03,0.05,0.0,0.0,Dec,1,2,2,2,Returning_Visitor,False,False
1,48.0,0,0.0,52,801.15,0.02,0.04,13.33,0.0,May,2,2,1,3,Returning_Visitor,False,False
2,25.0,0,0.0,20,735.26,0.01,0.05,0.0,0.0,May,3,2,2,2,Returning_Visitor,False,False
0,86.98,0,0.0,5,735.85,0.04,0.05,0.0,0.0,May,2,2,6,2,Returning_Visitor,False,False
0,0.0,1,28.75,82,735.69,0.03,0.05,0.0,0.0,Nov,2,2,1,1,Returning_Visitor,True,False
3,87.26,1,43.21,10,649.5,0.0,0.05,0.0,0.0,May,2,2,1,2,Returning_Visitor,False,False
0,87.06,1,43.22,1,735.01,0.0,0.2,0.0,0.0,Mar,2,2,5,2,Returning_Visitor,False,False
3,0.0,1,0.0,21,736.51,0.01,0.03,0.0,0.0,Dec,1,1,1,10,Returning_Visitor,True,False
0,87.26,0,0.0,4,735.13,0.03,0.17,0.0,0.6,May,3,2,3,2,Returning_Visitor,False,False
3,0.0,0,43.19,3,735.45,0.0,0.05,0.0,0.0,May,1,2,4,2,Returning_Visitor,True,False
6,545.65,3,204.35,69,799.95,0.02,0.04,19.72,0.0,Nov,2,2,1,13,Returning_Visitor,False,True
9,98.27,1,45.25,37,1630.14,0.02,0.04,0.0,0.0,Nov,3,2,7,2,Returning_Visitor,False,True
3,100.0,1,45.12,8,159.75,0.02,0.04,0.0,0.0,Nov,3,2,3,2,Returning_Visitor,False,True
3,187.69,5,495.5,122,800.35,0.02,0.04,1.48,0.0,Nov,2,2,1,2,Returning_Visitor,False,True
4,49.86,0,0.0,94,794.0,0.01,0.05,0.0,0.0,Nov,2,2,1,2,Returning_Visitor,False,True
3,3.0,1,0.0,10,734.84,0.03,0.02,0.0,0.0,Dec,1,2,3,2,Returning_Visitor,False,False
3,87.14,0,0.0,13,3014.02,0.03,0.06,0.0,0.0,Mar,2,2,1,2,Returning_Visitor,False,False
0,86.93,0,0.0,9,736.54,0.03,0.03,0.0,0.0,Dec,2,2,1,1,Returning_Visitor,False,False
3,86.97,0,0.0,3,311.0,0.1,0.17,0.0,0.6,May,1,1,1,2,Returning_Visitor,False,False
0,87.03,1,0.0,2,86.0,0.03,0.05,0.0,0.0,Mar,1,2,1,9,Returning_Visitor,False,False
3,0.0,1,43.26,4,40.5,0.0,0.05,0.0,0.0,May,4,2,1,3,Returning_Visitor,False,False
0,87.2,1,0.0,33,736.1,0.03,0.05,0.0,0.0,Dec,2,2,1,2,Returning_Visitor,False,False
3,87.64,0,0.0,7,79.5,0.0,0.02,0.0,0.0,Mar,2,2,1,8,New_Visitor,False,False
3,86.85,0,43.25,17,735.38,0.0,0.05,0.0,0.0,Nov,1,2,2,3,Returning_Visitor,False,False
3,70.6,1,43.2,11,93.5,0.03,0.11,0.0,0.0,Oct,1,2,1,2,Returning_Visitor,False,False
3,49.75,0,0.0,20,547.4,0.0,0.01,15.07,0.0,Nov,3,2,5,2,Returning_Visitor,False,True
3,0.0,1,43.24,4,733.66,0.03,0.05,0.0,0.0,May,1,1,7,2,Returning_Visitor,False,False
2,87.12,0,0.0,10,303.25,0.03,0.01,0.0,0.0,Mar,3,2,1,2,New_Visitor,True,False
12,430.16,1,622.4,85,3684.86,0.0,0.04,34.46,0.0,Nov,3,2,1,2,Returning_Visitor,True,False
3,184.0,1,45.23,68,1986.25,0.02,0.04,17.2,0.0,May,2,2,1,2,Returning_Visitor,False,False
0,0.0,1,0.0,49,737.47,0.01,0.03,0.0,0.0,Nov,2,2,7,2,Returning_Visitor,False,False
15,572.58,2,37.5,318,800.47,0.02,0.04,45.16,0.0,Nov,2,2,1,2,Returning_Visitor,False,True
9,87.52,1,0.0,40,736.26,0.0,0.02,0.0,0.0,Mar,2,2,1,2,Returning_Visitor,False,False
5,72.5,1,0.0,16,1154.77,0.01,0.05,0.0,0.0,May,2,2,1,2,Returning_Visitor,False,False
3,0.0,1,0.0,24,485.28,0.0,0.04,0.0,1.0,May,2,2,1,4,Returning_Visitor,True,False
0,86.83,0,43.17,16,1533.0,0.0,0.05,0.0,0.0,Mar,2,2,1,2,Returning_Visitor,False,False
3,0.0,1,43.2,24,985.0,0.07,0.09,0.0,0.0,June,3,2,1,13,Returning_Visitor,False,False
2,87.4,1,4.0,19,734.14,0.0,0.05,0.0,0.0,Nov,1,1,4,2,Returning_Visitor,False,False
0,0.0,0,0.0,20,1016.88,0.03,0.05,0.0,0.0,Jul,3,2,1,4,Returning_Visitor,False,False
0,86.87,0,0.0,18,736.17,0.01,0.05,0.0,0.0,Nov,2,10,1,2,Returning_Visitor,False,False
3,1223.0,4,43.31,21,735.06,0.0,0.03,0.0,0.0,Mar,3,2,1,2,Returning_Visitor,False,False
3,0.0,0,0.0,33,601.97,0.03,0.05,0.0,0.0,May,2,2,7,13,Returning_Visitor,False,False
9,57.96,1,0.0,32,498.2,0.02,0.04,27.61,0.0,Nov,2,2,1,2,Returning_Visitor,False,False
0,0.0,1,0.0,8,210.4,0.0,0.05,0.0,0.0,Nov,1,2,3,2,New_Visitor,True,False
13,428.02,2,11.0,133,790.66,0.02,0.05,22.98,0.0,June,2,2,1,2,Returning_Visitor,False,False
0,0.0,0,43.19,21,289.5,0.03,0.05,0.0,0.0,Dec,2,2,1,2,Returning_Visitor,False,False
0,0.0,0,0.0,86,736.39,0.03,0.03,0.0,0.6,May,2,5,1,3,Returning_Visitor,False,False
0,101.47,0,45.15,48,1607.19,0.02,0.04,5.16,0.0,Dec,1,2,1,2,Returning_Visitor,True,True
1,16.0,1,45.34,19,1083.69,0.02,0.02,19.32,0.0,May,3,2,1,2,Returning_Visitor,False,False
3,86.85,0,43.29,1,734.09,0.03,0.1,0.0,0.0,Dec,8,2,9,2,Returning_Visitor,False,False
0,0.0,0,0.0,15,735.88,0.03,0.05,0.0,0.0,May,2,2,4,3,Returning_Visitor,False,False
3,101.51,1,0.0,14,803.73,0.0,0.04,24.5,0.0,May,3,2,1,2,New_Visitor,False,True
0,87.27,0,0.0,9,735.92,0.12,0.12,0.0,0.2,May,3,2,2,2,Returning_Visitor,False,False
15,87.27,0,0.0,33,761.22,0.03,0.02,0.0,0.0,Oct,3,2,1,2,Returning_Visitor,True,False
7,87.69,0,43.18,5,46.2,0.03,0.04,0.0,0.0,Jul,2,2,1,5,New_Visitor,False,False
3,0.0,0,0.0,5,156.0,0.06,0.1,0.0,0.0,May,1,1,1,2,Returning_Visitor,False,False
3,87.4,0,43.25,4,734.8,0.03,0.15,0.0,0.0,Dec,3,2,1,2,Returning_Visitor,False,False
3,87.15,0,43.28,2,0.0,0.2,0.2,0.0,0.0,May,1,1,3,2,Returning_Visitor,False,False
0,0.0,1,43.29,2,7.0,0.05,0.05,0.0,0.2,May,2,2,7,2,Returning_Visitor,False,False
1,0.0,0,43.24,9,837.67,0.0,0.05,0.0,0.0,May,3,2,1,2,Returning_Visitor,False,False
3,73.5,0,0.0,59,4679.03,0.03,0.05,0.0,0.0,Dec,2,2,1,13,Returning_Visitor,False,False
1,87.48,6,263.0,6,133.33,0.03,0.02,0.0,0.0,Mar,3,2,3,2,Returning_Visitor,False,False
3,0.0,0,0.0,0,0.0,0.2,0.2,0.0,0.0,Dec,3,2,1,2,Returning_Visitor,True,False
0,0.0,0,43.22,50,1735.6,0.03,0.05,0.0,0.2,May,2,2,3,1,Returning_Visitor,False,False
3,87.82,0,0.0,25,437.22,0.03,0.04,0.0,0.0,Mar,3,2,1,1,Returning_Visitor,True,False
2,87.58,1,140.83,65,736.57,0.03,0.04,8.09,0.0,May,2,2,3,6,Returning_Visitor,False,False
3,87.34,1,43.19,4,144.6,0.0,0.05,0.0,0.0,Oct,3,2,1,2,Returning_Visitor,False,False
0,87.28,0,0.0,52,1218.1,0.03,0.05,0.0,0.0,Sep,2,2,3,1,Returning_Visitor,False,False
7,312.8,1,4.0,155,735.85,0.03,0.05,0.0,0.0,Jul,3,2,1,13,Returning_Visitor,False,False
3,290.33,0,43.2,60,736.12,0.03,0.05,2.05,0.0,May,1,2,1,2,Returning_Visitor,False,False
0,0.0,1,0.0,25,527.5,0.0,0.05,0.0,0.8,May,2,2,1,2,Returning_Visitor,False,False
3,115.7,1,0.0,24,2159.5,0.03,0.02,0.0,0.0,Sep,2,2,5,2,Returning_Visitor,False,False
6,110.0,1,0.0,21,884.33,0.03,0.02,17.95,0.0,May,1,2,5,2,Returning_Visitor,False,False
3,0.0,1,43.2,2,735.49,0.2,0.2,0.0,0.0,Mar,1,1,1,1,Returning_Visitor,False,False
3,87.27,1,0.0,11,735.22,0.02,0.02,0.0,0.0,Nov,1,1,1,2,New_Visitor,False,False
5,613.5,0,0.0,470,801.18,0.02,0.04,13.38,0.0,Nov,4,2,1,2,Returning_Visitor,True,True
3,0.0,0,43.2,15,304.17,0.0,0.04,0.0,0.0,May,2,2,1,2,Returning_Visitor,False,False
3,87.35,0,0.0,24,735.69,0.03,0.04,0.0,0.0,Nov,3,2,1,3,Returning_Visitor,False,False
3,101.44,1,0.0,25,802.1,0.0,0.04,3.18,0.0,Oct,2,2,1,2,Returning_Visitor,False,False
3,87.37,1,43.22,39,1321.85,0.03,0.05,0.0,0.0,Aug,2,2,8,2,Returning_Visitor,False,False
21,101.41,4,45.24,67,801.2,0.02,0.02,0.55,0.0,Nov,3,2,1,11,Returning_Visitor,True,False
5,130.33,1,68.0,57,2660.25,0.0,0.0,59.12,0.0,May,1,1,1,4,Returning_Visitor,False,False
3,38.0,1,0.0,3,769.65,0.0,0.03,0.0,0.0,Nov,2,2,1,2,Returning_Visitor,False,True
3,86.98,1,0.0,44,2011.31,0.03,0.05,0.0,0.0,Nov,2,2,1,3,Returning_Visitor,False,False
3,86.84,0,0.0,8,744.81,0.02,0.05,0.0,0.0,Dec,1,2,1,2,Returning_Visitor,False,False
3,87.19,1,0.0,2,17.0,0.1,0.15,0.0,0.6,May,1,1,5,2,Returning_Visitor,False,False
3,87.72,3,43.33,22,2175.99,0.01,0.05,0.0,0.0,Mar,2,2,1,2,Returning_Visitor,False,False
0,86.84,0,0.0,11,123.0,0.0,0.04,0.0,0.0,May,2,2,4,13,Returning_Visitor,False,False
3,0.0,1,43.23,8,135.83,0.0,0.03,0.0,0.4,May,2,2,9,3,Returning_Visitor,False,False
3,86.81,1,0.0,21,499.75,0.03,0.03,0.0,0.0,Nov,2,4,3,10,Returning_Visitor,False,True
3,155.6,0,0.0,12,248.6,0.0,0.01,0.0,0.0,Aug,2,2,1,2,New_Visitor,False,False
0,0.0,0,0.0,20,2271.0,0.0,0.05,0.0,0.0,Mar,2,2,1,2,Returning_Visitor,False,False
1,87.52,1,43.24,30,1522.82,0.03,0.05,0.0,0.0,May,3,2,2,13,Returning_Visitor,False,False
3,0.0,0,43.21,13,734.86,0.03,0.07,0.0,0.0,Oct,1,1,1,2,Returning_Visitor,False,False
0,101.19,1,0.0,13,215.95,0.02,0.02,0.0,0.0,Nov,3,2,1,2,New_Visitor,False,False
2,98.6,1,43.25,11,1200.2,0.01,0.05,18.41,0.0,Nov,2,6,2,1,Returning_Visitor,False,False
3,92.51,1,43.71,7,117.08,0.0,0.04,0.0,0.0,Nov,2,2,1,2,Returning_Visitor,False,False
3,60.0,0,43.24,4,34.0,0.03,0.05,0.0,0.0,May,2,2,1,2,New_Visitor,False,False
0,87.37,0,0.0,5,25.0,0.12,0.16,0.0,0.6,May,3,2,1,2,Returning_Visitor,False,False
0,0.0,1,45.18,27,2514.25,0.0,0.01,31.41,0.0,May,2,2,1,5,New_Visitor,False,True
1,87.23,1,43.19,30,735.55,0.0,0.05,0.0,0.0,Nov,3,2,1,2,Returning_Visitor,False,False
0,0.0,0,43.11,50,3002.9,0.03,0.01,0.0,0.0,Nov,2,2,1,2,Returning_Visitor,False,False
6,78.51,1,45.23,110,802.4,0.02,0.04,19.18,0.0,Aug,2,2,1,4,Returning_Visitor,True,False
0,87.05,0,43.18,11,735.62,0.03,0.07,0.0,0.0,May,2,2,2,2,Returning_Visitor,False,False
3,87.37,1,43.2,2,296.0,0.0,0.06,0.0,0.0,Dec,2,2,1,2,Returning_Visitor,False,False
3,86.95,1,0.0,8,257.4,0.03,0.03,0.0,0.0,Jul,2,2,1,2,Returning_Visitor,True,False
0,101.45,0,0.0,24,676.17,0.0,0.04,2.71,0.0,May,2,2,1,4,Returning_Visitor,False,True
3,0.0,0,43.22,2,19.0,0.03,0.1,0.0,0.0,Mar,2,2,1,2,Returning_Visitor,False,False
0,0.0,0,45.24,7,451.0,0.0,0.03,49.82,0.0,Mar,2,2,4,2,Returning_Visitor,False,True
3,0.0,0,0.0,100,736.95,0.03,0.05,0.0,0.0,Dec,2,6,1,1,Returning_Visitor,False,False
3,368.4,0,0.0,14,735.42,0.01,0.03,0.0,0.0,Sep,1,1,1,2,Returning_Visitor,False,False
1,10.0,1,0.0,30,602.5,0.01,0.01,0.0,0.0,Dec,2,2,1,2,Returning_Visitor,False,False
0,101.22,1,45.22,28,801.99,0.02,0.01,17.51,0.0,Nov,4,1,6,2,Returning_Visitor,False,True
3,87.14,1,43.25,4,52.3,0.0,0.1,0.0,0.0,Aug,2,2,6,5,Returning_Visitor,False,False
3,78.0,0,0.0,11,369.17,0.0,0.02,0.0,0.0,Mar,3,2,3,1,Returning_Visitor,False,False
0,87.16,0,0.0,159,735.18,0.03,0.05,0.0,0.4,May,2,2,1,2,Returning_Visitor,False,False
3,87.4,0,43.18,12,735.9,0.03,0.05,0.0,0.0,Sep,3,2,3,13,Returning_Visitor,False,False
3,86.94,0,43.2,15,735.66,0.05,0.07,0.0,0.0,May,3,2,1,3,Returning_Visitor,False,False
1,2.0,6,657.83,140,734.47,0.03,0.05,0.0,0.0,Jul,2,2,1,1,Returning_Visitor,False,False
4,87.64,2,27.0,130,752.69,0.0,0.01,0.0,0.0,Nov,2,2,1,2,Returning_Visitor,False,False
3,99.16,0,44.84,30,796.01,0.0,0.04,0.0,0.0,Nov,2,2,6,2,Returning_Visitor,False,False
3,86.83,2,43.44,14,442.33,0.03,0.05,0.0,0.8,Feb,1,2,3,3,Returning_Visitor,False,False
0,0.0,2,43.37,18,502.0,0.0,0.01,0.0,0.0,Dec,8,2,9,2,New_Visitor,True,False
3,86.96,0,0.0,47,736.42,0.03,0.04,0.0,0.0,Nov,2,2,1,2,Returning_Visitor,False,False
0,87.12,1,43.18,12,405.1,0.05,0.06,0.0,0.0,Nov,3,2,1,13,Returning_Visitor,False,False
3,87.3,1,43.23,34,734.4,0.03,0.01,0.0,0.0,Nov,3,3,2,2,New_Visitor,False,False
11,202.43,5,1767.67,338,777.19,0.02,0.04,1.11,0.0,Nov,2,2,1,2,Returning_Visitor,False,True
3,87.07,1,43.14,4,734.75,0.0,0.05,0.0,0.0,Dec,1,1,8,2,Returning_Visitor,False,False
0,87.1,0,43.22,1,0.0,0.2,0.05,0.0,0.0,Mar,2,2,1,2,Returning_Visitor,False,False
17,346.71,3,207.25,292,796.91,0.02,0.04,13.92,0.0,Nov,2,2,1,2,Returning_Visitor,True,False
1,87.69,0,0.0,1,0.0,0.0,0.05,0.0,0.0,Sep,1,1,1,2,Returning_Visitor,False,True
5,44.0,0,0.0,131,801.08,0.02,0.04,0.82,0.0,Nov,2,2,1,2,Returning_Visitor,True,True
5,85.67,1,0.0,25,1194.5,0.0,0.01,11.52,0.0,May,2,2,1,2,New_Visitor,False,True
1,9.0,1,43.24,93,737.05,0.03,0.05,3.32,0.4,May,3,2,1,13,Returning_Visitor,False,False
3,0.0,0,43.25,2,29.5,0.0,0.1,0.0,0.0,Nov,1,2,1,2,Returning_Visitor,False,False
3,0.0,0,43.21,9,165.0,0.0,0.05,0.0,1.0,May,2,2,4,2,Returning_Visitor,True,False
0,0.0,1,0.0,4,21.0,0.1,0.05,0.0,0.6,May,2,2,1,2,Returning_Visitor,False,False
2,132.4,1,43.23,11,734.58,0.0,0.05,0.0,0.0,Sep,2,4,1,2,Returning_Visitor,False,False
3,87.32,1,43.2,10,506.4,0.0,0.02,0.0,0.0,Sep,1,2,1,5,Returning_Visitor,True,False
3,0.0,0,0.0,27,735.41,0.02,0.04,0.0,0.0,Dec,2,2,2,2,Returning_Visitor,False,False
4,123.4,0,43.33,38,585.37,0.03,0.03,0.0,0.0,Jul,1,2,3,3,Returning_Visitor,False,False
0,0.0,1,43.19,22,812.3,0.03,0.06,0.0,0.0,Nov,1,2,4,10,Returning_Visitor,True,False
3,86.93,0,0.0,16,1027.66,0.01,0.05,0.0,0.0,Mar,1,1,1,2,Returning_Visitor,False,False
0,0.0,0,0.0,7,735.61,0.03,0.09,0.0,0.0,Mar,3,2,1,2,Returning_Visitor,False,False
3,391.3,1,0.0,24,1015.3,0.0,0.0,61.92,0.0,Aug,2,2,1,2,Returning_Visitor,False,True
3,87.74,0,43.22,1,0.0,0.2,0.2,0.0,0.0,Dec,3,2,3,2,Returning_Visitor,True,False
3,0.0,1,43.2,50,998.95,0.01,0.03,0.0,0.8,May,2,2,3,2,Returning_Visitor,False,False
3,87.03,1,0.0,4,40.0,0.0,0.05,0.0,0.0,May,1,2,3,3,Returning_Visitor,False,False
0,87.92,0,0.0,3,60.5,0.1,0.1,0.0,0.0,Nov,3,2,6,2,Returning_Visitor,False,False
3,86.69,0,0.0,11,667.92,0.0,0.01,0.0,0.0,Dec,2,2,1,2,Returning_Visitor,False,True
3,0.0,1,44.33,5,111.0,0.0,0.04,0.0,0.0,Nov,2,2,1,2,New_Visitor,False,False
3,82.6,1,0.0,10,352.0,0.0,0.01,27.19,0.0,Sep,2,2,1,2,Returning_Visitor,False,True
3,87.41,0,0.0,1,0.0,0.2,0.2,0.0,0.0,Nov,3,2,1,2,Returning_Visitor,False,False
3,0.0,1,15.0,25,1235.65,0.04,0.05,0.0,0.0,Mar,1,2,1,3,Returning_Visitor,True,False
3,37.5,1,45.24,18,607.5,0.02,0.01,361.76,0.0,Nov,2,2,1,2,Returning_Visitor,False,True
3,87.04,1,43.18,18,735.28,0.01,0.04,0.0,0.0,Nov,1,2,1,2,Returning_Visitor,False,False
0,87.45,2,43.27,41,735.66,0.03,0.01,0.0,0.0,Dec,1,2,1,2,Returning_Visitor,False,False
3,87.59,1,43.19,0,0.0,0.05,0.05,0.0,0.0,Oct,1,1,1,5,Returning_Visitor,False,False
3,63.5,0,0.0,94,735.78,0.03,0.01,0.0,0.0,Dec,2,2,1,2,Returning_Visitor,True,False
0,0.0,1,43.25,14,244.0,0.03,0.05,0.0,0.0,May,2,4,1,2,Returning_Visitor,False,False
7,172.06,0,0.0,104,799.97,0.02,0.04,8.81,0.0,Nov,2,5,1,1,Returning_Visitor,False,False
7,145.0,1,37.5,130,803.65,0.02,0.04,0.68,0.0,Nov,2,2,1,2,Returning_Visitor,False,True
0,0.0,1,0.0,7,280.5,0.03,0.03,0.0,0.0,Feb,1,1,1,3,Returning_Visitor,False,False
3,267.17,1,0.0,39,881.44,0.0,0.01,20.12,0.0,Mar,2,2,1,1,New_Visitor,False,False
4,26.0,1,0.0,22,1671.38,0.03,0.04,0.0,0.0,Nov,2,2,3,2,Returning_Visitor,False,False
0,87.34,0,0.0,23,735.81,0.0,0.02,0.0,0.0,Dec,1,2,1,2,New_Visitor,False,False
21,157.89,3,84.8,170,742.89,0.03,0.05,0.0,0.0,Nov,2,2,1,2,Returning_Visitor,False,False
3,87.08,1,43.15,20,266.58,0.03,0.05,0.0,0.0,Mar,2,2,1,2,Returning_Visitor,False,False
3,66.33,0,43.16,15,735.84,0.03,0.05,0.0,0.0,Mar,2,2,6,6,Returning_Visitor,False,False
3,87.32,0,0.0,33,735.29,0.03,0.02,9.69,0.0,Dec,2,2,4,2,Returning_Visitor,False,False
3,0.0,1,43.25,10,0.0,0.2,0.05,0.0,0.8,May,3,2,2,13,Returning_Visitor,False,False
7,184.93,1,277.5,70,3993.14,0.03,0.05,32.1,0.0,Nov,3,2,1,2,Returning_Visitor,False,True
4,324.5,1,45.19,30,1456.78,0.0,0.01,30.01,0.0,May,2,2,4,2,Returning_Visitor,False,True
0,87.5,0,0.0,2,55.0,0.0,0.05,0.0,0.4,May,3,2,1,2,Returning_Visitor,False,False
3,20.0,0,43.14,21,735.08,0.0,0.05,0.0,0.0,May,2,2,1,2,Returning_Visitor,True,False
5,60.0,1,43.23,10,647.67,0.02,0.05,0.0,0.0,May,2,4,1,2,Returning_Visitor,False,False
3,86.97,0,43.18,3,734.99,0.0,0.05,0.0,0.0,Mar,2,5,8,2,Returning_Visitor,False,False
3,115.38,0,0.0,20,473.5,0.02,0.03,14.88,0.0,Dec,3,2,1,1,Returning_Visitor,False,True
3,0.0,0,43.25,8,245.0,0.1,0.05,0.0,0.0,May,2,4,3,2,Returning_Visitor,False,False
3,86.96,1,43.15,20,1017.5,0.03,0.05,0.0,0.0,Nov,2,2,1,2,Returning_Visitor,False,False
3,25.0,1,43.0,6,65.0,0.03,0.05,0.0,0.0,Mar,2,2,1,2,New_Visitor,True,False
5,175.1,1,0.0,26,615.56,0.0,0.0,62.77,0.0,Sep,1,1,1,2,Returning_Visitor,True,True
2,174.6,0,0.0,12,735.23,0.06,0.05,0.0,0.0,Aug,3,2,1,2,Returning_Visitor,False,False
2,13.0,1,43.17,19,637.43,0.01,0.04,13.13,0.0,Nov,2,2,1,2,Returning_Visitor,False,False
3,87.15,0,0.0,25,588.72,0.0,0.05,0.0,0.0,May,3,2,1,2,Returning_Visitor,False,False
6,198.5,0,43.18,41,1824.08,0.03,0.05,0.0,0.0,Dec,3,2,3,2,New_Visitor,False,False
0,87.08,1,0.0,1,0.0,0.2,0.05,0.0,0.0,May,1,1,4,1,Returning_Visitor,False,False
4,21.1,2,341.6,92,736.07,0.03,0.05,0.0,0.0,Aug,2,2,1,3,Returning_Visitor,False,False
3,87.24,0,43.19,7,88.0,0.06,0.05,0.0,0.8,May,3,2,1,2,Returning_Visitor,False,False
3,101.48,0,45.22,4,801.64,0.0,0.03,0.0,0.0,Oct,2,2,1,2,Returning_Visitor,False,False
3,0.0,0,43.3,7,203.5,0.0,0.03,0.0,0.0,Mar,1,2,1,9,New_Visitor,False,False
3,64.0,1,0.0,19,371.23,0.03,0.03,0.0,0.0,Mar,2,2,9,10,Returning_Visitor,False,False
0,0.0,0,0.0,32,1916.63,0.02,0.05,0.0,0.0,Mar,2,2,1,10,Returning_Visitor,False,False
1,11.0,1,0.0,26,651.07,0.03,0.02,0.0,0.0,Nov,4,2,1,3,Returning_Visitor,False,False
3,98.13,0,0.0,7,1252.77,0.02,0.05,0.0,0.0,Sep,1,2,7,2,Returning_Visitor,False,False
0,87.11,1,43.26,2,21.0,0.0,0.1,0.0,1.0,May,2,2,1,2,Returning_Visitor,True,False
3,87.14,0,43.16,36,735.68,0.03,0.03,0.0,0.0,Dec,1,2,1,2,Returning_Visitor,False,False
2,76.0,1,79.0,35,735.49,0.03,0.03,8.1,0.8,May,2,4,7,2,Returning_Visitor,False,False
3,99.81,0,45.09,2,0.0,0.2,0.04,0.0,0.0,Nov,3,2,1,3,Returning_Visitor,False,False
11,771.93,2,214.17,39,1022.47,0.0,0.04,52.05,0.0,May,3,2,1,2,Returning_Visitor,False,True
0,87.29,1,0.0,10,72.5,0.08,0.05,0.0,0.2,May,2,2,2,13,Returning_Visitor,False,False
3,0.0,2,246.5,52,735.69,0.03,0.05,0.0,0.0,Dec,2,2,3,2,Returning_Visitor,False,False
0,0.0,1,6.0,65,736.8,0.03,0.05,0.0,0.0,Jul,2,2,2,3,Returning_Visitor,False,False
0,87.13,0,43.26,4,562.0,0.08,0.05,0.0,0.0,Dec,3,2,3,2,Returning_Visitor,False,False
4,91.0,1,188.0,160,735.57,0.03,0.05,0.58,0.0,May,2,6,1,6,Returning_Visitor,False,False
0,0.0,1,45.26,21,452.8,0.02,0.02,16.83,0.0,May,1,1,1,2,Returning_Visitor,False,True
5,87.41,0,43.18,36,1837.97,0.03,0.05,0.0,0.4,May,3,2,1,11,Returning_Visitor,False,False
3,87.41,0,43.26,1,0.0,0.03,0.05,0.0,0.0,May,3,2,9,3,Returning_Visitor,False,False
0,0.0,1,0.0,10,735.47,0.0,0.02,0.0,0.0,Dec,1,2,1,2,New_Visitor,False,False
3,87.27,0,0.0,36,736.61,0.03,0.05,0.0,0.2,May,3,2,1,13,Returning_Visitor,False,False
3,101.24,1,45.2,6,252.3,0.0,0.0,22.15,0.0,Nov,1,1,1,2,Returning_Visitor,False,True
6,87.32,1,0.0,40,735.62,0.03,0.02,1.34,0.0,Sep,2,2,7,1,Returning_Visitor,False,False
2,68.55,1,45.12,91,802.44,0.02,0.01,51.27,0.0,Dec,2,5,1,2,Returning_Visitor,False,False
4,93.6,0,43.19,8,735.26,0.03,0.05,0.0,0.0,Sep,2,2,1,2,Returning_Visitor,False,False
3,87.06,0,43.17,19,347.0,0.0,0.05,0.0,0.0,Dec,2,2,1,2,Returning_Visitor,False,False
9,99.38,7,636.75,113,789.19,0.02,0.05,0.0,0.0,Nov,2,2,1,2,Returning_Visitor,False,True
3,580.2,1,145.6,48,801.04,0.02,0.01,27.6,0.0,Oct,2,2,1,5,New_Visitor,False,True
3,102.83,1,0.0,19,1655.19,0.0,0.02,27.97,0.0,Dec,1,1,7,2,Returning_Visitor,False,False
3,87.19,1,0.0,43,735.57,0.04,0.05,0.0,0.0,May,3,2,4,6,Returning_Visitor,True,False
3,87.02,1,43.26,7,88.0,0.0,0.05,0.0,0.8,May,2,2,1,1,Returning_Visitor,False,False
2,87.79,2,652.8,10,735.49,0.0,0.02,0.0,0.0,Aug,2,2,1,2,Returning_Visitor,False,False
3,87.42,0,43.17,12,122.22,0.03,0.05,0.0,0.0,Dec,2,2,9,2,New_Visitor,True,False
1,69.0,1,0.0,8,423.0,0.0,0.04,28.05,0.0,Mar,2,4,1,2,New_Visitor,False,True
3,86.82,0,43.26,2,735.84,0.0,0.1,0.0,0.0,Nov,2,2,1,2,Returning_Visitor,False,False
3,56.0,1,88.0,22,1734.78,0.0,0.05,0.0,0.0,Mar,3,2,3,9,Returning_Visitor,True,False
3,101.31,0,45.18,19,802.13,0.0,0.01,6.71,0.0,Dec,2,2,3,2,Returning_Visitor,False,True
4,76.0,0,0.0,186,735.84,0.03,0.05,0.0,0.0,Nov,2,2,1,2,Returning_Visitor,True,False
3,0.0,1,43.3,9,0.0,0.2,0.2,0.0,0.8,May,2,2,4,2,Returning_Visitor,False,False
0,0.0,1,43.19,13,1461.42,0.02,0.05,0.0,0.0,Nov,3,2,1,2,Returning_Visitor,True,False
6,86.82,1,43.35,10,734.67,0.0,0.05,0.0,0.6,May,1,2,1,2,Returning_Visitor,False,False
3,28.5,1,0.0,8,735.66,0.02,0.05,0.0,0.0,Dec,1,1,1,2,Returning_Visitor,False,False
2,32.0,1,0.0,30,798.89,0.02,0.03,15.51,0.0,May,2,2,1,2,Returning_Visitor,False,True
4,101.41,1,0.0,12,243.75,0.02,0.04,8.15,0.0,June,3,2,1,2,Returning_Visitor,True,True
2,67.0,1,43.2,4,36.0,0.0,0.03,0.0,0.0,May,2,2,1,1,Returning_Visitor,False,False
0,0.0,0,0.0,39,1429.5,0.01,0.02,0.0,0.0,June,2,2,1,3,Returning_Visitor,False,False
3,89.67,0,43.11,15,736.05,0.01,0.05,11.55,0.0,Sep,3,2,1,2,Returning_Visitor,False,False
8,71.67,0,43.3,24,736.47,0.0,0.01,0.0,0.2,May,2,2,1,2,Returning_Visitor,False,False
3,87.12,1,141.0,7,734.55,0.0,0.05,0.0,0.0,Aug,2,2,1,2,Returning_Visitor,False,False
3,0.0,0,0.0,10,735.87,0.02,0.06,0.0,0.0,May,2,2,7,3,Returning_Visitor,False,False
3,0.0,1,0.0,4,735.33,0.03,0.05,0.0,0.0,Nov,2,2,1,10,Returning_Visitor,False,False
3,87.56,0,43.26,5,323.4,0.03,0.08,0.0,0.0,Jul,2,4,1,2,Returning_Visitor,True,False
1,27.2,1,0.0,91,1596.41,0.0,0.01,33.62,0.0,Sep,2,2,1,1,Returning_Visitor,False,False
3,87.03,1,0.0,4,735.4,0.03,0.05,0.0,0.0,May,1,1,1,4,Returning_Visitor,False,False
3,86.0,1,0.0,36,735.53,0.03,0.01,0.0,0.2,May,2,2,1,2,Returning_Visitor,False,False
0,86.99,1,43.26,5,87.0,0.04,0.05,0.0,0.6,May,2,2,3,6,Returning_Visitor,False,False
3,87.05,0,43.16,14,735.63,0.0,0.01,0.0,0.0,Oct,2,2,5,20,Returning_Visitor,False,False
0,100.41,1,45.18,27,799.32,0.02,0.04,0.0,0.0,Nov,2,2,7,2,Returning_Visitor,False,False
0,87.4,0,43.16,18,2334.92,0.01,0.05,0.0,0.0,Dec,3,2,1,1,Returning_Visitor,False,False
2,12.62,1,95.0,29,1268.12,0.01,0.04,25.04,0.0,Nov,2,2,1,10,Returning_Visitor,False,True
3,87.49,1,43.21,7,270.75,0.03,0.06,0.0,0.0,Dec,1,1,4,2,Returning_Visitor,False,False
3,44.0,0,0.0,56,2075.98,0.02,0.01,13.82,0.0,May,2,5,1,3,Returning_Visitor,False,True
0,87.02,1,0.0,20,736.15,0.0,0.05,0.0,0.0,Mar,2,2,6,1,Returning_Visitor,False,False
2,51.0,3,68.75,227,12460.67,0.02,0.04,0.0,0.0,Nov,2,2,1,2,Returning_Visitor,False,False
3,87.24,0,0.0,6,549.0,0.03,0.05,0.0,0.0,May,3,2,1,2,New_Visitor,False,False
0,0.0,0,43.17,35,735.35,0.03,0.05,0.0,0.8,May,2,2,1,4,Returning_Visitor,False,False
3,61.4,1,45.23,19,801.62,0.02,0.06,8.33,0.0,Aug,1,2,4,1,Returning_Visitor,False,True
4,101.8,0,43.17,91,735.6,0.03,0.05,0.0,0.0,Sep,4,2,1,1,Returning_Visitor,False,False
3,0.0,0,0.0,11,225.5,0.02,0.05,0.0,0.0,Nov,2,5,1,11,Returning_Visitor,False,False
0,0.0,0,0.0,84,2197.78,0.03,0.05,0.0,0.0,Nov,1,2,3,2,Returning_Visitor,False,True
3,296.75,1,43.16,10,183.71,0.03,0.03,0.0,0.0,Dec,1,1,3,2,Returning_Visitor,False,False
2,7.5,0,43.24,63,734.88,0.03,0.05,0.0,0.4,May,1,2,1,4,Returning_Visitor,False,False
3,87.24,1,43.28,13,118.27,0.0,0.05,0.0,0.0,Jul,1,2,1,4,Returning_Visitor,False,False
3,0.0,1,43.32,1,0.0,0.2,0.2,0.0,0.0,Nov,2,2,1,2,New_Visitor,False,False
3,87.34,1,0.0,4,126.5,0.03,0.05,0.0,0.0,Mar,2,2,3,2,Returning_Visitor,False,False
6,100.91,1,45.22,32,801.38,0.0,0.01,0.0,0.0,Aug,3,2,1,4,Returning_Visitor,False,False
0,87.44,1,0.0,3,734.77,0.03,0.1,0.0,0.0,Nov,2,2,1,2,Returning_Visitor,False,False
2,4.0,1,43.26,64,3757.08,0.01,0.02,18.88,0.0,Nov,1,2,1,2,Returning_Visitor,False,False
3,141.04,2,213.0,50,829.52,0.0,0.05,0.0,0.0,Dec,2,2,1,10,Returning_Visitor,False,False
0,0.0,1,0.0,9,275.17,0.03,0.03,0.0,0.0,Nov,3,2,1,2,Returning_Visitor,False,False
9,296.12,1,26.5,79,5057.17,0.0,0.05,17.79,0.0,Nov,2,2,1,10,Returning_Visitor,False,True
0,0.0,1,0.0,1,0.0,0.03,0.2,0.0,0.0,Mar,1,1,1,2,Returning_Visitor,False,False
3,69.0,1,0.0,37,801.36,0.02,0.0,47.93,0.0,May,3,2,1,2,Returning_Visitor,False,True
3,0.0,0,43.16,6,34.33,0.03,0.05,0.0,0.6,May,2,2,1,3,Returning_Visitor,False,False
3,224.0,2,42.0,132,5098.75,0.03,0.05,2.21,0.0,Nov,1,2,1,2,Returning_Visitor,False,True
7,63.17,0,0.0,105,4797.99,0.02,0.04,8.07,0.0,May,2,2,1,1,Returning_Visitor,False,False
3,87.2,1,0.0,16,399.0,0.02,0.05,0.0,0.0,May,2,5,1,19,Returning_Visitor,False,False
3,0.0,0,0.0,18,735.6,0.03,0.09,0.0,0.0,Aug,3,2,3,2,Returning_Visitor,False,False
0,87.13,1,0.0,16,1558.25,0.03,0.05,0.0,0.0,Nov,3,2,3,2,New_Visitor,False,False
0,0.0,0,43.26,3,736.17,0.03,0.05,0.0,0.0,Nov,3,2,1,10,Returning_Visitor,False,False
7,87.06,0,0.0,70,806.03,0.0,0.05,0.0,0.0,Oct,2,2,1,2,Returning_Visitor,False,False
3,87.2,1,0.0,3,735.11,0.0,0.0,0.0,0.0,Aug,2,2,1,2,Returning_Visitor,False,False
6,87.27,0,0.0,60,3222.76,0.01,0.05,0.0,0.6,May,3,2,1,4,Returning_Visitor,False,False
1,215.6,2,43.33,27,2968.9,0.02,0.05,0.0,0.0,Nov,3,2,1,1,Returning_Visitor,False,False
7,87.87,1,43.34,18,735.31,0.0,0.05,0.0,0.0,Mar,3,2,1,2,Returning_Visitor,False,False
3,87.12,0,0.0,23,251.33,0.03,0.01,0.0,0.0,May,2,2,3,3,Returning_Visitor,False,False
3,0.0,1,0.0,102,4509.0,0.03,0.05,0.0,0.0,Nov,2,2,1,1,Returning_Visitor,False,False
3,87.25,0,43.2,37,1336.21,0.01,0.05,0.0,0.0,Nov,2,2,1,1,Returning_Visitor,False,False
2,235.0,1,45.22,23,1193.0,0.0,0.01,45.61,0.0,May,3,2,7,2,New_Visitor,False,True
3,0.0,1,0.0,16,735.41,0.03,0.05,0.0,0.0,May,2,2,2,4,Returning_Visitor,False,False
5,58.29,1,685.25,177,799.97,0.02,0.04,9.42,0.0,Nov,2,2,1,2,Returning_Visitor,False,False
3,92.17,1,39.0,46,1388.87,0.02,0.03,24.41,0.0,May,2,4,1,2,Returning_Visitor,False,False
0,0.0,0,0.0,5,105.0,0.03,0.06,0.0,0.0,May,2,2,1,2,Returning_Visitor,False,False
3,0.0,1,0.0,18,735.89,0.03,0.01,0.0,0.0,Nov,3,2,1,11,New_Visitor,False,False
2,87.11,0,0.0,28,735.1,0.04,0.05,0.0,0.0,Dec,1,2,1,2,Returning_Visitor,False,False
3,0.0,0,43.25,1,734.26,0.2,0.2,0.0,0.0,Mar,1,1,3,2,Returning_Visitor,False,False
3,86.79,1,0.0,6,2017.17,0.03,0.01,0.0,0.8,Feb,2,2,4,3,Returning_Visitor,False,False
3,89.82,0,43.31,21,741.81,0.0,0.05,0.0,0.0,Nov,2,2,6,2,Returning_Visitor,False,False
12,251.87,1,0.0,60,1993.92,0.02,0.04,13.09,0.0,May,2,2,2,2,Returning_Visitor,False,False
3,101.43,1,0.0,20,802.19,0.0,0.04,23.83,0.0,Mar,4,2,1,2,Returning_Visitor,False,True
3,0.0,0,45.26,7,801.71,0.02,0.04,14.98,0.4,May,4,1,2,2,Returning_Visitor,False,True
3,163.33,0,0.0,96,736.54,0.03,0.05,0.0,0.0,Dec,1,2,1,2,Returning_Visitor,False,False
3,86.92,1,43.24,9,736.36,0.0,0.03,0.0,0.0,Feb,2,6,1,2,Returning_Visitor,False,False
3,87.32,1,43.21,5,735.69,0.0,0.05,0.0,0.0,May,2,2,3,2,Returning_Visitor,False,False
3,0.0,1,0.0,19,465.63,0.03,0.03,0.0,0.0,Nov,1,2,1,2,New_Visitor,False,False
3,0.0,0,0.0,64,735.18,0.03,0.05,0.0,0.0,Nov,2,2,1,2,Returning_Visitor,False,True
3,276.75,0,0.0,12,342.12,0.03,0.05,0.0,0.0,Nov,1,2,3,2,New_Visitor,False,False
3,87.64,1,16.0,47,737.38,0.02,0.04,0.0,0.0,Dec,2,2,8,1,Returning_Visitor,False,False
0,0.0,1,0.0,45,735.71,0.0,0.02,0.0,0.0,Dec,2,2,1,2,Returning_Visitor,False,False
3,87.0,0,0.0,8,436.0,0.0,0.02,0.0,0.0,Mar,2,2,6,2,Returning_Visitor,True,False
3,0.0,0,43.19,5,136.67,0.03,0.05,0.0,0.0,Mar,3,2,1,2,Returning_Visitor,False,False
1,89.22,0,0.0,95,774.75,0.01,0.05,0.0,0.0,Dec,2,2,1,1,Returning_Visitor,False,False
3,87.1,0,0.0,6,224.0,0.0,0.01,0.0,0.0,May,1,1,1,3,Returning_Visitor,True,False
3,27.0,0,0.0,23,1278.09,0.0,0.05,0.0,0.0,Mar,2,2,2,2,New_Visitor,False,False
3,100.84,4,45.12,1,43.0,0.0,0.04,0.0,0.0,Dec,8,2,9,20,Returning_Visitor,False,False
3,1261.92,1,985.42,30,736.63,0.0,0.05,0.0,0.6,May,2,2,3,2,Returning_Visitor,False,False
3,87.38,1,43.29,2,221.5,0.0,0.05,0.0,0.0,Mar,3,2,3,10,Returning_Visitor,True,False
0,86.93,0,43.21,12,736.05,0.03,0.04,0.0,0.0,Mar,2,2,1,2,Returning_Visitor,False,False
3,0.0,0,43.23,8,400.8,0.05,0.12,0.0,0.0,Feb,1,1,1,2,Returning_Visitor,False,False
3,93.13,1,42.9,41,1705.04,0.03,0.05,7.26,0.0,May,2,4,1,2,Returning_Visitor,False,False
3,101.47,1,45.23,10,798.89,0.02,0.03,0.0,0.0,Nov,1,4,1,8,New_Visitor,False,True
3,87.01,1,0.0,12,806.25,0.01,0.05,0.0,0.0,Dec,2,2,1,2,Returning_Visitor,False,False
3,87.48,0,0.0,3,75.0,0.07,0.13,0.0,0.0,Dec,3,2,1,2,Returning_Visitor,False,False
4,185.0,0,0.0,40,735.99,0.02,0.05,0.0,0.0,Mar,2,2,1,1,Returning_Visitor,False,False
0,0.0,1,10.0,15,178.0,0.02,0.04,0.0,0.0,May,2,2,1,4,Returning_Visitor,False,False
0,87.22,0,43.25,1,0.0,0.03,0.2,0.0,0.0,Mar,2,2,2,1,Returning_Visitor,False,False
3,217.65,4,1009.73,38,1639.07,0.02,0.03,5.29,0.0,Sep,3,2,6,1,Returning_Visitor,True,False
3,87.2,1,0.0,10,226.4,0.02,0.08,0.0,0.0,Oct,3,2,1,2,Returning_Visitor,False,False
1,202.0,0,43.15,2,8.0,0.03,0.07,0.0,0.0,Mar,2,2,8,6,Returning_Visitor,False,False
0,87.23,1,43.17,32,735.64,0.03,0.04,0.0,0.0,May,3,2,1,2,Returning_Visitor,False,False
3,0.0,1,44.76,45,801.68,0.02,0.04,7.2,0.0,Oct,2,2,5,2,Returning_Visitor,False,True
3,0.0,0,0.0,3,13.25,0.07,0.13,0.0,0.0,Nov,1,1,1,2,Returning_Visitor,False,False
3,101.37,0,0.0,2,799.46,0.0,0.05,0.0,0.0,Nov,2,2,2,2,New_Visitor,True,True
0,87.04,0,43.25,7,736.19,0.09,0.14,0.0,0.0,May,2,2,1,3,Returning_Visitor,False,False
0,0.0,1,0.0,66,1203.82,0.03,0.05,0.0,0.0,Sep,2,2,4,4,Returning_Visitor,False,False
0,0.0,1,43.16,5,735.16,0.04,0.05,0.0,0.0,Nov,3,2,2,2,Returning_Visitor,False,False
0,0.0,2,26.5,149,802.26,0.02,0.02,0.0,0.0,Nov,2,2,1,2,Returning_Visitor,False,True
9,87.33,1,34.0,45,2904.92,0.03,0.05,0.0,0.0,Dec,1,2,1,8,Returning_Visitor,True,False
1,18.0,0,43.15,29,735.63,0.0,0.0,0.0,0.0,Nov,2,2,1,2,New_Visitor,False,False
1,87.15,0,43.18,11,734.33,0.03,0.05,0.0,0.0,Nov,1,2,1,2,Returning_Visitor,False,False
3,101.38,1,20.0,11,1569.17,0.01,0.04,18.81,0.0,May,3,2,7,2,Returning_Visitor,False,False
0,0.0,1,0.0,43,735.58,0.03,0.05,0.0,0.0,May,2,2,1,2,Returning_Visitor,False,False
0,86.96,1,0.0,6,736.76,0.0,0.03,0.0,0.6,May,2,2,1,13,Returning_Visitor,False,False
9,87.51,0,43.13,19,716.95,0.01,0.05,0.0,0.0,May,1,2,1,2,Returning_Visitor,False,False
2,121.0,1,45.21,28,1830.58,0.02,0.02,111.51,0.0,Dec,1,1,6,2,Returning_Visitor,False,False
1,87.91,1,0.0,13,2004.5,0.03,0.04,0.0,0.0,Mar,1,2,6,2,Returning_Visitor,False,False
3,86.94,0,43.21,27,845.5,0.0,0.05,0.0,0.0,Mar,4,1,1,11,Returning_Visitor,False,False
3,0.0,0,0.0,1,733.9,0.03,0.2,0.0,0.0,May,3,3,4,4,Returning_Visitor,False,False
0,87.06,1,0.0,42,772.62,0.03,0.02,0.0,0.0,Dec,2,2,1,2,Returning_Visitor,False,False
0,0.0,1,0.0,69,2734.82,0.02,0.0,49.39,0.0,May,4,5,3,2,Returning_Visitor,False,True
4,158.2,1,45.07,62,4402.25,0.02,0.0,246.76,0.0,Oct,4,1,1,2,Returning_Visitor,False,False
3,87.22,0,0.0,60,735.52,0.0,0.05,0.0,0.0,Nov,1,2,1,2,Returning_Visitor,False,False
3,0.0,0,43.24,7,297.0,0.03,0.07,0.0,0.8,May,1,1,1,2,Returning_Visitor,False,False
3,87.41,0,43.2,13,274.58,0.0,0.05,0.0,0.0,Nov,1,1,1,2,New_Visitor,False,False
3,241.35,1,43.14,5,736.07,0.03,0.03,0.0,0.0,Nov,2,2,1,2,Returning_Visitor,False,False
3,100.99,1,45.22,2,8.0,0.0,0.05,0.0,0.0,Dec,8,2,9,2,Other,False,False
2,87.42,1,43.24,80,735.95,0.03,0.03,0.0,0.0,May,2,2,1,13,Returning_Visitor,False,False
3,87.27,1,0.0,5,54.33,0.03,0.02,0.0,0.0,Dec,1,2,1,2,Returning_Visitor,False,False
0,87.04,0,43.27,3,15.0,0.0,0.07,0.0,0.2,May,1,2,3,2,Returning_Visitor,False,False
0,87.45,0,0.0,11,496.0,0.03,0.06,0.0,0.0,Dec,3,12,2,2,Returning_Visitor,False,False
3,87.21,1,132.0,39,737.29,0.03,0.05,0.0,0.0,Mar,2,2,1,1,Returning_Visitor,False,False
2,101.26,0,45.22,41,857.27,0.01,0.02,5.85,0.0,Nov,2,2,1,2,Returning_Visitor,False,False
0,0.0,1,43.13,5,1162.5,0.0,0.05,0.0,0.0,Mar,2,2,2,2,Returning_Visitor,False,False
0,86.81,0,43.28,16,571.5,0.04,0.09,0.0,0.4,May,7,2,1,2,Returning_Visitor,False,False
1,18.2,0,0.0,17,735.51,0.0,0.0,0.0,0.0,Nov,2,10,1,2,Returning_Visitor,False,False
8,57.5,0,0.0,44,801.01,0.0,0.01,19.3,0.6,May,2,2,1,2,Returning_Visitor,False,True
3,101.46,1,0.0,25,801.57,0.0,0.0,7.48,0.0,Jul,2,10,2,2,New_Visitor,True,True
5,211.05,0,0.0,75,745.88,0.03,0.05,29.61,0.0,Aug,4,2,1,3,Returning_Visitor,False,True
0,0.0,1,45.5,117,736.18,0.03,0.02,0.0,0.0,Nov,1,2,1,2,Returning_Visitor,True,False
3,87.16,1,0.0,19,735.33,0.03,0.07,0.0,0.0,May,3,2,1,2,Returning_Visitor,False,False
0,0.0,0,43.25,34,736.06,0.03,0.05,0.0,0.4,May,2,2,2,2,Returning_Visitor,False,False
0,0.0,1,43.22,1,0.0,0.03,0.2,0.0,0.0,Dec,2,2,8,11,Returning_Visitor,False,False
3,87.24,1,43.23,27,735.67,0.03,0.02,0.0,0.0,May,3,2,3,3,Returning_Visitor,False,False
3,87.05,0,43.19,8,357.25,0.03,0.05,0.0,0.0,Mar,2,2,4,2,Returning_Visitor,True,False
5,87.02,0,42.89,22,742.0,0.02,0.01,32.22,0.0,Sep,1,1,1,2,Returning_Visitor,False,True
3,87.2,1,43.19,24,734.51,0.03,0.04,0.0,0.0,Nov,1,1,1,2,Returning_Visitor,False,False
3,87.36,0,0.0,33,735.0,0.03,0.05,0.0,0.0,Mar,3,2,6,2,Returning_Visitor,False,False
3,87.33,3,43.16,39,736.33,0.0,0.05,0.0,0.0,Nov,2,2,1,10,Returning_Visitor,False,False
0,86.78,0,43.32,6,467.0,0.0,0.02,0.0,0.4,Feb,1,2,1,3,Returning_Visitor,False,False
3,99.0,0,0.0,35,801.81,0.02,0.04,9.6,0.6,May,2,2,1,4,Returning_Visitor,False,False
6,101.35,0,45.19,50,925.95,0.0,0.04,13.61,0.0,Mar,2,2,1,2,Returning_Visitor,False,True
6,65.0,1,243.0,19,681.62,0.02,0.04,28.3,1.0,May,2,2,1,2,Returning_Visitor,True,True
1,5.0,1,0.0,37,2235.83,0.0,0.04,50.08,0.0,Nov,2,5,7,10,Returning_Visitor,False,True
9,101.36,2,45.31,22,612.82,0.02,0.03,22.31,0.0,Nov,3,2,4,2,Returning_Visitor,True,True
3,1013.89,1,45.16,8,802.36,0.0,0.02,13.86,0.0,Sep,2,2,3,2,Returning_Visitor,False,False
3,0.0,1,43.23,1,0.0,0.03,0.05,0.0,0.0,May,3,2,1,2,Returning_Visitor,False,False
2,87.21,0,0.0,35,735.63,0.0,0.05,0.0,0.0,Nov,2,2,1,3,Returning_Visitor,False,False
0,0.0,1,43.22,1,0.0,0.2,0.2,0.0,0.0,Dec,2,2,1,2,Returning_Visitor,False,False
3,87.14,1,0.0,46,737.12,0.02,0.02,0.0,0.0,May,3,2,1,4,Returning_Visitor,False,False
3,87.79,3,585.62,40,765.04,0.03,0.05,0.0,0.0,Dec,3,2,4,2,Returning_Visitor,False,False
3,0.0,0,0.0,17,801.48,0.0,0.01,63.46,0.0,Oct,2,2,1,4,Returning_Visitor,False,True
2,87.48,1,16.0,36,2083.53,0.0,0.05,0.0,0.8,Feb,2,2,1,2,Returning_Visitor,False,False
3,87.09,0,43.12,10,279.33,0.02,0.03,0.0,0.0,Nov,3,2,9,2,New_Visitor,False,False
3,87.42,0,43.19,7,570.5,0.0,0.03,0.0,0.0,Nov,2,2,2,2,Returning_Visitor,False,False
3,88.97,1,320.5,20,738.28,0.03,0.05,25.39,0.0,May,2,2,1,2,Returning_Visitor,False,True
3,87.18,1,0.0,3,42.0,0.03,0.07,0.0,0.0,Mar,2,2,3,2,Returning_Visitor,False,False
6,265.4,0,0.0,6,735.29,0.0,0.02,0.0,0.0,Aug,1,1,3,2,New_Visitor,False,False
0,87.05,1,0.0,5,735.34,0.03,0.05,0.0,0.0,May,1,2,1,2,Returning_Visitor,False,False
3,0.0,0,43.22,2,735.85,0.03,0.05,0.0,0.0,Mar,2,2,1,1,Returning_Visitor,False,False
3,0.0,0,0.0,7,147.25,0.03,0.05,0.0,0.0,Mar,1,1,6,3,Returning_Visitor,False,False
3,87.42,1,209.0,17,2777.67,0.0,0.01,0.0,0.0,Mar,3,2,1,1,Returning_Visitor,False,False
3,0.0,1,0.0,2,12.0,0.0,0.1,0.0,0.0,Dec,3,2,3,13,Returning_Visitor,False,False
1,15.75,0,0.0,337,738.16,0.03,0.05,0.0,0.0,Nov,2,2,1,2,Returning_Visitor,False,False
3,99.33,1,43.28,5,735.04,0.03,0.01,0.0,0.0,Mar,2,2,3,2,New_Visitor,False,False
0,87.04,0,43.15,47,1475.37,0.01,0.03,0.0,0.0,Nov,1,2,1,1,Returning_Visitor,True,False
0,0.0,6,97.17,81,735.89,0.02,0.02,0.0,0.0,Nov,3,2,1,13,Returning_Visitor,True,False
3,70.5,1,43.2,3,51.3,0.03,0.01,0.0,0.0,Sep,3,2,1,5,New_Visitor,False,False
1,101.44,0,0.0,71,801.46,0.0,0.01,3.74,0.0,Nov,2,2,1,1,Returning_Visitor,False,True
0,87.18,0,0.0,7,275.5,0.0,0.03,0.0,0.0,Nov,3,2,2,1,Returning_Visitor,False,False
3,0.0,1,0.0,10,735.26,0.03,0.04,0.0,0.0,Mar,2,2,1,2,Returning_Visitor,False,False
0,0.0,1,43.24,12,770.25,0.0,0.03,0.0,0.0,Dec,2,2,1,2,Returning_Visitor,False,False
3,0.0,0,43.17,60,736.45,0.0,0.05,0.0,0.0,June,2,2,3,4,Returning_Visitor,False,False
3,35.0,0,43.25,10,89.33,0.0,0.02,0.0,0.0,May,2,2,1,2,Returning_Visitor,False,False
3,87.3,0,0.0,8,157.57,0.0,0.03,0.0,0.0,Mar,3,2,2,3,Returning_Visitor,False,False
2,37.0,0,43.2,24,736.3,0.01,0.02,0.0,0.0,May,2,2,1,6,Returning_Visitor,False,False
3,87.06,0,0.0,20,381.0,0.03,0.08,0.0,0.0,June,1,2,1,2,Returning_Visitor,False,False
3,46.96,0,0.0,30,736.07,0.0,0.05,0.0,0.0,Nov,2,2,1,10,Returning_Visitor,False,False
3,101.22,0,0.0,5,66.5,0.0,0.03,0.0,0.0,Dec,8,13,9,2,Returning_Visitor,False,False
1,87.36,0,43.22,40,624.75,0.0,0.01,0.0,0.0,Mar,3,7,1,3,Returning_Visitor,False,False
3,0.0,1,0.0,5,200.0,0.03,0.05,0.0,0.0,May,3,2,1,2,Returning_Visitor,True,False
3,0.0,1,43.22,1,0.0,0.03,0.2,0.0,0.8,May,3,2,1,2,Returning_Visitor,False,False
4,48.0,0,0.0,2,11.0,0.03,0.05,0.0,0.0,Mar,2,2,1,2,New_Visitor,False,False
2,12.0,1,43.28,13,735.53,0.0,0.04,0.0,1.0,May,1,1,2,3,Returning_Visitor,False,False
2,75.05,1,0.0,106,800.92,0.02,0.04,4.48,0.0,Aug,3,2,1,1,Returning_Visitor,False,False
3,0.0,0,0.0,17,392.17,0.01,0.02,0.0,0.2,May,1,1,1,1,Returning_Visitor,False,False
3,87.65,1,0.0,6,32.2,0.09,0.05,0.0,0.0,June,1,2,1,3,Returning_Visitor,False,False
0,0.0,0,0.0,27,520.0,0.0,0.04,0.0,0.0,Nov,8,2,1,20,New_Visitor,False,True
3,0.0,1,0.0,23,736.42,0.03,0.06,0.0,0.2,May,2,2,1,13,Returning_Visitor,False,False
3,0.0,1,0.0,2,735.29,0.0,0.05,0.0,0.0,Dec,2,2,9,1,Returning_Visitor,False,False
0,87.14,0,0.0,19,232.57,0.03,0.0,0.0,0.0,May,2,2,1,2,Returning_Visitor,False,False
2,17.0,0,0.0,15,735.98,0.0,0.01,0.0,0.0,Mar,2,2,1,2,Returning_Visitor,False,False
0,0.0,0,0.0,5,116.0,0.0,0.04,0.0,0.0,Mar,2,5,1,1,Returning_Visitor,False,False
3,65.0,2,43.27,17,1302.5,0.0,0.02,0.0,0.0,Mar,1,1,1,2,Returning_Visitor,False,False
0,0.0,0,43.19,26,736.19,0.03,0.05,0.0,0.0,Nov,3,2,1,13,Returning_Visitor,False,False
4,197.0,1,25.0,46,1596.67,0.0,0.04,19.93,0.0,Mar,4,2,1,2,Returning_Visitor,True,False
0,0.0,1,0.0,12,801.97,0.0,0.01,17.81,0.0,May,2,2,8,2,Returning_Visitor,False,True
5,238.38,1,0.0,24,2174.38,0.02,0.04,27.08,0.0,Mar,3,2,1,1,Returning_Visitor,False,False
0,0.0,1,43.21,2,93.0,0.0,0.05,0.0,0.0,Dec,3,2,5,2,Returning_Visitor,False,False
6,88.75,1,0.0,22,757.38,0.02,0.04,27.98,0.0,Nov,2,2,1,2,Returning_Visitor,False,False
3,0.0,1,43.22,6,463.5,0.03,0.05,0.0,0.0,Mar,2,5,1,3,Returning_Visitor,False,False
0,86.97,0,43.23,2,59.0,0.0,0.1,0.0,0.0,May,2,2,1,4,Returning_Visitor,False,False
0,100.96,0,0.0,22,802.07,0.02,0.04,0.0,0.0,Nov,2,2,6,1,Returning_Visitor,False,False
3,87.15,1,43.12,11,212.92,0.0,0.01,0.0,0.0,Nov,3,2,5,2,New_Visitor,False,False
1,87.73,1,43.27,14,512.11,0.03,0.03,0.0,0.0,Mar,3,2,1,2,Returning_Visitor,False,False
0,86.9,0,0.0,96,735.31,0.0,0.05,0.0,0.0,Jul,2,2,1,1,Returning_Visitor,False,False
0,87.01,0,0.0,10,377.5,0.02,0.05,0.0,0.0,May,1,2,1,11,Returning_Visitor,False,False
2,87.33,1,43.36,16,199.0,0.0,0.05,0.0,0.0,Jul,1,2,1,2,New_Visitor,False,False
0,0.0,1,43.23,6,735.7,0.0,0.05,0.0,0.0,Mar,1,2,1,2,Returning_Visitor,False,False
3,18.0,4,43.21,30,735.07,0.03,0.05,0.0,0.0,May,2,2,1,2,Returning_Visitor,False,False
3,6.0,0,0.0,6,735.66,0.03,0.06,0.0,0.0,Dec,2,2,6,1,Returning_Visitor,False,False
1,87.42,1,43.22,28,735.38,0.03,0.05,0.0,0.0,Sep,3,2,7,13,Returning_Visitor,True,False
3,0.0,1,43.19,2,735.03,0.03,0.05,0.0,0.8,May,2,2,1,3,Returning_Visitor,False,False
1,13.0,1,0.0,10,391.85,0.03,0.05,0.0,0.0,Mar,3,2,4,2,Returning_Visitor,False,False
3,194.29,5,759.5,23,1291.35,0.01,0.05,41.68,0.0,Dec,3,3,1,2,Returning_Visitor,True,False
3,87.25,1,0.0,11,151.3,0.01,0.04,0.0,0.0,Nov,2,2,1,3,Returning_Visitor,False,False
3,87.51,0,0.0,21,735.77,0.03,0.04,0.0,0.0,Nov,3,2,1,13,Returning_Visitor,False,False
3,86.97,1,43.21,14,735.56,0.04,0.05,0.0,0.0,Mar,2,2,3,2,Returning_Visitor,False,False
3,86.91,1,0.0,6,110.0,0.03,0.06,0.0,0.0,May,2,2,1,2,Returning_Visitor,False,False
1,107.0,1,143.75,2,17.0,0.03,0.05,0.0,0.0,Dec,3,2,3,2,Returning_Visitor,False,False
3,0.0,0,0.0,32,735.55,0.01,0.05,0.0,0.0,Aug,1,1,6,3,Returning_Visitor,True,False
3,76.5,1,43.2,55,2846.3,0.01,0.05,0.0,0.0,Jul,2,2,1,13,Returning_Visitor,False,False
5,87.37,1,0.0,5,51.2,0.0,0.0,0.0,0.0,Aug,2,2,2,2,Returning_Visitor,False,True
3,87.76,1,0.0,3,734.74,0.03,0.05,0.0,0.0,June,3,2,6,2,New_Visitor,False,False
1,100.27,1,0.0,26,1659.87,0.02,0.02,21.82,0.0,Nov,2,5,1,1,Returning_Visitor,False,True
3,0.0,1,45.02,9,219.0,0.03,0.04,22.9,0.0,May,2,2,1,2,Returning_Visitor,False,True
1,28.2,0,43.19,17,608.22,0.03,0.05,0.0,0.0,Jul,2,2,2,1,Returning_Visitor,False,False
6,189.25,0,0.0,25,635.49,0.02,0.04,10.58,0.0,Nov,3,2,3,2,Returning_Visitor,True,True
1,8.0,1,45.28,124,800.25,0.02,0.04,24.29,0.0,Nov,1,1,1,3,Returning_Visitor,False,True
0,87.16,1,43.27,1,735.64,0.2,0.2,0.0,0.4,May,2,2,1,1,Returning_Visitor,False,False
0,86.65,1,43.45,37,2767.75,0.01,0.01,0.0,0.0,Nov,2,2,1,2,Returning_Visitor,False,False
3,28.2,1,45.23,18,536.09,0.02,0.01,75.63,0.0,Aug,2,2,1,4,Returning_Visitor,False,True
3,87.06,0,0.0,2,735.2,0.0,0.05,0.0,0.0,Mar,2,6,1,2,Returning_Visitor,False,False
0,87.16,0,0.0,5,735.24,0.03,0.08,0.0,0.0,Dec,2,2,1,2,Returning_Visitor,False,False
0,87.25,1,0.0,7,136.75,0.0,0.04,0.0,0.0,Dec,3,2,1,6,Returning_Visitor,False,False
0,87.47,1,0.0,4,735.4,0.03,0.05,0.0,0.6,May,3,2,1,1,Returning_Visitor,False,False
3,0.0,1,0.0,10,640.88,0.0,0.04,18.85,0.0,Nov,2,2,1,2,Returning_Visitor,False,True
0,0.0,0,43.18,16,392.14,0.01,0.03,0.0,0.0,Mar,3,2,1,2,Returning_Visitor,False,False
3,0.0,0,43.21,28,683.3,0.03,0.05,0.0,0.0,June,2,2,1,1,Returning_Visitor,False,False
0,87.03,0,0.0,6,132.0,0.03,0.05,0.0,0.0,May,4,1,1,2,Returning_Visitor,False,False
3,87.66,0,0.0,0,0.0,0.2,0.2,0.0,0.0,May,3,2,6,2,Returning_Visitor,False,False
0,0.0,0,0.0,9,326.0,0.03,0.05,0.0,0.0,May,3,2,4,2,Returning_Visitor,False,False
5,87.14,0,0.0,39,735.26,0.03,0.05,0.0,0.0,Sep,1,2,1,2,Returning_Visitor,False,False
2,40.8,0,43.21,45,1668.13,0.0,0.02,47.57,0.0,Sep,1,1,4,2,Returning_Visitor,False,False
11,570.25,1,45.23,39,1728.25,0.01,0.02,22.43,0.0,Nov,2,2,1,2,Returning_Visitor,False,True
0,0.0,0,0.0,15,432.5,0.0,0.02,0.0,0.0,May,2,2,1,2,Returning_Visitor,False,False
0,87.35,1,43.25,2,0.0,0.2,0.2,0.0,0.0,Feb,3,3,1,3,Returning_Visitor,False,False
3,87.35,1,43.18,2,0.0,0.2,0.2,0.0,0.0,Dec,2,2,1,20,Returning_Visitor,False,False
3,87.06,0,0.0,21,736.4,0.03,0.03,0.0,0.0,Mar,1,1,1,1,Returning_Visitor,False,False
1,5.0,0,43.14,15,228.8,0.02,0.07,0.0,0.0,Nov,2,2,1,2,Returning_Visitor,False,False
3,86.4,0,0.0,6,735.94,0.0,0.03,0.0,0.0,Nov,2,6,7,1,Returning_Visitor,False,False
1,82.0,1,43.27,59,737.06,0.03,0.02,23.88,0.0,May,2,2,1,13,Returning_Visitor,False,True
3,0.0,0,43.21,25,736.14,0.01,0.03,0.0,0.0,Mar,3,2,8,10,Returning_Visitor,False,False
0,0.0,0,0.0,16,736.41,0.03,0.05,0.0,0.0,May,2,2,1,1,Returning_Visitor,False,False
0,0.0,0,43.18,13,229.5,0.0,0.05,0.0,0.0,May,2,2,5,2,Returning_Visitor,False,False
3,87.15,1,0.0,9,69.75,0.09,0.12,0.0,0.0,Dec,2,2,1,2,Returning_Visitor,False,False
3,0.0,1,45.27,7,199.5,0.03,0.06,56.58,0.0,Nov,2,4,1,3,Returning_Visitor,False,True
3,51.0,1,0.0,23,637.5,0.03,0.05,0.0,0.0,May,2,2,1,13,Returning_Visitor,False,False
3,92.75,2,43.14,23,1347.96,0.01,0.02,32.41,0.0,Nov,2,2,6,2,Returning_Visitor,False,False
0,86.83,0,0.0,16,344.4,0.03,0.05,0.0,0.0,Jul,2,2,1,2,Returning_Visitor,False,False
3,0.0,1,0.0,3,74.0,0.03,0.02,0.0,0.0,May,3,2,2,2,Returning_Visitor,False,False
0,101.03,1,45.12,13,802.46,0.02,0.05,0.0,0.0,Nov,3,2,6,2,Returning_Visitor,False,False
3,87.02,0,0.0,20,536.62,0.03,0.0,0.0,0.0,Nov,1,1,1,2,New_Visitor,False,False
3,86.0,0,0.0,27,735.5,0.02,0.03,0.0,0.0,Dec,2,2,4,2,Returning_Visitor,False,False
3,84.0,1,0.0,25,506.77,0.03,0.05,0.0,0.0,May,3,2,4,3,Returning_Visitor,False,False
3,86.98,0,43.11,16,196.33,0.01,0.02,0.0,0.0,Oct,1,1,3,2,Returning_Visitor,True,False
3,0.0,1,0.0,4,735.73,0.0,0.05,0.0,0.0,Mar,2,2,1,1,Returning_Visitor,False,False
14,173.55,0,0.0,164,801.05,0.02,0.04,13.76,0.0,Nov,2,2,1,2,Returning_Visitor,False,True
0,87.03,0,0.0,6,224.0,0.03,0.05,0.0,0.0,May,4,1,3,2,Returning_Visitor,False,False
1,87.62,0,0.0,25,243.47,0.02,0.02,0.0,0.0,Aug,2,2,2,2,Returning_Visitor,False,False
0,0.0,1,43.19,48,735.42,0.03,0.05,16.61,0.0,Aug,2,2,3,1,Returning_Visitor,False,False
3,87.36,1,43.13,6,903.36,0.05,0.05,0.0,0.0,Dec,3,3,1,2,Returning_Visitor,False,False
3,87.27,0,0.0,30,735.38,0.03,0.05,0.0,0.0,Nov,3,2,1,2,Returning_Visitor,False,False
3,130.7,1,43.36,3,87.5,0.0,0.05,0.0,0.0,Nov,2,2,1,2,New_Visitor,False,False
9,87.3,2,50.83,59,736.62,0.01,0.03,0.0,0.0,Dec,2,2,1,3,Returning_Visitor,False,False
3,58.4,1,43.04,11,267.3,0.03,0.05,0.0,0.0,Nov,2,2,4,2,New_Visitor,True,False
3,86.92,0,43.18,15,278.29,0.0,0.02,0.0,0.0,Dec,2,2,9,10,Returning_Visitor,False,False
0,86.82,0,43.25,36,735.86,0.04,0.05,0.0,0.8,May,2,2,1,2,Returning_Visitor,False,False
3,87.68,2,16.0,36,735.46,0.01,0.05,0.0,0.0,Nov,2,2,7,1,Returning_Visitor,False,False
3,124.2,1,43.68,5,94.6,0.03,0.05,0.0,0.0,Nov,1,1,2,5,New_Visitor,False,True
4,203.5,0,43.16,8,735.56,0.03,0.05,0.0,0.0,May,1,2,8,2,Returning_Visitor,False,False
3,0.0,1,22.2,16,240.6,0.04,0.06,0.0,0.0,Jul,3,2,1,2,Returning_Visitor,False,False
3,87.79,1,0.0,8,331.4,0.03,0.05,0.0,0.0,Mar,3,2,1,10,New_Visitor,False,False
3,87.02,1,0.0,3,0.0,0.03,0.2,0.0,0.0,May,1,2,1,2,Returning_Visitor,False,False
0,0.0,0,0.0,69,735.72,0.01,0.05,0.0,0.6,May,2,4,1,4,Returning_Visitor,False,False
3,0.0,1,43.25,8,735.44,0.0,0.01,0.0,0.0,Sep,1,1,4,3,New_Visitor,False,False
3,0.0,1,0.0,9,735.29,0.02,0.06,0.0,0.0,Mar,2,2,6,2,Returning_Visitor,False,False
6,101.77,1,16.0,187,800.7,0.02,0.04,10.8,0.0,May,4,2,1,2,Returning_Visitor,False,False
0,87.35,0,0.0,16,381.21,0.01,0.05,0.0,0.0,Nov,3,2,1,2,Returning_Visitor,False,False
3,101.41,0,45.21,28,2778.33,0.01,0.04,5.57,0.0,May,2,2,1,2,Returning_Visitor,True,False
4,80.0,0,0.0,326,796.54,0.02,0.04,0.0,0.0,Nov,2,2,1,2,Returning_Visitor,False,True
3,87.4,1,43.22,37,735.03,0.01,0.05,0.0,0.0,Dec,3,2,2,2,Returning_Visitor,False,True
3,0.0,0,0.0,64,3025.06,0.03,0.05,0.0,0.0,Nov,3,2,1,2,Returning_Visitor,False,False
3,87.23,0,43.21,7,735.51,0.0,0.03,0.0,0.0,Mar,1,2,3,2,Returning_Visitor,False,False
7,100.39,3,161.5,114,801.35,0.0,0.04,0.0,0.0,Dec,2,2,1,2,Returning_Visitor,False,False
3,68.0,1,45.19,10,802.9,0.0,0.02,35.99,0.0,Mar,2,2,1,2,Returning_Visitor,True,True
3,0.0,0,43.15,4,57.0,0.0,0.03,0.0,0.0,Mar,2,2,6,2,Returning_Visitor,False,False
10,298.58,0,0.0,210,737.99,0.03,0.05,0.0,0.0,Nov,2,2,1,2,Returning_Visitor,False,False
3,24.43,1,278.17,76,799.04,0.0,0.04,8.63,0.0,Mar,2,5,1,7,Returning_Visitor,False,True
10,214.62,1,114.0,36,673.64,0.02,0.04,0.0,0.0,Nov,1,2,1,2,Returning_Visitor,False,False
0,0.0,1,45.16,15,428.0,0.0,0.01,89.13,0.0,Nov,1,8,1,6,Returning_Visitor,True,True
2,23.0,0,0.0,97,737.4,0.01,0.05,0.0,0.0,May,2,5,1,3,Returning_Visitor,False,False
3,87.3,0,0.0,13,173.0,0.0,0.02,0.0,0.0,May,2,2,1,2,New_Visitor,False,False
1,4.0,0,0.0,4,67.25,0.0,0.01,0.0,0.0,Dec,2,2,2,2,Returning_Visitor,False,False
0,0.0,1,43.23,40,735.29,0.0,0.05,0.0,0.0,Nov,2,2,1,2,Returning_Visitor,False,False
3,0.0,1,0.0,1,0.0,0.03,0.05,0.0,0.0,Dec,1,1,1,2,Returning_Visitor,False,False
3,88.78,0,0.0,8,750.55,0.0,0.03,0.0,0.0,Nov,3,2,1,2,Returning_Visitor,False,False
3,0.0,1,0.0,5,44.5,0.03,0.16,0.0,0.0,Nov,1,1,1,3,Returning_Visitor,False,False
12,975.65,1,43.32,53,735.57,0.03,0.02,0.0,0.0,Sep,3,2,1,2,Returning_Visitor,True,False
3,88.85,1,44.02,15,1605.58,0.01,0.05,0.0,0.0,Nov,2,10,1,2,Returning_Visitor,False,True
3,101.39,1,45.23,2,15.0,0.02,0.04,0.0,0.0,Nov,2,2,1,2,New_Visitor,False,False
4,104.25,0,0.0,38,1429.88,0.0,0.02,4.11,0.0,Nov,2,2,1,13,Returning_Visitor,False,True
7,222.82,1,45.59,22,800.98,0.0,0.02,16.98,0.0,Nov,2,2,2,2,Returning_Visitor,False,False
3,87.54,0,0.0,61,1669.99,0.01,0.03,0.0,0.0,Nov,1,1,7,2,Returning_Visitor,False,False
3,86.86,0,43.22,4,735.42,0.1,0.12,0.0,0.0,Mar,2,2,1,2,Returning_Visitor,True,False
3,280.34,1,0.0,20,735.78,0.03,0.02,0.0,0.0,Sep,2,2,1,5,New_Visitor,False,False
3,0.0,1,43.21,7,735.24,0.0,0.06,0.0,0.0,May,1,1,1,2,Returning_Visitor,False,False
3,34.0,0,43.17,81,735.98,0.03,0.05,0.0,0.0,Mar,2,2,1,1,Returning_Visitor,False,False
0,0.0,1,43.17,6,735.08,0.0,0.05,0.0,0.8,May,2,2,4,4,Returning_Visitor,False,False
3,87.25,0,0.0,11,735.56,0.0,0.05,0.0,0.0,Nov,2,2,7,2,Returning_Visitor,False,False
3,87.57,0,0.0,5,112.0,0.0,0.05,0.0,0.0,Mar,3,2,1,2,Returning_Visitor,True,False
3,146.0,2,37.0,28,2054.11,0.03,0.01,5.79,0.0,May,1,1,1,2,Returning_Visitor,False,False
2,7.0,0,0.0,3,11.0,0.03,0.03,0.0,0.0,May,4,5,1,4,Returning_Visitor,False,False
1,23.0,1,0.0,7,736.31,0.0,0.03,0.0,0.0,May,2,2,1,2,Returning_Visitor,False,False
0,0.0,0,43.17,24,736.05,0.0,0.03,0.0,0.0,Nov,2,2,1,2,Returning_Visitor,True,False
0,86.39,0,0.0,65,738.87,0.0,0.05,0.0,0.0,Nov,2,2,1,2,Returning_Visitor,False,False
3,0.0,0,0.0,23,1516.97,0.03,0.02,0.0,0.2,May,1,2,8,1,Returning_Visitor,False,False
0,101.43,1,45.25,8,349.5,0.0,0.04,25.19,0.0,Mar,1,2,1,8,New_Visitor,False,True
13,243.65,1,43.14,20,736.06,0.03,0.02,0.0,0.0,Oct,2,2,1,2,Returning_Visitor,False,False
4,1764.0,1,43.28,3,735.57,0.0,0.03,0.0,0.0,May,3,2,4,5,New_Visitor,False,False
3,87.16,0,43.22,20,562.01,0.0,0.0,0.0,0.0,Nov,1,1,1,2,Returning_Visitor,False,False
3,0.0,1,0.0,35,801.6,0.02,0.02,7.61,0.2,May,2,2,6,3,Returning_Visitor,False,True
3,101.3,6,181.95,23,959.9,0.01,0.04,4.43,0.0,Nov,1,2,6,2,Returning_Visitor,False,True
3,87.04,0,43.26,1,735.18,0.2,0.2,0.0,0.0,June,2,2,9,2,Returning_Visitor,False,False
7,397.63,1,88.5,107,736.21,0.03,0.05,5.39,0.0,Nov,2,2,9,1,Returning_Visitor,False,True
3,67.5,1,0.0,30,761.75,0.0,0.02,19.31,0.0,Dec,2,4,1,2,Returning_Visitor,True,True
3,87.17,0,0.0,8,347.67,0.03,0.1,0.0,0.2,May,3,2,1,3,Returning_Visitor,False,False
3,33.87,4,32.7,109,802.3,0.02,0.04,48.73,0.0,Oct,4,2,1,6,Returning_Visitor,False,True
3,87.3,1,125.5,11,213.95,0.03,0.0,0.0,0.0,Dec,3,2,5,2,Returning_Visitor,False,False
5,118.7,1,26.0,41,736.72,0.03,0.05,0.0,1.0,May,3,2,1,3,Returning_Visitor,False,False
3,39.0,0,0.0,6,1180.5,0.03,0.05,0.0,0.0,May,2,2,1,3,Returning_Visitor,False,False
7,46.2,1,43.25,22,737.13,0.01,0.01,0.0,0.0,Aug,2,2,1,2,New_Visitor,False,False
10,821.08,1,45.2,55,2400.78,0.0,0.04,0.98,0.0,Nov,2,2,1,2,Returning_Visitor,False,False
3,87.29,0,43.2,3,105.0,0.0,0.03,0.0,0.0,Dec,2,2,2,2,Returning_Visitor,False,False
0,0.0,0,43.23,1,0.0,0.2,0.05,0.0,0.0,Mar,2,2,1,1,Returning_Visitor,False,False
1,87.0,1,45.23,38,800.8,0.01,0.04,7.15,0.0,May,2,2,1,4,Returning_Visitor,False,True
3,0.0,0,0.0,1,0.0,0.2,0.05,0.0,0.6,Feb,3,2,1,3,Returning_Visitor,False,False
4,87.18,1,152.2,47,734.61,0.0,0.05,0.0,0.0,Aug,3,2,3,2,Returning_Visitor,True,False
3,0.0,1,758.5,23,1133.33,0.01,0.02,12.36,0.0,Dec,3,2,1,2,Returning_Visitor,False,False
0,86.84,0,43.27,1,0.0,0.2,0.05,0.0,0.0,May,2,4,1,3,Returning_Visitor,False,False
6,87.29,1,43.19,49,736.11,0.01,0.02,0.0,0.0,Dec,2,2,3,2,Returning_Visitor,False,False
3,101.25,0,0.0,8,801.93,0.02,0.04,10.68,0.0,Nov,2,2,1,2,Returning_Visitor,False,False
0,87.26,0,0.0,6,735.95,0.03,0.07,0.0,0.0,May,2,2,1,1,Returning_Visitor,True,False
3,147.0,1,45.22,23,627.0,0.01,0.01,25.19,0.0,Dec,1,2,1,2,Returning_Visitor,False,False
0,0.0,0,0.0,28,736.36,0.0,0.05,0.0,0.0,Nov,2,2,1,3,Returning_Visitor,False,False
0,87.02,0,0.0,24,736.28,0.02,0.06,0.0,0.0,Dec,2,10,4,1,Returning_Visitor,False,False
1,0.0,2,360.0,82,6858.67,0.0,0.01,0.0,0.0,Nov,1,2,3,2,Returning_Visitor,False,False
0,86.97,1,43.23,22,734.93,0.0,0.02,0.0,0.0,Dec,2,2,1,2,New_Visitor,False,True
16,305.0,0,0.0,147,799.01,0.02,0.04,0.0,0.0,Nov,2,2,1,8,Returning_Visitor,False,True
3,86.82,0,0.0,43,735.79,0.03,0.05,0.0,0.0,Jul,2,2,1,3,Returning_Visitor,False,False
3,86.78,1,129.0,5,735.73,0.0,0.05,0.0,0.0,Oct,2,2,1,2,Returning_Visitor,False,False
0,87.11,0,0.0,1,0.0,0.2,0.2,0.0,0.8,Feb,1,1,1,2,Returning_Visitor,True,False
3,0.0,0,0.0,3,46.0,0.0,0.03,0.0,0.0,Dec,1,2,3,2,Returning_Visitor,False,False
3,87.15,1,43.16,22,1321.7,0.03,0.05,0.0,0.0,June,2,2,1,2,Returning_Visitor,False,False
0,87.26,1,43.28,1,0.0,0.2,0.2,0.0,0.0,June,3,2,1,2,Returning_Visitor,False,False
3,87.22,1,43.24,24,735.51,0.03,0.04,0.0,0.0,Mar,2,2,3,2,Returning_Visitor,False,False
3,87.44,0,0.0,7,129.25,0.0,0.03,0.0,0.0,Dec,1,1,4,2,Returning_Visitor,False,False
2,62.5,1,43.21,17,735.21,0.03,0.05,0.0,0.0,Nov,2,2,3,2,Returning_Visitor,False,True
0,87.12,1,43.16,7,38.0,0.0,0.04,0.0,0.0,Mar,2,2,3,2,Returning_Visitor,False,False
8,72.25,1,21.5,51,1124.69,0.02,0.05,0.0,0.0,Mar,2,2,2,2,Returning_Visitor,False,False
3,0.0,0,0.0,55,735.64,0.03,0.05,0.0,0.0,May,3,2,1,2,Returning_Visitor,False,False
0,0.0,0,43.17,16,371.5,0.03,0.03,0.0,0.0,Mar,2,5,1,2,Returning_Visitor,False,False
1,109.0,0,0.0,9,466.67,0.0,0.01,0.0,0.0,May,2,2,1,4,New_Visitor,True,False
3,87.05,1,0.0,2,734.58,0.0,0.1,0.0,0.0,May,2,2,1,2,Returning_Visitor,False,False
3,0.0,0,0.0,1,0.0,0.2,0.2,0.0,0.0,May,3,2,4,2,Returning_Visitor,False,False
0,87.2,0,0.0,24,663.0,0.03,0.07,0.0,0.0,Dec,2,2,1,1,Returning_Visitor,False,False
5,140.58,2,87.0,69,735.54,0.0,0.02,0.0,0.0,Nov,2,2,1,2,Returning_Visitor,False,False
3,0.0,0,0.0,41,3272.0,0.05,0.08,0.0,0.8,May,2,2,1,2,Returning_Visitor,False,False
0,87.11,1,43.16,13,735.75,0.03,0.02,0.0,0.0,Nov,2,2,1,2,Returning_Visitor,False,False
3,231.0,1,0.0,16,735.6,0.03,0.05,0.0,0.2,May,1,1,1,3,Returning_Visitor,False,False
7,69.88,0,0.0,33,801.57,0.0,0.04,25.12,0.0,Nov,2,2,1,11,Returning_Visitor,True,True
0,101.4,1,0.0,15,418.38,0.0,0.04,13.19,0.0,Dec,3,2,1,2,New_Visitor,False,True
3,250.8,1,45.31,20,1424.4,0.0,0.04,31.72,0.0,Nov,2,2,5,2,New_Visitor,False,True
3,87.03,1,0.0,19,737.79,0.02,0.06,0.0,0.0,Nov,3,2,1,2,Returning_Visitor,False,False
3,86.97,1,43.16,19,341.37,0.03,0.01,0.0,0.0,May,1,2,1,2,Returning_Visitor,False,False
3,100.66,0,0.0,12,896.5,0.02,0.03,14.69,0.6,May,2,5,1,5,Returning_Visitor,False,True
3,87.25,1,0.0,4,212.5,0.0,0.04,0.0,0.0,May,2,2,2,2,Returning_Visitor,True,False
6,100.16,1,447.0,34,1469.7,0.02,0.02,22.8,0.0,Mar,2,2,1,2,Returning_Visitor,False,False
0,87.09,0,0.0,38,726.28,0.03,0.06,0.0,1.0,May,2,2,4,2,Returning_Visitor,True,False
3,87.18,1,1411.0,1,735.3,0.03,0.1,0.0,0.0,Mar,2,2,1,2,Returning_Visitor,False,False
3,211.0,1,58.0,71,735.35,0.03,0.05,0.0,0.0,Mar,2,2,5,2,Returning_Visitor,True,False
6,45.03,1,69.6,120,799.9,0.02,0.04,4.59,0.0,Aug,4,2,1,2,Returning_Visitor,False,False
0,0.0,0,43.23,3,71.5,0.07,0.13,0.0,0.0,Nov,2,2,1,3,Returning_Visitor,False,False
9,247.05,4,43.27,10,159.3,0.01,0.06,0.0,0.0,Nov,1,2,1,2,Returning_Visitor,False,False
7,322.25,1,0.0,121,736.66,0.03,0.05,0.0,0.0,Nov,3,2,1,13,Returning_Visitor,False,False
3,0.0,0,0.0,48,735.17,0.03,0.05,0.0,0.0,Aug,1,2,1,2,Returning_Visitor,False,False
11,87.5,0,0.0,60,736.51,0.01,0.02,20.33,0.0,Nov,3,2,2,11,Returning_Visitor,False,False
3,0.0,1,0.0,3,120.5,0.0,0.07,0.0,0.0,Nov,2,2,3,2,Other,True,False
3,0.0,1,0.0,1,0.0,0.2,0.05,0.0,0.4,May,1,1,1,2,Returning_Visitor,False,False
0,0.0,0,43.36,1,734.5,0.2,0.2,0.0,0.0,Nov,1,2,1,2,Returning_Visitor,False,False
3,19.33,0,0.0,28,736.43,0.03,0.01,0.0,0.0,May,2,2,8,3,Returning_Visitor,False,False
3,0.0,0,43.21,1,0.0,0.03,0.2,0.0,0.0,Dec,8,13,9,2,Returning_Visitor,False,False
7,170.0,1,0.0,27,1342.67,0.02,0.04,29.36,0.0,Mar,2,2,1,2,Returning_Visitor,False,True
3,86.96,0,0.0,1,0.0,0.2,0.2,0.0,0.0,May,2,2,1,2,Returning_Visitor,False,False
3,0.0,1,0.0,52,736.35,0.02,0.05,0.0,0.0,Feb,2,2,7,2,Returning_Visitor,False,False
0,0.0,1,43.24,8,24.0,0.03,0.05,0.0,0.4,May,2,2,1,2,Returning_Visitor,False,False
2,25.62,0,0.0,162,785.34,0.02,0.04,1.47,0.0,Dec,2,2,1,2,Returning_Visitor,False,False
1,16.0,0,43.23,14,446.83,0.0,0.01,0.0,0.0,May,1,2,1,4,New_Visitor,False,False
7,77.5,1,43.16,14,192.93,0.0,0.01,0.0,0.0,Mar,2,2,1,1,Returning_Visitor,False,False
3,0.0,1,43.22,2,734.88,0.0,0.05,0.0,0.0,May,2,2,1,2,Returning_Visitor,False,False
3,22.0,1,0.0,9,736.01,0.03,0.05,0.0,0.0,Mar,3,2,1,1,Returning_Visitor,False,False
0,87.15,0,0.0,13,787.75,0.03,0.05,0.0,0.0,Nov,2,2,4,10,Returning_Visitor,False,False
3,56.67,0,43.18,21,735.64,0.0,0.02,0.0,0.0,May,1,2,1,2,Returning_Visitor,False,False
3,87.15,0,0.0,5,735.5,0.2,0.2,0.0,0.6,May,3,2,8,2,Returning_Visitor,False,False
2,32.0,0,43.17,16,230.1,0.0,0.05,0.0,0.0,May,2,2,2,1,Returning_Visitor,False,False
3,148.5,1,25.5,36,2590.02,0.0,0.02,19.3,0.0,Dec,1,1,1,1,Returning_Visitor,False,False
0,87.06,0,43.26,7,384.5,0.0,0.03,0.0,0.0,May,2,4,1,5,Returning_Visitor,False,False
3,86.74,0,0.0,8,735.6,0.03,0.05,0.0,0.0,Nov,2,4,9,20,Returning_Visitor,False,False
3,87.61,1,43.23,4,12.0,0.0,0.05,0.0,0.0,Mar,4,1,1,8,New_Visitor,True,False
0,0.0,1,0.0,18,736.27,0.06,0.07,0.0,0.0,Mar,2,2,1,1,Returning_Visitor,False,False
3,0.0,0,0.0,2,14.0,0.0,0.05,0.0,0.2,May,3,2,3,2,Returning_Visitor,False,False
3,87.81,0,0.0,63,735.13,0.03,0.05,0.0,0.0,Nov,3,2,1,3,Returning_Visitor,False,False
1,65.0,0,43.52,65,779.15,0.02,0.05,5.38,0.2,May,3,2,1,2,Returning_Visitor,False,False
3,86.98,0,43.2,5,735.06,0.03,0.05,0.0,0.0,May,1,2,2,4,Returning_Visitor,False,False
3,0.0,1,0.0,4,735.03,0.0,0.05,0.0,0.0,May,2,2,1,6,Returning_Visitor,False,False
3,87.11,0,43.26,17,735.94,0.0,0.04,0.0,0.0,May,2,2,1,2,Returning_Visitor,False,False
3,0.0,1,43.19,8,735.37,0.03,0.05,0.0,0.2,May,2,2,1,2,Returning_Visitor,False,False
6,87.44,0,0.0,152,735.65,0.03,0.05,0.79,0.0,Nov,2,2,1,2,Returning_Visitor,True,False
5,170.25,0,0.0,55,737.05,0.01,0.05,0.0,0.0,Nov,2,2,4,2,Returning_Visitor,False,False
3,102.3,0,45.24,59,1684.5,0.02,0.01,25.85,0.0,Nov,2,2,2,2,Returning_Visitor,False,False
3,87.14,1,0.0,3,293.5,0.0,0.13,0.0,0.4,May,2,2,1,5,Returning_Visitor,False,False
3,922.75,0,0.0,56,736.0,0.03,0.05,0.0,0.0,Nov,2,2,1,13,Returning_Visitor,False,False
0,0.0,0,0.0,5,218.0,0.0,0.04,0.0,0.0,Mar,2,2,1,2,Returning_Visitor,False,False
12,221.73,4,144.2,136,796.2,0.02,0.05,2.05,0.0,Oct,2,2,1,1,Returning_Visitor,False,False
8,387.6,3,32.0,328,795.11,0.02,0.04,6.47,0.0,Mar,2,2,1,1,Returning_Visitor,False,False
2,87.14,1,43.11,8,736.29,0.03,0.02,0.0,0.0,Mar,2,2,1,2,Returning_Visitor,False,False
3,86.78,1,0.0,16,177.5,0.03,0.09,0.0,0.6,May,4,2,1,6,Returning_Visitor,False,False
2,87.51,1,43.17,8,214.33,0.04,0.05,0.0,0.0,May,3,2,1,2,Returning_Visitor,False,False
3,0.0,1,43.15,12,736.06,0.0,0.05,0.0,0.0,Mar,2,2,1,2,Returning_Visitor,False,False
3,33.0,0,43.24,2,734.23,0.01,0.07,0.0,1.0,May,1,1,3,2,Returning_Visitor,False,False
7,95.17,1,43.27,68,735.13,0.0,0.01,37.69,0.0,June,2,2,3,3,Returning_Visitor,False,False
0,87.39,0,43.26,1,0.0,0.03,0.2,0.0,1.0,May,3,2,1,6,Returning_Visitor,False,False
0,87.29,1,0.0,5,62.75,0.0,0.05,0.0,0.0,Dec,2,2,6,2,Returning_Visitor,True,False
3,87.21,1,43.24,15,542.0,0.0,0.03,0.0,0.0,Nov,2,2,1,2,Returning_Visitor,False,False
0,0.0,0,0.0,32,1420.25,0.03,0.03,0.0,0.0,Mar,4,2,1,1,Returning_Visitor,False,False
2,88.19,1,0.0,5,303.1,0.0,0.05,0.0,0.0,Oct,3,2,3,6,Returning_Visitor,False,True
3,101.32,1,0.0,10,254.0,0.02,0.04,14.03,0.0,Mar,2,2,1,2,Returning_Visitor,False,True
0,86.99,0,0.0,3,63.0,0.03,0.07,0.0,0.8,May,1,1,9,2,Returning_Visitor,False,False
0,0.0,1,0.0,64,1911.61,0.01,0.03,0.0,0.0,Nov,1,2,2,10,Returning_Visitor,True,False
3,41.5,0,45.17,22,1140.15,0.01,0.04,5.01,0.0,Nov,1,2,1,10,Returning_Visitor,False,False
3,32.25,0,45.25,27,800.85,0.0,0.04,43.9,0.0,Nov,2,2,1,2,New_Visitor,False,True
3,100.29,1,0.0,9,112.08,0.02,0.04,2.0,0.0,Jul,3,2,1,1,Returning_Visitor,False,False
3,86.77,0,43.24,20,736.8,0.01,0.04,0.0,0.0,May,2,4,3,2,Returning_Visitor,False,False
3,0.0,1,1729.0,19,737.07,0.03,0.05,0.0,0.0,Dec,2,2,1,3,Returning_Visitor,False,False
0,0.0,1,43.15,10,153.0,0.03,0.05,0.0,0.0,Mar,1,1,4,2,Returning_Visitor,False,False
3,98.72,1,45.18,8,66.53,0.0,0.05,0.0,0.0,Aug,4,1,3,2,New_Visitor,True,False
0,0.0,0,0.0,17,701.54,0.01,0.03,0.0,0.0,Mar,2,2,6,2,Returning_Visitor,False,False
0,87.06,0,43.17,3,109.0,0.0,0.03,0.0,0.0,May,3,2,1,2,Returning_Visitor,True,False
6,71.5,0,43.1,79,735.9,0.03,0.07,2.85,0.0,Jul,2,2,1,1,Returning_Visitor,False,False
3,0.0,0,43.29,10,735.69,0.03,0.05,0.0,0.0,May,3,2,2,2,Returning_Visitor,False,False
0,87.1,0,43.21,10,735.23,0.03,0.02,0.0,0.0,May,2,2,2,2,Returning_Visitor,False,False
2,267.8,0,45.02,6,616.5,0.03,0.04,0.0,0.0,Sep,3,2,3,2,Returning_Visitor,False,False
3,86.83,1,43.16,14,156.4,0.01,0.05,0.0,0.0,Nov,2,5,3,2,Returning_Visitor,False,False
2,87.34,1,43.17,27,694.0,0.01,0.01,0.0,0.8,May,2,2,1,2,Returning_Visitor,False,False
2,88.82,1,6.0,47,768.46,0.02,0.0,4.41,0.0,Nov,2,2,1,4,Returning_Visitor,False,False
3,87.47,1,0.0,9,314.9,0.0,0.04,0.0,0.0,Mar,1,1,6,2,Returning_Visitor,True,False
3,87.12,0,0.0,1,0.0,0.03,0.2,0.0,0.0,Dec,2,2,4,2,Returning_Visitor,False,False
3,63.0,1,0.0,2,14.6,0.0,0.02,0.0,0.0,Oct,1,1,1,2,New_Visitor,False,False
0,0.0,0,0.0,4,734.63,0.0,0.05,0.0,0.0,May,2,2,2,1,Returning_Visitor,False,False
3,33.0,1,43.19,2,5.0,0.0,0.05,0.0,0.0,May,2,2,1,2,New_Visitor,False,False
5,45.0,1,0.0,59,1100.47,0.02,0.01,24.75,0.0,Nov,2,2,1,2,Returning_Visitor,True,True
0,0.0,1,0.0,5,236.0,0.0,0.05,0.0,0.0,Mar,1,2,1,2,Returning_Visitor,False,False
0,0.0,0,0.0,13,252.0,0.03,0.06,0.0,0.0,May,2,2,8,2,Returning_Visitor,False,False
3,0.0,1,0.0,4,41.0,0.1,0.15,0.0,0.4,May,2,2,1,2,Returning_Visitor,False,False
3,0.0,1,0.0,69,1248.13,0.03,0.03,0.0,0.6,May,2,10,9,2,Returning_Visitor,False,False
3,19.0,1,106.0,17,733.96,0.0,0.05,0.0,0.0,Nov,1,10,3,2,Returning_Visitor,False,False
3,87.06,0,0.0,25,445.58,0.0,0.05,0.0,0.0,Dec,2,10,1,1,Returning_Visitor,False,False
3,0.0,1,43.28,44,547.0,0.03,0.09,0.0,0.6,May,3,2,1,2,Returning_Visitor,False,False
7,624.2,1,25.5,52,1887.16,0.0,0.01,64.08,0.0,May,2,2,1,4,Returning_Visitor,False,False
0,87.24,0,43.24,1,735.54,0.2,0.05,0.0,0.0,Sep,2,2,1,2,Returning_Visitor,False,False
9,153.92,0,0.0,97,738.09,0.03,0.01,0.0,0.0,Dec,2,2,1,2,Returning_Visitor,False,False
0,87.17,1,43.23,25,735.78,0.03,0.04,0.0,1.0,May,3,2,3,4,Returning_Visitor,True,False
1,16.0,1,45.23,44,801.34,0.0,0.0,32.81,0.0,Nov,2,2,1,2,Returning_Visitor,False,True
0,0.0,0,0.0,28,735.66,0.03,0.05,0.0,1.0,May,2,4,4,1,Returning_Visitor,True,False
3,101.35,1,61.0,23,1031.7,0.0,0.01,33.15,0.0,Mar,4,2,1,10,Returning_Visitor,True,True
3,960.0,0,43.15,10,1218.0,0.0,0.02,0.0,0.0,Mar,2,2,1,2,Returning_Visitor,False,False
3,87.54,1,43.21,4,184.33,0.1,0.05,0.0,0.0,Dec,3,2,3,2,Returning_Visitor,False,False
4,88.72,2,43.56,9,198.25,0.02,0.04,0.0,0.0,Nov,1,2,3,2,Returning_Visitor,False,False
0,87.31,1,0.0,1,0.0,0.2,0.2,0.0,0.0,Dec,1,2,1,2,New_Visitor,False,False
0,87.12,1,0.0,7,0.0,0.2,0.2,0.0,0.0,June,2,2,6,13,Returning_Visitor,False,False
4,130.3,1,5.0,74,734.82,0.0,0.05,0.0,0.0,Aug,2,2,9,2,Returning_Visitor,False,False
22,87.93,3,167.14,92,739.48,0.03,0.05,7.94,0.0,Nov,3,2,1,13,Returning_Visitor,False,True
3,5.0,1,43.21,13,734.97,0.0,0.05,0.0,0.0,Mar,1,1,2,2,New_Visitor,False,False
3,12.0,0,43.16,63,739.63,0.03,0.05,0.0,0.0,Dec,2,2,7,1,Returning_Visitor,False,False
0,87.5,0,43.31,1,0.0,0.2,0.05,0.0,0.0,Jul,3,2,4,1,Returning_Visitor,False,False
1,101.42,1,45.0,18,3026.37,0.0,0.04,38.93,0.0,Dec,1,1,3,2,Returning_Visitor,False,True
3,87.16,1,43.16,48,1252.56,0.01,0.05,0.0,0.0,Nov,3,2,1,2,Returning_Visitor,True,False
3,101.18,0,0.0,33,801.65,0.0,0.04,5.77,0.0,Dec,2,2,3,2,Returning_Visitor,False,True
10,770.74,2,138.67,35,726.04,0.0,0.01,10.82,0.0,Nov,2,2,7,2,Returning_Visitor,False,True
5,51.0,1,0.0,10,116.0,0.03,0.05,0.0,0.0,Nov,2,2,7,2,New_Visitor,False,False
3,87.09,0,0.0,1,0.0,0.03,0.2,0.0,0.0,Feb,2,6,1,2,Returning_Visitor,False,False
3,501.48,0,0.0,97,2293.49,0.03,0.05,2.21,0.0,Aug,1,2,3,4,Returning_Visitor,False,False
3,87.0,1,43.19,38,3287.0,0.04,0.08,0.0,0.0,June,2,2,1,1,Returning_Visitor,False,False
3,87.31,1,43.24,13,224.5,0.0,0.05,0.0,0.0,Mar,1,2,1,2,Returning_Visitor,False,False
3,65.0,1,0.0,29,746.65,0.02,0.0,0.0,0.0,Nov,8,2,9,2,Returning_Visitor,False,False
3,9.0,0,43.21,22,169.5,0.01,0.03,0.0,0.0,May,2,2,1,3,Returning_Visitor,False,False
3,71.08,1,0.0,24,802.33,0.0,0.01,52.28,0.0,Dec,2,2,1,2,New_Visitor,False,True
0,0.0,0,43.29,12,173.0,0.0,0.02,0.0,0.8,May,1,2,6,2,Returning_Visitor,False,False
3,121.5,0,45.2,2,801.15,0.0,0.02,0.0,0.0,Nov,2,2,9,2,Returning_Visitor,False,False
0,86.96,1,43.26,14,735.58,0.0,0.05,0.0,0.0,Dec,1,1,1,10,Returning_Visitor,False,False
3,87.49,2,29.0,3,380.0,0.0,0.04,0.0,0.4,May,2,2,4,3,Returning_Visitor,False,False
3,166.0,2,43.29,10,1968.25,0.03,0.05,0.0,0.0,May,1,1,1,6,New_Visitor,True,False
3,0.0,0,43.27,4,734.61,0.08,0.05,0.0,0.0,Jul,3,2,6,2,Returning_Visitor,False,False
0,0.0,0,43.18,12,528.58,0.0,0.02,0.0,0.0,Dec,8,2,9,20,Other,False,False
0,87.31,1,43.12,19,273.71,0.03,0.05,0.0,0.0,Nov,3,2,4,2,Returning_Visitor,True,True
3,0.0,1,43.26,1,735.03,0.2,0.05,0.0,0.0,May,2,10,1,1,Returning_Visitor,False,False
0,87.13,1,43.24,4,1245.0,0.0,0.05,0.0,0.0,May,2,2,1,2,Returning_Visitor,False,False
6,132.02,3,43.19,45,735.23,0.0,0.05,0.0,0.0,Oct,1,2,1,2,Returning_Visitor,False,False
0,0.0,0,43.23,5,71.0,0.03,0.04,0.0,0.0,May,4,1,1,2,Returning_Visitor,False,False
3,87.16,0,43.25,1,0.0,0.03,0.2,0.0,0.0,May,3,2,1,2,Returning_Visitor,False,False
0,0.0,0,43.23,36,788.5,0.0,0.03,0.0,0.0,Nov,2,6,3,2,Returning_Visitor,False,False
0,86.98,0,43.2,13,635.33,0.0,0.05,0.0,0.0,Mar,2,2,1,1,Returning_Visitor,False,False
3,87.35,1,43.29,3,0.0,0.2,0.2,0.0,0.0,Mar,3,2,6,3,Returning_Visitor,False,False
3,87.24,0,0.0,6,736.14,0.03,0.04,0.0,0.2,May,3,2,1,2,Returning_Visitor,False,False
2,86.39,0,0.0,27,434.5,0.0,0.05,0.0,0.0,Nov,8,2,1,2,New_Visitor,False,True
3,0.0,0,0.0,81,736.12,0.03,0.05,0.0,0.0,Oct,2,2,1,1,Returning_Visitor,False,False
14,247.14,1,120.67,56,736.85,0.03,0.03,24.73,0.6,May,3,2,1,1,Returning_Visitor,False,False
4,102.08,0,0.0,21,863.17,0.03,0.02,0.0,0.0,Dec,1,1,1,8,Returning_Visitor,False,False
0,87.28,1,43.16,8,735.57,0.0,0.03,0.0,0.0,Dec,3,2,1,1,Returning_Visitor,False,False
13,311.83,4,201.5,166,738.46,0.03,0.05,4.12,0.0,Dec,2,2,1,3,Returning_Visitor,False,False
3,44.02,0,0.0,4,162.53,0.0,0.0,39.28,0.0,Aug,4,2,1,2,Returning_Visitor,False,True
3,86.89,1,43.21,10,322.5,0.03,0.07,0.0,0.0,Mar,2,2,4,1,Returning_Visitor,False,False
3,0.0,1,0.0,3,735.14,0.03,0.05,0.0,0.0,Mar,2,2,4,2,Returning_Visitor,False,False
3,0.0,0,0.0,13,737.17,0.04,0.08,0.0,0.0,Nov,3,2,3,2,Returning_Visitor,False,False
0,0.0,0,0.0,7,735.3,0.03,0.07,0.0,0.6,Feb,2,2,1,2,Returning_Visitor,False,False
3,87.14,0,0.0,1,0.0,0.2,0.05,0.0,0.0,Dec,2,2,1,13,Returning_Visitor,False,False
3,0.0,1,43.21,31,736.07,0.03,0.02,0.0,1.0,May,1,1,3,4,Returning_Visitor,False,False
0,0.0,1,0.0,16,107.93,0.0,0.01,0.0,0.0,Dec,2,2,7,2,Returning_Visitor,False,False
3,0.0,1,43.29,5,735.79,0.0,0.03,0.0,0.8,May,1,2,1,1,Returning_Visitor,False,False
2,13.5,1,43.14,23,735.53,0.02,0.05,0.0,0.8,May,2,2,1,2,Returning_Visitor,False,False
3,53.4,1,43.19,18,735.73,0.01,0.02,0.0,0.0,Oct,2,2,3,1,Returning_Visitor,False,False
3,87.41,0,43.29,17,300.77,0.0,0.02,0.0,0.0,Jul,1,1,1,4,Returning_Visitor,False,False
3,87.17,1,0.0,18,735.54,0.03,0.05,0.0,0.0,Dec,2,2,3,2,Returning_Visitor,False,False
0,0.0,0,43.19,21,1148.5,0.03,0.02,0.0,0.0,May,2,4,8,4,Returning_Visitor,True,False
1,24.92,1,7.67,98,800.18,0.02,0.04,78.2,0.0,Nov,2,2,1,13,Returning_Visitor,False,True
3,117.0,1,43.08,98,735.19,0.03,0.05,0.0,0.0,Nov,2,2,9,2,Returning_Visitor,False,False
2,23.0,0,0.0,50,736.07,0.0,0.05,0.0,0.0,Nov,2,2,1,8,New_Visitor,False,False
6,91.25,0,0.0,56,955.54,0.03,0.01,0.0,0.0,Nov,3,2,4,2,Returning_Visitor,False,True
1,105.0,1,0.0,59,1125.9,0.0,0.01,0.0,0.0,Dec,3,2,1,2,Returning_Visitor,False,False
0,0.0,0,0.0,16,853.42,0.01,0.04,50.81,0.0,Dec,1,1,7,2,Returning_Visitor,False,True
0,0.0,1,43.22,4,66.5,0.0,0.05,0.0,0.0,Dec,2,2,1,10,Returning_Visitor,False,False
0,0.0,0,0.0,112,800.6,0.02,0.04,0.0,0.0,Nov,2,2,1,2,Returning_Visitor,False,False
3,0.0,1,0.0,3,22.0,0.07,0.1,0.0,0.8,May,2,2,1,6,Returning_Visitor,False,False
3,58.4,1,43.2,18,735.49,0.03,0.05,0.0,0.0,Sep,2,2,2,1,Returning_Visitor,False,False
0,87.42,1,0.0,21,734.95,0.05,0.05,0.0,0.0,Nov,3,2,1,2,Returning_Visitor,False,False
1,4.0,1,0.0,28,877.67,0.0,0.0,0.0,0.0,Nov,2,2,9,2,Returning_Visitor,True,False
6,76.31,0,0.0,187,800.73,0.02,0.04,2.12,0.0,Nov,2,2,1,2,Returning_Visitor,False,False
3,0.0,1,43.27,7,735.44,0.03,0.06,0.0,0.0,May,4,2,3,2,Returning_Visitor,False,False
10,162.23,0,0.0,101,793.99,0.02,0.04,4.2,0.0,Nov,3,2,1,2,Returning_Visitor,False,False
2,15.0,0,0.0,38,800.96,0.02,0.04,12.6,0.0,May,4,1,1,4,Returning_Visitor,True,True
0,87.24,1,0.0,6,734.84,0.0,0.06,0.0,0.0,Mar,2,2,7,2,Returning_Visitor,True,False
5,87.12,0,43.28,16,735.66,0.01,0.02,0.0,0.0,Mar,3,2,4,2,Returning_Visitor,False,False
3,86.92,1,0.0,6,140.0,0.0,0.03,0.0,0.0,May,2,2,1,2,Returning_Visitor,False,False
3,0.0,1,43.18,38,1338.78,0.03,0.02,0.0,0.0,Nov,1,1,1,2,Returning_Visitor,True,False
3,0.0,1,43.28,1,0.0,0.03,0.05,0.0,0.8,Feb,1,1,2,3,Returning_Visitor,False,False
9,188.56,0,0.0,199,737.24,0.03,0.05,3.01,0.0,Nov,3,2,1,13,Returning_Visitor,False,True
3,0.0,0,43.32,24,272.0,0.06,0.05,0.0,0.8,May,3,2,3,4,Returning_Visitor,False,False
3,87.32,1,0.0,23,1016.16,0.02,0.02,0.0,0.0,Nov,3,2,1,2,Returning_Visitor,False,False
3,87.13,0,0.0,26,587.9,0.03,0.05,0.0,0.0,June,3,2,5,13,Returning_Visitor,False,False
0,0.0,0,0.0,43,735.4,0.0,0.01,0.0,0.8,May,2,6,1,2,Returning_Visitor,False,False
0,0.0,1,38.5,97,736.35,0.03,0.05,0.0,0.0,Nov,1,1,1,2,Returning_Visitor,True,False
3,0.0,0,43.31,1,0.0,0.2,0.2,0.0,0.6,May,3,2,3,2,Returning_Visitor,False,False
0,87.45,0,0.0,5,734.86,0.12,0.05,0.0,0.4,May,3,2,4,3,Returning_Visitor,False,False
7,198.75,0,45.2,20,798.57,0.02,0.04,0.0,0.0,Dec,3,2,4,8,Returning_Visitor,False,False
3,87.03,1,43.23,5,735.65,0.16,0.17,0.0,0.4,May,1,1,1,3,Returning_Visitor,False,False
3,87.16,0,43.27,5,736.07,0.03,0.04,0.0,0.0,May,2,2,3,2,Returning_Visitor,False,False
3,40.0,0,45.22,19,794.23,0.01,0.04,12.18,0.6,May,1,1,1,2,Returning_Visitor,False,True
0,0.0,0,0.0,7,261.5,0.03,0.01,0.0,0.0,Mar,2,2,4,2,Returning_Visitor,False,False
7,87.54,1,31.5,65,5410.96,0.0,0.05,0.0,0.0,Nov,2,2,3,2,Returning_Visitor,False,False
0,0.0,1,0.0,48,735.94,0.0,0.05,0.0,0.0,May,4,1,1,4,Returning_Visitor,False,False
0,0.0,1,0.0,22,735.59,0.02,0.06,0.0,0.0,June,4,1,1,3,Returning_Visitor,False,False
10,586.65,3,43.18,41,1919.25,0.03,0.03,3.49,0.0,May,1,2,8,6,Returning_Visitor,True,False
3,86.66,1,43.24,5,384.0,0.0,0.05,0.0,0.0,May,2,4,4,2,Returning_Visitor,False,False
0,0.0,0,0.0,2,734.55,0.2,0.2,0.0,0.0,Dec,2,2,2,2,Returning_Visitor,False,False
3,87.19,1,0.0,1,0.0,0.03,0.2,0.0,0.0,May,1,2,1,2,Returning_Visitor,False,False
3,87.11,1,43.2,11,458.5,0.03,0.01,0.0,0.0,May,1,2,1,2,Returning_Visitor,False,False
0,87.34,1,43.23,1,0.0,0.2,0.05,0.0,0.0,Oct,3,2,2,2,New_Visitor,False,False
3,87.06,0,43.19,27,925.29,0.03,0.05,0.0,0.0,June,1,2,1,2,Returning_Visitor,False,False
11,250.25,0,0.0,169,744.09,0.03,0.05,8.17,0.0,Nov,4,1,1,8,Returning_Visitor,True,False
0,87.02,0,43.2,2,15.0,0.0,0.1,0.0,0.0,Mar,1,1,1,2,Returning_Visitor,False,False
0,87.14,1,0.0,37,5208.65,0.0,0.05,0.0,0.0,Nov,2,2,1,6,Returning_Visitor,False,False
17,180.13,1,80.6,180,736.57,0.03,0.05,0.0,0.0,Sep,2,2,1,3,Returning_Visitor,False,False
8,123.0,1,0.0,8,95.0,0.01,0.03,0.0,0.4,May,1,1,1,2,Returning_Visitor,False,False
0,86.99,0,0.0,14,197.5,0.02,0.05,0.0,0.4,May,2,2,1,2,Returning_Visitor,False,False
3,595.1,3,1439.0,19,736.11,0.0,0.02,0.0,0.0,May,1,1,8,2,Returning_Visitor,False,False
3,163.38,1,0.0,18,403.42,0.0,0.0,0.0,0.0,Dec,2,2,9,2,New_Visitor,False,False
3,187.0,1,0.0,22,1220.43,0.03,0.01,0.0,0.0,Mar,2,2,3,1,Returning_Visitor,False,False
3,0.0,0,45.17,9,465.5,0.01,0.06,43.8,0.0,Mar,2,2,1,1,Returning_Visitor,False,False
3,0.0,1,0.0,31,688.17,0.0,0.05,0.0,0.0,Mar,4,2,1,2,Returning_Visitor,False,False
0,87.12,0,0.0,18,760.0,0.03,0.05,0.0,0.8,May,2,2,2,13,Returning_Visitor,False,False
3,101.37,1,45.27,24,957.9,0.03,0.03,22.74,0.4,May,3,2,6,13,Returning_Visitor,False,True
0,0.0,1,0.0,37,1089.21,0.0,0.05,0.0,0.0,Dec,4,2,1,2,Returning_Visitor,False,False
3,87.31,0,43.21,1,0.0,0.2,0.2,0.0,0.0,Feb,1,2,1,2,Returning_Visitor,False,False
3,204.4,1,43.07,4,117.0,0.0,0.03,0.0,0.0,Nov,2,2,6,2,New_Visitor,False,False
0,86.96,0,43.3,1,0.0,0.2,0.05,0.0,0.6,Feb,2,2,5,2,Returning_Visitor,False,False
2,46.5,0,0.0,90,799.5,0.0,0.04,16.88,0.0,Dec,2,2,1,10,Returning_Visitor,False,False
17,100.32,0,44.73,40,800.16,0.02,0.02,8.02,0.6,May,2,2,3,2,Returning_Visitor,False,False
6,101.38,0,0.0,26,801.44,0.02,0.04,13.38,0.0,Jul,2,2,1,6,Returning_Visitor,False,False
0,0.0,0,0.0,37,684.73,0.01,0.05,0.0,0.0,Mar,2,4,1,1,Returning_Visitor,False,False
3,86.71,1,0.0,6,268.4,0.0,0.04,0.0,0.0,Jul,2,2,9,6,Returning_Visitor,False,False
7,191.0,0,0.0,237,794.74,0.0,0.04,0.0,0.0,Nov,2,2,1,2,Returning_Visitor,False,False
3,86.71,1,0.0,15,440.0,0.0,0.05,0.0,0.8,May,4,1,4,2,Returning_Visitor,False,False
3,0.0,2,50.5,95,4379.86,0.03,0.05,0.0,0.0,Nov,2,2,1,2,Returning_Visitor,True,False
0,87.03,0,0.0,8,89.5,0.15,0.16,0.0,0.8,May,3,2,1,2,Returning_Visitor,False,False
3,152.83,1,45.17,20,791.67,0.01,0.04,41.35,0.0,Mar,1,1,1,2,Returning_Visitor,False,True
0,0.0,0,0.0,69,736.25,0.03,0.05,0.0,0.0,Nov,2,2,4,2,Returning_Visitor,False,False
2,14.0,0,43.17,49,789.96,0.03,0.05,0.0,0.0,Mar,3,2,1,1,Returning_Visitor,False,False
3,87.43,0,0.0,12,735.5,0.03,0.04,0.0,0.0,Nov,1,2,1,10,Returning_Visitor,False,False
3,100.82,0,45.23,8,168.75,0.02,0.04,0.0,0.0,Nov,3,2,1,2,New_Visitor,False,False
3,87.72,0,43.25,2,734.41,0.1,0.05,0.0,0.0,Sep,3,2,3,2,Returning_Visitor,False,False
3,0.0,1,0.0,1,734.23,0.03,0.05,0.0,0.0,Jul,1,1,3,2,Returning_Visitor,False,False
0,87.47,0,43.2,17,736.18,0.03,0.05,0.0,0.0,Mar,3,2,1,2,Returning_Visitor,False,False
0,86.64,0,43.32,10,355.0,0.0,0.04,0.0,0.0,May,2,4,1,6,Returning_Visitor,False,False
3,85.04,0,0.0,114,799.71,0.0,0.04,0.0,0.0,Nov,2,2,1,2,Returning_Visitor,False,False
3,96.67,1,45.3,23,1605.88,0.03,0.05,54.1,0.0,Dec,2,2,1,10,Returning_Visitor,False,True
0,0.0,1,0.0,9,736.55,0.07,0.09,0.0,0.8,May,2,2,3,2,Returning_Visitor,False,False
3,11.0,0,0.0,20,736.07,0.0,0.05,0.0,0.0,May,2,10,3,2,Returning_Visitor,False,False
0,0.0,0,43.21,14,244.75,0.03,0.01,0.0,0.0,Dec,2,2,1,2,Returning_Visitor,False,False
9,210.67,3,127.0,55,1509.59,0.02,0.02,14.68,0.0,Mar,2,2,1,2,Returning_Visitor,False,False
2,52.5,0,43.5,13,605.5,0.02,0.01,0.0,0.0,Nov,2,2,3,2,Returning_Visitor,False,False
2,87.38,0,0.0,44,1410.43,0.01,0.05,0.0,0.0,Nov,2,2,1,8,Returning_Visitor,False,False
3,406.42,0,0.0,21,736.39,0.03,0.05,0.0,0.0,May,3,2,3,2,Returning_Visitor,False,False
3,0.0,0,0.0,4,160.5,0.0,0.05,0.0,0.0,Nov,1,2,1,3,Returning_Visitor,False,False
0,87.23,1,43.22,4,735.52,0.06,0.12,0.0,0.0,Aug,3,2,4,1,Returning_Visitor,False,False
3,87.19,0,0.0,37,735.68,0.03,0.02,0.0,0.0,May,2,10,1,3,Returning_Visitor,False,False
3,87.6,0,43.24,2,734.66,0.0,0.05,0.0,0.0,Mar,2,5,1,1,Returning_Visitor,False,False
3,87.19,1,43.23,4,734.08,0.0,0.05,0.0,0.0,Oct,2,5,7,2,Returning_Visitor,False,False
3,0.0,1,43.23,9,281.5,0.0,0.01,0.0,0.0,Oct,4,2,1,2,Returning_Visitor,False,False
3,0.0,1,44.6,25,1344.29,0.0,0.01,0.0,0.0,Nov,2,4,1,2,Returning_Visitor,False,False
0,86.98,0,0.0,9,250.2,0.02,0.03,0.0,0.0,June,2,2,4,1,Returning_Visitor,False,False
3,46.5,1,0.0,3,26.0,0.0,0.03,0.0,0.0,Nov,2,2,1,2,Returning_Visitor,False,True
0,86.86,0,0.0,13,736.76,0.03,0.15,0.0,0.8,May,3,2,1,13,Returning_Visitor,False,False
4,119.33,0,0.0,174,751.64,0.03,0.05,0.0,0.0,Dec,2,2,1,1,Returning_Visitor,False,False
5,87.66,1,43.16,29,735.93,0.03,0.05,0.0,0.0,Nov,3,2,3,2,Returning_Visitor,False,False
0,87.33,1,43.23,6,65.5,0.07,0.05,0.0,0.0,Nov,3,2,1,13,Returning_Visitor,False,False
3,88.76,2,114.0,26,607.98,0.03,0.05,4.99,0.0,May,2,2,1,2,Returning_Visitor,False,False
3,41.0,4,360.0,28,769.5,0.03,0.04,19.38,0.0,May,2,2,1,6,Returning_Visitor,False,False
3,0.0,0,43.29,4,80.0,0.05,0.05,0.0,0.0,Mar,3,2,4,2,Returning_Visitor,False,False
3,29.82,0,0.0,189,800.82,0.02,0.04,39.29,0.0,Nov,2,2,1,2,Returning_Visitor,False,True
0,87.09,0,43.15,14,736.43,0.0,0.02,0.0,0.0,Nov,2,2,1,20,Returning_Visitor,False,False
3,117.8,0,43.21,62,736.41,0.03,0.05,0.0,0.0,Sep,3,2,6,4,Returning_Visitor,False,False
3,0.0,1,0.0,9,87.5,0.03,0.05,0.0,0.0,May,2,2,2,4,Returning_Visitor,False,False
6,96.86,0,0.0,28,734.62,0.03,0.05,19.71,0.0,Mar,1,1,2,10,Returning_Visitor,False,True
3,87.53,0,0.0,1,0.0,0.2,0.05,0.0,0.0,May,6,2,3,2,Returning_Visitor,False,False
0,0.0,0,43.2,2,12.0,0.1,0.05,0.0,0.0,Sep,4,1,1,2,Returning_Visitor,False,False
3,0.0,0,43.29,13,350.83,0.03,0.03,0.0,0.6,May,3,2,9,2,Returning_Visitor,False,False
3,101.47,0,0.0,66,2582.7,0.02,0.01,11.97,0.0,May,2,2,1,2,Returning_Visitor,False,False
12,155.6,6,282.0,52,800.5,0.02,0.04,12.07,0.0,May,1,2,1,2,Returning_Visitor,False,False
3,87.03,0,43.17,6,63.0,0.0,0.03,0.0,0.0,May,2,2,4,4,Returning_Visitor,False,False
0,0.0,1,42.0,20,408.33,0.02,0.04,33.48,0.0,Mar,2,2,1,2,Returning_Visitor,False,True
3,0.0,0,43.14,6,111.75,0.03,0.05,0.0,0.0,Dec,2,2,1,2,Returning_Visitor,False,False
5,87.37,0,0.0,62,736.16,0.01,0.02,0.0,0.0,Aug,2,2,1,3,Returning_Visitor,False,False
5,57.33,3,167.8,222,735.76,0.0,0.05,2.78,0.0,Dec,2,2,1,2,Returning_Visitor,False,False
3,87.43,4,147.5,45,1424.84,0.03,0.05,0.0,0.0,Dec,1,1,3,2,Returning_Visitor,False,False
0,0.0,1,0.0,12,802.99,0.0,0.02,74.09,0.0,Mar,1,1,1,2,New_Visitor,False,True
0,0.0,1,43.19,26,372.38,0.02,0.06,0.0,0.0,Sep,2,2,1,2,Returning_Visitor,False,False
2,26.0,0,0.0,19,736.14,0.03,0.05,0.0,0.0,Mar,2,2,4,2,Returning_Visitor,False,False
3,87.27,1,43.17,28,1249.63,0.03,0.02,0.0,0.0,May,3,2,7,6,Returning_Visitor,False,False
3,100.85,0,0.0,99,802.5,0.02,0.04,0.0,0.0,Nov,2,2,1,2,Returning_Visitor,False,False
2,87.24,1,0.0,7,736.01,0.0,0.05,0.0,0.0,Mar,2,2,3,2,Returning_Visitor,False,False
3,63.33,1,0.0,13,556.67,0.0,0.0,27.31,0.0,Mar,1,1,1,2,Returning_Visitor,False,True
1,64.4,0,43.1,22,2364.65,0.0,0.04,0.0,0.0,Oct,2,2,1,2,Returning_Visitor,False,False
3,53.3,1,0.0,4,102.2,0.02,0.03,31.44,0.0,Oct,2,2,6,2,Returning_Visitor,False,True
0,87.13,1,0.0,6,158.17,0.0,0.03,0.0,0.0,Feb,3,2,4,2,Returning_Visitor,False,False
3,83.0,0,0.0,5,47.0,0.0,0.05,0.0,0.0,May,2,2,4,1,Returning_Visitor,False,False
3,87.17,0,43.14,20,736.4,0.03,0.04,0.0,0.0,Mar,2,2,1,1,Returning_Visitor,False,False
3,49.0,1,127.0,4,188.0,0.03,0.05,0.0,0.0,Mar,3,2,3,2,Returning_Visitor,False,False
10,1222.4,1,43.19,26,736.09,0.03,0.0,0.0,0.0,Sep,2,2,1,2,Returning_Visitor,False,False
1,101.53,1,123.5,24,801.82,0.0,0.0,20.92,0.0,Mar,1,1,1,2,New_Visitor,False,True
2,36.5,0,0.0,80,801.14,0.0,0.04,10.1,0.0,Nov,4,2,3,2,Returning_Visitor,False,True
0,0.0,1,8.0,36,1093.15,0.03,0.05,0.0,0.0,May,1,2,6,4,Returning_Visitor,False,False
16,87.01,0,43.16,24,443.75,0.03,0.01,0.0,0.0,Aug,2,2,7,2,Returning_Visitor,False,False
6,87.44,1,52.33,6,735.3,0.0,0.02,0.0,0.0,Mar,1,1,1,2,Returning_Visitor,False,False
3,0.0,1,43.14,6,78.67,0.03,0.05,0.0,0.0,May,2,2,5,4,New_Visitor,False,False
3,87.52,1,43.24,10,735.98,0.03,0.02,0.0,0.0,May,2,4,4,2,Returning_Visitor,False,False
0,86.82,1,43.28,8,105.0,0.0,0.01,0.0,0.0,May,4,1,1,3,Returning_Visitor,False,False
3,87.19,0,0.0,2,10.0,0.0,0.05,0.0,0.0,May,1,2,1,3,Returning_Visitor,False,False
8,964.25,6,182.17,134,739.74,0.03,0.05,0.0,0.0,Nov,3,2,1,2,Returning_Visitor,False,False
3,87.77,0,43.32,27,736.85,0.03,0.02,0.0,0.0,Nov,1,1,1,2,Returning_Visitor,True,False
3,0.0,0,43.12,7,1749.0,0.05,0.1,0.0,0.0,Dec,2,2,1,2,Returning_Visitor,False,False
3,87.31,0,43.17,21,735.16,0.03,0.02,0.0,0.0,May,3,2,1,4,Returning_Visitor,True,False
6,107.0,1,43.49,5,39.5,0.03,0.05,0.0,0.0,May,2,2,1,5,Returning_Visitor,False,False
0,86.82,0,43.24,23,1669.0,0.0,0.05,0.0,0.0,Mar,2,4,7,2,Returning_Visitor,False,False
0,0.0,1,0.0,24,348.03,0.08,0.05,0.0,0.0,Oct,1,1,1,2,Returning_Visitor,False,False
3,98.92,1,45.01,12,791.93,0.02,0.01,0.0,0.0,Nov,1,2,3,2,Returning_Visitor,False,False
3,87.61,0,0.0,24,1128.47,0.04,0.06,0.0,0.0,Mar,2,2,3,2,Returning_Visitor,False,False
3,0.0,0,0.0,2,734.47,0.2,0.2,0.0,0.0,Nov,1,2,1,2,Returning_Visitor,False,False
3,87.03,1,0.0,10,150.87,0.0,0.02,0.0,0.0,Sep,1,1,6,2,Returning_Visitor,False,False
24,468.1,6,191.87,189,739.57,0.03,0.05,0.87,0.0,June,2,2,1,1,Returning_Visitor,False,False
1,4.0,1,45.23,13,802.08,0.02,0.03,42.75,0.0,Nov,2,2,1,3,Returning_Visitor,False,True
3,0.0,0,43.2,4,734.75,0.03,0.05,0.0,0.0,Dec,2,2,1,2,Returning_Visitor,False,False
3,87.24,1,0.0,13,735.45,0.14,0.14,0.0,0.0,Aug,2,2,2,13,Returning_Visitor,False,False
7,51.71,2,280.5,149,801.38,0.02,0.04,11.38,0.0,Nov,2,2,1,2,Returning_Visitor,False,True
4,87.16,0,0.0,46,953.07,0.0,0.05,0.0,0.0,May,1,1,6,4,Returning_Visitor,True,False
9,227.6,0,45.07,54,1935.06,0.01,0.04,42.2,0.0,Dec,1,2,1,2,Returning_Visitor,False,True
0,0.0,1,0.0,15,1134.46,0.0,0.0,30.31,0.0,Dec,2,4,1,2,Returning_Visitor,False,True
3,0.0,1,43.22,13,412.0,0.0,0.05,0.0,0.0,Mar,2,2,4,3,Returning_Visitor,False,False
1,10.0,0,0.0,82,706.3,0.03,0.0,0.0,1.0,May,2,2,1,2,Returning_Visitor,True,False
3,59.5,1,0.0,116,3363.18,0.02,0.04,0.0,0.0,Nov,2,2,1,2,Returning_Visitor,False,False
0,87.36,0,43.28,2,0.0,0.03,0.2,0.0,0.0,May,3,2,4,3,Returning_Visitor,False,False
0,86.71,1,43.3,3,735.62,0.07,0.07,0.0,0.8,May,2,2,4,2,Returning_Visitor,False,False
0,0.0,1,43.48,18,736.29,0.0,0.02,0.0,0.0,Nov,2,4,1,2,New_Visitor,False,False
0,86.68,0,43.18,31,736.34,0.0,0.01,0.0,0.0,Dec,4,2,1,8,New_Visitor,False,False
3,87.29,0,43.16,21,719.74,0.03,0.05,0.0,0.0,Mar,2,2,1,3,Returning_Visitor,False,False
0,87.17,1,43.28,119,735.51,0.03,0.05,0.0,0.0,Nov,3,2,1,13,Returning_Visitor,True,False
5,86.0,0,43.23,23,267.3,0.03,0.05,0.0,0.0,Mar,1,1,4,9,Returning_Visitor,True,False
3,87.05,0,43.15,13,152.25,0.03,0.03,0.0,0.0,May,1,2,5,2,Returning_Visitor,False,False
3,87.14,1,0.0,6,114.0,0.0,0.05,0.0,0.0,May,2,2,3,2,Returning_Visitor,False,False
3,0.0,0,0.0,7,1803.67,0.03,0.05,0.0,0.0,Dec,2,2,1,2,Returning_Visitor,True,False
3,72.0,0,43.15,10,343.0,0.0,0.02,0.0,0.0,May,2,2,6,1,Returning_Visitor,False,False
0,87.44,1,43.21,1,0.0,0.03,0.05,0.0,0.0,Mar,3,2,1,2,Returning_Visitor,False,False
3,0.0,1,43.27,1,735.1,0.2,0.05,0.0,0.0,Mar,1,1,3,2,Returning_Visitor,False,False
3,0.0,1,0.0,17,504.08,0.02,0.04,36.08,0.0,Oct,1,1,1,3,Returning_Visitor,False,True
3,0.0,0,43.24,2,734.94,0.0,0.05,0.0,0.0,Nov,2,2,3,2,Returning_Visitor,False,False
0,86.73,1,43.3,44,2284.49,0.03,0.05,0.0,0.0,Dec,3,3,1,2,Returning_Visitor,False,False
0,87.13,0,43.24,2,0.0,0.03,0.2,0.0,0.0,Dec,2,2,1,2,Returning_Visitor,False,False
0,87.17,1,43.22,1,0.0,0.03,0.05,0.0,0.0,Mar,2,2,1,1,Returning_Visitor,False,False
3,0.0,1,117.0,8,735.72,0.03,0.04,0.0,0.0,Dec,2,2,8,2,Returning_Visitor,False,False
3,87.2,1,43.24,11,735.59,0.03,0.03,0.0,0.0,May,2,2,9,3,Returning_Visitor,False,False
3,3.0,0,0.0,11,735.52,0.0,0.03,0.0,0.6,May,2,2,1,2,Returning_Visitor,False,False
0,0.0,0,0.0,4,214.0,0.0,0.05,0.0,0.0,Mar,2,2,3,2,Returning_Visitor,False,False
0,0.0,1,43.19,16,530.62,0.0,0.01,0.0,0.0,Nov,2,5,3,3,Returning_Visitor,True,False
1,87.18,0,43.2,18,735.5,0.03,0.05,0.0,0.0,Dec,3,2,1,2,Returning_Visitor,False,False
0,0.0,0,43.12,18,559.0,0.05,0.05,0.0,0.0,Nov,1,2,1,1,Returning_Visitor,False,False
3,262.0,0,0.0,22,736.19,0.03,0.05,0.0,0.2,May,3,2,1,2,Returning_Visitor,False,False
3,60.25,1,45.16,8,131.58,0.02,0.01,0.0,0.0,Nov,3,2,1,2,Returning_Visitor,False,False
3,57.0,1,43.27,36,2928.78,0.03,0.02,0.0,0.0,May,2,2,2,5,Returning_Visitor,True,False
3,87.26,1,43.2,4,0.0,0.2,0.2,0.0,0.0,Aug,2,2,1,4,Returning_Visitor,False,False
0,87.12,1,0.0,3,734.76,0.0,0.03,0.0,0.0,Dec,1,2,3,2,Returning_Visitor,False,False
0,86.87,0,43.14,7,736.3,0.03,0.06,0.0,0.0,Dec,2,2,7,2,Returning_Visitor,True,False
0,0.0,2,19.5,48,735.86,0.01,0.05,0.0,0.0,Dec,2,2,1,2,Returning_Visitor,False,False
3,87.36,1,0.0,8,131.98,0.03,0.05,0.0,0.0,Sep,2,2,1,5,New_Visitor,False,False
3,86.96,1,0.0,7,197.0,0.03,0.04,0.0,0.0,Dec,3,2,1,2,Returning_Visitor,False,False
14,367.25,3,400.38,195,798.26,0.02,0.04,3.87,0.0,Nov,2,2,1,1,Returning_Visitor,True,True
0,0.0,1,0.0,16,340.65,0.03,0.06,0.0,0.0,Sep,3,2,2,2,Returning_Visitor,True,False
3,11.17,3,63.5,28,801.38,0.0,0.03,36.2,0.0,Nov,4,2,1,2,Returning_Visitor,False,True
3,0.0,0,0.0,3,80.0,0.0,0.05,0.0,0.0,Mar,3,2,1,2,Returning_Visitor,False,False
0,0.0,1,0.0,7,189.2,0.02,0.01,78.57,0.0,Sep,3,2,3,2,Returning_Visitor,False,True
0,87.06,1,43.24,3,734.49,0.03,0.07,0.0,0.0,Mar,1,1,1,2,Returning_Visitor,False,False
3,99.78,0,0.0,40,798.7,0.02,0.04,2.32,0.0,Aug,1,2,4,2,Returning_Visitor,False,False
3,87.17,1,43.2,2,18.0,0.1,0.05,0.0,0.0,Mar,2,2,1,2,Returning_Visitor,False,False
0,0.0,1,0.0,7,444.0,0.0,0.03,59.75,0.0,Dec,1,1,2,8,Returning_Visitor,False,True
0,87.17,0,0.0,1,0.0,0.03,0.2,0.0,0.0,Mar,3,3,1,2,Returning_Visitor,False,False
3,0.0,1,3.0,20,779.68,0.0,0.04,10.91,0.0,Jul,3,2,1,2,Returning_Visitor,False,False
7,101.47,2,45.23,38,2311.09,0.02,0.04,4.25,0.0,May,2,2,1,2,Returning_Visitor,False,False
3,87.07,0,0.0,14,152.0,0.03,0.05,0.0,0.0,Dec,1,2,4,2,Returning_Visitor,False,False
0,0.0,1,0.0,13,171.5,0.02,0.08,0.0,0.8,May,2,2,1,1,Returning_Visitor,False,False
3,0.0,1,0.0,22,801.35,0.0,0.04,10.52,0.0,May,2,2,7,4,Returning_Visitor,False,True
5,87.19,2,390.0,32,904.57,0.01,0.05,0.0,0.0,Dec,1,2,1,2,Returning_Visitor,True,False
0,87.06,0,0.0,1,0.0,0.2,0.05,0.0,0.0,Mar,2,2,1,2,Returning_Visitor,False,False
0,87.01,0,0.0,103,735.85,0.03,0.05,0.0,0.0,Sep,2,2,1,1,Returning_Visitor,False,False
9,87.39,0,43.15,8,407.5,0.0,0.05,0.0,0.0,Dec,3,2,3,2,Returning_Visitor,False,False
4,539.5,0,0.0,1,735.28,0.03,0.05,0.0,0.0,Mar,3,2,8,8,New_Visitor,False,False
0,0.0,0,45.24,6,798.93,0.03,0.05,0.0,0.0,Nov,2,2,9,3,Returning_Visitor,False,False
3,87.2,1,6.0,21,735.57,0.03,0.04,0.0,0.0,Oct,1,1,7,2,Returning_Visitor,False,False
1,3.0,0,0.0,11,549.33,0.0,0.05,0.0,0.0,May,4,2,1,2,Returning_Visitor,False,False
2,101.31,0,0.0,83,801.87,0.0,0.01,19.62,0.0,Sep,2,2,4,3,Returning_Visitor,False,True
3,0.0,0,43.27,5,736.0,0.0,0.01,0.0,0.0,May,2,4,1,2,Returning_Visitor,False,False
3,87.59,0,0.0,1,0.0,0.2,0.2,0.0,0.0,Dec,3,2,1,1,Returning_Visitor,False,False
0,0.0,0,43.21,12,666.0,0.0,0.02,0.0,0.0,May,2,2,8,2,Returning_Visitor,False,False
0,0.0,1,43.16,5,43.9,0.03,0.02,0.0,0.0,Sep,2,2,1,2,Returning_Visitor,False,False
3,87.13,1,0.0,8,147.0,0.03,0.03,0.0,0.0,May,2,6,6,2,Returning_Visitor,False,False
3,11.0,0,0.0,104,736.41,0.03,0.05,0.0,0.0,May,2,2,1,6,Returning_Visitor,True,False
3,4.0,0,0.0,36,735.82,0.01,0.05,0.0,1.0,May,3,2,1,2,Returning_Visitor,True,False
3,0.0,0,0.0,1,0.0,0.2,0.2,0.0,0.8,May,2,4,1,2,Returning_Visitor,False,False
0,0.0,1,90.0,11,735.81,0.02,0.05,0.0,0.0,Mar,4,2,1,2,Returning_Visitor,False,False
4,72.3,1,43.37,27,1211.07,0.03,0.06,0.0,0.0,Aug,2,2,1,2,Returning_Visitor,False,False
3,87.45,0,43.17,5,86.6,0.0,0.1,0.0,0.0,Sep,3,2,3,2,Returning_Visitor,False,False
0,87.25,3,34.3,137,738.22,0.03,0.05,0.0,0.0,Nov,1,2,1,2,Returning_Visitor,False,False
3,87.19,1,43.24,1,734.16,0.0,0.1,0.0,0.0,Mar,3,2,1,15,Returning_Visitor,True,False
3,87.45,0,0.0,16,312.2,0.03,0.05,0.0,0.0,Oct,2,2,1,2,Returning_Visitor,False,False
3,101.36,0,0.0,33,802.04,0.02,0.04,8.42,0.0,Oct,2,2,3,2,Returning_Visitor,False,True
3,18.2,0,0.0,22,624.76,0.01,0.02,0.0,0.0,Oct,2,2,7,3,Returning_Visitor,False,False
0,0.0,0,0.0,15,194.07,0.0,0.05,0.0,0.0,May,2,5,4,2,Returning_Visitor,False,False
4,87.46,1,0.0,1,736.05,0.0,0.04,0.0,0.0,Jul,1,2,1,2,Returning_Visitor,False,False
7,131.08,1,124.9,159,733.83,0.03,0.05,6.05,0.0,Jul,2,2,1,2,Returning_Visitor,False,False
13,123.88,1,0.0,87,2903.76,0.03,0.05,1.77,0.0,Dec,2,2,3,2,Returning_Visitor,False,False
14,416.39,6,449.33,258,740.84,0.03,0.05,33.61,0.0,Mar,2,4,1,2,Returning_Visitor,False,True
3,0.0,1,0.0,7,735.77,0.03,0.06,0.0,0.0,May,2,2,1,2,Returning_Visitor,False,False
3,101.06,0,45.24,5,50.0,0.02,0.03,0.0,0.0,Dec,8,2,9,20,Other,False,True
1,86.97,2,10.0,69,736.01,0.03,0.05,0.0,0.0,Nov,2,3,1,3,Returning_Visitor,True,False
3,87.33,0,0.0,29,432.02,0.0,0.01,0.0,0.0,Nov,1,2,1,3,Returning_Visitor,False,False
3,86.96,0,43.23,45,735.87,0.0,0.05,0.0,0.4,May,2,2,1,6,Returning_Visitor,False,False
7,634.27,3,89.5,54,2864.63,0.01,0.05,7.45,0.0,Nov,3,2,1,2,Returning_Visitor,False,False
3,87.15,1,0.0,5,46.75,0.0,0.04,0.0,0.0,Dec,1,1,1,2,Returning_Visitor,False,False
1,77.0,0,0.0,9,312.0,0.0,0.05,0.0,0.0,Mar,1,1,1,2,New_Visitor,False,False
4,87.45,0,43.14,61,735.55,0.03,0.05,12.58,0.0,Nov,3,2,1,2,Returning_Visitor,True,False
3,87.11,1,0.0,9,442.0,0.0,0.05,0.0,0.2,May,2,2,7,2,Returning_Visitor,False,False
3,71.6,1,43.29,7,286.7,0.0,0.01,0.0,0.0,Aug,1,2,1,3,Returning_Visitor,False,False
3,87.31,1,43.16,16,402.69,0.03,0.01,0.0,0.0,Mar,2,2,1,2,Returning_Visitor,False,False
0,87.13,0,0.0,20,438.33,0.02,0.04,0.0,0.0,Mar,2,2,1,2,Returning_Visitor,False,False
0,0.0,0,0.0,5,83.0,0.04,0.06,0.0,0.0,Mar,2,2,1,2,Returning_Visitor,False,False
0,87.6,1,0.0,3,21.0,0.03,0.07,0.0,0.0,Nov,2,2,2,2,Returning_Visitor,True,True
0,86.91,1,0.0,11,735.98,0.0,0.05,0.0,0.0,Jul,2,2,1,2,Returning_Visitor,True,False
3,87.31,0,0.0,12,735.25,0.02,0.05,0.0,0.0,Dec,3,2,8,2,New_Visitor,False,False
3,87.06,1,0.0,23,1202.75,0.03,0.05,0.0,0.0,Dec,8,13,9,20,Returning_Visitor,True,False
0,87.28,0,0.0,15,736.64,0.0,0.05,0.0,0.0,Nov,2,2,1,2,Returning_Visitor,False,False
2,89.81,1,0.0,5,558.5,0.0,0.03,0.0,0.0,Mar,2,2,7,2,New_Visitor,False,False
0,0.0,0,0.0,76,735.95,0.03,0.03,0.0,0.0,Nov,1,2,1,10,Returning_Visitor,True,False
3,101.58,2,153.0,27,800.73,0.01,0.02,8.55,0.0,May,1,1,2,2,Returning_Visitor,True,True
3,0.0,0,0.0,2,96.0,0.03,0.1,0.0,0.0,Mar,4,2,1,1,Returning_Visitor,False,False
0,0.0,0,43.16,2,735.75,0.03,0.05,0.0,0.0,Dec,8,13,9,20,Returning_Visitor,False,False
0,0.0,1,43.18,12,198.0,0.03,0.05,0.0,0.0,Mar,2,2,3,2,Returning_Visitor,False,False
2,15.6,0,0.0,10,735.4,0.02,0.05,0.0,0.2,May,2,2,2,2,Returning_Visitor,False,False
3,0.0,1,0.0,4,735.11,0.05,0.05,0.0,0.0,Mar,2,2,1,10,Returning_Visitor,False,False
0,0.0,2,34.0,144,738.29,0.03,0.05,0.0,0.0,Nov,2,2,1,13,Returning_Visitor,False,False
7,598.0,3,43.32,83,736.71,0.03,0.05,0.0,0.4,May,2,2,1,2,Returning_Visitor,False,False
0,0.0,7,840.58,162,5918.31,0.03,0.02,0.0,0.0,Nov,2,2,1,1,Returning_Visitor,False,False
3,0.0,1,0.0,11,606.5,0.0,0.01,0.0,0.0,May,1,8,9,4,Returning_Visitor,False,False
0,87.04,0,0.0,7,735.92,0.0,0.03,0.0,0.0,Mar,1,1,1,1,Returning_Visitor,False,False
3,87.17,0,0.0,4,48.5,0.03,0.05,0.0,0.0,Dec,2,2,9,2,New_Visitor,False,False
0,0.0,1,0.0,20,526.5,0.02,0.04,0.0,0.0,Nov,3,2,2,13,Returning_Visitor,False,False
1,5.0,1,0.0,12,2054.33,0.0,0.02,0.0,0.0,May,2,2,9,1,Returning_Visitor,False,False
0,87.01,1,0.0,7,495.0,0.0,0.01,0.0,0.0,Mar,4,1,3,2,Returning_Visitor,False,False
3,87.29,1,43.2,1,0.0,0.2,0.2,0.0,0.0,Dec,2,2,1,1,Returning_Visitor,False,False
0,0.0,0,43.28,1,0.0,0.03,0.2,0.0,0.0,Feb,2,2,7,3,Returning_Visitor,False,False
2,101.5,1,0.0,16,692.67,0.0,0.01,146.24,0.0,May,2,2,1,2,Returning_Visitor,False,True
3,87.72,1,0.0,18,735.38,0.0,0.02,0.0,0.0,Nov,2,2,2,2,Returning_Visitor,False,False
11,1064.0,1,10.0,58,735.67,0.03,0.03,6.22,0.0,May,2,5,3,2,Returning_Visitor,True,False
3,87.27,0,43.2,1,0.0,0.03,0.2,0.0,0.0,Mar,2,2,2,2,Returning_Visitor,False,False
0,0.0,0,0.0,2,0.0,0.2,0.05,0.0,0.0,Nov,1,8,3,1,Returning_Visitor,False,False
3,87.18,0,0.0,21,735.63,0.0,0.01,0.0,0.0,Dec,8,13,9,2,Other,False,False
2,389.5,0,44.25,8,117.62,0.0,0.01,0.0,0.0,Nov,1,2,8,2,Returning_Visitor,False,False
13,255.92,0,0.0,255,737.85,0.03,0.05,0.69,0.0,June,3,2,1,3,Returning_Visitor,False,False
3,0.0,1,43.31,12,734.33,0.15,0.05,0.0,0.4,May,1,2,3,3,Returning_Visitor,False,False
3,39.3,0,43.2,29,316.2,0.03,0.02,0.0,0.0,Sep,2,2,1,6,Returning_Visitor,False,False
0,87.36,0,43.23,26,735.74,0.03,0.05,0.0,0.0,Jul,1,1,1,1,Returning_Visitor,False,False
3,0.0,1,43.17,58,3200.37,0.03,0.03,0.0,0.0,Mar,2,2,6,1,Returning_Visitor,False,False
0,0.0,0,0.0,8,167.83,0.0,0.05,0.0,0.0,Nov,2,2,1,2,Returning_Visitor,False,False
4,36.0,0,0.0,28,708.92,0.0,0.05,0.0,0.0,May,2,6,1,3,New_Visitor,False,False
3,0.0,0,43.25,5,42.2,0.0,0.04,0.0,0.0,June,2,2,1,2,Returning_Visitor,False,False
3,87.56,0,0.0,5,78.5,0.0,0.03,0.0,0.0,Dec,2,2,7,2,Returning_Visitor,False,False
1,57.5,0,0.0,22,353.15,0.03,0.01,0.0,0.0,Nov,1,2,1,2,Returning_Visitor,False,False
3,145.2,0,0.0,28,425.1,0.03,0.0,0.0,0.0,Oct,3,2,7,2,New_Visitor,True,False
0,0.0,0,0.0,3,52.5,0.0,0.08,0.0,0.0,Nov,1,2,1,2,Returning_Visitor,False,False
3,232.34,1,43.42,22,736.0,0.0,0.0,0.0,0.0,Sep,1,1,1,3,New_Visitor,False,False
3,87.12,1,43.18,5,735.75,0.0,0.01,0.0,0.0,May,1,1,4,2,Returning_Visitor,False,False
3,86.99,0,43.12,3,97.5,0.0,0.04,0.0,0.0,Dec,3,2,4,8,Returning_Visitor,False,True
6,89.47,1,32.0,81,1141.06,0.03,0.0,27.9,0.0,May,4,2,1,3,Returning_Visitor,True,False
3,0.0,0,44.42,39,739.27,0.0,0.05,0.0,0.0,Nov,2,2,6,2,Returning_Visitor,False,True
1,87.38,4,208.5,12,735.51,0.0,0.0,0.0,0.0,Mar,1,1,1,2,Returning_Visitor,False,False
0,87.05,1,43.22,4,19.6,0.08,0.05,0.0,0.0,May,3,2,6,2,Returning_Visitor,True,False
2,101.29,1,45.23,19,461.05,0.02,0.04,16.34,0.0,Mar,3,2,1,2,Returning_Visitor,False,False
3,87.45,1,43.27,13,748.67,0.0,0.02,0.0,0.0,Mar,1,2,1,2,Returning_Visitor,False,False
2,87.71,1,11.0,28,2074.93,0.03,0.05,0.0,0.0,Oct,2,4,3,2,Returning_Visitor,False,False
6,129.75,0,0.0,42,802.23,0.02,0.04,18.95,0.0,Mar,2,2,3,2,Returning_Visitor,False,True
0,0.0,1,0.0,22,1310.5,0.03,0.03,23.86,0.0,Mar,2,2,1,2,Returning_Visitor,False,True
3,87.67,0,43.24,19,423.82,0.01,0.05,0.0,0.0,Mar,3,2,1,3,Returning_Visitor,False,False
3,8.5,1,43.14,45,735.59,0.03,0.05,0.0,0.0,May,4,2,1,2,Returning_Visitor,False,False
0,86.92,1,0.0,39,735.91,0.0,0.05,0.0,0.0,Sep,4,2,1,4,Returning_Visitor,False,False
0,86.95,0,0.0,36,1287.96,0.03,0.07,0.0,0.0,Dec,2,2,1,2,Returning_Visitor,False,False
5,87.15,1,0.0,44,1909.08,0.0,0.02,0.0,0.0,Dec,1,8,1,10,Returning_Visitor,False,False
12,245.73,4,1511.7,439,737.91,0.03,0.05,11.44,0.0,Sep,2,2,1,13,Returning_Visitor,False,False
3,87.46,2,43.25,16,735.28,0.0,0.05,0.0,0.0,Nov,2,2,1,2,Returning_Visitor,False,True
0,87.32,0,43.19,9,735.33,0.07,0.11,0.0,0.0,Dec,2,2,3,1,Returning_Visitor,True,False
0,86.88,0,0.0,9,736.19,0.03,0.03,0.0,0.0,Mar,4,1,1,2,Returning_Visitor,True,False
3,34.0,0,43.25,36,735.8,0.0,0.05,0.0,0.0,May,2,4,6,3,Returning_Visitor,False,False
0,0.0,0,0.0,11,126.67,0.07,0.09,0.0,0.4,May,1,2,1,2,Returning_Visitor,False,False
2,38.33,0,0.0,68,2277.38,0.03,0.05,12.76,1.0,May,2,2,2,2,Returning_Visitor,True,False
10,196.25,1,46.4,271,735.59,0.03,0.05,0.04,0.0,Jul,2,2,1,3,Returning_Visitor,True,False
10,118.0,0,0.0,85,735.7,0.03,0.05,0.0,0.0,May,2,2,1,2,Returning_Visitor,False,False
3,101.01,1,0.0,5,799.93,0.0,0.04,0.0,0.0,Nov,1,2,1,2,New_Visitor,False,False
5,87.35,0,43.18,63,735.31,0.03,0.05,0.0,0.0,Mar,2,2,1,2,Returning_Visitor,True,False
7,101.08,0,0.0,73,798.94,0.02,0.04,4.25,0.0,May,2,2,1,1,Returning_Visitor,False,False
3,87.0,1,0.0,22,2464.9,0.0,0.05,0.0,0.8,May,2,2,1,1,Returning_Visitor,False,False
3,378.75,1,43.13,15,638.92,0.03,0.05,0.0,0.0,Nov,2,2,1,2,New_Visitor,False,True
3,0.0,1,43.22,7,203.67,0.03,0.05,0.0,0.0,May,1,2,1,2,Returning_Visitor,False,False
0,0.0,1,43.13,4,76.75,0.03,0.05,0.0,0.0,Nov,1,1,8,2,New_Visitor,False,True
3,86.98,1,0.0,3,734.87,0.03,0.03,0.0,0.0,Mar,1,2,9,2,New_Visitor,False,False
3,87.05,0,43.22,12,223.8,0.03,0.05,0.0,0.0,Jul,1,2,1,4,Returning_Visitor,True,False
0,87.02,0,0.0,20,735.96,0.0,0.03,0.0,0.0,Nov,2,2,1,2,Returning_Visitor,False,False
1,39.0,1,0.0,15,735.94,0.03,0.02,0.0,0.0,Mar,4,1,1,2,Returning_Visitor,False,False
3,87.44,1,0.0,16,166.71,0.0,0.05,0.0,0.0,Aug,2,2,6,5,New_Visitor,False,False
0,87.38,0,0.0,2,735.06,0.0,0.05,0.0,0.0,May,3,2,3,2,Returning_Visitor,False,False
0,0.0,1,45.25,8,801.23,0.02,0.01,59.99,0.0,May,2,2,1,2,New_Visitor,False,True
3,87.15,0,43.15,20,735.76,0.03,0.05,0.0,0.0,Mar,1,2,1,2,Returning_Visitor,False,False
3,86.83,1,0.0,13,253.33,0.03,0.05,0.0,0.8,May,2,2,5,3,Returning_Visitor,False,False
3,87.39,1,0.0,22,1043.58,0.01,0.05,0.0,0.0,Nov,2,2,3,2,New_Visitor,False,False
11,2047.23,1,45.16,45,800.39,0.02,0.04,7.75,0.0,Mar,2,2,1,2,Returning_Visitor,False,True
4,101.3,1,0.0,34,803.0,0.02,0.02,28.11,0.0,Nov,4,1,1,1,Returning_Visitor,True,True
0,0.0,0,0.0,26,1026.75,0.0,0.05,0.0,0.2,May,2,2,1,3,Returning_Visitor,False,False
0,0.0,0,0.0,62,1136.6,0.03,0.0,0.0,0.0,Mar,1,2,1,2,Returning_Visitor,True,False
3,101.39,1,0.0,18,343.83,0.0,0.01,38.34,0.0,Dec,2,13,1,2,Returning_Visitor,False,True
7,81.25,1,45.24,37,802.28,0.02,0.04,39.04,0.0,Mar,2,4,1,2,Returning_Visitor,False,False
0,0.0,0,0.0,1,0.0,0.2,0.2,0.0,0.0,May,1,2,1,2,Returning_Visitor,False,False
3,0.0,0,0.0,12,396.5,0.03,0.04,0.0,0.0,Mar,2,4,3,2,Returning_Visitor,False,False
0,87.16,1,0.0,30,480.25,0.01,0.05,0.0,0.0,Mar,2,2,7,2,Returning_Visitor,False,False
2,147.5,1,209.0,48,801.83,0.02,0.02,68.91,0.0,Nov,3,2,1,2,Returning_Visitor,False,True
4,93.75,0,0.0,70,794.87,0.02,0.04,0.0,0.0,Nov,1,1,1,2,Returning_Visitor,False,True
0,0.0,0,43.21,9,1352.0,0.02,0.04,0.0,0.0,Nov,4,2,1,2,Returning_Visitor,False,False
0,0.0,0,0.0,39,735.59,0.03,0.05,0.0,0.0,Dec,2,2,8,2,Returning_Visitor,False,False
3,87.42,0,0.0,2,134.0,0.03,0.03,0.0,0.8,May,3,2,1,2,Returning_Visitor,False,False
2,28.06,0,43.19,73,735.6,0.03,0.05,0.0,0.0,June,2,2,1,4,Returning_Visitor,False,False
1,15.2,1,13.0,39,1706.12,0.01,0.03,5.25,0.0,June,2,2,2,2,Returning_Visitor,True,False
3,87.45,0,0.0,14,449.4,0.03,0.08,0.0,0.0,Aug,1,2,1,2,Returning_Visitor,False,False
0,0.0,0,43.17,8,735.13,0.03,0.08,0.0,1.0,May,1,2,1,2,Returning_Visitor,True,False
3,121.43,3,273.5,100,735.84,0.03,0.05,0.0,0.0,Nov,2,2,1,13,Returning_Visitor,True,False
3,87.32,0,43.26,3,17.0,0.03,0.05,0.0,0.0,May,2,2,1,2,Returning_Visitor,False,False
0,87.05,1,0.0,1,734.36,0.2,0.2,0.0,0.0,Feb,1,1,4,2,Returning_Visitor,False,False
3,276.87,0,0.0,19,548.88,0.0,0.01,5.74,0.0,May,3,2,1,2,Returning_Visitor,False,False
0,94.03,1,43.92,1,0.0,0.2,0.2,0.0,0.0,Nov,3,2,1,3,Returning_Visitor,False,False
3,0.0,0,0.0,8,737.49,0.05,0.06,0.0,0.0,Dec,2,2,2,2,Returning_Visitor,False,False
0,87.0,1,43.21,1,0.0,0.03,0.2,0.0,0.0,Nov,4,2,1,2,Returning_Visitor,False,False
3,87.18,8,43.28,51,736.16,0.03,0.02,0.0,0.4,May,2,2,8,3,Returning_Visitor,False,False
8,87.03,1,0.0,48,736.52,0.03,0.01,0.0,0.0,Dec,2,2,1,2,Returning_Visitor,False,False
3,87.5,1,0.0,4,31.0,0.0,0.05,0.0,0.0,Mar,2,2,2,10,Returning_Visitor,True,False
0,87.31,0,0.0,91,3511.83,0.0,0.05,0.0,0.0,Dec,3,2,1,2,Returning_Visitor,False,False
3,204.2,0,43.18,31,652.38,0.01,0.05,0.0,0.0,Nov,1,1,6,1,Returning_Visitor,False,False
3,23.2,1,0.0,0,0.0,0.0,0.03,0.0,0.0,Oct,2,2,1,2,Returning_Visitor,False,True
3,87.26,0,43.19,8,497.25,0.02,0.03,0.0,0.0,Dec,1,2,3,2,Returning_Visitor,False,False
2,0.0,0,43.15,8,119.0,0.08,0.05,0.0,0.0,May,1,2,1,2,Returning_Visitor,False,False
3,0.0,0,43.25,5,182.0,0.0,0.05,0.0,0.0,Mar,3,2,6,1,Returning_Visitor,False,False
3,87.81,1,43.22,1,31.5,0.05,0.05,0.0,0.0,Dec,3,2,2,2,Returning_Visitor,False,True
3,0.0,1,0.0,7,276.17,0.03,0.05,55.32,0.0,Nov,2,2,1,2,Returning_Visitor,False,False
4,22.5,1,0.0,15,289.85,0.0,0.02,57.96,0.0,Mar,2,2,1,2,Returning_Visitor,False,True
3,93.3,1,0.0,70,735.3,0.0,0.05,0.0,0.0,Jul,2,2,1,2,Returning_Visitor,True,False
17,239.93,2,60.5,49,1929.19,0.03,0.05,2.58,0.0,Dec,3,2,1,13,Returning_Visitor,False,False
3,86.89,1,43.31,10,735.59,0.04,0.05,0.0,0.8,May,1,2,3,2,Returning_Visitor,False,False
0,0.0,0,0.0,6,657.5,0.0,0.01,0.0,0.0,May,2,2,1,2,Returning_Visitor,False,False
0,0.0,1,45.23,22,802.02,0.0,0.04,20.89,1.0,May,3,2,1,2,Returning_Visitor,False,True
3,87.15,0,43.18,19,735.67,0.02,0.07,0.0,1.0,May,2,10,1,2,Returning_Visitor,True,False
3,87.02,0,43.27,5,735.55,0.05,0.1,0.0,0.0,May,2,2,1,4,Returning_Visitor,False,False
0,86.89,0,0.0,9,890.0,0.03,0.07,0.0,0.4,May,2,2,6,19,Returning_Visitor,False,False
3,95.75,1,0.0,41,735.24,0.03,0.01,27.08,0.0,Dec,3,2,5,2,Returning_Visitor,True,True
0,0.0,2,20.0,28,1085.25,0.0,0.05,0.0,0.0,Dec,3,2,1,2,New_Visitor,False,True
3,87.11,0,0.0,30,860.32,0.0,0.05,0.0,0.0,May,1,2,1,7,Returning_Visitor,False,False
3,177.0,2,500.0,88,2663.82,0.03,0.05,5.48,0.6,May,4,2,8,2,Returning_Visitor,False,False
2,92.0,2,43.24,39,736.3,0.03,0.02,0.0,0.0,Dec,3,2,1,2,Returning_Visitor,False,False
3,87.32,1,0.0,67,1784.76,0.03,0.05,0.38,0.0,Sep,3,2,1,2,Returning_Visitor,False,False
1,87.16,0,43.07,22,495.0,0.0,0.05,0.0,0.0,Nov,2,5,6,2,Returning_Visitor,False,False
1,54.5,1,0.0,26,531.5,0.02,0.02,44.92,0.0,Nov,2,2,3,2,Returning_Visitor,False,False
0,0.0,0,0.0,1,0.0,0.03,0.2,0.0,0.0,Nov,4,2,1,8,Returning_Visitor,False,False
22,438.33,3,703.5,178,740.58,0.03,0.05,2.04,0.0,Nov,2,2,1,10,Returning_Visitor,False,True
3,60.2,0,0.0,13,409.84,0.02,0.01,20.1,0.0,Oct,1,1,4,2,Returning_Visitor,False,True
3,87.41,0,43.19,3,127.6,0.03,0.03,0.0,0.0,Dec,2,2,1,2,New_Visitor,False,False
0,0.0,1,0.0,9,802.22,0.0,0.04,18.03,0.0,Mar,2,4,1,2,Returning_Visitor,False,True
3,0.0,1,0.0,90,735.28,0.03,0.05,0.0,0.8,May,2,2,3,1,Returning_Visitor,False,False
0,87.27,1,43.13,20,469.98,0.03,0.05,0.0,0.0,Nov,2,2,1,2,Returning_Visitor,False,False
0,87.19,1,0.0,18,735.87,0.0,0.03,0.0,0.0,Nov,2,2,1,2,Returning_Visitor,False,False
1,24.0,1,0.0,54,801.51,0.01,0.05,0.0,0.2,May,1,1,1,3,Returning_Visitor,False,False
3,1115.5,0,43.36,21,736.49,0.03,0.01,0.0,0.0,Nov,1,2,1,8,Returning_Visitor,True,False
1,87.3,0,43.15,11,701.0,0.0,0.05,0.0,0.0,Aug,2,2,1,2,Returning_Visitor,False,False
3,87.14,1,0.0,27,734.78,0.0,0.05,0.0,0.0,Aug,2,2,1,2,Returning_Visitor,True,False
1,87.3,0,43.17,35,735.84,0.04,0.07,0.0,0.4,May,2,2,1,1,Returning_Visitor,False,False
3,87.09,1,43.21,20,735.29,0.03,0.05,0.0,1.0,May,2,2,1,2,New_Visitor,True,False
1,11.0,3,47.75,25,1925.98,0.03,0.06,0.0,0.0,Dec,2,2,7,2,Returning_Visitor,False,False
3,87.13,0,0.0,41,803.51,0.0,0.05,0.0,0.0,Dec,1,2,1,2,Returning_Visitor,True,False
3,87.26,1,43.19,1,0.0,0.03,0.05,0.0,0.0,Dec,3,2,1,2,New_Visitor,False,False
6,106.0,1,0.0,42,802.1,0.02,0.0,136.94,0.0,Dec,8,13,1,20,Returning_Visitor,False,True
1,87.48,1,0.0,7,115.67,0.0,0.03,0.0,0.0,Mar,3,2,2,2,Returning_Visitor,False,False
3,45.5,1,0.0,2,317.25,0.03,0.07,0.0,0.0,Dec,2,2,1,2,Returning_Visitor,False,False
3,80.6,0,0.0,37,734.74,0.03,0.01,0.0,0.0,Jul,1,1,4,2,Returning_Visitor,False,False
3,87.06,0,43.13,24,950.02,0.01,0.03,0.0,0.0,Oct,2,2,1,2,Returning_Visitor,False,False
3,284.0,0,43.06,33,736.47,0.0,0.01,0.0,0.0,Dec,2,2,7,2,Returning_Visitor,False,False
5,87.54,3,239.2,3,78.5,0.0,0.01,0.0,0.0,Sep,2,2,1,5,New_Visitor,False,False
2,196.6,1,0.0,31,734.23,0.04,0.07,0.0,0.0,Aug,1,2,7,1,Returning_Visitor,True,False
3,0.0,0,43.25,30,735.48,0.01,0.04,0.0,0.0,Jul,1,1,1,2,Returning_Visitor,False,False
1,87.29,1,0.0,15,114.9,0.03,0.03,0.0,0.0,Jul,2,2,1,2,New_Visitor,False,False
0,0.0,1,43.26,4,159.2,0.05,0.05,0.0,0.0,June,3,2,1,13,Returning_Visitor,True,False
3,87.01,1,43.12,16,735.99,0.03,0.05,0.0,0.0,Nov,3,2,6,2,Returning_Visitor,False,False
3,88.24,1,43.3,9,75.05,0.07,0.11,0.0,0.0,Sep,3,2,1,2,Returning_Visitor,False,False
9,196.25,1,43.28,6,735.97,0.0,0.02,0.0,0.0,Dec,4,1,9,2,Returning_Visitor,False,False
3,87.11,1,9.0,18,735.54,0.0,0.01,0.0,0.0,Sep,2,2,8,2,New_Visitor,False,False
3,0.0,0,43.2,1,735.03,0.2,0.2,0.0,0.0,Aug,3,2,2,3,Returning_Visitor,False,False
3,87.37,0,0.0,1,734.36,0.03,0.2,0.0,0.0,Dec,3,2,6,2,Returning_Visitor,False,False
3,87.07,0,0.0,5,1144.0,0.12,0.13,0.0,1.0,May,1,2,4,3,Returning_Visitor,False,False
0,0.0,0,43.17,11,220.5,0.03,0.07,0.0,0.0,Dec,3,2,1,2,Returning_Visitor,False,False
2,386.0,0,45.17,72,799.77,0.02,0.04,0.0,0.0,Nov,2,2,4,2,Returning_Visitor,False,False
0,87.16,0,43.16,40,735.97,0.03,0.03,0.0,0.0,Nov,1,2,1,10,Returning_Visitor,True,False
3,17.0,1,43.23,14,260.2,0.0,0.04,0.0,0.4,May,2,2,3,3,Returning_Visitor,False,False
1,21.25,0,0.0,92,2716.52,0.01,0.04,23.74,0.0,Nov,2,2,1,2,Returning_Visitor,True,False
0,86.91,3,43.17,68,735.74,0.03,0.05,0.0,0.0,Dec,1,2,1,2,Returning_Visitor,False,False
3,87.19,0,43.17,15,736.18,0.02,0.05,0.0,0.0,Mar,2,2,3,1,Returning_Visitor,False,False
0,87.28,0,0.0,10,450.0,0.0,0.01,0.0,0.8,May,3,2,1,2,Returning_Visitor,False,False
3,87.39,1,43.33,33,735.45,0.03,0.04,0.0,0.0,Oct,2,2,3,3,Returning_Visitor,False,False
1,24.5,1,0.0,46,1525.67,0.02,0.01,107.22,0.0,May,2,2,1,2,Returning_Visitor,False,True
6,618.07,1,0.0,50,802.16,0.02,0.0,28.07,0.0,June,2,2,6,11,New_Visitor,False,True
3,87.13,1,93.67,54,735.4,0.03,0.02,0.0,0.0,May,3,3,3,2,Returning_Visitor,False,False
3,0.0,0,0.0,22,801.54,0.0,0.04,14.01,0.0,Oct,2,2,9,2,Returning_Visitor,False,True
0,87.07,0,43.19,6,156.0,0.0,0.05,0.0,0.2,May,2,2,1,2,Returning_Visitor,False,False
0,0.0,1,0.0,15,581.42,0.0,0.05,0.0,0.0,Mar,2,2,1,2,Returning_Visitor,False,False
3,59.2,0,42.69,9,734.28,0.02,0.05,0.0,0.0,Aug,2,2,1,2,Returning_Visitor,False,False
3,0.0,2,6.0,7,162.62,0.0,0.02,0.0,0.0,Nov,2,2,1,2,Returning_Visitor,False,False
0,86.95,0,43.21,9,444.0,0.03,0.04,0.0,0.0,Nov,2,2,1,2,Returning_Visitor,False,False
2,94.0,1,4.0,264,740.79,0.03,0.05,0.0,0.0,Nov,2,2,1,2,Returning_Visitor,False,True
3,54.0,0,0.0,16,487.67,0.0,0.05,0.0,0.0,May,1,1,2,2,Returning_Visitor,False,False
2,27.47,1,245.8,28,524.06,0.02,0.04,20.43,0.0,Oct,2,2,1,1,Returning_Visitor,False,True
4,459.5,4,43.3,94,738.6,0.03,0.05,3.09,0.0,Jul,3,2,1,13,Returning_Visitor,False,False
14,88.19,5,218.65,168,801.55,0.02,0.04,11.72,0.0,Jul,2,2,1,1,Returning_Visitor,False,False
12,397.72,3,431.33,336,788.39,0.02,0.04,1.18,0.0,Nov,2,2,1,11,Returning_Visitor,False,True
13,140.55,1,43.25,149,737.1,0.03,0.05,0.0,0.0,Nov,2,2,1,2,Returning_Visitor,False,False
0,0.0,0,0.0,5,626.0,0.0,0.04,0.0,0.0,May,1,1,1,4,Returning_Visitor,False,False
2,178.3,2,148.1,39,2237.77,0.02,0.01,26.41,0.0,Oct,1,1,1,2,Returning_Visitor,False,False
0,86.81,1,0.0,4,16.0,0.1,0.05,0.0,0.0,Feb,2,5,5,2,Returning_Visitor,False,False
0,0.0,1,45.18,30,4262.97,0.0,0.04,65.3,0.0,Dec,2,2,7,2,Returning_Visitor,True,True
1,149.2,1,45.17,13,272.01,0.0,0.01,82.02,0.0,Oct,1,1,1,20,Returning_Visitor,False,True
0,0.0,1,0.0,1,0.0,0.2,0.2,0.0,0.0,Dec,2,2,3,1,Other,False,False
1,123.0,1,0.0,7,181.5,0.0,0.03,64.73,0.0,Mar,2,2,1,2,New_Visitor,False,True
1,73.0,1,740.0,50,1434.26,0.0,0.02,22.03,0.0,Mar,2,2,3,2,Returning_Visitor,True,False
3,86.96,0,43.26,3,41.0,0.03,0.07,0.0,0.0,Feb,1,2,3,3,Returning_Visitor,False,False
3,202.1,0,0.0,47,3633.95,0.03,0.02,16.15,0.0,Oct,4,2,8,1,Returning_Visitor,False,False
0,86.89,1,0.0,20,735.82,0.03,0.05,0.0,0.0,May,1,2,4,2,Returning_Visitor,False,False
0,0.0,1,43.27,1,0.0,0.2,0.05,0.0,0.0,May,2,2,6,2,Returning_Visitor,False,False
3,64.5,1,0.0,28,736.2,0.01,0.02,0.0,0.0,May,2,2,1,7,Returning_Visitor,True,False
5,100.92,0,0.0,114,800.91,0.02,0.04,5.7,0.0,Nov,2,2,1,2,Returning_Visitor,False,False
3,87.24,1,0.0,4,46.0,0.0,0.05,0.0,0.0,Mar,2,2,1,2,Returning_Visitor,False,False
14,87.1,2,43.18,46,1760.66,0.03,0.05,2.01,0.0,Sep,1,2,6,4,Returning_Visitor,False,False
3,86.91,1,43.25,14,180.5,0.09,0.09,0.0,0.0,May,3,2,1,13,Returning_Visitor,False,False
3,87.39,0,0.0,7,736.12,0.03,0.06,0.0,1.0,May,3,2,3,2,Returning_Visitor,False,False
0,87.05,1,0.0,5,735.42,0.08,0.07,0.0,0.0,May,1,2,1,2,Returning_Visitor,False,False
0,0.0,0,0.0,95,3208.21,0.02,0.04,5.36,0.0,Nov,2,2,1,1,Returning_Visitor,False,True
3,14.0,1,0.0,1,0.0,0.1,0.15,0.0,0.0,Nov,1,2,1,2,Returning_Visitor,False,False
2,87.29,1,0.0,23,736.19,0.0,0.02,0.0,0.0,Dec,2,2,3,6,Returning_Visitor,False,False
3,0.0,1,76.0,35,801.94,0.02,0.01,39.27,0.0,May,2,6,6,2,Returning_Visitor,False,True
3,0.0,0,0.0,18,191.0,0.03,0.05,0.0,0.0,Nov,4,2,3,1,Returning_Visitor,False,False
3,87.13,0,43.21,1,0.0,0.03,0.2,0.0,0.0,Mar,2,2,1,2,Returning_Visitor,False,False
4,45.75,1,43.05,18,1273.08,0.0,0.03,6.75,0.0,Dec,1,1,1,2,Returning_Visitor,False,True
10,318.64,9,991.25,216,729.14,0.03,0.05,1.59,0.0,Nov,2,2,1,2,Returning_Visitor,True,True
0,86.83,1,0.0,10,677.67,0.0,0.02,0.0,0.0,Dec,4,2,3,2,New_Visitor,False,False
5,262.12,1,0.0,117,743.05,0.01,0.05,3.01,0.0,Nov,3,2,1,2,Returning_Visitor,False,False
3,87.41,0,43.19,7,96.12,0.0,0.03,0.0,0.0,Nov,1,2,1,8,Returning_Visitor,False,False
0,87.38,0,0.0,7,735.27,0.0,0.02,0.0,0.0,Dec,3,2,9,2,Returning_Visitor,False,False
12,311.41,0,0.0,96,736.8,0.03,0.03,3.54,0.0,Mar,2,2,1,1,Returning_Visitor,True,False
0,87.32,0,0.0,24,735.75,0.03,0.05,0.0,0.8,May,3,2,2,2,Returning_Visitor,False,False
1,87.46,1,11.0,74,6194.85,0.03,0.05,0.0,0.0,Nov,2,2,1,13,Returning_Visitor,False,False
0,87.03,1,43.17,9,735.33,0.0,0.05,0.0,0.0,Nov,2,2,3,2,Returning_Visitor,False,False
3,87.17,0,43.27,2,0.0,0.2,0.05,0.0,0.0,May,2,2,5,2,Returning_Visitor,False,False
3,87.16,0,0.0,11,370.46,0.03,0.0,0.0,0.0,Dec,3,7,4,2,Returning_Visitor,False,False
3,7.0,1,25.17,21,446.0,0.02,0.03,32.39,0.0,Nov,2,2,1,1,Returning_Visitor,False,False
0,0.0,0,0.0,8,885.0,0.04,0.04,49.73,0.0,Nov,3,2,1,8,Returning_Visitor,False,True
3,87.22,1,43.19,1,0.0,0.2,0.2,0.0,0.0,Dec,1,1,1,2,Returning_Visitor,False,False
3,87.06,0,0.0,64,736.48,0.02,0.05,0.0,0.0,Sep,2,2,1,1,Returning_Visitor,False,False
0,87.16,1,0.0,4,39.25,0.03,0.05,0.0,0.0,Nov,4,2,1,1,Returning_Visitor,False,False
0,0.0,0,0.0,60,737.44,0.01,0.05,0.0,0.0,Nov,2,2,1,2,Returning_Visitor,False,True
3,106.8,0,43.15,20,470.87,0.03,0.05,0.0,0.0,Oct,2,2,1,13,Returning_Visitor,False,False
3,87.53,1,0.0,19,344.35,0.01,0.02,0.0,0.0,Nov,3,2,1,13,Returning_Visitor,False,False
2,87.21,1,43.18,14,553.33,0.0,0.05,0.0,0.0,Nov,2,4,3,2,Returning_Visitor,False,False
3,86.63,1,0.0,10,225.47,0.0,0.05,0.0,0.4,Feb,1,2,8,2,Returning_Visitor,False,False
2,34.0,2,9.0,174,792.92,0.02,0.05,0.0,0.0,Nov,2,2,1,8,Returning_Visitor,False,False
0,0.0,1,43.25,2,24.0,0.0,0.05,0.0,0.0,Mar,3,2,3,3,Returning_Visitor,False,False
6,179.75,2,8.0,64,799.95,0.02,0.04,16.69,0.0,Dec,2,5,1,2,Returning_Visitor,False,False
3,87.02,0,43.17,15,735.35,0.03,0.04,0.0,0.0,Mar,2,2,1,2,Returning_Visitor,False,False
12,1106.39,9,627.46,125,7444.94,0.02,0.04,7.2,0.0,Nov,3,2,1,2,Returning_Visitor,False,True
3,87.26,0,43.2,5,198.0,0.03,0.01,0.0,0.0,May,3,3,4,2,New_Visitor,True,False
0,86.94,0,0.0,37,638.25,0.01,0.05,0.0,0.0,Nov,2,2,1,1,Returning_Visitor,False,True
1,29.5,0,0.0,41,1119.54,0.03,0.05,0.0,0.0,Nov,3,2,1,2,Returning_Visitor,False,False
3,0.0,0,0.0,6,399.0,0.0,0.03,0.0,0.0,May,4,2,4,2,Returning_Visitor,False,False
3,101.29,0,45.27,23,801.52,0.02,0.03,22.3,0.0,May,2,2,6,2,Returning_Visitor,False,False
4,159.0,1,43.14,16,735.7,0.0,0.01,0.0,0.0,Oct,1,2,3,2,Returning_Visitor,False,False
2,49.25,2,43.15,77,735.71,0.03,0.05,43.99,0.0,Nov,4,1,1,2,Returning_Visitor,False,False
3,0.0,1,0.0,10,201.92,0.0,0.05,0.0,0.0,Nov,1,2,1,2,Returning_Visitor,False,False
3,87.21,0,0.0,33,1267.06,0.03,0.04,0.0,0.0,June,2,2,1,3,Returning_Visitor,False,False
3,34.0,1,14.0,89,734.51,0.0,0.05,0.0,0.0,May,1,2,7,3,Returning_Visitor,True,False
5,87.2,1,0.0,36,1420.55,0.03,0.04,0.0,0.0,May,3,2,1,4,Returning_Visitor,False,False
14,345.81,3,195.0,75,797.65,0.01,0.04,4.45,0.0,Nov,2,2,1,2,Returning_Visitor,False,False
3,86.86,1,0.0,3,735.56,0.0,0.07,0.0,0.0,Nov,2,4,1,2,Returning_Visitor,False,False
3,87.55,1,31.0,18,374.38,0.0,0.01,37.7,0.0,May,1,1,1,5,Returning_Visitor,False,False
3,334.5,1,29.0,17,939.08,0.0,0.02,18.22,0.0,Dec,2,2,1,2,Returning_Visitor,False,True
3,0.0,1,43.18,7,736.09,0.03,0.05,0.0,0.0,Nov,3,2,4,13,Returning_Visitor,False,False
3,70.4,1,43.57,82,11257.11,0.03,0.05,0.0,0.0,Nov,2,5,1,2,Returning_Visitor,True,False
3,91.9,0,43.19,6,735.65,0.03,0.0,0.0,0.0,Sep,3,2,1,2,Returning_Visitor,False,False
4,206.25,0,0.0,16,572.65,0.0,0.01,10.18,0.0,Sep,3,2,1,4,Returning_Visitor,True,True
0,87.12,1,0.0,7,162.25,0.07,0.05,0.0,0.0,Dec,2,2,3,2,Returning_Visitor,False,False
3,0.0,1,43.19,7,212.5,0.03,0.05,0.0,0.0,Nov,3,2,1,2,Returning_Visitor,False,False
8,462.0,1,57.0,63,737.0,0.01,0.02,0.0,0.0,May,3,2,1,2,Returning_Visitor,False,False
2,37.0,1,43.17,29,911.5,0.02,0.07,0.0,0.2,May,2,2,1,4,Returning_Visitor,False,False
3,109.8,1,0.0,32,735.15,0.03,0.05,0.0,0.0,Sep,2,2,1,2,Returning_Visitor,False,False
3,128.5,0,0.0,7,796.51,0.02,0.04,0.0,0.0,Nov,3,2,3,2,Returning_Visitor,False,False
1,47.17,1,3.0,42,802.16,0.02,0.02,7.73,0.0,May,2,2,1,4,Returning_Visitor,False,True
0,87.07,1,43.22,2,73.0,0.05,0.15,0.0,0.0,Mar,2,2,1,2,Returning_Visitor,False,False
3,0.0,0,0.0,40,1161.9,0.05,0.08,0.0,0.0,Sep,1,8,1,1,Returning_Visitor,False,False
0,0.0,0,43.17,16,230.57,0.0,0.02,0.0,0.0,Aug,2,2,3,2,Returning_Visitor,False,False
5,140.6,1,44.86,81,805.42,0.02,0.01,23.08,0.0,Oct,2,4,1,2,Returning_Visitor,False,True
17,698.13,1,9.0,83,4306.61,0.0,0.04,0.0,0.0,Oct,7,1,1,1,Returning_Visitor,True,True
3,87.18,0,0.0,26,736.38,0.03,0.01,0.0,0.0,Aug,3,2,6,2,Returning_Visitor,False,False
0,0.0,0,43.33,13,277.0,0.0,0.05,0.0,0.0,Nov,4,2,1,8,Returning_Visitor,False,False
8,274.5,0,43.18,24,515.58,0.03,0.05,0.0,0.0,Mar,3,2,1,2,Returning_Visitor,False,False
3,0.0,0,0.0,1,734.81,0.2,0.2,0.0,0.0,May,3,2,1,3,Returning_Visitor,False,False
0,87.04,0,0.0,25,1978.7,0.03,0.05,0.0,0.0,Aug,2,2,1,3,Returning_Visitor,False,False
0,87.1,0,43.24,20,680.0,0.03,0.05,0.0,0.6,May,2,6,1,3,Returning_Visitor,False,False
3,15.0,0,0.0,3,21.0,0.0,0.05,0.0,0.0,Mar,3,2,4,2,Returning_Visitor,False,False
0,0.0,0,43.26,4,121.5,0.0,0.05,0.0,0.0,Nov,1,1,1,2,Returning_Visitor,False,False
2,46.4,0,43.14,8,349.0,0.02,0.08,0.0,0.0,Aug,4,1,1,2,Returning_Visitor,False,False
3,157.5,1,23.0,42,3503.02,0.01,0.02,21.76,0.0,May,2,2,1,2,Returning_Visitor,False,False
14,87.43,1,40.5,12,736.21,0.0,0.05,0.0,0.0,Dec,1,1,1,2,Returning_Visitor,False,False
0,87.21,0,43.18,1,0.0,0.2,0.2,0.0,0.0,May,1,2,1,6,Returning_Visitor,False,False
3,87.21,0,0.0,14,404.34,0.0,0.03,0.0,0.0,Dec,1,2,1,20,Returning_Visitor,False,False
3,0.0,1,0.0,15,801.94,0.0,0.04,14.55,0.0,May,2,2,1,2,Returning_Visitor,False,True
2,88.31,0,42.97,46,735.33,0.01,0.04,6.01,0.0,Sep,2,4,1,2,Returning_Visitor,False,False
5,87.29,1,0.0,9,735.47,0.0,0.02,0.0,0.0,Dec,1,2,1,8,New_Visitor,False,False
0,0.0,1,43.15,8,735.98,0.0,0.03,0.0,0.0,May,2,2,1,1,Returning_Visitor,True,False
3,25.7,1,45.21,6,143.3,0.0,0.03,38.27,0.0,Jul,2,5,1,4,Returning_Visitor,False,True
3,87.38,0,43.21,19,735.68,0.01,0.05,0.0,0.0,May,1,2,1,3,Returning_Visitor,False,False
3,44.3,1,0.0,17,468.85,0.01,0.05,64.29,0.0,Aug,1,2,1,2,Returning_Visitor,False,True
16,381.67,3,199.4,86,801.01,0.02,0.04,3.89,0.0,Jul,3,2,1,2,Returning_Visitor,False,True
0,0.0,1,0.0,7,289.5,0.0,0.01,0.0,0.0,Mar,1,1,1,1,Returning_Visitor,True,False
4,169.2,0,0.0,14,315.47,0.02,0.01,34.75,0.0,Jul,2,2,1,2,Returning_Visitor,False,True
3,32.5,0,0.0,3,39.0,0.03,0.03,0.0,0.0,Dec,1,2,1,2,Returning_Visitor,False,False
0,0.0,1,45.25,22,801.24,0.01,0.03,14.64,0.0,Nov,1,2,1,3,Returning_Visitor,True,True
0,0.0,0,43.16,53,661.45,0.03,0.01,0.0,0.0,Nov,3,2,1,11,Returning_Visitor,True,False
3,44.5,1,43.35,8,568.25,0.02,0.05,26.45,0.0,Nov,1,1,2,7,Returning_Visitor,False,False
3,87.28,1,0.0,12,797.84,0.03,0.02,0.0,0.0,Aug,2,2,3,2,Returning_Visitor,False,False
0,87.26,0,43.23,4,0.0,0.03,0.05,0.0,0.0,June,2,2,3,3,Returning_Visitor,False,False
3,0.0,0,0.0,6,801.34,0.04,0.04,0.0,0.0,Nov,3,2,1,11,New_Visitor,False,False
3,0.0,0,0.0,27,735.85,0.01,0.01,0.0,0.0,Nov,4,2,1,2,New_Visitor,False,False
3,87.15,1,0.0,11,822.0,0.05,0.06,0.0,0.4,May,2,2,1,4,Returning_Visitor,False,False
3,87.06,0,43.2,42,735.45,0.02,0.05,0.0,0.2,May,2,2,1,1,Returning_Visitor,False,False
3,0.0,1,0.0,32,905.1,0.02,0.0,83.81,0.0,Oct,2,2,1,2,Returning_Visitor,False,True
1,56.4,1,7.0,72,2163.57,0.02,0.03,4.29,0.0,June,2,2,1,13,Returning_Visitor,False,False
0,0.0,0,0.0,56,1294.64,0.03,0.03,0.0,0.0,Aug,1,1,3,2,Returning_Visitor,False,False
0,0.0,1,45.21,10,208.0,0.02,0.02,125.96,0.0,Dec,2,2,1,2,Returning_Visitor,False,True
3,25.57,1,0.0,15,735.34,0.01,0.07,0.0,0.0,May,4,2,1,2,Returning_Visitor,False,False
0,0.0,1,45.24,8,376.33,0.0,0.03,53.99,0.0,May,2,2,1,4,Returning_Visitor,False,True
1,14.0,1,43.18,46,735.89,0.0,0.01,0.0,0.0,Mar,4,2,1,1,Returning_Visitor,False,False
0,0.0,1,0.0,57,820.36,0.03,0.06,0.0,0.0,June,3,2,1,13,Returning_Visitor,False,False
3,87.41,0,0.0,19,723.48,0.03,0.02,17.69,0.0,Jul,2,2,2,2,Returning_Visitor,False,False
3,42.0,1,47.0,36,1994.5,0.01,0.03,0.0,0.0,May,2,2,1,4,Returning_Visitor,False,False
3,14.5,0,0.0,24,1277.84,0.03,0.02,0.0,0.0,Nov,3,2,1,2,New_Visitor,True,False
0,86.96,1,43.2,6,83.0,0.03,0.1,0.0,0.6,May,2,2,1,6,Returning_Visitor,False,False
3,101.12,1,45.06,19,976.34,0.0,0.01,23.62,0.0,May,1,2,1,2,Returning_Visitor,True,True
3,0.0,0,0.0,2,203.0,0.0,0.05,0.0,0.0,May,2,2,1,2,Returning_Visitor,False,False
1,87.08,0,0.0,26,242.11,0.0,0.05,0.0,0.0,June,4,2,1,1,Returning_Visitor,False,False
3,0.0,0,0.0,7,735.8,0.01,0.03,0.0,0.0,Dec,1,1,3,2,Returning_Visitor,False,False
0,0.0,1,0.0,1,735.04,0.2,0.2,0.0,0.0,Mar,2,2,4,2,Returning_Visitor,False,False
6,87.46,1,51.5,39,735.33,0.01,0.05,0.0,0.0,Dec,1,2,1,2,Returning_Visitor,False,False
3,0.0,0,0.0,1,734.71,0.2,0.05,0.0,0.6,May,1,1,7,3,New_Visitor,False,False
3,0.0,1,0.0,16,801.28,0.0,0.04,24.74,0.0,May,2,2,1,2,New_Visitor,False,True
0,101.01,3,96.5,76,1966.09,0.02,0.04,0.0,0.0,Dec,3,2,1,2,Returning_Visitor,False,True
3,0.0,1,43.28,6,671.67,0.03,0.02,0.0,0.0,May,2,4,3,2,Returning_Visitor,False,False
3,55.75,0,0.0,19,685.95,0.02,0.04,7.14,0.0,Mar,3,2,7,2,Returning_Visitor,True,True
7,150.5,0,44.47,28,549.08,0.0,0.04,2.66,0.0,May,1,1,1,2,Returning_Visitor,False,True
1,7.0,0,0.0,29,735.67,0.0,0.01,0.0,0.0,Mar,4,2,1,2,New_Visitor,True,False
3,9.0,0,0.0,10,219.5,0.03,0.03,0.0,0.0,Dec,2,2,1,2,Returning_Visitor,False,False
9,101.36,0,0.0,114,801.0,0.02,0.04,32.57,0.0,Nov,2,4,1,2,Returning_Visitor,False,True
3,19.0,1,43.2,29,735.61,0.0,0.05,0.0,0.8,May,3,2,3,2,Returning_Visitor,False,False
3,0.0,0,0.0,11,399.67,0.05,0.07,0.0,0.8,May,2,2,1,2,Returning_Visitor,False,False
0,0.0,0,0.0,21,677.0,0.0,0.05,0.0,0.0,Dec,2,2,1,2,Returning_Visitor,False,False
4,87.34,1,170.58,5,124.96,0.0,0.01,0.0,0.0,Nov,2,4,7,2,Returning_Visitor,False,False
0,87.01,0,0.0,5,99.67,0.03,0.04,0.0,0.6,May,2,2,1,4,Returning_Visitor,False,False
3,0.0,0,43.21,6,735.93,0.03,0.05,0.0,0.0,May,1,1,1,2,Returning_Visitor,False,False
13,110.76,1,45.24,34,858.95,0.0,0.01,17.79,0.0,Nov,2,2,5,2,Returning_Visitor,False,False
0,0.0,0,0.0,24,735.84,0.03,0.05,0.0,0.0,Nov,1,1,1,2,Returning_Visitor,False,False
3,64.5,1,0.0,32,1443.64,0.0,0.01,111.26,0.0,Nov,2,2,1,2,Returning_Visitor,False,True
4,133.58,2,64.0,67,1222.47,0.02,0.04,6.09,0.0,May,3,2,1,2,Returning_Visitor,False,True
3,0.0,0,43.29,3,735.13,0.0,0.07,0.0,0.0,May,1,8,6,2,Returning_Visitor,True,False
3,42.0,1,54.0,10,735.37,0.03,0.01,0.0,0.0,Mar,2,2,8,2,Returning_Visitor,False,False
9,357.25,1,115.0,45,2889.25,0.0,0.01,54.98,0.0,May,2,2,1,4,Returning_Visitor,False,True
3,86.79,0,0.0,17,736.59,0.08,0.11,0.0,0.6,May,2,2,1,6,Returning_Visitor,False,False
3,72.04,1,206.6,24,734.82,0.03,0.02,15.71,0.0,Aug,2,2,1,2,Returning_Visitor,False,True
3,87.13,1,43.19,4,132.5,0.03,0.18,0.0,0.0,Nov,3,2,1,2,Returning_Visitor,False,False
3,0.0,0,43.28,1,1195.8,0.03,0.0,0.0,0.0,Aug,2,2,1,2,Returning_Visitor,False,False
0,0.0,1,43.16,16,2156.0,0.02,0.04,0.0,0.0,Mar,2,2,3,2,Returning_Visitor,False,False
0,87.35,1,43.26,1,0.0,0.2,0.2,0.0,0.6,May,1,1,2,2,Returning_Visitor,False,False
3,18.2,1,0.0,0,0.0,0.0,0.07,0.0,0.0,Oct,2,2,1,5,New_Visitor,False,False
3,87.1,1,29.0,9,735.94,0.0,0.05,0.0,0.0,Mar,2,2,1,2,Returning_Visitor,False,False
2,79.6,1,332.08,34,805.42,0.02,0.04,5.13,0.0,Oct,2,2,1,2,Returning_Visitor,False,True
3,87.27,0,0.0,12,183.62,0.02,0.03,0.0,0.0,Nov,3,2,1,2,Returning_Visitor,False,False
3,101.53,3,17.0,1,10.0,0.0,0.04,0.0,0.0,Nov,1,1,1,2,New_Visitor,False,True
3,87.54,0,0.0,17,735.24,0.03,0.05,0.0,0.0,Jul,3,2,1,2,Returning_Visitor,False,False
3,87.35,0,43.31,5,735.37,0.0,0.06,0.0,0.0,Nov,1,2,1,2,Returning_Visitor,False,False
3,87.41,1,43.23,5,161.5,0.03,0.02,0.0,0.0,May,3,2,4,2,Returning_Visitor,False,False
0,101.04,0,0.0,171,798.51,0.02,0.04,2.38,0.0,Nov,2,2,1,1,Returning_Visitor,False,True
3,87.1,0,43.22,3,734.93,0.0,0.07,0.0,0.0,June,1,1,3,2,Returning_Visitor,False,False
5,110.0,6,1188.5,230,800.11,0.02,0.04,3.36,0.0,Nov,2,2,1,2,Returning_Visitor,False,False
3,90.52,1,0.0,11,791.41,0.0,0.01,0.0,0.0,Nov,3,2,2,2,Returning_Visitor,False,False
4,28.0,3,37.83,378,797.36,0.02,0.04,0.0,0.0,Nov,2,2,1,2,Returning_Visitor,False,False
7,251.75,0,43.14,5,50.0,0.03,0.05,0.0,0.0,Dec,1,1,3,2,Returning_Visitor,False,False
5,50.67,0,0.0,85,3731.08,0.01,0.04,0.0,1.0,May,2,2,1,6,Returning_Visitor,True,False
3,100.91,1,0.0,2,797.89,0.03,0.04,0.0,0.0,Nov,6,2,3,8,Returning_Visitor,False,False
0,87.05,0,0.0,66,736.04,0.03,0.05,0.0,0.8,May,2,2,2,6,Returning_Visitor,False,False
0,87.4,1,43.22,2,54.5,0.1,0.05,0.0,0.0,May,3,2,1,6,Returning_Visitor,False,False
1,43.0,1,0.0,3,65.0,0.0,0.05,0.0,0.6,May,2,2,1,4,Returning_Visitor,False,False
3,0.0,1,0.0,7,340.5,0.0,0.03,0.0,0.0,Nov,2,4,4,2,Returning_Visitor,True,False
1,87.5,1,43.23,14,516.5,0.03,0.04,18.72,0.0,Dec,2,2,1,1,Returning_Visitor,False,False
3,0.0,0,43.2,38,736.06,0.03,0.05,0.0,0.0,Nov,2,2,1,3,Returning_Visitor,False,False
3,87.25,0,0.0,3,0.0,0.2,0.2,0.0,0.0,Mar,1,2,3,2,Returning_Visitor,False,False
3,0.0,0,0.0,1,734.52,0.2,0.2,0.0,0.0,Mar,3,2,3,2,Returning_Visitor,False,False
0,88.34,2,43.67,22,741.52,0.03,0.05,0.0,0.0,Nov,2,2,1,2,Returning_Visitor,False,False
3,87.28,1,0.0,4,735.41,0.02,0.04,0.0,1.0,May,3,2,6,2,Returning_Visitor,False,False
3,86.94,0,0.0,8,133.0,0.0,0.05,0.0,0.0,May,1,1,1,2,Returning_Visitor,False,False
3,0.0,0,0.0,1,734.79,0.2,0.2,0.0,0.0,Feb,1,1,3,2,Returning_Visitor,False,False
3,104.5,4,43.24,13,735.44,0.03,0.03,0.0,0.0,May,3,2,1,2,Returning_Visitor,False,False
3,100.69,1,44.93,4,43.75,0.02,0.02,0.0,0.0,Nov,1,2,1,2,Returning_Visitor,False,False
3,87.14,0,43.18,1,0.0,0.2,0.2,0.0,0.0,Dec,1,1,4,2,Returning_Visitor,False,False
9,88.81,1,0.0,6,64.21,0.0,0.02,0.0,0.0,Nov,3,2,3,10,Returning_Visitor,False,False
2,87.35,1,0.0,61,3374.92,0.03,0.02,0.0,0.0,May,2,2,1,2,Returning_Visitor,False,False
0,87.21,1,0.0,2,25.5,0.0,0.1,0.0,0.0,Dec,1,2,1,3,Returning_Visitor,False,False
0,0.0,0,0.0,79,736.14,0.03,0.03,0.0,0.0,Dec,2,2,1,1,Returning_Visitor,False,False
3,35.0,1,43.17,16,352.0,0.03,0.01,0.0,0.0,Mar,2,2,2,1,Returning_Visitor,False,False
3,103.6,1,43.19,39,735.97,0.03,0.09,0.0,0.0,Aug,1,2,1,3,Returning_Visitor,False,False
3,452.5,1,0.0,30,735.53,0.03,0.05,0.0,0.0,Oct,1,1,9,2,Returning_Visitor,False,False
4,87.27,1,43.24,3,24.0,0.0,0.04,0.0,0.0,May,1,2,3,2,New_Visitor,False,False
0,86.97,0,43.21,9,735.97,0.03,0.05,0.0,0.0,Mar,2,2,1,2,Returning_Visitor,False,False
4,54.5,1,45.11,3,21.0,0.0,0.03,0.0,0.0,Nov,1,1,2,2,Returning_Visitor,False,False
0,87.27,1,0.0,131,743.16,0.03,0.03,0.0,0.0,Dec,3,2,1,2,Returning_Visitor,False,False
3,86.91,0,43.17,5,178.83,0.0,0.04,0.0,0.0,Nov,2,2,7,2,Returning_Visitor,False,False
4,87.02,0,0.0,13,631.07,0.01,0.05,0.0,0.0,Nov,2,12,7,2,Returning_Visitor,False,False
0,87.25,1,0.0,28,735.97,0.02,0.05,0.0,0.6,May,3,2,1,2,Returning_Visitor,False,False
5,173.97,0,42.72,17,930.37,0.03,0.02,0.0,0.0,Aug,2,2,1,2,Returning_Visitor,False,False
0,0.0,0,0.0,2,74.0,0.1,0.15,0.0,0.0,Mar,3,2,1,2,Returning_Visitor,False,False
3,87.46,1,43.21,35,2518.27,0.01,0.01,0.0,0.0,Jul,2,2,2,2,New_Visitor,False,False
3,0.0,1,0.0,3,76.5,0.04,0.05,0.0,0.0,May,1,1,1,5,Returning_Visitor,False,False
3,87.41,0,0.0,40,1209.8,0.03,0.05,0.0,0.0,Mar,1,2,2,2,Returning_Visitor,False,False
3,87.09,0,43.23,19,1007.9,0.03,0.01,0.0,0.0,May,1,2,3,4,New_Visitor,False,False
3,87.02,0,0.0,16,246.39,0.04,0.08,0.0,0.0,Oct,3,2,1,4,Returning_Visitor,False,False
0,0.0,0,43.15,49,738.32,0.01,0.05,0.0,0.0,Nov,2,2,8,1,Returning_Visitor,False,False
0,87.19,1,0.0,2,63.5,0.03,0.1,0.0,0.0,Nov,1,1,1,2,Returning_Visitor,False,False
8,46.88,3,10.0,111,800.49,0.02,0.04,10.22,0.0,Nov,2,2,1,11,Returning_Visitor,False,True
0,87.17,0,43.2,2,734.89,0.03,0.2,0.0,0.0,Nov,3,2,1,2,Returning_Visitor,False,False
3,87.29,1,13.83,65,736.53,0.03,0.04,0.0,0.0,Dec,3,2,1,13,Returning_Visitor,True,False
0,0.0,1,43.19,3,12.0,0.0,0.07,0.0,0.0,Mar,2,2,1,2,Returning_Visitor,False,False
3,87.2,1,43.22,2,734.56,0.0,0.1,0.0,0.0,Dec,3,2,1,11,Returning_Visitor,False,False
3,87.25,1,43.27,11,314.25,0.03,0.0,0.0,0.0,May,2,2,1,2,New_Visitor,True,False
0,86.97,1,0.0,56,735.44,0.03,0.05,0.0,0.0,Nov,2,2,1,2,Returning_Visitor,False,True
3,341.6,1,0.0,7,177.9,0.03,0.06,0.0,0.0,Aug,3,2,1,1,Returning_Visitor,False,False
3,89.33,1,0.0,22,735.2,0.0,0.02,0.0,0.0,Sep,3,2,1,2,Returning_Visitor,True,False
3,47.2,1,43.24,2,12.0,0.0,0.05,0.0,0.0,Sep,2,2,1,2,New_Visitor,False,False
15,1011.36,1,171.5,54,761.0,0.0,0.01,37.42,0.0,Mar,3,2,1,2,Returning_Visitor,True,False
1,49.4,1,43.18,18,213.17,0.03,0.05,0.0,0.0,Oct,2,2,1,2,New_Visitor,False,False
3,0.0,0,45.23,9,553.0,0.0,0.03,53.99,0.0,May,1,1,1,4,Returning_Visitor,False,True
0,86.94,1,0.0,26,653.4,0.04,0.05,0.0,0.0,Jul,2,2,1,2,Returning_Visitor,False,False
1,8.0,2,43.23,31,1126.25,0.0,0.02,0.0,0.0,Nov,4,2,1,2,Returning_Visitor,False,False
6,615.25,0,0.0,68,2524.72,0.03,0.0,0.0,0.0,Mar,1,2,1,2,Returning_Visitor,False,False
0,87.19,0,43.22,1,0.0,0.2,0.2,0.0,0.0,Nov,2,2,3,2,Returning_Visitor,False,False
1,149.5,1,0.0,32,740.2,0.04,0.05,7.64,0.2,May,2,2,1,2,Returning_Visitor,False,False
6,87.26,1,33.5,60,2719.65,0.01,0.01,0.0,0.0,Dec,1,2,1,2,Returning_Visitor,False,False
5,87.73,1,0.0,70,736.05,0.03,0.05,0.0,0.0,Aug,2,4,1,5,New_Visitor,True,True
0,0.0,0,43.18,3,734.61,0.03,0.03,0.0,0.0,Dec,1,1,9,2,Returning_Visitor,False,False
3,0.0,0,43.2,2,44.0,0.03,0.1,0.0,0.0,May,1,2,8,1,Returning_Visitor,False,False
3,87.52,1,0.0,0,0.0,0.0,0.05,0.0,0.0,Mar,3,2,1,2,Returning_Visitor,True,False
3,0.0,0,0.0,37,1530.01,0.0,0.05,0.0,0.0,Oct,2,2,1,2,Returning_Visitor,True,False
8,139.2,0,0.0,49,801.08,0.0,0.01,12.57,0.0,Nov,2,6,1,2,Returning_Visitor,False,False
1,101.4,1,45.17,61,802.45,0.0,0.04,2.04,0.0,Aug,2,2,1,2,Returning_Visitor,False,False
0,87.02,0,43.18,5,735.9,0.0,0.04,0.0,0.0,Dec,1,2,4,2,Returning_Visitor,False,False
7,134.75,1,0.0,43,736.87,0.03,0.05,24.9,0.2,May,1,2,1,2,Returning_Visitor,False,False
3,87.31,0,43.15,6,156.0,0.0,0.04,0.0,0.0,Mar,1,1,1,2,Returning_Visitor,False,False
3,87.42,0,43.15,26,812.1,0.03,0.04,0.0,0.0,Nov,1,2,3,2,Returning_Visitor,False,False
6,143.5,2,43.26,67,734.8,0.01,0.03,0.0,0.0,Nov,1,2,1,2,Returning_Visitor,True,False
3,87.53,1,0.0,7,897.8,0.03,0.06,0.0,0.0,Aug,2,2,1,2,Returning_Visitor,False,False
0,87.46,0,43.16,15,736.23,0.03,0.05,0.0,0.0,Mar,3,2,1,2,Returning_Visitor,False,False
1,87.2,0,0.0,7,110.75,0.03,0.03,0.0,0.0,May,3,2,1,4,Returning_Visitor,True,False
3,0.0,0,43.16,9,735.7,0.03,0.05,0.0,0.0,Dec,1,2,1,2,Returning_Visitor,False,False
9,216.23,1,140.5,310,735.19,0.03,0.05,0.88,0.0,Sep,2,2,1,2,Returning_Visitor,True,False
0,0.0,0,0.0,30,2759.83,0.03,0.05,0.0,0.0,May,2,2,6,2,Returning_Visitor,False,False
9,124.12,0,0.0,35,1988.66,0.03,0.03,0.0,0.0,Mar,2,2,1,2,Returning_Visitor,False,False
2,338.0,0,45.06,17,802.56,0.01,0.04,19.24,0.8,May,3,2,2,2,Returning_Visitor,False,True
0,87.39,0,0.0,2,64.4,0.0,0.05,0.0,0.0,Aug,3,2,6,20,Returning_Visitor,False,False
2,154.6,2,43.26,20,735.01,0.03,0.01,0.0,0.0,Sep,3,2,2,2,New_Visitor,False,False
3,0.0,1,43.21,2,34.5,0.0,0.1,0.0,0.0,Nov,2,2,1,2,Returning_Visitor,False,False
0,0.0,1,43.19,26,735.78,0.0,0.03,0.0,0.0,May,2,7,1,2,Returning_Visitor,False,False
3,109.2,1,43.23,31,735.25,0.01,0.01,0.0,0.0,Oct,1,2,1,3,Returning_Visitor,False,False
3,86.99,1,38.0,10,311.0,0.02,0.04,0.0,0.0,May,2,2,1,4,Returning_Visitor,False,False
4,101.43,0,45.2,59,801.05,0.02,0.02,3.08,0.8,May,3,2,1,3,Returning_Visitor,False,False
0,87.31,0,43.21,26,694.3,0.03,0.04,0.0,0.0,Mar,3,2,2,3,Returning_Visitor,True,False
2,105.0,0,0.0,16,305.43,0.0,0.05,0.0,0.2,May,1,8,3,2,Returning_Visitor,False,False
3,87.15,0,0.0,12,736.25,0.01,0.03,0.0,0.0,Nov,2,2,7,2,Returning_Visitor,False,False
3,11.5,1,94.0,98,735.37,0.03,0.03,0.0,0.0,Nov,3,2,1,10,Returning_Visitor,True,False
1,26.2,1,43.19,32,734.06,0.0,0.02,19.97,0.0,Sep,2,2,1,4,Returning_Visitor,False,True
3,87.27,0,0.0,1,0.0,0.2,0.05,0.0,0.0,May,1,2,7,2,Returning_Visitor,False,False
0,86.86,0,43.25,16,200.0,0.03,0.07,0.0,0.8,May,2,2,1,2,Returning_Visitor,False,False
3,0.0,0,43.17,20,436.1,0.04,0.07,0.0,0.0,June,1,2,1,3,Returning_Visitor,False,False
0,87.37,0,0.0,5,734.92,0.04,0.08,0.0,0.0,May,2,2,2,13,Returning_Visitor,False,False
0,0.0,0,0.0,179,737.69,0.03,0.05,0.0,0.0,May,2,2,1,4,Returning_Visitor,True,False
3,87.31,1,43.22,1,734.52,0.2,0.2,0.0,0.0,May,3,2,1,1,Returning_Visitor,False,False
3,87.33,1,0.0,2,12.0,0.17,0.17,0.0,0.0,Nov,1,1,1,10,Returning_Visitor,False,False
2,292.2,0,0.0,19,803.62,0.02,0.02,18.85,0.0,Oct,3,2,1,2,Returning_Visitor,False,True
3,0.0,0,0.0,3,0.0,0.2,0.05,0.0,0.6,May,2,2,1,2,Returning_Visitor,False,False
0,86.83,1,0.0,14,198.52,0.0,0.05,0.0,0.0,Mar,1,1,9,2,Returning_Visitor,False,False
3,87.12,0,0.0,54,2008.81,0.03,0.05,0.0,0.0,May,3,2,1,13,Returning_Visitor,False,False
1,10.5,3,264.75,195,735.52,0.03,0.05,0.0,0.0,Dec,2,2,1,2,Returning_Visitor,False,False
3,0.0,0,43.12,53,1618.2,0.02,0.05,0.0,0.0,Oct,1,8,1,1,Returning_Visitor,False,False
0,0.0,1,0.0,35,736.56,0.03,0.04,0.0,0.0,May,2,2,1,2,Returning_Visitor,False,False
4,87.46,0,0.0,10,182.17,0.0,0.02,0.0,0.4,May,3,2,1,2,Returning_Visitor,False,False
3,370.27,12,689.83,96,2964.59,0.02,0.04,3.36,0.0,May,1,2,1,1,Returning_Visitor,False,True
3,221.5,4,172.0,28,735.26,0.03,0.01,0.0,0.0,Mar,2,2,3,2,Returning_Visitor,False,False
11,227.23,1,43.19,44,735.87,0.01,0.05,0.0,0.0,Nov,2,2,3,2,Returning_Visitor,True,False
3,0.0,1,43.31,13,736.05,0.09,0.05,0.0,0.8,May,3,2,1,13,Returning_Visitor,False,False
2,87.3,1,0.0,15,168.85,0.0,0.01,0.0,0.4,Feb,1,2,1,2,Returning_Visitor,False,False
0,87.5,0,43.31,2,0.0,0.2,0.2,0.0,0.0,Nov,1,1,1,8,New_Visitor,False,False
3,15.0,1,0.0,11,246.0,0.02,0.05,0.0,0.0,Mar,2,2,1,2,Returning_Visitor,False,False
0,0.0,0,0.0,5,1306.0,0.03,0.12,0.0,0.0,Mar,2,2,1,13,Returning_Visitor,False,False
3,0.0,0,43.17,7,262.38,0.01,0.05,0.0,0.0,May,1,2,1,2,Returning_Visitor,False,False
0,0.0,0,43.27,17,736.3,0.0,0.04,0.0,0.0,May,2,2,4,2,Returning_Visitor,False,False
2,90.0,1,0.0,19,921.6,0.02,0.04,55.47,0.0,Nov,3,2,3,2,Returning_Visitor,False,True
8,102.0,1,44.87,83,800.33,0.02,0.0,82.12,0.0,May,4,1,1,4,Returning_Visitor,False,True
8,321.6,1,43.15,30,1151.2,0.0,0.01,0.0,0.0,May,2,2,1,2,Returning_Visitor,False,False
0,0.0,0,43.25,7,225.0,0.03,0.05,0.0,0.0,Mar,4,2,1,2,Returning_Visitor,False,False
0,87.04,0,0.0,5,89.87,0.04,0.06,0.0,0.0,Jul,3,2,5,4,Returning_Visitor,True,False
3,87.24,1,43.25,59,735.18,0.03,0.05,0.0,0.0,Aug,3,2,1,4,Returning_Visitor,True,False
3,40.5,0,0.0,20,758.75,0.0,0.04,38.27,0.0,Nov,2,2,8,3,Returning_Visitor,False,True
5,79.0,1,12.0,54,735.49,0.03,0.05,0.0,0.4,May,2,2,1,2,Returning_Visitor,False,False
0,87.28,1,43.24,4,228.5,0.03,0.03,0.0,0.4,May,3,2,6,1,Returning_Visitor,False,False
3,0.0,1,0.0,11,145.0,0.03,0.05,0.0,0.0,Nov,1,2,1,2,Returning_Visitor,False,False
0,0.0,0,43.29,3,735.66,0.07,0.13,0.0,0.0,Dec,2,4,1,2,Returning_Visitor,False,False
6,215.25,1,0.0,29,672.12,0.02,0.01,22.82,0.0,Nov,2,2,1,8,Returning_Visitor,True,True
3,17.0,1,0.0,17,1340.58,0.05,0.07,0.0,0.0,Nov,3,2,1,2,Returning_Visitor,False,True
3,3.0,2,43.29,6,66.83,0.0,0.01,0.0,0.0,Mar,2,2,1,2,New_Visitor,False,False
1,15.0,2,45.27,108,798.71,0.02,0.04,24.8,0.0,Nov,2,2,1,1,Returning_Visitor,False,True
3,0.0,0,43.22,6,157.5,0.0,0.02,0.0,0.0,Nov,2,2,1,13,Returning_Visitor,False,False
2,20.0,0,0.0,21,735.81,0.0,0.02,0.0,0.6,May,4,2,1,2,Returning_Visitor,False,False
11,455.07,1,306.1,41,799.48,0.02,0.01,22.66,0.0,Oct,2,2,1,20,Returning_Visitor,False,False
0,0.0,4,102.0,93,2835.42,0.03,0.05,0.0,0.0,Dec,2,2,4,2,Returning_Visitor,False,False
0,0.0,0,43.18,1,0.0,0.03,0.2,0.0,0.0,May,3,2,2,2,Returning_Visitor,False,False
3,86.2,0,0.0,49,735.3,0.03,0.05,4.38,0.4,May,1,2,1,4,Returning_Visitor,False,False
2,166.92,7,45.26,233,800.01,0.02,0.04,8.92,0.0,Nov,2,2,1,2,Returning_Visitor,False,True
3,87.54,0,0.0,1,0.0,0.2,0.2,0.0,0.0,Mar,3,2,1,1,Returning_Visitor,False,False
3,97.75,1,44.5,7,360.75,0.0,0.03,0.0,0.0,Mar,1,1,1,2,New_Visitor,False,False
12,97.86,0,0.0,98,785.1,0.02,0.05,0.13,0.0,Jul,2,5,1,2,Returning_Visitor,True,False
0,0.0,1,43.14,19,801.58,0.01,0.04,0.0,1.0,May,1,2,1,2,Returning_Visitor,True,False
0,87.15,1,0.0,17,465.67,0.0,0.01,0.0,0.0,May,3,2,1,2,Returning_Visitor,False,False
0,87.01,0,0.0,46,1014.38,0.03,0.05,0.0,0.0,Dec,2,2,1,2,Returning_Visitor,True,False
0,0.0,1,0.0,19,736.39,0.02,0.05,0.0,0.0,Mar,2,2,1,1,Returning_Visitor,False,False
3,284.0,0,42.79,18,2014.42,0.03,0.03,9.96,0.0,Nov,1,2,1,2,Returning_Visitor,True,False
0,87.4,0,43.22,1,734.48,0.03,0.2,0.0,0.0,Dec,3,2,6,2,Returning_Visitor,False,False
15,937.17,3,357.0,109,798.22,0.02,0.04,2.53,0.0,Mar,1,2,1,2,Returning_Visitor,False,False
0,0.0,0,44.93,39,902.65,0.02,0.01,0.0,0.0,Nov,2,2,1,2,New_Visitor,False,False
0,0.0,1,35.5,130,735.96,0.03,0.05,0.0,0.0,Nov,2,2,1,2,Returning_Visitor,True,False
3,95.53,1,44.76,3,7.0,0.05,0.06,0.0,0.0,Nov,3,2,3,2,Returning_Visitor,False,False
6,473.7,1,42.4,47,735.14,0.03,0.02,0.0,0.0,Jul,3,2,8,2,Returning_Visitor,False,False
3,86.93,1,43.21,27,736.14,0.01,0.05,0.0,0.0,Oct,2,2,5,2,Returning_Visitor,False,False
3,86.81,1,43.26,16,735.52,0.02,0.03,0.0,0.4,Feb,1,1,1,2,Returning_Visitor,False,False
3,87.16,1,0.0,36,735.91,0.03,0.01,0.0,0.0,Mar,3,2,1,2,Returning_Visitor,True,False
3,0.0,1,24.5,46,735.37,0.0,0.03,0.0,0.0,Nov,2,2,1,2,Returning_Visitor,True,False
3,0.0,0,0.0,5,108.0,0.0,0.05,0.0,0.0,Dec,2,2,1,2,New_Visitor,False,False
0,87.24,1,0.0,21,580.08,0.01,0.05,0.0,0.0,Nov,2,2,3,2,Returning_Visitor,False,False
3,58.5,0,0.0,28,968.67,0.01,0.02,14.03,0.0,Nov,2,2,1,2,Returning_Visitor,False,True
0,0.0,1,0.0,7,735.81,0.0,0.01,0.0,0.0,Dec,3,2,1,2,New_Visitor,False,False
3,86.96,0,43.17,57,735.98,0.04,0.05,0.0,0.0,Jul,3,2,1,3,Returning_Visitor,False,False
3,0.0,1,0.0,4,213.5,0.0,0.05,0.0,0.0,Dec,2,10,9,1,Returning_Visitor,False,False
0,86.93,1,0.0,10,155.9,0.02,0.04,0.0,0.0,Jul,2,2,6,20,Returning_Visitor,False,False
8,146.6,1,18.2,198,736.39,0.03,0.05,0.0,0.0,Jul,2,2,1,1,Returning_Visitor,False,False
0,87.46,1,43.27,1,0.0,0.2,0.2,0.0,0.0,May,2,2,3,3,Returning_Visitor,False,False
3,163.0,0,0.0,5,25.0,0.02,0.04,0.0,0.0,Oct,2,2,2,2,New_Visitor,True,False
3,0.0,1,43.18,1,0.0,0.2,0.05,0.0,0.0,Nov,1,2,4,2,Returning_Visitor,False,False
3,87.27,0,0.0,1,0.0,0.2,0.2,0.0,0.0,Nov,2,2,1,2,Returning_Visitor,False,False
0,0.0,1,45.27,13,303.4,0.02,0.02,239.98,0.0,May,2,2,1,2,Returning_Visitor,False,True
3,0.0,1,0.0,8,642.0,0.0,0.04,109.12,0.0,Dec,2,2,1,2,Returning_Visitor,False,True
5,93.8,1,45.23,45,2139.7,0.02,0.0,20.28,0.0,Sep,2,4,2,2,Returning_Visitor,False,True
0,87.37,0,43.21,27,735.74,0.01,0.05,0.0,0.0,Dec,3,2,2,2,Returning_Visitor,True,False
3,101.22,1,45.23,2,47.4,0.02,0.07,26.85,0.0,Oct,3,2,7,2,Returning_Visitor,False,True
3,118.8,1,43.15,8,736.19,0.03,0.01,0.0,0.0,Sep,2,2,1,2,New_Visitor,False,False
4,101.38,0,0.0,133,800.51,0.02,0.04,1.79,0.0,May,2,2,1,3,Returning_Visitor,False,False
3,86.98,0,43.25,9,125.0,0.0,0.05,0.0,0.0,Mar,2,2,3,1,Returning_Visitor,False,False
1,131.5,1,19.0,62,1524.96,0.02,0.0,83.97,0.0,Nov,2,2,1,2,Returning_Visitor,False,True
3,0.0,0,0.0,26,736.71,0.01,0.02,0.0,0.0,Dec,2,2,6,2,Returning_Visitor,False,False
3,149.5,1,43.19,6,735.66,0.0,0.05,0.0,0.0,Dec,1,1,1,2,New_Visitor,False,True
7,87.52,2,129.0,57,736.42,0.03,0.02,8.05,0.0,May,2,2,1,2,Returning_Visitor,False,False
0,0.0,1,0.0,6,203.15,0.0,0.05,0.0,0.0,Mar,2,2,7,2,Returning_Visitor,False,False
9,101.75,0,0.0,80,801.84,0.02,0.04,8.07,0.0,May,2,2,2,2,Returning_Visitor,False,True
3,86.28,2,21.0,80,2170.29,0.02,0.02,25.77,0.0,Nov,3,2,1,10,Returning_Visitor,True,True
0,0.0,0,0.0,12,689.75,0.0,0.05,0.0,0.0,May,2,4,3,4,Returning_Visitor,False,False
3,0.0,0,43.17,4,54.0,0.0,0.07,0.0,0.0,Dec,1,2,1,2,Returning_Visitor,False,False
5,548.31,6,448.5,102,736.09,0.03,0.01,0.0,0.0,May,2,2,1,4,Returning_Visitor,True,False
2,88.16,0,0.0,10,734.75,0.02,0.03,0.0,0.0,Dec,2,2,4,2,New_Visitor,False,False
3,18.0,1,43.23,33,504.0,0.03,0.05,0.0,0.0,May,2,4,1,4,Returning_Visitor,False,False
3,101.34,0,45.26,23,864.01,0.0,0.01,13.52,0.0,Nov,2,2,1,2,Returning_Visitor,False,False
1,101.09,1,45.25,6,110.0,0.07,0.1,0.0,0.0,Nov,3,2,1,2,Returning_Visitor,False,True
3,86.95,2,40.0,12,735.5,0.03,0.05,0.0,0.8,May,2,2,7,2,Returning_Visitor,False,False
3,101.37,1,45.28,43,1717.74,0.02,0.04,18.08,0.0,Dec,3,2,1,2,Returning_Visitor,False,True
3,87.09,1,0.0,23,297.12,0.0,0.05,0.0,0.0,Nov,2,2,1,2,Returning_Visitor,False,False
3,101.36,1,45.19,2,20.1,0.0,0.0,40.28,0.0,Sep,2,2,1,2,Returning_Visitor,False,True
3,0.0,0,0.0,2,162.0,0.0,0.05,0.0,0.0,May,2,2,1,2,Returning_Visitor,False,False
3,0.0,1,43.1,69,736.21,0.03,0.01,0.0,0.0,Nov,2,2,1,2,Returning_Visitor,False,False
3,86.9,0,43.22,10,735.64,0.0,0.01,0.0,0.0,Dec,2,2,7,2,New_Visitor,False,False
0,87.27,0,0.0,22,473.5,0.0,0.05,0.0,0.6,May,3,2,3,3,Returning_Visitor,False,False
0,0.0,1,0.0,15,269.4,0.05,0.05,0.0,0.0,Aug,2,2,1,2,Returning_Visitor,False,False
3,0.0,0,43.24,20,736.51,0.03,0.04,0.0,0.0,Aug,3,2,1,13,Returning_Visitor,True,False
0,0.0,1,9.0,48,735.7,0.0,0.03,0.0,0.0,Nov,2,2,1,2,Returning_Visitor,False,True
0,0.0,0,43.26,14,735.84,0.03,0.04,0.0,0.0,Mar,4,2,1,3,Returning_Visitor,False,False
8,192.43,2,53.4,45,1372.88,0.0,0.01,0.0,0.0,Sep,4,2,1,3,New_Visitor,False,False
0,87.29,0,0.0,103,735.75,0.03,0.05,0.0,0.8,May,3,2,1,13,Returning_Visitor,False,False
1,18.2,1,43.23,30,3959.45,0.03,0.05,0.0,0.0,Dec,2,2,1,3,Returning_Visitor,False,False
3,87.69,1,0.0,1,0.0,0.2,0.2,0.0,0.0,Dec,3,2,3,2,Returning_Visitor,False,False
3,0.0,1,45.25,13,555.5,0.02,0.02,47.99,0.0,Nov,4,2,4,2,Returning_Visitor,False,True
5,107.67,10,505.17,281,737.6,0.03,0.05,0.0,0.0,Dec,2,2,1,2,Returning_Visitor,False,False
12,271.3,1,627.75,40,1358.87,0.02,0.02,10.07,0.0,Dec,1,2,1,2,Returning_Visitor,False,False
3,2.0,1,261.0,10,281.0,0.0,0.05,0.0,0.0,Mar,2,2,1,2,Returning_Visitor,False,False
11,286.93,0,0.0,119,735.56,0.03,0.05,0.0,0.0,Dec,2,2,1,1,Returning_Visitor,False,False
3,87.23,0,0.0,8,735.99,0.0,0.03,0.0,0.0,Dec,2,2,1,2,New_Visitor,False,False
3,0.0,1,43.2,31,1189.33,0.03,0.05,0.0,0.0,May,2,2,1,2,Returning_Visitor,False,False
3,89.61,1,43.5,2,689.1,0.0,0.05,0.0,0.0,Aug,1,1,1,5,Returning_Visitor,False,True
3,122.5,0,43.24,66,736.23,0.03,0.05,0.0,0.0,May,2,2,1,4,Returning_Visitor,False,False
5,87.2,1,43.15,22,1654.72,0.03,0.03,31.18,0.0,May,4,2,1,2,Returning_Visitor,False,False
0,87.09,0,0.0,1,0.0,0.2,0.2,0.0,0.0,Dec,2,2,1,2,Returning_Visitor,False,False
3,87.28,0,0.0,1,735.15,0.03,0.2,0.0,0.0,June,1,2,1,3,Returning_Visitor,False,False
1,10.0,1,47.67,34,736.63,0.03,0.05,0.0,0.0,May,2,2,3,6,Returning_Visitor,False,False
0,0.0,0,0.0,2,8.0,0.0,0.1,0.0,0.0,Mar,2,4,1,1,Returning_Visitor,False,False
0,0.0,0,0.0,75,1289.25,0.02,0.04,11.83,0.8,May,2,2,1,4,Returning_Visitor,False,True
3,86.93,0,0.0,7,736.52,0.03,0.04,0.0,0.0,Nov,2,2,1,2,Returning_Visitor,True,False
3,0.0,1,0.0,22,736.27,0.03,0.05,0.0,0.0,Nov,2,2,4,1,Returning_Visitor,False,False
3,87.35,1,0.0,11,735.57,0.01,0.03,0.0,0.0,Dec,2,2,1,2,New_Visitor,False,False
0,87.24,1,0.0,11,234.1,0.0,0.05,0.0,0.0,Dec,3,2,1,2,Returning_Visitor,False,False
1,28.5,1,43.26,79,735.57,0.03,0.01,0.0,0.0,Nov,1,2,1,3,Returning_Visitor,False,False
3,253.1,1,45.21,40,1591.89,0.0,0.01,48.66,0.0,Dec,2,2,1,2,Returning_Visitor,True,True
3,87.25,0,0.0,3,62.0,0.0,0.07,0.0,0.0,Mar,2,2,1,2,Returning_Visitor,False,False
0,0.0,0,43.15,1,735.49,0.03,0.2,0.0,0.0,Oct,1,2,8,1,Returning_Visitor,True,False
3,0.0,1,43.24,9,735.24,0.03,0.07,0.0,0.0,Nov,2,5,7,2,Returning_Visitor,False,False
1,10.0,1,43.25,23,735.92,0.03,0.03,0.0,0.0,Mar,2,2,1,3,Returning_Visitor,False,False
10,163.63,1,294.0,80,799.8,0.0,0.04,19.73,0.0,Nov,2,1,1,2,Returning_Visitor,True,True
3,87.03,0,0.0,9,685.0,0.0,0.05,0.0,0.0,Mar,2,2,1,2,Returning_Visitor,False,False
1,0.0,1,0.0,3,58.6,0.02,0.05,113.32,0.0,Oct,2,2,1,2,Returning_Visitor,False,True
0,87.1,0,43.24,24,735.78,0.01,0.05,0.0,0.4,May,2,2,2,2,Returning_Visitor,False,False
3,87.2,1,0.0,39,1208.33,0.0,0.01,0.0,0.0,Nov,1,2,1,1,Returning_Visitor,False,False
3,87.44,1,7.0,24,1051.29,0.03,0.05,0.0,0.0,Dec,2,13,1,2,Returning_Visitor,False,False
3,88.7,0,0.0,34,620.13,0.05,0.08,0.0,0.0,Oct,3,2,6,13,Returning_Visitor,False,False
0,87.09,0,0.0,7,736.01,0.0,0.01,0.0,0.2,May,1,1,1,2,Returning_Visitor,False,False
3,0.0,0,0.0,7,55.0,0.06,0.11,0.0,0.0,Mar,2,2,1,2,Returning_Visitor,False,False
3,0.0,1,0.0,1,734.52,0.2,0.2,0.0,0.0,May,1,2,1,2,Returning_Visitor,False,False
4,87.19,1,0.0,10,736.51,0.01,0.05,0.0,0.0,June,2,2,2,2,Returning_Visitor,False,False
3,87.24,1,0.0,13,735.46,0.03,0.06,0.0,0.0,Dec,1,2,3,1,Returning_Visitor,True,False
9,269.8,0,0.0,112,2478.62,0.02,0.04,60.43,0.2,May,2,2,1,3,Returning_Visitor,False,True
3,31.0,0,0.0,58,735.75,0.03,0.05,0.0,0.0,Mar,2,2,1,1,Returning_Visitor,False,False
9,250.08,2,30.5,155,799.93,0.0,0.04,10.12,0.0,Nov,2,2,1,3,Returning_Visitor,False,True
3,87.55,0,0.0,30,734.49,0.03,0.05,0.0,0.0,Mar,1,1,2,2,Returning_Visitor,True,False
3,0.0,0,43.31,4,736.2,0.03,0.05,0.0,0.6,May,2,2,1,2,Returning_Visitor,False,False
0,87.18,0,43.24,2,21.2,0.0,0.1,0.0,0.0,June,2,2,5,2,Returning_Visitor,False,False
1,58.5,0,43.18,23,1033.0,0.01,0.04,0.0,0.0,Dec,2,2,1,2,Returning_Visitor,False,False
3,86.98,1,0.0,21,371.0,0.0,0.05,0.0,0.0,Nov,2,2,1,13,Returning_Visitor,False,False
3,430.83,1,262.0,49,801.13,0.02,0.03,9.61,0.6,May,3,2,1,4,Returning_Visitor,False,True
1,17.0,0,43.15,12,321.83,0.02,0.05,0.0,0.4,May,2,2,5,1,Returning_Visitor,False,False
3,67.0,0,43.24,5,734.81,0.0,0.01,0.0,0.0,Oct,3,2,7,2,New_Visitor,False,False
1,14.0,0,0.0,50,736.13,0.03,0.05,0.0,0.0,Nov,3,2,1,2,Returning_Visitor,True,False
0,0.0,1,0.0,9,735.64,0.04,0.1,0.0,0.0,Oct,2,2,3,2,Returning_Visitor,False,False
3,86.94,1,0.0,7,191.0,0.03,0.03,0.0,0.0,May,2,4,1,2,Returning_Visitor,False,False
3,3.0,1,43.24,34,735.38,0.01,0.05,0.0,0.0,Nov,3,2,4,2,Returning_Visitor,False,False
10,87.0,1,0.0,24,304.52,0.03,0.01,0.0,0.0,May,1,2,1,2,Returning_Visitor,False,False
3,87.15,0,0.0,20,735.61,0.03,0.05,0.0,0.0,Oct,3,2,6,1,Returning_Visitor,False,False
3,0.0,1,0.0,1,0.0,0.2,0.05,0.0,0.0,Dec,1,2,4,2,Returning_Visitor,True,False
0,0.0,1,45.21,50,802.45,0.0,0.01,47.84,0.0,Nov,2,10,1,2,Returning_Visitor,False,True
15,275.91,6,606.75,47,1813.86,0.03,0.02,9.42,0.0,May,3,2,1,6,Returning_Visitor,False,False
3,83.8,1,43.35,20,734.4,0.0,0.01,0.0,0.0,Nov,1,1,1,3,Returning_Visitor,False,False
3,0.0,1,43.13,19,736.94,0.0,0.01,0.0,0.0,Dec,2,2,6,3,Returning_Visitor,False,False
3,87.22,1,43.23,2,0.0,0.03,0.2,0.0,0.0,Oct,3,2,1,2,Returning_Visitor,False,False
0,101.26,1,0.0,12,680.5,0.0,0.04,42.42,0.0,Dec,2,2,1,10,Returning_Visitor,False,True
10,101.46,0,0.0,36,2111.34,0.02,0.01,11.44,0.0,Feb,2,6,1,2,Returning_Visitor,False,True
3,0.0,1,0.0,9,639.0,0.0,0.04,81.25,0.0,Mar,1,1,1,2,Returning_Visitor,True,True
0,87.34,0,0.0,8,29.17,0.03,0.05,0.0,0.0,Dec,2,2,1,2,Returning_Visitor,False,False
0,86.93,0,43.23,8,95.0,0.03,0.05,0.0,0.0,Dec,2,2,1,1,Returning_Visitor,False,False
2,42.75,0,0.0,31,2526.48,0.03,0.06,40.18,0.0,Dec,2,4,1,1,Returning_Visitor,False,False
5,81.6,1,43.21,16,308.7,0.01,0.02,0.0,0.0,Sep,2,4,2,2,New_Visitor,False,False
3,36.25,1,10.0,35,2109.92,0.03,0.05,23.87,0.0,Dec,3,2,3,2,Returning_Visitor,False,False
0,87.32,0,0.0,35,735.37,0.0,0.01,0.0,0.0,Dec,3,2,3,1,Returning_Visitor,False,False
0,86.81,0,43.31,4,110.0,0.0,0.05,0.0,0.0,May,2,4,3,1,Returning_Visitor,False,False
3,87.05,0,43.26,1,735.37,0.2,0.05,0.0,0.0,Mar,2,2,1,2,Returning_Visitor,False,False
3,0.0,0,43.15,5,135.75,0.04,0.05,0.0,0.0,Dec,2,2,3,2,Returning_Visitor,False,False
0,87.41,1,0.0,2,205.0,0.03,0.05,0.0,0.0,May,3,2,1,13,Returning_Visitor,False,False
3,86.99,0,43.2,8,735.64,0.0,0.01,0.0,0.0,Feb,2,4,2,3,Returning_Visitor,False,False
3,87.02,1,43.21,22,736.18,0.03,0.01,0.0,0.0,May,2,4,1,1,Returning_Visitor,False,False
0,0.0,0,0.0,27,1166.68,0.03,0.03,0.0,0.0,Nov,3,2,7,2,Returning_Visitor,False,False
3,87.24,1,43.22,1,0.0,0.2,0.2,0.0,0.0,Dec,1,2,3,2,New_Visitor,False,False
0,0.0,1,45.19,7,389.17,0.0,0.04,0.0,0.0,Nov,3,2,3,2,Returning_Visitor,True,True
3,35.5,1,0.0,2,734.64,0.0,0.02,0.0,0.0,Dec,2,2,9,2,New_Visitor,False,False
6,86.82,0,43.14,69,1618.53,0.01,0.05,0.0,0.0,Nov,2,5,1,1,Returning_Visitor,False,False
3,247.33,2,43.34,90,737.17,0.03,0.05,13.46,0.0,Mar,2,2,1,8,Returning_Visitor,False,True
0,87.14,0,0.0,7,39.25,0.03,0.05,0.0,0.0,Mar,2,2,1,2,Returning_Visitor,False,False
3,87.54,0,43.24,3,74.5,0.07,0.05,0.0,0.0,Dec,2,2,2,2,New_Visitor,False,False
3,109.0,1,43.31,1,34.0,0.0,0.01,0.0,0.0,May,3,2,1,2,Returning_Visitor,False,False
3,87.7,0,0.0,12,311.61,0.05,0.05,0.0,0.0,Oct,3,2,2,13,Returning_Visitor,False,False
3,30.5,0,0.0,23,422.73,0.01,0.05,0.0,0.0,May,2,2,1,2,Returning_Visitor,False,False
3,87.24,1,43.24,13,454.5,0.0,0.02,0.0,0.0,May,3,2,1,13,Returning_Visitor,False,False
3,101.21,1,45.16,3,57.75,0.02,0.03,0.0,0.0,Nov,1,1,6,2,Returning_Visitor,False,False
3,87.61,1,0.0,60,735.16,0.03,0.01,0.0,0.0,Mar,3,2,3,1,Returning_Visitor,False,False
3,175.2,0,0.0,60,1635.47,0.03,0.05,0.0,0.0,Nov,2,2,1,3,Returning_Visitor,False,False
0,87.59,0,0.0,1,0.0,0.03,0.2,0.0,0.0,June,3,2,3,2,Returning_Visitor,False,False
0,87.06,0,43.23,6,184.0,0.03,0.05,0.0,0.0,Nov,2,2,4,3,Returning_Visitor,False,False
2,1145.25,1,91.3,46,2756.19,0.03,0.02,0.0,0.0,Nov,3,2,1,2,Returning_Visitor,True,False
3,254.25,3,223.15,221,736.1,0.03,0.05,4.08,0.0,Oct,4,2,1,1,Returning_Visitor,False,True
0,87.24,0,43.16,1,0.0,0.2,0.2,0.0,0.0,Dec,1,1,1,1,Returning_Visitor,True,False
3,87.16,0,43.13,25,735.91,0.03,0.05,0.0,0.0,Dec,3,2,4,13,Returning_Visitor,False,False
1,0.0,0,0.0,8,192.17,0.0,0.05,0.0,0.0,Mar,1,2,1,2,Returning_Visitor,False,False
3,87.09,0,0.0,63,735.98,0.0,0.05,0.0,0.0,May,2,2,1,3,New_Visitor,False,False
8,178.17,1,45.29,52,801.12,0.02,0.04,12.13,0.0,May,4,2,1,2,Returning_Visitor,False,False
6,561.0,0,0.0,29,736.25,0.01,0.02,0.0,0.0,May,3,2,5,13,Returning_Visitor,False,False
0,83.5,0,0.0,37,698.54,0.0,0.05,0.0,0.0,Nov,2,2,1,11,Returning_Visitor,False,False
3,87.01,1,43.11,7,128.0,0.0,0.05,0.0,0.0,Mar,2,2,1,2,Returning_Visitor,False,False
1,0.0,1,43.18,3,321.5,0.05,0.1,0.0,0.0,Mar,3,2,2,1,Returning_Visitor,False,False
8,87.51,0,43.26,16,315.25,0.0,0.05,0.0,0.0,May,3,2,1,2,New_Visitor,False,False
3,101.34,1,45.28,12,663.5,0.0,0.02,10.83,0.0,Mar,3,2,6,8,New_Visitor,False,True
0,0.0,1,0.0,4,734.7,0.1,0.12,0.0,0.0,Mar,3,2,3,2,Returning_Visitor,False,False
3,87.29,1,43.18,0,734.87,0.0,0.1,0.0,0.0,Dec,2,2,1,8,Returning_Visitor,False,False
16,770.6,0,0.0,52,3593.13,0.03,0.02,0.0,0.0,May,1,2,1,2,Returning_Visitor,False,False
1,87.65,0,43.22,8,98.57,0.07,0.1,0.0,0.0,Sep,1,8,3,1,Returning_Visitor,False,False
3,87.29,1,0.0,7,734.39,0.0,0.02,0.0,0.0,Mar,1,2,1,2,Returning_Visitor,False,False
3,0.0,0,0.0,3,734.88,0.0,0.05,0.0,0.0,Nov,1,2,1,2,Returning_Visitor,False,False
2,87.23,1,0.0,8,735.21,0.0,0.05,0.0,0.0,Mar,1,2,1,2,Returning_Visitor,False,False
3,86.81,1,0.0,16,351.75,0.01,0.05,0.0,0.0,May,3,2,1,2,Returning_Visitor,False,False
0,87.24,1,43.21,1,734.63,0.2,0.2,0.0,0.0,Nov,2,10,3,2,Returning_Visitor,False,False
2,27.5,0,43.2,44,736.29,0.0,0.04,0.0,0.0,Dec,2,2,9,3,Returning_Visitor,False,False
3,101.41,1,45.23,14,802.21,0.02,0.0,47.33,0.0,Oct,3,2,1,2,Returning_Visitor,False,True
3,340.59,0,0.0,43,863.35,0.02,0.04,40.01,0.0,Nov,2,2,4,2,Returning_Visitor,False,True
0,87.1,0,0.0,32,1109.08,0.03,0.02,0.0,0.0,Dec,2,2,1,2,Returning_Visitor,True,False
0,86.92,1,43.23,40,4175.75,0.03,0.05,0.0,1.0,May,2,2,1,3,Returning_Visitor,False,False
3,87.12,0,43.18,6,100.0,0.03,0.03,0.0,0.0,Mar,2,2,4,6,Returning_Visitor,False,False
12,171.29,2,55.5,213,736.46,0.03,0.05,0.0,0.0,Nov,2,2,1,1,Returning_Visitor,False,False
3,78.6,0,0.0,2,18.2,0.02,0.02,0.0,0.0,Jul,3,2,3,2,New_Visitor,True,True
3,29.44,1,43.12,4,15.24,0.0,0.04,0.0,0.0,Sep,2,2,8,2,Returning_Visitor,False,True
0,0.0,1,43.2,24,1017.78,0.03,0.05,0.0,0.0,Nov,2,2,9,2,Returning_Visitor,False,False
3,0.0,0,43.18,1,735.52,0.2,0.2,0.0,0.0,Nov,2,2,1,13,Returning_Visitor,False,False
9,87.25,1,0.0,10,558.0,0.01,0.02,0.0,0.0,Nov,2,5,1,2,Returning_Visitor,False,False
1,47.5,0,0.0,123,801.07,0.02,0.04,3.3,0.0,Nov,2,2,1,2,Returning_Visitor,False,False
0,0.0,0,43.23,13,735.3,0.03,0.05,0.0,0.0,May,1,1,3,2,Returning_Visitor,False,False
3,86.99,1,0.0,39,735.4,0.02,0.03,0.0,0.2,May,1,1,1,4,Returning_Visitor,False,False
1,76.0,0,43.17,19,735.04,0.03,0.02,60.34,0.6,May,2,2,1,2,Returning_Visitor,False,True
3,0.0,0,0.0,27,892.97,0.03,0.05,0.0,0.0,Dec,2,2,3,2,Returning_Visitor,False,False
3,87.16,1,43.18,6,262.0,0.0,0.02,0.0,0.0,May,1,1,4,2,Returning_Visitor,True,False
3,0.0,1,43.15,13,736.42,0.03,0.05,0.0,0.0,Dec,2,2,1,13,Returning_Visitor,False,False
3,0.0,0,0.0,39,1858.57,0.02,0.04,0.0,0.0,Nov,2,2,3,2,New_Visitor,False,False
0,87.21,0,43.21,19,923.22,0.0,0.05,0.0,0.0,Aug,1,2,1,2,Returning_Visitor,False,False
0,0.0,0,43.17,44,735.14,0.0,0.01,0.0,0.0,May,2,2,2,2,Returning_Visitor,False,False
1,86.97,1,0.0,9,735.34,0.01,0.05,0.0,0.0,May,1,1,1,4,Returning_Visitor,False,False
1,27.5,1,0.0,114,800.69,0.02,0.0,255.57,0.0,Nov,4,5,1,8,Returning_Visitor,False,True
0,0.0,1,0.0,20,1245.58,0.0,0.01,0.0,0.0,Nov,3,2,1,2,Returning_Visitor,False,False
0,86.94,0,0.0,10,735.86,0.03,0.05,0.0,0.0,May,1,2,2,2,Returning_Visitor,False,False
2,87.75,0,43.22,6,108.92,0.0,0.03,0.0,0.0,Dec,1,2,1,2,New_Visitor,False,False
3,0.0,0,43.13,37,2323.17,0.03,0.05,0.0,0.0,Nov,1,2,1,2,Returning_Visitor,False,False
3,74.0,0,43.2,14,735.88,0.03,0.05,0.0,0.0,May,2,2,3,2,New_Visitor,False,False
3,87.83,1,101.5,53,737.33,0.03,0.05,2.23,0.8,May,3,2,1,4,Returning_Visitor,False,False
3,0.0,0,43.17,7,126.0,0.03,0.06,0.0,0.0,Mar,2,5,2,10,Returning_Visitor,False,False
9,128.57,1,43.2,75,735.64,0.03,0.05,8.57,0.0,May,4,2,6,13,Returning_Visitor,True,False
4,900.5,1,44.99,14,1957.5,0.02,0.01,105.26,0.0,Dec,1,1,3,10,Returning_Visitor,False,True
3,132.92,1,43.24,36,1335.77,0.01,0.03,11.11,0.0,Nov,2,7,2,2,Returning_Visitor,False,False
1,87.03,1,0.0,32,735.38,0.03,0.05,0.0,0.0,Mar,2,2,1,2,Returning_Visitor,True,False
3,87.54,2,120.8,7,733.84,0.0,0.05,0.0,0.0,Nov,3,2,4,2,New_Visitor,False,False
0,86.96,0,43.22,43,703.83,0.03,0.05,0.0,0.0,May,2,4,1,2,Returning_Visitor,False,False
3,0.0,0,0.0,8,800.88,0.02,0.04,0.0,0.0,Nov,2,2,3,2,Returning_Visitor,False,True
3,87.57,0,0.0,1,734.94,0.2,0.05,0.0,0.0,May,3,2,1,3,Returning_Visitor,False,False
3,0.0,0,43.12,6,226.0,0.0,0.04,0.0,0.0,Mar,2,2,1,2,Returning_Visitor,False,False
3,87.02,0,43.13,23,736.24,0.0,0.01,0.0,0.0,Mar,2,2,7,2,New_Visitor,False,False
2,29.5,0,0.0,36,1110.67,0.03,0.04,0.0,0.0,Dec,2,2,9,2,Returning_Visitor,True,False
3,274.33,0,43.21,13,735.69,0.03,0.05,0.0,0.0,Mar,1,2,3,10,New_Visitor,False,False
3,80.5,0,0.0,27,472.5,0.03,0.05,0.0,0.0,Dec,4,2,3,1,Returning_Visitor,False,False
3,87.16,0,0.0,6,551.5,0.03,0.08,0.0,0.0,Nov,3,2,4,2,Returning_Visitor,False,False
0,0.0,1,43.16,5,116.67,0.03,0.05,0.0,0.0,Oct,3,2,1,2,Returning_Visitor,False,False
3,397.5,1,43.22,8,735.3,0.03,0.05,0.0,0.0,May,3,2,1,2,Returning_Visitor,False,False
3,87.47,0,0.0,15,718.8,0.03,0.05,0.0,0.0,Nov,2,2,4,2,New_Visitor,False,False
11,101.34,1,92.3,86,3908.03,0.02,0.04,5.66,0.0,Nov,1,2,7,1,Returning_Visitor,False,False
1,39.0,0,0.0,18,735.68,0.0,0.01,0.0,0.0,May,2,2,1,4,Returning_Visitor,True,False
0,0.0,1,20.0,48,1686.35,0.03,0.03,0.0,0.0,Dec,3,2,1,2,Returning_Visitor,False,False
0,0.0,0,0.0,154,740.11,0.03,0.05,0.0,0.0,Oct,2,2,1,1,Returning_Visitor,False,False
3,87.24,0,0.0,5,735.36,0.0,0.04,0.0,0.0,Dec,1,1,1,2,Returning_Visitor,False,False
3,116.5,0,43.24,15,320.25,0.0,0.05,0.0,0.0,Dec,1,2,4,2,Returning_Visitor,True,False
3,0.0,0,43.21,3,313.0,0.0,0.03,0.0,0.0,May,2,10,1,4,Returning_Visitor,False,False
3,87.16,1,407.5,14,1043.15,0.05,0.08,0.0,0.0,Nov,1,2,1,2,Returning_Visitor,False,False
0,0.0,0,43.16,48,735.78,0.04,0.05,0.0,0.0,Dec,3,2,1,3,Returning_Visitor,False,False
0,0.0,0,43.25,2,40.0,0.0,0.1,0.0,0.0,May,3,2,3,4,Returning_Visitor,False,False
2,87.28,0,43.17,13,1649.0,0.0,0.03,0.0,0.0,May,2,2,1,2,Returning_Visitor,False,False
3,102.0,1,43.23,13,735.77,0.0,0.03,0.0,0.0,May,2,2,4,3,New_Visitor,False,False
3,86.8,1,0.0,16,507.83,0.03,0.01,0.0,0.0,May,2,4,1,4,Returning_Visitor,False,False
11,289.68,0,44.98,41,678.48,0.0,0.03,13.57,0.0,Oct,4,1,1,1,Returning_Visitor,False,True
3,101.39,2,45.22,15,801.7,0.02,0.04,12.0,0.0,Mar,2,2,1,3,Returning_Visitor,True,True
5,106.0,1,0.0,44,646.83,0.01,0.03,0.0,0.0,Dec,3,2,1,2,Returning_Visitor,False,False
0,0.0,1,43.28,7,379.5,0.06,0.09,0.0,0.0,Mar,3,2,8,2,Returning_Visitor,False,False
2,87.71,1,501.0,14,381.75,0.03,0.05,0.0,0.0,Dec,2,2,1,2,Returning_Visitor,False,False
5,140.25,4,45.27,4,800.03,0.0,0.04,0.0,0.0,Nov,3,2,1,2,New_Visitor,False,True
9,306.46,0,0.0,40,550.71,0.0,0.05,0.0,0.0,Sep,2,2,1,2,Returning_Visitor,False,False
6,108.0,2,43.67,118,735.99,0.03,0.05,8.26,0.0,May,2,2,1,4,Returning_Visitor,True,False
3,0.0,0,0.0,11,142.42,0.0,0.04,0.0,0.0,May,2,2,1,2,Returning_Visitor,False,False
5,171.9,4,145.17,171,735.27,0.03,0.05,0.0,0.0,Sep,2,2,1,2,Returning_Visitor,False,False
3,87.25,0,43.22,8,612.0,0.03,0.05,0.0,0.0,Mar,3,3,1,2,New_Visitor,True,False
10,316.14,7,321.67,287,737.4,0.03,0.05,1.09,0.0,Mar,2,2,1,8,Returning_Visitor,False,False
8,171.75,1,0.0,32,486.67,0.03,0.05,0.0,0.0,Dec,4,2,1,2,New_Visitor,False,False
0,0.0,0,45.23,18,1257.95,0.0,0.0,33.5,0.0,Oct,2,2,3,2,Returning_Visitor,False,True
1,101.37,0,45.06,20,2270.83,0.02,0.02,10.23,0.0,Mar,2,2,1,6,Returning_Visitor,False,True
3,216.5,3,127.5,151,737.39,0.03,0.05,4.07,0.0,Dec,2,2,1,2,Returning_Visitor,False,False
8,101.08,1,138.5,71,798.75,0.02,0.03,0.0,0.0,Nov,3,2,1,2,Returning_Visitor,True,True
3,58.4,1,43.23,12,197.0,0.03,0.05,0.0,0.0,Nov,2,2,1,2,Returning_Visitor,False,False
3,113.5,1,43.29,13,437.2,0.03,0.0,0.0,0.0,Mar,1,2,4,11,New_Visitor,False,False
3,87.54,0,43.2,6,159.0,0.0,0.05,0.0,0.0,Dec,3,2,8,2,New_Visitor,False,False
3,87.07,0,43.21,1,0.0,0.03,0.05,0.0,0.0,Mar,2,5,1,1,Returning_Visitor,False,False
3,87.65,1,43.27,15,735.64,0.03,0.05,0.0,0.0,Dec,1,2,1,2,New_Visitor,False,True
3,86.98,0,0.0,13,735.67,0.0,0.02,0.0,0.0,May,1,1,1,4,Returning_Visitor,False,False
3,138.75,0,0.0,69,736.26,0.03,0.05,0.0,0.0,Dec,2,2,3,2,Returning_Visitor,False,False
3,35.0,1,45.24,11,1464.0,0.02,0.04,32.95,0.2,May,2,2,1,2,Returning_Visitor,False,True
1,59.4,1,0.0,73,891.57,0.02,0.0,258.55,0.0,Sep,2,2,1,2,Returning_Visitor,False,True
3,0.0,1,0.0,1,19.2,0.03,0.05,0.0,0.0,Aug,1,1,1,1,Returning_Visitor,True,False
7,111.0,2,45.27,131,800.35,0.02,0.04,7.51,0.0,Nov,2,1,1,2,Returning_Visitor,False,True
2,87.54,2,43.2,15,771.88,0.01,0.03,15.4,0.0,Dec,2,2,3,2,Returning_Visitor,False,False
0,86.87,0,0.0,46,736.25,0.0,0.02,0.0,0.0,Nov,2,2,3,2,Returning_Visitor,False,False
3,87.16,0,43.21,14,735.24,0.02,0.05,0.0,0.0,May,1,2,1,2,Returning_Visitor,False,False
2,29.0,1,14.0,106,735.78,0.03,0.05,0.0,1.0,May,2,2,1,2,Returning_Visitor,True,False
1,21.0,0,0.0,81,735.43,0.03,0.05,0.0,0.0,Nov,2,2,1,1,Returning_Visitor,True,True
0,87.15,0,43.23,55,735.12,0.03,0.01,0.0,0.0,Nov,1,1,1,3,Returning_Visitor,False,False
1,26.0,1,45.21,16,801.65,0.0,0.01,20.26,0.0,Mar,2,4,2,2,Returning_Visitor,False,False
3,43.33,1,295.4,20,799.96,0.03,0.04,0.0,0.0,Jul,1,1,4,2,Returning_Visitor,False,False
4,298.0,1,0.0,14,625.0,0.0,0.01,0.0,0.0,May,1,2,6,2,New_Visitor,False,False
0,87.05,1,0.0,5,27.2,0.0,0.04,0.0,0.0,Nov,2,2,1,2,Returning_Visitor,False,False
5,87.3,1,181.0,63,734.41,0.03,0.05,0.0,0.0,Dec,3,2,1,2,Returning_Visitor,False,False
0,0.0,0,0.0,2,697.5,0.0,0.05,0.0,0.0,Dec,4,1,3,1,Returning_Visitor,False,False
7,533.59,4,333.5,85,738.22,0.03,0.03,5.15,0.0,Nov,3,2,1,13,Returning_Visitor,False,False
0,0.0,1,0.0,18,3658.5,0.03,0.05,0.0,0.0,Mar,4,2,9,1,Returning_Visitor,False,False
7,143.28,0,0.0,27,735.65,0.01,0.05,0.0,0.0,Sep,1,2,3,1,Returning_Visitor,False,False
3,86.8,0,43.32,14,735.74,0.03,0.02,0.0,0.0,Nov,5,2,1,8,Returning_Visitor,False,False
3,87.29,1,43.16,4,39.2,0.0,0.05,0.0,0.0,Nov,1,2,1,2,New_Visitor,False,False
0,86.87,1,0.0,6,95.5,0.0,0.05,0.0,0.0,Mar,2,2,7,13,Returning_Visitor,False,False
0,87.13,0,0.0,59,735.26,0.01,0.02,0.0,0.0,Nov,1,2,1,2,Returning_Visitor,False,False
6,1541.5,1,0.0,8,188.5,0.03,0.02,0.0,0.0,May,3,2,5,2,New_Visitor,True,False
3,101.44,0,0.0,32,1729.75,0.0,0.04,16.73,0.0,Dec,2,2,3,2,Returning_Visitor,False,True
7,91.25,1,0.0,95,801.54,0.02,0.02,4.49,0.0,Nov,2,2,1,2,Returning_Visitor,True,True
0,0.0,1,0.0,15,735.42,0.03,0.05,39.48,0.0,Dec,2,2,2,1,Returning_Visitor,False,False
3,87.26,1,43.2,4,100.25,0.0,0.07,0.0,0.0,Dec,3,2,1,2,Returning_Visitor,False,False
0,86.85,1,844.0,6,1108.0,0.07,0.05,0.0,0.0,Mar,2,2,4,2,Returning_Visitor,False,False
1,29.25,1,0.0,3,67.67,0.0,0.04,0.0,0.0,Dec,8,2,9,2,Other,False,False
3,86.85,0,43.3,28,733.81,0.03,0.03,0.0,0.0,Jul,1,1,6,4,Returning_Visitor,False,False
3,81.0,1,43.28,12,735.29,0.0,0.0,0.0,1.0,May,3,2,1,4,Returning_Visitor,False,False
3,24.0,1,0.0,35,735.7,0.0,0.05,0.0,0.0,Nov,2,2,1,1,Returning_Visitor,False,False
6,87.54,0,43.25,14,211.47,0.0,0.04,0.0,0.0,Nov,3,2,6,10,Returning_Visitor,False,False
7,397.26,1,43.26,23,672.26,0.03,0.05,0.0,0.0,Oct,3,2,4,2,Returning_Visitor,False,False
3,87.19,0,0.0,51,738.06,0.03,0.05,0.0,0.0,Nov,2,2,1,2,Returning_Visitor,False,False
0,0.0,0,0.0,55,872.59,0.0,0.05,0.0,0.0,Aug,2,2,1,2,New_Visitor,True,False
1,70.0,0,0.0,12,1644.23,0.03,0.02,0.0,0.0,Aug,1,2,4,4,Returning_Visitor,False,False
6,87.42,1,43.22,26,549.55,0.02,0.05,0.0,0.0,May,3,2,1,2,Returning_Visitor,True,False
3,0.0,0,0.0,17,738.1,0.03,0.01,0.0,0.0,Nov,4,2,1,2,Returning_Visitor,False,False
3,87.17,0,0.0,13,328.9,0.02,0.05,0.0,0.0,June,2,2,3,3,Returning_Visitor,False,False
4,1660.3,1,45.24,2,45.7,0.02,0.02,113.93,0.0,Sep,2,10,1,2,Returning_Visitor,False,True
3,87.3,1,43.08,3,19.25,0.0,0.07,0.0,0.0,Nov,1,2,8,2,Returning_Visitor,False,False
3,0.0,1,8.0,38,736.08,0.02,0.03,0.0,0.0,Nov,2,2,2,2,Returning_Visitor,False,False
1,9.0,0,0.0,111,799.97,0.02,0.04,2.8,0.4,May,2,2,1,3,Returning_Visitor,False,True
3,0.0,1,399.33,46,735.98,0.0,0.05,0.0,0.0,Mar,2,2,2,2,Returning_Visitor,False,False
9,867.92,0,0.0,137,736.77,0.03,0.05,9.93,0.0,Mar,2,2,1,2,Returning_Visitor,False,False
3,87.11,0,0.0,4,334.0,0.03,0.05,0.0,0.0,May,1,1,3,2,Returning_Visitor,False,False
3,23.2,1,0.0,24,735.46,0.01,0.05,0.0,0.0,Aug,3,2,1,2,Returning_Visitor,False,False
1,101.5,1,0.0,5,388.0,0.0,0.04,31.19,0.0,Mar,1,2,7,3,Returning_Visitor,False,True
0,0.0,0,0.0,14,801.61,0.0,0.04,57.59,0.6,May,4,1,1,4,Returning_Visitor,False,True
0,87.74,1,43.28,44,735.73,0.0,0.05,9.55,0.0,Sep,2,2,1,2,Returning_Visitor,False,False
0,87.5,1,43.29,1,0.0,0.2,0.2,0.0,0.0,June,3,2,1,1,Returning_Visitor,True,False
3,87.23,0,0.0,10,735.28,0.0,0.01,0.0,0.0,Mar,3,2,1,2,Returning_Visitor,False,False
4,36.0,1,45.15,23,2359.38,0.0,0.04,58.2,0.0,Dec,4,2,1,2,New_Visitor,False,True
0,0.0,0,0.0,33,801.5,0.0,0.01,44.06,0.0,Nov,4,2,1,2,Returning_Visitor,False,True
0,0.0,0,0.0,14,331.3,0.0,0.02,0.0,0.0,Jul,1,8,1,2,Returning_Visitor,False,False
3,87.26,1,445.0,38,996.52,0.03,0.02,0.0,0.0,Mar,2,2,3,2,Returning_Visitor,False,False
4,84.0,1,43.23,32,735.77,0.07,0.05,0.0,0.0,May,3,2,6,6,Returning_Visitor,False,False
4,37.25,1,43.21,50,1295.01,0.03,0.02,0.0,0.0,Nov,3,2,1,2,Returning_Visitor,True,True
3,13.0,0,45.16,15,524.5,0.02,0.01,33.96,0.0,May,3,2,1,6,Returning_Visitor,False,True
3,87.28,0,0.0,17,331.84,0.03,0.05,0.0,0.0,Dec,2,2,1,1,Returning_Visitor,False,False
3,0.0,1,0.0,64,735.64,0.03,0.05,0.0,0.0,Nov,2,2,3,2,Returning_Visitor,False,True
3,0.0,1,43.24,22,480.97,0.0,0.05,0.0,0.0,Mar,2,2,1,3,Returning_Visitor,False,False
3,0.0,1,0.0,6,735.9,0.03,0.05,0.0,0.0,Mar,2,2,2,3,Returning_Visitor,True,False
3,30.5,0,0.0,79,735.24,0.03,0.05,0.0,0.0,Nov,2,2,1,6,Returning_Visitor,False,False
3,15.0,1,45.19,10,197.2,0.0,0.02,38.99,0.0,Mar,1,1,1,3,Returning_Visitor,False,True
1,87.16,1,0.0,11,735.16,0.03,0.02,0.0,0.0,Mar,4,1,3,2,Returning_Visitor,False,False
0,86.79,0,0.0,7,380.0,0.01,0.05,0.0,0.0,May,2,4,1,2,Returning_Visitor,False,False
0,86.81,0,43.08,11,546.75,0.04,0.05,0.0,0.0,Nov,2,2,5,2,Returning_Visitor,False,False
3,0.0,1,0.0,23,517.04,0.0,0.01,23.3,0.0,Dec,4,2,1,2,New_Visitor,False,True
3,0.0,1,43.21,16,734.54,0.03,0.05,0.0,0.0,Nov,1,1,3,2,Returning_Visitor,False,False
3,108.5,0,43.22,2,74.67,0.03,0.02,0.0,0.8,May,3,2,1,2,Returning_Visitor,False,False
3,87.2,1,43.15,10,735.43,0.0,0.05,0.0,0.0,Dec,2,2,2,1,Returning_Visitor,False,False
3,86.81,1,43.32,41,634.67,0.03,0.05,0.0,0.0,May,2,4,1,2,Returning_Visitor,False,False
5,87.48,0,42.98,27,494.64,0.0,0.05,0.0,0.0,Nov,1,1,1,2,Returning_Visitor,False,False
3,87.06,0,43.3,6,82.0,0.15,0.05,0.0,0.6,May,2,2,1,2,Returning_Visitor,False,False
3,284.2,0,43.12,22,2366.6,0.04,0.05,0.0,0.0,Oct,1,1,1,1,Returning_Visitor,False,False
3,87.05,1,43.27,1,734.75,0.03,0.05,0.0,0.0,May,4,2,1,2,Returning_Visitor,False,False
3,87.62,1,43.32,5,735.12,0.03,0.14,0.0,0.0,June,3,2,3,13,Returning_Visitor,True,False
3,87.16,1,0.0,55,2415.42,0.0,0.02,0.0,0.0,Nov,2,2,3,11,Returning_Visitor,False,False
0,0.0,0,45.26,5,59.25,0.04,0.04,0.0,0.0,Nov,2,6,2,2,Returning_Visitor,False,False
6,440.28,1,43.24,18,735.68,0.0,0.0,0.0,0.0,Sep,2,2,5,2,Returning_Visitor,False,False
3,87.22,0,0.0,78,735.88,0.03,0.05,0.0,0.0,Sep,3,2,1,2,Returning_Visitor,False,False
0,0.0,0,45.27,6,399.0,0.03,0.02,44.99,0.0,May,3,2,1,2,Returning_Visitor,False,True
0,87.22,1,0.0,2,0.0,0.2,0.05,0.0,0.0,Mar,2,2,1,1,Returning_Visitor,False,False
0,101.57,0,0.0,19,989.33,0.0,0.04,25.11,0.0,May,3,2,1,2,Returning_Visitor,False,True
7,120.38,1,43.12,17,446.38,0.0,0.01,0.0,0.0,Dec,2,2,1,2,New_Visitor,False,False
3,285.9,1,45.12,13,291.3,0.02,0.01,53.11,0.0,Nov,1,1,4,2,New_Visitor,False,True
4,72.5,0,0.0,28,1248.06,0.03,0.02,0.0,0.0,Nov,2,2,4,2,Returning_Visitor,False,False
3,0.0,0,43.33,6,137.0,0.07,0.1,0.0,0.0,Nov,1,2,1,2,Returning_Visitor,False,False
0,86.99,0,0.0,8,326.5,0.03,0.12,0.0,0.0,Mar,1,2,1,3,Returning_Visitor,False,False
3,0.0,0,0.0,5,74.0,0.0,0.08,0.0,0.8,May,2,2,1,2,Returning_Visitor,False,False
5,85.33,3,8.0,213,799.64,0.02,0.04,8.02,0.0,Nov,2,2,1,10,Returning_Visitor,False,True
4,78.5,1,32.75,50,735.7,0.03,0.01,0.0,0.0,Dec,1,2,9,2,Returning_Visitor,True,False
0,0.0,1,43.22,11,689.99,0.0,0.05,0.0,0.0,Nov,3,2,3,2,Returning_Visitor,False,False
0,0.0,2,39.67,89,3509.13,0.02,0.02,42.87,0.0,May,2,4,1,6,Returning_Visitor,True,False
18,255.72,0,0.0,184,736.96,0.03,0.01,6.74,0.0,May,2,2,1,6,Returning_Visitor,False,False
1,87.32,1,0.0,62,969.15,0.03,0.03,0.0,0.0,May,2,2,3,2,Returning_Visitor,False,False
1,87.18,1,6.0,9,195.17,0.0,0.05,0.0,0.0,June,4,2,3,2,Returning_Visitor,False,False
0,0.0,0,43.2,53,737.25,0.03,0.05,24.57,0.0,Jul,2,4,1,1,Returning_Visitor,False,True
3,87.59,0,43.23,9,115.6,0.0,0.04,0.0,0.0,Oct,2,2,1,2,Returning_Visitor,False,False
6,110.5,1,20.0,137,799.27,0.02,0.04,1.96,0.0,Nov,2,2,1,10,Returning_Visitor,False,True
6,723.5,1,410.5,5,734.16,0.0,0.05,0.0,0.0,Nov,2,2,2,2,Other,False,True
0,0.0,1,0.0,25,686.5,0.03,0.05,0.0,0.0,Dec,2,2,7,2,Returning_Visitor,True,False
0,0.0,1,14.0,34,3900.43,0.03,0.05,0.0,0.6,May,1,1,1,2,Returning_Visitor,False,False
3,87.51,1,43.24,1,734.98,0.2,0.05,0.0,0.0,Nov,2,2,1,2,Returning_Visitor,False,False
0,0.0,0,0.0,39,706.2,0.07,0.05,0.0,0.0,Sep,3,2,1,2,Returning_Visitor,False,False
3,94.47,2,43.78,2,19.0,0.0,0.03,0.0,0.0,Mar,1,1,8,2,New_Visitor,False,False
0,87.21,1,0.0,1,0.0,0.2,0.2,0.0,0.0,Feb,1,2,1,3,Returning_Visitor,False,False
1,87.4,1,72.5,9,136.28,0.02,0.05,0.0,0.0,June,2,2,2,2,New_Visitor,False,False
3,86.94,1,0.0,42,1246.12,0.0,0.05,0.0,0.0,Aug,2,4,1,2,Returning_Visitor,False,False
0,0.0,0,0.0,49,1571.12,0.03,0.05,0.0,0.0,Jul,2,2,1,4,New_Visitor,False,False
3,101.32,1,45.24,17,801.96,0.02,0.04,26.99,0.0,May,2,2,1,2,Returning_Visitor,False,False
2,62.5,1,45.24,43,1253.18,0.02,0.04,41.54,0.0,Nov,3,2,1,2,Returning_Visitor,False,False
16,87.76,6,147.87,173,736.75,0.03,0.05,0.0,0.0,Mar,2,2,1,2,Returning_Visitor,False,False
1,87.27,0,0.0,39,2666.0,0.02,0.05,0.0,0.2,May,2,2,5,2,Returning_Visitor,False,False
3,424.17,1,0.0,13,1212.0,0.03,0.05,0.0,0.0,May,2,4,4,2,Returning_Visitor,False,False
3,0.0,0,0.0,12,190.5,0.09,0.11,0.0,0.0,Dec,1,2,6,2,Returning_Visitor,True,False
9,87.8,1,12.0,120,801.12,0.02,0.04,33.41,0.0,Jul,2,2,1,13,Returning_Visitor,False,True
3,0.0,0,0.0,8,735.24,0.03,0.06,0.0,0.0,Feb,3,2,1,2,Returning_Visitor,True,False
0,0.0,1,43.29,2,53.0,0.03,0.1,0.0,0.0,May,4,2,1,2,Returning_Visitor,False,False
1,87.12,1,43.23,8,735.82,0.03,0.05,0.0,0.0,May,2,2,1,2,Returning_Visitor,False,False
3,86.85,1,43.24,6,735.63,0.08,0.09,0.0,0.0,Mar,1,1,6,2,Returning_Visitor,False,False
3,87.03,0,43.16,9,311.7,0.03,0.05,0.0,0.0,June,2,2,4,13,Returning_Visitor,False,False
3,15.0,1,45.36,17,490.0,0.0,0.03,15.66,0.0,Mar,2,2,4,2,Returning_Visitor,False,True
2,87.51,1,0.0,62,738.71,0.01,0.05,0.0,0.0,Nov,2,2,1,1,Returning_Visitor,False,False
3,100.98,0,0.0,14,289.62,0.0,0.04,0.0,0.0,Nov,2,2,1,2,Returning_Visitor,False,False
3,87.33,1,43.2,46,5492.37,0.03,0.04,8.57,0.0,May,2,2,6,6,Returning_Visitor,False,False
3,101.33,1,0.0,29,1414.59,0.02,0.01,21.05,0.0,Dec,2,2,1,2,Returning_Visitor,False,True
7,87.13,0,0.0,50,1557.92,0.03,0.01,0.0,0.0,Dec,1,1,3,2,Returning_Visitor,False,False
0,87.14,0,0.0,24,735.24,0.0,0.0,0.0,0.8,May,3,2,1,2,Returning_Visitor,False,False
2,165.13,0,0.0,87,794.6,0.0,0.04,0.0,0.0,June,2,5,8,1,Returning_Visitor,False,True
5,75.17,0,43.16,12,737.23,0.03,0.05,0.0,0.0,Mar,2,2,1,1,Returning_Visitor,False,False
2,46.4,1,43.3,30,734.94,0.03,0.06,0.0,0.0,Sep,3,2,6,1,Returning_Visitor,False,False
3,0.0,0,43.2,5,1289.0,0.07,0.08,0.0,0.0,Nov,3,2,1,2,Returning_Visitor,False,False
3,93.66,4,44.51,22,781.52,0.02,0.05,0.0,0.0,Aug,3,2,1,2,Returning_Visitor,False,False
0,0.0,1,43.25,16,630.75,0.0,0.04,0.0,0.0,Mar,3,2,1,1,Returning_Visitor,True,False
0,0.0,0,0.0,40,735.82,0.03,0.05,0.0,0.0,May,3,2,8,6,Returning_Visitor,False,False
3,0.0,1,0.0,9,324.5,0.01,0.02,0.0,0.0,Mar,1,2,6,2,Returning_Visitor,False,False
8,154.29,1,0.0,34,991.37,0.01,0.01,10.93,0.0,Mar,2,2,1,2,Returning_Visitor,False,False
7,120.5,0,43.17,19,1011.5,0.03,0.01,0.0,0.0,Mar,2,2,1,1,Returning_Visitor,False,False
3,87.74,1,0.0,37,2517.05,0.03,0.02,0.0,0.0,Mar,3,2,1,1,Returning_Visitor,True,False
0,0.0,0,0.0,23,347.85,0.01,0.03,0.0,0.0,Nov,2,2,1,2,Returning_Visitor,False,False
0,87.01,0,0.0,7,93.7,0.03,0.07,0.0,1.0,May,3,2,1,2,Returning_Visitor,True,False
3,0.0,0,0.0,8,846.2,0.0,0.03,33.22,0.0,Jul,2,2,1,2,Returning_Visitor,False,True
0,0.0,0,43.22,16,519.87,0.0,0.05,0.0,0.0,Jul,1,1,1,4,Returning_Visitor,False,False
6,87.58,0,0.0,52,1199.23,0.03,0.05,0.0,0.0,Sep,3,2,1,13,Returning_Visitor,False,False
3,101.19,1,45.26,6,285.5,0.0,0.04,18.17,0.0,Nov,1,2,1,2,New_Visitor,False,True
0,87.11,0,0.0,4,1440.0,0.0,0.05,0.0,0.8,May,2,2,1,2,Returning_Visitor,False,False
2,77.0,1,0.0,32,1223.42,0.02,0.01,215.01,0.0,May,3,2,1,2,Returning_Visitor,False,True
3,87.26,0,43.22,24,735.79,0.0,0.05,0.0,0.0,Mar,2,2,4,3,Returning_Visitor,False,False
7,135.67,1,190.42,132,798.74,0.02,0.04,9.19,0.0,Dec,4,2,1,10,Returning_Visitor,False,False
3,86.74,1,0.0,15,139.83,0.03,0.05,0.0,0.0,Mar,2,2,6,1,Returning_Visitor,False,False
3,0.0,1,43.2,5,24.0,0.0,0.05,0.0,0.2,May,2,2,4,2,Returning_Visitor,False,False
3,87.29,1,0.0,1,0.0,0.2,0.2,0.0,0.0,Sep,4,1,1,2,Returning_Visitor,False,False
1,6.4,0,0.0,13,735.34,0.0,0.01,0.0,0.0,May,3,2,3,4,Returning_Visitor,False,False
3,87.36,1,0.0,7,735.36,0.0,0.05,0.0,0.0,Dec,2,2,1,2,New_Visitor,False,False
3,87.06,1,43.1,16,645.2,0.01,0.05,0.0,0.0,Jul,4,1,3,2,Returning_Visitor,False,False
3,87.09,1,0.0,13,265.17,0.0,0.05,0.0,0.0,Mar,2,2,4,2,Returning_Visitor,False,False
6,301.2,0,0.0,87,735.84,0.03,0.05,0.0,0.0,Sep,2,2,1,3,Returning_Visitor,False,False
3,87.27,1,43.16,48,1916.87,0.03,0.05,0.0,0.0,Dec,2,2,5,1,Returning_Visitor,False,False
3,0.0,1,0.0,16,2214.67,0.02,0.04,92.9,0.0,Oct,2,2,1,2,Returning_Visitor,False,True
3,461.0,1,0.0,4,736.29,0.0,0.01,0.0,0.0,Dec,3,3,3,8,New_Visitor,False,False
3,0.0,0,43.24,11,1267.25,0.03,0.03,0.0,0.0,Nov,1,8,2,2,Returning_Visitor,False,False
2,30.0,0,45.23,77,2531.34,0.02,0.02,13.0,0.0,Nov,1,1,6,8,Returning_Visitor,False,True
3,86.63,1,43.22,12,259.5,0.01,0.05,0.0,0.0,May,2,4,6,6,Returning_Visitor,False,False
3,122.0,1,124.0,12,735.68,0.03,0.01,0.0,0.0,May,2,2,1,2,Returning_Visitor,False,False
3,87.1,1,0.0,3,734.34,0.2,0.05,0.0,0.0,Mar,1,8,2,2,Returning_Visitor,False,False
3,100.85,0,0.0,74,800.58,0.02,0.04,0.41,0.0,Nov,2,2,1,1,Returning_Visitor,False,False
3,24.0,1,0.0,6,58.0,0.0,0.03,0.0,0.0,Mar,2,2,8,2,Returning_Visitor,False,False
3,0.0,0,43.22,16,1599.27,0.03,0.05,0.0,0.0,May,4,2,1,2,Returning_Visitor,False,False
10,131.34,2,38.2,102,6684.52,0.03,0.02,4.22,0.0,Sep,2,2,1,1,Returning_Visitor,False,False
1,9.0,0,43.11,7,638.0,0.03,0.05,0.0,0.0,Mar,1,1,1,2,Returning_Visitor,False,False
2,101.33,1,45.19,29,801.22,0.0,0.01,39.59,0.0,Dec,2,2,4,1,Returning_Visitor,True,True
0,0.0,1,45.17,7,723.0,0.02,0.04,32.91,0.0,Dec,2,2,4,2,Returning_Visitor,False,True
3,0.0,0,0.0,3,36.0,0.0,0.05,0.0,0.0,May,2,7,3,11,Returning_Visitor,True,False
12,101.34,4,559.08,127,4876.01,0.02,0.04,5.75,0.0,Nov,2,2,1,2,Returning_Visitor,False,False
9,215.5,1,12.0,12,245.6,0.03,0.01,0.0,0.0,Oct,2,2,1,2,Returning_Visitor,False,False
3,51.5,1,0.0,2,6.0,0.03,0.05,0.0,0.0,Mar,2,2,2,1,Returning_Visitor,False,False
0,0.0,0,0.0,22,1327.67,0.0,0.03,0.0,0.0,Nov,2,2,1,2,New_Visitor,True,True
3,0.0,1,43.16,3,96.7,0.0,0.0,0.0,0.0,Jul,1,2,1,2,Returning_Visitor,False,False
0,0.0,0,0.0,13,736.33,0.03,0.05,0.0,0.0,May,2,2,3,2,Returning_Visitor,False,False
0,87.18,0,43.16,11,229.92,0.02,0.04,0.0,0.0,Nov,3,2,1,2,Returning_Visitor,False,False
3,0.0,0,0.0,37,801.82,0.02,0.0,39.98,0.0,May,1,1,1,2,Returning_Visitor,False,True
3,78.6,1,43.17,5,735.67,0.03,0.0,0.0,0.0,Sep,2,2,1,4,New_Visitor,False,False
3,86.84,0,43.23,10,211.83,0.0,0.04,0.0,0.0,Dec,2,2,3,13,Returning_Visitor,False,False
2,44.5,0,0.0,137,796.27,0.02,0.04,0.0,0.0,Nov,1,1,1,10,Returning_Visitor,True,True
0,0.0,1,43.2,21,1003.0,0.03,0.01,0.0,0.0,Mar,2,4,1,2,Returning_Visitor,False,False
1,4.0,0,0.0,19,760.25,0.0,0.01,33.79,0.0,May,1,2,1,2,Returning_Visitor,False,True
5,20.0,0,0.0,72,736.38,0.03,0.05,0.98,0.0,Oct,4,2,2,1,Returning_Visitor,False,False
2,87.61,1,101.0,56,736.58,0.01,0.02,14.84,0.0,May,2,2,3,2,Returning_Visitor,False,False
3,0.0,0,0.0,7,971.0,0.03,0.07,0.0,0.0,Mar,2,2,2,2,Returning_Visitor,False,False
1,87.76,1,43.23,14,348.67,0.04,0.05,0.0,0.0,Mar,3,2,1,1,Returning_Visitor,True,False
3,0.0,0,45.13,27,802.77,0.01,0.04,0.0,0.0,Nov,2,2,1,2,New_Visitor,True,True
9,358.26,3,377.43,64,736.88,0.03,0.05,12.09,0.0,Oct,2,2,1,2,Returning_Visitor,False,True
3,0.0,0,0.0,11,736.62,0.03,0.04,0.0,0.0,Oct,2,2,1,2,Returning_Visitor,False,False
5,87.36,0,0.0,56,735.89,0.01,0.05,0.0,0.2,May,2,2,1,3,Returning_Visitor,False,False
5,72.5,1,0.0,55,936.13,0.02,0.04,23.28,0.0,Nov,2,2,1,2,Returning_Visitor,False,True
3,86.97,1,0.0,2,242.5,0.0,0.05,0.0,0.0,Dec,8,13,9,20,Other,False,False
3,0.0,1,0.0,17,341.67,0.01,0.04,0.0,0.0,Mar,2,6,9,6,Returning_Visitor,False,False
0,87.21,0,0.0,64,1298.2,0.0,0.05,0.0,0.0,Jul,1,2,1,4,Returning_Visitor,False,False
0,0.0,0,0.0,63,736.29,0.03,0.05,0.0,0.0,Nov,2,2,1,1,Returning_Visitor,True,False
3,158.36,3,177.8,96,4162.54,0.03,0.03,3.58,0.0,Sep,3,2,5,13,Returning_Visitor,False,False
5,87.34,4,116.8,53,1696.57,0.03,0.05,0.0,0.0,Oct,2,2,1,2,Returning_Visitor,False,False
3,87.11,1,0.0,19,501.77,0.0,0.01,0.0,0.0,May,2,2,1,4,Returning_Visitor,False,False
0,0.0,0,0.0,7,111.67,0.0,0.05,0.0,0.0,Mar,2,2,1,2,Returning_Visitor,True,False
0,0.0,1,43.24,32,736.05,0.03,0.05,0.0,0.0,May,3,2,4,1,Returning_Visitor,False,False
3,87.11,1,0.0,23,735.48,0.0,0.02,0.0,0.8,May,3,2,1,4,Returning_Visitor,False,False
3,0.0,1,33.75,9,313.93,0.02,0.03,0.0,0.0,Dec,3,2,1,10,Returning_Visitor,False,False
3,150.2,1,31.7,7,93.9,0.0,0.01,0.0,0.0,Oct,1,2,1,2,Returning_Visitor,True,False
3,1668.5,1,45.25,18,1372.97,0.02,0.02,41.65,0.0,Dec,2,2,1,6,Returning_Visitor,False,True
1,14.0,0,43.13,17,1093.14,0.0,0.05,0.0,0.0,Mar,2,2,2,2,Returning_Visitor,False,False
3,87.78,1,193.0,4,139.0,0.0,0.05,0.0,0.0,Mar,3,2,1,2,Returning_Visitor,False,False
3,87.08,0,43.25,1,56.5,0.03,0.1,0.0,0.0,Nov,2,2,3,3,Returning_Visitor,False,False
3,43.0,0,43.21,36,735.7,0.0,0.05,0.0,0.6,May,2,2,1,4,Returning_Visitor,False,False
3,28.0,1,43.13,8,290.0,0.0,0.01,0.0,0.0,Mar,2,2,1,2,Returning_Visitor,False,False
0,0.0,0,0.0,35,1231.16,0.01,0.05,0.0,0.0,Mar,2,2,1,2,Returning_Visitor,False,False
1,87.23,0,43.17,21,1003.66,0.03,0.05,0.0,0.0,Oct,3,2,4,2,Returning_Visitor,False,False
3,87.2,1,90.0,9,735.89,0.02,0.05,0.0,0.0,Mar,3,2,1,1,Returning_Visitor,False,False
3,0.0,1,0.0,32,893.45,0.0,0.01,0.0,0.0,Oct,4,2,1,2,Returning_Visitor,False,False
3,296.2,0,43.22,33,920.4,0.0,0.05,0.0,0.0,Oct,1,1,1,5,Returning_Visitor,False,False
6,87.34,1,60.5,24,735.29,0.0,0.05,0.0,0.0,Nov,2,2,1,8,Returning_Visitor,False,False
0,87.11,0,43.2,1,0.0,0.2,0.2,0.0,0.0,Oct,1,2,1,1,New_Visitor,False,False
3,0.0,0,43.12,13,736.03,0.0,0.0,0.0,0.0,Jul,2,2,1,2,Returning_Visitor,False,False
0,0.0,0,0.0,102,3284.5,0.0,0.05,0.0,0.0,Dec,2,2,1,3,Returning_Visitor,False,False
2,11.0,1,43.46,14,249.67,0.0,0.03,0.0,0.0,Nov,4,2,1,3,Returning_Visitor,False,True
3,75.1,1,0.0,7,735.53,0.03,0.05,0.0,0.0,Sep,2,4,6,2,Returning_Visitor,False,True
3,87.22,1,0.0,2,13.0,0.1,0.1,0.0,0.0,Mar,1,1,2,2,Returning_Visitor,False,False
2,101.36,0,45.32,26,801.7,0.02,0.01,36.08,0.0,Nov,2,2,1,20,Returning_Visitor,False,False
3,87.18,1,0.0,26,380.17,0.03,0.02,0.0,0.0,May,4,2,1,2,Returning_Visitor,False,False
3,173.25,0,0.0,16,735.4,0.03,0.05,0.0,0.0,May,3,2,1,2,Returning_Visitor,False,False
3,87.06,1,43.24,27,1739.25,0.02,0.05,0.0,0.6,May,2,2,7,2,Returning_Visitor,False,False
3,87.46,0,0.0,5,28.25,0.08,0.05,0.0,0.0,Nov,2,2,1,2,Returning_Visitor,False,False
3,86.76,0,43.14,16,736.12,0.04,0.05,0.0,0.0,Nov,2,2,3,2,Returning_Visitor,False,False
3,87.27,1,43.3,1,0.0,0.2,0.2,0.0,0.4,May,1,2,1,2,Returning_Visitor,False,False
13,249.39,1,45.26,71,801.47,0.0,0.01,6.73,0.0,Nov,2,2,1,2,Returning_Visitor,False,False
1,37.5,0,43.22,45,2018.3,0.01,0.03,0.0,0.0,Nov,2,2,2,2,Returning_Visitor,False,False
3,0.0,0,0.0,6,61.0,0.03,0.07,0.0,0.0,Mar,2,2,1,2,Returning_Visitor,False,False
3,0.0,1,0.0,31,735.23,0.03,0.02,0.0,0.0,Mar,2,2,1,2,Returning_Visitor,False,False
3,87.47,1,0.0,4,145.83,0.03,0.02,0.0,0.0,Mar,3,2,7,1,New_Visitor,False,False
0,0.0,1,43.19,37,736.34,0.03,0.05,0.0,0.0,Nov,2,2,1,13,Returning_Visitor,False,False
6,116.7,0,0.0,171,737.58,0.03,0.03,0.0,0.0,Dec,3,2,1,2,Returning_Visitor,False,True
3,55.4,1,44.16,28,630.65,0.0,0.05,12.59,0.0,Sep,2,4,1,2,Returning_Visitor,True,True
3,86.79,0,43.23,11,736.07,0.05,0.1,0.0,0.0,Nov,2,5,3,2,Returning_Visitor,False,False
3,4.0,0,0.0,37,735.8,0.01,0.04,0.0,0.8,May,2,2,4,2,Returning_Visitor,False,False
3,199.39,0,0.0,38,1342.43,0.02,0.02,22.02,0.0,Nov,2,2,1,2,Returning_Visitor,False,True
3,0.0,1,43.23,3,735.11,0.03,0.05,0.0,0.0,Nov,2,2,3,2,Returning_Visitor,False,False
3,0.0,0,0.0,2,734.2,0.0,0.05,0.0,0.0,Feb,1,1,6,2,Returning_Visitor,False,False
0,87.08,0,0.0,48,736.56,0.03,0.03,0.0,0.0,Nov,2,2,1,1,Returning_Visitor,True,False
3,0.0,0,0.0,2,22.0,0.0,0.05,0.0,0.0,Mar,2,2,1,2,Returning_Visitor,False,False
3,1279.5,0,0.0,72,735.98,0.03,0.0,0.0,0.0,May,2,2,1,3,New_Visitor,False,False
18,101.41,6,114.33,106,800.02,0.02,0.04,1.31,0.0,Nov,3,2,1,13,Returning_Visitor,False,False
4,95.24,1,44.54,2,770.41,0.0,0.02,0.0,0.0,Dec,3,2,2,2,Returning_Visitor,False,False
2,20.15,0,0.0,60,1521.15,0.02,0.04,16.44,0.0,Nov,2,4,1,2,Returning_Visitor,False,True
0,87.12,0,0.0,7,205.5,0.0,0.05,0.0,0.0,Nov,3,2,9,13,Returning_Visitor,False,False
2,20.2,0,43.08,45,580.94,0.03,0.05,0.0,0.0,Aug,2,2,1,2,Returning_Visitor,False,False
3,75.0,0,0.0,3,734.72,0.0,0.02,0.0,0.0,May,3,2,1,2,Returning_Visitor,False,False
12,1028.83,1,3.0,155,800.0,0.02,0.04,3.73,0.0,Nov,2,2,1,2,Returning_Visitor,False,True
13,407.57,0,0.0,146,735.84,0.03,0.05,0.0,0.0,Oct,4,2,1,2,Returning_Visitor,True,False
2,87.3,0,43.19,9,122.25,0.0,0.05,0.0,0.0,Dec,2,2,7,2,New_Visitor,False,False
3,87.45,0,0.0,70,2802.12,0.0,0.05,0.0,0.0,Nov,2,2,3,3,Returning_Visitor,False,False
5,101.24,0,45.23,11,283.33,0.02,0.06,13.91,0.0,Nov,2,2,1,20,Returning_Visitor,False,True
3,87.33,0,0.0,62,735.6,0.03,0.05,0.0,0.0,Mar,2,2,6,3,Returning_Visitor,True,False
0,0.0,0,43.15,12,736.88,0.0,0.05,0.0,0.0,Mar,2,2,1,10,Returning_Visitor,False,False
1,87.43,1,43.23,20,679.57,0.0,0.01,0.0,0.0,Nov,2,2,2,3,New_Visitor,False,False
4,87.34,1,0.0,8,132.8,0.0,0.01,0.0,0.0,Oct,1,2,1,2,Returning_Visitor,False,False
5,400.0,0,0.0,20,802.28,0.0,0.01,22.13,0.0,Dec,2,2,3,2,Returning_Visitor,False,True
3,24.5,0,43.21,29,749.12,0.01,0.03,0.0,0.0,Nov,1,1,1,2,Returning_Visitor,False,True
3,87.18,1,451.5,28,735.53,0.03,0.02,0.0,0.0,May,3,2,4,2,Returning_Visitor,True,False
0,87.23,1,0.0,30,735.86,0.0,0.05,0.0,0.0,Oct,2,2,1,2,Returning_Visitor,False,False
3,86.98,0,0.0,10,129.5,0.0,0.02,0.0,0.0,May,2,2,1,2,Returning_Visitor,False,False
3,86.93,1,0.0,10,736.57,0.03,0.05,0.0,0.2,May,3,2,6,13,Returning_Visitor,False,False
0,87.12,2,889.5,30,784.08,0.03,0.05,0.0,0.0,Dec,2,2,6,13,Returning_Visitor,False,False
3,0.0,1,45.16,39,922.4,0.0,0.0,154.1,0.0,Sep,3,2,1,2,Returning_Visitor,False,True
0,0.0,0,0.0,4,67.75,0.0,0.05,0.0,0.0,Nov,2,2,1,2,Returning_Visitor,False,False
6,86.33,4,24.0,131,799.86,0.02,0.04,3.61,0.0,Nov,3,2,1,2,Returning_Visitor,False,False
0,0.0,1,0.0,2,43.0,0.0,0.1,0.0,0.4,Feb,2,2,3,3,Returning_Visitor,False,False
1,51.0,0,0.0,66,735.39,0.01,0.05,0.0,0.4,May,2,2,1,2,Returning_Visitor,False,False
3,87.26,0,43.18,10,383.0,0.0,0.05,0.0,0.0,Nov,2,2,9,2,Returning_Visitor,True,False
0,0.0,1,43.21,12,574.0,0.02,0.08,0.0,0.0,May,2,2,1,2,Returning_Visitor,False,False
0,87.43,0,43.25,2,0.0,0.03,0.2,0.0,0.0,Dec,3,2,4,3,Returning_Visitor,False,False
8,87.2,1,944.75,17,1464.42,0.03,0.03,0.0,0.0,Nov,1,2,4,3,Returning_Visitor,False,False
3,19.0,0,0.0,8,87.0,0.0,0.01,0.0,0.6,May,2,2,1,2,New_Visitor,False,False
3,87.5,1,43.25,6,25.0,0.13,0.05,0.0,0.0,May,3,2,3,2,Returning_Visitor,False,False
3,159.5,0,43.13,13,735.49,0.0,0.0,0.0,0.0,May,2,2,7,2,Returning_Visitor,False,False
3,87.18,0,0.0,9,733.99,0.0,0.0,0.0,0.0,Jul,1,2,3,2,Returning_Visitor,False,False
3,0.0,1,45.15,16,865.58,0.0,0.04,93.78,0.0,Dec,1,1,1,2,Returning_Visitor,False,True
2,101.08,1,28.75,42,798.9,0.02,0.01,4.6,0.0,Nov,4,1,1,2,Returning_Visitor,True,True
2,305.12,1,368.25,27,1121.25,0.02,0.04,39.52,0.0,Dec,3,2,1,2,Returning_Visitor,False,False
6,148.8,4,43.22,29,736.58,0.01,0.03,0.0,0.0,Mar,2,2,1,2,Returning_Visitor,False,False
3,87.15,1,43.33,33,1458.98,0.03,0.04,0.0,0.0,Dec,1,2,1,2,Returning_Visitor,False,False
3,87.16,0,0.0,3,1952.5,0.07,0.12,0.0,0.0,Nov,1,1,2,2,Returning_Visitor,False,False
3,0.0,0,43.22,4,105.0,0.0,0.05,0.0,0.0,Nov,2,5,1,1,Returning_Visitor,False,False
0,101.45,1,45.21,5,801.01,0.02,0.02,0.0,0.0,Nov,3,2,1,8,Returning_Visitor,False,False
0,87.24,0,0.0,7,272.5,0.0,0.03,0.0,0.0,Mar,1,2,6,2,Returning_Visitor,True,False
2,66.0,1,45.28,10,302.0,0.04,0.04,19.53,0.0,Mar,2,6,3,2,Returning_Visitor,False,True
0,87.12,0,0.0,5,63.0,0.0,0.04,0.0,0.0,Feb,2,2,1,2,Returning_Visitor,False,False
3,87.31,0,43.15,48,734.81,0.03,0.01,0.0,0.0,Nov,1,1,1,2,Returning_Visitor,False,False
3,360.92,4,43.29,17,806.65,0.03,0.01,0.0,0.0,June,2,10,3,2,New_Visitor,True,False
1,30.0,0,43.19,7,736.22,0.0,0.05,0.0,0.0,Mar,2,2,3,3,New_Visitor,False,False
0,87.4,1,43.23,1,0.0,0.03,0.2,0.0,0.0,May,2,2,1,2,Returning_Visitor,False,False
5,262.5,0,0.0,45,1456.27,0.0,0.04,13.53,0.0,May,2,2,1,4,Returning_Visitor,False,True
3,206.07,0,43.18,9,113.43,0.0,0.02,0.0,0.0,Oct,2,2,1,6,Returning_Visitor,False,False
0,0.0,1,41.5,98,736.65,0.03,0.05,0.0,0.0,Nov,2,2,1,2,Returning_Visitor,False,True
1,20.0,1,0.0,21,736.35,0.03,0.02,42.28,0.0,Nov,2,2,1,13,Returning_Visitor,False,False
1,100.95,1,45.19,28,586.37,0.0,0.0,0.0,0.0,Dec,3,2,6,2,Returning_Visitor,False,True
0,87.31,0,43.25,2,0.0,0.03,0.05,0.0,0.0,May,2,2,6,6,Returning_Visitor,False,False
4,87.47,1,43.18,7,110.3,0.0,0.02,0.0,0.0,Sep,3,2,1,5,New_Visitor,False,False
0,86.91,1,0.0,43,813.8,0.02,0.03,0.0,0.6,May,2,5,1,2,Returning_Visitor,False,False
3,0.0,1,43.18,4,735.11,0.0,0.02,0.0,0.0,May,1,2,2,2,Returning_Visitor,False,False
0,0.0,0,0.0,6,56.0,0.04,0.05,0.0,0.0,May,3,2,3,1,Returning_Visitor,True,False
0,0.0,0,0.0,39,1348.45,0.03,0.02,0.0,0.0,Jul,1,2,1,4,Returning_Visitor,False,False
0,87.13,0,43.16,11,2123.0,0.02,0.04,0.0,0.0,Dec,2,2,1,6,Returning_Visitor,False,False
0,0.0,1,0.0,23,736.23,0.0,0.01,140.66,0.0,Dec,1,8,1,11,Returning_Visitor,False,True
0,0.0,4,43.23,69,735.87,0.01,0.05,0.0,0.0,Dec,3,2,1,2,Returning_Visitor,False,False
0,0.0,0,43.17,26,1685.27,0.03,0.05,0.0,0.0,Mar,2,2,1,3,Returning_Visitor,True,False
10,337.9,1,6.0,123,737.47,0.03,0.05,1.95,0.0,June,2,2,1,2,Returning_Visitor,False,False
3,86.98,1,0.0,8,181.0,0.03,0.05,0.0,0.0,Mar,3,2,1,2,Returning_Visitor,False,False
3,87.03,1,43.16,10,736.63,0.0,0.05,0.0,0.0,Mar,2,2,1,2,Returning_Visitor,False,False
1,0.0,1,92.5,9,359.17,0.0,0.02,58.17,0.0,May,1,1,1,5,New_Visitor,False,True
0,101.4,1,45.21,20,593.7,0.0,0.01,20.83,0.0,Nov,2,2,1,2,Returning_Visitor,True,True
3,86.99,0,43.19,42,562.67,0.01,0.05,0.0,0.0,May,2,2,1,13,Returning_Visitor,False,False
0,0.0,1,0.0,2,734.29,0.0,0.1,0.0,0.0,Mar,1,1,5,3,Returning_Visitor,False,False
0,0.0,1,43.22,27,3178.58,0.03,0.05,0.0,0.0,May,2,2,1,2,Returning_Visitor,False,False
3,86.9,0,43.13,35,737.21,0.03,0.05,0.0,0.0,Nov,2,2,1,2,Returning_Visitor,False,False
0,86.99,1,0.0,32,3837.5,0.03,0.01,0.0,0.0,May,2,2,1,4,Returning_Visitor,False,False
5,76.0,1,0.0,66,744.07,0.0,0.05,9.83,0.0,Dec,2,2,5,2,Returning_Visitor,False,False
3,9.0,1,0.0,106,800.25,0.02,0.03,1.78,0.0,Nov,3,2,1,2,Returning_Visitor,True,True
3,75.05,0,0.0,31,802.31,0.01,0.02,27.38,0.0,Mar,2,2,1,2,Returning_Visitor,True,True
4,365.03,1,41.98,9,461.73,0.03,0.03,33.61,0.0,Aug,2,2,1,2,Returning_Visitor,False,False
4,40.0,1,146.0,56,735.52,0.0,0.01,85.75,0.0,Mar,2,2,2,2,Returning_Visitor,False,False
11,456.23,1,13.0,89,735.9,0.03,0.03,0.0,0.0,Oct,1,1,1,3,Returning_Visitor,False,False
3,0.0,1,0.0,10,1584.25,0.02,0.05,0.0,0.0,Dec,2,2,1,8,Returning_Visitor,False,False
3,157.25,0,43.13,29,2999.72,0.0,0.05,0.0,0.0,Dec,3,2,2,2,Returning_Visitor,False,False
3,43.67,0,43.14,57,4555.02,0.03,0.03,9.1,0.0,May,2,2,1,1,Returning_Visitor,False,False
5,68.0,0,43.24,36,818.5,0.01,0.03,0.0,0.8,May,2,2,1,3,Returning_Visitor,False,False
3,87.38,0,43.26,1,0.0,0.2,0.2,0.0,0.0,June,2,2,1,3,Returning_Visitor,False,False
4,87.43,1,43.24,13,250.17,0.0,0.03,0.0,0.0,Mar,3,2,1,2,Returning_Visitor,False,False
3,190.92,0,0.0,7,603.26,0.02,0.03,0.0,0.0,Nov,1,1,3,2,Returning_Visitor,False,False
3,86.99,1,0.0,7,71.6,0.03,0.07,0.0,0.0,Nov,1,2,1,4,Returning_Visitor,False,False
2,95.0,0,0.0,24,360.54,0.01,0.02,0.0,0.0,Dec,1,2,1,2,Returning_Visitor,False,False
3,0.0,1,0.0,1,0.0,0.2,0.2,0.0,0.0,Nov,2,2,1,1,Returning_Visitor,False,False
0,0.0,1,0.0,48,801.61,0.02,0.04,18.21,0.0,Mar,2,2,7,2,Returning_Visitor,False,False
8,268.25,1,45.27,71,800.73,0.0,0.04,33.87,0.0,Nov,2,2,1,8,Returning_Visitor,False,True
3,87.12,1,43.2,14,469.88,0.0,0.01,0.0,0.0,Mar,2,2,1,2,Returning_Visitor,False,False
1,9.0,0,43.24,22,1889.25,0.0,0.05,0.0,0.0,Aug,2,2,1,6,Returning_Visitor,False,False
3,325.33,4,94.0,39,735.11,0.0,0.05,0.0,0.0,May,1,1,1,3,Returning_Visitor,False,False
3,87.11,1,0.0,15,343.25,0.03,0.03,0.0,0.0,Dec,2,2,4,2,Returning_Visitor,False,False
3,250.8,1,44.96,2,767.06,0.02,0.05,0.0,0.0,Aug,2,2,1,6,New_Visitor,False,False
3,87.27,0,43.21,35,735.04,0.0,0.0,0.0,0.0,Oct,1,2,1,2,Returning_Visitor,True,False
0,101.31,0,45.25,12,802.43,0.01,0.02,14.38,0.0,Sep,3,2,1,2,New_Visitor,False,True
3,101.64,0,0.0,137,799.47,0.0,0.04,81.76,0.0,Dec,2,10,1,1,Returning_Visitor,False,False
2,87.46,0,43.09,8,735.89,0.03,0.02,0.0,0.0,Mar,2,2,1,2,New_Visitor,True,False
1,86.6,1,0.0,14,349.58,0.02,0.0,60.44,0.0,Nov,1,1,1,3,Returning_Visitor,False,True
0,0.0,1,43.23,2,734.34,0.03,0.2,0.0,0.0,June,1,2,3,2,Returning_Visitor,False,False
6,133.47,1,0.0,44,801.81,0.02,0.01,97.86,0.0,Nov,2,2,1,3,Returning_Visitor,True,True
3,87.05,3,18.0,22,734.87,0.03,0.0,0.0,0.0,Oct,2,2,1,2,New_Visitor,True,False
3,101.3,1,0.0,29,1085.9,0.02,0.04,30.55,0.0,Nov,2,2,1,4,New_Visitor,False,True
3,87.12,1,0.0,12,547.33,0.0,0.05,0.0,0.0,Mar,2,2,1,3,Returning_Visitor,False,False
6,87.26,0,43.19,29,735.75,0.01,0.05,0.0,0.0,May,3,2,1,2,Returning_Visitor,True,False
3,22.0,0,0.0,29,735.65,0.03,0.04,0.0,0.0,Nov,3,2,1,2,Returning_Visitor,False,False
6,138.5,1,43.13,27,546.61,0.03,0.03,0.0,0.0,Dec,1,2,1,2,Returning_Visitor,False,False
0,86.96,1,0.0,72,2129.33,0.03,0.02,0.0,0.8,May,2,2,1,6,Returning_Visitor,False,False
2,87.11,1,0.0,16,368.47,0.0,0.05,0.0,0.0,Oct,4,2,4,1,Returning_Visitor,True,False
0,0.0,1,0.0,37,735.65,0.0,0.05,0.0,0.0,Mar,1,1,1,2,Returning_Visitor,True,False
0,0.0,1,0.0,1,0.0,0.2,0.2,0.0,0.0,Dec,3,2,2,2,Other,False,False
0,86.8,1,43.23,58,736.24,0.03,0.03,0.0,0.8,May,2,2,1,4,Returning_Visitor,False,False
2,88.09,1,0.0,17,735.55,0.03,0.02,0.0,0.0,Jul,3,2,3,1,Returning_Visitor,False,False
4,104.0,1,0.0,8,735.49,0.0,0.02,0.0,0.0,Dec,2,2,3,2,New_Visitor,False,False
3,87.04,1,43.16,8,676.0,0.03,0.05,0.0,0.0,May,2,2,2,2,Returning_Visitor,False,False
3,0.0,1,0.0,11,241.0,0.0,0.02,0.0,0.0,Mar,2,2,5,1,Returning_Visitor,False,False
3,0.0,1,0.0,8,240.0,0.0,0.03,58.79,0.2,May,2,2,1,2,Returning_Visitor,False,True
4,52.0,1,7.0,46,3087.0,0.0,0.02,16.95,0.0,Mar,2,2,1,8,Returning_Visitor,False,True
6,141.5,3,474.5,46,735.29,0.0,0.05,6.08,0.0,May,1,1,1,4,Returning_Visitor,True,False
7,87.37,1,100.25,62,735.11,0.0,0.05,0.0,0.0,Mar,2,2,6,2,Returning_Visitor,True,False
3,99.0,0,0.0,23,831.69,0.0,0.05,0.0,0.0,May,3,2,1,2,Returning_Visitor,False,False
0,0.0,1,45.18,30,1438.0,0.02,0.01,100.17,0.0,Nov,4,1,1,3,Returning_Visitor,False,True
3,87.28,1,0.0,25,1294.18,0.01,0.03,0.0,0.0,May,3,2,1,2,Returning_Visitor,False,False
3,86.96,1,0.0,3,77.0,0.0,0.07,0.0,0.0,Mar,4,2,1,2,Returning_Visitor,False,False
0,0.0,1,43.19,10,735.73,0.03,0.01,0.0,0.0,Mar,1,1,1,2,Returning_Visitor,True,False
3,88.42,6,459.0,17,1370.07,0.03,0.04,0.0,0.0,May,1,1,1,1,Returning_Visitor,False,False
1,10.0,1,43.22,39,735.66,0.03,0.05,0.0,0.0,Mar,3,2,1,3,Returning_Visitor,False,False
3,7.0,0,0.0,39,1118.83,0.01,0.02,0.0,0.0,Nov,2,2,1,13,Returning_Visitor,False,False
3,20.0,0,45.25,57,799.57,0.0,0.03,5.3,0.0,May,2,2,1,2,Returning_Visitor,False,False
8,101.53,1,285.62,31,1622.88,0.01,0.02,15.26,0.0,Dec,3,2,1,2,Returning_Visitor,False,False
11,362.3,1,44.98,41,1081.71,0.01,0.03,27.51,0.0,Sep,2,2,1,1,Returning_Visitor,True,False
3,0.0,0,0.0,12,1952.75,0.03,0.07,0.0,0.0,Nov,2,4,8,2,Returning_Visitor,False,False
7,101.28,0,0.0,264,800.52,0.02,0.04,8.83,0.0,Nov,2,2,1,2,Returning_Visitor,False,False
2,146.9,0,0.0,45,6707.54,0.03,0.05,4.02,0.0,Oct,2,2,8,2,Returning_Visitor,False,False
6,87.42,1,43.21,12,343.0,0.02,0.03,0.0,0.0,Mar,1,2,1,2,Returning_Visitor,False,False
1,101.45,0,0.0,6,140.7,0.02,0.01,15.89,0.0,Jul,2,10,3,2,Returning_Visitor,False,True
1,112.8,1,45.23,8,801.46,0.02,0.04,28.7,0.0,Oct,1,1,6,2,New_Visitor,False,True
1,38.2,1,45.22,21,1290.5,0.0,0.0,86.12,0.0,Nov,2,2,9,2,Returning_Visitor,False,True
6,141.0,1,16.0,143,800.37,0.02,0.04,5.38,0.0,Nov,2,2,1,2,Returning_Visitor,False,False
3,152.5,5,243.5,43,3065.95,0.02,0.04,3.31,0.0,Mar,1,2,1,1,Returning_Visitor,True,True
4,94.23,2,72.0,145,740.01,0.03,0.05,0.27,0.0,Aug,2,2,1,1,Returning_Visitor,False,False
3,86.98,1,0.0,12,272.67,0.03,0.01,0.0,0.0,May,3,2,1,2,New_Visitor,False,False
3,0.0,0,0.0,18,736.61,0.11,0.05,0.0,1.0,May,3,2,4,2,Returning_Visitor,False,False
3,86.88,1,0.0,25,280.93,0.0,0.02,0.0,0.4,May,2,2,1,2,Returning_Visitor,False,False
3,63.0,1,43.2,5,95.5,0.0,0.03,0.0,0.0,Mar,3,2,1,2,New_Visitor,False,False
3,87.0,0,43.32,1,0.0,0.0,0.2,0.0,0.0,Jul,1,1,4,2,Returning_Visitor,False,False
3,53.4,1,45.24,3,292.0,0.0,0.0,0.0,0.0,Nov,2,2,1,4,Returning_Visitor,False,False
3,87.17,0,0.0,6,330.0,0.07,0.1,0.0,0.0,Mar,3,2,8,10,Returning_Visitor,False,False
3,34.5,1,43.22,22,279.83,0.01,0.01,0.0,0.0,Nov,2,2,1,2,Other,False,False
3,0.0,1,0.0,1,0.0,0.2,0.2,0.0,0.0,Aug,3,2,1,2,Returning_Visitor,False,False
3,87.36,0,0.0,6,735.31,0.0,0.02,0.0,0.0,May,3,2,1,2,Returning_Visitor,False,False
4,149.25,1,0.0,27,1212.81,0.02,0.02,14.89,0.0,Mar,2,2,7,2,Returning_Visitor,False,True
3,101.57,8,353.33,45,2003.42,0.02,0.01,5.58,0.0,Mar,2,2,1,2,Returning_Visitor,False,True
7,150.36,1,9.0,221,735.93,0.03,0.05,1.58,0.0,Nov,2,2,1,2,Returning_Visitor,True,True
3,0.0,0,0.0,9,734.63,0.08,0.09,0.0,0.0,May,1,1,3,2,Returning_Visitor,False,False
3,31.71,1,4.0,51,946.39,0.02,0.04,10.37,0.0,Nov,1,2,3,2,Returning_Visitor,False,False
3,87.08,0,43.29,5,735.73,0.0,0.04,0.0,0.0,Mar,2,2,1,2,Returning_Visitor,False,False
3,87.49,1,43.18,20,910.41,0.03,0.0,0.0,0.0,Nov,2,2,1,2,New_Visitor,True,False
3,87.05,0,0.0,16,218.0,0.03,0.03,0.0,0.0,Oct,1,2,6,4,Returning_Visitor,False,False
3,87.45,0,0.0,15,482.0,0.01,0.05,0.0,0.0,Mar,2,2,1,1,Returning_Visitor,False,False
1,0.0,0,0.0,28,219.8,0.03,0.04,0.0,0.0,Nov,2,2,1,2,Returning_Visitor,False,False
3,0.0,0,43.22,11,734.71,0.03,0.07,0.0,0.0,Nov,1,1,4,3,Returning_Visitor,False,False
3,110.5,1,43.29,10,284.0,0.03,0.05,0.0,1.0,May,1,2,1,11,Returning_Visitor,False,False
3,101.16,0,0.0,7,354.5,0.03,0.04,0.0,0.0,Nov,2,2,1,2,Returning_Visitor,False,False
3,237.0,3,43.23,16,379.3,0.02,0.05,0.0,0.0,Oct,7,2,1,3,Returning_Visitor,False,False
2,87.54,0,43.2,4,86.75,0.03,0.02,0.0,0.0,May,3,2,6,5,New_Visitor,False,False
3,45.8,0,0.0,63,736.39,0.01,0.02,0.0,0.0,Jul,3,2,4,3,Returning_Visitor,False,False
3,87.43,1,1778.0,362,737.15,0.03,0.05,0.0,0.0,May,2,2,1,19,Returning_Visitor,True,False
0,0.0,0,0.0,29,1211.17,0.03,0.01,0.0,0.0,Nov,2,2,1,2,New_Visitor,False,True
6,140.0,1,45.38,52,781.79,0.0,0.01,4.5,0.0,May,3,2,4,11,Returning_Visitor,False,False
6,262.25,1,298.0,49,801.81,0.0,0.03,43.36,0.0,Mar,1,1,1,2,Returning_Visitor,False,True
0,0.0,0,0.0,52,736.1,0.03,0.03,0.0,0.0,May,2,2,1,13,Returning_Visitor,False,False
0,87.37,1,14.0,19,735.63,0.03,0.05,0.0,0.0,Nov,8,13,1,2,Returning_Visitor,False,False
0,100.81,0,45.06,12,801.35,0.02,0.04,0.0,0.0,Nov,2,2,3,2,Returning_Visitor,False,True
2,40.25,1,44.99,23,802.4,0.02,0.03,24.08,0.0,Dec,1,2,1,8,Returning_Visitor,False,True
0,0.0,1,0.0,32,1658.12,0.0,0.01,19.61,0.0,Nov,2,2,1,10,Returning_Visitor,False,False
1,87.44,0,0.0,11,213.0,0.05,0.07,0.0,0.0,Nov,2,2,1,2,Returning_Visitor,False,False
3,87.06,1,43.29,1,735.08,0.2,0.05,0.0,0.8,May,2,2,1,2,Returning_Visitor,False,False
3,0.0,1,43.14,29,4279.97,0.04,0.05,0.0,0.0,Dec,2,2,1,2,Returning_Visitor,False,False
3,0.0,0,43.16,10,229.25,0.03,0.06,0.0,0.0,Mar,1,1,1,2,Returning_Visitor,False,False
0,0.0,1,45.23,17,557.4,0.0,0.01,83.93,0.0,Sep,2,2,1,2,New_Visitor,False,True
3,100.92,0,0.0,9,735.22,0.0,0.05,0.0,0.0,Oct,3,2,1,1,Returning_Visitor,False,False
2,87.25,0,43.21,51,2855.17,0.03,0.05,0.0,0.0,Nov,2,2,1,3,Returning_Visitor,False,False
4,87.18,1,43.21,21,452.81,0.04,0.05,0.0,0.0,May,3,2,4,2,Returning_Visitor,False,False
0,0.0,1,45.02,27,393.79,0.02,0.03,0.0,0.0,Nov,3,2,1,11,New_Visitor,False,False
3,0.0,0,43.26,3,734.58,0.07,0.05,0.0,0.0,Mar,3,2,1,3,Returning_Visitor,False,False
2,87.0,1,0.0,5,274.7,0.0,0.01,0.0,0.0,Jul,1,2,5,2,New_Visitor,False,False
3,170.15,0,43.08,11,71.35,0.0,0.05,0.0,0.0,Aug,2,2,1,2,New_Visitor,False,False
3,87.16,0,43.3,2,733.69,0.0,0.1,0.0,0.0,Nov,3,2,3,3,Returning_Visitor,False,False
5,87.44,2,64.0,33,964.05,0.0,0.05,0.0,0.0,May,3,2,7,2,Returning_Visitor,False,False
2,87.13,0,0.0,26,535.35,0.03,0.01,0.0,0.0,Mar,2,2,3,10,Returning_Visitor,False,False
3,4.33,0,0.0,3,14.33,0.01,0.05,0.0,0.0,June,4,2,1,5,Returning_Visitor,False,True
3,0.0,1,0.0,6,735.41,0.03,0.04,0.0,0.0,Mar,3,2,3,2,Returning_Visitor,False,False
1,216.6,0,43.11,34,734.86,0.01,0.01,0.0,0.0,Nov,1,2,8,2,Returning_Visitor,False,False
3,318.67,1,45.15,32,1205.58,0.02,0.04,37.61,0.0,May,2,2,1,2,Returning_Visitor,True,False
3,86.93,1,0.0,16,736.11,0.0,0.02,0.0,0.0,May,2,2,1,2,Returning_Visitor,False,False
7,73.23,1,0.0,310,801.72,0.02,0.04,0.1,0.0,Jul,4,2,1,4,Returning_Visitor,False,True
3,138.92,1,0.0,14,1352.75,0.0,0.05,0.0,0.0,Dec,2,2,1,2,Returning_Visitor,False,False
3,89.75,2,44.06,31,734.59,0.01,0.03,0.0,0.0,Sep,1,2,3,2,Returning_Visitor,True,False
3,101.22,2,255.0,137,2668.73,0.02,0.04,0.0,0.0,Nov,2,2,1,2,Returning_Visitor,False,False
0,0.0,0,43.16,7,736.41,0.0,0.03,0.0,0.0,Mar,2,2,1,2,Returning_Visitor,False,False
0,86.91,0,43.2,7,735.62,0.0,0.03,0.0,0.0,May,4,2,8,3,Returning_Visitor,True,False
3,87.13,0,43.21,4,288.43,0.0,0.01,0.0,0.0,Aug,1,2,4,2,Returning_Visitor,False,False
4,134.39,1,191.9,24,741.24,0.0,0.01,5.25,0.0,Oct,3,2,1,2,Returning_Visitor,False,False
3,87.46,1,43.17,1,735.57,0.2,0.2,0.0,0.0,Nov,2,2,8,6,Returning_Visitor,False,False
1,3.0,1,0.0,45,801.42,0.0,0.01,18.12,0.0,May,2,2,1,4,Returning_Visitor,False,False
3,87.29,1,0.0,33,1606.83,0.0,0.05,0.0,0.0,May,3,2,5,2,Returning_Visitor,False,False
0,0.0,1,43.13,34,735.6,0.0,0.02,0.0,0.0,Dec,2,2,1,2,Returning_Visitor,False,False
3,160.0,0,0.0,48,3946.01,0.02,0.04,20.32,0.0,Mar,2,2,1,8,Returning_Visitor,False,True
0,0.0,1,43.22,4,63.0,0.03,0.05,0.0,0.2,Feb,2,2,1,2,Returning_Visitor,False,False
2,87.57,0,43.24,16,346.39,0.0,0.03,0.0,0.0,Jul,3,2,3,4,Returning_Visitor,False,False
0,87.06,0,43.12,37,735.99,0.03,0.05,0.0,0.0,Jul,2,2,1,1,Returning_Visitor,False,False
3,95.0,1,0.0,20,1031.08,0.03,0.02,68.2,0.0,Dec,2,2,1,10,Returning_Visitor,False,False
3,87.31,2,43.24,12,144.5,0.01,0.05,0.0,0.0,Dec,2,2,2,2,Returning_Visitor,False,False
3,62.14,0,0.0,23,1046.92,0.0,0.0,17.37,0.0,May,2,2,1,1,Returning_Visitor,False,True
3,109.0,1,0.0,6,131.0,0.0,0.05,0.0,0.0,May,1,1,7,2,New_Visitor,False,False
12,202.25,0,0.0,175,735.79,0.03,0.05,0.0,0.0,Nov,2,2,1,2,Returning_Visitor,True,True
3,114.12,1,13.0,64,1602.94,0.03,0.05,29.88,0.0,Nov,3,2,1,3,Returning_Visitor,False,False
3,0.0,1,0.0,2,734.51,0.03,0.05,0.0,0.0,Mar,3,2,3,1,Returning_Visitor,False,False
3,87.07,1,0.0,9,350.25,0.03,0.04,0.0,0.0,Dec,2,2,1,2,New_Visitor,False,False
3,87.35,1,43.12,8,1188.2,0.0,0.05,0.0,0.0,Oct,1,8,8,2,Returning_Visitor,False,False
0,87.06,1,0.0,64,1690.78,0.01,0.03,0.0,0.0,Dec,1,2,3,2,Returning_Visitor,False,False
0,101.33,0,0.0,26,1435.38,0.0,0.02,20.79,0.0,Dec,2,2,4,2,Returning_Visitor,False,False
8,87.1,0,0.0,26,783.5,0.01,0.05,0.0,0.0,May,1,2,1,15,Returning_Visitor,True,False
15,317.02,3,126.75,238,736.08,0.03,0.05,6.56,0.0,Nov,2,4,1,1,Returning_Visitor,True,True
3,214.6,0,0.0,59,1992.73,0.02,0.04,13.18,0.0,Aug,2,2,1,2,Returning_Visitor,False,False
1,2.0,0,0.0,143,5149.44,0.03,0.05,0.0,0.0,Nov,2,2,1,1,Returning_Visitor,True,False
3,67.0,0,43.15,7,274.25,0.03,0.04,0.0,0.0,May,3,2,1,2,Returning_Visitor,False,False
2,29.5,1,45.21,36,801.79,0.02,0.02,68.25,0.0,Dec,3,2,1,2,Returning_Visitor,False,False
3,61.0,1,0.0,16,502.5,0.0,0.01,71.94,0.0,May,4,1,2,3,Returning_Visitor,True,True
3,87.05,0,0.0,19,364.53,0.0,0.05,0.0,0.0,Nov,1,1,3,2,Returning_Visitor,False,False
3,150.13,0,0.0,17,231.0,0.02,0.05,0.0,0.0,Sep,3,2,3,3,Returning_Visitor,False,False
0,0.0,1,0.0,29,2064.77,0.02,0.04,0.0,0.0,June,2,4,1,1,Returning_Visitor,False,False
3,86.88,0,0.0,15,310.17,0.0,0.01,0.0,0.0,Feb,1,2,4,2,Returning_Visitor,False,False
3,87.52,0,0.0,16,1098.0,0.02,0.05,0.0,0.0,May,3,2,2,2,Returning_Visitor,False,False
0,86.71,0,43.24,28,341.46,0.0,0.01,0.0,0.0,Dec,2,4,1,10,New_Visitor,False,False
3,19.0,1,43.18,4,735.79,0.0,0.02,0.0,0.0,Dec,1,1,1,2,Returning_Visitor,False,False
1,4.0,1,0.0,18,631.67,0.0,0.03,56.32,0.0,May,2,2,1,3,Returning_Visitor,False,True
3,87.06,0,0.0,5,734.82,0.04,0.12,0.0,0.0,May,1,2,1,4,Returning_Visitor,False,False
3,17.0,0,0.0,7,1093.0,0.04,0.11,0.0,0.0,Mar,2,2,3,2,Returning_Visitor,False,False
3,0.0,1,43.22,21,405.71,0.01,0.05,0.0,0.0,Feb,1,2,1,4,Returning_Visitor,False,False
3,82.5,0,43.24,16,299.5,0.0,0.05,0.0,0.0,Dec,1,1,4,2,Returning_Visitor,False,False
3,0.0,1,0.0,13,151.0,0.01,0.05,0.0,1.0,May,1,1,1,1,Returning_Visitor,False,False
3,356.5,1,42.99,15,1992.92,0.03,0.01,17.85,0.0,Dec,2,2,1,2,Returning_Visitor,False,True
5,47.07,0,0.0,58,1660.35,0.02,0.04,12.6,0.0,May,2,1,1,3,Returning_Visitor,True,False
3,31.5,1,43.18,3,32.83,0.0,0.05,0.0,0.0,Dec,2,2,9,2,New_Visitor,False,False
5,154.2,0,0.0,12,269.54,0.0,0.05,0.0,0.0,Aug,3,2,1,2,Returning_Visitor,False,False
3,7.0,1,43.16,28,736.17,0.03,0.05,0.0,1.0,May,2,2,1,3,Returning_Visitor,True,False
3,0.0,1,43.25,12,425.17,0.0,0.02,0.0,0.0,Mar,1,2,6,10,Returning_Visitor,False,False
3,87.16,1,0.0,21,685.17,0.03,0.04,0.0,0.0,Nov,1,2,1,1,Returning_Visitor,True,True
3,87.03,0,0.0,11,1435.0,0.03,0.05,0.0,0.0,May,2,2,1,2,Returning_Visitor,True,False
3,87.18,0,43.22,6,84.0,0.03,0.03,0.0,0.0,Mar,1,2,1,2,Returning_Visitor,False,False
9,90.36,1,44.05,63,1345.14,0.03,0.05,2.1,0.0,Jul,2,2,9,2,Returning_Visitor,False,False
1,87.31,0,43.15,6,735.41,0.0,0.01,0.0,0.0,Dec,2,2,1,2,New_Visitor,False,False
5,145.0,1,349.0,33,750.01,0.01,0.05,16.58,0.0,Nov,2,2,7,1,Returning_Visitor,False,True
3,87.08,0,0.0,17,735.67,0.01,0.05,0.0,0.0,Mar,1,2,1,2,Returning_Visitor,False,False
0,0.0,1,45.21,13,1314.08,0.02,0.01,103.06,0.0,Dec,8,13,1,20,Returning_Visitor,False,True
3,42.5,0,45.31,54,5972.42,0.0,0.04,70.34,0.0,Nov,2,6,1,3,Returning_Visitor,False,True
3,0.0,0,43.16,33,1239.5,0.07,0.05,0.0,1.0,May,2,2,1,2,Returning_Visitor,True,False
0,0.0,1,43.25,5,215.0,0.04,0.08,0.0,0.6,May,3,2,1,2,Returning_Visitor,False,False
3,0.0,1,43.2,4,51.5,0.0,0.05,0.0,0.0,Dec,2,2,1,2,Returning_Visitor,False,False
3,0.0,0,0.0,11,925.9,0.02,0.03,0.0,0.0,Nov,3,2,2,2,Returning_Visitor,False,False
0,87.19,1,43.19,5,735.42,0.0,0.04,0.0,0.0,Dec,2,2,8,2,Returning_Visitor,True,False
3,40.0,0,43.23,4,735.57,0.0,0.03,0.0,0.2,May,4,2,1,2,Returning_Visitor,False,False
2,256.0,0,43.2,14,736.64,0.0,0.01,0.0,0.0,May,3,3,8,11,New_Visitor,False,False
2,57.5,1,45.21,16,802.32,0.0,0.01,143.48,0.0,Dec,2,2,9,2,Returning_Visitor,True,True
3,0.0,0,43.19,2,734.11,0.2,0.2,0.0,0.0,Jul,1,1,3,2,Returning_Visitor,False,False
2,56.73,0,43.22,33,734.99,0.0,0.05,0.0,0.0,Oct,4,2,3,2,New_Visitor,False,False
0,0.0,1,0.0,6,735.96,0.06,0.07,0.0,0.0,May,3,2,4,20,Returning_Visitor,False,False
3,445.33,1,45.36,52,1896.27,0.02,0.04,3.8,0.0,Mar,3,2,6,2,Returning_Visitor,False,False
3,0.0,1,3.0,29,1005.95,0.01,0.05,0.0,0.8,May,2,2,5,2,Returning_Visitor,False,False
1,37.2,0,43.2,14,387.77,0.01,0.03,0.0,0.0,Oct,1,2,3,2,Returning_Visitor,False,False
3,0.0,1,43.25,18,902.0,0.03,0.01,0.0,0.0,Feb,2,7,1,2,Returning_Visitor,False,False
3,0.0,0,0.0,46,735.58,0.03,0.03,0.0,0.0,Nov,1,2,1,2,Returning_Visitor,False,False
0,87.1,1,0.0,2,8.0,0.0,0.1,0.0,0.0,Mar,2,2,5,2,Returning_Visitor,True,False
11,188.83,3,27.0,64,800.24,0.02,0.02,48.61,0.0,Nov,1,1,1,3,Returning_Visitor,False,True
3,234.3,0,0.0,2,770.37,0.0,0.04,0.0,0.0,Oct,1,1,8,5,New_Visitor,True,False
0,87.57,0,0.0,1,0.0,0.2,0.2,0.0,0.0,Sep,1,2,2,2,Returning_Visitor,False,False
0,87.36,1,43.24,1,735.41,0.03,0.05,0.0,0.0,Nov,3,2,1,1,Returning_Visitor,False,False
1,87.28,0,0.0,55,1893.65,0.01,0.04,0.0,0.0,Nov,3,2,1,2,Returning_Visitor,True,False
0,86.94,0,43.18,16,360.0,0.0,0.05,0.0,0.0,May,2,2,2,2,Returning_Visitor,False,False
3,86.73,1,0.0,3,11.0,0.03,0.17,0.0,0.6,May,2,4,1,2,Returning_Visitor,False,False
7,155.9,0,43.18,25,734.96,0.0,0.03,14.12,0.0,Dec,2,4,7,2,Returning_Visitor,False,False
0,0.0,1,43.19,16,2515.1,0.05,0.07,0.0,0.0,May,3,2,2,3,Returning_Visitor,False,False
8,574.55,0,0.0,15,571.42,0.03,0.05,0.0,0.0,Oct,3,2,4,2,Returning_Visitor,False,False
3,87.27,1,43.24,3,0.0,0.03,0.2,0.0,0.0,Nov,1,2,1,2,Returning_Visitor,False,False
6,358.08,1,18.0,93,779.3,0.02,0.05,0.0,0.0,Nov,2,2,1,1,Returning_Visitor,False,False
1,87.11,1,0.0,11,297.3,0.0,0.04,0.0,0.0,May,2,2,1,2,Returning_Visitor,False,False
0,0.0,1,0.0,68,809.25,0.02,0.04,109.91,0.0,Mar,2,5,4,2,Returning_Visitor,False,True
0,0.0,1,0.0,9,531.0,0.0,0.01,0.0,0.8,May,4,1,1,2,Returning_Visitor,False,False
3,0.0,1,43.24,6,234.5,0.1,0.13,0.0,0.0,Nov,1,2,1,10,Returning_Visitor,False,False
3,127.0,0,0.0,13,473.5,0.02,0.05,0.0,0.0,May,1,1,1,2,Returning_Visitor,False,False
3,172.08,0,0.0,21,486.15,0.0,0.04,48.01,0.0,Nov,2,2,1,1,Returning_Visitor,False,True
0,0.0,0,0.0,7,267.0,0.0,0.03,0.0,0.2,May,2,2,7,2,Returning_Visitor,False,False
0,86.8,0,43.08,12,736.02,0.02,0.05,0.0,0.0,Nov,2,2,1,2,Returning_Visitor,False,False
3,87.32,0,0.0,19,733.98,0.03,0.05,0.0,0.0,Mar,1,8,3,2,Returning_Visitor,False,False
3,0.0,1,0.0,8,181.0,0.0,0.05,0.0,1.0,May,1,1,3,2,Returning_Visitor,False,False
3,6.0,0,0.0,24,736.15,0.03,0.06,0.0,0.2,May,2,2,1,2,Returning_Visitor,False,False
11,240.1,1,43.6,33,668.03,0.0,0.02,0.0,0.0,Aug,2,4,7,2,New_Visitor,True,False
0,0.0,1,0.0,31,1087.0,0.0,0.01,0.0,0.0,May,4,2,1,2,Returning_Visitor,False,False
7,101.3,0,45.21,32,1123.69,0.02,0.01,6.59,0.0,May,3,5,7,2,New_Visitor,False,True
3,101.28,1,45.27,22,794.28,0.0,0.02,32.71,0.0,May,2,4,1,1,Returning_Visitor,False,True
0,87.2,1,43.16,5,734.55,0.2,0.05,0.0,0.0,Nov,2,2,2,1,Returning_Visitor,False,False
2,90.0,1,47.5,40,1186.14,0.03,0.01,0.0,0.0,Nov,2,10,1,2,Returning_Visitor,False,False
1,48.0,1,0.0,26,1066.67,0.03,0.04,0.0,0.0,May,3,2,8,11,Returning_Visitor,False,False
3,63.4,1,45.18,3,801.03,0.02,0.0,42.29,0.0,Oct,1,1,1,3,Returning_Visitor,False,True
3,0.0,1,0.0,19,735.92,0.03,0.05,0.0,0.0,May,2,2,1,2,Returning_Visitor,False,False
2,93.0,3,808.5,33,1310.47,0.03,0.04,0.0,0.4,May,2,2,1,2,Returning_Visitor,False,False
3,31.2,0,43.14,4,735.28,0.03,0.06,0.0,0.0,June,2,2,1,2,Returning_Visitor,False,False
0,0.0,0,0.0,42,736.59,0.03,0.03,0.0,0.0,Dec,3,2,1,13,Returning_Visitor,True,False
0,0.0,1,45.21,28,1107.92,0.01,0.01,226.68,0.0,Dec,8,13,1,20,Returning_Visitor,False,True
0,86.51,1,43.32,9,215.0,0.04,0.05,0.0,0.8,Feb,4,2,1,2,Returning_Visitor,False,False
4,101.42,1,0.0,53,802.44,0.01,0.04,1.66,0.0,Mar,3,2,7,2,Returning_Visitor,True,True
1,87.29,0,0.0,30,659.2,0.0,0.01,0.0,0.0,Mar,2,2,3,3,Returning_Visitor,True,False
3,7.0,1,0.0,79,735.81,0.03,0.05,0.0,0.0,Mar,2,2,1,2,Returning_Visitor,False,False
0,0.0,1,0.0,14,736.84,0.01,0.05,0.0,0.6,May,2,2,1,3,Returning_Visitor,False,False
0,87.02,1,43.18,47,736.17,0.0,0.01,0.0,0.0,Dec,2,2,1,2,Returning_Visitor,True,False
3,91.0,1,865.0,27,1244.83,0.0,0.01,0.0,0.0,Mar,2,2,1,2,New_Visitor,True,False
3,86.8,0,43.23,10,735.92,0.03,0.02,0.0,0.6,May,2,4,1,3,Returning_Visitor,False,False
0,87.44,1,0.0,60,735.49,0.03,0.05,0.0,0.0,Aug,2,2,1,1,Returning_Visitor,False,False
3,0.0,0,0.0,7,182.0,0.03,0.05,0.0,0.0,Mar,3,2,1,2,Returning_Visitor,False,False
0,87.0,1,0.0,14,363.32,0.01,0.02,0.0,0.0,Mar,1,2,1,2,Returning_Visitor,False,False
2,87.5,1,43.2,2,161.2,0.0,0.05,0.0,0.0,Aug,2,2,1,1,Returning_Visitor,False,False
3,182.0,1,0.0,15,484.0,0.0,0.05,0.0,0.0,May,2,6,1,3,Returning_Visitor,False,False
3,56.6,1,0.0,55,1058.34,0.0,0.01,37.21,0.0,Nov,2,2,1,3,Returning_Visitor,False,True
0,0.0,1,0.0,111,738.0,0.03,0.05,0.0,0.0,Nov,2,2,1,2,Returning_Visitor,False,False
1,87.32,0,43.13,2,735.43,0.0,0.05,0.0,0.0,Dec,3,2,1,2,Returning_Visitor,False,False
3,87.27,1,43.29,6,4.0,0.03,0.16,0.0,0.6,May,3,2,1,13,Returning_Visitor,False,False
3,15.0,0,0.0,29,735.15,0.01,0.05,0.0,0.8,May,2,2,1,2,Returning_Visitor,False,False
0,0.0,1,0.0,30,685.75,0.0,0.05,0.0,0.0,Dec,2,2,1,3,Returning_Visitor,False,False
1,0.0,1,0.0,17,735.61,0.05,0.1,0.0,0.0,Mar,2,2,1,2,Returning_Visitor,False,False
3,262.02,0,0.0,25,739.33,0.0,0.03,2.37,0.0,Sep,2,2,1,2,Returning_Visitor,False,False
5,587.0,0,0.0,125,736.87,0.03,0.05,0.0,0.6,May,3,2,1,2,Returning_Visitor,False,False
1,125.0,0,0.0,24,677.33,0.0,0.03,0.0,0.0,Nov,3,2,8,1,Returning_Visitor,False,False
3,87.27,1,43.16,36,766.22,0.03,0.05,0.0,0.0,Dec,3,2,3,2,Returning_Visitor,False,False
3,92.6,1,0.0,30,1126.39,0.02,0.01,67.18,0.0,Nov,2,2,1,6,Returning_Visitor,False,True
1,218.6,1,0.0,19,735.86,0.0,0.01,0.0,0.0,Aug,3,2,1,2,Returning_Visitor,False,False
5,87.44,0,0.0,34,735.52,0.03,0.05,0.0,0.0,Dec,2,2,2,1,Returning_Visitor,False,False
0,0.0,0,0.0,101,739.89,0.0,0.05,0.0,0.0,Oct,2,2,1,2,Returning_Visitor,False,False
3,87.41,1,28.5,39,1028.78,0.0,0.01,0.0,0.0,Dec,2,2,1,2,Returning_Visitor,False,False
2,87.2,0,43.16,9,163.38,0.0,0.02,0.0,0.0,Dec,1,2,3,2,New_Visitor,False,False
0,86.98,1,43.18,6,64.33,0.0,0.05,0.0,0.8,May,2,2,1,2,Returning_Visitor,False,False
3,87.5,1,43.24,8,735.35,0.0,0.01,0.0,0.0,Mar,3,2,1,2,Returning_Visitor,False,False
0,87.29,1,43.2,15,384.0,0.0,0.01,0.0,0.0,Dec,3,2,1,2,New_Visitor,False,False
3,86.97,0,0.0,39,735.98,0.03,0.05,0.0,0.0,May,4,2,3,13,Returning_Visitor,False,False
3,87.56,1,43.25,1,735.08,0.2,0.2,0.0,0.0,Mar,3,2,3,1,Returning_Visitor,True,False
0,0.0,0,45.11,25,802.91,0.0,0.04,0.0,0.0,Nov,2,2,3,2,Returning_Visitor,False,False
5,116.0,1,43.08,31,735.72,0.01,0.05,0.0,0.0,Dec,3,2,1,2,Returning_Visitor,False,False
3,87.13,1,0.0,33,947.42,0.03,0.05,0.0,0.0,Nov,2,2,1,2,Returning_Visitor,False,False
2,87.43,0,0.0,47,736.71,0.01,0.03,0.0,0.0,Oct,2,2,1,2,Returning_Visitor,False,False
3,87.08,1,43.19,15,293.0,0.02,0.03,0.0,0.0,Nov,2,2,7,1,Returning_Visitor,False,False
0,0.0,0,43.24,21,736.23,0.04,0.07,0.0,0.4,May,2,4,1,3,Returning_Visitor,False,False
0,0.0,0,43.17,21,735.81,0.03,0.04,0.0,0.0,Mar,1,1,1,1,Returning_Visitor,False,False
1,81.6,0,43.2,10,107.2,0.02,0.05,0.0,0.0,Oct,2,2,3,2,Returning_Visitor,False,False
0,0.0,0,43.36,5,735.88,0.03,0.01,0.0,0.0,Nov,2,4,7,1,Returning_Visitor,False,True
2,87.25,1,43.24,14,237.75,0.03,0.02,0.0,0.0,Dec,2,2,1,2,New_Visitor,False,False
7,645.67,1,0.0,25,735.72,0.01,0.02,0.0,0.0,Nov,1,1,1,1,Returning_Visitor,False,False
0,0.0,0,43.21,17,735.76,0.01,0.04,0.0,0.0,Mar,2,4,1,2,Returning_Visitor,False,False
3,92.0,0,43.19,91,4155.62,0.03,0.05,0.0,0.0,Nov,1,2,1,2,Returning_Visitor,True,False
15,101.4,7,243.28,169,799.95,0.02,0.04,0.74,0.0,Nov,1,2,1,2,Returning_Visitor,True,False
0,0.0,1,43.2,12,129.0,0.0,0.05,0.0,0.0,Feb,1,1,3,2,Returning_Visitor,False,False
0,0.0,1,0.0,12,404.0,0.0,0.03,0.0,0.0,May,2,4,6,1,Returning_Visitor,False,False
0,0.0,0,43.18,1,734.89,0.2,0.2,0.0,0.0,June,1,2,1,5,Returning_Visitor,False,False
7,87.32,0,0.0,56,735.19,0.03,0.05,0.0,0.0,June,3,2,1,4,Returning_Visitor,False,False
2,38.0,1,0.0,11,713.0,0.0,0.02,113.98,0.0,May,2,2,1,2,Returning_Visitor,False,True
1,87.19,0,43.25,15,430.5,0.0,0.05,0.0,0.0,May,2,4,7,2,Returning_Visitor,False,False
0,101.19,0,0.0,21,801.69,0.02,0.04,23.82,0.0,Nov,2,2,1,2,Returning_Visitor,False,True
3,0.0,1,43.19,10,274.3,0.03,0.06,0.0,0.0,June,2,2,1,3,Returning_Visitor,False,False
0,101.33,0,0.0,125,801.0,0.02,0.01,0.0,0.0,Nov,2,2,1,2,Returning_Visitor,False,False
0,0.0,1,43.25,1,0.0,0.03,0.2,0.0,0.0,Mar,3,2,1,2,Returning_Visitor,False,False
3,180.13,1,34.2,27,736.28,0.03,0.05,0.0,0.0,Oct,3,2,1,13,Returning_Visitor,False,False
3,44.3,1,0.0,44,2747.62,0.02,0.05,0.0,0.0,Nov,2,2,1,2,Returning_Visitor,False,False
0,0.0,0,43.19,12,736.08,0.03,0.07,0.0,0.0,Mar,2,2,1,3,Returning_Visitor,False,False
0,0.0,1,0.0,24,801.73,0.02,0.0,106.25,0.0,Nov,1,1,1,2,Returning_Visitor,False,True
0,87.05,1,0.0,24,806.12,0.0,0.02,0.0,0.0,Nov,1,1,6,3,Returning_Visitor,False,False
3,101.51,1,30.0,27,1150.19,0.0,0.01,23.55,0.0,May,2,2,1,2,Returning_Visitor,False,True
0,87.07,1,0.0,12,645.92,0.0,0.05,0.0,0.0,Mar,1,1,1,2,Returning_Visitor,False,False
6,87.71,0,0.0,8,736.36,0.03,0.07,0.0,0.0,June,3,2,3,2,Returning_Visitor,False,False
3,3.0,0,45.09,9,133.37,0.05,0.04,4.76,0.0,Jul,3,2,4,1,Returning_Visitor,False,True
3,0.0,0,0.0,39,1168.62,0.0,0.05,0.0,0.0,Nov,1,1,1,3,Returning_Visitor,False,False
3,87.83,0,0.0,6,736.39,0.05,0.04,0.0,0.0,Dec,3,2,5,3,Returning_Visitor,False,False
3,87.19,1,43.19,19,543.78,0.03,0.0,0.0,0.0,May,3,2,3,11,Returning_Visitor,True,False
1,100.94,0,0.0,13,804.33,0.02,0.0,42.29,0.0,Jul,2,2,1,2,Returning_Visitor,False,False
3,0.0,0,43.19,24,736.34,0.05,0.08,0.0,0.0,May,2,2,1,11,Returning_Visitor,True,False
3,424.0,0,43.31,3,61.5,0.03,0.05,0.0,0.0,Dec,2,4,4,2,New_Visitor,False,False
3,0.0,0,43.2,1,0.0,0.03,0.2,0.0,0.6,May,1,2,4,2,Returning_Visitor,False,False
3,238.05,5,1488.0,104,799.85,0.02,0.04,1.56,0.0,Nov,1,2,3,10,Returning_Visitor,False,True
3,0.0,0,0.0,4,0.0,0.2,0.2,0.0,0.4,Feb,2,2,1,2,Returning_Visitor,False,False
3,87.31,1,0.0,8,429.0,0.0,0.05,0.0,0.0,May,2,2,1,2,Returning_Visitor,False,False
4,57.3,1,43.12,25,488.72,0.02,0.07,0.0,0.0,June,2,2,1,1,Returning_Visitor,False,False
3,87.22,0,43.2,2,0.0,0.03,0.1,0.0,0.0,May,2,2,1,2,Returning_Visitor,False,False
3,87.36,0,0.0,2,19.25,0.04,0.05,0.0,0.0,Dec,1,2,3,2,New_Visitor,False,True
0,87.23,1,0.0,4,247.0,0.0,0.05,0.0,0.2,May,2,2,1,2,Returning_Visitor,False,False
3,87.45,0,0.0,7,950.0,0.02,0.05,0.0,0.0,May,3,2,2,2,Returning_Visitor,False,False
3,0.0,1,131.0,36,868.42,0.02,0.04,33.85,0.0,May,3,2,1,2,Returning_Visitor,True,True
3,87.74,0,0.0,5,436.5,0.0,0.05,0.0,0.0,Mar,7,1,1,2,New_Visitor,True,False
3,17.5,1,43.16,15,735.27,0.03,0.02,0.0,0.0,Nov,2,2,3,2,Returning_Visitor,True,False
3,0.0,0,0.0,15,455.5,0.03,0.01,0.0,0.0,May,2,2,1,2,Returning_Visitor,False,False
4,132.67,0,0.0,25,773.56,0.0,0.03,5.17,0.0,May,3,2,2,2,Returning_Visitor,False,True
3,18.0,0,0.0,5,298.0,0.03,0.03,0.0,0.8,Feb,2,2,8,4,Returning_Visitor,False,False
3,87.56,0,43.18,15,257.17,0.03,0.05,0.0,0.0,Dec,3,2,7,2,Returning_Visitor,False,False
4,147.5,1,45.27,25,788.27,0.02,0.03,16.71,0.0,May,2,2,3,3,Returning_Visitor,False,True
7,164.58,1,28.5,115,801.59,0.02,0.04,4.97,0.0,Nov,2,2,1,10,Returning_Visitor,False,True
3,87.32,1,43.22,1,0.0,0.03,0.2,0.0,0.0,Nov,3,2,9,2,Returning_Visitor,False,False
3,113.5,1,0.0,37,1344.34,0.02,0.01,11.78,0.0,Dec,2,2,3,2,New_Visitor,False,True
3,101.33,1,0.0,11,353.9,0.02,0.04,10.02,0.0,Oct,2,2,1,1,Returning_Visitor,False,False
3,19.4,1,45.24,10,136.07,0.0,0.04,0.0,0.0,Sep,2,2,1,2,Returning_Visitor,False,False
0,87.43,0,0.0,7,735.23,0.01,0.07,0.0,0.0,May,3,2,1,2,Returning_Visitor,False,False
3,30.0,1,0.0,10,121.0,0.02,0.05,0.0,0.0,May,3,2,3,2,New_Visitor,False,False
3,0.0,0,0.0,3,21.25,0.0,0.07,0.0,0.0,Nov,3,2,1,2,Returning_Visitor,True,False
7,109.04,1,0.0,35,1136.08,0.02,0.01,46.22,0.0,Nov,3,2,1,3,Returning_Visitor,False,True
0,0.0,1,0.0,62,736.2,0.06,0.05,0.0,1.0,May,3,2,3,13,Returning_Visitor,False,False
3,87.59,2,3.0,33,735.61,0.0,0.05,0.0,0.0,Mar,2,4,1,2,Returning_Visitor,True,False
0,86.97,1,0.0,1,735.16,0.2,0.2,0.0,0.0,Mar,1,2,1,2,Returning_Visitor,False,False
3,86.77,0,0.0,30,1184.5,0.03,0.05,0.0,0.6,May,4,2,1,2,Returning_Visitor,False,False
1,103.35,0,0.0,30,1584.3,0.0,0.02,3.36,0.0,May,3,2,9,4,Returning_Visitor,True,False
12,275.52,2,288.38,60,1276.59,0.0,0.04,5.45,0.0,Nov,4,1,1,2,Returning_Visitor,False,True
8,87.25,0,43.16,33,1109.88,0.01,0.03,0.0,0.0,Mar,1,2,4,2,Returning_Visitor,False,False
2,87.22,1,0.0,6,558.0,0.0,0.01,0.0,0.0,Mar,2,2,1,2,New_Visitor,False,False
3,87.36,0,43.17,37,734.69,0.03,0.05,0.0,0.0,Sep,1,2,1,2,Returning_Visitor,False,False
0,0.0,0,43.15,7,736.19,0.03,0.06,0.0,0.0,Dec,2,2,1,2,Returning_Visitor,False,False
3,0.0,2,162.5,49,735.74,0.0,0.03,0.0,0.0,Dec,2,2,1,2,Returning_Visitor,False,False
3,53.0,1,97.0,66,735.82,0.03,0.05,0.0,0.0,Mar,2,2,1,2,Returning_Visitor,False,False
2,22.8,1,0.0,81,736.05,0.03,0.01,0.0,0.0,Sep,1,2,1,3,Returning_Visitor,False,True
3,87.68,1,43.27,3,734.73,0.2,0.05,0.0,0.0,June,3,2,1,1,Returning_Visitor,False,False
3,0.0,1,43.22,1,733.27,0.2,0.2,0.0,0.0,Nov,2,2,6,2,Returning_Visitor,False,False
1,20.0,2,39.5,156,799.97,0.02,0.04,0.0,0.0,Nov,1,2,1,2,Returning_Visitor,True,False
0,0.0,0,43.29,11,735.63,0.02,0.04,0.0,1.0,May,3,2,2,2,Returning_Visitor,False,False
3,56.5,1,45.19,12,544.83,0.02,0.01,31.39,0.0,Dec,1,2,1,2,Other,False,False
3,74.0,1,45.24,30,1708.08,0.01,0.04,16.19,0.0,May,2,2,1,2,Returning_Visitor,False,True
5,100.0,1,0.0,7,137.25,0.02,0.05,0.0,0.0,Dec,1,2,3,2,New_Visitor,False,False
3,160.5,1,43.16,22,734.75,0.0,0.02,0.0,0.0,Dec,1,1,2,2,Returning_Visitor,False,False
3,0.0,1,43.28,1,734.69,0.2,0.2,0.0,0.0,Mar,2,4,6,2,Returning_Visitor,False,False
2,21.0,1,802.5,48,735.03,0.03,0.03,0.0,0.0,Nov,2,2,1,2,Returning_Visitor,True,False
0,0.0,0,45.26,62,801.54,0.0,0.01,5.17,0.0,Nov,2,2,1,2,Returning_Visitor,False,True
3,0.0,0,0.0,36,1166.73,0.0,0.04,4.6,0.0,Mar,1,1,1,3,Returning_Visitor,True,True
0,87.15,1,0.0,13,735.74,0.0,0.03,0.0,1.0,May,3,2,1,2,Returning_Visitor,True,False
0,0.0,1,0.0,17,433.13,0.02,0.05,0.0,1.0,May,3,2,4,2,Returning_Visitor,True,False
3,0.0,1,43.23,9,735.71,0.02,0.05,0.0,0.0,May,3,2,1,2,Returning_Visitor,False,False
3,65.4,1,0.0,37,2097.42,0.03,0.05,0.0,0.0,Jul,1,1,5,2,Returning_Visitor,False,False
5,87.27,4,115.25,28,1474.53,0.0,0.01,0.0,0.0,Nov,1,2,1,2,Returning_Visitor,False,False
4,659.51,3,92.7,160,801.32,0.02,0.04,9.45,0.0,Aug,2,2,1,2,Returning_Visitor,False,False
5,1652.0,0,43.17,15,734.65,0.0,0.05,0.0,0.0,Dec,8,13,9,2,Returning_Visitor,False,False
2,10.0,1,69.0,62,735.9,0.03,0.05,0.0,0.8,May,2,5,1,3,Returning_Visitor,False,False
3,0.0,0,43.18,37,356.17,0.03,0.01,0.0,0.4,May,2,2,1,2,Returning_Visitor,False,False
4,69.0,0,0.0,20,1180.0,0.0,0.04,30.53,0.0,May,2,2,6,3,Returning_Visitor,False,True
0,0.0,1,0.0,21,1088.87,0.02,0.01,16.16,0.0,Nov,3,2,1,2,Returning_Visitor,True,True
1,87.4,2,6.5,63,5826.33,0.03,0.05,0.0,0.0,Nov,3,2,1,3,Returning_Visitor,True,False
3,141.0,0,0.0,47,830.34,0.03,0.03,0.0,0.0,Aug,1,2,4,2,Returning_Visitor,False,False
3,87.31,0,43.22,2,734.64,0.2,0.2,0.0,0.0,May,1,2,1,2,Returning_Visitor,False,False
3,139.0,1,43.16,29,736.08,0.0,0.0,0.0,0.0,Mar,2,2,1,2,New_Visitor,True,False
6,129.02,0,0.0,56,735.4,0.03,0.02,0.0,0.0,Nov,1,1,1,10,Returning_Visitor,True,False
3,0.0,1,43.21,21,1277.83,0.01,0.04,0.0,0.0,May,2,2,7,2,Returning_Visitor,False,False
3,67.5,0,43.27,25,735.5,0.03,0.04,0.0,0.0,Nov,1,2,1,3,Returning_Visitor,False,False
3,0.0,1,0.0,8,93.0,0.03,0.05,0.0,0.0,Dec,2,2,3,2,Returning_Visitor,False,False
0,0.0,1,0.0,20,738.09,0.04,0.05,0.0,0.0,Aug,3,2,3,2,Returning_Visitor,True,False
3,87.1,1,43.26,10,579.33,0.0,0.02,0.0,0.0,May,1,1,2,2,Returning_Visitor,False,False
3,87.17,1,98.67,94,735.55,0.03,0.05,0.0,0.0,Nov,2,2,2,3,Returning_Visitor,False,False
3,87.31,1,20.0,39,1721.87,0.03,0.02,16.42,0.0,May,1,2,1,13,Returning_Visitor,False,False
3,82.6,1,0.0,33,598.76,0.0,0.01,0.0,0.0,Sep,2,2,2,1,Returning_Visitor,False,False
0,101.39,1,45.23,39,801.13,0.0,0.04,11.33,0.0,May,2,2,1,2,Returning_Visitor,False,False
3,87.47,1,0.0,2,76.0,0.03,0.05,0.0,0.6,Feb,3,2,3,2,Returning_Visitor,False,False
6,60.14,2,44.53,83,731.38,0.03,0.01,0.0,0.0,Nov,2,2,1,2,Returning_Visitor,True,False
3,238.68,1,45.19,33,802.55,0.0,0.02,19.03,0.0,Sep,3,2,1,2,Returning_Visitor,True,False
3,101.3,1,40.8,72,1548.19,0.02,0.04,1.89,0.0,Aug,2,2,3,2,Returning_Visitor,False,True
3,87.17,1,0.0,1,0.0,0.2,0.05,0.0,0.0,May,2,2,5,2,Returning_Visitor,False,False
0,0.0,0,0.0,145,736.4,0.03,0.05,0.0,0.0,Nov,2,2,1,2,Returning_Visitor,False,True
3,87.29,1,0.0,16,735.96,0.01,0.03,0.0,0.0,Jul,2,2,7,2,Returning_Visitor,True,False
0,86.86,0,0.0,74,736.02,0.0,0.05,0.0,0.0,June,2,2,1,4,Returning_Visitor,False,False
3,61.5,1,43.13,6,736.75,0.03,0.02,0.0,0.2,May,2,2,1,2,Returning_Visitor,False,False
3,99.61,0,0.0,83,801.88,0.02,0.01,6.87,0.0,Mar,2,2,2,2,Returning_Visitor,False,True
3,204.1,1,43.15,5,735.99,0.0,0.01,0.0,0.0,Sep,2,2,1,2,New_Visitor,False,False
0,0.0,1,43.47,19,1120.27,0.02,0.05,11.39,0.0,May,4,1,6,4,Returning_Visitor,False,True
3,28.0,0,0.0,6,170.83,0.03,0.01,0.0,0.0,Mar,3,2,1,2,Returning_Visitor,False,False
16,101.08,1,0.0,101,4484.67,0.02,0.04,3.5,0.0,Dec,3,2,1,10,Returning_Visitor,False,False
4,353.4,1,0.0,11,587.2,0.01,0.04,0.0,0.0,Jul,2,5,1,2,Returning_Visitor,False,False
1,87.28,1,0.0,1,28.0,0.0,0.1,0.0,0.0,Mar,2,2,1,2,Returning_Visitor,False,False
3,87.44,1,0.0,2,63.0,0.0,0.05,0.0,0.0,Mar,3,2,1,1,Returning_Visitor,False,False
0,0.0,1,0.0,13,736.66,0.03,0.06,0.0,0.0,Dec,2,2,3,2,Returning_Visitor,False,False
3,87.12,1,0.0,3,255.0,0.0,0.07,0.0,0.0,Nov,2,5,8,2,Returning_Visitor,True,False
3,87.1,1,43.2,15,735.33,0.05,0.05,0.0,0.0,May,3,2,3,2,Returning_Visitor,False,False
3,87.09,0,0.0,21,736.25,0.01,0.02,0.0,0.0,Dec,2,2,1,2,Returning_Visitor,False,False
3,60.08,1,0.0,24,1204.42,0.01,0.03,46.63,0.0,Dec,2,2,1,6,Returning_Visitor,False,False
3,101.38,1,5.0,30,799.73,0.01,0.04,0.0,0.0,Nov,1,2,1,2,Returning_Visitor,False,False
3,42.17,1,0.0,17,802.69,0.02,0.01,23.51,0.0,May,2,4,7,2,Returning_Visitor,False,False
3,44.0,1,43.18,16,672.5,0.01,0.03,0.0,0.0,Mar,2,2,1,2,Returning_Visitor,True,False
0,0.0,1,0.0,27,1192.23,0.0,0.05,0.0,0.0,May,3,2,3,4,Returning_Visitor,True,False
2,87.28,0,43.17,13,735.56,0.01,0.02,0.0,0.0,Dec,2,5,1,2,Returning_Visitor,False,False
8,52.85,2,33.5,71,1714.78,0.02,0.05,0.0,0.0,Nov,2,2,1,1,Returning_Visitor,False,False
0,0.0,1,0.0,4,99.0,0.03,0.05,0.0,0.4,May,1,1,1,2,Returning_Visitor,False,False
8,628.37,1,0.0,131,737.09,0.01,0.05,0.0,0.0,Aug,1,1,1,2,Returning_Visitor,False,False
0,0.0,1,43.15,28,950.82,0.03,0.05,0.0,0.0,Dec,3,2,1,2,Returning_Visitor,False,False
0,87.12,0,0.0,2,734.69,0.0,0.1,0.0,0.8,May,1,1,1,3,Returning_Visitor,False,False
4,171.5,0,0.0,75,736.22,0.03,0.04,0.0,0.0,Nov,2,2,1,1,Returning_Visitor,False,True
3,16.0,1,0.0,63,735.42,0.03,0.0,1.3,0.0,Aug,4,2,6,4,Returning_Visitor,False,False
3,320.0,0,0.0,36,776.17,0.0,0.05,0.0,0.0,Dec,3,2,1,2,Returning_Visitor,False,False
0,87.18,1,21.0,25,525.17,0.01,0.03,0.0,0.0,Nov,2,2,1,2,New_Visitor,False,False
3,14.0,1,43.15,64,736.08,0.02,0.05,0.0,0.0,May,2,2,4,2,Returning_Visitor,False,False
0,0.0,0,0.0,4,44.0,0.03,0.08,0.0,0.2,May,2,2,5,2,Returning_Visitor,False,False
1,10.0,1,36.6,78,1983.23,0.02,0.04,15.5,0.0,June,3,2,1,2,Returning_Visitor,False,False
4,98.93,0,0.0,110,791.64,0.0,0.04,0.0,0.0,Nov,1,2,6,2,Returning_Visitor,False,False
3,8.0,0,0.0,47,1459.58,0.01,0.05,0.0,0.0,Oct,1,1,1,3,Returning_Visitor,False,False
3,177.5,6,312.0,40,1123.05,0.01,0.05,0.0,0.0,Dec,1,2,3,2,Returning_Visitor,False,False
3,226.6,1,7.0,33,849.74,0.02,0.04,0.0,0.0,Sep,3,2,1,13,Returning_Visitor,False,False
0,0.0,1,0.0,4,18.0,0.03,0.1,0.0,0.0,Nov,2,2,1,13,Returning_Visitor,False,False
1,90.0,1,0.0,6,677.0,0.0,0.04,0.0,0.0,Dec,8,13,9,2,Returning_Visitor,False,False
7,101.57,1,0.0,34,801.83,0.01,0.04,26.45,0.0,May,1,1,2,4,Returning_Visitor,False,True
10,87.21,1,43.24,24,735.15,0.0,0.05,0.0,0.0,Oct,3,2,1,4,Returning_Visitor,False,False
3,11.0,1,43.21,16,253.0,0.0,0.02,0.0,0.0,Mar,2,2,1,2,New_Visitor,False,False
3,159.17,1,8.0,69,737.83,0.0,0.05,5.93,0.0,Dec,2,2,1,2,Returning_Visitor,False,False
3,87.47,0,0.0,31,736.06,0.0,0.05,0.0,0.0,Nov,2,2,1,2,Returning_Visitor,False,False
5,190.0,0,0.0,12,307.67,0.03,0.01,0.0,0.0,Nov,2,2,1,8,New_Visitor,False,False
0,0.0,1,0.0,2,7.0,0.0,0.05,0.0,0.0,Aug,2,2,6,13,Returning_Visitor,False,False
3,0.0,1,43.24,1,0.0,0.2,0.2,0.0,0.0,May,2,2,1,3,Returning_Visitor,False,False
0,0.0,1,0.0,4,757.07,0.0,0.1,0.0,0.0,Nov,1,1,1,2,Returning_Visitor,False,True
0,87.06,0,0.0,7,736.72,0.03,0.05,0.0,0.0,Mar,2,2,1,1,Returning_Visitor,False,False
0,87.62,1,43.26,13,735.09,0.2,0.05,0.0,0.8,May,3,2,2,2,Returning_Visitor,False,False
4,99.0,3,112.25,46,736.69,0.0,0.02,0.0,0.0,Nov,1,2,3,10,Returning_Visitor,False,False
0,0.0,0,43.2,12,292.88,0.03,0.03,0.0,0.0,Nov,4,2,3,2,Returning_Visitor,True,False
3,87.25,0,0.0,49,735.92,0.03,0.05,0.0,0.0,Mar,2,2,1,1,Returning_Visitor,False,False
0,87.16,0,0.0,15,489.71,0.0,0.0,0.0,0.0,Dec,1,1,1,2,Returning_Visitor,False,False
0,87.04,1,0.0,28,363.25,0.0,0.01,0.0,0.0,Nov,2,2,1,2,Returning_Visitor,False,False
3,123.46,0,45.23,34,801.76,0.0,0.04,19.67,0.0,Dec,2,2,1,7,Returning_Visitor,True,True
10,89.33,0,0.0,43,811.38,0.01,0.05,14.93,0.0,Oct,2,2,1,2,Returning_Visitor,False,False
3,0.0,1,43.2,8,735.47,0.03,0.05,0.0,0.0,Mar,2,2,2,3,Returning_Visitor,False,False
5,74.6,3,43.54,67,740.36,0.03,0.05,0.0,0.0,Aug,2,2,1,2,Returning_Visitor,False,False
3,249.0,1,36.33,31,1124.92,0.0,0.05,18.09,0.0,May,2,4,1,2,Returning_Visitor,False,True
0,0.0,1,43.25,2,0.0,0.2,0.2,0.0,0.0,Nov,1,1,1,2,Returning_Visitor,False,False
0,0.0,1,141.5,43,3044.05,0.02,0.04,3.94,0.0,Dec,2,4,1,2,Returning_Visitor,False,True
0,87.3,1,43.22,34,1070.1,0.03,0.05,0.0,0.0,Jul,3,2,7,1,Returning_Visitor,False,False
3,0.0,1,0.0,42,735.79,0.0,0.04,0.0,0.0,Jul,2,5,7,2,Returning_Visitor,False,False
3,79.22,2,297.83,62,1685.75,0.03,0.01,0.0,0.0,Jul,2,2,3,2,Returning_Visitor,False,False
3,31.25,1,43.35,31,1470.21,0.02,0.01,0.0,0.0,Nov,3,2,1,2,New_Visitor,False,True
1,87.08,0,43.15,15,387.4,0.0,0.0,0.0,0.0,June,2,2,1,2,Returning_Visitor,False,False
3,86.97,0,43.11,9,737.05,0.03,0.05,0.0,0.0,Mar,2,2,1,2,Returning_Visitor,False,False
3,87.7,1,0.0,12,736.0,0.01,0.02,0.0,0.0,Oct,1,1,1,3,Returning_Visitor,True,False
5,316.5,4,185.5,144,779.56,0.02,0.01,0.0,0.0,Nov,1,1,1,2,Returning_Visitor,False,False
3,48.67,0,43.2,48,735.71,0.0,0.05,0.0,0.0,Mar,3,2,1,9,Returning_Visitor,False,False
2,87.37,0,43.16,65,735.32,0.0,0.05,0.0,0.0,Mar,2,2,1,1,Returning_Visitor,False,False
1,87.16,1,43.16,62,1243.18,0.01,0.05,0.0,0.0,Dec,1,2,1,2,Returning_Visitor,False,False
0,0.0,1,0.0,15,956.33,0.01,0.05,20.14,0.0,Nov,2,2,1,2,Returning_Visitor,False,False
5,102.87,0,0.0,12,735.59,0.03,0.04,0.0,0.0,Oct,2,2,6,20,Returning_Visitor,False,False
3,87.38,1,43.23,16,1102.5,0.0,0.01,0.0,0.0,Dec,1,1,1,2,Returning_Visitor,False,False
3,182.64,3,119.38,64,802.28,0.0,0.02,37.6,0.0,Nov,2,5,6,2,Returning_Visitor,False,True
0,86.84,1,43.22,2,735.35,0.0,0.05,0.0,0.0,Mar,2,2,1,1,Returning_Visitor,False,False
3,87.22,1,43.16,8,148.5,0.0,0.01,0.0,0.0,Dec,1,2,1,2,Returning_Visitor,True,False
1,87.42,0,0.0,83,735.74,0.03,0.05,0.0,0.0,Oct,2,2,1,13,Returning_Visitor,False,False
0,86.86,1,0.0,20,734.4,0.03,0.01,0.0,0.0,Mar,1,8,7,2,Returning_Visitor,False,False
5,30.0,1,4.0,107,735.7,0.03,0.02,0.0,0.0,Oct,2,2,1,4,Returning_Visitor,False,False
2,15.0,1,0.0,35,1776.08,0.0,0.05,0.0,0.0,Dec,2,2,4,2,Returning_Visitor,False,False
1,101.53,1,49.0,25,802.01,0.0,0.02,31.76,0.0,May,2,2,9,6,Returning_Visitor,False,True
2,33.5,1,45.14,23,833.67,0.02,0.04,29.38,0.0,Dec,2,2,1,2,Returning_Visitor,False,True
3,5.0,0,0.0,7,35.0,0.11,0.12,0.0,0.4,May,1,2,1,2,Returning_Visitor,False,False
3,0.0,0,43.24,10,123.0,0.0,0.02,0.0,0.0,May,2,2,3,2,Returning_Visitor,False,False
1,4.0,0,0.0,7,417.53,0.0,0.03,0.0,0.0,Aug,3,2,6,2,Returning_Visitor,False,False
10,137.5,1,32.5,145,799.5,0.02,0.04,0.0,0.0,Nov,2,2,1,2,Returning_Visitor,False,True
3,0.0,1,0.0,33,663.23,0.03,0.05,0.0,0.8,May,3,2,1,2,Returning_Visitor,False,False
3,87.12,1,0.0,4,206.5,0.0,0.05,0.0,0.0,May,3,2,1,2,Returning_Visitor,False,False
8,122.1,1,0.0,20,695.19,0.01,0.06,0.0,0.0,Nov,1,1,1,2,Returning_Visitor,True,True
3,87.19,0,43.14,65,1931.51,0.03,0.05,0.0,0.0,Dec,2,2,3,2,Returning_Visitor,False,False
3,0.0,0,0.0,79,736.42,0.03,0.05,0.0,0.8,May,3,2,1,13,Returning_Visitor,False,False
3,54.4,0,0.0,19,351.4,0.03,0.12,0.0,0.0,Jul,1,2,1,2,Returning_Visitor,False,False
1,12.0,0,0.0,11,331.25,0.02,0.05,0.0,0.0,Mar,2,2,2,2,Returning_Visitor,False,False
0,86.7,1,0.0,4,98.25,0.0,0.03,0.0,0.0,Nov,2,4,3,2,Returning_Visitor,False,False
5,101.4,1,0.0,33,802.02,0.01,0.04,22.54,0.0,Jul,2,2,6,2,New_Visitor,False,False
0,87.35,1,43.21,44,2807.16,0.03,0.05,0.0,0.0,Nov,1,2,4,2,Returning_Visitor,False,True
0,0.0,1,43.14,11,631.4,0.05,0.05,0.0,0.0,Aug,1,1,1,2,Returning_Visitor,False,False
3,0.0,0,0.0,1,734.82,0.03,0.05,0.0,0.0,Jul,1,1,1,2,Returning_Visitor,False,False
3,91.73,4,124.8,18,1716.37,0.03,0.02,0.0,0.0,Jul,2,5,1,2,Returning_Visitor,False,False
0,87.12,1,43.22,2,0.0,0.03,0.2,0.0,0.0,Nov,2,2,1,2,Returning_Visitor,False,False
3,0.0,0,43.23,1,735.29,0.03,0.2,0.0,0.0,Nov,2,2,3,1,Returning_Visitor,False,False
0,0.0,0,0.0,3,736.25,0.0,0.07,0.0,0.0,Mar,2,5,1,10,Returning_Visitor,False,False
3,87.32,1,0.0,1,0.0,0.2,0.05,0.0,0.0,Jul,3,2,1,2,Returning_Visitor,False,False
3,46.0,1,43.23,15,734.96,0.04,0.07,12.15,0.0,May,3,2,4,2,Returning_Visitor,True,False
3,0.0,1,43.26,3,17.0,0.07,0.13,0.0,0.4,May,2,2,8,2,Returning_Visitor,False,False
2,101.34,1,45.21,64,799.72,0.01,0.02,21.74,0.0,Nov,1,1,1,2,Returning_Visitor,False,False
3,179.0,0,43.13,15,432.75,0.03,0.05,0.0,0.0,Dec,2,2,1,2,Returning_Visitor,False,False
3,355.5,1,43.2,11,134.9,0.01,0.01,0.0,0.0,Mar,3,2,1,8,New_Visitor,False,False
3,88.43,0,0.0,57,737.63,0.03,0.05,0.0,0.0,Nov,1,2,1,3,Returning_Visitor,True,False
3,0.0,1,43.26,3,0.0,0.2,0.2,0.0,0.2,May,3,2,1,2,Returning_Visitor,False,False
0,86.98,0,0.0,38,736.45,0.03,0.03,0.0,0.0,Nov,2,2,4,2,New_Visitor,False,False
4,128.5,1,43.35,14,273.25,0.0,0.05,0.0,0.0,May,1,2,4,2,Returning_Visitor,True,False
3,101.42,0,45.18,8,188.3,0.0,0.01,12.16,0.0,Sep,2,2,1,2,Returning_Visitor,False,False
5,140.0,0,44.94,21,839.42,0.01,0.01,30.84,0.0,Dec,3,2,3,2,Returning_Visitor,False,True
0,0.0,0,43.19,2,187.0,0.1,0.15,0.0,0.0,Mar,3,2,1,3,Returning_Visitor,False,False
3,87.02,0,0.0,47,735.65,0.03,0.01,0.0,0.6,May,2,2,1,3,Returning_Visitor,False,False
2,87.68,3,123.33,34,448.75,0.03,0.05,0.0,0.0,Mar,2,10,1,1,Returning_Visitor,False,False
3,483.33,1,43.26,5,161.33,0.03,0.02,0.0,0.0,Dec,1,1,3,2,Returning_Visitor,False,False
3,101.1,0,0.0,190,799.11,0.02,0.04,8.42,0.0,Dec,2,2,1,3,Returning_Visitor,False,False
3,87.67,0,0.0,3,732.88,0.03,0.09,0.0,0.0,Nov,1,1,1,8,Returning_Visitor,False,False
3,87.14,1,0.0,34,735.04,0.03,0.07,0.0,0.0,Oct,1,1,1,2,Returning_Visitor,False,False
0,0.0,0,43.29,5,66.0,0.0,0.05,0.0,0.0,Mar,1,2,3,3,Returning_Visitor,False,False
3,114.0,0,0.0,24,368.33,0.03,0.11,0.0,0.4,May,3,2,4,3,Returning_Visitor,False,False
3,0.0,1,0.0,10,466.75,0.03,0.03,0.0,0.0,May,3,2,1,2,Returning_Visitor,False,False
1,99.86,1,45.14,6,799.55,0.03,0.04,0.0,0.0,Nov,3,2,3,3,Returning_Visitor,False,False
2,27.25,0,45.15,9,219.25,0.0,0.04,75.51,0.0,Dec,2,2,7,2,Returning_Visitor,False,True
3,105.0,1,0.0,286,797.16,0.02,0.04,0.0,0.0,Nov,2,2,1,2,Returning_Visitor,False,True
3,0.0,1,0.0,12,735.98,0.0,0.02,0.0,0.0,Nov,3,2,1,3,Returning_Visitor,False,False
0,0.0,0,0.0,21,979.02,0.0,0.02,0.0,0.0,May,2,2,1,4,Returning_Visitor,False,False
0,0.0,1,0.0,14,632.0,0.03,0.05,0.0,0.0,May,2,2,3,3,Returning_Visitor,False,False
0,0.0,1,0.0,20,736.8,0.02,0.05,0.0,0.6,May,2,2,1,2,Returning_Visitor,False,False
3,87.09,0,43.2,2,734.94,0.03,0.05,0.0,0.0,Mar,2,2,1,2,Returning_Visitor,False,False
3,87.35,0,0.0,6,145.0,0.0,0.05,0.0,0.0,Mar,3,2,8,2,Returning_Visitor,False,False
5,87.27,0,0.0,13,735.71,0.03,0.05,0.0,0.0,Mar,3,2,8,2,Returning_Visitor,False,False
3,87.49,0,0.0,15,736.05,0.03,0.03,0.0,0.0,May,3,2,3,1,Returning_Visitor,True,False
6,87.29,0,43.15,10,266.5,0.03,0.03,0.0,0.0,Mar,2,2,1,1,Returning_Visitor,False,False
11,752.38,3,14.0,108,800.23,0.02,0.04,3.4,0.0,Nov,1,2,1,2,Returning_Visitor,False,False
0,87.34,1,43.25,3,0.0,0.03,0.05,0.0,0.0,Aug,1,2,1,4,Returning_Visitor,False,False
3,87.26,1,43.21,3,202.83,0.0,0.05,0.0,0.0,May,3,2,7,2,Returning_Visitor,False,False
2,17.33,0,0.0,89,3401.3,0.02,0.04,5.13,0.0,Nov,2,2,1,2,Returning_Visitor,True,False
2,87.41,0,43.18,14,262.59,0.01,0.0,0.0,0.0,Nov,1,1,1,2,New_Visitor,False,False
6,87.17,1,58.0,41,2078.67,0.01,0.05,0.0,0.0,May,2,2,8,6,Returning_Visitor,False,False
3,118.0,1,43.15,32,735.65,0.03,0.05,1.3,0.0,Sep,2,2,1,3,Returning_Visitor,False,False
0,87.14,0,0.0,9,735.8,0.02,0.04,0.0,0.0,Mar,2,2,3,2,Returning_Visitor,False,False
0,0.0,0,0.0,49,736.36,0.03,0.05,0.0,0.0,Mar,2,2,1,2,Returning_Visitor,False,False
3,87.35,1,0.0,7,212.17,0.0,0.01,0.0,0.0,Mar,3,2,1,8,New_Visitor,False,False
3,86.88,5,89.33,18,513.47,0.03,0.0,0.0,0.0,Mar,1,1,1,2,New_Visitor,False,False
3,87.24,0,43.22,14,416.67,0.0,0.02,0.0,0.0,Dec,2,2,2,3,Returning_Visitor,False,False
3,0.0,0,0.0,8,493.75,0.0,0.05,0.0,0.0,Nov,2,2,4,2,Other,False,False
3,86.98,1,43.26,27,737.14,0.03,0.05,0.0,0.0,Dec,2,2,6,2,Returning_Visitor,True,False
0,0.0,1,0.0,15,272.33,0.01,0.05,0.0,1.0,May,1,1,1,3,Returning_Visitor,True,False
3,0.0,0,43.16,36,1083.75,0.01,0.01,0.0,0.0,June,1,2,3,2,Returning_Visitor,False,False
3,14.0,1,43.18,31,754.5,0.0,0.05,0.0,0.0,Mar,2,2,1,8,Returning_Visitor,False,False
10,101.43,0,0.0,27,799.96,0.01,0.04,41.22,0.0,Nov,2,2,3,10,Returning_Visitor,False,True
0,0.0,1,32.2,41,801.37,0.02,0.02,3.98,0.0,Oct,4,2,1,2,Returning_Visitor,False,False
2,87.23,1,0.0,28,736.6,0.0,0.01,0.0,0.0,Mar,2,2,1,2,New_Visitor,False,False
3,87.2,1,0.0,24,1004.38,0.03,0.05,0.0,0.0,June,2,2,4,13,Returning_Visitor,False,False
3,86.72,0,43.2,8,735.66,0.03,0.05,0.0,0.0,Mar,2,2,3,1,Returning_Visitor,False,False
3,0.0,0,0.0,1,734.92,0.2,0.2,0.0,0.0,May,1,2,1,2,Returning_Visitor,False,False
4,96.25,0,0.0,67,801.1,0.02,0.04,15.85,0.0,Nov,2,4,1,3,Returning_Visitor,False,True
3,41.0,0,43.15,46,735.69,0.03,0.05,0.0,0.0,Mar,2,2,1,2,Returning_Visitor,False,False
3,87.05,0,43.29,5,734.7,0.0,0.06,0.0,0.0,Nov,1,1,3,2,Returning_Visitor,False,False
0,86.99,1,0.0,11,976.0,0.03,0.03,0.0,0.0,May,2,2,1,1,Returning_Visitor,False,False
3,87.06,0,43.17,44,735.27,0.0,0.01,0.0,0.0,Mar,1,2,4,2,Returning_Visitor,False,False
3,40.55,1,0.0,10,736.14,0.03,0.05,0.0,0.0,Jul,2,2,1,2,New_Visitor,False,False
3,83.1,0,44.33,58,1992.72,0.01,0.05,0.0,0.0,Nov,3,2,6,2,Returning_Visitor,False,False
3,87.15,0,0.0,2,15.0,0.0,0.05,0.0,0.0,Nov,2,2,1,1,Returning_Visitor,False,False
15,591.66,1,0.0,56,750.44,0.03,0.01,8.18,0.0,May,3,2,1,2,Returning_Visitor,False,False
0,87.18,0,0.0,14,736.12,0.03,0.05,0.0,0.0,Nov,2,2,1,2,Returning_Visitor,False,False
0,87.07,0,0.0,37,736.0,0.01,0.02,0.0,0.0,Dec,2,2,6,2,Returning_Visitor,False,False
3,87.98,1,43.36,26,672.88,0.0,0.03,0.0,0.0,Nov,2,2,1,1,Returning_Visitor,False,False
0,87.15,0,0.0,10,235.5,0.0,0.05,0.0,0.0,Nov,3,2,6,1,Returning_Visitor,False,False
4,43.93,0,0.0,182,800.92,0.02,0.02,8.67,0.0,Nov,2,2,1,2,Returning_Visitor,False,True
3,0.0,1,0.0,16,735.85,0.01,0.07,0.0,0.0,Aug,2,2,1,2,Returning_Visitor,False,True
2,180.5,1,43.26,12,735.77,0.03,0.02,0.0,0.0,May,1,1,3,3,New_Visitor,False,False
3,87.72,1,43.23,3,734.93,0.05,0.1,0.0,0.0,May,3,2,1,2,Returning_Visitor,False,False
3,87.35,0,43.19,7,137.0,0.0,0.02,0.0,0.0,June,2,2,1,2,Returning_Visitor,False,False
3,0.0,1,24.0,27,735.4,0.03,0.05,0.0,0.0,Mar,3,2,1,2,Returning_Visitor,False,False
2,14.0,0,0.0,81,801.72,0.02,0.01,2.77,0.0,Nov,2,2,1,2,Returning_Visitor,False,False
0,0.0,3,44.0,179,735.07,0.03,0.05,0.0,0.0,Aug,2,4,1,11,Returning_Visitor,False,False
2,87.85,2,468.4,15,735.59,0.0,0.06,12.14,0.0,Jul,2,2,1,3,Returning_Visitor,True,False
1,81.6,0,0.0,42,735.97,0.0,0.05,0.0,0.0,Oct,2,2,1,2,Returning_Visitor,False,False
3,87.21,0,0.0,5,735.7,0.0,0.04,0.0,0.0,Mar,2,2,1,2,Returning_Visitor,False,False
5,41.3,1,43.19,24,736.08,0.0,0.01,0.0,1.0,Feb,2,2,8,1,Returning_Visitor,False,False
0,0.0,0,0.0,16,280.5,0.0,0.05,0.0,0.0,May,4,2,1,2,Returning_Visitor,False,False
3,0.0,0,43.14,9,205.08,0.03,0.04,0.0,0.0,Dec,2,2,1,2,Returning_Visitor,False,False
0,0.0,0,0.0,7,63.0,0.03,0.06,0.0,0.6,May,2,2,4,2,New_Visitor,False,False
3,0.0,0,0.0,7,67.0,0.0,0.05,0.0,0.0,Mar,2,2,1,2,Returning_Visitor,False,False
3,87.32,0,43.2,12,736.03,0.03,0.05,0.0,0.0,Nov,2,2,9,2,Returning_Visitor,False,False
3,87.03,0,43.25,1,734.19,0.03,0.2,0.0,0.4,May,1,1,1,2,Returning_Visitor,False,False
0,0.0,0,43.18,12,364.75,0.03,0.05,0.0,0.0,Nov,2,6,3,2,Returning_Visitor,False,False
0,0.0,0,0.0,3,27.0,0.07,0.1,0.0,0.6,May,2,2,1,2,Returning_Visitor,False,False
1,55.0,2,45.28,9,548.0,0.0,0.04,17.27,0.0,May,2,2,3,2,Returning_Visitor,False,True
0,0.0,0,43.39,5,52.0,0.0,0.05,0.0,0.0,Mar,2,4,1,2,Returning_Visitor,False,False
5,34.44,0,0.0,103,1843.76,0.03,0.02,0.0,0.0,June,2,2,1,2,Returning_Visitor,True,False
3,87.03,1,0.0,6,579.0,0.0,0.03,0.0,0.0,Dec,1,1,1,3,Returning_Visitor,True,False
3,0.0,2,13.0,63,735.78,0.01,0.02,0.0,0.0,May,2,2,6,4,Returning_Visitor,False,False
3,87.31,2,43.36,5,735.84,0.06,0.1,0.0,0.0,Nov,3,2,1,13,Returning_Visitor,False,False
10,2407.42,3,434.3,486,737.32,0.03,0.05,0.0,0.0,Jul,2,2,1,3,Returning_Visitor,False,False
3,0.0,0,43.21,1,0.0,0.2,0.05,0.0,0.0,Dec,2,2,1,1,Returning_Visitor,False,False
2,253.07,1,43.31,67,734.6,0.04,0.07,4.0,0.0,Aug,2,2,2,2,Returning_Visitor,False,True
3,86.91,0,43.24,1,734.98,0.2,0.2,0.0,0.0,Jul,3,2,1,4,Returning_Visitor,True,False
3,13.0,1,10.0,18,445.0,0.0,0.0,0.0,0.0,Nov,1,2,4,3,Returning_Visitor,False,False
0,0.0,1,43.13,11,735.6,0.04,0.05,0.0,0.0,Dec,1,2,8,2,Returning_Visitor,False,False
3,87.08,0,0.0,24,735.68,0.0,0.05,0.0,0.0,Dec,2,2,1,2,New_Visitor,False,False
3,0.0,1,43.21,1,0.0,0.2,0.2,0.0,0.0,Mar,2,2,1,2,Returning_Visitor,False,False
3,53.0,5,9.5,218,800.56,0.02,0.04,1.18,0.0,Nov,1,2,1,3,Returning_Visitor,False,True
3,0.0,0,0.0,20,379.42,0.03,0.03,0.0,1.0,May,3,2,1,2,Returning_Visitor,False,False
0,87.13,0,43.24,7,148.17,0.03,0.06,0.0,0.4,May,1,2,1,20,Returning_Visitor,False,False
3,87.22,1,0.0,2,11.0,0.0,0.1,0.0,0.0,Aug,3,2,1,2,Returning_Visitor,False,False
0,0.0,1,25.0,43,735.88,0.03,0.05,0.0,0.0,May,2,2,1,3,Returning_Visitor,True,False
3,0.0,1,45.22,5,44.8,0.02,0.03,50.36,0.0,Jul,4,1,3,1,Returning_Visitor,False,True
3,73.0,0,0.0,9,2151.0,0.0,0.04,10.91,0.0,Mar,2,2,1,2,Returning_Visitor,False,True
9,497.17,0,43.14,20,1170.17,0.01,0.02,0.0,0.0,Nov,3,2,1,2,Returning_Visitor,False,False
3,87.04,1,0.0,22,641.48,0.03,0.0,0.0,0.0,Oct,3,2,4,6,Returning_Visitor,False,False
0,0.0,0,43.24,8,272.9,0.03,0.08,0.0,0.0,Oct,1,2,1,1,New_Visitor,False,False
0,101.52,1,45.17,9,166.17,0.0,0.03,17.54,1.0,May,2,2,2,4,Returning_Visitor,False,True
3,87.5,1,43.38,12,285.68,0.02,0.05,0.0,0.0,Aug,2,2,4,2,Returning_Visitor,False,False
2,124.0,0,43.2,2,735.77,0.0,0.03,0.0,0.0,Aug,2,2,1,2,New_Visitor,False,False
3,87.21,1,43.24,3,734.64,0.0,0.05,0.0,0.0,Aug,1,1,1,3,Returning_Visitor,True,False
0,97.9,0,44.77,6,269.25,0.0,0.01,0.0,0.0,Nov,3,2,1,11,New_Visitor,False,False
4,87.11,0,43.21,9,155.0,0.0,0.01,0.0,0.0,Dec,1,2,4,2,Returning_Visitor,False,False
4,147.67,2,96.33,46,1041.32,0.03,0.05,2.69,0.0,May,2,2,1,4,Returning_Visitor,True,False
3,101.39,2,45.5,26,1198.02,0.02,0.03,14.5,0.0,Nov,3,2,1,2,Returning_Visitor,False,False
3,87.34,1,43.29,1,0.0,0.2,0.2,0.0,0.2,May,1,2,4,2,Returning_Visitor,False,False
0,0.0,0,0.0,12,736.59,0.03,0.05,0.0,0.0,Nov,2,2,1,2,Returning_Visitor,False,False
3,87.29,1,43.15,57,735.97,0.03,0.05,0.0,0.0,Nov,2,2,1,2,Returning_Visitor,False,False
3,0.0,0,43.27,20,736.35,0.03,0.05,0.0,0.8,May,2,2,2,13,Returning_Visitor,False,False
0,0.0,0,0.0,42,1766.83,0.02,0.06,0.0,0.0,Nov,2,2,1,13,Returning_Visitor,False,False
3,63.25,1,7.0,9,297.08,0.0,0.01,0.0,0.0,Nov,2,2,1,2,New_Visitor,True,False
3,59.5,0,43.16,3,47.2,0.03,0.05,0.0,0.0,Aug,1,1,1,2,Returning_Visitor,False,False
3,0.0,0,43.19,6,747.0,0.03,0.07,0.0,0.0,May,2,2,3,2,Returning_Visitor,False,False
3,100.35,2,44.5,12,792.96,0.02,0.02,0.0,0.0,Nov,3,2,1,2,Returning_Visitor,False,False
0,87.47,0,43.22,25,954.08,0.03,0.06,120.59,0.0,Nov,3,2,1,13,Returning_Visitor,False,False
3,84.55,0,0.0,48,805.1,0.0,0.03,8.78,0.0,May,2,2,1,2,Returning_Visitor,False,False
0,0.0,0,43.2,20,2846.83,0.03,0.05,0.0,0.0,Nov,2,2,1,2,Returning_Visitor,False,False
3,87.14,1,43.24,1,0.0,0.2,0.2,0.0,1.0,May,1,2,4,2,Returning_Visitor,False,False
6,513.83,0,45.19,33,801.7,0.0,0.02,30.22,0.0,Nov,2,4,1,2,Returning_Visitor,False,True
2,7.0,1,0.0,40,735.83,0.03,0.05,0.0,0.0,Oct,2,2,1,4,Returning_Visitor,False,False
3,86.82,1,0.0,20,736.79,0.03,0.08,0.0,0.2,May,2,2,6,2,Returning_Visitor,False,False
3,87.4,1,416.0,20,735.08,0.02,0.05,0.0,0.0,May,2,2,3,6,Returning_Visitor,False,False
3,87.24,0,43.16,24,182.42,0.03,0.04,0.0,0.0,May,2,2,9,2,Returning_Visitor,True,False
2,156.0,1,201.0,14,735.19,0.01,0.05,0.0,0.0,May,1,2,6,3,Returning_Visitor,False,False
2,25.2,1,0.0,13,238.53,0.0,0.01,36.7,0.0,Oct,2,2,1,20,Returning_Visitor,False,True
1,4.0,0,0.0,48,735.48,0.03,0.05,0.0,0.0,Dec,2,2,1,2,New_Visitor,False,False
0,87.35,0,43.24,1,735.04,0.2,0.2,0.0,0.0,May,3,2,1,15,Returning_Visitor,True,False
2,87.25,1,0.0,17,221.2,0.0,0.0,0.0,0.0,Mar,2,2,4,2,Returning_Visitor,False,False
3,35.0,0,43.15,16,314.0,0.0,0.05,0.0,0.0,Mar,2,5,1,2,Returning_Visitor,False,False
3,0.0,1,0.0,2,734.86,0.03,0.05,0.0,0.0,Nov,1,1,1,1,Returning_Visitor,False,False
12,87.22,0,0.0,15,366.58,0.01,0.05,0.0,0.0,Dec,2,2,6,2,New_Visitor,False,False
3,0.0,1,43.2,27,734.98,0.0,0.02,0.0,0.0,Mar,2,4,3,2,Returning_Visitor,False,False
0,0.0,0,0.0,50,739.96,0.03,0.01,0.0,0.0,Nov,2,2,1,2,Returning_Visitor,True,False
6,79.67,4,220.0,112,736.32,0.01,0.05,0.0,0.0,Dec,2,2,1,2,Returning_Visitor,False,False
0,0.0,1,0.0,68,736.24,0.0,0.01,0.0,0.0,Nov,2,2,1,3,Returning_Visitor,False,False
0,87.45,0,0.0,4,734.91,0.0,0.05,0.0,0.0,Nov,3,2,1,3,Returning_Visitor,False,False
3,87.46,3,43.23,7,735.73,0.03,0.03,0.0,0.0,May,2,2,1,2,Returning_Visitor,False,False
3,40.0,1,0.0,10,423.67,0.03,0.02,0.0,0.0,May,4,2,1,11,Returning_Visitor,True,False
3,0.0,1,0.0,36,1135.17,0.03,0.04,0.0,0.0,May,1,1,1,4,Returning_Visitor,True,False
0,0.0,1,0.0,28,735.68,0.03,0.05,0.0,0.0,Jul,3,2,3,15,Returning_Visitor,False,False
3,0.0,1,43.26,1,734.94,0.2,0.2,0.0,0.0,Mar,3,2,1,1,Returning_Visitor,False,False
3,170.83,1,39.0,4,45.33,0.03,0.01,0.0,0.0,May,3,2,1,2,Returning_Visitor,False,False
0,87.16,1,0.0,3,0.0,0.2,0.2,0.0,0.0,Jul,1,1,1,2,Returning_Visitor,True,False
0,0.0,1,44.75,10,249.33,0.02,0.04,0.0,0.0,Nov,1,2,1,2,Returning_Visitor,False,False
3,87.03,0,0.0,2,734.57,0.0,0.1,0.0,0.0,Mar,4,2,1,2,Returning_Visitor,False,False
3,87.19,0,0.0,10,735.86,0.03,0.05,0.0,0.0,May,2,2,3,2,Returning_Visitor,False,False
7,132.0,4,256.07,125,736.69,0.03,0.05,5.61,0.0,Aug,3,2,1,13,Returning_Visitor,False,False
3,0.0,1,43.2,4,173.5,0.0,0.05,0.0,0.0,Mar,3,3,1,2,Returning_Visitor,False,False
3,87.33,0,0.0,13,736.6,0.02,0.04,0.0,0.2,May,2,2,3,3,Returning_Visitor,False,False
3,87.26,1,0.0,11,1855.6,0.03,0.05,0.0,0.0,Sep,2,2,1,1,Returning_Visitor,False,False
8,101.56,1,45.34,109,792.52,0.02,0.04,12.89,0.0,May,4,1,1,2,Returning_Visitor,False,True
4,73.33,1,0.0,52,735.77,0.03,0.02,0.0,0.0,Nov,2,2,1,13,Returning_Visitor,False,False
3,86.99,0,0.0,42,1288.07,0.03,0.05,0.0,0.0,May,2,2,1,2,Returning_Visitor,False,False
3,548.5,1,0.0,9,117.0,0.0,0.02,0.0,0.0,Nov,2,4,1,2,Returning_Visitor,False,False
3,101.03,1,45.18,9,92.33,0.06,0.04,0.0,0.0,Nov,1,1,8,1,Returning_Visitor,False,False
0,0.0,1,45.16,21,952.53,0.0,0.01,91.25,0.0,May,2,4,1,3,Returning_Visitor,False,True
8,318.8,3,164.0,107,799.42,0.02,0.04,0.0,0.0,Nov,2,2,1,3,Returning_Visitor,False,True
5,1023.0,0,0.0,46,4681.89,0.01,0.02,0.0,0.8,May,2,2,1,13,Returning_Visitor,False,False
12,139.37,1,0.0,13,139.43,0.0,0.01,47.3,0.0,Oct,3,2,1,2,Returning_Visitor,True,False
0,0.0,1,43.28,13,364.35,0.0,0.05,0.0,0.0,May,3,2,2,3,Returning_Visitor,False,False
3,123.5,2,43.24,37,736.21,0.0,0.03,0.0,0.0,May,2,2,1,2,Returning_Visitor,False,False
3,87.05,1,0.0,14,862.79,0.01,0.05,0.0,0.0,Nov,1,1,1,2,Returning_Visitor,False,False
8,217.4,2,43.69,24,428.3,0.03,0.01,0.0,0.0,Sep,2,4,1,2,New_Visitor,False,False
4,87.14,0,43.11,73,2371.37,0.03,0.05,0.0,0.0,Nov,3,2,1,2,Returning_Visitor,False,False
1,44.0,0,0.0,25,773.47,0.0,0.04,10.36,0.0,Mar,2,2,1,2,Returning_Visitor,False,True
2,38.0,0,0.0,77,1230.31,0.03,0.0,79.0,0.6,May,2,4,1,2,Returning_Visitor,False,False
0,86.9,1,0.0,7,736.55,0.03,0.03,0.0,0.0,Mar,2,2,1,8,New_Visitor,False,False
0,87.4,1,1779.17,12,1886.5,0.01,0.02,0.0,0.6,May,2,2,6,3,New_Visitor,False,False
3,87.05,0,43.21,12,900.5,0.01,0.03,0.0,0.0,Nov,2,2,4,2,Returning_Visitor,False,False
1,61.4,0,43.15,27,779.61,0.0,0.05,0.0,0.0,Oct,2,2,7,2,Returning_Visitor,False,False
3,87.12,1,43.16,13,587.75,0.03,0.05,0.0,0.0,Nov,1,2,4,2,Returning_Visitor,False,False
1,4.0,0,45.22,15,801.99,0.02,0.0,69.71,0.0,Nov,8,13,9,20,Returning_Visitor,False,False
2,73.6,0,43.8,38,743.23,0.0,0.04,0.0,0.0,Nov,1,2,1,2,Returning_Visitor,False,False
12,225.25,1,0.0,129,797.51,0.02,0.04,1.04,0.0,Nov,2,2,1,10,Returning_Visitor,False,True
20,199.46,7,299.03,686,739.11,0.03,0.05,0.15,0.0,Aug,2,2,1,1,Returning_Visitor,False,False
3,194.33,2,38.0,71,735.05,0.03,0.05,0.0,0.0,Nov,4,2,1,2,Returning_Visitor,False,False
0,0.0,1,0.0,26,2607.5,0.02,0.05,0.0,0.0,May,1,2,1,3,Returning_Visitor,False,False
0,90.44,1,43.67,3,71.17,0.07,0.08,0.0,0.0,Nov,3,2,1,3,Returning_Visitor,False,True
8,168.17,0,0.0,28,735.79,0.01,0.01,0.0,0.0,May,1,2,1,3,Returning_Visitor,True,False
3,0.0,0,0.0,41,736.86,0.01,0.05,0.0,0.0,Nov,3,2,1,2,Returning_Visitor,False,False
0,0.0,1,31.0,41,736.57,0.03,0.01,0.0,0.0,May,3,2,1,2,Returning_Visitor,False,False
1,0.0,3,80.0,125,801.07,0.02,0.04,1.0,0.0,Jul,1,2,1,3,Returning_Visitor,False,True
6,87.38,1,37.0,34,581.23,0.03,0.05,0.0,0.0,May,2,2,2,1,Returning_Visitor,False,False
3,97.88,1,9.0,58,804.19,0.01,0.03,6.75,0.0,May,2,2,7,4,Returning_Visitor,False,True
3,0.0,0,0.0,6,241.0,0.0,0.03,0.0,0.0,May,2,10,1,3,Returning_Visitor,False,False
1,3.0,14,1165.17,81,735.36,0.01,0.05,0.0,0.0,Mar,2,2,1,2,Returning_Visitor,False,False
0,87.18,1,43.14,8,781.0,0.03,0.05,0.0,0.0,Mar,3,2,4,1,Returning_Visitor,False,False
1,29.2,1,45.14,10,126.93,0.01,0.04,13.59,0.0,Sep,2,2,1,2,Returning_Visitor,False,True
4,87.91,0,0.0,3,736.02,0.0,0.04,0.0,0.0,Nov,2,2,1,2,Returning_Visitor,False,False
3,0.0,0,43.18,4,735.37,0.0,0.02,0.0,0.0,Dec,3,2,1,2,New_Visitor,False,False
3,87.55,0,0.0,20,735.08,0.03,0.02,0.0,0.0,Mar,1,2,1,2,Returning_Visitor,False,False
3,87.81,0,0.0,3,734.55,0.08,0.12,0.0,0.0,Aug,2,2,3,2,New_Visitor,False,False
3,794.88,0,0.0,36,1697.55,0.02,0.03,24.61,0.2,May,2,2,1,4,Returning_Visitor,False,False
0,0.0,0,43.23,14,502.92,0.03,0.02,0.0,0.0,Dec,1,2,2,2,Returning_Visitor,False,False
2,89.06,1,0.0,28,770.31,0.03,0.04,0.0,0.0,Nov,1,1,1,3,Returning_Visitor,False,False
3,98.13,1,52.0,4,48.0,0.06,0.04,0.0,0.0,Jul,1,1,1,4,Returning_Visitor,True,False
3,86.97,1,0.0,8,735.25,0.06,0.05,0.0,0.0,Dec,1,1,1,2,Returning_Visitor,False,False
6,57.5,0,0.0,66,1285.55,0.0,0.04,20.97,0.0,May,2,2,1,6,Returning_Visitor,False,True
0,0.0,1,43.93,15,755.25,0.02,0.03,0.0,0.0,Nov,2,2,6,1,Returning_Visitor,True,False
1,42.5,0,43.23,67,2413.75,0.03,0.01,0.0,0.0,Dec,1,2,6,1,Returning_Visitor,False,False
3,0.0,1,43.19,14,331.55,0.01,0.05,0.0,0.0,June,1,2,1,2,Returning_Visitor,True,False
3,37.0,1,43.21,25,430.5,0.0,0.01,0.0,0.0,May,2,2,2,2,Returning_Visitor,False,False
3,87.51,2,66.13,95,2772.28,0.03,0.05,0.0,0.0,Oct,3,2,1,1,Returning_Visitor,False,False
3,0.0,1,43.25,6,735.21,0.03,0.03,0.0,0.6,Feb,1,2,6,2,Returning_Visitor,False,False
0,0.0,0,0.0,23,735.42,0.0,0.05,0.0,0.0,Dec,1,1,1,2,New_Visitor,False,False
5,87.3,1,43.17,34,735.99,0.0,0.01,0.0,0.0,Dec,2,2,1,1,Returning_Visitor,True,False
1,87.02,1,0.0,11,765.17,0.0,0.01,0.0,0.0,May,4,2,1,6,Returning_Visitor,False,False
3,19.0,1,14.0,74,735.04,0.03,0.05,0.0,0.0,Nov,2,2,1,2,Returning_Visitor,False,False
1,87.23,1,85.0,33,616.43,0.0,0.01,0.0,0.0,May,2,2,5,2,Returning_Visitor,False,False
3,20.0,1,0.0,18,801.64,0.0,0.01,32.32,0.0,Nov,2,2,1,3,Returning_Visitor,False,True
3,100.44,1,45.03,2,798.35,0.0,0.05,0.0,0.0,Sep,2,10,3,2,Returning_Visitor,False,False
0,0.0,1,43.19,3,112.0,0.03,0.03,0.0,0.0,Dec,1,2,1,2,Returning_Visitor,False,False
3,169.5,2,105.0,35,734.87,0.01,0.05,14.78,0.0,Nov,1,1,1,2,Returning_Visitor,True,True
4,53.0,0,0.0,70,802.57,0.02,0.04,4.86,0.0,May,3,2,1,13,Returning_Visitor,True,False
1,101.26,1,0.0,6,801.46,0.0,0.06,11.28,0.0,Nov,2,5,1,2,Returning_Visitor,False,False
6,99.55,2,45.67,107,788.67,0.02,0.05,2.39,0.0,June,2,2,1,2,Returning_Visitor,True,False
3,87.02,1,43.25,22,1368.0,0.03,0.01,0.0,0.0,Nov,2,5,1,2,Returning_Visitor,False,False
2,208.0,1,50.0,30,1461.67,0.0,0.02,0.0,0.0,Mar,2,5,1,2,Returning_Visitor,False,False
3,0.0,0,43.34,4,107.0,0.03,0.05,0.0,0.6,May,3,2,3,13,Returning_Visitor,False,False
3,0.0,0,43.24,1,0.0,0.2,0.2,0.0,0.0,Mar,1,1,1,2,Returning_Visitor,False,False
0,87.09,1,0.0,5,735.64,0.03,0.02,0.0,0.0,May,1,1,1,3,Returning_Visitor,False,False
3,0.0,1,0.0,16,1500.03,0.03,0.01,0.0,0.0,Nov,3,2,4,2,Returning_Visitor,False,False
0,87.05,1,43.2,15,735.79,0.03,0.05,0.0,0.0,May,2,2,7,2,Returning_Visitor,False,False
4,93.25,0,44.28,13,774.73,0.02,0.01,0.0,0.0,Nov,2,2,1,2,Returning_Visitor,False,True
1,53.5,0,0.0,53,2019.83,0.01,0.02,0.0,0.0,Nov,2,2,3,2,Returning_Visitor,False,False
0,86.88,1,43.28,2,49.0,0.0,0.1,0.0,0.0,May,2,4,5,1,Returning_Visitor,False,False
0,0.0,1,43.18,15,478.26,0.0,0.02,0.0,0.0,Nov,2,2,8,2,Returning_Visitor,False,False
2,248.5,1,192.25,9,735.04,0.0,0.01,0.0,0.0,Dec,1,1,3,2,Returning_Visitor,False,False
0,87.18,0,43.19,5,737.05,0.0,0.03,0.0,0.0,Nov,2,2,1,2,Returning_Visitor,False,False
3,87.09,4,191.0,15,443.93,0.0,0.02,0.0,0.0,May,1,2,3,2,Returning_Visitor,False,False
3,11.0,1,0.0,15,734.7,0.0,0.03,0.0,0.0,Nov,1,2,2,2,New_Visitor,False,False
2,87.4,1,43.17,8,533.3,0.0,0.02,0.0,0.0,Sep,3,2,1,2,New_Visitor,False,False
3,86.87,1,0.0,4,124.5,0.05,0.07,0.0,0.6,May,2,2,6,2,Returning_Visitor,False,False
0,0.0,0,43.1,33,736.16,0.0,0.03,0.0,0.0,Jul,2,2,1,2,Returning_Visitor,False,False
0,87.58,1,0.0,2,155.5,0.1,0.15,0.0,0.0,Dec,3,2,3,2,Returning_Visitor,True,False
3,1130.5,1,45.27,26,800.83,0.02,0.04,20.3,0.0,Mar,1,2,1,2,Returning_Visitor,False,False
0,87.15,1,0.0,12,1077.0,0.02,0.05,0.0,0.0,May,2,2,2,1,Returning_Visitor,False,False
3,0.0,1,0.0,18,689.67,0.02,0.03,0.0,0.0,May,2,2,7,6,Returning_Visitor,True,False
3,0.0,0,0.0,45,736.18,0.03,0.05,0.0,0.0,Nov,2,2,1,1,Returning_Visitor,False,False
3,87.6,0,43.32,2,96.25,0.03,0.03,0.0,0.0,Dec,8,2,9,2,Other,False,False
0,0.0,0,0.0,3,0.0,0.2,0.2,0.0,0.6,May,3,2,1,2,Returning_Visitor,False,False
3,371.7,1,106.0,85,2128.73,0.02,0.01,43.72,0.0,Nov,1,1,1,2,Returning_Visitor,False,True
0,0.0,0,0.0,36,735.61,0.03,0.04,0.0,0.0,Dec,2,2,1,2,Returning_Visitor,False,False
8,167.0,1,869.0,34,737.57,0.03,0.03,0.0,0.0,Mar,2,2,1,1,Returning_Visitor,False,False
3,0.0,0,43.24,2,0.0,0.03,0.2,0.0,0.0,Nov,1,2,8,2,Returning_Visitor,False,False
3,0.0,0,43.27,2,0.0,0.2,0.05,0.0,0.0,Nov,1,2,1,3,Returning_Visitor,False,False
9,249.5,0,45.29,66,2506.33,0.02,0.04,14.0,0.0,May,2,2,1,6,Returning_Visitor,False,True
16,314.51,1,0.0,37,734.5,0.03,0.01,87.25,0.0,Nov,1,1,1,2,Returning_Visitor,False,True
3,87.61,0,43.21,12,250.83,0.0,0.02,0.0,0.0,Mar,3,2,2,1,Returning_Visitor,True,False
3,86.5,0,43.23,68,2241.84,0.03,0.05,0.0,0.8,May,3,2,3,4,Returning_Visitor,False,False
4,133.8,2,43.33,13,421.79,0.03,0.02,0.0,0.0,Nov,1,1,3,2,New_Visitor,False,False
6,312.0,1,43.22,92,736.35,0.03,0.05,0.0,0.6,May,2,2,1,3,Returning_Visitor,False,False
3,66.33,2,58.17,38,1524.7,0.03,0.05,0.0,0.0,Mar,2,2,1,2,New_Visitor,True,False
0,86.72,1,0.0,23,735.06,0.03,0.05,0.0,0.6,Feb,1,2,1,2,Returning_Visitor,False,False
3,15.2,1,0.0,19,348.6,0.0,0.01,0.0,0.0,Aug,2,2,1,2,Returning_Visitor,False,True
3,87.27,0,43.17,3,61.75,0.03,0.07,0.0,0.0,Nov,2,2,1,2,Returning_Visitor,False,False
0,86.83,0,43.3,13,143.0,0.1,0.05,0.0,0.4,May,3,2,1,13,Returning_Visitor,False,False
3,0.0,0,0.0,22,464.38,0.0,0.0,0.0,0.0,Nov,2,2,1,2,New_Visitor,False,False
3,87.41,1,0.0,7,31.5,0.03,0.03,0.0,0.0,Dec,2,2,1,2,Returning_Visitor,False,False
3,87.25,0,0.0,5,186.07,0.15,0.16,0.0,0.0,June,3,2,1,2,Returning_Visitor,False,False
6,190.42,1,0.0,78,735.83,0.03,0.01,0.0,0.0,Nov,3,2,1,1,Returning_Visitor,False,False
3,59.0,1,43.19,29,735.36,0.0,0.05,0.0,0.0,Mar,2,4,1,2,Returning_Visitor,False,False
3,37.58,1,0.0,67,735.42,0.03,0.01,0.0,0.0,Dec,2,2,1,2,Returning_Visitor,False,False
5,66.6,0,43.23,13,523.6,0.0,0.01,0.0,0.0,Oct,2,2,6,2,Returning_Visitor,False,False
3,0.0,0,0.0,9,123.17,0.02,0.05,0.0,0.0,Nov,2,2,1,2,Returning_Visitor,False,False
3,0.0,1,0.0,6,93.0,0.0,0.03,0.0,0.0,Mar,1,2,8,2,Returning_Visitor,False,False
9,87.59,4,94.88,10,138.42,0.03,0.05,0.0,0.0,Nov,2,2,3,2,New_Visitor,False,False
0,87.49,0,0.0,1,0.0,0.2,0.05,0.0,0.0,Dec,3,2,1,2,Returning_Visitor,False,False
5,46.52,0,0.0,133,799.99,0.02,0.04,6.37,0.0,Jul,1,1,1,4,Returning_Visitor,False,True
3,60.0,1,0.0,20,717.62,0.02,0.04,60.19,0.0,Mar,2,5,1,2,Returning_Visitor,False,True
0,0.0,0,45.24,21,455.08,0.0,0.01,14.13,0.0,Dec,4,1,1,2,Returning_Visitor,False,True
3,0.0,1,43.2,1,734.39,0.2,0.2,0.0,0.0,Nov,1,1,4,1,Returning_Visitor,False,False
5,827.2,2,48.5,71,736.4,0.03,0.05,0.0,0.0,May,2,2,1,2,Returning_Visitor,False,False
7,101.56,4,199.5,87,4984.54,0.0,0.02,0.0,0.0,Nov,2,2,1,2,Returning_Visitor,False,False
3,141.6,1,43.17,10,728.18,0.02,0.05,14.29,0.0,Sep,3,2,1,2,Returning_Visitor,False,False
3,87.07,1,0.0,2,262.0,0.1,0.15,0.0,0.0,May,3,2,1,4,Returning_Visitor,False,False
0,0.0,1,44.87,7,133.5,0.0,0.03,0.0,0.0,Nov,2,2,6,2,Returning_Visitor,False,False
2,87.3,0,43.15,18,735.92,0.03,0.01,0.0,0.0,Aug,2,2,3,1,Returning_Visitor,False,False
3,86.91,0,0.0,13,244.17,0.0,0.03,0.0,0.0,Mar,2,5,1,3,Returning_Visitor,False,False
1,38.0,1,0.0,23,801.47,0.02,0.04,7.1,0.0,Mar,3,2,6,1,Returning_Visitor,False,True
3,0.0,0,43.33,9,193.67,0.01,0.05,0.0,1.0,May,1,8,1,2,Returning_Visitor,False,False
2,37.0,1,43.17,23,735.65,0.02,0.05,0.0,0.0,May,2,2,7,4,Returning_Visitor,True,False
3,56.8,1,3.0,73,736.09,0.01,0.05,0.0,0.0,June,2,2,1,1,Returning_Visitor,False,False
3,86.98,0,43.16,28,736.0,0.01,0.05,0.0,0.0,Dec,2,2,1,2,Returning_Visitor,False,False
3,0.0,0,43.29,4,573.0,0.0,0.05,0.0,0.0,Feb,2,2,1,2,Returning_Visitor,False,False
3,0.0,1,43.26,4,733.91,0.1,0.12,0.0,0.0,Jul,1,1,1,3,Returning_Visitor,False,False
3,0.0,1,45.17,13,710.07,0.02,0.04,72.52,0.0,Nov,1,1,2,2,Returning_Visitor,False,True
0,0.0,0,0.0,96,739.65,0.03,0.05,0.0,0.0,Nov,2,2,1,1,Returning_Visitor,True,True
4,101.37,1,0.0,22,802.22,0.01,0.04,18.09,0.0,Jul,3,2,1,2,Returning_Visitor,False,True
5,147.4,0,0.0,12,1226.1,0.02,0.04,5.03,0.0,Sep,3,2,2,2,Returning_Visitor,False,True
3,97.5,0,0.0,5,735.13,0.0,0.05,0.0,0.0,Dec,3,2,1,2,New_Visitor,False,False
3,0.0,1,14.0,31,736.15,0.01,0.04,0.0,0.0,Mar,2,2,1,2,Returning_Visitor,False,False
3,0.0,1,0.0,15,1069.7,0.0,0.05,0.0,0.0,Jul,3,2,6,1,Returning_Visitor,False,False
0,101.41,1,45.17,33,1475.25,0.0,0.04,9.43,0.0,Nov,3,2,4,2,Returning_Visitor,True,False
8,1040.25,0,0.0,207,741.85,0.03,0.05,0.0,0.0,Nov,2,2,1,2,Returning_Visitor,False,False
3,22.83,0,0.0,115,736.66,0.03,0.05,0.0,0.0,Mar,2,2,1,1,Returning_Visitor,False,False
1,12.0,0,43.15,36,493.3,0.0,0.02,0.0,0.0,Oct,2,2,1,2,Returning_Visitor,False,False
10,87.5,1,0.0,3,735.36,0.03,0.0,0.0,0.0,Oct,2,2,7,2,New_Visitor,False,False
3,11.0,0,43.23,11,183.5,0.03,0.05,0.0,0.0,May,2,2,1,4,New_Visitor,True,False
3,87.06,0,43.17,20,737.58,0.01,0.05,0.0,0.0,Nov,2,2,1,6,Returning_Visitor,False,False
3,87.26,1,0.0,5,691.0,0.03,0.05,0.0,0.6,May,2,2,1,2,Returning_Visitor,False,False
1,4.0,4,123.33,79,2387.14,0.03,0.05,0.0,0.0,Nov,3,2,1,13,Returning_Visitor,True,False
3,101.01,0,0.0,17,376.52,0.0,0.04,0.0,0.0,Nov,2,2,1,2,Returning_Visitor,False,False
3,86.6,1,43.26,24,653.0,0.01,0.05,0.0,0.8,May,4,2,9,1,Returning_Visitor,False,False
3,90.42,2,28.4,2,740.36,0.0,0.05,0.0,0.0,Jul,2,2,1,5,New_Visitor,False,False
3,98.55,0,0.0,2,801.44,0.0,0.04,0.0,0.0,Nov,1,1,1,2,Returning_Visitor,False,False
0,0.0,2,84.5,42,2762.41,0.03,0.05,0.0,0.0,Nov,2,2,1,2,New_Visitor,False,False
3,329.3,1,75.0,32,1888.55,0.03,0.03,24.64,0.0,May,1,2,1,4,Returning_Visitor,True,True
3,4.0,0,43.22,37,735.86,0.03,0.05,0.0,0.0,Mar,2,2,6,10,Returning_Visitor,False,False
3,87.47,1,0.0,3,26.0,0.0,0.05,0.0,0.0,Mar,3,2,1,2,Returning_Visitor,False,False
3,101.2,1,45.21,11,205.7,0.0,0.02,18.85,0.0,Dec,1,2,1,2,New_Visitor,False,True
4,81.6,1,0.0,45,735.29,0.03,0.05,0.0,0.0,Jul,3,2,6,13,Returning_Visitor,False,False
3,37.3,4,166.0,67,730.56,0.03,0.05,2.34,0.0,May,3,2,1,2,Returning_Visitor,True,False
3,0.0,0,0.0,1,0.0,0.2,0.2,0.0,0.0,Mar,2,2,1,2,Returning_Visitor,False,False
0,0.0,1,43.23,34,4566.24,0.03,0.06,0.0,0.8,May,3,2,1,2,Returning_Visitor,False,False
3,11.0,0,0.0,19,735.94,0.03,0.04,0.0,0.0,Mar,2,2,1,2,Returning_Visitor,False,False
5,87.29,1,0.0,11,735.29,0.0,0.05,0.0,0.0,Dec,3,2,2,2,Returning_Visitor,False,False
13,1249.81,4,205.0,36,1626.63,0.03,0.05,6.83,0.0,Mar,3,2,1,3,Returning_Visitor,False,False
4,87.47,1,40.0,61,2072.99,0.01,0.04,0.0,0.6,May,2,2,3,2,Returning_Visitor,False,False
3,87.21,3,43.26,61,5233.59,0.03,0.05,0.0,0.0,May,2,2,4,2,Returning_Visitor,False,False
9,779.0,0,43.25,15,1386.35,0.02,0.03,6.34,0.0,Aug,1,2,1,4,Returning_Visitor,False,False
3,87.16,0,43.21,1,0.0,0.2,0.2,0.0,0.0,Dec,1,2,4,2,Returning_Visitor,False,False
1,0.0,1,11.0,50,735.55,0.06,0.08,0.0,0.0,Dec,1,2,1,2,Returning_Visitor,False,False
3,0.0,1,30.5,24,1689.13,0.0,0.05,0.0,0.0,Nov,2,2,9,2,Returning_Visitor,False,False
3,99.19,10,518.25,60,798.18,0.02,0.03,0.0,0.0,Nov,1,1,1,2,Returning_Visitor,False,False
1,18.0,1,6.0,122,737.58,0.03,0.05,0.0,0.0,Nov,3,2,1,2,Returning_Visitor,True,False
3,0.0,1,0.0,6,92.0,0.0,0.07,0.0,0.0,Mar,1,1,1,2,Returning_Visitor,False,False
0,0.0,0,43.24,4,734.98,0.0,0.07,0.0,0.0,May,3,2,1,2,Returning_Visitor,False,False
5,50.0,0,0.0,234,5246.44,0.02,0.04,21.03,0.0,Nov,2,2,1,3,Returning_Visitor,False,True
5,87.65,1,0.0,60,736.65,0.03,0.05,0.0,0.0,Aug,2,2,4,2,Returning_Visitor,False,False
3,87.36,1,0.0,4,70.5,0.05,0.1,0.0,0.0,Mar,3,2,1,3,Returning_Visitor,False,False
8,447.12,3,168.38,142,736.99,0.03,0.05,0.0,0.0,Nov,3,2,1,1,Returning_Visitor,False,False
3,87.57,1,724.0,31,736.28,0.03,0.02,0.0,0.0,May,1,1,1,1,Returning_Visitor,False,False
3,17.0,1,43.24,9,148.25,0.02,0.05,0.0,0.0,Mar,3,2,1,1,Returning_Visitor,False,False
0,0.0,0,0.0,21,517.54,0.0,0.04,16.16,0.0,Nov,1,1,1,8,Returning_Visitor,False,True
1,87.13,0,43.22,6,735.92,0.0,0.05,0.0,0.0,May,2,2,1,2,New_Visitor,False,False
9,395.88,0,0.0,124,3959.15,0.02,0.04,3.46,0.0,Nov,2,2,1,2,Returning_Visitor,False,True
3,22.0,1,49.0,22,602.17,0.0,0.01,0.0,0.0,Mar,2,2,1,2,Returning_Visitor,True,False
0,0.0,0,0.0,13,255.08,0.0,0.02,0.0,0.0,Dec,2,2,8,2,Returning_Visitor,False,False
3,86.86,0,0.0,45,1387.27,0.03,0.06,0.0,0.0,Jul,3,2,9,13,Returning_Visitor,False,False
3,87.32,0,43.23,9,734.19,0.0,0.05,0.0,0.0,Oct,1,8,5,2,Returning_Visitor,False,False
2,87.53,1,0.0,4,636.0,0.0,0.03,0.0,0.2,May,3,2,1,2,Returning_Visitor,False,False
1,87.09,1,0.0,1,0.0,0.2,0.2,0.0,0.0,Dec,1,2,1,10,Returning_Visitor,False,False
1,48.5,1,0.0,35,668.1,0.01,0.02,36.96,0.0,Nov,2,4,1,3,Returning_Visitor,False,True
0,87.38,0,0.0,2,11.0,0.03,0.1,0.0,0.0,Dec,2,2,1,13,Returning_Visitor,False,False
1,87.43,0,0.0,28,734.19,0.0,0.02,4.82,0.0,Oct,4,1,1,2,Returning_Visitor,False,True
3,87.32,0,0.0,56,735.56,0.03,0.05,0.0,0.0,Nov,3,2,1,2,Returning_Visitor,True,False
3,88.15,5,43.3,7,148.5,0.03,0.05,0.0,0.0,Mar,3,2,2,2,Returning_Visitor,False,False
8,398.7,0,45.24,50,801.34,0.0,0.01,19.78,0.4,May,2,2,1,4,Returning_Visitor,False,False
4,183.0,1,45.27,15,557.33,0.0,0.01,16.1,0.0,May,2,2,2,2,Returning_Visitor,False,True
7,271.33,1,0.0,54,800.41,0.02,0.04,9.87,0.0,May,2,2,1,6,Returning_Visitor,False,True
3,87.23,2,298.0,16,736.18,0.03,0.01,0.0,0.0,May,3,2,1,13,Returning_Visitor,False,False
3,0.0,0,0.0,5,735.82,0.03,0.19,0.0,0.0,Mar,3,2,7,3,Returning_Visitor,False,False
3,0.0,0,45.24,14,802.57,0.0,0.02,31.31,0.0,Mar,2,2,1,2,New_Visitor,False,True
0,87.28,1,43.27,2,31.2,0.0,0.1,0.0,0.0,Aug,3,2,1,2,Returning_Visitor,False,False
0,0.0,0,0.0,67,735.9,0.0,0.02,0.0,0.8,May,2,2,1,4,Returning_Visitor,False,False
0,0.0,1,43.19,3,249.0,0.03,0.07,0.0,0.0,Mar,2,2,9,3,Returning_Visitor,False,False
5,66.4,1,45.08,39,742.69,0.0,0.02,71.39,0.0,Dec,2,2,1,3,Returning_Visitor,False,True
3,86.99,0,43.22,19,448.03,0.0,0.01,0.0,0.0,May,3,2,5,2,Returning_Visitor,True,False
3,0.0,1,43.25,4,28.0,0.05,0.05,0.0,0.0,Nov,2,2,1,3,Returning_Visitor,False,False
0,87.13,0,0.0,2,735.28,0.0,0.1,0.0,0.0,Dec,2,2,7,13,Returning_Visitor,False,False
3,84.0,0,0.0,30,597.63,0.01,0.05,0.0,0.0,Nov,1,2,1,11,Returning_Visitor,False,False
3,186.5,1,0.0,16,476.25,0.01,0.04,16.04,0.0,Dec,2,2,1,2,Returning_Visitor,False,True
6,185.99,5,111.17,179,800.03,0.02,0.04,18.08,0.0,Nov,2,2,1,2,Returning_Visitor,True,False
4,87.37,0,0.0,13,735.92,0.03,0.05,0.0,0.0,Sep,3,2,1,1,Returning_Visitor,False,False
0,0.0,0,43.22,17,735.6,0.03,0.05,0.0,0.0,Oct,3,2,3,2,Returning_Visitor,False,False
8,332.67,1,43.4,42,741.79,0.03,0.05,10.11,0.0,May,2,2,3,2,Returning_Visitor,False,False
3,87.13,1,0.0,22,3410.88,0.02,0.05,0.0,0.0,Mar,2,2,1,2,Returning_Visitor,False,False
0,86.71,0,43.26,111,738.02,0.03,0.05,0.0,0.0,Dec,2,2,1,2,Returning_Visitor,False,False
3,0.0,2,43.29,4,57.75,0.03,0.07,0.0,0.0,Nov,2,2,3,2,Returning_Visitor,False,False
0,0.0,0,0.0,26,801.94,0.02,0.01,92.48,0.0,Mar,2,2,7,2,Returning_Visitor,False,True
0,0.0,0,0.0,73,801.21,0.02,0.04,6.14,0.0,Nov,2,2,1,2,Returning_Visitor,True,False
3,88.92,1,1343.25,51,3472.87,0.01,0.05,0.0,0.0,Nov,2,2,1,2,Returning_Visitor,False,False
3,87.24,1,0.0,35,999.0,0.0,0.01,0.0,0.0,May,3,2,3,2,Returning_Visitor,False,False
3,41.0,0,0.0,43,1087.25,0.0,0.05,0.0,0.0,Mar,4,2,1,1,Returning_Visitor,False,False
0,0.0,1,0.0,34,736.3,0.0,0.02,0.0,0.0,Mar,2,2,7,2,Returning_Visitor,False,False
3,0.0,1,43.27,1,734.69,0.03,0.05,0.0,0.0,Nov,1,2,1,1,Returning_Visitor,False,False
3,268.2,2,45.32,49,794.33,0.0,0.04,0.0,0.0,Sep,2,5,4,1,Returning_Visitor,False,True
0,0.0,1,43.23,3,735.46,0.0,0.07,0.0,0.0,Mar,2,2,1,1,Returning_Visitor,False,False
3,101.3,1,0.0,10,511.25,0.0,0.01,7.85,0.0,Dec,2,5,3,2,New_Visitor,False,True
3,87.18,1,0.0,28,627.65,0.01,0.05,0.0,0.0,Sep,1,2,2,2,Returning_Visitor,False,False
0,0.0,1,43.21,4,351.5,0.03,0.1,0.0,0.0,Dec,2,2,5,20,Returning_Visitor,False,False
3,0.0,1,0.0,11,735.77,0.0,0.05,0.0,0.0,Mar,2,2,2,2,Returning_Visitor,False,False
3,283.25,0,0.0,38,796.69,0.0,0.0,18.61,0.0,Nov,1,1,1,20,Returning_Visitor,False,True
2,67.5,1,45.21,10,801.97,0.02,0.02,59.52,0.0,Dec,2,2,1,2,Returning_Visitor,False,True
0,0.0,0,0.0,74,736.83,0.03,0.05,0.0,0.0,Nov,2,2,1,2,Returning_Visitor,False,False
3,86.96,0,0.0,9,138.5,0.03,0.05,0.0,0.6,May,1,2,2,2,Returning_Visitor,False,False
3,87.13,1,43.2,1,0.0,0.03,0.2,0.0,0.0,May,3,2,6,2,Returning_Visitor,True,False
0,0.0,0,0.0,25,334.38,0.0,0.01,0.0,0.0,Sep,2,2,3,4,Returning_Visitor,False,False
3,87.29,1,43.23,7,169.5,0.02,0.02,0.0,0.8,May,3,2,1,2,Returning_Visitor,False,False
2,29.0,1,45.28,9,536.0,0.0,0.02,37.52,0.0,May,2,2,3,4,New_Visitor,False,True
5,87.36,2,722.52,98,736.29,0.01,0.05,0.0,0.0,Aug,3,2,1,4,Returning_Visitor,False,False
3,87.8,0,0.0,2,0.0,0.2,0.05,0.0,0.0,Nov,3,2,1,2,Returning_Visitor,False,False
9,87.24,0,0.0,23,620.03,0.03,0.03,0.0,0.0,Aug,2,2,1,2,Returning_Visitor,False,False
0,0.0,1,43.16,4,75.5,0.03,0.05,0.0,0.0,Mar,2,2,1,2,Returning_Visitor,False,False
0,87.35,1,0.0,5,125.75,0.07,0.14,0.0,0.0,Nov,3,2,1,2,Returning_Visitor,False,False
3,87.16,0,0.0,1,0.0,0.2,0.2,0.0,0.0,June,2,2,1,2,Returning_Visitor,False,False
4,13.62,0,45.28,27,801.61,0.02,0.02,8.5,0.0,Mar,3,2,1,2,Returning_Visitor,True,False
3,18.6,1,45.26,85,2834.28,0.02,0.04,37.42,0.0,Nov,2,2,1,1,Returning_Visitor,True,False
3,31.0,1,43.19,23,736.18,0.01,0.05,0.0,0.0,May,2,2,1,4,Returning_Visitor,False,False
3,123.5,0,0.0,27,736.32,0.0,0.05,0.0,0.0,May,2,2,1,4,Returning_Visitor,False,False
3,87.17,1,43.16,10,497.1,0.0,0.01,0.0,0.0,May,1,2,1,2,Returning_Visitor,False,False
8,674.0,1,0.0,18,1090.53,0.02,0.03,69.28,0.0,May,2,2,1,2,Returning_Visitor,False,True
0,0.0,1,0.0,2,12.0,0.0,0.05,0.0,0.0,May,1,1,1,3,Returning_Visitor,False,False
0,0.0,0,0.0,3,58.0,0.0,0.07,0.0,0.0,Mar,1,1,1,10,Returning_Visitor,False,False
9,1104.2,1,0.0,36,735.16,0.03,0.01,0.0,0.0,Oct,1,2,1,2,Returning_Visitor,True,False
2,87.24,0,43.17,77,735.62,0.03,0.05,0.0,0.0,Dec,2,2,1,2,Returning_Visitor,False,False
0,87.43,0,43.24,11,735.37,0.02,0.03,0.0,0.0,Nov,3,2,1,2,Returning_Visitor,False,False
3,86.98,0,43.15,13,264.34,0.0,0.05,0.0,0.0,Sep,1,2,1,2,Returning_Visitor,False,False
4,34.0,1,43.22,46,736.25,0.03,0.0,0.0,0.0,Mar,2,2,7,2,Returning_Visitor,False,False
2,87.23,0,43.21,21,735.32,0.0,0.01,0.0,0.0,Mar,4,1,1,2,Returning_Visitor,False,False
3,86.99,0,43.27,10,736.41,0.0,0.02,0.0,0.4,May,3,2,4,13,Returning_Visitor,False,False
3,70.6,0,43.26,30,515.23,0.0,0.02,0.0,0.0,Aug,1,1,3,1,Returning_Visitor,False,False
3,87.13,1,43.24,1,734.12,0.0,0.1,0.0,0.0,Nov,1,1,1,2,Other,False,False
3,86.92,0,0.0,1,735.2,0.2,0.2,0.0,0.0,Jul,2,2,7,1,Returning_Visitor,False,False
5,879.5,0,0.0,43,2365.43,0.0,0.05,0.0,0.0,Nov,4,1,1,10,Returning_Visitor,False,False
4,228.72,0,43.2,4,735.87,0.03,0.05,0.0,0.0,Oct,1,8,1,11,Returning_Visitor,False,False
3,0.0,0,0.0,26,781.5,0.03,0.03,0.0,0.2,May,2,2,2,3,Returning_Visitor,False,False
2,11.0,1,0.0,35,1557.17,0.03,0.05,0.0,0.0,May,2,2,1,2,Returning_Visitor,False,False
3,87.24,1,0.0,1,0.0,0.2,0.2,0.0,0.0,Dec,2,2,1,13,Returning_Visitor,False,False
7,101.33,0,0.0,30,1011.92,0.02,0.02,12.91,0.0,Sep,2,2,4,4,Returning_Visitor,False,False
3,87.37,0,43.14,31,735.2,0.03,0.05,0.0,0.0,Nov,2,2,1,2,Returning_Visitor,True,False
3,87.33,1,43.28,15,287.29,0.0,0.0,0.0,0.0,May,1,1,3,2,Returning_Visitor,False,False
3,0.0,1,43.13,18,849.54,0.0,0.05,0.0,0.0,Nov,1,1,1,2,Returning_Visitor,False,False
1,58.5,1,45.24,11,800.68,0.0,0.04,62.87,0.0,Nov,2,2,1,1,Returning_Visitor,False,True
1,2.0,0,0.0,24,800.4,0.02,0.04,24.34,0.0,May,2,2,1,2,Returning_Visitor,False,False
3,0.0,0,45.18,16,800.98,0.0,0.04,0.0,0.0,Nov,2,2,7,1,Returning_Visitor,False,True
3,87.78,0,0.0,5,278.0,0.0,0.03,0.0,0.0,Aug,2,2,1,2,New_Visitor,True,False
3,87.11,1,43.21,1,0.0,0.2,0.05,0.0,0.0,Nov,2,2,6,2,Returning_Visitor,False,False
3,0.0,0,43.25,20,504.23,0.01,0.02,0.0,0.0,Mar,3,2,1,2,Returning_Visitor,False,False
0,0.0,1,43.42,31,651.67,0.0,0.05,0.0,0.0,Dec,4,2,1,2,Returning_Visitor,True,False
3,87.44,0,0.0,24,302.98,0.02,0.02,0.0,0.6,May,3,2,1,2,Returning_Visitor,False,False
0,87.53,1,0.0,1,734.59,0.03,0.2,0.0,0.2,May,3,2,1,2,Returning_Visitor,False,False
3,96.0,1,43.17,6,736.16,0.03,0.03,0.0,0.0,Mar,3,2,1,2,New_Visitor,False,False
3,98.5,1,21.25,46,1438.1,0.0,0.04,27.86,0.0,Dec,3,2,1,2,Returning_Visitor,True,False
0,87.18,0,0.0,8,735.72,0.03,0.03,0.0,0.0,Dec,3,2,1,2,Returning_Visitor,False,False
3,87.17,1,0.0,37,735.7,0.03,0.0,0.0,0.0,Mar,1,1,1,2,Returning_Visitor,True,False
3,87.19,0,0.0,16,375.92,0.03,0.01,0.0,0.0,Dec,1,2,1,2,Returning_Visitor,False,False
0,87.01,1,0.0,16,426.33,0.0,0.01,0.0,0.0,Nov,1,2,4,2,Returning_Visitor,False,False
9,183.5,2,43.9,52,758.94,0.01,0.05,1.82,0.0,Mar,4,2,1,2,Returning_Visitor,False,True
7,61.08,1,43.19,39,735.56,0.0,0.02,0.0,0.0,Oct,2,2,1,4,Returning_Visitor,False,False
8,274.5,0,0.0,129,736.03,0.03,0.05,0.0,0.0,May,1,1,6,2,Returning_Visitor,False,False
2,14.0,0,0.0,58,1806.5,0.01,0.05,0.0,0.8,May,2,2,1,6,Returning_Visitor,False,False
3,87.47,1,0.0,40,829.8,0.07,0.05,0.0,0.0,Nov,3,2,1,13,Returning_Visitor,False,False
3,87.16,2,37.0,52,735.89,0.02,0.05,0.0,0.0,May,2,2,1,13,Returning_Visitor,False,False
8,87.43,0,43.23,34,735.92,0.03,0.05,0.0,0.0,May,1,2,3,2,Returning_Visitor,False,False
9,236.8,0,0.0,240,802.08,0.02,0.04,20.62,0.0,Oct,2,5,1,20,Returning_Visitor,False,True
0,0.0,1,43.36,24,680.26,0.03,0.04,72.07,0.0,Nov,1,1,8,10,Returning_Visitor,False,False
0,0.0,1,0.0,57,801.45,0.01,0.02,12.36,0.0,Nov,3,2,1,1,Returning_Visitor,True,True
3,0.0,1,0.0,2,36.5,0.0,0.03,0.0,0.0,Mar,3,2,1,1,Returning_Visitor,False,False
11,87.9,7,258.25,40,736.24,0.03,0.02,0.0,0.0,Dec,3,2,1,2,Returning_Visitor,False,False
1,5.5,0,43.11,7,286.0,0.03,0.05,0.0,0.0,Mar,2,2,1,2,Returning_Visitor,False,False
3,87.02,1,43.32,4,735.77,0.1,0.05,0.0,0.0,Mar,3,2,1,2,Returning_Visitor,False,False
3,87.23,0,0.0,29,3441.44,0.03,0.01,0.0,0.0,Dec,3,2,1,2,Returning_Visitor,False,False
3,75.6,1,0.0,94,737.12,0.03,0.05,0.0,0.6,May,3,2,1,3,Returning_Visitor,False,False
1,0.0,3,82.0,120,800.93,0.02,0.01,16.96,0.0,Nov,1,2,1,11,Returning_Visitor,False,True
0,86.91,0,0.0,15,598.6,0.0,0.03,0.0,0.0,Jul,2,2,1,2,Returning_Visitor,False,False
6,88.0,1,43.16,17,538.97,0.0,0.02,0.0,0.0,May,2,2,1,4,Returning_Visitor,False,False
3,174.5,0,0.0,10,734.98,0.0,0.01,0.0,0.0,Mar,1,1,3,2,Returning_Visitor,False,False
3,86.95,0,43.26,14,128.5,0.07,0.11,0.0,1.0,May,3,2,1,13,Returning_Visitor,True,False
4,69.83,0,0.0,133,800.42,0.02,0.04,15.96,0.0,Nov,1,2,1,2,Returning_Visitor,True,False
0,0.0,1,43.17,22,735.78,0.03,0.05,0.0,0.0,Dec,4,1,1,2,Returning_Visitor,False,False
3,87.22,1,0.0,4,39.95,0.0,0.05,0.0,0.0,Jul,3,2,1,4,Returning_Visitor,False,False
3,0.0,0,43.26,3,27.2,0.13,0.13,0.0,0.0,Oct,3,2,4,2,Returning_Visitor,False,False
3,87.33,0,43.17,3,234.0,0.03,0.03,0.0,0.0,Mar,1,2,1,2,Returning_Visitor,False,False
7,234.43,1,43.23,85,737.86,0.03,0.05,0.0,0.0,Oct,2,2,1,13,Returning_Visitor,False,False
15,161.76,7,227.25,104,736.62,0.03,0.05,3.43,0.0,May,3,2,1,2,Returning_Visitor,True,False
3,210.57,1,61.6,10,124.87,0.03,0.03,0.0,0.0,Aug,1,2,3,2,Returning_Visitor,False,True
0,0.0,0,43.18,4,82.0,0.03,0.05,0.0,0.0,Nov,2,2,4,2,Returning_Visitor,False,False
2,53.5,0,45.23,85,800.85,0.0,0.02,0.0,0.0,Nov,2,2,1,2,Returning_Visitor,False,True
2,9.0,0,43.12,23,1516.2,0.02,0.03,17.73,0.0,June,2,2,1,2,Returning_Visitor,False,True
3,25.75,1,43.63,22,748.01,0.01,0.02,19.0,0.4,May,3,2,1,13,Returning_Visitor,False,True
3,86.96,1,43.22,8,738.62,0.0,0.02,0.0,0.0,Nov,2,2,2,2,Returning_Visitor,False,False
3,100.0,1,0.0,18,954.91,0.03,0.01,0.0,0.0,Nov,1,2,8,2,Returning_Visitor,False,False
3,87.05,0,43.26,15,735.9,0.0,0.05,0.0,0.0,Mar,2,2,1,2,Returning_Visitor,False,False
5,218.8,1,0.0,5,71.4,0.02,0.04,11.21,0.0,Oct,2,4,7,2,New_Visitor,False,True
3,87.04,1,0.0,5,59.0,0.08,0.05,0.0,0.0,Mar,2,2,7,1,Returning_Visitor,False,False
2,87.44,1,43.18,43,2595.28,0.03,0.05,0.0,0.0,Mar,2,2,7,2,Returning_Visitor,False,False
6,87.77,3,53.2,114,736.62,0.03,0.02,0.0,0.0,Nov,3,2,1,2,Returning_Visitor,True,False
12,345.83,0,0.0,52,3258.07,0.0,0.0,0.0,0.0,May,1,2,1,2,Returning_Visitor,False,False
2,6.0,0,0.0,9,734.54,0.0,0.06,0.0,0.0,Sep,1,1,1,2,Returning_Visitor,True,True
3,87.0,1,43.21,12,483.29,0.03,0.04,0.0,0.0,Dec,2,5,1,2,Returning_Visitor,False,False
3,0.0,0,43.21,13,123.0,0.0,0.02,0.0,0.0,Mar,2,2,1,2,Returning_Visitor,False,False
0,0.0,0,43.24,2,0.0,0.2,0.05,0.0,0.0,Mar,2,2,1,2,Returning_Visitor,False,False
3,11.33,1,0.0,20,302.39,0.0,0.05,0.0,0.0,Mar,2,2,1,1,Returning_Visitor,False,False
3,87.06,1,43.22,6,166.0,0.0,0.03,0.0,0.0,Dec,2,2,1,2,Returning_Visitor,False,False
1,88.05,1,43.28,11,424.6,0.03,0.06,0.0,0.0,Aug,3,2,1,1,Returning_Visitor,False,False
0,86.96,0,43.2,6,102.0,0.03,0.05,0.0,0.0,May,2,2,1,3,Returning_Visitor,False,False
15,149.03,1,45.39,23,2128.7,0.01,0.02,16.2,0.0,Oct,2,2,1,20,Returning_Visitor,False,False
3,87.19,0,43.21,19,540.33,0.03,0.04,0.0,0.0,Nov,2,2,1,2,Returning_Visitor,True,False
7,280.0,1,0.0,21,612.75,0.02,0.01,43.81,0.0,May,2,2,2,1,Returning_Visitor,False,True
13,296.04,3,46.25,52,735.27,0.03,0.06,0.0,0.0,Dec,1,2,3,1,Returning_Visitor,False,False
0,0.0,1,0.0,2,0.0,0.2,0.05,0.0,0.0,Mar,1,2,1,1,Returning_Visitor,False,False
3,29.0,1,43.13,57,1191.89,0.02,0.05,0.0,0.0,Nov,2,2,1,2,Returning_Visitor,False,False
9,294.66,2,97.64,107,740.37,0.03,0.01,5.87,0.0,June,1,1,1,2,Returning_Visitor,False,False
8,162.42,1,43.28,25,357.17,0.01,0.02,0.0,0.0,Dec,4,1,1,2,Returning_Visitor,True,False
0,87.09,0,43.31,30,805.83,0.0,0.0,0.0,0.0,Nov,1,2,3,8,Returning_Visitor,False,False
3,87.26,0,0.0,14,238.67,0.03,0.0,0.0,0.0,Dec,2,2,1,2,New_Visitor,False,False
3,0.0,1,43.22,13,323.3,0.03,0.1,0.0,0.0,June,3,2,1,2,Returning_Visitor,False,False
3,0.0,0,43.41,1,0.0,0.2,0.05,0.0,0.4,May,1,8,7,4,Returning_Visitor,False,False
0,0.0,3,91.0,87,3006.88,0.03,0.05,0.0,0.0,Dec,3,2,3,1,Returning_Visitor,False,False
3,0.0,1,0.0,4,735.85,0.0,0.05,0.0,0.0,May,2,2,4,3,Returning_Visitor,False,False
3,70.0,1,45.27,18,443.0,0.0,0.02,24.29,0.0,May,2,5,1,4,New_Visitor,False,True
3,87.29,2,6.0,83,735.03,0.03,0.05,0.0,0.0,Nov,2,2,1,2,Returning_Visitor,True,True
3,87.16,0,0.0,14,416.83,0.0,0.02,0.0,0.0,May,2,2,1,2,New_Visitor,False,False
0,87.09,0,43.21,1,735.44,0.03,0.2,0.0,0.0,Nov,2,2,6,2,Returning_Visitor,False,False
3,0.0,0,0.0,17,2641.42,0.03,0.04,0.0,0.0,Nov,3,2,1,2,Returning_Visitor,False,False
3,0.0,0,43.28,3,734.08,0.03,0.07,0.0,0.0,Nov,1,2,2,2,Returning_Visitor,False,False
2,58.4,0,43.22,54,735.55,0.03,0.05,11.7,0.0,Sep,4,2,1,2,Returning_Visitor,False,True
0,0.0,1,43.26,35,736.28,0.03,0.05,0.0,1.0,May,2,2,1,2,Returning_Visitor,False,False
3,0.0,0,43.17,4,133.5,0.0,0.03,0.0,0.0,Dec,4,2,1,2,New_Visitor,False,False
0,0.0,0,43.2,27,735.58,0.03,0.09,0.0,0.0,Oct,2,2,6,1,Returning_Visitor,False,False
0,0.0,1,0.0,1,733.03,0.2,0.2,0.0,0.0,Nov,1,1,1,2,Returning_Visitor,False,False
3,87.16,0,43.15,41,736.02,0.03,0.07,0.0,0.0,Nov,2,2,1,3,Returning_Visitor,False,False
3,87.39,1,43.27,6,30.0,0.03,0.19,0.0,0.8,May,3,2,1,1,Returning_Visitor,False,False
9,250.22,5,45.28,82,800.25,0.02,0.04,28.42,0.0,Dec,3,2,1,13,Returning_Visitor,False,True
0,0.0,0,43.19,19,172.11,0.04,0.05,0.0,1.0,May,3,2,1,2,Returning_Visitor,True,False
6,40.17,0,0.0,41,895.83,0.03,0.05,0.0,0.0,May,2,2,6,4,Returning_Visitor,False,False
2,26.0,1,6.0,103,3400.25,0.03,0.03,0.0,0.0,Nov,3,2,1,13,Returning_Visitor,True,False
2,42.0,1,0.0,16,602.0,0.03,0.04,0.0,0.0,May,2,2,1,2,Returning_Visitor,False,False
0,0.0,1,0.0,1,0.0,0.2,0.2,0.0,0.0,Mar,3,2,1,2,Returning_Visitor,False,False
3,87.14,0,43.19,7,735.02,0.0,0.04,0.0,1.0,May,1,1,2,2,Returning_Visitor,False,False
3,5.0,0,0.0,13,802.21,0.02,0.02,26.12,0.0,Mar,2,2,1,2,Returning_Visitor,False,True
3,87.14,0,43.18,4,7.0,0.1,0.15,0.0,0.0,May,2,5,8,1,Returning_Visitor,False,False
2,87.25,0,0.0,16,734.72,0.01,0.05,0.0,0.6,Feb,2,4,2,2,Returning_Visitor,False,False
0,93.74,0,43.06,31,828.25,0.01,0.05,0.0,0.0,Nov,2,2,9,2,New_Visitor,False,False
3,0.0,1,43.14,33,2861.97,0.0,0.05,0.0,0.0,Nov,2,2,9,2,Returning_Visitor,False,False
3,0.0,0,43.18,12,735.91,0.05,0.08,0.0,0.0,Dec,1,2,1,3,Returning_Visitor,False,False
0,0.0,2,120.5,54,737.27,0.01,0.03,0.0,0.0,Dec,1,1,1,2,Returning_Visitor,False,False
3,5.0,1,43.07,31,737.69,0.03,0.05,0.0,0.0,Dec,2,2,1,2,Returning_Visitor,False,False
0,100.67,1,0.0,6,78.75,0.02,0.07,0.0,0.0,Nov,2,2,1,3,Returning_Visitor,False,False
0,87.16,1,43.17,34,736.13,0.01,0.05,0.0,0.0,Dec,2,2,3,10,Returning_Visitor,False,False
3,94.0,2,43.24,56,735.77,0.03,0.03,0.0,0.0,Nov,2,2,1,2,Returning_Visitor,False,False
3,112.0,1,0.0,20,801.53,0.0,0.02,26.88,0.0,May,2,2,1,2,Returning_Visitor,False,False
3,47.0,0,0.0,89,3436.98,0.0,0.0,0.0,0.0,Nov,2,2,3,2,Returning_Visitor,False,True
5,87.19,1,43.18,10,735.04,0.0,0.0,0.0,0.0,Mar,1,2,1,2,New_Visitor,False,False
7,199.85,0,0.0,39,800.31,0.0,0.04,17.93,0.0,Nov,2,4,1,2,Returning_Visitor,False,False
3,87.12,0,0.0,32,791.92,0.03,0.05,0.0,0.0,Nov,3,2,4,2,Returning_Visitor,False,False
13,214.88,0,43.18,41,735.54,0.0,0.02,4.47,0.0,Mar,2,4,1,2,Returning_Visitor,False,False
0,87.91,0,43.22,1,0.0,0.03,0.2,0.0,0.0,Nov,3,2,1,2,Returning_Visitor,False,False
3,0.0,1,0.0,15,735.3,0.0,0.03,0.0,0.0,May,3,2,1,3,Returning_Visitor,False,False
3,74.0,1,43.2,8,735.92,0.03,0.05,0.0,0.0,May,3,2,3,3,Returning_Visitor,False,False
3,0.0,1,43.16,9,116.33,0.0,0.05,0.0,0.0,Mar,2,2,1,2,Returning_Visitor,False,False
6,87.16,0,43.23,11,735.66,0.0,0.01,0.0,0.0,Dec,4,2,1,2,New_Visitor,False,False
3,178.92,1,43.27,33,1017.58,0.03,0.01,0.0,0.0,Nov,3,2,1,2,Returning_Visitor,False,False
0,87.08,0,0.0,1,734.19,0.2,0.05,0.0,0.0,Nov,1,2,6,1,Returning_Visitor,True,False
3,0.0,0,43.19,72,2494.82,0.0,0.05,0.0,0.0,Nov,1,2,1,11,Returning_Visitor,False,False
1,23.96,0,0.0,94,2103.94,0.03,0.04,1.48,0.0,Jul,2,2,1,1,Returning_Visitor,False,False
2,99.32,1,0.0,48,2259.74,0.03,0.05,12.23,0.0,Dec,1,1,1,2,Returning_Visitor,False,True
3,87.25,1,43.15,26,655.54,0.03,0.05,0.0,0.0,Nov,2,2,4,2,Returning_Visitor,False,False
4,43.0,1,45.2,66,2544.05,0.02,0.04,62.41,0.0,Nov,4,2,2,2,Returning_Visitor,False,False
1,87.24,0,0.0,25,1055.58,0.03,0.02,0.0,0.0,Dec,1,1,1,2,Returning_Visitor,False,False
3,0.0,0,43.18,20,804.25,0.03,0.05,0.0,0.0,Nov,3,2,8,1,Returning_Visitor,False,False
0,87.28,1,0.0,1,39.5,0.0,0.1,0.0,0.0,Dec,1,2,1,2,Returning_Visitor,False,False
3,0.0,0,0.0,37,736.33,0.03,0.05,0.0,0.0,Jul,3,2,1,3,Returning_Visitor,True,False
0,87.16,1,0.0,1,734.55,0.2,0.2,0.0,0.0,Nov,2,2,3,2,Returning_Visitor,False,False
4,211.8,0,0.0,15,512.9,0.0,0.05,0.0,0.0,Nov,1,1,3,2,New_Visitor,False,False
3,87.56,1,0.0,6,166.0,0.03,0.03,0.0,0.0,Jul,2,2,8,2,Returning_Visitor,False,True
1,28.5,0,0.0,21,736.66,0.03,0.03,0.0,0.0,Nov,2,2,1,2,Returning_Visitor,False,False
3,87.16,1,43.19,16,735.55,0.0,0.01,0.0,0.0,May,2,2,1,2,New_Visitor,False,False
5,327.4,0,0.0,86,2806.85,0.0,0.05,0.0,0.0,Oct,3,2,1,3,Returning_Visitor,False,False
3,67.87,1,43.24,16,393.0,0.03,0.01,0.0,0.0,Sep,2,2,1,2,Returning_Visitor,False,False
3,0.0,0,43.15,12,735.9,0.03,0.07,0.0,0.0,Mar,2,2,1,2,Returning_Visitor,True,False
3,86.83,0,0.0,12,737.12,0.03,0.05,0.0,0.8,May,3,2,1,13,Returning_Visitor,False,False
3,87.37,1,0.0,17,735.09,0.01,0.01,0.0,0.0,Mar,3,2,1,2,Returning_Visitor,False,False
3,0.0,1,43.18,4,49.5,0.0,0.02,0.0,0.0,Mar,2,2,1,2,Returning_Visitor,False,False
3,101.44,1,72.0,13,801.04,0.0,0.01,23.13,0.0,May,2,2,1,2,Returning_Visitor,False,True
5,87.16,0,43.2,20,535.25,0.0,0.05,0.0,0.0,Dec,1,2,1,3,Returning_Visitor,False,False
0,0.0,1,43.19,3,0.0,0.2,0.05,0.0,0.0,Jul,1,2,8,2,Returning_Visitor,False,False
0,87.41,0,43.17,6,140.0,0.0,0.03,0.0,0.0,Mar,3,2,1,1,Returning_Visitor,False,False
0,87.3,1,0.0,7,59.0,0.0,0.03,0.0,0.0,May,2,2,2,3,Returning_Visitor,False,False
3,222.75,0,0.0,31,4374.42,0.03,0.03,0.0,0.0,Dec,1,2,2,2,Returning_Visitor,False,False
3,87.58,0,43.16,6,35.2,0.03,0.05,0.0,0.0,Aug,2,2,1,2,Returning_Visitor,False,False
3,87.18,0,0.0,62,734.83,0.03,0.03,12.71,0.0,Sep,2,2,1,2,Returning_Visitor,False,False
3,87.19,0,43.22,7,220.33,0.0,0.01,0.0,0.0,May,2,2,1,5,New_Visitor,False,False
3,0.0,1,43.19,10,326.67,0.03,0.05,0.0,0.0,May,1,1,4,1,Returning_Visitor,True,False
3,86.9,0,43.22,4,735.44,0.05,0.1,0.0,0.0,May,1,2,1,2,Returning_Visitor,True,False
15,238.58,3,119.5,147,800.44,0.02,0.04,18.13,0.0,Nov,2,2,1,1,Returning_Visitor,False,True
2,23.2,1,0.0,11,119.2,0.0,0.05,0.0,0.0,Sep,2,2,1,2,New_Visitor,False,False
3,87.11,2,116.0,11,735.82,0.0,0.04,0.0,0.0,Dec,2,2,1,2,Returning_Visitor,False,False
3,87.45,1,43.22,7,176.83,0.0,0.05,0.0,0.0,Jul,2,2,1,2,Returning_Visitor,False,False
0,86.94,1,43.23,33,735.53,0.03,0.05,0.0,0.0,Dec,4,1,1,1,Returning_Visitor,False,False
0,87.0,0,0.0,91,738.6,0.03,0.05,0.0,0.0,Nov,2,2,1,2,Returning_Visitor,True,False
2,820.0,1,0.0,28,736.15,0.0,0.05,42.5,0.0,May,2,2,9,2,Returning_Visitor,False,False
1,74.0,0,0.0,21,735.22,0.0,0.01,0.0,0.0,May,2,2,1,2,New_Visitor,True,False
1,88.49,1,48.5,9,733.25,0.03,0.05,0.0,0.0,Dec,1,1,8,2,Returning_Visitor,False,False
3,0.0,0,43.2,1,0.0,0.2,0.05,0.0,0.0,May,1,2,1,15,Returning_Visitor,False,False
0,0.0,0,0.0,2,22.0,0.0,0.05,0.0,0.0,Mar,1,2,1,2,Returning_Visitor,False,False
3,400.65,0,0.0,27,952.28,0.03,0.05,0.0,0.0,Aug,1,2,1,6,New_Visitor,False,True
3,87.23,1,10.0,45,1142.2,0.03,0.02,0.0,0.0,Dec,2,2,1,2,Returning_Visitor,False,False
11,265.43,2,35.7,158,735.81,0.03,0.05,0.0,0.0,Aug,3,2,1,1,Returning_Visitor,False,False
3,17.0,1,0.0,15,735.58,0.0,0.01,0.0,0.0,Nov,4,1,1,2,Returning_Visitor,False,False
9,101.48,4,121.62,29,1406.92,0.02,0.04,20.75,0.0,Nov,3,2,6,1,Returning_Visitor,False,False
3,87.25,1,43.4,7,331.0,0.0,0.05,0.0,0.0,Nov,1,1,7,10,Returning_Visitor,True,False
3,86.84,1,43.27,4,67.0,0.03,0.05,0.0,0.6,May,2,4,1,2,Returning_Visitor,False,False
3,101.32,1,0.0,5,513.25,0.02,0.04,0.0,0.0,Nov,3,2,7,6,Returning_Visitor,False,False
8,87.44,6,2166.5,14,1805.43,0.0,0.05,10.9,0.0,Dec,4,5,1,2,Returning_Visitor,False,False
3,87.47,0,0.0,11,269.96,0.0,0.01,0.0,0.0,Jul,3,2,3,2,Returning_Visitor,False,False
3,87.45,0,43.18,14,382.03,0.0,0.02,0.0,0.0,Dec,2,2,1,1,Returning_Visitor,False,False
3,56.0,1,0.0,10,709.0,0.0,0.02,0.0,0.0,Mar,2,2,1,2,New_Visitor,False,False
3,87.32,0,43.23,6,735.8,0.02,0.05,0.0,1.0,May,6,2,3,2,New_Visitor,True,False
0,0.0,0,0.0,88,736.13,0.03,0.05,0.0,0.2,May,2,2,1,1,Returning_Visitor,False,False
3,0.0,1,0.0,12,736.24,0.03,0.05,0.0,0.8,May,2,2,1,2,Returning_Visitor,False,False
17,754.11,2,77.0,31,738.11,0.0,0.05,2.08,0.0,Mar,1,2,1,2,Returning_Visitor,False,True
3,0.0,0,0.0,10,109.17,0.03,0.05,0.0,0.0,Nov,3,2,1,3,Returning_Visitor,False,False
3,112.38,0,43.32,24,916.5,0.01,0.04,0.0,0.0,Nov,3,2,1,3,Returning_Visitor,False,False
3,0.0,1,43.25,12,202.0,0.03,0.04,0.0,0.0,May,2,2,1,2,Returning_Visitor,False,False
7,167.38,1,135.0,155,800.53,0.02,0.04,112.67,0.0,Nov,1,2,1,2,Returning_Visitor,False,True
4,101.75,2,43.28,37,1307.47,0.03,0.05,0.0,0.0,Nov,3,2,1,2,Returning_Visitor,False,False
16,237.35,1,0.0,46,735.82,0.03,0.01,0.0,0.0,Nov,3,2,4,2,Returning_Visitor,True,False
0,86.93,1,43.26,12,735.67,0.0,0.02,0.0,0.0,May,4,2,1,3,Returning_Visitor,False,False
3,115.0,0,0.0,97,794.87,0.02,0.04,0.0,0.0,Nov,1,2,1,10,Returning_Visitor,True,False
0,87.23,0,43.17,3,734.44,0.0,0.05,0.0,0.0,Jul,2,2,1,1,Returning_Visitor,False,False
3,39.48,0,0.0,33,549.78,0.03,0.05,0.0,0.0,Sep,3,2,4,2,Returning_Visitor,False,False
3,99.98,1,44.86,48,1850.12,0.02,0.04,7.56,0.0,Nov,1,1,1,2,Returning_Visitor,True,True
3,101.32,1,141.0,20,651.77,0.0,0.04,19.13,0.0,Nov,2,2,4,2,Returning_Visitor,False,True
3,87.25,1,0.0,5,118.5,0.0,0.05,0.0,0.0,June,2,2,7,2,Returning_Visitor,False,False
3,0.0,0,43.19,4,735.36,0.03,0.05,0.0,0.0,May,2,5,6,2,Returning_Visitor,True,False
3,0.0,1,43.26,3,735.0,0.0,0.05,0.0,0.0,Nov,1,2,2,2,Returning_Visitor,False,False
0,87.09,1,43.19,2,0.0,0.03,0.2,0.0,0.0,May,2,2,1,2,Returning_Visitor,True,False
3,87.29,0,43.29,2,735.31,0.2,0.2,0.0,0.8,May,3,2,1,2,Returning_Visitor,False,False
3,135.0,1,0.0,25,734.65,0.03,0.05,0.0,0.0,Jul,1,2,8,3,Returning_Visitor,True,False
3,0.0,0,0.0,27,444.1,0.0,0.02,0.0,0.6,May,2,2,4,3,Returning_Visitor,False,False
3,43.5,0,0.0,30,2264.33,0.0,0.01,0.0,0.0,Mar,2,2,1,3,Returning_Visitor,True,False
1,2.0,0,43.18,16,323.23,0.0,0.01,0.0,0.0,Dec,3,2,1,8,Returning_Visitor,False,False
0,0.0,0,0.0,13,973.5,0.03,0.05,0.0,0.0,Mar,2,2,1,2,Returning_Visitor,False,False
5,87.29,0,0.0,15,2026.63,0.01,0.04,0.0,0.0,Nov,3,2,7,2,Returning_Visitor,False,True
2,87.02,1,0.0,20,583.07,0.0,0.01,0.0,0.0,Dec,4,2,1,2,Returning_Visitor,False,False
5,87.34,0,0.0,36,735.02,0.03,0.03,0.0,0.0,Sep,1,2,1,2,Returning_Visitor,True,False
3,0.0,0,0.0,24,832.0,0.0,0.02,21.93,0.0,Mar,2,6,1,2,Returning_Visitor,False,False
3,88.0,1,10.0,23,735.32,0.0,0.05,0.0,0.0,May,3,2,1,4,Returning_Visitor,False,False
11,157.06,5,514.0,79,762.67,0.0,0.05,14.85,0.0,May,2,2,1,2,Returning_Visitor,False,True
3,86.96,0,0.0,29,737.39,0.03,0.03,0.0,0.0,Mar,2,2,1,13,Returning_Visitor,False,False
3,0.0,0,43.19,12,94.5,0.03,0.05,0.0,0.0,Mar,3,2,4,11,Returning_Visitor,False,False
3,19.0,1,0.0,45,737.06,0.03,0.05,0.0,0.0,Nov,2,2,3,1,Returning_Visitor,True,False
0,96.92,0,44.99,3,60.4,0.0,0.07,0.0,0.0,Sep,1,1,1,2,Returning_Visitor,False,False
3,281.0,0,43.13,16,453.75,0.0,0.01,0.0,0.0,Mar,2,2,1,2,Returning_Visitor,False,False
0,87.14,0,0.0,5,735.62,0.0,0.01,0.0,0.0,Nov,4,2,1,2,Returning_Visitor,False,False
3,87.7,1,43.22,47,734.89,0.0,0.05,0.0,0.0,Mar,2,2,6,1,Returning_Visitor,False,False
0,87.15,1,3.5,13,503.0,0.03,0.01,0.0,0.0,May,3,2,4,2,Returning_Visitor,False,False
0,86.78,0,0.0,7,101.0,0.03,0.05,0.0,0.0,Mar,2,5,1,2,Returning_Visitor,False,False
16,178.8,2,47.64,193,736.65,0.03,0.05,9.84,0.0,June,2,2,4,2,Returning_Visitor,False,False
3,10.67,0,43.24,34,735.82,0.02,0.05,0.0,0.0,May,3,2,4,2,Returning_Visitor,False,False
3,87.18,1,0.0,5,53.0,0.04,0.08,0.0,0.0,Mar,2,5,1,2,Returning_Visitor,False,False
0,86.9,1,222.0,25,1545.83,0.01,0.02,0.0,0.0,May,2,4,1,2,Returning_Visitor,False,False
3,86.64,1,43.39,4,141.0,0.03,0.05,0.0,0.0,Aug,4,1,3,2,New_Visitor,False,False
0,87.07,0,0.0,30,735.66,0.03,0.02,0.0,0.0,Mar,2,2,1,2,Returning_Visitor,False,False
2,24.5,1,43.2,66,735.79,0.03,0.05,0.0,0.0,Mar,3,2,1,2,Returning_Visitor,False,False
0,0.0,0,0.0,110,800.16,0.02,0.04,0.0,0.0,Nov,2,2,1,2,Returning_Visitor,False,True
2,47.0,1,0.0,21,825.08,0.0,0.01,10.79,0.0,Mar,2,2,2,2,New_Visitor,False,True
0,0.0,0,0.0,19,926.63,0.01,0.03,0.0,0.0,Mar,2,2,1,2,Returning_Visitor,True,False
6,90.42,1,43.23,5,735.37,0.03,0.05,0.0,0.0,Dec,1,2,6,2,New_Visitor,False,False
4,226.0,0,0.0,81,805.56,0.02,0.05,5.31,0.0,Nov,2,2,1,2,Returning_Visitor,False,True
0,0.0,0,0.0,9,110.5,0.0,0.05,0.0,0.6,May,2,4,6,3,Returning_Visitor,False,False
3,101.41,1,0.0,26,741.06,0.02,0.04,13.25,0.0,Nov,3,2,4,2,Returning_Visitor,False,True
7,87.27,3,222.0,140,735.23,0.03,0.05,0.0,0.0,Mar,2,2,1,1,Returning_Visitor,True,False
3,87.27,1,43.17,35,1643.33,0.01,0.03,0.0,0.2,May,2,2,1,2,Returning_Visitor,False,False
3,88.61,0,43.47,5,82.5,0.0,0.03,0.0,0.0,Aug,2,2,6,2,New_Visitor,False,False
5,51.04,1,43.23,14,734.5,0.03,0.05,0.0,0.0,Nov,1,2,2,2,New_Visitor,False,True
3,86.95,0,0.0,2,733.88,0.0,0.05,0.0,0.0,Dec,1,1,3,2,Returning_Visitor,False,False
0,87.29,1,0.0,43,734.92,0.0,0.05,0.0,0.0,Nov,1,2,1,2,New_Visitor,False,False
0,86.82,0,43.26,10,224.0,0.03,0.05,0.0,0.4,May,2,2,1,4,Returning_Visitor,False,False
3,101.49,0,0.0,34,4656.8,0.01,0.04,5.19,0.0,May,2,2,1,2,Returning_Visitor,False,False
2,47.0,0,43.23,17,411.62,0.03,0.02,0.0,0.0,Mar,2,2,1,2,Returning_Visitor,False,False
3,56.5,1,0.0,16,802.02,0.0,0.01,15.15,0.0,Nov,2,4,9,8,New_Visitor,False,True
3,87.14,0,43.17,8,427.75,0.0,0.01,0.0,0.0,Dec,4,2,1,2,Returning_Visitor,False,False
3,378.47,0,0.0,13,950.67,0.03,0.05,0.0,0.0,Oct,1,1,1,3,Returning_Visitor,False,False
9,175.93,0,0.0,28,717.22,0.01,0.05,0.0,1.0,May,2,2,5,4,Returning_Visitor,False,False
0,86.94,0,0.0,18,736.57,0.03,0.02,0.0,0.0,May,2,2,1,2,Returning_Visitor,False,False
0,87.04,0,0.0,5,274.0,0.04,0.08,0.0,0.0,May,3,2,1,3,Returning_Visitor,False,False
3,0.0,0,0.0,7,37.0,0.03,0.05,0.0,0.6,May,1,1,1,4,Returning_Visitor,False,False
3,20.75,0,43.07,22,868.68,0.0,0.02,62.52,0.0,Dec,2,2,1,2,Returning_Visitor,False,False
3,96.5,1,43.17,19,735.35,0.01,0.05,0.0,0.0,Mar,1,1,1,2,Returning_Visitor,False,False
6,87.04,2,14.2,30,735.15,0.04,0.05,0.0,0.0,June,1,2,1,2,Returning_Visitor,False,False
3,87.12,0,43.14,19,960.73,0.02,0.05,0.0,0.0,May,2,2,4,6,Returning_Visitor,True,False
8,355.0,0,0.0,50,735.85,0.0,0.05,0.0,0.0,Nov,1,2,3,2,Returning_Visitor,False,False
3,95.67,0,0.0,7,103.5,0.02,0.06,0.0,0.0,Nov,2,2,1,2,Returning_Visitor,False,True
0,0.0,0,0.0,38,736.58,0.02,0.04,0.0,0.2,May,2,2,7,11,Returning_Visitor,False,False
1,15.2,0,43.15,30,735.4,0.03,0.05,0.0,0.0,Sep,2,2,1,2,Returning_Visitor,False,False
3,0.0,1,45.27,11,192.45,0.04,0.04,27.32,0.0,Oct,3,2,1,2,Returning_Visitor,True,True
3,103.96,1,0.0,60,779.79,0.01,0.04,5.71,0.0,May,2,2,3,2,Returning_Visitor,False,True
3,0.0,1,0.0,4,25.0,0.05,0.1,0.0,0.0,May,3,2,1,3,Returning_Visitor,False,False
0,0.0,0,43.26,2,33.0,0.03,0.1,0.0,0.2,Feb,1,2,1,3,Returning_Visitor,False,False
0,0.0,1,43.2,103,735.19,0.03,0.05,0.0,0.0,Nov,1,1,1,2,Returning_Visitor,True,False
1,92.0,0,0.0,117,736.58,0.01,0.05,0.0,0.0,May,2,2,1,4,Returning_Visitor,True,False
3,0.0,1,45.25,19,577.54,0.0,0.01,90.93,0.0,Nov,2,2,1,2,Returning_Visitor,False,True
0,87.0,0,0.0,2,735.34,0.0,0.1,0.0,0.0,Dec,2,2,1,2,Returning_Visitor,False,False
3,4.0,0,43.16,0,734.46,0.0,0.07,0.0,0.0,Mar,4,1,8,2,Returning_Visitor,False,False
0,0.0,0,0.0,87,4403.38,0.03,0.05,0.0,0.0,Dec,2,2,1,2,Returning_Visitor,False,False
0,87.17,0,0.0,12,1653.6,0.03,0.05,0.0,0.0,Jul,3,2,4,2,Returning_Visitor,False,False
0,0.0,0,45.23,37,987.5,0.01,0.01,40.87,0.0,May,2,10,3,2,Returning_Visitor,False,True
7,67.0,2,725.5,101,721.81,0.03,0.05,20.62,0.0,May,1,2,1,3,Returning_Visitor,True,True
3,87.17,0,43.17,16,735.42,0.0,0.03,0.0,0.0,May,2,2,1,2,Returning_Visitor,False,False
2,31.2,1,43.14,13,385.3,0.03,0.05,0.0,0.0,Sep,1,2,1,2,Returning_Visitor,False,False
12,87.7,2,11.0,33,2032.6,0.0,0.02,5.73,0.0,Nov,2,2,1,1,Returning_Visitor,False,False
3,0.0,0,43.21,5,23.0,0.03,0.15,0.0,0.0,Nov,2,2,3,2,Returning_Visitor,False,False
3,100.52,5,809.5,28,1793.21,0.01,0.02,9.7,0.0,Nov,2,2,1,2,Returning_Visitor,False,True
11,118.18,2,91.5,162,801.22,0.02,0.04,14.77,0.0,Nov,2,2,1,10,Returning_Visitor,False,True
7,241.86,3,228.0,154,736.18,0.03,0.05,1.1,0.0,Nov,1,2,2,1,Returning_Visitor,False,False
3,0.0,0,0.0,1,734.23,0.2,0.2,0.0,0.0,Nov,3,2,3,2,Returning_Visitor,False,False
3,87.23,0,43.15,17,735.33,0.01,0.02,31.99,0.0,Oct,4,1,1,2,Returning_Visitor,False,True
3,0.0,1,45.39,23,796.9,0.0,0.05,16.2,0.0,May,2,2,1,6,Returning_Visitor,True,False
3,87.09,1,43.19,17,735.67,0.03,0.01,0.0,0.0,Mar,1,2,1,2,Returning_Visitor,False,False
0,87.23,1,43.27,1,0.0,0.03,0.05,0.0,0.0,May,2,2,4,3,Returning_Visitor,False,False
0,87.18,0,0.0,5,99.5,0.0,0.05,0.0,0.0,Nov,1,1,4,2,Returning_Visitor,False,False
0,0.0,1,43.17,21,735.64,0.03,0.03,0.0,0.4,May,2,2,1,2,Returning_Visitor,False,False
1,87.14,2,43.28,4,735.48,0.0,0.01,0.0,0.0,May,2,2,6,6,Returning_Visitor,False,False
3,61.0,0,0.0,19,607.0,0.0,0.03,17.54,1.0,Feb,1,1,7,2,Returning_Visitor,False,True
3,87.16,0,0.0,30,734.76,0.03,0.05,0.0,0.0,Jul,1,2,1,4,Returning_Visitor,False,False
3,245.33,4,43.3,14,735.68,0.01,0.01,0.0,0.0,May,1,1,3,3,Returning_Visitor,False,False
6,87.69,1,106.0,30,1508.52,0.04,0.04,21.02,0.0,Nov,3,2,1,13,Returning_Visitor,False,False
0,87.21,1,43.21,10,80.5,0.03,0.05,0.0,0.0,Dec,2,2,1,2,Returning_Visitor,False,False
3,0.0,0,43.22,7,735.66,0.06,0.05,0.0,0.0,Nov,3,2,1,2,Returning_Visitor,False,False
1,8.0,1,101.0,12,736.39,0.03,0.05,0.0,0.0,Mar,2,4,3,2,Returning_Visitor,False,False
1,24.0,1,0.0,17,498.33,0.02,0.04,76.79,0.0,Mar,2,2,6,2,Returning_Visitor,False,True
3,87.15,1,43.12,15,325.5,0.02,0.05,0.0,0.0,Dec,2,2,1,1,Returning_Visitor,False,False
0,87.27,1,0.0,37,2152.59,0.03,0.02,0.0,0.0,Dec,3,2,3,2,Returning_Visitor,False,False
3,0.0,0,0.0,82,738.8,0.03,0.05,0.0,0.0,Nov,2,2,1,2,Returning_Visitor,False,False
3,0.0,1,0.0,34,736.27,0.04,0.05,0.0,0.0,Aug,3,2,1,4,Returning_Visitor,False,False
8,246.5,0,0.0,74,735.82,0.0,0.05,5.02,0.0,May,2,2,3,2,Returning_Visitor,False,False
3,0.0,1,43.25,9,232.83,0.03,0.05,0.0,0.0,May,1,1,1,1,Returning_Visitor,False,False
3,0.0,0,0.0,6,24.0,0.13,0.17,0.0,0.8,May,2,2,1,2,Returning_Visitor,False,False
0,0.0,0,0.0,74,734.92,0.03,0.05,0.0,0.0,Nov,4,2,3,2,Returning_Visitor,False,False
0,87.2,0,43.22,1,0.0,0.03,0.2,0.0,0.0,Mar,3,2,1,2,Returning_Visitor,True,False
3,0.0,0,43.25,9,143.5,0.0,0.03,0.0,0.0,May,2,2,1,2,Returning_Visitor,False,False
3,54.5,0,0.0,67,2891.74,0.03,0.02,0.0,0.0,Nov,3,2,1,2,Returning_Visitor,False,False
3,87.46,2,43.35,17,735.33,0.0,0.02,0.0,0.0,Jul,2,2,1,4,Returning_Visitor,False,True
1,87.43,0,0.0,9,736.06,0.04,0.07,0.0,0.0,Dec,3,2,9,2,Returning_Visitor,False,False
0,87.18,0,43.17,6,255.0,0.0,0.01,0.0,0.0,Mar,1,2,1,2,Returning_Visitor,False,False
0,0.0,0,43.19,4,44.4,0.03,0.05,0.0,0.0,June,2,2,1,3,Returning_Visitor,False,False
3,23.2,1,0.0,5,800.14,0.02,0.04,32.73,0.0,Nov,2,4,1,5,Returning_Visitor,False,False
8,223.38,0,45.21,37,3152.5,0.0,0.01,13.25,0.0,Dec,3,2,1,2,Returning_Visitor,False,True
3,87.3,1,43.25,1,0.0,0.2,0.2,0.0,0.0,May,2,2,1,3,Returning_Visitor,False,False
0,0.0,0,45.15,69,800.09,0.02,0.04,0.0,0.0,Nov,2,2,1,8,Returning_Visitor,False,False
3,86.84,0,0.0,1,0.0,0.2,0.2,0.0,0.0,Mar,2,2,9,2,New_Visitor,True,False
3,0.0,1,43.23,3,16.0,0.0,0.07,0.0,0.6,May,2,2,5,2,Returning_Visitor,False,False
3,100.0,2,111.0,13,1001.0,0.0,0.01,0.0,0.0,Mar,2,2,1,2,Returning_Visitor,False,False
0,0.0,0,0.0,30,801.97,0.0,0.01,41.13,0.0,Dec,2,2,1,2,Returning_Visitor,False,True
3,103.0,1,45.24,19,2081.5,0.0,0.01,24.55,0.0,Nov,2,2,3,2,New_Visitor,False,True
2,87.6,2,43.28,25,735.43,0.0,0.02,0.0,0.0,Nov,2,2,1,1,Returning_Visitor,False,False
3,103.62,1,43.26,14,1003.42,0.0,0.05,0.0,0.2,Feb,1,2,3,2,Returning_Visitor,False,False
3,87.02,0,43.2,15,197.0,0.0,0.05,0.0,0.2,May,2,2,1,2,Returning_Visitor,False,False
3,28.58,0,0.0,45,735.51,0.01,0.05,0.0,0.0,Jul,3,2,1,5,Returning_Visitor,False,False
3,0.0,0,0.0,1,734.99,0.0,0.1,0.0,0.0,May,2,2,3,2,Returning_Visitor,False,False
0,0.0,1,43.19,13,226.0,0.0,0.02,0.0,0.0,Dec,2,2,1,2,New_Visitor,False,False
3,87.53,1,0.0,2,734.63,0.0,0.05,0.0,0.0,Nov,1,2,1,3,Returning_Visitor,False,False
10,101.37,1,45.17,22,539.84,0.02,0.04,25.53,0.0,Oct,2,2,3,2,New_Visitor,False,False
3,0.0,0,0.0,13,735.66,0.0,0.02,0.0,0.0,Mar,1,2,1,2,New_Visitor,False,False
4,87.28,0,43.13,9,139.25,0.03,0.03,0.0,0.0,Mar,3,2,1,2,Returning_Visitor,False,False
6,88.28,1,43.2,17,310.97,0.03,0.04,0.0,0.0,Oct,3,2,1,2,Returning_Visitor,False,False
4,87.49,4,134.0,37,735.31,0.02,0.04,6.06,0.0,Dec,1,2,6,2,Returning_Visitor,False,False
6,101.61,1,0.0,32,879.75,0.0,0.01,20.5,0.0,Nov,2,4,1,1,Returning_Visitor,False,True
0,0.0,0,43.23,53,2310.0,0.03,0.06,0.0,0.4,May,3,2,1,3,Returning_Visitor,False,False
3,0.0,1,43.27,1,735.2,0.2,0.2,0.0,0.0,May,2,2,9,3,Returning_Visitor,False,False
3,87.4,1,0.0,2,46.5,0.0,0.05,0.0,0.0,Dec,1,2,2,2,New_Visitor,False,False
3,87.16,0,43.17,7,736.2,0.03,0.03,0.0,0.0,Sep,3,2,1,4,Returning_Visitor,False,False
0,86.94,2,15.0,15,328.42,0.03,0.04,0.0,0.0,May,2,2,1,2,Returning_Visitor,True,False
3,87.3,0,43.29,2,49.0,0.0,0.03,0.0,0.0,May,3,2,3,3,Returning_Visitor,False,False
0,100.88,4,115.8,95,801.03,0.01,0.01,0.0,0.0,Nov,1,2,1,2,Returning_Visitor,False,False
0,0.0,1,0.0,40,962.33,0.0,0.05,0.0,0.0,Mar,2,2,1,2,Returning_Visitor,False,False
4,255.5,0,0.0,14,732.36,0.0,0.0,0.0,0.0,Nov,3,2,1,8,Returning_Visitor,True,False
3,87.45,2,28.2,130,736.62,0.03,0.05,0.0,0.0,Sep,2,2,1,1,Returning_Visitor,True,False
3,50.15,0,0.0,26,1107.12,0.03,0.05,0.0,0.0,Aug,2,2,1,2,Returning_Visitor,False,False
0,0.0,2,45.13,62,813.05,0.02,0.04,9.31,0.0,May,2,2,1,2,Returning_Visitor,False,False
0,0.0,1,43.24,8,736.14,0.02,0.02,0.0,0.6,May,1,1,1,2,Returning_Visitor,False,False
0,101.45,0,0.0,3,428.5,0.02,0.07,0.0,0.0,Nov,1,1,1,8,Returning_Visitor,False,True
2,87.42,0,0.0,11,735.72,0.0,0.04,0.0,0.0,Nov,2,2,7,2,Returning_Visitor,False,False
2,87.06,1,0.0,18,735.77,0.0,0.01,0.0,0.0,Mar,2,2,4,2,Returning_Visitor,False,False
9,145.77,8,408.5,139,800.61,0.0,0.04,67.4,0.0,Nov,2,2,1,2,Returning_Visitor,False,False
0,87.16,0,0.0,35,2994.83,0.03,0.02,0.0,0.0,Nov,2,2,1,2,Returning_Visitor,True,False
0,86.98,1,0.0,15,907.5,0.01,0.03,0.0,0.6,May,2,2,1,2,Returning_Visitor,False,False
3,0.0,1,0.0,46,2213.37,0.03,0.05,0.0,1.0,May,3,2,3,13,Returning_Visitor,True,False
3,16.2,0,0.0,42,1369.7,0.0,0.04,11.33,0.0,Jul,2,5,3,2,Returning_Visitor,False,False
6,99.17,0,0.0,37,793.27,0.02,0.05,6.65,0.0,Nov,2,2,1,2,Returning_Visitor,False,True
1,19.2,1,43.26,3,60.6,0.0,0.03,0.0,0.0,Oct,2,2,1,6,New_Visitor,False,False
3,34.0,1,43.24,21,521.5,0.02,0.02,0.0,0.0,Mar,3,2,5,1,Returning_Visitor,True,False
2,86.87,1,0.0,17,735.17,0.0,0.03,0.0,0.0,Mar,2,2,2,6,Returning_Visitor,False,False
0,86.78,0,0.0,3,735.82,0.0,0.02,0.0,0.4,Feb,2,4,1,2,Returning_Visitor,False,False
3,90.0,0,0.0,25,735.99,0.01,0.05,0.0,0.0,Mar,2,2,1,2,Returning_Visitor,True,False
10,614.17,0,0.0,47,3608.9,0.0,0.05,7.26,0.0,Mar,2,2,1,2,Returning_Visitor,False,False
3,0.0,1,45.27,32,804.19,0.03,0.04,4.03,0.0,Oct,1,1,1,2,Returning_Visitor,False,False
4,62.5,0,0.0,53,1840.37,0.01,0.02,46.78,0.0,Dec,1,1,1,2,Returning_Visitor,False,True
3,87.09,1,43.22,2,247.0,0.03,0.1,0.0,0.8,May,3,2,2,2,New_Visitor,False,False
3,87.39,1,43.2,36,735.62,0.0,0.05,0.0,0.0,Mar,2,2,1,6,Returning_Visitor,False,False
3,0.0,0,0.0,1,0.0,0.2,0.05,0.0,0.0,Nov,1,2,1,2,Returning_Visitor,False,False
0,87.09,0,0.0,4,735.91,0.03,0.03,0.0,0.0,May,1,1,8,2,Returning_Visitor,False,False
3,86.97,1,0.0,26,1380.83,0.0,0.02,0.0,0.0,May,2,2,4,13,Returning_Visitor,False,False
4,68.11,6,1022.25,104,800.94,0.02,0.04,5.91,0.0,Nov,1,2,1,2,Returning_Visitor,False,True
0,0.0,1,0.0,16,650.83,0.02,0.02,13.99,0.0,May,2,2,7,2,Returning_Visitor,False,True
12,504.25,2,1665.07,243,737.28,0.03,0.05,1.83,0.0,Jul,2,2,1,1,Returning_Visitor,False,True
3,87.18,1,0.0,22,250.04,0.03,0.04,0.0,0.0,Dec,2,2,1,2,New_Visitor,False,False
3,87.66,0,43.27,7,102.0,0.07,0.07,0.0,0.4,May,3,2,2,2,Returning_Visitor,False,False
0,0.0,2,17.2,93,799.9,0.02,0.04,0.14,0.0,Jul,2,2,1,1,Returning_Visitor,False,True
3,102.53,0,0.0,74,739.93,0.03,0.02,15.03,0.0,Mar,2,2,1,1,Returning_Visitor,False,False
3,87.36,0,0.0,4,75.6,0.0,0.03,0.0,0.0,Aug,2,2,1,2,Returning_Visitor,False,False
2,23.0,0,43.2,31,618.0,0.0,0.01,0.0,0.0,May,2,2,9,2,Returning_Visitor,False,False
3,474.67,1,30.5,86,798.84,0.02,0.04,5.52,0.0,Dec,2,6,1,2,Returning_Visitor,False,False
8,101.39,1,0.0,55,803.14,0.02,0.01,48.73,0.0,May,2,4,1,2,Returning_Visitor,True,False
3,65.17,2,45.25,23,801.42,0.02,0.02,5.49,0.0,May,1,8,1,11,Returning_Visitor,False,True
3,98.0,0,43.19,20,401.5,0.0,0.05,0.0,0.0,May,2,5,1,2,Returning_Visitor,True,False
0,0.0,0,43.2,7,736.12,0.06,0.15,0.0,0.0,Mar,2,2,1,1,Returning_Visitor,False,False
3,87.29,0,0.0,6,735.29,0.07,0.13,0.0,0.0,June,3,2,2,2,Returning_Visitor,False,False
5,87.3,1,43.21,50,3246.98,0.0,0.05,0.0,0.0,Mar,2,2,3,2,New_Visitor,False,False
1,21.33,1,235.0,71,735.02,0.01,0.02,0.0,0.0,Mar,3,2,1,1,Returning_Visitor,True,False
0,0.0,1,0.0,2,48.4,0.0,0.0,34.04,0.0,Sep,2,2,1,2,Returning_Visitor,False,True
5,339.0,1,43.25,5,734.79,0.03,0.02,0.0,0.0,Dec,2,2,1,2,New_Visitor,False,False
4,131.0,0,0.0,30,548.96,0.01,0.04,6.93,0.0,Nov,2,2,2,4,Returning_Visitor,False,True
0,0.0,0,43.25,1,0.0,0.03,0.2,0.0,0.0,Nov,2,4,4,2,Returning_Visitor,False,False
0,0.0,1,43.17,9,368.5,0.03,0.01,0.0,0.0,May,2,2,4,1,Returning_Visitor,False,False
3,146.0,1,43.19,8,489.0,0.0,0.02,0.0,0.0,Mar,2,2,8,2,Returning_Visitor,False,False
3,77.5,0,43.32,17,678.25,0.0,0.03,0.0,0.0,Nov,1,2,1,3,Returning_Visitor,False,False
3,87.5,0,0.0,29,801.08,0.02,0.03,34.6,0.0,Nov,3,2,1,2,Returning_Visitor,False,True
0,0.0,1,0.0,88,799.9,0.02,0.04,0.0,0.0,Nov,2,2,1,2,Returning_Visitor,False,False
3,87.24,2,52.25,1,0.0,0.0,0.04,0.0,0.0,Dec,1,2,1,2,Returning_Visitor,False,False
3,87.26,1,43.22,17,735.73,0.01,0.02,0.0,0.0,Mar,3,2,1,10,Returning_Visitor,False,False
8,86.06,2,43.27,49,736.01,0.03,0.03,0.0,0.0,June,1,1,1,3,Returning_Visitor,False,False
2,87.19,1,0.0,28,735.87,0.0,0.05,0.0,0.0,Mar,2,4,1,1,Returning_Visitor,False,False
1,14.0,1,38.0,46,1060.45,0.0,0.02,0.0,0.0,May,2,2,1,2,Returning_Visitor,True,False
3,21.5,1,70.88,28,1338.22,0.03,0.03,0.0,0.0,Dec,1,2,2,3,Returning_Visitor,False,False
4,87.14,0,0.0,42,601.77,0.03,0.0,0.0,0.0,Mar,2,2,3,3,Returning_Visitor,False,False
7,89.9,1,84.0,58,2787.25,0.02,0.01,98.04,0.0,May,2,2,1,2,Returning_Visitor,False,False
3,68.33,1,0.0,38,733.98,0.03,0.05,0.0,0.0,Nov,3,2,4,2,Returning_Visitor,False,False
10,87.45,0,0.0,39,736.4,0.02,0.05,0.0,0.0,Nov,3,2,1,3,Returning_Visitor,False,False
0,0.0,0,43.27,14,116.83,0.03,0.09,0.0,0.6,May,2,2,2,3,Returning_Visitor,False,False
3,0.0,0,43.17,2,734.66,0.2,0.2,0.0,0.0,Aug,1,2,8,2,Returning_Visitor,False,False
3,0.0,0,43.31,5,427.0,0.0,0.05,0.0,0.0,Mar,3,2,3,9,Returning_Visitor,True,False
1,43.5,0,43.25,79,2006.83,0.0,0.05,0.0,0.0,Nov,3,2,1,3,Returning_Visitor,True,False
2,26.67,0,0.0,159,800.85,0.02,0.04,14.76,0.0,May,2,2,1,2,Returning_Visitor,False,False
0,87.27,1,0.0,12,142.75,0.02,0.04,0.0,0.0,Nov,1,2,6,2,Returning_Visitor,False,False
0,0.0,1,43.18,1,68.0,0.0,0.05,0.0,0.0,May,2,2,1,2,Returning_Visitor,False,False
1,86.54,0,43.12,14,503.63,0.01,0.05,0.0,0.0,Aug,2,2,9,2,Returning_Visitor,False,False
2,76.6,1,45.21,28,488.91,0.02,0.02,45.2,0.0,June,1,2,1,2,Returning_Visitor,False,True
0,0.0,0,43.27,1,735.33,0.1,0.05,0.0,0.0,June,3,2,1,2,Returning_Visitor,False,False
3,0.0,1,45.21,6,66.9,0.0,0.04,0.0,0.0,Nov,3,2,1,2,New_Visitor,False,False
3,100.85,1,0.0,7,82.75,0.02,0.09,0.0,0.0,Nov,2,2,7,2,Returning_Visitor,False,False
3,77.1,1,0.0,4,41.7,0.0,0.03,0.0,0.0,Sep,2,2,1,6,Returning_Visitor,False,False
0,0.0,0,0.0,1,0.0,0.03,0.05,0.0,0.0,Jul,2,2,2,2,New_Visitor,True,False
3,0.0,1,0.0,30,735.6,0.01,0.05,0.0,0.0,Mar,2,6,6,1,Returning_Visitor,False,False
3,0.0,1,0.0,4,102.0,0.0,0.05,0.0,0.0,Mar,2,2,1,2,Returning_Visitor,False,False
3,281.63,1,0.0,54,923.68,0.0,0.05,5.15,0.0,Mar,1,1,7,2,Returning_Visitor,False,False
0,0.0,1,43.21,3,20.0,0.03,0.07,0.0,0.0,May,2,2,1,4,Returning_Visitor,False,False
3,86.89,1,0.0,3,138.0,0.0,0.07,0.0,0.0,Feb,1,1,1,2,Returning_Visitor,False,False
3,87.56,0,43.21,28,735.28,0.0,0.02,0.0,0.0,Nov,1,1,1,2,Returning_Visitor,True,False
8,498.98,1,433.1,99,2129.99,0.02,0.01,129.1,0.0,Nov,2,2,2,1,Returning_Visitor,True,False
4,26.0,0,0.0,235,774.8,0.02,0.05,0.0,0.0,Nov,2,2,1,2,Returning_Visitor,False,True
3,49.4,0,0.0,11,285.6,0.0,0.02,0.0,0.0,Oct,2,2,7,2,Returning_Visitor,False,False
3,101.3,0,45.26,26,2058.3,0.0,0.01,8.52,0.0,Nov,1,1,9,8,New_Visitor,False,True
3,142.2,0,0.0,24,755.0,0.03,0.05,0.0,0.0,Oct,2,5,7,2,Returning_Visitor,True,False
0,87.28,0,0.0,2,58.0,0.03,0.1,0.0,0.0,Nov,2,2,2,2,Returning_Visitor,False,False
3,87.08,0,0.0,13,195.0,0.0,0.05,0.0,0.0,May,2,2,1,4,Returning_Visitor,False,False
3,367.0,0,0.0,85,798.35,0.0,0.02,3.93,0.0,May,3,2,1,2,Returning_Visitor,False,True
15,1535.36,1,0.0,43,3606.09,0.03,0.05,0.0,0.0,Dec,2,2,1,1,Returning_Visitor,False,False
0,87.1,1,43.27,3,39.5,0.0,0.03,0.0,0.0,Dec,1,1,9,2,New_Visitor,False,False
3,0.0,0,43.16,37,736.88,0.03,0.05,0.0,0.0,Mar,2,2,1,8,Returning_Visitor,False,False
3,260.25,1,0.0,31,1694.33,0.02,0.04,15.11,0.0,Nov,2,2,1,2,Returning_Visitor,False,False
0,0.0,0,43.19,6,50.0,0.03,0.05,0.0,0.0,May,2,5,1,2,Returning_Visitor,False,False
3,3.0,0,43.14,14,128.0,0.0,0.03,0.0,0.0,Mar,2,2,1,2,Returning_Visitor,False,False
0,87.24,0,0.0,30,1661.83,0.03,0.05,0.0,0.0,Dec,2,2,3,2,Returning_Visitor,False,False
0,0.0,1,0.0,18,495.0,0.03,0.05,0.0,0.8,May,3,2,1,2,Returning_Visitor,False,False
0,86.79,1,43.31,3,15.0,0.0,0.07,0.0,0.0,Mar,2,4,1,12,Returning_Visitor,False,False
3,86.33,0,0.0,14,1256.33,0.0,0.02,0.0,0.0,Nov,1,1,1,2,Returning_Visitor,False,False
3,537.5,1,0.0,12,748.96,0.01,0.05,0.0,0.0,Dec,2,2,1,2,Returning_Visitor,False,False
3,87.09,1,0.0,11,461.0,0.03,0.05,0.0,0.0,Dec,2,2,1,6,Returning_Visitor,False,False
3,98.85,0,0.0,3,77.0,0.0,0.02,0.0,0.0,Oct,3,2,8,2,New_Visitor,False,False
0,0.0,0,43.18,15,175.92,0.03,0.03,0.0,0.0,Mar,1,2,1,2,Returning_Visitor,True,False
0,0.0,0,43.22,1,0.0,0.2,0.2,0.0,0.0,Mar,2,2,1,2,Returning_Visitor,False,False
3,87.24,1,43.24,1,0.0,0.03,0.2,0.0,0.0,June,1,8,1,1,Returning_Visitor,False,False
0,87.24,0,0.0,38,735.65,0.03,0.05,0.0,0.2,May,1,1,1,1,Returning_Visitor,False,False
2,87.74,2,43.23,39,735.9,0.03,0.06,5.29,0.0,Nov,1,2,9,2,Returning_Visitor,True,False
2,101.99,1,113.0,67,802.84,0.02,0.0,48.45,0.0,Dec,2,2,1,2,Returning_Visitor,False,True
3,87.12,0,0.0,4,0.0,0.03,0.2,0.0,0.0,Mar,1,2,1,2,Returning_Visitor,False,False
3,87.69,1,0.0,1,0.0,0.2,0.2,0.0,0.0,Nov,3,2,7,2,Returning_Visitor,False,False
13,345.02,1,0.0,90,801.95,0.02,0.04,86.31,0.0,Aug,4,2,1,4,Returning_Visitor,False,False
3,127.7,3,45.23,70,801.45,0.02,0.04,15.03,0.0,May,3,2,1,11,Returning_Visitor,False,False
3,87.32,1,43.29,7,166.5,0.0,0.02,0.0,0.0,Nov,2,2,1,2,New_Visitor,False,False
3,87.13,0,0.0,6,179.5,0.03,0.07,0.0,0.0,May,2,2,4,6,Returning_Visitor,False,False
1,86.6,0,43.34,30,1038.79,0.01,0.05,0.0,0.0,Nov,3,2,1,2,Returning_Visitor,False,False
3,81.0,0,0.0,18,631.0,0.01,0.05,0.0,0.0,May,2,2,1,2,Returning_Visitor,False,False
1,73.0,1,0.0,12,2156.5,0.02,0.03,68.89,0.0,Nov,3,2,1,2,Returning_Visitor,False,True
0,87.0,0,43.17,7,735.95,0.0,0.05,0.0,0.2,May,2,2,1,2,Returning_Visitor,False,False
0,0.0,1,43.27,19,736.08,0.03,0.13,0.0,0.0,Nov,3,2,3,13,Returning_Visitor,False,False
2,87.29,1,0.0,18,735.52,0.0,0.05,0.0,0.0,Dec,3,2,1,2,New_Visitor,False,False
3,0.0,0,0.0,13,802.1,0.0,0.02,36.33,0.0,June,1,2,1,2,Returning_Visitor,False,True
3,38.04,0,45.31,8,886.57,0.0,0.04,0.0,0.0,Nov,1,2,1,2,Returning_Visitor,False,False
0,87.14,0,0.0,25,1017.97,0.01,0.05,0.0,0.0,Aug,3,2,4,2,Returning_Visitor,True,False
3,0.0,3,341.33,59,800.8,0.02,0.04,9.38,0.0,May,1,1,1,2,Returning_Visitor,True,True
2,63.79,1,45.25,18,801.32,0.02,0.04,12.01,0.0,Nov,3,2,3,2,Returning_Visitor,False,False
0,0.0,2,43.34,0,0.0,0.0,0.05,0.0,0.0,Dec,1,2,4,10,Returning_Visitor,False,False
3,87.05,1,0.0,3,734.76,0.0,0.07,0.0,0.0,May,2,2,7,2,Returning_Visitor,True,False
3,87.47,0,43.18,4,735.86,0.03,0.05,0.0,0.8,May,2,2,1,2,Returning_Visitor,False,False
3,87.02,1,43.31,9,1888.2,0.03,0.03,0.0,0.0,Nov,2,2,9,2,Returning_Visitor,False,False
0,86.77,0,0.0,3,125.0,0.05,0.05,0.0,0.8,May,2,2,1,2,Returning_Visitor,False,False
3,101.57,2,62.0,30,1688.73,0.02,0.04,15.08,0.0,May,2,2,3,2,Returning_Visitor,False,True
3,0.0,0,0.0,14,736.4,0.03,0.07,0.0,0.0,May,4,2,1,13,Returning_Visitor,False,False
3,87.06,1,43.24,23,735.61,0.03,0.07,0.0,0.0,Mar,2,2,3,1,Returning_Visitor,False,False
3,87.13,0,43.22,16,129.58,0.03,0.09,0.0,0.0,June,3,2,1,2,Returning_Visitor,False,False
3,87.16,0,0.0,7,735.63,0.0,0.05,0.0,0.0,May,2,2,3,2,Returning_Visitor,False,False
3,87.25,1,43.15,7,735.62,0.0,0.06,0.0,0.0,May,2,2,1,2,Returning_Visitor,False,False
8,101.48,1,46.5,81,801.54,0.02,0.04,15.56,0.0,Nov,2,2,1,2,Returning_Visitor,False,True
3,0.0,0,43.23,10,478.5,0.0,0.02,0.0,0.0,Nov,4,1,1,2,New_Visitor,False,False
0,87.26,4,117.25,96,738.32,0.01,0.05,0.0,0.0,Nov,2,2,1,1,Returning_Visitor,True,False
0,0.0,0,43.19,46,2425.08,0.01,0.05,0.0,0.6,May,1,1,1,2,Returning_Visitor,False,False
9,79.0,1,43.21,55,735.51,0.03,0.0,0.0,0.0,Mar,2,2,6,2,Returning_Visitor,False,False
3,227.0,1,0.0,2,62.0,0.03,0.05,0.0,0.0,Mar,3,2,1,2,Returning_Visitor,True,False
3,194.04,1,43.26,36,625.31,0.03,0.05,0.0,0.0,May,3,2,1,2,Returning_Visitor,False,False
1,87.2,1,0.0,30,735.39,0.0,0.02,0.0,0.0,Dec,1,1,8,2,Returning_Visitor,False,False
4,98.5,0,43.15,9,281.75,0.0,0.03,0.0,0.0,Dec,1,2,3,2,Returning_Visitor,False,False
0,0.0,0,0.0,16,576.3,0.02,0.01,0.0,0.0,Nov,3,2,1,2,Returning_Visitor,False,False
3,87.49,1,43.15,20,1409.81,0.01,0.04,0.0,0.0,Mar,3,2,1,2,Returning_Visitor,False,False
6,124.86,1,243.0,25,1971.19,0.02,0.03,24.9,0.0,May,2,2,5,2,Returning_Visitor,False,True
3,0.0,1,43.1,7,1018.0,0.0,0.03,0.0,0.0,Mar,2,2,1,2,Returning_Visitor,False,False
3,87.37,1,43.21,9,735.1,0.0,0.01,0.0,0.0,Mar,3,2,3,2,Returning_Visitor,False,False
9,243.25,1,1475.25,79,801.1,0.02,0.04,32.6,0.0,Dec,2,2,1,2,Returning_Visitor,False,False
3,87.09,1,43.22,9,146.38,0.08,0.05,0.0,0.0,Nov,3,2,1,13,Returning_Visitor,False,False
1,0.0,0,43.2,18,734.69,0.04,0.06,0.0,0.0,May,3,2,1,2,Returning_Visitor,True,False
1,87.34,0,0.0,34,735.54,0.02,0.05,0.0,0.0,Oct,2,2,6,1,Returning_Visitor,False,False
7,182.08,0,43.12,15,310.9,0.03,0.01,0.0,0.0,Mar,2,2,4,2,Returning_Visitor,False,False
3,0.0,0,0.0,19,539.15,0.01,0.0,0.0,0.0,Nov,3,2,3,2,Returning_Visitor,False,False
0,87.62,1,43.23,3,58.2,0.07,0.04,0.0,0.0,Aug,3,2,1,3,Returning_Visitor,False,False
14,87.11,0,43.21,34,735.44,0.0,0.02,0.0,0.0,Dec,4,2,1,2,Returning_Visitor,False,False
3,0.0,1,43.23,4,734.85,0.03,0.05,0.0,0.0,May,2,2,1,2,Returning_Visitor,False,False
4,97.5,1,43.16,5,454.5,0.03,0.05,0.0,0.0,Dec,2,2,1,2,Returning_Visitor,False,False
3,87.07,1,0.0,6,313.0,0.0,0.05,0.0,0.0,May,2,4,3,2,Returning_Visitor,False,False
0,87.22,1,0.0,3,734.99,0.0,0.07,0.0,0.0,Sep,2,2,1,2,Returning_Visitor,False,False
4,87.27,1,43.15,7,734.79,0.02,0.06,0.0,0.0,Oct,2,2,1,2,Returning_Visitor,True,False
3,86.96,1,0.0,36,641.41,0.06,0.08,0.0,0.0,Jul,3,2,2,13,Returning_Visitor,False,False
0,87.05,1,0.0,22,647.67,0.03,0.03,0.0,1.0,May,2,2,1,2,Returning_Visitor,False,False
1,43.5,1,45.23,93,800.67,0.0,0.04,17.77,0.0,Nov,2,2,1,2,Returning_Visitor,False,True
2,48.0,0,43.18,24,543.75,0.03,0.05,0.0,0.8,May,2,2,1,2,Returning_Visitor,False,False
3,86.9,1,0.0,18,920.0,0.12,0.14,0.0,1.0,May,3,2,7,2,Returning_Visitor,False,False
3,0.0,0,0.0,26,735.94,0.0,0.05,0.0,0.0,May,2,2,4,2,Returning_Visitor,False,False
3,199.12,1,43.17,9,735.15,0.0,0.01,0.0,0.0,Nov,3,2,1,2,Returning_Visitor,False,False
5,112.17,0,0.0,60,1883.87,0.03,0.04,0.0,0.0,Nov,2,2,1,2,Returning_Visitor,False,False
3,0.0,1,43.41,16,1902.25,0.01,0.05,0.0,0.0,Nov,2,4,6,2,New_Visitor,False,False
0,0.0,0,0.0,11,735.58,0.0,0.02,0.0,0.8,May,3,2,6,14,Returning_Visitor,False,False
3,84.67,2,60.0,110,737.0,0.03,0.05,0.0,0.8,May,1,1,1,2,Returning_Visitor,False,False
18,257.56,3,70.25,247,736.63,0.03,0.05,0.0,0.0,Nov,2,2,1,1,Returning_Visitor,False,False
0,0.0,1,43.24,5,150.25,0.04,0.12,0.0,0.0,Nov,1,1,3,3,Returning_Visitor,False,False
0,87.16,1,0.0,1,0.0,0.2,0.05,0.0,0.0,Mar,1,2,1,2,Returning_Visitor,False,False
0,87.45,0,43.24,4,735.62,0.0,0.05,0.0,0.0,Mar,3,2,1,1,Returning_Visitor,False,False
3,0.0,1,45.24,15,865.0,0.03,0.04,57.58,0.0,May,2,2,1,4,Returning_Visitor,False,False
0,0.0,1,43.24,1,0.0,0.2,0.05,0.0,0.0,May,1,2,7,2,Returning_Visitor,False,False
3,87.06,0,0.0,13,735.04,0.0,0.05,0.0,0.0,May,2,2,6,2,New_Visitor,True,False
3,87.22,1,0.0,9,154.0,0.0,0.03,0.0,0.0,May,1,1,1,1,Returning_Visitor,False,False
0,87.23,1,43.19,12,735.42,0.0,0.05,0.0,0.0,Nov,3,2,4,2,Returning_Visitor,False,False
3,0.0,1,13.1,62,1918.97,0.01,0.05,0.0,0.0,Aug,2,2,1,4,Returning_Visitor,False,False
3,87.07,0,43.27,2,58.4,0.0,0.1,0.0,0.0,Oct,2,2,1,2,New_Visitor,False,False
0,86.92,0,43.16,27,737.16,0.0,0.05,0.0,0.0,Nov,2,2,1,1,Returning_Visitor,False,False
0,87.09,1,43.15,12,735.87,0.0,0.05,0.0,0.0,Mar,2,2,1,2,Returning_Visitor,False,False
1,86.8,1,43.21,15,541.06,0.03,0.05,0.0,0.0,Dec,2,4,5,1,Returning_Visitor,False,False
0,0.0,2,1494.5,109,737.95,0.01,0.05,0.0,0.0,Nov,2,2,1,8,Returning_Visitor,True,False
3,87.03,1,43.24,18,2199.97,0.01,0.02,0.0,0.0,May,1,2,1,2,Returning_Visitor,False,False
1,101.41,1,13.0,57,1518.9,0.02,0.02,13.4,0.0,May,2,2,1,4,Returning_Visitor,False,False
1,23.0,1,284.0,78,736.03,0.01,0.05,0.0,0.0,Dec,2,2,3,10,Returning_Visitor,False,False
3,67.5,1,0.0,11,816.5,0.0,0.05,0.0,0.0,Dec,1,2,6,2,New_Visitor,False,False
3,48.0,0,45.2,41,801.76,0.0,0.01,10.49,0.0,May,2,2,2,2,Returning_Visitor,False,False
2,87.41,1,0.0,9,733.99,0.09,0.05,0.0,0.2,May,1,1,1,2,Returning_Visitor,False,False
0,0.0,1,0.0,10,693.5,0.0,0.02,40.43,0.0,May,2,2,1,4,Returning_Visitor,False,True
3,87.01,1,0.0,8,143.0,0.0,0.05,0.0,0.0,Mar,2,2,1,2,Returning_Visitor,False,False
3,87.22,1,0.0,8,117.67,0.0,0.01,0.0,0.0,May,1,1,4,2,New_Visitor,True,False
0,86.78,0,0.0,9,736.36,0.03,0.04,0.0,0.4,Feb,2,2,1,2,Returning_Visitor,False,False
0,0.0,0,0.0,113,1341.63,0.03,0.05,0.0,0.0,Jul,2,2,1,13,Returning_Visitor,False,False
3,0.0,1,0.0,9,436.0,0.02,0.03,68.2,0.0,Dec,1,2,1,2,Returning_Visitor,False,True
4,87.31,1,43.24,18,735.5,0.0,0.0,0.0,0.0,May,2,2,1,2,Returning_Visitor,False,False
5,136.1,1,0.0,45,802.07,0.02,0.01,10.19,0.0,Nov,2,2,6,2,Returning_Visitor,True,True
3,0.0,1,43.18,12,810.0,0.03,0.05,0.0,0.0,Mar,2,2,6,10,Returning_Visitor,False,False
3,103.0,2,58.5,94,735.97,0.03,0.0,0.0,0.0,Nov,2,2,1,2,Returning_Visitor,True,False
4,87.94,0,0.0,4,71.0,0.0,0.05,0.0,0.0,Jul,3,2,4,2,New_Visitor,False,False
11,361.6,4,112.6,12,147.73,0.06,0.06,0.0,0.0,Aug,3,2,1,2,Returning_Visitor,False,False
3,23.0,0,43.13,12,735.63,0.03,0.01,0.0,0.0,Dec,2,2,3,2,Returning_Visitor,False,False
6,101.28,0,0.0,92,800.99,0.02,0.02,6.66,0.0,Nov,1,2,1,2,Returning_Visitor,False,True
0,0.0,1,43.23,10,328.5,0.0,0.04,0.0,0.0,Nov,2,2,1,6,Returning_Visitor,False,False
0,86.94,1,43.16,17,857.0,0.02,0.08,0.0,0.0,May,4,2,1,2,Returning_Visitor,False,False
3,147.75,0,0.0,44,670.3,0.01,0.05,0.0,0.0,May,2,2,4,3,Returning_Visitor,False,False
3,87.62,2,43.29,33,770.11,0.01,0.02,0.0,0.0,Oct,3,2,1,5,Returning_Visitor,False,False
3,13.0,1,43.17,17,209.7,0.02,0.04,0.0,0.0,June,1,1,3,2,Returning_Visitor,False,False
0,0.0,2,43.4,65,2163.13,0.03,0.01,0.0,0.0,Nov,2,2,8,2,New_Visitor,False,False
1,7.0,1,97.0,53,735.74,0.0,0.02,32.69,0.0,May,1,2,3,4,Returning_Visitor,False,False
0,0.0,0,0.0,33,629.86,0.01,0.03,0.0,0.0,Nov,2,2,3,2,Returning_Visitor,True,False
3,0.0,0,0.0,27,228.9,0.03,0.05,0.0,0.0,Aug,4,2,1,1,Returning_Visitor,False,False
1,26.2,1,0.0,13,802.43,0.0,0.04,58.92,0.0,Aug,2,5,1,2,New_Visitor,False,True
3,87.1,1,0.0,11,735.34,0.0,0.01,0.0,0.0,May,3,2,6,2,New_Visitor,True,False
3,88.01,0,43.42,3,0.0,0.2,0.05,0.0,0.0,Nov,3,2,1,11,Returning_Visitor,False,True
1,22.2,1,43.25,43,735.73,0.03,0.02,0.0,0.0,Sep,2,4,1,3,Returning_Visitor,False,False
13,448.06,2,504.5,171,795.81,0.02,0.04,12.1,0.0,Nov,3,2,1,2,Returning_Visitor,False,True
3,6.0,1,0.0,14,735.02,0.05,0.09,0.0,0.0,Nov,1,2,1,2,Returning_Visitor,False,False
3,87.26,2,323.0,14,735.33,0.03,0.0,0.0,0.0,May,2,2,8,2,New_Visitor,False,False
0,87.2,1,0.0,6,735.9,0.0,0.05,0.0,0.0,Mar,2,2,1,2,Returning_Visitor,False,False
3,0.0,0,43.17,32,736.26,0.03,0.05,0.0,0.0,June,2,2,1,13,Returning_Visitor,False,False
0,0.0,1,45.15,9,953.83,0.0,0.01,92.84,0.0,May,3,2,1,5,Returning_Visitor,False,True
0,87.1,0,43.22,13,735.89,0.0,0.05,0.0,0.0,Mar,1,1,1,2,Returning_Visitor,False,False
17,856.83,0,0.0,78,737.72,0.03,0.05,0.0,0.0,Dec,3,2,1,1,Returning_Visitor,True,False
3,87.11,1,43.2,16,622.0,0.03,0.05,0.0,0.0,Mar,2,10,2,6,Returning_Visitor,False,False
0,0.0,0,0.0,44,1236.64,0.0,0.05,0.0,0.0,Dec,2,4,1,2,Returning_Visitor,False,False
7,87.28,3,43.27,11,227.5,0.0,0.01,0.0,0.0,Mar,3,2,1,2,Returning_Visitor,True,False
12,87.47,0,0.0,13,161.87,0.0,0.01,0.0,0.0,Aug,2,2,3,2,Returning_Visitor,True,False
3,0.0,1,43.06,32,2371.12,0.03,0.05,0.0,0.0,Nov,2,2,1,2,Returning_Visitor,False,False
4,87.22,0,0.0,19,735.95,0.01,0.05,0.0,0.0,May,2,2,1,2,Returning_Visitor,False,False
3,104.65,1,43.26,48,1029.17,0.03,0.05,16.97,0.0,Jul,2,2,6,1,Returning_Visitor,False,False
0,87.14,1,0.0,10,735.36,0.0,0.01,0.0,0.0,May,2,2,2,2,Returning_Visitor,False,False
0,87.32,0,43.18,64,2018.76,0.03,0.03,0.0,0.0,Nov,3,2,1,2,Returning_Visitor,False,False
3,0.0,0,43.11,37,1048.98,0.03,0.02,0.0,0.0,Nov,2,2,7,2,Returning_Visitor,False,False
4,87.29,1,43.2,3,277.5,0.03,0.05,0.0,0.0,May,3,3,3,2,Returning_Visitor,False,False
8,87.76,1,96.0,16,373.46,0.0,0.05,0.0,0.0,Nov,2,2,3,2,Returning_Visitor,False,False
3,87.44,1,0.0,17,735.87,0.0,0.05,0.0,0.0,Nov,2,2,1,20,Returning_Visitor,False,False
1,94.0,1,0.0,10,736.1,0.0,0.05,0.0,0.0,May,2,2,3,6,Returning_Visitor,False,False
0,0.0,0,43.14,26,532.0,0.03,0.05,0.0,0.0,Nov,2,2,1,2,Returning_Visitor,False,False
3,0.0,1,0.0,3,95.0,0.07,0.05,0.0,0.0,Nov,1,1,9,3,Returning_Visitor,False,False
11,361.48,1,68.0,35,802.07,0.02,0.02,6.07,0.0,May,2,2,2,2,Returning_Visitor,False,False
0,87.33,1,0.0,6,735.49,0.03,0.0,0.0,0.0,Aug,1,1,8,2,Returning_Visitor,False,False
3,0.0,1,43.31,13,734.93,0.03,0.05,0.0,0.0,Mar,1,2,1,3,Returning_Visitor,False,False
2,75.0,0,0.0,29,1279.09,0.0,0.01,35.61,0.0,Nov,2,2,1,11,Returning_Visitor,False,True
3,0.0,0,0.0,22,903.43,0.01,0.05,0.0,0.0,Nov,2,2,7,2,Returning_Visitor,False,False
0,0.0,0,43.27,3,23.0,0.04,0.11,0.0,0.8,May,2,2,6,1,Returning_Visitor,False,False
0,0.0,1,0.0,3,0.0,0.2,0.2,0.0,0.0,Nov,3,2,1,2,Returning_Visitor,True,False
3,87.13,1,43.23,29,735.55,0.0,0.01,0.0,0.0,May,1,2,1,1,Returning_Visitor,True,False
3,0.0,0,0.0,18,735.78,0.02,0.05,0.0,0.2,May,3,2,1,2,Returning_Visitor,False,False
2,98.0,0,43.16,15,947.0,0.01,0.05,0.0,0.0,Dec,2,2,1,2,Returning_Visitor,True,False
11,100.83,0,0.0,34,1466.09,0.02,0.02,10.73,0.0,Nov,1,1,3,2,Returning_Visitor,True,True
1,47.0,0,0.0,11,197.5,0.0,0.03,0.0,0.0,May,3,2,1,3,Returning_Visitor,False,False
3,41.38,0,0.0,67,798.89,0.02,0.04,4.19,0.8,May,3,2,1,3,Returning_Visitor,False,False
16,485.91,1,45.24,42,753.64,0.02,0.01,31.64,0.0,Nov,2,2,1,8,Returning_Visitor,False,True
4,87.2,1,239.0,14,735.62,0.03,0.01,0.0,0.0,Mar,2,5,1,2,Returning_Visitor,False,False
3,0.0,4,218.25,25,402.04,0.02,0.04,0.0,0.0,Nov,1,2,1,10,Returning_Visitor,False,True
1,492.17,0,0.0,63,736.03,0.01,0.04,8.14,0.0,Nov,2,2,1,1,Returning_Visitor,False,True
2,8.0,1,43.22,11,736.47,0.01,0.05,0.0,0.0,Mar,2,2,3,2,Returning_Visitor,False,False
0,87.08,0,43.22,9,735.71,0.03,0.05,0.0,0.0,Dec,1,2,1,3,Returning_Visitor,False,False
0,87.1,1,43.2,8,194.4,0.0,0.03,0.0,0.0,Aug,2,10,6,4,Returning_Visitor,False,False
2,87.43,0,43.23,28,735.96,0.0,0.01,0.0,0.0,Mar,2,2,1,10,Returning_Visitor,False,False
3,101.85,1,45.19,52,800.93,0.02,0.04,8.05,0.0,Jul,2,2,3,2,Returning_Visitor,False,False
2,17.2,0,45.22,0,0.0,0.0,0.05,0.0,0.0,Sep,2,2,2,6,Returning_Visitor,True,True
0,0.0,0,0.0,14,735.86,0.0,0.01,0.0,0.0,Mar,2,4,1,1,Returning_Visitor,False,False
2,87.55,0,43.2,33,735.71,0.0,0.02,0.0,0.6,May,2,2,1,3,Returning_Visitor,False,False
3,0.0,0,0.0,3,66.4,0.07,0.05,0.0,0.0,June,3,2,6,2,Returning_Visitor,True,False
2,87.74,0,0.0,26,1145.17,0.0,0.05,0.0,0.0,Nov,1,2,1,2,New_Visitor,True,False
3,0.0,1,0.0,2,734.69,0.03,0.1,0.0,1.0,Feb,2,2,1,2,Returning_Visitor,True,False
2,262.67,3,112.0,127,740.06,0.03,0.05,0.0,0.0,Nov,3,2,1,3,Returning_Visitor,False,False
0,86.93,1,43.24,6,736.33,0.07,0.05,0.0,0.0,Dec,2,2,1,2,Returning_Visitor,False,False
6,35.1,0,0.0,138,737.53,0.03,0.05,0.0,0.0,June,2,2,1,2,Returning_Visitor,False,False
0,0.0,1,43.27,5,75.6,0.03,0.0,0.0,0.0,Oct,1,1,3,2,Returning_Visitor,True,False
0,0.0,0,43.23,26,392.0,0.01,0.05,0.0,0.0,Mar,2,2,4,1,Returning_Visitor,False,False
3,0.0,0,43.23,5,735.29,0.03,0.05,0.0,0.0,Dec,3,2,1,2,New_Visitor,False,False
12,248.23,0,0.0,66,736.69,0.03,0.05,0.0,0.0,Aug,3,2,1,2,Returning_Visitor,False,False
3,0.0,1,45.21,24,488.33,0.02,0.0,72.3,0.0,May,2,2,1,4,New_Visitor,False,True
3,87.57,1,43.37,57,851.64,0.03,0.05,3.08,0.0,Mar,2,2,1,1,Returning_Visitor,True,True
3,87.24,0,43.34,28,735.88,0.09,0.05,0.0,0.8,May,3,2,5,2,Returning_Visitor,False,False
6,153.5,0,0.0,34,1048.49,0.03,0.05,0.0,0.0,Mar,2,6,1,1,Returning_Visitor,True,False
4,86.72,1,0.0,16,738.2,0.0,0.04,0.0,0.0,Nov,2,2,1,2,Returning_Visitor,False,False
3,0.0,0,0.0,7,736.43,0.03,0.05,0.0,0.0,Nov,2,2,8,2,Returning_Visitor,False,False
3,87.04,0,43.19,12,736.0,0.03,0.02,0.0,0.0,May,1,2,3,5,Returning_Visitor,False,False
0,86.94,0,0.0,1,0.0,0.03,0.2,0.0,0.0,Mar,2,4,1,3,Returning_Visitor,False,False
3,200.83,1,0.0,18,735.12,0.0,0.01,0.0,0.0,Mar,2,4,7,2,New_Visitor,False,False
0,0.0,1,0.0,36,777.33,0.02,0.04,89.3,0.0,Dec,3,2,4,8,Returning_Visitor,False,True
3,44.5,1,43.15,37,836.33,0.0,0.05,0.0,0.0,Mar,2,2,4,2,Returning_Visitor,False,False
3,87.44,0,43.17,47,2032.27,0.03,0.02,0.0,0.0,Nov,3,2,7,2,Returning_Visitor,False,False
3,86.74,0,43.16,31,3116.5,0.0,0.01,0.0,0.0,Dec,3,2,1,10,Returning_Visitor,False,True
6,87.25,0,0.0,8,163.22,0.0,0.05,0.0,0.0,Nov,1,1,1,2,New_Visitor,False,False
2,36.5,0,43.31,47,737.01,0.03,0.03,0.0,0.0,Nov,1,2,1,3,Returning_Visitor,False,False
5,426.7,1,200.0,72,799.3,0.02,0.02,0.0,0.0,Nov,3,2,1,2,Returning_Visitor,False,False
3,87.65,1,0.0,4,33.14,0.0,0.04,0.0,0.0,Dec,3,2,1,2,Returning_Visitor,False,False
3,264.0,0,42.99,20,740.9,0.02,0.05,0.0,0.0,Nov,2,10,1,2,Returning_Visitor,False,False
3,0.0,1,0.0,6,735.21,0.0,0.01,0.0,0.0,May,3,2,3,2,New_Visitor,False,False
3,95.95,1,5.0,9,279.0,0.03,0.04,0.0,0.0,Nov,3,2,7,8,Returning_Visitor,False,False
0,86.9,0,43.25,14,429.92,0.01,0.03,0.0,0.0,Nov,1,8,1,11,Returning_Visitor,False,False
3,87.17,0,43.17,1,0.0,0.2,0.2,0.0,0.0,Dec,1,1,5,1,Returning_Visitor,False,False
1,68.5,1,0.0,11,372.82,0.0,0.04,54.77,0.0,Dec,1,1,1,2,Returning_Visitor,False,True
0,86.88,1,0.0,6,67.0,0.02,0.05,0.0,0.0,Jul,2,4,1,2,Returning_Visitor,False,False
10,620.95,5,1307.0,131,737.23,0.03,0.05,0.76,0.0,May,2,2,1,2,Returning_Visitor,False,False
3,87.86,4,11.0,76,4514.74,0.03,0.02,0.0,0.0,Nov,2,2,3,1,Returning_Visitor,False,True
0,86.92,0,0.0,13,187.0,0.0,0.0,0.0,0.0,Sep,2,2,4,2,Returning_Visitor,False,False
5,255.75,1,0.0,70,1787.48,0.0,0.05,0.0,0.0,Dec,2,2,1,3,Returning_Visitor,False,False
3,87.11,1,43.19,2,8.0,0.03,0.15,0.0,0.0,Nov,1,2,1,3,Returning_Visitor,False,False
3,0.0,0,0.0,8,735.58,0.03,0.05,0.0,0.0,Mar,3,2,7,2,Returning_Visitor,True,False
3,240.8,1,43.23,13,279.83,0.0,0.05,0.0,0.0,Nov,3,2,2,2,Returning_Visitor,False,False
1,100.86,0,0.0,43,802.05,0.02,0.02,6.89,0.0,Dec,2,2,3,3,Returning_Visitor,False,False
2,6.0,1,0.0,37,501.77,0.01,0.02,0.0,0.0,Sep,2,2,1,2,Returning_Visitor,False,False
3,86.82,0,0.0,64,735.79,0.03,0.05,0.0,0.0,May,2,4,1,4,Returning_Visitor,True,False
0,0.0,1,16.0,65,736.14,0.0,0.01,0.0,0.0,Nov,2,2,1,2,Returning_Visitor,False,False
6,66.77,1,83.0,62,801.2,0.02,0.04,17.08,0.2,May,3,2,4,4,Returning_Visitor,False,True
3,80.6,1,43.2,39,639.49,0.0,0.0,0.0,0.0,Nov,1,2,1,20,Returning_Visitor,False,False
10,76.17,1,0.0,17,404.0,0.03,0.03,0.0,0.0,May,1,2,1,11,Returning_Visitor,False,False
3,69.03,1,0.0,24,658.85,0.02,0.01,42.98,0.0,Oct,2,6,1,2,Returning_Visitor,False,False
10,340.9,3,269.8,99,798.56,0.0,0.04,0.85,0.0,June,2,2,1,7,Returning_Visitor,False,True
0,0.0,1,232.0,16,343.2,0.03,0.01,0.0,0.4,May,2,2,1,2,Returning_Visitor,False,False
0,87.19,1,43.25,8,735.06,0.0,0.01,0.0,0.0,May,3,2,4,2,Returning_Visitor,False,False
1,3.5,0,0.0,20,309.17,0.02,0.0,0.0,0.0,Nov,2,2,2,2,Returning_Visitor,False,False
1,1566.6,1,0.0,34,735.7,0.0,0.05,0.0,0.0,Oct,2,2,3,2,Returning_Visitor,False,False
1,30.25,1,0.0,13,802.28,0.02,0.01,60.26,0.0,Dec,1,8,1,20,Returning_Visitor,False,True
0,0.0,0,0.0,43,1606.45,0.0,0.04,18.52,0.0,June,4,1,1,2,New_Visitor,False,True
3,0.0,0,0.0,5,735.68,0.12,0.16,0.0,0.0,Mar,1,10,1,1,Returning_Visitor,False,False
3,89.0,3,12.0,75,735.94,0.03,0.05,4.37,0.2,May,2,2,1,2,Returning_Visitor,False,True
3,0.0,1,43.25,7,50.0,0.04,0.08,0.0,0.6,Feb,2,4,1,7,Returning_Visitor,False,False
8,288.09,1,0.0,20,326.93,0.03,0.06,0.0,0.0,Dec,3,2,1,1,Returning_Visitor,False,False
3,87.34,0,0.0,38,735.68,0.03,0.03,2.56,0.0,May,2,6,1,1,Returning_Visitor,False,False
0,0.0,0,0.0,21,574.53,0.0,0.01,0.0,0.0,Mar,2,2,3,1,Returning_Visitor,False,False
3,0.0,0,43.18,1,0.0,0.03,0.2,0.0,0.0,Mar,2,2,1,2,Returning_Visitor,False,False
26,1561.72,9,503.72,183,799.13,0.02,0.04,19.57,0.0,Nov,3,2,1,2,Returning_Visitor,False,True
0,0.0,1,43.24,1,0.0,0.03,0.2,0.0,0.0,Mar,2,6,1,2,Returning_Visitor,False,False
3,42.0,1,0.0,10,1057.0,0.03,0.01,0.0,0.0,May,3,2,8,15,New_Visitor,True,False
3,0.0,1,43.18,20,624.01,0.0,0.02,0.0,0.0,Dec,1,2,1,2,Returning_Visitor,False,False
0,0.0,1,6.0,50,801.09,0.0,0.01,5.14,0.0,May,4,2,1,20,Returning_Visitor,False,True
3,0.0,0,0.0,1,0.0,0.2,0.05,0.0,0.0,Nov,3,2,2,2,Returning_Visitor,True,False
3,87.59,2,23.0,37,783.88,0.0,0.03,0.0,0.0,Nov,2,2,1,11,Returning_Visitor,True,False
0,0.0,0,0.0,6,736.0,0.0,0.03,0.0,0.0,Dec,2,2,1,2,Returning_Visitor,False,False
4,87.35,0,0.0,35,735.73,0.0,0.01,0.0,0.0,Mar,2,2,1,2,New_Visitor,False,False
2,87.1,0,0.0,59,735.88,0.03,0.05,0.0,0.2,May,2,2,3,2,Returning_Visitor,False,False
0,0.0,0,43.17,7,228.5,0.03,0.02,0.0,0.0,Dec,3,2,6,1,Returning_Visitor,False,False
3,115.73,1,43.14,43,2660.28,0.03,0.05,0.0,0.0,Jul,2,2,2,13,Returning_Visitor,False,False
3,26.2,1,45.25,4,106.8,0.02,0.04,36.66,0.0,Oct,2,2,1,2,Returning_Visitor,False,True
7,135.2,5,430.33,68,3974.53,0.03,0.02,0.0,0.0,Nov,3,2,1,13,Returning_Visitor,True,False
0,0.0,0,0.0,6,339.5,0.0,0.04,124.9,0.0,Nov,2,6,1,20,Returning_Visitor,False,True
3,102.0,1,0.0,4,268.0,0.0,0.05,0.0,0.0,Mar,2,2,1,2,Returning_Visitor,False,False
3,87.49,1,0.0,15,735.82,0.03,0.01,0.0,0.0,Dec,3,2,3,2,Returning_Visitor,True,False
0,87.19,0,43.19,55,735.86,0.03,0.05,0.0,0.0,May,3,2,1,6,Returning_Visitor,False,False
3,124.0,1,9.0,109,735.8,0.03,0.05,0.0,0.2,May,1,2,1,4,Returning_Visitor,False,False
0,87.26,0,0.0,2,13.0,0.03,0.1,0.0,0.0,Dec,1,1,1,2,Returning_Visitor,True,False
3,64.0,1,43.17,15,736.06,0.0,0.01,0.0,0.0,Mar,2,2,1,1,New_Visitor,False,False
0,87.48,1,0.0,7,734.75,0.1,0.1,0.0,0.0,May,3,2,1,2,Returning_Visitor,False,False
3,87.27,0,43.22,1,0.0,0.2,0.2,0.0,0.0,Nov,2,2,1,1,Returning_Visitor,False,False
2,87.07,0,43.28,22,734.91,0.0,0.05,0.0,0.0,May,1,1,7,2,Returning_Visitor,False,False
3,87.57,0,0.0,12,202.25,0.03,0.03,0.0,0.0,Mar,3,2,1,2,Returning_Visitor,True,False
3,52.75,1,45.17,31,801.24,0.01,0.04,5.79,0.0,Nov,1,1,3,2,Returning_Visitor,False,True
3,19.2,0,44.94,55,803.62,0.0,0.01,5.77,0.0,Aug,2,2,1,1,Returning_Visitor,True,False
0,0.0,1,43.19,5,735.19,0.04,0.08,0.0,0.0,Dec,1,2,1,2,New_Visitor,False,False
3,168.0,0,43.12,7,296.17,0.0,0.01,0.0,0.0,Mar,2,2,3,2,New_Visitor,False,False
3,145.5,1,0.0,96,737.83,0.03,0.01,0.0,0.0,Mar,2,2,1,2,Returning_Visitor,False,False
3,87.07,0,0.0,5,251.0,0.03,0.08,0.0,0.0,Dec,1,1,1,3,Returning_Visitor,False,False
1,22.0,0,42.83,52,735.34,0.03,0.05,7.88,0.0,Mar,1,1,3,2,Returning_Visitor,False,False
3,0.0,0,43.29,1,0.0,0.2,0.05,0.0,0.0,May,1,2,4,2,Returning_Visitor,False,False
3,87.34,0,43.26,32,1130.85,0.03,0.02,0.0,0.0,May,1,1,2,3,Returning_Visitor,True,False
3,0.0,0,0.0,57,1091.01,0.01,0.03,0.0,0.0,Nov,2,2,1,2,Returning_Visitor,False,False
3,0.0,1,45.19,14,1131.21,0.02,0.02,94.19,0.0,Nov,3,2,1,2,Returning_Visitor,False,True
3,0.0,1,43.25,12,735.65,0.02,0.03,0.0,0.0,Mar,4,1,4,3,Returning_Visitor,False,False
6,279.0,1,69.5,41,1430.25,0.0,0.04,3.84,0.0,Dec,2,2,2,2,Returning_Visitor,False,True
0,86.95,0,43.32,3,58.0,0.03,0.07,0.0,0.0,Mar,1,8,4,11,Returning_Visitor,False,False
0,87.41,0,43.26,1,0.0,0.03,0.2,0.0,0.0,May,3,2,1,13,Returning_Visitor,False,False
3,86.93,1,0.0,31,736.09,0.0,0.03,0.0,0.8,May,2,2,7,1,Returning_Visitor,False,False
3,87.31,1,43.16,24,736.34,0.03,0.03,0.0,0.0,May,2,2,3,2,Returning_Visitor,False,False
3,288.0,0,43.17,16,475.3,0.01,0.05,0.0,0.0,Sep,2,2,2,13,Returning_Visitor,False,False
3,87.27,0,43.17,8,1577.0,0.03,0.05,0.0,0.0,Mar,1,2,1,2,Returning_Visitor,False,False
3,352.24,6,241.5,45,739.81,0.01,0.05,2.84,0.0,Mar,3,2,1,2,Returning_Visitor,True,False
0,0.0,0,0.0,27,735.77,0.03,0.07,0.0,0.8,May,3,2,1,2,Returning_Visitor,False,False
2,87.23,1,43.15,13,735.3,0.0,0.05,0.0,0.0,Dec,2,2,1,2,New_Visitor,False,False
3,87.09,0,0.0,20,735.76,0.0,0.01,0.0,0.0,May,1,2,1,4,Returning_Visitor,False,False
0,0.0,0,45.31,8,149.0,0.02,0.03,64.79,0.0,May,2,2,1,2,Returning_Visitor,False,True
0,0.0,0,0.0,21,464.58,0.03,0.05,0.0,0.0,May,2,2,3,2,Returning_Visitor,False,False
3,87.03,1,43.15,23,721.18,0.03,0.05,0.0,0.0,Sep,1,2,1,2,Returning_Visitor,False,False
8,62.5,0,0.0,101,796.44,0.02,0.04,16.94,0.6,May,2,2,1,13,Returning_Visitor,False,False
0,0.0,1,0.0,21,331.08,0.03,0.04,0.0,0.0,Dec,2,2,1,2,Returning_Visitor,False,False
3,44.5,0,43.2,5,735.9,0.0,0.05,0.0,0.2,May,2,2,6,13,Returning_Visitor,False,False
0,0.0,0,0.0,32,875.93,0.03,0.07,0.0,0.0,Oct,1,2,1,2,Returning_Visitor,False,False
0,86.93,1,0.0,14,394.25,0.03,0.02,0.0,0.0,May,2,2,1,4,Returning_Visitor,False,False
3,91.0,1,0.0,45,3007.69,0.01,0.01,0.0,0.0,Dec,3,2,6,10,Returning_Visitor,False,False
1,87.16,0,0.0,41,735.97,0.01,0.03,0.0,0.0,Mar,2,2,2,13,Returning_Visitor,False,False
0,0.0,0,43.14,7,105.0,0.0,0.03,0.0,0.0,Dec,2,2,1,8,New_Visitor,False,False
2,56.2,1,0.0,102,5978.18,0.02,0.04,15.25,0.6,May,2,2,1,2,Returning_Visitor,False,False
0,0.0,0,43.22,3,734.51,0.0,0.05,0.0,0.0,Dec,3,2,1,2,Returning_Visitor,False,False
1,0.0,2,29.0,28,557.4,0.01,0.05,0.0,0.4,May,2,4,3,2,Returning_Visitor,False,False
0,101.32,0,0.0,100,801.55,0.02,0.04,8.51,0.0,Nov,2,2,1,2,Returning_Visitor,True,True
3,0.0,1,0.0,10,736.17,0.03,0.02,0.0,0.0,Nov,2,2,1,2,Returning_Visitor,False,False
1,20.2,0,43.23,6,1561.2,0.03,0.05,0.0,0.0,Nov,4,2,3,1,Returning_Visitor,True,False
0,0.0,1,43.19,39,1779.89,0.03,0.03,0.0,0.0,Dec,1,2,4,2,Returning_Visitor,False,False
1,19.0,1,45.18,24,3209.0,0.01,0.02,64.33,0.0,May,2,2,1,3,Returning_Visitor,False,False
3,0.0,0,43.29,9,145.0,0.07,0.05,0.0,0.8,May,3,2,1,13,Returning_Visitor,False,False
3,0.0,1,0.0,13,1496.83,0.0,0.04,98.14,0.0,May,2,4,1,2,Returning_Visitor,False,True
3,0.0,1,43.22,6,180.17,0.0,0.02,0.0,0.0,May,1,1,1,2,Returning_Visitor,True,False
3,87.63,0,43.19,1,733.98,0.03,0.2,0.0,0.0,Nov,1,2,2,2,Returning_Visitor,False,False
3,101.27,0,0.0,1,8.0,0.0,0.07,0.0,0.0,Nov,2,4,1,2,Returning_Visitor,False,False
3,87.14,0,43.15,11,431.17,0.03,0.0,0.0,0.0,Nov,1,2,1,2,Returning_Visitor,False,False
3,87.02,0,0.0,48,2207.83,0.0,0.05,0.0,0.0,May,1,2,3,11,Returning_Visitor,False,False
2,28.0,0,45.27,51,2587.77,0.02,0.01,21.47,0.0,Nov,4,2,1,10,Returning_Visitor,False,True
3,0.0,0,43.25,17,736.8,0.03,0.09,0.0,0.0,Aug,2,2,3,13,Returning_Visitor,False,False
3,86.83,0,0.0,14,735.91,0.01,0.07,0.0,0.0,Aug,2,2,6,2,Returning_Visitor,False,False
6,109.5,1,21.0,157,735.84,0.03,0.05,7.15,0.8,May,2,2,1,4,Returning_Visitor,False,False
3,87.15,1,196.0,11,438.58,0.03,0.05,0.0,0.0,May,2,5,1,2,Returning_Visitor,False,False
1,86.9,1,0.0,10,238.5,0.0,0.01,0.0,0.0,May,2,2,3,3,New_Visitor,False,False
3,0.0,1,0.0,4,32.0,0.0,0.05,0.0,0.0,Dec,2,2,3,2,Returning_Visitor,False,False
6,87.42,2,40.02,71,734.27,0.01,0.05,0.0,0.0,Oct,1,2,1,2,Returning_Visitor,True,False
0,86.88,0,43.22,9,736.48,0.06,0.05,0.0,1.0,May,2,6,1,2,Returning_Visitor,True,False
10,295.69,0,45.23,29,785.47,0.02,0.04,34.99,0.0,May,2,2,5,4,Returning_Visitor,False,True
0,87.37,0,43.29,2,0.0,0.2,0.05,0.0,0.0,May,3,2,9,13,Returning_Visitor,False,False
3,118.55,0,0.0,34,1948.09,0.03,0.05,0.0,0.0,June,3,2,1,2,Returning_Visitor,False,False
1,87.14,1,43.29,2,15.2,0.0,0.04,0.0,0.0,Aug,1,2,6,3,Returning_Visitor,False,False
3,101.54,0,0.0,37,2043.5,0.02,0.02,12.36,0.0,Mar,2,5,1,6,Returning_Visitor,False,True
3,10.77,0,0.0,70,736.45,0.02,0.05,0.0,0.0,Jul,2,2,3,1,Returning_Visitor,False,False
5,87.26,1,43.19,21,743.92,0.0,0.05,0.0,0.0,May,2,2,1,2,Returning_Visitor,False,False
3,87.3,1,43.21,21,2588.96,0.0,0.05,0.0,0.0,Mar,3,2,1,8,New_Visitor,False,False
0,0.0,1,0.0,4,48.0,0.03,0.05,0.0,0.0,May,2,2,1,2,Returning_Visitor,False,False
8,93.58,1,26.75,22,736.29,0.02,0.02,5.8,0.0,May,2,2,1,5,Returning_Visitor,False,False
6,171.12,0,0.0,22,472.75,0.02,0.03,0.0,0.0,Nov,3,2,2,4,Returning_Visitor,False,False
2,217.0,0,0.0,34,409.5,0.0,0.05,0.0,0.0,Dec,2,2,4,2,Returning_Visitor,False,False
0,0.0,1,43.12,16,735.72,0.03,0.03,0.0,0.0,Mar,1,2,1,2,Returning_Visitor,False,False
0,0.0,0,0.0,5,377.0,0.0,0.04,0.0,0.2,May,2,2,6,2,Returning_Visitor,False,False
3,0.0,0,45.26,15,801.2,0.02,0.04,0.0,0.0,Nov,2,2,1,2,New_Visitor,True,False
9,352.23,0,43.12,49,736.1,0.0,0.02,0.0,0.0,Aug,1,2,1,2,Returning_Visitor,False,False
4,87.0,1,43.23,33,736.2,0.03,0.05,0.0,0.0,Mar,2,2,1,2,Returning_Visitor,True,False
3,75.4,0,0.0,18,1051.42,0.01,0.02,0.0,0.0,Oct,2,5,2,2,New_Visitor,False,False
0,0.0,0,43.18,7,58.5,0.0,0.06,0.0,0.0,Nov,2,6,9,2,Returning_Visitor,False,False
1,88.09,0,43.17,45,738.75,0.03,0.02,0.0,0.0,Nov,1,1,8,1,Returning_Visitor,False,False
3,31.2,1,43.23,13,735.3,0.0,0.01,0.0,0.0,Nov,2,2,6,2,New_Visitor,False,False
3,87.37,1,0.0,1,734.19,0.2,0.2,0.0,0.0,May,1,2,2,2,Returning_Visitor,False,False
0,0.0,1,0.0,19,346.13,0.03,0.04,0.0,0.0,Aug,2,2,1,3,Returning_Visitor,False,False
4,87.31,1,28.7,16,597.6,0.03,0.02,0.0,0.0,Oct,3,2,1,2,Returning_Visitor,True,False
3,87.38,0,43.17,11,198.17,0.0,0.01,0.0,0.0,May,2,2,9,2,New_Visitor,False,False
3,0.0,1,43.15,8,121.38,0.0,0.03,0.0,0.0,Dec,3,2,4,2,New_Visitor,False,False
7,135.92,0,43.16,43,735.96,0.0,0.03,4.24,0.0,May,1,1,3,3,Returning_Visitor,False,False
2,87.36,0,43.24,7,735.74,0.0,0.02,0.0,1.0,May,1,2,1,2,Returning_Visitor,True,False
0,0.0,0,0.0,6,735.29,0.03,0.07,0.0,0.0,Nov,1,1,1,10,Returning_Visitor,False,False
3,153.25,1,0.0,19,402.72,0.0,0.0,57.47,0.0,May,2,2,1,4,Returning_Visitor,False,True
1,101.51,1,335.0,33,3583.17,0.02,0.05,11.16,0.0,May,2,2,1,11,Returning_Visitor,True,False
3,202.0,0,0.0,28,714.97,0.01,0.02,0.0,0.0,May,1,2,1,4,Returning_Visitor,True,False
14,87.46,3,11.5,182,737.89,0.03,0.05,0.7,0.0,Aug,2,2,1,1,Returning_Visitor,False,False
3,0.0,1,43.2,27,1544.53,0.05,0.08,0.0,0.0,June,1,1,3,3,Returning_Visitor,False,False
3,89.6,1,45.23,57,1721.91,0.02,0.01,204.01,0.0,Nov,2,2,1,4,Returning_Visitor,True,True
3,95.13,1,0.0,6,148.75,0.02,0.03,0.0,0.0,Nov,3,2,1,3,Returning_Visitor,False,False
0,0.0,0,43.21,5,143.5,0.0,0.05,0.0,0.0,Mar,2,5,1,2,Returning_Visitor,False,False
7,311.14,1,43.18,36,1699.07,0.03,0.04,133.28,0.0,Dec,3,2,1,13,Returning_Visitor,False,False
1,67.4,1,45.21,14,590.55,0.0,0.01,38.07,0.0,Aug,2,2,1,5,Returning_Visitor,False,True
3,140.5,0,45.19,19,803.25,0.02,0.04,16.98,0.0,Nov,3,2,2,10,Returning_Visitor,False,False
0,87.26,0,43.2,13,474.68,0.02,0.03,0.0,0.0,May,3,2,1,3,Returning_Visitor,False,False
5,80.25,1,0.0,63,2618.68,0.01,0.04,17.61,0.0,Nov,3,2,1,8,Returning_Visitor,False,True
0,86.57,1,65.0,15,1728.32,0.03,0.05,0.0,0.0,Mar,1,1,1,1,Returning_Visitor,False,False
4,82.17,0,45.24,45,801.36,0.02,0.03,15.15,0.2,May,2,2,1,2,Returning_Visitor,False,False
3,0.0,1,43.2,1,734.88,0.2,0.2,0.0,0.0,Nov,3,2,3,13,Returning_Visitor,False,False
3,87.31,1,43.24,1,0.0,0.03,0.05,0.0,0.0,Nov,1,1,1,2,Returning_Visitor,False,False
0,0.0,0,0.0,2,17.0,0.03,0.1,0.0,0.0,Mar,1,1,8,2,Returning_Visitor,False,False
3,24.0,1,45.23,15,496.75,0.0,0.01,115.49,0.0,May,2,2,3,2,Returning_Visitor,False,True
3,87.62,1,0.0,4,454.33,0.0,0.03,0.0,0.0,Nov,3,2,1,3,New_Visitor,False,False
3,0.0,0,43.26,24,735.54,0.02,0.04,0.0,0.4,May,2,2,1,2,Returning_Visitor,False,False
3,119.5,1,43.16,17,673.62,0.02,0.02,0.0,0.0,Dec,3,2,1,2,Returning_Visitor,False,False
3,0.0,1,43.17,6,161.67,0.0,0.05,0.0,0.0,Dec,2,2,9,2,New_Visitor,False,False
3,87.44,1,43.15,8,735.71,0.02,0.05,0.0,0.0,May,2,2,1,13,Returning_Visitor,False,False
3,0.0,0,43.19,17,736.41,0.03,0.04,0.0,0.0,Dec,2,2,1,3,Returning_Visitor,False,False
0,87.17,2,1368.0,26,735.02,0.0,0.01,0.0,0.0,Nov,1,1,1,2,Returning_Visitor,True,True
0,0.0,0,0.0,26,736.3,0.03,0.03,0.0,0.0,Jul,3,3,1,4,Returning_Visitor,False,False
0,87.01,1,0.0,15,340.1,0.0,0.05,0.0,0.0,Aug,2,2,1,2,Returning_Visitor,False,False
4,227.48,3,432.2,56,4895.26,0.02,0.04,5.76,0.0,Nov,2,2,3,2,Returning_Visitor,False,False
0,0.0,1,22.0,81,797.55,0.02,0.04,0.0,0.0,Nov,3,2,1,2,Returning_Visitor,True,True
3,138.5,1,43.18,21,831.0,0.03,0.05,0.0,0.0,Dec,2,12,4,2,Returning_Visitor,False,False
11,87.35,1,0.0,31,736.39,0.01,0.03,0.0,0.8,May,2,2,1,3,Returning_Visitor,False,False
3,53.25,1,77.0,198,799.43,0.02,0.04,11.98,0.0,May,4,2,1,1,Returning_Visitor,True,True
3,90.5,1,43.24,15,369.5,0.0,0.05,0.0,0.0,Nov,3,2,1,2,New_Visitor,True,False
0,86.97,0,0.0,22,925.83,0.03,0.05,0.0,0.0,Mar,2,2,3,1,Returning_Visitor,False,False
4,87.23,1,0.0,28,866.0,0.03,0.02,0.0,0.0,Mar,2,2,4,1,Returning_Visitor,False,False
3,87.32,0,43.17,16,735.56,0.03,0.02,0.0,0.0,Feb,2,2,1,2,Returning_Visitor,False,False
0,0.0,1,0.0,53,3575.0,0.0,0.0,119.89,0.0,Nov,2,5,6,2,Returning_Visitor,False,True
3,86.75,1,43.25,1,0.0,0.03,0.2,0.0,0.6,Feb,4,2,1,2,Returning_Visitor,False,False
3,87.34,1,0.0,1,51.0,0.0,0.05,0.0,0.0,May,3,2,3,3,Returning_Visitor,False,False
3,0.0,0,0.0,62,801.65,0.02,0.02,57.48,0.0,Nov,4,2,1,1,Returning_Visitor,True,False
0,0.0,0,42.78,20,366.5,0.03,0.01,0.0,0.0,Nov,2,2,1,2,Returning_Visitor,False,False
6,43.1,0,0.0,56,1056.15,0.03,0.04,4.16,0.2,May,3,2,1,4,Returning_Visitor,False,False
3,87.31,1,0.0,3,734.12,0.0,0.07,0.0,0.0,Dec,1,2,3,2,Other,False,False
0,0.0,1,45.25,26,802.33,0.02,0.0,40.42,0.0,Nov,2,2,1,2,Returning_Visitor,False,True
3,0.0,0,0.0,8,92.25,0.03,0.07,0.0,0.0,Nov,3,2,1,2,Returning_Visitor,False,False
3,0.0,0,0.0,2,49.0,0.0,0.05,0.0,0.0,Mar,2,2,1,3,Returning_Visitor,True,False
2,87.48,0,43.21,10,399.0,0.02,0.05,0.0,0.0,Nov,1,1,1,8,Returning_Visitor,False,False
3,101.26,1,0.0,14,801.83,0.0,0.04,9.25,0.0,Sep,1,2,6,5,Returning_Visitor,False,True
0,87.05,1,43.3,2,113.0,0.0,0.1,0.0,0.0,May,2,2,3,13,Returning_Visitor,False,False
0,0.0,0,0.0,9,73.67,0.0,0.02,0.0,0.2,May,2,2,1,2,Returning_Visitor,False,False
3,61.01,0,0.0,51,735.51,0.03,0.01,0.0,0.0,Dec,2,2,6,2,Returning_Visitor,False,False
3,153.85,0,0.0,19,735.9,0.0,0.02,0.0,0.0,Dec,1,2,1,8,Returning_Visitor,False,True
3,155.7,1,43.15,18,734.99,0.03,0.01,0.0,0.0,Nov,1,2,1,2,New_Visitor,False,False
3,87.18,0,43.22,28,736.37,0.0,0.01,0.0,0.0,Mar,2,2,1,2,Returning_Visitor,False,False
1,60.5,0,0.0,31,1574.38,0.03,0.02,0.0,0.0,Dec,2,2,1,2,Returning_Visitor,False,False
3,87.18,1,43.29,1,0.0,0.2,0.2,0.0,0.0,Nov,2,2,1,11,Returning_Visitor,False,False
3,101.47,0,0.0,32,801.38,0.02,0.02,3.11,0.6,May,2,2,1,4,Returning_Visitor,False,True
3,106.0,0,0.0,30,1418.0,0.0,0.05,0.0,0.0,Mar,2,2,1,2,New_Visitor,False,False
3,101.33,1,0.0,9,341.0,0.02,0.01,34.44,0.0,Mar,2,2,9,2,New_Visitor,False,True
10,87.34,0,43.16,54,736.62,0.03,0.05,0.0,0.0,Nov,2,2,1,10,Returning_Visitor,False,True
3,87.17,0,43.14,94,2487.52,0.0,0.0,0.0,0.0,Oct,2,2,6,2,New_Visitor,False,False
3,87.06,0,0.0,37,740.39,0.01,0.05,0.0,0.0,Sep,3,2,1,4,Returning_Visitor,False,False
0,0.0,0,43.24,3,34.0,0.03,0.07,0.0,0.0,May,1,1,6,3,Returning_Visitor,False,False
1,87.59,0,0.0,8,1236.2,0.03,0.05,0.0,0.0,Mar,3,2,1,3,Returning_Visitor,False,False
6,101.33,2,45.23,83,2503.88,0.0,0.0,2.09,0.0,Mar,2,2,1,2,Returning_Visitor,False,True
3,100.59,1,0.0,22,610.97,0.03,0.04,0.0,0.0,Nov,1,1,1,2,Returning_Visitor,False,False
0,86.78,1,26.0,21,735.18,0.03,0.03,0.0,0.0,May,2,2,6,2,Returning_Visitor,False,False
3,0.0,0,43.31,14,736.01,0.07,0.1,0.0,0.0,Jul,3,2,1,2,Returning_Visitor,True,False
3,87.45,4,48.0,16,736.18,0.0,0.05,0.0,0.0,Mar,1,2,1,2,New_Visitor,False,False
3,52.47,1,43.24,6,735.52,0.0,0.02,0.0,0.0,Oct,2,2,3,2,New_Visitor,False,False
3,87.15,1,43.2,1,0.0,0.2,0.05,0.0,0.0,Nov,2,2,1,2,Returning_Visitor,False,False
3,87.38,0,0.0,20,1201.6,0.01,0.02,0.0,0.2,May,3,2,1,13,Returning_Visitor,False,False
3,87.21,1,0.0,9,416.67,0.0,0.05,0.0,0.0,Mar,3,2,6,2,New_Visitor,True,False
3,87.21,0,0.0,57,735.89,0.0,0.05,0.0,0.0,May,2,2,1,4,Returning_Visitor,False,False
0,86.89,0,43.29,8,736.28,0.03,0.05,0.0,0.8,May,2,2,7,2,Returning_Visitor,False,False
4,54.8,1,43.31,3,733.61,0.0,0.05,0.0,0.0,Aug,1,1,3,2,Returning_Visitor,False,False
3,37.0,0,0.0,81,2533.83,0.03,0.05,0.0,0.0,May,2,2,3,4,Returning_Visitor,False,False
1,87.11,1,0.0,36,1195.73,0.03,0.05,19.11,0.0,May,2,2,6,4,Returning_Visitor,False,False
0,0.0,0,45.26,5,280.2,0.0,0.03,19.51,0.0,Aug,1,1,4,2,New_Visitor,False,True
5,58.83,0,0.0,128,735.58,0.03,0.05,3.83,0.0,Nov,2,2,2,1,Returning_Visitor,True,False
0,101.34,1,45.17,12,749.8,0.0,0.02,23.0,0.0,Jul,2,2,1,4,Returning_Visitor,False,True
3,87.31,0,0.0,1,734.44,0.2,0.05,0.0,0.0,May,1,1,1,2,Returning_Visitor,False,False
3,94.0,1,125.0,55,1970.84,0.0,0.0,96.26,0.0,Mar,2,4,1,2,Returning_Visitor,False,True
0,0.0,1,55.0,63,1462.45,0.0,0.04,22.09,0.0,May,2,2,1,5,Returning_Visitor,False,True
3,50.5,1,43.22,3,735.46,0.03,0.05,0.0,0.0,Nov,2,2,8,2,New_Visitor,False,False
9,87.57,4,388.67,33,737.86,0.0,0.05,0.0,0.0,Mar,2,2,1,10,Returning_Visitor,False,False
0,0.0,0,0.0,11,299.5,0.03,0.07,0.0,0.0,Mar,1,2,3,1,Returning_Visitor,False,False
1,75.0,1,45.24,44,1679.83,0.02,0.04,45.83,0.0,Mar,2,2,1,2,Returning_Visitor,False,True
3,101.41,1,0.0,2,800.15,0.0,0.04,0.0,0.0,Nov,1,1,1,2,Returning_Visitor,False,False
0,86.88,1,0.0,12,459.08,0.0,0.08,0.0,0.0,Dec,2,2,1,2,Returning_Visitor,False,False
0,0.0,0,0.0,42,736.09,0.03,0.05,0.0,0.0,Nov,1,1,1,10,Returning_Visitor,False,False
3,100.91,0,0.0,8,101.75,0.03,0.08,0.0,0.0,Nov,2,2,1,2,Returning_Visitor,False,False
0,86.96,1,0.0,12,735.42,0.03,0.07,0.0,0.0,Mar,1,2,1,3,Returning_Visitor,False,False
3,87.26,0,43.2,9,735.79,0.0,0.02,0.0,0.0,May,2,2,1,2,New_Visitor,False,False
3,86.89,1,0.0,13,96.5,0.03,0.08,0.0,0.0,Mar,2,2,1,1,Returning_Visitor,False,False
5,87.51,0,43.24,4,34.83,0.03,0.04,0.0,0.0,May,3,2,2,2,Returning_Visitor,False,False
0,0.0,0,43.16,32,1080.05,0.0,0.01,0.0,0.0,Mar,2,2,1,2,Returning_Visitor,False,False
4,87.53,0,43.17,66,735.97,0.03,0.05,0.0,0.0,Nov,3,2,1,13,Returning_Visitor,False,False
15,365.11,4,848.42,113,737.47,0.03,0.05,1.03,0.0,May,2,2,1,2,Returning_Visitor,False,False
5,39.0,1,43.27,13,734.6,0.0,0.01,0.0,0.0,Nov,2,2,3,2,New_Visitor,False,True
1,0.0,0,0.0,55,736.05,0.03,0.05,9.14,0.0,Dec,2,2,8,3,Returning_Visitor,False,False
3,86.97,0,0.0,47,734.44,0.0,0.04,0.0,0.0,Jul,1,1,1,2,Returning_Visitor,False,False
3,87.04,1,43.27,6,314.4,0.0,0.03,0.0,0.0,Oct,1,1,4,2,New_Visitor,False,False
3,87.11,1,0.0,14,875.0,0.03,0.01,0.0,0.0,Mar,1,1,1,2,Returning_Visitor,True,False
3,87.25,2,12.0,0,0.0,0.0,0.1,0.0,0.0,Dec,2,2,1,2,Returning_Visitor,False,False
0,0.0,0,43.26,1,734.8,0.03,0.05,0.0,0.0,May,3,2,3,2,Returning_Visitor,False,False
11,298.08,4,138.5,397,800.23,0.02,0.04,9.22,0.0,Nov,1,2,1,3,Returning_Visitor,True,True
0,86.96,1,0.0,10,735.7,0.0,0.04,0.0,0.0,Nov,2,2,4,10,Returning_Visitor,False,False
3,101.55,0,0.0,36,513.4,0.02,0.04,16.09,0.6,May,2,2,1,2,Returning_Visitor,False,False
2,28.2,1,0.0,7,801.36,0.02,0.01,94.02,0.0,Nov,2,2,3,2,Returning_Visitor,False,True
3,0.0,1,0.0,3,48.0,0.03,0.05,0.0,0.0,May,1,1,1,2,Returning_Visitor,False,False
3,87.22,1,43.1,5,735.8,0.0,0.04,0.0,0.0,Dec,2,2,1,2,Returning_Visitor,False,False
0,87.09,1,43.15,33,736.08,0.03,0.02,0.0,0.0,Mar,2,2,1,2,Returning_Visitor,False,False
0,94.12,3,50.5,6,238.55,0.02,0.02,0.0,0.0,Nov,3,2,1,2,Returning_Visitor,False,False
1,136.5,1,0.0,25,806.5,0.03,0.01,39.97,0.0,Aug,1,2,1,2,Returning_Visitor,True,False
3,87.07,0,0.0,48,735.75,0.0,0.02,0.0,0.0,Dec,2,2,1,2,Returning_Visitor,False,False
3,87.3,0,43.21,21,736.31,0.01,0.02,0.0,0.0,Nov,2,4,1,2,Returning_Visitor,False,False
3,0.0,0,0.0,15,1674.0,0.03,0.04,0.0,0.0,Mar,2,2,4,1,Returning_Visitor,False,False
3,87.18,0,0.0,14,735.5,0.0,0.02,0.0,0.0,Nov,1,2,1,3,Returning_Visitor,False,False
0,0.0,4,225.77,222,735.83,0.03,0.05,0.0,0.0,June,8,2,1,5,Returning_Visitor,False,False
8,305.67,1,43.22,35,735.7,0.03,0.05,0.0,0.0,Dec,1,1,3,2,Returning_Visitor,False,False
3,96.6,1,0.0,15,276.73,0.01,0.02,69.46,0.0,Oct,2,2,1,4,Returning_Visitor,False,True
0,0.0,0,43.17,3,121.5,0.0,0.01,0.0,0.0,Nov,1,1,1,2,New_Visitor,False,False
9,410.55,0,45.23,57,801.67,0.02,0.04,13.09,0.0,Oct,2,2,3,2,Returning_Visitor,False,False
0,87.22,1,43.24,1,734.88,0.2,0.2,0.0,0.0,Nov,2,2,1,2,Returning_Visitor,False,False
0,0.0,0,0.0,6,236.5,0.0,0.02,0.0,0.0,Mar,1,2,1,2,Returning_Visitor,True,False
3,172.0,0,0.0,53,735.71,0.0,0.05,0.0,0.0,Mar,2,2,1,2,Returning_Visitor,False,False
0,0.0,0,0.0,6,735.97,0.03,0.05,0.0,0.4,May,2,2,6,2,Returning_Visitor,False,False
0,87.58,0,0.0,5,22.0,0.08,0.12,0.0,0.0,May,3,2,3,2,Returning_Visitor,False,False
3,65.5,1,60.0,30,1383.38,0.01,0.04,43.21,0.0,Nov,2,2,1,2,Returning_Visitor,False,False
0,0.0,1,0.0,1,0.0,0.03,0.05,0.0,0.0,May,2,2,4,2,Returning_Visitor,False,False
2,20.2,0,43.11,14,736.07,0.03,0.05,0.0,0.0,Aug,2,2,1,5,Returning_Visitor,False,False
7,87.16,0,43.14,43,735.53,0.0,0.05,0.0,0.0,Dec,2,2,3,1,New_Visitor,False,False
3,0.0,0,43.29,12,736.44,0.08,0.05,0.0,0.8,May,2,2,1,2,Returning_Visitor,False,False
0,0.0,1,43.41,49,736.52,0.0,0.01,0.0,0.0,Mar,2,2,1,10,Returning_Visitor,False,False
3,0.0,1,0.0,3,13.0,0.07,0.13,0.0,0.0,May,3,2,3,3,Returning_Visitor,False,False
8,245.08,1,45.57,93,791.08,0.02,0.02,4.63,0.0,May,3,2,1,13,Returning_Visitor,False,False
3,109.7,0,0.0,16,852.3,0.01,0.05,0.0,0.0,Oct,2,2,1,3,Returning_Visitor,False,False
3,87.32,0,0.0,2,734.58,0.03,0.05,0.0,0.0,Dec,1,1,3,2,Returning_Visitor,True,False
7,87.16,0,43.24,9,619.53,0.0,0.05,0.0,0.0,Oct,4,5,1,11,Returning_Visitor,False,False
0,0.0,1,43.21,15,735.32,0.04,0.05,0.0,0.8,May,4,2,1,2,Returning_Visitor,False,False
0,0.0,0,0.0,14,2425.0,0.0,0.05,0.0,0.0,Mar,2,2,1,2,Returning_Visitor,False,False
0,0.0,1,620.25,23,735.21,0.01,0.03,0.0,0.0,Dec,1,1,3,2,Returning_Visitor,False,False
6,90.1,1,43.22,35,735.31,0.03,0.02,0.0,0.0,Oct,1,2,1,4,Returning_Visitor,True,False
3,64.5,0,0.0,24,801.49,0.02,0.04,15.28,0.0,Dec,2,2,1,2,Returning_Visitor,False,True
3,0.0,0,0.0,2,0.0,0.2,0.05,0.0,0.0,Mar,1,1,1,10,Returning_Visitor,False,False
3,1499.57,1,186.0,31,735.62,0.03,0.01,0.0,0.0,Mar,2,6,7,1,Returning_Visitor,False,False
3,87.41,0,0.0,45,734.54,0.0,0.05,7.18,0.0,Nov,1,1,1,10,Returning_Visitor,False,True
3,0.0,0,43.23,3,159.0,0.0,0.03,0.0,0.0,Dec,1,2,1,2,Returning_Visitor,False,False
0,87.0,1,43.15,11,673.0,0.02,0.06,0.0,0.0,Mar,2,2,1,1,Returning_Visitor,False,False
3,0.0,1,43.19,4,86.0,0.0,0.05,0.0,0.0,Dec,2,2,1,8,Returning_Visitor,True,False
3,0.0,1,0.0,22,641.52,0.01,0.01,34.52,0.0,Oct,1,1,1,2,Returning_Visitor,False,False
3,155.0,1,0.0,60,3086.4,0.03,0.02,0.0,0.4,May,2,2,1,2,Returning_Visitor,False,False
10,101.43,2,45.19,51,2697.49,0.02,0.02,3.1,0.6,May,2,2,2,2,Returning_Visitor,False,False
0,0.0,1,0.0,65,735.62,0.03,0.05,0.0,0.0,Oct,1,2,3,2,Returning_Visitor,True,False
3,189.8,1,45.22,9,208.83,0.02,0.02,70.32,0.0,Nov,2,2,3,2,Returning_Visitor,False,True
0,86.93,1,0.0,11,203.5,0.02,0.04,0.0,0.0,Dec,4,5,1,2,Returning_Visitor,False,False
3,168.85,1,0.0,22,383.2,0.0,0.05,0.0,0.0,Jul,2,2,1,2,Returning_Visitor,False,False
3,87.44,1,43.25,5,77.5,0.03,0.08,0.0,0.0,Nov,3,2,4,2,Returning_Visitor,False,False
3,87.14,1,10.0,25,2877.5,0.03,0.04,0.0,0.0,May,2,2,7,1,Returning_Visitor,False,False
1,100.85,1,45.2,19,1773.38,0.02,0.03,28.12,0.0,Nov,2,2,1,13,Returning_Visitor,False,True
4,87.35,0,0.0,10,736.05,0.03,0.08,0.0,0.0,Dec,3,2,1,3,Returning_Visitor,False,False
3,87.25,1,0.0,24,602.25,0.0,0.05,0.0,0.0,Nov,2,2,1,2,Returning_Visitor,True,False
0,0.0,1,0.0,1,40.0,0.03,0.1,0.0,0.0,Mar,3,2,1,2,Returning_Visitor,False,False
3,22.2,1,0.0,18,735.28,0.0,0.0,0.0,0.0,Nov,2,2,2,2,Returning_Visitor,False,False
1,29.5,0,45.24,29,569.17,0.0,0.04,12.45,0.0,May,2,2,1,2,Returning_Visitor,False,True
4,87.76,0,0.0,15,362.63,0.03,0.05,0.0,0.0,Dec,3,2,2,3,Returning_Visitor,False,False
4,49.5,0,0.0,4,180.5,0.03,0.03,0.0,0.0,Dec,3,2,6,2,Returning_Visitor,False,False
16,87.65,1,0.0,86,736.13,0.03,0.05,0.34,0.0,Dec,2,2,1,10,Returning_Visitor,True,False
1,0.0,1,43.15,1,0.0,0.03,0.2,0.0,0.0,May,1,1,1,2,Returning_Visitor,False,False
3,0.0,0,0.0,16,980.25,0.03,0.04,0.0,0.0,Mar,2,2,1,3,Returning_Visitor,False,False
3,213.0,1,45.19,2,338.0,0.0,0.0,112.41,0.0,Oct,1,1,1,5,Returning_Visitor,False,True
5,120.0,1,0.0,27,1583.6,0.0,0.03,39.63,0.0,Mar,2,2,1,2,Returning_Visitor,False,False
5,87.46,0,0.0,35,572.98,0.01,0.01,0.0,0.0,Dec,3,2,1,3,Returning_Visitor,False,False
3,87.19,1,0.0,0,0.0,0.2,0.05,0.0,1.0,May,1,1,3,2,Returning_Visitor,True,False
3,53.4,1,43.17,21,216.7,0.03,0.01,0.0,0.0,Sep,2,2,1,2,New_Visitor,False,False
8,161.67,0,0.0,518,736.47,0.03,0.05,0.0,0.0,Oct,4,2,1,2,Returning_Visitor,False,False
3,0.0,1,43.11,12,200.0,0.03,0.05,0.0,0.0,Mar,2,2,1,2,Returning_Visitor,True,False
3,87.0,0,0.0,12,736.39,0.02,0.05,0.0,0.0,Dec,2,2,6,2,Returning_Visitor,False,False
3,55.5,0,43.17,2,26.0,0.0,0.05,0.0,0.0,Dec,1,2,1,2,Returning_Visitor,False,True
5,116.1,3,97.67,170,736.59,0.03,0.05,0.0,0.0,Dec,2,2,1,2,Returning_Visitor,False,False
2,95.29,1,0.0,72,777.36,0.02,0.05,0.0,0.0,Aug,1,1,1,2,Returning_Visitor,False,False
3,0.0,0,0.0,8,801.79,0.0,0.04,26.98,0.0,May,2,4,3,2,Returning_Visitor,False,True
0,87.14,0,43.25,3,735.21,0.07,0.13,0.0,0.0,June,2,2,1,2,Returning_Visitor,False,False
0,0.0,1,43.27,2,8.0,0.0,0.1,0.0,0.0,June,2,4,1,3,Returning_Visitor,False,False
5,87.21,1,0.0,32,1403.54,0.0,0.05,0.0,0.0,Dec,8,13,9,20,Other,False,False
5,44.67,1,144.0,101,785.09,0.03,0.05,2.15,0.0,Jul,3,2,1,3,Returning_Visitor,False,False
4,87.03,1,43.19,18,374.6,0.03,0.01,0.0,0.0,Sep,2,2,3,2,Returning_Visitor,False,False
0,0.0,1,43.27,4,388.0,0.05,0.08,0.0,0.0,Mar,2,2,6,1,Returning_Visitor,False,False
6,322.35,0,45.15,33,1845.39,0.02,0.01,39.43,0.0,Jul,2,2,1,1,Returning_Visitor,False,True
3,32.7,0,43.18,27,735.25,0.0,0.02,0.0,0.0,Nov,3,2,1,1,Returning_Visitor,False,False
3,0.0,1,43.21,2,733.86,0.0,0.1,0.0,0.0,Dec,1,1,4,2,Returning_Visitor,False,False
1,47.4,1,45.19,6,800.78,0.02,0.06,29.66,0.0,Oct,2,2,1,2,Returning_Visitor,False,False
3,0.0,0,43.24,1,0.0,0.03,0.2,0.0,0.0,Mar,1,2,9,2,Returning_Visitor,False,False
5,87.5,0,43.19,54,735.92,0.01,0.02,0.0,0.0,Dec,2,2,1,1,Returning_Visitor,False,False
3,100.92,1,0.0,6,796.65,0.02,0.02,0.0,0.0,Nov,1,2,1,3,Returning_Visitor,False,False
0,100.9,1,0.0,12,465.25,0.02,0.02,0.0,0.0,Dec,3,2,6,2,Returning_Visitor,True,False
3,87.36,1,0.0,5,85.5,0.0,0.05,0.0,0.0,Dec,2,4,1,2,New_Visitor,False,True
3,87.74,1,376.5,49,1222.25,0.03,0.05,0.0,0.0,Dec,2,2,1,2,Returning_Visitor,True,False
3,87.63,1,43.3,48,691.36,0.03,0.05,0.0,0.0,Nov,3,2,1,3,Returning_Visitor,False,False
1,18.0,1,0.0,8,66.0,0.08,0.09,0.0,0.4,May,3,2,1,13,Returning_Visitor,False,False
3,173.94,1,44.8,14,890.53,0.0,0.03,52.74,0.0,Dec,4,5,1,10,Returning_Visitor,False,True
0,87.23,0,0.0,54,736.6,0.03,0.02,0.0,0.0,Nov,2,2,1,1,Returning_Visitor,False,False
4,87.14,1,0.0,23,736.18,0.0,0.05,0.0,0.0,Nov,2,2,3,2,Returning_Visitor,False,False
3,0.0,0,43.21,5,735.68,0.0,0.05,0.0,0.0,May,3,2,3,1,Returning_Visitor,True,False
0,0.0,1,43.18,21,472.88,0.01,0.04,0.0,0.0,Nov,2,2,1,2,Returning_Visitor,False,False
0,87.24,0,0.0,18,735.76,0.03,0.05,0.0,0.6,May,3,2,1,3,Returning_Visitor,False,False
0,0.0,1,0.0,10,189.5,0.0,0.04,0.0,0.0,Mar,3,2,3,2,Returning_Visitor,False,False
3,9.6,1,118.1,10,736.97,0.0,0.04,0.0,0.0,June,2,2,8,4,Returning_Visitor,False,False
2,101.74,1,44.98,12,497.0,0.0,0.05,10.63,0.6,May,2,2,1,2,Returning_Visitor,False,False
0,87.2,0,0.0,26,735.57,0.03,0.03,0.0,0.0,Nov,3,2,6,13,Returning_Visitor,False,False
1,102.5,0,0.0,5,97.0,0.0,0.05,0.0,0.0,Mar,3,2,1,2,New_Visitor,False,False
5,114.25,0,0.0,107,799.94,0.02,0.04,0.0,0.0,Nov,2,2,1,2,Returning_Visitor,False,True
3,45.0,0,43.2,9,736.46,0.0,0.02,0.0,0.0,Mar,2,2,3,1,Returning_Visitor,False,False
3,87.26,1,43.21,1,0.0,0.03,0.2,0.0,0.0,Mar,1,1,1,1,Returning_Visitor,True,False
8,173.41,0,0.0,162,800.19,0.02,0.04,17.8,0.0,Oct,2,2,1,1,Returning_Visitor,False,False
3,0.0,0,43.24,2,0.0,0.2,0.2,0.0,0.6,May,1,1,1,3,Returning_Visitor,False,False
2,87.6,1,36.0,24,914.51,0.02,0.02,0.0,0.4,May,3,2,8,3,Returning_Visitor,False,False
3,18.75,0,0.0,7,68.75,0.0,0.03,0.0,0.0,Mar,2,2,5,2,New_Visitor,False,False
0,86.52,1,0.0,10,737.23,0.03,0.05,0.0,0.0,Nov,2,2,1,2,Returning_Visitor,False,False
0,87.88,0,43.33,1,0.0,0.2,0.2,0.0,0.0,Nov,3,2,3,3,Returning_Visitor,False,False
3,0.0,1,43.17,2,34.0,0.0,0.05,0.0,0.0,May,2,2,1,2,Returning_Visitor,False,False
3,0.0,1,43.27,1,0.0,0.03,0.2,0.0,0.0,Nov,2,2,1,3,Returning_Visitor,False,False
3,87.25,1,43.14,16,1092.33,0.03,0.05,0.0,0.0,Dec,2,2,1,1,Returning_Visitor,False,False
3,738.0,0,0.0,26,1840.67,0.03,0.04,0.0,0.0,May,2,2,7,2,Returning_Visitor,False,False
0,0.0,1,43.18,23,684.5,0.02,0.05,0.0,0.8,May,2,2,2,6,Returning_Visitor,False,False
3,0.0,1,0.0,10,146.92,0.06,0.09,0.0,0.0,Nov,3,2,4,2,Returning_Visitor,False,False
3,87.31,1,0.0,7,70.0,0.0,0.03,0.0,0.0,May,2,2,1,2,Returning_Visitor,False,False
3,87.18,1,43.29,16,463.42,0.0,0.02,0.0,1.0,May,3,2,1,4,New_Visitor,False,False
3,4.0,2,102.0,31,800.5,0.02,0.03,8.71,0.0,Mar,2,2,3,13,Returning_Visitor,True,False
3,199.0,0,0.0,10,735.79,0.0,0.05,0.0,0.0,May,2,2,1,1,Returning_Visitor,False,False
3,87.12,0,0.0,70,2346.22,0.03,0.0,0.0,0.0,Nov,1,2,1,3,Returning_Visitor,False,False
0,87.6,1,43.36,4,733.44,0.05,0.08,0.0,0.0,Nov,1,1,1,2,New_Visitor,False,False
12,297.21,1,43.15,38,735.44,0.03,0.02,13.28,0.0,Dec,1,1,1,2,Returning_Visitor,False,False
3,86.87,0,43.25,1,0.0,0.2,0.2,0.0,0.0,Mar,2,4,1,2,Returning_Visitor,False,False
3,39.2,0,43.15,23,735.16,0.0,0.0,0.0,0.0,Oct,4,2,3,2,Returning_Visitor,False,False
3,17.35,0,43.14,19,735.54,0.03,0.04,0.0,0.0,Mar,2,2,1,2,Returning_Visitor,False,False
0,0.0,1,0.0,3,801.45,0.02,0.07,127.31,0.0,Dec,2,10,1,2,Returning_Visitor,False,True
3,0.0,0,43.22,1,0.0,0.2,0.2,0.0,0.0,Mar,2,2,1,2,Returning_Visitor,False,False
0,0.0,1,43.17,17,982.76,0.01,0.04,0.0,0.0,Sep,2,2,1,2,Returning_Visitor,False,False
1,65.5,0,0.0,51,736.66,0.01,0.03,0.0,0.0,Nov,3,2,1,2,Returning_Visitor,True,False
6,133.33,1,398.0,129,740.03,0.02,0.05,6.02,0.0,Nov,3,2,1,3,Returning_Visitor,False,True
2,39.4,1,43.17,62,735.87,0.03,0.02,0.0,0.0,Oct,2,2,1,2,Returning_Visitor,False,False
0,87.11,1,43.21,12,338.75,0.0,0.03,0.0,0.0,Nov,2,4,1,2,Returning_Visitor,False,False
3,86.99,1,0.0,12,1145.42,0.03,0.05,0.0,0.0,Nov,3,2,8,10,Returning_Visitor,True,False
0,0.0,1,0.0,17,356.08,0.0,0.01,151.57,0.0,Nov,2,5,5,2,Returning_Visitor,False,True
2,87.21,1,0.0,3,264.0,0.0,0.05,0.0,0.6,May,3,2,1,11,Returning_Visitor,False,False
5,87.22,1,43.2,15,272.5,0.0,0.01,0.0,0.0,Oct,1,2,1,2,New_Visitor,True,False
0,87.12,1,0.0,28,735.42,0.03,0.05,0.0,0.0,Oct,2,2,1,2,Returning_Visitor,False,False
3,18.6,2,54.4,45,1390.4,0.02,0.05,0.0,0.0,Jul,3,2,1,2,Returning_Visitor,False,False
3,111.0,0,0.0,25,735.89,0.0,0.01,0.0,0.0,May,2,2,4,4,Returning_Visitor,False,False
0,0.0,1,45.19,20,528.0,0.0,0.01,31.19,0.6,May,2,2,1,4,New_Visitor,False,True
3,45.7,1,43.36,13,736.41,0.03,0.05,0.0,0.0,Jul,3,2,2,2,Returning_Visitor,False,True
0,0.0,1,43.25,3,242.0,0.03,0.13,0.0,0.0,May,3,2,4,3,Returning_Visitor,False,False
3,6.0,1,0.0,21,332.8,0.0,0.05,0.0,0.0,Sep,2,2,4,2,Returning_Visitor,False,False
6,101.38,0,45.23,22,801.83,0.02,0.04,12.39,0.0,Sep,1,2,6,2,Returning_Visitor,True,True
1,101.6,1,45.0,29,826.85,0.01,0.04,10.99,0.0,May,1,1,3,4,Returning_Visitor,False,True
0,0.0,1,0.0,37,785.38,0.03,0.05,0.0,0.6,May,2,2,1,11,Returning_Visitor,False,False
0,87.09,1,0.0,1,734.01,0.0,0.1,0.0,0.0,Mar,3,2,1,2,Returning_Visitor,False,False
3,103.08,2,43.26,39,1406.95,0.03,0.04,5.61,0.0,Nov,3,2,5,2,Returning_Visitor,False,False
9,210.62,3,143.5,167,799.59,0.02,0.04,2.91,0.0,Nov,1,2,1,10,Returning_Visitor,False,True
5,39.5,3,62.25,339,735.74,0.03,0.05,0.0,0.0,Nov,2,2,1,2,Returning_Visitor,False,False
3,25.6,0,45.21,10,801.41,0.0,0.04,11.78,0.0,Jul,1,1,1,2,Returning_Visitor,False,True
3,87.23,1,292.0,26,807.08,0.03,0.01,0.0,0.0,Dec,3,2,1,2,Returning_Visitor,False,False
0,0.0,0,0.0,27,652.7,0.0,0.03,0.0,0.0,Jul,2,2,1,2,Returning_Visitor,True,False
3,87.21,0,43.2,1,0.0,0.03,0.05,0.0,0.0,Nov,2,2,1,13,Returning_Visitor,False,False
1,70.0,0,43.18,24,496.67,0.03,0.0,0.0,0.0,May,1,1,1,2,Returning_Visitor,False,False
3,87.14,1,0.0,13,736.27,0.03,0.02,0.0,0.0,Nov,2,2,1,2,Returning_Visitor,False,False
3,421.0,1,43.17,4,110.5,0.0,0.01,0.0,0.0,Mar,3,2,8,2,New_Visitor,True,False
3,87.24,0,0.0,37,1384.38,0.01,0.03,0.0,0.0,May,2,2,7,13,Returning_Visitor,False,False
15,189.21,8,261.0,97,739.37,0.03,0.05,2.9,0.0,May,2,2,1,2,Returning_Visitor,False,False
0,0.0,0,0.0,3,402.0,0.0,0.07,0.0,0.0,Nov,4,2,3,2,Returning_Visitor,False,True
0,0.0,1,43.26,8,445.0,0.03,0.01,0.0,0.0,Mar,3,2,4,14,Returning_Visitor,False,False
3,87.24,1,0.0,6,106.0,0.1,0.12,0.0,0.0,Mar,3,2,1,1,Returning_Visitor,True,False
6,124.5,1,132.83,45,735.0,0.0,0.01,0.0,0.0,May,2,2,2,2,Returning_Visitor,False,False
3,0.0,1,0.0,2,735.37,0.2,0.05,0.0,0.0,Mar,2,2,1,2,Returning_Visitor,False,False
0,86.83,1,43.25,7,24.0,0.04,0.1,0.0,0.8,May,2,2,1,2,Returning_Visitor,False,False
0,87.4,1,0.0,124,735.56,0.03,0.05,0.0,0.0,May,2,2,1,13,Returning_Visitor,False,False
10,297.83,1,45.28,33,800.72,0.02,0.02,13.2,0.0,Dec,3,2,1,2,Returning_Visitor,False,False
3,101.88,1,315.0,63,2162.22,0.01,0.04,12.08,0.2,May,1,2,1,2,Returning_Visitor,False,False
3,87.11,0,43.18,19,536.27,0.03,0.07,0.0,0.0,May,2,2,6,6,Returning_Visitor,False,False
3,50.9,1,0.0,60,2686.4,0.02,0.05,0.0,0.0,Oct,2,2,5,4,Returning_Visitor,False,False
3,86.9,0,43.29,30,735.87,0.03,0.05,0.0,0.0,Jul,2,2,1,3,Returning_Visitor,False,False
0,87.25,0,0.0,1,0.0,0.2,0.2,0.0,0.0,Mar,2,2,2,2,Returning_Visitor,False,False
3,87.07,1,0.0,19,736.46,0.01,0.05,0.0,0.0,May,2,2,1,4,Returning_Visitor,False,False
12,217.08,5,480.12,90,1996.57,0.01,0.03,0.0,0.0,Nov,3,2,1,1,Returning_Visitor,False,False
3,97.83,1,45.27,15,489.0,0.0,0.01,81.33,0.0,Dec,8,13,9,20,Returning_Visitor,False,True
3,87.19,0,0.0,23,736.32,0.04,0.05,0.0,0.0,Nov,3,2,8,2,Returning_Visitor,False,False
3,197.0,4,43.2,17,735.37,0.03,0.05,0.0,0.0,Mar,1,2,3,2,New_Visitor,False,False
3,84.0,0,0.0,59,1720.42,0.03,0.05,0.0,0.0,Oct,3,2,1,3,Returning_Visitor,False,False
3,96.68,0,0.0,2,787.69,0.0,0.07,0.0,0.0,Nov,4,2,6,2,New_Visitor,False,False
0,87.17,1,0.0,15,411.08,0.01,0.05,0.0,0.0,Nov,2,2,3,2,Returning_Visitor,False,False
3,87.06,1,43.41,23,735.54,0.0,0.05,0.0,0.0,May,1,1,1,6,Returning_Visitor,False,False
0,87.14,1,0.0,13,1476.3,0.03,0.01,0.0,0.0,Mar,2,2,3,8,Returning_Visitor,False,False
3,0.0,1,43.12,19,2177.33,0.0,0.05,0.0,0.0,Dec,2,4,1,2,Returning_Visitor,False,False
2,11.0,0,0.0,36,474.31,0.02,0.04,47.66,0.0,June,4,1,1,4,Returning_Visitor,False,False
1,156.2,1,45.21,3,50.4,0.0,0.04,92.98,0.0,Oct,2,2,1,2,Returning_Visitor,True,True
3,87.17,1,43.15,35,736.47,0.01,0.05,0.0,0.0,Nov,2,2,1,2,Returning_Visitor,False,False
0,0.0,0,43.26,13,736.06,0.0,0.03,0.0,0.4,May,2,2,5,2,Returning_Visitor,False,False
0,87.22,1,0.0,2,0.0,0.1,0.2,0.0,0.0,Nov,2,2,1,1,Returning_Visitor,False,False
3,64.5,1,0.0,14,671.62,0.0,0.03,0.0,0.0,Nov,1,2,3,2,Returning_Visitor,True,False
2,112.0,1,231.88,73,734.8,0.01,0.03,11.63,0.0,Nov,2,2,1,1,Returning_Visitor,False,False
9,301.0,1,0.0,38,736.75,0.03,0.04,10.72,0.0,Nov,2,2,1,13,Returning_Visitor,False,False
8,52.5,0,43.18,33,735.75,0.0,0.05,18.17,0.0,Dec,2,2,7,1,Returning_Visitor,False,False
3,87.33,0,43.26,3,208.5,0.11,0.1,0.0,0.2,May,3,2,2,2,Returning_Visitor,False,False
3,45.2,1,0.0,19,230.2,0.0,0.05,0.0,0.0,Jul,2,2,1,2,Returning_Visitor,False,False
3,12.0,1,43.2,18,691.5,0.03,0.0,0.0,0.0,May,2,2,1,2,Returning_Visitor,False,False
0,0.0,0,45.23,63,5220.08,0.0,0.0,51.46,0.0,Mar,2,5,3,1,Returning_Visitor,False,True
9,344.0,1,43.88,22,1860.25,0.02,0.01,12.94,0.0,Dec,2,2,7,2,Returning_Visitor,False,True
3,65.5,0,45.28,11,263.0,0.0,0.02,46.31,0.0,Nov,2,2,1,2,Returning_Visitor,False,True
3,87.37,0,43.19,4,734.86,0.0,0.05,0.0,0.0,Nov,3,2,6,1,Returning_Visitor,False,False
3,101.15,0,45.17,6,254.5,0.0,0.03,0.0,0.0,Nov,2,2,1,2,Returning_Visitor,False,True
0,0.0,1,43.24,1,0.0,0.03,0.05,0.0,0.0,May,4,1,1,3,Returning_Visitor,False,False
3,87.47,1,330.27,10,396.35,0.01,0.03,0.0,0.0,Nov,3,2,1,2,Returning_Visitor,False,False
0,0.0,0,43.13,6,66.25,0.03,0.07,0.0,0.0,Nov,2,2,9,2,Returning_Visitor,False,False
0,0.0,0,0.0,19,735.7,0.0,0.05,0.0,0.0,Sep,3,2,1,2,Returning_Visitor,True,False
3,87.44,1,43.17,25,383.08,0.03,0.04,0.0,0.0,Mar,2,2,1,1,Returning_Visitor,False,False
3,87.5,1,43.24,1,735.0,0.2,0.2,0.0,0.0,Mar,3,2,3,2,Returning_Visitor,False,False
0,0.0,1,0.0,20,736.22,0.03,0.03,0.0,0.6,May,2,2,1,2,Returning_Visitor,False,False
3,0.0,0,0.0,13,89.0,0.05,0.1,0.0,0.0,Mar,2,2,2,2,Returning_Visitor,False,False
8,85.48,1,5.5,227,751.55,0.02,0.05,0.15,0.0,Oct,2,2,1,13,Returning_Visitor,False,False
3,16.33,1,0.0,23,505.58,0.01,0.03,9.15,0.0,Mar,4,2,1,2,Returning_Visitor,False,True
3,87.28,0,43.25,4,734.62,0.03,0.12,0.0,0.8,May,2,2,2,2,Returning_Visitor,False,False
0,87.55,1,0.0,3,65.0,0.11,0.18,0.0,0.0,May,3,2,1,1,Returning_Visitor,False,False
2,236.0,0,0.0,18,490.07,0.03,0.01,0.0,0.0,Mar,1,1,4,1,Returning_Visitor,False,False
8,168.17,1,0.0,70,801.38,0.02,0.04,67.31,0.0,Nov,2,4,1,2,Returning_Visitor,False,False
3,135.5,0,0.0,37,1238.38,0.01,0.03,7.94,0.0,May,2,2,1,2,Returning_Visitor,False,False
5,157.33,0,0.0,76,735.34,0.0,0.01,0.0,0.0,Nov,2,2,8,2,Returning_Visitor,False,False
3,123.0,2,306.33,18,483.83,0.0,0.02,0.0,0.0,Mar,2,2,4,2,Returning_Visitor,False,False
2,30.2,0,0.0,32,735.3,0.03,0.05,0.0,0.0,Jul,2,2,1,5,New_Visitor,False,False
8,69.83,1,157.0,45,901.92,0.01,0.03,7.8,0.0,May,2,2,1,6,Returning_Visitor,False,False
9,65.5,0,0.0,72,1243.81,0.03,0.05,0.0,0.0,May,2,2,4,2,Returning_Visitor,False,False
3,0.0,0,0.0,22,848.84,0.03,0.01,0.0,0.0,June,2,4,3,2,Returning_Visitor,False,False
4,101.36,1,0.0,31,801.97,0.0,0.01,10.63,0.0,Mar,1,1,1,1,Returning_Visitor,False,True
3,0.0,1,45.21,6,44.33,0.03,0.04,0.0,0.0,Nov,1,2,1,2,Returning_Visitor,False,False
0,87.59,0,43.26,3,31.2,0.07,0.05,0.0,0.0,June,3,2,1,1,Returning_Visitor,False,False
9,324.3,4,205.0,71,735.83,0.03,0.05,0.0,0.0,Mar,2,2,1,8,Returning_Visitor,True,False
3,87.29,0,43.21,1,735.44,0.03,0.2,0.0,0.0,Nov,2,2,1,2,Returning_Visitor,False,False
3,86.75,1,51.0,11,145.67,0.01,0.02,0.0,0.0,Dec,1,1,1,2,Returning_Visitor,False,False
0,0.0,1,43.18,11,337.0,0.05,0.06,0.0,0.0,Mar,1,1,9,2,Returning_Visitor,False,False
3,0.0,0,0.0,34,740.12,0.03,0.05,11.77,0.0,Mar,3,2,3,1,Returning_Visitor,False,False
3,58.0,2,28.5,82,800.85,0.02,0.04,9.06,0.0,Nov,2,2,1,2,Returning_Visitor,False,True
3,204.75,0,43.24,46,1942.93,0.03,0.05,0.0,0.0,May,1,1,1,4,Returning_Visitor,False,False
0,0.0,1,45.21,10,253.5,0.0,0.02,63.59,0.0,Mar,1,1,1,2,New_Visitor,True,True
3,87.71,1,0.0,3,24.0,0.03,0.02,0.0,0.0,Mar,3,2,7,1,Returning_Visitor,False,False
0,87.34,1,43.21,9,140.2,0.0,0.04,0.0,0.0,Sep,2,2,9,2,Returning_Visitor,True,False
0,0.0,0,0.0,24,736.27,0.03,0.01,0.0,0.0,Mar,4,2,1,10,Returning_Visitor,False,False
1,87.56,1,43.25,28,736.45,0.0,0.05,0.0,0.0,Dec,2,2,1,1,Returning_Visitor,True,False
3,99.0,1,0.0,32,886.96,0.02,0.04,58.11,0.0,May,1,1,1,4,Returning_Visitor,False,False
3,87.02,2,9.0,9,734.4,0.03,0.05,0.0,0.0,Dec,1,1,7,2,Returning_Visitor,False,False
12,159.9,1,0.0,121,3648.56,0.02,0.01,3.32,0.0,Nov,2,2,5,7,Returning_Visitor,False,False
3,237.83,2,23.0,82,737.19,0.03,0.05,8.5,0.0,May,3,2,1,2,Returning_Visitor,False,False
3,76.5,1,66.0,16,315.37,0.03,0.01,0.0,0.0,May,3,2,1,2,Returning_Visitor,True,False
4,64.67,0,43.15,50,735.79,0.0,0.0,0.0,0.0,Aug,2,2,4,2,New_Visitor,False,False
0,0.0,2,75.5,109,4008.58,0.03,0.05,0.0,0.0,Nov,2,2,1,2,Returning_Visitor,False,True
10,87.15,0,0.0,25,735.71,0.03,0.04,0.0,0.0,Oct,1,1,7,2,Returning_Visitor,True,False
0,86.98,0,0.0,26,556.92,0.01,0.05,0.0,0.0,Dec,4,2,1,8,Returning_Visitor,False,False
0,0.0,0,0.0,62,944.41,0.0,0.02,0.0,0.0,June,1,2,7,2,Returning_Visitor,False,False
4,87.13,1,0.0,9,283.7,0.02,0.04,0.0,0.0,June,1,1,3,2,Returning_Visitor,False,False
12,87.48,1,241.7,47,1975.12,0.03,0.05,0.0,0.0,Nov,4,2,4,2,Returning_Visitor,False,False
3,156.0,1,0.0,60,2126.46,0.01,0.02,0.0,0.0,Mar,3,2,1,2,Returning_Visitor,False,False
0,0.0,0,43.23,2,734.62,0.2,0.2,0.0,0.0,Mar,3,2,1,2,Returning_Visitor,False,False
5,87.27,1,0.0,61,736.0,0.0,0.05,0.0,0.8,May,2,2,1,3,Returning_Visitor,False,False
0,0.0,1,0.0,12,234.0,0.02,0.05,0.0,0.0,May,2,2,1,2,Returning_Visitor,False,False
3,86.92,1,0.0,6,36.0,0.03,0.05,0.0,0.0,Mar,4,1,1,3,Returning_Visitor,True,False
6,49.18,1,0.0,44,1065.5,0.01,0.04,53.22,0.4,May,2,2,1,2,Returning_Visitor,False,False
3,87.14,1,43.17,17,735.68,0.02,0.05,0.0,0.0,Dec,2,2,1,2,Returning_Visitor,False,False
3,283.38,4,590.0,110,736.89,0.03,0.05,9.29,0.0,Nov,2,2,1,2,Returning_Visitor,True,True
5,90.19,0,0.0,115,725.4,0.03,0.05,13.29,0.0,Aug,2,4,4,1,Returning_Visitor,True,True
1,113.67,1,2.0,16,589.67,0.0,0.0,0.0,0.0,May,3,2,6,2,New_Visitor,True,False
12,878.71,4,256.5,86,798.79,0.02,0.04,2.36,0.0,Dec,1,1,1,2,Returning_Visitor,False,False
3,87.38,1,43.23,2,8.0,0.03,0.05,0.0,0.0,Dec,1,1,1,2,Returning_Visitor,False,False
1,28.5,1,0.0,315,793.93,0.02,0.04,0.0,0.0,Nov,2,2,1,2,Returning_Visitor,False,False
3,87.4,0,43.23,27,736.04,0.01,0.02,0.0,0.0,Nov,1,1,8,2,Returning_Visitor,False,False
0,87.19,1,43.2,29,735.98,0.03,0.02,0.0,0.0,May,3,2,1,3,Returning_Visitor,False,False
3,0.0,0,0.0,1,0.0,0.2,0.05,0.0,0.0,Nov,2,2,3,1,Returning_Visitor,False,False
6,52.7,0,0.0,88,735.33,0.0,0.01,0.0,0.0,June,2,2,1,2,Returning_Visitor,True,False
3,0.0,1,43.24,8,736.38,0.03,0.05,0.0,0.8,May,2,2,1,3,Returning_Visitor,False,False
3,231.0,1,8.0,104,736.26,0.03,0.05,0.0,0.0,Mar,2,2,1,1,Returning_Visitor,True,False
3,0.0,0,43.2,21,584.13,0.0,0.05,0.0,0.0,May,2,2,1,4,Returning_Visitor,False,False
1,6.0,0,0.0,16,608.83,0.02,0.03,52.7,0.0,Mar,3,2,1,2,Returning_Visitor,False,True
3,0.0,0,43.23,3,734.67,0.03,0.07,0.0,0.0,Dec,2,4,1,2,Returning_Visitor,False,False
3,267.5,1,0.0,4,8.0,0.09,0.09,0.0,0.0,Sep,4,6,4,2,Returning_Visitor,False,False
0,0.0,1,0.0,10,724.0,0.02,0.02,97.98,0.0,May,1,1,4,2,Returning_Visitor,False,True
0,0.0,0,43.18,11,1055.5,0.03,0.04,0.0,0.0,May,2,2,1,2,Returning_Visitor,False,False
5,87.92,1,163.0,50,736.39,0.03,0.05,2.97,0.0,May,2,2,3,3,Returning_Visitor,False,False
6,88.1,1,43.24,21,736.17,0.03,0.02,7.07,0.0,Nov,1,1,1,2,Returning_Visitor,True,False
0,87.13,0,43.16,20,821.83,0.05,0.05,0.0,0.0,Nov,3,2,1,10,Returning_Visitor,True,False
0,87.07,1,0.0,1,0.0,0.03,0.2,0.0,0.0,May,2,2,4,2,Returning_Visitor,False,False
3,92.87,1,44.18,37,798.84,0.01,0.04,0.0,0.0,Nov,2,2,1,2,New_Visitor,False,False
0,87.09,1,43.22,6,106.0,0.03,0.08,0.0,0.0,May,3,2,1,2,Returning_Visitor,False,False
2,87.21,0,0.0,62,735.35,0.03,0.05,4.96,0.0,Sep,2,2,1,2,Returning_Visitor,False,False
0,87.2,0,0.0,35,729.29,0.03,0.05,0.0,0.0,Dec,2,2,3,2,Returning_Visitor,False,False
3,87.32,0,0.0,2,124.5,0.0,0.05,0.0,0.0,Dec,1,2,1,2,Returning_Visitor,False,False
9,101.33,2,45.25,85,799.92,0.02,0.04,1.02,0.0,Nov,2,2,1,1,Returning_Visitor,False,True
3,0.0,1,43.73,6,222.4,0.03,0.03,63.55,0.0,Jul,1,1,4,4,Returning_Visitor,True,False
3,87.25,2,43.16,54,736.08,0.03,0.05,0.0,0.0,Nov,2,2,3,2,Returning_Visitor,True,True
3,86.7,1,43.32,9,120.0,0.03,0.04,0.0,0.8,May,2,4,9,2,Returning_Visitor,False,False
5,154.83,7,285.0,90,735.68,0.03,0.01,0.0,0.0,May,3,2,5,6,Returning_Visitor,False,False
0,0.0,1,0.0,118,801.75,0.02,0.02,3.06,0.0,Nov,2,2,1,2,Returning_Visitor,True,True
3,38.0,1,45.22,23,542.33,0.0,0.02,25.41,0.6,May,2,6,1,2,Returning_Visitor,False,True
0,0.0,1,0.0,8,736.46,0.08,0.12,0.0,0.6,May,2,4,1,2,Returning_Visitor,False,False
0,0.0,0,43.21,21,615.88,0.03,0.05,0.0,0.0,Feb,3,2,1,2,Returning_Visitor,True,False
3,0.0,0,0.0,50,1085.89,0.03,0.05,0.0,0.0,Oct,1,2,1,4,Returning_Visitor,False,False
3,302.08,0,42.99,81,734.79,0.0,0.0,16.44,0.0,Nov,1,1,1,8,Returning_Visitor,True,False
3,902.16,2,39.2,27,800.49,0.02,0.02,16.44,0.0,Nov,2,5,1,5,Returning_Visitor,False,False
5,87.45,0,43.19,25,734.63,0.03,0.04,0.0,0.0,Sep,1,8,1,2,Returning_Visitor,False,False
6,142.3,0,0.0,108,739.37,0.03,0.05,0.0,0.8,May,2,2,1,6,Returning_Visitor,False,False
0,0.0,0,0.0,63,736.19,0.0,0.05,0.0,0.0,Mar,2,2,1,1,Returning_Visitor,False,False
5,66.9,1,45.15,12,86.63,0.02,0.03,42.94,0.0,Oct,4,1,1,2,Returning_Visitor,False,True
3,87.09,1,43.21,5,151.0,0.0,0.02,0.0,0.0,May,1,2,1,2,Returning_Visitor,False,False
3,26.0,0,0.0,85,735.85,0.03,0.05,0.0,0.0,May,2,2,1,4,Returning_Visitor,False,False
1,9.0,1,45.23,11,467.0,0.0,0.02,79.18,0.0,May,2,4,1,1,Returning_Visitor,False,True
2,87.37,1,43.19,21,735.22,0.03,0.02,0.0,0.0,Nov,1,2,4,2,Returning_Visitor,False,False
4,11.0,1,0.0,44,734.36,0.03,0.05,0.0,0.0,Aug,1,1,1,3,Returning_Visitor,False,False
0,0.0,1,0.0,21,736.42,0.03,0.03,0.0,0.0,Nov,3,2,1,2,Returning_Visitor,True,False
0,0.0,0,0.0,46,944.23,0.03,0.05,0.0,0.0,May,2,2,1,3,Returning_Visitor,False,False
0,87.29,0,43.23,47,735.91,0.01,0.05,0.0,0.0,Nov,3,2,1,3,Returning_Visitor,False,False
1,87.42,2,34.5,100,740.0,0.03,0.05,0.0,0.0,Nov,2,2,1,2,Returning_Visitor,False,True
3,0.0,0,0.0,3,41.0,0.0,0.05,0.0,0.0,Mar,2,2,1,3,Returning_Visitor,False,False
10,268.0,1,43.23,24,551.67,0.03,0.02,0.0,0.0,May,2,2,1,2,Returning_Visitor,False,False
3,87.16,0,43.24,1,0.0,0.2,0.05,0.0,0.0,Feb,2,2,4,2,Returning_Visitor,False,False
3,70.0,0,43.26,11,736.24,0.01,0.05,0.0,0.0,May,2,2,2,6,Returning_Visitor,False,False
1,175.48,0,0.0,98,737.43,0.03,0.05,0.0,0.0,June,2,2,1,5,Returning_Visitor,False,False
2,87.2,1,136.5,12,977.53,0.0,0.05,0.0,0.0,Dec,2,2,1,2,Returning_Visitor,False,False
0,0.0,0,0.0,6,75.0,0.03,0.05,0.0,0.0,Mar,1,1,1,2,Returning_Visitor,False,False
3,218.83,3,43.31,28,1430.85,0.02,0.02,9.51,0.0,Dec,3,2,1,2,Returning_Visitor,True,False
0,0.0,0,43.26,16,161.15,0.1,0.05,0.0,0.0,Aug,3,2,1,2,Returning_Visitor,False,False
15,87.22,0,0.0,73,736.27,0.03,0.0,0.0,0.0,Nov,3,2,1,13,Returning_Visitor,False,False
5,71.0,0,45.24,57,802.22,0.02,0.04,13.55,0.0,Nov,2,2,1,2,Returning_Visitor,False,True
3,363.33,1,45.03,59,2012.9,0.0,0.01,54.66,0.0,May,1,5,1,4,Returning_Visitor,False,False
3,87.08,1,43.13,27,954.67,0.03,0.05,0.0,0.0,Mar,2,2,1,2,Returning_Visitor,False,False
3,0.0,0,0.0,1,504.0,0.0,0.1,0.0,0.0,May,1,1,1,3,Returning_Visitor,False,False
4,87.51,0,0.0,2,735.21,0.0,0.03,0.0,0.0,Oct,2,2,1,2,Returning_Visitor,False,False
0,0.0,0,43.18,20,736.39,0.03,0.01,0.0,1.0,May,1,2,1,2,Returning_Visitor,True,False
3,87.29,0,0.0,14,735.37,0.03,0.03,0.0,0.0,Dec,3,2,1,2,Returning_Visitor,False,False
3,87.17,0,43.18,16,277.3,0.01,0.04,0.0,0.0,Nov,2,2,1,2,Returning_Visitor,False,False
3,166.7,0,0.0,9,171.7,0.03,0.05,0.0,0.0,Nov,2,2,1,3,Returning_Visitor,False,False
3,101.39,2,45.25,20,1267.16,0.0,0.02,16.17,0.0,Mar,2,2,1,2,Returning_Visitor,False,True
5,87.27,0,43.21,8,301.5,0.03,0.02,0.0,0.0,Mar,2,2,1,2,Returning_Visitor,False,False
3,101.49,1,370.88,22,801.36,0.03,0.03,22.94,0.6,May,1,2,1,2,Returning_Visitor,False,False
1,14.0,0,0.0,21,334.79,0.0,0.02,0.0,0.0,Mar,2,2,1,1,Returning_Visitor,False,False
3,0.0,1,0.0,19,734.93,0.03,0.05,0.0,0.0,May,1,2,1,2,Returning_Visitor,False,False
3,87.21,1,43.24,2,159.0,0.03,0.01,0.0,0.0,Mar,4,2,1,2,New_Visitor,False,False
5,86.84,0,43.25,8,312.33,0.0,0.01,0.0,0.0,Nov,1,1,9,4,Returning_Visitor,False,False
0,0.0,1,43.19,30,736.31,0.0,0.02,0.0,0.0,Mar,2,2,1,1,Returning_Visitor,False,False
0,0.0,1,43.23,14,376.0,0.04,0.04,0.0,0.0,Nov,2,2,1,11,Returning_Visitor,True,True
0,0.0,1,43.17,19,606.83,0.03,0.05,0.0,0.0,Mar,2,2,1,2,Returning_Visitor,False,False
0,0.0,1,0.0,7,42.0,0.06,0.05,0.0,0.0,Dec,2,2,6,1,Returning_Visitor,True,False
3,86.88,1,43.3,30,1045.83,0.01,0.04,0.0,0.2,Feb,1,2,1,3,Returning_Visitor,False,False
0,86.79,1,43.19,9,735.83,0.0,0.05,0.0,0.0,Feb,2,2,1,2,Returning_Visitor,False,False
3,117.0,1,43.26,5,735.45,0.0,0.03,0.0,1.0,May,2,2,6,2,New_Visitor,True,False
3,0.0,1,43.14,4,42.0,0.0,0.05,0.0,0.0,Dec,2,10,1,2,Returning_Visitor,False,False
3,87.3,1,0.0,1,0.0,0.2,0.2,0.0,0.0,May,2,2,1,2,Returning_Visitor,False,False
6,91.68,1,793.8,38,686.06,0.03,0.05,27.31,0.0,Jul,2,10,1,2,Returning_Visitor,False,False
2,39.2,0,43.18,19,1553.8,0.03,0.08,0.0,0.0,Oct,3,2,9,13,Returning_Visitor,False,False
8,466.62,5,81.4,25,737.38,0.03,0.05,0.0,0.0,Aug,3,2,3,2,Returning_Visitor,True,False
0,0.0,1,0.0,11,292.9,0.03,0.12,0.0,0.0,Feb,2,2,3,1,Returning_Visitor,False,False
3,0.0,0,43.21,9,735.46,0.03,0.05,0.0,0.0,Nov,1,2,1,2,Returning_Visitor,False,False
6,313.0,2,0.0,49,734.78,0.02,0.05,5.51,0.0,May,4,2,1,4,Returning_Visitor,True,False
4,114.33,1,43.24,55,735.34,0.03,0.01,0.0,0.0,May,3,2,1,4,Returning_Visitor,False,False
3,87.61,0,0.0,6,72.9,0.03,0.03,0.0,0.0,May,2,2,9,2,New_Visitor,False,False
4,32.75,1,0.0,13,704.0,0.0,0.02,76.79,0.0,Dec,2,2,1,2,Returning_Visitor,False,True
0,0.0,0,0.0,10,736.09,0.0,0.02,0.0,0.0,May,2,2,8,4,Returning_Visitor,False,False
4,92.1,2,43.71,29,738.21,0.01,0.02,0.0,0.0,Aug,2,5,8,5,Returning_Visitor,False,True
3,0.0,0,0.0,1,0.0,0.03,0.05,0.0,1.0,Feb,1,1,1,2,Returning_Visitor,True,False
9,87.45,0,43.18,29,736.92,0.03,0.04,3.06,0.0,May,2,2,1,2,Returning_Visitor,False,False
7,381.75,1,0.0,69,734.04,0.01,0.05,5.56,0.0,Nov,1,2,1,2,Returning_Visitor,False,True
3,87.4,1,43.2,3,184.5,0.03,0.03,0.0,0.0,May,3,2,1,2,New_Visitor,False,False
2,11.5,1,0.0,12,1562.0,0.02,0.04,33.11,0.8,May,2,2,1,1,Returning_Visitor,False,False
4,131.1,0,0.0,13,735.48,0.0,0.05,0.0,0.0,Oct,2,2,1,2,Returning_Visitor,False,False
10,398.57,1,43.25,24,985.08,0.03,0.05,0.0,0.0,Sep,3,2,1,2,Returning_Visitor,False,False
3,0.0,1,0.0,3,21.0,0.0,0.07,0.0,0.0,Nov,2,2,1,2,Returning_Visitor,False,False
3,0.0,1,43.3,3,91.0,0.07,0.13,0.0,0.0,May,2,2,3,2,Returning_Visitor,False,False
0,0.0,1,0.0,50,734.51,0.03,0.02,0.0,0.0,Nov,1,2,1,2,Returning_Visitor,False,False
3,0.0,0,0.0,17,284.25,0.0,0.01,0.0,0.0,Feb,3,2,6,2,Returning_Visitor,False,False
3,87.11,1,32.0,32,1671.26,0.01,0.02,0.0,0.0,May,3,2,8,2,Returning_Visitor,False,False
6,87.36,1,43.21,9,88.95,0.0,0.0,0.0,0.0,May,3,2,2,2,New_Visitor,False,False
7,330.06,5,251.5,116,742.69,0.02,0.04,3.7,0.0,Dec,2,2,1,2,Returning_Visitor,False,False
0,0.0,0,0.0,2,735.55,0.03,0.2,0.0,0.0,Mar,2,2,3,3,Returning_Visitor,False,False
1,87.24,0,43.12,28,734.79,0.03,0.01,0.0,0.0,Sep,3,2,1,6,Returning_Visitor,False,False
0,86.94,0,43.2,20,333.33,0.03,0.04,0.0,0.0,Nov,2,2,7,2,Returning_Visitor,False,False
3,52.0,0,0.0,56,794.51,0.02,0.04,13.12,0.0,May,2,2,1,2,Returning_Visitor,False,True
3,86.86,0,0.0,15,735.59,0.01,0.05,0.0,0.0,Dec,1,2,1,20,Returning_Visitor,False,False
0,86.82,1,0.0,7,296.77,0.0,0.0,0.0,0.0,Aug,1,2,7,3,Returning_Visitor,False,False
3,87.07,0,43.19,7,736.31,0.03,0.05,0.0,0.0,Dec,2,2,4,2,Returning_Visitor,False,False
1,87.62,1,8.1,17,736.22,0.03,0.05,0.0,0.0,Aug,2,2,3,2,Returning_Visitor,False,False
10,87.14,4,43.16,128,737.33,0.03,0.05,0.0,0.0,Nov,1,2,1,2,Returning_Visitor,False,False
0,0.0,0,0.0,98,735.85,0.03,0.05,0.0,0.0,Mar,1,2,1,2,Returning_Visitor,False,False
3,122.2,0,0.0,51,735.52,0.02,0.05,0.0,0.0,Aug,2,2,4,2,Returning_Visitor,False,False
0,0.0,0,43.15,6,69.25,0.0,0.05,0.0,0.0,Mar,2,2,4,3,Returning_Visitor,False,False
1,87.12,0,0.0,59,735.8,0.0,0.01,0.0,0.0,Dec,2,2,1,7,Returning_Visitor,True,False
3,87.3,1,43.14,12,734.83,0.03,0.04,0.0,0.0,Oct,1,2,1,2,New_Visitor,False,False
2,59.4,0,0.0,86,735.84,0.03,0.05,0.0,0.0,Aug,2,2,7,3,Returning_Visitor,False,False
7,611.03,2,13.0,81,735.0,0.03,0.01,6.49,0.0,Oct,1,1,1,2,Returning_Visitor,True,False
0,87.08,0,0.0,21,197.33,0.03,0.04,0.0,0.8,May,2,10,7,4,Returning_Visitor,False,False
3,399.8,5,923.9,115,737.73,0.0,0.05,3.59,0.0,Aug,2,2,1,4,Returning_Visitor,False,True
3,165.95,2,43.24,42,2016.12,0.03,0.03,26.65,0.0,Nov,1,2,1,2,Returning_Visitor,False,False
0,87.5,1,0.0,13,449.6,0.0,0.02,0.0,0.0,Mar,3,2,1,2,Returning_Visitor,False,False
4,55.75,0,43.14,74,735.55,0.03,0.05,0.0,0.0,Nov,2,2,1,2,Returning_Visitor,False,False
3,87.09,1,0.0,14,380.5,0.03,0.03,0.0,0.0,Feb,2,2,1,1,Returning_Visitor,False,False
3,87.27,1,43.2,35,735.65,0.0,0.02,0.0,0.0,Dec,2,2,7,2,Returning_Visitor,False,False
3,87.33,3,1830.5,81,736.44,0.0,0.05,0.0,0.0,Nov,2,2,3,2,Returning_Visitor,False,False
0,0.0,0,0.0,77,735.47,0.03,0.05,0.0,0.0,Mar,4,1,1,2,Returning_Visitor,False,False
5,205.5,1,8.0,37,1683.63,0.03,0.02,4.74,0.0,May,3,2,8,2,Returning_Visitor,True,False
0,86.86,0,43.26,9,196.0,0.0,0.02,0.0,0.0,Mar,2,2,3,2,Returning_Visitor,False,False
0,87.33,1,0.0,8,186.0,0.03,0.04,0.0,0.0,Dec,2,2,1,10,Returning_Visitor,False,False
15,2657.32,13,1949.17,343,738.25,0.03,0.05,0.0,0.0,Dec,2,2,1,2,Returning_Visitor,False,False
3,94.7,1,0.0,23,897.19,0.0,0.05,0.0,0.0,Aug,3,2,3,2,New_Visitor,False,False
0,0.0,1,43.2,9,736.13,0.0,0.05,0.0,0.0,May,2,2,1,11,Returning_Visitor,False,False
0,0.0,2,105.0,194,801.05,0.02,0.04,1.79,0.0,Nov,2,2,1,2,Returning_Visitor,False,True
0,87.31,0,0.0,38,2101.73,0.03,0.05,0.0,0.8,May,2,2,1,1,Returning_Visitor,False,False
3,0.0,1,43.21,18,735.79,0.03,0.06,0.0,0.0,Nov,2,2,3,2,Returning_Visitor,False,False
1,104.0,1,45.21,5,152.5,0.02,0.06,64.96,0.0,Dec,2,13,1,20,Returning_Visitor,False,True
0,0.0,1,242.8,73,735.64,0.03,0.05,0.0,0.0,June,2,2,1,2,Returning_Visitor,False,False
0,0.0,0,43.19,44,736.72,0.01,0.05,0.0,0.0,Nov,2,2,1,1,Returning_Visitor,False,False
0,101.44,1,0.0,30,901.29,0.0,0.01,34.15,0.0,Dec,2,2,7,2,New_Visitor,False,True
3,113.25,1,43.25,23,2049.75,0.02,0.03,95.35,0.0,Dec,1,1,2,2,Returning_Visitor,False,True
6,125.25,2,89.0,146,3697.73,0.03,0.05,73.36,0.0,Nov,2,2,1,2,Returning_Visitor,False,True
3,96.14,1,503.25,61,791.31,0.0,0.05,1.04,0.0,May,2,2,1,2,Returning_Visitor,False,False
1,87.39,1,43.2,11,753.5,0.02,0.05,0.0,0.0,Nov,2,2,2,2,Returning_Visitor,False,False
3,87.19,1,0.0,13,217.92,0.03,0.04,0.0,0.0,Dec,2,2,1,2,Returning_Visitor,True,False
3,0.0,0,0.0,1,0.0,0.03,0.2,0.0,0.0,Nov,2,2,4,2,Returning_Visitor,False,False
0,0.0,0,42.85,53,1768.66,0.0,0.0,0.0,0.0,Nov,2,4,1,2,Returning_Visitor,False,False
0,87.21,0,43.23,18,588.5,0.05,0.09,0.0,0.0,Dec,3,2,4,2,Returning_Visitor,False,False
3,87.35,0,43.23,39,734.21,0.0,0.01,0.0,0.0,Jul,1,1,4,2,Returning_Visitor,False,False
2,51.0,0,43.23,25,735.75,0.0,0.05,0.0,0.0,May,2,2,1,4,Returning_Visitor,False,False
3,87.01,1,0.0,32,1547.62,0.0,0.05,23.53,0.0,Dec,2,2,1,1,Returning_Visitor,False,False
0,0.0,1,0.0,3,734.05,0.0,0.05,23.79,0.0,Aug,1,2,8,3,Returning_Visitor,False,True
3,87.38,1,0.0,8,735.67,0.01,0.05,0.0,0.0,Dec,2,2,2,2,Returning_Visitor,False,False
0,0.0,0,43.28,20,1511.0,0.03,0.03,0.0,0.6,May,2,2,3,2,Returning_Visitor,False,False
3,87.4,3,277.13,31,700.05,0.0,0.05,0.0,0.0,Aug,1,2,1,2,Returning_Visitor,True,False
5,142.0,2,43.32,5,60.5,0.03,0.05,0.0,0.0,Dec,3,2,3,8,Returning_Visitor,False,False
3,162.5,0,43.23,9,156.5,0.03,0.03,0.0,0.0,Dec,4,1,4,2,New_Visitor,False,False
3,55.58,0,44.69,4,42.58,0.0,0.01,0.0,0.0,Nov,1,2,1,8,New_Visitor,False,False
3,87.35,1,81.0,132,736.16,0.03,0.05,0.0,0.0,Nov,2,2,1,2,Returning_Visitor,True,True
0,0.0,0,0.0,22,164.92,0.01,0.04,0.0,0.6,May,2,2,1,4,Returning_Visitor,False,False
1,5.0,1,0.0,41,764.13,0.03,0.05,0.0,0.0,June,2,2,1,2,Returning_Visitor,False,False
8,87.7,4,60.0,24,736.81,0.02,0.03,5.69,0.0,May,2,2,1,2,Returning_Visitor,False,False
3,75.5,0,0.0,10,801.86,0.02,0.04,20.65,0.0,Oct,1,1,3,2,Returning_Visitor,False,True
3,87.08,1,43.22,12,402.17,0.04,0.05,0.0,0.0,Mar,3,2,1,1,Returning_Visitor,False,False
3,87.26,2,22.0,27,736.42,0.05,0.07,0.0,0.6,May,2,2,1,6,Returning_Visitor,False,False
0,0.0,1,45.22,10,392.5,0.0,0.02,42.84,0.0,Nov,1,1,2,2,New_Visitor,False,True
7,89.71,7,43.93,33,1801.37,0.01,0.05,8.08,0.0,May,2,1,1,2,Returning_Visitor,False,False
0,87.15,0,0.0,4,140.0,0.05,0.1,0.0,0.0,Sep,3,2,1,13,Returning_Visitor,False,False
3,87.25,1,43.23,2,0.0,0.2,0.2,0.0,0.0,Mar,1,2,1,2,Returning_Visitor,False,False
11,88.51,0,0.0,40,743.46,0.03,0.03,6.13,0.0,May,2,2,1,3,Returning_Visitor,True,True
0,0.0,6,77.96,423,800.18,0.02,0.04,0.25,0.0,Nov,2,2,1,1,Returning_Visitor,True,False
3,101.3,1,45.25,8,345.0,0.0,0.02,13.64,0.0,Dec,2,2,1,3,Returning_Visitor,False,True
3,103.8,1,45.24,14,801.7,0.02,0.01,79.44,0.0,Jul,2,2,1,2,Returning_Visitor,False,True
3,87.52,1,0.0,10,735.64,0.0,0.02,0.0,0.0,Sep,2,2,1,5,New_Visitor,False,False
3,87.28,0,0.0,11,735.68,0.0,0.05,0.0,0.0,Jul,2,2,1,13,Returning_Visitor,False,False
3,101.08,1,16.2,97,6079.82,0.02,0.04,3.45,0.0,Oct,2,2,1,3,Returning_Visitor,False,False
3,0.0,0,0.0,59,2574.73,0.02,0.04,2.79,0.0,May,2,2,1,2,Returning_Visitor,False,False
0,87.04,1,43.19,10,316.6,0.0,0.05,0.0,0.0,Nov,2,2,1,10,Returning_Visitor,False,False
3,86.93,1,0.0,6,199.25,0.0,0.03,0.0,0.0,Dec,2,2,1,2,Other,False,False
0,0.0,1,44.82,4,794.16,0.0,0.03,0.0,0.0,Dec,3,3,2,8,New_Visitor,False,False
3,87.22,0,43.21,9,319.67,0.03,0.05,0.0,0.0,May,1,2,1,2,Returning_Visitor,False,False
0,0.0,1,43.2,3,189.0,0.03,0.07,0.0,0.0,Mar,3,2,8,1,Returning_Visitor,False,False
9,252.67,1,43.6,67,745.72,0.03,0.05,0.13,0.0,Oct,3,2,1,13,Returning_Visitor,False,True
3,604.5,6,75.67,50,735.92,0.02,0.04,0.0,1.0,May,1,1,1,15,Returning_Visitor,True,False
0,0.0,1,0.0,23,801.59,0.06,0.07,39.04,0.0,Dec,2,2,3,2,Returning_Visitor,False,False
3,87.13,1,0.0,14,1404.75,0.0,0.05,0.0,0.0,Dec,2,2,1,2,New_Visitor,False,False
3,90.0,1,0.0,31,735.51,0.03,0.03,0.0,0.4,May,3,2,6,2,Returning_Visitor,False,False
3,101.28,1,45.29,13,802.55,0.0,0.01,33.41,0.0,Mar,2,2,1,6,Returning_Visitor,False,True
3,0.0,1,43.28,7,155.5,0.05,0.09,0.0,0.0,Nov,1,2,2,3,Returning_Visitor,False,False
3,86.9,0,0.0,7,735.22,0.04,0.1,0.0,0.0,Mar,2,2,1,2,Returning_Visitor,False,False
3,68.4,1,43.21,14,337.53,0.03,0.02,0.0,0.0,Aug,2,2,7,2,New_Visitor,False,False
3,87.13,0,43.25,3,17.0,0.03,0.17,0.0,0.6,May,1,2,3,6,Returning_Visitor,False,False
4,19.67,3,254.92,147,750.33,0.03,0.05,0.0,0.0,Nov,2,2,1,1,Returning_Visitor,False,False
3,0.0,0,43.18,8,736.53,0.06,0.07,0.0,0.0,Nov,3,2,3,13,Returning_Visitor,False,False
0,0.0,0,0.0,5,734.95,0.03,0.05,0.0,0.0,May,3,2,6,2,Returning_Visitor,False,False
3,87.37,0,0.0,3,81.75,0.0,0.05,0.0,0.0,Dec,3,2,3,6,Returning_Visitor,False,False
3,13.0,0,44.84,26,2058.5,0.0,0.04,8.89,1.0,May,2,2,1,3,Returning_Visitor,True,True
3,26.0,0,0.0,38,1689.71,0.03,0.05,0.0,0.0,Nov,2,2,1,2,Returning_Visitor,False,False
3,87.17,1,43.18,22,562.17,0.03,0.05,0.0,0.0,June,2,2,1,2,Returning_Visitor,True,False
0,0.0,0,43.25,1,0.0,0.2,0.2,0.0,0.0,Dec,2,2,6,13,Returning_Visitor,False,False
11,326.49,0,45.27,92,800.96,0.02,0.04,17.28,0.0,Nov,4,2,1,2,Returning_Visitor,False,False
3,100.19,1,45.05,21,796.78,0.02,0.0,0.0,0.0,Nov,3,2,1,2,New_Visitor,False,False
3,87.45,0,0.0,5,238.2,0.0,0.05,0.0,0.0,Sep,2,2,1,2,Returning_Visitor,False,False
3,87.21,1,43.17,6,118.33,0.03,0.05,0.0,0.0,Nov,3,2,1,2,Returning_Visitor,True,False
3,0.0,0,45.25,12,337.0,0.0,0.01,19.37,0.0,Dec,2,5,4,2,Returning_Visitor,False,True
3,0.0,0,0.0,3,17.0,0.1,0.11,0.0,0.0,Mar,1,1,1,1,Returning_Visitor,False,False
14,1220.91,4,1005.4,280,738.11,0.03,0.05,5.7,0.0,Jul,2,2,1,3,Returning_Visitor,False,False
3,0.0,1,43.24,4,735.22,0.05,0.1,0.0,0.0,Mar,2,2,6,2,Returning_Visitor,False,False
0,0.0,0,0.0,222,745.26,0.03,0.05,4.79,0.0,Nov,2,2,1,1,Returning_Visitor,True,False
0,0.0,1,0.0,14,471.42,0.03,0.05,0.0,0.0,Nov,3,2,1,2,Returning_Visitor,False,False
3,0.0,1,0.0,10,802.23,0.0,0.02,88.78,0.0,Mar,2,2,1,2,Returning_Visitor,False,True
3,87.17,0,0.0,36,735.71,0.03,0.03,0.0,0.0,Oct,2,2,1,1,Returning_Visitor,False,False
3,87.12,0,43.21,1,12.0,0.0,0.1,0.0,0.0,May,1,1,1,2,Returning_Visitor,False,False
3,87.34,1,43.22,5,736.18,0.03,0.05,0.0,0.0,May,3,2,1,13,Returning_Visitor,False,False
3,87.09,0,43.23,67,2502.82,0.03,0.05,0.0,0.0,Mar,4,1,1,10,Returning_Visitor,False,False
1,87.57,1,0.0,4,735.12,0.04,0.08,0.0,0.6,May,3,2,2,11,New_Visitor,False,False
0,0.0,1,43.21,9,736.36,0.02,0.07,0.0,0.0,May,2,6,4,3,Returning_Visitor,False,False
3,87.07,1,43.27,1,734.32,0.2,0.2,0.0,0.0,Nov,4,1,1,3,Returning_Visitor,False,False
8,183.0,1,45.28,14,801.69,0.0,0.01,15.43,0.0,Mar,1,1,1,2,Returning_Visitor,False,True
3,87.02,1,0.0,19,215.75,0.0,0.02,0.0,0.0,Mar,2,2,1,10,Returning_Visitor,False,False
1,6.0,0,0.0,18,339.75,0.0,0.05,0.0,0.0,Nov,1,2,5,2,Returning_Visitor,False,False
3,15.0,1,45.19,19,523.25,0.04,0.05,28.19,0.0,Nov,3,2,1,8,Returning_Visitor,False,True
6,105.5,0,0.0,81,735.95,0.03,0.05,0.0,0.0,May,2,2,1,4,Returning_Visitor,False,False
2,29.0,1,38.5,32,799.96,0.0,0.04,3.32,0.0,May,1,2,1,4,Returning_Visitor,True,False
5,152.88,2,45.27,46,800.47,0.02,0.04,21.02,0.2,May,3,2,4,1,Returning_Visitor,False,False
3,92.5,0,0.0,48,801.75,0.02,0.04,53.99,0.0,May,2,2,1,2,Returning_Visitor,False,False
0,0.0,0,43.21,21,517.42,0.03,0.05,0.0,0.0,Mar,2,5,1,1,Returning_Visitor,False,False
0,87.25,1,0.0,3,1016.5,0.07,0.07,0.0,0.0,Mar,3,2,1,1,Returning_Visitor,False,False
3,398.07,1,19.2,17,735.43,0.06,0.07,0.0,0.0,Aug,2,2,3,4,Returning_Visitor,False,False
3,87.2,1,43.23,3,734.67,0.03,0.05,0.0,0.8,May,1,1,1,2,Returning_Visitor,False,False
3,470.0,1,0.0,21,2046.5,0.02,0.03,21.6,0.0,May,2,6,1,3,Returning_Visitor,False,False
3,0.0,0,0.0,17,735.74,0.03,0.04,0.0,0.0,Mar,3,2,1,3,Returning_Visitor,False,False
0,87.28,1,43.16,7,735.29,0.03,0.03,0.0,0.0,Nov,3,3,9,2,Returning_Visitor,False,False
0,86.93,0,0.0,9,321.0,0.03,0.09,0.0,0.0,Mar,2,5,5,1,Returning_Visitor,False,False
3,0.0,0,43.16,9,736.13,0.0,0.03,0.0,0.0,Mar,2,2,6,2,Returning_Visitor,False,False
3,87.2,0,43.21,1,734.54,0.03,0.05,0.0,0.0,Feb,1,1,1,2,Returning_Visitor,False,False
4,55.5,0,0.0,33,1274.19,0.03,0.01,0.0,0.0,Mar,2,2,1,2,Returning_Visitor,True,False
5,286.46,1,45.25,64,800.72,0.02,0.01,6.49,0.0,Nov,3,2,1,10,Returning_Visitor,False,True
0,87.09,0,43.19,7,735.19,0.05,0.07,0.0,0.0,Nov,3,2,2,13,Returning_Visitor,False,False
3,0.0,1,0.0,3,52.0,0.1,0.11,0.0,0.0,May,1,2,1,2,Returning_Visitor,False,False
0,0.0,1,43.18,6,212.0,0.03,0.04,0.0,0.0,Mar,3,2,3,1,Returning_Visitor,False,False
3,0.0,1,43.16,28,735.79,0.0,0.02,0.0,0.0,Dec,2,2,8,2,Returning_Visitor,False,False
3,46.33,1,43.17,11,177.4,0.02,0.04,0.0,0.0,May,3,2,5,2,Returning_Visitor,False,False
0,0.0,0,0.0,5,801.77,0.02,0.04,42.03,0.0,Nov,2,2,3,2,Returning_Visitor,False,True
1,87.05,0,43.23,14,735.6,0.01,0.03,0.0,0.0,May,1,1,3,4,Returning_Visitor,False,False
3,0.0,1,43.24,24,735.61,0.0,0.01,0.0,0.0,May,2,2,1,2,Returning_Visitor,True,False
3,13.0,0,0.0,16,226.5,0.0,0.05,0.0,0.0,Mar,2,5,1,2,Returning_Visitor,False,False
3,87.12,0,43.15,14,735.05,0.0,0.05,0.0,0.0,Mar,1,2,1,2,Returning_Visitor,False,False
10,549.0,5,608.45,213,737.12,0.03,0.05,2.57,0.0,Oct,2,2,1,2,Returning_Visitor,False,True
4,183.0,3,48.0,34,2141.4,0.03,0.02,0.0,0.0,May,2,2,1,4,Returning_Visitor,True,False
3,86.94,1,43.13,14,737.11,0.01,0.04,0.0,0.0,Nov,2,2,4,2,Returning_Visitor,False,True
1,3.0,1,0.0,3,735.45,0.0,0.05,0.0,0.0,Mar,3,2,1,3,Returning_Visitor,True,False
0,0.0,0,0.0,116,5389.88,0.03,0.05,0.0,0.0,Nov,3,2,1,1,Returning_Visitor,False,False
3,87.56,1,0.0,13,181.5,0.0,0.01,0.0,0.0,Mar,2,2,1,1,Returning_Visitor,False,False
3,88.08,1,6.0,19,719.88,0.0,0.02,0.0,0.0,Sep,2,2,1,5,Returning_Visitor,False,True
2,44.0,1,45.19,8,667.67,0.0,0.04,56.62,0.0,May,2,2,1,2,Returning_Visitor,False,True
3,0.0,0,43.22,2,0.0,0.2,0.2,0.0,0.0,Mar,1,2,1,2,Returning_Visitor,False,False
3,233.08,2,43.24,60,735.56,0.03,0.05,0.0,0.0,Mar,3,2,1,2,Returning_Visitor,False,False
3,87.49,1,43.3,2,734.97,0.03,0.05,0.0,0.0,Mar,3,2,3,3,Returning_Visitor,False,False
3,86.97,1,43.23,13,227.7,0.03,0.04,0.0,0.4,May,1,2,3,2,Returning_Visitor,False,False
0,0.0,1,0.0,10,130.17,0.06,0.08,26.66,0.0,Mar,3,2,1,2,Returning_Visitor,False,False
0,0.0,0,43.2,61,736.05,0.03,0.04,0.0,0.0,Nov,3,2,1,2,Returning_Visitor,False,False
3,0.0,1,0.0,3,735.55,0.07,0.13,0.0,0.0,Mar,2,2,1,13,Returning_Visitor,False,False
0,87.29,0,43.16,4,735.53,0.05,0.1,0.0,0.0,Oct,2,2,1,5,Returning_Visitor,False,False
0,86.78,1,43.25,34,1189.05,0.03,0.03,0.0,0.0,Nov,4,2,6,2,Returning_Visitor,False,False
3,101.43,1,0.0,17,801.71,0.0,0.0,51.61,0.0,May,2,2,4,2,Returning_Visitor,False,True
1,87.04,1,447.5,27,1381.75,0.01,0.03,0.0,0.0,Nov,2,2,1,2,Returning_Visitor,True,False
3,173.17,1,24.5,30,1288.73,0.0,0.01,54.12,0.0,Nov,1,2,1,2,Returning_Visitor,True,False
0,87.31,0,0.0,3,11.0,0.05,0.15,0.0,0.0,Mar,3,2,1,2,Returning_Visitor,False,False
0,0.0,1,0.0,2,46.0,0.0,0.05,0.0,0.0,May,2,4,3,2,Returning_Visitor,False,False
3,706.56,0,43.08,53,735.85,0.03,0.02,0.0,0.0,Nov,3,2,1,1,Returning_Visitor,False,False
1,62.47,1,43.24,5,165.1,0.0,0.05,0.0,0.0,Sep,3,2,3,3,New_Visitor,False,False
0,87.36,0,43.15,11,735.31,0.0,0.02,0.0,0.0,Dec,3,2,2,2,Returning_Visitor,False,False
0,0.0,1,43.25,11,735.9,0.02,0.02,0.0,1.0,May,3,3,3,1,Returning_Visitor,True,False
3,25.5,0,0.0,49,860.21,0.03,0.05,0.0,0.0,Dec,2,2,1,10,Returning_Visitor,True,False
2,101.13,1,0.0,30,1216.73,0.0,0.04,26.13,0.0,Nov,4,2,6,2,New_Visitor,False,True
3,14.0,0,0.0,27,735.49,0.03,0.05,0.0,0.0,Mar,2,2,1,1,Returning_Visitor,True,False
3,92.82,1,44.04,24,879.91,0.02,0.05,6.48,0.0,Mar,2,4,1,2,Returning_Visitor,False,True
5,87.54,1,43.19,12,735.88,0.03,0.05,0.0,0.0,Dec,3,2,1,3,Returning_Visitor,False,True
3,87.34,0,43.15,15,1251.32,0.0,0.05,0.0,0.0,Nov,3,2,1,2,Returning_Visitor,True,True
3,198.26,4,43.25,81,2237.76,0.03,0.05,3.03,0.0,Nov,3,2,1,6,Returning_Visitor,True,False
4,237.83,0,43.18,66,735.16,0.03,0.05,0.0,1.0,May,2,2,1,4,Returning_Visitor,True,False
5,87.14,0,0.0,33,808.17,0.0,0.01,20.86,0.0,Mar,2,4,1,10,New_Visitor,False,True
3,331.25,1,43.25,6,267.0,0.03,0.02,0.0,0.0,Dec,1,2,1,2,Returning_Visitor,True,False
0,0.0,1,0.0,25,316.54,0.0,0.05,0.0,0.0,Dec,2,2,9,2,Returning_Visitor,False,False
3,86.85,1,0.0,50,549.92,0.03,0.05,0.0,0.0,May,4,2,1,4,Returning_Visitor,False,False
0,0.0,0,43.21,11,735.61,0.04,0.08,0.0,0.0,Nov,2,2,4,2,Returning_Visitor,False,False
3,0.0,1,43.2,3,1038.0,0.0,0.03,0.0,0.0,Feb,2,2,1,2,Returning_Visitor,False,False
9,162.49,1,0.0,32,1162.8,0.0,0.02,48.0,0.0,Nov,1,2,1,8,Returning_Visitor,False,True
2,30.0,1,33.0,162,801.49,0.02,0.04,77.11,0.0,Nov,2,2,1,8,Returning_Visitor,False,True
3,87.46,1,43.22,20,219.5,0.12,0.13,0.0,0.8,May,3,2,1,2,Returning_Visitor,False,False
3,0.0,1,45.25,7,96.0,0.0,0.03,54.2,0.0,Nov,2,2,1,2,Returning_Visitor,False,True
3,39.0,0,43.25,30,735.45,0.03,0.02,0.0,0.0,Mar,1,8,3,3,Returning_Visitor,False,False
1,87.25,0,0.0,23,735.91,0.03,0.05,0.0,0.0,Feb,1,1,1,2,Returning_Visitor,True,False
3,87.22,0,43.23,15,264.08,0.03,0.02,0.0,0.0,Nov,2,2,2,2,Returning_Visitor,False,False
3,87.19,1,0.0,6,735.45,0.03,0.02,0.0,0.0,Dec,1,2,1,2,Returning_Visitor,False,False
0,0.0,1,43.21,6,98.73,0.0,0.03,0.0,0.0,Sep,3,2,1,2,Returning_Visitor,True,False
6,83.4,1,45.3,34,800.36,0.01,0.04,0.0,0.0,Nov,1,1,6,2,Returning_Visitor,False,False
3,0.0,1,0.0,38,907.94,0.02,0.04,23.66,0.0,Dec,2,2,1,2,Returning_Visitor,False,True
3,87.43,0,43.21,1,0.0,0.2,0.2,0.0,0.0,Nov,1,2,1,2,Returning_Visitor,False,False
3,15.0,1,4.0,44,950.62,0.02,0.05,0.0,0.0,Nov,2,2,1,1,New_Visitor,False,False
3,87.34,1,0.0,5,145.67,0.0,0.01,0.0,0.0,Nov,2,2,1,3,Returning_Visitor,False,False
17,218.74,4,808.5,74,735.75,0.03,0.05,0.0,0.0,Nov,3,2,1,2,Returning_Visitor,False,False
3,87.33,0,0.0,15,138.75,0.01,0.05,0.0,0.0,Nov,1,1,1,2,New_Visitor,False,False
3,103.93,0,43.13,16,172.13,0.01,0.05,0.0,0.0,Oct,1,1,1,2,Returning_Visitor,False,True
3,87.15,0,0.0,10,279.77,0.03,0.03,0.0,0.0,Oct,1,2,7,4,Returning_Visitor,False,False
6,95.6,1,0.0,12,738.32,0.01,0.04,21.32,0.0,Sep,2,2,8,7,Returning_Visitor,False,False
1,273.0,1,178.0,5,121.5,0.0,0.05,0.0,0.8,May,2,2,1,2,New_Visitor,False,False
0,86.84,1,0.0,24,583.0,0.0,0.03,0.0,0.0,Jul,2,2,1,4,Returning_Visitor,False,False
5,87.18,0,43.16,26,463.76,0.03,0.0,0.0,0.0,Mar,2,2,3,2,Returning_Visitor,False,False
4,87.14,1,0.0,8,142.0,0.0,0.0,0.0,0.0,May,3,2,1,2,Returning_Visitor,False,False
3,423.1,0,0.0,16,982.6,0.0,0.01,0.0,0.0,Nov,3,2,2,2,Returning_Visitor,True,False
1,30.0,1,0.0,21,204.17,0.03,0.05,0.0,0.0,May,3,2,1,2,Returning_Visitor,True,False
8,260.21,0,0.0,58,802.43,0.02,0.04,12.81,0.0,Dec,2,2,1,2,Returning_Visitor,True,False
0,87.63,0,43.24,2,0.0,0.2,0.2,0.0,0.0,Dec,3,2,1,6,Returning_Visitor,False,False
3,0.0,1,43.3,1,0.0,0.2,0.2,0.0,0.4,May,2,2,1,2,Returning_Visitor,False,False
3,0.0,1,43.21,11,735.91,0.04,0.05,0.0,0.0,Nov,2,2,1,1,Returning_Visitor,False,False
3,0.0,1,0.0,39,736.06,0.03,0.02,0.0,0.0,May,3,2,1,3,Returning_Visitor,False,False
3,87.28,1,43.14,11,735.42,0.02,0.03,0.0,0.0,Oct,3,2,1,2,Returning_Visitor,False,False
1,19.0,0,0.0,43,1457.11,0.03,0.04,0.0,0.0,Nov,3,6,1,2,Returning_Visitor,True,False
1,87.21,1,43.27,4,734.81,0.04,0.05,0.0,0.0,Jul,1,2,9,4,Returning_Visitor,False,False
3,87.11,0,43.23,3,324.0,0.03,0.07,0.0,0.0,May,4,1,1,2,Returning_Visitor,False,False
0,86.92,0,0.0,28,447.0,0.0,0.03,0.0,0.0,Nov,2,2,1,2,Returning_Visitor,False,False
5,87.5,1,43.44,39,2251.12,0.01,0.05,0.0,0.0,Sep,2,2,9,1,Returning_Visitor,False,False
3,0.0,1,45.18,2,299.5,0.0,0.04,0.0,0.0,Nov,2,2,3,2,New_Visitor,False,False
6,161.83,5,858.57,84,737.25,0.01,0.05,7.48,0.0,Nov,1,2,1,1,Returning_Visitor,False,True
3,171.0,0,0.0,20,745.33,0.03,0.03,0.0,0.0,Mar,2,2,1,10,Returning_Visitor,False,False
1,87.23,0,43.22,15,188.5,0.0,0.01,0.0,0.0,May,2,2,2,2,Returning_Visitor,False,False
7,87.19,0,0.0,11,735.65,0.0,0.02,0.0,0.0,Dec,2,2,1,2,Returning_Visitor,False,False
0,0.0,0,0.0,31,736.64,0.0,0.05,0.0,0.0,Dec,2,2,1,2,Returning_Visitor,False,False
0,87.51,1,43.24,1,0.0,0.2,0.2,0.0,0.0,Mar,3,2,3,3,Returning_Visitor,False,False
3,0.0,1,43.18,19,735.24,0.03,0.03,0.0,0.2,May,1,1,4,2,Returning_Visitor,False,False
3,87.43,1,43.18,11,736.35,0.02,0.04,0.0,0.0,Nov,3,2,1,10,Returning_Visitor,True,False
5,75.89,0,43.46,51,745.72,0.03,0.05,3.23,1.0,May,2,2,1,2,Returning_Visitor,True,False
3,87.23,0,43.25,1,643.0,0.13,0.15,0.0,0.0,May,2,2,1,5,Returning_Visitor,False,False
5,87.18,0,0.0,34,736.09,0.0,0.02,0.0,0.0,May,2,2,1,2,Returning_Visitor,False,False
0,86.9,1,43.16,8,211.0,0.0,0.03,0.0,0.0,May,2,2,7,2,New_Visitor,False,False
3,95.0,1,0.0,27,735.25,0.0,0.01,0.0,0.0,Mar,2,2,2,2,Returning_Visitor,False,False
1,22.2,1,45.26,16,694.45,0.0,0.0,54.92,0.0,Sep,2,2,1,2,Returning_Visitor,False,True
0,87.39,0,43.19,7,114.6,0.03,0.05,0.0,0.0,Mar,3,2,1,10,Returning_Visitor,False,False
12,87.5,0,0.0,28,606.42,0.03,0.04,0.0,0.0,May,3,2,2,2,Returning_Visitor,True,False
3,86.64,1,0.0,10,314.75,0.03,0.05,0.0,0.0,Nov,4,2,9,3,Returning_Visitor,False,False
3,86.91,1,43.19,8,736.35,0.08,0.05,0.0,1.0,May,2,2,1,2,Returning_Visitor,False,False
8,463.75,4,337.5,157,747.73,0.03,0.05,0.0,0.0,Nov,2,2,1,2,Returning_Visitor,True,True
3,0.0,1,0.0,22,883.0,0.13,0.15,0.0,0.0,May,3,2,1,13,Returning_Visitor,False,False
4,196.5,3,72.5,245,738.31,0.03,0.05,4.77,0.0,Nov,3,2,1,13,Returning_Visitor,True,False
0,87.25,1,43.17,1,734.79,0.2,0.2,0.0,0.0,May,1,2,1,20,Returning_Visitor,False,False
1,43.0,0,0.0,43,734.9,0.0,0.0,0.0,0.0,Mar,1,2,3,2,Returning_Visitor,False,False
1,0.0,0,0.0,50,1009.43,0.03,0.02,4.8,0.0,Nov,1,2,1,2,Returning_Visitor,False,True
0,0.0,1,43.27,11,316.67,0.0,0.03,0.0,0.8,Feb,2,2,2,2,Returning_Visitor,False,False
3,0.0,1,43.24,12,735.87,0.07,0.09,0.0,0.0,Aug,3,2,1,2,Returning_Visitor,False,False
3,87.55,0,43.25,3,132.4,0.0,0.03,0.0,0.0,June,3,2,1,2,Returning_Visitor,False,False
3,112.27,0,0.0,49,735.32,0.03,0.05,0.0,0.0,Mar,2,2,2,2,Returning_Visitor,False,False
3,11.83,1,27.0,31,424.75,0.02,0.04,30.82,0.0,Nov,2,2,1,1,Returning_Visitor,False,True
3,101.42,1,0.0,69,909.15,0.0,0.04,8.09,0.0,Dec,2,2,1,7,Returning_Visitor,False,False
3,0.0,1,0.0,3,578.0,0.0,0.07,0.0,0.0,Nov,1,2,1,2,Returning_Visitor,False,False
5,101.4,0,45.17,41,1955.78,0.02,0.04,21.08,0.0,May,1,1,6,2,Returning_Visitor,False,True
0,86.61,1,0.0,21,736.62,0.03,0.02,0.0,0.0,May,2,5,6,3,Returning_Visitor,False,False
3,87.09,0,0.0,1,0.0,0.2,0.2,0.0,0.0,Mar,2,2,7,2,Returning_Visitor,False,False
3,86.97,0,43.23,1,0.0,0.03,0.2,0.0,0.0,Mar,2,4,3,2,Returning_Visitor,False,False
1,87.12,0,43.21,19,867.83,0.01,0.05,0.0,0.0,May,2,2,7,6,Returning_Visitor,False,False
3,0.0,1,45.21,4,75.5,0.0,0.04,0.0,0.0,Nov,2,2,1,2,New_Visitor,False,False
4,47.0,0,0.0,6,734.99,0.01,0.05,0.0,0.0,May,1,2,2,2,Returning_Visitor,False,False
3,87.14,0,43.15,21,1294.57,0.03,0.07,0.0,0.0,Oct,1,2,1,2,Returning_Visitor,False,False
0,0.0,0,43.22,2,0.0,0.03,0.2,0.0,0.0,Mar,1,2,1,2,Returning_Visitor,False,False
2,87.2,0,43.17,18,657.25,0.0,0.01,0.0,0.0,Dec,2,2,1,2,Returning_Visitor,False,False
10,147.46,4,216.5,68,736.11,0.0,0.05,0.0,0.0,Dec,2,2,1,2,Returning_Visitor,False,False
3,0.0,1,0.0,16,690.31,0.03,0.06,0.0,0.0,Oct,2,2,1,2,Returning_Visitor,False,False
0,86.97,0,43.22,62,2232.45,0.03,0.05,0.0,0.4,May,2,2,6,2,Returning_Visitor,False,False
0,0.0,1,0.0,35,1928.0,0.03,0.05,0.0,0.0,Mar,2,5,1,2,Returning_Visitor,True,False
0,87.35,1,0.0,5,735.09,0.03,0.04,0.0,0.0,May,3,2,1,2,Returning_Visitor,False,False
3,0.0,2,43.3,23,198.88,0.0,0.05,0.0,0.8,May,2,2,1,4,Returning_Visitor,False,False
4,34.2,1,45.19,27,809.69,0.02,0.04,27.65,0.0,Sep,3,2,4,13,Returning_Visitor,False,False
0,0.0,1,0.0,15,735.57,0.0,0.02,0.0,0.0,May,2,2,1,2,Returning_Visitor,False,False
3,0.0,0,0.0,4,249.0,0.0,0.05,0.0,0.0,Dec,2,2,1,1,Returning_Visitor,False,False
3,87.16,1,43.19,15,736.4,0.03,0.05,0.0,0.0,Mar,2,2,4,2,Returning_Visitor,False,False
6,72.02,4,343.0,157,800.56,0.02,0.04,31.86,0.0,Dec,2,4,3,2,Returning_Visitor,False,True
3,389.0,1,43.24,5,735.5,0.03,0.05,0.0,0.0,May,2,4,1,2,New_Visitor,False,False
3,285.7,0,45.24,28,801.52,0.02,0.01,10.57,0.0,Nov,1,1,1,3,Returning_Visitor,False,True
3,87.01,0,43.18,23,2225.29,0.0,0.05,0.0,0.0,Nov,1,2,4,1,Returning_Visitor,False,False
3,189.4,4,130.76,93,739.75,0.03,0.05,7.54,0.0,June,2,2,1,1,Returning_Visitor,False,False
3,48.67,1,45.26,20,801.46,0.02,0.04,38.89,0.0,Nov,2,2,1,2,Returning_Visitor,False,True
0,0.0,0,0.0,35,1192.39,0.03,0.05,0.0,0.0,Mar,2,4,1,2,Returning_Visitor,False,False
3,87.18,1,0.0,14,1010.38,0.01,0.06,0.0,0.0,Nov,2,2,1,2,Returning_Visitor,False,False
0,87.15,1,43.2,10,269.0,0.03,0.05,0.0,0.0,May,2,2,1,2,Returning_Visitor,False,False
7,743.58,4,909.25,337,734.99,0.03,0.05,0.0,0.0,Nov,1,2,1,2,Returning_Visitor,False,False
3,87.44,1,43.24,1,0.0,0.2,0.05,0.0,0.0,Nov,3,2,1,2,Returning_Visitor,False,False
0,87.24,0,43.2,19,5538.92,0.02,0.05,0.0,0.0,May,2,2,1,13,Returning_Visitor,True,False
22,1153.68,1,108.0,205,4295.31,0.03,0.01,177.53,0.0,Nov,2,5,1,3,Returning_Visitor,True,False
0,0.0,1,43.18,2,78.1,0.18,0.17,0.0,0.0,Sep,2,2,1,2,Returning_Visitor,False,False
3,1373.5,1,43.15,43,735.23,0.0,0.05,2.92,0.0,Mar,2,6,2,3,Returning_Visitor,False,False
3,99.5,1,45.18,6,80.5,0.03,0.07,0.0,0.0,Nov,2,2,3,1,Returning_Visitor,False,False
3,86.79,1,43.23,1,0.0,0.2,0.05,0.0,0.0,Aug,2,2,1,4,Returning_Visitor,False,False
3,87.0,1,0.0,11,735.6,0.0,0.02,0.0,0.0,May,2,2,6,3,Returning_Visitor,False,False
0,0.0,1,0.0,27,468.54,0.01,0.05,0.0,0.0,Dec,3,2,3,2,Returning_Visitor,False,False
0,0.0,1,43.21,5,77.0,0.03,0.04,0.0,0.0,Mar,2,4,1,2,Returning_Visitor,False,False
0,0.0,1,0.0,1,0.0,0.03,0.2,0.0,0.0,Mar,3,2,5,2,Returning_Visitor,False,False
0,0.0,0,43.18,30,480.5,0.03,0.07,0.0,0.0,May,2,2,1,6,Returning_Visitor,False,False
2,70.6,0,45.23,27,213.02,0.02,0.01,79.51,0.0,Oct,2,2,1,3,Returning_Visitor,False,True
13,234.57,1,0.0,80,736.4,0.02,0.03,4.19,0.0,Jul,4,2,1,2,Returning_Visitor,False,False
4,14.0,0,0.0,28,341.35,0.01,0.05,0.0,0.0,May,4,2,2,4,Returning_Visitor,False,False
0,0.0,1,0.0,8,735.18,0.03,0.05,0.0,0.4,May,2,2,1,2,Returning_Visitor,False,False
0,0.0,0,43.19,16,736.1,0.03,0.03,0.0,0.0,Nov,2,2,1,2,Returning_Visitor,False,False
0,86.89,1,0.0,20,457.58,0.02,0.05,0.0,0.0,May,2,2,9,4,Returning_Visitor,True,False
3,32.33,1,56.0,62,2414.9,0.03,0.0,30.46,0.0,May,2,2,1,2,Returning_Visitor,False,True
0,87.26,1,43.21,2,734.35,0.0,0.1,0.0,1.0,May,1,2,3,2,Returning_Visitor,False,False
3,87.63,1,0.0,1,734.63,0.2,0.05,0.0,0.0,May,3,2,7,2,Returning_Visitor,False,False
4,68.5,0,0.0,152,5426.82,0.03,0.05,0.0,0.0,Nov,2,2,1,10,Returning_Visitor,False,False
8,258.14,1,0.0,81,739.79,0.03,0.02,0.0,0.0,Nov,2,2,1,2,Returning_Visitor,False,False
3,87.15,0,0.0,27,807.83,0.03,0.04,0.0,0.0,Mar,2,2,3,2,Returning_Visitor,False,False
3,87.65,2,43.31,8,735.75,0.0,0.01,0.0,0.0,Nov,3,2,1,2,Returning_Visitor,False,False
3,59.0,0,45.21,10,801.55,0.0,0.02,50.39,0.0,May,1,1,1,2,New_Visitor,False,True
3,86.82,1,0.0,11,501.5,0.03,0.05,0.0,0.0,Nov,4,2,1,2,New_Visitor,False,False
3,299.6,2,166.0,86,737.26,0.03,0.05,2.09,0.0,May,3,2,1,2,Returning_Visitor,False,False
0,0.0,1,43.2,37,925.67,0.03,0.05,0.0,0.0,Nov,3,2,1,2,Returning_Visitor,False,False
0,0.0,0,0.0,84,736.95,0.0,0.05,0.0,0.0,Nov,2,2,3,1,Returning_Visitor,True,True
4,598.38,0,0.0,126,738.99,0.03,0.05,3.33,0.0,Dec,2,2,1,2,Returning_Visitor,False,False
8,126.0,1,43.26,13,217.72,0.03,0.06,0.0,0.0,Oct,2,2,1,13,Returning_Visitor,False,False
7,75.85,4,246.33,16,672.88,0.02,0.03,0.0,0.0,May,1,1,1,3,Returning_Visitor,False,False
6,51.0,1,0.0,26,735.86,0.03,0.01,0.0,0.0,May,2,2,1,2,Returning_Visitor,False,False
0,0.0,1,43.23,3,0.0,0.03,0.2,0.0,0.0,Nov,3,2,1,2,Returning_Visitor,False,False
12,246.25,2,56.5,102,738.49,0.03,0.05,0.0,0.0,Nov,3,2,1,2,Returning_Visitor,False,False
3,0.0,1,0.0,3,115.0,0.03,0.05,0.0,0.0,May,2,2,6,2,Returning_Visitor,False,False
3,87.38,1,43.24,12,209.0,0.0,0.02,0.0,0.0,Sep,2,2,6,2,Returning_Visitor,False,False
5,142.5,1,56.0,29,735.21,0.0,0.05,0.0,0.0,May,1,1,1,4,Returning_Visitor,False,False
3,0.0,1,43.19,27,359.0,0.0,0.02,0.0,0.0,May,1,1,7,2,Returning_Visitor,True,False
6,107.7,1,0.0,14,290.8,0.03,0.01,0.0,0.0,Sep,2,2,1,2,Returning_Visitor,False,False
3,87.47,0,43.19,1,0.0,0.2,0.2,0.0,0.0,Nov,1,1,3,2,Returning_Visitor,False,False
3,34.0,2,43.18,3,735.1,0.03,0.05,0.0,0.0,Mar,2,2,1,2,Returning_Visitor,False,False
5,87.5,1,43.2,65,735.66,0.03,0.05,0.0,0.0,Nov,3,2,1,2,Returning_Visitor,False,False
5,46.5,0,0.0,94,802.26,0.01,0.04,6.32,0.0,Aug,2,2,1,1,Returning_Visitor,False,False
9,303.87,0,43.16,72,3752.67,0.01,0.05,0.0,0.0,Nov,1,2,1,3,Returning_Visitor,False,False
3,11.0,1,0.0,20,735.4,0.01,0.05,0.0,0.0,Mar,4,1,6,1,Returning_Visitor,False,False
8,31.1,11,1258.83,195,738.89,0.03,0.05,3.38,0.4,May,2,2,1,4,Returning_Visitor,False,False
3,144.5,0,45.18,7,416.5,0.02,0.04,0.0,0.0,Nov,3,2,3,2,Returning_Visitor,True,False
3,0.0,1,0.0,8,323.5,0.0,0.03,23.24,0.0,May,1,1,1,5,Returning_Visitor,False,True
3,0.0,0,0.0,1,734.36,0.0,0.05,0.0,0.0,May,3,2,1,2,New_Visitor,False,False
1,87.34,1,10.0,74,733.96,0.03,0.01,0.0,0.0,Nov,3,2,4,2,Returning_Visitor,True,False
1,87.38,1,0.0,19,734.62,0.0,0.05,0.0,0.0,Nov,3,3,5,11,Returning_Visitor,False,False
0,0.0,1,43.26,7,150.0,0.06,0.09,0.0,0.0,Feb,2,2,2,2,Returning_Visitor,False,False
0,0.0,1,45.2,10,672.51,0.02,0.02,60.71,0.0,Sep,1,1,1,2,Returning_Visitor,False,True
2,31.0,1,0.0,88,5321.44,0.02,0.04,25.75,0.0,Nov,3,2,1,2,Returning_Visitor,False,True
6,144.67,1,45.21,5,123.67,0.03,0.01,0.0,0.0,Nov,1,2,1,2,New_Visitor,True,False
0,87.24,1,43.17,43,735.77,0.03,0.03,0.0,0.0,Nov,2,2,1,2,Returning_Visitor,True,False
3,27.0,0,43.15,9,79.25,0.0,0.05,0.0,0.0,Nov,2,2,3,1,Returning_Visitor,False,False
3,124.0,0,0.0,13,735.84,0.0,0.03,0.0,0.0,Mar,2,4,1,2,Returning_Visitor,False,False
3,87.15,1,0.0,5,23.0,0.08,0.12,0.0,0.0,Mar,2,2,1,2,Returning_Visitor,False,False
0,87.23,1,0.0,4,161.25,0.0,0.05,0.0,0.0,Nov,1,2,3,2,New_Visitor,True,False
3,0.0,1,0.0,6,185.5,0.02,0.05,0.0,0.0,Dec,2,2,3,8,New_Visitor,False,False
5,100.92,0,0.0,56,802.1,0.02,0.0,69.43,0.0,Mar,2,2,1,3,Returning_Visitor,True,True
0,0.0,1,43.24,2,0.0,0.2,0.05,0.0,0.0,May,2,2,1,3,Returning_Visitor,False,False
0,0.0,0,0.0,91,736.0,0.03,0.01,0.0,0.0,Dec,2,2,1,2,Returning_Visitor,False,False
3,53.5,0,0.0,13,287.33,0.0,0.01,0.0,0.0,Nov,2,2,1,2,New_Visitor,False,False
3,87.11,0,43.16,15,327.5,0.03,0.01,0.0,0.0,May,2,2,4,2,Returning_Visitor,False,False
4,209.06,0,0.0,71,735.34,0.01,0.05,0.0,0.0,Nov,2,2,1,2,Returning_Visitor,False,False
3,0.0,0,0.0,3,735.36,0.0,0.07,0.0,0.0,Mar,1,1,1,2,Returning_Visitor,False,False
1,27.5,1,376.0,109,2925.68,0.03,0.05,0.0,0.0,Nov,1,2,1,10,Returning_Visitor,False,False
0,0.0,0,0.0,7,232.67,0.0,0.01,0.0,0.0,Mar,2,2,6,2,Returning_Visitor,False,False
8,203.92,4,114.75,118,801.12,0.0,0.01,55.01,0.0,Nov,2,2,1,2,Returning_Visitor,False,True
20,1307.68,3,132.67,517,800.75,0.02,0.04,8.4,0.0,Nov,1,2,1,2,Returning_Visitor,False,True
0,0.0,1,0.0,51,1219.05,0.0,0.01,9.06,0.0,Aug,2,2,2,1,Returning_Visitor,False,True
3,86.96,1,121.25,89,735.67,0.0,0.05,0.0,0.0,Dec,1,1,1,2,Returning_Visitor,False,False
3,100.44,0,45.25,3,89.5,0.0,0.05,0.0,0.0,Nov,3,2,1,4,Returning_Visitor,False,False
0,100.86,0,0.0,6,172.21,0.03,0.04,0.0,0.0,Dec,3,2,1,2,Returning_Visitor,False,True
1,87.45,1,464.88,19,660.8,0.03,0.01,0.0,0.0,Nov,3,2,1,3,Returning_Visitor,True,False
0,0.0,1,0.0,16,735.78,0.03,0.01,0.0,0.0,Mar,2,4,1,2,Returning_Visitor,False,False
3,87.26,0,0.0,19,621.42,0.03,0.02,0.0,0.0,Dec,4,2,1,2,Returning_Visitor,False,False
0,101.53,1,21.0,15,498.5,0.0,0.04,32.19,0.0,May,2,4,1,2,Returning_Visitor,False,True
3,0.0,0,43.31,58,2498.03,0.03,0.05,0.0,0.4,May,2,6,1,20,Returning_Visitor,False,False
0,86.93,0,43.2,59,736.35,0.0,0.05,0.0,0.0,Mar,2,2,6,2,Returning_Visitor,False,False
3,0.0,0,0.0,2,87.0,0.0,0.05,0.0,0.0,Nov,3,2,1,2,Returning_Visitor,False,False
2,87.25,1,0.0,10,184.6,0.03,0.05,0.0,0.0,Sep,2,2,1,2,New_Visitor,False,False
1,4.0,1,10.0,274,735.76,0.03,0.05,0.0,0.0,Oct,2,2,1,2,Returning_Visitor,False,False
3,99.17,1,43.29,33,735.21,0.0,0.05,0.0,0.6,May,8,2,1,2,Returning_Visitor,False,False
0,0.0,0,0.0,36,735.55,0.03,0.05,0.0,0.0,May,2,2,1,2,Returning_Visitor,False,False
4,87.71,0,0.0,8,465.83,0.0,0.05,0.0,0.0,Mar,3,2,3,3,Returning_Visitor,True,False
5,96.0,1,0.0,81,2833.81,0.03,0.05,0.0,0.0,Nov,4,2,1,2,Returning_Visitor,False,False
0,86.98,0,0.0,2,145.5,0.0,0.05,0.0,0.0,Nov,1,1,1,2,New_Visitor,False,False
3,0.0,1,43.33,1,0.0,0.03,0.05,0.0,0.6,May,3,2,1,2,Returning_Visitor,False,False
3,75.0,1,43.23,16,735.39,0.03,0.0,0.0,0.0,May,2,2,1,4,New_Visitor,False,False
1,62.0,1,172.0,58,1341.26,0.03,0.05,0.0,0.0,May,3,2,1,2,Returning_Visitor,False,False
3,0.0,1,45.28,3,121.27,0.0,0.04,36.14,0.0,Oct,2,2,1,2,Returning_Visitor,False,True
4,55.8,0,43.15,17,2023.2,0.0,0.05,0.0,0.0,Jul,2,2,1,2,New_Visitor,False,False
3,0.0,1,255.0,15,735.36,0.0,0.01,0.0,0.0,Mar,2,2,1,2,Returning_Visitor,False,False
2,87.44,1,43.19,11,1055.75,0.0,0.03,0.0,0.0,Dec,2,2,1,2,New_Visitor,False,False
2,9.0,4,31.0,401,797.05,0.02,0.04,0.0,0.0,Nov,2,2,1,2,Returning_Visitor,False,True
3,87.2,1,43.23,1,734.29,0.2,0.2,0.0,0.0,Nov,8,1,1,8,New_Visitor,False,False
0,0.0,1,43.28,7,323.5,0.0,0.05,0.0,0.0,May,2,2,1,5,New_Visitor,False,False
3,64.0,1,43.21,10,341.25,0.03,0.03,0.0,0.0,Nov,3,2,3,2,Returning_Visitor,False,False
3,87.19,2,41.6,37,736.63,0.03,0.05,0.0,0.0,Oct,2,2,1,2,Returning_Visitor,False,False
5,142.75,0,0.0,76,736.08,0.03,0.05,0.0,0.0,Nov,2,2,1,1,Returning_Visitor,False,False
3,25.4,0,44.95,73,776.01,0.02,0.02,5.68,0.4,May,2,5,1,3,Returning_Visitor,False,False
3,87.08,1,43.25,5,735.13,0.0,0.04,0.0,0.0,Mar,1,1,1,2,Returning_Visitor,False,False
3,0.0,1,43.23,7,735.26,0.03,0.05,0.0,0.0,May,3,2,1,4,Returning_Visitor,True,False
4,239.6,1,70.5,50,734.98,0.0,0.0,0.0,0.0,Oct,2,2,1,2,Returning_Visitor,True,False
3,279.27,1,0.0,16,453.4,0.03,0.01,0.0,0.0,Jul,3,2,8,2,Returning_Visitor,False,False
0,101.42,1,44.0,14,549.5,0.02,0.01,43.25,0.2,May,2,4,1,2,Returning_Visitor,False,True
3,0.0,1,43.2,16,736.32,0.0,0.05,0.0,0.0,Mar,2,4,1,3,Returning_Visitor,False,False
3,129.5,0,0.0,33,982.0,0.0,0.01,0.0,0.0,May,2,5,2,4,Returning_Visitor,True,False
3,0.0,0,43.2,12,735.99,0.03,0.08,0.0,0.0,Mar,2,2,7,2,Returning_Visitor,False,False
1,52.5,1,0.0,162,801.12,0.02,0.04,54.05,0.0,Nov,2,2,1,2,Returning_Visitor,False,True
3,42.0,0,43.22,31,735.53,0.03,0.01,0.0,0.0,Mar,1,2,3,1,Returning_Visitor,False,False
0,0.0,2,22.0,41,979.38,0.03,0.05,0.0,0.0,Nov,2,2,1,2,Returning_Visitor,True,False
8,87.48,3,43.25,18,914.17,0.0,0.01,0.0,0.0,Mar,1,2,1,3,Returning_Visitor,False,False
13,1013.06,2,102.8,77,2697.02,0.0,0.01,1.8,0.0,Nov,1,1,1,2,Returning_Visitor,False,False
3,37.0,1,45.22,62,801.31,0.02,0.04,21.6,0.0,Nov,2,2,1,1,Returning_Visitor,False,True
0,86.74,0,0.0,6,736.69,0.0,0.05,0.0,0.0,Mar,1,2,1,2,New_Visitor,False,False
0,87.15,0,0.0,34,4190.75,0.03,0.05,0.0,0.0,May,2,2,8,2,Returning_Visitor,False,False
3,0.0,0,0.0,3,78.0,0.0,0.07,0.0,0.0,Feb,1,2,1,6,Returning_Visitor,True,False
1,3.0,0,43.2,17,1217.43,0.0,0.01,0.0,0.0,May,2,2,1,2,Returning_Visitor,False,False
8,222.75,1,15.75,61,736.76,0.03,0.05,0.0,0.0,Nov,1,1,1,3,Returning_Visitor,True,False
3,20.0,1,35.5,35,946.6,0.0,0.05,0.0,0.0,Nov,2,2,1,2,Returning_Visitor,False,False
3,0.0,0,43.19,16,898.76,0.03,0.05,0.0,0.0,Nov,1,1,1,1,Returning_Visitor,False,True
0,87.05,1,0.0,42,1892.01,0.03,0.04,0.0,0.0,Nov,1,2,1,13,Returning_Visitor,True,True
3,0.0,2,48.5,59,2195.28,0.03,0.05,0.0,0.0,Nov,2,2,1,2,Returning_Visitor,False,True
3,178.0,0,43.19,3,735.64,0.0,0.02,0.0,0.2,May,3,2,3,2,Returning_Visitor,False,False
0,0.0,0,0.0,19,735.54,0.01,0.04,0.0,0.0,Dec,1,2,4,2,Returning_Visitor,False,False
2,87.98,0,0.0,24,2095.82,0.03,0.05,0.0,0.0,Dec,3,2,1,2,Returning_Visitor,False,False
0,0.0,1,43.26,5,735.85,0.03,0.05,0.0,0.0,May,2,2,9,4,Returning_Visitor,False,False
0,0.0,1,0.0,3,734.02,0.07,0.07,0.0,0.0,Sep,1,1,3,2,Returning_Visitor,False,False
4,934.5,1,92.0,18,937.72,0.0,0.01,0.0,0.0,Dec,1,2,6,2,New_Visitor,False,False
1,68.0,0,0.0,55,4277.0,0.0,0.04,7.29,0.0,May,1,1,1,1,Returning_Visitor,False,False
0,0.0,0,0.0,17,315.0,0.0,0.02,0.0,0.2,May,2,2,1,4,Returning_Visitor,False,False
8,294.5,3,231.7,24,743.38,0.0,0.05,9.88,0.0,May,2,4,1,2,Returning_Visitor,False,True
3,0.0,0,43.17,28,735.12,0.01,0.03,11.02,0.0,May,2,2,3,2,Returning_Visitor,False,True
3,87.31,1,43.22,28,830.0,0.03,0.04,0.0,0.4,May,2,2,1,2,Returning_Visitor,False,False
3,0.0,1,0.0,24,735.71,0.0,0.03,0.0,0.0,Nov,2,2,2,1,Returning_Visitor,False,False
0,87.07,1,0.0,14,260.87,0.0,0.03,0.0,0.0,June,2,2,1,3,Returning_Visitor,False,False
2,80.0,6,141.75,47,3573.47,0.0,0.05,34.86,0.0,Dec,2,2,1,1,Returning_Visitor,False,False
3,87.32,1,43.2,1,734.45,0.2,0.2,0.0,0.0,Dec,2,2,1,2,Returning_Visitor,False,False
3,102.56,2,79.5,133,799.96,0.02,0.04,28.04,0.0,Nov,3,2,1,6,Returning_Visitor,True,False
3,114.2,0,43.05,26,360.18,0.03,0.05,0.0,0.0,Nov,1,2,1,2,Returning_Visitor,False,False
0,0.0,0,0.0,89,740.91,0.03,0.05,0.0,0.0,Nov,2,2,1,2,Returning_Visitor,False,True
3,115.0,0,0.0,53,735.03,0.03,0.01,0.0,0.0,May,1,2,4,2,Returning_Visitor,True,False
8,440.46,1,43.31,89,738.25,0.03,0.03,7.33,0.0,Nov,1,1,1,10,Returning_Visitor,True,False
3,30.7,1,0.0,33,1148.33,0.0,0.02,0.0,0.0,Aug,2,5,6,1,Returning_Visitor,False,False
3,86.9,1,0.0,12,1484.0,0.03,0.05,0.0,0.0,Mar,2,2,7,1,Returning_Visitor,False,False
8,101.08,0,0.0,85,2651.94,0.0,0.01,0.9,0.0,Jul,2,2,9,4,Returning_Visitor,False,False
9,99.26,0,44.53,11,800.43,0.01,0.05,6.8,0.0,Oct,3,2,3,2,Returning_Visitor,False,False
3,87.41,1,43.23,3,24.0,0.07,0.13,0.0,0.0,Mar,3,2,3,2,Returning_Visitor,False,False
3,87.09,0,0.0,1,0.0,0.03,0.2,0.0,0.0,May,2,2,1,2,Returning_Visitor,False,False
3,87.0,1,0.0,4,735.03,0.03,0.1,0.0,0.0,Feb,1,1,1,3,Returning_Visitor,False,False
3,87.2,0,43.14,7,734.71,0.0,0.05,0.0,0.0,Nov,1,1,6,2,Returning_Visitor,False,False
0,87.04,0,0.0,3,138.0,0.03,0.11,0.0,0.0,Nov,1,2,1,2,Returning_Visitor,False,False
0,0.0,1,45.21,11,1160.0,0.02,0.02,20.61,0.0,May,2,2,1,4,New_Visitor,False,True
2,88.1,1,43.2,0,0.0,0.0,0.05,0.0,0.0,Nov,3,2,9,2,Returning_Visitor,False,False
3,86.75,1,43.31,2,96.0,0.0,0.1,0.0,0.0,May,2,7,4,2,Returning_Visitor,False,False
3,35.2,0,0.0,44,734.85,0.01,0.05,17.21,0.0,Jul,1,2,1,3,Returning_Visitor,False,False
1,46.5,1,45.26,14,398.98,0.0,0.01,116.34,0.0,Dec,8,13,1,20,Returning_Visitor,False,True
3,87.22,0,43.23,1,0.0,0.2,0.05,0.0,0.0,June,2,2,1,2,Returning_Visitor,False,False
3,87.2,1,0.0,5,735.7,0.0,0.05,0.0,0.0,Mar,1,1,1,1,Returning_Visitor,False,False
3,47.0,0,43.2,22,736.07,0.03,0.05,0.0,0.0,May,3,2,3,11,Returning_Visitor,False,False
7,87.51,2,42.0,32,735.65,0.02,0.05,11.19,0.0,May,1,1,1,4,Returning_Visitor,False,False
3,101.47,1,0.0,10,333.25,0.02,0.02,9.91,0.0,Dec,2,2,1,2,Returning_Visitor,False,True
7,87.31,2,43.21,29,1612.98,0.03,0.01,0.0,0.0,Nov,2,2,1,2,Returning_Visitor,False,False
1,16.6,1,45.25,39,581.94,0.0,0.0,68.32,0.0,Aug,2,2,1,2,Returning_Visitor,False,True
0,87.16,0,0.0,89,734.94,0.03,0.02,0.0,0.0,Nov,1,2,1,2,Returning_Visitor,True,False
6,112.12,1,224.0,114,800.13,0.02,0.04,5.65,0.0,Nov,2,2,1,8,Returning_Visitor,True,True
3,190.31,2,43.5,22,1259.87,0.01,0.05,0.0,0.0,Nov,2,2,1,2,Returning_Visitor,False,False
3,3.0,4,161.5,137,799.97,0.02,0.04,5.48,0.0,Nov,2,2,1,2,Returning_Visitor,False,True
3,0.0,0,43.26,4,735.09,0.0,0.08,0.0,0.0,Mar,1,1,1,3,Returning_Visitor,False,False
2,21.0,1,45.16,65,2881.13,0.02,0.0,80.68,0.0,Mar,2,2,1,2,Returning_Visitor,False,True
1,16.6,0,0.0,84,734.58,0.03,0.05,0.0,0.0,Oct,1,1,6,2,Returning_Visitor,False,False
1,6.0,0,0.0,21,1046.32,0.02,0.05,0.0,0.0,Sep,4,1,5,2,Returning_Visitor,False,False
3,316.83,1,13.0,73,736.35,0.03,0.05,2.32,0.2,May,3,2,1,13,Returning_Visitor,False,False
0,86.86,0,0.0,21,735.34,0.03,0.05,0.0,0.8,May,2,2,1,2,Returning_Visitor,False,False
0,0.0,0,0.0,68,1212.44,0.0,0.01,64.42,0.0,Nov,4,2,1,1,Returning_Visitor,False,False
3,87.42,0,0.0,16,735.44,0.03,0.03,0.0,0.0,Nov,3,2,1,2,Returning_Visitor,False,False
10,261.5,1,406.0,60,736.11,0.03,0.01,13.72,0.4,May,3,2,1,2,Returning_Visitor,False,False
3,0.0,0,43.24,11,287.5,0.03,0.05,0.0,0.0,Oct,2,4,2,1,Returning_Visitor,False,False
0,0.0,0,0.0,20,736.4,0.03,0.06,0.0,0.6,May,2,2,1,4,Returning_Visitor,False,False
3,87.13,1,43.23,2,52.0,0.0,0.1,0.0,0.0,Feb,1,2,1,2,Returning_Visitor,False,False
3,0.0,1,43.06,14,684.75,0.03,0.05,0.0,0.0,Nov,2,2,1,2,Returning_Visitor,False,False
0,87.08,1,0.0,6,197.0,0.0,0.01,0.0,0.0,Mar,2,2,1,2,Returning_Visitor,False,False
0,0.0,1,0.0,7,735.48,0.0,0.05,0.0,0.0,Mar,3,3,1,1,Returning_Visitor,False,False
0,87.01,1,0.0,6,21.0,0.03,0.03,0.0,0.0,May,2,2,1,2,Returning_Visitor,False,False
0,0.0,0,43.29,4,0.0,0.2,0.2,0.0,0.2,May,3,2,1,2,Returning_Visitor,False,False
3,87.28,0,43.17,12,549.25,0.03,0.02,0.0,0.0,Dec,2,2,2,2,Returning_Visitor,False,False
0,0.0,0,43.19,22,337.1,0.0,0.05,0.0,0.0,Aug,2,2,1,2,Returning_Visitor,False,False
0,0.0,0,43.18,10,516.75,0.02,0.08,0.0,0.0,Dec,4,2,1,2,Returning_Visitor,False,False
3,0.0,0,0.0,12,505.33,0.08,0.05,0.0,0.4,May,2,2,1,2,Returning_Visitor,False,False
3,87.21,1,43.3,5,48.0,0.03,0.09,0.0,0.8,May,3,2,4,13,Returning_Visitor,False,False
3,87.0,1,43.19,41,735.98,0.03,0.05,0.0,0.0,May,2,2,1,2,Returning_Visitor,False,False
0,0.0,2,43.29,42,1931.63,0.03,0.01,0.0,0.0,Dec,1,2,1,1,Returning_Visitor,True,False
6,86.08,0,0.0,32,735.83,0.01,0.01,0.0,0.0,May,2,2,1,2,New_Visitor,False,False
10,815.77,3,618.0,129,737.01,0.03,0.05,0.0,0.4,May,2,2,1,2,Returning_Visitor,False,False
3,87.6,4,68.5,72,736.66,0.03,0.05,0.0,0.0,Nov,2,2,3,2,Returning_Visitor,False,False
3,0.0,0,0.0,74,2763.25,0.01,0.04,27.74,0.0,May,2,5,3,6,Returning_Visitor,False,False
3,0.0,1,43.28,2,12.0,0.03,0.1,0.0,0.0,May,2,2,1,2,Returning_Visitor,False,False
1,25.0,1,45.23,14,397.0,0.02,0.05,14.99,0.0,May,1,1,3,3,Returning_Visitor,False,True
3,28.2,0,45.01,35,942.69,0.02,0.04,8.44,0.0,Sep,1,1,1,2,Returning_Visitor,True,False
0,87.16,2,232.73,23,1669.03,0.0,0.02,0.0,0.0,June,3,2,4,2,Returning_Visitor,False,False
3,87.11,0,43.25,1,0.0,0.2,0.2,0.0,0.2,May,2,2,1,13,Returning_Visitor,False,False
0,86.99,0,43.21,3,15.0,0.0,0.07,0.0,0.0,Mar,2,4,3,2,Returning_Visitor,False,False
0,86.74,1,0.0,19,736.46,0.01,0.02,0.0,0.0,May,2,2,1,2,Returning_Visitor,False,False
1,30.5,0,0.0,324,800.03,0.02,0.04,4.49,0.0,Nov,2,2,1,1,Returning_Visitor,True,True
0,0.0,1,43.18,20,655.04,0.03,0.02,0.0,0.0,Dec,1,2,4,2,Returning_Visitor,False,False
3,0.0,0,0.0,11,735.39,0.02,0.04,0.0,0.0,Nov,3,2,1,2,Returning_Visitor,False,False
4,87.97,1,43.33,8,74.6,0.11,0.13,0.0,0.0,Jul,3,2,1,2,Returning_Visitor,False,False
3,0.0,1,43.24,3,140.0,0.03,0.13,0.0,0.0,May,3,2,1,3,Returning_Visitor,False,False
11,101.44,4,45.24,22,883.12,0.01,0.02,19.44,0.0,Sep,3,2,1,4,Returning_Visitor,False,False
3,154.0,1,45.2,8,422.08,0.02,0.04,27.93,0.0,Jul,1,1,1,4,Returning_Visitor,False,True
0,0.0,0,0.0,19,401.9,0.06,0.09,0.0,0.0,Aug,1,2,1,2,Returning_Visitor,False,False
1,6.0,0,0.0,25,1177.51,0.01,0.04,0.0,0.0,Oct,2,2,3,1,Returning_Visitor,False,False
3,0.0,0,43.22,5,734.93,0.03,0.02,0.0,0.0,Mar,1,1,3,2,Returning_Visitor,False,False
8,310.07,1,49.4,71,1441.97,0.02,0.01,48.3,0.0,Oct,1,1,1,20,Returning_Visitor,False,True
3,101.4,0,45.24,15,658.75,0.0,0.04,0.0,0.0,Nov,3,2,6,2,New_Visitor,False,False
0,0.0,1,43.27,12,735.34,0.0,0.03,0.0,0.8,May,1,2,1,4,Returning_Visitor,False,False
3,86.97,0,43.22,1,736.07,0.2,0.05,0.0,0.0,Mar,2,2,1,1,Returning_Visitor,False,False
3,76.77,1,9.0,17,1566.2,0.01,0.05,0.0,0.0,Sep,2,2,3,5,Returning_Visitor,False,False
3,45.0,1,43.21,26,735.91,0.03,0.02,0.0,0.0,May,1,2,1,2,Returning_Visitor,True,False
3,87.45,0,0.0,23,736.25,0.02,0.03,0.0,0.0,Dec,2,2,3,3,Returning_Visitor,False,False
11,196.15,0,0.0,141,801.39,0.02,0.04,12.51,0.0,Nov,2,2,1,2,Returning_Visitor,False,False
2,116.8,1,0.0,5,170.4,0.0,0.03,88.07,0.0,Nov,2,2,7,2,Returning_Visitor,False,True
3,47.3,1,0.0,32,1870.97,0.0,0.05,0.0,0.0,Aug,2,2,9,2,Returning_Visitor,False,False
4,53.4,2,113.8,256,736.34,0.03,0.05,0.0,0.0,Nov,2,2,1,2,Returning_Visitor,False,False
3,57.0,0,43.24,5,81.0,0.0,0.03,0.0,0.0,Mar,1,1,1,10,Returning_Visitor,False,False
9,319.83,1,18.0,10,735.87,0.0,0.02,0.0,0.0,Dec,1,1,1,2,Returning_Visitor,False,False
0,0.0,0,43.14,10,736.01,0.03,0.03,0.0,0.0,Dec,1,2,3,2,Returning_Visitor,False,False
3,61.65,1,380.96,102,736.29,0.03,0.05,11.43,0.0,Sep,3,2,1,2,Returning_Visitor,False,False
6,87.72,0,0.0,30,734.99,0.03,0.05,0.0,0.0,Nov,3,2,1,2,Returning_Visitor,False,False
0,86.9,1,8.0,66,1514.84,0.03,0.05,0.0,0.0,Dec,2,2,1,2,Returning_Visitor,False,False
3,0.0,1,43.18,1,734.3,0.2,0.2,0.0,0.0,Dec,3,2,7,2,Returning_Visitor,False,False
3,27.2,1,0.0,9,396.0,0.0,0.02,0.0,0.0,Nov,2,2,1,2,Returning_Visitor,False,False
3,0.0,1,0.0,53,734.58,0.03,0.05,31.9,0.0,Aug,2,4,1,3,Returning_Visitor,False,True
0,87.2,1,43.26,3,400.67,0.0,0.05,0.0,0.4,May,2,2,1,2,Returning_Visitor,False,False
4,87.25,1,0.0,9,139.5,0.0,0.05,0.0,0.0,Dec,2,2,3,2,Returning_Visitor,False,False
3,0.0,1,0.0,1,734.76,0.2,0.2,0.0,0.0,May,1,2,1,3,Returning_Visitor,False,False
3,87.22,0,0.0,79,736.31,0.03,0.03,0.0,0.6,May,3,2,1,4,Returning_Visitor,False,False
3,77.0,1,0.0,94,735.78,0.03,0.05,0.0,0.0,Oct,2,2,1,2,Returning_Visitor,True,False
3,334.0,1,45.19,32,4316.83,0.02,0.0,42.71,0.0,Dec,8,13,1,2,Returning_Visitor,False,True
3,86.95,1,43.2,1,0.0,0.2,0.2,0.0,0.0,Dec,8,13,9,20,Other,False,False
3,87.14,1,43.2,31,2221.0,0.0,0.05,0.0,0.0,Nov,2,2,9,3,Returning_Visitor,False,False
3,14.0,1,0.0,30,513.94,0.02,0.01,62.87,0.0,May,2,2,1,2,Returning_Visitor,False,False
0,0.0,1,0.0,13,801.81,0.02,0.02,34.97,0.0,Nov,1,1,1,2,Returning_Visitor,False,True
0,0.0,0,0.0,5,29.0,0.0,0.04,0.0,0.0,Mar,2,2,7,2,Returning_Visitor,False,False
6,101.45,1,141.17,50,801.19,0.02,0.01,11.8,0.0,May,1,2,1,2,Returning_Visitor,False,False
0,0.0,2,0.0,99,736.54,0.03,0.05,0.0,0.0,Nov,3,2,1,13,Returning_Visitor,False,True
2,268.0,2,84.0,46,1679.67,0.03,0.03,0.0,0.0,Nov,3,2,1,13,Returning_Visitor,True,False
1,87.33,0,0.0,21,1429.62,0.03,0.05,0.0,0.0,Nov,1,1,1,2,Returning_Visitor,False,False
3,164.0,0,0.0,30,735.78,0.03,0.01,0.0,0.2,May,2,2,1,2,New_Visitor,False,False
2,87.09,1,43.2,11,155.83,0.0,0.05,0.0,0.2,May,2,2,3,2,Returning_Visitor,False,False
8,636.0,1,0.0,52,3374.02,0.02,0.0,108.09,0.0,Nov,2,2,1,13,Returning_Visitor,False,True
3,0.0,1,43.11,27,1199.73,0.01,0.02,9.03,0.0,Mar,1,1,2,2,Returning_Visitor,False,False
0,87.21,1,43.16,48,735.4,0.03,0.01,0.0,0.0,Aug,1,2,1,20,Returning_Visitor,False,False
9,181.27,2,65.0,120,799.84,0.02,0.02,2.44,0.0,Nov,1,2,1,2,Returning_Visitor,False,False
0,87.48,0,0.0,5,51.0,0.03,0.04,0.0,0.0,Nov,3,2,1,13,Returning_Visitor,False,False
3,0.0,0,43.18,31,735.53,0.02,0.05,0.0,0.0,Nov,2,2,2,3,Returning_Visitor,False,False
3,218.57,1,0.0,35,1760.61,0.0,0.04,16.82,0.0,Nov,2,2,1,2,Returning_Visitor,False,True
0,0.0,1,43.25,13,257.0,0.03,0.05,0.0,0.0,Nov,1,1,1,2,Returning_Visitor,False,False
3,87.21,1,7.0,16,794.54,0.03,0.05,0.0,0.0,Dec,1,2,3,2,Returning_Visitor,False,False
5,87.81,0,43.17,87,1764.18,0.03,0.03,0.0,0.0,June,2,6,1,1,Returning_Visitor,False,False
0,0.0,0,43.22,18,735.47,0.03,0.0,0.0,0.2,May,3,2,1,2,Returning_Visitor,False,False
3,0.0,0,43.24,1,735.51,0.2,0.2,0.0,0.0,Mar,2,2,1,1,Returning_Visitor,False,False
4,116.0,1,8.0,59,802.68,0.0,0.02,26.94,0.0,May,2,2,1,6,Returning_Visitor,False,False
3,101.33,0,45.25,8,724.2,0.02,0.04,5.09,0.0,Nov,1,2,3,2,Returning_Visitor,False,True
1,56.5,1,41.5,87,2504.87,0.03,0.05,0.0,0.0,Nov,1,2,1,11,Returning_Visitor,True,False
3,87.26,0,0.0,25,736.1,0.01,0.02,0.0,0.0,May,2,2,2,1,Returning_Visitor,False,False
0,87.04,0,0.0,33,735.77,0.03,0.0,0.0,0.0,Nov,4,2,4,2,Returning_Visitor,False,False
3,0.0,1,0.0,10,761.75,0.03,0.05,0.0,0.0,Nov,3,2,3,2,Returning_Visitor,False,False
2,143.8,1,43.2,6,735.96,0.02,0.05,0.0,0.0,May,3,2,8,2,Returning_Visitor,False,False
3,87.64,1,43.26,10,234.64,0.05,0.05,0.0,0.0,Nov,3,2,3,13,Returning_Visitor,True,False
1,88.63,6,43.33,73,3585.18,0.01,0.05,0.0,0.0,Nov,3,2,1,2,Returning_Visitor,False,False
0,0.0,0,43.2,10,736.26,0.0,0.01,0.0,0.0,Mar,2,2,4,3,Returning_Visitor,False,False
1,87.54,2,0.0,29,735.27,0.05,0.08,0.0,0.0,Dec,3,2,1,2,Returning_Visitor,False,False
11,373.62,9,322.8,191,736.72,0.03,0.05,0.0,0.0,Aug,2,2,1,1,Returning_Visitor,True,False
3,205.7,0,0.0,10,157.1,0.01,0.03,0.0,0.0,Oct,2,2,1,20,Returning_Visitor,False,True
3,87.29,0,43.19,7,251.67,0.03,0.01,0.0,0.0,Mar,3,2,1,2,Returning_Visitor,True,False
2,87.28,0,0.0,89,735.3,0.03,0.05,0.0,0.0,Dec,1,2,1,3,Returning_Visitor,False,False
0,87.1,1,43.21,25,1512.52,0.03,0.02,0.0,0.0,Mar,2,2,3,2,Returning_Visitor,False,False
3,86.93,0,0.0,13,197.2,0.03,0.04,0.0,0.0,May,2,2,7,3,Returning_Visitor,False,False
15,831.62,1,45.13,23,800.41,0.0,0.04,1.53,0.0,Nov,2,2,7,2,Returning_Visitor,True,False
1,86.8,0,0.0,49,4651.03,0.03,0.05,0.0,0.8,May,2,2,7,2,Returning_Visitor,False,False
4,50.5,1,54.0,41,736.05,0.0,0.05,0.0,0.0,Mar,2,2,1,2,Returning_Visitor,False,False
0,0.0,0,43.2,12,363.0,0.03,0.05,0.0,0.0,Nov,4,1,4,2,Returning_Visitor,False,False
3,125.1,2,34.6,25,740.47,0.01,0.05,0.0,0.0,Aug,2,2,1,1,Returning_Visitor,True,False
0,87.32,1,43.2,12,735.21,0.02,0.03,0.0,0.0,Nov,1,2,9,2,Returning_Visitor,True,False
1,87.91,1,43.57,52,738.31,0.0,0.05,0.0,0.0,Sep,2,2,1,2,Returning_Visitor,False,False
2,87.52,1,43.23,20,1572.57,0.03,0.02,0.0,0.0,Mar,3,2,3,2,Returning_Visitor,False,False
3,80.0,1,43.79,17,442.17,0.03,0.01,0.0,0.0,Nov,2,2,1,2,New_Visitor,True,False
10,247.15,3,788.0,111,799.4,0.02,0.01,2.51,0.0,Nov,2,2,1,3,Returning_Visitor,False,False
11,603.8,2,102.75,305,736.04,0.03,0.05,0.0,0.0,Oct,3,2,1,3,Returning_Visitor,False,False
2,14.0,2,189.0,134,716.8,0.01,0.05,0.0,0.0,Nov,1,8,3,2,Returning_Visitor,False,False
3,87.12,2,31.0,47,735.31,0.0,0.02,0.0,0.8,May,3,2,1,2,Returning_Visitor,False,False
1,13.0,0,0.0,13,220.33,0.0,0.0,0.0,0.0,May,2,2,8,2,Returning_Visitor,False,False
9,387.75,0,0.0,64,799.61,0.0,0.04,9.58,0.0,Nov,3,2,1,2,Returning_Visitor,False,True
0,0.0,0,43.19,5,57.0,0.08,0.05,0.0,0.0,Mar,2,5,1,2,Returning_Visitor,False,False
9,87.28,0,0.0,14,735.6,0.0,0.01,0.0,0.0,Nov,1,1,1,2,New_Visitor,False,False
3,87.26,0,0.0,19,473.0,0.03,0.05,0.0,0.0,May,3,2,3,1,Returning_Visitor,False,False
4,47.0,1,49.5,28,687.47,0.02,0.04,108.91,0.0,Nov,1,1,1,2,Returning_Visitor,True,True
0,0.0,1,43.26,2,121.0,0.0,0.05,0.0,0.0,May,3,2,1,2,Returning_Visitor,False,False
1,87.14,1,0.0,36,1378.17,0.03,0.05,0.0,0.0,Nov,2,2,1,13,Returning_Visitor,True,False
3,93.98,1,0.0,1,31.2,0.0,0.05,0.0,0.0,Sep,2,4,4,2,Returning_Visitor,False,False
12,279.42,0,0.0,42,1553.58,0.01,0.02,38.31,0.0,Feb,1,1,1,2,Returning_Visitor,False,False
0,0.0,0,43.22,10,735.94,0.02,0.06,0.0,0.0,May,3,2,1,13,Returning_Visitor,False,False
7,45.42,1,45.22,35,653.86,0.02,0.03,19.78,0.0,Dec,2,2,1,2,Returning_Visitor,False,False
3,94.7,1,43.26,20,733.67,0.01,0.0,0.0,0.0,Jul,1,1,2,4,Returning_Visitor,False,False
5,140.8,4,254.75,61,736.34,0.03,0.05,14.62,0.0,Nov,2,2,1,2,Returning_Visitor,True,False
3,215.4,0,0.0,19,1221.7,0.0,0.0,0.0,0.0,June,2,2,1,2,New_Visitor,False,False
0,0.0,0,0.0,3,801.34,0.0,0.07,65.99,0.0,May,2,2,1,2,Returning_Visitor,False,True
3,0.0,1,43.2,8,735.27,0.03,0.05,0.0,0.0,Mar,1,2,1,2,Returning_Visitor,False,False
3,46.4,1,0.0,8,802.14,0.0,0.03,4.78,0.0,Oct,2,7,1,2,Returning_Visitor,True,True
4,87.21,1,0.0,19,479.87,0.03,0.02,0.0,0.0,Mar,4,2,1,2,Returning_Visitor,False,False
2,42.5,0,0.0,48,800.38,0.02,0.04,5.54,0.6,May,2,2,1,4,Returning_Visitor,False,True
3,0.0,1,45.24,10,801.47,0.0,0.02,32.73,0.0,Jul,2,2,1,2,Returning_Visitor,False,True
10,143.58,1,92.0,245,800.97,0.02,0.04,59.42,0.0,Nov,3,2,1,8,Returning_Visitor,False,True
3,0.0,1,45.18,18,1110.87,0.02,0.01,57.04,0.0,Aug,2,10,4,1,Returning_Visitor,False,True
1,87.04,0,0.0,22,710.67,0.03,0.0,0.0,0.0,May,2,4,3,2,Returning_Visitor,False,False
3,0.0,2,30.67,13,307.57,0.03,0.05,0.0,1.0,May,1,2,1,2,Returning_Visitor,False,False
1,87.26,1,0.0,8,183.0,0.0,0.01,0.0,0.0,May,1,2,1,4,Returning_Visitor,False,False
2,1172.0,0,0.0,24,734.81,0.03,0.05,0.0,0.0,May,1,8,1,6,Returning_Visitor,False,False
5,87.39,0,43.22,140,735.83,0.0,0.05,0.0,0.0,Sep,2,2,1,2,Returning_Visitor,True,False
3,87.16,0,0.0,6,83.0,0.0,0.01,0.0,0.0,Mar,2,2,1,2,Returning_Visitor,False,False
0,0.0,0,43.16,15,735.33,0.01,0.01,0.0,0.0,Mar,2,5,1,2,Returning_Visitor,True,False
5,54.83,0,0.0,26,986.92,0.02,0.04,45.7,0.0,May,6,2,4,5,Returning_Visitor,False,False
3,97.33,1,43.2,16,967.62,0.0,0.01,0.0,0.0,Dec,1,1,8,2,Returning_Visitor,False,False
0,86.82,1,0.0,9,735.62,0.03,0.06,0.0,0.0,Nov,2,4,4,2,Returning_Visitor,False,False
2,47.67,0,0.0,83,801.41,0.0,0.01,28.94,0.2,May,2,2,1,2,Returning_Visitor,False,False
3,87.44,1,43.19,5,84.0,0.0,0.03,0.0,0.0,Dec,3,2,7,10,Returning_Visitor,False,False
2,87.18,0,0.0,13,142.0,0.03,0.05,0.0,0.0,Mar,4,2,4,8,Returning_Visitor,False,False
0,0.0,1,0.0,11,734.98,0.0,0.0,0.0,0.0,Nov,1,2,1,2,New_Visitor,False,False
3,101.45,1,0.0,19,801.68,0.02,0.01,28.03,0.2,May,2,2,1,2,Returning_Visitor,False,True
3,125.0,1,43.2,29,705.4,0.03,0.02,0.0,0.0,Mar,2,2,1,1,Returning_Visitor,False,False
4,103.0,1,41.0,16,735.44,0.0,0.01,0.0,0.0,Mar,3,2,3,2,Returning_Visitor,False,False
3,101.37,4,116.0,84,2839.75,0.02,0.04,6.28,0.0,May,2,2,1,2,Returning_Visitor,False,False
3,0.0,1,43.16,37,918.54,0.03,0.01,0.0,0.0,Nov,1,1,1,2,Returning_Visitor,True,True
5,215.5,1,0.0,61,735.45,0.0,0.05,0.0,0.6,May,3,2,1,2,Returning_Visitor,False,False
0,101.44,1,45.22,5,120.79,0.0,0.04,11.81,0.0,June,2,2,1,2,Returning_Visitor,False,True
2,58.4,0,0.0,24,736.51,0.03,0.05,1.7,0.0,Sep,2,2,1,1,Returning_Visitor,True,False
3,87.51,1,0.0,5,62.0,0.12,0.14,0.0,0.0,Mar,3,2,3,1,Returning_Visitor,False,False
4,99.12,1,0.0,38,876.3,0.0,0.02,0.0,0.0,Nov,4,1,7,3,Returning_Visitor,False,False
3,87.03,0,43.27,6,1054.3,0.07,0.1,0.0,0.0,Jul,2,12,6,3,Returning_Visitor,False,False
3,47.0,1,51.0,68,798.86,0.02,0.04,46.53,0.0,Mar,2,2,1,2,Returning_Visitor,False,False
3,27.0,1,0.0,21,801.77,0.02,0.04,10.95,0.6,May,2,2,1,2,Returning_Visitor,False,True
7,101.2,2,11.5,129,5293.82,0.02,0.04,2.52,0.2,May,2,2,3,1,Returning_Visitor,False,False
3,78.0,1,0.0,27,744.28,0.02,0.05,8.08,0.0,May,2,2,4,2,Returning_Visitor,False,True
0,87.26,1,43.13,40,735.14,0.01,0.05,0.0,0.0,Mar,3,2,1,2,Returning_Visitor,False,False
0,86.62,0,43.34,6,736.37,0.07,0.08,0.0,0.0,Nov,4,2,3,13,Returning_Visitor,False,False
4,97.8,0,0.0,53,734.69,0.03,0.05,0.0,0.0,Aug,1,2,1,3,Returning_Visitor,False,False
3,0.0,0,45.24,45,802.65,0.0,0.02,45.43,0.0,Mar,2,2,1,2,Returning_Visitor,False,True
3,87.81,1,0.0,1,0.0,0.05,0.05,0.0,0.0,Sep,3,2,1,2,Returning_Visitor,False,True
3,228.0,1,267.5,23,1266.27,0.03,0.04,0.0,0.0,Mar,2,2,1,2,Returning_Visitor,False,False
3,0.0,1,0.0,22,736.32,0.01,0.05,0.0,0.0,May,3,2,1,2,Returning_Visitor,False,False
0,87.0,0,0.0,13,193.37,0.02,0.02,0.0,0.0,Nov,3,2,1,2,New_Visitor,True,False
0,0.0,1,0.0,20,1815.28,0.03,0.03,0.0,0.6,May,1,2,1,2,Returning_Visitor,False,False
3,87.02,1,43.23,9,205.5,0.0,0.05,0.0,0.0,Nov,8,1,1,2,Returning_Visitor,False,False
0,0.0,0,0.0,38,735.28,0.03,0.05,0.0,0.0,Dec,3,2,1,2,Returning_Visitor,False,False
3,0.0,0,0.0,29,1089.0,0.03,0.05,0.0,0.0,Mar,1,2,1,1,Returning_Visitor,False,False
13,313.09,4,516.0,132,739.08,0.0,0.05,8.87,0.0,May,2,5,1,4,Returning_Visitor,False,False
2,190.75,0,0.0,36,1604.79,0.03,0.01,0.0,0.0,Dec,3,2,1,2,Returning_Visitor,False,False
3,87.28,0,0.0,3,44.5,0.07,0.05,0.0,0.0,Dec,2,2,9,2,Returning_Visitor,False,False
0,100.88,1,0.0,8,122.75,0.0,0.03,0.0,0.0,Nov,3,2,1,2,New_Visitor,False,False
3,0.0,1,0.0,11,684.33,0.03,0.06,0.0,0.0,Feb,2,2,6,1,Returning_Visitor,False,False
3,87.04,1,43.17,8,735.73,0.0,0.0,0.0,0.0,May,3,2,4,2,Returning_Visitor,False,False
3,0.0,0,0.0,33,735.2,0.03,0.01,0.0,0.0,Nov,1,1,9,2,Returning_Visitor,False,False
3,0.0,1,45.25,7,578.2,0.0,0.03,58.49,0.0,May,2,5,1,6,Returning_Visitor,True,True
3,87.3,1,22.0,39,1177.29,0.03,0.02,0.0,0.0,Nov,2,5,7,2,Returning_Visitor,False,False
3,161.35,0,43.16,18,735.39,0.0,0.03,0.0,0.0,Nov,1,2,1,2,Returning_Visitor,False,False
6,91.98,3,58.95,54,736.04,0.03,0.01,0.0,0.0,May,3,2,3,4,Returning_Visitor,False,False
2,7.0,0,0.0,27,736.61,0.03,0.05,0.0,0.0,Nov,1,1,1,2,Returning_Visitor,False,False
3,87.53,1,13.0,55,735.95,0.03,0.05,9.14,0.0,May,2,2,1,2,Returning_Visitor,False,False
0,87.66,0,0.0,14,549.95,0.03,0.05,0.0,0.0,Dec,3,2,1,2,Returning_Visitor,False,False
3,87.41,1,94.0,21,1449.0,0.03,0.02,53.66,0.0,May,1,1,6,3,Returning_Visitor,False,True
3,87.47,0,43.22,2,734.7,0.03,0.02,0.0,0.0,Dec,1,1,1,2,Returning_Visitor,False,False
0,0.0,0,0.0,29,631.78,0.03,0.05,0.0,0.0,Nov,2,2,1,1,Returning_Visitor,False,False
7,154.93,1,0.0,31,910.04,0.02,0.05,5.32,0.0,Jul,1,1,1,2,Returning_Visitor,False,False
1,55.5,0,0.0,53,735.95,0.01,0.05,0.0,0.0,Dec,4,2,1,1,Returning_Visitor,False,False
4,87.15,0,0.0,40,735.87,0.03,0.0,0.0,0.0,May,3,2,1,2,New_Visitor,False,False
1,116.0,1,0.0,22,1245.6,0.02,0.03,27.82,0.0,May,1,1,3,4,Returning_Visitor,False,True
9,87.46,1,17.0,80,734.51,0.0,0.05,12.45,0.0,May,1,1,1,3,Returning_Visitor,False,False
3,87.4,1,0.0,2,735.35,0.0,0.05,0.0,0.0,Mar,2,2,1,2,Returning_Visitor,False,False
3,17.0,1,43.23,71,2086.67,0.03,0.05,0.0,0.0,Dec,2,2,7,3,Returning_Visitor,False,False
0,0.0,1,97.0,143,805.2,0.02,0.02,0.0,0.0,Nov,2,2,1,2,Returning_Visitor,False,False
6,253.75,3,43.31,19,569.51,0.03,0.03,0.0,0.2,May,3,2,2,2,Returning_Visitor,False,False
3,0.0,1,0.0,19,1210.1,0.0,0.01,0.0,0.0,Nov,1,1,3,2,Returning_Visitor,False,False
5,87.03,1,0.0,16,735.8,0.03,0.05,0.0,0.0,May,2,2,1,2,Returning_Visitor,False,False
3,100.07,1,0.0,30,310.34,0.02,0.04,28.52,0.0,Jul,2,2,5,2,Returning_Visitor,True,True
3,87.47,0,0.0,2,48.4,0.0,0.05,0.0,0.0,Oct,1,1,1,2,Returning_Visitor,False,False
3,87.17,0,0.0,8,65.4,0.05,0.05,0.0,0.0,Aug,1,1,1,3,Returning_Visitor,False,False
3,0.0,0,43.25,6,332.0,0.0,0.03,0.0,0.0,May,2,5,4,11,Returning_Visitor,False,False
3,0.0,1,43.24,1,0.0,0.2,0.2,0.0,0.0,Mar,1,2,1,2,Returning_Visitor,False,False
0,0.0,0,43.23,13,1985.0,0.02,0.05,0.0,0.0,Nov,4,2,7,2,Returning_Visitor,False,False
8,205.25,0,0.0,155,799.34,0.0,0.04,3.8,0.0,Nov,2,2,1,6,Returning_Visitor,False,True
3,42.0,0,43.21,24,736.01,0.03,0.02,0.0,0.0,May,3,2,4,3,Returning_Visitor,False,False
0,0.0,0,0.0,47,735.79,0.03,0.02,0.0,0.0,Dec,2,2,1,1,Returning_Visitor,False,False
3,87.21,1,0.0,19,735.07,0.03,0.05,0.0,0.0,Nov,1,2,1,4,Returning_Visitor,False,False
3,63.5,1,43.13,8,253.25,0.0,0.02,0.0,0.0,Dec,2,2,7,2,New_Visitor,False,False
0,0.0,0,43.26,6,28.0,0.07,0.05,0.0,0.8,May,2,2,7,6,Returning_Visitor,False,False
5,87.33,1,118.75,21,398.0,0.01,0.05,0.0,0.0,Dec,2,2,1,2,New_Visitor,False,False
8,87.19,1,43.22,17,736.75,0.0,0.02,0.0,0.0,May,2,2,1,2,Returning_Visitor,False,False
3,87.05,2,62.33,34,735.56,0.03,0.05,0.0,0.8,May,2,2,1,2,Returning_Visitor,False,False
1,19.0,1,43.2,56,2954.76,0.03,0.05,0.0,0.6,May,2,2,1,6,Returning_Visitor,False,False
0,0.0,1,20.0,13,816.95,0.03,0.05,0.0,0.0,May,3,2,8,2,Returning_Visitor,False,False
1,101.25,0,0.0,52,801.27,0.02,0.02,21.11,0.0,Nov,2,2,1,3,Returning_Visitor,True,False
3,0.0,1,0.0,8,95.0,0.0,0.08,0.0,0.0,Feb,4,1,3,2,Returning_Visitor,False,False
3,87.47,0,0.0,13,735.68,0.0,0.05,0.0,0.0,Feb,2,2,1,2,Returning_Visitor,False,False
3,61.0,0,43.29,31,1470.42,0.0,0.05,0.0,0.0,May,1,2,1,3,New_Visitor,False,False
3,87.28,0,43.21,31,1075.76,0.0,0.01,0.0,0.0,May,2,2,1,2,New_Visitor,False,False
3,55.0,0,43.16,16,284.9,0.03,0.05,18.86,0.0,Mar,1,1,2,2,Returning_Visitor,False,False
1,4.75,2,78.0,67,735.52,0.0,0.05,0.0,0.0,Mar,2,2,1,1,Returning_Visitor,False,False
3,88.0,0,0.0,3,95.5,0.0,0.02,0.0,0.0,May,1,2,3,2,Returning_Visitor,False,False
6,123.54,1,43.19,12,189.0,0.0,0.01,0.0,0.0,Dec,3,12,3,1,New_Visitor,False,False
0,87.09,1,43.15,4,1623.67,0.13,0.14,0.0,0.0,Aug,1,1,1,3,Returning_Visitor,False,False
0,0.0,1,43.17,15,259.67,0.03,0.05,0.0,0.0,May,1,1,2,2,Returning_Visitor,True,False
0,0.0,1,43.2,18,735.53,0.03,0.05,0.0,0.8,May,2,2,2,4,Returning_Visitor,False,False
3,92.83,0,0.0,24,802.2,0.0,0.02,17.84,0.0,Mar,1,2,1,2,Returning_Visitor,False,True
3,0.0,1,43.19,0,735.03,0.2,0.2,0.0,0.0,May,2,2,8,2,Returning_Visitor,False,False
2,11.92,2,139.0,80,801.32,0.0,0.04,16.88,0.0,Mar,3,2,1,2,Returning_Visitor,True,True
6,87.35,1,43.27,46,734.59,0.01,0.05,0.0,0.0,Nov,1,1,1,8,Returning_Visitor,False,False
3,0.0,1,28.0,1,0.0,0.07,0.13,0.0,0.6,May,2,2,8,3,Returning_Visitor,False,False
0,0.0,1,43.36,5,454.0,0.0,0.05,0.0,0.0,Mar,2,2,1,6,Returning_Visitor,False,False
0,87.08,0,0.0,57,3696.23,0.03,0.04,0.0,0.0,Nov,3,2,1,2,Returning_Visitor,True,False
0,86.82,1,43.24,9,735.76,0.0,0.05,0.0,0.0,May,1,1,1,3,Returning_Visitor,False,False
4,82.0,1,45.1,13,801.08,0.02,0.02,31.98,0.0,May,1,2,8,2,Returning_Visitor,False,True
3,87.01,0,0.0,6,737.91,0.03,0.05,0.0,0.0,Mar,2,2,8,2,Returning_Visitor,False,False
0,87.05,0,43.24,6,104.0,0.03,0.03,0.0,0.0,Mar,3,2,7,6,Returning_Visitor,False,False
3,146.0,0,43.22,7,221.4,0.03,0.02,0.0,0.0,Nov,1,1,4,2,Returning_Visitor,False,False
0,0.0,0,0.0,55,946.36,0.03,0.03,0.0,0.0,Nov,2,2,1,1,Returning_Visitor,False,False
8,87.33,1,738.08,36,735.42,0.03,0.01,27.79,0.0,Dec,1,1,1,2,New_Visitor,False,False
3,195.4,2,294.6,93,797.11,0.02,0.04,0.0,0.0,Sep,2,2,1,2,Returning_Visitor,False,True
3,87.18,0,43.16,1,734.27,0.2,0.2,0.0,0.0,Feb,1,1,1,2,Returning_Visitor,False,False
0,0.0,1,43.17,2,7.0,0.03,0.1,0.0,0.0,Nov,2,2,4,2,Returning_Visitor,False,False
3,28.25,1,43.35,10,128.5,0.03,0.05,0.0,0.0,Nov,3,2,3,2,Returning_Visitor,True,False
3,0.0,1,43.25,4,735.17,0.1,0.15,0.0,0.6,May,2,5,1,3,Returning_Visitor,False,False
1,26.5,1,0.0,13,801.28,0.0,0.02,41.42,0.0,Nov,1,1,1,2,New_Visitor,False,True
1,206.0,2,45.3,65,801.9,0.02,0.04,6.64,0.0,Nov,2,2,4,2,Returning_Visitor,False,True
3,0.0,0,0.0,1,735.36,0.03,0.05,0.0,0.0,June,3,2,3,2,Returning_Visitor,False,False
3,142.5,1,0.0,48,735.97,0.03,0.01,0.0,0.0,Nov,1,2,1,11,Returning_Visitor,False,False
0,0.0,0,0.0,51,802.87,0.02,0.01,12.01,0.0,Oct,3,2,1,1,Returning_Visitor,True,True
3,87.15,0,43.15,13,221.5,0.0,0.02,0.0,0.0,Nov,2,2,1,2,New_Visitor,False,False
3,0.0,1,0.0,24,1242.0,0.02,0.06,0.0,0.0,Nov,2,2,1,1,Returning_Visitor,False,False
3,86.8,0,0.0,15,487.5,0.03,0.05,0.0,0.8,Feb,1,1,1,4,Returning_Visitor,True,False
0,87.23,0,0.0,1,0.0,0.2,0.2,0.0,0.0,May,1,1,1,3,Returning_Visitor,False,False
3,87.25,1,0.0,16,734.87,0.0,0.01,0.0,0.0,Mar,1,1,3,2,Returning_Visitor,False,False
3,86.93,1,0.0,26,736.49,0.03,0.05,0.0,0.0,Nov,2,2,3,2,Returning_Visitor,False,False
3,244.25,0,0.0,110,738.23,0.01,0.05,11.1,0.0,Nov,2,2,1,1,Returning_Visitor,False,False
0,86.77,0,0.0,29,736.62,0.03,0.1,0.0,0.8,May,2,2,1,2,Returning_Visitor,False,False
3,87.4,1,0.0,4,103.5,0.0,0.05,0.0,0.0,Nov,2,2,1,2,Returning_Visitor,False,False
1,8.0,1,0.0,34,709.33,0.03,0.05,0.0,0.0,Nov,2,2,1,2,Returning_Visitor,False,False
0,0.0,1,45.34,8,308.0,0.02,0.03,35.09,0.0,May,2,4,1,2,Returning_Visitor,False,True
3,87.11,1,43.19,1,0.0,0.2,0.2,0.0,0.0,Mar,2,2,8,2,Returning_Visitor,False,False
6,111.0,0,45.24,13,522.0,0.0,0.01,36.65,0.0,May,2,2,2,2,New_Visitor,False,True
5,87.74,1,43.29,26,934.15,0.03,0.05,0.0,0.0,Dec,1,2,3,3,Returning_Visitor,False,False
0,87.18,1,0.0,15,736.53,0.0,0.05,0.0,0.0,Mar,2,2,2,3,Returning_Visitor,True,False
3,86.93,0,43.21,18,491.75,0.0,0.03,0.0,0.0,Dec,2,2,1,2,New_Visitor,False,False
4,85.0,1,0.0,22,452.58,0.0,0.01,107.94,0.0,May,2,2,1,2,Returning_Visitor,False,True
0,0.0,0,43.21,5,735.7,0.04,0.05,0.0,0.0,Mar,2,4,1,2,Returning_Visitor,False,False
0,0.0,0,43.24,23,209.83,0.0,0.05,0.0,0.0,May,2,2,1,13,Returning_Visitor,False,False
0,86.75,0,0.0,24,735.49,0.03,0.06,0.0,1.0,May,3,2,3,4,Returning_Visitor,True,False
1,54.5,0,0.0,68,736.02,0.03,0.05,4.1,0.0,Mar,1,1,2,1,Returning_Visitor,False,False
2,37.0,0,0.0,25,800.99,0.0,0.04,18.56,0.0,May,2,5,1,4,Returning_Visitor,False,False
17,311.25,4,43.2,139,738.19,0.03,0.05,86.79,0.0,Dec,2,2,1,6,Returning_Visitor,False,False
3,86.86,1,0.0,5,137.0,0.03,0.04,0.0,0.0,Oct,2,2,1,2,Returning_Visitor,False,False
2,124.4,2,43.31,7,735.95,0.0,0.05,0.0,0.0,June,3,2,1,11,New_Visitor,False,False
0,87.55,0,0.0,2,733.27,0.0,0.1,0.0,0.0,Dec,1,2,2,2,Returning_Visitor,False,False
2,100.0,1,12.0,44,1373.95,0.0,0.05,0.0,0.0,May,1,2,1,2,New_Visitor,True,False
3,0.0,0,0.0,8,111.0,0.1,0.05,0.0,0.8,May,2,2,1,13,Returning_Visitor,False,False
1,87.29,1,31.7,6,104.25,0.0,0.01,0.0,0.0,June,2,5,1,2,Returning_Visitor,False,False
3,87.77,1,0.0,26,1115.4,0.06,0.05,0.0,0.0,Aug,3,2,6,13,Returning_Visitor,True,False
0,0.0,1,45.12,50,804.35,0.0,0.02,3.61,0.0,Mar,2,2,1,3,Returning_Visitor,True,True
3,87.05,2,45.0,11,624.0,0.02,0.05,0.0,0.0,Mar,2,2,4,10,Returning_Visitor,False,False
0,0.0,1,0.0,23,647.14,0.02,0.04,0.0,0.0,Nov,1,2,1,2,Returning_Visitor,False,False
2,22.9,0,0.0,145,801.02,0.02,0.04,0.78,0.0,Nov,2,10,1,3,Returning_Visitor,True,True
3,0.0,0,0.0,1,735.36,0.2,0.05,0.0,0.0,May,2,2,4,1,Returning_Visitor,False,False
3,86.95,0,43.21,1,0.0,0.2,0.05,0.0,0.0,Mar,2,2,1,1,Returning_Visitor,False,False
13,210.43,9,435.45,154,739.94,0.03,0.02,2.98,0.0,Nov,3,2,1,2,Returning_Visitor,False,True
3,44.23,1,0.0,13,311.79,0.0,0.0,34.04,0.0,June,2,2,1,5,Returning_Visitor,False,True
3,295.2,1,56.9,80,1242.06,0.03,0.02,0.0,0.0,Oct,2,2,3,1,Returning_Visitor,False,False
3,87.12,1,43.22,3,10.0,0.0,0.05,0.0,0.0,Mar,2,2,7,1,Returning_Visitor,False,False
3,87.54,0,0.0,74,1540.29,0.03,0.05,0.0,0.0,Aug,2,2,1,2,Returning_Visitor,False,False
3,87.13,0,0.0,1,11.0,0.0,0.05,0.0,0.0,Dec,1,1,3,2,Returning_Visitor,False,False
6,148.21,2,45.33,98,800.11,0.02,0.04,0.0,0.0,Nov,2,2,1,2,Returning_Visitor,False,False
3,87.18,0,0.0,32,1040.17,0.03,0.05,0.0,0.0,May,2,2,2,2,Returning_Visitor,False,False
1,0.0,1,45.27,9,336.88,0.0,0.04,30.22,0.0,Sep,1,2,1,4,Returning_Visitor,False,True
3,0.0,0,43.22,1,734.98,0.2,0.05,0.0,0.0,May,2,2,1,2,Returning_Visitor,False,False
3,32.2,1,0.0,81,736.71,0.0,0.05,0.0,0.0,Sep,2,2,2,1,Returning_Visitor,True,True
0,0.0,0,0.0,17,735.07,0.03,0.03,0.0,0.8,May,1,1,3,2,Returning_Visitor,False,False
3,251.81,2,101.8,37,1722.81,0.0,0.01,4.68,0.0,Oct,1,1,1,2,Returning_Visitor,False,False
3,0.0,1,43.14,14,266.02,0.0,0.04,0.0,0.0,Mar,3,2,1,2,Returning_Visitor,False,False
3,0.0,1,43.21,3,79.5,0.0,0.07,0.0,0.0,Dec,4,2,3,2,Returning_Visitor,True,False
3,87.25,0,43.23,18,735.46,0.0,0.03,0.0,0.0,Aug,2,2,1,2,Returning_Visitor,False,False
13,101.49,3,26.0,161,800.94,0.02,0.04,15.99,0.0,Nov,2,2,1,2,Returning_Visitor,True,True
0,87.07,0,43.2,26,710.0,0.03,0.05,0.0,0.0,Aug,3,3,1,2,Returning_Visitor,False,False
3,87.42,0,43.26,4,43.2,0.03,0.05,0.0,0.0,Jul,3,2,4,3,Returning_Visitor,False,False
3,87.14,0,0.0,11,1027.0,0.0,0.05,0.0,0.0,Nov,2,2,2,2,Returning_Visitor,False,False
3,87.34,0,43.17,12,640.38,0.03,0.04,0.0,0.0,Dec,1,2,1,2,Returning_Visitor,True,False
3,0.0,1,0.0,2,19.0,0.03,0.1,0.0,0.0,May,1,2,3,2,Returning_Visitor,False,False
1,12.83,3,43.18,31,789.91,0.0,0.01,10.32,0.0,Mar,2,2,1,2,Returning_Visitor,False,False
3,87.31,1,0.0,32,736.09,0.03,0.01,0.0,0.0,Nov,2,2,1,6,Returning_Visitor,False,False
3,0.0,1,0.0,10,735.65,0.0,0.04,0.0,0.0,Nov,2,2,3,20,Returning_Visitor,False,False
3,87.03,0,0.0,3,734.42,0.0,0.07,0.0,0.0,May,2,2,1,2,Returning_Visitor,True,False
3,87.36,1,23.0,32,736.29,0.01,0.03,0.0,0.0,Dec,2,2,1,2,Returning_Visitor,False,False
0,0.0,0,0.0,150,735.99,0.03,0.05,0.0,0.6,May,2,2,1,6,Returning_Visitor,False,False
3,46.46,0,0.0,82,801.16,0.02,0.04,27.76,0.0,Nov,2,4,1,1,Returning_Visitor,False,True
3,87.7,5,43.28,74,736.33,0.03,0.04,0.0,0.0,Dec,2,2,1,8,Returning_Visitor,False,False
3,101.38,0,45.22,20,633.75,0.02,0.02,32.44,0.0,Dec,2,10,1,2,Returning_Visitor,False,True
0,87.08,0,0.0,25,566.88,0.03,0.04,0.0,0.0,Nov,2,2,3,1,Returning_Visitor,False,False
0,0.0,1,43.3,1,0.0,0.03,0.2,0.0,0.0,May,4,2,3,2,Returning_Visitor,False,False
3,87.34,1,43.24,1,734.78,0.2,0.2,0.0,0.0,Aug,3,2,1,2,Returning_Visitor,False,False
0,0.0,0,0.0,2,83.0,0.0,0.05,0.0,0.6,May,1,2,1,2,New_Visitor,False,False
5,87.1,0,0.0,38,2246.17,0.02,0.05,0.0,0.2,May,1,2,1,3,Returning_Visitor,False,False
3,87.21,1,43.23,2,44.0,0.0,0.05,0.0,0.0,May,2,2,3,6,Returning_Visitor,False,False
3,102.8,1,0.0,25,1109.23,0.02,0.0,61.3,0.0,Aug,2,2,1,2,Returning_Visitor,False,True
3,86.83,1,43.21,17,735.68,0.05,0.05,0.0,0.0,June,3,2,6,13,Returning_Visitor,False,False
3,87.37,1,43.2,11,234.99,0.0,0.02,0.0,0.0,Mar,2,2,3,1,Returning_Visitor,False,False
3,0.0,1,0.0,41,737.04,0.01,0.02,0.0,0.0,Nov,2,2,6,11,Returning_Visitor,False,False
3,27.0,1,43.15,18,915.17,0.03,0.04,0.0,0.0,Mar,2,2,4,2,Returning_Visitor,False,False
3,0.0,1,0.0,1,0.0,0.03,0.2,0.0,0.0,Nov,1,2,3,3,Returning_Visitor,False,False
0,87.09,1,43.24,2,734.42,0.0,0.05,0.0,0.0,Mar,1,1,2,10,Returning_Visitor,False,False
1,70.5,1,0.0,12,541.54,0.02,0.01,115.78,0.0,Nov,2,5,1,2,Returning_Visitor,True,True
1,87.42,1,43.22,11,66.83,0.0,0.02,0.0,0.0,Nov,2,2,1,8,New_Visitor,False,False
0,87.52,1,0.0,2,26.5,0.03,0.05,0.0,0.0,Dec,3,2,1,1,Returning_Visitor,True,False
3,87.02,1,140.0,35,735.34,0.03,0.05,0.0,0.0,May,2,2,1,2,Returning_Visitor,True,False
3,0.0,1,0.0,16,735.54,0.03,0.05,0.0,0.0,May,1,2,1,2,Returning_Visitor,True,False
0,86.71,0,0.0,53,2051.47,0.0,0.05,0.0,0.0,Nov,2,2,1,2,Returning_Visitor,False,True
3,64.0,1,45.17,29,801.87,0.0,0.04,42.89,0.0,May,2,2,1,2,Returning_Visitor,False,True
3,0.0,0,0.0,7,736.33,0.03,0.05,0.0,0.0,Nov,2,2,1,2,Returning_Visitor,False,True
3,0.0,1,43.28,1,102.0,0.0,0.05,0.0,0.4,May,2,2,1,2,Returning_Visitor,False,False
3,86.98,0,0.0,61,736.86,0.01,0.05,0.0,0.6,May,2,2,1,2,Returning_Visitor,False,False
3,46.9,1,0.0,26,801.95,0.02,0.01,53.89,0.0,Nov,2,5,1,2,Returning_Visitor,False,True
3,87.42,1,0.0,39,1828.97,0.01,0.05,20.59,0.0,Nov,1,1,1,2,Returning_Visitor,True,True
4,253.15,1,0.0,81,736.33,0.03,0.05,0.0,0.0,Sep,3,2,1,2,Returning_Visitor,False,False
0,86.8,0,43.27,4,741.4,0.05,0.08,0.0,0.0,Oct,2,2,7,1,Returning_Visitor,False,False
9,175.93,4,54.5,229,800.39,0.02,0.04,8.9,0.0,Nov,2,2,1,2,Returning_Visitor,False,True
3,0.0,1,0.0,3,734.93,0.0,0.05,0.0,0.0,Dec,1,1,9,2,Returning_Visitor,False,False
3,224.3,5,487.0,74,1845.96,0.03,0.02,34.68,0.0,Nov,2,2,1,10,Returning_Visitor,True,True
3,87.14,10,43.3,15,736.07,0.03,0.0,0.0,0.0,Mar,3,2,8,2,Returning_Visitor,False,False
3,20.17,0,0.0,87,735.26,0.03,0.02,11.68,0.0,Dec,4,2,1,2,Returning_Visitor,False,False
3,86.87,0,43.24,7,736.12,0.07,0.1,0.0,0.0,Mar,1,1,6,2,Returning_Visitor,False,False
0,0.0,1,43.15,19,196.5,0.0,0.05,0.0,0.0,May,2,2,1,1,Returning_Visitor,True,False
0,87.27,0,43.26,1,0.0,0.03,0.05,0.0,0.0,May,2,2,1,2,Returning_Visitor,False,False
0,87.39,0,0.0,135,735.49,0.03,0.05,0.0,0.0,Sep,2,2,1,3,Returning_Visitor,False,False
0,87.29,0,0.0,23,647.5,0.03,0.04,0.0,0.0,May,3,2,1,2,Returning_Visitor,False,False
3,86.92,0,43.23,5,115.62,0.03,0.09,0.0,0.0,Nov,2,2,1,2,Returning_Visitor,False,False
3,31.5,1,0.0,13,956.5,0.03,0.04,0.0,0.0,Mar,2,2,1,2,Returning_Visitor,False,False
0,87.27,0,43.19,2,100.0,0.03,0.1,0.0,0.0,Nov,2,2,3,3,Returning_Visitor,False,False
3,53.5,0,0.0,26,735.63,0.0,0.05,0.0,0.0,May,2,2,1,2,Returning_Visitor,False,False
0,87.09,1,43.16,11,332.29,0.0,0.01,0.0,0.0,Dec,2,2,1,2,Returning_Visitor,False,False
1,87.35,0,0.0,22,735.4,0.02,0.01,0.0,0.0,Jul,1,2,3,2,Returning_Visitor,False,False
3,0.0,1,0.0,10,122.17,0.03,0.02,0.0,0.0,Nov,1,2,1,2,New_Visitor,False,False
2,39.5,1,43.4,34,1406.21,0.03,0.02,23.61,0.2,May,2,2,8,4,Returning_Visitor,False,True
3,0.0,1,0.0,1,0.0,0.2,0.2,0.0,0.0,Nov,7,2,1,2,Returning_Visitor,False,False
1,12.1,5,493.0,50,735.54,0.0,0.02,0.0,0.0,Nov,2,2,1,2,Returning_Visitor,False,False
3,87.34,1,43.2,1,734.3,0.2,0.2,0.0,0.0,Dec,2,2,2,2,Returning_Visitor,False,False
0,86.75,1,43.25,10,145.04,0.03,0.05,0.0,0.0,Nov,4,2,1,1,Returning_Visitor,False,False
3,0.0,0,43.15,11,1197.8,0.0,0.05,0.0,0.0,Oct,2,2,3,2,Returning_Visitor,False,False
3,87.18,1,43.22,4,137.0,0.15,0.15,0.0,0.2,May,3,2,2,2,Returning_Visitor,False,False
3,72.0,1,0.0,32,2258.18,0.0,0.03,38.19,0.0,Nov,2,2,9,2,Returning_Visitor,False,False
0,87.03,0,43.23,2,442.5,0.0,0.1,0.0,0.0,Dec,4,2,1,2,Returning_Visitor,False,False
0,0.0,1,0.0,7,735.41,0.03,0.05,0.0,0.0,Mar,3,3,1,2,Returning_Visitor,False,False
3,0.0,0,0.0,10,736.44,0.0,0.02,0.0,0.0,Mar,2,2,9,2,Returning_Visitor,False,False
0,87.16,0,43.24,15,1506.92,0.03,0.03,0.0,0.0,Nov,1,8,2,2,Returning_Visitor,False,False
0,87.34,1,0.0,18,735.6,0.01,0.02,0.0,0.0,Mar,3,2,1,10,Returning_Visitor,False,False
5,626.0,1,66.0,77,734.64,0.03,0.05,41.93,0.0,May,1,1,3,2,Returning_Visitor,False,False
2,101.53,1,17.0,46,1066.57,0.02,0.02,51.0,0.0,Dec,3,2,1,10,Returning_Visitor,False,True
3,37.0,1,0.0,9,224.25,0.0,0.02,0.0,0.0,Nov,2,2,3,2,New_Visitor,False,False
0,86.82,0,0.0,24,735.45,0.04,0.04,0.0,1.0,May,1,1,1,4,Returning_Visitor,False,False
2,37.5,0,0.0,70,800.75,0.02,0.03,0.0,0.0,Nov,1,1,1,8,Returning_Visitor,False,True
7,139.57,0,0.0,30,802.7,0.0,0.01,36.39,0.0,Dec,2,10,1,2,New_Visitor,False,True
2,87.23,0,43.15,8,735.15,0.0,0.04,0.0,0.0,Aug,1,8,1,2,Returning_Visitor,False,False
3,149.2,1,43.17,3,133.73,0.0,0.04,0.0,0.0,Oct,3,2,1,2,Returning_Visitor,False,False
3,87.09,0,43.2,2,4.0,0.0,0.1,0.0,0.0,Aug,2,2,1,2,Returning_Visitor,False,False
2,87.65,1,0.0,6,735.07,0.03,0.08,0.0,0.6,May,3,2,6,2,Returning_Visitor,False,False
3,0.0,1,0.0,23,801.13,0.0,0.01,46.01,0.0,May,2,2,1,4,New_Visitor,False,True
0,0.0,1,43.17,4,179.25,0.0,0.05,0.0,0.0,Dec,2,2,6,2,Returning_Visitor,False,False
4,151.0,0,0.0,30,1547.23,0.0,0.01,28.4,0.0,Sep,2,2,2,2,Returning_Visitor,False,True
0,87.31,1,43.21,3,55.0,0.04,0.11,0.0,0.0,May,3,5,1,2,Returning_Visitor,False,False
3,87.49,1,0.0,9,319.0,0.03,0.02,0.0,0.0,Mar,1,1,1,1,Returning_Visitor,False,False
3,0.0,0,0.0,80,3279.41,0.03,0.05,0.0,0.4,May,2,4,7,2,Returning_Visitor,False,False
3,86.94,0,0.0,3,734.09,0.0,0.07,0.0,0.6,Feb,1,1,1,2,Returning_Visitor,False,False
0,86.82,1,13.0,4,145.0,0.0,0.04,0.0,0.0,May,1,8,1,2,Returning_Visitor,False,False
1,6.0,1,0.0,97,800.68,0.01,0.02,24.22,0.0,Jul,2,2,1,1,Returning_Visitor,False,False
0,86.85,1,0.0,18,490.3,0.03,0.02,0.0,0.0,Sep,2,2,1,2,Returning_Visitor,False,False
3,87.13,1,0.0,13,190.25,0.03,0.05,0.0,0.0,May,2,2,1,2,Returning_Visitor,False,False
12,381.5,1,22.2,154,737.34,0.03,0.02,0.0,0.0,Aug,3,2,1,2,Returning_Visitor,True,False
3,0.0,1,43.2,1,74.6,0.1,0.1,0.0,0.0,Oct,3,2,1,4,Returning_Visitor,False,False
3,99.13,1,100.8,11,743.15,0.02,0.01,0.0,0.0,Aug,3,2,1,2,Returning_Visitor,False,True
3,114.25,1,17.33,25,735.27,0.03,0.05,54.33,0.0,May,2,5,2,2,Returning_Visitor,False,True
0,0.0,1,43.17,5,112.0,0.0,0.02,0.0,0.0,May,2,2,1,1,Returning_Visitor,False,False
0,0.0,1,43.2,1,0.0,0.03,0.05,0.0,0.0,Nov,8,5,3,2,Returning_Visitor,False,False
3,87.19,1,43.18,15,605.89,0.0,0.01,0.0,0.0,Mar,1,2,3,2,Returning_Visitor,False,False
3,86.92,0,43.23,5,99.0,0.0,0.04,0.0,0.0,Nov,2,4,1,3,Returning_Visitor,False,False
3,79.0,1,0.0,38,1272.92,0.03,0.05,9.4,0.0,Mar,2,4,2,2,Returning_Visitor,False,False
4,65.5,1,0.0,23,783.75,0.01,0.05,0.0,0.0,Nov,2,2,1,1,Returning_Visitor,True,True
3,86.98,0,0.0,17,506.18,0.0,0.0,0.0,0.0,Dec,1,8,1,2,New_Visitor,False,False
0,87.33,1,0.0,5,734.26,0.08,0.05,0.0,0.0,May,1,1,1,2,Returning_Visitor,False,False
2,101.12,1,45.26,8,799.97,0.01,0.04,0.0,0.0,Nov,1,1,4,2,Returning_Visitor,False,False
1,87.29,1,0.0,22,735.58,0.0,0.03,0.0,0.0,Mar,2,2,2,3,Returning_Visitor,False,False
3,111.67,1,123.5,42,1610.78,0.01,0.02,4.65,0.0,Dec,3,2,1,2,Returning_Visitor,False,False
8,137.07,0,0.0,59,2088.44,0.02,0.04,54.08,0.0,May,4,2,3,2,Returning_Visitor,False,True
3,0.0,0,0.0,2,22.0,0.0,0.1,0.0,0.0,Mar,2,2,3,2,Returning_Visitor,False,False
0,87.17,0,0.0,17,735.95,0.0,0.02,0.0,0.8,May,2,2,1,2,Returning_Visitor,False,False
3,101.39,0,45.25,4,800.26,0.02,0.03,0.0,0.0,Nov,3,2,1,2,Returning_Visitor,False,False
3,165.92,2,150.5,42,734.51,0.01,0.05,0.0,0.0,Nov,1,1,3,2,Returning_Visitor,False,False
0,0.0,1,39.0,19,735.65,0.04,0.08,0.0,1.0,May,2,2,1,2,Returning_Visitor,False,False
1,0.0,0,43.18,4,94.75,0.03,0.05,0.0,0.0,Dec,3,2,1,2,Returning_Visitor,False,False
3,101.23,1,0.0,42,1528.38,0.0,0.04,17.7,1.0,May,1,2,1,2,Returning_Visitor,False,True
0,0.0,0,43.28,5,735.85,0.0,0.04,0.0,0.0,May,4,1,1,1,Returning_Visitor,False,False
0,0.0,0,0.0,7,143.0,0.03,0.05,0.0,0.0,Nov,2,5,1,2,Returning_Visitor,False,False
1,87.44,1,0.0,69,2124.73,0.0,0.05,0.0,0.0,Mar,2,2,1,2,Returning_Visitor,False,False
3,454.0,1,584.0,25,1161.77,0.02,0.04,3.92,0.0,May,1,1,1,2,Returning_Visitor,True,False
8,112.27,1,0.0,149,4304.37,0.03,0.05,0.0,0.0,Sep,2,2,1,1,Returning_Visitor,False,False
0,87.13,0,43.27,1,0.0,0.03,0.2,0.0,0.0,May,2,2,4,2,Returning_Visitor,False,False
3,87.42,1,0.0,11,500.0,0.0,0.02,0.0,0.0,Mar,1,8,1,2,New_Visitor,False,False
3,87.18,0,0.0,4,733.12,0.0,0.07,0.0,0.0,Mar,1,2,7,3,Returning_Visitor,False,False
3,93.56,3,82.5,9,143.38,0.02,0.05,0.0,0.0,Dec,3,2,1,2,Returning_Visitor,False,False
3,52.0,1,17.67,18,735.59,0.0,0.01,0.0,0.0,Mar,2,2,1,2,Returning_Visitor,False,False
0,0.0,0,0.0,8,56.33,0.0,0.01,0.0,1.0,May,2,2,1,4,Returning_Visitor,True,False
2,17.2,1,0.0,18,168.53,0.03,0.05,0.0,0.0,Oct,1,2,3,2,Returning_Visitor,False,False
3,87.07,0,43.22,14,1501.0,0.09,0.05,0.0,0.0,May,3,2,4,4,Returning_Visitor,False,False
3,0.0,0,0.0,7,108.25,0.0,0.03,0.0,0.0,Dec,2,2,7,2,New_Visitor,False,False
5,68.5,2,34.25,385,735.83,0.03,0.05,0.0,0.0,Nov,3,2,1,3,Returning_Visitor,False,False
3,73.2,5,43.21,10,239.7,0.03,0.0,0.0,0.0,Sep,2,2,1,2,New_Visitor,False,False
0,0.0,1,81.0,82,801.34,0.02,0.04,4.67,0.0,Mar,3,2,1,2,Returning_Visitor,False,True
4,87.47,1,106.0,27,825.14,0.01,0.03,0.0,0.0,Nov,2,2,1,2,Returning_Visitor,True,False
0,87.55,1,68.5,58,1066.39,0.03,0.05,0.0,0.0,June,3,2,1,2,Returning_Visitor,False,False
3,86.69,0,0.0,23,740.55,0.03,0.01,0.0,0.0,Sep,2,2,2,2,New_Visitor,False,False
1,28.0,0,0.0,115,736.05,0.03,0.05,0.0,0.0,May,2,2,2,2,Returning_Visitor,False,False
3,87.0,1,43.2,10,273.75,0.02,0.05,0.0,0.0,Nov,1,2,1,2,Returning_Visitor,False,True
7,101.08,0,0.0,26,802.28,0.01,0.02,39.42,0.0,Aug,2,4,1,2,Returning_Visitor,False,False
10,198.5,2,43.51,6,73.21,0.0,0.02,0.0,0.0,Mar,1,1,1,2,Returning_Visitor,False,False
0,0.0,0,43.27,5,734.94,0.03,0.16,0.0,0.8,May,2,2,1,2,Returning_Visitor,False,False
3,39.58,0,0.0,115,801.02,0.02,0.04,13.26,0.0,Nov,2,2,1,10,Returning_Visitor,False,True
3,86.95,1,43.24,3,47.0,0.03,0.08,0.0,0.0,Mar,1,2,1,2,Returning_Visitor,False,False
4,87.2,0,0.0,27,735.66,0.0,0.05,0.0,0.0,Dec,2,2,3,2,New_Visitor,False,False
3,101.25,0,45.09,4,97.6,0.02,0.02,0.0,0.0,Nov,3,2,1,2,New_Visitor,True,False
0,0.0,1,43.28,19,283.5,0.0,0.01,0.0,0.8,May,2,4,1,2,Returning_Visitor,False,False
0,87.07,0,0.0,10,735.06,0.0,0.05,0.0,0.0,Nov,1,2,1,4,Returning_Visitor,False,False
3,0.0,1,14.0,104,738.16,0.03,0.05,0.0,0.0,Nov,2,2,1,2,Returning_Visitor,False,False
8,671.08,1,0.0,32,1403.83,0.02,0.0,37.06,0.0,Nov,2,2,3,2,Returning_Visitor,False,True
10,161.71,1,0.0,126,736.36,0.03,0.02,2.78,0.6,May,3,2,1,3,Returning_Visitor,False,False
3,146.3,1,43.3,7,735.79,0.0,0.05,0.0,0.0,June,2,5,1,2,Returning_Visitor,False,False
1,585.5,0,0.0,80,802.24,0.0,0.01,26.41,0.0,Nov,3,2,2,2,Returning_Visitor,False,True
3,87.07,1,43.26,1,735.48,0.2,0.2,0.0,0.0,Nov,2,4,3,3,Returning_Visitor,False,False
3,87.56,1,66.0,20,374.42,0.03,0.05,0.0,0.0,Dec,3,2,1,13,Returning_Visitor,False,False
3,0.0,1,43.16,1,733.9,0.2,0.2,0.0,0.0,Dec,1,2,1,2,Returning_Visitor,False,False
0,101.17,1,45.21,11,267.57,0.0,0.01,7.69,0.0,Oct,2,2,1,2,New_Visitor,False,True
0,86.88,1,43.18,10,243.2,0.03,0.05,0.0,0.0,Mar,2,2,4,1,Returning_Visitor,False,False
3,0.0,1,45.25,3,275.0,0.02,0.05,32.9,0.0,Oct,3,2,1,2,Returning_Visitor,False,True
2,21.0,0,43.23,11,660.17,0.0,0.05,0.0,0.0,Mar,2,2,1,2,Returning_Visitor,False,False
8,133.4,0,0.0,38,2666.07,0.03,0.05,17.06,0.0,Dec,1,1,4,2,Returning_Visitor,False,False
3,87.27,1,43.2,17,735.4,0.03,0.05,0.0,0.0,Dec,1,1,3,2,Returning_Visitor,True,False
3,0.0,1,0.0,25,735.46,0.03,0.02,0.0,0.0,Sep,2,2,1,2,Returning_Visitor,False,False
0,0.0,1,0.0,20,735.27,0.01,0.05,0.0,0.0,June,1,1,1,4,Returning_Visitor,False,False
3,87.23,0,43.19,15,421.5,0.03,0.03,0.0,0.6,May,3,2,1,2,Returning_Visitor,False,False
3,0.0,1,43.21,19,281.43,0.04,0.05,0.0,0.0,June,2,2,3,2,Returning_Visitor,False,False
0,86.79,0,0.0,28,736.59,0.07,0.05,0.0,0.4,May,2,5,1,1,Returning_Visitor,False,False
3,54.0,4,32.0,4,46.0,0.0,0.05,0.0,0.0,Sep,1,2,1,2,Returning_Visitor,False,False
3,86.96,0,0.0,18,736.16,0.02,0.05,0.0,0.4,May,4,2,1,2,Returning_Visitor,False,False
3,87.28,3,43.25,25,736.12,0.01,0.02,6.4,0.0,May,2,2,4,4,Returning_Visitor,True,False
3,87.16,1,43.24,15,735.35,0.0,0.02,0.0,0.0,Dec,2,2,1,2,Returning_Visitor,False,False
3,0.0,0,45.28,7,801.9,0.0,0.01,45.97,0.0,Dec,3,2,4,2,Returning_Visitor,False,True
3,87.5,1,0.0,1,734.98,0.2,0.05,0.0,0.0,Jul,3,2,1,2,Returning_Visitor,False,False
5,40.14,1,0.0,35,801.19,0.02,0.01,64.72,0.0,Nov,2,2,1,1,Returning_Visitor,False,True
3,87.01,0,43.18,10,736.14,0.02,0.04,0.0,0.0,May,2,2,1,2,Returning_Visitor,False,False
0,87.32,1,43.17,37,1669.56,0.03,0.05,0.0,0.0,May,3,2,3,2,Returning_Visitor,False,False
3,35.0,3,32.5,290,737.44,0.03,0.05,0.0,0.0,Nov,3,2,1,13,Returning_Visitor,True,False
0,0.0,0,0.0,41,1546.5,0.03,0.05,0.0,0.0,Mar,3,2,1,1,Returning_Visitor,False,False
2,223.75,3,165.0,51,2159.0,0.01,0.04,10.23,0.0,Nov,1,2,1,2,Returning_Visitor,False,False
4,28.5,0,0.0,20,735.26,0.0,0.05,0.0,0.0,Nov,4,1,2,1,Returning_Visitor,True,False
3,88.24,0,0.0,19,1542.79,0.03,0.04,0.0,0.0,Dec,2,2,3,1,Returning_Visitor,False,False
0,0.0,1,0.0,4,47.5,0.03,0.05,0.0,0.0,Nov,2,2,1,2,Returning_Visitor,False,False
0,87.31,0,0.0,7,64.0,0.0,0.01,0.0,0.0,Mar,2,2,1,3,Returning_Visitor,False,False
3,87.1,0,43.2,1,0.0,0.2,0.05,0.0,0.0,Dec,1,1,4,1,Returning_Visitor,True,False
2,23.0,1,44.68,53,789.86,0.03,0.05,0.0,0.0,Aug,2,2,1,2,Returning_Visitor,False,False
3,87.4,1,0.0,5,109.0,0.03,0.1,0.0,0.0,May,3,2,3,2,Returning_Visitor,False,False
0,0.0,1,43.19,3,129.0,0.0,0.1,0.0,0.0,May,2,2,1,1,Returning_Visitor,True,False
3,88.29,0,43.27,10,299.5,0.07,0.06,0.0,0.0,Jul,1,8,7,2,Returning_Visitor,False,False
3,0.0,1,43.23,29,735.84,0.0,0.02,0.0,0.0,Mar,4,2,3,2,Returning_Visitor,True,False
3,0.0,0,0.0,52,2529.17,0.01,0.05,0.0,0.4,May,1,8,8,2,Returning_Visitor,False,False
1,87.21,1,0.0,2,735.31,0.0,0.07,0.0,0.0,May,2,2,3,2,Returning_Visitor,False,False
3,0.0,1,0.0,1,0.0,0.03,0.05,0.0,0.6,May,2,4,7,2,Returning_Visitor,False,False
0,0.0,0,0.0,130,735.35,0.03,0.05,0.0,0.0,May,3,2,6,2,Returning_Visitor,False,False
3,87.44,0,43.19,13,661.92,0.0,0.05,0.0,0.0,Nov,2,2,1,2,Returning_Visitor,False,False
3,87.22,1,43.23,20,735.55,0.0,0.01,0.0,0.0,Nov,3,3,1,3,New_Visitor,False,False
3,87.27,1,0.0,23,835.58,0.03,0.05,0.0,0.0,Nov,2,2,1,2,Returning_Visitor,False,False
2,15.0,0,43.1,7,736.47,0.03,0.09,0.0,0.0,Nov,2,2,1,2,Returning_Visitor,False,False
0,87.21,1,0.0,40,735.78,0.03,0.02,0.0,0.0,Dec,2,2,1,2,New_Visitor,False,False
8,87.88,1,43.38,9,374.0,0.02,0.04,0.0,0.0,Dec,3,2,3,2,Returning_Visitor,True,False
2,122.0,0,0.0,8,736.27,0.03,0.05,0.0,0.0,Dec,2,2,1,3,New_Visitor,False,False
4,37.5,1,82.0,4,96.62,0.0,0.02,0.0,0.0,Nov,2,2,9,2,New_Visitor,False,False
3,0.0,0,0.0,5,736.34,0.0,0.03,0.0,0.0,May,3,2,1,13,Returning_Visitor,False,False
0,87.01,1,43.21,3,40.4,0.0,0.05,0.0,0.0,June,2,2,1,2,Returning_Visitor,True,False
3,87.0,1,43.17,19,422.83,0.01,0.05,0.0,0.0,Mar,2,2,1,2,Returning_Visitor,False,False
0,86.81,1,0.0,21,736.08,0.03,0.1,0.0,0.0,Jul,2,2,1,2,Returning_Visitor,True,False
0,0.0,0,0.0,2,22.0,0.05,0.07,0.0,0.0,Dec,3,2,7,20,Returning_Visitor,False,False
3,0.0,0,0.0,5,239.0,0.03,0.04,0.0,0.0,Mar,2,2,9,1,Returning_Visitor,False,False
0,0.0,1,0.0,2,222.0,0.0,0.1,0.0,0.0,Feb,2,2,1,2,Returning_Visitor,False,False
3,0.0,1,0.0,3,48.0,0.0,0.07,0.0,0.0,Mar,4,1,1,2,Returning_Visitor,False,False
3,27.5,0,0.0,37,735.59,0.0,0.05,0.0,0.0,Nov,2,4,1,2,Returning_Visitor,True,False
3,0.0,0,0.0,4,735.99,0.05,0.05,0.0,0.0,Mar,2,4,6,3,Returning_Visitor,True,False
3,52.4,0,43.2,16,176.1,0.03,0.05,0.0,0.0,Aug,1,2,1,5,Returning_Visitor,True,False
3,17.95,1,6.0,18,268.45,0.03,0.05,0.0,0.0,Oct,2,2,1,2,Returning_Visitor,False,True
3,87.35,0,43.28,2,735.03,0.0,0.1,0.0,0.0,Mar,3,2,1,2,Returning_Visitor,False,False
1,7.0,1,43.39,24,445.43,0.03,0.02,0.0,0.0,Aug,1,1,4,3,Returning_Visitor,False,False
3,87.36,0,43.21,8,371.67,0.0,0.01,0.0,0.0,Mar,3,2,4,2,Returning_Visitor,False,False
0,0.0,0,43.29,7,70.4,0.11,0.13,0.0,0.0,Jul,3,2,4,1,Returning_Visitor,False,False
3,0.0,0,0.0,46,736.27,0.03,0.02,0.0,0.0,Nov,2,2,1,2,Returning_Visitor,True,True
3,87.21,0,43.15,15,305.21,0.0,0.01,0.0,0.0,Nov,2,2,7,2,Returning_Visitor,False,False
0,0.0,1,0.0,15,801.51,0.0,0.02,40.4,0.0,Dec,2,2,9,2,Returning_Visitor,False,True
2,36.4,1,0.0,3,28.2,0.0,0.0,55.9,0.0,Sep,1,1,3,2,Returning_Visitor,False,False
3,87.76,1,43.22,11,357.0,0.02,0.04,0.0,0.0,Dec,2,2,1,2,Returning_Visitor,True,False
2,46.5,1,43.3,91,3309.45,0.03,0.05,0.0,0.0,Nov,3,2,1,13,Returning_Visitor,True,True
4,128.12,4,134.5,93,736.19,0.01,0.02,0.0,0.0,Nov,2,2,1,2,Returning_Visitor,True,False
1,87.1,0,43.17,13,735.78,0.0,0.05,0.0,0.0,Dec,2,2,1,2,Returning_Visitor,False,False
9,116.54,4,208.67,57,801.78,0.0,0.01,30.61,0.0,Nov,1,2,1,2,Returning_Visitor,False,True
3,87.11,0,0.0,13,193.5,0.03,0.05,0.0,0.8,May,3,2,3,13,Returning_Visitor,False,False
3,87.13,0,43.21,42,736.31,0.0,0.05,0.0,0.4,May,2,2,1,11,Returning_Visitor,False,False
3,105.47,1,45.25,44,802.01,0.02,0.0,37.92,0.0,Aug,2,2,1,2,New_Visitor,False,True
3,143.0,1,45.25,10,386.15,0.0,0.02,64.6,0.0,Mar,1,1,7,2,Returning_Visitor,False,True
3,0.0,0,0.0,12,1012.2,0.03,0.05,0.0,0.0,Jul,2,2,7,4,Returning_Visitor,False,False
0,100.7,1,0.0,8,101.83,0.0,0.06,0.0,0.0,Nov,2,2,3,2,Returning_Visitor,False,False
0,87.37,1,43.22,4,735.03,0.1,0.15,0.0,0.0,Nov,1,2,1,1,Returning_Visitor,False,False
3,87.18,0,0.0,69,735.65,0.0,0.01,0.0,0.0,Nov,2,2,8,2,Returning_Visitor,False,False
4,87.58,1,6.5,74,735.23,0.03,0.05,0.0,0.0,Aug,2,2,3,1,Returning_Visitor,True,False
2,87.69,0,43.14,10,736.07,0.05,0.05,0.0,0.0,Mar,2,2,1,1,Returning_Visitor,False,False
0,87.29,0,0.0,3,48.0,0.0,0.03,0.0,0.0,Mar,2,2,1,1,Returning_Visitor,True,False
8,87.36,1,43.22,3,735.12,0.02,0.04,0.0,0.0,Oct,3,2,4,2,New_Visitor,True,False
0,0.0,0,0.0,4,81.0,0.03,0.05,0.0,0.4,May,2,4,2,4,Returning_Visitor,False,False
0,0.0,0,0.0,19,160.5,0.0,0.04,0.0,0.8,May,2,2,1,6,Returning_Visitor,False,False
2,121.0,1,0.0,30,736.41,0.03,0.05,0.0,0.0,May,2,2,1,2,Returning_Visitor,False,False
3,87.46,1,43.17,21,1041.73,0.03,0.05,0.0,0.0,Nov,3,2,8,2,Returning_Visitor,False,False
3,30.5,1,0.0,20,736.3,0.03,0.01,0.0,0.0,May,2,2,7,3,Returning_Visitor,False,False
0,87.07,0,0.0,38,1372.0,0.01,0.02,0.0,0.0,Mar,2,2,1,2,Returning_Visitor,False,False
8,146.53,0,0.0,107,796.35,0.02,0.01,2.55,0.0,Oct,2,2,1,2,Returning_Visitor,False,False
3,0.0,0,0.0,8,735.91,0.0,0.05,0.0,0.0,May,2,4,3,3,Returning_Visitor,False,False
2,78.65,0,45.28,117,801.08,0.02,0.04,2.43,0.0,Jul,2,2,1,1,Returning_Visitor,False,True
0,0.0,0,43.28,16,149.9,0.06,0.1,0.0,0.0,June,2,2,7,1,Returning_Visitor,False,False
2,100.86,1,45.19,32,783.21,0.02,0.01,0.0,0.0,Jul,2,2,2,5,New_Visitor,False,True
0,0.0,1,0.0,31,802.35,0.02,0.01,52.68,0.0,Nov,8,13,1,20,Returning_Visitor,False,True
2,87.64,2,1150.0,58,5072.4,0.01,0.05,2.48,0.2,May,2,2,3,6,Returning_Visitor,False,False
0,87.0,1,0.0,14,166.17,0.03,0.05,0.0,0.0,May,2,2,1,2,Returning_Visitor,False,False
0,101.28,1,45.2,11,660.8,0.0,0.0,33.84,0.0,June,2,2,1,2,Returning_Visitor,False,True
3,87.07,1,212.5,21,1198.75,0.0,0.05,0.0,0.0,Mar,2,4,7,2,Returning_Visitor,False,False
0,0.0,1,43.27,8,100.0,0.0,0.03,0.0,0.0,Mar,1,1,7,1,Returning_Visitor,False,False
3,87.23,0,0.0,6,183.5,0.0,0.03,0.0,0.0,Dec,2,2,1,2,Returning_Visitor,False,False
3,87.19,1,0.0,14,735.43,0.0,0.01,0.0,0.0,May,2,2,1,2,Returning_Visitor,False,False
0,0.0,1,0.0,28,475.02,0.03,0.0,0.0,0.0,Nov,1,1,6,10,Returning_Visitor,False,False
3,87.24,0,0.0,18,735.95,0.01,0.05,0.0,0.2,May,3,2,3,13,Returning_Visitor,False,False
4,87.33,1,0.0,45,2007.52,0.03,0.05,0.0,0.0,Nov,1,1,4,2,Returning_Visitor,False,False
1,87.23,0,43.19,29,1714.4,0.02,0.05,0.0,0.0,May,2,5,1,4,Returning_Visitor,False,False
3,0.0,1,0.0,11,736.49,0.01,0.01,0.0,0.0,Mar,1,1,1,2,Returning_Visitor,False,False
3,86.65,0,0.0,12,736.08,0.06,0.05,0.0,0.0,Jul,2,2,1,2,Returning_Visitor,False,False
3,87.35,1,44.0,41,735.75,0.03,0.01,0.0,0.0,Mar,2,2,1,2,Returning_Visitor,False,False
3,87.88,1,42.89,18,843.02,0.03,0.05,9.54,0.0,Sep,2,2,1,4,Returning_Visitor,False,False
0,0.0,0,0.0,7,180.0,0.03,0.06,0.0,0.6,May,2,2,1,2,Returning_Visitor,False,False
13,399.75,1,45.29,61,1458.99,0.02,0.04,17.5,0.0,Nov,1,1,1,2,New_Visitor,False,False
3,86.92,0,43.25,7,865.28,0.0,0.03,0.0,0.0,Mar,1,1,1,2,Returning_Visitor,False,False
3,97.73,1,0.0,36,794.41,0.01,0.02,18.99,0.0,May,2,2,1,2,Returning_Visitor,False,False
1,464.0,1,43.12,19,1834.08,0.02,0.05,0.0,0.0,Mar,2,2,1,2,Returning_Visitor,False,False
3,2.0,1,0.0,77,736.96,0.01,0.03,0.0,0.0,Dec,2,2,1,2,Returning_Visitor,False,True
3,87.06,1,43.16,52,736.18,0.0,0.05,0.0,0.0,Dec,2,2,1,2,Returning_Visitor,False,False
3,14.75,0,43.1,38,609.35,0.03,0.01,0.0,0.0,Dec,2,2,1,2,Returning_Visitor,False,False
6,67.4,1,43.22,13,217.76,0.01,0.03,0.0,0.0,Oct,2,2,5,7,Returning_Visitor,False,False
2,87.19,0,0.0,48,2562.08,0.03,0.05,0.0,0.0,May,2,5,1,4,Returning_Visitor,False,False
6,77.5,0,0.0,71,736.27,0.0,0.05,0.0,0.0,Dec,2,2,9,2,Returning_Visitor,False,False
5,110.3,1,21.8,78,724.92,0.02,0.05,18.78,0.0,Jul,2,2,1,1,Returning_Visitor,False,False
0,87.79,0,0.0,3,52.5,0.07,0.1,0.0,0.0,Dec,3,2,3,3,Returning_Visitor,False,False
0,0.0,0,0.0,72,735.68,0.03,0.05,0.0,0.8,May,3,2,1,2,Returning_Visitor,False,False
3,27.0,2,22.0,16,735.92,0.03,0.05,0.0,0.0,May,4,1,1,4,Returning_Visitor,False,False
3,0.0,0,43.3,16,641.5,0.0,0.04,0.0,0.0,May,4,2,1,1,Returning_Visitor,False,False
0,86.95,0,43.21,8,736.41,0.05,0.08,0.0,0.0,May,2,2,4,1,Returning_Visitor,False,False
6,71.5,0,0.0,47,735.7,0.03,0.02,27.27,0.0,Mar,2,2,1,1,Returning_Visitor,False,True
4,120.5,0,0.0,66,3960.65,0.0,0.05,0.0,0.0,Mar,2,2,1,1,Returning_Visitor,False,False
3,11.0,0,43.19,5,734.87,0.0,0.03,0.0,0.0,Mar,2,2,6,2,Returning_Visitor,False,False
3,87.28,1,56.5,10,368.0,0.03,0.05,0.0,0.0,May,3,2,8,2,Returning_Visitor,False,False
11,251.31,2,1655.4,80,735.97,0.0,0.05,8.52,0.0,Sep,3,2,1,2,Returning_Visitor,False,False
0,0.0,0,0.0,24,736.61,0.01,0.03,0.0,0.8,May,2,2,1,2,Returning_Visitor,False,False
3,87.15,1,0.0,3,178.5,0.0,0.05,8.05,0.0,Sep,2,6,2,1,Returning_Visitor,False,False
5,169.98,3,106.0,90,4792.38,0.0,0.01,41.56,0.0,Nov,3,2,1,1,Returning_Visitor,False,True
3,0.0,0,0.0,9,463.4,0.03,0.02,0.0,0.0,Oct,3,2,1,2,New_Visitor,False,False
3,0.0,1,1210.4,5,279.86,0.03,0.01,0.0,0.0,Mar,2,2,1,2,Returning_Visitor,False,False
1,24.5,1,43.15,47,736.19,0.0,0.05,0.0,0.0,Dec,2,2,7,8,Returning_Visitor,False,False
3,87.01,1,0.0,22,266.17,0.01,0.02,0.0,0.0,Nov,2,4,1,2,Returning_Visitor,False,False
0,87.26,0,0.0,1,24.0,0.0,0.1,0.0,0.0,May,1,2,4,3,Returning_Visitor,False,False
3,87.54,1,43.18,11,735.43,0.03,0.03,0.0,0.0,June,2,2,1,1,Returning_Visitor,False,False
3,0.0,1,0.0,27,701.9,0.03,0.05,0.0,0.0,Aug,3,2,1,6,Returning_Visitor,False,False
3,87.33,0,43.16,22,2837.17,0.0,0.05,0.0,0.0,May,2,4,1,2,New_Visitor,False,False
9,299.45,2,48.3,54,2802.37,0.01,0.04,16.97,0.0,Aug,3,2,1,1,Returning_Visitor,False,False
2,87.29,0,43.19,13,1248.0,0.03,0.05,0.0,0.0,May,1,2,8,6,Returning_Visitor,False,False
1,0.0,0,0.0,10,735.5,0.03,0.05,0.0,0.0,Jul,3,2,1,1,Returning_Visitor,False,False
0,0.0,1,0.0,16,735.78,0.03,0.05,0.0,0.0,May,1,2,1,3,Returning_Visitor,False,False
0,0.0,0,0.0,37,736.4,0.02,0.05,0.0,0.0,Dec,1,1,1,2,Returning_Visitor,False,False
3,60.4,1,43.32,4,25.8,0.0,0.04,0.0,0.0,Jul,1,1,1,4,New_Visitor,False,False
4,100.86,1,0.0,10,153.9,0.02,0.02,0.0,0.0,Jul,3,2,6,4,Returning_Visitor,False,True
0,87.14,1,18.0,85,735.23,0.03,0.05,0.0,0.6,May,2,2,1,2,Returning_Visitor,False,False
0,87.21,1,0.0,1,734.42,0.2,0.2,0.0,0.0,Dec,1,1,1,2,Returning_Visitor,False,False
4,87.45,2,385.0,53,736.1,0.0,0.03,7.21,0.0,Dec,2,2,5,2,Returning_Visitor,False,False
1,120.5,0,0.0,75,736.27,0.03,0.05,0.0,0.0,Dec,2,2,1,1,Returning_Visitor,False,False
0,0.0,0,43.26,5,19.0,0.0,0.08,0.0,0.6,May,2,2,1,3,Returning_Visitor,False,False
0,0.0,1,499.0,12,801.77,0.0,0.02,71.49,0.0,May,2,5,1,2,New_Visitor,False,True
3,87.5,0,0.0,6,735.11,0.0,0.02,0.0,0.0,Mar,3,2,3,2,Returning_Visitor,True,False
8,160.5,2,5.0,56,1167.32,0.03,0.05,0.0,0.0,Dec,2,2,3,2,Returning_Visitor,False,False
3,0.0,0,43.22,3,78.33,0.03,0.02,0.0,0.0,Mar,2,2,1,2,Returning_Visitor,False,False
3,0.0,0,43.15,6,1183.2,0.03,0.07,0.0,0.0,Oct,2,6,1,1,Returning_Visitor,False,False
0,87.33,0,43.15,7,56.62,0.03,0.07,0.0,0.0,Dec,3,2,1,2,Returning_Visitor,False,False
3,87.23,0,43.2,11,294.0,0.0,0.01,0.0,0.0,Dec,1,1,1,2,Returning_Visitor,True,False
1,87.48,1,53.0,16,388.74,0.03,0.01,0.0,0.0,May,1,1,1,2,Returning_Visitor,False,False
3,96.0,1,0.0,37,735.78,0.01,0.05,0.0,0.0,Mar,2,2,1,2,New_Visitor,False,False
3,109.0,0,0.0,9,735.27,0.0,0.04,0.0,0.0,Dec,2,2,3,2,Returning_Visitor,False,False
3,87.2,1,0.0,16,824.23,0.03,0.05,0.0,0.0,Dec,2,2,1,2,Returning_Visitor,False,True
3,129.9,0,0.0,70,1438.71,0.03,0.05,0.0,0.0,Jul,2,2,7,1,Returning_Visitor,False,False
2,101.33,1,0.0,40,802.22,0.02,0.01,10.21,0.0,Oct,2,2,1,2,Returning_Visitor,False,False
4,245.8,1,43.17,28,707.91,0.0,0.02,0.0,0.0,Sep,1,1,1,2,Returning_Visitor,False,False
0,0.0,1,0.0,8,736.06,0.0,0.01,0.0,1.0,Feb,2,2,5,1,Returning_Visitor,False,False
3,87.29,1,43.1,6,81.67,0.03,0.05,0.0,0.0,Dec,2,2,1,2,Returning_Visitor,False,False
3,87.28,1,0.0,41,735.21,0.0,0.05,0.0,0.0,Dec,2,2,1,2,New_Visitor,False,False
6,155.0,0,0.0,84,799.99,0.02,0.04,16.56,0.0,Mar,2,2,1,2,Returning_Visitor,False,False
3,87.26,1,43.18,13,288.0,0.03,0.04,0.0,0.0,Mar,1,2,4,2,Returning_Visitor,False,False
2,33.5,0,0.0,108,742.52,0.03,0.05,0.0,0.0,Nov,2,2,1,3,Returning_Visitor,False,False
6,101.3,0,0.0,11,801.81,0.02,0.01,0.71,0.0,June,2,2,1,2,Returning_Visitor,False,True
3,423.5,1,43.18,6,91.5,0.05,0.06,0.0,0.2,May,2,2,4,6,Returning_Visitor,False,False
0,0.0,0,43.16,19,528.25,0.0,0.01,0.0,0.0,Sep,2,2,5,2,Returning_Visitor,False,False
3,87.66,1,377.0,6,117.5,0.05,0.06,0.0,0.4,May,1,1,1,2,Returning_Visitor,False,False
3,87.29,1,0.0,9,261.7,0.0,0.05,0.0,0.0,May,3,2,3,11,New_Visitor,False,False
3,87.0,1,43.18,12,231.75,0.0,0.02,0.0,0.0,Nov,1,2,2,2,Returning_Visitor,False,False
0,86.93,0,0.0,10,130.75,0.04,0.05,0.0,0.0,Nov,3,2,1,3,Returning_Visitor,False,False
1,17.2,1,0.0,11,735.67,0.03,0.03,0.0,0.0,Nov,2,2,4,13,Returning_Visitor,False,False
3,56.63,1,43.39,58,739.62,0.03,0.04,0.0,0.0,Aug,2,2,1,1,Returning_Visitor,True,False
3,0.0,1,43.23,9,869.0,0.03,0.02,0.0,0.0,May,2,5,1,2,Returning_Visitor,False,False
8,195.0,2,43.2,56,738.02,0.01,0.03,9.59,0.0,Nov,1,2,1,2,Returning_Visitor,False,True
1,4.5,1,45.24,39,801.3,0.02,0.04,33.65,0.0,May,2,2,1,2,Returning_Visitor,False,False
3,163.67,1,0.0,8,119.33,0.03,0.02,0.0,0.0,Mar,3,2,6,11,New_Visitor,True,False
6,394.1,4,45.17,40,800.65,0.0,0.04,17.19,0.0,May,3,2,1,2,Returning_Visitor,False,False
6,90.6,0,43.25,10,384.8,0.0,0.02,0.0,0.0,Aug,1,2,3,2,New_Visitor,False,False
3,87.6,1,43.22,3,17.0,0.0,0.05,0.0,0.0,Mar,3,2,1,2,Returning_Visitor,False,False
0,0.0,0,0.0,113,5178.53,0.0,0.04,0.0,0.0,Nov,2,2,1,2,Returning_Visitor,False,True
3,66.27,1,348.6,6,800.95,0.02,0.05,11.12,0.0,Oct,3,2,3,7,Returning_Visitor,False,False
3,0.0,1,43.17,5,734.48,0.01,0.05,0.0,0.0,June,3,2,6,2,Returning_Visitor,False,False
3,87.29,0,43.16,11,658.92,0.03,0.02,0.0,0.0,Dec,2,2,1,2,Returning_Visitor,False,False
0,0.0,1,0.0,11,559.25,0.04,0.04,0.0,0.0,Dec,2,2,1,10,Returning_Visitor,False,False
3,87.13,0,43.19,16,473.28,0.03,0.05,0.0,0.0,Oct,2,2,1,2,New_Visitor,False,False
0,0.0,0,0.0,88,735.31,0.0,0.05,0.0,0.2,May,2,4,1,2,Returning_Visitor,False,False
5,94.49,0,0.0,8,785.91,0.0,0.01,0.0,0.0,Nov,1,2,1,2,New_Visitor,False,False
9,192.92,1,114.5,60,1394.24,0.02,0.04,63.65,0.0,Dec,2,2,1,2,Returning_Visitor,False,True
3,0.0,0,0.0,11,271.0,0.03,0.04,0.0,0.0,Nov,2,2,1,2,Returning_Visitor,False,False
3,82.0,0,0.0,13,155.98,0.0,0.05,0.0,0.0,Dec,2,2,1,2,Returning_Visitor,False,False
0,87.0,0,0.0,18,550.5,0.0,0.03,0.0,0.0,Mar,1,2,1,2,Returning_Visitor,True,False
3,0.0,0,0.0,1,0.0,0.03,0.2,0.0,0.0,May,4,2,1,2,Returning_Visitor,False,False
0,86.95,0,43.3,4,736.23,0.1,0.05,0.0,0.8,May,2,2,1,2,Returning_Visitor,False,False
3,87.22,2,49.5,29,1433.63,0.01,0.02,0.0,0.0,Nov,3,2,4,2,Returning_Visitor,True,False
0,86.92,0,0.0,15,275.5,0.0,0.03,0.0,0.0,Nov,2,2,1,2,Returning_Visitor,False,False
3,87.03,1,43.23,1,0.0,0.2,0.2,0.0,0.0,Mar,2,2,1,2,Returning_Visitor,False,False
3,62.0,1,0.0,30,3815.17,0.03,0.03,0.0,0.0,Nov,2,2,1,2,Returning_Visitor,False,False
7,101.5,0,0.0,66,2656.18,0.0,0.04,2.21,0.0,May,2,2,1,1,Returning_Visitor,False,False
3,87.18,1,0.0,8,412.17,0.03,0.05,0.0,0.0,May,3,2,1,6,Returning_Visitor,False,False
3,0.0,0,43.05,37,4339.37,0.01,0.05,13.66,0.0,Sep,2,2,4,1,Returning_Visitor,False,False
3,30.0,1,45.23,24,1530.19,0.01,0.01,10.1,0.0,Mar,1,1,1,10,Returning_Visitor,False,False
3,380.43,0,43.16,39,736.04,0.03,0.05,0.0,0.0,Nov,2,6,1,2,Returning_Visitor,False,False
4,87.14,2,25.75,16,735.33,0.03,0.01,0.0,0.0,Nov,3,2,8,2,Returning_Visitor,False,False
3,86.96,0,0.0,12,249.41,0.02,0.05,0.0,0.0,Oct,2,2,1,2,Returning_Visitor,False,False
0,0.0,1,45.18,19,722.7,0.02,0.04,68.38,0.0,May,1,1,5,2,Returning_Visitor,False,True
1,135.5,0,0.0,50,735.65,0.0,0.05,0.0,0.0,May,2,2,1,4,Returning_Visitor,False,False
6,87.14,0,43.19,24,735.58,0.03,0.02,0.0,0.0,Dec,4,2,1,2,New_Visitor,False,False
3,22.0,0,0.0,10,53.83,0.03,0.05,0.0,0.0,Dec,4,2,3,2,Returning_Visitor,False,False
3,87.33,0,0.0,3,167.5,0.0,0.05,0.0,0.2,May,3,2,1,2,Returning_Visitor,False,False
2,40.2,2,26.1,10,186.7,0.03,0.02,0.0,0.0,Oct,2,2,3,2,Returning_Visitor,False,False
2,10.3,0,0.0,142,742.66,0.03,0.05,0.77,0.0,Jul,2,2,1,13,Returning_Visitor,False,False
3,0.0,1,0.0,26,736.57,0.03,0.05,0.0,0.6,May,2,6,2,6,Returning_Visitor,False,False
0,0.0,1,0.0,43,736.39,0.03,0.05,0.0,0.6,May,2,2,1,4,Returning_Visitor,False,False
1,87.32,0,43.2,9,735.83,0.0,0.01,0.0,0.0,Nov,1,2,2,2,Returning_Visitor,True,False
3,19.1,0,0.0,8,747.25,0.0,0.01,0.0,0.0,Aug,3,2,1,2,New_Visitor,False,True
0,0.0,1,0.0,15,593.75,0.0,0.01,92.94,0.0,Nov,1,8,3,2,Returning_Visitor,False,True
3,87.15,1,0.0,1,0.0,0.2,0.2,0.0,0.0,Dec,1,2,6,2,Returning_Visitor,True,False
3,33.0,1,43.24,9,354.0,0.03,0.02,0.0,0.0,Mar,3,2,1,3,New_Visitor,False,False
0,87.23,5,43.24,26,735.76,0.01,0.05,0.0,0.0,Nov,2,2,1,2,Returning_Visitor,False,False
7,87.16,0,0.0,42,1030.27,0.0,0.01,0.0,0.0,Mar,2,2,1,2,Returning_Visitor,False,False
0,87.02,0,43.17,12,162.0,0.03,0.07,0.0,0.0,Feb,1,1,1,2,Returning_Visitor,False,False
3,135.25,1,0.0,26,794.99,0.01,0.03,33.44,0.0,Dec,1,1,1,2,Returning_Visitor,False,False
1,10.0,1,0.0,11,1066.0,0.02,0.05,0.0,0.0,May,2,2,1,2,Returning_Visitor,True,False
3,87.17,0,43.22,6,142.5,0.03,0.05,0.0,0.0,May,3,2,4,2,Returning_Visitor,False,False
3,87.38,1,43.22,8,735.37,0.0,0.05,0.0,0.0,Nov,1,2,1,4,New_Visitor,True,False
0,86.84,1,43.21,6,415.0,0.0,0.03,0.0,0.4,Feb,1,1,3,2,Returning_Visitor,False,False
0,0.0,2,38.2,121,800.82,0.02,0.04,4.21,0.0,Jul,1,2,1,3,Returning_Visitor,False,False
3,80.0,0,0.0,29,735.98,0.03,0.05,0.0,0.0,May,2,4,1,3,New_Visitor,False,False
3,87.42,0,43.22,3,734.22,0.05,0.08,0.0,0.8,May,1,1,1,2,Returning_Visitor,False,False
3,0.0,1,43.21,1,0.0,0.03,0.05,0.0,0.0,Dec,1,2,1,2,Returning_Visitor,False,False
3,103.88,0,43.2,6,81.38,0.0,0.05,0.0,0.0,Dec,1,2,1,2,Returning_Visitor,False,False
2,87.22,0,0.0,29,2147.38,0.03,0.01,0.0,0.0,Dec,2,2,1,2,New_Visitor,False,False
0,87.19,0,43.28,2,254.0,0.0,0.05,0.0,0.0,Mar,3,2,4,1,Returning_Visitor,False,False
4,88.25,1,546.5,37,2304.5,0.0,0.0,14.54,0.0,Nov,2,2,1,2,Returning_Visitor,False,True
2,87.6,1,43.17,7,114.53,0.0,0.05,0.0,0.0,Oct,2,2,1,2,Returning_Visitor,False,False
0,0.0,0,43.18,1,734.74,0.03,0.05,0.0,0.0,Dec,3,2,4,2,Returning_Visitor,False,False
2,88.06,0,0.0,13,736.91,0.04,0.05,0.0,0.0,Sep,3,2,1,2,Returning_Visitor,False,True
0,0.0,0,0.0,2,735.64,0.03,0.05,0.0,0.0,Nov,2,2,1,13,Returning_Visitor,False,False
3,87.19,0,43.24,2,403.0,0.1,0.05,0.0,0.0,Mar,2,2,1,3,Returning_Visitor,False,False
3,87.21,1,0.0,22,735.8,0.0,0.01,0.0,0.0,May,2,2,1,2,Returning_Visitor,False,False
3,0.0,0,0.0,33,735.36,0.03,0.05,0.0,0.0,Dec,3,2,1,2,Returning_Visitor,False,False
3,86.72,1,43.08,20,738.18,0.01,0.01,0.0,0.0,Dec,3,2,7,2,New_Visitor,False,True
3,0.0,0,45.22,7,245.4,0.03,0.08,3.27,0.0,Sep,3,2,1,2,Returning_Visitor,False,False
0,86.96,0,0.0,39,736.8,0.0,0.01,0.0,0.0,Mar,2,2,1,10,Returning_Visitor,False,False
3,90.41,1,41.0,89,753.61,0.03,0.05,0.94,0.4,May,3,2,1,6,Returning_Visitor,False,False
3,0.0,1,0.0,8,120.5,0.03,0.11,0.0,0.0,Dec,3,2,1,2,Returning_Visitor,False,False
3,87.32,0,43.19,10,117.25,0.03,0.05,0.0,0.0,Nov,2,2,1,11,Returning_Visitor,True,True
0,0.0,0,0.0,74,736.74,0.01,0.05,0.0,0.0,Nov,2,2,1,2,Returning_Visitor,False,False
3,0.0,1,43.19,25,812.0,0.03,0.05,0.0,0.0,Mar,2,2,1,1,Returning_Visitor,False,False
4,87.41,2,8.0,16,2073.38,0.03,0.02,0.0,0.0,Nov,3,2,3,2,Returning_Visitor,False,False
3,87.15,0,43.26,1,735.42,0.03,0.2,0.0,0.0,Dec,2,2,4,2,Returning_Visitor,False,False
0,0.0,0,0.0,16,736.07,0.0,0.05,0.0,0.0,Dec,2,2,1,2,Returning_Visitor,False,False
0,0.0,1,43.21,16,370.67,0.03,0.05,0.0,0.0,Dec,3,2,1,3,Returning_Visitor,False,False
3,0.0,0,43.23,25,629.5,0.03,0.01,0.0,0.0,May,2,2,1,2,Returning_Visitor,False,False
0,0.0,1,0.0,6,203.0,0.1,0.05,0.0,0.0,May,1,1,1,2,Returning_Visitor,False,False
3,363.88,1,0.0,29,736.18,0.01,0.05,0.0,0.0,May,2,4,1,2,Returning_Visitor,False,False
3,119.0,1,0.0,49,1143.35,0.0,0.01,0.0,0.0,May,1,1,1,2,Returning_Visitor,False,False
0,87.24,0,43.27,4,34.0,0.1,0.05,0.0,0.0,Mar,3,2,6,1,Returning_Visitor,False,False
3,87.43,0,0.0,3,158.0,0.03,0.05,0.0,0.0,Dec,1,1,1,3,New_Visitor,False,False
0,0.0,1,45.11,12,410.25,0.02,0.02,0.0,0.0,Nov,2,2,1,2,Returning_Visitor,False,False
4,48.67,0,0.0,66,2436.11,0.02,0.03,12.03,0.0,Nov,2,2,1,6,Returning_Visitor,False,False
0,0.0,0,0.0,8,41.13,0.03,0.05,0.0,0.0,Jul,2,2,1,1,Returning_Visitor,False,False
3,87.61,2,43.3,35,735.2,0.01,0.05,0.0,0.0,Oct,2,2,1,2,New_Visitor,False,False
3,0.0,1,43.15,26,338.23,0.03,0.08,0.0,0.0,May,2,2,2,2,Returning_Visitor,False,False
3,0.0,1,0.0,11,737.37,0.03,0.07,0.0,0.0,Mar,2,2,1,1,Returning_Visitor,False,False
2,20.2,0,0.0,16,357.4,0.0,0.01,0.0,0.0,Oct,2,2,2,2,Returning_Visitor,True,False
3,87.0,1,43.23,2,107.8,0.0,0.05,0.0,0.0,Aug,2,2,5,13,Returning_Visitor,False,False
2,16.0,1,43.15,42,1743.52,0.0,0.05,0.0,0.0,Nov,2,2,1,2,Returning_Visitor,False,False
3,85.95,1,43.11,8,361.23,0.01,0.04,0.0,0.0,Oct,1,2,1,2,Returning_Visitor,True,False
3,35.75,1,0.0,7,800.98,0.0,0.03,76.78,0.0,Nov,2,4,1,2,Returning_Visitor,False,False
3,87.11,1,0.0,1,104.0,0.03,0.1,0.0,0.0,Dec,2,2,4,1,Returning_Visitor,False,False
3,86.96,0,0.0,14,706.5,0.03,0.05,0.0,0.0,Feb,2,2,5,2,Returning_Visitor,False,False
3,87.11,1,0.0,2,33.0,0.0,0.1,0.0,0.0,May,1,8,3,2,Returning_Visitor,False,False
0,0.0,0,0.0,65,1803.58,0.03,0.05,0.0,0.8,May,3,2,1,2,Returning_Visitor,False,False
3,29.2,0,0.0,13,734.55,0.0,0.0,0.0,0.0,Jul,1,1,1,4,Returning_Visitor,False,False
3,87.46,1,0.0,1,0.0,0.2,0.05,0.0,0.0,Dec,2,2,3,2,Returning_Visitor,False,False
4,91.0,1,39.0,16,1280.17,0.0,0.0,39.82,0.0,May,2,4,1,4,Returning_Visitor,False,True
11,376.5,4,63.0,104,800.94,0.02,0.01,7.35,0.0,May,1,2,1,20,Returning_Visitor,False,False
3,87.18,0,0.0,14,735.43,0.03,0.05,0.0,0.0,May,2,2,2,2,Returning_Visitor,False,False
1,87.13,0,43.12,11,92.4,0.03,0.02,0.0,0.0,Jul,2,2,9,2,New_Visitor,False,False
0,87.31,0,43.2,23,373.5,0.02,0.05,0.0,0.0,June,3,2,1,2,Returning_Visitor,False,False
3,87.15,0,0.0,2,0.0,0.2,0.2,0.0,0.0,May,3,2,1,2,Returning_Visitor,True,False
3,87.28,0,43.21,10,355.0,0.0,0.02,0.0,0.0,May,2,2,1,2,Returning_Visitor,False,False
3,87.36,1,43.19,1,734.47,0.2,0.05,0.0,0.0,Dec,2,2,2,1,Returning_Visitor,False,False
3,0.0,0,0.0,2,648.0,0.0,0.1,0.0,0.8,May,1,1,4,1,Returning_Visitor,False,False
0,0.0,1,0.0,1,0.0,0.03,0.05,0.0,0.0,May,2,2,3,2,Returning_Visitor,False,False
3,101.09,0,0.0,6,198.75,0.02,0.04,0.0,0.0,Nov,2,2,7,2,Returning_Visitor,True,False
3,822.67,3,43.25,45,1896.97,0.03,0.03,7.52,0.0,Dec,1,2,1,2,Returning_Visitor,False,False
3,78.0,0,43.21,21,406.8,0.03,0.05,0.0,0.0,May,2,4,1,3,Returning_Visitor,False,False
5,60.2,0,0.0,12,165.4,0.01,0.05,0.0,0.0,Aug,2,2,1,2,Returning_Visitor,False,False
0,87.19,1,0.0,7,735.67,0.03,0.05,0.0,0.0,Nov,2,2,2,1,Returning_Visitor,False,False
0,87.08,1,43.19,17,65.0,0.03,0.08,0.0,0.8,May,2,2,1,3,Returning_Visitor,False,False
3,87.05,0,0.0,6,119.6,0.0,0.01,0.0,0.0,Jul,2,2,1,2,New_Visitor,False,True
3,87.16,0,43.24,17,295.0,0.03,0.05,0.0,0.8,May,2,2,2,2,Returning_Visitor,False,False
3,308.0,0,0.0,54,736.38,0.03,0.01,0.0,0.0,Mar,2,2,1,1,Returning_Visitor,False,False
1,100.93,0,45.14,7,170.75,0.0,0.03,0.0,0.0,Nov,1,2,1,2,Returning_Visitor,False,False
0,86.86,0,0.0,8,736.08,0.0,0.05,0.0,0.0,Nov,2,2,4,2,Returning_Visitor,False,False
3,0.0,0,43.22,9,113.0,0.03,0.06,0.0,0.4,May,2,2,1,3,Returning_Visitor,False,False
3,0.0,0,0.0,7,76.0,0.0,0.07,0.0,0.0,May,2,2,7,3,Returning_Visitor,False,False
0,0.0,1,5.0,66,2537.45,0.03,0.02,0.0,0.4,May,2,2,1,4,Returning_Visitor,False,False
3,87.16,1,43.24,9,736.27,0.03,0.05,0.0,1.0,May,3,2,4,1,Returning_Visitor,False,False
3,0.0,1,43.24,1,734.82,0.03,0.05,0.0,0.0,Mar,1,2,3,1,Returning_Visitor,False,False
0,87.53,0,43.2,1,0.0,0.03,0.2,0.0,0.0,Feb,3,3,1,2,Returning_Visitor,False,False
0,86.84,0,43.26,15,125.25,0.03,0.05,0.0,0.6,May,2,2,1,13,Returning_Visitor,False,False
3,0.0,0,0.0,25,736.08,0.03,0.05,0.0,0.0,Mar,1,1,8,2,Returning_Visitor,False,False
8,352.4,1,43.5,12,309.7,0.03,0.05,0.0,0.0,Sep,3,2,1,2,Returning_Visitor,False,False
0,86.98,0,43.13,16,735.84,0.04,0.05,0.0,0.0,May,2,2,2,2,Returning_Visitor,False,False
3,87.25,1,0.0,13,269.23,0.0,0.01,0.0,0.0,Dec,2,10,1,2,New_Visitor,False,False
6,32.5,1,62.5,80,736.12,0.03,0.05,7.53,0.8,May,2,2,1,4,Returning_Visitor,False,False
0,0.0,0,0.0,24,778.17,0.0,0.05,0.0,0.0,Mar,2,2,1,2,Returning_Visitor,False,False
3,83.6,0,43.24,43,735.31,0.0,0.01,0.0,0.0,Nov,3,2,3,1,Returning_Visitor,False,False
1,5.0,0,0.0,92,735.74,0.03,0.05,0.0,0.0,May,2,2,1,6,Returning_Visitor,False,False
3,0.0,1,43.22,41,3389.8,0.03,0.05,0.0,0.0,Sep,2,2,3,1,Returning_Visitor,False,False
0,0.0,0,43.23,2,735.23,0.2,0.05,0.0,0.2,May,2,2,2,13,Returning_Visitor,False,False
0,0.0,0,43.13,47,736.54,0.03,0.05,0.0,0.0,Jul,3,2,1,1,Returning_Visitor,False,False
3,87.67,2,312.0,98,738.84,0.0,0.05,0.0,0.0,Dec,2,2,8,2,Returning_Visitor,False,False
1,7.0,0,43.22,4,45.0,0.03,0.05,0.0,0.0,Mar,3,2,1,1,Returning_Visitor,False,False
3,64.5,1,0.0,35,1334.55,0.03,0.05,0.0,0.0,Mar,3,2,4,2,Returning_Visitor,True,False
0,86.96,1,34.0,18,271.17,0.0,0.01,0.0,0.0,Nov,2,2,9,2,Returning_Visitor,False,False
5,38.58,2,45.25,7,799.9,0.02,0.04,0.0,0.0,Jul,1,1,1,2,Returning_Visitor,False,True
1,50.4,1,0.0,49,736.03,0.0,0.02,24.69,0.0,June,2,2,1,1,Returning_Visitor,False,False
0,86.82,1,0.0,7,735.88,0.03,0.06,0.0,0.0,May,4,1,1,2,Returning_Visitor,False,False
3,87.19,0,43.24,5,337.25,0.0,0.05,0.0,0.0,Mar,2,2,1,10,Returning_Visitor,False,False
3,0.0,0,0.0,16,306.5,0.03,0.05,0.0,0.0,Dec,1,1,4,2,Returning_Visitor,True,False
3,87.52,1,0.0,10,427.17,0.0,0.05,0.0,0.0,Mar,3,2,9,3,Returning_Visitor,False,False
3,53.5,0,0.0,16,736.03,0.0,0.05,0.0,0.0,Dec,2,2,1,2,Returning_Visitor,False,False
1,87.54,1,43.17,17,336.58,0.0,0.03,0.0,0.0,Nov,3,2,1,1,Returning_Visitor,False,False
0,87.13,0,43.24,28,2102.75,0.06,0.05,0.0,0.0,Jul,3,2,3,13,Returning_Visitor,False,False
3,87.27,1,56.0,10,735.75,0.0,0.02,0.0,0.0,Mar,1,1,1,2,New_Visitor,False,False
3,21.0,0,43.14,11,385.0,0.0,0.02,0.0,0.6,May,2,2,3,2,Returning_Visitor,False,False
9,101.39,2,298.33,51,801.19,0.02,0.01,8.22,0.0,Nov,3,2,3,2,Returning_Visitor,False,True
0,87.29,0,43.17,45,747.04,0.02,0.03,0.0,0.0,Nov,3,2,1,2,Returning_Visitor,False,False
11,201.84,1,0.0,48,2074.4,0.03,0.02,7.25,0.0,Aug,2,7,3,1,Returning_Visitor,False,False
0,87.06,1,43.23,16,736.17,0.0,0.01,0.0,0.0,Oct,2,2,1,2,New_Visitor,False,False
3,87.09,0,43.15,8,143.25,0.03,0.05,0.0,0.0,Dec,2,2,1,1,Returning_Visitor,False,False
0,86.96,1,0.0,33,783.67,0.03,0.05,0.0,0.0,Nov,2,2,1,2,Returning_Visitor,False,False
0,0.0,1,0.0,9,153.2,0.02,0.06,27.89,0.0,Aug,2,2,7,2,Returning_Visitor,False,True
0,0.0,0,43.27,3,164.0,0.0,0.05,0.0,0.0,May,3,2,1,3,Returning_Visitor,False,False
6,206.03,0,0.0,129,800.22,0.02,0.04,2.17,0.0,Oct,2,2,1,3,Returning_Visitor,False,True
3,87.44,1,0.0,51,735.73,0.01,0.03,0.0,0.0,Nov,2,2,3,2,Returning_Visitor,True,False
3,0.0,0,0.0,16,1432.5,0.02,0.04,22.32,0.0,May,1,2,4,4,Returning_Visitor,False,False
3,6.0,0,0.0,18,199.5,0.02,0.05,0.0,0.4,May,3,2,1,2,Returning_Visitor,False,False
0,87.31,1,0.0,21,530.58,0.02,0.02,0.0,0.0,Nov,3,2,4,3,Returning_Visitor,False,False
3,52.53,1,45.09,16,2059.3,0.0,0.04,26.19,0.0,Jul,5,11,1,1,Returning_Visitor,False,True
0,101.48,0,45.23,13,517.4,0.02,0.03,4.86,0.0,Nov,2,2,1,20,Returning_Visitor,False,True
3,87.0,0,0.0,11,297.25,0.0,0.02,0.0,0.0,May,2,2,1,1,Returning_Visitor,False,False
3,87.27,0,0.0,190,737.13,0.03,0.05,0.0,0.0,Nov,2,2,1,2,Returning_Visitor,False,False
0,86.94,0,0.0,23,736.75,0.03,0.05,0.0,0.0,Aug,2,2,1,2,Returning_Visitor,False,False
0,0.0,1,0.0,2,735.03,0.03,0.1,0.0,0.0,Mar,3,2,1,2,Returning_Visitor,False,False
1,5.0,2,134.0,101,735.93,0.03,0.05,0.0,0.2,May,1,1,1,6,Returning_Visitor,False,False
1,50.33,1,0.0,21,586.19,0.0,0.01,0.0,0.6,May,1,1,1,2,Returning_Visitor,False,False
4,174.0,0,43.16,30,1307.67,0.03,0.04,0.0,0.0,May,2,2,4,2,Returning_Visitor,False,False
3,87.5,0,43.27,4,735.02,0.1,0.05,0.0,0.0,May,2,2,3,2,Returning_Visitor,False,False
3,101.41,1,45.02,50,803.07,0.02,0.02,7.15,0.0,Mar,2,2,1,9,Returning_Visitor,True,False
3,137.57,2,45.33,22,739.07,0.0,0.02,13.67,0.0,May,3,6,4,2,Returning_Visitor,False,True
3,72.94,2,125.1,17,318.07,0.03,0.04,0.0,0.0,Mar,3,2,8,2,Returning_Visitor,False,False
7,98.73,2,229.8,151,736.9,0.03,0.05,5.89,0.0,Jul,2,2,1,3,Returning_Visitor,False,False
3,87.39,1,0.0,13,735.67,0.0,0.01,0.0,0.0,Mar,1,1,1,3,New_Visitor,True,False
6,71.38,1,0.0,73,801.94,0.02,0.04,2.52,0.0,Nov,2,2,1,11,Returning_Visitor,False,True
1,5.07,0,0.0,32,441.6,0.0,0.04,0.0,0.0,Sep,2,2,6,3,New_Visitor,False,False
3,87.26,0,43.17,5,735.91,0.03,0.04,0.0,0.0,Mar,2,2,1,2,Returning_Visitor,False,False
3,87.23,0,0.0,9,430.5,0.03,0.05,0.0,0.0,Mar,2,2,1,2,New_Visitor,False,False
3,0.0,0,43.16,10,83.42,0.0,0.02,0.0,0.0,Nov,1,1,1,2,Returning_Visitor,True,False
3,87.75,1,43.28,5,156.0,0.0,0.05,0.0,0.0,Dec,2,2,1,2,New_Visitor,False,False
3,101.42,2,45.26,60,800.34,0.02,0.03,22.92,0.0,Nov,1,1,1,2,Returning_Visitor,True,False
8,89.9,3,20.0,84,735.33,0.03,0.05,3.17,0.0,Jul,2,2,1,1,Returning_Visitor,False,False
3,87.21,1,0.0,10,736.02,0.0,0.03,0.0,0.0,Mar,3,2,2,2,Returning_Visitor,False,False
3,87.2,1,0.0,41,446.42,0.03,0.03,0.0,0.0,Nov,2,2,1,2,Returning_Visitor,False,False
0,0.0,1,43.28,2,734.87,0.03,0.2,0.0,0.0,Mar,3,2,6,1,Returning_Visitor,False,False
3,0.0,0,0.0,17,212.83,0.04,0.05,0.0,0.4,May,1,1,4,3,Returning_Visitor,False,False
3,171.67,1,44.91,41,1284.66,0.02,0.03,21.22,0.0,Mar,2,2,1,1,Returning_Visitor,False,False
1,87.58,1,7.0,31,735.89,0.03,0.05,0.0,0.0,Jul,3,2,3,2,Returning_Visitor,False,False
3,87.38,1,43.16,1,35.25,0.03,0.07,0.0,0.0,Nov,1,2,3,2,Returning_Visitor,False,False
3,87.21,0,0.0,6,734.52,0.01,0.08,0.0,0.0,May,2,2,3,2,Returning_Visitor,False,False
2,50.5,1,7.0,27,734.39,0.03,0.05,0.0,0.0,Nov,1,2,1,8,New_Visitor,True,True
3,0.0,1,0.0,12,735.47,0.03,0.09,0.0,0.0,Nov,4,2,1,2,Returning_Visitor,False,False
6,86.0,0,43.1,12,905.5,0.0,0.05,23.64,0.0,Dec,4,2,1,2,Returning_Visitor,False,True
3,72.5,1,45.24,10,1580.0,0.0,0.02,100.1,0.0,May,2,2,1,2,Returning_Visitor,False,True
1,16.25,0,43.16,34,735.07,0.03,0.05,0.0,0.0,Nov,1,2,1,2,Returning_Visitor,True,False
3,87.36,1,43.23,30,365.4,0.03,0.05,0.0,0.0,Mar,3,2,6,2,Returning_Visitor,False,False
3,87.18,0,43.18,17,327.54,0.03,0.01,0.0,0.0,Oct,3,2,1,2,Returning_Visitor,False,False
3,87.03,1,43.16,18,391.58,0.03,0.03,0.0,0.0,Dec,2,2,1,2,Returning_Visitor,False,False
3,87.08,2,18.0,1,46.0,0.0,0.07,0.0,0.0,Mar,2,2,7,2,Returning_Visitor,False,False
3,86.96,0,43.14,17,735.47,0.0,0.01,0.0,0.0,Dec,2,2,1,2,New_Visitor,False,True
3,87.27,1,0.0,3,0.0,0.2,0.2,0.0,0.0,Dec,1,2,1,2,Returning_Visitor,False,False
0,0.0,0,0.0,6,735.69,0.03,0.05,0.0,0.0,Dec,3,2,3,1,Returning_Visitor,False,False
5,84.33,1,0.0,55,1699.33,0.02,0.04,16.48,0.0,May,2,2,1,2,Returning_Visitor,False,False
3,101.39,1,0.0,30,1224.75,0.0,0.01,21.05,0.0,Mar,2,4,1,2,New_Visitor,False,True
3,52.5,0,43.22,24,1365.5,0.0,0.03,0.0,0.0,May,2,2,7,2,Returning_Visitor,True,False
3,237.25,1,0.0,12,454.23,0.01,0.04,0.0,0.0,May,1,1,8,2,Returning_Visitor,False,False
1,51.0,1,176.0,37,1420.73,0.0,0.01,102.35,0.0,May,2,5,1,4,Returning_Visitor,False,True
3,0.0,2,43.14,3,734.15,0.03,0.12,0.0,0.0,Nov,1,2,1,2,Returning_Visitor,False,False
3,87.18,0,43.21,5,735.37,0.03,0.04,0.0,0.0,Mar,2,2,2,2,Returning_Visitor,False,False
0,87.41,1,0.0,3,26.0,0.0,0.07,0.0,0.0,Dec,2,2,1,2,New_Visitor,False,False
2,131.5,0,0.0,26,801.8,0.02,0.02,33.69,0.0,Nov,1,1,1,2,Returning_Visitor,False,True
3,0.0,0,43.22,20,1117.33,0.0,0.05,0.0,0.0,Mar,2,4,7,2,Returning_Visitor,False,False
1,53.0,0,0.0,10,1331.0,0.02,0.02,49.39,0.0,May,2,2,1,2,Returning_Visitor,False,True
3,0.0,0,0.0,62,736.04,0.03,0.05,0.0,0.0,Nov,2,2,1,1,Returning_Visitor,False,False
3,101.64,1,194.5,56,801.32,0.0,0.02,14.69,0.0,May,1,2,1,2,Returning_Visitor,False,True
3,271.75,1,0.0,40,736.14,0.01,0.05,0.0,0.0,Oct,2,2,3,2,Returning_Visitor,False,False
5,36.0,0,0.0,237,799.5,0.02,0.04,3.96,0.0,Nov,2,2,1,3,Returning_Visitor,False,True
0,87.43,0,0.0,3,31.0,0.0,0.05,0.0,0.0,Dec,2,2,1,2,New_Visitor,False,False
1,4.0,0,0.0,43,1418.5,0.0,0.02,0.0,0.0,Mar,4,1,2,3,Returning_Visitor,True,False
3,59.2,1,0.0,5,735.18,0.0,0.04,0.0,0.0,Dec,3,2,1,2,Returning_Visitor,False,False
3,87.36,1,43.16,12,735.71,0.03,0.03,0.0,0.0,Sep,3,2,1,6,Returning_Visitor,False,False
3,194.0,1,0.0,21,304.27,0.0,0.05,0.0,0.0,May,1,2,4,2,Returning_Visitor,False,False
14,1155.67,1,43.22,20,1069.17,0.03,0.05,0.0,0.0,Mar,2,5,1,3,Returning_Visitor,False,False
6,87.17,1,10.07,23,477.7,0.0,0.01,0.0,0.0,Jul,4,2,7,2,New_Visitor,False,False
2,101.31,0,0.0,133,801.84,0.02,0.04,8.97,0.0,Nov,2,2,1,2,Returning_Visitor,False,True
3,87.27,0,0.0,7,179.96,0.03,0.0,0.0,0.0,Nov,2,2,1,8,New_Visitor,False,True
3,87.32,0,43.26,3,17.0,0.03,0.03,0.0,0.0,Mar,1,2,1,3,Returning_Visitor,False,False
0,86.92,1,0.0,37,582.27,0.03,0.05,0.0,0.0,Nov,2,2,1,2,Returning_Visitor,False,False
9,904.58,4,45.33,132,4096.16,0.02,0.04,8.96,0.0,Nov,3,2,1,2,Returning_Visitor,True,True
1,5.0,1,70.5,125,735.3,0.03,0.05,0.0,0.0,Nov,4,2,1,2,Returning_Visitor,False,False
1,69.6,0,0.0,46,1292.45,0.03,0.01,0.0,0.0,Aug,3,2,1,2,Returning_Visitor,False,False
3,398.0,0,45.15,27,770.31,0.01,0.03,10.05,0.0,Oct,1,8,3,3,Returning_Visitor,False,True
1,87.53,0,0.0,41,1227.71,0.03,0.04,0.0,0.0,Oct,1,1,3,3,Returning_Visitor,False,False
3,123.0,1,29.5,16,734.77,0.03,0.0,0.0,0.0,May,3,3,2,2,New_Visitor,False,False
0,0.0,0,0.0,28,735.35,0.01,0.03,14.59,0.0,Dec,2,4,1,2,Returning_Visitor,False,False
3,101.1,1,45.24,8,335.25,0.1,0.04,0.0,0.0,Nov,3,2,1,2,Returning_Visitor,False,True
3,87.21,0,43.26,15,735.56,0.0,0.05,0.0,0.0,Mar,2,5,1,3,Returning_Visitor,False,False
3,46.0,1,43.23,33,735.5,0.0,0.02,10.84,0.0,Mar,2,2,2,2,Returning_Visitor,True,False
3,86.92,1,43.23,6,736.26,0.0,0.02,0.0,0.8,May,2,2,3,4,Returning_Visitor,False,False
3,0.0,0,43.14,9,735.48,0.02,0.04,0.0,0.0,Mar,1,2,6,1,Returning_Visitor,False,False
3,87.2,1,0.0,12,736.1,0.03,0.05,0.0,0.6,May,2,2,3,2,Returning_Visitor,False,False
3,11.43,1,45.28,20,800.33,0.01,0.02,20.79,0.0,May,2,2,4,4,Returning_Visitor,False,False
3,0.0,4,84.25,141,723.14,0.03,0.05,0.0,0.0,Nov,2,2,1,2,Returning_Visitor,False,False
3,101.42,1,45.24,15,801.33,0.02,0.05,0.0,0.0,Nov,1,1,3,2,Returning_Visitor,False,False
3,87.44,0,0.0,29,867.99,0.03,0.02,0.0,0.0,Sep,3,2,1,4,Returning_Visitor,False,False
8,101.21,1,0.0,17,835.42,0.0,0.02,35.89,0.0,Aug,3,2,1,2,Returning_Visitor,False,True
3,87.05,0,43.32,1,0.0,0.2,0.2,0.0,0.0,Nov,4,2,4,2,Returning_Visitor,False,False
0,86.97,0,0.0,19,736.49,0.03,0.05,0.0,0.6,May,2,2,4,3,Returning_Visitor,False,False
7,96.0,3,313.0,65,735.03,0.01,0.03,6.15,0.0,May,3,2,1,2,Returning_Visitor,True,False
0,86.85,0,0.0,40,3998.33,0.03,0.04,0.0,0.0,Nov,4,2,4,2,Returning_Visitor,False,False
2,11.0,0,0.0,38,938.93,0.04,0.07,0.0,0.0,June,3,2,2,2,Returning_Visitor,False,False
0,0.0,0,43.19,12,312.67,0.03,0.05,0.0,0.0,May,1,2,1,2,Returning_Visitor,False,False
2,35.0,0,43.17,2,6.0,0.0,0.05,0.0,0.0,Mar,2,2,9,2,New_Visitor,False,False
4,127.0,1,0.0,32,2423.75,0.02,0.02,23.62,0.0,May,1,1,3,4,Returning_Visitor,False,True
0,0.0,0,0.0,20,678.0,0.0,0.03,0.0,0.0,Dec,2,2,1,2,Returning_Visitor,False,False
5,87.47,0,43.15,3,36.25,0.0,0.05,0.0,0.0,Nov,2,4,4,2,Returning_Visitor,False,False
3,15.5,1,43.21,15,735.81,0.01,0.05,0.0,0.8,May,4,2,3,2,Returning_Visitor,False,False
3,498.6,1,43.16,25,734.83,0.04,0.05,5.69,0.0,Jul,2,5,4,2,Returning_Visitor,False,True
3,86.79,1,43.19,11,735.94,0.03,0.12,0.0,0.0,Nov,2,2,1,3,Returning_Visitor,False,True
3,34.2,0,0.0,18,1567.85,0.0,0.05,0.0,0.0,Nov,2,2,1,2,Returning_Visitor,False,False
3,87.35,0,43.25,4,735.25,0.0,0.03,0.0,0.0,May,3,2,4,2,Returning_Visitor,False,False
3,86.84,1,43.13,8,163.5,0.1,0.12,0.0,0.0,Nov,3,2,1,2,Returning_Visitor,False,False
3,0.0,1,45.25,9,464.0,0.0,0.02,29.32,0.0,May,2,2,1,2,Returning_Visitor,False,True
3,90.52,1,42.57,12,764.75,0.0,0.02,9.64,0.4,May,2,2,8,2,New_Visitor,False,True
1,87.4,1,4.0,49,735.17,0.03,0.05,0.0,0.0,Dec,1,2,1,2,Returning_Visitor,False,False
3,86.94,0,0.0,23,480.92,0.02,0.03,0.0,0.0,Dec,4,2,1,2,Returning_Visitor,False,False
3,0.0,0,0.0,25,954.47,0.0,0.01,0.0,0.0,Mar,3,2,1,1,Returning_Visitor,True,False
1,87.6,0,43.22,51,735.62,0.03,0.05,0.0,0.0,Mar,3,2,1,3,Returning_Visitor,False,False
3,87.19,0,0.0,25,349.7,0.0,0.02,0.0,0.0,Oct,1,1,1,2,Returning_Visitor,False,False
3,36.0,1,0.0,19,1661.75,0.0,0.05,0.0,0.0,May,2,2,1,2,Returning_Visitor,False,False
0,0.0,1,0.0,44,441.79,0.0,0.05,0.0,0.0,Mar,4,2,1,3,Returning_Visitor,False,False
0,87.25,0,43.23,8,286.7,0.05,0.08,0.0,0.0,Jul,3,2,1,2,Returning_Visitor,False,False
3,0.0,0,43.16,8,734.46,0.03,0.06,0.0,0.0,Dec,1,1,2,2,Returning_Visitor,False,False
0,0.0,0,0.0,15,736.18,0.01,0.03,0.0,0.0,Nov,2,2,3,10,Returning_Visitor,False,False
0,87.11,0,43.21,1,734.92,0.03,0.05,0.0,0.8,Feb,2,2,1,2,Returning_Visitor,False,False
3,0.0,0,0.0,2,0.0,0.2,0.05,0.0,0.0,Mar,2,2,1,3,Returning_Visitor,False,False
3,0.0,1,43.17,5,288.5,0.03,0.05,0.0,0.0,Mar,2,2,1,2,Returning_Visitor,False,False
0,87.03,1,43.16,10,734.49,0.02,0.05,0.0,0.0,Nov,1,2,1,2,Returning_Visitor,False,False
9,354.29,0,0.0,79,802.24,0.01,0.04,12.08,0.0,Nov,3,2,1,2,Returning_Visitor,False,True
7,94.83,2,38.9,262,737.01,0.03,0.05,0.0,0.0,June,2,2,1,4,Returning_Visitor,False,False
1,90.12,1,29.2,97,733.49,0.03,0.05,0.0,0.0,Jul,2,2,1,2,Returning_Visitor,True,False
9,281.75,1,144.5,116,736.02,0.03,0.05,4.95,0.8,May,6,2,1,3,Returning_Visitor,False,False
3,87.22,0,43.15,20,513.33,0.0,0.02,0.0,0.0,Dec,2,2,3,2,Returning_Visitor,False,False
1,101.33,1,0.0,15,914.5,0.0,0.01,56.58,0.0,Nov,2,2,2,11,Returning_Visitor,False,True
2,87.12,1,43.23,23,472.42,0.0,0.05,0.0,0.0,Dec,1,2,1,2,Returning_Visitor,False,False
3,0.0,0,0.0,26,736.54,0.05,0.12,0.0,0.0,Jul,2,2,1,13,Returning_Visitor,False,False
0,0.0,0,0.0,21,735.78,0.03,0.05,0.0,0.0,Dec,1,2,1,2,Returning_Visitor,False,False
3,0.0,0,0.0,1,733.37,0.2,0.2,0.0,0.0,Dec,1,13,1,2,Returning_Visitor,False,False
3,95.03,1,42.52,11,398.69,0.03,0.06,0.0,0.0,Nov,1,8,3,11,Returning_Visitor,False,False
3,87.02,1,0.0,11,203.98,0.0,0.05,0.0,0.0,Jul,2,2,1,2,New_Visitor,False,False
3,84.97,0,0.0,21,771.92,0.03,0.05,0.0,0.0,Aug,3,2,1,4,Returning_Visitor,False,False
9,73.25,1,0.0,26,736.32,0.02,0.04,0.0,0.0,Dec,1,2,3,1,Returning_Visitor,False,False
3,95.0,0,43.23,27,808.7,0.01,0.01,0.0,0.0,Mar,3,2,7,3,Returning_Visitor,False,False
3,88.66,1,0.0,9,739.37,0.03,0.05,0.0,0.0,Sep,3,2,6,13,Returning_Visitor,False,False
0,0.0,0,43.15,5,734.91,0.03,0.05,0.0,0.0,Oct,3,2,8,20,Returning_Visitor,False,False
10,87.51,0,0.0,148,738.25,0.03,0.05,5.78,0.4,May,2,2,1,4,Returning_Visitor,False,False
0,0.0,2,110.87,67,799.14,0.01,0.04,0.0,0.0,Aug,1,1,1,2,Returning_Visitor,False,False
3,57.4,1,0.0,21,423.5,0.0,0.05,0.0,0.0,Sep,2,2,1,2,Returning_Visitor,False,False
3,86.87,0,0.0,3,16.0,0.03,0.05,0.0,0.0,Mar,2,6,1,3,Returning_Visitor,False,False
0,87.11,0,43.22,3,70.0,0.0,0.03,0.0,0.8,May,2,2,3,2,Returning_Visitor,False,False
0,101.18,0,0.0,97,800.45,0.02,0.04,0.0,0.0,Nov,2,2,1,2,Returning_Visitor,False,False
3,0.0,0,43.1,11,736.25,0.02,0.06,0.0,0.0,Dec,2,2,1,2,Returning_Visitor,False,False
3,215.0,0,45.21,53,1481.43,0.0,0.04,56.32,0.0,Nov,1,8,1,11,Returning_Visitor,True,True
3,5.0,0,43.27,7,228.0,0.0,0.05,0.0,0.0,May,1,2,3,2,Returning_Visitor,False,False
3,87.47,1,43.19,14,269.5,0.0,0.05,0.0,0.0,Mar,2,2,3,2,Returning_Visitor,False,False
3,0.0,0,0.0,12,735.9,0.0,0.0,0.0,0.0,Mar,3,2,1,2,Returning_Visitor,True,False
3,33.5,0,0.0,34,1181.85,0.02,0.05,0.0,0.0,Nov,1,1,1,2,Returning_Visitor,False,True
2,101.29,0,0.0,50,801.23,0.02,0.04,2.18,0.0,Mar,4,2,1,2,Returning_Visitor,True,True
3,0.0,1,43.19,1,735.12,0.03,0.2,0.0,0.0,Mar,2,2,7,2,Returning_Visitor,False,False
8,87.27,0,43.19,35,736.57,0.03,0.04,0.0,0.0,Dec,2,2,3,2,Returning_Visitor,False,False
3,87.28,0,0.0,51,1229.17,0.03,0.05,0.0,0.6,May,2,5,4,6,Returning_Visitor,False,False
3,49.5,1,29.5,45,801.61,0.02,0.0,20.97,0.0,Mar,2,2,3,2,Returning_Visitor,True,True
1,7.0,1,0.0,9,160.5,0.0,0.05,0.0,0.0,May,2,2,1,2,Returning_Visitor,False,False
7,101.53,3,255.5,45,2996.49,0.02,0.03,2.09,0.0,May,2,2,3,2,Returning_Visitor,False,False
3,87.48,1,43.24,5,55.5,0.0,0.04,0.0,0.0,Dec,3,2,3,2,Returning_Visitor,False,False
3,15.0,0,0.0,12,1138.25,0.03,0.05,0.0,0.0,Dec,1,2,1,3,Returning_Visitor,False,False
3,0.0,1,0.0,5,735.93,0.0,0.03,0.0,0.0,May,1,1,3,2,Returning_Visitor,False,False
12,152.75,6,1024.25,127,798.75,0.02,0.04,33.85,0.0,Nov,3,1,1,2,Returning_Visitor,True,True
1,24.0,1,239.0,11,734.97,0.02,0.05,0.0,0.0,Mar,1,2,4,2,Returning_Visitor,False,False
3,87.15,1,0.0,1,0.0,0.2,0.2,0.0,0.0,Dec,2,2,5,2,Returning_Visitor,True,False
3,87.19,0,0.0,26,736.1,0.0,0.02,0.0,1.0,May,3,2,1,1,Returning_Visitor,True,False
3,98.61,1,43.51,12,806.93,0.02,0.04,0.0,0.0,Nov,2,2,1,2,New_Visitor,False,False
3,87.6,0,0.0,23,1875.74,0.03,0.04,0.0,0.0,May,3,2,1,1,Returning_Visitor,False,False
6,112.5,0,0.0,86,2041.23,0.02,0.01,5.91,0.0,Nov,2,2,1,2,Returning_Visitor,False,True
3,19.8,1,45.14,2,10.0,0.01,0.04,0.0,0.0,Sep,1,2,6,5,Returning_Visitor,True,True
3,101.4,0,0.0,46,987.12,0.02,0.01,22.26,0.0,Sep,2,2,1,2,Returning_Visitor,False,True
1,4.0,3,148.5,5,735.0,0.0,0.02,0.0,0.0,Mar,2,2,7,2,Returning_Visitor,False,False
2,87.43,1,43.22,37,735.27,0.03,0.01,0.0,0.0,Mar,1,1,1,1,Returning_Visitor,True,False
3,87.59,1,0.0,55,1033.65,0.03,0.05,0.0,0.0,Oct,3,2,1,1,Returning_Visitor,False,False
0,0.0,1,45.21,10,322.37,0.02,0.01,61.81,0.0,Nov,2,5,4,2,Returning_Visitor,False,True
3,22.25,1,0.0,27,2958.22,0.01,0.04,7.87,0.0,Nov,2,2,1,2,Returning_Visitor,False,True
3,155.5,2,121.0,8,311.25,0.0,0.01,0.0,0.0,Nov,2,2,3,2,Returning_Visitor,False,False
1,5.0,0,0.0,21,258.62,0.0,0.01,0.0,0.0,Dec,2,2,4,3,Returning_Visitor,False,False
3,87.02,1,0.0,5,736.11,0.08,0.05,0.0,0.4,May,3,2,1,2,Returning_Visitor,False,False
0,0.0,1,43.18,16,736.23,0.03,0.01,0.0,0.0,Dec,2,2,1,2,Returning_Visitor,False,False
4,22.92,1,0.0,22,735.52,0.03,0.04,0.0,0.0,Nov,2,2,1,2,Returning_Visitor,False,False
3,0.0,0,0.0,8,148.75,0.0,0.03,0.0,0.0,Mar,2,4,1,2,Returning_Visitor,False,False
4,45.0,0,0.0,21,819.83,0.0,0.05,0.0,0.0,May,3,2,1,2,New_Visitor,False,False
3,86.95,0,43.2,20,255.75,0.0,0.05,0.0,0.0,May,2,2,1,4,Returning_Visitor,False,False
1,10.0,1,0.0,12,220.27,0.0,0.02,60.62,0.0,Nov,1,1,1,2,Returning_Visitor,False,True
4,61.0,1,0.0,14,175.67,0.0,0.05,0.0,0.0,Mar,2,2,1,2,Returning_Visitor,False,False
3,86.43,0,43.46,10,383.5,0.0,0.02,0.0,0.0,Nov,1,2,1,2,New_Visitor,False,False
3,87.18,1,0.0,9,396.17,0.0,0.02,0.0,0.0,Nov,3,2,8,2,Returning_Visitor,False,False
3,87.17,1,43.17,2,735.13,0.0,0.05,0.0,0.0,Oct,2,4,1,2,Returning_Visitor,True,False
3,86.79,1,0.0,12,736.56,0.08,0.09,0.0,0.8,May,3,2,6,2,Returning_Visitor,False,False
5,153.57,1,0.0,16,742.21,0.02,0.02,22.9,0.0,Nov,1,2,1,2,Returning_Visitor,False,True
1,8.0,1,0.0,32,690.25,0.01,0.03,10.06,0.0,Dec,1,1,3,2,Returning_Visitor,False,False
5,127.8,1,0.0,15,766.82,0.0,0.0,65.47,0.0,Aug,1,8,4,1,Returning_Visitor,False,True
3,87.0,0,43.26,1,0.0,0.2,0.2,0.0,0.0,May,2,2,1,2,Returning_Visitor,False,False
3,0.0,0,43.26,1,0.0,0.2,0.2,0.0,0.0,Mar,2,2,5,2,Returning_Visitor,False,False
3,149.07,0,0.0,19,285.62,0.03,0.02,0.0,0.0,Nov,3,2,1,2,Returning_Visitor,False,False
0,0.0,0,43.19,16,228.62,0.0,0.05,0.0,0.0,Dec,2,2,1,2,New_Visitor,False,False
3,87.33,0,0.0,10,176.8,0.0,0.04,0.0,0.0,June,3,2,5,4,Returning_Visitor,False,False
15,168.43,2,10.0,98,793.21,0.01,0.05,0.55,0.0,May,2,2,1,2,Returning_Visitor,True,False
4,53.4,1,43.31,4,734.49,0.03,0.03,0.0,0.0,Oct,1,1,1,5,Returning_Visitor,False,False
0,0.0,0,0.0,42,736.43,0.0,0.0,0.0,0.0,Mar,2,2,1,2,Returning_Visitor,False,False
3,0.0,1,0.0,33,960.12,0.01,0.02,0.0,0.0,Dec,2,6,1,3,Returning_Visitor,True,False
3,0.0,1,0.0,30,800.49,0.01,0.04,21.14,0.0,Sep,2,2,1,1,Returning_Visitor,False,False
8,66.2,3,43.22,25,736.51,0.03,0.05,0.0,0.0,Oct,2,2,1,2,Returning_Visitor,False,False
0,93.32,0,43.42,2,771.74,0.03,0.2,0.0,0.0,Nov,3,2,7,2,Returning_Visitor,False,False
13,331.98,5,128.0,202,738.03,0.03,0.05,3.65,0.0,Nov,2,2,1,10,Returning_Visitor,True,True
3,0.0,1,0.0,16,332.17,0.0,0.01,0.0,0.0,Dec,2,2,3,2,New_Visitor,False,False
3,59.86,1,43.2,36,735.59,0.0,0.05,0.0,0.0,Oct,2,2,9,2,Returning_Visitor,True,False
5,48.98,1,65.0,40,1159.57,0.02,0.02,12.49,0.0,Dec,1,1,1,2,Returning_Visitor,True,False
0,0.0,0,0.0,32,734.98,0.01,0.05,0.0,0.0,Nov,1,2,1,2,New_Visitor,False,False
3,32.0,1,70.0,16,801.35,0.01,0.04,9.54,0.0,Mar,2,2,3,2,Returning_Visitor,False,False
3,91.0,0,43.17,12,197.0,0.03,0.04,0.0,0.0,Nov,2,2,1,2,New_Visitor,False,False
3,87.01,1,43.17,63,736.06,0.0,0.02,0.0,0.0,Aug,2,2,1,2,Returning_Visitor,False,False
1,88.33,0,0.0,6,25.5,0.07,0.05,0.0,0.0,Mar,3,2,1,1,Returning_Visitor,False,False
3,34.92,1,43.22,21,496.48,0.01,0.05,0.0,0.0,Dec,3,2,1,2,Returning_Visitor,False,False
3,87.07,0,0.0,7,499.5,0.0,0.05,0.0,0.8,May,2,2,1,2,Returning_Visitor,False,False
3,101.34,1,0.0,11,574.33,0.0,0.02,34.26,0.4,May,1,1,1,2,Returning_Visitor,False,True
3,0.0,0,0.0,17,722.08,0.01,0.03,0.0,0.0,Dec,2,2,1,1,Returning_Visitor,False,False
3,87.3,1,43.21,4,735.5,0.0,0.03,0.0,0.0,May,2,2,3,2,Returning_Visitor,False,False
1,88.57,0,0.0,13,355.17,0.02,0.06,0.0,0.0,Nov,3,2,1,3,Returning_Visitor,False,False
1,15.2,0,0.0,81,4536.31,0.03,0.05,0.0,0.0,Jul,3,2,1,1,Returning_Visitor,False,False
3,0.0,1,0.0,1,735.56,0.2,0.05,0.0,0.0,Mar,2,4,1,2,Returning_Visitor,False,False
3,98.24,0,44.71,7,798.86,0.03,0.09,0.0,0.0,Nov,2,2,1,2,Returning_Visitor,False,False
15,241.85,1,27.5,202,800.05,0.02,0.04,1.61,0.0,Nov,2,2,1,2,Returning_Visitor,False,True
0,87.31,1,0.0,5,47.0,0.0,0.05,0.0,0.0,Nov,2,2,1,2,Returning_Visitor,False,False
0,86.95,1,0.0,14,184.83,0.03,0.05,0.0,0.4,May,2,2,1,2,Returning_Visitor,False,False
3,15.0,0,43.18,12,189.67,0.02,0.03,0.0,0.0,May,3,2,6,1,Returning_Visitor,False,False
4,165.0,0,43.21,59,737.59,0.01,0.02,8.13,0.0,May,2,2,1,2,Returning_Visitor,False,True
0,86.71,0,43.25,7,193.33,0.03,0.05,0.0,0.0,May,2,2,1,2,Returning_Visitor,False,False
3,0.0,1,43.26,11,326.5,0.04,0.05,0.0,0.0,Nov,1,2,1,2,Returning_Visitor,False,False
3,34.4,1,0.0,44,801.17,0.02,0.06,15.18,0.6,May,2,2,1,6,Returning_Visitor,False,False
0,87.13,0,43.17,6,735.67,0.0,0.05,0.0,0.2,May,2,2,1,4,Returning_Visitor,False,False
9,156.61,5,156.75,83,2694.51,0.0,0.04,0.0,0.0,Nov,2,2,1,2,Returning_Visitor,False,True
5,101.24,0,0.0,106,801.02,0.02,0.04,1.91,0.0,May,4,2,1,6,Returning_Visitor,False,False
3,303.93,0,42.78,82,1853.29,0.03,0.02,11.02,0.0,Dec,2,2,1,2,Returning_Visitor,False,False
4,83.25,0,45.18,152,800.77,0.02,0.04,0.31,0.0,Dec,2,2,1,2,Returning_Visitor,False,True
3,87.19,1,0.0,26,736.28,0.04,0.05,0.0,0.0,May,2,2,1,3,Returning_Visitor,False,False
8,377.51,3,265.0,60,796.77,0.01,0.03,1.71,0.0,Mar,1,2,4,2,Returning_Visitor,False,True
0,0.0,1,0.0,1,0.0,0.2,0.2,0.0,0.0,Dec,2,4,3,2,Returning_Visitor,False,False
0,101.3,1,5.0,89,798.76,0.02,0.04,0.0,0.0,Nov,3,2,1,2,Returning_Visitor,True,False
0,0.0,0,43.2,26,655.78,0.0,0.01,0.0,0.0,Mar,1,2,8,2,Returning_Visitor,False,False
5,91.0,2,232.8,246,735.1,0.03,0.05,0.0,0.0,Oct,4,2,1,3,Returning_Visitor,True,False
3,0.0,0,43.24,4,734.79,0.05,0.05,0.0,0.4,May,1,2,1,2,Returning_Visitor,False,False
4,88.0,1,1174.0,173,735.14,0.03,0.05,1.54,0.0,Nov,3,2,1,2,Returning_Visitor,True,True
3,87.03,0,0.0,19,1065.9,0.02,0.04,0.0,1.0,May,1,1,1,2,Returning_Visitor,True,False
3,122.8,0,43.21,7,735.43,0.0,0.02,0.0,0.0,Nov,2,5,5,2,Returning_Visitor,False,False
3,99.52,0,0.0,19,800.03,0.0,0.01,0.0,0.0,Nov,2,2,2,2,New_Visitor,False,False
0,0.0,1,0.0,10,443.75,0.06,0.07,38.19,0.0,Nov,1,8,8,1,Returning_Visitor,False,True
3,87.15,1,43.22,1,0.0,0.0,0.05,0.0,0.0,Mar,2,2,1,1,Returning_Visitor,False,False
1,37.0,1,0.0,10,736.2,0.03,0.02,0.0,0.0,May,2,2,3,2,New_Visitor,True,False
0,0.0,0,0.0,62,736.43,0.03,0.06,0.0,0.0,Jul,3,2,3,13,Returning_Visitor,False,False
0,87.25,1,43.18,43,736.02,0.03,0.02,0.0,0.0,Nov,2,2,1,2,Returning_Visitor,True,False
1,86.87,0,43.24,53,2241.5,0.03,0.05,0.0,0.4,May,2,2,1,20,Returning_Visitor,False,False
2,87.5,1,0.0,22,735.36,0.02,0.03,0.0,0.0,Mar,2,5,1,3,Returning_Visitor,False,False
3,86.97,1,43.26,6,50.0,0.0,0.05,0.0,0.0,May,2,4,3,2,Returning_Visitor,False,False
3,72.57,10,43.17,27,1091.32,0.0,0.05,0.0,0.0,Sep,2,2,1,2,Returning_Visitor,False,True
7,356.67,0,43.14,72,735.85,0.01,0.01,0.0,0.0,Oct,2,2,1,2,Returning_Visitor,False,False
3,87.25,1,43.17,4,735.34,0.0,0.03,0.0,0.0,Mar,2,2,1,2,Returning_Visitor,False,False
4,97.2,2,16.0,26,690.57,0.0,0.0,59.34,0.0,Jul,2,4,8,2,Returning_Visitor,False,True
7,87.1,0,0.0,27,1753.58,0.03,0.05,0.0,0.2,May,1,2,1,2,Returning_Visitor,False,False
6,87.07,1,43.23,23,619.5,0.03,0.05,0.0,0.0,May,2,2,3,3,Returning_Visitor,False,False
0,0.0,1,0.0,122,737.18,0.02,0.05,0.0,1.0,May,2,6,1,6,Returning_Visitor,True,False
1,7.0,2,43.31,5,412.25,0.03,0.04,0.0,0.0,Dec,2,2,1,2,Returning_Visitor,False,False
3,87.02,0,0.0,10,735.41,0.03,0.02,0.0,0.0,Feb,1,2,1,3,Returning_Visitor,False,False
0,0.0,1,0.0,16,802.16,0.0,0.04,11.13,0.0,May,3,2,1,2,New_Visitor,False,True
3,86.63,0,0.0,4,88.0,0.0,0.05,0.0,0.0,Feb,4,1,1,3,Returning_Visitor,False,False
1,21.0,1,0.0,13,1474.5,0.02,0.02,69.46,0.0,Dec,2,2,4,2,Returning_Visitor,False,True
0,87.08,1,0.0,31,3888.17,0.02,0.05,0.0,0.0,Mar,2,2,1,2,Returning_Visitor,False,False
2,98.75,1,43.08,24,736.43,0.03,0.05,0.0,0.0,Dec,2,2,1,2,Returning_Visitor,False,False
0,0.0,0,43.23,71,736.42,0.03,0.05,0.0,0.6,May,2,2,8,2,Returning_Visitor,False,False
0,0.0,1,0.0,60,736.47,0.03,0.05,0.0,0.0,Aug,2,2,1,2,Returning_Visitor,False,False
3,87.05,1,0.0,18,5188.5,0.03,0.05,0.0,0.0,Mar,2,5,1,2,Returning_Visitor,False,False
2,30.0,0,0.0,24,736.6,0.01,0.05,0.0,0.0,May,2,2,1,4,Returning_Visitor,False,False
0,0.0,1,0.0,26,364.67,0.03,0.05,0.0,0.8,May,2,2,1,13,Returning_Visitor,False,False
3,120.5,1,260.5,22,801.96,0.01,0.04,7.52,0.0,Nov,2,2,1,2,Returning_Visitor,True,True
3,0.0,1,0.0,8,735.3,0.0,0.05,0.0,0.0,Jul,1,2,1,2,Returning_Visitor,True,False
1,0.0,1,42.09,15,708.53,0.03,0.04,54.86,0.0,Mar,2,4,3,2,Returning_Visitor,False,False
4,87.0,0,43.23,31,736.78,0.0,0.01,0.0,0.6,May,2,2,1,2,Returning_Visitor,False,False
3,86.98,1,4.0,17,319.0,0.03,0.01,0.0,0.0,May,2,2,9,2,Returning_Visitor,True,False
0,0.0,1,43.17,18,1748.0,0.05,0.06,0.0,0.0,May,1,1,1,3,Returning_Visitor,False,False
0,0.0,0,0.0,1,0.0,0.2,0.05,0.0,0.8,May,2,2,1,1,Returning_Visitor,False,False
3,87.22,1,43.24,1,0.0,0.2,0.05,0.0,0.0,May,1,2,4,2,New_Visitor,False,False
0,87.23,1,0.0,4,35.33,0.03,0.05,0.0,0.0,June,1,2,1,2,Returning_Visitor,False,False
3,87.48,1,43.24,3,734.73,0.03,0.08,0.0,0.0,Mar,2,2,1,3,Returning_Visitor,False,False
3,33.0,1,0.0,8,182.58,0.0,0.03,0.0,0.0,Mar,2,2,6,2,Returning_Visitor,False,False
0,0.0,1,45.25,27,1095.66,0.02,0.02,60.73,0.0,Nov,1,1,1,10,Returning_Visitor,False,True
3,0.0,1,0.0,2,28.0,0.0,0.05,0.0,0.0,May,2,2,1,3,Returning_Visitor,False,False
4,52.25,0,45.18,3,28.0,0.0,0.03,0.0,0.0,Nov,2,2,1,2,Returning_Visitor,False,False
0,87.26,0,0.0,4,7.0,0.0,0.05,0.0,0.0,Mar,2,2,1,2,Returning_Visitor,False,False
0,87.27,1,43.2,12,735.96,0.03,0.05,0.0,0.0,Dec,2,2,1,2,New_Visitor,False,False
0,87.37,0,43.22,1,734.83,0.2,0.2,0.0,0.0,May,2,2,2,2,Returning_Visitor,False,False
3,87.32,2,30.0,11,1114.92,0.03,0.05,0.0,0.0,Mar,3,2,1,3,Returning_Visitor,False,False
3,0.0,0,0.0,5,95.0,0.04,0.12,0.0,0.0,Mar,2,2,1,1,Returning_Visitor,False,False
3,0.0,1,43.27,9,249.41,0.02,0.05,0.0,0.0,Nov,1,2,1,4,Returning_Visitor,False,False
3,0.0,1,43.2,1,0.5,0.0,0.07,0.0,0.0,Dec,2,2,4,2,Returning_Visitor,False,False
2,26.0,0,0.0,46,735.45,0.0,0.05,0.0,0.0,Mar,2,2,1,2,Returning_Visitor,False,False
3,87.44,0,0.0,7,183.0,0.02,0.07,0.0,0.0,Jul,3,3,1,2,Returning_Visitor,False,False
3,86.86,0,0.0,3,15.2,0.07,0.13,0.0,0.0,Aug,2,4,1,2,Returning_Visitor,False,False
3,171.5,1,178.5,26,1565.96,0.01,0.02,8.05,0.0,Nov,2,2,1,2,Returning_Visitor,False,True
3,86.93,0,43.2,19,735.07,0.03,0.05,0.0,0.0,Jul,1,2,1,2,Returning_Visitor,False,False
3,0.0,1,0.0,21,864.46,0.0,0.05,0.0,0.0,Dec,3,2,1,2,New_Visitor,False,False
0,0.0,1,0.0,40,1445.84,0.0,0.05,0.0,0.0,Nov,3,2,6,2,Returning_Visitor,False,False
0,0.0,1,43.53,19,380.95,0.0,0.01,0.0,0.0,Nov,3,2,1,2,Returning_Visitor,False,True
3,95.32,0,0.0,15,743.67,0.03,0.03,19.43,0.0,May,2,2,1,2,Returning_Visitor,False,True
3,86.63,1,43.12,9,736.43,0.02,0.06,0.0,0.0,Mar,2,2,6,1,Returning_Visitor,False,False
3,150.0,0,0.0,42,1722.5,0.0,0.05,0.0,0.0,May,2,2,4,2,Returning_Visitor,False,False
3,0.0,0,0.0,6,279.0,0.03,0.05,0.0,0.0,Dec,1,2,1,2,Returning_Visitor,False,False
0,87.27,1,43.21,3,735.47,0.07,0.13,0.0,0.0,May,2,2,2,3,Returning_Visitor,False,False
3,87.18,1,0.0,11,192.73,0.0,0.0,0.0,0.0,Oct,2,2,1,2,New_Visitor,False,False
5,99.67,0,45.24,14,1714.17,0.0,0.02,33.2,0.0,May,2,2,1,2,Returning_Visitor,False,False
0,87.49,0,0.0,2,734.88,0.2,0.2,0.0,0.0,May,2,2,2,3,Returning_Visitor,False,False
3,87.8,0,0.0,38,842.42,0.02,0.01,52.29,0.0,Oct,1,1,1,2,Returning_Visitor,True,True
0,87.06,0,0.0,5,226.0,0.09,0.13,0.0,0.0,May,1,1,1,1,Returning_Visitor,False,False
1,87.47,1,0.0,6,197.75,0.03,0.04,0.0,0.0,Dec,1,1,2,2,New_Visitor,False,False
3,87.42,0,0.0,4,108.0,0.0,0.05,0.0,0.8,May,3,2,3,2,Returning_Visitor,False,False
3,793.75,1,0.0,65,734.1,0.01,0.05,0.0,0.0,Nov,1,2,1,2,Returning_Visitor,False,False
1,59.5,1,43.2,20,735.89,0.03,0.05,0.0,0.0,Dec,2,2,1,2,Returning_Visitor,False,False
4,87.54,12,886.25,154,735.43,0.0,0.05,0.0,0.0,Nov,3,2,1,2,Returning_Visitor,True,False
3,87.52,0,0.0,3,51.5,0.03,0.07,0.0,0.0,Mar,3,2,1,10,Returning_Visitor,True,False
0,0.0,0,0.0,2,0.0,0.03,0.2,0.0,0.6,May,3,2,6,13,Returning_Visitor,False,False
3,13.0,1,43.32,51,734.42,0.0,0.05,0.0,0.0,Jul,2,2,1,4,Returning_Visitor,False,False
0,0.0,2,193.25,106,736.16,0.03,0.05,0.0,1.0,May,3,2,8,2,Returning_Visitor,True,False
6,87.27,0,43.17,17,735.47,0.03,0.05,0.0,0.0,Oct,2,2,1,2,New_Visitor,False,False
3,26.67,0,43.15,20,735.94,0.03,0.04,0.0,0.0,May,2,2,1,2,Returning_Visitor,True,False
5,62.0,0,0.0,125,799.05,0.0,0.04,0.0,0.0,Nov,4,2,1,3,Returning_Visitor,False,False
0,0.0,0,43.19,11,281.9,0.03,0.05,0.0,0.0,Dec,1,8,1,2,Returning_Visitor,False,False
3,87.42,0,0.0,34,2161.98,0.03,0.02,0.0,0.0,Mar,3,2,1,1,Returning_Visitor,False,False
3,87.19,1,0.0,3,734.76,0.0,0.07,0.0,0.0,May,2,2,4,2,Returning_Visitor,False,False
0,0.0,0,0.0,6,735.66,0.03,0.01,0.0,0.0,May,2,2,1,4,Returning_Visitor,False,False
0,0.0,0,43.25,4,735.12,0.03,0.15,0.0,0.0,Sep,3,2,1,2,Returning_Visitor,False,False
3,4.0,0,45.21,32,673.12,0.01,0.04,17.06,0.8,May,2,2,1,2,Returning_Visitor,False,True
3,64.58,1,0.0,36,1334.08,0.0,0.04,0.0,0.0,Nov,2,2,1,2,Returning_Visitor,False,False
5,241.67,1,229.0,38,735.56,0.03,0.01,8.22,0.0,Mar,2,4,3,2,Returning_Visitor,False,False
3,87.35,1,1.0,10,384.4,0.03,0.04,0.0,0.0,May,1,2,1,3,Returning_Visitor,False,False
0,0.0,0,43.2,9,152.6,0.04,0.05,0.0,0.0,June,2,2,1,2,Returning_Visitor,False,False
3,0.0,1,0.0,12,499.0,0.0,0.04,86.39,0.0,May,2,2,1,2,Returning_Visitor,False,True
7,351.08,1,43.58,53,734.92,0.03,0.05,13.78,0.0,Nov,1,1,1,4,Returning_Visitor,False,False
4,322.5,1,29.0,78,3098.99,0.03,0.05,0.0,0.0,May,3,2,1,13,Returning_Visitor,True,False
3,87.21,1,0.0,24,1884.7,0.03,0.05,0.0,0.0,Sep,2,2,1,13,Returning_Visitor,False,False
1,32.75,1,11.0,43,2949.55,0.02,0.05,0.0,0.8,May,3,2,1,2,Returning_Visitor,False,False
0,87.14,0,43.17,44,1502.29,0.03,0.03,0.0,0.0,Dec,2,2,1,2,New_Visitor,False,False
3,0.0,1,0.0,43,3747.83,0.03,0.05,0.0,0.0,Jul,2,2,1,13,Returning_Visitor,False,False
0,87.46,1,43.31,4,0.0,0.2,0.2,0.0,0.6,May,3,2,1,2,Returning_Visitor,False,False
0,0.0,1,0.0,9,651.0,0.0,0.02,68.26,0.0,Nov,2,2,2,2,Returning_Visitor,False,True
11,604.73,1,0.0,63,1276.84,0.0,0.05,0.0,0.0,Jul,2,2,1,2,Returning_Visitor,False,True
0,0.0,0,0.0,12,735.61,0.03,0.04,0.0,0.0,Nov,1,1,1,2,Returning_Visitor,False,False
1,51.4,1,0.0,41,883.14,0.02,0.03,48.79,0.0,Jul,2,2,1,3,Returning_Visitor,False,True
12,569.83,0,0.0,127,803.59,0.02,0.04,0.15,0.0,Aug,1,2,1,4,Returning_Visitor,False,True
13,266.05,9,985.48,179,737.54,0.03,0.05,0.0,0.0,June,1,2,1,3,Returning_Visitor,False,False
