Administrative,Administrative_Duration,Informational,Informational_Duration,ProductRelated,ProductRelated_Duration,BounceRates,ExitRates,PageValues,SpecialDay,Month,OperatingSystems,Browser,Region,TrafficType,VisitorType,Weekend,Revenue
3,84.25,0,0.0,52,1713.5,0.0,0.03,0.15,0.0,Nov,2,2,1,2,New_Visitor,False,False
0,0.0,0,0.0,1,0.0,0.2,0.2,0.0,0.01,May,1,1,4,3,Returning_Visitor,False,False
0,0.84,0,0.0,19,1380.75,0.01,0.02,0.0,0.6,May,1,1,8,4,Returning_Visitor,False,False
0,0.0,0,0.0,1,0.0,0.2,0.2,0.0,0.0,Nov,4,1,1,10,Returning_Visitor,True,False
13,388.3,8,417.0,67,6483.77,0.0,0.01,11.51,0.0,May,2,2,1,2,Returning_Visitor,False,False
0,0.0,0,1.98,1,36.82,0.2,0.2,0.0,0.01,May,2,2,1,3,Returning_Visitor,False,False
0,0.0,0,2.0,45,1035.0,0.02,0.04,0.69,0.0,June,4,2,3,3,Returning_Visitor,False,False
3,90.0,0,0.0,4,177.01,0.0,0.02,0.0,0.0,May,2,2,6,5,New_Visitor,False,False
0,0.0,0,0.0,11,242.92,0.0,0.01,0.83,0.0,Dec,2,10,7,1,Returning_Visitor,False,True
0,0.0,0,3.19,2,256.49,0.0,0.1,0.0,0.0,May,2,2,6,1,Returning_Visitor,True,False
3,51.5,0,32.16,59,1954.75,0.0,0.0,0.02,0.0,Dec,2,2,3,2,Returning_Visitor,False,False
2,94.0,0,0.0,5,224.45,0.0,0.03,0.0,0.08,Mar,3,3,1,10,Returning_Visitor,False,False
1,58.0,0,0.0,33,647.62,0.0,0.01,0.0,0.0,Dec,3,2,3,2,New_Visitor,False,False
2,125.0,0,0.0,4,49.0,0.03,0.08,0.0,0.0,May,3,2,8,1,Returning_Visitor,False,False
0,0.0,1,0.0,1,501.0,0.0,0.06,0.0,0.0,Nov,1,1,4,10,Returning_Visitor,True,False
0,0.0,0,16.62,12,213.77,0.13,0.17,0.0,0.6,May,2,2,1,3,Returning_Visitor,False,False
0,0.0,0,0.0,75,1775.24,0.0,0.02,0.39,0.0,Nov,3,2,5,3,Returning_Visitor,False,False
0,0.93,0,0.0,77,1361.54,0.0,0.03,0.0,0.0,Dec,1,1,3,1,Returning_Visitor,False,False
0,0.0,0,0.0,6,60.25,0.05,0.06,0.0,0.0,Nov,2,2,7,3,Returning_Visitor,False,True
0,2.05,0,0.0,8,491.59,0.03,0.06,0.13,0.0,Mar,1,2,8,1,Returning_Visitor,False,False
0,0.0,0,0.0,29,1137.17,0.0,0.01,0.62,0.0,May,2,4,1,4,Returning_Visitor,False,True
2,81.6,1,0.0,39,2230.6,0.01,0.02,0.0,0.0,Jul,2,2,9,1,Returning_Visitor,False,False
3,108.0,0,0.0,48,1209.56,0.02,0.03,0.0,0.0,Dec,2,2,1,1,Returning_Visitor,False,False
0,0.0,0,0.0,49,1754.35,0.01,0.01,0.0,0.0,Dec,2,2,4,1,Returning_Visitor,False,False
4,406.0,0,0.0,55,2570.43,0.0,0.02,0.0,0.0,Nov,3,2,4,2,Returning_Visitor,True,False
11,109.31,2,106.8,68,1607.17,0.0,0.04,0.0,0.0,May,2,2,1,2,Returning_Visitor,False,True
2,141.95,0,0.0,48,1717.19,0.0,0.0,80.04,0.0,May,2,2,1,4,Returning_Visitor,True,True
3,115.16,0,0.0,5,0.0,0.0,0.07,0.0,0.8,May,1,1,6,5,New_Visitor,False,False
0,0.0,0,0.0,22,1171.02,0.0,0.04,0.0,0.0,May,4,1,9,4,Returning_Visitor,False,False
0,0.0,0,0.0,1,82.8,0.2,0.2,0.0,0.0,Dec,2,2,1,13,Returning_Visitor,False,False
3,268.42,0,0.0,49,1124.88,0.0,0.01,0.08,0.0,Nov,2,2,9,2,Returning_Visitor,False,True
3,14.0,0,4.88,36,1710.27,0.0,0.01,0.12,0.0,Dec,2,2,1,10,Returning_Visitor,False,False
2,53.17,0,0.0,27,1538.06,0.02,0.04,0.34,0.0,Jul,3,2,3,2,Returning_Visitor,False,False
0,0.0,0,2.43,1,113.88,0.2,0.2,0.0,0.0,Nov,8,2,9,2,Returning_Visitor,False,False
0,1.27,0,2.25,29,1663.28,0.0,0.03,0.0,0.0,Nov,1,1,4,10,Returning_Visitor,True,True
0,0.0,0,6.52,4,66.0,0.0,0.03,0.0,0.0,Dec,2,2,1,2,Returning_Visitor,False,False
9,266.74,4,1312.4,26,743.48,0.0,0.02,11.36,0.0,May,2,7,1,2,Returning_Visitor,True,True
5,146.5,4,80.73,49,14568.16,0.0,0.02,3.55,0.0,Nov,2,2,4,1,Returning_Visitor,False,True
3,59.53,0,0.0,13,183.65,0.0,0.01,0.35,0.0,Sep,2,2,6,2,New_Visitor,False,False
3,0.0,1,297.2,8,320.27,0.0,0.04,17.8,0.01,Oct,2,2,1,20,Returning_Visitor,False,True
0,0.64,0,0.0,18,262.32,0.03,0.06,0.0,0.01,May,2,2,3,3,Returning_Visitor,False,False
3,0.0,0,0.0,28,2195.58,0.0,0.02,8.39,0.0,Oct,1,1,3,2,Returning_Visitor,False,True
2,140.41,0,0.0,21,1703.03,0.01,0.0,0.0,0.0,May,2,2,7,2,Returning_Visitor,False,False
1,0.0,0,0.0,45,1296.0,0.0,0.02,1.94,0.0,Nov,2,5,2,3,Returning_Visitor,False,False
6,6.4,0,0.0,14,858.2,0.0,0.01,0.0,0.0,Oct,4,2,1,5,New_Visitor,False,True
0,0.0,0,0.0,23,1544.6,0.06,0.06,0.04,0.0,Nov,3,2,8,13,Returning_Visitor,True,False
3,176.25,1,38.38,12,1183.05,0.0,0.04,0.0,0.0,Dec,2,2,1,2,Returning_Visitor,False,False
3,40.0,2,8.72,17,481.67,0.02,0.04,0.81,0.01,May,3,2,3,2,Returning_Visitor,False,False
1,143.05,0,0.0,11,243.67,0.0,0.02,0.0,0.01,Mar,3,2,1,3,Returning_Visitor,False,False
10,86.24,1,21.2,25,1110.97,0.0,0.01,112.44,0.0,Nov,4,2,7,2,Returning_Visitor,False,False
8,164.62,0,0.0,49,1110.58,0.0,0.01,16.36,0.0,Nov,2,2,3,3,Returning_Visitor,False,True
0,0.0,0,8.18,48,669.97,0.01,0.04,0.0,0.0,Mar,1,2,6,2,Returning_Visitor,False,False
0,0.0,1,28.0,12,276.0,0.0,0.01,0.0,0.0,May,2,3,2,3,New_Visitor,False,False
0,0.0,0,0.0,29,216.96,0.0,0.06,0.0,0.0,Mar,3,2,7,1,Returning_Visitor,True,False
3,13.92,0,0.0,6,162.75,0.0,0.03,0.0,0.01,Mar,1,1,1,2,Returning_Visitor,False,False
1,29.0,0,2.69,25,381.36,0.0,0.0,0.0,0.07,May,2,2,1,2,New_Visitor,False,False
10,13.72,0,0.0,48,1553.52,0.01,0.01,0.0,0.0,Sep,2,2,1,2,Returning_Visitor,False,False
1,0.0,0,0.0,7,343.25,0.0,0.03,0.58,0.0,Nov,2,2,2,7,Returning_Visitor,True,True
3,76.0,0,0.0,48,1706.57,0.0,0.03,5.51,0.0,Mar,4,1,3,2,Returning_Visitor,False,False
0,0.0,0,0.0,14,259.69,0.0,0.02,0.0,0.0,Nov,4,2,6,3,Returning_Visitor,False,False
3,555.5,0,0.0,58,2034.26,0.01,0.04,0.0,0.0,Nov,2,2,1,1,Returning_Visitor,False,True
7,144.4,0,0.0,23,502.52,0.0,0.02,0.16,0.0,Nov,2,5,3,2,Returning_Visitor,True,False
0,0.0,0,0.0,13,210.5,0.03,0.06,0.02,0.0,Dec,2,2,1,1,Returning_Visitor,False,False
0,0.0,0,0.0,12,291.6,0.0,0.09,0.0,0.36,May,2,2,1,6,Returning_Visitor,True,False
1,0.0,0,0.0,5,1656.67,0.06,0.1,0.0,0.0,Mar,4,2,1,3,Returning_Visitor,False,False
0,0.0,0,0.0,49,1458.53,0.0,0.03,0.0,0.0,Dec,1,1,1,2,Returning_Visitor,False,False
1,9.0,0,9.55,15,688.18,0.0,0.01,43.03,0.0,Dec,1,1,1,2,New_Visitor,False,True
0,7.49,0,0.0,4,648.93,0.05,0.07,0.0,0.4,May,2,2,1,7,Returning_Visitor,False,False
9,150.0,0,0.0,48,1799.14,0.0,0.02,0.0,0.12,May,3,2,3,13,Returning_Visitor,False,False
0,1.32,0,2.05,1,0.0,0.2,0.18,0.0,0.0,Dec,1,1,7,3,Returning_Visitor,False,False
9,25.56,0,0.0,47,1895.13,0.01,0.01,0.0,0.0,May,3,2,1,2,Returning_Visitor,True,False
2,0.0,0,0.0,47,1713.29,0.0,0.01,0.1,0.0,May,2,5,3,4,Returning_Visitor,False,True
2,26.18,6,665.5,14,484.85,0.0,0.04,0.0,0.0,Nov,3,2,3,10,Returning_Visitor,True,False
5,39.7,0,0.0,14,253.6,0.0,0.02,0.0,0.09,Sep,2,2,4,4,Returning_Visitor,False,False
0,0.0,0,0.0,91,1715.71,0.0,0.02,0.0,0.0,Nov,2,2,1,2,Returning_Visitor,False,False
6,200.22,2,126.0,146,7253.68,0.01,0.02,5.94,0.4,May,2,2,3,3,Returning_Visitor,False,False
0,0.0,0,1.64,8,196.5,0.0,0.01,0.0,0.0,Mar,3,2,1,10,Returning_Visitor,False,False
9,208.4,0,0.0,13,177.73,0.0,0.03,0.0,0.01,May,1,1,1,2,Returning_Visitor,False,False
0,0.0,0,0.0,10,476.0,0.01,0.09,0.0,0.0,May,2,4,1,1,Returning_Visitor,False,False
0,0.0,0,0.0,65,6053.47,0.01,0.03,0.19,0.0,Sep,2,4,9,2,Returning_Visitor,False,False
1,0.0,0,1.9,5,45.93,0.0,0.06,0.0,0.0,Dec,2,2,4,2,New_Visitor,False,False
0,0.0,0,1.67,2,0.0,0.16,0.2,0.41,0.0,Nov,2,10,1,3,Returning_Visitor,False,False
8,259.83,0,0.0,49,655.73,0.0,0.01,0.0,0.01,May,3,2,7,4,Returning_Visitor,False,False
0,0.0,0,1.54,5,58.0,0.0,0.04,0.0,0.0,May,2,2,4,3,Returning_Visitor,False,False
0,0.0,0,0.0,8,219.73,0.0,0.05,0.0,0.0,Nov,2,2,9,1,Returning_Visitor,False,False
3,318.2,0,0.0,6,117.0,0.04,0.05,0.0,0.0,Nov,2,2,1,1,Returning_Visitor,False,False
0,0.0,0,0.0,16,1062.67,0.0,0.05,54.57,0.0,Sep,4,1,1,4,New_Visitor,False,True
0,0.0,0,0.0,1,0.0,0.2,0.18,0.0,0.0,Mar,3,2,1,1,Returning_Visitor,False,False
11,5.88,2,20.6,34,1458.94,0.01,0.01,0.0,0.0,Nov,3,2,1,1,New_Visitor,False,False
5,122.45,0,0.0,49,1465.56,0.02,0.02,20.67,0.0,Nov,3,2,3,1,Returning_Visitor,False,True
1,19.2,0,0.0,22,497.55,0.0,0.0,0.0,0.0,Nov,1,1,2,3,Returning_Visitor,False,False
4,93.94,2,19.0,49,3642.07,0.0,0.03,5.05,0.0,Nov,2,2,1,1,Returning_Visitor,False,False
6,299.0,1,8.45,46,696.4,0.0,0.0,0.0,0.0,May,2,4,1,4,New_Visitor,True,False
0,0.0,0,0.0,12,246.3,0.02,0.02,0.0,0.0,May,2,4,7,4,Returning_Visitor,False,False
0,1.03,0,0.0,10,317.69,0.0,0.03,0.0,0.0,Mar,3,2,2,1,Returning_Visitor,False,False
0,0.0,0,0.0,80,1691.49,0.0,0.0,0.0,0.01,Mar,2,2,3,1,Returning_Visitor,False,False
0,0.0,0,0.0,24,727.5,0.0,0.02,0.0,0.0,Mar,2,2,3,1,Returning_Visitor,False,False
10,187.72,1,11.0,49,221.15,0.0,0.02,0.0,0.0,May,3,2,1,5,Returning_Visitor,False,False
8,57.06,3,158.62,23,1591.14,0.03,0.07,0.0,0.0,Mar,2,2,3,1,Returning_Visitor,False,False
2,122.73,2,32.0,15,2336.32,0.02,0.03,0.45,0.0,Dec,1,1,1,2,Returning_Visitor,False,False
1,0.0,0,1.49,5,254.43,0.0,0.08,0.0,0.0,May,4,1,3,3,Returning_Visitor,True,False
3,108.7,0,0.0,17,557.69,0.0,0.01,25.28,0.0,Dec,2,2,2,2,Returning_Visitor,False,True
0,0.0,0,3.9,49,4977.85,0.01,0.04,0.0,0.0,Nov,2,2,3,1,Returning_Visitor,False,False
27,56.7,2,126.5,41,24844.16,0.0,0.01,4.51,0.0,May,2,4,1,2,Returning_Visitor,False,False
3,52.5,0,0.0,10,753.1,0.0,0.02,0.17,0.0,Nov,2,2,1,2,Returning_Visitor,False,False
3,118.8,0,0.0,47,805.5,0.0,0.03,0.06,0.03,May,1,1,9,3,Returning_Visitor,False,False
0,0.0,0,2.65,1,0.0,0.2,0.2,0.0,0.0,Dec,2,2,6,13,Returning_Visitor,False,False
3,294.2,2,78.48,44,1994.02,0.02,0.04,0.0,0.0,Sep,3,2,6,2,Returning_Visitor,False,False
0,0.0,0,0.0,8,213.5,0.0,0.05,0.0,0.0,Mar,2,5,1,1,Returning_Visitor,False,False
0,0.0,0,0.0,17,1040.1,0.01,0.01,128.83,0.0,Dec,2,2,5,2,New_Visitor,False,True
0,7.1,0,0.0,16,222.23,0.0,0.02,2.1,0.01,June,2,2,3,4,Returning_Visitor,False,False
8,144.5,4,181.72,52,2826.79,0.03,0.03,0.0,0.0,May,3,2,1,2,Returning_Visitor,True,False
0,0.0,0,0.0,1,42.34,0.2,0.2,0.66,0.0,Mar,3,2,3,1,Returning_Visitor,False,False
9,10.97,0,0.0,27,399.69,0.0,0.01,0.0,0.0,Mar,1,1,1,2,New_Visitor,False,False
0,0.76,0,0.0,40,2142.21,0.02,0.03,0.0,0.0,Nov,2,2,3,1,Returning_Visitor,True,False
0,0.0,0,0.0,10,447.13,0.0,0.02,17.3,0.01,Oct,2,2,1,2,New_Visitor,True,True
3,144.86,0,3.83,11,711.57,0.0,0.01,0.19,0.0,Mar,3,2,1,2,Returning_Visitor,False,False
0,0.0,0,4.82,9,206.71,0.02,0.06,0.0,0.2,May,3,2,3,3,Returning_Visitor,False,False
0,0.0,0,1.93,1,0.0,0.2,0.2,0.0,0.02,May,1,1,3,3,Returning_Visitor,False,False
6,99.5,0,0.0,11,143.0,0.0,0.01,0.2,0.0,Nov,2,2,1,2,Returning_Visitor,False,False
10,200.58,1,86.0,65,1476.5,0.0,0.06,0.07,0.8,Nov,2,6,5,2,Returning_Visitor,False,False
3,21.25,1,14.31,23,1171.07,0.01,0.02,11.08,0.0,Dec,2,2,7,1,Returning_Visitor,False,False
3,12.16,0,0.0,56,2094.98,0.03,0.06,0.0,0.8,May,2,4,3,3,Returning_Visitor,False,False
3,305.91,1,74.44,46,6038.24,0.0,0.02,10.84,0.0,Nov,2,2,3,2,Returning_Visitor,True,True
4,118.5,1,8.5,49,2910.63,0.0,0.02,25.05,0.0,Nov,3,2,1,2,Returning_Visitor,False,True
0,0.0,0,1.72,4,92.77,0.2,0.2,0.0,0.0,May,3,2,6,13,Returning_Visitor,True,False
3,74.0,0,147.54,258,5154.78,0.0,0.01,0.09,0.0,Dec,2,2,2,2,Returning_Visitor,False,False
0,0.0,1,257.0,31,1350.95,0.01,0.05,22.63,0.0,May,2,2,2,11,Returning_Visitor,False,True
2,140.67,2,92.17,46,1682.55,0.0,0.01,0.0,0.0,Nov,1,1,3,10,New_Visitor,True,False
0,0.0,0,0.0,2,30.4,0.04,0.07,0.43,0.0,Nov,2,2,6,2,Returning_Visitor,True,True
0,0.0,0,0.0,7,909.89,0.04,0.07,0.0,0.0,Nov,2,2,2,3,Returning_Visitor,False,False
4,248.67,3,382.33,41,1480.33,0.0,0.01,9.51,0.0,May,3,2,2,11,Returning_Visitor,False,True
4,424.0,0,0.0,6,45.0,0.0,0.02,0.67,0.0,May,3,5,1,5,New_Visitor,False,False
3,37.2,0,0.0,3,14.0,0.0,0.03,0.31,0.0,Sep,2,7,7,2,New_Visitor,True,False
7,78.36,3,210.67,46,12158.2,0.0,0.02,9.83,0.0,Nov,2,2,1,2,Returning_Visitor,False,True
0,0.0,0,0.0,10,220.16,0.0,0.02,0.16,0.0,Dec,2,2,3,8,Returning_Visitor,False,False
0,0.0,0,0.0,12,481.7,0.0,0.01,0.0,0.0,Oct,2,2,3,4,Returning_Visitor,False,False
0,0.0,1,7.92,56,1513.05,0.07,0.09,0.0,0.0,Aug,3,2,1,3,Returning_Visitor,False,False
0,0.72,0,0.0,22,821.89,0.0,0.06,0.02,0.0,Nov,2,4,6,1,Returning_Visitor,False,False
1,77.23,0,77.57,24,1005.85,0.0,0.01,0.0,0.0,Mar,1,1,3,3,Returning_Visitor,False,False
0,0.69,0,0.0,28,1721.75,0.0,0.03,0.0,0.0,Nov,2,2,7,2,Returning_Visitor,True,False
0,0.0,0,0.0,1,0.0,0.2,0.12,0.0,0.0,Aug,3,3,2,2,Returning_Visitor,True,False
0,0.0,0,0.0,49,2235.0,0.0,0.03,9.13,0.0,May,2,2,7,2,Returning_Visitor,True,False
1,12.0,0,0.0,29,919.9,0.0,0.02,10.83,0.0,Nov,2,1,4,2,Returning_Visitor,False,True
0,0.0,0,0.0,49,905.49,0.01,0.04,0.14,0.0,Mar,3,2,2,1,Returning_Visitor,False,False
0,0.0,0,0.0,15,270.0,0.03,0.04,0.0,0.0,Mar,2,2,7,1,Returning_Visitor,False,False
3,143.63,0,6.94,27,1792.47,0.0,0.02,0.0,0.0,Dec,2,2,2,2,Returning_Visitor,False,False
0,0.0,0,4.9,7,225.65,0.01,0.03,0.28,0.0,Nov,2,2,6,2,New_Visitor,False,True
3,96.0,6,251.67,16,261.0,0.01,0.03,0.0,0.01,Nov,3,2,1,1,Returning_Visitor,True,False
0,0.0,0,6.32,3,185.72,0.07,0.13,0.0,0.0,June,3,2,2,1,Returning_Visitor,False,False
3,97.75,1,46.5,12,228.02,0.01,0.03,0.0,0.0,May,3,2,6,3,Returning_Visitor,False,False
5,130.92,1,15.0,39,2193.38,0.0,0.03,0.0,0.0,Nov,1,1,1,2,Returning_Visitor,True,True
0,0.0,0,1.47,5,155.25,0.0,0.12,0.0,0.0,Nov,2,2,1,1,Returning_Visitor,False,False
1,28.67,0,0.0,148,3486.19,0.01,0.02,0.55,0.0,Nov,3,2,4,1,Returning_Visitor,False,False
0,0.0,0,3.48,4,45.0,0.0,0.06,0.19,0.0,May,2,1,1,3,Returning_Visitor,False,False
1,100.0,0,2.55,9,246.17,0.0,0.04,0.0,0.0,Dec,3,2,8,2,Returning_Visitor,True,False
0,0.0,0,0.0,23,709.75,0.01,0.02,0.0,0.0,Nov,2,2,1,2,Returning_Visitor,True,False
5,179.88,0,6.25,47,1011.32,0.02,0.05,11.22,0.0,Nov,3,2,2,1,Returning_Visitor,False,True
3,0.0,0,0.0,41,479.43,0.01,0.03,0.0,0.4,May,2,2,6,3,Returning_Visitor,False,False
0,0.0,0,0.0,6,117.0,0.08,0.09,0.0,0.01,May,3,2,4,3,Returning_Visitor,False,False
2,39.4,0,0.0,40,1727.83,0.0,0.01,23.76,0.0,Nov,4,1,6,2,Returning_Visitor,True,True
0,0.0,3,161.5,60,2789.17,0.0,0.01,31.32,0.0,May,2,2,6,2,Returning_Visitor,False,True
19,130.17,1,51.4,49,9661.59,0.0,0.01,11.5,0.01,May,2,2,1,2,Returning_Visitor,False,False
2,136.4,0,5.35,41,1275.27,0.0,0.02,0.0,0.0,Nov,3,2,4,8,Returning_Visitor,True,False
2,0.0,0,7.22,1,0.0,0.0,0.2,0.09,0.0,Mar,2,2,2,2,Returning_Visitor,False,False
3,40.0,0,0.0,24,1703.08,0.0,0.03,0.0,0.0,Nov,1,1,7,8,New_Visitor,False,True
0,0.0,0,5.96,12,244.67,0.05,0.1,0.0,1.0,May,3,2,3,4,Returning_Visitor,True,False
0,0.0,0,0.0,3,17.0,0.0,0.07,0.0,0.0,Nov,2,2,9,3,Returning_Visitor,False,False
3,0.0,0,0.0,39,1266.54,0.0,0.01,10.23,0.0,Oct,4,2,2,2,Returning_Visitor,False,False
5,345.0,0,0.0,7,229.5,0.03,0.03,0.0,0.0,Mar,3,2,4,2,Returning_Visitor,False,False
11,99.69,1,51.0,48,3120.21,0.0,0.02,7.89,0.0,May,2,2,1,2,Returning_Visitor,False,False
0,0.0,0,23.0,49,506.0,0.03,0.06,0.0,0.35,May,2,2,1,3,Returning_Visitor,False,False
3,0.0,0,19.51,5,151.2,0.0,0.05,0.0,0.8,May,7,1,3,1,Returning_Visitor,False,False
7,440.58,0,0.0,48,1777.7,0.0,0.02,11.55,0.0,Dec,2,2,1,2,Returning_Visitor,False,False
1,29.0,0,1.72,45,451.93,0.01,0.02,0.0,0.0,Nov,3,2,1,2,Returning_Visitor,False,False
0,0.0,0,0.0,47,1230.37,0.0,0.02,1.08,0.0,May,2,5,3,2,Returning_Visitor,False,False
0,0.0,0,0.0,17,239.03,0.07,0.09,0.0,0.8,May,3,2,4,13,Returning_Visitor,False,False
2,45.0,0,6.8,22,1651.01,0.0,0.03,6.0,1.0,May,2,2,1,13,Returning_Visitor,False,False
0,0.0,0,3.56,2,60.78,0.2,0.2,0.04,0.6,May,2,2,1,3,Returning_Visitor,False,False
0,0.0,0,0.0,21,987.77,0.04,0.07,0.0,0.0,Jul,2,2,3,1,Returning_Visitor,False,False
1,1.17,2,34.0,41,1021.52,0.01,0.02,0.0,0.0,Dec,1,2,3,2,New_Visitor,True,False
5,142.0,3,89.48,107,3074.85,0.02,0.03,0.19,0.0,Nov,2,2,1,1,Returning_Visitor,True,False
0,0.0,0,0.0,4,67.0,0.0,0.06,0.16,0.0,Dec,2,2,9,2,Returning_Visitor,False,False
0,0.0,0,7.57,41,1423.83,0.01,0.03,0.0,0.0,Dec,2,2,1,1,Returning_Visitor,False,False
14,60.38,3,522.17,44,3410.7,0.0,0.01,0.0,0.0,May,3,2,1,2,Returning_Visitor,False,False
3,11.5,0,0.0,19,1708.08,0.0,0.03,0.0,0.0,Nov,3,2,1,3,Returning_Visitor,False,False
8,221.33,2,70.6,28,5245.28,0.0,0.02,0.0,0.0,Nov,2,2,3,2,Returning_Visitor,False,False
6,245.47,0,0.0,57,1703.85,0.01,0.03,0.06,0.0,May,4,2,3,3,Returning_Visitor,False,False
2,25.0,0,0.0,36,1445.6,0.01,0.04,0.26,1.0,May,3,3,3,2,Returning_Visitor,False,False
0,1.23,4,122.5,330,7622.16,0.01,0.02,0.0,0.0,Nov,2,2,1,2,Returning_Visitor,False,True
0,0.0,0,6.53,43,5044.76,0.0,0.05,0.0,0.8,May,2,1,6,6,Returning_Visitor,False,False
5,112.25,0,0.0,55,1170.71,0.01,0.0,0.06,0.0,Nov,3,2,1,2,New_Visitor,True,False
0,0.0,0,0.0,24,308.86,0.0,0.03,0.0,0.0,Mar,2,6,2,2,Returning_Visitor,False,False
0,0.75,1,10.11,49,751.0,0.0,0.06,0.0,0.0,Dec,2,2,1,6,Returning_Visitor,False,False
0,0.0,0,194.4,8,197.9,0.04,0.05,0.72,0.0,Aug,1,1,3,4,Returning_Visitor,False,True
0,12.0,0,0.0,45,547.5,0.0,0.04,13.18,0.28,May,2,10,3,2,Returning_Visitor,False,False
0,0.0,0,0.0,26,306.81,0.02,0.04,0.0,0.0,Nov,3,2,1,13,Returning_Visitor,True,False
0,0.0,0,0.0,70,1453.9,0.01,0.02,0.03,0.4,May,2,2,4,3,Returning_Visitor,False,False
4,738.0,0,3.72,21,664.33,0.0,0.02,0.24,0.01,May,2,2,1,3,Returning_Visitor,True,False
3,27.58,0,3.81,22,420.2,0.01,0.02,0.0,0.0,May,3,2,1,4,Returning_Visitor,False,False
3,25.71,0,0.0,24,567.45,0.04,0.07,0.0,1.0,May,3,2,3,1,Returning_Visitor,True,False
3,420.07,3,230.7,23,1717.04,0.04,0.08,0.0,0.0,Mar,1,1,3,2,Returning_Visitor,False,False
3,0.0,0,2.49,8,254.0,0.0,0.04,0.0,0.44,May,2,2,4,13,Returning_Visitor,False,False
0,0.0,0,0.0,73,3324.6,0.02,0.04,0.01,0.0,Nov,2,2,1,13,Returning_Visitor,False,True
7,99.8,5,466.4,28,839.73,0.01,0.01,0.0,0.0,Nov,2,2,1,1,Returning_Visitor,False,True
0,0.0,0,2.7,38,260.3,0.0,0.01,16.32,0.0,Nov,2,2,6,11,New_Visitor,False,True
11,11.64,1,26.2,46,3297.49,0.01,0.01,3.87,0.0,May,3,2,1,1,Returning_Visitor,False,False
2,137.35,0,0.0,33,357.89,0.0,0.01,0.0,0.0,Oct,3,2,7,4,Returning_Visitor,False,False
1,23.0,0,3.49,15,346.42,0.03,0.03,0.0,0.0,Mar,1,1,1,2,Returning_Visitor,True,False
11,127.4,0,0.0,135,3700.5,0.0,0.01,1.14,0.0,May,2,2,1,2,Returning_Visitor,False,False
2,33.2,0,0.0,9,253.49,0.0,0.02,0.0,0.0,Sep,2,2,1,5,Returning_Visitor,False,False
3,127.5,1,46.5,33,1440.93,0.01,0.04,1.46,0.0,Nov,2,2,1,1,Returning_Visitor,False,False
0,0.0,0,3.94,17,336.0,0.0,0.02,0.04,0.8,May,2,2,1,4,Returning_Visitor,False,False
0,0.0,0,1.82,1,0.0,0.16,0.2,0.0,0.0,Mar,3,2,3,1,Returning_Visitor,False,False
2,64.5,1,17.44,97,1707.94,0.0,0.02,5.77,0.01,May,2,2,1,13,Returning_Visitor,False,True
0,0.0,0,5.36,3,170.67,0.03,0.03,0.0,0.0,Dec,3,3,1,11,New_Visitor,False,False
0,0.0,0,0.0,11,315.0,0.0,0.04,0.0,0.0,Dec,3,2,6,2,New_Visitor,False,False
0,0.0,0,2.61,12,152.33,0.02,0.06,0.0,0.8,May,2,2,4,3,Returning_Visitor,False,False
0,0.0,0,0.0,49,1682.55,0.0,0.02,0.0,0.0,Nov,3,2,1,2,Returning_Visitor,True,False
3,120.6,3,183.8,38,1813.75,0.0,0.01,0.86,0.0,Nov,2,2,3,4,Returning_Visitor,False,False
0,0.0,0,0.0,7,201.59,0.03,0.1,0.0,0.0,Nov,3,2,3,3,Returning_Visitor,True,False
3,173.54,5,247.08,47,1859.38,0.0,0.02,0.0,0.0,Nov,3,2,1,10,Returning_Visitor,True,False
3,104.2,0,0.0,19,456.9,0.0,0.01,1.21,0.0,Aug,2,2,8,6,New_Visitor,False,False
6,143.32,0,0.0,7,65.5,0.0,0.06,0.0,0.0,Nov,1,1,1,1,New_Visitor,False,False
1,54.4,0,0.0,1,101.27,0.0,0.01,0.0,0.0,Sep,2,2,4,2,Returning_Visitor,False,False
0,0.0,0,0.0,4,86.01,0.03,0.07,0.0,0.0,Mar,2,2,1,1,Returning_Visitor,False,False
0,0.0,0,5.18,25,710.5,0.03,0.06,0.0,0.65,May,2,2,3,13,Returning_Visitor,False,False
0,0.0,0,0.0,1,0.0,0.2,0.18,0.18,0.0,June,2,2,1,1,Returning_Visitor,False,False
0,0.0,0,0.0,31,1182.52,0.0,0.01,62.08,0.01,May,2,2,1,6,Returning_Visitor,True,True
5,119.16,0,0.0,37,1629.5,0.0,0.0,0.0,0.0,Oct,1,1,4,4,Returning_Visitor,False,False
5,77.56,0,0.0,47,1074.68,0.01,0.02,19.23,0.0,Nov,1,1,6,4,Returning_Visitor,False,False
2,34.0,0,0.0,48,1907.14,0.0,0.02,64.25,0.0,Dec,2,2,1,10,Returning_Visitor,True,False
3,129.0,0,0.0,74,2378.26,0.01,0.03,4.14,0.0,Nov,2,6,9,1,Returning_Visitor,False,True
6,121.82,0,0.0,8,749.23,0.0,0.01,0.0,0.0,Nov,3,2,3,1,New_Visitor,False,False
0,10.0,0,0.0,9,700.0,0.0,0.01,54.21,0.0,Dec,2,2,6,2,Returning_Visitor,False,True
9,135.75,6,168.83,280,9247.38,0.01,0.04,7.98,0.0,May,2,2,1,2,Returning_Visitor,True,False
5,55.5,0,0.0,12,1714.81,0.0,0.01,0.1,0.0,Mar,2,2,1,2,New_Visitor,False,False
0,0.0,0,3.5,3,205.58,0.07,0.18,0.0,0.0,June,2,2,1,3,Returning_Visitor,False,False
3,143.89,2,23.24,150,7355.95,0.0,0.02,0.0,0.0,Nov,2,2,3,13,Returning_Visitor,True,False
2,0.93,2,125.0,16,680.39,0.0,0.0,0.0,0.0,Mar,2,2,7,2,New_Visitor,True,False
3,159.0,2,27.75,33,1692.45,0.0,0.02,0.0,0.0,Dec,2,2,1,2,Returning_Visitor,False,True
0,0.0,0,0.0,48,1384.5,0.01,0.03,0.01,0.0,May,2,2,3,13,Returning_Visitor,False,False
5,107.09,2,107.0,39,1056.51,0.02,0.03,0.35,0.0,Dec,3,2,1,1,Returning_Visitor,False,False
2,25.73,0,0.0,7,562.3,0.0,0.01,36.66,0.0,Jul,1,1,6,2,New_Visitor,True,True
2,117.0,0,0.0,13,309.93,0.0,0.02,0.0,0.0,Mar,2,2,2,2,New_Visitor,False,False
0,0.0,0,0.0,5,45.55,0.12,0.17,0.35,0.6,May,2,5,1,3,Returning_Visitor,False,False
5,59.0,0,0.0,5,44.67,0.0,0.03,0.1,0.0,Mar,2,2,6,2,Returning_Visitor,True,False
0,0.0,0,1.78,5,202.82,0.0,0.1,0.05,0.0,Mar,1,1,1,2,Returning_Visitor,False,False
0,0.0,0,7.11,4,81.0,0.0,0.03,0.02,0.0,Mar,2,2,2,2,Returning_Visitor,False,False
0,0.0,0,0.0,8,307.66,0.0,0.03,0.0,0.0,Mar,2,2,3,3,Returning_Visitor,True,False
1,156.14,0,10.08,49,1181.2,0.0,0.02,0.0,0.0,Mar,3,2,4,1,Returning_Visitor,False,False
4,72.0,0,0.0,5,46.5,0.05,0.06,0.0,0.0,Mar,3,2,2,3,Returning_Visitor,False,False
0,0.61,0,0.0,7,139.5,0.0,0.03,0.0,0.0,May,3,2,3,2,Returning_Visitor,False,False
2,17.0,0,0.0,49,1448.93,0.04,0.07,0.0,0.0,Dec,3,2,1,13,Returning_Visitor,False,False
6,60.49,1,112.0,68,1711.53,0.0,0.02,0.19,0.0,Nov,2,2,1,2,Returning_Visitor,False,False
3,36.5,0,0.0,11,496.25,0.0,0.03,0.0,0.0,Dec,2,2,1,8,Returning_Visitor,False,False
3,123.54,4,187.0,61,776.41,0.02,0.02,0.0,0.0,Dec,3,2,6,3,Returning_Visitor,False,False
3,138.63,1,9.0,17,1075.71,0.01,0.03,0.0,0.01,May,3,2,1,2,Returning_Visitor,True,False
0,0.0,0,0.0,7,521.5,0.03,0.06,0.0,0.0,Nov,2,2,1,3,Returning_Visitor,False,False
3,22.33,1,0.0,42,2900.64,0.01,0.03,0.0,0.0,May,2,2,8,4,Returning_Visitor,True,False
8,118.46,1,23.0,56,2581.36,0.0,0.01,0.0,0.01,Nov,3,2,3,2,Returning_Visitor,True,False
5,141.0,0,0.0,33,1371.63,0.0,0.01,44.71,0.0,Mar,2,4,1,8,New_Visitor,True,True
3,41.3,0,0.0,28,1652.1,0.0,0.01,0.0,0.0,Mar,3,2,8,2,New_Visitor,False,False
4,89.5,0,2.21,3,30.0,0.0,0.03,0.0,0.0,Nov,1,1,1,2,Returning_Visitor,False,False
0,6.81,2,861.0,12,2250.35,0.01,0.03,0.0,0.0,Nov,2,1,3,2,Returning_Visitor,True,False
4,100.58,2,44.5,20,1680.85,0.0,0.02,0.05,0.0,Mar,1,2,1,10,Returning_Visitor,False,False
5,15.94,0,0.0,47,706.4,0.02,0.04,26.55,0.0,Nov,3,2,1,2,Returning_Visitor,True,False
0,0.0,1,19.0,49,852.0,0.0,0.01,0.0,0.0,Nov,2,2,3,6,Returning_Visitor,False,False
0,0.0,1,2.24,19,797.17,0.0,0.01,0.35,0.0,May,3,3,6,4,Returning_Visitor,True,False
0,0.62,0,0.0,4,56.0,0.1,0.15,0.08,0.0,May,2,2,6,3,Returning_Visitor,False,False
9,176.6,2,204.4,45,789.37,0.0,0.0,0.85,0.0,Dec,2,5,7,2,Returning_Visitor,False,False
10,16.72,1,99.8,36,1462.21,0.0,0.05,10.6,0.0,May,1,1,1,4,Returning_Visitor,False,False
2,115.29,0,0.0,49,2130.45,0.02,0.03,10.03,0.0,Nov,3,2,1,1,Returning_Visitor,False,False
0,0.0,0,2.09,5,219.25,0.0,0.06,0.27,0.0,Nov,3,2,1,2,Returning_Visitor,False,False
0,0.0,0,0.0,8,232.5,0.0,0.06,0.0,0.0,Nov,4,2,1,2,New_Visitor,False,False
3,143.91,0,0.0,32,1707.95,0.0,0.01,15.64,0.0,Dec,2,2,6,1,Returning_Visitor,False,False
3,146.22,3,158.5,167,8701.85,0.0,0.01,0.0,0.0,Mar,2,2,1,2,Returning_Visitor,False,False
0,0.0,0,2.76,24,550.17,0.01,0.05,0.07,0.0,Nov,2,2,1,2,Returning_Visitor,False,False
2,138.12,0,0.0,9,874.51,0.02,0.04,26.38,0.0,Nov,3,2,1,1,Returning_Visitor,False,False
3,70.64,0,0.0,24,368.6,0.0,0.02,0.0,0.0,Sep,2,2,3,2,New_Visitor,False,False
0,0.0,0,5.98,31,1715.53,0.02,0.06,0.0,0.0,May,2,2,3,13,Returning_Visitor,False,False
8,125.63,6,75.0,312,13379.37,0.0,0.02,6.87,0.0,Dec,2,2,1,2,Returning_Visitor,False,False
0,0.0,0,0.0,2,0.0,0.2,0.2,0.41,0.0,Nov,2,2,9,13,Returning_Visitor,False,False
8,121.03,0,0.0,12,230.83,0.0,0.04,0.16,0.0,Nov,2,2,1,2,New_Visitor,False,False
0,0.0,0,0.0,13,167.5,0.0,0.04,0.0,0.0,Jul,2,2,1,1,Returning_Visitor,False,False
0,0.0,0,4.32,6,351.4,0.02,0.05,0.0,0.0,June,2,2,1,3,Returning_Visitor,False,False
0,0.0,0,0.0,32,1241.38,0.01,0.03,0.0,0.0,Dec,4,2,3,1,Returning_Visitor,False,False
1,5.26,1,43.4,16,634.51,0.04,0.05,21.58,0.0,Jul,3,1,3,1,Returning_Visitor,False,False
0,0.0,0,1.48,2,28.2,0.0,0.1,0.0,0.0,Jul,2,2,1,1,Returning_Visitor,False,False
0,0.0,0,0.0,5,42.54,0.04,0.1,0.32,0.0,Nov,3,2,3,13,Returning_Visitor,False,False
1,0.85,0,12.94,20,1166.33,0.0,0.01,14.13,0.0,Nov,2,2,2,2,Returning_Visitor,True,True
3,423.0,0,0.0,32,1203.53,0.0,0.01,0.0,0.0,Aug,4,1,1,4,Returning_Visitor,False,False
3,9.67,0,0.0,39,859.17,0.0,0.01,11.12,0.0,May,3,2,2,2,Returning_Visitor,False,False
1,6.44,0,0.0,28,271.12,0.0,0.0,0.0,0.0,May,3,2,1,3,New_Visitor,False,False
4,113.25,0,5.47,91,1708.35,0.0,0.01,0.0,0.0,Nov,2,2,3,8,New_Visitor,False,False
0,0.0,0,10.76,5,20.2,0.17,0.19,0.0,0.0,Aug,3,2,4,20,Returning_Visitor,False,False
0,1.02,0,0.0,7,182.04,0.0,0.01,0.0,0.0,Sep,2,2,4,2,Returning_Visitor,False,False
3,80.0,0,0.0,17,931.5,0.0,0.02,51.12,0.0,May,2,2,1,1,Returning_Visitor,False,False
0,1.16,0,2.28,1,34.48,0.2,0.2,0.0,0.0,Dec,2,2,1,3,Returning_Visitor,False,False
2,75.0,0,3.95,49,1692.36,0.0,0.01,22.89,0.0,Mar,1,1,1,2,Returning_Visitor,True,True
2,31.5,0,0.0,12,402.5,0.0,0.0,0.0,0.0,Mar,2,2,7,1,Returning_Visitor,False,False
0,1.23,0,1.48,2,241.37,0.0,0.1,0.11,0.0,Mar,2,2,1,1,Returning_Visitor,True,False
3,43.0,0,0.0,11,610.0,0.0,0.02,0.18,0.01,Mar,2,4,1,1,Returning_Visitor,False,False
0,5.0,1,25.0,81,1709.64,0.0,0.02,0.0,0.6,May,2,4,3,2,Returning_Visitor,False,False
10,34.11,5,247.75,44,2267.33,0.0,0.01,48.61,0.0,Nov,2,2,1,2,Returning_Visitor,False,True
0,0.0,0,10.34,15,1733.67,0.0,0.03,0.04,0.0,Mar,2,2,7,2,Returning_Visitor,False,False
3,97.6,0,0.0,24,498.9,0.0,0.02,11.55,0.0,Oct,2,2,1,2,Returning_Visitor,False,True
1,142.69,0,0.0,9,236.61,0.0,0.02,0.0,0.0,Sep,3,2,4,4,New_Visitor,False,False
0,1.62,0,3.23,5,200.93,0.0,0.08,0.0,0.0,Dec,3,2,3,6,Returning_Visitor,False,False
0,0.0,0,0.0,6,77.0,0.08,0.07,0.0,0.0,Dec,2,2,3,13,Returning_Visitor,False,False
0,0.0,0,2.19,1,51.51,0.17,0.2,0.0,0.0,Nov,2,4,3,3,Returning_Visitor,False,False
0,0.0,0,2.56,3,47.5,0.06,0.02,0.0,0.0,Nov,2,2,9,2,Returning_Visitor,False,False
0,0.88,0,0.0,2,895.82,0.0,0.2,0.0,0.0,Nov,1,1,1,1,Returning_Visitor,False,False
0,0.0,0,6.27,8,1231.79,0.08,0.08,0.04,0.0,Dec,3,1,1,3,Returning_Visitor,False,False
2,24.6,0,0.0,26,779.51,0.0,0.03,12.55,0.0,Nov,1,1,3,1,Returning_Visitor,True,True
5,81.2,0,0.0,23,269.9,0.0,0.01,0.0,0.0,Nov,1,1,3,2,New_Visitor,False,False
6,224.0,0,0.0,33,677.95,0.01,0.02,0.0,0.01,May,3,2,1,4,Returning_Visitor,False,False
3,57.4,0,0.0,6,199.48,0.03,0.06,0.0,0.0,Mar,1,2,3,2,Returning_Visitor,False,False
5,109.34,0,0.0,113,1702.44,0.0,0.01,0.0,0.0,Nov,2,2,2,11,New_Visitor,False,False
4,396.5,0,0.0,6,415.5,0.0,0.01,0.0,0.0,Dec,1,1,3,8,New_Visitor,False,False
10,140.57,1,12.0,28,866.22,0.01,0.01,0.0,0.0,May,2,4,1,2,Returning_Visitor,False,False
1,40.5,2,1415.0,56,1477.58,0.01,0.02,28.17,0.0,Nov,2,2,1,8,Returning_Visitor,True,False
3,0.0,0,0.0,24,460.45,0.03,0.03,0.0,0.42,May,2,2,6,13,Returning_Visitor,False,False
0,0.0,0,0.0,12,354.0,0.0,0.02,0.39,0.0,May,2,3,1,2,New_Visitor,True,False
0,0.0,0,1.58,2,3.0,0.0,0.06,0.0,0.0,Nov,2,2,4,3,Returning_Visitor,False,False
1,10.0,0,0.0,27,548.28,0.0,0.03,0.5,0.0,Dec,2,4,9,2,Returning_Visitor,False,False
0,0.61,0,0.0,8,617.99,0.0,0.03,0.0,0.0,Dec,2,2,3,3,Returning_Visitor,False,False
5,10.96,0,0.0,47,632.25,0.0,0.01,0.11,0.0,Oct,4,2,3,3,Returning_Visitor,False,False
0,0.0,0,3.31,13,524.0,0.0,0.02,45.46,0.0,Nov,2,2,1,8,New_Visitor,True,True
12,56.76,3,221.0,47,1564.44,0.0,0.02,1.09,0.0,May,2,2,4,2,Returning_Visitor,False,False
0,0.0,0,0.0,13,135.88,0.03,0.08,0.0,0.0,Nov,1,1,1,1,Returning_Visitor,True,False
0,0.0,0,1.55,12,224.39,0.05,0.06,0.06,0.0,Nov,1,2,1,2,Returning_Visitor,False,False
0,0.0,0,2.75,14,1671.33,0.0,0.02,0.0,0.0,Nov,1,1,1,2,New_Visitor,True,False
8,136.56,0,0.0,28,839.52,0.0,0.01,0.0,0.0,Dec,1,1,3,2,Returning_Visitor,True,False
3,145.92,1,54.45,43,1101.33,0.01,0.04,15.0,0.0,May,2,2,3,1,Returning_Visitor,False,False
5,68.0,2,9.0,32,1195.58,0.01,0.04,0.36,0.01,Nov,2,5,3,2,Returning_Visitor,False,True
3,114.8,1,0.0,62,2038.77,0.0,0.03,17.6,0.0,May,2,2,1,2,Returning_Visitor,True,False
0,0.0,0,0.0,6,109.25,0.01,0.03,0.52,0.0,Dec,2,13,9,2,Other,False,False
0,0.0,0,0.0,13,449.33,0.01,0.06,0.01,0.0,Mar,2,5,1,3,Returning_Visitor,False,False
0,0.0,0,11.86,44,7640.11,0.01,0.02,0.14,0.0,Nov,2,2,1,2,Returning_Visitor,False,False
0,0.0,0,0.0,9,15.6,0.0,0.04,47.79,0.0,Sep,1,1,6,3,New_Visitor,False,True
0,1.47,0,4.17,4,22.0,0.0,0.02,0.0,0.8,May,2,2,1,4,Returning_Visitor,False,False
0,0.68,0,7.93,20,1593.04,0.0,0.03,0.27,0.0,Dec,1,1,1,2,Returning_Visitor,False,False
0,0.0,0,5.29,6,74.0,0.0,0.02,0.2,0.0,Mar,2,4,1,8,Returning_Visitor,False,False
1,11.89,0,0.0,111,3510.88,0.0,0.01,12.02,0.0,May,3,2,5,2,Returning_Visitor,False,False
0,0.0,0,0.0,1,62.71,0.2,0.2,0.0,0.0,Mar,2,2,1,3,Returning_Visitor,False,False
2,33.0,0,0.0,12,237.0,0.0,0.01,0.0,0.0,May,4,2,9,3,Returning_Visitor,False,False
3,79.75,0,0.0,4,73.5,0.04,0.08,0.0,0.0,Nov,3,2,1,2,Returning_Visitor,False,False
4,49.2,0,0.0,3,140.29,0.0,0.03,0.41,0.0,Nov,2,2,3,2,New_Visitor,False,True
0,0.0,0,2.76,45,1715.64,0.01,0.04,0.0,0.0,May,2,2,7,13,Returning_Visitor,False,False
1,62.5,3,196.0,40,585.18,0.0,0.0,0.0,0.01,May,2,2,6,4,Returning_Visitor,False,False
3,136.77,0,0.0,34,1425.57,0.0,0.01,0.0,0.0,Nov,2,2,6,2,New_Visitor,False,True
0,0.0,0,0.0,7,151.42,0.01,0.01,0.55,0.0,Dec,2,13,9,2,Other,False,False
0,0.0,0,0.0,9,415.83,0.0,0.01,0.0,0.0,Mar,2,2,6,2,New_Visitor,False,False
6,144.89,0,0.0,14,171.25,0.04,0.06,0.42,0.0,Dec,3,2,3,2,Returning_Visitor,False,False
7,144.05,0,0.0,12,315.4,0.0,0.01,0.0,0.0,Oct,2,2,1,2,New_Visitor,False,False
3,145.24,0,0.0,44,1412.27,0.0,0.02,0.0,0.0,Dec,2,2,1,2,New_Visitor,False,False
2,7.0,0,0.0,21,467.95,0.03,0.07,0.02,0.0,May,2,5,1,3,Returning_Visitor,False,False
2,139.2,0,0.0,6,216.25,0.0,0.03,0.03,0.0,Mar,1,1,4,2,New_Visitor,True,False
10,60.7,1,110.25,45,1585.61,0.0,0.02,0.0,0.0,May,2,2,1,1,Returning_Visitor,False,False
0,0.0,3,44.0,52,1216.36,0.05,0.07,0.0,0.0,Sep,3,2,7,13,Returning_Visitor,True,False
0,0.93,0,4.15,12,315.08,0.0,0.02,0.0,0.0,Dec,2,2,3,1,Returning_Visitor,False,True
1,13.1,0,4.6,111,1167.48,0.0,0.02,0.0,0.0,Jul,2,2,1,1,Returning_Visitor,True,False
0,0.0,2,109.0,23,1232.73,0.0,0.01,56.36,0.0,May,4,2,1,19,Returning_Visitor,True,True
0,0.0,0,12.12,42,607.97,0.0,0.0,19.47,0.03,Nov,4,1,1,2,New_Visitor,False,True
1,12.5,0,0.0,51,1714.32,0.0,0.0,0.05,0.0,May,2,2,1,2,Returning_Visitor,True,False
0,0.0,0,0.0,7,209.67,0.03,0.07,0.14,0.0,Mar,2,2,3,1,Returning_Visitor,False,False
0,0.0,0,0.0,10,316.5,0.0,0.04,11.5,0.0,Mar,2,4,1,8,New_Visitor,False,True
1,17.6,0,105.02,12,1192.87,0.0,0.01,2.5,0.0,Sep,2,2,1,2,New_Visitor,False,False
0,0.0,0,20.36,39,873.0,0.01,0.02,0.0,0.0,Sep,1,1,1,2,Returning_Visitor,False,False
3,2.24,0,88.0,35,661.63,0.0,0.01,0.0,0.0,May,1,1,4,2,Returning_Visitor,False,False
6,220.0,2,327.0,36,1713.07,0.0,0.02,10.1,0.0,May,2,2,3,1,Returning_Visitor,False,False
3,8.0,0,0.0,10,109.19,0.04,0.06,0.05,0.0,Dec,1,1,7,3,Returning_Visitor,True,False
0,21.41,0,1.77,45,922.21,0.0,0.02,0.0,1.0,May,4,1,3,3,Returning_Visitor,True,False
0,0.0,0,0.0,7,244.25,0.0,0.03,0.0,0.0,Dec,2,2,1,13,Returning_Visitor,False,False
12,31.84,9,266.88,46,8650.05,0.0,0.07,1.98,0.0,May,3,2,1,3,Returning_Visitor,False,False
0,0.0,0,3.74,3,350.11,0.1,0.18,0.0,0.0,May,1,1,3,6,Returning_Visitor,False,False
3,204.1,1,170.0,138,4042.95,0.0,0.02,11.55,0.14,May,2,2,1,6,Returning_Visitor,False,True
0,0.0,0,1.94,7,43.72,0.11,0.16,0.0,0.4,May,1,1,6,3,Returning_Visitor,False,False
0,0.0,0,0.0,27,420.0,0.0,0.01,0.0,0.0,May,2,2,9,1,Returning_Visitor,True,False
0,0.0,0,0.0,15,1639.5,0.03,0.07,0.0,0.8,May,2,2,1,13,Returning_Visitor,False,False
0,0.0,0,14.92,1,0.0,0.2,0.2,0.23,0.0,Mar,2,5,9,1,Returning_Visitor,False,False
3,75.6,0,0.0,14,178.59,0.01,0.01,0.0,0.01,Aug,3,2,1,4,Returning_Visitor,True,False
0,0.0,0,1.93,10,1222.41,0.0,0.04,0.0,0.0,Dec,1,1,9,10,Returning_Visitor,False,False
5,133.66,0,0.0,49,1352.98,0.01,0.02,7.91,0.0,Nov,1,1,8,1,Returning_Visitor,False,False
2,65.4,0,0.0,79,2426.01,0.01,0.02,0.0,0.0,Sep,3,2,1,3,Returning_Visitor,False,False
6,0.92,2,15.2,27,1333.8,0.01,0.03,4.95,0.0,May,2,2,9,6,Returning_Visitor,False,False
2,29.0,1,113.0,14,536.04,0.01,0.0,0.0,0.0,May,2,2,3,2,Returning_Visitor,False,False
1,3.4,0,26.0,16,326.58,0.05,0.07,0.0,0.0,Mar,3,2,4,3,Returning_Visitor,False,False
0,0.0,0,0.0,34,1633.44,0.0,0.02,0.0,0.4,May,2,2,3,3,Returning_Visitor,False,False
0,18.4,0,0.0,7,357.75,0.01,0.08,0.0,0.0,Nov,4,1,4,10,Returning_Visitor,True,False
0,0.0,0,1.88,5,68.78,0.0,0.06,0.0,0.0,Mar,2,2,1,1,Returning_Visitor,False,False
0,0.0,0,4.44,8,257.23,0.0,0.08,0.05,0.0,May,2,5,3,2,Returning_Visitor,False,False
0,0.0,0,2.44,12,496.23,0.0,0.02,0.0,0.0,Nov,1,1,3,8,Returning_Visitor,False,False
0,0.0,0,0.0,9,76.0,0.0,0.03,0.54,0.0,May,2,4,3,3,Returning_Visitor,False,False
8,77.0,0,0.0,36,2670.87,0.0,0.02,14.0,0.0,May,2,5,2,2,Returning_Visitor,False,False
6,145.33,1,0.0,33,1946.94,0.0,0.02,0.0,0.0,Dec,3,2,3,2,Returning_Visitor,False,False
3,58.56,2,55.5,23,1100.12,0.0,0.01,0.0,0.01,May,3,2,4,14,Returning_Visitor,False,False
8,141.69,1,9.0,39,1390.87,0.0,0.02,1.6,0.0,Nov,2,5,3,2,New_Visitor,False,True
0,1.84,0,0.0,8,676.75,0.02,0.04,0.0,0.0,Mar,4,2,1,3,Returning_Visitor,False,False
3,175.47,1,7.0,82,2378.38,0.0,0.02,11.54,0.0,May,3,2,1,13,Returning_Visitor,False,True
0,0.0,0,0.0,12,115.25,0.07,0.06,0.0,0.0,Nov,2,2,1,1,Returning_Visitor,False,False
2,254.0,1,39.0,49,4990.96,0.0,0.02,11.53,0.0,May,2,2,1,6,Returning_Visitor,False,True
3,63.0,0,0.0,31,770.58,0.01,0.02,0.0,0.0,Dec,2,2,1,8,Returning_Visitor,False,False
3,0.0,0,1.41,5,270.58,0.04,0.05,0.0,0.0,Dec,1,1,4,8,Returning_Visitor,True,False
0,0.0,0,0.0,12,206.6,0.0,0.01,0.0,0.0,Jul,2,4,3,4,New_Visitor,False,False
5,150.2,2,20.0,45,392.6,0.05,0.06,0.81,0.0,Oct,2,2,7,3,Returning_Visitor,False,False
4,55.0,3,17.25,100,1284.36,0.01,0.01,0.0,0.0,Mar,1,1,1,10,Returning_Visitor,False,False
0,0.0,0,0.0,8,256.92,0.05,0.03,0.0,0.0,Nov,3,2,3,11,Returning_Visitor,True,False
0,0.0,0,4.89,75,2532.96,0.0,0.03,0.04,0.0,Aug,2,2,1,1,Returning_Visitor,False,False
0,0.0,0,1.76,16,687.38,0.0,0.01,58.08,0.0,Nov,2,2,3,2,New_Visitor,True,False
0,0.0,0,0.0,28,690.96,0.0,0.02,0.04,0.0,Nov,2,2,6,2,Returning_Visitor,True,False
0,0.0,0,4.22,12,224.03,0.02,0.04,0.0,0.07,May,1,1,1,1,Returning_Visitor,False,False
1,2.96,0,0.0,40,952.97,0.0,0.02,0.0,0.0,Mar,1,1,2,2,Returning_Visitor,False,False
0,0.0,0,0.0,13,546.96,0.0,0.03,0.0,0.0,Dec,2,4,1,3,Returning_Visitor,False,False
0,0.0,3,584.0,66,2060.51,0.01,0.02,0.0,0.0,Nov,2,2,1,1,Returning_Visitor,False,False
17,6.78,24,2050.43,45,43171.23,0.0,0.01,0.76,0.0,May,2,2,1,2,Returning_Visitor,True,False
8,195.32,0,4.2,54,1063.95,0.0,0.02,53.52,0.0,Mar,2,2,1,1,Returning_Visitor,False,False
0,0.0,2,14.0,11,1435.62,0.02,0.03,0.0,0.0,Mar,3,2,1,3,Returning_Visitor,True,False
1,0.67,0,1.53,4,101.1,0.15,0.16,0.0,0.0,May,2,2,4,13,Returning_Visitor,False,False
0,0.0,0,5.21,2,119.77,0.09,0.19,0.0,0.0,Dec,2,2,2,2,Returning_Visitor,True,False
0,0.73,0,0.0,25,1838.5,0.0,0.05,0.08,0.58,May,2,2,1,19,Returning_Visitor,False,False
5,77.1,4,60.3,28,944.8,0.0,0.02,0.0,0.0,Sep,2,2,3,2,New_Visitor,False,False
0,0.0,0,0.0,30,484.67,0.03,0.06,0.4,0.0,Mar,2,6,7,1,Returning_Visitor,False,False
0,0.0,0,0.0,7,2612.0,0.01,0.04,1.31,0.0,Dec,2,13,9,2,Other,False,False
3,47.5,0,0.0,30,735.58,0.01,0.02,23.51,0.0,Dec,2,2,1,1,Returning_Visitor,False,False
0,0.0,0,0.0,3,71.0,0.1,0.1,0.0,0.0,May,3,2,6,13,Returning_Visitor,False,False
0,0.0,0,0.0,4,33.83,0.1,0.11,0.0,0.0,May,3,2,1,3,Returning_Visitor,False,False
3,294.0,0,0.0,27,639.0,0.0,0.05,0.0,0.0,Dec,2,4,6,10,Returning_Visitor,False,False
3,26.0,0,0.0,19,576.08,0.0,0.02,30.65,0.0,Dec,2,2,2,1,Returning_Visitor,True,True
0,0.0,0,3.88,14,424.33,0.0,0.01,0.01,0.0,Dec,2,2,2,13,Returning_Visitor,False,False
1,5.0,1,7.02,44,3009.04,0.0,0.02,6.99,0.0,Dec,1,2,7,3,Returning_Visitor,False,False
0,1.11,0,3.71,12,459.0,0.0,0.02,0.0,0.0,Mar,2,4,3,1,Returning_Visitor,False,False
2,64.5,0,0.0,49,2120.63,0.0,0.01,0.0,0.0,Nov,2,2,1,2,Returning_Visitor,False,False
0,0.9,0,1.67,2,0.0,0.2,0.2,0.21,0.0,Mar,1,1,2,1,Returning_Visitor,False,False
2,37.5,0,0.0,12,375.0,0.0,0.04,58.95,0.0,May,2,2,3,2,Returning_Visitor,False,True
3,76.0,0,0.0,44,831.11,0.0,0.01,77.97,0.0,Dec,2,2,4,2,Returning_Visitor,True,True
0,0.86,0,0.0,5,158.6,0.0,0.01,0.0,0.0,Jul,1,1,4,4,Returning_Visitor,False,False
9,141.19,0,0.0,35,126.92,0.0,0.02,0.0,0.0,May,1,1,1,2,Returning_Visitor,False,False
1,17.0,0,0.0,10,214.27,0.04,0.05,0.0,0.0,May,2,2,4,1,Returning_Visitor,False,False
4,45.83,0,0.0,70,1692.26,0.0,0.01,0.08,0.0,Nov,2,2,1,2,Returning_Visitor,False,False
0,0.64,0,1.74,49,2990.31,0.01,0.04,0.0,0.0,Nov,3,2,7,13,Returning_Visitor,False,False
0,0.98,0,0.0,12,160.25,0.01,0.08,0.0,0.0,Nov,3,2,1,6,Returning_Visitor,False,False
0,0.0,0,2.2,5,614.75,0.0,0.07,0.12,0.0,Mar,2,2,2,2,Returning_Visitor,False,False
8,185.0,0,0.0,13,186.17,0.02,0.04,0.0,0.0,May,3,2,3,4,Returning_Visitor,False,False
1,0.0,0,2.36,35,503.35,0.01,0.03,0.0,0.0,Nov,2,2,3,3,Returning_Visitor,True,False
3,143.09,4,78.5,100,4597.12,0.0,0.03,2.64,0.0,Nov,1,2,1,2,Returning_Visitor,True,True
4,54.93,0,4.72,48,1126.67,0.0,0.01,28.33,0.0,Jul,2,2,7,2,Returning_Visitor,False,False
0,0.0,0,2.17,13,224.75,0.05,0.09,0.0,0.45,May,2,2,6,4,Returning_Visitor,False,False
0,0.0,0,2.79,22,1714.12,0.0,0.01,0.04,0.2,May,2,5,7,4,Returning_Visitor,False,False
3,0.0,0,0.0,1,0.0,0.08,0.17,1.19,0.0,Dec,2,4,9,3,Returning_Visitor,False,False
3,128.34,0,0.0,5,107.0,0.0,0.03,0.0,0.0,Nov,1,1,4,2,New_Visitor,True,False
1,11.43,0,0.0,13,833.23,0.0,0.01,0.0,0.0,Mar,2,2,3,3,Returning_Visitor,True,False
0,0.0,0,0.0,30,1737.02,0.03,0.05,0.36,0.0,Nov,3,2,4,3,Returning_Visitor,True,False
0,2.13,0,0.0,1,58.95,0.2,0.2,0.0,0.0,Nov,1,1,1,1,Other,False,False
11,228.75,6,121.58,47,12166.69,0.01,0.01,11.54,0.0,May,2,2,1,2,Returning_Visitor,False,True
7,38.6,0,0.0,49,1087.7,0.0,0.0,0.0,0.0,Oct,2,2,4,2,Returning_Visitor,False,False
1,39.2,0,0.0,26,1210.92,0.02,0.01,5.42,0.0,Nov,4,2,1,1,Returning_Visitor,False,True
0,0.0,0,0.0,2,136.99,0.2,0.2,0.18,0.0,May,2,2,3,6,Returning_Visitor,False,False
1,0.0,0,0.0,2,3.0,0.1,0.15,0.09,0.0,May,2,2,4,13,Returning_Visitor,False,False
0,0.0,0,5.26,4,48.28,0.0,0.03,0.0,0.0,May,2,2,1,4,Returning_Visitor,False,False
0,2.45,2,9.0,38,2277.56,0.0,0.0,0.0,0.0,Dec,2,4,1,2,New_Visitor,True,False
4,144.26,0,0.0,28,818.79,0.0,0.0,0.0,0.0,Mar,2,2,1,2,New_Visitor,False,False
0,0.0,0,0.0,4,156.0,0.0,0.04,0.22,0.0,Mar,2,2,4,1,Returning_Visitor,False,False
1,0.0,0,1.65,1,17.2,0.05,0.15,0.21,0.0,Aug,2,2,1,5,Returning_Visitor,False,False
0,0.0,0,12.0,22,1668.95,0.0,0.01,12.19,0.0,Dec,2,2,1,2,New_Visitor,True,True
1,95.33,0,0.0,16,1387.55,0.0,0.02,25.26,0.0,Dec,2,2,7,2,New_Visitor,False,True
0,0.0,5,15.24,47,2059.7,0.01,0.03,0.29,0.0,Dec,3,2,3,6,Returning_Visitor,False,False
11,29.59,0,0.0,34,6141.43,0.0,0.03,0.0,0.2,May,3,2,1,1,Returning_Visitor,False,False
0,0.0,0,2.27,5,212.85,0.0,0.04,0.11,0.0,May,2,2,1,6,Returning_Visitor,False,False
0,1.16,0,0.0,29,1102.85,0.01,0.03,0.0,0.0,Nov,1,1,1,3,Returning_Visitor,False,False
3,55.5,0,1.6,8,158.25,0.0,0.02,0.0,0.0,Nov,2,2,1,10,Returning_Visitor,False,False
6,125.97,3,94.0,48,866.71,0.0,0.02,6.79,0.0,Nov,3,2,1,2,Returning_Visitor,True,False
2,44.5,0,0.0,35,1330.67,0.01,0.01,0.0,0.0,Nov,2,2,1,3,Returning_Visitor,False,False
0,0.0,0,0.0,15,984.0,0.01,0.05,0.0,0.01,May,2,5,3,2,Returning_Visitor,True,False
0,0.0,0,0.0,1,179.19,0.17,0.2,0.0,0.0,May,3,2,8,4,Returning_Visitor,False,False
0,0.0,0,0.0,4,44.84,0.2,0.2,0.0,0.0,May,3,2,1,1,Returning_Visitor,True,False
0,0.0,0,4.32,11,473.83,0.0,0.03,0.0,0.0,June,3,2,6,3,Returning_Visitor,False,False
0,0.0,0,2.65,9,436.0,0.0,0.02,0.1,0.0,Nov,2,2,3,2,Returning_Visitor,False,False
1,5.41,0,0.0,3,178.75,0.0,0.03,0.0,0.0,Mar,3,2,3,8,New_Visitor,False,False
0,0.0,0,0.0,23,723.0,0.02,0.03,0.0,0.0,Nov,3,2,2,13,Returning_Visitor,False,False
7,187.17,3,72.0,45,680.0,0.0,0.02,22.46,0.0,May,1,1,8,2,New_Visitor,False,True
6,131.66,6,609.0,48,2989.49,0.0,0.01,30.9,0.01,Mar,2,2,1,8,Returning_Visitor,True,True
8,108.38,0,0.0,65,2008.9,0.0,0.02,17.43,0.0,Dec,2,2,1,2,Returning_Visitor,False,False
0,0.0,0,0.0,28,1681.58,0.0,0.01,0.0,0.0,Nov,3,2,2,2,Returning_Visitor,False,False
3,223.0,1,24.0,27,1460.57,0.0,0.01,0.21,0.0,Mar,2,2,3,2,New_Visitor,True,False
2,136.28,0,0.0,48,505.55,0.0,0.0,0.0,0.0,Nov,2,2,6,2,New_Visitor,False,False
2,34.2,0,0.0,5,63.4,0.0,0.03,0.0,0.0,Jul,4,1,1,2,New_Visitor,False,False
7,367.67,3,9.0,35,1681.67,0.02,0.03,1.39,0.0,Nov,1,1,3,10,Returning_Visitor,True,False
4,73.33,0,0.0,17,1704.34,0.0,0.01,0.0,0.0,Mar,1,1,3,2,Returning_Visitor,False,False
0,0.0,0,0.0,10,236.0,0.0,0.03,0.0,0.0,Mar,2,2,1,1,Returning_Visitor,False,False
4,2.84,0,0.0,48,1713.66,0.03,0.05,0.0,0.01,May,2,2,4,6,Returning_Visitor,True,False
3,117.8,0,0.0,17,586.1,0.0,0.01,0.0,0.0,Aug,3,2,7,13,Returning_Visitor,False,False
0,0.0,0,0.0,1,0.0,0.16,0.2,1.31,0.0,Nov,1,8,2,1,Returning_Visitor,False,False
0,0.0,0,0.0,7,786.45,0.0,0.06,0.0,0.44,May,2,2,3,4,Returning_Visitor,False,False
0,0.0,0,0.0,47,589.57,0.01,0.01,0.0,0.0,May,3,2,3,4,Returning_Visitor,True,False
3,128.08,0,0.0,36,1660.01,0.02,0.03,0.0,0.0,May,2,2,6,3,Returning_Visitor,False,False
0,0.0,0,2.57,77,3332.21,0.0,0.02,0.0,0.45,May,2,2,3,6,Returning_Visitor,False,False
1,7.0,0,0.0,47,1681.54,0.05,0.05,7.01,0.0,Nov,3,2,3,2,Returning_Visitor,False,True
0,0.0,0,0.0,3,1.0,0.13,0.18,0.18,0.0,May,2,2,1,6,Returning_Visitor,False,False
0,0.0,2,4.45,18,1162.48,0.01,0.03,0.0,0.01,June,2,2,4,1,Returning_Visitor,False,False
3,119.0,0,0.0,31,1273.88,0.0,0.0,8.57,0.0,May,2,4,1,3,New_Visitor,False,True
3,21.0,0,2.86,12,278.14,0.0,0.01,77.46,0.0,Nov,2,2,7,2,New_Visitor,False,False
0,0.0,0,0.0,9,89.0,0.0,0.06,0.0,0.0,Nov,3,2,9,1,Returning_Visitor,False,False
3,132.15,0,0.0,70,2509.25,0.0,0.01,10.92,0.0,May,2,2,3,1,Returning_Visitor,False,True
2,129.0,0,0.0,16,1835.5,0.0,0.03,0.67,0.01,Nov,2,4,9,2,Returning_Visitor,False,False
0,0.0,0,2.66,13,370.1,0.03,0.08,0.0,0.6,May,1,1,4,2,Returning_Visitor,False,False
0,0.0,0,1.82,4,49.25,0.0,0.07,0.0,0.0,Nov,2,2,3,3,Returning_Visitor,False,False
0,0.0,0,0.0,3,50.4,0.0,0.07,0.06,0.0,Jul,2,2,3,1,Returning_Visitor,False,False
0,0.0,0,0.0,1,34.03,0.17,0.2,0.0,0.0,Nov,1,1,6,2,Returning_Visitor,False,False
4,112.49,2,439.2,47,5526.08,0.0,0.01,0.84,0.0,May,2,2,6,1,Returning_Visitor,False,False
1,169.2,0,1.8,48,1690.65,0.01,0.01,0.0,0.0,Aug,2,4,3,4,Returning_Visitor,True,True
11,14.67,3,67.5,20,2453.18,0.02,0.02,4.29,0.0,May,2,2,1,2,Returning_Visitor,False,True
0,0.0,0,0.0,12,412.88,0.0,0.02,0.16,0.0,Dec,3,2,4,1,Returning_Visitor,True,False
4,143.75,0,0.0,47,3770.92,0.0,0.01,0.0,0.0,Dec,2,2,3,1,Returning_Visitor,False,False
0,0.0,0,0.0,27,209.01,0.04,0.06,0.0,0.01,Mar,1,1,3,3,Returning_Visitor,False,False
2,94.0,0,0.0,25,893.1,0.0,0.01,0.13,0.0,Mar,2,2,4,1,Returning_Visitor,False,False
5,79.7,0,0.0,27,1051.55,0.01,0.02,1.23,0.0,Oct,2,3,3,2,Returning_Visitor,False,False
8,112.0,0,0.0,36,601.09,0.02,0.02,0.0,0.0,Dec,1,1,1,8,Returning_Visitor,False,False
5,72.6,2,166.0,12,508.08,0.03,0.06,0.0,0.0,Mar,2,2,1,1,Returning_Visitor,False,False
6,57.25,0,0.0,36,1930.41,0.01,0.02,11.55,0.0,Nov,1,1,1,2,Returning_Visitor,False,True
0,0.0,0,0.0,2,913.92,0.04,0.15,0.19,0.0,Dec,3,3,5,20,Returning_Visitor,False,False
0,0.0,0,0.0,30,946.6,0.01,0.03,0.08,0.0,Nov,2,2,1,2,Returning_Visitor,False,False
3,5.87,0,1.54,26,372.25,0.0,0.02,0.38,0.01,Mar,4,1,3,1,Returning_Visitor,False,False
2,0.0,0,0.0,13,793.72,0.02,0.03,0.25,0.0,May,2,4,2,2,Returning_Visitor,True,False
3,22.2,2,44.4,37,400.8,0.01,0.0,1.65,0.0,Oct,2,10,1,1,Returning_Visitor,True,False
0,0.0,0,0.0,1,156.97,0.2,0.2,0.0,0.0,Feb,2,2,2,3,Returning_Visitor,False,False
0,0.0,0,8.13,36,756.04,0.01,0.01,0.07,0.0,Nov,3,5,1,3,Returning_Visitor,False,False
3,32.0,0,0.0,5,164.5,0.0,0.04,0.0,0.4,May,2,2,1,4,Returning_Visitor,False,False
3,1.1,0,0.0,2,20.0,0.0,0.06,0.21,0.0,Mar,3,2,3,2,Returning_Visitor,False,False
0,0.0,0,0.0,9,269.75,0.02,0.04,0.0,0.0,Dec,3,2,5,6,Returning_Visitor,False,False
0,0.0,0,2.23,25,612.58,0.01,0.01,0.0,0.8,May,3,2,1,13,Returning_Visitor,False,False
3,0.0,3,62.4,47,708.17,0.0,0.01,0.0,0.0,Mar,2,2,6,4,Returning_Visitor,False,False
0,0.0,0,5.98,9,216.71,0.02,0.07,0.0,0.0,May,1,1,1,4,Returning_Visitor,False,False
0,0.0,0,0.0,2,135.5,0.07,0.1,0.0,0.0,Dec,1,1,4,3,Returning_Visitor,False,False
0,0.0,0,2.43,17,504.0,0.0,0.02,33.33,0.0,Mar,2,2,3,1,Returning_Visitor,False,False
2,45.5,0,3.77,22,535.0,0.0,0.03,9.65,0.03,Nov,2,2,3,11,Returning_Visitor,True,True
6,29.72,3,394.0,25,599.1,0.01,0.03,22.34,0.0,May,1,2,1,4,Returning_Visitor,True,False
4,138.33,0,0.0,44,1028.53,0.02,0.03,77.66,0.0,Nov,3,2,1,13,Returning_Visitor,False,False
3,191.83,1,17.0,10,209.33,0.0,0.02,0.24,0.0,Dec,1,1,3,2,Returning_Visitor,False,False
0,0.0,0,10.63,63,1716.09,0.03,0.06,0.0,0.83,May,2,2,1,6,Returning_Visitor,False,False
13,114.4,3,352.5,48,2422.38,0.0,0.02,72.44,0.0,May,2,2,1,2,Returning_Visitor,False,True
0,0.0,0,3.23,2,23.0,0.0,0.1,0.0,0.8,May,2,2,1,4,Returning_Visitor,False,False
3,82.01,2,211.6,162,6117.81,0.0,0.03,22.36,0.02,May,2,2,1,6,Returning_Visitor,False,False
0,0.0,0,2.53,11,590.62,0.0,0.02,0.0,0.0,Nov,2,3,3,11,New_Visitor,False,False
4,89.6,2,12.0,21,182.5,0.0,0.01,0.0,0.01,Sep,2,2,1,2,Returning_Visitor,False,False
2,133.51,0,6.91,13,334.5,0.0,0.0,0.0,0.0,Mar,3,2,1,8,New_Visitor,False,False
0,0.0,0,0.0,12,146.13,0.04,0.07,0.0,0.0,Jul,2,2,1,1,Returning_Visitor,False,False
0,0.93,0,7.19,15,1694.36,0.0,0.03,19.35,0.0,May,2,2,6,1,Returning_Visitor,False,False
4,234.17,0,0.0,24,1589.58,0.0,0.01,58.58,0.0,Nov,2,2,2,10,Returning_Visitor,False,True
7,82.77,1,47.0,391,15025.23,0.0,0.01,1.27,0.0,Nov,2,2,1,2,Returning_Visitor,False,False
3,128.8,2,49.3,13,700.55,0.0,0.01,0.0,0.0,Jul,2,2,1,2,New_Visitor,False,False
1,55.4,0,0.0,29,451.7,0.0,0.02,0.0,0.0,Aug,2,2,3,4,Returning_Visitor,False,False
7,121.0,0,0.0,16,589.88,0.0,0.01,0.3,0.0,Dec,2,6,1,2,Returning_Visitor,True,False
5,74.75,0,0.0,14,512.5,0.0,0.03,0.48,0.0,Dec,2,2,7,8,New_Visitor,True,False
3,3.0,1,302.0,7,539.5,0.0,0.01,0.0,0.01,May,2,2,4,2,Other,True,False
0,0.0,0,3.35,6,201.27,0.05,0.12,0.06,0.4,May,2,6,1,3,Returning_Visitor,False,False
2,15.67,0,2.03,30,1724.25,0.01,0.03,0.09,0.0,Mar,2,2,3,2,Returning_Visitor,True,False
0,0.0,0,0.0,6,356.16,0.0,0.06,0.03,0.8,May,2,2,4,1,Returning_Visitor,False,False
12,10.24,0,0.0,46,2187.34,0.0,0.03,0.0,0.0,May,1,1,1,2,Returning_Visitor,False,False
0,0.93,0,2.01,6,198.13,0.0,0.05,0.0,0.0,Nov,1,1,9,2,Returning_Visitor,False,False
2,18.0,0,0.0,32,1550.92,0.02,0.04,0.0,0.0,Nov,2,2,3,1,Returning_Visitor,False,False
0,0.86,0,3.15,1,126.68,0.2,0.18,0.4,0.0,May,1,2,1,6,Returning_Visitor,True,False
0,0.0,0,0.0,2,214.02,0.0,0.03,0.0,0.0,Nov,3,3,1,3,New_Visitor,True,False
0,0.0,0,1.54,2,32.0,0.0,0.06,0.08,0.0,Feb,2,2,1,3,Returning_Visitor,False,False
0,0.99,0,1.59,2,0.0,0.2,0.2,1.01,0.0,June,3,2,7,13,Returning_Visitor,False,False
2,14.0,0,0.0,19,57.0,0.0,0.06,0.0,0.0,Mar,1,2,4,8,New_Visitor,False,False
3,107.75,0,3.19,15,369.05,0.01,0.02,0.0,0.0,Nov,3,2,8,1,Returning_Visitor,False,False
0,6.0,0,2.45,48,739.83,0.02,0.03,0.0,0.0,May,2,2,3,3,Returning_Visitor,True,False
5,135.46,0,0.0,206,8437.1,0.0,0.01,5.53,0.0,May,2,4,1,2,Returning_Visitor,False,False
3,335.5,0,3.67,4,96.0,0.0,0.03,0.0,0.0,Nov,1,1,8,15,Returning_Visitor,False,False
1,23.2,0,0.0,4,44.8,0.0,0.02,1.76,0.0,June,2,10,1,4,Returning_Visitor,True,False
1,0.0,0,5.81,8,321.23,0.0,0.01,0.0,0.0,Jul,3,3,1,1,Returning_Visitor,False,False
5,60.8,0,0.0,3,20.6,0.0,0.02,0.85,0.0,Aug,2,5,1,2,New_Visitor,True,False
0,0.0,0,0.0,10,217.54,0.09,0.16,0.0,0.44,May,1,1,1,2,Returning_Visitor,False,False
4,144.54,1,5.0,93,1723.33,0.01,0.04,0.0,0.0,Sep,2,2,3,13,Returning_Visitor,False,False
0,0.0,0,6.42,49,849.83,0.0,0.02,0.0,0.0,Nov,2,2,1,3,Returning_Visitor,False,False
5,103.9,1,15.1,28,7959.91,0.03,0.06,0.0,0.0,Aug,2,2,3,13,Returning_Visitor,False,False
0,0.0,0,4.37,17,887.83,0.01,0.04,0.07,0.0,May,2,4,3,3,Returning_Visitor,False,False
0,0.0,0,1.68,3,0.0,0.2,0.17,0.0,0.0,Dec,3,2,6,1,Returning_Visitor,False,False
0,0.0,0,23.69,9,1701.02,0.0,0.02,0.06,0.0,Dec,2,2,6,13,Returning_Visitor,False,False
9,10.03,0,0.0,32,1701.49,0.0,0.01,30.67,0.24,May,1,2,6,2,New_Visitor,False,True
0,0.0,0,2.11,25,1689.59,0.01,0.03,15.4,0.0,May,1,1,3,2,Returning_Visitor,False,False
0,0.0,0,0.0,5,28.33,0.0,0.08,0.0,0.0,May,2,8,4,2,Returning_Visitor,True,False
0,0.0,0,0.0,1,407.65,0.2,0.2,0.0,0.0,Mar,1,1,7,2,Returning_Visitor,True,False
3,130.5,2,51.0,43,2265.53,0.0,0.0,11.55,0.0,May,3,2,4,2,Returning_Visitor,False,False
2,210.0,0,0.0,10,475.03,0.02,0.03,0.0,0.0,Mar,3,2,1,2,Returning_Visitor,False,False
2,35.2,0,0.0,15,521.87,0.0,0.01,0.0,0.0,June,2,2,6,2,New_Visitor,False,False
5,211.25,0,0.0,41,696.17,0.03,0.06,0.0,0.0,Nov,3,2,2,8,Returning_Visitor,False,False
6,53.38,0,0.0,5,54.38,0.0,0.0,0.0,0.0,Mar,2,2,6,2,New_Visitor,True,False
3,159.0,0,0.0,7,64.75,0.0,0.01,0.0,0.0,Mar,1,1,1,2,New_Visitor,False,False
3,82.6,6,316.0,34,1446.73,0.0,0.0,0.0,0.0,May,4,1,1,2,Returning_Visitor,True,False
3,33.0,0,0.0,91,2023.75,0.0,0.02,0.0,0.0,Nov,2,2,3,3,Returning_Visitor,False,False
3,0.93,0,0.0,25,1533.18,0.01,0.02,0.0,0.0,Oct,2,2,7,1,Returning_Visitor,False,False
0,0.0,0,0.0,1,47.22,0.2,0.2,0.05,0.0,Mar,2,2,1,1,Returning_Visitor,False,False
7,272.03,0,0.0,19,295.1,0.0,0.02,0.6,0.0,Dec,3,2,1,20,Returning_Visitor,False,False
0,0.0,0,0.0,3,294.7,0.0,0.0,11.19,0.0,May,3,2,3,2,New_Visitor,False,True
4,44.0,0,0.0,90,6951.97,0.0,0.02,0.0,0.0,Nov,4,1,1,3,Returning_Visitor,False,False
5,122.66,3,53.0,10,406.0,0.0,0.01,0.0,0.0,Mar,4,1,1,1,Returning_Visitor,False,False
0,0.0,0,0.0,8,204.56,0.0,0.06,0.0,0.0,June,2,2,1,2,Returning_Visitor,False,False
0,3.5,0,13.93,9,154.8,0.02,0.03,20.75,0.01,Nov,1,1,4,2,Returning_Visitor,False,True
9,234.43,0,0.0,20,590.58,0.03,0.04,0.0,0.0,May,2,2,1,1,Returning_Visitor,False,False
0,0.0,0,0.0,1,100.98,0.17,0.18,0.0,0.0,Dec,1,1,1,3,Returning_Visitor,True,False
11,6.75,0,0.0,9,6975.89,0.0,0.01,14.46,0.0,Nov,1,1,1,2,Returning_Visitor,False,True
0,0.0,0,0.0,48,287.75,0.07,0.12,0.0,0.6,May,2,2,1,4,Returning_Visitor,False,False
6,265.04,0,0.0,59,2934.24,0.01,0.02,6.1,0.01,Nov,1,2,1,2,Returning_Visitor,False,False
0,0.62,0,0.0,47,2886.84,0.0,0.03,0.0,0.0,Nov,2,2,3,2,Returning_Visitor,False,False
3,80.6,2,112.8,10,390.2,0.0,0.02,1.45,0.0,Oct,2,5,1,20,Returning_Visitor,False,False
8,152.33,0,0.0,25,481.17,0.0,0.0,0.0,0.13,May,2,2,4,3,Returning_Visitor,False,False
3,94.79,0,0.0,27,758.51,0.0,0.02,0.01,0.0,Sep,2,2,6,4,Returning_Visitor,False,False
3,145.21,0,0.0,45,1660.0,0.02,0.04,0.0,0.0,Nov,2,5,1,2,Returning_Visitor,False,False
0,0.0,0,0.0,93,4261.84,0.0,0.02,0.0,0.0,Mar,3,3,8,1,Returning_Visitor,False,False
2,104.3,0,4.88,34,2307.66,0.03,0.04,4.35,0.0,Oct,1,1,4,1,Returning_Visitor,True,False
2,43.2,0,0.0,49,1116.0,0.06,0.08,0.0,0.0,Jul,2,2,1,13,Returning_Visitor,False,False
3,66.33,0,0.0,12,368.68,0.0,0.08,21.24,0.0,Nov,2,2,1,2,Returning_Visitor,False,True
0,0.0,0,0.0,19,1711.11,0.0,0.0,0.18,0.0,Nov,2,2,1,2,Returning_Visitor,True,True
3,143.45,1,26.0,48,1266.12,0.0,0.01,29.01,0.0,Mar,2,2,1,8,New_Visitor,False,False
3,285.2,0,0.0,23,619.48,0.01,0.03,5.67,0.0,Jul,2,4,2,4,Returning_Visitor,False,False
0,0.77,0,1.88,2,264.75,0.0,0.06,0.0,0.0,Nov,1,1,9,3,Returning_Visitor,False,False
3,171.38,0,1.88,29,1343.95,0.04,0.03,0.48,0.0,Nov,3,2,3,13,Returning_Visitor,True,False
1,45.0,0,0.0,10,413.0,0.0,0.01,0.09,0.0,Mar,2,4,1,1,Returning_Visitor,True,False
6,160.1,3,94.5,47,1682.87,0.0,0.01,5.7,0.0,Mar,3,2,1,10,Returning_Visitor,False,True
0,0.78,0,0.0,1,0.0,0.2,0.18,0.0,0.0,Mar,3,2,3,3,Returning_Visitor,False,False
0,0.0,0,0.0,0,102.33,0.2,0.2,0.0,0.01,Nov,1,1,3,15,Returning_Visitor,False,False
0,0.0,0,1.63,5,14.0,0.12,0.16,0.0,0.6,May,1,4,2,3,Returning_Visitor,False,False
2,233.5,0,0.0,41,1631.07,0.03,0.05,0.0,0.0,Nov,2,2,9,1,Returning_Visitor,False,False
0,0.0,0,0.0,49,2021.32,0.01,0.03,0.0,0.0,Nov,2,2,1,2,Returning_Visitor,False,False
11,293.62,2,42.2,64,1831.94,0.0,0.02,1.04,0.0,May,2,5,4,2,Returning_Visitor,False,False
3,309.0,0,0.0,40,877.5,0.0,0.01,53.55,0.0,May,1,1,1,4,New_Visitor,False,True
0,0.0,1,76.5,22,850.53,0.0,0.03,1.6,0.0,Mar,3,2,3,1,Returning_Visitor,False,False
0,0.0,0,0.0,12,121.5,0.0,0.07,0.24,0.0,Dec,2,4,1,2,Returning_Visitor,True,False
0,0.0,0,0.0,8,141.67,0.02,0.03,0.0,0.0,Dec,1,1,1,1,Returning_Visitor,True,False
0,0.0,0,0.0,12,142.5,0.04,0.08,0.0,0.0,May,2,2,1,4,Returning_Visitor,False,False
0,0.91,0,2.22,14,399.47,0.0,0.01,0.0,0.0,May,2,2,7,4,Returning_Visitor,True,False
2,0.0,0,2.53,33,1035.08,0.02,0.03,0.32,0.0,Nov,2,10,1,3,Returning_Visitor,False,False
0,0.0,0,0.0,48,2022.25,0.01,0.05,0.0,0.0,May,2,2,3,13,Returning_Visitor,False,False
0,0.0,1,445.15,30,1992.83,0.0,0.0,9.23,0.0,Mar,2,2,1,2,Returning_Visitor,False,True
0,0.0,0,5.23,20,419.0,0.0,0.01,0.0,0.0,May,2,2,5,4,Returning_Visitor,True,False
3,142.02,0,0.0,48,1673.91,0.02,0.04,0.0,0.4,May,3,2,3,13,Returning_Visitor,False,False
0,0.0,0,0.0,5,15.0,0.0,0.1,4.2,0.8,Feb,2,4,1,3,Returning_Visitor,False,False
1,0.0,0,3.04,10,242.08,0.0,0.05,0.0,0.0,Nov,2,4,7,6,Returning_Visitor,False,False
3,135.66,0,0.0,46,909.52,0.0,0.02,0.0,0.0,Mar,2,2,6,1,Returning_Visitor,False,False
0,0.0,0,0.0,28,1696.58,0.0,0.01,0.09,0.0,Mar,2,4,1,2,Returning_Visitor,False,False
3,29.0,0,4.69,2,11.0,0.08,0.08,0.56,0.0,May,1,1,3,8,Returning_Visitor,False,False
0,1.0,0,1.91,4,50.4,0.05,0.08,0.0,0.0,Mar,3,2,1,1,Returning_Visitor,False,False
3,99.0,0,0.0,41,2419.13,0.0,0.02,0.06,0.0,Mar,2,2,3,1,Returning_Visitor,False,False
3,138.32,0,0.0,33,1930.33,0.01,0.03,0.0,0.0,May,2,2,4,2,Returning_Visitor,False,False
0,0.0,0,0.0,5,56.52,0.07,0.06,0.16,0.0,May,2,5,3,3,Returning_Visitor,False,False
2,235.62,1,0.0,14,629.29,0.01,0.03,0.0,0.01,Nov,2,4,1,8,Returning_Visitor,False,False
6,145.18,2,71.0,49,1558.0,0.01,0.01,11.46,0.0,May,2,2,1,1,Returning_Visitor,True,False
12,7.66,3,20.0,38,3066.7,0.01,0.01,0.0,0.0,Nov,2,2,3,2,Returning_Visitor,False,False
1,0.0,0,2.09,50,1232.03,0.0,0.0,58.36,0.0,May,2,2,9,2,New_Visitor,False,True
5,526.85,4,143.25,266,7217.33,0.01,0.03,0.25,0.0,May,2,4,1,3,Returning_Visitor,False,False
3,188.0,0,6.63,22,1436.45,0.0,0.01,0.0,0.0,Nov,2,2,3,1,Returning_Visitor,False,False
3,683.0,0,0.0,16,1215.77,0.0,0.01,30.58,0.0,May,2,2,1,4,New_Visitor,False,True
11,7.85,2,913.0,43,699.5,0.0,0.01,22.59,0.0,May,2,2,1,2,Returning_Visitor,True,True
1,0.98,0,0.0,17,213.23,0.0,0.03,0.0,0.0,May,1,1,1,3,Returning_Visitor,False,False
0,0.93,0,0.0,48,858.4,0.01,0.06,12.56,0.0,May,2,2,7,2,Returning_Visitor,False,True
0,0.86,0,0.0,6,106.5,0.0,0.03,0.0,0.0,May,1,1,1,3,Returning_Visitor,False,False
3,52.17,3,127.16,65,2019.77,0.0,0.02,3.28,0.0,Nov,1,1,6,2,Returning_Visitor,True,False
9,83.52,4,222.0,30,2266.27,0.01,0.03,0.0,0.0,May,3,2,1,2,Returning_Visitor,False,False
0,0.0,0,6.66,49,7430.94,0.0,0.05,8.29,0.0,Oct,2,2,8,1,Returning_Visitor,True,True
0,0.0,0,0.0,2,11.5,0.0,0.1,0.2,0.0,Dec,2,2,1,2,Returning_Visitor,True,False
0,0.0,0,0.0,13,1686.75,0.0,0.02,0.0,0.0,May,2,2,1,4,Returning_Visitor,False,False
24,43.6,6,529.7,30,4339.53,0.0,0.02,6.15,0.4,Nov,2,2,1,2,Returning_Visitor,False,False
0,1.01,0,0.0,7,203.25,0.0,0.03,0.0,0.0,Nov,1,1,3,3,Returning_Visitor,False,False
0,0.0,0,1.67,5,36.15,0.04,0.12,0.0,0.0,May,1,1,1,3,Returning_Visitor,False,False
0,0.0,0,3.65,4,1602.64,0.0,0.05,0.0,0.0,May,4,1,1,1,Returning_Visitor,False,False
0,0.0,0,0.0,48,1614.45,0.0,0.01,27.06,0.0,May,2,2,1,2,Returning_Visitor,False,True
13,869.17,2,28.2,97,2865.82,0.01,0.02,0.19,0.0,Oct,2,6,1,2,Returning_Visitor,False,False
4,0.83,0,4.21,68,2889.95,0.0,0.01,0.0,0.0,June,4,1,4,1,Returning_Visitor,False,False
0,0.0,0,0.0,5,205.47,0.0,0.01,0.0,0.0,Dec,3,2,1,2,New_Visitor,False,False
3,146.06,3,9.0,37,3120.25,0.0,0.03,0.0,0.01,Nov,1,1,1,2,Returning_Visitor,False,True
2,1.89,5,53.0,37,1578.0,0.0,0.01,0.2,0.8,Nov,2,2,7,4,Returning_Visitor,False,False
2,11.0,0,0.0,11,976.0,0.02,0.04,0.0,0.0,Dec,1,1,6,1,Returning_Visitor,False,False
0,0.0,0,3.83,2,37.0,0.0,0.1,0.0,0.8,Feb,2,2,2,8,Returning_Visitor,False,False
0,0.0,0,0.0,13,268.75,0.01,0.03,13.43,0.0,Dec,1,1,1,1,Returning_Visitor,False,False
0,0.0,0,0.0,6,163.1,0.0,0.06,0.0,0.0,Feb,2,2,1,3,Returning_Visitor,False,False
0,0.0,0,0.0,2,16.0,0.0,0.1,0.0,0.0,Nov,2,2,4,8,Returning_Visitor,False,False
0,0.0,0,0.0,1,0.0,0.14,0.2,0.23,0.0,Dec,2,2,9,3,Returning_Visitor,False,False
0,0.0,0,0.0,4,26.0,0.0,0.05,0.71,0.0,Nov,2,5,6,2,Returning_Visitor,False,False
3,32.0,0,5.9,20,453.62,0.0,0.0,0.0,0.0,Mar,2,2,1,2,Returning_Visitor,True,False
9,11.53,0,0.0,44,1878.2,0.0,0.01,5.0,0.0,May,2,2,1,2,New_Visitor,False,True
0,2.59,0,5.05,12,242.08,0.01,0.02,0.16,0.0,Nov,1,1,1,2,Returning_Visitor,False,True
0,2.54,0,0.0,7,284.5,0.0,0.03,0.45,0.0,Dec,2,2,4,10,Returning_Visitor,False,True
2,13.0,0,12.82,6,47.13,0.04,0.06,20.95,0.0,Nov,1,2,2,4,Returning_Visitor,False,False
0,0.0,0,9.84,12,375.0,0.02,0.06,0.0,0.0,Feb,3,2,4,1,Returning_Visitor,False,False
2,74.4,0,0.0,36,1481.87,0.0,0.0,44.74,0.0,Oct,2,2,7,2,New_Visitor,True,True
0,0.0,0,4.61,2,268.66,0.0,0.03,0.0,0.0,Nov,1,1,5,10,Returning_Visitor,False,False
0,0.0,0,4.58,8,215.0,0.06,0.06,0.03,1.0,May,2,2,1,6,Returning_Visitor,True,False
0,0.0,0,1.95,17,1708.92,0.02,0.04,0.0,0.0,Nov,3,2,1,13,Returning_Visitor,True,False
2,108.0,1,24.97,48,1100.3,0.04,0.04,0.0,0.0,Nov,3,2,3,11,Returning_Visitor,True,False
0,0.0,0,2.38,12,1710.81,0.08,0.11,0.0,0.6,May,2,2,1,19,Returning_Visitor,False,False
0,0.0,0,3.8,12,210.97,0.02,0.03,0.11,0.2,May,4,1,1,3,Returning_Visitor,False,False
0,0.0,0,0.0,11,276.0,0.0,0.01,0.0,0.0,May,2,2,1,1,Returning_Visitor,False,False
2,107.27,1,99.6,13,534.48,0.0,0.0,0.17,0.0,Nov,1,1,1,2,New_Visitor,False,False
1,0.64,1,3.95,46,2325.61,0.01,0.02,0.0,0.8,May,3,2,1,4,Returning_Visitor,False,False
0,0.0,0,2.87,1,0.0,0.2,0.2,0.14,0.0,Dec,1,1,6,2,Returning_Visitor,False,False
1,31.0,0,0.0,10,589.11,0.0,0.02,0.0,0.0,May,1,1,1,1,Returning_Visitor,True,False
0,1.09,0,0.0,5,52.93,0.0,0.04,0.09,0.0,Dec,2,2,1,2,New_Visitor,True,False
2,3.0,0,0.0,24,465.74,0.05,0.05,0.0,0.0,May,2,2,1,1,Returning_Visitor,False,False
3,134.2,0,0.0,217,4153.28,0.0,0.01,0.06,0.0,May,2,2,1,6,Returning_Visitor,True,False
1,15.0,0,2.31,19,817.5,0.01,0.02,0.0,0.0,Nov,2,2,1,2,Returning_Visitor,False,False
3,115.2,0,4.11,7,211.1,0.0,0.0,0.0,0.0,Jul,2,2,2,2,New_Visitor,True,False
0,1.31,0,0.0,4,15.0,0.1,0.15,0.0,0.6,May,1,1,3,3,Returning_Visitor,False,False
3,85.17,1,8.0,49,3715.78,0.0,0.01,4.68,0.01,Jul,2,2,9,2,Returning_Visitor,False,False
4,129.42,3,62.0,43,1770.62,0.0,0.02,0.0,0.0,Mar,3,5,1,2,Returning_Visitor,False,False
0,0.0,0,2.33,1,305.7,0.2,0.2,0.5,0.0,Sep,2,2,1,1,Returning_Visitor,True,False
2,47.67,0,0.0,5,72.33,0.0,0.01,0.0,0.0,Mar,1,1,8,2,New_Visitor,False,False
0,0.0,0,0.0,21,1030.0,0.0,0.03,0.0,0.0,Dec,2,2,7,1,Returning_Visitor,False,False
3,142.69,0,2.63,52,1630.97,0.01,0.03,0.12,1.0,May,6,5,3,3,Returning_Visitor,False,False
2,129.97,6,131.0,44,2611.65,0.0,0.0,0.0,0.0,May,1,1,1,2,Returning_Visitor,False,False
5,1388.75,0,0.0,30,1373.75,0.0,0.02,0.0,0.0,Nov,1,1,4,1,Returning_Visitor,False,False
10,6.27,2,25.6,12,1714.87,0.01,0.06,1.46,0.0,May,1,1,1,2,Returning_Visitor,True,False
2,7.0,0,0.0,15,533.11,0.01,0.05,4.31,0.0,Nov,2,2,1,3,Returning_Visitor,False,False
14,17.54,0,0.0,43,2688.86,0.0,0.01,0.53,0.0,Sep,3,2,1,4,Returning_Visitor,False,True
5,47.5,0,0.0,40,787.2,0.0,0.04,2.78,0.4,May,2,2,4,4,Returning_Visitor,False,False
1,15.77,0,0.0,14,500.0,0.03,0.06,20.0,0.0,Mar,2,2,2,1,Returning_Visitor,False,True
1,0.0,0,0.0,35,536.73,0.0,0.01,3.71,0.0,Jul,2,2,3,4,Returning_Visitor,False,True
0,0.95,0,6.97,8,1311.39,0.0,0.01,0.0,0.0,Mar,1,1,1,1,Returning_Visitor,False,False
0,0.0,0,0.0,32,1324.67,0.06,0.09,10.4,1.0,May,2,2,7,1,Returning_Visitor,True,False
0,0.0,0,0.0,3,0.0,0.17,0.18,0.0,0.0,May,3,2,3,13,Returning_Visitor,False,False
0,0.69,0,0.0,16,1704.66,0.01,0.06,0.0,0.0,May,1,1,1,6,Returning_Visitor,True,False
0,0.0,0,0.0,11,189.25,0.03,0.06,0.0,0.0,Dec,2,5,1,1,Returning_Visitor,False,False
1,61.5,0,0.0,13,1676.74,0.0,0.01,51.76,0.0,Dec,1,1,1,2,New_Visitor,False,True
0,1.05,0,0.0,4,224.09,0.03,0.06,0.09,0.0,Dec,1,1,1,2,Returning_Visitor,False,False
2,49.5,0,0.0,260,7233.43,0.01,0.02,0.0,0.0,Nov,1,2,1,2,Returning_Visitor,False,True
0,0.0,0,0.0,10,220.88,0.11,0.13,0.0,0.0,May,3,2,3,13,Returning_Visitor,False,False
3,98.0,0,0.0,48,2628.0,0.0,0.01,0.6,0.01,Dec,2,2,1,2,Returning_Visitor,False,True
0,1.3,0,0.0,15,729.0,0.0,0.03,0.0,0.0,Nov,3,2,1,8,New_Visitor,True,False
0,0.0,0,0.0,13,443.0,0.03,0.05,0.02,0.0,May,2,5,1,1,Returning_Visitor,False,False
0,0.0,0,0.0,8,362.75,0.01,0.06,0.0,0.0,Nov,2,1,1,8,Returning_Visitor,False,False
0,0.0,0,0.0,14,1049.05,0.0,0.02,0.0,0.0,Nov,3,2,1,20,Returning_Visitor,False,False
0,0.0,2,148.5,72,1434.44,0.0,0.02,0.0,0.0,Dec,2,2,1,2,Returning_Visitor,False,False
2,36.2,0,0.0,22,1805.08,0.0,0.01,11.54,0.0,Sep,2,2,1,2,Returning_Visitor,True,True
0,0.0,0,0.0,128,1694.41,0.0,0.02,0.04,0.0,Jul,2,4,4,1,Returning_Visitor,False,False
0,0.0,0,0.0,1,243.35,0.0,0.03,0.0,0.0,Oct,2,2,1,5,Returning_Visitor,False,False
4,43.22,0,0.0,12,293.73,0.02,0.06,0.0,0.0,Nov,2,2,3,2,Returning_Visitor,False,False
0,0.0,0,0.0,8,428.5,0.03,0.05,0.0,0.0,Dec,3,2,1,2,Returning_Visitor,True,False
5,11.97,4,379.0,5,74.6,0.0,0.02,8.33,0.0,May,1,2,8,2,New_Visitor,False,False
0,0.0,0,0.0,48,526.8,0.0,0.01,104.2,0.0,Sep,3,2,1,2,Returning_Visitor,False,True
3,29.75,0,0.0,12,501.16,0.0,0.01,50.52,0.0,Nov,2,2,2,2,New_Visitor,False,True
0,0.0,0,1.88,1,0.0,0.2,0.18,0.0,0.35,May,2,2,1,1,Returning_Visitor,False,False
0,0.0,0,0.0,7,201.18,0.0,0.04,0.08,0.0,Dec,2,2,3,2,New_Visitor,False,False
3,27.0,2,6.0,5,207.98,0.03,0.08,0.0,0.0,May,2,2,4,3,Returning_Visitor,False,False
0,0.0,0,0.0,28,512.72,0.01,0.01,1.4,0.0,Jul,2,2,7,1,Returning_Visitor,True,True
0,0.0,0,0.0,1,11.0,0.0,0.06,0.0,0.0,Dec,2,2,1,10,Other,False,False
3,35.5,0,2.43,14,241.77,0.0,0.02,0.94,0.6,May,3,2,3,2,Returning_Visitor,False,False
3,9.0,0,12.65,47,1275.13,0.0,0.02,0.0,0.0,Nov,2,2,7,2,Returning_Visitor,False,False
12,40.88,1,16.0,21,1321.06,0.01,0.03,78.35,0.02,May,2,2,1,2,Returning_Visitor,False,True
2,112.47,0,0.0,40,1716.15,0.02,0.02,0.0,0.0,Dec,1,1,3,10,Returning_Visitor,True,False
2,137.61,0,0.0,10,86.4,0.0,0.03,0.0,0.0,Nov,2,1,3,3,New_Visitor,False,False
2,698.5,0,0.0,41,1654.32,0.0,0.02,0.0,0.0,Nov,2,5,1,2,Returning_Visitor,True,False
1,153.5,0,0.0,20,1002.85,0.0,0.01,41.13,0.0,Nov,2,2,4,2,Returning_Visitor,False,False
4,82.0,0,0.0,23,469.37,0.0,0.02,0.0,0.0,Mar,1,1,2,8,Returning_Visitor,False,False
3,136.84,0,0.0,137,3004.63,0.0,0.01,1.03,0.0,Oct,2,4,9,2,Returning_Visitor,False,False
3,3.32,0,0.0,4,275.71,0.0,0.03,0.0,0.0,Aug,2,4,7,2,Returning_Visitor,False,False
1,5.0,2,33.3,16,521.5,0.01,0.02,0.0,0.0,Jul,2,2,7,1,Returning_Visitor,False,False
0,0.0,0,1.99,9,705.75,0.16,0.18,0.0,0.0,May,1,1,1,3,Returning_Visitor,True,False
0,0.0,0,0.0,4,50.0,0.0,0.06,0.0,0.0,Nov,3,2,8,11,Returning_Visitor,False,False
0,0.0,0,3.81,6,75.2,0.03,0.06,0.0,0.0,Jul,3,2,2,3,Returning_Visitor,False,False
0,0.0,0,0.0,6,479.73,0.0,0.03,0.0,0.38,May,2,2,1,13,Returning_Visitor,False,False
2,8.0,0,0.0,27,787.54,0.0,0.01,0.0,0.0,Nov,3,2,1,20,Returning_Visitor,False,False
4,64.6,0,0.0,45,1135.44,0.0,0.01,0.0,0.0,Feb,2,2,1,3,Returning_Visitor,False,False
1,41.33,0,0.0,44,3227.5,0.0,0.01,28.53,0.6,May,2,2,4,13,Returning_Visitor,False,True
0,0.0,0,0.0,21,1045.0,0.0,0.03,0.03,0.0,May,2,6,2,13,Returning_Visitor,False,False
0,0.0,0,0.0,8,267.0,0.0,0.05,0.0,0.0,Mar,2,2,3,3,Returning_Visitor,False,False
7,141.84,0,0.0,48,486.56,0.01,0.03,11.84,0.01,June,2,2,1,1,Returning_Visitor,False,False
0,0.0,0,1.9,1,49.74,0.2,0.2,0.0,0.0,May,3,2,3,13,Returning_Visitor,False,False
3,60.0,0,0.0,19,494.5,0.0,0.04,0.0,0.0,Mar,1,1,3,9,Returning_Visitor,True,False
0,0.0,0,1.64,4,157.2,0.04,0.1,0.25,0.0,Oct,1,1,3,1,Returning_Visitor,True,False
3,126.08,0,0.0,26,83.99,0.0,0.04,0.0,0.0,Sep,2,2,6,5,New_Visitor,False,False
1,569.0,0,58.5,23,941.7,0.0,0.01,9.33,0.0,Dec,2,2,4,2,New_Visitor,False,True
2,24.0,0,3.24,45,1206.61,0.0,0.02,11.38,0.01,Mar,2,2,1,2,Returning_Visitor,False,True
1,120.17,0,7.02,12,417.0,0.0,0.02,72.79,0.4,May,1,2,1,3,New_Visitor,False,True
0,0.0,0,1.63,17,533.48,0.0,0.01,0.45,0.0,Nov,2,2,2,10,Returning_Visitor,False,False
0,0.0,0,2.21,22,2715.0,0.0,0.01,54.97,0.0,May,2,2,4,2,New_Visitor,False,True
0,0.0,0,4.31,31,1008.42,0.0,0.03,0.03,0.17,May,2,2,1,2,Returning_Visitor,False,False
0,0.0,0,0.0,5,94.5,0.0,0.04,0.0,0.0,Mar,2,2,1,1,Returning_Visitor,False,False
10,515.61,3,85.14,50,1558.62,0.01,0.01,12.13,0.0,May,3,2,4,2,Returning_Visitor,True,True
0,1.23,0,0.0,48,1723.79,0.0,0.03,0.07,0.0,Nov,2,2,2,13,Returning_Visitor,True,False
0,0.0,0,0.0,6,209.39,0.0,0.07,0.0,0.44,May,2,2,1,13,Returning_Visitor,False,False
0,0.0,0,2.83,17,289.56,0.02,0.03,0.0,0.0,Nov,1,1,1,10,Returning_Visitor,False,False
0,0.0,0,0.0,3,77.0,0.0,0.07,0.07,0.0,Mar,3,6,1,9,Returning_Visitor,True,False
0,1.41,0,1.64,5,12.0,0.05,0.12,0.0,0.05,May,1,1,1,4,Returning_Visitor,False,False
0,1.04,0,0.0,49,676.6,0.01,0.03,0.0,0.0,Sep,3,2,1,1,Returning_Visitor,False,False
0,8.32,0,0.0,38,1570.68,0.01,0.02,24.51,0.0,Sep,2,4,7,4,Returning_Visitor,False,False
0,0.0,0,4.46,11,555.62,0.02,0.06,0.0,0.0,Nov,2,2,1,3,Returning_Visitor,False,False
3,50.0,5,282.32,39,1034.31,0.02,0.02,8.62,0.0,Dec,1,1,1,2,Returning_Visitor,False,False
7,722.21,9,151.5,48,10340.37,0.0,0.02,6.91,0.0,May,2,2,4,2,Returning_Visitor,False,False
3,137.42,0,1.63,10,208.0,0.0,0.01,0.0,0.0,Nov,3,2,1,2,New_Visitor,False,False
0,0.0,0,0.0,4,60.0,0.05,0.08,0.0,0.74,May,1,1,1,17,Returning_Visitor,True,False
6,146.65,0,0.0,31,1359.96,0.0,0.0,32.89,0.0,May,2,2,2,2,Returning_Visitor,False,False
0,0.0,1,3.6,8,388.0,0.03,0.04,0.0,0.6,May,2,2,3,2,New_Visitor,False,False
5,282.0,0,0.0,8,326.0,0.0,0.02,0.0,0.0,Mar,1,1,1,3,Returning_Visitor,False,False
3,115.5,0,0.0,49,1833.24,0.0,0.01,11.29,0.0,Nov,2,2,6,2,New_Visitor,True,True
3,58.4,1,24.2,11,503.27,0.02,0.04,24.72,0.0,Oct,3,2,1,2,Returning_Visitor,False,True
3,160.0,0,0.0,49,1707.67,0.0,0.01,24.1,0.0,Dec,2,2,1,2,New_Visitor,False,True
11,76.96,1,303.2,44,4864.15,0.0,0.0,1.25,0.0,May,2,2,1,2,Returning_Visitor,True,False
2,0.0,0,14.53,89,1712.62,0.01,0.04,0.0,0.8,May,2,2,6,11,Returning_Visitor,False,False
2,7.0,0,0.0,11,228.72,0.02,0.07,0.0,0.8,May,1,1,3,3,Returning_Visitor,False,False
5,82.0,4,137.5,48,2595.1,0.0,0.01,38.75,0.0,May,2,2,1,1,Returning_Visitor,False,True
0,0.0,0,0.0,108,4590.43,0.01,0.02,0.0,0.0,Nov,2,2,7,1,Returning_Visitor,False,False
0,0.0,0,4.15,1,0.0,0.17,0.18,0.0,0.01,Mar,2,2,4,1,Returning_Visitor,False,False
0,0.0,0,3.12,1,0.0,0.17,0.2,0.0,0.8,May,2,2,3,1,Returning_Visitor,False,False
0,0.0,0,0.0,4,331.0,0.05,0.1,0.12,0.0,Mar,2,2,1,1,Returning_Visitor,False,False
0,0.0,0,4.38,44,1127.57,0.0,0.02,0.0,0.0,Nov,4,2,1,3,Returning_Visitor,False,False
11,23.87,4,151.0,45,4773.34,0.01,0.01,0.0,0.0,May,2,2,3,3,Returning_Visitor,False,False
0,0.0,0,0.0,40,1268.0,0.01,0.02,0.0,0.0,Mar,4,1,3,2,Returning_Visitor,True,False
5,141.47,0,0.0,8,204.0,0.0,0.04,0.0,0.02,Mar,2,4,4,2,Returning_Visitor,False,False
0,0.96,0,0.0,14,654.88,0.05,0.04,0.0,0.0,Nov,2,2,1,13,Returning_Visitor,False,False
3,18.2,1,88.6,35,1460.31,0.0,0.0,0.0,0.0,Jul,1,1,3,2,Returning_Visitor,False,False
0,0.0,0,0.0,6,210.57,0.0,0.05,0.0,0.0,Mar,1,1,6,1,Returning_Visitor,True,False
3,145.45,0,9.63,25,672.7,0.0,0.01,83.1,0.0,Nov,2,2,1,2,Returning_Visitor,True,True
0,0.0,0,0.0,15,1701.46,0.01,0.05,0.04,0.0,Dec,3,2,1,3,Returning_Visitor,False,False
0,0.0,0,2.48,41,1693.37,0.03,0.11,0.0,0.0,Jul,2,2,6,13,Returning_Visitor,False,False
2,144.16,0,2.6,30,474.5,0.0,0.01,0.0,0.0,Mar,1,1,3,2,Returning_Visitor,True,False
0,0.0,0,0.0,2,689.0,0.0,0.1,0.0,0.01,May,2,2,3,2,New_Visitor,False,False
3,266.88,0,0.0,46,2092.5,0.0,0.03,23.57,0.0,Dec,2,2,1,1,Returning_Visitor,True,False
3,2.56,0,0.0,47,428.67,0.0,0.02,36.26,0.4,May,2,2,5,2,New_Visitor,False,True
0,0.0,0,0.0,4,107.0,0.0,0.05,3.17,0.8,May,3,3,3,2,Returning_Visitor,False,False
0,0.0,0,0.0,1,0.0,0.2,0.2,0.07,0.0,May,2,2,1,3,Returning_Visitor,False,False
0,0.0,1,0.0,48,1702.41,0.01,0.05,0.0,0.0,Dec,2,2,3,2,Returning_Visitor,False,False
2,20.0,3,105.25,85,3881.79,0.0,0.04,0.0,0.0,Nov,2,2,1,1,Returning_Visitor,False,False
0,0.0,0,2.99,1,0.0,0.18,0.2,0.0,0.0,May,2,2,2,1,Returning_Visitor,False,False
0,0.0,0,0.0,18,1010.39,0.0,0.06,32.52,0.0,May,2,2,7,4,Returning_Visitor,True,True
1,65.5,1,38.5,131,1741.28,0.0,0.02,0.36,0.0,Nov,3,2,3,1,Returning_Visitor,False,False
0,0.66,0,0.0,20,1055.33,0.0,0.01,0.28,0.01,Nov,3,2,4,13,Returning_Visitor,False,False
3,515.6,0,0.0,77,1449.68,0.0,0.0,0.0,0.0,May,2,2,4,2,Returning_Visitor,False,False
0,0.0,0,0.0,49,1212.0,0.01,0.02,0.0,0.0,Nov,2,2,6,2,Returning_Visitor,False,True
3,127.03,0,0.0,9,212.27,0.0,0.01,0.0,0.0,Nov,1,1,1,2,New_Visitor,False,False
0,0.0,0,0.0,14,209.11,0.0,0.01,0.0,0.0,Nov,3,2,1,11,New_Visitor,True,False
8,228.83,1,61.0,66,1505.33,0.0,0.03,0.13,0.0,May,2,2,4,2,Returning_Visitor,False,False
2,143.59,0,0.0,66,1714.4,0.01,0.04,0.05,0.0,May,3,2,8,1,Returning_Visitor,False,False
0,0.0,0,3.85,17,840.23,0.0,0.0,51.76,0.0,Mar,2,2,6,2,New_Visitor,False,True
1,39.77,1,1.85,53,1844.65,0.02,0.05,0.0,0.0,June,4,2,1,3,Returning_Visitor,False,False
2,14.0,2,10.0,39,1616.45,0.0,0.01,0.0,0.0,May,1,1,1,5,New_Visitor,False,False
0,0.67,1,12.45,82,2710.38,0.0,0.03,0.0,0.0,Dec,3,2,3,2,Returning_Visitor,False,True
0,0.0,0,5.08,12,242.58,0.0,0.03,0.12,0.0,Dec,2,2,7,2,New_Visitor,False,False
1,0.0,0,0.0,5,202.16,0.04,0.08,0.0,0.0,Nov,3,2,1,2,Returning_Visitor,False,False
3,109.57,0,0.0,374,12499.38,0.0,0.01,6.42,0.0,Nov,2,2,2,2,Returning_Visitor,True,False
0,0.0,0,1.52,6,34.0,0.13,0.18,0.17,0.37,May,2,2,4,13,Returning_Visitor,False,False
0,73.5,3,171.0,76,2208.79,0.0,0.1,3.2,0.0,May,4,1,7,2,Returning_Visitor,True,False
2,8.0,1,14.33,15,603.67,0.01,0.01,56.83,0.0,Mar,3,2,1,7,Returning_Visitor,False,True
11,8.37,0,0.0,32,673.03,0.0,0.01,27.97,0.01,Nov,1,1,3,2,New_Visitor,False,False
1,57.5,0,4.07,32,534.26,0.0,0.01,87.75,0.0,Dec,1,2,1,8,Returning_Visitor,True,True
8,108.83,0,0.0,21,780.58,0.01,0.02,11.2,0.0,Nov,2,2,1,3,New_Visitor,False,True
0,0.73,0,1.92,5,267.9,0.0,0.04,0.04,0.0,May,1,1,1,2,Returning_Visitor,True,False
3,37.0,0,3.37,21,1231.5,0.0,0.02,0.0,0.0,Nov,3,2,9,8,New_Visitor,True,True
7,140.98,1,1073.0,49,4931.2,0.02,0.03,25.1,0.0,Nov,3,2,1,2,Returning_Visitor,False,False
1,0.0,0,0.0,17,684.92,0.02,0.05,0.05,0.0,Mar,2,2,4,1,Returning_Visitor,False,False
3,144.38,0,2.12,15,1715.95,0.0,0.01,0.07,0.0,Mar,2,2,3,2,New_Visitor,True,False
0,2.1,0,0.0,15,475.67,0.0,0.02,0.0,0.0,Dec,1,1,3,8,New_Visitor,False,False
3,19.0,0,0.0,28,1183.65,0.0,0.01,1.44,0.0,Dec,2,12,9,2,Returning_Visitor,False,True
0,0.0,0,8.22,40,656.88,0.0,0.03,56.71,0.0,May,1,1,6,4,Returning_Visitor,False,True
1,6.0,1,0.0,45,362.33,0.04,0.05,54.18,0.4,Feb,3,2,1,1,Returning_Visitor,False,False
0,0.0,0,7.39,8,134.0,0.0,0.03,0.0,0.0,May,2,2,1,2,Returning_Visitor,False,False
0,0.0,0,5.32,51,2122.66,0.0,0.01,9.29,0.0,Mar,2,2,1,10,Returning_Visitor,False,True
0,0.0,0,5.78,38,1633.83,0.0,0.01,0.0,0.01,May,2,2,1,20,Returning_Visitor,True,False
4,191.17,0,0.0,108,4656.33,0.01,0.02,0.0,0.0,Nov,2,2,1,10,Returning_Visitor,False,False
0,0.0,0,0.0,49,467.84,0.05,0.06,0.05,0.0,Mar,2,2,6,1,Returning_Visitor,False,False
5,136.44,1,0.0,45,7044.06,0.0,0.02,11.66,0.01,Nov,2,2,1,2,Returning_Visitor,False,True
0,0.0,0,0.0,14,999.0,0.0,0.04,0.04,0.0,Dec,2,2,3,2,Returning_Visitor,False,True
0,0.0,0,0.0,17,231.0,0.0,0.03,0.42,0.0,Nov,2,10,7,1,Returning_Visitor,False,False
10,81.37,0,0.0,7,35.17,0.01,0.01,0.75,0.0,Nov,2,7,1,2,Returning_Visitor,False,False
0,0.0,2,40.0,152,5617.09,0.0,0.03,0.03,0.0,Nov,2,2,1,2,Returning_Visitor,False,False
2,0.0,0,0.0,13,250.28,0.0,0.02,0.0,0.0,May,2,2,4,13,Returning_Visitor,False,False
3,143.8,0,7.42,57,1656.41,0.0,0.0,0.45,0.0,Nov,2,4,9,3,Returning_Visitor,False,False
6,137.92,0,0.0,92,3163.14,0.0,0.01,58.63,0.0,Nov,2,2,1,1,Returning_Visitor,False,True
3,0.0,1,98.0,14,491.38,0.0,0.01,0.0,0.0,Nov,1,1,1,2,Returning_Visitor,False,False
3,126.64,0,0.0,9,86.0,0.0,0.01,0.36,0.0,Mar,3,2,2,3,New_Visitor,False,False
4,137.68,0,0.0,49,1285.58,0.0,0.01,14.67,0.0,Dec,2,2,8,2,Returning_Visitor,False,True
1,30.2,0,3.06,30,613.99,0.03,0.04,0.4,0.0,Oct,1,1,1,1,Returning_Visitor,True,False
3,55.4,2,96.8,26,600.57,0.01,0.02,2.81,0.0,Aug,2,2,1,2,Returning_Visitor,True,False
1,0.0,0,0.0,43,1650.42,0.0,0.0,0.0,0.0,Mar,2,2,7,3,Returning_Visitor,True,False
4,142.5,0,0.0,56,1885.34,0.0,0.04,0.09,0.0,Nov,2,5,1,2,Returning_Visitor,False,True
0,0.0,0,3.84,12,640.67,0.0,0.01,0.0,0.0,Mar,3,2,4,1,Returning_Visitor,True,False
0,0.0,0,0.0,20,477.15,0.0,0.0,0.0,0.14,May,2,2,6,4,New_Visitor,False,False
1,10.0,4,342.5,47,781.42,0.01,0.03,0.0,0.01,Jul,2,2,4,1,Returning_Visitor,True,False
1,4.0,0,0.0,8,244.0,0.0,0.04,10.94,0.0,Sep,2,4,1,1,Returning_Visitor,False,True
0,0.0,0,3.71,18,345.12,0.04,0.06,0.03,0.0,Aug,2,2,3,13,Returning_Visitor,False,False
0,0.0,0,0.0,10,385.0,0.0,0.02,0.14,0.0,Dec,2,2,3,2,New_Visitor,True,False
0,0.0,0,0.0,90,3111.68,0.0,0.01,0.0,0.01,Nov,2,4,1,2,New_Visitor,True,False
0,0.0,0,0.0,35,806.12,0.01,0.03,0.0,0.0,May,1,1,4,2,Returning_Visitor,False,False
3,187.0,2,87.99,48,1713.67,0.0,0.01,16.72,0.0,Mar,2,2,3,2,Returning_Visitor,False,False
2,25.0,0,6.23,44,243.17,0.02,0.06,0.71,0.0,Nov,2,2,3,6,Returning_Visitor,False,False
2,39.63,0,0.0,41,1653.73,0.02,0.03,0.0,0.0,Dec,3,2,2,13,Returning_Visitor,False,False
0,0.66,0,3.32,23,309.8,0.02,0.02,0.0,0.2,May,2,2,6,4,Returning_Visitor,False,False
0,1.56,0,0.0,231,11246.13,0.0,0.01,0.17,0.0,Nov,2,2,3,2,Returning_Visitor,True,False
0,0.0,5,5.74,45,3198.19,0.0,0.02,32.42,0.0,Oct,2,2,4,2,Returning_Visitor,False,True
2,44.33,0,0.0,19,1715.94,0.0,0.01,20.0,0.0,May,2,2,1,2,Returning_Visitor,False,True
0,0.0,0,2.06,1,725.69,0.2,0.2,0.27,0.0,Jul,1,1,1,2,Returning_Visitor,False,False
0,0.0,0,2.02,13,509.11,0.0,0.03,0.0,0.6,May,3,2,1,13,Returning_Visitor,False,False
1,31.0,3,62.0,12,196.2,0.0,0.01,0.0,0.01,Mar,2,2,1,10,Returning_Visitor,True,False
12,4.45,0,0.0,17,1786.11,0.0,0.02,40.66,0.0,May,1,1,1,2,Returning_Visitor,False,False
0,1.05,0,6.09,54,1441.64,0.0,0.0,0.0,0.0,Nov,1,1,1,2,Returning_Visitor,False,False
3,145.67,0,6.05,10,1414.74,0.09,0.09,0.43,0.01,Sep,1,1,4,3,Returning_Visitor,False,False
1,145.69,0,14.4,22,722.13,0.02,0.06,0.0,0.0,Sep,2,2,3,1,Returning_Visitor,False,False
0,0.0,0,0.0,13,580.5,0.02,0.06,11.19,0.0,May,1,1,1,3,Returning_Visitor,False,False
5,248.92,0,0.0,131,6225.99,0.0,0.03,7.96,0.0,Nov,2,2,2,2,Returning_Visitor,True,True
0,0.0,0,0.0,1,59.68,0.16,0.18,0.0,0.0,Mar,3,2,3,9,Returning_Visitor,True,False
9,230.67,0,0.0,66,2178.85,0.0,0.01,11.73,0.01,May,2,2,3,2,Returning_Visitor,True,True
5,94.6,0,0.0,69,1704.76,0.0,0.01,0.0,0.0,May,1,1,3,2,Returning_Visitor,False,False
1,5.5,3,169.2,47,517.66,0.01,0.02,50.18,0.0,Mar,2,2,1,2,Returning_Visitor,True,False
3,51.3,0,0.0,27,1084.5,0.0,0.01,22.96,0.0,Dec,2,2,1,2,New_Visitor,False,False
0,0.0,0,0.0,1,32.8,0.2,0.18,0.0,0.0,Mar,1,1,2,1,Returning_Visitor,False,False
1,28.0,0,0.0,12,408.5,0.0,0.02,0.18,0.0,May,1,8,3,2,Returning_Visitor,True,False
3,123.72,0,0.0,103,2546.86,0.01,0.03,0.0,0.0,Nov,3,2,1,1,Returning_Visitor,False,False
0,1.05,6,129.12,47,1306.85,0.01,0.02,0.0,0.0,Dec,1,1,1,2,Returning_Visitor,False,False
2,6.94,0,6.25,19,779.26,0.0,0.01,0.0,0.0,Aug,4,1,1,4,Returning_Visitor,False,False
3,146.97,0,3.38,45,1781.19,0.01,0.02,0.0,0.0,Nov,1,1,1,8,New_Visitor,True,False
1,0.0,0,0.0,28,1479.17,0.02,0.02,0.0,0.0,Nov,1,1,2,2,Returning_Visitor,False,False
1,15.0,0,2.05,48,691.83,0.0,0.01,59.61,0.0,Nov,2,2,7,2,Returning_Visitor,False,True
6,197.25,0,0.0,48,3296.94,0.0,0.01,5.18,0.0,Nov,1,1,1,3,Returning_Visitor,True,False
4,111.15,1,139.5,58,3022.37,0.0,0.01,0.0,0.0,Nov,1,1,1,2,Returning_Visitor,False,True
0,0.0,0,0.0,1,0.0,0.18,0.2,0.24,0.0,Sep,2,1,1,2,Returning_Visitor,False,False
0,0.0,0,2.72,7,278.75,0.03,0.05,0.0,0.0,Dec,2,2,1,6,New_Visitor,False,False
0,0.0,0,4.39,1,0.0,0.2,0.2,0.0,0.0,May,2,5,6,3,Returning_Visitor,False,False
0,0.78,0,0.0,5,194.75,0.01,0.03,0.0,0.0,May,3,2,4,2,Returning_Visitor,False,False
8,128.07,2,45.5,30,1696.63,0.0,0.0,21.96,0.0,Nov,1,1,6,2,Returning_Visitor,False,True
3,724.5,0,5.39,23,1703.2,0.0,0.0,59.99,0.0,May,1,1,1,2,Returning_Visitor,False,True
3,46.5,2,481.71,88,2085.97,0.0,0.01,0.0,0.0,Nov,2,2,1,2,Returning_Visitor,True,False
7,140.15,0,0.0,7,96.0,0.0,0.01,0.0,0.0,May,2,2,1,4,New_Visitor,False,False
0,0.0,0,0.0,27,226.18,0.0,0.04,0.0,0.0,June,2,2,1,3,Returning_Visitor,False,False
5,141.54,0,0.0,15,291.17,0.0,0.02,0.0,0.0,Dec,2,1,1,2,New_Visitor,True,False
0,0.0,0,0.0,21,604.5,0.0,0.02,0.0,0.0,Nov,2,2,1,13,Returning_Visitor,False,False
3,115.11,2,148.91,28,3639.74,0.0,0.02,11.54,0.03,May,2,2,7,3,Returning_Visitor,False,False
0,0.0,0,32.5,7,435.87,0.0,0.02,0.37,0.0,Mar,2,2,1,8,New_Visitor,False,False
3,0.0,0,0.0,9,980.57,0.0,0.01,78.57,0.0,Sep,2,2,5,2,New_Visitor,False,True
3,71.73,10,719.0,54,1710.09,0.01,0.02,11.47,0.0,Dec,1,1,2,2,Returning_Visitor,False,False
0,0.8,0,0.0,53,952.16,0.02,0.04,0.0,0.0,Nov,3,2,8,2,Returning_Visitor,True,False
0,0.0,0,0.0,17,505.64,0.01,0.02,0.0,0.0,Nov,2,2,9,20,Returning_Visitor,False,False
2,124.78,1,18.33,49,1711.72,0.01,0.02,8.98,0.3,May,1,1,4,4,Returning_Visitor,False,False
0,0.0,0,1.83,5,212.42,0.04,0.05,0.0,0.0,Mar,2,2,1,2,Returning_Visitor,False,False
3,10.15,0,31.64,53,1659.32,0.0,0.0,62.35,0.0,Nov,4,1,1,2,Returning_Visitor,False,True
3,131.67,0,22.2,14,643.5,0.0,0.01,0.0,0.0,Sep,3,2,1,5,New_Visitor,False,False
6,145.8,0,0.0,7,78.83,0.0,0.01,0.0,0.0,Mar,2,2,3,2,Returning_Visitor,False,False
0,0.0,0,0.0,39,1183.5,0.01,0.03,0.0,0.0,May,2,2,7,1,Returning_Visitor,False,False
0,0.0,0,0.0,27,534.25,0.0,0.05,0.0,0.0,Nov,2,1,4,3,Returning_Visitor,True,False
2,40.9,0,0.0,48,2202.58,0.01,0.01,0.0,0.0,Mar,2,2,1,1,Returning_Visitor,False,False
0,0.0,0,6.13,12,204.41,0.0,0.01,0.0,0.0,Dec,2,2,2,2,Returning_Visitor,False,False
3,142.52,1,21.0,39,1933.9,0.01,0.03,0.0,0.8,May,2,2,6,13,Returning_Visitor,False,False
7,132.16,0,0.0,48,552.04,0.01,0.02,0.0,0.0,Aug,1,1,4,3,Returning_Visitor,False,False
0,0.0,0,5.24,9,388.0,0.07,0.09,0.0,0.0,Nov,3,2,2,1,Returning_Visitor,False,False
3,145.32,0,0.0,2,291.0,0.05,0.04,0.0,0.0,May,2,2,7,3,Returning_Visitor,False,False
0,0.0,0,5.56,11,2028.5,0.0,0.04,0.05,0.0,May,3,2,1,4,Returning_Visitor,False,False
0,0.68,0,4.09,36,808.08,0.0,0.01,53.1,0.0,May,2,1,6,4,Returning_Visitor,False,True
3,225.42,0,0.0,48,1254.11,0.01,0.02,0.0,0.0,Dec,3,2,3,1,Returning_Visitor,False,False
0,0.0,0,1.68,3,0.0,0.16,0.2,0.5,0.0,Nov,2,7,2,3,Returning_Visitor,False,False
0,0.0,0,4.1,47,1658.32,0.0,0.02,0.0,0.0,Mar,2,2,8,1,Returning_Visitor,False,False
0,0.0,0,0.0,4,13.0,0.07,0.02,0.0,0.0,Dec,3,2,3,1,Returning_Visitor,True,False
0,0.0,0,0.0,27,458.26,0.01,0.02,38.12,0.0,June,2,1,2,2,Returning_Visitor,False,True
3,12.32,0,0.0,87,3898.82,0.0,0.0,0.18,0.0,Sep,2,2,7,1,Returning_Visitor,False,False
0,5.32,0,2.38,10,240.25,0.0,0.02,0.0,0.0,Nov,2,2,5,2,Returning_Visitor,False,False
4,42.0,1,28.5,34,1716.25,0.0,0.0,0.0,0.0,Nov,2,2,3,2,Returning_Visitor,False,False
3,201.33,2,5.0,116,3364.19,0.01,0.02,0.82,0.4,May,3,2,1,4,Returning_Visitor,False,False
5,72.5,0,0.0,35,2429.81,0.0,0.02,57.31,0.01,Nov,2,2,2,1,Returning_Visitor,False,True
7,3.17,0,5.11,49,1655.82,0.01,0.01,0.0,0.0,Nov,1,1,1,3,Returning_Visitor,False,False
0,0.0,0,0.0,3,32.5,0.17,0.13,0.0,0.0,Dec,2,2,9,3,Returning_Visitor,True,False
0,0.0,0,6.49,38,643.9,0.0,0.06,0.0,0.0,June,2,2,9,3,Returning_Visitor,False,False
2,21.0,0,0.0,9,84.1,0.0,0.01,0.0,0.0,Oct,2,2,3,2,New_Visitor,False,False
0,0.7,1,1.0,93,4324.74,0.02,0.03,0.0,0.0,May,3,2,1,5,Returning_Visitor,True,False
7,27.65,5,120.0,87,1194.54,0.0,0.01,30.81,0.6,May,2,2,3,2,Returning_Visitor,False,True
0,2.0,0,10.8,1,0.0,0.2,0.2,0.0,0.0,Nov,1,1,4,10,Returning_Visitor,False,False
2,144.81,0,18.0,15,1518.1,0.0,0.03,31.76,0.0,May,2,2,8,2,New_Visitor,False,True
1,41.4,0,0.0,30,558.61,0.0,0.06,0.7,0.0,Sep,2,10,2,2,Returning_Visitor,False,True
0,0.0,0,0.0,6,151.0,0.0,0.06,0.53,0.0,Dec,3,2,4,2,Returning_Visitor,False,False
0,0.0,0,16.84,1,0.0,0.2,0.2,0.0,0.0,Nov,3,2,4,1,Other,False,False
0,0.0,0,0.0,15,803.33,0.0,0.04,0.0,0.0,Dec,4,1,1,2,Returning_Visitor,False,False
0,0.0,0,7.48,29,2374.5,0.0,0.0,0.26,0.0,Nov,2,5,1,2,Returning_Visitor,False,False
0,0.0,0,0.0,8,561.5,0.0,0.06,0.2,0.0,Mar,2,4,7,2,Returning_Visitor,False,False
2,42.0,0,0.0,17,275.7,0.04,0.06,0.0,0.6,May,3,2,8,2,Returning_Visitor,False,False
4,140.38,0,0.0,48,670.0,0.0,0.01,0.05,0.0,Dec,2,2,1,2,New_Visitor,False,False
3,141.58,0,0.0,4,957.0,0.16,0.1,0.71,0.0,Nov,3,2,8,10,Returning_Visitor,False,False
3,152.0,1,64.4,9,358.4,0.0,0.02,0.0,0.0,Nov,2,2,1,2,New_Visitor,True,False
0,0.0,0,0.0,17,1926.13,0.0,0.03,0.0,0.0,Nov,2,2,4,1,Returning_Visitor,False,False
0,0.7,0,3.12,12,323.17,0.01,0.03,0.0,0.0,Nov,1,2,1,3,Returning_Visitor,False,False
3,130.58,0,0.0,14,527.38,0.02,0.02,0.0,0.0,Mar,2,1,6,1,Returning_Visitor,True,False
0,2.11,0,0.0,2,16.0,0.0,0.06,0.0,0.8,May,2,2,1,2,Returning_Visitor,False,False
0,3.43,0,0.0,6,136.5,0.0,0.03,0.12,0.0,Mar,3,3,1,2,Returning_Visitor,False,False
0,0.0,0,0.0,7,304.33,0.0,0.03,0.0,0.0,May,1,1,1,2,New_Visitor,True,False
2,98.68,0,0.0,32,2026.2,0.0,0.03,1.33,0.0,Oct,2,2,3,1,Returning_Visitor,False,False
0,0.0,2,68.03,26,1911.71,0.02,0.04,8.02,0.0,Jul,3,2,1,2,Returning_Visitor,True,True
0,0.0,0,0.0,2,94.0,0.03,0.06,0.0,0.0,Nov,3,2,2,8,Returning_Visitor,False,False
3,140.11,0,0.0,25,830.94,0.01,0.0,57.57,0.0,Nov,2,2,1,2,Returning_Visitor,False,False
0,0.0,0,0.0,15,814.0,0.04,0.05,0.18,0.0,Nov,2,8,7,1,Returning_Visitor,False,False
2,32.3,1,26.5,51,1068.36,0.02,0.04,0.28,0.0,Nov,2,2,2,2,Returning_Visitor,True,False
0,0.0,0,0.0,9,280.93,0.0,0.03,0.0,0.0,Mar,2,2,6,3,Returning_Visitor,True,False
4,46.4,0,0.0,3,42.67,0.0,0.0,0.0,0.0,May,3,2,1,20,Returning_Visitor,False,False
3,132.02,0,0.0,49,1798.27,0.01,0.02,0.0,0.0,Aug,2,2,3,13,Returning_Visitor,False,False
0,0.0,0,1.69,6,204.19,0.07,0.09,0.0,0.0,May,1,1,1,3,Returning_Visitor,False,False
3,32.0,0,0.0,6,209.0,0.0,0.02,0.0,0.0,May,2,4,1,2,New_Visitor,False,False
0,0.0,0,0.0,2,1207.0,0.0,0.05,0.0,0.0,May,3,2,3,1,Returning_Visitor,False,False
3,184.37,0,0.0,4,52.27,0.0,0.02,0.0,0.0,Oct,3,2,1,5,Returning_Visitor,False,False
11,228.03,1,32.0,17,457.8,0.05,0.04,0.33,0.0,Mar,1,2,1,8,Returning_Visitor,False,False
3,141.76,0,0.0,43,875.0,0.0,0.01,0.0,0.0,May,2,2,5,4,Returning_Visitor,False,False
3,1226.0,5,3.0,43,1690.4,0.04,0.06,0.0,0.0,Mar,2,2,1,2,Returning_Visitor,False,False
0,0.97,0,0.0,41,881.17,0.0,0.02,1.17,0.6,May,2,5,1,3,Returning_Visitor,False,False
2,36.0,0,0.0,15,2190.67,0.0,0.01,0.0,0.0,Mar,2,2,3,8,Returning_Visitor,False,False
12,498.9,0,0.0,221,3111.36,0.0,0.02,0.87,0.0,Nov,2,5,1,2,Returning_Visitor,False,False
0,1.12,0,2.71,10,228.31,0.04,0.06,0.0,0.0,Nov,1,1,8,3,Returning_Visitor,False,False
1,55.5,1,18.0,19,444.75,0.0,0.01,21.21,0.0,Nov,3,2,1,10,New_Visitor,False,True
3,33.6,0,0.0,4,109.5,0.0,0.02,0.0,0.0,Oct,3,2,1,2,New_Visitor,False,False
0,6.24,0,6.44,5,49.87,0.09,0.1,0.0,0.02,Sep,1,1,9,3,Returning_Visitor,False,False
2,145.95,0,3.62,27,218.0,0.0,0.0,0.0,0.0,Mar,2,2,1,2,Returning_Visitor,False,False
0,0.0,0,0.0,41,154.22,0.02,0.03,0.0,0.0,Feb,2,2,1,3,Returning_Visitor,False,False
3,0.0,1,75.45,49,8864.04,0.0,0.04,9.96,0.0,Nov,2,2,1,2,Returning_Visitor,False,True
0,0.0,0,0.0,1,0.0,0.2,0.2,0.35,0.0,Jul,3,2,1,13,Returning_Visitor,False,False
2,145.13,0,0.0,61,1260.53,0.0,0.0,131.5,0.0,Nov,2,2,7,10,Returning_Visitor,True,True
0,0.0,0,2.12,2,38.72,0.2,0.2,0.13,0.0,Mar,1,1,1,3,Returning_Visitor,False,False
3,150.6,0,0.0,86,2554.56,0.02,0.06,0.0,0.0,Sep,2,2,3,1,Returning_Visitor,False,False
2,99.2,0,0.0,7,106.97,0.0,0.01,0.0,0.0,Oct,3,2,1,2,Returning_Visitor,True,False
3,143.83,0,6.06,43,997.71,0.0,0.02,0.0,0.0,Dec,2,5,3,2,Returning_Visitor,False,False
0,0.86,0,1.86,1,55.87,0.2,0.2,0.25,0.0,Dec,3,2,7,3,Returning_Visitor,False,False
0,0.0,0,0.0,1,0.0,0.2,0.2,0.0,0.0,Nov,1,1,4,1,Returning_Visitor,False,False
3,103.6,0,5.86,30,782.55,0.01,0.02,0.0,0.0,Mar,2,2,2,1,Returning_Visitor,True,False
0,0.85,0,2.59,2,139.0,0.0,0.1,0.05,0.8,May,2,2,1,2,Returning_Visitor,False,False
0,0.64,0,2.7,48,485.08,0.0,0.01,0.0,0.05,May,2,2,1,2,Returning_Visitor,False,False
0,0.0,0,0.0,9,386.25,0.0,0.02,0.03,0.0,Dec,3,2,6,6,New_Visitor,False,False
1,19.0,0,0.0,9,208.0,0.04,0.1,0.0,0.0,Nov,2,2,1,2,Returning_Visitor,False,False
0,0.73,1,36.33,38,1664.17,0.01,0.02,0.0,0.0,Mar,2,2,4,2,Returning_Visitor,False,False
0,0.86,0,2.15,4,36.5,0.0,0.05,0.0,0.0,Mar,2,2,7,1,Returning_Visitor,False,False
0,0.0,0,0.0,21,1146.33,0.0,0.01,0.05,0.8,Nov,3,2,1,3,Returning_Visitor,False,False
1,54.5,0,0.0,43,1267.06,0.01,0.02,9.46,0.0,Dec,2,2,1,10,Returning_Visitor,True,False
13,6.11,1,14.0,17,3328.9,0.01,0.01,38.6,0.0,May,1,1,1,2,Returning_Visitor,False,False
1,0.0,1,0.0,15,909.47,0.0,0.04,0.0,0.0,Sep,4,1,7,2,Returning_Visitor,False,False
0,0.0,0,2.9,15,267.73,0.02,0.04,0.0,0.01,Nov,3,2,3,11,Returning_Visitor,True,False
0,0.0,0,0.0,3,39.85,0.2,0.2,0.0,0.8,May,3,2,1,3,Returning_Visitor,False,False
3,32.07,0,0.0,48,1921.1,0.01,0.03,5.29,0.0,Jul,2,2,3,1,Returning_Visitor,False,False
0,0.0,0,0.0,4,208.72,0.0,0.05,0.0,0.0,Nov,1,1,9,3,Returning_Visitor,False,False
3,41.2,0,0.0,7,942.8,0.0,0.03,0.0,0.0,Aug,1,1,4,5,New_Visitor,False,False
1,2.0,0,0.0,27,482.9,0.04,0.06,0.23,0.0,May,3,2,2,4,Returning_Visitor,False,False
0,0.0,0,0.0,20,2403.25,0.01,0.03,0.0,0.0,Dec,2,2,3,2,New_Visitor,False,False
3,70.6,0,0.0,23,2244.42,0.0,0.01,0.33,0.0,Aug,2,2,3,3,Returning_Visitor,False,False
0,0.0,0,0.0,9,273.25,0.07,0.08,0.0,0.0,Dec,3,3,5,1,Returning_Visitor,True,False
2,13.0,0,3.12,13,296.23,0.01,0.03,0.0,0.0,May,1,1,2,3,Returning_Visitor,True,False
0,0.0,0,5.86,32,1609.47,0.01,0.05,0.15,0.0,Nov,4,1,1,3,Returning_Visitor,False,False
5,16.03,4,116.0,26,595.34,0.03,0.02,10.17,0.2,May,2,2,1,4,Returning_Visitor,False,False
4,162.0,0,2.55,4,158.5,0.0,0.02,0.0,0.0,Mar,2,4,1,10,Returning_Visitor,False,False
5,44.74,4,129.75,18,390.46,0.0,0.02,0.0,0.0,Aug,2,2,1,4,Returning_Visitor,False,False
0,0.0,0,2.64,60,967.25,0.01,0.03,0.02,0.6,May,2,2,3,3,Returning_Visitor,False,False
3,0.0,0,0.0,5,50.83,0.03,0.05,0.0,0.0,Nov,1,1,3,2,New_Visitor,False,False
4,19.0,0,0.0,48,3013.12,0.0,0.01,14.18,0.0,Nov,2,5,1,2,Returning_Visitor,False,True
0,0.0,0,0.0,2,48.37,0.2,0.18,0.0,0.0,Mar,2,2,1,1,Returning_Visitor,False,False
0,0.0,1,4.02,39,720.15,0.01,0.02,0.0,0.0,Nov,2,4,1,2,Returning_Visitor,False,False
3,84.83,0,0.0,49,1897.69,0.01,0.02,0.0,0.0,Nov,1,1,3,3,Returning_Visitor,False,True
3,38.0,0,0.0,12,121.0,0.03,0.03,0.0,0.0,Mar,3,2,4,2,Returning_Visitor,False,False
0,0.0,0,0.0,6,202.23,0.0,0.02,0.0,0.43,Feb,1,1,3,3,Returning_Visitor,False,False
13,20.9,8,604.8,160,5349.56,0.0,0.0,11.3,0.0,May,2,2,1,2,Returning_Visitor,True,True
0,0.79,0,2.35,1,191.45,0.2,0.2,0.0,0.0,Feb,1,1,2,3,Returning_Visitor,False,False
0,0.0,0,0.0,28,2524.0,0.01,0.05,0.0,0.16,May,2,2,1,3,Returning_Visitor,True,False
18,91.88,0,0.0,49,1113.9,0.02,0.03,0.0,0.0,May,2,2,1,2,Returning_Visitor,False,False
0,0.0,0,0.0,6,1566.5,0.05,0.07,0.0,0.44,Feb,1,1,1,3,Returning_Visitor,False,False
3,137.82,1,21.0,44,1637.58,0.0,0.0,0.0,0.0,Mar,1,1,1,2,Returning_Visitor,False,False
4,87.0,5,362.48,61,4081.04,0.0,0.02,0.2,0.0,Nov,2,5,1,2,Returning_Visitor,False,False
3,68.0,0,0.0,20,870.67,0.0,0.02,0.11,0.02,May,2,4,3,3,Returning_Visitor,False,False
0,0.0,0,0.0,19,128.5,0.0,0.04,0.0,0.0,Mar,2,2,1,1,Returning_Visitor,False,False
0,0.0,0,1.69,1,45.81,0.2,0.2,0.0,0.0,Nov,1,1,3,8,Returning_Visitor,False,False
2,270.0,3,76.98,13,2451.0,0.0,0.02,42.22,0.0,Nov,2,2,4,2,Returning_Visitor,False,True
0,0.0,0,0.0,57,1707.21,0.0,0.02,0.0,0.0,May,2,2,3,13,Returning_Visitor,False,False
0,0.0,0,1.57,4,59.0,0.12,0.17,0.0,0.8,May,1,4,4,1,Returning_Visitor,False,False
4,0.79,0,0.0,2,30.03,0.0,0.04,0.0,0.0,Oct,1,1,3,2,New_Visitor,False,False
0,0.0,0,2.03,1,46.27,0.2,0.18,0.02,0.8,May,2,2,1,1,Returning_Visitor,False,False
1,145.63,0,0.0,100,3457.29,0.01,0.03,0.0,0.0,Nov,2,2,1,2,Returning_Visitor,False,False
5,224.8,0,0.0,30,974.9,0.01,0.01,25.11,0.02,Nov,2,2,4,4,Returning_Visitor,False,False
0,0.0,0,3.98,28,666.0,0.0,0.01,0.03,0.44,May,2,2,3,2,Returning_Visitor,False,False
0,0.0,0,0.0,3,75.0,0.0,0.07,0.12,0.0,Mar,2,5,1,3,Returning_Visitor,False,False
5,73.12,4,53.5,46,6671.29,0.0,0.03,0.0,0.0,Nov,2,2,4,2,Returning_Visitor,False,False
0,0.0,0,0.0,1,344.35,0.2,0.2,0.0,0.0,May,2,2,2,13,Returning_Visitor,False,False
2,142.92,0,0.0,22,476.32,0.0,0.04,0.0,0.0,Mar,2,2,1,1,Returning_Visitor,False,False
0,3.14,0,0.0,1,0.0,0.2,0.2,0.0,0.0,Nov,3,2,1,8,New_Visitor,True,False
3,2.0,0,0.0,118,4541.92,0.01,0.03,0.0,0.4,May,2,2,1,20,Returning_Visitor,False,False
1,130.55,0,3.51,34,1714.33,0.0,0.01,8.75,0.0,Dec,2,2,7,2,New_Visitor,False,True
1,0.0,0,0.0,10,379.08,0.0,0.01,0.03,0.0,Dec,3,2,1,2,New_Visitor,False,False
0,0.0,0,0.0,5,126.08,0.04,0.05,0.0,0.0,Nov,3,2,7,13,Returning_Visitor,False,False
0,0.0,0,0.0,19,607.08,0.01,0.03,0.0,0.0,Dec,3,2,6,2,Returning_Visitor,True,False
11,5.31,0,9.65,19,1512.57,0.0,0.01,0.0,0.0,May,1,1,1,2,New_Visitor,False,False
0,0.0,0,2.26,20,968.75,0.02,0.02,73.98,0.0,Dec,1,2,1,1,Returning_Visitor,False,True
1,5.0,0,0.0,40,2731.5,0.0,0.01,0.62,0.0,Jul,2,2,2,2,Returning_Visitor,False,False
3,109.8,0,0.0,55,1988.93,0.0,0.01,5.79,0.0,Oct,1,1,1,2,Returning_Visitor,False,False
3,71.23,4,365.97,31,538.72,0.05,0.03,0.0,0.0,Oct,1,1,1,1,Returning_Visitor,False,False
0,0.0,0,2.0,2,208.6,0.0,0.05,0.0,0.0,May,1,1,6,3,Returning_Visitor,False,False
2,60.19,0,0.0,34,99.07,0.04,0.07,0.0,0.0,Oct,1,1,1,4,Returning_Visitor,False,False
2,7.0,0,0.0,20,454.92,0.0,0.03,0.49,0.0,Nov,2,2,1,10,Returning_Visitor,False,False
2,37.2,0,3.88,22,295.03,0.0,0.01,0.0,0.0,Nov,2,4,3,2,New_Visitor,False,False
0,0.71,0,0.0,2,0.0,0.2,0.2,0.0,0.0,Jul,3,2,1,1,Returning_Visitor,False,False
0,0.0,0,0.0,12,841.95,0.01,0.01,0.0,0.0,Sep,3,2,5,2,Returning_Visitor,False,False
8,239.83,2,33.0,79,2650.41,0.0,0.02,0.0,0.0,Nov,2,4,1,2,Returning_Visitor,False,False
0,0.0,0,3.45,47,1710.95,0.01,0.02,0.0,0.03,Jul,3,2,4,3,Returning_Visitor,False,False
4,43.5,0,0.0,39,1715.39,0.0,0.01,0.07,0.0,Mar,4,5,1,1,Returning_Visitor,False,False
0,0.0,0,0.0,38,877.67,0.02,0.06,5.69,0.01,May,2,2,1,2,Returning_Visitor,True,False
8,35.5,1,56.4,47,577.65,0.01,0.03,0.0,0.0,Aug,2,2,3,3,Returning_Visitor,False,False
0,0.0,0,0.0,1,0.0,0.2,0.2,0.1,0.0,Nov,8,6,1,6,Returning_Visitor,False,False
0,0.0,0,0.0,1,0.0,0.2,0.2,0.0,0.0,Dec,1,1,1,3,Returning_Visitor,False,False
3,68.33,0,0.0,49,1263.86,0.0,0.03,14.94,0.01,Nov,2,2,1,2,Returning_Visitor,False,True
0,0.0,1,37.2,28,761.5,0.01,0.03,1.36,0.0,Jul,1,1,1,2,Returning_Visitor,False,False
6,69.4,1,25.2,45,1009.55,0.0,0.0,0.0,0.0,Jul,2,2,2,2,Returning_Visitor,False,False
8,133.38,1,880.25,62,2587.15,0.0,0.01,0.0,0.0,Mar,1,2,1,1,Returning_Visitor,False,False
3,323.5,0,0.0,10,320.75,0.0,0.02,0.19,0.0,Nov,2,2,1,2,New_Visitor,False,False
0,0.0,0,5.86,20,504.08,0.01,0.06,0.0,0.0,May,3,2,1,1,Returning_Visitor,False,False
2,42.5,2,10.0,43,1543.5,0.0,0.0,0.38,0.02,Dec,2,2,9,3,Other,False,True
11,117.63,1,10.0,29,1233.31,0.01,0.03,0.0,0.02,Dec,2,2,1,2,Returning_Visitor,False,False
0,0.0,0,2.3,17,217.0,0.01,0.03,0.0,0.8,May,1,1,1,1,Returning_Visitor,False,False
0,0.0,0,3.56,38,1652.0,0.0,0.02,0.0,0.0,May,2,2,1,13,Returning_Visitor,False,False
1,17.5,0,0.0,8,163.0,0.0,0.01,0.0,0.0,Mar,3,2,1,2,New_Visitor,True,False
0,0.0,0,0.0,8,143.58,0.01,0.06,0.04,0.0,Nov,2,2,3,1,Returning_Visitor,False,False
6,408.2,0,0.0,48,878.62,0.0,0.02,19.37,0.0,Mar,2,2,1,2,Returning_Visitor,False,True
3,144.91,3,88.56,49,3537.99,0.0,0.03,5.77,0.0,Mar,2,2,1,1,Returning_Visitor,False,False
0,0.0,0,3.78,7,1260.67,0.06,0.06,0.1,0.8,May,2,2,5,6,Returning_Visitor,False,False
8,144.06,3,9.31,48,1702.48,0.0,0.02,6.69,0.0,Nov,2,1,1,2,Returning_Visitor,False,True
5,200.5,0,0.0,49,1099.56,0.0,0.01,28.16,0.0,May,2,2,1,3,New_Visitor,False,True
0,0.0,0,3.4,9,1698.46,0.02,0.04,0.0,0.2,Oct,2,2,3,1,Returning_Visitor,False,False
0,0.0,0,3.89,6,216.0,0.0,0.03,0.0,0.0,Mar,2,4,7,2,Returning_Visitor,False,False
0,0.0,0,2.19,4,30.5,0.0,0.06,0.0,0.0,Mar,2,4,3,3,Returning_Visitor,False,False
3,180.8,0,2.24,12,408.47,0.0,0.01,0.0,0.0,Aug,4,1,3,1,Returning_Visitor,True,False
1,18.0,2,4.96,20,1287.27,0.02,0.04,0.43,0.0,Nov,3,2,4,2,Returning_Visitor,False,False
1,0.0,0,0.0,22,325.75,0.02,0.03,0.17,0.0,Mar,2,10,7,2,Returning_Visitor,False,False
1,8.21,4,62.5,43,9666.86,0.0,0.02,14.88,0.0,Nov,2,2,1,2,Returning_Visitor,False,True
0,0.0,0,2.14,9,27.5,0.04,0.1,0.0,0.0,May,2,2,1,1,Returning_Visitor,False,False
7,98.8,0,0.0,5,69.4,0.02,0.03,0.0,0.0,May,1,1,2,5,New_Visitor,True,False
3,49.4,4,321.4,48,485.29,0.02,0.05,11.03,0.0,Jul,2,2,7,3,Returning_Visitor,False,False
0,0.0,0,18.45,18,1473.33,0.01,0.04,0.0,0.01,Mar,1,1,1,2,Returning_Visitor,False,False
3,138.54,0,0.0,13,392.93,0.01,0.03,0.0,0.0,May,3,2,1,2,Returning_Visitor,False,False
3,94.6,1,108.8,42,1157.78,0.0,0.04,0.0,0.0,Oct,2,4,1,1,Returning_Visitor,True,False
5,146.44,0,0.0,36,725.33,0.01,0.02,0.0,0.0,Sep,2,2,3,13,Returning_Visitor,False,False
5,141.81,0,0.0,48,1507.33,0.02,0.03,0.06,0.0,May,2,2,1,3,Returning_Visitor,False,False
3,119.06,0,0.0,17,216.72,0.0,0.03,94.1,0.0,Oct,1,1,4,4,Returning_Visitor,False,True
5,109.83,1,37.0,27,1067.8,0.0,0.01,64.46,0.01,May,1,1,4,3,Returning_Visitor,False,False
3,66.76,0,0.0,10,267.9,0.0,0.0,0.14,0.0,Aug,2,2,7,2,New_Visitor,False,False
0,0.0,0,0.0,1,0.0,0.16,0.2,0.12,0.2,May,1,2,3,4,Returning_Visitor,False,False
0,0.0,0,6.29,40,1178.5,0.03,0.03,0.0,0.0,Aug,2,2,4,1,Returning_Visitor,False,False
2,130.25,1,31.0,37,1702.66,0.01,0.03,50.09,0.0,Nov,1,1,5,2,Returning_Visitor,False,True
0,0.0,0,4.14,4,87.38,0.0,0.07,0.0,0.0,Mar,2,2,3,1,Returning_Visitor,False,False
3,105.68,2,107.99,12,236.17,0.0,0.05,0.0,0.0,May,2,2,1,3,Returning_Visitor,False,False
0,0.0,0,3.13,49,383.0,0.03,0.05,0.0,0.0,May,1,1,1,4,Returning_Visitor,True,False
4,0.81,2,6.83,34,1395.45,0.04,0.04,48.66,0.01,Nov,3,2,1,10,Returning_Visitor,False,True
0,0.0,0,0.0,1,50.98,0.2,0.2,0.06,0.4,Feb,3,4,3,3,Returning_Visitor,False,False
0,0.0,0,1.62,4,223.17,0.0,0.06,0.0,0.0,Mar,2,2,3,14,Returning_Visitor,False,False
2,141.0,0,0.0,10,606.67,0.01,0.03,0.14,0.01,Aug,2,2,7,4,Returning_Visitor,False,False
1,1.48,1,28.0,88,1711.15,0.0,0.02,0.0,0.0,Mar,2,2,1,2,Returning_Visitor,False,False
15,4.95,2,21.6,32,1772.99,0.0,0.01,0.1,0.0,May,3,2,1,2,Returning_Visitor,True,False
3,113.8,0,0.0,15,336.14,0.0,0.03,0.0,0.0,May,2,4,9,3,New_Visitor,False,False
0,0.0,0,3.76,2,12.0,0.0,0.1,0.79,0.0,Jul,2,10,2,2,Returning_Visitor,False,False
1,70.5,0,0.0,44,1398.94,0.01,0.02,11.43,0.0,Nov,3,2,3,1,Returning_Visitor,False,False
3,106.53,1,235.75,49,1338.93,0.0,0.02,0.0,0.0,Dec,2,2,1,1,Returning_Visitor,False,False
0,0.0,0,4.2,9,268.5,0.06,0.1,0.0,0.8,May,2,2,1,6,Returning_Visitor,False,False
8,118.68,0,2.82,46,368.9,0.01,0.02,0.0,0.0,Oct,3,2,1,13,Returning_Visitor,False,False
6,174.75,2,123.0,33,773.26,0.0,0.02,31.74,0.0,May,3,2,1,2,Returning_Visitor,False,True
0,0.0,3,6.43,48,1717.24,0.02,0.05,0.59,0.0,Dec,2,2,7,1,Returning_Visitor,True,False
4,214.0,1,0.0,39,259.0,0.0,0.04,0.39,0.01,Nov,2,2,1,3,New_Visitor,True,False
3,80.43,0,0.0,45,5900.35,0.0,0.01,0.0,0.0,Mar,3,2,1,10,Returning_Visitor,False,False
0,0.0,0,0.0,29,488.41,0.0,0.02,0.55,0.01,Nov,2,2,1,11,New_Visitor,False,True
2,2.02,0,0.0,9,437.4,0.02,0.03,0.0,0.0,Jul,3,2,1,5,Returning_Visitor,True,False
7,76.15,0,0.0,49,1553.7,0.01,0.02,16.55,0.0,May,2,2,2,13,Returning_Visitor,False,False
3,138.0,2,141.41,48,2631.1,0.0,0.01,0.0,0.0,Mar,1,2,1,2,Returning_Visitor,False,False
1,9.0,1,29.5,49,1157.58,0.01,0.05,0.16,0.0,Nov,2,2,7,2,Returning_Visitor,False,False
4,60.4,0,0.0,7,207.6,0.0,0.03,10.21,0.0,Sep,2,2,1,3,Returning_Visitor,False,False
0,0.0,0,0.0,49,2606.78,0.0,0.02,0.0,0.0,Dec,2,2,3,2,Returning_Visitor,False,False
3,39.5,4,872.0,77,3909.62,0.0,0.02,9.74,0.0,May,2,4,3,2,Returning_Visitor,False,False
1,119.0,0,0.0,12,203.02,0.0,0.01,0.0,0.0,Mar,3,2,1,10,Returning_Visitor,False,False
8,451.28,10,961.45,49,2460.32,0.0,0.02,2.33,0.0,Nov,2,2,1,2,Returning_Visitor,True,True
4,146.22,2,22.13,44,1100.79,0.0,0.02,0.0,0.0,Sep,2,2,1,1,Returning_Visitor,False,False
0,0.0,0,0.0,42,894.58,0.0,0.01,0.0,0.0,Dec,3,2,4,6,Returning_Visitor,False,False
0,0.0,0,0.0,1,49.5,0.17,0.18,0.05,0.01,Mar,2,2,1,1,Returning_Visitor,False,False
1,38.0,2,20.0,57,2931.58,0.0,0.02,0.0,1.0,May,2,2,4,2,Returning_Visitor,True,False
0,2.83,0,0.0,14,294.01,0.0,0.05,0.0,0.0,June,2,2,3,13,Returning_Visitor,False,False
0,0.0,2,4.1,30,1684.27,0.0,0.03,0.0,0.0,Nov,2,2,3,10,Returning_Visitor,False,True
11,71.01,3,138.75,49,2002.23,0.0,0.02,0.0,0.02,Nov,2,2,1,2,Returning_Visitor,False,False
0,0.76,0,0.0,11,226.63,0.04,0.06,0.02,0.0,Dec,2,2,1,1,Returning_Visitor,False,False
0,0.0,0,3.78,48,1537.82,0.0,0.03,0.0,0.0,Mar,1,1,2,3,Returning_Visitor,False,False
2,92.37,0,0.0,44,2279.22,0.0,0.01,7.02,0.0,May,3,2,7,4,Returning_Visitor,False,False
7,119.94,1,0.0,46,1621.03,0.01,0.02,6.02,0.0,Dec,1,1,3,2,Returning_Visitor,False,False
3,160.2,2,21.2,43,1568.32,0.01,0.02,11.55,0.0,Oct,1,1,3,2,Returning_Visitor,False,False
12,317.63,2,256.5,48,3675.94,0.0,0.02,11.62,0.0,May,2,2,1,2,Returning_Visitor,True,True
0,0.65,0,0.0,47,889.0,0.02,0.07,0.14,0.0,May,4,1,3,3,Returning_Visitor,False,False
2,13.0,0,0.0,23,441.0,0.07,0.1,0.0,0.0,May,2,2,1,1,Returning_Visitor,False,False
4,150.75,0,13.76,13,308.5,0.0,0.01,0.0,0.0,Dec,2,2,5,2,New_Visitor,True,False
0,7.5,0,0.0,19,216.17,0.04,0.06,0.0,0.6,May,2,2,1,3,Returning_Visitor,False,False
0,0.0,0,2.72,20,1066.17,0.0,0.02,0.0,0.35,May,2,4,4,2,Returning_Visitor,False,False
10,39.2,0,0.0,44,897.78,0.0,0.02,48.93,0.0,May,2,2,1,3,Returning_Visitor,False,False
2,66.4,3,41.2,138,4031.56,0.0,0.01,0.0,0.0,May,2,2,6,13,Returning_Visitor,False,False
6,91.2,1,69.6,49,1618.23,0.0,0.02,9.23,0.0,May,2,2,1,6,Returning_Visitor,False,False
3,22.0,2,69.5,49,1671.58,0.0,0.01,0.0,0.0,Nov,2,2,1,2,Returning_Visitor,True,False
0,0.0,0,0.0,20,1596.78,0.0,0.01,0.0,0.0,Jul,2,4,4,4,Returning_Visitor,False,False
3,123.05,0,0.0,28,1265.75,0.0,0.03,11.45,0.0,May,2,2,1,1,Returning_Visitor,False,False
2,34.2,0,0.0,49,929.91,0.01,0.03,0.28,0.0,Aug,1,1,3,3,Returning_Visitor,False,False
0,0.0,0,0.0,2,0.0,0.2,0.18,0.0,0.0,May,2,2,2,3,Returning_Visitor,False,False
0,0.0,0,0.0,9,355.5,0.02,0.04,0.0,0.0,Nov,3,2,1,3,Returning_Visitor,False,False
0,0.0,0,0.0,5,526.93,0.0,0.04,1.62,0.0,Nov,1,1,3,10,Returning_Visitor,True,False
1,5.0,0,0.0,63,1405.33,0.0,0.01,8.44,0.0,Nov,2,2,1,1,Returning_Visitor,False,True
1,8.0,0,0.0,28,643.88,0.0,0.0,0.85,0.6,May,2,4,1,3,New_Visitor,False,False
6,141.68,0,0.0,25,434.67,0.0,0.01,0.0,0.0,May,2,2,1,2,New_Visitor,True,False
3,72.5,0,0.0,31,649.31,0.0,0.0,20.87,0.0,Nov,2,7,2,3,Returning_Visitor,False,True
1,7.0,0,0.0,14,183.33,0.0,0.01,0.0,0.0,Mar,2,2,3,10,Returning_Visitor,False,False
0,0.0,0,0.0,12,1614.35,0.02,0.05,0.0,0.0,Mar,1,1,6,3,Returning_Visitor,False,False
3,17.0,1,181.62,14,27.38,0.04,0.06,0.0,0.0,Nov,2,2,1,11,Returning_Visitor,False,False
3,119.23,1,85.73,42,413.72,0.0,0.05,10.49,0.0,May,1,1,1,4,Returning_Visitor,False,False
3,33.0,0,2.31,25,1714.99,0.01,0.01,0.81,0.0,Mar,1,5,3,1,Returning_Visitor,False,True
2,82.0,0,0.0,9,554.83,0.01,0.04,0.0,0.0,Dec,3,2,1,8,Returning_Visitor,True,False
24,94.58,5,625.5,48,1588.67,0.0,0.02,0.0,0.0,May,2,2,1,2,Returning_Visitor,False,False
0,0.0,0,0.0,9,239.29,0.02,0.06,0.0,0.0,Nov,1,1,8,10,Returning_Visitor,False,False
5,139.98,0,0.0,44,677.88,0.0,0.01,0.04,0.0,Dec,1,2,1,1,New_Visitor,True,False
3,114.78,4,214.1,44,385.75,0.0,0.01,0.0,0.0,Sep,2,2,6,4,New_Visitor,False,False
0,0.0,0,0.0,4,157.5,0.0,0.06,0.91,0.0,Nov,2,4,9,2,Returning_Visitor,False,False
0,0.0,0,0.0,7,383.5,0.0,0.02,0.0,0.0,Mar,3,2,6,3,Returning_Visitor,False,False
0,0.93,0,1.47,4,33.14,0.1,0.17,0.0,0.0,Mar,3,3,3,1,Returning_Visitor,False,False
0,0.71,0,0.0,3,136.5,0.0,0.06,0.0,0.0,Dec,1,1,2,3,Returning_Visitor,False,False
0,0.0,0,0.0,3,34.75,0.0,0.07,0.0,0.02,Dec,2,4,3,2,Returning_Visitor,False,False
19,136.37,1,8.0,48,4269.49,0.0,0.02,11.55,0.0,May,2,2,1,2,Returning_Visitor,False,False
0,0.0,0,2.71,25,952.68,0.0,0.02,23.58,0.0,Nov,2,2,3,2,Returning_Visitor,False,True
0,0.0,0,4.5,20,1704.74,0.01,0.03,0.0,0.0,May,3,2,4,2,Returning_Visitor,True,False
0,0.0,0,0.0,1,34.53,0.2,0.2,0.39,0.0,Nov,3,2,1,1,Returning_Visitor,False,False
2,141.22,3,119.0,41,4270.14,0.0,0.03,0.0,0.0,Mar,2,2,4,1,Returning_Visitor,False,False
2,53.02,0,0.0,12,392.4,0.0,0.04,0.0,0.0,May,1,1,3,1,Returning_Visitor,False,False
0,0.0,0,0.0,32,612.77,0.0,0.02,0.0,0.0,May,2,4,1,3,Returning_Visitor,False,False
3,190.5,3,575.0,30,1197.72,0.0,0.01,34.79,0.0,Dec,2,2,3,2,New_Visitor,False,True
1,23.0,0,0.0,27,1712.1,0.0,0.01,1.87,0.0,May,3,2,3,13,Returning_Visitor,False,False
0,0.0,0,0.0,175,7369.72,0.0,0.02,3.98,0.0,May,2,2,1,1,Returning_Visitor,True,False
0,0.0,0,4.34,26,404.51,0.01,0.03,0.0,0.0,Dec,2,2,6,2,Returning_Visitor,True,False
7,186.1,0,0.0,49,906.3,0.01,0.03,20.92,0.0,May,2,2,1,1,Returning_Visitor,False,False
3,5.0,0,0.0,44,630.32,0.03,0.04,0.0,0.0,May,2,2,6,3,Returning_Visitor,False,False
0,0.0,2,74.4,27,875.5,0.0,0.01,0.0,0.0,Nov,4,2,1,2,Returning_Visitor,True,False
11,157.39,3,338.4,46,1624.94,0.01,0.02,0.0,0.0,May,3,2,1,2,Returning_Visitor,False,False
0,0.0,0,0.0,2,294.35,0.2,0.18,0.03,0.0,May,2,2,6,13,Returning_Visitor,False,False
0,0.0,0,0.0,2,86.0,0.0,0.1,0.34,0.0,Mar,2,4,3,3,Returning_Visitor,True,False
10,10.16,0,0.0,46,1707.36,0.01,0.03,11.52,0.01,May,1,1,8,10,Returning_Visitor,False,False
3,144.83,0,0.0,49,1007.23,0.0,0.03,19.57,0.0,May,2,2,1,2,Returning_Visitor,False,False
1,0.0,1,13.79,16,1296.6,0.02,0.03,11.07,0.01,Mar,3,2,4,2,Returning_Visitor,False,True
2,59.5,1,20.0,96,5604.98,0.0,0.02,11.54,0.0,May,2,7,1,3,Returning_Visitor,False,True
0,0.0,0,0.0,21,471.72,0.0,0.02,0.0,0.0,Nov,1,1,1,10,Returning_Visitor,False,False
4,95.62,0,0.0,9,132.4,0.0,0.01,0.0,0.0,Aug,2,2,1,5,New_Visitor,False,True
5,50.24,1,73.0,13,416.4,0.0,0.01,0.0,0.0,Mar,1,1,1,2,Returning_Visitor,True,False
1,14.0,0,0.0,4,65.0,0.0,0.05,0.18,0.02,May,2,2,3,1,Returning_Visitor,False,False
3,96.95,2,135.0,44,517.39,0.0,0.01,30.66,0.0,May,2,2,7,2,Returning_Visitor,True,True
3,91.02,1,0.0,38,1869.45,0.0,0.01,0.0,0.0,Nov,2,4,6,2,New_Visitor,False,True
13,228.92,1,10.0,64,817.02,0.0,0.01,0.4,0.01,May,2,5,1,2,New_Visitor,True,False
2,135.34,0,0.0,26,1636.02,0.01,0.02,0.08,0.0,Mar,2,2,1,1,Returning_Visitor,False,False
14,12.1,0,0.0,29,443.5,0.0,0.03,0.0,0.0,May,2,2,1,3,Returning_Visitor,False,False
0,1.06,0,0.0,89,2198.5,0.0,0.01,0.0,0.0,Nov,4,2,1,1,Returning_Visitor,True,True
3,145.93,0,0.0,10,278.43,0.01,0.03,56.02,0.0,Jul,2,2,6,2,Returning_Visitor,False,True
2,16.0,0,0.0,29,1412.5,0.01,0.05,0.01,0.0,May,2,2,6,13,Returning_Visitor,False,False
7,228.25,0,0.0,39,968.09,0.02,0.02,7.5,0.0,Nov,3,2,1,1,Returning_Visitor,False,False
0,0.0,3,103.17,43,1594.21,0.02,0.03,0.0,0.0,May,2,2,1,2,Returning_Visitor,False,False
13,1230.33,7,286.08,35,3147.25,0.02,0.05,1.6,0.0,May,1,1,1,2,Returning_Visitor,False,True
3,16.17,1,84.07,35,1722.83,0.01,0.01,93.53,0.0,Nov,4,1,1,2,Returning_Visitor,True,True
3,91.88,0,5.6,25,1040.75,0.0,0.03,0.0,0.0,Mar,1,1,1,2,Returning_Visitor,True,False
2,0.0,0,74.36,17,476.16,0.0,0.0,0.12,0.0,Sep,2,2,6,2,New_Visitor,False,False
0,0.0,0,3.75,48,286.0,0.01,0.06,0.0,0.65,May,2,2,9,3,Returning_Visitor,False,False
0,0.0,0,1.61,3,44.0,0.07,0.1,0.23,0.0,May,3,2,1,15,Returning_Visitor,False,False
3,145.49,0,0.0,17,281.67,0.0,0.02,0.0,0.0,Feb,1,1,3,4,Returning_Visitor,False,False
2,36.5,0,0.0,12,262.37,0.0,0.01,0.0,0.0,May,3,2,9,4,Returning_Visitor,True,False
4,145.12,0,0.0,5,74.4,0.0,0.02,0.0,0.0,Oct,2,2,4,5,New_Visitor,False,False
2,143.53,0,0.0,43,821.28,0.02,0.03,0.0,0.01,Nov,1,1,3,3,Returning_Visitor,False,False
16,24.43,0,0.0,45,2091.04,0.0,0.03,7.22,0.01,May,3,2,1,2,Returning_Visitor,True,False
0,0.0,0,0.0,14,203.32,0.0,0.07,0.0,0.0,Mar,3,2,1,10,Returning_Visitor,True,False
14,134.96,2,52.25,45,1127.29,0.0,0.01,0.0,0.0,Nov,3,2,1,1,Returning_Visitor,False,False
0,0.0,0,0.0,8,721.42,0.0,0.01,0.08,0.0,Nov,2,2,3,8,New_Visitor,True,False
0,0.0,1,35.0,33,782.08,0.0,0.01,9.75,0.0,May,2,2,9,2,New_Visitor,False,True
0,0.77,0,0.0,2,55.43,0.0,0.05,0.0,0.0,Nov,3,2,8,2,Returning_Visitor,False,False
2,137.0,0,2.11,6,185.4,0.01,0.03,0.12,0.0,Oct,2,2,7,4,Returning_Visitor,False,True
1,18.0,0,10.89,24,1712.4,0.0,0.01,0.0,0.0,Dec,2,2,1,2,New_Visitor,False,False
5,135.27,0,0.0,11,396.5,0.0,0.01,0.0,0.0,Nov,3,2,3,8,New_Visitor,True,False
0,0.0,0,0.0,8,183.0,0.0,0.01,0.0,0.0,Dec,2,4,4,1,Returning_Visitor,False,False
11,41.95,4,629.51,42,1161.48,0.0,0.02,12.76,0.0,May,1,2,1,2,Returning_Visitor,False,True
10,132.77,3,69.0,22,1552.55,0.0,0.03,0.29,0.0,Nov,2,2,1,2,Returning_Visitor,False,False
3,42.86,2,7.0,3,23.0,0.07,0.07,0.0,0.0,Nov,1,1,1,8,Returning_Visitor,False,False
6,143.23,0,0.0,140,7097.58,0.0,0.01,21.89,0.0,Nov,2,2,3,3,Returning_Visitor,False,True
2,386.0,1,25.0,48,2725.0,0.0,0.02,13.57,0.0,May,2,2,2,1,Returning_Visitor,False,False
3,133.96,0,0.0,49,1525.0,0.01,0.02,25.0,0.0,Nov,2,2,1,2,Returning_Visitor,True,True
3,75.09,2,12.53,85,1311.07,0.0,0.02,0.0,1.0,May,2,2,1,3,Returning_Visitor,True,False
1,29.2,0,3.95,7,75.6,0.0,0.03,0.0,0.0,Aug,1,1,4,2,New_Visitor,True,False
3,155.0,0,4.21,20,252.98,0.0,0.04,0.0,0.0,Oct,2,2,1,3,Returning_Visitor,False,False
2,161.2,0,0.0,7,485.31,0.04,0.06,21.09,0.0,May,3,2,2,1,Returning_Visitor,False,False
0,0.0,0,0.0,17,1721.65,0.0,0.03,0.02,0.0,Mar,2,2,2,2,Returning_Visitor,False,False
3,192.5,0,0.0,48,3000.67,0.0,0.01,0.0,0.0,Mar,2,2,3,2,Returning_Visitor,False,False
0,0.0,0,7.29,94,1073.32,0.01,0.03,0.06,0.0,Sep,2,2,1,13,Returning_Visitor,False,False
0,0.0,0,0.0,1,0.0,0.2,0.2,0.0,0.0,May,2,2,1,1,Returning_Visitor,False,False
0,0.0,0,1.57,2,215.94,0.0,0.1,0.0,0.0,Mar,2,2,3,11,Returning_Visitor,True,False
6,108.76,1,26.5,48,1874.84,0.01,0.01,0.0,0.01,Nov,2,2,4,3,Returning_Visitor,False,False
0,0.0,0,1.68,1,48.66,0.17,0.18,0.27,0.0,Mar,3,2,1,1,Returning_Visitor,False,False
0,1.01,0,0.0,25,1233.47,0.01,0.03,0.0,0.0,May,2,2,5,6,Returning_Visitor,False,False
3,53.75,0,0.0,41,1130.81,0.02,0.02,0.0,0.0,Dec,3,2,1,2,Returning_Visitor,False,False
1,23.76,0,3.34,21,1714.72,0.0,0.02,0.13,0.0,May,3,2,2,2,Returning_Visitor,False,False
0,0.0,0,0.0,3,124.45,0.0,0.06,0.09,0.0,Nov,2,2,3,1,Returning_Visitor,False,False
3,86.0,0,0.0,26,1197.67,0.0,0.01,0.79,0.0,May,2,10,2,2,Returning_Visitor,False,False
0,1.23,0,0.0,2,121.05,0.0,0.1,0.0,0.0,May,2,1,8,4,Returning_Visitor,True,False
4,131.2,3,135.5,69,3596.93,0.0,0.01,0.0,0.0,May,1,1,1,4,Returning_Visitor,False,False
3,35.4,0,0.0,38,1711.18,0.01,0.04,0.0,0.0,May,3,2,1,1,Returning_Visitor,False,False
0,0.0,1,0.0,15,286.02,0.02,0.05,0.0,0.0,May,2,5,3,3,Returning_Visitor,False,False
0,0.73,0,4.91,13,238.17,0.0,0.01,0.0,0.0,Nov,2,2,6,2,Returning_Visitor,False,False
1,72.5,2,523.75,8,272.6,0.02,0.06,0.0,0.0,Nov,1,1,1,3,Returning_Visitor,False,False
1,0.0,0,0.0,12,511.39,0.0,0.01,0.24,0.0,May,2,4,4,2,New_Visitor,True,False
0,0.0,0,0.0,5,203.38,0.04,0.06,0.0,0.0,Nov,3,2,6,3,Returning_Visitor,False,False
0,0.0,0,0.0,11,485.57,0.0,0.01,0.09,0.0,Feb,3,2,1,3,Returning_Visitor,False,False
0,0.0,0,0.0,17,391.87,0.0,0.03,0.0,1.0,May,2,2,1,1,Returning_Visitor,True,False
0,0.91,0,2.68,31,215.8,0.0,0.03,0.0,0.0,Dec,4,1,1,3,Returning_Visitor,False,False
1,22.2,0,0.0,34,606.2,0.0,0.09,11.4,0.0,Oct,2,2,7,3,New_Visitor,True,False
2,28.2,0,0.0,2,0.0,0.07,0.13,1.75,0.0,June,1,1,2,3,Returning_Visitor,True,False
3,54.8,1,28.2,24,203.07,0.0,0.01,44.36,0.0,June,2,2,1,4,Returning_Visitor,False,True
0,0.0,0,0.0,10,1644.63,0.0,0.02,58.11,0.0,May,2,2,1,1,Returning_Visitor,False,True
0,0.0,0,0.0,15,1999.83,0.02,0.02,0.51,0.0,May,3,10,7,4,Returning_Visitor,False,False
0,0.74,0,2.88,18,825.33,0.0,0.0,50.41,0.0,Nov,2,2,8,2,Returning_Visitor,False,True
8,359.0,1,16.0,37,497.67,0.01,0.02,0.0,0.0,May,2,4,7,2,Returning_Visitor,False,False
0,0.0,0,0.0,5,197.0,0.04,0.06,0.0,0.0,May,2,2,7,3,Returning_Visitor,False,False
1,0.68,0,10.47,22,762.55,0.0,0.02,0.0,0.0,Mar,2,2,1,3,Returning_Visitor,True,False
3,145.79,0,0.0,9,216.33,0.0,0.01,0.0,0.0,Sep,3,2,1,2,Returning_Visitor,False,False
0,0.7,0,0.0,11,206.34,0.0,0.02,0.0,0.0,Mar,2,2,6,1,Returning_Visitor,False,False
1,76.75,0,0.0,47,1356.46,0.0,0.02,0.07,0.0,Nov,2,2,1,10,Returning_Visitor,True,False
1,0.87,0,0.0,20,691.75,0.0,0.0,0.0,0.0,Dec,3,2,4,2,New_Visitor,False,False
0,1.22,0,0.0,12,464.0,0.0,0.05,12.59,0.0,Nov,2,2,3,8,Returning_Visitor,False,False
1,128.0,2,4.72,13,1248.67,0.01,0.02,5.56,0.0,Oct,3,2,8,2,Returning_Visitor,True,False
0,16.41,0,0.0,11,344.8,0.03,0.05,0.0,0.0,Oct,3,2,1,4,Returning_Visitor,True,False
5,98.92,0,0.0,10,973.03,0.02,0.03,0.0,0.0,Nov,4,2,1,3,Returning_Visitor,False,False
0,1.31,0,2.28,2,190.07,0.0,0.06,0.0,0.0,Mar,1,1,1,1,Returning_Visitor,False,False
1,38.5,1,308.0,14,582.0,0.0,0.02,0.0,0.0,May,2,2,2,2,Returning_Visitor,True,False
3,0.0,0,0.0,4,166.9,0.0,0.0,0.0,0.0,Aug,3,2,4,4,New_Visitor,False,False
2,16.2,0,1.86,4,60.6,0.03,0.08,0.0,0.0,Sep,2,2,1,3,Returning_Visitor,False,True
3,34.0,1,86.21,97,3989.49,0.0,0.01,0.0,0.0,Nov,2,2,1,3,Returning_Visitor,True,False
3,77.0,0,2.76,21,580.21,0.0,0.03,0.0,0.0,Mar,1,1,2,2,Returning_Visitor,True,False
0,0.0,0,0.0,35,2352.17,0.0,0.01,0.0,0.0,Nov,2,2,6,2,New_Visitor,False,False
11,334.17,2,34.0,47,4817.37,0.0,0.01,11.55,0.0,May,2,2,4,2,Returning_Visitor,False,False
0,0.0,0,2.86,16,221.2,0.01,0.06,0.0,0.04,May,2,4,3,3,Returning_Visitor,False,False
3,17.0,0,2.78,22,399.8,0.02,0.03,0.31,0.0,Mar,2,5,7,1,Returning_Visitor,False,False
0,0.0,0,5.59,8,107.17,0.0,0.03,0.0,0.0,Nov,2,2,9,2,New_Visitor,False,False
3,667.25,0,0.0,5,101.8,0.0,0.01,0.0,0.0,Jul,2,2,8,2,Returning_Visitor,True,False
0,3.57,0,0.0,8,640.9,0.0,0.03,0.0,0.0,Mar,2,1,9,3,Returning_Visitor,True,False
0,0.0,0,15.47,56,3543.81,0.0,0.02,1.77,0.0,Nov,2,2,5,3,Returning_Visitor,True,False
0,0.0,0,0.0,23,1705.27,0.02,0.07,0.0,0.0,May,2,1,1,3,Returning_Visitor,False,False
3,52.9,0,0.0,8,278.58,0.0,0.01,26.18,0.0,Jul,1,1,1,2,New_Visitor,False,False
0,8.88,0,0.0,8,480.0,0.0,0.03,14.14,0.0,Nov,1,1,2,3,New_Visitor,True,True
0,0.89,0,0.0,11,153.75,0.05,0.07,0.0,0.0,Nov,3,2,2,4,Returning_Visitor,False,False
3,0.68,0,3.8,48,1649.06,0.02,0.03,26.13,0.0,Nov,2,2,9,20,Returning_Visitor,True,False
2,136.6,0,2.65,20,1636.71,0.0,0.0,0.0,0.0,Oct,2,2,1,2,Returning_Visitor,False,False
3,96.5,0,3.71,47,1389.19,0.0,0.02,0.0,0.0,Dec,1,1,2,2,Returning_Visitor,False,False
3,117.85,0,1.89,17,492.9,0.0,0.03,29.46,0.0,Aug,4,1,1,3,Returning_Visitor,False,False
0,0.66,0,1.49,4,251.0,0.05,0.1,0.0,0.0,May,2,2,4,3,Returning_Visitor,False,False
5,343.07,0,0.0,63,1108.37,0.01,0.01,4.82,0.0,Aug,2,10,1,2,Returning_Visitor,False,True
0,0.0,0,1.91,14,207.17,0.04,0.05,0.0,0.6,May,2,2,2,11,Returning_Visitor,False,False
0,0.0,0,0.0,3,88.5,0.0,0.03,0.0,0.0,Nov,3,2,1,3,Returning_Visitor,False,False
0,0.0,0,0.0,16,514.84,0.0,0.01,0.07,0.0,June,1,1,1,2,Returning_Visitor,False,False
7,138.82,9,406.92,47,2435.74,0.0,0.02,0.0,0.0,Mar,1,1,1,2,Returning_Visitor,False,False
6,201.0,0,2.54,49,1699.89,0.01,0.02,58.64,0.0,Nov,2,2,4,2,Returning_Visitor,False,False
3,93.5,0,0.0,101,2186.15,0.0,0.01,32.14,0.0,Nov,2,2,1,1,Returning_Visitor,False,False
0,0.0,0,0.0,36,1712.0,0.0,0.04,0.12,0.0,May,4,1,1,2,Returning_Visitor,False,False
3,145.1,0,0.0,12,626.6,0.0,0.02,0.3,0.0,Nov,2,2,5,2,Returning_Visitor,False,False
0,0.0,0,0.0,73,1209.76,0.0,0.02,0.0,0.0,May,2,4,3,2,Returning_Visitor,True,False
1,40.0,5,408.34,62,1088.83,0.0,0.01,11.48,0.0,Mar,3,2,1,9,Returning_Visitor,True,True
0,0.0,0,0.0,22,573.75,0.0,0.02,0.0,0.0,Nov,3,2,3,2,Returning_Visitor,False,False
0,1.33,0,0.0,5,98.33,0.03,0.03,0.0,0.0,May,1,1,1,3,Returning_Visitor,False,False
2,51.0,2,99.5,35,1475.27,0.01,0.03,8.57,0.0,May,2,1,2,4,Returning_Visitor,False,True
0,5.36,0,0.0,10,412.08,0.0,0.02,0.0,0.0,Dec,3,3,3,2,New_Visitor,False,False
9,119.96,1,90.0,43,3346.5,0.0,0.02,5.93,0.0,May,3,2,1,2,Returning_Visitor,False,True
2,144.98,0,0.0,11,217.6,0.0,0.02,0.0,0.0,Oct,1,1,1,2,New_Visitor,False,False
5,120.75,6,329.5,49,2816.78,0.01,0.02,2.35,0.0,Mar,3,2,4,2,Returning_Visitor,True,False
6,92.85,3,7.6,43,2104.57,0.01,0.03,35.52,0.0,Nov,2,2,5,1,Returning_Visitor,False,False
3,10.54,0,0.0,44,418.23,0.0,0.01,0.0,0.0,May,1,1,1,2,Returning_Visitor,False,False
2,109.83,0,0.0,79,2619.11,0.02,0.02,0.0,0.0,Nov,1,1,3,10,Returning_Visitor,True,False
0,0.61,0,0.0,15,535.25,0.0,0.02,0.0,0.0,Nov,3,2,1,2,Returning_Visitor,True,False
3,101.0,0,0.0,7,441.0,0.02,0.04,0.21,0.03,May,2,2,4,4,Returning_Visitor,False,False
1,159.2,0,26.18,47,1477.62,0.0,0.03,0.0,0.0,Aug,3,2,1,1,Returning_Visitor,True,False
10,27.08,4,23.0,21,1534.82,0.01,0.05,5.19,0.0,May,1,1,1,3,Returning_Visitor,False,False
1,19.6,0,0.0,0,0.0,0.0,0.09,0.0,0.0,Oct,3,5,1,5,Returning_Visitor,False,False
0,0.0,0,0.0,13,301.22,0.01,0.04,0.0,0.0,Mar,2,2,3,6,Returning_Visitor,False,False
0,0.0,0,0.0,7,1319.2,0.11,0.12,0.97,0.0,Dec,1,1,4,3,Returning_Visitor,True,False
1,67.4,0,0.0,18,295.5,0.03,0.04,0.0,0.0,Oct,3,2,1,4,Returning_Visitor,False,False
3,7.5,0,0.0,45,1514.7,0.0,0.01,4.7,0.0,Nov,3,2,8,1,Returning_Visitor,True,False
0,0.0,0,0.0,11,571.47,0.0,0.05,0.05,0.0,Dec,3,2,6,2,New_Visitor,False,False
0,0.0,0,3.1,49,598.87,0.0,0.03,0.0,0.0,Nov,2,2,1,3,Returning_Visitor,False,False
3,53.17,0,0.0,11,203.46,0.0,0.0,0.0,0.0,Mar,3,2,1,4,Returning_Visitor,False,False
6,1489.04,0,0.0,12,879.8,0.0,0.01,0.0,0.0,Nov,2,2,4,2,New_Visitor,True,False
0,0.0,3,321.0,31,916.62,0.01,0.03,0.0,0.0,Dec,2,2,1,1,Returning_Visitor,False,False
1,4.0,0,0.0,13,161.17,0.02,0.01,0.0,0.45,May,2,5,9,5,Returning_Visitor,False,False
0,0.0,0,3.06,1,0.0,0.2,0.16,0.0,0.2,Feb,3,4,2,3,Returning_Visitor,False,False
3,113.12,3,176.0,10,225.83,0.0,0.02,0.0,0.0,Nov,2,2,5,2,Returning_Visitor,False,False
1,41.0,0,0.0,6,68.5,0.0,0.03,0.0,0.4,May,1,1,1,2,Returning_Visitor,False,False
3,65.0,0,2.12,48,1142.67,0.0,0.01,0.03,0.0,May,2,5,7,2,Returning_Visitor,False,False
0,0.0,0,3.26,1,1.0,0.0,0.1,0.24,0.0,Mar,2,2,2,1,Returning_Visitor,False,False
1,5.46,0,0.0,46,1694.21,0.0,0.03,0.0,0.0,May,2,2,4,1,Returning_Visitor,False,False
4,165.0,0,0.0,44,1678.04,0.0,0.02,0.0,0.0,May,2,2,1,1,Returning_Visitor,False,False
2,0.58,1,144.0,67,2563.78,0.0,0.01,9.8,0.0,Mar,2,2,4,2,New_Visitor,False,True
0,0.0,0,0.0,17,390.77,0.0,0.03,0.13,0.0,Nov,1,1,3,3,Returning_Visitor,True,False
0,0.0,1,38.25,48,2767.98,0.02,0.03,0.07,0.0,Nov,2,2,1,2,Returning_Visitor,False,False
8,1.72,0,13.48,49,2150.43,0.01,0.02,17.35,0.0,Nov,1,1,1,3,Returning_Visitor,False,False
5,112.33,0,0.0,55,1716.71,0.0,0.03,8.9,0.0,May,2,2,3,1,Returning_Visitor,False,False
6,89.0,1,0.0,49,1183.23,0.01,0.03,0.0,0.3,May,3,2,1,2,Returning_Visitor,False,False
0,0.0,0,0.0,2,68.0,0.0,0.1,0.13,0.0,Feb,3,2,3,3,Returning_Visitor,False,False
4,117.32,2,15.0,230,6978.61,0.02,0.05,0.06,0.0,Jul,2,2,6,1,Returning_Visitor,True,False
0,0.0,0,2.69,15,463.33,0.04,0.05,0.01,0.0,May,2,5,1,1,Returning_Visitor,False,False
3,36.57,0,0.0,43,630.33,0.01,0.02,0.0,0.0,Sep,2,2,6,1,Returning_Visitor,False,False
4,136.75,0,0.0,48,1975.46,0.0,0.01,0.0,0.0,Mar,2,2,3,3,Returning_Visitor,True,False
3,302.0,0,0.0,29,675.38,0.0,0.02,0.0,0.0,Dec,2,2,1,6,Returning_Visitor,True,False
0,0.0,0,0.0,39,242.75,0.01,0.06,0.0,0.0,Nov,3,2,3,11,Returning_Visitor,True,False
3,63.25,0,0.0,7,460.75,0.01,0.05,0.0,0.0,Dec,3,2,1,2,Returning_Visitor,False,False
0,0.9,0,0.0,18,211.42,0.03,0.06,0.0,0.0,Nov,2,2,5,1,Returning_Visitor,True,False
5,140.6,0,0.0,16,1580.06,0.01,0.01,0.0,0.0,Mar,3,2,3,3,Returning_Visitor,True,False
3,127.77,0,0.0,1,315.58,0.0,0.05,1.26,0.0,Jul,2,2,1,2,New_Visitor,False,False
3,43.58,0,0.0,20,918.08,0.01,0.01,0.0,0.01,May,1,1,2,2,Returning_Visitor,False,False
3,15.0,0,0.0,20,77.0,0.01,0.03,0.3,0.0,Nov,2,2,9,1,Returning_Visitor,False,False
3,127.32,0,0.0,11,205.89,0.0,0.01,0.0,0.0,Jul,1,1,1,2,New_Visitor,False,False
0,0.0,0,2.01,11,272.0,0.0,0.02,0.0,0.8,May,2,2,4,4,Returning_Visitor,False,False
0,0.0,0,0.0,4,208.31,0.0,0.06,52.6,0.0,Oct,2,2,3,1,Returning_Visitor,False,True
0,0.0,0,0.0,10,60.0,0.0,0.04,0.12,0.0,May,2,2,5,4,Returning_Visitor,False,False
0,0.0,0,4.08,1,228.93,0.2,0.2,0.0,0.0,May,3,2,2,19,Returning_Visitor,True,False
0,0.63,0,3.68,55,1933.42,0.0,0.02,0.0,0.0,Nov,2,2,1,2,Returning_Visitor,False,False
0,0.0,0,0.0,18,862.0,0.04,0.06,0.0,0.31,May,2,2,3,4,Returning_Visitor,False,False
0,0.7,0,0.0,28,1428.7,0.01,0.03,0.15,0.01,Dec,1,1,4,3,Returning_Visitor,False,False
0,0.0,0,0.0,37,751.5,0.02,0.02,0.0,0.0,May,3,2,1,13,Returning_Visitor,False,False
0,0.0,0,1.7,4,71.27,0.2,0.2,0.0,0.01,Mar,2,2,3,1,Returning_Visitor,False,False
0,0.62,0,0.0,19,237.23,0.01,0.0,0.0,0.0,Mar,1,1,7,2,New_Visitor,False,False
0,0.0,0,7.09,47,922.3,0.02,0.03,0.0,0.0,Aug,3,2,8,2,Returning_Visitor,False,False
2,79.0,0,0.0,47,1366.06,0.01,0.03,11.54,0.0,Dec,2,2,1,2,New_Visitor,False,False
0,0.0,0,0.0,61,4501.43,0.01,0.04,0.06,0.0,May,2,5,3,2,Returning_Visitor,False,False
0,0.0,0,0.0,6,270.21,0.0,0.04,0.0,0.0,May,3,2,9,2,Returning_Visitor,False,False
0,14.2,1,7.83,3,126.67,0.0,0.06,0.16,0.0,Nov,2,2,8,2,Returning_Visitor,False,False
0,0.0,0,0.0,5,75.0,0.04,0.05,0.0,0.0,Dec,3,2,7,1,Returning_Visitor,False,False
0,0.0,0,0.0,4,209.71,0.0,0.03,0.0,0.0,May,3,2,1,4,Returning_Visitor,True,False
6,120.37,0,0.0,18,834.67,0.0,0.02,0.09,0.0,Mar,1,1,3,1,Returning_Visitor,True,False
2,146.94,0,7.41,49,3107.17,0.0,0.02,18.75,0.0,Sep,2,2,7,1,Returning_Visitor,False,True
0,0.0,0,0.0,1,0.0,0.2,0.18,0.0,0.0,Nov,3,2,1,3,Returning_Visitor,False,False
3,70.5,2,9.0,49,2852.0,0.01,0.04,0.0,0.0,May,2,2,9,3,Returning_Visitor,False,False
4,177.33,1,69.6,10,402.62,0.0,0.01,0.0,0.0,Nov,1,1,3,5,New_Visitor,False,False
0,0.0,0,0.0,4,239.98,0.0,0.08,0.14,0.0,May,2,2,8,4,Returning_Visitor,False,False
0,0.0,0,0.0,41,1687.91,0.03,0.05,0.0,0.4,May,2,2,1,13,Returning_Visitor,False,False
3,64.5,0,0.0,46,269.68,0.0,0.01,0.0,0.0,Nov,2,2,1,2,Returning_Visitor,False,False
5,93.4,0,0.0,31,689.65,0.0,0.0,34.49,0.0,Oct,2,2,2,2,New_Visitor,True,True
19,704.87,2,269.5,46,9487.64,0.0,0.02,2.87,0.0,May,2,2,1,2,Returning_Visitor,False,False
3,158.33,1,9.0,25,1072.62,0.0,0.01,0.26,0.0,Mar,3,2,1,1,Returning_Visitor,True,False
3,0.91,0,0.0,20,331.89,0.0,0.0,0.0,0.0,Aug,2,2,8,1,Returning_Visitor,True,False
5,209.2,0,0.0,18,447.17,0.01,0.04,0.0,0.0,Aug,1,1,1,1,Returning_Visitor,False,False
0,0.0,0,5.09,4,201.41,0.0,0.1,0.0,0.0,Mar,3,2,1,2,Returning_Visitor,False,False
1,0.0,0,4.98,13,399.5,0.0,0.01,0.0,1.0,May,3,2,5,1,Returning_Visitor,True,False
5,130.06,2,33.0,93,2720.27,0.01,0.03,1.59,0.0,May,3,2,4,1,Returning_Visitor,True,False
0,0.0,0,0.0,4,855.0,0.0,0.03,0.0,0.0,May,2,2,1,1,Returning_Visitor,False,False
5,248.5,0,0.0,12,456.67,0.0,0.0,0.0,0.0,Mar,3,2,4,2,New_Visitor,False,False
0,0.76,0,5.78,3,80.0,0.07,0.15,0.0,0.2,Feb,3,2,3,3,Returning_Visitor,False,False
0,0.0,1,46.2,188,6981.34,0.0,0.03,0.06,0.0,Nov,2,2,1,2,Returning_Visitor,False,False
10,4.13,0,0.0,37,1077.51,0.0,0.01,11.47,0.0,Nov,2,2,1,4,Returning_Visitor,False,False
8,111.0,0,0.0,49,1206.83,0.01,0.01,19.28,0.0,Nov,2,2,1,2,Returning_Visitor,False,True
3,315.33,1,141.5,18,3009.09,0.0,0.03,0.0,0.0,Nov,1,1,1,1,Returning_Visitor,False,False
1,14.5,0,3.59,46,1423.97,0.01,0.02,8.0,0.8,Nov,2,2,2,4,Returning_Visitor,False,False
0,0.0,0,0.0,6,97.33,0.0,0.06,0.0,0.0,Mar,1,2,9,2,Returning_Visitor,True,False
3,91.75,0,2.35,48,1171.33,0.0,0.02,0.0,0.0,May,3,2,2,4,Returning_Visitor,True,False
4,61.0,0,0.0,117,869.14,0.0,0.01,49.95,0.0,May,2,2,1,3,Returning_Visitor,False,False
0,0.0,0,2.6,4,46.21,0.0,0.08,0.0,0.6,May,1,1,1,3,Returning_Visitor,False,False
0,4.36,0,1.93,53,715.5,0.0,0.03,0.0,1.0,May,2,2,7,3,Returning_Visitor,True,False
0,0.0,2,12.81,38,1131.69,0.0,0.03,0.0,0.0,Dec,4,2,1,3,Returning_Visitor,False,False
3,5.5,2,6.75,20,1688.86,0.0,0.02,0.0,0.0,Dec,2,2,6,2,Returning_Visitor,False,False
0,0.0,1,91.36,25,1716.79,0.01,0.03,0.0,0.0,Nov,2,2,3,2,Returning_Visitor,True,False
1,97.0,0,6.57,4,59.0,0.0,0.01,0.0,0.0,May,2,2,6,6,New_Visitor,False,False
3,40.8,1,8.98,5,96.0,0.03,0.04,0.0,0.0,May,2,2,7,1,Returning_Visitor,True,False
3,64.33,1,13.0,49,1433.92,0.0,0.02,3.69,0.03,Mar,3,2,1,2,New_Visitor,False,True
0,0.0,0,23.41,1,0.0,0.2,0.2,0.71,0.01,Mar,2,5,2,3,Returning_Visitor,False,False
3,49.5,0,0.0,49,458.25,0.02,0.06,0.0,0.0,Nov,1,1,1,3,Returning_Visitor,False,False
10,27.82,2,245.17,101,3558.58,0.0,0.01,30.87,0.0,May,3,2,1,2,Returning_Visitor,True,True
0,0.0,0,0.0,50,694.52,0.01,0.02,0.0,0.0,Dec,1,2,3,2,Returning_Visitor,False,False
0,0.86,0,0.0,9,1084.07,0.0,0.01,0.0,0.0,Mar,3,2,2,3,Returning_Visitor,True,False
0,0.0,0,0.0,37,1234.53,0.0,0.02,0.0,0.0,Dec,1,2,5,3,Returning_Visitor,False,False
0,10.2,3,201.9,27,393.3,0.0,0.01,3.93,0.01,Sep,2,2,1,4,Returning_Visitor,False,True
0,0.0,0,2.43,2,15.0,0.0,0.06,0.0,0.0,Nov,1,1,1,3,Returning_Visitor,False,False
1,0.0,1,97.56,46,1038.92,0.02,0.04,10.95,0.0,Mar,2,2,3,1,Returning_Visitor,False,True
0,0.0,0,0.0,15,216.0,0.02,0.07,0.0,0.72,May,2,2,6,1,Returning_Visitor,True,False
2,131.5,2,94.93,96,1716.42,0.01,0.02,0.0,0.0,Nov,3,2,1,2,Returning_Visitor,False,False
3,45.5,0,2.52,43,1738.25,0.0,0.04,0.08,0.0,May,2,5,2,3,Returning_Visitor,False,False
0,0.0,0,1.45,2,0.0,0.2,0.18,0.0,0.0,Nov,3,2,1,13,Returning_Visitor,False,False
5,135.5,0,0.0,48,2106.89,0.0,0.01,0.06,0.0,Nov,2,2,3,2,Returning_Visitor,False,False
7,129.81,0,0.0,49,1775.52,0.0,0.01,4.75,0.0,Mar,1,1,1,10,Returning_Visitor,False,True
1,52.4,0,0.0,13,1122.83,0.0,0.01,42.3,0.0,Aug,1,1,1,20,Returning_Visitor,True,True
3,113.89,0,0.0,48,1697.09,0.01,0.03,1.82,0.0,May,3,2,1,10,Returning_Visitor,False,True
4,141.17,1,21.5,33,1829.18,0.0,0.02,16.07,0.6,May,2,2,1,2,Returning_Visitor,False,True
3,0.0,2,128.14,36,169.97,0.0,0.01,0.0,0.0,Jul,2,2,3,2,Returning_Visitor,False,False
9,551.79,4,124.2,94,5579.32,0.01,0.01,0.17,0.0,May,2,2,5,2,New_Visitor,False,False
0,0.0,0,0.0,5,303.59,0.0,0.06,0.11,0.0,May,4,2,1,5,New_Visitor,False,False
3,152.6,0,0.0,28,608.88,0.01,0.03,0.15,0.0,Jul,2,2,7,13,Returning_Visitor,False,True
3,2.07,0,5.81,2,836.2,0.0,0.04,0.0,0.01,Sep,2,2,8,2,New_Visitor,True,False
3,59.0,0,2.95,6,82.0,0.04,0.06,0.0,0.0,May,1,1,6,3,Returning_Visitor,False,False
0,0.0,0,6.82,49,4567.94,0.0,0.03,0.0,0.0,Dec,2,5,3,2,Returning_Visitor,False,False
2,46.4,0,2.15,12,303.25,0.0,0.02,0.0,0.0,Oct,1,1,3,2,New_Visitor,True,False
3,41.0,0,0.0,50,2428.35,0.01,0.04,0.17,0.0,Nov,2,1,3,3,Returning_Visitor,True,False
5,41.41,2,99.7,33,417.4,0.0,0.01,0.27,0.0,Sep,1,1,6,2,New_Visitor,False,False
1,0.0,0,0.0,12,202.59,0.0,0.01,0.39,0.0,Mar,3,2,1,3,Returning_Visitor,False,False
1,10.0,0,34.0,22,1911.79,0.01,0.01,0.0,0.0,May,1,1,4,6,Returning_Visitor,True,False
0,0.0,0,1.84,10,466.5,0.0,0.02,0.0,0.03,May,2,8,6,4,Returning_Visitor,True,False
1,0.0,0,0.0,15,431.2,0.01,0.01,0.51,0.0,Sep,2,5,9,5,New_Visitor,False,False
0,0.0,0,1.72,12,262.92,0.03,0.06,0.07,0.0,May,3,2,1,13,Returning_Visitor,False,False
0,0.0,0,5.62,51,1718.31,0.01,0.03,0.04,0.0,Nov,2,2,7,2,Returning_Visitor,False,False
3,33.5,0,0.0,8,556.0,0.0,0.02,0.0,0.0,Dec,2,2,1,2,New_Visitor,True,False
3,6.55,0,0.0,40,1710.84,0.0,0.01,39.75,0.0,Nov,4,1,1,2,Returning_Visitor,False,False
0,0.0,0,0.0,27,857.18,0.0,0.02,0.0,0.0,Nov,2,2,9,10,Returning_Visitor,False,False
3,54.0,0,2.84,20,376.72,0.01,0.06,0.0,0.0,Dec,2,2,1,2,Returning_Visitor,False,False
2,16.2,0,0.0,3,268.0,0.0,0.05,49.55,0.0,Nov,2,2,5,5,New_Visitor,False,False
0,0.98,0,3.77,20,1696.77,0.0,0.01,0.0,0.21,May,1,1,1,2,Returning_Visitor,False,False
0,0.0,0,0.0,52,1192.32,0.01,0.03,0.0,0.0,May,2,6,1,1,Returning_Visitor,False,False
1,20.0,0,0.0,49,9354.48,0.0,0.02,0.0,0.0,Nov,2,2,1,3,Returning_Visitor,False,False
0,0.0,0,0.0,3,506.91,0.13,0.17,0.0,0.01,Feb,2,4,1,1,Returning_Visitor,False,False
3,30.25,1,28.73,20,543.96,0.01,0.03,0.17,0.0,Dec,3,2,1,2,Returning_Visitor,False,False
1,9.0,0,2.8,19,734.58,0.0,0.01,0.26,0.0,Mar,2,10,1,3,Returning_Visitor,False,False
0,0.63,0,0.0,15,511.52,0.01,0.02,0.04,0.0,Nov,2,2,1,10,Returning_Visitor,False,False
3,0.0,0,0.0,1,10.0,0.0,0.1,1.1,0.0,Mar,3,2,3,9,Returning_Visitor,True,False
0,0.0,0,1.84,13,1180.62,0.0,0.02,0.18,0.0,Nov,2,2,7,2,New_Visitor,False,False
0,0.0,0,2.62,6,204.64,0.0,0.03,0.0,0.0,May,2,2,1,1,Returning_Visitor,False,False
6,145.63,0,2.97,49,952.29,0.0,0.02,38.43,0.0,Nov,2,2,1,2,Returning_Visitor,False,True
0,0.0,0,0.0,6,138.03,0.0,0.03,0.0,0.0,Mar,2,2,1,2,Returning_Visitor,False,False
3,8.08,2,26.67,46,1783.12,0.0,0.01,0.0,0.0,May,1,1,2,4,Returning_Visitor,False,False
0,0.0,0,0.0,15,296.0,0.0,0.04,0.04,0.0,Mar,2,5,2,1,Returning_Visitor,False,False
3,23.0,0,0.0,30,1552.76,0.0,0.01,50.66,0.01,Nov,4,1,7,3,Returning_Visitor,False,False
0,0.0,0,0.0,24,612.21,0.02,0.03,0.23,0.0,Mar,3,2,3,10,Returning_Visitor,False,False
0,0.0,0,0.0,5,41.0,0.04,0.08,0.07,0.0,Dec,2,5,1,1,Returning_Visitor,False,False
1,65.48,3,97.8,32,1213.65,0.01,0.02,1.27,0.0,May,2,2,3,2,Returning_Visitor,False,True
3,0.0,0,0.0,21,1051.17,0.0,0.01,0.17,0.0,Nov,1,8,2,6,New_Visitor,True,True
3,389.75,3,6.06,65,1690.79,0.0,0.03,13.66,1.0,May,2,10,1,2,Returning_Visitor,True,False
3,6.0,2,15.0,47,512.07,0.01,0.03,0.44,0.0,May,2,2,1,4,Returning_Visitor,False,False
9,6.86,0,0.0,35,1953.54,0.0,0.01,2.77,0.0,Nov,1,1,1,4,Returning_Visitor,False,False
0,1.2,0,0.0,59,1689.97,0.01,0.01,0.0,0.0,Mar,1,1,1,2,Returning_Visitor,False,False
0,0.0,0,0.0,17,1659.68,0.03,0.01,61.07,0.0,Nov,2,2,5,2,New_Visitor,False,True
0,0.0,0,3.01,10,22.5,0.08,0.06,0.04,0.4,May,2,5,1,3,Returning_Visitor,False,False
7,143.1,0,0.0,49,2653.2,0.02,0.03,0.0,0.0,Aug,2,2,2,1,Returning_Visitor,False,False
5,141.08,0,0.0,6,264.32,0.0,0.02,0.0,0.0,Dec,2,2,1,8,New_Visitor,True,False
0,0.0,0,0.0,8,833.75,0.01,0.04,0.0,0.0,Dec,3,5,1,3,Returning_Visitor,False,False
0,32.2,2,28.2,23,934.32,0.0,0.02,11.28,0.01,Aug,2,2,5,4,Returning_Visitor,False,False
3,38.3,0,0.0,18,929.2,0.0,0.01,0.0,0.0,Jul,2,2,7,2,Returning_Visitor,True,False
3,9.0,4,86.0,26,1661.82,0.0,0.01,3.36,0.0,May,2,2,1,4,Returning_Visitor,False,False
3,25.5,0,0.0,14,122.67,0.0,0.01,0.23,0.0,Nov,1,1,1,8,New_Visitor,True,False
0,0.0,0,0.0,27,1065.45,0.0,0.01,0.0,0.0,Nov,2,2,3,2,New_Visitor,False,False
0,0.0,0,0.0,11,474.33,0.0,0.01,0.0,0.0,Dec,1,1,3,3,Returning_Visitor,False,False
3,98.0,0,0.0,39,1702.18,0.01,0.01,0.0,0.0,Dec,2,2,1,2,Returning_Visitor,False,False
3,141.13,0,0.0,31,835.58,0.0,0.01,47.45,0.0,Nov,2,2,1,10,Returning_Visitor,False,True
0,0.0,0,7.38,39,1438.72,0.0,0.03,0.0,0.0,May,4,2,3,2,Returning_Visitor,False,False
11,67.77,0,0.0,45,4251.21,0.0,0.01,14.67,0.0,May,2,2,1,2,Returning_Visitor,False,True
2,138.67,0,4.98,15,1106.0,0.01,0.04,0.0,0.0,Dec,2,2,4,1,Returning_Visitor,False,False
2,216.6,0,0.0,49,937.87,0.04,0.06,0.0,0.0,Jul,3,2,6,1,Returning_Visitor,True,False
7,63.79,0,0.0,42,10278.9,0.02,0.06,14.4,0.0,Oct,2,2,3,3,Returning_Visitor,False,False
0,0.0,0,0.0,5,883.6,0.0,0.01,125.89,0.0,Nov,2,2,4,2,Returning_Visitor,True,True
0,0.0,0,1.65,4,0.0,0.2,0.2,0.08,0.0,Nov,2,2,1,1,Returning_Visitor,False,False
0,0.69,0,0.0,5,242.2,0.08,0.06,0.04,0.0,May,2,2,1,1,Returning_Visitor,False,False
0,0.66,0,0.0,17,1673.65,0.04,0.05,0.01,0.06,May,3,2,3,4,Returning_Visitor,False,False
0,0.0,0,3.87,16,316.0,0.01,0.04,0.11,0.0,Nov,1,8,9,2,Returning_Visitor,False,False
0,0.0,0,4.27,11,1709.75,0.01,0.05,0.0,0.01,Mar,2,2,4,2,Returning_Visitor,False,False
3,33.5,0,0.0,37,1702.92,0.0,0.01,0.0,0.0,Nov,2,2,3,2,New_Visitor,False,False
0,1.37,0,0.0,14,298.65,0.0,0.03,0.0,0.01,May,2,2,6,6,Returning_Visitor,True,False
1,62.13,0,4.79,79,1696.69,0.0,0.02,4.13,0.0,Oct,2,4,3,2,Returning_Visitor,False,True
9,23.64,1,52.4,33,501.07,0.0,0.04,0.0,0.01,Aug,1,2,1,3,Returning_Visitor,False,True
4,34.83,2,33.75,46,929.08,0.01,0.02,34.29,0.0,Dec,2,2,1,2,Returning_Visitor,False,True
0,0.0,0,0.0,1,0.0,0.2,0.18,0.24,0.01,Mar,3,2,3,3,Returning_Visitor,False,False
1,0.0,0,0.0,62,4391.67,0.01,0.03,2.38,0.01,June,2,10,3,4,Returning_Visitor,False,False
2,81.84,0,0.0,29,1846.64,0.01,0.04,0.0,0.0,May,3,2,8,6,Returning_Visitor,False,False
3,25.0,0,0.0,5,40.0,0.07,0.08,0.0,0.6,May,2,2,1,1,Returning_Visitor,False,False
0,0.0,0,0.0,21,1269.45,0.03,0.06,0.06,0.0,Dec,1,2,1,1,Returning_Visitor,True,False
3,131.33,1,4.0,95,2107.58,0.0,0.0,0.0,0.0,May,2,2,9,4,Returning_Visitor,True,False
0,0.76,0,0.0,7,65.0,0.11,0.18,0.0,0.0,May,3,2,1,1,Returning_Visitor,False,False
0,3.93,0,1.58,4,38.3,0.01,0.07,0.12,0.0,Nov,1,1,9,2,Returning_Visitor,False,False
0,0.0,0,3.73,25,319.33,0.0,0.03,0.17,0.02,May,2,5,5,1,Returning_Visitor,False,True
3,110.21,2,14.45,49,4310.77,0.0,0.01,0.0,0.0,Dec,2,2,1,2,Returning_Visitor,False,False
11,114.43,2,72.5,80,1552.5,0.0,0.01,37.58,0.0,May,2,2,1,2,Returning_Visitor,False,False
2,137.55,0,3.62,49,1624.32,0.0,0.03,0.0,0.0,Mar,1,1,2,2,Returning_Visitor,False,False
6,72.33,1,291.2,47,4100.26,0.0,0.03,18.43,0.0,May,1,1,1,2,Returning_Visitor,False,False
3,0.0,0,0.0,35,586.38,0.02,0.05,0.31,0.0,Nov,2,2,1,3,Returning_Visitor,False,False
0,0.0,0,1.72,5,50.5,0.0,0.04,0.0,0.0,Mar,2,2,1,1,Returning_Visitor,True,False
3,57.0,0,102.11,15,553.17,0.0,0.01,0.0,0.0,May,3,2,1,1,Returning_Visitor,False,False
0,0.0,0,0.0,23,1691.74,0.0,0.03,0.76,0.0,May,2,5,5,1,Returning_Visitor,False,False
1,16.41,0,4.33,9,924.61,0.03,0.02,0.0,0.0,Sep,2,2,1,1,Returning_Visitor,False,False
3,140.4,0,0.0,19,386.85,0.0,0.01,0.0,0.0,May,3,2,3,6,Returning_Visitor,False,False
0,0.0,0,1.67,1,0.0,0.16,0.2,0.27,0.01,May,1,8,4,1,Returning_Visitor,False,False
10,135.31,2,344.63,96,1718.12,0.0,0.01,0.0,0.01,Nov,3,2,1,2,Returning_Visitor,True,False
0,0.0,0,3.77,6,70.83,0.0,0.02,0.0,0.0,Mar,2,2,8,2,Returning_Visitor,False,False
0,1.96,0,2.39,13,208.96,0.02,0.03,0.0,0.0,Dec,1,1,8,1,Returning_Visitor,True,False
0,0.0,0,0.0,17,601.03,0.02,0.05,18.87,0.0,Aug,3,2,3,3,Returning_Visitor,False,True
0,0.0,0,0.0,45,301.5,0.03,0.06,0.0,0.8,May,3,2,1,3,Returning_Visitor,False,False
0,0.0,1,2.92,12,101.0,0.13,0.16,0.0,0.6,May,3,2,1,13,Returning_Visitor,False,False
3,98.83,1,0.0,34,1644.86,0.0,0.03,0.18,0.0,May,2,2,1,1,Returning_Visitor,False,False
0,0.0,0,2.78,10,1703.39,0.0,0.01,0.0,0.6,May,2,2,4,1,Returning_Visitor,False,False
0,0.0,0,0.0,29,1711.85,0.0,0.03,0.04,0.01,Nov,3,2,1,3,Returning_Visitor,False,False
0,0.0,1,85.0,2,1278.51,0.01,0.04,0.0,0.4,May,1,2,8,1,Returning_Visitor,False,False
3,135.04,0,0.0,11,2038.0,0.0,0.02,0.0,0.0,May,2,2,8,3,New_Visitor,False,False
0,0.0,0,0.0,4,228.75,0.04,0.06,11.21,0.0,Nov,1,1,6,2,Returning_Visitor,False,True
0,0.0,0,0.0,14,124.75,0.04,0.03,0.29,0.0,Dec,2,6,4,2,Returning_Visitor,False,False
1,27.0,1,0.0,4,480.23,0.0,0.03,0.0,0.02,May,1,1,1,4,Returning_Visitor,False,False
0,0.0,0,0.0,31,1144.97,0.01,0.01,58.62,0.0,Dec,2,2,7,2,New_Visitor,False,True
1,0.0,1,36.5,46,318.25,0.01,0.05,17.96,0.01,Nov,2,2,1,3,Returning_Visitor,False,True
0,0.0,0,0.0,12,303.5,0.02,0.02,0.0,0.0,Dec,1,1,7,2,Returning_Visitor,True,False
0,11.0,0,0.0,12,91.75,0.0,0.04,0.0,0.0,Nov,1,1,1,3,Returning_Visitor,False,False
3,0.75,2,18.4,46,853.85,0.0,0.01,11.5,0.01,Oct,3,2,3,2,Returning_Visitor,True,False
4,152.0,0,0.0,2,44.5,0.01,0.02,0.75,0.0,Dec,1,1,2,2,New_Visitor,False,False
3,319.4,1,251.8,53,2525.31,0.0,0.01,52.98,0.01,May,2,2,9,2,Returning_Visitor,False,True
0,1.15,0,0.0,38,1680.45,0.0,0.01,0.0,0.0,Mar,1,1,1,1,Returning_Visitor,False,False
3,134.0,0,0.0,8,252.42,0.0,0.03,0.0,0.0,May,2,2,7,2,Returning_Visitor,False,False
0,3.53,0,1.98,2,0.0,0.2,0.2,0.0,0.0,Aug,1,1,3,1,Returning_Visitor,False,False
0,0.0,0,0.0,11,0.0,0.2,0.18,0.0,0.0,Mar,1,1,8,1,Returning_Visitor,False,False
1,216.75,0,0.0,39,1527.17,0.01,0.03,0.0,0.0,May,2,2,1,6,Returning_Visitor,False,False
3,226.95,0,0.0,57,4895.02,0.0,0.02,0.05,0.0,May,2,2,1,13,Returning_Visitor,False,False
6,145.31,0,0.0,46,1693.8,0.0,0.01,0.0,0.0,Dec,3,2,3,2,Returning_Visitor,False,False
3,16.0,3,86.0,15,2773.5,0.0,0.03,78.81,0.0,Dec,2,2,1,2,Returning_Visitor,False,True
3,61.24,2,10.0,12,401.95,0.0,0.03,0.0,0.0,May,1,1,1,3,Returning_Visitor,False,False
0,0.0,0,0.0,39,1262.65,0.01,0.01,0.0,0.0,Nov,3,2,2,10,Returning_Visitor,False,True
0,0.0,0,0.0,1,0.0,0.2,0.2,0.0,0.0,Dec,3,2,1,13,Returning_Visitor,False,False
13,120.17,3,141.88,47,1293.65,0.0,0.02,1.48,0.06,May,2,2,1,1,Returning_Visitor,True,False
0,1.06,0,10.04,18,1456.92,0.01,0.03,0.0,0.01,Dec,3,3,3,2,Returning_Visitor,False,False
3,54.4,0,0.0,6,206.27,0.0,0.01,0.0,0.0,Oct,1,1,7,3,New_Visitor,False,False
3,9.82,0,0.0,27,9951.87,0.0,0.01,1.56,1.0,Nov,2,2,7,20,Returning_Visitor,True,False
1,0.0,0,0.0,12,482.5,0.0,0.06,0.0,1.0,May,1,2,9,4,Returning_Visitor,True,False
3,0.0,0,0.0,19,1641.54,0.0,0.01,0.1,0.0,Mar,2,4,1,3,Returning_Visitor,True,False
0,1.47,0,4.19,3,0.0,0.17,0.2,0.18,0.01,Mar,2,2,5,1,Returning_Visitor,False,False
6,145.0,0,0.0,12,644.0,0.0,0.01,1.51,0.0,Mar,2,2,1,10,Returning_Visitor,False,False
0,0.88,0,2.99,1,997.08,0.07,0.08,0.0,0.0,May,1,1,3,2,Returning_Visitor,True,False
0,0.0,0,1.6,2,207.47,0.0,0.1,0.0,0.0,Mar,2,2,8,1,Returning_Visitor,False,False
0,2.58,1,0.0,24,228.0,0.0,0.03,0.0,0.0,Nov,1,1,6,3,Returning_Visitor,False,False
9,102.87,3,339.5,29,693.25,0.03,0.01,0.04,0.0,Dec,2,10,1,2,Returning_Visitor,False,True
0,0.0,0,0.0,11,194.5,0.04,0.07,0.03,0.0,Nov,2,5,3,1,Returning_Visitor,False,False
1,0.0,0,0.0,10,455.0,0.0,0.02,25.75,0.0,Dec,1,1,2,2,New_Visitor,False,True
0,0.0,0,0.0,4,104.0,0.0,0.05,8.01,0.01,May,2,10,2,2,Returning_Visitor,False,False
5,168.0,0,0.0,31,1239.08,0.0,0.02,0.0,0.0,May,3,2,6,13,Returning_Visitor,False,False
0,12.01,0,0.0,4,61.5,0.0,0.1,0.0,0.01,Dec,3,2,3,8,New_Visitor,False,False
3,148.67,0,0.0,46,1135.97,0.03,0.05,25.62,0.8,May,3,2,1,13,Returning_Visitor,False,False
2,81.6,0,2.97,1,130.66,0.0,0.06,0.0,0.0,Oct,3,2,3,5,New_Visitor,False,True
9,137.35,1,0.0,26,186.4,0.0,0.03,0.0,0.0,Nov,2,2,1,20,Returning_Visitor,False,False
0,0.0,0,0.0,2,130.0,0.0,0.05,0.0,0.0,May,4,1,1,3,Returning_Visitor,False,False
11,179.27,0,0.0,47,5276.59,0.0,0.01,17.54,0.0,May,2,2,4,2,Returning_Visitor,True,False
2,162.0,0,0.0,7,197.98,0.0,0.02,0.0,0.0,May,1,1,8,2,New_Visitor,False,False
1,265.04,1,0.0,38,1712.78,0.01,0.04,0.0,0.0,Aug,2,2,8,1,Returning_Visitor,False,False
3,412.0,0,0.0,54,1695.42,0.0,0.01,0.0,0.0,Mar,1,1,2,10,Returning_Visitor,False,False
0,0.0,0,0.0,3,104.7,0.2,0.18,0.11,0.0,Nov,2,2,1,13,Returning_Visitor,False,False
0,1.33,0,0.0,2,14.0,0.0,0.1,0.0,0.0,May,2,2,1,1,Returning_Visitor,False,False
0,0.0,0,2.81,14,419.38,0.04,0.08,0.0,0.0,Nov,2,2,8,1,Returning_Visitor,False,False
0,0.0,0,0.0,68,3357.34,0.02,0.03,0.0,0.46,May,3,2,6,2,Returning_Visitor,True,False
16,70.99,0,0.0,30,908.01,0.03,0.02,4.37,0.0,May,2,2,1,2,Returning_Visitor,False,True
4,157.0,0,0.0,20,1665.62,0.0,0.01,4.85,0.0,Dec,2,2,1,2,Returning_Visitor,False,True
1,38.0,0,0.0,29,986.83,0.01,0.04,0.39,0.0,May,2,4,3,4,Returning_Visitor,False,False
0,0.0,0,2.38,10,0.0,0.2,0.2,0.0,0.0,Nov,1,1,9,2,Returning_Visitor,False,False
0,0.0,2,6.0,50,3831.1,0.0,0.02,0.14,0.0,Nov,2,2,1,10,Returning_Visitor,False,False
1,14.0,1,19.0,49,1553.96,0.01,0.02,8.93,0.0,May,2,2,9,3,Returning_Visitor,False,True
4,52.5,0,0.0,12,234.4,0.0,0.01,0.0,0.0,Oct,2,2,1,2,New_Visitor,False,False
1,75.17,0,0.0,45,1173.42,0.0,0.0,21.42,0.0,May,3,2,8,11,New_Visitor,False,True
1,1.01,2,15.0,29,1766.86,0.0,0.01,12.84,0.8,May,3,2,4,3,Returning_Visitor,False,False
2,109.32,2,100.2,46,1708.48,0.03,0.04,0.0,0.0,Nov,2,2,2,2,Returning_Visitor,False,False
3,167.0,0,0.0,71,1445.46,0.0,0.02,12.31,0.0,Nov,3,2,1,10,Returning_Visitor,False,True
1,46.5,0,0.0,40,1472.81,0.02,0.03,9.47,0.0,Nov,1,1,1,3,Returning_Visitor,False,True
0,0.0,0,0.0,7,265.09,0.03,0.06,0.19,0.0,Dec,2,2,4,2,Returning_Visitor,False,True
4,2.7,0,0.0,47,483.3,0.02,0.03,5.47,1.0,May,2,2,1,6,Returning_Visitor,True,False
0,0.0,0,10.14,13,88.0,0.12,0.17,0.0,0.6,May,3,2,1,3,Returning_Visitor,False,False
0,0.0,0,5.35,14,236.62,0.02,0.06,0.0,0.0,Feb,1,1,1,2,Returning_Visitor,False,False
5,243.0,0,0.0,19,500.79,0.0,0.02,0.0,0.01,May,1,1,1,4,Returning_Visitor,False,False
5,110.75,0,0.0,12,146.75,0.0,0.02,0.0,0.0,Nov,1,1,1,3,Returning_Visitor,False,False
0,0.0,0,2.13,17,559.75,0.0,0.02,0.0,0.0,Nov,1,1,3,3,Returning_Visitor,False,False
4,99.5,0,0.0,49,1630.92,0.0,0.02,12.53,0.0,Nov,1,1,1,3,Returning_Visitor,False,True
0,0.0,0,3.14,19,1138.79,0.0,0.01,0.1,0.0,Aug,2,4,3,2,Returning_Visitor,False,False
0,0.0,0,0.0,7,40.58,0.04,0.1,0.0,0.0,May,3,2,1,3,Returning_Visitor,True,False
1,0.0,0,4.26,21,497.88,0.0,0.03,11.48,0.0,Nov,2,2,1,2,Returning_Visitor,False,True
0,0.0,0,0.0,56,2633.87,0.0,0.02,0.09,0.0,Mar,2,5,1,1,Returning_Visitor,False,False
1,124.44,0,7.16,11,613.9,0.0,0.03,3.73,0.0,Dec,2,2,1,2,Returning_Visitor,False,False
0,0.82,0,0.0,2,283.4,0.0,0.1,0.0,0.0,Feb,2,2,1,2,Returning_Visitor,False,False
2,56.4,0,0.0,49,3166.33,0.0,0.01,4.86,0.0,Sep,2,2,2,1,Returning_Visitor,True,False
1,56.0,0,4.1,17,1687.91,0.03,0.06,0.0,0.0,May,3,2,4,3,Returning_Visitor,False,False
6,315.17,1,85.0,10,663.66,0.01,0.03,0.04,0.0,Mar,3,2,2,2,Returning_Visitor,True,True
0,0.0,0,5.92,45,3564.59,0.02,0.05,0.0,0.0,Aug,3,2,4,2,Returning_Visitor,False,False
3,55.7,0,2.43,49,1073.68,0.0,0.01,0.99,0.0,Nov,2,2,2,1,Returning_Visitor,False,False
4,71.33,0,0.0,21,295.33,0.0,0.02,0.14,0.0,Jul,2,2,3,2,Returning_Visitor,True,True
3,132.0,0,0.0,7,1413.33,0.04,0.03,0.0,0.0,Mar,3,2,7,8,Returning_Visitor,False,False
3,250.5,0,0.0,1,395.93,0.0,0.1,0.0,0.0,Nov,2,2,9,13,Returning_Visitor,False,False
0,0.0,0,0.0,2,191.24,0.0,0.1,0.0,0.0,Mar,2,2,1,1,Returning_Visitor,True,False
0,0.0,0,26.0,15,1593.14,0.03,0.05,0.0,0.0,Mar,2,2,6,1,Returning_Visitor,False,False
0,0.0,0,3.25,24,381.36,0.01,0.02,0.0,0.0,Dec,2,2,1,1,Returning_Visitor,False,False
0,0.0,0,4.93,29,1266.11,0.0,0.0,0.0,0.0,Dec,3,2,6,2,Returning_Visitor,True,False
0,5.8,0,0.0,24,1476.02,0.01,0.02,0.0,0.0,Sep,2,2,8,2,Returning_Visitor,False,False
0,0.0,0,0.0,19,583.17,0.0,0.03,0.05,0.04,May,2,4,1,3,Returning_Visitor,False,False
3,145.57,0,0.0,68,2593.74,0.0,0.02,0.52,0.01,Mar,2,2,4,8,Returning_Visitor,False,False
0,0.0,0,1.52,1,0.0,0.2,0.16,0.0,0.0,Dec,3,2,1,1,Returning_Visitor,False,False
1,7.0,0,0.0,50,1651.05,0.02,0.03,0.0,0.0,Nov,3,2,3,3,Returning_Visitor,False,False
1,227.6,0,0.0,27,1301.3,0.02,0.02,5.9,0.01,Aug,2,2,1,3,Returning_Visitor,False,False
0,0.0,0,0.0,6,63.83,0.13,0.17,0.0,0.0,Mar,2,2,1,3,Returning_Visitor,False,False
2,222.5,0,0.0,23,1183.9,0.04,0.06,0.0,0.0,Dec,2,2,6,2,Returning_Visitor,False,False
3,144.41,0,0.0,48,1254.0,0.0,0.02,0.46,0.0,Nov,3,2,7,2,New_Visitor,True,False
0,0.0,0,0.0,3,333.0,0.0,0.07,0.0,0.0,Mar,2,2,2,1,Returning_Visitor,True,False
0,0.0,0,0.0,4,55.0,0.0,0.05,0.03,0.0,Mar,2,2,1,1,Returning_Visitor,False,False
0,0.0,0,1.58,1,0.0,0.16,0.2,0.36,0.02,June,2,8,4,4,Returning_Visitor,True,False
0,0.0,1,6.54,7,103.52,0.0,0.0,0.31,0.0,Nov,3,2,8,1,Returning_Visitor,True,False
11,631.42,5,1037.15,45,21672.24,0.0,0.01,9.13,0.0,May,2,2,1,2,Returning_Visitor,False,True
7,142.35,0,0.0,96,4803.83,0.01,0.03,0.0,0.0,Nov,3,2,3,2,Returning_Visitor,True,False
2,118.06,0,0.0,8,494.71,0.0,0.02,0.0,0.0,Oct,4,1,1,5,New_Visitor,False,False
3,147.79,2,212.61,49,1246.12,0.01,0.03,11.28,0.0,Nov,3,2,1,3,Returning_Visitor,True,False
0,6.81,0,0.0,29,5198.53,0.01,0.02,0.0,0.0,Nov,2,2,2,2,Returning_Visitor,False,False
0,0.0,0,0.0,15,221.0,0.0,0.04,0.08,0.01,May,2,2,1,1,Returning_Visitor,False,False
8,289.0,0,0.0,48,5107.04,0.02,0.04,8.3,0.0,Aug,2,2,2,1,Returning_Visitor,False,False
9,186.67,0,0.0,73,1606.31,0.01,0.02,0.0,0.0,Nov,3,2,1,2,Returning_Visitor,True,False
3,119.0,0,0.0,41,1282.5,0.0,0.01,0.16,0.0,Mar,2,2,2,2,New_Visitor,False,False
0,0.72,0,1.5,3,161.0,0.0,0.07,0.0,0.0,Mar,2,2,1,1,Returning_Visitor,False,False
2,112.36,0,0.0,14,242.0,0.02,0.05,0.0,0.0,May,2,2,4,11,Returning_Visitor,False,False
0,0.0,0,2.02,3,84.54,0.07,0.13,0.0,0.0,Mar,2,2,7,1,Returning_Visitor,False,False
0,0.0,5,53.83,48,1603.25,0.0,0.03,0.0,0.0,Nov,2,2,4,2,Returning_Visitor,False,False
0,0.0,0,0.0,13,416.58,0.0,0.04,0.0,0.0,Dec,1,1,3,2,Returning_Visitor,False,False
3,124.75,7,475.2,48,393.41,0.03,0.03,0.0,0.0,May,2,2,4,2,Returning_Visitor,False,True
1,18.0,0,0.0,15,272.33,0.0,0.04,0.0,0.6,May,2,2,3,3,Returning_Visitor,False,False
0,0.0,0,0.0,3,46.69,0.07,0.06,0.0,0.6,May,1,1,3,3,Returning_Visitor,False,False
3,36.0,0,2.41,34,2240.17,0.01,0.06,0.0,0.6,May,1,1,1,4,Returning_Visitor,False,False
5,523.92,2,21.0,49,439.52,0.0,0.02,0.09,0.0,Mar,2,2,7,2,Returning_Visitor,False,False
6,281.33,3,108.0,11,562.67,0.0,0.01,0.0,0.6,Nov,1,1,1,2,New_Visitor,False,False
3,120.9,0,0.0,7,534.0,0.0,0.03,0.0,0.0,Mar,2,2,7,2,Returning_Visitor,False,False
7,190.26,4,195.0,124,3197.29,0.01,0.02,7.06,0.0,May,3,2,6,2,Returning_Visitor,True,False
14,484.46,2,14.0,33,898.49,0.0,0.03,0.1,0.0,Sep,1,8,1,2,Returning_Visitor,False,False
0,0.0,0,3.66,1,50.04,0.2,0.2,0.45,0.0,May,1,1,3,15,Returning_Visitor,False,False
6,144.34,0,4.67,21,585.39,0.0,0.01,0.1,0.0,Dec,2,2,4,2,New_Visitor,False,True
0,0.0,2,5.0,5,122.4,0.03,0.04,0.0,0.0,Jul,3,2,2,4,Returning_Visitor,True,False
0,0.0,0,3.76,4,8.0,0.14,0.13,0.11,0.0,Mar,2,4,1,3,Returning_Visitor,False,False
6,202.4,1,0.0,22,2006.05,0.0,0.03,22.65,0.0,Nov,3,2,1,2,Returning_Visitor,False,False
11,14.73,2,160.4,40,489.15,0.01,0.02,0.0,0.0,May,3,2,3,5,Returning_Visitor,True,False
5,142.75,0,0.0,36,1792.8,0.0,0.0,0.0,0.0,Mar,2,2,1,10,Returning_Visitor,False,False
0,0.0,0,6.36,59,2516.83,0.03,0.05,7.73,0.44,May,2,2,3,13,Returning_Visitor,False,False
0,0.0,0,0.0,27,1206.0,0.02,0.03,0.12,0.0,Mar,2,2,1,1,Returning_Visitor,False,False
0,0.75,0,0.0,8,863.33,0.0,0.01,0.05,0.0,Mar,2,2,4,2,Returning_Visitor,True,False
3,238.4,0,0.0,8,132.23,0.0,0.01,1.54,0.0,May,3,2,1,18,Returning_Visitor,False,False
1,49.5,0,0.0,14,207.54,0.0,0.02,0.8,0.0,Dec,2,4,1,2,New_Visitor,False,False
0,0.0,0,0.0,35,897.67,0.0,0.03,5.22,0.0,May,3,2,2,3,Returning_Visitor,False,True
0,0.0,0,0.0,4,95.0,0.01,0.05,1.36,0.0,Dec,2,4,9,2,Other,False,False
0,0.0,0,0.0,8,219.0,0.0,0.03,0.1,0.0,Dec,2,1,1,2,Returning_Visitor,False,False
2,143.95,0,0.0,7,199.83,0.0,0.02,0.0,0.0,Dec,2,2,1,2,Returning_Visitor,False,False
0,0.0,0,4.66,48,1287.0,0.0,0.02,0.0,0.4,May,4,2,3,13,Returning_Visitor,False,False
0,1.03,0,0.0,3,164.57,0.0,0.06,0.0,0.0,Mar,2,2,1,10,Returning_Visitor,False,False
2,133.46,0,0.0,45,1711.33,0.0,0.01,0.0,0.0,May,2,2,1,1,Returning_Visitor,False,False
3,138.26,0,0.0,17,750.17,0.0,0.01,0.0,0.0,Mar,3,2,7,2,Returning_Visitor,False,False
5,145.39,0,0.0,24,1392.49,0.04,0.06,0.0,0.0,Mar,3,2,2,1,Returning_Visitor,True,False
1,4.0,0,4.35,22,2706.38,0.02,0.04,0.0,0.0,Nov,4,2,1,2,Returning_Visitor,False,False
3,87.84,3,215.0,33,1887.69,0.02,0.03,11.69,0.0,May,3,2,1,13,Returning_Visitor,False,True
0,0.0,0,0.0,23,1652.49,0.0,0.02,0.2,0.0,Dec,1,2,3,8,New_Visitor,False,False
1,18.08,0,0.0,49,641.69,0.02,0.06,0.0,0.0,Nov,3,2,1,13,Returning_Visitor,False,False
0,0.0,0,3.17,7,701.0,0.0,0.06,0.0,0.04,May,2,5,1,2,Returning_Visitor,False,False
2,144.65,0,0.0,5,396.17,0.0,0.01,0.0,0.0,Dec,3,2,5,10,Returning_Visitor,False,False
3,143.53,0,14.34,26,1332.7,0.05,0.05,5.47,0.0,Dec,3,2,3,2,Returning_Visitor,False,False
3,135.88,1,395.0,12,343.58,0.0,0.02,0.0,0.0,Mar,2,2,1,2,New_Visitor,False,False
3,80.0,1,21.0,41,1691.12,0.0,0.02,6.53,0.0,May,2,2,1,13,Returning_Visitor,False,False
11,28.17,4,67.5,43,6630.48,0.0,0.01,0.0,0.0,May,3,2,1,3,Returning_Visitor,False,True
1,12.07,0,0.0,48,591.26,0.0,0.01,0.12,0.0,Sep,2,2,1,2,Returning_Visitor,False,True
4,1946.0,0,0.0,48,731.0,0.0,0.01,0.0,0.0,Dec,2,2,4,2,New_Visitor,True,False
7,159.33,0,0.0,24,520.67,0.0,0.01,0.03,0.0,Mar,2,2,1,3,New_Visitor,True,False
0,0.0,0,2.9,2,17.0,0.0,0.1,0.57,0.0,Nov,4,2,4,10,Returning_Visitor,False,False
0,3.34,0,0.0,5,35.2,0.0,0.1,0.0,0.0,May,2,2,2,3,Returning_Visitor,True,False
0,0.0,0,0.0,49,3559.38,0.01,0.02,0.0,0.0,Nov,2,2,1,2,Returning_Visitor,False,False
0,0.79,0,2.73,2,60.5,0.0,0.1,0.03,0.01,Mar,2,2,1,2,Returning_Visitor,False,False
0,0.0,0,0.0,20,1721.78,0.0,0.01,57.39,0.0,Oct,2,2,4,2,Returning_Visitor,True,True
3,32.83,1,13.25,58,1470.63,0.01,0.02,0.29,0.0,Nov,3,2,1,1,Returning_Visitor,True,False
0,0.0,0,0.0,12,143.75,0.08,0.09,0.0,0.6,May,3,2,1,13,Returning_Visitor,False,False
0,0.0,0,0.0,2,40.62,0.0,0.06,0.0,0.0,May,3,2,3,3,Returning_Visitor,False,False
0,0.76,0,0.0,24,1711.23,0.0,0.01,0.0,0.0,Nov,2,2,3,10,Returning_Visitor,False,False
0,0.0,0,4.2,49,1668.89,0.0,0.01,0.0,0.0,Nov,2,2,1,3,Returning_Visitor,False,False
0,0.0,0,2.09,6,45.14,0.0,0.07,0.14,0.0,Dec,1,1,7,2,Returning_Visitor,False,False
1,3.05,0,0.0,0,0.0,0.2,0.2,0.0,0.0,Nov,1,1,4,8,Returning_Visitor,False,False
6,36.0,0,0.0,13,231.85,0.05,0.05,0.6,0.0,Nov,3,2,3,1,Returning_Visitor,True,False
2,90.0,0,0.0,22,650.67,0.05,0.05,0.0,0.0,May,2,2,4,1,Returning_Visitor,False,False
3,187.27,1,17.0,48,2121.3,0.0,0.04,4.87,0.04,May,2,3,3,4,Returning_Visitor,True,False
1,0.0,0,0.0,17,1245.03,0.0,0.03,0.0,0.0,Mar,4,1,1,2,Returning_Visitor,False,False
0,5.0,0,6.41,49,2492.22,0.01,0.03,0.0,0.0,Nov,3,2,1,2,Returning_Visitor,False,False
0,0.0,0,2.26,2,40.61,0.17,0.2,0.0,0.0,May,1,1,1,1,Returning_Visitor,False,False
1,46.61,0,0.0,45,1873.59,0.0,0.04,42.27,0.0,Dec,1,1,3,2,Returning_Visitor,False,False
0,0.0,1,0.0,48,1062.81,0.0,0.03,0.0,0.0,Sep,1,1,4,2,Returning_Visitor,False,False
3,122.33,0,0.0,82,3801.68,0.01,0.03,11.54,0.0,Sep,2,2,1,4,Returning_Visitor,False,False
5,246.25,1,9.0,14,548.25,0.02,0.06,1.11,0.0,May,1,1,2,2,Returning_Visitor,True,False
3,106.9,0,0.0,211,7442.39,0.01,0.04,0.0,0.01,Aug,2,2,3,13,Returning_Visitor,False,False
0,0.0,0,2.63,1,0.0,0.16,0.2,0.49,0.0,Mar,3,2,3,3,Returning_Visitor,False,False
0,0.0,0,4.79,18,521.5,0.02,0.06,0.0,0.0,May,2,2,6,6,Returning_Visitor,False,False
0,0.0,0,4.59,26,453.33,0.02,0.03,0.0,0.0,May,2,4,1,4,Returning_Visitor,False,False
0,0.0,0,1.9,1,0.0,0.2,0.2,0.0,0.0,Dec,3,2,3,2,Returning_Visitor,True,False
0,0.8,0,0.0,4,72.5,0.03,0.04,0.0,0.0,May,3,2,1,4,Returning_Visitor,False,False
0,0.0,0,2.39,5,1675.11,0.03,0.07,0.0,0.0,Mar,2,2,1,1,Returning_Visitor,False,False
3,58.4,0,0.0,46,3528.69,0.02,0.04,0.0,0.0,June,2,2,1,1,Returning_Visitor,False,False
0,0.0,0,0.0,16,242.75,0.0,0.0,0.36,0.0,May,1,8,2,4,Returning_Visitor,False,False
11,125.27,2,115.0,146,3231.85,0.0,0.02,8.6,0.0,May,2,2,1,2,Returning_Visitor,True,False
0,0.0,0,0.0,7,705.83,0.0,0.09,0.67,0.0,Dec,3,11,4,1,Returning_Visitor,False,False
3,141.07,0,0.0,14,1133.48,0.0,0.03,100.78,0.0,May,2,2,3,2,Returning_Visitor,False,True
1,1.79,3,118.0,35,7428.18,0.0,0.03,6.98,1.0,Dec,2,2,1,2,Returning_Visitor,True,False
10,110.52,0,0.0,40,3416.28,0.01,0.02,0.0,0.0,May,3,2,1,2,Returning_Visitor,False,True
0,0.0,0,1.56,21,303.6,0.09,0.12,0.0,0.6,May,3,2,1,13,Returning_Visitor,False,False
0,0.0,0,0.0,4,0.0,0.2,0.18,0.13,0.03,May,3,3,1,3,Returning_Visitor,False,False
3,108.0,0,7.25,16,448.5,0.0,0.01,0.63,0.0,May,2,6,1,1,Returning_Visitor,False,False
0,0.0,0,0.0,2,3.0,0.1,0.16,0.0,0.82,May,2,2,4,3,Returning_Visitor,False,False
0,0.0,0,4.47,11,0.0,0.2,0.16,0.0,0.8,May,3,2,1,3,Returning_Visitor,False,False
3,141.1,0,0.0,49,916.46,0.0,0.01,0.0,0.0,Dec,2,2,1,2,Returning_Visitor,False,False
0,0.0,0,0.0,9,269.7,0.0,0.03,0.0,0.0,Mar,3,2,3,10,Returning_Visitor,False,False
2,126.0,0,2.75,18,14.35,0.02,0.05,0.0,0.0,Aug,3,2,6,5,New_Visitor,True,False
9,47.15,2,23.0,15,1438.85,0.02,0.03,0.0,0.01,May,1,1,1,2,Returning_Visitor,False,False
0,0.0,0,0.0,46,4157.63,0.01,0.03,0.0,0.0,Jul,2,2,3,13,Returning_Visitor,False,False
4,143.11,0,0.0,49,839.21,0.01,0.02,12.97,0.0,Nov,1,1,1,2,Returning_Visitor,False,True
3,140.69,0,0.0,49,2520.06,0.0,0.01,40.52,0.0,Nov,2,2,1,3,Returning_Visitor,False,True
0,0.0,0,0.0,14,202.68,0.0,0.0,0.85,0.0,Mar,3,2,3,3,Returning_Visitor,False,False
6,197.8,0,0.0,49,3332.29,0.0,0.01,11.45,0.0,Nov,1,1,1,2,Returning_Visitor,False,False
1,0.0,2,46.0,9,546.0,0.0,0.02,0.11,0.0,Mar,2,6,1,2,Returning_Visitor,True,False
3,124.0,0,0.0,25,423.74,0.0,0.03,0.0,0.0,Mar,3,2,1,3,Returning_Visitor,False,False
3,1.25,0,33.0,26,631.46,0.0,0.01,0.0,0.0,May,1,1,7,2,Returning_Visitor,False,False
2,145.41,0,0.0,18,367.25,0.01,0.04,0.86,0.0,Mar,3,2,2,1,Returning_Visitor,True,False
3,0.0,0,6.57,15,383.46,0.0,0.03,0.1,0.0,Mar,2,2,2,2,Returning_Visitor,False,False
0,0.0,0,1.63,12,253.1,0.06,0.08,0.0,0.0,June,1,1,2,3,Returning_Visitor,False,False
3,0.6,0,0.0,49,548.31,0.02,0.02,0.0,0.0,Nov,3,2,7,3,Returning_Visitor,False,False
0,0.0,0,2.37,48,1900.68,0.01,0.01,0.0,0.0,Nov,1,1,3,10,Returning_Visitor,True,True
16,12.97,3,111.0,18,3492.32,0.0,0.02,86.58,0.01,May,1,1,1,3,Returning_Visitor,False,False
0,0.0,0,0.0,79,1710.35,0.02,0.04,0.0,0.0,May,2,2,1,3,Returning_Visitor,False,False
2,61.0,0,0.0,22,393.54,0.0,0.04,0.34,0.0,Mar,2,2,4,1,Returning_Visitor,False,False
0,0.0,0,0.0,5,185.0,0.0,0.04,0.0,0.0,Nov,3,2,7,2,New_Visitor,True,False
0,0.0,0,6.35,27,347.04,0.0,0.01,11.99,0.0,Mar,1,1,1,2,Returning_Visitor,True,True
3,26.75,2,89.72,62,2964.65,0.01,0.03,0.15,0.0,Dec,3,2,1,2,Returning_Visitor,False,False
0,0.0,0,3.53,49,2479.34,0.0,0.01,0.0,0.0,Nov,2,2,3,1,Returning_Visitor,False,False
0,0.0,0,3.67,3,25.0,0.07,0.13,0.0,1.0,May,3,2,3,3,Returning_Visitor,False,False
7,138.87,0,0.0,58,3441.81,0.0,0.01,0.0,0.0,Oct,2,2,1,2,Returning_Visitor,False,False
2,145.2,0,0.0,14,266.66,0.04,0.06,0.0,0.0,Sep,3,2,3,1,Returning_Visitor,False,False
7,119.57,0,0.0,49,499.61,0.0,0.03,0.0,0.0,Nov,1,1,3,8,Returning_Visitor,False,False
3,223.33,2,19.75,45,1715.56,0.0,0.02,0.0,0.0,Nov,2,2,1,2,Returning_Visitor,True,False
0,1.1,0,4.02,10,338.5,0.05,0.05,48.17,0.0,May,2,2,2,1,Returning_Visitor,False,True
3,85.0,0,0.0,11,43.5,0.0,0.05,0.0,0.0,Dec,1,2,1,8,New_Visitor,True,False
1,19.0,0,0.0,12,481.89,0.0,0.03,55.49,0.0,May,2,4,4,2,Returning_Visitor,False,True
0,0.0,0,3.45,48,2492.17,0.0,0.01,0.14,0.0,Nov,2,4,1,2,Returning_Visitor,False,False
9,6.1,4,211.0,32,2362.72,0.01,0.02,27.62,0.0,May,1,1,1,1,Returning_Visitor,False,False
3,219.0,0,0.0,17,526.33,0.02,0.04,0.0,0.0,Mar,2,1,3,1,Returning_Visitor,False,False
0,0.0,0,4.54,15,233.32,0.15,0.12,0.0,0.0,Jul,2,2,1,3,Returning_Visitor,False,False
0,0.0,1,76.84,61,1140.8,0.0,0.03,0.0,0.0,June,2,2,6,2,Returning_Visitor,False,False
0,0.82,0,3.93,20,1573.58,0.03,0.05,0.0,0.6,May,2,2,3,13,Returning_Visitor,False,False
0,7.84,0,0.0,1,314.54,0.2,0.2,0.0,1.0,May,1,1,2,3,Returning_Visitor,True,False
0,0.0,0,0.0,19,878.78,0.02,0.05,0.2,0.0,Jul,2,2,4,1,Returning_Visitor,False,False
5,129.62,1,15.0,49,389.41,0.01,0.01,0.0,0.0,Dec,3,2,1,2,Returning_Visitor,False,False
0,0.0,0,0.0,4,206.99,0.0,0.06,0.0,0.0,Mar,2,2,2,1,Returning_Visitor,False,False
0,0.0,0,2.21,10,108.0,0.04,0.07,0.17,0.2,May,1,8,1,4,Returning_Visitor,False,False
0,0.0,0,0.0,24,409.3,0.01,0.02,0.0,0.44,May,3,2,3,3,Returning_Visitor,False,False
3,101.2,3,106.8,44,4240.04,0.0,0.01,1.26,0.0,May,3,2,1,2,Returning_Visitor,False,False
0,0.0,0,0.0,25,883.98,0.02,0.03,0.0,0.0,Sep,3,2,3,4,Returning_Visitor,True,False
4,68.73,0,2.66,49,2498.87,0.0,0.01,11.33,0.0,Oct,2,2,3,2,Returning_Visitor,False,True
0,0.0,0,3.97,14,654.84,0.0,0.02,124.03,0.0,May,2,1,6,5,New_Visitor,False,True
4,144.37,0,0.0,48,1367.63,0.0,0.02,50.83,0.0,May,3,2,1,2,Returning_Visitor,True,True
3,68.0,0,3.78,8,306.0,0.0,0.01,0.0,0.0,Mar,1,1,9,3,New_Visitor,True,False
2,47.0,0,0.0,39,1743.37,0.02,0.02,0.39,0.0,Mar,3,3,2,1,Returning_Visitor,False,True
11,238.78,1,9.0,38,7972.32,0.0,0.01,21.83,0.02,Nov,2,2,1,2,Returning_Visitor,False,True
2,3.0,2,63.5,46,5250.89,0.0,0.03,0.0,0.0,Nov,2,2,1,2,Returning_Visitor,True,False
3,273.66,0,4.1,39,1392.27,0.0,0.02,14.85,0.0,Jul,3,2,2,1,Returning_Visitor,True,False
1,3.43,7,141.0,25,1644.0,0.0,0.02,22.09,0.0,Mar,2,4,1,10,Returning_Visitor,False,False
3,56.25,0,0.0,36,182.25,0.0,0.03,0.0,0.0,Nov,3,2,6,2,New_Visitor,False,False
3,142.35,0,0.0,49,933.33,0.01,0.03,1.85,0.0,May,2,2,1,13,Returning_Visitor,False,False
2,2.0,0,0.0,12,0.0,0.1,0.1,0.36,0.0,May,1,1,3,2,Returning_Visitor,True,False
1,18.5,0,0.0,12,208.0,0.05,0.08,0.0,0.0,Mar,2,2,4,1,Returning_Visitor,False,False
5,121.43,1,6.11,16,792.75,0.0,0.01,38.41,0.0,Nov,2,2,1,3,Returning_Visitor,False,False
7,250.33,0,0.0,7,212.3,0.0,0.02,0.0,0.0,Mar,2,2,1,2,New_Visitor,True,False
0,0.0,0,0.0,1,0.0,0.11,0.2,0.11,0.0,Nov,2,5,1,1,Returning_Visitor,True,False
0,0.0,0,0.0,4,129.5,0.01,0.05,1.28,0.0,Dec,2,13,9,2,Other,False,False
3,68.75,0,0.0,23,585.65,0.0,0.01,0.0,0.0,Mar,8,1,2,2,New_Visitor,True,False
3,88.0,0,0.0,49,1106.33,0.03,0.05,0.0,0.0,Mar,1,1,3,3,Returning_Visitor,False,False
0,0.0,0,0.0,5,880.51,0.0,0.02,0.0,0.0,Dec,2,1,2,1,Returning_Visitor,True,False
0,1.72,0,4.81,15,212.8,0.02,0.04,0.0,0.0,Mar,1,1,3,1,Returning_Visitor,False,False
1,90.0,0,0.0,47,924.03,0.01,0.05,0.0,0.0,Nov,2,2,1,11,Returning_Visitor,False,False
1,0.0,0,5.36,3,203.61,0.0,0.06,0.0,0.0,Nov,4,1,1,2,Returning_Visitor,False,False
3,26.2,1,18.11,28,1321.85,0.0,0.02,0.0,0.0,Jul,1,1,1,1,Returning_Visitor,True,True
0,0.0,1,5.56,32,6203.69,0.01,0.03,0.0,0.01,Dec,2,1,1,2,New_Visitor,False,False
0,0.0,0,2.55,21,1722.28,0.01,0.02,0.0,0.0,Dec,2,4,2,1,Returning_Visitor,False,False
0,0.0,0,2.74,12,1675.18,0.0,0.0,1.31,0.0,Nov,2,4,9,5,Returning_Visitor,False,False
0,0.0,0,2.24,1,0.0,0.2,0.18,0.0,0.0,Mar,1,1,1,3,Returning_Visitor,True,False
5,193.0,1,13.0,48,2049.46,0.0,0.01,29.46,0.0,Nov,3,2,1,1,Returning_Visitor,True,False
0,0.0,0,1.94,8,332.0,0.0,0.03,14.13,0.0,Nov,1,1,4,8,New_Visitor,True,True
4,120.0,4,75.99,36,1859.08,0.01,0.02,17.25,0.0,May,2,2,2,1,Returning_Visitor,False,True
5,124.08,2,84.0,37,1599.08,0.0,0.01,0.0,0.0,Mar,2,2,4,1,Returning_Visitor,False,False
3,0.0,0,0.0,2,0.0,0.2,0.2,0.0,0.0,May,2,2,4,6,Returning_Visitor,True,False
1,129.05,1,4.99,46,1700.38,0.0,0.02,0.11,0.09,May,2,2,3,4,Returning_Visitor,False,False
1,0.0,1,46.5,22,671.87,0.02,0.02,0.0,0.0,Nov,3,2,4,2,Returning_Visitor,False,False
2,37.5,0,2.67,55,1420.47,0.0,0.01,0.0,0.07,May,1,1,3,4,Returning_Visitor,False,False
6,130.96,0,1.8,46,1737.0,0.01,0.02,23.52,0.0,Nov,1,1,6,10,Returning_Visitor,True,True
0,0.0,0,0.0,4,104.0,0.0,0.05,1.78,0.21,Feb,2,6,6,3,Returning_Visitor,False,False
0,0.0,0,5.17,20,1665.0,0.01,0.05,0.0,0.6,May,2,4,1,3,Returning_Visitor,False,False
8,116.96,4,225.37,42,539.23,0.0,0.01,0.0,0.0,Nov,1,1,1,2,New_Visitor,False,True
0,0.0,0,2.61,19,184.38,0.0,0.01,0.0,0.0,Nov,1,2,9,2,Returning_Visitor,False,False
4,87.39,2,118.8,35,835.71,0.0,0.01,33.06,0.0,May,2,2,7,2,Returning_Visitor,False,True
3,50.0,0,2.56,29,598.3,0.0,0.04,0.77,0.0,Mar,2,6,3,1,Returning_Visitor,False,False
14,17.71,0,0.0,39,5432.84,0.01,0.03,2.99,0.86,Nov,2,2,2,1,Returning_Visitor,True,False
2,62.5,0,5.12,17,548.33,0.0,0.03,0.0,0.01,Mar,2,2,1,1,Returning_Visitor,False,False
0,0.0,0,0.0,1,28.69,0.2,0.18,0.0,0.0,Nov,1,1,3,2,Returning_Visitor,False,False
0,0.0,0,0.0,17,935.25,0.0,0.01,0.0,0.0,Nov,2,2,1,2,New_Visitor,False,False
7,124.87,0,0.0,2,9.0,0.0,0.03,0.0,0.01,Sep,2,4,1,2,New_Visitor,False,False
0,0.0,0,0.0,48,1702.86,0.0,0.01,0.02,0.0,May,1,1,6,4,Returning_Visitor,False,False
0,0.71,0,2.9,7,371.0,0.0,0.02,0.14,0.0,Mar,2,2,1,10,Returning_Visitor,False,False
0,0.0,0,4.38,5,70.0,0.04,0.08,0.27,0.4,May,2,5,6,3,Returning_Visitor,False,False
0,0.0,0,0.0,30,1558.09,0.01,0.01,0.0,0.0,Nov,1,1,3,2,Returning_Visitor,True,False
0,0.0,0,0.0,9,151.5,0.0,0.03,0.0,0.8,May,2,2,1,4,Returning_Visitor,False,False
1,140.26,0,0.0,12,1673.91,0.0,0.03,11.56,0.0,May,2,2,1,4,Returning_Visitor,True,True
0,0.0,0,4.73,9,372.6,0.0,0.02,12.42,0.0,Jul,2,2,1,2,Returning_Visitor,False,True
0,0.0,0,0.0,65,3864.43,0.01,0.02,0.07,0.0,Oct,2,4,2,2,Returning_Visitor,False,False
0,0.0,0,3.01,6,208.8,0.0,0.03,0.0,0.0,May,1,1,2,2,Returning_Visitor,False,False
0,1.2,0,0.0,13,554.47,0.0,0.01,0.25,0.0,Nov,3,2,3,2,New_Visitor,True,False
0,0.0,0,0.0,5,86.53,0.0,0.07,0.0,0.0,May,1,1,7,2,Returning_Visitor,True,False
3,142.46,0,0.0,51,2156.53,0.0,0.01,11.55,0.0,Nov,2,2,1,2,Returning_Visitor,False,True
0,0.0,0,5.16,1,24.5,0.0,0.06,0.0,0.02,Dec,2,4,3,2,Returning_Visitor,False,False
9,159.92,2,47.5,53,1262.49,0.0,0.0,0.0,0.0,May,2,2,1,2,New_Visitor,True,False
2,86.4,0,0.0,49,411.39,0.01,0.04,0.54,0.0,Nov,3,2,3,3,Returning_Visitor,True,True
0,0.0,0,0.0,27,1704.01,0.0,0.01,0.0,0.0,June,2,2,1,2,Returning_Visitor,False,False
0,0.0,1,0.0,28,2743.22,0.02,0.04,1.28,0.0,Mar,3,5,2,1,Returning_Visitor,False,False
0,0.0,0,2.51,49,598.25,0.0,0.03,0.06,0.4,May,2,5,4,2,Returning_Visitor,False,False
0,0.0,0,0.0,8,188.0,0.05,0.09,0.0,0.0,Dec,1,2,2,1,Returning_Visitor,False,False
0,0.0,0,0.0,0,0.0,0.17,0.18,0.0,0.0,May,1,1,1,2,Returning_Visitor,False,False
2,178.5,2,80.88,46,1705.42,0.0,0.05,11.44,0.0,May,2,4,1,4,Returning_Visitor,False,False
2,135.81,0,0.0,22,1709.03,0.03,0.04,0.0,0.0,Dec,3,2,2,3,Returning_Visitor,False,False
3,9.5,0,0.0,25,1607.86,0.0,0.02,0.0,0.0,Mar,2,2,7,2,Returning_Visitor,False,False
1,15.2,4,104.8,31,1695.75,0.01,0.03,20.15,0.0,Nov,2,2,3,1,Returning_Visitor,False,True
3,32.7,0,0.0,6,812.35,0.02,0.04,24.16,0.01,Aug,3,2,1,2,Returning_Visitor,False,False
3,57.5,0,0.0,48,608.4,0.01,0.02,7.11,0.0,May,2,2,1,13,Returning_Visitor,False,False
0,0.0,0,0.0,31,1715.64,0.02,0.03,0.0,0.0,Nov,3,2,2,13,Returning_Visitor,True,False
10,47.64,0,0.0,48,1304.97,0.0,0.01,11.54,0.0,May,2,2,1,2,Returning_Visitor,False,False
7,133.87,0,0.0,28,829.21,0.01,0.02,17.79,0.0,Nov,1,2,3,2,Returning_Visitor,False,False
0,0.0,0,0.0,53,1713.7,0.0,0.03,0.0,0.4,May,2,2,3,6,Returning_Visitor,False,False
0,0.0,0,1.56,7,209.11,0.06,0.06,0.0,0.0,Mar,2,2,3,2,Returning_Visitor,False,False
6,277.17,2,900.5,24,1448.33,0.0,0.0,0.09,0.0,May,2,4,1,2,New_Visitor,True,False
0,0.67,0,0.0,27,1714.13,0.03,0.08,0.1,0.0,May,2,2,1,2,Returning_Visitor,False,False
0,0.0,0,4.5,87,1702.05,0.0,0.01,38.0,0.0,Dec,2,2,1,2,New_Visitor,False,True
3,100.5,0,0.0,10,332.58,0.0,0.0,0.13,0.02,Dec,2,2,9,2,Other,False,False
2,71.3,0,7.91,18,813.8,0.01,0.06,0.0,0.8,May,3,2,8,13,Returning_Visitor,False,False
2,287.5,0,12.5,9,1686.59,0.02,0.06,0.0,0.0,Oct,1,1,1,3,Returning_Visitor,False,False
6,146.26,0,0.0,49,830.1,0.0,0.02,0.0,0.0,Dec,1,1,2,2,Returning_Visitor,False,False
3,34.25,0,0.0,55,3227.48,0.0,0.02,0.0,0.0,Nov,2,2,1,13,Returning_Visitor,False,False
0,0.0,0,3.16,11,216.0,0.02,0.04,0.05,0.0,May,2,5,1,1,Returning_Visitor,False,False
0,0.0,2,59.5,40,760.88,0.02,0.04,0.0,0.0,Dec,4,2,1,2,Returning_Visitor,False,False
4,58.54,0,0.0,15,270.5,0.0,0.01,0.0,0.0,Mar,1,1,7,2,Returning_Visitor,False,False
2,7.0,0,1.98,27,559.4,0.01,0.03,0.13,0.0,Nov,1,1,3,3,Returning_Visitor,True,False
0,0.77,0,58.17,2,114.0,0.05,0.07,0.0,0.8,Feb,3,1,1,3,Returning_Visitor,False,False
3,119.03,2,696.2,37,1305.53,0.02,0.02,6.32,0.0,Aug,1,2,8,2,Returning_Visitor,True,True
6,136.56,0,0.0,59,3224.82,0.0,0.01,8.57,0.0,Mar,2,4,2,2,Returning_Visitor,True,True
0,0.9,0,0.0,1,0.0,0.2,0.2,0.0,0.0,Dec,3,2,4,11,Returning_Visitor,True,False
3,57.0,0,0.0,42,1675.68,0.0,0.01,26.98,0.0,Dec,2,2,3,1,Returning_Visitor,False,False
0,0.0,0,1.94,6,192.08,0.04,0.03,0.0,0.0,Nov,3,2,1,2,Returning_Visitor,False,False
11,524.75,3,258.62,197,6309.43,0.05,0.01,1.25,0.0,Nov,2,10,1,2,Returning_Visitor,False,True
0,0.0,0,0.0,11,168.29,0.0,0.07,0.11,0.8,May,2,2,2,4,Returning_Visitor,False,False
1,141.03,0,0.0,7,92.5,0.17,0.08,0.0,0.4,May,3,2,1,13,Returning_Visitor,False,False
0,0.98,0,5.29,20,769.5,0.0,0.05,0.0,0.0,May,2,2,1,13,Returning_Visitor,False,False
1,45.09,6,387.5,40,1379.25,0.01,0.01,0.0,0.0,Jul,2,2,4,1,Returning_Visitor,True,False
4,21.54,0,3.64,8,355.4,0.02,0.02,0.0,0.01,Nov,3,2,3,5,Returning_Visitor,False,False
0,0.0,0,0.0,16,1691.75,0.01,0.06,0.13,0.01,May,2,4,1,3,Returning_Visitor,False,False
3,36.0,0,0.0,9,205.35,0.0,0.02,0.0,0.0,Mar,2,2,1,2,New_Visitor,False,False
6,93.9,0,0.0,19,323.37,0.0,0.03,1.27,0.01,Sep,2,2,3,1,Returning_Visitor,True,False
3,0.83,0,8.69,23,1357.65,0.0,0.01,0.0,0.0,Sep,2,2,7,1,New_Visitor,False,False
0,1.34,0,0.0,10,349.11,0.02,0.02,19.33,0.0,Oct,3,2,1,20,Returning_Visitor,True,True
4,145.42,0,0.0,46,1669.77,0.0,0.01,0.0,0.0,May,3,2,4,4,Returning_Visitor,True,False
0,0.0,0,0.0,4,87.5,0.04,0.09,0.13,0.6,May,2,2,4,2,Returning_Visitor,False,False
0,1.63,0,0.0,5,305.5,0.0,0.03,0.2,0.0,Nov,2,2,1,3,Returning_Visitor,False,False
2,67.17,0,0.0,61,2495.61,0.01,0.02,0.05,0.0,Dec,2,2,3,2,Returning_Visitor,True,False
0,0.0,0,0.0,5,298.0,0.04,0.06,0.0,0.0,Nov,3,2,8,3,Returning_Visitor,False,False
0,0.69,0,1.75,6,111.67,0.0,0.06,0.0,0.0,Mar,2,2,1,1,Returning_Visitor,False,False
3,103.8,4,390.31,4,683.4,0.06,0.06,0.0,0.0,May,3,2,6,1,Returning_Visitor,False,False
0,0.0,0,3.67,45,3177.37,0.1,0.04,0.0,0.0,May,2,2,5,1,Returning_Visitor,False,False
0,0.0,0,1.76,4,209.7,0.05,0.07,0.0,0.0,May,1,1,2,3,Returning_Visitor,False,False
3,50.07,0,0.0,48,2184.48,0.0,0.01,0.0,0.0,Oct,2,2,4,4,Returning_Visitor,True,False
0,0.0,0,0.0,27,1596.7,0.02,0.03,0.58,0.6,May,1,10,3,3,Returning_Visitor,False,False
0,0.0,1,41.0,21,459.67,0.0,0.05,18.27,0.0,May,2,2,1,13,Returning_Visitor,False,True
4,26.0,0,0.0,18,727.62,0.0,0.01,0.0,0.0,May,2,2,7,3,New_Visitor,True,False
4,105.27,0,0.0,35,655.68,0.0,0.01,0.14,0.0,Nov,2,4,7,2,New_Visitor,True,False
0,0.0,0,10.09,2,115.0,0.0,0.05,0.0,0.0,Mar,3,3,1,9,Returning_Visitor,True,False
0,0.87,0,0.0,4,1819.17,0.0,0.05,0.19,0.0,Mar,1,1,1,10,Returning_Visitor,False,False
6,143.5,0,0.0,49,1904.54,0.0,0.03,0.0,0.0,Nov,1,1,1,8,Returning_Visitor,False,True
0,0.77,0,1.71,6,81.75,0.0,0.07,0.07,0.0,May,2,2,1,3,Returning_Visitor,False,True
4,117.5,3,419.0,22,1005.81,0.0,0.01,0.0,0.0,Mar,2,2,2,2,New_Visitor,True,False
0,0.0,0,0.0,31,1713.89,0.05,0.06,0.0,0.4,May,2,2,3,6,Returning_Visitor,False,False
3,91.0,2,338.0,11,451.0,0.01,0.01,7.86,0.0,Mar,2,2,1,10,New_Visitor,False,True
0,0.0,0,1.41,1,0.0,0.2,0.2,0.0,0.0,Nov,3,2,1,13,Returning_Visitor,True,False
0,0.74,0,1.41,7,232.02,0.0,0.06,0.0,0.0,Mar,2,2,3,3,Returning_Visitor,True,False
4,86.0,0,0.0,46,2450.69,0.03,0.05,0.31,0.0,Mar,1,1,3,3,Returning_Visitor,False,False
0,0.0,0,0.0,4,41.0,0.05,0.06,0.56,0.0,Mar,3,2,2,1,Returning_Visitor,False,False
0,0.0,0,0.0,10,351.75,0.03,0.05,0.0,0.0,Dec,3,2,4,1,Returning_Visitor,True,False
10,261.5,1,55.5,45,3411.96,0.0,0.03,0.0,0.0,May,2,2,1,3,Returning_Visitor,False,True
12,44.96,1,13.0,159,6137.15,0.0,0.03,18.23,0.0,May,2,2,1,2,Returning_Visitor,False,False
11,4.62,0,0.0,23,817.43,0.0,0.01,0.0,0.0,Nov,2,2,3,2,Returning_Visitor,False,False
0,0.0,0,0.0,21,607.59,0.03,0.05,0.0,0.0,Dec,3,2,1,2,Returning_Visitor,True,False
0,0.0,0,0.0,20,977.26,0.0,0.01,0.0,0.0,Mar,1,1,1,9,New_Visitor,True,False
0,0.0,0,7.25,11,111.42,0.0,0.03,0.0,0.0,May,2,2,1,2,Returning_Visitor,False,False
3,0.0,0,0.0,39,609.5,0.0,0.01,0.0,0.0,Mar,2,2,2,2,Returning_Visitor,True,False
0,0.0,0,0.0,6,143.5,0.0,0.04,0.23,0.0,Dec,1,1,8,10,Returning_Visitor,False,False
0,0.0,0,0.0,4,156.5,0.0,0.05,0.07,0.0,Dec,2,2,1,2,New_Visitor,False,False
0,0.0,0,0.0,8,426.67,0.0,0.01,0.0,0.0,Feb,2,4,3,2,Returning_Visitor,False,False
2,0.7,0,0.0,21,733.7,0.0,0.01,0.0,0.0,Mar,2,7,1,3,Returning_Visitor,True,False
3,50.0,0,0.0,13,1189.11,0.0,0.01,0.0,0.0,Mar,2,2,5,2,Returning_Visitor,False,False
0,0.0,0,56.4,14,103.76,0.0,0.03,45.93,0.01,Nov,2,2,1,1,Returning_Visitor,False,True
6,53.0,0,0.0,40,778.83,0.0,0.01,8.48,0.0,Aug,1,1,1,4,New_Visitor,True,False
0,0.0,0,0.0,42,1706.51,0.01,0.03,0.2,0.0,Nov,3,2,5,1,Returning_Visitor,False,False
0,0.0,0,0.0,44,1653.03,0.01,0.03,0.13,0.01,Dec,1,1,3,1,Returning_Visitor,False,False
0,0.0,0,0.0,5,488.5,0.03,0.03,0.17,0.0,Mar,2,1,7,6,Returning_Visitor,False,False
0,0.0,0,3.85,40,587.69,0.0,0.02,0.1,0.8,May,2,3,1,3,Returning_Visitor,True,False
4,52.5,0,3.29,31,541.3,0.0,0.01,0.0,0.0,Nov,3,2,6,2,New_Visitor,True,False
0,0.0,0,1.93,3,30.42,0.07,0.07,0.0,0.0,May,3,3,1,3,Returning_Visitor,False,False
0,0.0,0,0.0,6,85.25,0.0,0.01,0.0,0.0,Dec,2,2,3,10,Returning_Visitor,False,False
4,87.0,0,0.0,15,280.5,0.03,0.04,0.0,0.0,May,2,2,1,4,Returning_Visitor,False,False
0,0.0,0,0.0,21,846.19,0.0,0.03,0.08,0.0,Mar,2,2,7,1,Returning_Visitor,False,False
3,146.08,0,6.1,5,65.5,0.03,0.07,0.0,0.0,Nov,1,1,3,3,Returning_Visitor,False,False
3,993.0,0,5.62,28,1529.3,0.0,0.01,0.0,0.0,Mar,3,2,4,2,Returning_Visitor,False,False
8,245.17,2,114.5,48,3098.91,0.0,0.0,9.07,0.0,May,2,4,1,1,Returning_Visitor,True,False
10,8.09,0,0.0,44,369.1,0.01,0.0,0.12,0.0,Mar,3,2,1,3,New_Visitor,False,False
0,0.0,0,0.0,13,1600.0,0.02,0.02,0.15,0.0,Dec,2,2,1,20,Returning_Visitor,False,False
0,0.0,0,0.0,24,380.81,0.0,0.02,0.0,0.0,Mar,2,2,1,2,Returning_Visitor,True,False
0,0.0,0,5.72,8,551.17,0.03,0.04,0.16,0.0,Mar,3,2,2,3,Returning_Visitor,False,False
3,130.0,1,18.0,34,298.0,0.0,0.02,19.67,0.01,Mar,2,2,1,1,Returning_Visitor,True,False
7,399.25,1,298.0,85,2409.88,0.01,0.02,10.13,0.0,Dec,3,2,1,2,Returning_Visitor,False,False
0,0.0,0,3.32,23,1026.58,0.0,0.04,0.0,0.8,May,2,2,2,1,Returning_Visitor,False,False
0,0.0,0,0.0,8,64.6,0.14,0.07,0.0,0.0,Jul,2,2,2,13,Returning_Visitor,False,False
6,73.3,1,0.0,49,2872.72,0.0,0.01,5.92,0.0,May,2,2,2,1,Returning_Visitor,False,False
0,15.09,0,7.52,27,480.3,0.01,0.03,0.0,0.0,May,1,1,4,4,Returning_Visitor,True,False
0,0.0,0,0.0,31,804.04,0.0,0.0,0.26,0.02,June,3,2,1,3,Returning_Visitor,False,False
1,0.0,0,0.0,5,184.0,0.0,0.04,0.0,0.0,Nov,4,1,4,2,Returning_Visitor,False,False
2,30.75,0,0.0,47,4760.78,0.01,0.02,0.58,0.0,Nov,3,2,8,13,Returning_Visitor,False,False
2,127.27,0,0.0,115,5284.82,0.0,0.0,1.8,0.0,Oct,2,2,4,4,Returning_Visitor,False,False
8,59.37,0,0.0,49,1616.55,0.0,0.0,0.0,0.0,Nov,1,1,1,3,Returning_Visitor,False,False
1,5.0,1,292.0,35,1916.9,0.0,0.02,10.46,0.2,May,2,10,6,2,Returning_Visitor,False,True
1,5.0,1,0.0,65,2498.83,0.0,0.01,0.0,0.01,Dec,3,2,3,6,Returning_Visitor,True,False
1,5.5,0,5.0,43,1955.17,0.02,0.04,0.09,0.0,May,2,2,9,13,Returning_Visitor,True,False
0,0.0,0,0.0,20,579.1,0.01,0.03,0.2,0.0,Dec,1,2,3,2,New_Visitor,False,True
3,91.67,2,12.0,29,1347.27,0.0,0.01,0.0,0.0,Dec,2,5,1,1,Returning_Visitor,False,False
0,0.0,4,56.0,17,1407.27,0.0,0.02,9.35,0.0,Mar,2,2,1,2,Returning_Visitor,False,True
2,0.0,0,0.0,12,136.5,0.02,0.03,0.11,0.0,May,2,2,3,3,Returning_Visitor,False,False
0,1.0,0,4.13,10,262.91,0.0,0.02,0.3,0.0,Jul,2,2,1,1,Returning_Visitor,False,False
0,0.0,0,7.09,8,357.7,0.0,0.02,0.0,0.0,May,2,2,1,6,Returning_Visitor,True,False
3,0.0,0,4.05,6,203.0,0.0,0.03,0.0,0.01,Nov,4,1,2,3,Returning_Visitor,False,False
0,0.0,0,0.0,19,1708.6,0.0,0.01,0.04,0.0,May,1,2,1,4,Returning_Visitor,False,False
0,0.62,0,2.63,36,506.77,0.0,0.01,0.08,0.0,Nov,3,2,3,3,Returning_Visitor,False,True
0,0.7,0,3.06,11,300.07,0.0,0.02,52.01,0.0,Mar,2,2,1,2,Returning_Visitor,True,True
4,67.5,0,0.0,27,834.67,0.0,0.01,0.0,0.0,Nov,2,2,2,2,New_Visitor,True,False
0,3.62,0,0.0,5,68.4,0.0,0.08,0.27,0.0,June,2,2,2,4,Returning_Visitor,False,False
3,18.2,0,0.0,49,1699.67,0.01,0.03,24.84,0.03,June,2,2,4,13,Returning_Visitor,False,True
1,1.79,0,5.26,43,652.92,0.01,0.04,0.07,1.0,May,1,1,3,4,Returning_Visitor,True,False
3,3398.75,4,2549.38,449,63973.52,0.0,0.03,0.0,0.0,Dec,2,2,1,2,Returning_Visitor,False,False
0,0.0,0,1.51,6,208.8,0.07,0.08,0.19,0.37,May,2,2,2,2,Returning_Visitor,False,False
3,24.17,0,0.0,47,1483.65,0.0,0.02,0.0,0.42,May,2,2,1,4,Returning_Visitor,False,False
10,109.59,3,211.0,46,3812.16,0.0,0.08,11.59,0.0,May,2,2,1,1,Returning_Visitor,False,False
4,142.01,0,0.0,47,988.26,0.01,0.01,0.0,0.0,Dec,1,1,1,2,New_Visitor,False,False
0,7.58,0,3.2,40,1111.25,0.0,0.02,0.0,0.0,May,2,2,1,2,Returning_Visitor,False,False
3,146.32,0,0.0,16,1266.5,0.0,0.0,0.13,0.0,Mar,2,2,6,1,Returning_Visitor,False,False
3,75.5,0,0.0,24,1009.95,0.01,0.02,0.07,0.0,Nov,2,4,6,3,Returning_Visitor,False,False
2,48.4,0,0.0,8,74.95,0.0,0.05,0.0,0.0,June,1,1,1,2,Returning_Visitor,False,False
0,0.0,0,0.0,24,1225.5,0.02,0.04,0.0,0.0,Mar,1,2,9,1,Returning_Visitor,False,False
0,0.0,0,0.0,4,0.0,0.17,0.17,0.0,0.37,May,2,2,4,13,Returning_Visitor,False,False
0,0.0,0,3.46,76,1553.27,0.0,0.01,0.19,0.0,Nov,2,4,1,2,Returning_Visitor,False,False
0,0.0,0,0.0,6,222.0,0.01,0.04,0.52,0.01,Dec,2,13,9,2,Other,False,True
0,0.0,0,0.0,36,851.33,0.01,0.07,0.0,0.2,May,4,1,1,4,Returning_Visitor,False,False
3,21.0,0,0.0,19,750.21,0.0,0.02,60.52,0.0,Nov,2,2,2,3,Returning_Visitor,False,True
3,89.23,0,0.0,13,724.76,0.0,0.02,0.0,0.0,Sep,3,2,2,4,Returning_Visitor,True,False
0,0.0,0,0.0,3,19.0,0.0,0.06,0.0,0.0,Jul,2,2,3,3,Returning_Visitor,False,False
10,11.14,0,0.0,19,538.2,0.0,0.01,0.15,0.0,May,2,5,1,6,New_Visitor,False,False
3,125.21,0,0.0,7,217.86,0.0,0.01,0.0,0.0,May,1,1,8,15,New_Visitor,True,False
1,15.2,2,55.4,52,3019.81,0.0,0.0,2.79,0.0,Nov,2,6,1,1,Returning_Visitor,False,False
0,16.56,0,2.78,12,1396.38,0.0,0.02,287.95,0.0,Nov,2,2,1,2,New_Visitor,False,True
2,22.06,0,0.0,20,739.89,0.0,0.01,0.2,0.0,Nov,2,2,9,20,New_Visitor,False,False
2,57.0,0,0.0,28,1644.81,0.01,0.03,32.99,0.0,May,1,1,1,4,Returning_Visitor,False,True
4,30.75,0,0.0,17,473.17,0.01,0.02,0.0,0.0,Nov,1,1,3,3,Returning_Visitor,False,False
0,0.73,0,1.79,5,205.25,0.0,0.04,0.0,0.0,Feb,1,1,1,3,Returning_Visitor,False,False
0,0.0,0,0.0,4,259.0,0.1,0.16,0.0,0.43,May,2,4,3,1,Returning_Visitor,False,False
2,5.03,0,0.0,47,571.35,0.0,0.01,0.0,0.0,Nov,2,2,9,5,New_Visitor,False,False
5,102.07,2,16.0,48,6223.87,0.0,0.01,15.48,0.0,May,2,2,3,2,Returning_Visitor,True,True
11,51.35,2,109.0,44,2871.1,0.0,0.02,0.0,0.0,May,2,2,1,2,Returning_Visitor,False,False
4,112.88,0,0.0,6,134.68,0.0,0.04,0.0,0.0,Nov,1,2,1,2,Returning_Visitor,False,False
3,104.56,0,0.0,49,1710.52,0.0,0.01,0.0,0.0,Mar,4,2,1,3,Returning_Visitor,False,False
2,135.65,0,0.0,49,3043.92,0.03,0.05,0.0,0.0,Nov,2,2,3,2,Returning_Visitor,False,False
0,0.79,0,5.52,10,258.81,0.0,0.06,0.0,0.0,Dec,1,1,1,1,Returning_Visitor,False,False
0,0.0,0,0.0,16,1472.0,0.02,0.04,0.01,0.0,May,2,2,1,1,Returning_Visitor,False,False
3,46.4,0,0.0,16,463.36,0.0,0.01,46.34,0.0,Sep,2,2,7,2,Returning_Visitor,False,True
0,0.0,0,0.0,48,472.39,0.0,0.0,0.0,0.4,May,2,2,1,4,Returning_Visitor,False,False
0,0.0,0,0.0,9,459.2,0.05,0.08,1.22,0.0,May,3,2,4,1,Returning_Visitor,False,True
8,227.53,4,292.68,49,3025.52,0.02,0.03,7.37,0.0,Mar,3,2,1,2,Returning_Visitor,False,True
0,0.0,0,0.0,2,32.0,0.0,0.1,0.0,0.0,Mar,2,4,3,3,Returning_Visitor,False,False
1,0.0,0,0.0,1,0.0,0.12,0.04,0.0,0.0,Sep,2,4,4,4,Returning_Visitor,False,False
0,0.0,0,4.55,3,0.0,0.2,0.2,2.26,0.0,Nov,1,1,4,10,Returning_Visitor,True,False
0,0.0,0,0.0,6,47.25,0.0,0.03,0.25,0.0,Dec,2,2,1,1,Returning_Visitor,False,False
0,0.0,0,0.0,3,29.37,0.07,0.18,0.32,0.0,Nov,2,5,3,1,Returning_Visitor,False,False
3,16.0,0,0.0,29,423.17,0.01,0.03,0.0,0.0,Dec,2,2,6,1,Returning_Visitor,True,False
7,66.46,1,0.0,45,1038.8,0.0,0.02,59.97,0.2,May,2,1,4,2,Returning_Visitor,False,True
5,141.8,0,0.0,49,1460.75,0.01,0.03,0.14,0.01,Nov,1,1,3,3,Returning_Visitor,False,False
0,0.96,0,2.86,27,1838.15,0.05,0.06,0.0,0.0,June,3,2,2,3,Returning_Visitor,False,False
0,0.0,0,0.0,1,0.0,0.17,0.2,0.03,0.0,Dec,2,2,1,3,Returning_Visitor,False,False
5,39.83,0,0.0,45,2348.81,0.02,0.06,0.0,0.0,Dec,2,2,3,1,Returning_Visitor,False,False
3,145.81,0,0.0,1,7.0,0.0,0.04,0.0,0.0,Nov,3,2,1,5,New_Visitor,False,True
0,0.0,0,0.0,3,31.0,0.07,0.11,0.0,0.01,May,2,2,4,3,Returning_Visitor,False,False
6,333.54,0,0.0,12,568.1,0.0,0.01,11.51,0.0,Nov,2,2,5,2,New_Visitor,False,True
0,0.0,0,2.39,8,201.0,0.0,0.06,0.0,0.0,Mar,3,4,2,2,Returning_Visitor,False,False
5,316.8,0,0.0,26,1086.18,0.01,0.03,11.3,0.0,May,3,2,3,2,Returning_Visitor,False,False
1,76.0,0,0.0,37,1694.51,0.0,0.02,0.14,0.0,May,2,1,4,4,Returning_Visitor,False,False
0,0.99,0,2.77,20,1709.74,0.01,0.03,0.0,0.0,May,1,1,1,4,Returning_Visitor,False,False
11,6.35,0,0.0,10,1849.83,0.01,0.01,10.78,0.0,May,1,1,1,3,Returning_Visitor,False,False
3,399.2,2,34.3,43,1713.22,0.0,0.09,3.17,0.0,June,2,2,6,13,Returning_Visitor,False,False
0,1.04,0,0.0,8,20.2,0.1,0.17,0.0,0.0,June,3,2,1,1,Returning_Visitor,False,False
3,99.5,0,4.68,42,2006.68,0.0,0.05,0.0,0.0,Nov,1,1,2,8,New_Visitor,True,True
0,0.0,0,0.0,48,4293.83,0.01,0.02,0.0,0.0,Nov,2,1,1,2,New_Visitor,True,False
0,0.0,0,0.0,12,507.33,0.0,0.01,21.59,0.8,Nov,2,2,9,4,Returning_Visitor,False,True
5,42.18,0,0.0,12,240.04,0.0,0.01,0.0,0.0,Mar,2,2,1,2,New_Visitor,True,False
2,46.0,0,0.0,46,539.0,0.01,0.01,27.69,0.0,May,2,2,1,6,Returning_Visitor,True,True
0,0.0,0,0.0,1,0.0,0.2,0.2,0.0,0.0,Dec,1,1,1,3,New_Visitor,False,False
11,39.41,5,271.25,44,5402.79,0.0,0.01,16.28,0.0,May,2,2,1,2,Returning_Visitor,False,False
8,141.55,2,16.0,49,1494.08,0.0,0.03,0.13,0.01,Nov,2,2,1,1,Returning_Visitor,False,False
10,527.0,3,213.0,43,994.82,0.0,0.0,0.9,0.01,May,3,2,1,2,Returning_Visitor,False,False
3,25.0,0,0.0,47,1707.03,0.0,0.01,13.07,0.0,May,2,2,6,4,Returning_Visitor,True,True
0,1.05,0,0.0,0,0.0,0.18,0.18,0.0,0.0,June,2,2,5,6,Returning_Visitor,False,False
0,0.0,0,3.25,14,343.52,0.0,0.03,0.0,0.0,Jul,3,2,8,1,Returning_Visitor,True,False
3,251.0,2,93.77,15,675.83,0.0,0.0,4.61,0.0,May,2,2,3,2,Returning_Visitor,False,False
1,78.97,1,17.0,29,1514.6,0.02,0.03,0.0,0.0,May,3,2,1,6,Returning_Visitor,False,False
5,34.5,0,0.0,8,154.5,0.02,0.02,0.0,0.0,Dec,3,2,4,2,Returning_Visitor,False,False
0,26.55,0,0.0,12,394.5,0.0,0.01,28.4,0.0,May,2,2,6,2,New_Visitor,True,True
0,0.0,1,24.0,15,1075.5,0.0,0.01,0.0,0.0,May,6,2,3,2,Returning_Visitor,True,False
2,47.0,1,0.0,20,738.91,0.02,0.02,0.0,0.0,Nov,3,2,1,2,Returning_Visitor,False,False
0,0.0,0,0.0,4,44.0,0.0,0.05,0.0,0.0,May,2,4,3,2,New_Visitor,True,False
3,8.06,4,472.0,14,678.5,0.0,0.01,0.0,0.42,May,3,2,3,2,Returning_Visitor,False,False
0,0.0,1,3.43,12,833.0,0.02,0.02,34.49,0.8,May,3,2,8,4,Returning_Visitor,False,True
3,114.45,0,2.27,3,235.21,0.0,0.02,0.0,0.0,Oct,2,2,3,2,New_Visitor,True,False
0,0.0,0,0.0,15,1712.89,0.02,0.04,0.0,0.0,Mar,2,2,1,2,Returning_Visitor,False,False
1,0.0,0,0.0,38,1417.67,0.02,0.05,0.0,1.0,May,2,6,3,6,Returning_Visitor,True,False
1,0.71,0,5.59,46,143.85,0.0,0.03,0.0,0.0,May,2,2,3,3,Returning_Visitor,False,False
0,0.0,0,0.0,2,34.2,0.0,0.1,0.0,0.0,Sep,2,2,1,2,Returning_Visitor,False,False
4,142.74,0,0.0,31,1698.5,0.0,0.01,9.75,0.0,May,2,4,1,4,Returning_Visitor,False,True
6,144.31,0,0.0,12,191.1,0.0,0.01,0.0,0.0,Nov,3,2,9,2,Returning_Visitor,False,False
0,0.0,0,1.64,2,5.0,0.0,0.05,0.0,0.0,Nov,2,4,1,5,New_Visitor,False,False
2,145.85,0,0.0,5,18.1,0.03,0.06,0.0,0.0,May,3,2,3,3,Returning_Visitor,True,True
9,18.87,0,0.0,34,5969.57,0.01,0.02,10.69,0.0,Nov,2,1,1,2,New_Visitor,False,True
3,102.67,0,0.0,49,4051.38,0.01,0.02,0.0,0.0,May,2,2,7,2,Returning_Visitor,False,False
1,7.0,0,0.0,11,298.0,0.0,0.01,0.23,0.0,Mar,3,2,1,3,Returning_Visitor,True,False
0,0.0,0,1.51,4,237.9,0.0,0.08,0.0,0.44,May,2,2,4,3,Returning_Visitor,False,False
3,44.0,0,6.24,1,0.0,0.0,0.06,0.0,0.0,Sep,1,1,1,5,New_Visitor,False,True
0,3.46,0,0.0,16,838.17,0.01,0.03,0.0,0.0,May,1,1,2,4,Returning_Visitor,False,False
3,6.0,0,0.0,6,45.5,0.06,0.11,0.18,0.0,Mar,1,1,3,3,Returning_Visitor,False,False
0,0.0,0,0.0,3,22.5,0.0,0.07,3.75,0.0,May,1,2,3,2,Returning_Visitor,True,False
4,55.0,0,2.45,2,13.0,0.01,0.03,0.2,0.0,Dec,2,10,4,2,New_Visitor,False,True
9,122.88,7,482.62,47,829.19,0.0,0.01,9.1,0.02,Nov,2,2,1,2,Returning_Visitor,True,False
3,0.0,1,56.0,9,379.0,0.01,0.03,0.0,0.0,May,2,2,2,4,Returning_Visitor,False,False
3,144.68,0,0.0,48,1090.49,0.02,0.02,0.0,0.0,Mar,1,1,3,2,Returning_Visitor,True,False
3,140.13,0,0.0,48,1346.2,0.0,0.01,0.08,0.0,Nov,2,2,7,3,New_Visitor,False,False
7,142.35,0,0.0,73,1704.55,0.0,0.0,23.15,0.0,May,2,5,3,5,New_Visitor,False,True
5,369.38,1,59.0,19,1328.5,0.03,0.03,14.78,0.0,Nov,3,2,1,2,Returning_Visitor,False,False
3,43.0,0,6.66,46,1505.17,0.0,0.01,0.0,0.0,Mar,2,2,8,8,New_Visitor,False,False
1,121.53,0,1.98,5,197.65,0.0,0.01,0.0,0.0,Mar,3,2,2,3,New_Visitor,True,False
0,0.0,0,1.87,1,0.0,0.2,0.2,0.0,0.0,Dec,2,2,7,1,Returning_Visitor,True,False
2,154.5,0,3.83,7,108.42,0.0,0.04,0.0,0.0,Nov,1,5,9,2,New_Visitor,False,False
4,72.5,0,0.0,95,2354.98,0.0,0.01,11.51,0.0,Nov,3,2,1,2,Returning_Visitor,True,False
2,143.74,0,3.13,49,611.73,0.0,0.02,0.12,0.22,May,2,2,4,4,Returning_Visitor,False,False
0,0.0,0,1.5,2,437.94,0.0,0.06,0.0,0.0,Jul,2,2,1,1,Returning_Visitor,True,False
0,0.0,0,0.0,4,123.3,0.0,0.01,56.04,0.0,Oct,1,1,1,2,Returning_Visitor,False,True
0,0.0,0,2.05,6,539.16,0.0,0.03,0.0,0.0,Nov,3,2,1,20,Returning_Visitor,False,False
0,0.0,0,2.01,1,0.0,0.2,0.2,0.05,0.01,May,2,2,1,3,Returning_Visitor,False,False
0,0.0,0,4.51,10,266.74,0.02,0.09,0.0,0.4,May,3,5,1,4,Returning_Visitor,False,False
2,57.94,0,0.0,6,1564.0,0.03,0.06,0.27,0.0,May,3,2,1,13,Returning_Visitor,False,False
1,4.0,0,12.0,16,1012.96,0.01,0.02,0.0,0.0,Dec,2,2,7,1,Returning_Visitor,False,False
0,0.0,0,1.75,1,0.0,0.2,0.2,0.0,0.0,May,2,2,1,13,Returning_Visitor,False,False
1,34.5,0,0.0,14,216.37,0.0,0.0,0.0,0.0,Dec,1,1,3,8,New_Visitor,True,False
0,0.0,0,2.0,1,0.0,0.2,0.06,0.0,0.0,Dec,3,2,3,1,Returning_Visitor,True,False
3,124.79,0,38.91,39,1643.2,0.04,0.07,0.78,0.0,Nov,1,1,4,3,Returning_Visitor,False,False
0,0.0,0,1.93,5,238.7,0.0,0.07,0.36,0.2,May,2,2,1,5,Returning_Visitor,False,False
3,140.53,0,0.0,48,2421.06,0.0,0.01,0.9,0.0,May,2,2,3,2,Returning_Visitor,False,False
3,125.17,0,0.0,41,885.14,0.01,0.01,0.0,0.0,Nov,3,2,3,8,Returning_Visitor,True,False
0,0.0,0,0.0,11,255.0,0.0,0.06,0.24,0.0,June,2,2,3,4,Returning_Visitor,False,False
0,0.0,0,0.0,47,1684.53,0.0,0.0,53.23,0.0,May,4,1,1,2,New_Visitor,True,True
2,248.0,1,6.7,44,815.47,0.0,0.02,0.07,0.0,Nov,2,2,1,3,Returning_Visitor,False,False
3,23.0,0,0.0,5,91.0,0.0,0.01,0.0,0.0,May,2,2,6,18,Returning_Visitor,True,False
6,0.85,3,189.3,48,304.7,0.0,0.04,2.85,0.0,May,2,2,1,4,Returning_Visitor,False,True
7,140.44,0,0.0,14,221.21,0.0,0.01,0.0,0.0,Dec,2,2,1,2,New_Visitor,False,False
3,45.12,6,505.6,21,838.15,0.0,0.01,0.0,0.0,Nov,2,2,3,2,New_Visitor,True,False
11,126.21,0,0.0,33,2070.62,0.0,0.02,1.44,0.0,Nov,2,5,1,2,Returning_Visitor,False,True
3,138.78,3,95.59,11,281.42,0.0,0.03,0.0,0.0,Nov,2,2,4,2,Returning_Visitor,False,False
0,0.0,0,0.0,6,209.98,0.0,0.06,0.0,0.0,May,1,1,8,3,Returning_Visitor,False,False
9,174.21,2,383.75,36,9018.12,0.01,0.02,0.0,0.0,May,1,2,1,2,Returning_Visitor,True,False
3,142.06,1,21.2,8,222.27,0.0,0.02,0.0,0.0,June,2,2,5,2,New_Visitor,False,True
4,124.7,5,88.9,41,577.6,0.01,0.01,0.0,0.0,June,3,2,1,2,New_Visitor,False,False
0,0.0,0,3.54,2,559.09,0.0,0.1,0.0,0.0,Nov,8,2,4,3,Returning_Visitor,False,False
4,210.5,0,0.0,48,2749.06,0.01,0.02,8.96,0.0,May,2,2,2,1,Returning_Visitor,False,False
3,471.5,5,360.04,43,121.0,0.05,0.05,0.0,0.53,May,3,2,3,6,Returning_Visitor,False,False
0,0.0,0,1.59,5,241.0,0.0,0.08,0.0,0.31,May,2,2,5,1,Returning_Visitor,True,False
1,19.0,0,0.0,10,349.83,0.0,0.01,0.0,0.01,Dec,3,2,3,8,New_Visitor,False,False
0,15.87,0,0.0,10,1684.2,0.0,0.03,0.0,0.0,Dec,1,1,8,3,Returning_Visitor,False,False
2,21.25,0,0.0,33,681.43,0.02,0.02,0.0,0.0,Nov,3,2,1,8,Returning_Visitor,True,False
0,0.0,0,7.21,30,849.75,0.08,0.06,0.0,0.65,May,2,2,3,20,Returning_Visitor,False,False
3,19.0,0,2.85,48,1715.39,0.01,0.02,0.0,0.0,May,2,2,3,2,Returning_Visitor,False,False
0,0.0,1,7.8,38,1656.61,0.02,0.06,0.0,0.0,Dec,3,2,2,2,Returning_Visitor,True,False
3,66.83,0,0.0,125,3075.98,0.01,0.02,0.16,0.0,Mar,3,5,3,1,Returning_Visitor,False,True
0,0.0,0,4.13,26,211.8,0.04,0.06,0.0,0.8,May,3,2,1,3,Returning_Visitor,False,False
0,0.0,0,0.0,7,61.33,0.04,0.12,0.71,0.0,May,1,2,1,2,Returning_Visitor,True,False
1,72.6,0,2.15,44,1256.82,0.0,0.0,0.0,0.0,May,1,1,4,5,New_Visitor,False,False
11,83.59,0,7.88,69,2183.01,0.02,0.03,0.0,0.0,May,2,2,5,2,Returning_Visitor,False,False
0,0.0,0,0.0,1,0.0,0.16,0.2,0.0,0.0,Nov,4,1,9,3,Returning_Visitor,False,False
2,6.0,0,0.0,49,1503.25,0.0,0.03,0.0,0.0,Mar,2,2,1,2,Returning_Visitor,False,False
16,22.09,5,66.88,42,1899.6,0.0,0.02,83.79,0.0,May,3,2,1,3,Returning_Visitor,True,False
11,77.08,2,88.72,40,10580.34,0.0,0.02,0.0,0.01,Nov,2,2,1,2,Returning_Visitor,False,False
0,0.0,0,1.72,4,136.66,0.0,0.06,0.0,0.0,Mar,2,2,2,1,Returning_Visitor,True,False
3,18.0,0,0.0,12,180.75,0.0,0.02,0.0,0.0,Nov,2,2,1,2,New_Visitor,False,False
0,0.0,0,2.01,4,26.0,0.05,0.07,0.02,0.4,May,2,2,3,13,Returning_Visitor,False,False
3,156.27,4,90.0,35,1692.44,0.0,0.02,0.0,0.0,Mar,3,2,4,2,Returning_Visitor,False,False
0,0.0,0,0.0,1,0.0,0.16,0.18,0.0,0.6,May,1,2,3,1,Returning_Visitor,False,False
0,0.0,0,0.0,1,137.56,0.2,0.2,0.07,0.0,Nov,2,4,1,10,Returning_Visitor,False,False
1,20.0,1,115.0,50,1404.46,0.02,0.04,0.0,0.0,Dec,2,2,2,2,Returning_Visitor,True,False
7,152.7,2,13.0,45,976.21,0.02,0.03,0.0,0.0,May,2,2,7,2,Returning_Visitor,True,False
1,18.0,0,0.0,62,1288.13,0.0,0.01,11.48,0.0,Nov,2,10,1,2,Returning_Visitor,False,True
3,52.67,0,0.0,41,2303.18,0.01,0.02,0.0,0.0,Dec,2,2,1,2,Returning_Visitor,True,False
0,0.77,0,3.1,16,129.33,0.0,0.04,0.14,0.06,May,2,6,1,1,Returning_Visitor,False,False
4,54.5,0,0.0,74,1599.99,0.0,0.0,67.27,0.0,Dec,2,4,6,2,Returning_Visitor,False,True
0,0.0,0,0.0,2,21.0,0.0,0.1,0.0,0.0,May,3,2,1,3,New_Visitor,False,False
0,0.65,0,0.0,16,1636.25,0.0,0.04,0.0,0.0,Mar,2,2,1,1,Returning_Visitor,False,False
0,0.0,0,5.0,25,948.34,0.0,0.01,0.4,0.0,Nov,2,4,1,3,Returning_Visitor,False,False
0,0.0,0,3.59,21,1716.11,0.02,0.06,0.0,0.0,May,2,2,3,2,Returning_Visitor,False,False
3,43.62,1,4.11,109,3624.06,0.01,0.01,11.33,0.0,Nov,1,2,1,2,Returning_Visitor,False,True
1,90.0,1,3.07,57,1092.36,0.0,0.01,19.12,0.6,May,2,2,7,4,Returning_Visitor,False,True
0,0.0,0,0.0,49,454.29,0.01,0.01,0.0,0.6,May,2,2,1,3,Returning_Visitor,False,False
2,143.25,0,0.0,38,2508.41,0.0,0.01,54.16,0.0,Nov,2,2,7,2,Returning_Visitor,False,True
0,0.0,0,0.0,22,348.43,0.0,0.03,0.12,0.0,Nov,2,2,6,2,Returning_Visitor,False,True
0,0.0,0,2.13,1,0.0,0.2,0.2,0.0,0.0,May,3,2,3,1,Returning_Visitor,False,False
0,0.68,0,0.0,16,982.58,0.0,0.01,0.0,0.0,Dec,2,2,4,1,Returning_Visitor,False,False
1,67.5,0,0.0,31,815.59,0.0,0.02,218.86,0.0,Dec,1,1,5,3,New_Visitor,False,True
0,0.0,0,4.48,24,1275.9,0.05,0.1,0.0,0.0,Sep,2,2,5,1,Returning_Visitor,False,False
3,53.0,2,24.71,24,678.0,0.0,0.01,11.51,0.0,May,2,3,3,2,Returning_Visitor,False,True
5,850.0,0,0.0,20,1893.47,0.0,0.02,0.2,0.0,Oct,2,4,9,2,Returning_Visitor,False,False
1,16.0,0,0.0,77,3586.83,0.0,0.01,0.0,0.0,Dec,2,2,1,2,Returning_Visitor,False,False
0,0.0,0,2.32,83,1543.42,0.03,0.06,2.63,0.01,Sep,3,2,4,2,Returning_Visitor,False,False
0,0.0,3,85.66,49,1621.77,0.01,0.04,0.13,0.01,Nov,3,2,1,2,Returning_Visitor,True,False
0,0.0,0,0.0,19,1040.2,0.0,0.01,115.98,0.0,May,2,2,6,2,New_Visitor,True,True
1,84.38,0,0.0,6,183.38,0.0,0.03,0.0,0.0,Dec,1,1,2,2,New_Visitor,False,False
5,79.33,3,242.06,17,1554.61,0.01,0.02,62.17,0.0,Mar,3,2,6,2,Returning_Visitor,False,False
3,8.72,0,0.0,3,18.0,0.0,0.04,0.0,0.0,Dec,2,4,1,8,Other,False,False
0,0.0,0,1.53,1,0.0,0.2,0.2,0.0,0.01,May,1,1,4,1,Returning_Visitor,False,False
3,84.0,0,0.0,15,183.1,0.0,0.02,0.0,0.6,May,1,1,3,2,New_Visitor,False,False
0,0.0,0,0.0,3,55.0,0.07,0.15,0.44,0.6,May,1,8,4,20,Returning_Visitor,False,False
3,72.43,2,72.0,46,1143.66,0.0,0.02,4.23,0.0,May,2,2,1,1,Returning_Visitor,True,False
2,5.0,0,0.0,8,32.0,0.0,0.06,1.61,0.02,May,2,2,2,5,Returning_Visitor,True,False
0,0.0,0,6.0,5,418.74,0.0,0.04,0.0,0.0,Mar,2,2,1,2,New_Visitor,True,False
0,0.0,0,2.7,41,1130.93,0.0,0.02,0.2,0.0,Dec,2,2,8,2,New_Visitor,False,False
3,24.2,0,4.41,0,0.0,0.0,0.07,0.0,0.0,Nov,1,1,1,3,Returning_Visitor,True,True
1,12.0,0,10.07,43,1716.54,0.0,0.01,11.66,0.0,Nov,2,2,1,2,Returning_Visitor,False,True
0,0.0,0,4.39,7,16.0,0.0,0.03,0.0,0.0,Dec,1,1,1,2,Returning_Visitor,True,False
0,0.0,1,0.0,20,581.5,0.01,0.06,0.11,0.0,Sep,2,2,1,1,Returning_Visitor,False,False
4,75.87,0,0.0,72,1822.87,0.01,0.03,12.9,0.0,June,2,2,7,1,Returning_Visitor,False,False
3,1.18,0,0.0,12,76.67,0.02,0.04,0.0,0.0,Nov,2,2,3,13,Returning_Visitor,False,False
1,0.0,0,0.0,4,795.0,0.07,0.05,0.0,0.0,May,3,2,9,6,Returning_Visitor,True,False
11,86.39,3,147.17,43,1090.06,0.0,0.01,4.76,0.39,May,1,2,1,2,Returning_Visitor,False,False
0,0.0,0,0.0,1,0.0,0.17,0.2,0.0,0.0,May,1,1,4,3,Returning_Visitor,False,False
1,81.0,0,0.0,37,3359.62,0.0,0.02,0.0,0.0,Nov,2,2,3,1,Returning_Visitor,False,True
4,142.16,0,0.0,5,313.81,0.0,0.01,0.59,0.0,Oct,2,2,4,4,New_Visitor,False,False
0,0.0,0,0.0,56,2354.96,0.0,0.02,0.0,0.0,Nov,2,2,3,2,New_Visitor,True,False
0,0.8,0,2.38,11,225.41,0.0,0.02,0.0,0.0,Mar,2,2,1,1,Returning_Visitor,False,False
0,0.0,0,6.18,24,1683.85,0.0,0.01,17.13,0.0,Nov,2,2,1,2,Returning_Visitor,False,True
3,0.0,0,2.91,15,520.03,0.0,0.03,0.0,0.0,Dec,2,2,7,8,New_Visitor,True,False
0,0.0,0,0.0,49,282.5,0.04,0.07,0.0,0.6,May,2,2,1,3,Returning_Visitor,False,False
3,32.0,0,0.0,12,276.37,0.0,0.0,54.53,0.0,Sep,2,2,1,2,New_Visitor,False,False
0,0.0,0,0.0,15,549.0,0.14,0.13,0.07,0.0,May,2,10,1,1,Returning_Visitor,False,False
3,183.25,2,80.5,60,1883.44,0.0,0.02,0.37,0.0,Nov,3,12,1,6,Returning_Visitor,True,True
1,23.2,0,5.08,27,2048.89,0.0,0.02,43.3,0.0,Aug,2,2,1,5,Returning_Visitor,False,True
0,0.0,0,0.0,3,57.0,0.0,0.06,10.97,0.2,May,3,5,1,2,Returning_Visitor,False,False
0,80.07,1,812.0,113,3282.58,0.01,0.02,45.55,0.0,Aug,2,2,1,1,Returning_Visitor,False,False
0,0.0,0,0.0,1,0.0,0.2,0.2,0.0,0.0,Nov,2,4,1,3,Returning_Visitor,False,False
0,0.0,0,3.78,4,60.0,0.0,0.06,0.0,0.0,Dec,2,2,1,20,Returning_Visitor,False,False
3,64.8,0,2.4,7,71.74,0.0,0.03,0.0,0.0,Mar,2,2,1,3,Returning_Visitor,False,False
4,124.54,3,37.83,21,868.02,0.0,0.01,40.73,0.0,Nov,1,2,1,2,New_Visitor,False,True
3,146.85,0,0.0,25,2408.82,0.0,0.01,0.54,0.0,Nov,3,2,7,8,Returning_Visitor,True,True
11,24.17,5,89.1,49,9050.46,0.01,0.03,2.66,0.0,May,2,2,6,2,Returning_Visitor,False,False
6,142.04,4,693.0,49,14150.55,0.0,0.03,11.21,0.0,Nov,2,4,3,2,Returning_Visitor,False,True
0,0.0,0,0.0,15,1559.6,0.0,0.03,0.0,0.0,Mar,2,4,1,1,Returning_Visitor,False,False
0,0.0,0,0.0,50,1699.75,0.01,0.03,4.55,0.0,May,2,1,1,4,Returning_Visitor,False,True
0,0.0,0,0.0,2,65.4,0.01,0.1,0.0,0.0,Jul,2,2,9,13,Returning_Visitor,True,False
0,0.0,0,11.36,39,1294.6,0.0,0.01,0.0,0.0,Nov,3,2,1,20,Returning_Visitor,True,False
3,102.0,2,108.0,51,1742.33,0.0,0.01,0.0,0.0,Nov,1,1,1,2,Returning_Visitor,True,False
1,26.0,1,0.0,55,872.4,0.0,0.02,0.41,0.01,Mar,2,5,1,1,Returning_Visitor,False,False
0,0.0,0,2.21,9,882.83,0.01,0.04,0.14,0.0,June,1,1,1,20,Returning_Visitor,True,False
0,0.0,0,0.0,10,127.5,0.0,0.02,0.0,0.0,Mar,3,2,1,10,Returning_Visitor,False,False
3,160.5,2,438.15,49,721.0,0.0,0.03,1.0,0.0,Mar,2,2,1,2,Returning_Visitor,False,False
3,9.5,0,0.0,25,528.97,0.0,0.04,3.3,0.01,June,3,2,2,3,Returning_Visitor,False,False
7,101.66,3,92.33,31,892.72,0.01,0.0,57.9,0.01,Nov,3,2,1,2,Returning_Visitor,False,False
3,48.61,0,0.0,24,583.08,0.0,0.01,0.0,0.0,Nov,1,1,1,2,Returning_Visitor,False,False
2,0.0,1,6.97,48,1742.73,0.0,0.02,0.31,0.0,Sep,2,1,3,2,Returning_Visitor,True,False
1,0.0,0,0.0,11,782.5,0.0,0.01,0.09,0.0,Dec,1,1,3,2,New_Visitor,False,False
0,0.0,0,2.13,10,443.5,0.01,0.03,0.08,0.0,May,3,2,3,4,Returning_Visitor,True,True
3,145.77,0,0.0,12,747.63,0.0,0.02,0.0,0.0,Mar,2,2,3,2,New_Visitor,False,False
0,0.0,0,2.6,6,350.13,0.0,0.2,0.0,0.43,May,3,2,3,13,Returning_Visitor,False,False
3,178.17,4,162.67,4,214.83,0.0,0.05,0.0,0.0,Mar,2,2,1,1,Returning_Visitor,False,False
0,0.0,0,0.0,14,1871.9,0.02,0.02,0.0,0.0,Sep,1,1,1,3,Returning_Visitor,False,False
0,0.0,0,3.82,37,511.17,0.0,0.04,0.0,1.0,May,2,2,1,13,Returning_Visitor,True,False
2,2.15,0,2.5,3,624.68,0.03,0.04,0.0,0.0,Oct,1,1,4,4,Returning_Visitor,True,False
0,0.0,1,0.0,46,1256.06,0.02,0.03,1.03,0.0,Mar,1,1,1,2,Returning_Visitor,False,False
4,62.67,0,6.45,82,1715.27,0.0,0.02,0.0,0.0,Dec,1,1,2,2,Returning_Visitor,False,False
6,634.5,3,374.07,46,7017.19,0.0,0.02,0.0,0.0,Nov,2,4,1,2,Returning_Visitor,False,False
4,144.36,0,0.0,4,364.7,0.0,0.03,0.0,0.0,May,2,2,4,4,Returning_Visitor,False,False
0,0.0,0,2.98,2,153.7,0.0,0.06,0.19,0.03,Feb,3,2,2,3,Returning_Visitor,False,False
1,0.0,0,0.0,11,303.5,0.0,0.01,0.4,0.0,Nov,3,2,1,2,Returning_Visitor,False,False
13,140.59,3,22.5,46,4033.47,0.01,0.01,24.03,0.0,May,3,2,1,13,Returning_Visitor,True,True
11,2.95,4,65.5,44,6082.87,0.01,0.03,0.0,0.0,May,1,1,1,2,Returning_Visitor,False,False
0,0.0,2,7.74,48,4875.61,0.02,0.04,0.08,0.0,Nov,2,2,7,2,Returning_Visitor,False,True
0,0.0,0,2.7,13,266.8,0.01,0.02,0.0,0.0,Jul,2,2,7,4,Returning_Visitor,False,False
1,0.64,0,0.0,4,274.02,0.05,0.1,0.0,0.0,May,2,2,4,13,Returning_Visitor,False,False
0,0.0,0,8.28,60,3386.0,0.03,0.06,0.0,0.8,May,2,2,1,6,Returning_Visitor,False,False
0,0.0,0,2.5,1,0.0,0.2,0.2,0.0,0.0,May,2,2,6,13,Returning_Visitor,False,False
0,0.0,0,0.0,1,0.0,0.17,0.2,0.0,0.01,Feb,3,2,3,2,Returning_Visitor,False,False
4,120.0,0,0.0,13,293.0,0.0,0.02,0.0,0.0,Mar,1,1,1,10,Returning_Visitor,False,False
3,259.28,2,12.0,53,1854.24,0.0,0.02,3.43,0.0,May,3,2,1,6,Returning_Visitor,False,False
3,59.79,0,0.0,39,752.56,0.0,0.01,0.0,0.0,Nov,2,4,1,2,New_Visitor,False,False
12,51.08,0,0.0,46,436.86,0.0,0.01,0.25,0.0,May,2,2,1,5,Returning_Visitor,True,False
5,143.27,0,0.0,56,3327.54,0.0,0.02,0.02,0.0,Dec,2,2,3,1,Returning_Visitor,False,False
0,0.0,0,3.25,32,556.6,0.01,0.04,0.0,0.0,Mar,2,2,3,1,Returning_Visitor,False,False
9,6.71,1,0.0,14,212.83,0.01,0.03,11.53,0.0,May,3,2,7,11,Returning_Visitor,True,False
3,44.0,0,0.0,8,182.0,0.0,0.0,0.14,0.0,May,2,4,1,2,New_Visitor,False,False
3,297.6,0,0.0,66,3572.24,0.01,0.01,7.77,0.0,Oct,2,2,8,2,Returning_Visitor,False,False
4,316.5,0,0.0,8,298.69,0.0,0.0,0.0,0.0,May,3,2,2,2,Returning_Visitor,True,False
0,0.0,0,6.03,18,628.83,0.0,0.01,0.0,0.0,Mar,1,1,1,2,Returning_Visitor,True,False
0,0.0,0,0.0,5,54.5,0.0,0.04,0.75,0.0,Dec,3,5,1,2,New_Visitor,False,False
1,5.0,2,17.0,41,5276.23,0.0,0.03,0.0,0.01,Dec,2,2,9,1,Returning_Visitor,False,False
3,126.5,0,0.0,32,138.8,0.0,0.01,0.0,0.0,Nov,1,1,1,2,Returning_Visitor,True,False
9,68.4,1,6.0,35,728.87,0.04,0.06,0.0,0.0,Oct,2,2,3,2,Returning_Visitor,True,False
9,34.84,5,219.0,39,6235.07,0.01,0.05,0.0,0.0,May,1,1,1,2,Returning_Visitor,False,False
3,113.0,0,0.0,9,206.24,0.0,0.03,0.0,0.6,May,1,1,1,2,New_Visitor,False,False
0,0.0,0,0.0,2,137.84,0.0,0.1,0.74,0.0,May,2,6,7,3,Returning_Visitor,False,False
3,67.4,2,16.2,8,281.1,0.0,0.04,11.6,0.0,May,3,2,1,20,Returning_Visitor,False,True
0,0.0,0,0.0,13,205.35,0.02,0.05,0.0,0.0,Nov,2,2,3,1,Returning_Visitor,False,False
0,0.0,0,0.0,13,206.68,0.0,0.01,0.0,0.0,May,2,2,2,2,Returning_Visitor,False,False
4,86.07,0,0.0,48,884.8,0.0,0.01,0.0,0.0,May,1,1,1,4,Returning_Visitor,False,False
1,88.05,0,4.24,32,1704.86,0.0,0.0,0.05,0.0,Mar,2,2,1,3,Returning_Visitor,False,False
0,0.0,0,2.18,5,265.48,0.05,0.06,0.0,0.0,Dec,3,2,1,11,Returning_Visitor,False,False
5,217.67,0,0.0,18,494.67,0.0,0.02,33.15,0.01,Mar,3,2,1,2,Returning_Visitor,False,True
7,19.42,1,75.0,67,1336.55,0.0,0.03,4.15,0.0,May,2,2,1,4,Returning_Visitor,False,False
3,140.64,2,120.0,27,9143.44,0.0,0.02,0.0,0.4,May,2,2,7,3,Returning_Visitor,False,False
3,12.0,0,0.0,0,1848.42,0.0,0.02,0.0,0.0,Aug,3,2,6,2,New_Visitor,False,True
0,3.33,0,4.56,12,241.2,0.05,0.05,0.0,1.0,May,3,2,6,4,Returning_Visitor,True,False
0,0.0,0,0.0,6,313.02,0.0,0.02,0.0,0.0,Nov,3,2,4,2,Returning_Visitor,False,False
0,0.69,0,0.0,6,217.25,0.0,0.02,0.0,0.0,Mar,1,1,1,2,Returning_Visitor,False,False
0,1.37,0,0.0,2,44.46,0.2,0.2,0.0,0.44,May,1,1,3,3,Returning_Visitor,False,False
0,1.1,0,0.0,44,1924.51,0.0,0.0,41.59,0.02,Nov,2,2,3,6,Returning_Visitor,False,True
0,0.0,0,0.0,30,469.1,0.0,0.01,0.0,0.01,Jul,2,4,4,4,Returning_Visitor,False,False
3,213.5,0,0.0,11,303.5,0.01,0.02,0.08,0.0,Dec,3,2,9,2,Other,False,True
0,6.1,0,0.0,5,245.61,0.04,0.12,0.0,0.0,Aug,1,1,1,3,Returning_Visitor,False,False
5,505.0,0,0.0,85,2197.2,0.01,0.03,13.77,0.04,Nov,2,2,1,2,Returning_Visitor,False,False
3,90.58,4,1005.0,43,2450.44,0.0,0.01,0.0,0.01,May,2,2,4,4,Returning_Visitor,True,False
3,128.91,6,130.52,49,1359.77,0.0,0.02,34.99,0.0,May,3,2,1,11,Returning_Visitor,True,False
3,36.5,0,0.0,49,770.38,0.0,0.01,0.0,0.0,Dec,2,2,1,2,Returning_Visitor,False,False
3,98.6,0,0.0,7,222.47,0.0,0.02,88.84,0.0,Oct,2,2,7,2,Returning_Visitor,False,True
0,3.43,0,18.84,44,1670.89,0.0,0.02,7.53,0.0,May,2,2,1,6,Returning_Visitor,False,False
8,199.62,2,10.0,48,4272.61,0.0,0.02,0.0,0.0,Nov,2,2,1,2,Returning_Visitor,False,False
0,0.0,0,0.0,14,208.9,0.0,0.01,0.36,0.0,Nov,1,8,4,2,Returning_Visitor,False,False
1,0.0,0,1.66,7,212.0,0.03,0.03,0.06,0.4,May,3,1,1,1,Returning_Visitor,False,False
8,145.1,0,2.26,8,104.5,0.0,0.02,0.14,0.0,Dec,1,1,2,2,Returning_Visitor,True,True
4,145.35,0,0.0,17,1883.83,0.0,0.01,0.12,0.0,Nov,2,2,1,8,Returning_Visitor,False,True
0,0.0,0,0.0,4,9.0,0.0,0.07,0.0,0.0,Nov,3,2,8,6,Returning_Visitor,False,False
3,143.21,0,0.0,17,277.23,0.0,0.0,0.0,0.0,Oct,2,2,1,2,New_Visitor,False,False
3,50.95,1,42.4,44,1688.54,0.01,0.01,5.62,0.0,Sep,2,2,4,2,Returning_Visitor,True,False
0,14.18,0,0.0,9,267.75,0.0,0.02,0.0,0.0,Dec,3,2,8,2,New_Visitor,True,False
3,96.8,0,0.0,29,2041.63,0.03,0.05,0.25,0.0,Sep,2,2,3,1,Returning_Visitor,False,False
5,144.09,1,4.0,59,1702.37,0.0,0.01,11.43,0.0,May,2,2,6,1,Returning_Visitor,False,True
1,11.0,1,8.0,79,1697.89,0.0,0.0,0.0,0.0,May,1,1,3,2,Returning_Visitor,True,False
0,0.65,0,2.35,2,42.0,0.0,0.05,0.0,0.0,Mar,2,2,6,3,Returning_Visitor,False,False
2,26.2,0,7.12,4,487.6,0.0,0.03,0.0,0.01,Sep,2,2,1,4,Returning_Visitor,False,False
0,0.0,0,0.0,6,123.75,0.0,0.01,0.51,0.0,Dec,2,2,7,6,Returning_Visitor,False,False
6,475.0,0,0.0,24,1156.65,0.04,0.06,0.0,0.0,May,4,2,1,13,Returning_Visitor,False,False
0,0.0,0,0.0,7,117.0,0.01,0.03,0.14,0.0,May,2,10,6,2,Returning_Visitor,False,False
1,60.5,0,0.0,48,1712.51,0.0,0.01,0.05,0.0,May,2,5,1,2,Returning_Visitor,False,False
0,0.0,0,8.4,12,1001.3,0.0,0.06,0.0,0.0,June,2,2,9,1,Returning_Visitor,False,False
3,2.37,0,0.0,47,1543.52,0.0,0.0,0.0,0.0,Mar,2,2,7,9,Returning_Visitor,True,False
1,105.5,1,437.5,55,1433.68,0.0,0.0,0.0,0.0,Nov,3,2,4,6,Returning_Visitor,True,False
4,130.61,0,0.0,2,24.25,0.0,0.06,0.0,0.0,Dec,2,2,1,2,New_Visitor,False,False
1,9.0,0,0.0,22,641.27,0.05,0.05,4.76,0.0,Nov,1,1,8,1,Returning_Visitor,False,False
3,192.5,0,0.0,18,327.0,0.0,0.01,0.0,0.0,Mar,1,1,1,2,Returning_Visitor,True,False
6,143.29,0,2.27,14,295.7,0.0,0.03,0.0,0.0,Nov,3,2,8,2,Returning_Visitor,False,False
3,232.4,0,0.0,44,190.4,0.04,0.06,0.0,0.0,Nov,1,1,1,3,Returning_Visitor,True,False
2,136.09,0,0.0,46,2077.17,0.0,0.01,0.0,0.0,Nov,2,2,8,2,Returning_Visitor,True,False
0,0.87,0,0.0,10,183.67,0.04,0.06,0.45,0.0,Feb,1,1,3,1,Returning_Visitor,False,False
0,0.0,0,3.01,111,1666.93,0.01,0.04,0.0,0.0,Nov,1,1,3,3,Returning_Visitor,True,False
0,0.0,0,0.0,4,197.42,0.0,0.09,0.0,0.0,Nov,4,2,5,1,Returning_Visitor,False,False
5,59.9,2,8.0,84,2359.52,0.02,0.03,3.48,0.0,May,3,2,1,13,Returning_Visitor,False,False
0,2.42,0,4.92,40,1385.67,0.0,0.02,0.24,0.0,Nov,2,2,1,2,Returning_Visitor,False,False
0,0.0,0,2.82,4,142.12,0.0,0.03,0.0,0.0,Nov,3,2,6,2,Returning_Visitor,False,False
3,76.25,0,0.0,22,1075.25,0.0,0.0,0.0,0.0,Dec,2,2,4,2,Returning_Visitor,False,False
1,28.0,0,0.0,19,1051.65,0.0,0.01,0.0,0.0,May,2,2,7,5,Returning_Visitor,False,False
0,0.0,0,0.0,27,1446.93,0.0,0.0,0.0,0.0,Dec,2,2,3,1,New_Visitor,False,False
9,189.11,3,39.0,48,3059.01,0.01,0.02,16.74,0.0,May,2,2,3,1,Returning_Visitor,False,True
2,81.54,0,0.0,46,808.04,0.02,0.04,0.13,0.0,Dec,2,2,7,8,Returning_Visitor,True,False
3,30.0,1,0.0,24,567.25,0.0,0.01,0.8,0.0,Dec,2,5,1,1,Returning_Visitor,False,False
3,21.2,0,10.71,53,2224.63,0.02,0.04,0.0,0.0,Aug,2,2,3,1,Returning_Visitor,False,False
0,0.0,1,34.2,69,3051.53,0.0,0.04,0.0,0.0,Oct,2,4,9,3,Returning_Visitor,False,False
3,0.0,2,7.6,93,428.89,0.02,0.03,0.0,0.0,May,1,1,5,4,Returning_Visitor,False,False
3,64.4,0,0.0,5,402.31,0.0,0.02,45.83,0.0,Sep,2,2,1,2,Returning_Visitor,False,True
3,148.0,0,0.0,29,1510.64,0.0,0.03,0.0,0.0,Mar,2,2,2,2,Returning_Visitor,True,False
3,139.79,0,0.0,7,132.88,0.01,0.01,0.0,0.0,Oct,1,1,3,2,New_Visitor,False,False
0,0.0,0,1.58,4,51.72,0.2,0.2,0.0,0.0,Nov,3,2,1,3,Returning_Visitor,False,False
0,0.0,0,4.84,48,356.8,0.0,0.02,0.0,0.0,Mar,2,2,2,8,Returning_Visitor,False,False
0,0.0,0,0.0,10,422.5,0.0,0.02,0.0,0.0,Nov,3,2,5,2,Returning_Visitor,False,False
3,106.0,0,0.0,6,180.42,0.0,0.03,0.54,0.0,Nov,3,6,3,2,New_Visitor,False,False
0,0.0,0,4.54,11,335.0,0.04,0.06,0.0,0.0,Nov,3,2,1,1,Returning_Visitor,True,False
7,144.8,1,96.2,34,1374.63,0.01,0.02,0.0,0.0,May,1,1,3,2,Returning_Visitor,False,False
0,0.0,0,4.72,43,920.13,0.03,0.04,0.02,0.0,Dec,3,2,1,1,Returning_Visitor,True,False
3,85.5,0,0.0,42,1741.48,0.01,0.0,8.61,0.0,Mar,2,10,1,1,Returning_Visitor,False,False
1,20.38,0,0.0,49,4569.9,0.0,0.01,1.17,0.02,Nov,2,2,8,4,Returning_Visitor,False,False
0,0.0,0,0.0,2,14.0,0.0,0.04,0.01,0.0,Dec,4,2,1,1,Returning_Visitor,False,False
0,0.0,0,5.49,29,388.86,0.0,0.0,100.73,0.0,Oct,4,1,5,2,Returning_Visitor,False,True
0,1.44,0,0.0,4,26.5,0.0,0.05,0.12,0.0,Mar,2,2,9,2,Returning_Visitor,True,False
18,505.4,1,10.0,48,4434.28,0.0,0.03,4.53,0.0,May,2,2,1,2,Returning_Visitor,False,False
3,26.7,0,49.4,16,703.3,0.01,0.01,0.76,0.0,Aug,2,4,3,4,Returning_Visitor,False,False
0,0.0,0,0.0,18,1625.31,0.01,0.01,0.0,0.0,Nov,3,2,3,1,Returning_Visitor,False,False
2,25.6,0,1.66,42,1199.92,0.0,0.01,23.66,0.01,Jul,2,2,3,4,Returning_Visitor,False,False
1,78.58,0,0.0,38,1559.76,0.01,0.02,9.09,0.01,Mar,1,1,2,2,Returning_Visitor,False,True
0,0.68,0,1.98,12,252.75,0.0,0.02,0.08,0.0,Dec,2,2,7,3,Returning_Visitor,False,False
0,1.18,0,0.0,1,0.0,0.0,0.07,0.0,0.0,Mar,2,2,2,6,Returning_Visitor,False,False
0,0.0,0,0.0,8,65.0,0.03,0.05,0.0,0.0,May,2,2,1,13,Returning_Visitor,True,False
0,0.63,0,6.26,49,1694.38,0.01,0.03,4.28,0.0,Nov,2,2,4,1,Returning_Visitor,False,False
0,2.4,1,73.53,31,618.75,0.0,0.07,0.0,0.0,Nov,2,2,1,13,Returning_Visitor,False,False
8,142.54,0,0.0,25,338.79,0.0,0.03,0.0,0.01,Dec,2,2,7,3,Returning_Visitor,False,False
1,40.5,0,1.71,7,170.0,0.0,0.02,0.0,0.0,Dec,2,4,1,2,Returning_Visitor,True,False
0,0.85,0,0.0,38,1558.57,0.0,0.01,0.0,0.0,Mar,2,2,4,1,Returning_Visitor,True,False
3,145.1,0,0.0,28,789.13,0.01,0.01,37.55,0.0,Nov,2,2,1,2,Returning_Visitor,False,False
1,0.0,1,37.4,48,1146.5,0.0,0.02,7.15,0.01,May,2,4,1,4,Returning_Visitor,True,True
5,145.02,0,0.0,31,1066.0,0.0,0.01,1.02,0.0,May,2,2,3,6,Returning_Visitor,False,False
4,141.04,0,0.0,49,2299.39,0.0,0.02,0.04,0.0,May,2,2,2,3,Returning_Visitor,False,False
0,0.0,0,0.0,4,72.0,0.0,0.05,0.0,0.0,Dec,2,2,1,2,New_Visitor,False,False
0,0.99,0,0.0,20,545.1,0.01,0.03,0.0,0.0,May,3,2,8,4,Returning_Visitor,True,False
0,0.0,0,0.0,1,0.0,0.17,0.2,0.0,0.0,Nov,3,2,7,13,Returning_Visitor,False,False
3,78.0,0,0.0,40,1894.86,0.03,0.07,0.0,0.0,Mar,2,2,7,3,Returning_Visitor,True,False
2,21.75,0,0.0,6,84.25,0.03,0.04,0.0,0.0,Dec,3,2,4,20,Returning_Visitor,True,False
3,10.0,1,57.0,99,1917.05,0.0,0.01,8.93,0.0,May,2,2,1,1,Returning_Visitor,True,False
1,0.0,0,0.0,20,1487.08,0.0,0.04,9.66,0.0,Dec,3,5,1,1,Returning_Visitor,False,False
3,276.0,0,0.0,24,1021.2,0.01,0.04,0.23,0.0,Dec,1,2,3,1,Returning_Visitor,True,False
0,0.0,0,2.25,6,252.5,0.0,0.02,0.0,0.0,May,2,2,2,2,Returning_Visitor,False,False
0,0.0,0,2.35,1,0.0,0.09,0.2,0.92,0.0,Dec,2,13,9,3,Returning_Visitor,False,False
0,0.0,1,60.0,43,1131.81,0.03,0.05,0.0,0.0,Mar,1,1,1,3,Returning_Visitor,False,False
0,0.0,0,11.43,57,980.83,0.01,0.06,0.0,0.8,May,2,2,3,11,Returning_Visitor,False,False
0,0.0,0,1.83,1,0.0,0.2,0.2,0.0,0.0,Dec,2,5,1,1,Returning_Visitor,False,False
0,0.0,0,0.0,36,872.83,0.0,0.01,46.96,0.0,Nov,2,4,1,8,New_Visitor,False,True
0,0.0,0,0.0,5,515.5,0.03,0.03,0.0,0.0,Dec,1,1,4,2,Returning_Visitor,True,False
0,0.0,0,0.0,14,258.0,0.16,0.17,0.14,0.6,May,3,2,6,13,Returning_Visitor,False,False
0,0.0,4,140.0,26,832.83,0.01,0.03,0.0,0.0,May,3,2,1,2,Returning_Visitor,False,False
5,89.62,2,11.5,31,1719.66,0.01,0.02,0.0,0.0,Nov,3,2,1,13,Returning_Visitor,True,False
0,0.75,0,4.31,49,1266.33,0.01,0.03,0.0,0.4,May,2,2,3,4,Returning_Visitor,False,False
7,257.4,0,0.0,15,202.98,0.02,0.02,0.13,0.0,Nov,1,1,1,2,New_Visitor,False,False
0,0.0,0,0.0,7,1721.67,0.04,0.04,0.0,0.0,Nov,1,1,3,3,Returning_Visitor,False,False
0,0.0,0,0.0,12,346.16,0.02,0.03,0.0,0.0,Nov,3,2,1,3,Returning_Visitor,False,False
4,251.0,9,179.25,64,1618.14,0.0,0.02,0.04,0.0,Mar,2,2,4,2,Returning_Visitor,False,False
0,0.0,0,3.17,49,360.08,0.0,0.01,0.0,0.02,Mar,1,1,6,3,Returning_Visitor,False,False
5,140.85,0,0.0,30,2205.67,0.01,0.01,47.26,0.0,May,2,2,4,6,Returning_Visitor,False,True
3,160.5,0,0.0,10,370.5,0.01,0.04,0.0,0.0,Mar,1,1,7,10,Returning_Visitor,False,False
0,0.0,0,0.0,9,148.33,0.04,0.06,0.06,0.0,May,3,2,6,3,Returning_Visitor,False,False
3,37.0,1,16.0,18,463.5,0.0,0.0,0.3,0.0,May,2,5,1,3,Returning_Visitor,False,False
0,0.0,0,3.34,16,421.25,0.0,0.01,0.0,0.0,May,1,1,1,1,Returning_Visitor,False,False
0,0.0,0,0.0,2,67.0,0.0,0.06,0.15,0.0,Mar,1,1,4,1,Returning_Visitor,False,False
0,0.0,0,1.88,2,202.37,0.0,0.1,0.0,0.0,Dec,2,2,1,10,Returning_Visitor,False,False
3,666.2,2,173.54,27,1581.49,0.0,0.01,57.33,0.0,May,2,6,3,2,Returning_Visitor,False,False
4,148.5,1,15.9,48,4764.43,0.0,0.01,33.33,0.0,Mar,2,2,5,1,Returning_Visitor,False,False
0,1.19,0,11.56,11,219.5,0.02,0.05,0.0,0.6,May,1,1,3,3,Returning_Visitor,False,False
0,0.92,0,4.23,4,58.5,0.0,0.07,0.0,0.0,Dec,2,2,8,13,Returning_Visitor,False,False
1,18.0,0,0.0,26,1656.51,0.03,0.06,15.95,0.0,May,1,1,3,1,Returning_Visitor,False,True
8,295.93,5,17.9,44,6759.31,0.0,0.04,0.0,0.01,May,2,2,1,10,Returning_Visitor,False,False
0,0.0,0,0.0,16,218.55,0.05,0.06,0.06,0.0,May,3,2,1,3,Returning_Visitor,False,False
0,0.7,0,0.0,5,94.8,0.07,0.05,0.63,0.0,Nov,3,2,7,13,Returning_Visitor,False,False
1,27.0,0,0.0,17,1723.0,0.0,0.01,0.0,0.01,May,2,5,9,4,New_Visitor,False,False
0,0.0,0,0.0,3,15.0,0.05,0.13,0.12,0.4,May,2,2,4,1,Returning_Visitor,False,False
2,418.67,0,2.98,21,1748.78,0.02,0.02,23.07,0.0,May,2,2,1,5,Returning_Visitor,False,False
3,101.0,0,0.0,17,300.67,0.0,0.01,0.14,0.0,May,1,8,1,2,New_Visitor,False,False
0,0.0,0,2.78,17,85.67,0.02,0.08,0.03,0.0,Mar,2,2,6,1,Returning_Visitor,False,False
0,0.0,0,0.0,2,57.02,0.2,0.2,0.55,0.0,June,3,2,3,13,Returning_Visitor,False,False
0,0.0,0,5.51,56,1712.86,0.02,0.02,0.0,0.0,Dec,3,2,1,3,Returning_Visitor,False,False
0,0.0,0,3.6,38,1709.28,0.01,0.02,0.0,0.6,May,2,2,5,1,Returning_Visitor,False,False
1,6.0,0,4.72,14,1183.0,0.0,0.01,17.53,0.0,Nov,2,2,6,10,Returning_Visitor,True,True
0,0.0,0,0.0,10,698.86,0.0,0.03,0.07,0.0,Dec,3,2,1,2,Returning_Visitor,False,True
0,0.0,0,0.0,14,115.67,0.06,0.08,0.15,0.0,May,3,2,1,13,Returning_Visitor,False,False
3,85.1,0,0.0,8,194.23,0.08,0.08,0.0,0.01,Nov,3,3,1,1,Returning_Visitor,True,False
3,141.33,1,27.2,26,2609.0,0.0,0.0,54.08,0.0,Nov,2,6,1,2,Returning_Visitor,True,True
11,102.17,1,20.0,49,1222.62,0.0,0.04,0.0,0.0,Dec,2,2,1,2,Returning_Visitor,False,False
16,51.99,0,0.0,47,991.72,0.0,0.01,0.4,0.0,Sep,1,2,1,2,Returning_Visitor,False,False
3,21.2,0,0.0,24,1123.25,0.0,0.02,30.05,0.0,Sep,2,2,3,2,Returning_Visitor,False,True
0,0.0,0,2.76,1,301.0,0.2,0.09,0.0,0.0,May,1,1,9,4,Returning_Visitor,True,False
0,0.0,2,4.06,105,7764.82,0.0,0.02,0.0,0.0,Nov,2,2,3,2,Returning_Visitor,False,False
0,0.65,0,0.0,8,262.17,0.0,0.03,0.0,0.0,May,2,2,1,2,Returning_Visitor,False,False
1,125.57,0,0.0,16,545.08,0.0,0.01,10.95,0.01,Nov,3,2,5,2,New_Visitor,False,True
0,0.0,0,0.0,34,606.79,0.02,0.04,0.0,0.4,May,1,1,1,3,Returning_Visitor,False,False
0,0.0,0,0.0,6,103.0,0.0,0.05,2.57,0.6,May,2,10,1,3,Returning_Visitor,False,False
1,76.6,7,89.53,87,801.62,0.01,0.04,1.17,0.0,Sep,2,2,1,3,Returning_Visitor,False,False
1,0.68,0,0.0,5,95.1,0.07,0.06,1.22,0.0,Oct,1,1,4,4,Returning_Visitor,False,False
0,0.0,0,0.0,22,662.67,0.01,0.04,0.0,0.44,May,2,2,4,2,Returning_Visitor,False,False
0,0.0,0,7.18,49,4373.85,0.01,0.03,0.09,0.0,Dec,1,1,1,2,Returning_Visitor,True,False
0,0.0,0,0.0,21,263.0,0.01,0.05,0.14,0.0,Mar,2,6,1,3,Returning_Visitor,False,False
3,50.4,0,0.0,14,497.8,0.01,0.02,28.1,0.0,Sep,2,6,7,2,Returning_Visitor,False,False
3,21.7,0,0.0,49,1141.18,0.01,0.03,0.0,0.0,Nov,3,2,1,3,Returning_Visitor,False,False
3,138.62,0,0.0,18,754.92,0.0,0.01,0.0,0.0,May,3,2,6,2,New_Visitor,False,False
5,196.67,0,0.0,35,1536.41,0.0,0.0,0.2,0.0,May,3,2,1,4,Returning_Visitor,False,False
2,63.5,0,0.0,104,1667.16,0.0,0.0,1.07,0.0,Jul,2,4,2,1,Returning_Visitor,False,False
15,127.06,1,32.75,45,3879.83,0.0,0.01,0.0,0.0,May,3,2,1,10,Returning_Visitor,True,True
8,141.96,0,0.0,35,1113.78,0.0,0.01,1.11,0.0,Oct,2,5,2,2,Returning_Visitor,False,True
3,0.68,0,0.0,48,469.39,0.01,0.01,13.59,0.0,Oct,1,1,3,2,Returning_Visitor,False,True
0,0.0,0,1.86,3,181.0,0.07,0.06,0.19,0.11,May,1,2,3,2,Returning_Visitor,False,False
0,0.0,0,0.0,22,657.42,0.04,0.06,0.0,0.0,Jul,3,2,3,13,Returning_Visitor,True,False
0,1.81,0,0.0,24,1670.88,0.01,0.02,56.9,0.0,Dec,3,2,8,2,Returning_Visitor,False,True
3,69.0,1,18.0,13,409.47,0.0,0.04,0.0,0.01,Dec,2,2,1,2,Returning_Visitor,False,False
1,46.5,0,0.0,22,578.81,0.01,0.04,0.0,0.0,Dec,1,1,2,2,Returning_Visitor,False,False
0,0.0,0,1.73,2,37.11,0.0,0.1,0.0,0.0,Mar,2,2,4,1,Returning_Visitor,False,False
0,0.81,0,0.0,18,445.82,0.0,0.02,0.0,0.0,Mar,1,1,1,3,Returning_Visitor,True,False
6,10.0,0,0.0,49,634.69,0.08,0.06,0.0,0.0,Nov,2,2,8,13,Returning_Visitor,False,False
12,54.18,0,0.0,45,536.32,0.0,0.02,0.0,0.0,May,1,1,1,2,Returning_Visitor,False,False
0,1.1,0,0.0,8,136.75,0.0,0.1,0.0,0.0,Mar,2,2,2,10,Returning_Visitor,False,False
6,146.12,0,0.0,19,671.55,0.0,0.02,56.27,0.0,Dec,2,2,2,1,Returning_Visitor,False,False
0,0.0,0,0.0,32,1355.37,0.0,0.01,0.25,0.0,Nov,1,2,6,2,Returning_Visitor,False,False
8,117.22,2,57.0,12,252.89,0.01,0.01,0.0,0.0,May,2,2,2,3,Returning_Visitor,False,False
3,143.32,0,0.0,49,1683.32,0.0,0.02,4.35,0.0,Jul,2,2,1,2,Returning_Visitor,False,True
3,90.49,0,0.0,43,221.78,0.0,0.0,0.0,0.0,Nov,1,1,1,2,Returning_Visitor,False,False
0,0.0,0,0.0,4,54.39,0.0,0.05,0.0,0.0,Mar,1,1,1,2,Returning_Visitor,False,False
3,78.0,0,0.0,46,325.0,0.0,0.02,19.1,0.0,Dec,4,1,3,1,Returning_Visitor,True,True
0,0.0,0,0.0,45,2347.33,0.01,0.02,0.0,0.0,Nov,2,4,1,1,Returning_Visitor,False,False
4,291.96,4,52.4,219,6747.41,0.0,0.02,5.41,0.0,June,2,2,1,1,Returning_Visitor,False,False
5,141.28,0,0.0,48,3886.82,0.0,0.02,0.03,0.0,June,2,2,1,4,Returning_Visitor,False,False
0,2.3,0,2.77,52,1624.22,0.01,0.03,0.02,0.55,May,2,2,7,2,Returning_Visitor,True,False
1,14.69,0,0.0,48,1666.92,0.0,0.01,0.0,0.2,May,2,2,7,2,Returning_Visitor,False,False
3,120.67,0,0.0,8,261.6,0.0,0.01,0.15,0.0,May,2,7,1,2,Returning_Visitor,False,False
3,34.5,0,2.62,17,1698.45,0.0,0.01,0.0,0.0,Dec,3,1,1,2,New_Visitor,False,False
5,134.75,3,16.0,34,6323.85,0.01,0.03,3.51,0.0,Nov,1,1,1,2,Returning_Visitor,False,True
0,0.0,0,0.0,14,148.0,0.06,0.05,1.11,0.45,May,4,1,4,1,Returning_Visitor,False,False
2,21.33,0,1.43,3,223.24,0.0,0.01,0.0,0.0,May,3,2,4,4,Returning_Visitor,True,False
3,127.11,4,164.0,73,2490.14,0.0,0.01,43.27,0.0,May,2,2,7,2,Returning_Visitor,False,False
0,0.0,0,0.0,6,85.75,0.0,0.05,0.0,0.0,Nov,2,2,1,2,Returning_Visitor,False,False
3,79.09,0,0.0,15,537.2,0.01,0.03,27.66,0.6,May,2,2,2,6,Returning_Visitor,False,True
0,0.0,0,6.51,9,214.75,0.0,0.02,0.0,0.0,Nov,1,1,3,6,Returning_Visitor,False,False
9,111.75,0,0.0,41,18504.13,0.0,0.03,2.55,0.0,Nov,2,2,1,2,Returning_Visitor,True,True
4,129.96,0,0.0,27,623.03,0.01,0.03,0.0,0.0,Nov,1,1,1,3,Returning_Visitor,True,False
3,86.6,0,0.0,35,596.03,0.0,0.03,0.33,0.0,Oct,2,5,1,2,New_Visitor,False,False
0,0.0,0,36.89,28,2389.33,0.02,0.02,0.15,0.0,Mar,2,2,1,3,Returning_Visitor,True,False
0,0.0,0,2.67,11,199.5,0.16,0.12,0.0,0.0,Jul,3,2,1,1,Returning_Visitor,False,False
2,28.0,4,175.5,27,1253.33,0.01,0.01,39.72,0.0,Mar,2,2,1,2,Returning_Visitor,False,True
0,0.0,0,4.47,54,3371.05,0.0,0.02,0.17,0.0,May,2,4,1,3,Returning_Visitor,False,False
3,143.0,0,0.0,35,905.12,0.0,0.02,0.0,0.0,Mar,3,2,6,1,Returning_Visitor,False,False
3,0.0,0,0.0,30,2105.65,0.03,0.05,13.13,0.0,Oct,2,2,9,2,Returning_Visitor,False,False
8,4.39,3,88.58,42,3266.13,0.01,0.04,3.33,0.0,May,1,1,1,3,Returning_Visitor,False,False
0,0.0,0,0.0,30,480.61,0.03,0.06,0.03,0.0,Dec,3,2,3,3,Returning_Visitor,False,False
2,10.0,2,93.96,27,1686.97,0.01,0.03,10.1,0.0,May,2,2,7,2,Returning_Visitor,False,False
3,468.37,1,88.0,114,3772.41,0.0,0.0,21.82,0.0,May,2,2,2,14,Returning_Visitor,False,True
3,90.7,3,65.4,13,1036.53,0.04,0.05,19.75,0.0,May,3,2,1,4,Returning_Visitor,True,False
0,0.0,0,0.0,8,102.75,0.0,0.04,0.0,0.0,Dec,2,2,9,6,Returning_Visitor,False,False
0,0.0,0,2.23,1,36.0,0.0,0.06,0.46,0.0,Mar,2,2,6,2,Returning_Visitor,True,False
3,34.0,0,0.0,7,1252.08,0.01,0.03,0.14,0.0,Mar,2,4,2,8,New_Visitor,False,True
8,133.05,0,0.0,48,1899.06,0.0,0.01,14.17,0.0,Dec,1,1,1,2,Returning_Visitor,False,False
0,3.94,0,3.18,3,93.96,0.0,0.07,0.0,0.0,Dec,2,2,3,8,Returning_Visitor,False,False
0,0.0,0,2.08,27,170.0,0.04,0.08,0.0,0.0,Mar,1,1,7,3,Returning_Visitor,True,False
3,141.7,0,11.92,47,2066.93,0.02,0.04,17.71,0.0,Nov,2,2,1,4,Returning_Visitor,False,False
3,11.47,1,12.0,54,1470.97,0.01,0.02,0.0,0.01,Mar,3,2,4,2,Returning_Visitor,False,False
1,0.0,0,2.27,24,82.2,0.06,0.06,0.0,0.01,June,3,2,2,4,Returning_Visitor,False,False
2,58.0,0,0.0,6,101.8,0.0,0.01,0.1,0.0,Mar,3,2,8,2,New_Visitor,False,False
0,0.0,0,0.0,9,225.19,0.04,0.08,0.0,0.0,June,2,2,3,1,Returning_Visitor,False,False
4,98.0,4,216.0,17,1243.5,0.0,0.01,49.58,0.0,May,1,1,1,2,New_Visitor,False,True
0,0.68,0,0.0,2,0.0,0.2,0.2,0.0,0.6,May,2,2,7,3,Returning_Visitor,False,False
0,0.0,0,4.77,13,178.83,0.0,0.04,0.0,0.6,May,2,2,1,2,Returning_Visitor,False,False
3,66.5,4,65.75,152,3684.32,0.01,0.01,12.65,0.0,Nov,2,2,1,2,Returning_Visitor,False,True
3,51.5,0,0.0,21,1623.5,0.0,0.0,49.39,0.6,May,2,4,2,3,New_Visitor,False,True
7,2.15,2,50.5,48,1711.88,0.0,0.01,23.6,0.02,Nov,2,2,4,2,Returning_Visitor,False,False
0,0.0,0,0.0,10,108.92,0.02,0.04,0.04,0.0,Nov,2,2,1,10,Returning_Visitor,False,False
0,0.0,0,2.33,14,224.59,0.01,0.04,0.0,0.6,May,3,2,8,13,Returning_Visitor,False,False
0,0.0,0,0.0,42,1333.91,0.01,0.01,0.0,0.0,Nov,1,2,2,2,Returning_Visitor,False,False
0,0.0,0,0.0,1,0.0,0.2,0.18,0.0,0.03,Feb,3,2,3,3,Returning_Visitor,False,False
2,139.0,1,20.0,31,1589.06,0.01,0.03,0.0,0.0,May,1,1,3,4,Returning_Visitor,True,False
0,0.0,0,1.86,6,815.0,0.05,0.04,0.1,0.05,May,3,2,1,4,Returning_Visitor,False,False
0,1.17,0,0.0,1,0.0,0.2,0.17,0.0,0.0,Dec,2,2,6,2,Returning_Visitor,True,False
1,64.0,0,0.0,54,1155.03,0.0,0.01,0.09,0.0,May,4,2,2,4,Returning_Visitor,False,False
0,0.0,0,1.78,24,547.76,0.0,0.02,0.0,0.0,Nov,1,1,3,2,Returning_Visitor,True,True
0,0.0,0,8.62,20,1194.75,0.0,0.03,0.0,0.0,Nov,2,2,1,8,New_Visitor,True,True
0,0.0,0,1.99,21,761.25,0.0,0.02,0.0,0.0,May,3,2,3,1,Returning_Visitor,False,False
3,0.81,5,2195.3,32,378.4,0.03,0.03,0.0,0.0,Jul,1,1,3,1,Returning_Visitor,False,False
2,64.75,0,0.0,46,1157.98,0.0,0.01,0.0,0.0,Nov,2,2,1,10,Returning_Visitor,False,False
3,40.6,0,2.68,48,2030.48,0.0,0.02,0.09,0.0,Aug,2,2,3,5,Returning_Visitor,False,False
7,126.66,0,0.0,48,1256.29,0.0,0.01,0.0,0.0,Nov,2,2,7,2,Returning_Visitor,False,False
1,0.0,2,211.25,48,6749.44,0.0,0.02,0.0,0.0,Nov,2,2,1,2,Returning_Visitor,False,True
0,0.0,0,0.0,21,1714.61,0.0,0.02,0.0,0.0,Dec,2,2,2,2,New_Visitor,True,False
4,143.67,1,0.0,22,1678.55,0.0,0.01,0.0,0.0,May,1,1,6,4,New_Visitor,True,False
0,0.0,0,0.0,5,115.56,0.04,0.12,0.0,0.01,Mar,1,1,3,1,Returning_Visitor,False,False
0,0.0,0,5.46,20,333.7,0.02,0.04,0.0,0.0,Dec,2,2,1,1,Returning_Visitor,True,False
0,0.0,0,0.0,159,5878.94,0.01,0.02,0.0,0.0,Nov,2,2,1,2,Returning_Visitor,False,True
0,0.0,0,0.0,1,0.0,0.14,0.2,0.14,0.0,May,3,7,3,3,Returning_Visitor,False,False
0,0.0,0,0.0,28,160.0,0.0,0.01,0.0,0.2,May,2,2,2,2,Returning_Visitor,False,False
0,0.0,0,4.6,12,575.84,0.02,0.03,0.0,0.02,May,1,1,3,3,Returning_Visitor,False,False
5,83.0,0,10.54,5,29.5,0.04,0.06,0.46,0.0,Dec,1,1,3,2,Returning_Visitor,True,False
1,143.17,0,0.0,48,2237.6,0.0,0.02,0.0,0.0,Dec,1,1,4,2,Returning_Visitor,False,False
4,44.75,0,0.0,9,404.5,0.0,0.03,0.0,0.0,Nov,2,2,1,2,Returning_Visitor,False,False
0,14.86,0,0.0,5,102.75,0.05,0.1,0.0,0.0,Sep,1,1,6,3,Returning_Visitor,False,False
3,98.86,0,0.0,49,978.09,0.0,0.02,0.0,0.0,Dec,3,2,2,3,Returning_Visitor,False,False
0,0.0,0,3.85,17,290.83,0.0,0.01,0.05,0.4,May,2,2,3,2,Returning_Visitor,False,False
2,306.0,0,9.08,49,964.5,0.0,0.03,0.0,0.0,Mar,2,2,4,1,Returning_Visitor,False,False
0,0.0,1,4.11,48,566.5,0.0,0.03,0.19,0.6,May,3,2,1,3,Returning_Visitor,False,False
0,0.0,0,5.36,7,753.0,0.0,0.01,0.38,0.0,Mar,2,10,1,1,Returning_Visitor,False,False
0,0.0,0,0.0,20,197.38,0.03,0.06,0.24,0.0,Mar,2,6,6,1,Returning_Visitor,False,False
2,452.5,0,0.0,18,762.24,0.0,0.0,0.0,0.0,Nov,1,1,6,2,New_Visitor,False,False
1,1.21,2,272.5,30,974.27,0.01,0.01,11.48,0.0,May,2,2,1,2,Returning_Visitor,True,True
3,176.0,0,0.0,49,980.46,0.01,0.03,0.0,0.2,May,2,2,2,3,Returning_Visitor,False,False
3,136.49,0,0.0,36,844.94,0.0,0.02,0.0,0.0,Dec,1,2,1,10,Returning_Visitor,False,False
7,96.73,2,80.0,10,246.79,0.0,0.01,0.0,0.0,May,2,2,1,3,New_Visitor,False,False
0,0.0,0,2.83,25,1706.06,0.01,0.04,0.0,0.4,May,2,2,5,2,Returning_Visitor,False,False
0,0.0,0,0.0,39,1867.03,0.0,0.02,0.0,0.0,Nov,2,2,4,2,Returning_Visitor,False,False
0,0.0,0,3.4,39,1020.01,0.01,0.01,0.0,0.0,Dec,3,2,1,1,Returning_Visitor,True,False
3,103.0,0,0.0,32,1092.18,0.0,0.01,0.0,0.0,Jul,2,2,6,1,Returning_Visitor,False,False
3,70.71,0,0.0,49,941.92,0.0,0.0,0.04,0.0,Nov,2,2,1,2,New_Visitor,False,False
0,0.0,0,2.75,10,221.45,0.02,0.04,0.0,0.6,May,2,2,2,2,Returning_Visitor,False,False
9,141.75,2,310.5,40,123.5,0.0,0.02,0.0,0.0,May,1,1,3,2,Returning_Visitor,False,False
0,0.0,0,9.27,47,2493.99,0.02,0.03,0.0,0.0,Dec,2,2,9,1,Returning_Visitor,False,True
0,0.0,0,0.0,26,955.38,0.0,0.01,0.0,0.0,Dec,2,2,7,2,New_Visitor,True,False
0,1.34,0,0.0,1,0.0,0.2,0.2,0.0,0.0,May,1,1,1,3,New_Visitor,False,False
1,2.18,1,37.3,7,804.42,0.06,0.09,0.0,0.0,Oct,2,2,1,3,Returning_Visitor,False,False
0,0.0,0,0.0,1,0.0,0.15,0.2,0.32,0.0,Mar,2,5,1,3,Returning_Visitor,False,False
3,227.0,0,2.37,3,164.0,0.0,0.02,0.0,0.0,Mar,1,1,3,3,New_Visitor,False,False
0,0.9,4,82.5,22,1689.63,0.01,0.02,1.11,0.0,Nov,3,2,3,2,Returning_Visitor,False,False
0,0.0,0,4.38,47,1144.48,0.04,0.06,0.0,0.0,May,3,2,3,13,Returning_Visitor,False,False
0,0.0,0,0.0,4,206.5,0.05,0.06,0.0,0.0,Dec,1,1,1,8,Returning_Visitor,False,False
0,0.0,0,0.0,4,0.0,0.2,0.2,0.0,0.0,Jul,3,2,1,13,Returning_Visitor,False,False
2,145.65,0,0.0,11,131.3,0.0,0.02,0.0,0.0,Mar,2,2,1,2,New_Visitor,False,False
6,119.65,0,0.0,14,744.17,0.0,0.0,0.33,0.0,Dec,2,4,1,2,Returning_Visitor,False,False
1,2.0,0,13.28,61,1713.78,0.0,0.0,0.39,0.01,Nov,4,4,1,2,New_Visitor,True,True
2,161.0,0,0.0,38,1286.75,0.0,0.01,0.0,0.0,May,3,2,8,4,Returning_Visitor,True,False
9,2.25,0,0.0,37,2577.45,0.0,0.01,75.28,0.0,May,1,1,1,2,New_Visitor,False,True
1,6.0,0,0.0,15,762.0,0.01,0.01,0.87,0.01,Dec,2,2,9,2,Other,False,False
2,129.0,0,2.68,31,866.7,0.01,0.03,18.11,0.0,May,3,2,1,2,Returning_Visitor,False,True
8,535.75,2,12.0,22,2178.67,0.01,0.03,11.59,0.0,May,1,2,3,2,Returning_Visitor,False,False
0,0.0,0,0.0,77,1452.71,0.02,0.03,0.0,0.0,Sep,1,1,1,6,Returning_Visitor,False,False
0,0.0,0,2.99,13,490.08,0.0,0.02,0.14,1.0,May,3,8,1,11,New_Visitor,True,True
0,0.0,0,0.0,13,323.92,0.0,0.01,14.15,0.0,Mar,1,1,4,3,Returning_Visitor,False,True
0,0.0,0,0.0,4,2528.0,0.0,0.07,0.0,0.0,Mar,2,2,9,1,Returning_Visitor,True,False
2,13.0,0,0.0,23,855.17,0.01,0.04,0.0,0.0,Mar,2,5,1,3,Returning_Visitor,False,False
6,141.56,0,0.0,61,1707.42,0.01,0.03,0.0,0.0,Dec,2,2,1,2,Returning_Visitor,False,True
7,137.37,1,108.8,47,1912.75,0.01,0.01,19.64,0.0,May,3,2,3,13,Returning_Visitor,False,False
1,142.39,0,1.82,6,137.6,0.0,0.01,0.0,0.0,Oct,2,2,3,1,Returning_Visitor,False,False
3,15.0,1,215.52,102,4021.17,0.0,0.01,0.0,0.0,Nov,2,2,1,2,Returning_Visitor,True,False
3,34.18,0,2.38,70,2012.66,0.0,0.0,1.01,0.0,Nov,2,2,3,5,New_Visitor,True,False
2,35.0,0,0.0,20,1700.85,0.0,0.01,60.05,0.0,Mar,2,2,1,2,Returning_Visitor,False,True
0,0.0,0,0.0,48,1678.35,0.0,0.01,62.94,0.0,Nov,2,2,1,10,Returning_Visitor,False,True
7,141.12,0,0.0,49,743.01,0.0,0.01,0.0,0.0,May,2,2,1,3,Returning_Visitor,True,False
2,15.6,0,0.0,13,284.5,0.0,0.01,0.11,0.0,Mar,1,1,1,3,Returning_Visitor,False,False
5,139.32,0,0.0,15,219.27,0.0,0.02,0.0,0.0,Dec,1,1,1,3,New_Visitor,False,False
0,0.0,0,0.0,1,51.19,0.17,0.2,0.0,0.0,Mar,2,2,1,1,Returning_Visitor,False,False
2,11.0,0,0.0,8,101.25,0.0,0.01,0.0,0.8,May,2,2,3,2,Returning_Visitor,False,False
0,0.0,0,1.62,48,1709.66,0.02,0.03,0.12,0.0,Dec,3,2,1,10,Returning_Visitor,False,False
7,142.05,3,23.0,48,2524.5,0.0,0.02,11.57,0.0,Mar,2,1,1,2,Returning_Visitor,True,False
0,0.8,0,0.0,45,386.18,0.0,0.02,0.0,0.0,Jul,1,1,1,4,Returning_Visitor,False,False
0,0.0,0,0.0,11,0.0,0.2,0.2,0.0,0.0,Mar,1,1,8,1,Returning_Visitor,False,False
0,0.0,0,3.49,13,421.17,0.0,0.03,0.0,0.02,May,1,1,1,2,Returning_Visitor,False,False
3,17.0,0,0.0,62,1493.35,0.01,0.04,0.0,0.0,Dec,2,2,1,2,Returning_Visitor,False,False
11,140.33,5,205.0,46,9595.65,0.0,0.01,9.24,0.0,May,2,2,4,2,Returning_Visitor,False,True
1,11.0,0,3.12,4,43.7,0.0,0.06,0.0,0.0,Oct,2,2,6,2,Returning_Visitor,False,False
5,157.5,3,433.5,9,599.5,0.0,0.02,0.0,0.01,Nov,1,1,1,2,New_Visitor,False,False
0,0.0,0,4.98,4,223.33,0.0,0.01,0.0,0.0,May,2,2,1,2,Returning_Visitor,False,False
0,0.97,0,2.12,1,31.87,0.2,0.2,0.0,0.02,Mar,1,1,3,3,Returning_Visitor,False,False
1,73.25,1,55.0,12,457.0,0.01,0.04,0.68,0.0,Mar,2,2,1,6,Returning_Visitor,True,False
1,12.25,0,2.37,36,387.3,0.07,0.04,0.38,0.0,May,3,2,2,13,Returning_Visitor,False,False
2,0.0,0,0.0,8,170.53,0.02,0.0,40.5,0.0,Oct,2,5,1,5,New_Visitor,False,True
0,0.0,0,0.0,48,1498.74,0.02,0.05,0.0,0.6,May,3,2,1,13,Returning_Visitor,False,False
1,0.0,0,0.0,47,636.7,0.0,0.0,2.25,0.0,Aug,2,4,3,2,New_Visitor,False,False
0,0.0,0,0.0,8,321.0,0.0,0.06,0.0,0.45,May,2,2,3,4,Returning_Visitor,False,False
0,0.0,0,0.0,15,216.15,0.0,0.0,55.44,0.0,Nov,2,2,1,2,New_Visitor,False,True
0,0.0,0,4.2,24,255.32,0.03,0.03,0.0,0.6,May,2,2,8,1,Returning_Visitor,False,False
0,0.0,0,22.13,2,0.0,0.2,0.2,0.0,0.01,Nov,1,1,5,3,Returning_Visitor,False,False
0,0.0,0,2.31,4,163.5,0.0,0.03,0.68,0.0,Nov,3,6,2,1,Returning_Visitor,False,False
3,144.4,0,0.0,28,2394.0,0.03,0.06,0.0,0.0,May,2,2,7,1,Returning_Visitor,False,False
1,10.08,0,0.0,9,1179.86,0.0,0.02,0.17,0.0,Mar,2,1,3,3,Returning_Visitor,False,False
8,135.0,9,2252.03,37,1135.88,0.01,0.01,0.0,0.0,May,3,2,4,2,Returning_Visitor,True,False
0,0.0,0,1.98,5,239.66,0.0,0.05,0.0,0.0,May,2,2,6,1,Returning_Visitor,False,False
0,0.0,0,2.88,5,108.0,0.0,0.08,0.03,0.0,May,2,2,3,13,Returning_Visitor,False,False
3,138.23,0,0.0,46,2456.3,0.0,0.0,0.0,0.01,May,2,2,3,2,Returning_Visitor,False,False
0,0.0,0,2.49,47,582.74,0.0,0.04,0.22,0.0,Nov,1,2,1,1,Returning_Visitor,True,False
3,0.0,0,0.0,1,0.0,0.2,0.17,1.26,0.0,Dec,2,13,9,2,Other,False,False
15,12.89,3,214.5,40,4509.82,0.0,0.02,0.0,0.0,May,4,1,1,2,Returning_Visitor,False,False
0,0.0,0,0.0,16,318.47,0.01,0.02,0.0,0.0,Nov,2,2,7,2,Returning_Visitor,False,False
1,0.0,0,0.0,7,80.0,0.03,0.06,0.0,0.0,May,2,2,4,3,Returning_Visitor,True,False
2,35.5,0,2.54,29,1706.2,0.01,0.02,18.25,0.0,Dec,2,2,9,8,Returning_Visitor,True,False
1,6.0,1,3.64,25,1603.95,0.0,0.01,165.62,0.0,May,1,1,8,4,Returning_Visitor,False,True
0,0.0,0,0.0,9,11.0,0.16,0.18,0.0,0.0,May,2,2,2,4,Returning_Visitor,False,False
0,0.0,0,0.0,2,17.0,0.0,0.1,0.0,0.4,May,4,1,4,3,Returning_Visitor,False,False
1,78.0,0,4.4,21,1711.51,0.0,0.0,24.75,0.0,Mar,1,1,1,2,New_Visitor,False,True
0,0.0,0,2.45,38,731.85,0.0,0.02,0.0,0.0,Mar,1,1,1,3,Returning_Visitor,True,False
7,188.17,0,0.0,49,1089.64,0.0,0.01,1.26,0.0,May,2,3,8,2,Returning_Visitor,True,True
0,0.0,0,0.0,1,0.0,0.05,0.2,1.02,0.0,Aug,2,5,7,1,Returning_Visitor,False,False
5,60.2,1,11.0,55,3494.07,0.0,0.03,4.01,0.0,Nov,3,2,3,1,Returning_Visitor,False,False
1,0.0,0,2.66,4,96.33,0.08,0.09,0.0,0.0,Dec,1,1,2,3,Returning_Visitor,False,False
1,48.0,0,0.0,52,2376.86,0.02,0.05,13.33,0.0,May,2,2,3,3,Returning_Visitor,False,False
2,143.4,0,2.85,20,733.5,0.0,0.03,0.05,0.0,May,2,2,2,3,Returning_Visitor,False,False
0,0.0,0,0.0,5,404.57,0.16,0.12,0.29,0.0,May,2,2,6,6,Returning_Visitor,False,False
0,0.0,2,28.75,82,2375.11,0.01,0.03,0.0,0.0,Nov,3,2,1,1,Returning_Visitor,True,False
0,0.0,0,2.63,10,649.5,0.0,0.02,0.24,0.0,May,2,2,1,2,Returning_Visitor,False,False
0,1.03,0,0.0,1,0.0,0.0,0.2,0.0,0.0,Mar,2,2,5,1,Returning_Visitor,False,False
0,1.63,0,0.0,21,1644.88,0.01,0.03,0.0,0.0,Dec,1,1,1,10,Returning_Visitor,True,False
0,0.0,0,33.36,4,117.0,0.15,0.17,0.0,0.46,May,3,2,3,3,Returning_Visitor,False,False
0,0.0,0,0.0,4,249.46,0.0,0.03,0.0,0.0,May,1,1,4,2,Returning_Visitor,True,False
6,142.67,3,204.35,48,1182.43,0.0,0.0,19.72,0.0,Nov,2,2,1,13,Returning_Visitor,True,True
9,98.27,3,144.5,49,1630.14,0.0,0.04,0.65,0.01,May,3,2,7,2,Returning_Visitor,False,True
4,77.67,0,0.0,8,159.75,0.02,0.04,0.0,0.01,Nov,3,2,3,2,Returning_Visitor,False,True
10,126.73,4,495.5,46,2743.21,0.0,0.01,11.55,0.0,Nov,2,2,1,2,Returning_Visitor,True,True
3,49.86,0,0.0,94,5496.37,0.01,0.02,0.08,0.0,Nov,2,2,1,2,Returning_Visitor,False,True
1,3.0,0,18.05,12,577.17,0.0,0.02,0.05,0.0,Dec,1,1,3,1,Returning_Visitor,False,False
3,112.96,0,0.0,13,3014.02,0.02,0.06,0.0,0.0,Mar,2,2,1,2,Returning_Visitor,False,False
0,0.0,0,2.35,9,82.5,0.0,0.03,0.0,0.0,Dec,2,2,1,1,Returning_Visitor,False,False
0,0.0,0,11.54,5,311.0,0.17,0.17,0.0,0.6,May,1,1,1,3,Returning_Visitor,False,False
0,2.89,0,0.0,2,221.4,0.0,0.05,0.11,0.0,Mar,1,1,1,9,Returning_Visitor,True,False
0,0.7,0,3.11,4,107.56,0.0,0.05,0.0,0.0,May,4,1,1,3,Returning_Visitor,False,False
0,0.0,0,0.0,33,2199.5,0.0,0.01,0.0,0.0,Nov,2,2,6,2,New_Visitor,False,False
3,13.0,0,0.0,7,79.5,0.0,0.02,0.0,0.0,Mar,2,2,1,8,New_Visitor,True,False
3,0.0,0,0.0,17,315.3,0.0,0.03,0.0,0.0,Nov,1,1,2,3,Returning_Visitor,False,False
3,146.48,0,0.0,11,93.5,0.14,0.11,0.0,0.0,Oct,1,1,1,3,Returning_Visitor,False,False
3,49.75,0,0.0,20,547.4,0.0,0.02,15.07,0.01,Nov,3,2,5,2,Returning_Visitor,False,True
0,0.64,0,0.0,4,46.0,0.0,0.05,0.0,0.0,May,1,1,7,2,Returning_Visitor,False,False
3,98.25,0,0.0,10,303.25,0.0,0.01,0.0,0.0,Mar,3,2,2,2,New_Visitor,True,False
12,3.43,14,622.4,40,3684.86,0.0,0.01,34.46,0.0,Nov,3,2,1,3,Returning_Visitor,True,False
9,184.0,2,61.0,48,1986.25,0.0,0.01,11.53,0.0,May,2,2,1,2,Returning_Visitor,False,False
0,0.0,0,5.54,49,3414.88,0.02,0.03,0.0,0.0,Nov,2,2,7,2,Returning_Visitor,False,False
15,572.58,2,17.25,46,13717.4,0.0,0.02,45.16,0.0,May,2,2,1,2,Returning_Visitor,False,True
3,311.92,0,0.0,40,633.4,0.0,0.02,0.12,0.0,Mar,2,2,1,3,Returning_Visitor,False,False
5,136.0,0,0.0,16,1154.77,0.01,0.03,0.14,0.0,Mar,2,4,1,2,Returning_Visitor,True,False
0,0.0,0,6.74,24,471.61,0.0,0.03,0.0,1.0,May,2,2,3,4,Returning_Visitor,True,False
0,0.65,0,10.91,16,1323.62,0.0,0.01,0.05,0.0,Mar,2,2,7,1,Returning_Visitor,False,False
0,0.0,0,0.0,24,1035.25,0.05,0.09,0.02,0.0,June,3,2,6,13,Returning_Visitor,False,False
3,40.5,0,4.0,13,472.54,0.0,0.0,0.21,0.0,Nov,1,1,1,2,Returning_Visitor,False,False
0,0.0,0,0.0,20,1598.43,0.04,0.05,0.03,0.01,Jul,3,2,7,4,Returning_Visitor,False,False
1,0.0,0,0.0,18,415.27,0.0,0.03,0.07,0.0,Nov,3,2,7,2,Returning_Visitor,False,False
2,114.06,4,416.0,21,2755.67,0.0,0.02,0.19,0.0,Mar,3,2,1,2,Returning_Visitor,True,False
0,0.0,0,6.2,33,528.64,0.01,0.01,0.0,0.01,May,2,2,7,13,Returning_Visitor,False,False
11,17.48,0,0.0,47,498.2,0.0,0.01,27.61,0.0,May,2,2,1,2,Returning_Visitor,False,False
0,0.0,0,0.0,8,355.86,0.0,0.02,0.0,0.0,Nov,2,1,3,8,New_Visitor,True,False
13,112.63,2,11.0,40,10338.67,0.0,0.02,11.52,0.01,May,2,2,1,13,Returning_Visitor,False,False
0,0.91,0,0.0,21,1702.65,0.01,0.04,0.0,0.0,Dec,2,2,3,10,Returning_Visitor,False,False
0,0.0,0,0.0,86,1699.67,0.01,0.03,0.0,0.29,May,2,5,3,3,Returning_Visitor,False,False
3,27.08,1,33.58,48,1607.19,0.0,0.0,5.16,0.0,Dec,1,1,1,2,Returning_Visitor,True,True
1,16.0,1,29.0,19,1083.69,0.02,0.02,19.32,0.0,May,3,2,1,2,Returning_Visitor,False,False
3,0.0,0,0.0,1,0.0,0.01,0.1,1.26,0.0,Dec,2,13,9,2,Other,False,False
0,0.0,0,3.55,15,528.0,0.03,0.06,0.17,0.0,May,2,2,4,3,Returning_Visitor,False,False
1,1.41,0,0.0,14,333.9,0.0,0.03,0.71,0.0,May,3,2,8,6,New_Visitor,False,True
0,0.68,0,1.89,9,389.0,0.12,0.12,0.0,0.2,May,3,2,4,13,Returning_Visitor,False,False
15,76.75,0,0.0,36,761.22,0.0,0.02,0.0,0.0,May,3,2,1,2,Returning_Visitor,True,False
3,194.4,0,0.0,6,46.2,0.0,0.05,0.0,0.0,Oct,2,2,4,5,New_Visitor,False,False
0,0.0,0,0.0,5,266.48,0.06,0.1,0.0,0.0,Jul,1,1,1,4,Returning_Visitor,True,False
0,0.0,0,0.0,4,59.84,0.1,0.18,0.0,0.0,Dec,3,2,1,13,Returning_Visitor,False,False
0,0.0,0,0.0,4,1309.94,0.2,0.2,0.35,0.0,May,1,1,3,11,Returning_Visitor,True,False
0,0.96,0,0.0,2,283.05,0.05,0.06,0.0,0.41,May,2,2,7,4,Returning_Visitor,False,False
1,142.7,0,0.0,49,1713.37,0.0,0.02,0.0,0.0,May,3,2,1,13,Returning_Visitor,False,False
4,142.93,0,0.0,48,4679.03,0.01,0.03,0.0,0.0,Dec,2,2,1,13,Returning_Visitor,False,False
1,185.0,6,263.0,6,133.33,0.0,0.02,0.0,0.0,Mar,3,2,3,2,Returning_Visitor,False,False
1,3.26,0,2.49,0,0.0,0.17,0.16,0.0,0.0,Dec,3,2,1,3,Returning_Visitor,True,False
0,0.0,0,4.54,50,1735.6,0.0,0.01,0.02,0.2,May,2,2,3,1,Returning_Visitor,False,False
3,91.89,0,0.0,36,435.75,0.03,0.06,0.0,0.0,Mar,3,2,3,1,Returning_Visitor,True,False
2,26.0,3,140.83,48,5572.29,0.01,0.03,8.09,0.0,May,2,2,3,6,Returning_Visitor,False,False
4,271.2,0,0.0,46,1272.07,0.0,0.01,0.0,0.0,Oct,3,2,1,2,Returning_Visitor,False,False
0,7.97,0,7.79,52,1218.1,0.01,0.03,0.0,0.0,Sep,2,2,3,1,Returning_Visitor,False,False
7,312.8,1,4.0,46,2374.97,0.03,0.04,0.48,0.0,Jul,3,2,1,2,Returning_Visitor,False,False
5,47.94,0,0.0,34,1708.34,0.01,0.02,2.05,0.0,Nov,1,1,1,2,Returning_Visitor,False,False
0,0.0,0,3.46,23,946.66,0.0,0.06,0.0,0.8,May,2,2,1,4,Returning_Visitor,False,False
8,115.7,0,0.0,24,2159.5,0.0,0.02,0.0,0.0,Sep,2,2,4,2,Returning_Visitor,False,False
6,110.0,0,0.0,48,884.33,0.0,0.02,17.95,0.01,Nov,1,2,1,2,Returning_Visitor,False,False
0,0.96,0,1.78,2,57.04,0.2,0.2,0.0,0.0,Mar,2,2,1,1,Returning_Visitor,False,False
0,0.0,0,0.0,11,146.5,0.02,0.02,0.32,0.0,Nov,1,1,1,2,New_Visitor,False,False
5,127.6,0,5.21,470,14129.88,0.0,0.0,13.38,0.0,May,4,2,8,2,Returning_Visitor,True,True
0,0.65,0,3.19,15,266.33,0.0,0.03,0.0,0.0,May,2,2,1,3,Returning_Visitor,True,False
0,0.0,0,0.0,24,724.77,0.03,0.03,0.0,0.0,Nov,3,2,1,3,Returning_Visitor,True,False
3,64.3,0,0.0,25,1695.52,0.0,0.04,3.18,0.0,Oct,2,2,3,2,Returning_Visitor,False,False
2,126.48,1,274.0,39,1321.85,0.01,0.04,0.0,0.0,Aug,2,2,8,4,Returning_Visitor,False,False
21,79.44,4,176.5,44,2162.84,0.0,0.02,0.55,0.0,May,3,2,1,2,Returning_Visitor,True,False
5,130.33,1,68.0,39,2660.25,0.0,0.0,59.12,0.0,Nov,1,1,6,4,Returning_Visitor,False,False
2,38.0,0,0.0,3,33.33,0.05,0.07,0.0,0.0,Nov,2,2,8,10,Returning_Visitor,False,True
1,6.0,0,0.0,44,2011.31,0.0,0.01,0.1,0.0,Nov,2,2,1,3,Returning_Visitor,False,False
3,229.25,0,0.0,8,682.69,0.0,0.03,0.0,0.0,Dec,1,2,1,8,Returning_Visitor,False,False
0,0.0,0,3.62,2,17.0,0.1,0.15,0.0,0.12,Sep,1,1,5,2,Returning_Visitor,False,False
0,0.0,4,100.0,22,2175.99,0.01,0.03,0.12,0.0,Mar,2,2,3,1,Returning_Visitor,False,False
0,0.0,0,2.3,11,700.3,0.05,0.07,0.03,0.0,May,2,2,4,13,Returning_Visitor,False,False
0,0.0,0,0.0,8,1054.94,0.02,0.04,0.01,0.4,May,2,2,9,3,Returning_Visitor,False,False
0,0.0,0,0.0,21,499.75,0.0,0.03,1.06,0.0,Nov,2,4,3,10,Returning_Visitor,False,True
11,155.6,0,0.0,12,248.6,0.0,0.01,0.95,0.0,Aug,2,7,1,5,New_Visitor,False,False
0,0.66,0,0.0,20,2271.0,0.0,0.03,0.0,0.0,Mar,2,2,1,1,Returning_Visitor,False,False
1,38.0,1,17.37,30,1704.92,0.03,0.03,0.33,0.0,May,3,2,2,13,Returning_Visitor,False,False
1,1.21,0,2.07,13,500.31,0.03,0.06,0.0,0.0,Oct,1,1,4,4,Returning_Visitor,True,False
0,0.0,0,0.0,13,234.83,0.0,0.02,0.0,0.0,Nov,3,2,6,2,New_Visitor,False,False
3,98.6,0,0.0,11,1200.2,0.01,0.06,11.44,0.0,Nov,2,6,2,1,Returning_Visitor,True,False
3,35.0,0,0.0,7,117.08,0.0,0.04,0.0,0.0,Nov,2,2,1,2,Returning_Visitor,False,False
6,60.0,0,0.0,5,34.0,0.0,0.04,0.0,0.0,May,2,2,9,5,New_Visitor,False,False
0,0.0,0,4.27,5,52.58,0.12,0.16,0.0,0.6,May,3,2,1,3,Returning_Visitor,False,False
0,0.0,0,0.0,27,2514.25,0.0,0.01,31.41,0.01,Nov,2,2,3,5,New_Visitor,False,True
1,28.25,0,3.71,30,1862.33,0.0,0.03,0.0,0.0,Nov,3,2,1,13,Returning_Visitor,False,False
0,0.0,0,0.0,50,3002.9,0.0,0.01,0.06,0.0,Nov,2,2,1,2,Returning_Visitor,True,False
6,131.84,1,63.4,110,1691.24,0.0,0.02,11.22,0.0,May,2,2,1,4,Returning_Visitor,True,False
0,0.72,0,2.23,11,118.67,0.03,0.07,0.04,0.0,May,2,2,2,3,Returning_Visitor,False,False
1,73.0,0,5.94,2,296.0,0.0,0.06,0.0,0.0,Dec,2,2,1,8,New_Visitor,True,False
0,0.0,0,0.0,15,257.4,0.0,0.03,0.0,0.0,Jul,2,2,1,1,Returning_Visitor,True,False
0,0.0,0,0.0,48,676.17,0.0,0.02,2.71,0.0,May,2,2,1,4,Returning_Visitor,True,True
0,0.0,0,0.0,4,19.0,0.0,0.06,0.0,0.0,Mar,2,2,1,3,Returning_Visitor,False,False
0,0.0,0,6.8,7,2893.94,0.0,0.03,49.82,0.0,Mar,2,2,4,1,New_Visitor,False,True
0,0.0,0,0.0,100,2781.12,0.0,0.04,0.03,0.0,Dec,2,2,3,1,Returning_Visitor,False,False
0,1.33,0,0.0,14,481.97,0.01,0.03,0.0,0.0,Sep,1,1,1,2,Returning_Visitor,False,False
1,10.0,0,0.0,49,602.5,0.01,0.01,0.0,0.0,Dec,2,2,2,10,Returning_Visitor,False,False
1,3.2,0,0.0,28,1932.75,0.0,0.01,17.51,0.0,Nov,4,1,6,2,New_Visitor,False,True
0,0.0,0,0.0,4,52.3,0.01,0.1,0.0,0.0,Aug,2,2,6,5,Returning_Visitor,False,False
3,78.0,0,4.19,11,369.17,0.0,0.02,0.0,0.0,Mar,3,2,3,1,Returning_Visitor,True,False
0,0.0,0,0.0,159,4997.98,0.01,0.01,0.0,0.07,Nov,2,2,2,2,Returning_Visitor,False,False
3,117.8,0,0.0,12,267.8,0.03,0.04,4.58,0.0,Sep,3,2,1,13,Returning_Visitor,False,False
0,0.0,0,0.0,15,239.0,0.04,0.07,0.13,0.0,May,3,2,1,3,Returning_Visitor,True,False
3,141.88,6,657.83,140,3252.2,0.01,0.02,0.0,0.02,May,2,2,4,1,Returning_Visitor,False,False
3,145.5,2,27.0,45,6560.01,0.0,0.01,1.8,0.0,Nov,2,2,1,2,Returning_Visitor,False,False
3,5.0,0,0.0,30,1715.1,0.0,0.02,0.19,0.0,Nov,2,2,6,2,Returning_Visitor,False,False
2,106.16,0,75.0,17,442.33,0.0,0.03,0.0,0.8,Feb,2,1,3,3,Returning_Visitor,False,False
0,0.0,0,1.87,48,502.0,0.0,0.03,0.0,0.0,Dec,8,2,9,2,New_Visitor,False,False
3,726.0,0,4.61,47,3993.83,0.0,0.03,0.0,0.0,Nov,2,2,9,2,Returning_Visitor,False,False
0,0.0,0,0.0,30,500.71,0.05,0.06,0.0,0.0,Nov,3,2,2,13,Returning_Visitor,False,False
3,122.0,0,3.04,34,651.87,0.0,0.01,0.43,0.0,Nov,3,2,2,11,New_Visitor,False,False
11,70.62,5,1767.67,338,13265.36,0.01,0.02,1.11,0.0,May,2,2,1,2,Returning_Visitor,False,True
0,0.7,0,0.0,4,66.0,0.0,0.05,0.0,0.0,Dec,1,1,8,2,Returning_Visitor,False,False
0,6.34,0,0.0,1,0.0,0.2,0.2,0.13,0.0,Mar,2,2,5,3,Returning_Visitor,True,False
17,125.54,3,207.25,47,8282.21,0.0,0.01,13.92,0.0,May,2,2,1,2,Returning_Visitor,True,False
1,28.2,0,0.0,1,226.84,0.0,0.05,0.0,0.0,Sep,1,1,1,5,New_Visitor,False,True
5,44.0,0,0.0,49,1716.86,0.01,0.02,0.82,0.0,Nov,2,2,3,2,Returning_Visitor,True,True
5,85.67,0,0.0,25,1716.65,0.0,0.01,11.52,0.0,May,2,2,1,2,New_Visitor,False,True
1,9.0,1,82.0,93,934.37,0.02,0.04,3.32,0.02,May,3,2,8,13,Returning_Visitor,False,False
3,0.0,0,2.98,2,28.05,0.0,0.1,0.0,0.0,Nov,1,1,3,2,Returning_Visitor,False,False
0,0.0,0,0.0,9,165.0,0.0,0.02,0.03,1.0,May,2,2,4,4,Returning_Visitor,True,False
0,0.0,0,3.31,4,21.0,0.1,0.18,0.0,0.6,May,2,2,1,3,Returning_Visitor,False,False
2,132.4,0,0.0,11,296.3,0.0,0.02,2.25,0.0,Sep,3,2,3,2,Returning_Visitor,False,False
1,6.0,0,8.24,10,506.4,0.0,0.02,0.0,0.01,Sep,2,1,1,5,New_Visitor,True,False
0,0.0,0,0.0,27,1717.05,0.02,0.04,0.04,0.0,Mar,2,2,2,2,Returning_Visitor,False,False
3,102.3,0,0.0,38,585.37,0.02,0.03,0.0,0.01,Jul,1,1,3,3,Returning_Visitor,True,False
0,0.0,1,0.0,22,812.3,0.03,0.06,0.0,0.0,Nov,1,1,4,10,Returning_Visitor,True,False
0,0.0,0,0.0,12,1027.66,0.01,0.02,0.0,0.0,Mar,1,1,1,3,Returning_Visitor,False,False
0,0.0,0,0.0,7,87.71,0.04,0.09,0.0,0.0,Mar,3,2,1,3,Returning_Visitor,False,False
4,139.78,0,0.0,24,1015.3,0.0,0.0,61.92,0.0,Aug,2,2,3,2,New_Visitor,False,True
0,1.73,0,0.0,1,0.0,0.2,0.06,0.0,0.0,Dec,3,2,3,1,Returning_Visitor,True,False
0,0.0,0,5.89,50,998.95,0.01,0.03,0.0,0.13,May,3,2,3,2,Returning_Visitor,False,False
0,0.0,0,0.0,4,40.0,0.0,0.05,0.0,0.0,May,1,1,3,3,Returning_Visitor,False,False
0,0.0,0,3.15,3,60.5,0.1,0.1,0.0,0.0,Nov,3,2,6,6,Returning_Visitor,False,False
0,0.0,0,0.0,11,1616.02,0.0,0.02,0.18,0.0,May,2,5,1,2,Returning_Visitor,False,True
0,0.0,0,0.0,5,111.0,0.0,0.06,0.0,0.0,Nov,2,2,1,2,New_Visitor,False,False
2,82.6,0,0.0,20,1698.58,0.0,0.05,27.19,0.0,Sep,2,2,1,2,New_Visitor,True,True
0,0.0,0,1.44,1,0.0,0.2,0.2,0.0,0.0,Nov,3,2,1,13,Returning_Visitor,False,False
0,0.0,1,15.0,25,1577.96,0.03,0.05,0.0,0.0,Mar,1,1,1,3,Returning_Visitor,True,False
4,37.5,0,0.0,18,607.5,0.0,0.01,361.76,0.0,May,2,2,3,2,New_Visitor,False,True
0,0.0,0,36.51,18,706.05,0.02,0.04,0.35,0.0,Nov,1,8,1,11,Returning_Visitor,True,False
0,4.59,0,302.95,41,1690.17,0.0,0.01,0.0,0.0,Dec,1,1,1,2,Returning_Visitor,False,False
3,21.2,0,2.21,0,753.35,0.05,0.1,0.0,0.0,Oct,1,1,1,5,Returning_Visitor,False,False
3,63.5,0,0.0,48,4620.09,0.0,0.01,0.16,0.0,Dec,2,2,1,2,Returning_Visitor,True,False
0,0.0,0,10.8,14,244.0,0.0,0.06,0.09,0.0,May,2,4,1,4,Returning_Visitor,False,False
7,172.06,0,0.0,104,5155.35,0.0,0.03,0.32,0.0,Nov,2,5,3,1,Returning_Visitor,True,False
7,145.0,4,37.5,49,5252.86,0.0,0.01,0.68,0.0,May,2,2,4,2,Returning_Visitor,False,True
0,0.0,0,0.0,7,280.5,0.0,0.03,0.0,0.0,Feb,1,1,1,3,Returning_Visitor,False,False
11,9.73,0,0.0,41,881.44,0.0,0.01,20.12,0.0,Nov,2,2,3,1,New_Visitor,False,False
4,26.0,0,0.0,22,1671.38,0.02,0.04,0.0,0.0,Nov,2,2,3,8,Returning_Visitor,False,False
0,2.6,0,5.32,48,901.27,0.0,0.02,0.0,0.0,Dec,1,1,1,2,New_Visitor,True,False
11,157.89,3,84.8,170,3888.28,0.01,0.01,0.0,0.0,Nov,2,2,1,2,Returning_Visitor,False,False
7,110.25,0,0.0,48,266.58,0.0,0.04,0.08,0.0,Mar,2,2,1,2,Returning_Visitor,False,False
3,66.33,0,0.0,15,424.83,0.0,0.01,0.0,0.0,Mar,2,2,6,3,Returning_Visitor,False,False
2,145.92,0,0.0,33,1671.54,0.0,0.02,11.55,0.0,Dec,2,2,9,1,Returning_Visitor,True,False
0,0.0,0,0.0,10,0.0,0.2,0.15,0.0,0.8,May,3,2,2,13,Returning_Visitor,False,False
3,24.74,4,277.5,49,3993.14,0.0,0.02,32.1,0.0,Nov,3,2,1,2,Returning_Visitor,True,True
4,324.5,0,0.0,30,1699.28,0.0,0.01,58.76,0.0,May,2,2,4,2,Returning_Visitor,False,True
0,0.0,0,0.0,2,55.0,0.0,0.05,0.19,0.4,May,3,2,1,13,Returning_Visitor,False,False
3,30.88,0,0.0,49,1715.39,0.0,0.0,0.0,0.0,May,2,2,1,2,Returning_Visitor,True,False
5,60.0,1,0.0,10,647.67,0.02,0.04,0.57,0.0,Nov,2,4,1,3,Returning_Visitor,False,False
0,0.0,0,0.0,3,52.0,0.0,0.09,0.0,0.0,Mar,2,5,1,3,Returning_Visitor,False,False
5,60.6,0,0.0,20,473.5,0.03,0.03,14.88,0.0,Dec,3,2,1,1,Returning_Visitor,False,True
0,0.0,0,0.0,8,43.76,0.1,0.12,0.17,0.0,May,2,4,3,1,Returning_Visitor,False,False
0,0.0,0,0.0,49,1712.84,0.0,0.03,0.04,0.0,Nov,2,2,1,1,Returning_Visitor,False,False
2,25.0,0,0.0,6,181.14,0.0,0.03,0.0,0.0,Mar,2,2,1,2,New_Visitor,True,False
3,175.1,0,0.0,5,615.56,0.0,0.0,62.77,0.0,Sep,1,1,3,3,New_Visitor,True,True
3,174.6,0,4.67,15,251.2,0.06,0.08,0.0,0.0,Aug,3,2,6,1,Returning_Visitor,False,False
2,0.6,0,0.0,47,637.43,0.01,0.04,13.13,0.0,Nov,2,2,1,3,Returning_Visitor,False,False
0,0.0,0,3.34,48,588.72,0.0,0.01,0.0,0.07,May,2,2,4,2,Returning_Visitor,False,False
6,144.45,0,0.0,37,1824.08,0.0,0.01,0.04,0.0,Dec,3,2,3,2,New_Visitor,False,False
0,1.6,0,0.0,1,0.0,0.17,0.18,0.0,0.0,May,1,1,4,1,Returning_Visitor,True,False
4,80.89,2,4.71,19,2668.71,0.02,0.05,0.0,0.01,Aug,2,2,1,3,Returning_Visitor,True,False
1,0.0,0,8.31,42,88.0,0.06,0.12,0.0,0.8,May,3,2,1,6,Returning_Visitor,False,False
3,67.4,0,0.0,4,51.3,0.0,0.03,0.0,0.0,Oct,2,2,1,2,New_Visitor,True,False
0,8.44,0,1.95,7,203.5,0.0,0.02,0.08,0.0,Mar,1,1,1,9,New_Visitor,True,False
3,64.0,0,0.0,19,371.23,0.0,0.03,0.0,0.0,May,2,4,9,10,Returning_Visitor,False,False
0,0.0,0,2.02,32,1682.63,0.02,0.02,0.0,0.0,Nov,2,2,1,10,Returning_Visitor,False,False
2,11.0,0,0.0,26,1697.14,0.0,0.02,0.0,0.0,Nov,2,2,1,3,Returning_Visitor,False,False
1,5.0,0,1.99,7,1252.77,0.0,0.02,0.0,0.0,Mar,1,2,2,3,Returning_Visitor,False,False
0,0.0,0,2.1,5,21.0,0.0,0.06,0.0,0.0,Mar,2,2,7,1,Returning_Visitor,True,False
0,0.77,0,0.0,36,1455.67,0.0,0.03,0.0,0.0,Dec,1,1,1,2,Returning_Visitor,False,False
2,76.0,1,79.0,35,2072.67,0.01,0.03,8.1,0.8,May,2,4,6,2,Returning_Visitor,False,False
0,0.0,0,0.0,2,0.0,0.2,0.2,0.58,0.0,Nov,3,2,9,3,Returning_Visitor,False,False
8,7.76,2,214.17,44,1022.47,0.0,0.01,52.05,0.0,Nov,3,2,1,2,Returning_Visitor,False,True
0,0.0,0,2.27,10,72.5,0.08,0.06,0.0,0.2,May,2,2,2,13,Returning_Visitor,False,False
0,0.0,2,246.5,52,1838.85,0.0,0.01,0.06,0.0,Dec,2,7,3,1,Returning_Visitor,False,False
0,0.0,0,5.7,65,1712.5,0.02,0.05,0.0,0.0,Jul,2,2,2,3,Returning_Visitor,False,False
0,1.73,0,0.0,4,562.0,0.04,0.1,0.04,0.0,Dec,3,2,3,13,Returning_Visitor,False,False
4,91.0,1,188.0,160,2418.53,0.0,0.02,8.47,0.0,May,2,6,1,6,Returning_Visitor,False,False
0,2.12,0,2.75,21,452.8,0.0,0.02,16.83,0.0,May,1,1,1,4,Returning_Visitor,False,True
1,26.63,0,3.07,36,1837.97,0.03,0.04,0.0,0.44,May,3,2,1,11,Returning_Visitor,False,False
0,0.0,0,0.0,1,0.0,0.2,0.18,0.0,0.0,May,3,2,9,3,Returning_Visitor,False,False
0,0.0,0,0.0,10,213.67,0.0,0.01,0.3,0.0,Dec,1,8,3,3,New_Visitor,False,False
2,178.0,0,0.0,36,943.62,0.05,0.05,0.06,0.41,May,3,2,1,13,Returning_Visitor,False,False
0,0.0,0,0.0,6,252.3,0.0,0.0,22.15,0.0,Nov,1,1,7,2,Returning_Visitor,False,True
2,56.89,0,0.0,40,1296.92,0.0,0.02,11.55,0.0,Sep,2,2,7,2,Returning_Visitor,False,False
0,68.55,1,60.0,46,2747.16,0.0,0.01,0.13,0.0,Dec,2,5,7,2,Returning_Visitor,False,False
4,93.6,0,0.0,8,69.4,0.09,0.1,0.0,0.01,Sep,2,2,1,3,Returning_Visitor,False,False
0,0.0,0,0.0,19,347.0,0.0,0.01,0.0,0.0,Dec,2,2,2,1,Returning_Visitor,False,False
9,16.92,7,636.75,113,3312.88,0.0,0.02,0.0,0.0,Nov,2,2,1,2,Returning_Visitor,False,True
8,2.82,1,145.6,45,2734.97,0.0,0.08,27.6,0.0,May,2,2,3,5,New_Visitor,False,True
9,60.72,0,0.0,26,1655.19,0.0,0.02,27.97,0.0,May,1,1,7,2,New_Visitor,False,False
6,105.0,1,0.0,49,448.53,0.04,0.06,0.0,0.0,May,3,2,4,6,Returning_Visitor,True,False
0,0.99,0,3.55,7,88.0,0.0,0.06,0.0,0.7,May,2,2,3,1,Returning_Visitor,False,False
2,75.6,2,652.8,10,1143.67,0.0,0.02,0.0,0.0,May,2,2,4,2,Returning_Visitor,False,False
3,23.17,0,0.0,12,122.22,0.0,0.01,0.0,0.0,Dec,2,2,9,2,New_Visitor,True,False
1,69.0,0,0.0,8,423.0,0.0,0.03,28.05,0.0,Mar,2,4,1,8,Returning_Visitor,False,True
0,1.33,0,0.0,2,67.56,0.0,0.06,0.0,0.0,Nov,2,4,1,1,Returning_Visitor,False,False
4,56.0,1,101.58,22,1734.78,0.0,0.01,0.0,0.0,Nov,3,2,3,2,Returning_Visitor,True,False
3,56.0,0,0.0,49,2117.65,0.0,0.02,6.71,0.0,Dec,3,2,3,2,Returning_Visitor,False,True
4,144.1,0,0.0,186,5106.26,0.0,0.02,0.0,0.0,Nov,2,2,3,2,Returning_Visitor,True,False
0,0.0,0,2.13,2,0.0,0.2,0.17,0.06,0.07,May,2,2,4,13,Returning_Visitor,False,False
0,0.0,0,7.64,25,1461.42,0.02,0.06,0.0,0.0,Nov,3,2,3,11,Returning_Visitor,True,False
6,24.06,1,9.0,25,491.0,0.0,0.0,0.0,0.6,May,1,1,1,2,Returning_Visitor,False,False
3,28.5,0,0.0,8,181.67,0.03,0.02,0.06,0.0,Dec,1,1,3,2,Returning_Visitor,False,False
2,32.0,0,0.0,30,1407.5,0.01,0.03,15.51,0.0,May,2,2,1,13,Returning_Visitor,False,True
4,137.98,0,2.63,22,243.75,0.0,0.04,8.15,0.0,May,3,2,2,1,Returning_Visitor,True,True
3,67.0,0,0.0,4,44.55,0.0,0.03,0.0,0.0,May,2,2,4,1,Returning_Visitor,False,False
0,0.69,0,0.0,48,1429.5,0.0,0.02,0.0,0.0,June,2,2,1,3,Returning_Visitor,False,False
3,49.12,0,2.91,49,1727.05,0.01,0.02,11.57,0.0,Sep,3,2,3,1,Returning_Visitor,False,False
8,108.27,0,0.0,49,364.42,0.0,0.03,0.0,0.04,Oct,2,2,1,13,Returning_Visitor,False,False
1,138.64,1,141.0,7,45.48,0.0,0.0,0.0,0.0,Aug,2,2,1,3,Returning_Visitor,False,False
0,0.0,0,0.0,13,393.0,0.02,0.06,0.0,0.0,May,2,2,2,3,Returning_Visitor,False,False
0,0.0,0,0.0,4,54.5,0.1,0.15,0.0,0.0,Nov,2,2,1,10,Returning_Visitor,False,False
3,30.2,0,0.0,17,323.4,0.01,0.08,0.0,0.0,Jul,2,4,1,3,Returning_Visitor,True,False
1,27.2,0,0.0,91,1596.41,0.0,0.01,33.62,0.0,Sep,2,2,2,1,Returning_Visitor,False,False
0,0.0,0,3.04,4,81.5,0.0,0.03,0.0,0.0,May,1,2,2,4,Returning_Visitor,True,False
2,86.0,0,0.0,36,1720.42,0.0,0.01,0.65,0.2,May,2,10,4,2,Returning_Visitor,False,False
0,0.0,0,2.97,47,87.0,0.04,0.06,0.0,0.6,May,2,2,3,6,Returning_Visitor,False,False
4,53.2,0,0.0,29,496.97,0.0,0.01,0.0,0.0,Oct,2,2,5,20,New_Visitor,False,False
0,0.84,6,136.04,27,733.29,0.02,0.03,0.19,0.0,Nov,2,2,7,2,Returning_Visitor,False,False
0,0.0,0,5.1,18,1750.89,0.01,0.03,0.0,0.0,Dec,3,2,1,1,Returning_Visitor,False,False
3,71.34,3,95.0,29,1268.12,0.01,0.03,25.04,0.0,Nov,2,2,1,10,Returning_Visitor,False,True
0,0.0,0,0.0,4,209.93,0.0,0.06,0.0,0.0,Dec,1,1,4,2,Returning_Visitor,True,False
1,44.0,0,0.0,56,2075.98,0.0,0.01,0.74,0.0,May,2,5,2,3,Returning_Visitor,False,True
0,0.0,0,0.0,20,531.85,0.0,0.01,0.02,0.0,Mar,2,2,6,1,Returning_Visitor,False,False
2,51.0,3,68.75,227,12460.67,0.0,0.01,0.0,0.0,Nov,2,2,1,2,Returning_Visitor,False,False
2,225.0,0,0.0,6,507.4,0.0,0.01,0.0,0.0,May,2,2,1,4,New_Visitor,False,False
0,0.0,0,0.0,35,990.92,0.02,0.05,1.24,0.0,May,2,10,2,2,Returning_Visitor,False,False
3,61.4,1,0.0,41,1569.79,0.04,0.06,8.33,0.0,May,1,1,4,1,Returning_Visitor,False,True
4,7.56,0,2.56,91,5692.21,0.01,0.03,0.0,0.0,May,4,1,9,1,Returning_Visitor,False,False
3,0.0,0,0.0,11,225.5,0.02,0.05,0.0,0.0,Nov,2,5,4,11,Returning_Visitor,False,False
3,124.59,0,0.0,84,1689.9,0.01,0.01,0.0,0.0,Nov,1,1,3,2,Returning_Visitor,False,True
3,296.75,0,0.0,13,341.29,0.02,0.03,0.09,0.0,Dec,1,1,3,2,Returning_Visitor,False,False
2,7.5,0,0.0,63,1903.67,0.01,0.02,0.0,0.4,May,1,2,2,4,Returning_Visitor,False,False
0,35.01,0,1.86,13,245.46,0.0,0.02,0.0,0.0,Jul,1,2,2,4,Returning_Visitor,True,False
0,0.0,0,0.0,1,79.47,0.2,0.2,0.19,0.0,Nov,1,1,1,8,New_Visitor,False,False
0,0.0,0,0.0,4,126.5,0.0,0.09,0.0,0.0,Mar,2,5,3,1,Returning_Visitor,True,False
3,133.48,2,115.8,42,518.44,0.0,0.04,0.0,0.0,Aug,3,2,6,4,Returning_Visitor,False,False
0,0.0,0,0.0,3,36.0,0.07,0.1,0.0,0.0,Nov,2,2,3,2,Returning_Visitor,False,False
2,4.0,5,161.5,64,3757.08,0.02,0.02,18.88,0.0,Nov,1,2,6,2,Returning_Visitor,False,False
10,131.02,2,213.0,50,829.52,0.0,0.02,11.59,0.0,May,2,2,1,2,Returning_Visitor,False,False
0,0.0,0,0.0,28,331.99,0.02,0.03,0.0,0.0,Nov,3,2,1,13,Returning_Visitor,False,False
9,296.12,1,26.5,36,5057.17,0.0,0.02,17.79,0.02,May,2,2,1,3,Returning_Visitor,False,True
0,0.0,0,0.0,2,452.53,0.2,0.2,0.0,0.0,Mar,1,1,1,9,Returning_Visitor,True,False
3,69.0,0,0.0,47,769.0,0.0,0.0,47.93,0.0,May,3,2,3,2,Returning_Visitor,True,True
0,0.0,0,0.0,4,100.73,0.03,0.05,0.0,0.6,May,2,2,2,3,Returning_Visitor,False,False
3,113.38,1,42.0,132,5098.75,0.01,0.01,2.21,0.0,Nov,2,2,1,2,Returning_Visitor,False,True
7,144.99,0,0.0,48,4797.99,0.01,0.01,8.07,0.0,Nov,2,2,1,2,Returning_Visitor,False,False
5,126.05,0,0.0,16,399.0,0.02,0.06,0.0,0.0,May,2,5,1,2,Returning_Visitor,False,False
0,1.02,0,0.0,49,481.4,0.07,0.09,0.0,0.0,Aug,3,2,3,3,Returning_Visitor,False,False
0,0.0,0,0.0,16,1558.25,0.0,0.01,0.0,0.0,Nov,3,2,3,2,New_Visitor,True,False
0,0.0,0,0.0,3,178.25,0.0,0.07,0.35,0.0,Nov,3,2,1,10,Returning_Visitor,False,False
7,275.08,0,0.0,48,806.03,0.0,0.0,0.0,0.0,Nov,2,5,1,2,New_Visitor,False,False
1,23.2,0,0.0,3,397.8,0.0,0.01,0.57,0.0,Aug,2,2,1,4,Returning_Visitor,False,False
3,119.15,0,1.98,48,3222.76,0.01,0.02,0.2,0.6,May,3,2,4,4,Returning_Visitor,False,False
1,215.6,2,4.07,27,2968.9,0.02,0.04,0.0,0.0,Nov,3,2,6,1,Returning_Visitor,False,False
7,144.33,1,23.5,25,338.13,0.0,0.01,0.0,0.0,Mar,3,2,3,1,Returning_Visitor,False,False
3,93.5,0,0.0,23,393.65,0.0,0.02,0.0,0.0,May,2,2,3,3,New_Visitor,False,False
1,0.0,0,0.0,102,7463.57,0.0,0.04,0.0,0.0,Nov,2,2,7,1,Returning_Visitor,False,False
2,42.58,0,0.0,49,1336.21,0.01,0.04,0.0,0.0,Nov,2,2,1,1,Returning_Visitor,False,False
2,235.0,0,0.0,23,1193.0,0.0,0.01,45.61,0.0,May,3,2,7,2,New_Visitor,False,True
0,6.27,0,9.26,16,79.0,0.03,0.06,0.0,0.0,May,2,2,2,4,Returning_Visitor,True,False
3,99.3,1,685.25,48,4041.73,0.0,0.01,9.42,0.0,Nov,2,2,1,2,Returning_Visitor,True,False
3,92.17,1,39.0,48,1388.87,0.0,0.03,11.49,0.0,May,2,4,3,2,Returning_Visitor,False,False
0,0.0,0,0.0,5,105.0,0.04,0.06,0.0,0.0,May,2,2,1,13,Returning_Visitor,False,False
0,0.0,0,0.0,18,542.93,0.0,0.01,0.0,0.0,Nov,3,2,1,11,New_Visitor,False,False
2,39.5,0,80.57,28,986.93,0.04,0.06,0.0,0.0,Dec,1,1,3,2,Returning_Visitor,False,False
0,0.0,0,0.0,1,0.0,0.2,0.18,0.0,0.0,Mar,1,1,3,3,Returning_Visitor,False,False
0,0.0,0,0.0,6,1608.66,0.0,0.01,0.0,0.41,Feb,2,2,4,3,Returning_Visitor,False,False
0,0.0,0,7.23,49,1050.25,0.0,0.03,0.0,0.0,Nov,2,2,6,2,Returning_Visitor,True,False
12,32.24,0,0.0,60,1993.92,0.01,0.01,13.09,0.0,May,2,2,1,2,Returning_Visitor,False,False
3,206.33,0,0.0,20,1690.0,0.0,0.01,23.83,0.0,Mar,4,2,1,2,New_Visitor,False,True
0,4.17,0,0.0,7,1246.66,0.0,0.02,14.98,0.4,May,1,1,2,2,New_Visitor,False,True
1,29.96,0,0.0,49,1677.82,0.01,0.05,0.0,0.0,Dec,1,1,1,1,Returning_Visitor,False,False
0,0.0,0,0.0,9,261.75,0.0,0.03,1.09,0.0,Feb,2,6,1,1,Returning_Visitor,False,False
0,0.0,0,0.0,5,108.0,0.0,0.06,0.0,0.0,May,2,2,3,2,Returning_Visitor,False,False
0,0.0,0,3.79,19,1565.88,0.0,0.03,0.0,0.0,Nov,1,1,1,2,Returning_Visitor,True,False
0,0.0,0,0.0,64,1704.48,0.0,0.02,0.02,0.0,Nov,2,4,3,2,Returning_Visitor,False,True
6,276.75,0,0.0,12,342.12,0.0,0.01,0.0,0.0,Nov,1,2,3,2,New_Visitor,False,False
3,90.5,0,10.49,47,1720.6,0.02,0.06,0.0,0.0,Dec,2,2,8,1,Returning_Visitor,False,False
0,0.0,0,0.0,49,801.05,0.0,0.02,0.0,0.0,Dec,2,2,1,2,Returning_Visitor,False,False
1,0.0,0,3.53,8,436.0,0.0,0.02,0.0,0.0,Mar,2,4,6,1,Returning_Visitor,True,False
0,5.61,0,3.32,5,136.67,0.02,0.03,0.62,0.0,Mar,3,2,1,10,Returning_Visitor,True,False
0,9.0,0,0.0,49,4334.82,0.01,0.04,0.03,0.0,Mar,2,2,1,1,Returning_Visitor,False,False
0,0.81,0,0.0,13,224.0,0.0,0.01,0.0,0.0,May,1,1,1,3,Returning_Visitor,True,False
2,27.0,0,0.0,23,1278.09,0.0,0.01,0.05,0.0,Mar,2,2,2,2,New_Visitor,True,False
3,61.0,4,31.0,1,43.0,0.01,0.03,0.17,0.0,Dec,2,13,1,2,Other,False,False
14,3.16,12,985.42,38,1956.02,0.0,0.02,0.0,0.6,Nov,2,2,1,2,Returning_Visitor,False,False
0,0.0,0,1.55,5,221.5,0.0,0.06,0.64,0.0,Mar,3,2,1,10,Returning_Visitor,True,False
0,0.0,0,0.0,12,1713.89,0.02,0.04,0.0,0.0,Mar,2,2,7,1,Returning_Visitor,False,False
0,0.0,0,2.7,8,526.23,0.05,0.06,0.0,0.0,Dec,3,2,1,3,Returning_Visitor,True,False
5,73.5,1,55.0,41,1705.04,0.0,0.02,7.26,0.0,May,2,4,1,3,Returning_Visitor,False,False
2,41.5,0,0.0,10,264.25,0.02,0.03,0.0,0.0,Nov,1,4,1,8,New_Visitor,True,True
4,135.62,0,0.0,12,806.25,0.01,0.03,0.0,0.0,Dec,2,2,1,2,Returning_Visitor,False,False
0,0.0,0,2.49,3,252.37,0.07,0.04,0.0,0.0,Dec,3,2,1,20,Returning_Visitor,False,False
4,185.0,0,0.0,40,1694.75,0.02,0.03,0.0,0.01,Mar,2,2,1,1,Returning_Visitor,False,False
0,0.0,2,4.15,12,178.0,0.02,0.04,0.0,0.0,May,2,2,1,3,Returning_Visitor,False,False
0,0.0,0,4.18,1,100.88,0.17,0.17,0.0,0.0,Mar,2,2,2,1,Returning_Visitor,False,False
4,122.87,4,1009.73,38,1639.07,0.02,0.03,5.29,0.02,Nov,3,2,1,2,Returning_Visitor,True,False
4,140.26,0,0.0,12,226.4,0.08,0.08,0.0,0.0,Oct,3,2,1,13,Returning_Visitor,False,False
1,202.0,0,0.0,2,8.0,0.0,0.02,0.0,0.01,Mar,2,2,8,6,New_Visitor,False,False
0,0.0,0,0.0,32,2759.63,0.0,0.04,0.0,0.0,May,3,2,3,2,Returning_Visitor,False,False
0,0.0,1,204.0,45,1165.84,0.0,0.03,7.81,0.02,Oct,2,2,5,2,Returning_Visitor,False,True
0,0.0,0,1.44,3,1632.34,0.07,0.13,0.0,0.01,Nov,1,1,1,1,Returning_Visitor,False,False
3,27.0,0,4.42,2,16.0,0.0,0.05,0.0,0.0,Nov,2,2,2,2,New_Visitor,True,True
0,0.89,0,0.0,7,17.0,0.09,0.18,0.18,0.0,May,2,4,3,3,Returning_Visitor,False,False
1,0.0,0,0.0,66,1337.97,0.0,0.0,0.0,0.0,Sep,2,2,4,4,Returning_Visitor,True,False
0,0.77,0,2.04,5,52.67,0.04,0.05,0.0,0.0,Nov,3,2,2,13,Returning_Visitor,False,False
0,0.0,2,26.5,149,6001.17,0.0,0.02,0.0,0.0,Nov,2,2,1,2,Returning_Visitor,False,True
3,121.57,2,34.0,48,1699.27,0.0,0.01,0.22,0.0,Dec,2,4,1,2,Returning_Visitor,True,False
1,140.89,0,0.0,29,765.39,0.0,0.01,0.08,0.0,Nov,2,2,8,3,New_Visitor,False,False
1,78.0,0,0.0,42,623.32,0.02,0.03,0.0,0.0,Nov,1,1,4,2,Returning_Visitor,False,False
3,1.05,1,20.0,11,1569.17,0.0,0.03,18.81,0.0,May,3,2,2,2,Returning_Visitor,False,False
0,0.64,0,6.34,43,1713.5,0.0,0.01,0.0,0.0,May,2,2,1,2,Returning_Visitor,False,False
0,0.0,0,0.0,6,91.0,0.0,0.03,0.0,0.6,May,2,2,1,13,Returning_Visitor,False,False
9,130.75,0,0.0,19,716.95,0.0,0.02,0.0,0.0,May,1,2,1,2,Returning_Visitor,False,False
2,121.0,0,5.37,28,1743.91,0.02,0.02,111.51,0.0,Dec,1,1,6,10,Returning_Visitor,True,False
2,12.0,0,0.0,20,1555.42,0.04,0.06,0.0,0.0,Nov,1,1,1,2,Returning_Visitor,True,False
0,50.36,0,13.56,27,1640.18,0.0,0.01,0.0,0.0,Mar,4,1,1,11,Returning_Visitor,True,False
0,0.0,0,0.0,1,0.0,0.16,0.09,0.09,0.0,May,3,1,4,4,Returning_Visitor,False,False
0,0.0,0,0.0,42,1712.09,0.0,0.02,0.0,0.0,Dec,2,2,1,2,Returning_Visitor,False,False
0,0.77,0,0.0,69,2734.82,0.0,0.0,56.34,0.01,May,4,1,7,2,Returning_Visitor,False,True
4,141.39,0,3.04,46,4402.25,0.0,0.01,246.76,0.0,Nov,2,2,8,2,New_Visitor,False,False
7,193.75,0,0.0,47,1316.43,0.0,0.02,0.12,0.0,Nov,1,2,3,2,Returning_Visitor,False,False
0,1.07,0,0.0,7,297.0,0.03,0.07,0.04,0.8,May,1,1,1,1,Returning_Visitor,False,False
3,139.46,0,1.77,12,274.58,0.0,0.02,0.0,0.0,Nov,1,1,1,2,New_Visitor,False,False
5,241.35,0,0.0,5,244.7,0.01,0.03,0.0,0.0,Nov,2,2,4,1,Returning_Visitor,True,False
3,18.0,0,0.0,2,8.0,0.0,0.05,0.81,0.0,Dec,3,13,9,2,Returning_Visitor,False,False
3,9.17,1,24.0,80,5426.02,0.01,0.03,0.06,0.0,May,2,2,6,13,Returning_Visitor,False,False
0,1.83,0,0.0,5,191.7,0.0,0.06,0.06,0.0,Dec,3,2,1,3,Returning_Visitor,False,False
0,0.0,0,0.0,3,15.0,0.0,0.06,0.0,0.45,May,1,1,3,3,Returning_Visitor,False,False
1,0.0,0,0.0,11,496.0,0.02,0.06,0.03,0.0,Dec,2,12,2,3,Returning_Visitor,False,False
8,206.0,3,132.0,45,1750.33,0.0,0.01,0.8,0.0,Mar,2,2,1,1,Returning_Visitor,False,False
2,143.41,0,0.0,41,857.27,0.01,0.02,5.85,0.0,Nov,2,2,1,1,Returning_Visitor,False,False
0,0.0,0,4.45,5,1162.5,0.0,0.03,0.0,0.0,Mar,2,2,2,2,Returning_Visitor,False,False
0,0.0,0,0.0,16,226.74,0.08,0.09,0.0,0.4,May,1,1,6,3,Returning_Visitor,False,False
1,18.2,0,0.0,17,225.68,0.0,0.0,0.09,0.0,Nov,2,2,1,2,Returning_Visitor,False,False
3,57.5,0,0.0,49,845.83,0.0,0.01,19.3,0.6,May,2,2,1,3,Returning_Visitor,False,True
3,277.8,0,0.0,25,884.5,0.0,0.0,0.25,0.0,Jul,2,10,2,2,New_Visitor,True,True
5,2.04,0,0.0,18,3275.11,0.0,0.01,29.61,0.0,Aug,4,1,1,3,Returning_Visitor,False,True
0,0.0,3,289.38,48,1676.24,0.01,0.02,0.12,0.0,Nov,1,2,1,2,Returning_Visitor,True,False
1,0.75,0,0.0,19,273.0,0.04,0.07,0.0,0.0,May,3,2,1,6,Returning_Visitor,False,False
0,0.0,0,2.97,49,1705.9,0.01,0.05,0.0,0.4,May,2,2,2,13,Returning_Visitor,False,False
0,0.0,0,3.8,1,66.42,0.2,0.2,0.0,0.0,Dec,2,2,8,11,Returning_Visitor,False,False
0,0.0,0,0.0,27,1651.08,0.01,0.02,0.0,0.0,May,3,2,3,3,Returning_Visitor,False,False
0,0.0,0,0.0,8,357.25,0.0,0.06,0.04,0.0,Mar,3,10,4,1,Returning_Visitor,False,False
5,44.02,0,0.0,22,742.0,0.0,0.01,32.22,0.0,May,1,1,3,5,New_Visitor,True,True
0,0.0,0,3.71,24,1709.09,0.03,0.03,0.0,0.0,Nov,1,1,3,2,Returning_Visitor,False,False
3,31.33,0,0.0,33,1077.87,0.0,0.02,0.04,0.0,Mar,3,2,3,2,Returning_Visitor,False,False
3,134.93,3,19.0,47,1707.36,0.0,0.04,0.0,0.0,Nov,2,2,1,10,Returning_Visitor,False,False
0,0.0,0,1.89,5,467.0,0.0,0.02,0.0,0.4,Feb,1,1,3,3,Returning_Visitor,False,False
3,144.65,0,6.05,35,573.0,0.0,0.02,9.6,0.6,May,2,2,1,4,Returning_Visitor,False,False
6,143.17,0,0.0,48,925.95,0.0,0.01,13.61,0.0,Mar,2,2,1,2,Returning_Visitor,False,True
6,65.0,2,243.0,19,681.62,0.0,0.01,6.32,1.0,Mar,2,2,3,2,Returning_Visitor,False,True
1,136.5,0,0.0,37,1707.37,0.0,0.01,39.96,0.0,Nov,2,5,7,3,Returning_Visitor,False,True
3,142.79,2,94.17,49,612.82,0.02,0.03,11.47,0.0,Nov,3,2,1,2,Returning_Visitor,True,True
6,1013.89,1,378.8,48,230.28,0.0,0.02,13.86,0.02,Sep,2,2,1,2,Returning_Visitor,True,False
0,0.68,0,0.0,1,33.81,0.2,0.2,0.35,0.0,May,3,2,1,3,Returning_Visitor,False,False
3,19.66,0,4.99,35,1708.83,0.0,0.01,0.0,0.0,Nov,3,2,1,3,Returning_Visitor,False,False
0,0.0,0,0.0,1,0.0,0.2,0.2,0.0,0.0,Dec,2,2,1,1,Returning_Visitor,False,False
10,323.55,0,0.0,47,1044.8,0.0,0.02,0.0,0.0,May,3,2,7,4,Returning_Visitor,False,False
1,16.0,3,585.62,40,765.04,0.01,0.02,0.55,0.0,Dec,3,2,1,1,Returning_Visitor,False,False
0,0.0,0,0.0,17,639.76,0.0,0.01,63.46,0.0,Oct,2,2,3,4,New_Visitor,False,True
2,31.0,1,16.0,36,2083.53,0.0,0.01,0.0,0.8,Feb,2,2,4,3,Returning_Visitor,False,False
0,0.68,0,2.05,10,279.33,0.02,0.03,0.0,0.0,Nov,3,2,6,2,New_Visitor,False,False
3,327.5,0,0.0,7,570.5,0.0,0.03,0.19,0.0,Mar,2,2,2,2,Returning_Visitor,False,False
11,543.0,6,446.9,20,2039.0,0.0,0.02,25.39,0.01,May,2,2,1,2,Returning_Visitor,False,True
0,1.37,0,2.18,3,85.03,0.0,0.06,0.0,0.0,Mar,2,2,1,1,Returning_Visitor,False,False
6,265.4,0,0.0,19,161.6,0.0,0.02,0.0,0.0,Aug,1,1,1,3,Returning_Visitor,False,False
0,0.0,0,0.0,4,208.91,0.0,0.05,0.0,0.0,May,1,1,4,3,Returning_Visitor,False,False
0,0.0,0,2.18,2,0.0,0.2,0.2,0.05,0.0,Mar,2,4,1,3,Returning_Visitor,False,False
0,0.0,0,0.0,5,147.25,0.03,0.06,0.0,0.0,Mar,1,1,6,3,Returning_Visitor,False,False
3,178.0,2,209.0,17,2777.67,0.0,0.01,0.41,0.0,Mar,3,2,7,1,Returning_Visitor,False,False
0,0.0,0,3.8,2,12.0,0.0,0.06,0.0,0.0,Dec,3,2,3,13,Returning_Visitor,False,False
3,15.75,0,0.0,48,6739.38,0.0,0.01,0.29,0.0,Nov,2,2,1,2,Returning_Visitor,False,False
6,99.33,1,28.5,9,345.5,0.0,0.01,0.0,0.0,Mar,2,2,3,8,New_Visitor,False,False
0,0.0,0,0.0,47,1475.37,0.01,0.03,0.0,0.01,Nov,1,1,4,1,Returning_Visitor,True,False
0,0.0,2,97.17,81,3466.79,0.02,0.02,0.0,0.0,Nov,3,2,1,2,Returning_Visitor,True,False
4,70.5,0,0.0,3,51.3,0.0,0.05,0.0,0.0,Sep,3,3,4,2,New_Visitor,False,False
3,26.5,0,0.0,71,1260.44,0.0,0.01,3.74,0.0,Nov,2,2,1,1,Returning_Visitor,False,True
0,0.0,0,0.0,7,214.92,0.0,0.03,0.58,0.0,Nov,3,2,2,1,Returning_Visitor,False,False
0,0.0,0,1.76,11,1710.6,0.02,0.04,0.03,0.01,Mar,2,2,3,1,Returning_Visitor,False,False
0,0.0,0,0.0,12,770.25,0.0,0.03,0.7,0.02,Dec,2,4,1,8,New_Visitor,False,False
0,0.0,0,0.0,60,1288.56,0.0,0.02,0.0,0.03,June,2,4,3,4,Returning_Visitor,False,False
1,35.0,0,0.0,10,89.33,0.0,0.02,0.49,0.0,May,2,2,1,3,New_Visitor,False,False
0,0.0,0,0.0,16,157.57,0.0,0.03,0.0,0.0,Mar,3,2,2,3,Returning_Visitor,False,False
3,37.0,0,0.0,24,1669.1,0.01,0.02,11.11,0.0,May,2,2,1,6,Returning_Visitor,False,False
2,0.7,0,0.0,49,615.3,0.05,0.08,0.0,0.0,June,1,1,2,3,Returning_Visitor,False,False
3,46.96,0,0.0,48,585.8,0.0,0.0,0.0,0.0,Nov,2,2,2,10,Returning_Visitor,True,False
3,54.5,0,0.0,5,66.5,0.01,0.03,0.17,0.02,Dec,2,13,6,2,Returning_Visitor,False,False
1,3.0,0,0.0,40,624.75,0.0,0.01,0.31,0.02,Mar,2,7,3,3,Returning_Visitor,False,False
0,0.69,0,0.0,5,200.0,0.0,0.06,0.11,0.0,May,3,2,1,4,Returning_Visitor,True,False
0,0.69,0,2.12,1,42.47,0.2,0.2,0.0,0.8,May,3,2,1,2,Returning_Visitor,False,False
3,48.0,0,0.0,5,11.0,0.0,0.01,0.05,0.0,Mar,2,6,6,7,New_Visitor,True,False
2,12.0,0,0.0,39,488.38,0.0,0.04,0.0,1.0,Nov,1,1,2,3,Returning_Visitor,True,False
2,142.77,1,4.27,106,4143.18,0.02,0.04,4.48,0.0,Aug,3,2,1,2,Returning_Visitor,False,False
0,0.0,0,0.0,17,484.6,0.01,0.02,0.0,0.2,May,1,1,1,1,Returning_Visitor,False,False
1,143.36,0,0.0,9,32.2,0.06,0.11,0.0,0.0,June,1,1,1,3,Returning_Visitor,False,False
0,0.0,0,3.37,27,495.55,0.0,0.01,0.0,0.0,Nov,8,2,3,6,New_Visitor,False,True
0,0.0,0,0.0,23,490.1,0.03,0.06,0.01,0.2,May,2,2,1,13,Returning_Visitor,False,False
0,0.0,0,0.0,4,15.0,0.0,0.1,0.0,0.0,Dec,2,2,9,1,Returning_Visitor,False,False
0,0.0,0,0.0,19,232.57,0.0,0.0,0.0,0.0,May,2,2,3,2,Returning_Visitor,False,False
2,17.0,0,5.35,15,1349.0,0.0,0.01,0.0,0.0,Mar,2,2,1,3,Returning_Visitor,False,False
0,0.0,0,0.0,5,205.19,0.0,0.04,0.15,0.0,Mar,2,5,1,1,Returning_Visitor,False,False
5,136.54,2,34.0,46,1302.5,0.0,0.02,0.0,0.01,Mar,1,1,1,10,Returning_Visitor,False,False
0,0.0,0,5.44,49,1698.35,0.04,0.05,0.16,0.0,Nov,3,2,1,13,Returning_Visitor,False,False
4,197.0,1,25.0,48,1596.67,0.0,0.01,19.93,0.0,May,4,2,2,2,New_Visitor,True,False
0,0.0,0,0.0,12,312.03,0.0,0.01,17.81,0.0,May,2,2,8,6,Returning_Visitor,False,True
5,238.38,0,0.0,39,1659.53,0.0,0.02,27.08,0.0,Mar,3,2,3,1,Returning_Visitor,False,False
0,0.0,0,0.0,2,93.0,0.0,0.05,0.0,0.0,Dec,3,2,5,2,Returning_Visitor,False,False
3,98.5,0,0.0,48,757.38,0.0,0.04,27.98,0.0,Nov,2,2,1,2,Returning_Visitor,False,False
0,0.0,0,0.0,6,463.5,0.0,0.03,0.23,0.0,Mar,2,5,1,3,Returning_Visitor,False,False
0,1.57,0,1.9,2,59.0,0.04,0.1,0.14,0.0,May,2,2,7,4,Returning_Visitor,False,False
0,0.0,0,6.77,22,366.75,0.02,0.04,0.0,0.0,Nov,2,2,6,1,Returning_Visitor,False,False
0,0.0,0,0.0,11,212.92,0.0,0.01,0.0,0.0,Nov,3,2,1,2,New_Visitor,False,False
3,19.67,0,0.0,48,1558.8,0.03,0.03,0.0,0.0,Nov,3,2,3,2,Returning_Visitor,True,False
0,0.0,0,0.0,96,1231.79,0.0,0.01,0.0,0.0,May,2,4,3,1,Returning_Visitor,False,False
0,0.0,0,0.0,49,377.5,0.02,0.06,0.0,0.0,Nov,1,1,2,11,Returning_Visitor,True,False
2,94.6,0,74.6,16,199.0,0.0,0.02,0.21,0.0,Jul,1,1,9,2,New_Visitor,False,False
0,0.0,0,1.45,6,235.6,0.0,0.1,0.0,0.0,Mar,1,1,1,10,Returning_Visitor,False,False
2,132.1,4,15.0,30,569.12,0.01,0.04,0.0,0.0,May,2,2,1,4,Returning_Visitor,False,False
1,6.0,0,0.0,6,125.0,0.0,0.06,0.05,0.0,Dec,2,2,1,1,Returning_Visitor,False,False
1,129.0,1,5.87,28,1186.34,0.03,0.06,0.0,0.0,Sep,3,2,7,13,Returning_Visitor,False,False
0,0.0,0,2.7,21,1164.59,0.0,0.05,0.0,0.03,Nov,2,2,9,3,Returning_Visitor,False,False
1,13.0,0,0.0,10,391.85,0.02,0.06,0.0,0.0,Mar,3,2,4,3,Returning_Visitor,True,False
8,29.32,4,759.5,23,1291.35,0.01,0.02,0.17,0.0,Mar,3,3,1,2,Returning_Visitor,True,False
6,107.37,0,2.01,11,151.3,0.01,0.04,0.0,0.0,Nov,2,2,1,3,Returning_Visitor,False,False
1,139.35,0,0.0,21,602.92,0.03,0.04,0.0,0.0,Nov,3,2,1,13,Returning_Visitor,False,False
0,0.0,0,0.0,14,565.33,0.04,0.05,0.34,0.01,Mar,2,6,3,1,Returning_Visitor,False,False
0,0.0,0,0.0,6,206.76,0.01,0.06,0.0,0.0,May,2,2,4,2,Returning_Visitor,False,False
1,107.0,5,143.75,2,17.0,0.03,0.05,0.0,0.0,Dec,3,2,3,2,Returning_Visitor,False,False
0,0.0,0,13.62,36,1196.77,0.01,0.02,0.0,0.0,Aug,1,1,6,3,Returning_Visitor,True,False
3,76.5,0,0.0,43,2846.3,0.01,0.03,0.0,0.0,Jul,2,2,1,13,Returning_Visitor,False,False
3,27.4,0,0.0,5,51.2,0.0,0.0,0.0,0.0,Aug,2,2,1,2,New_Visitor,False,True
3,143.03,0,0.0,9,21.1,0.03,0.04,0.0,0.0,June,3,2,6,5,New_Visitor,False,False
1,93.12,0,0.0,26,1659.87,0.0,0.02,21.82,0.0,Nov,2,5,2,1,Returning_Visitor,False,True
0,0.0,0,0.0,9,219.0,0.03,0.07,22.9,0.0,May,3,2,1,1,Returning_Visitor,False,True
3,28.2,0,0.0,17,608.22,0.05,0.05,0.0,0.0,Jul,2,2,2,1,Returning_Visitor,False,False
6,138.77,0,0.0,25,635.49,0.01,0.01,10.58,0.0,Nov,3,2,3,8,Returning_Visitor,True,True
1,8.0,3,181.25,124,6142.25,0.02,0.02,24.29,0.0,Nov,1,1,1,3,Returning_Visitor,False,True
0,0.0,0,2.46,1,0.0,0.2,0.2,0.0,0.4,May,2,2,1,1,Returning_Visitor,False,False
0,0.0,1,37.2,37,2767.75,0.0,0.01,0.11,0.0,Nov,1,2,2,2,Returning_Visitor,False,False
1,28.2,0,0.0,46,1758.55,0.0,0.01,75.63,0.01,Aug,2,2,4,4,New_Visitor,False,True
0,0.0,0,0.0,2,24.0,0.0,0.06,0.0,0.0,Mar,2,6,1,1,Returning_Visitor,False,False
0,0.0,0,0.0,5,115.76,0.04,0.08,0.0,0.0,Dec,2,2,1,1,Returning_Visitor,False,False
0,0.0,0,1.76,7,242.18,0.0,0.04,0.28,0.0,Dec,3,2,9,6,Returning_Visitor,False,False
0,0.0,0,1.73,4,502.53,0.0,0.03,0.0,0.6,May,3,2,1,13,Returning_Visitor,False,False
0,0.0,0,5.56,10,640.88,0.0,0.02,18.85,0.0,Nov,2,2,1,2,Returning_Visitor,False,True
0,0.0,0,4.83,16,392.14,0.0,0.03,0.0,0.0,Mar,3,2,1,2,Returning_Visitor,False,False
0,0.0,0,0.0,48,1704.45,0.03,0.06,0.02,0.0,June,2,2,3,1,Returning_Visitor,False,False
0,0.0,0,0.0,6,132.0,0.0,0.03,0.0,0.0,May,4,1,3,5,Returning_Visitor,False,False
3,0.0,0,1.76,0,0.0,0.2,0.2,0.0,0.0,Nov,3,2,6,5,Returning_Visitor,False,False
0,0.0,0,0.0,9,215.38,0.01,0.06,0.0,0.0,May,3,2,4,2,Returning_Visitor,False,False
3,144.71,0,0.0,39,794.71,0.03,0.06,0.0,0.0,Sep,1,2,1,1,Returning_Visitor,False,False
2,40.8,0,0.0,45,1708.55,0.0,0.02,54.38,0.0,May,1,1,4,2,Returning_Visitor,False,False
11,570.25,0,0.0,42,1728.25,0.0,0.02,22.43,0.0,May,2,2,1,2,Returning_Visitor,False,True
0,0.0,0,0.0,15,432.5,0.0,0.06,0.13,0.0,May,2,6,6,1,Returning_Visitor,False,False
0,0.0,0,2.27,2,0.0,0.2,0.2,0.0,0.02,Feb,3,3,1,3,Returning_Visitor,False,False
0,0.0,0,0.0,2,0.0,0.2,0.17,0.09,0.0,Dec,3,2,1,20,Returning_Visitor,False,False
1,3.48,0,4.98,49,1647.6,0.01,0.03,0.0,0.0,Mar,1,1,1,1,Returning_Visitor,False,False
0,5.0,0,1.55,15,228.8,0.02,0.07,0.0,0.0,Nov,2,2,1,2,Returning_Visitor,False,False
0,0.0,0,0.0,6,291.0,0.0,0.03,1.47,0.0,Nov,2,6,4,1,Returning_Visitor,False,False
3,82.0,1,48.69,59,1927.12,0.01,0.02,11.48,0.0,May,2,2,6,13,Returning_Visitor,False,True
0,0.0,0,0.0,25,1474.95,0.01,0.03,0.0,0.0,Mar,3,2,8,10,Returning_Visitor,False,False
0,0.64,0,2.92,16,973.5,0.03,0.05,0.0,0.0,May,2,2,1,1,Returning_Visitor,False,False
0,0.0,0,0.0,13,274.24,0.0,0.02,0.0,0.0,May,2,2,5,2,Returning_Visitor,False,False
0,0.0,0,2.74,9,69.75,0.17,0.12,0.04,0.0,Dec,2,2,1,3,Returning_Visitor,False,False
0,1.21,0,0.0,7,208.38,0.03,0.06,56.58,0.0,Nov,3,2,1,3,Returning_Visitor,False,True
2,103.63,0,4.3,48,637.5,0.0,0.01,0.0,0.0,May,2,2,6,13,Returning_Visitor,False,False
3,92.75,0,7.0,23,1714.29,0.01,0.01,32.41,0.0,Nov,2,2,6,2,Returning_Visitor,False,False
0,1.16,0,3.17,12,338.08,0.02,0.05,0.0,0.0,Jul,2,2,2,4,Returning_Visitor,False,False
0,0.0,0,2.42,15,380.63,0.0,0.01,0.0,0.0,May,3,2,2,4,Returning_Visitor,True,False
0,0.63,0,0.0,13,474.21,0.02,0.05,0.1,0.0,Nov,3,2,6,3,Returning_Visitor,False,False
3,1715.0,0,0.0,20,536.62,0.0,0.0,0.0,0.0,Nov,1,1,1,8,New_Visitor,False,False
3,86.0,0,0.0,27,3188.48,0.01,0.03,0.05,0.02,May,2,5,4,2,Returning_Visitor,False,False
3,10.73,0,2.2,25,1695.8,0.02,0.04,0.0,0.01,Nov,3,2,4,3,Returning_Visitor,False,False
0,3.82,0,0.0,20,196.33,0.01,0.02,0.0,0.0,Oct,1,1,3,2,Returning_Visitor,True,False
0,0.0,0,1.64,4,221.01,0.0,0.05,0.0,0.0,Mar,2,2,1,1,Returning_Visitor,False,False
14,105.78,0,0.0,33,1708.01,0.02,0.02,13.76,0.0,May,2,2,1,2,Returning_Visitor,False,True
0,0.72,0,0.0,45,1708.63,0.0,0.02,0.0,0.0,May,4,1,3,2,Returning_Visitor,False,False
3,82.6,0,11.13,25,243.47,0.02,0.03,0.0,0.0,Aug,2,2,2,2,New_Visitor,False,False
0,0.0,0,0.0,49,1709.55,0.01,0.03,16.61,0.0,Aug,2,4,3,1,Returning_Visitor,False,False
0,0.0,0,0.0,6,169.72,0.05,0.05,0.0,0.0,Dec,3,3,1,3,Returning_Visitor,False,False
0,0.0,0,0.0,30,1617.35,0.0,0.01,0.07,0.0,Nov,3,2,1,2,Returning_Visitor,True,False
8,139.54,0,0.0,25,87.5,0.0,0.02,0.0,0.0,Dec,2,2,1,3,New_Visitor,True,False
9,104.05,2,50.83,59,2004.37,0.0,0.03,0.0,0.01,May,2,2,6,3,Returning_Visitor,False,False
3,58.4,0,0.0,11,207.89,0.0,0.02,0.0,0.0,Nov,2,2,7,2,New_Visitor,True,False
0,0.0,0,2.8,15,278.29,0.0,0.02,0.0,0.0,Dec,2,2,9,10,Returning_Visitor,False,False
0,0.0,0,0.0,36,925.83,0.04,0.07,0.0,0.65,May,2,2,6,13,Returning_Visitor,False,False
3,114.48,2,16.0,36,1751.85,0.0,0.02,0.0,0.0,Nov,2,2,7,1,Returning_Visitor,False,False
3,124.2,0,0.0,23,94.6,0.0,0.02,0.0,0.0,May,1,1,2,5,New_Visitor,False,True
4,203.5,0,0.0,13,296.55,0.0,0.02,0.0,0.02,May,1,1,8,2,Returning_Visitor,False,False
1,0.0,1,2.38,16,240.6,0.04,0.06,0.0,0.0,Jul,3,2,9,13,Returning_Visitor,False,False
3,96.28,0,0.0,8,331.4,0.0,0.0,0.0,0.0,Mar,3,2,2,10,New_Visitor,False,False
0,2.58,0,2.44,3,0.0,0.2,0.2,0.4,0.0,May,1,1,4,4,Returning_Visitor,True,False
0,0.0,0,2.88,69,653.28,0.01,0.05,0.02,0.6,May,1,1,3,3,Returning_Visitor,False,False
0,0.0,0,0.0,47,413.0,0.0,0.03,0.0,0.0,Sep,1,1,1,3,Returning_Visitor,False,False
0,0.0,0,0.0,9,1699.82,0.02,0.06,0.0,0.0,Mar,2,2,6,1,Returning_Visitor,False,False
3,138.95,1,16.0,187,4987.69,0.0,0.02,10.8,0.0,May,4,1,2,2,Returning_Visitor,False,False
0,0.0,0,0.0,16,381.21,0.02,0.02,0.25,0.0,Nov,3,2,1,2,Returning_Visitor,False,False
2,37.0,0,0.0,28,2778.33,0.01,0.02,5.57,0.01,May,2,2,2,2,Returning_Visitor,True,False
3,80.0,0,0.0,326,7207.4,0.0,0.02,0.14,0.0,Nov,2,2,1,2,Returning_Visitor,False,True
7,144.29,1,13.48,37,1302.52,0.0,0.02,0.0,0.0,Dec,3,2,2,2,Returning_Visitor,False,True
0,0.0,0,2.9,64,3025.06,0.0,0.02,0.0,0.0,Nov,3,2,2,2,Returning_Visitor,False,False
1,95.5,0,0.0,7,474.07,0.0,0.03,0.0,0.0,Mar,1,1,3,2,Returning_Visitor,True,False
3,170.5,3,161.5,114,3494.83,0.0,0.02,0.09,0.0,Dec,2,2,1,2,Returning_Visitor,False,False
3,68.0,1,103.0,10,1052.68,0.0,0.02,35.99,0.01,Mar,2,2,3,2,Returning_Visitor,True,True
0,0.0,0,7.58,4,57.0,0.0,0.03,0.03,0.0,Mar,2,2,7,2,Returning_Visitor,False,False
10,298.58,0,0.0,49,8115.85,0.0,0.03,0.0,0.01,Nov,2,2,1,2,Returning_Visitor,False,False
2,24.43,7,2.89,76,2735.73,0.0,0.02,1.07,0.0,Mar,2,3,2,7,Returning_Visitor,False,True
10,214.62,1,114.0,11,673.64,0.03,0.03,0.07,0.01,May,1,1,1,2,Returning_Visitor,False,False
0,0.0,0,0.0,15,428.0,0.0,0.01,44.83,0.0,Nov,2,2,3,2,Returning_Visitor,False,True
2,23.0,0,3.05,97,1589.18,0.01,0.01,0.02,0.02,May,2,5,1,2,Returning_Visitor,False,False
3,124.0,0,0.0,11,173.0,0.0,0.02,0.0,0.0,May,2,2,1,2,New_Visitor,False,False
1,4.0,0,6.43,4,67.25,0.01,0.01,0.22,0.0,Dec,2,2,2,2,Returning_Visitor,True,False
1,0.0,1,36.5,40,1121.42,0.0,0.02,0.0,0.0,Nov,2,2,3,2,Returning_Visitor,False,False
0,0.0,0,0.0,11,0.0,0.2,0.2,0.3,0.0,Dec,1,1,1,2,New_Visitor,False,False
0,0.0,0,2.86,8,143.2,0.0,0.03,0.0,0.0,Nov,3,2,1,2,Returning_Visitor,False,False
0,0.0,0,0.0,5,40.27,0.17,0.16,0.23,0.0,Nov,1,1,1,3,Returning_Visitor,False,False
12,93.24,4,276.08,46,2822.62,0.0,0.02,0.0,0.0,May,3,2,1,2,Returning_Visitor,True,False
3,16.0,6,137.83,15,1605.58,0.0,0.04,1.13,0.0,May,2,10,1,2,Returning_Visitor,False,True
3,38.0,0,0.0,2,15.0,0.0,0.05,0.14,0.0,Nov,2,2,1,2,New_Visitor,False,False
4,142.43,0,0.0,38,1429.88,0.0,0.02,4.11,0.0,Nov,2,2,1,13,Returning_Visitor,False,True
7,136.73,1,0.0,41,1032.75,0.0,0.02,16.98,0.0,May,2,2,2,10,Returning_Visitor,True,False
3,56.0,0,0.0,61,1713.06,0.01,0.03,0.0,0.0,Nov,1,1,7,2,Returning_Visitor,False,False
0,0.0,0,0.0,4,47.0,0.1,0.12,0.0,0.0,Mar,2,2,1,3,Returning_Visitor,True,False
11,280.34,0,0.0,20,337.85,0.0,0.02,0.09,0.0,Sep,2,2,1,5,New_Visitor,False,False
0,0.65,0,0.0,7,123.5,0.0,0.06,0.0,0.0,May,1,1,1,3,Returning_Visitor,False,False
2,34.0,0,3.84,44,1700.51,0.0,0.01,0.0,0.0,Mar,2,2,1,1,Returning_Visitor,False,False
0,0.0,0,0.0,6,72.0,0.0,0.05,0.0,0.8,May,2,2,4,4,Returning_Visitor,False,False
2,21.0,0,0.0,11,207.07,0.0,0.02,0.08,0.0,Nov,2,2,5,2,Returning_Visitor,False,False
0,0.0,0,0.0,5,112.0,0.0,0.06,0.0,0.0,Mar,2,2,1,1,Returning_Visitor,True,False
7,2.81,2,37.0,28,2054.11,0.0,0.01,5.79,0.0,May,1,1,9,3,Returning_Visitor,False,False
2,7.0,0,0.0,3,11.0,0.0,0.03,0.25,0.0,May,4,5,1,3,Returning_Visitor,False,False
1,23.0,0,0.0,36,934.0,0.0,0.03,0.44,0.0,May,2,2,1,13,New_Visitor,False,False
0,0.0,0,2.49,24,1699.24,0.0,0.03,0.27,0.0,Nov,2,2,1,13,Returning_Visitor,True,False
0,0.64,0,3.46,65,2706.6,0.0,0.02,0.0,0.0,Nov,2,2,1,2,Returning_Visitor,False,False
0,0.0,0,2.29,47,1225.22,0.0,0.02,0.03,0.2,May,1,1,8,1,Returning_Visitor,False,False
0,0.0,0,0.0,8,349.5,0.0,0.03,25.19,0.0,Mar,1,2,1,8,Returning_Visitor,False,True
5,141.81,0,0.0,42,234.02,0.0,0.02,0.0,0.0,Nov,2,2,1,2,Returning_Visitor,False,False
3,1764.0,0,0.0,3,86.0,0.0,0.03,0.0,0.0,May,2,2,4,5,New_Visitor,False,False
0,0.73,0,0.0,20,562.01,0.0,0.01,0.0,0.0,Nov,1,1,1,3,Returning_Visitor,False,False
1,0.0,0,0.0,35,888.33,0.01,0.02,7.61,0.32,May,2,2,6,3,Returning_Visitor,False,True
8,33.56,6,181.95,23,959.9,0.01,0.02,4.43,0.01,Nov,1,1,1,2,Returning_Visitor,True,True
0,0.0,0,0.0,1,0.0,0.2,0.2,0.0,0.0,June,2,4,9,3,Returning_Visitor,False,False
7,397.63,4,88.5,107,1603.67,0.0,0.03,5.39,0.0,May,2,2,6,2,Returning_Visitor,False,True
3,67.5,0,0.0,30,761.75,0.0,0.02,11.54,0.0,Dec,2,4,1,1,Returning_Visitor,True,True
0,0.0,0,0.0,8,347.67,0.09,0.15,0.0,0.42,May,3,2,1,3,Returning_Visitor,False,False
2,33.87,4,32.7,109,1210.62,0.0,0.01,3.93,0.01,Oct,4,1,3,6,Returning_Visitor,False,True
3,83.5,1,125.5,11,213.95,0.01,0.0,0.0,0.01,Dec,3,2,5,2,Returning_Visitor,False,False
2,118.7,1,26.0,41,1019.29,0.05,0.06,0.0,0.01,May,3,2,6,3,Returning_Visitor,True,False
3,39.0,0,0.0,6,1180.5,0.0,0.02,0.0,0.0,May,2,2,1,3,Returning_Visitor,False,False
7,134.16,0,0.0,22,280.05,0.01,0.01,0.0,0.0,Aug,2,2,1,3,New_Visitor,True,False
10,54.77,1,0.0,55,2400.78,0.0,0.01,0.98,0.0,May,2,2,1,1,Returning_Visitor,False,False
0,0.0,0,2.91,5,105.0,0.0,0.03,0.0,0.0,Dec,2,2,1,2,Returning_Visitor,False,False
0,0.0,0,0.0,1,49.71,0.2,0.2,0.0,0.0,Mar,2,2,1,1,Returning_Visitor,False,False
1,87.0,0,0.0,38,1704.92,0.02,0.03,7.15,0.0,May,2,2,1,4,Returning_Visitor,False,True
0,0.0,0,8.33,1,0.0,0.2,0.2,0.23,0.6,Feb,3,2,3,3,Returning_Visitor,False,False
3,264.13,1,152.2,47,906.12,0.0,0.0,0.0,0.02,Aug,3,2,3,2,New_Visitor,True,False
3,0.0,4,758.5,23,1711.06,0.02,0.02,12.36,0.0,Dec,3,2,6,2,Returning_Visitor,True,False
0,0.0,0,0.0,1,0.0,0.2,0.2,0.0,0.0,May,2,2,9,3,Returning_Visitor,False,False
6,139.41,0,0.0,49,1739.55,0.0,0.02,0.03,0.0,Dec,2,2,1,13,Returning_Visitor,True,False
1,74.6,0,0.0,8,275.06,0.0,0.03,10.68,0.0,Nov,2,2,1,4,Returning_Visitor,False,False
0,0.0,0,1.74,6,217.43,0.0,0.07,0.0,0.0,May,2,2,1,1,Returning_Visitor,True,False
8,147.0,0,0.0,25,627.0,0.01,0.01,25.19,0.0,May,1,1,8,2,Returning_Visitor,False,False
0,0.0,0,0.0,28,1709.04,0.0,0.02,0.0,0.0,Nov,2,2,1,3,Returning_Visitor,False,False
0,0.0,0,0.0,24,1050.5,0.0,0.06,1.13,0.0,Dec,2,10,4,1,Returning_Visitor,False,False
1,15.29,2,360.0,82,7601.47,0.0,0.03,0.0,0.0,Nov,1,1,3,2,Returning_Visitor,False,False
0,0.0,1,273.0,22,2386.0,0.0,0.02,46.95,0.0,Dec,2,2,6,2,New_Visitor,False,True
5,66.86,0,0.0,48,4123.96,0.0,0.01,0.43,0.0,Nov,2,2,1,2,Returning_Visitor,False,True
0,0.0,0,3.33,43,654.07,0.0,0.03,0.08,0.0,Nov,2,2,4,3,Returning_Visitor,False,False
5,109.22,1,129.0,5,22.05,0.0,0.02,0.0,0.0,Oct,2,2,1,2,Returning_Visitor,False,False
0,0.0,0,0.0,1,0.0,0.2,0.11,0.04,0.8,Feb,1,1,1,2,Returning_Visitor,True,False
0,0.0,0,3.18,4,46.0,0.0,0.03,0.0,0.0,Nov,2,2,3,2,Returning_Visitor,False,False
0,0.0,0,0.0,22,1321.7,0.0,0.01,0.04,0.0,June,2,2,2,13,Returning_Visitor,False,False
0,0.0,0,0.0,1,290.06,0.2,0.18,0.0,0.01,June,3,2,1,4,Returning_Visitor,False,False
0,0.0,0,0.0,24,467.59,0.03,0.04,0.0,0.0,Mar,2,2,3,3,Returning_Visitor,False,False
0,0.0,0,1.6,4,205.42,0.0,0.03,0.0,0.0,Dec,1,1,4,2,New_Visitor,True,False
3,62.5,0,0.0,17,775.33,0.0,0.05,0.0,0.0,Nov,2,2,3,1,Returning_Visitor,False,True
0,0.0,0,2.4,7,38.0,0.0,0.04,0.0,0.0,Mar,2,2,3,1,Returning_Visitor,False,False
8,72.25,1,21.5,51,1124.69,0.02,0.03,0.0,0.0,Mar,2,2,2,2,Returning_Visitor,False,False
0,0.81,0,8.05,55,1165.62,0.01,0.02,0.0,0.0,May,3,2,1,6,Returning_Visitor,False,False
0,0.0,0,0.0,16,371.5,0.01,0.03,0.0,0.0,Mar,2,5,7,1,Returning_Visitor,False,False
1,109.0,0,0.0,9,466.67,0.0,0.01,0.0,0.0,May,2,4,1,4,New_Visitor,False,False
0,0.0,0,3.95,4,19.0,0.0,0.1,0.0,0.0,May,2,2,1,4,Returning_Visitor,False,False
0,0.0,0,0.0,1,0.0,0.2,0.2,0.0,0.0,May,3,2,3,2,Returning_Visitor,True,False
0,0.76,0,0.0,24,1723.76,0.05,0.07,0.0,0.0,Dec,2,2,1,1,Returning_Visitor,False,False
5,140.58,2,87.0,69,1716.13,0.0,0.02,0.09,0.0,Nov,2,2,3,2,Returning_Visitor,True,False
0,0.0,0,6.99,49,3272.0,0.05,0.06,0.0,0.8,May,2,2,1,6,Returning_Visitor,False,False
0,0.62,0,0.0,17,514.42,0.0,0.03,0.0,0.0,Nov,2,2,1,2,Returning_Visitor,False,False
3,231.0,0,0.0,16,386.44,0.0,0.03,0.0,0.2,May,1,1,1,3,Returning_Visitor,False,False
3,69.88,0,0.0,33,1051.12,0.0,0.01,25.12,0.0,Nov,2,2,9,2,Returning_Visitor,True,True
0,0.0,0,0.0,15,526.99,0.0,0.01,13.19,0.0,Dec,2,2,1,2,New_Visitor,True,True
2,250.8,2,270.6,20,1472.1,0.0,0.02,31.72,0.0,Nov,2,2,1,5,New_Visitor,False,True
0,0.0,0,0.0,45,771.75,0.02,0.06,0.0,0.0,Nov,3,2,3,1,Returning_Visitor,False,False
2,109.44,0,0.0,48,1709.18,0.0,0.01,0.12,0.0,May,1,1,1,2,Returning_Visitor,False,False
0,0.0,0,0.0,12,1441.39,0.01,0.03,11.55,0.6,May,2,5,1,1,Returning_Visitor,False,True
1,299.0,0,0.0,4,212.5,0.0,0.04,1.8,0.0,May,2,2,7,1,Returning_Visitor,True,False
6,77.0,3,447.0,34,1469.7,0.0,0.02,22.8,0.0,May,2,2,1,2,Returning_Visitor,False,False
0,0.0,0,3.64,38,726.28,0.03,0.06,0.0,1.0,May,2,2,4,13,Returning_Visitor,True,False
1,2.08,0,123.99,1,1007.99,0.0,0.1,0.0,0.0,Mar,2,2,1,2,Returning_Visitor,False,False
3,1.65,1,75.06,71,1691.43,0.0,0.02,0.07,0.0,Mar,2,2,4,3,Returning_Visitor,True,False
6,128.81,1,69.6,38,5771.47,0.0,0.02,4.59,0.0,Aug,4,2,1,3,Returning_Visitor,False,False
0,0.0,0,1.98,3,71.5,0.07,0.13,0.0,0.0,Nov,2,2,3,3,Returning_Visitor,False,False
9,2.74,4,72.0,19,159.3,0.01,0.06,0.0,0.0,May,4,1,1,10,Returning_Visitor,False,False
7,134.48,1,0.0,42,4875.11,0.01,0.02,0.0,0.0,Nov,3,2,1,13,Returning_Visitor,False,False
0,0.0,0,2.3,48,476.36,0.0,0.03,0.0,0.0,Aug,1,1,1,2,Returning_Visitor,False,False
6,142.05,0,0.0,41,2591.8,0.0,0.02,20.33,0.0,May,3,2,1,11,Returning_Visitor,False,False
0,0.0,0,0.0,3,211.74,0.0,0.06,0.0,0.01,Nov,2,2,3,1,Other,True,False
0,0.0,0,0.0,1,0.0,0.2,0.2,0.0,0.4,May,1,1,1,3,Returning_Visitor,False,False
0,0.0,0,2.07,1,0.0,0.15,0.2,1.25,0.0,Nov,1,8,4,1,Returning_Visitor,False,False
3,19.33,0,0.0,28,710.91,0.01,0.01,0.03,0.0,May,2,2,8,3,Returning_Visitor,False,False
2,0.0,0,0.0,1,0.0,0.08,0.2,1.27,0.0,Dec,2,4,9,3,Returning_Visitor,False,False
7,146.53,0,0.0,46,1342.67,0.0,0.02,56.01,0.0,Mar,2,2,1,3,Returning_Visitor,False,True
0,0.0,0,0.0,1,0.0,0.2,0.2,0.0,0.0,May,2,2,1,6,Returning_Visitor,False,False
0,0.0,0,7.99,52,2086.24,0.02,0.02,0.0,0.0,Feb,2,2,7,1,Returning_Visitor,False,False
0,0.0,0,7.35,1,72.37,0.15,0.17,0.03,0.4,May,2,2,1,3,Returning_Visitor,False,False
2,143.3,0,0.0,162,892.05,0.01,0.01,1.47,0.0,Dec,2,2,5,2,Returning_Visitor,False,False
1,16.0,0,0.0,14,521.1,0.0,0.01,0.0,0.0,May,1,1,1,4,New_Visitor,False,False
0,1.9,0,0.0,6,192.93,0.0,0.06,0.21,0.0,Mar,3,2,1,1,Returning_Visitor,False,False
0,0.0,0,2.01,2,13.0,0.0,0.06,0.0,0.0,May,2,2,1,3,Returning_Visitor,False,False
1,22.0,0,0.0,9,415.25,0.02,0.05,0.0,0.0,Mar,2,3,1,1,Returning_Visitor,False,False
0,0.0,0,0.0,13,787.75,0.02,0.06,0.04,0.0,Nov,2,2,4,2,Returning_Visitor,False,False
3,146.91,0,3.7,21,797.3,0.0,0.02,0.0,0.01,May,1,1,3,2,Returning_Visitor,False,False
0,0.0,0,0.0,5,245.8,0.2,0.2,0.0,0.6,May,3,2,8,13,Returning_Visitor,False,False
2,141.42,0,0.0,16,230.1,0.0,0.01,0.0,0.0,May,3,2,2,1,Returning_Visitor,True,False
5,96.44,1,25.5,36,1670.07,0.0,0.02,19.3,0.0,Dec,1,2,1,1,Returning_Visitor,False,False
0,0.0,0,0.0,7,48.19,0.0,0.03,0.09,0.01,Nov,2,4,1,3,Returning_Visitor,False,False
0,0.0,0,0.0,8,1708.77,0.0,0.05,0.15,0.0,Nov,1,4,9,20,Returning_Visitor,False,False
5,47.07,0,0.0,4,12.0,0.0,0.03,0.0,0.0,Mar,4,1,1,8,New_Visitor,True,False
0,0.0,0,0.0,48,1714.43,0.06,0.06,0.0,0.0,May,2,2,3,1,Returning_Visitor,False,False
0,0.0,0,0.0,2,48.36,0.0,0.1,0.0,0.2,May,3,2,3,1,Returning_Visitor,False,False
0,7.5,0,0.0,5,100.53,0.02,0.07,0.0,0.0,Nov,3,2,1,3,Returning_Visitor,False,False
3,126.17,0,14.13,65,1702.71,0.0,0.02,5.38,0.2,May,3,2,3,3,Returning_Visitor,False,False
0,0.0,0,4.75,16,517.5,0.02,0.05,0.19,0.0,May,1,1,2,4,Returning_Visitor,False,False
1,0.0,0,2.75,4,68.0,0.0,0.05,0.12,0.0,May,2,2,1,6,Returning_Visitor,False,False
2,84.5,0,0.0,17,596.08,0.0,0.04,0.29,0.0,May,2,4,3,3,Returning_Visitor,False,False
0,0.0,0,0.0,43,1456.53,0.0,0.01,0.0,0.2,May,2,2,2,2,Returning_Visitor,False,False
6,70.27,0,3.42,152,4555.15,0.0,0.02,11.49,0.0,Nov,2,2,8,2,Returning_Visitor,True,False
3,145.56,0,0.0,44,1040.96,0.0,0.02,0.0,0.0,Nov,2,2,4,2,Returning_Visitor,False,False
4,102.3,0,0.0,45,1684.5,0.0,0.01,25.85,0.0,Nov,2,2,2,4,Returning_Visitor,False,False
0,0.0,0,1.57,3,286.16,0.0,0.13,0.0,0.01,May,2,2,1,5,Returning_Visitor,False,False
3,922.75,0,0.0,56,7716.48,0.01,0.02,0.0,0.0,Nov,2,2,1,13,Returning_Visitor,False,False
0,0.0,0,3.06,5,218.0,0.0,0.04,0.0,0.0,Mar,2,2,1,2,Returning_Visitor,False,False
11,122.81,4,144.2,136,5944.39,0.0,0.03,2.05,0.0,May,2,2,1,2,Returning_Visitor,False,False
4,387.6,3,32.0,36,9694.26,0.0,0.01,6.47,0.0,May,2,2,3,1,Returning_Visitor,False,False
3,145.88,0,0.0,8,358.0,0.0,0.01,0.0,0.0,Mar,2,2,1,2,Returning_Visitor,False,False
0,0.0,0,0.0,12,318.06,0.03,0.09,0.0,0.6,May,4,2,1,6,Returning_Visitor,False,False
3,267.0,0,0.0,8,214.33,0.04,0.05,0.0,0.0,May,3,2,1,3,Returning_Visitor,False,False
0,0.73,0,0.0,12,240.86,0.0,0.02,0.0,0.0,Mar,2,2,3,2,Returning_Visitor,True,False
3,1.82,0,0.0,5,26.0,0.01,0.06,0.13,1.0,May,1,1,3,4,Returning_Visitor,True,False
3,145.68,1,11.1,45,1096.93,0.0,0.01,37.69,0.0,June,2,2,1,3,Returning_Visitor,False,False
0,0.75,0,2.9,4,0.0,0.2,0.18,0.0,0.0,May,3,2,7,6,Returning_Visitor,True,False
0,0.87,0,0.0,5,65.99,0.0,0.06,0.29,0.0,Dec,2,2,6,2,Returning_Visitor,True,False
2,108.8,0,0.0,15,542.0,0.0,0.03,0.0,0.0,Nov,2,2,1,3,Returning_Visitor,False,False
0,0.0,0,12.61,32,1380.77,0.0,0.03,0.09,0.0,Mar,4,2,1,1,Returning_Visitor,False,False
3,58.4,0,0.0,46,1643.71,0.02,0.03,0.0,0.0,Nov,3,2,3,2,Returning_Visitor,False,True
0,0.0,0,6.35,10,254.0,0.02,0.04,14.03,0.0,Nov,2,2,9,2,New_Visitor,False,True
0,1.77,0,0.0,26,1003.18,0.0,0.07,0.0,0.8,May,1,2,9,1,Returning_Visitor,False,False
0,0.0,0,2.31,64,1911.61,0.01,0.03,0.0,0.0,Nov,1,2,2,10,Returning_Visitor,True,False
3,10.51,0,13.42,22,1140.15,0.01,0.04,5.01,0.0,Nov,1,1,1,10,Returning_Visitor,False,False
3,124.97,0,0.0,27,1715.68,0.0,0.01,43.9,0.0,Nov,2,2,1,2,New_Visitor,False,True
5,74.9,0,1.68,12,112.08,0.0,0.06,2.0,0.0,Jul,3,2,4,1,Returning_Visitor,False,False
0,0.0,0,0.0,20,1707.68,0.01,0.04,0.01,0.06,May,2,2,3,1,Returning_Visitor,False,False
0,0.0,0,8.22,19,1401.08,0.04,0.05,0.0,0.0,Dec,3,2,1,3,Returning_Visitor,False,False
0,0.0,0,3.17,39,153.0,0.02,0.03,0.0,0.0,Nov,1,1,4,1,Returning_Visitor,True,False
5,82.6,1,14.2,8,66.53,0.0,0.02,0.0,0.0,Aug,4,1,3,1,New_Visitor,True,False
0,0.0,0,16.11,17,701.54,0.01,0.03,0.0,0.0,Mar,2,2,6,2,Returning_Visitor,False,False
0,1.67,0,0.0,3,232.98,0.0,0.03,0.43,0.0,May,3,2,4,4,Returning_Visitor,True,False
6,62.22,0,0.0,27,1854.26,0.04,0.07,2.85,0.0,Oct,2,2,9,1,Returning_Visitor,False,False
0,0.0,0,0.0,10,231.0,0.12,0.17,0.0,0.0,May,3,2,2,13,Returning_Visitor,False,False
0,0.0,0,10.14,10,173.25,0.0,0.02,0.3,0.0,May,2,6,2,2,Returning_Visitor,False,False
3,267.8,0,0.0,6,616.5,0.04,0.06,0.0,0.0,Sep,3,2,3,4,Returning_Visitor,False,False
0,0.0,0,0.0,14,156.4,0.01,0.06,0.0,0.0,Nov,2,5,3,2,Returning_Visitor,False,False
0,0.87,0,5.07,27,694.0,0.01,0.01,0.0,0.8,May,2,2,1,2,Returning_Visitor,False,False
2,146.21,1,4.55,47,1101.8,0.0,0.0,4.41,0.0,Nov,2,2,1,4,Returning_Visitor,False,False
1,41.0,0,1.89,9,212.84,0.0,0.04,0.0,0.0,Mar,1,1,6,9,Returning_Visitor,True,False
0,0.91,0,1.66,1,0.0,0.2,0.2,0.0,0.0,Dec,2,2,4,1,Returning_Visitor,False,False
3,63.0,0,0.0,5,54.63,0.0,0.02,0.0,0.0,Oct,1,1,1,2,New_Visitor,False,False
0,2.74,0,2.71,4,44.0,0.0,0.05,0.0,0.0,May,2,2,2,1,Returning_Visitor,False,False
2,143.87,0,2.41,3,5.0,0.0,0.05,0.13,0.0,Nov,2,2,1,2,New_Visitor,False,False
9,45.0,0,0.0,59,1100.47,0.0,0.03,9.13,0.0,Nov,2,1,1,2,Returning_Visitor,False,True
0,0.97,0,1.72,17,203.68,0.0,0.04,0.0,0.0,Mar,1,1,6,1,Returning_Visitor,False,False
0,0.0,0,4.36,13,252.0,0.0,0.06,0.0,0.0,May,2,2,8,3,Returning_Visitor,False,False
0,0.0,0,0.0,1,134.9,0.1,0.15,0.0,0.43,May,2,2,1,2,Returning_Visitor,False,False
1,0.0,0,2.29,69,1248.13,0.01,0.03,0.0,0.6,May,2,10,9,4,Returning_Visitor,False,False
3,19.0,3,106.0,17,475.67,0.02,0.02,11.31,0.0,Nov,2,10,3,3,Returning_Visitor,False,False
0,0.0,0,0.0,25,445.58,0.0,0.03,0.08,0.0,Dec,3,10,1,2,New_Visitor,False,False
0,0.0,0,0.0,44,547.0,0.06,0.09,0.0,0.6,May,3,2,1,13,Returning_Visitor,False,False
7,145.4,3,25.5,52,1887.16,0.0,0.01,64.08,0.0,May,2,2,2,1,Returning_Visitor,False,False
0,0.0,0,0.0,1,310.73,0.2,0.2,0.42,0.0,Sep,2,2,1,1,Returning_Visitor,True,False
11,53.59,0,0.0,97,1508.56,0.0,0.01,0.0,0.0,May,2,2,1,2,Returning_Visitor,False,False
0,0.0,0,8.07,25,1687.89,0.03,0.04,0.0,1.0,May,3,2,3,4,Returning_Visitor,True,False
3,141.25,0,0.0,47,2939.62,0.0,0.0,57.49,0.0,Nov,2,2,8,2,Returning_Visitor,False,True
0,0.0,0,0.0,48,534.58,0.0,0.02,0.0,0.84,May,2,2,4,1,Returning_Visitor,True,False
6,116.31,2,26.01,23,1031.7,0.0,0.01,11.35,0.0,Nov,3,2,1,10,Returning_Visitor,True,True
2,960.0,0,0.0,10,1218.0,0.0,0.02,0.91,0.0,Mar,2,5,1,2,New_Visitor,False,False
0,1.11,0,0.0,5,184.33,0.1,0.09,0.13,0.0,Dec,3,2,3,2,Returning_Visitor,False,False
4,56.5,2,8.0,9,198.25,0.02,0.04,0.57,0.01,Nov,1,8,3,3,Returning_Visitor,False,False
0,0.0,0,0.0,11,0.0,0.2,0.2,0.0,0.0,Dec,1,1,1,2,New_Visitor,False,False
0,0.0,0,0.0,7,0.0,0.17,0.2,0.0,0.0,June,2,2,6,13,Returning_Visitor,False,False
3,130.3,0,5.0,74,1903.45,0.0,0.03,0.19,0.0,Nov,2,2,1,3,Returning_Visitor,False,False
22,117.86,3,167.14,35,2324.82,0.01,0.02,11.52,0.0,May,3,2,1,2,Returning_Visitor,False,True
2,5.0,0,0.0,13,271.0,0.0,0.0,0.0,0.0,Mar,1,1,2,2,New_Visitor,True,False
1,1.26,0,0.0,63,1714.3,0.0,0.01,0.0,0.0,Dec,2,2,7,1,Returning_Visitor,False,False
0,0.64,0,0.0,1,0.0,0.2,0.2,1.45,0.0,Jul,3,2,4,1,Returning_Visitor,False,False
3,145.39,0,0.0,18,1693.38,0.0,0.06,38.93,0.0,Dec,1,1,3,2,Returning_Visitor,False,True
4,140.48,1,0.0,48,1716.11,0.02,0.02,0.0,0.0,Nov,3,2,1,2,Returning_Visitor,True,False
3,130.65,0,0.0,33,1597.11,0.0,0.01,5.77,0.0,Dec,2,2,3,2,Returning_Visitor,False,True
10,73.88,2,138.67,44,726.04,0.0,0.01,10.82,0.0,May,2,2,1,2,Returning_Visitor,False,True
5,51.0,0,0.0,10,116.0,0.0,0.02,0.0,0.0,Nov,2,4,7,2,New_Visitor,False,False
0,0.0,0,0.0,1,0.0,0.17,0.2,0.03,0.0,Feb,2,2,1,2,Returning_Visitor,False,False
9,7.63,0,1.82,38,2293.49,0.01,0.04,2.21,0.0,May,1,1,3,2,Returning_Visitor,False,False
0,0.0,0,0.0,38,3287.0,0.04,0.08,0.23,0.0,June,2,5,1,1,Returning_Visitor,False,False
3,118.08,1,47.0,13,224.5,0.0,0.02,0.0,0.0,Mar,1,1,1,8,New_Visitor,False,False
3,64.32,0,0.0,29,386.26,0.0,0.02,0.0,0.02,Nov,8,2,9,2,Other,False,False
0,9.0,0,0.0,22,169.5,0.02,0.03,0.0,0.02,May,2,4,4,3,Returning_Visitor,False,False
5,71.08,0,0.0,24,1249.71,0.0,0.01,58.29,0.0,Dec,2,2,3,2,New_Visitor,False,True
0,0.0,0,0.0,12,215.05,0.0,0.02,0.0,0.8,May,3,2,6,1,Returning_Visitor,False,False
4,121.5,0,0.0,2,34.0,0.0,0.06,0.0,0.0,Nov,2,2,9,8,New_Visitor,False,False
0,0.0,0,0.0,14,536.0,0.0,0.01,0.07,0.0,Dec,1,1,1,10,Returning_Visitor,False,False
3,143.0,1,27.44,3,380.0,0.0,0.04,0.0,0.4,May,2,2,7,3,New_Visitor,False,False
2,166.0,1,55.0,10,793.58,0.01,0.02,0.25,0.0,Nov,2,1,1,6,New_Visitor,True,False
0,0.0,0,0.0,4,287.11,0.08,0.12,0.0,0.0,Jul,3,2,1,1,Returning_Visitor,False,False
0,0.0,0,0.0,12,528.58,0.0,0.02,1.21,0.0,Dec,2,2,9,1,Other,False,False
0,0.0,0,0.0,5,273.71,0.02,0.03,0.0,0.0,Nov,3,2,4,11,Returning_Visitor,True,True
0,0.0,0,1.53,1,0.0,0.17,0.2,0.17,0.06,May,1,1,5,1,Returning_Visitor,False,False
0,0.0,0,0.0,4,207.55,0.0,0.06,0.0,0.0,May,2,2,3,6,Returning_Visitor,False,False
3,130.23,3,79.7,39,1684.62,0.0,0.01,0.0,0.0,Oct,1,1,1,2,Returning_Visitor,False,False
0,0.0,0,2.17,5,71.0,0.0,0.06,0.0,0.0,May,4,1,1,2,Returning_Visitor,True,False
0,0.0,0,0.0,1,0.0,0.2,0.2,0.0,0.0,May,3,2,1,13,Returning_Visitor,False,False
0,0.0,0,0.0,36,788.5,0.0,0.03,0.06,0.0,Nov,2,2,3,3,Returning_Visitor,False,False
0,0.0,0,0.0,13,635.33,0.0,0.01,0.0,0.0,Mar,2,2,4,1,Returning_Visitor,False,False
0,0.0,0,0.0,3,0.0,0.2,0.18,0.0,0.0,Mar,3,2,6,3,Returning_Visitor,False,False
0,0.0,0,0.0,6,1175.27,0.03,0.05,0.35,0.2,May,3,2,1,1,Returning_Visitor,False,False
2,28.0,0,0.0,27,434.5,0.0,0.01,0.0,0.0,Nov,8,2,7,2,New_Visitor,False,True
0,0.0,0,0.0,81,1686.85,0.01,0.03,0.0,0.0,Oct,2,2,3,1,Returning_Visitor,False,False
1,47.71,2,120.67,37,1080.27,0.02,0.03,24.73,0.6,Nov,3,2,1,2,Returning_Visitor,False,False
4,144.9,0,0.0,21,1699.92,0.0,0.02,0.0,0.0,Dec,1,1,1,8,Returning_Visitor,False,False
0,10.96,0,0.0,8,221.0,0.0,0.03,0.36,0.0,Dec,3,2,1,1,Returning_Visitor,True,False
13,32.38,4,201.5,42,6850.5,0.0,0.02,4.12,0.0,May,2,2,1,2,Returning_Visitor,False,False
5,44.02,0,0.0,13,162.53,0.0,0.01,50.22,0.0,Aug,4,2,1,2,Returning_Visitor,False,True
0,0.0,0,1.49,10,260.72,0.04,0.06,0.0,0.0,May,2,2,4,1,Returning_Visitor,False,False
0,0.0,0,0.0,3,0.0,0.17,0.17,0.0,0.0,Mar,2,2,4,1,Returning_Visitor,False,False
0,0.64,0,0.0,30,1353.37,0.04,0.08,0.0,0.0,Nov,3,2,3,13,Returning_Visitor,False,False
0,0.0,0,1.53,4,63.0,0.03,0.06,0.0,0.6,May,2,2,1,3,Returning_Visitor,False,False
0,0.0,0,1.8,1,0.0,0.2,0.2,0.02,0.0,Dec,2,2,1,13,Returning_Visitor,False,False
0,1.7,0,2.05,31,1678.7,0.02,0.05,0.0,0.02,May,1,1,3,4,Returning_Visitor,True,False
0,0.0,0,0.0,16,107.93,0.0,0.01,0.26,0.0,Dec,2,2,7,2,Returning_Visitor,False,False
0,0.66,0,1.5,6,253.01,0.0,0.05,0.0,0.15,May,1,1,4,1,Returning_Visitor,False,False
0,13.5,0,0.0,23,1580.17,0.02,0.05,0.0,0.8,May,2,2,1,2,Returning_Visitor,False,False
1,53.4,0,0.0,46,539.5,0.01,0.02,0.0,0.0,Oct,2,2,3,1,Returning_Visitor,False,False
3,49.2,0,0.0,17,300.77,0.0,0.02,0.0,0.0,Jul,1,1,1,4,Returning_Visitor,False,False
0,0.0,0,0.0,49,1704.16,0.0,0.03,0.0,0.0,Dec,2,2,3,2,Returning_Visitor,False,False
0,0.0,0,0.0,21,1148.5,0.0,0.02,0.0,0.0,May,2,4,8,4,Returning_Visitor,True,False
1,137.02,1,7.67,48,1713.64,0.0,0.02,78.2,0.0,Nov,2,2,1,13,Returning_Visitor,True,True
3,117.0,0,0.0,98,1701.87,0.0,0.03,0.0,0.0,Nov,2,5,7,2,Returning_Visitor,False,False
2,145.62,0,0.0,50,2473.2,0.0,0.01,0.0,0.0,Nov,2,2,3,8,New_Visitor,False,False
6,91.25,0,0.0,49,955.54,0.01,0.01,0.0,0.0,Nov,3,2,4,2,Returning_Visitor,True,True
1,105.0,1,0.0,59,1715.66,0.0,0.02,0.0,0.0,Dec,3,2,3,2,Returning_Visitor,False,False
0,0.0,0,3.65,16,924.56,0.01,0.04,50.81,0.0,Dec,1,1,7,2,New_Visitor,False,True
0,0.0,0,0.0,4,355.47,0.0,0.03,0.0,0.0,Dec,2,2,1,10,Returning_Visitor,False,False
0,0.63,0,0.0,49,2218.72,0.0,0.02,0.0,0.0,Nov,2,2,1,2,Returning_Visitor,False,False
1,1.52,0,10.22,9,22.0,0.07,0.1,0.0,0.8,May,2,2,1,6,Returning_Visitor,False,False
1,58.4,0,0.0,45,1045.3,0.0,0.03,0.0,0.0,Sep,2,2,2,1,Returning_Visitor,False,False
0,0.59,0,0.0,21,706.7,0.05,0.07,0.0,0.0,Nov,3,2,3,2,Returning_Visitor,False,False
1,4.0,0,0.0,28,877.67,0.0,0.0,0.0,0.0,Nov,2,2,9,2,New_Visitor,True,False
6,76.31,0,0.0,187,6338.26,0.0,0.02,11.52,0.0,Nov,2,4,1,2,Returning_Visitor,False,False
0,0.0,0,0.0,7,128.33,0.0,0.06,0.0,0.0,May,4,1,3,3,Returning_Visitor,False,False
10,162.23,0,0.0,25,2682.0,0.0,0.02,4.2,0.0,May,3,2,1,2,Returning_Visitor,False,False
2,146.95,0,0.0,38,1644.89,0.0,0.02,12.6,0.0,May,4,1,3,2,Returning_Visitor,True,True
0,0.0,0,0.0,6,70.42,0.0,0.06,0.0,0.0,Mar,2,2,7,3,Returning_Visitor,True,False
3,89.75,0,0.0,16,467.92,0.0,0.04,0.26,0.0,Mar,3,2,4,2,Returning_Visitor,True,False
0,0.0,0,0.0,4,140.0,0.0,0.03,0.11,0.0,May,2,6,3,13,Returning_Visitor,False,False
0,0.0,0,0.0,38,1338.78,0.01,0.02,0.0,0.0,Nov,1,1,1,3,Returning_Visitor,True,False
0,0.0,0,2.92,1,154.65,0.2,0.2,0.0,0.77,Feb,1,1,2,3,Returning_Visitor,False,False
7,188.56,0,0.0,43,7750.54,0.01,0.02,3.01,0.0,May,3,2,1,3,Returning_Visitor,False,True
0,0.0,0,7.46,27,272.0,0.06,0.09,0.0,0.84,May,3,2,3,4,Returning_Visitor,False,False
1,35.1,0,2.53,23,1702.4,0.02,0.04,0.14,0.0,Nov,3,2,2,13,Returning_Visitor,False,False
3,0.0,0,0.0,26,989.23,0.02,0.02,0.0,0.0,May,3,2,5,13,Returning_Visitor,False,False
0,0.0,0,10.32,43,1425.18,0.01,0.06,0.01,0.8,May,2,6,1,3,Returning_Visitor,False,False
0,0.0,3,169.59,44,1835.56,0.02,0.03,0.0,0.0,Nov,1,1,3,2,Returning_Visitor,True,False
0,0.0,0,2.34,1,0.0,0.2,0.2,0.0,0.6,May,3,2,3,13,Returning_Visitor,False,False
0,0.0,0,2.49,5,28.0,0.12,0.16,0.0,0.44,May,3,2,4,3,Returning_Visitor,False,False
7,198.75,0,0.0,39,818.58,0.0,0.0,0.0,0.0,Dec,3,2,4,8,New_Visitor,False,False
0,0.0,0,12.73,5,210.0,0.16,0.17,0.0,0.4,May,1,1,1,3,Returning_Visitor,False,False
0,0.0,0,0.0,5,241.65,0.0,0.06,0.0,0.0,May,2,2,3,13,Returning_Visitor,False,False
3,40.0,0,0.0,19,1051.5,0.01,0.03,12.18,0.6,May,1,1,4,3,Returning_Visitor,False,True
0,0.0,0,2.51,7,261.5,0.0,0.01,0.0,0.0,Mar,2,2,4,1,Returning_Visitor,False,False
7,79.5,2,31.5,65,5410.96,0.0,0.02,0.0,0.0,Nov,2,2,3,2,Returning_Visitor,False,False
0,0.0,0,1.69,48,2215.87,0.0,0.02,0.0,0.0,May,4,1,1,4,Returning_Visitor,False,False
0,0.0,0,0.0,22,347.67,0.02,0.06,0.0,0.0,June,2,2,1,3,Returning_Visitor,False,False
10,52.46,3,263.67,21,1919.25,0.01,0.03,3.49,0.0,May,1,1,1,2,Returning_Visitor,True,False
0,0.0,0,2.01,5,384.0,0.0,0.05,0.22,0.02,May,2,4,4,2,Returning_Visitor,False,False
0,0.0,0,0.0,2,0.0,0.05,0.2,1.03,0.0,Nov,2,5,2,1,Returning_Visitor,False,False
0,0.0,0,1.73,1,29.53,0.2,0.2,0.0,0.0,May,1,1,1,3,Returning_Visitor,False,False
0,0.0,0,2.54,48,1671.54,0.0,0.01,0.0,0.0,May,1,1,1,4,Returning_Visitor,True,False
0,12.52,0,5.28,1,0.0,0.2,0.2,0.0,0.0,Oct,3,2,2,3,New_Visitor,True,False
1,0.0,0,0.0,49,1647.17,0.01,0.03,0.0,0.0,June,1,1,1,4,Returning_Visitor,False,False
3,250.25,0,0.0,44,8276.29,0.0,0.02,8.17,0.0,Nov,4,1,3,8,Returning_Visitor,True,False
0,0.0,0,2.05,2,15.0,0.0,0.1,0.0,0.0,Mar,1,1,1,2,Returning_Visitor,False,False
0,0.0,0,3.26,49,6896.91,0.0,0.02,0.4,0.0,Nov,2,2,1,2,Returning_Visitor,False,False
17,48.45,1,80.6,180,6512.01,0.0,0.01,0.0,0.0,May,2,2,1,3,Returning_Visitor,False,False
8,107.99,0,0.0,28,95.0,0.01,0.03,0.0,0.4,May,1,1,5,2,New_Visitor,False,False
0,0.0,0,0.0,12,207.65,0.02,0.04,0.0,0.4,May,2,2,1,1,Returning_Visitor,False,False
6,595.1,3,1439.0,17,1119.72,0.0,0.02,0.0,0.0,May,1,1,3,2,Returning_Visitor,False,False
8,163.38,0,0.0,46,403.42,0.0,0.0,0.0,0.0,Dec,2,2,9,2,New_Visitor,False,False
6,187.0,0,4.37,22,1220.43,0.0,0.01,0.0,0.0,Nov,2,2,3,2,Returning_Visitor,False,False
0,0.0,0,0.0,9,407.04,0.01,0.06,43.8,0.0,Mar,2,2,1,1,Returning_Visitor,False,False
0,0.0,0,8.03,31,688.17,0.0,0.02,0.0,0.0,Mar,4,1,1,3,Returning_Visitor,False,False
0,0.0,0,0.0,18,760.0,0.08,0.12,0.0,0.8,May,2,2,2,13,Returning_Visitor,False,False
1,4.0,0,0.0,24,1439.41,0.02,0.03,22.74,0.07,May,3,2,6,13,Returning_Visitor,False,True
0,0.0,0,0.0,15,1691.18,0.0,0.02,0.18,0.0,Dec,2,2,1,2,New_Visitor,False,False
0,0.8,0,1.63,1,899.29,0.17,0.2,0.0,0.01,Feb,1,1,1,1,Returning_Visitor,False,False
3,141.91,0,0.0,4,117.0,0.0,0.03,0.35,0.0,Nov,2,2,6,2,New_Visitor,False,False
0,0.0,0,0.0,1,0.0,0.2,0.07,0.0,0.03,Feb,2,2,5,1,Returning_Visitor,False,False
3,46.5,0,3.02,90,1706.33,0.0,0.01,16.88,0.0,Dec,2,2,7,10,Returning_Visitor,False,False
17,975.75,0,0.0,24,3970.7,0.01,0.02,8.02,0.6,May,2,2,1,2,Returning_Visitor,False,False
3,139.46,0,0.0,49,2134.1,0.0,0.01,13.38,0.0,May,2,2,1,6,Returning_Visitor,False,False
0,0.0,0,0.0,37,684.73,0.01,0.02,0.0,0.01,Mar,2,4,3,1,Returning_Visitor,False,False
0,0.0,0,0.0,6,294.6,0.0,0.06,0.0,0.01,Jul,3,2,9,6,Returning_Visitor,False,False
7,191.0,0,0.0,48,8956.1,0.0,0.01,0.0,0.0,Nov,2,2,1,2,Returning_Visitor,False,False
0,0.0,0,3.1,15,440.0,0.0,0.03,0.49,0.01,May,4,1,4,2,Returning_Visitor,False,False
2,3.45,2,120.67,95,1715.42,0.01,0.04,0.0,0.0,Nov,2,2,1,2,Returning_Visitor,True,False
0,0.0,0,5.77,8,89.5,0.15,0.16,0.0,0.82,May,3,2,1,3,Returning_Visitor,False,False
3,152.83,0,0.0,20,791.67,0.01,0.02,17.01,0.0,Mar,1,1,1,2,New_Visitor,False,True
0,1.69,0,0.0,69,2077.81,0.0,0.02,0.0,0.0,Nov,2,2,4,2,Returning_Visitor,False,False
2,14.0,0,0.0,49,789.96,0.0,0.02,0.0,0.0,Mar,3,2,7,1,Returning_Visitor,False,False
0,0.0,0,2.59,12,482.5,0.02,0.04,0.0,0.01,Nov,1,1,1,10,Returning_Visitor,False,False
3,265.75,0,0.0,8,206.32,0.0,0.03,2.62,0.0,Nov,3,2,1,7,New_Visitor,False,False
0,2.24,0,5.32,2,19.2,0.1,0.15,0.7,0.0,Sep,3,2,3,1,Returning_Visitor,False,False
0,0.0,0,0.0,5,0.0,0.2,0.02,0.58,0.0,Jul,1,1,3,4,Returning_Visitor,True,False
0,0.0,0,5.4,17,557.17,0.02,0.05,0.0,0.0,Mar,3,2,1,1,Returning_Visitor,False,False
0,0.0,0,0.0,10,355.0,0.0,0.06,0.07,0.0,May,2,4,7,6,Returning_Visitor,False,False
10,2.75,0,0.0,21,2139.16,0.0,0.01,0.0,0.0,Nov,2,2,3,2,Returning_Visitor,False,False
1,123.67,0,0.0,23,1605.88,0.03,0.05,54.1,0.0,Dec,2,2,2,10,Returning_Visitor,False,True
0,0.0,0,7.58,9,222.53,0.07,0.09,0.0,0.8,May,2,2,3,6,Returning_Visitor,False,False
0,11.0,0,0.0,20,285.67,0.0,0.02,5.63,0.0,May,2,10,3,3,Returning_Visitor,False,False
0,0.0,0,0.0,14,231.3,0.0,0.01,0.0,0.0,Dec,2,2,1,3,Returning_Visitor,False,False
9,210.67,3,127.0,55,1509.59,0.01,0.02,0.36,0.0,May,2,5,1,2,Returning_Visitor,False,False
2,52.5,0,0.0,13,475.85,0.0,0.01,0.0,0.0,Nov,2,2,3,2,Returning_Visitor,False,False
2,143.65,0,0.0,44,1410.43,0.01,0.03,0.0,0.0,Nov,2,2,1,1,Returning_Visitor,False,False
4,406.42,0,0.0,21,352.42,0.03,0.05,0.0,0.0,Nov,3,2,3,1,Returning_Visitor,True,False
0,1.34,0,1.98,5,160.5,0.0,0.06,0.0,0.0,Nov,1,1,1,3,Returning_Visitor,False,False
0,0.0,0,3.52,5,86.36,0.06,0.06,0.98,0.0,Aug,3,2,4,1,Returning_Visitor,True,False
3,30.0,0,0.0,37,518.0,0.0,0.02,0.19,0.0,May,2,10,1,4,Returning_Visitor,False,False
3,39.0,0,0.0,2,4.0,0.0,0.06,1.07,0.0,Mar,2,5,1,1,Returning_Visitor,False,False
5,139.25,0,0.0,4,35.93,0.01,0.06,0.45,0.0,Oct,2,2,7,2,Returning_Visitor,False,False
0,0.0,0,0.0,9,281.5,0.0,0.01,0.0,0.0,Oct,4,2,9,2,Returning_Visitor,False,False
0,0.0,0,0.0,25,1712.66,0.0,0.01,0.14,0.0,Nov,4,1,1,8,Returning_Visitor,False,False
0,0.0,0,1.93,9,250.2,0.02,0.06,0.32,0.0,June,2,2,4,1,Returning_Visitor,False,False
3,46.5,0,0.0,5,26.0,0.0,0.03,0.0,0.0,Nov,2,2,1,2,New_Visitor,False,True
0,0.0,0,0.0,13,136.0,0.14,0.15,0.0,0.8,May,3,2,7,13,Returning_Visitor,False,False
4,144.76,0,3.41,174,5602.59,0.0,0.03,0.0,0.01,Dec,2,2,4,1,Returning_Visitor,False,False
5,8.64,0,0.0,48,1714.22,0.03,0.05,0.0,0.0,Nov,3,2,3,2,Returning_Visitor,True,False
0,0.0,0,0.0,4,65.5,0.07,0.1,0.24,0.0,May,3,2,3,13,Returning_Visitor,False,False
10,198.4,2,114.0,26,607.98,0.0,0.02,4.99,0.0,May,2,2,1,2,Returning_Visitor,False,False
1,41.0,1,360.0,28,257.31,0.02,0.04,19.38,0.0,Nov,2,2,3,6,Returning_Visitor,False,False
0,0.0,0,2.18,4,80.0,0.05,0.08,0.16,0.0,Mar,3,2,1,1,Returning_Visitor,False,False
3,29.82,0,0.0,189,7190.55,0.0,0.01,39.29,0.0,Nov,2,2,1,2,Returning_Visitor,False,True
0,0.61,0,3.91,14,252.57,0.0,0.02,0.04,0.0,Nov,3,2,9,20,Returning_Visitor,False,False
3,117.8,0,0.0,62,572.59,0.01,0.02,0.01,0.0,Sep,3,2,6,4,Returning_Visitor,False,False
0,0.0,0,0.0,9,87.5,0.0,0.03,0.0,0.0,May,2,2,2,4,Returning_Visitor,False,False
6,19.45,0,0.0,28,672.55,0.01,0.02,19.71,0.0,Nov,1,1,2,10,Returning_Visitor,False,True
0,0.0,0,0.0,1,0.0,0.16,0.2,0.65,0.03,May,3,2,3,5,Returning_Visitor,False,False
0,4.29,0,0.0,26,1300.64,0.1,0.1,0.0,0.0,Sep,4,1,1,2,Returning_Visitor,False,False
0,0.0,0,0.0,13,484.32,0.0,0.03,0.0,0.6,May,3,2,6,13,Returning_Visitor,False,False
3,47.0,0,2.97,66,2582.7,0.0,0.01,11.55,0.0,May,2,2,1,2,Returning_Visitor,False,False
12,37.42,6,282.0,45,1781.37,0.0,0.04,12.07,0.0,May,1,1,1,2,Returning_Visitor,False,False
0,0.0,0,2.93,6,63.0,0.0,0.03,0.05,0.0,May,2,2,4,2,Returning_Visitor,False,False
0,0.0,1,22.18,20,408.33,0.0,0.0,6.69,0.0,May,2,4,7,2,Returning_Visitor,False,True
0,0.0,0,0.0,4,111.75,0.0,0.07,0.03,0.0,Dec,2,2,1,2,Returning_Visitor,False,False
5,100.93,0,0.0,62,1651.88,0.0,0.02,0.0,0.0,Aug,2,2,1,3,Returning_Visitor,False,False
5,57.33,3,167.8,222,6942.78,0.0,0.02,2.78,0.0,May,2,2,3,2,Returning_Visitor,False,False
0,0.0,1,11.9,45,1690.55,0.01,0.03,0.0,0.0,Dec,1,1,3,2,Returning_Visitor,True,False
0,0.76,0,0.0,24,481.83,0.0,0.02,74.09,0.0,Mar,1,1,1,2,New_Visitor,False,True
0,0.0,0,0.0,26,1813.79,0.02,0.06,0.0,0.01,Sep,2,1,1,2,Returning_Visitor,False,False
3,26.0,0,4.5,19,3277.0,0.02,0.04,0.0,0.0,Mar,2,2,7,6,Returning_Visitor,False,False
3,397.83,0,0.0,49,1249.63,0.01,0.02,0.0,0.0,May,3,2,4,6,Returning_Visitor,False,False
1,12.0,0,0.0,47,4097.71,0.0,0.02,0.08,0.0,Nov,2,2,3,2,Returning_Visitor,False,False
2,20.0,0,4.34,25,720.0,0.0,0.01,0.0,0.0,May,3,2,3,6,Returning_Visitor,False,False
4,63.33,0,0.0,12,556.67,0.0,0.0,27.31,0.01,Mar,1,1,1,2,Returning_Visitor,False,True
1,143.55,0,0.0,22,2364.65,0.01,0.04,0.16,0.0,Oct,3,2,1,2,Returning_Visitor,False,False
3,146.11,0,2.29,12,1372.19,0.0,0.03,31.44,0.0,Oct,2,2,6,2,Returning_Visitor,False,True
0,0.0,0,2.2,6,158.17,0.0,0.03,0.0,0.0,Feb,3,2,4,2,Returning_Visitor,False,False
3,83.0,0,2.92,4,47.0,0.0,0.03,0.0,0.0,May,2,2,4,1,Returning_Visitor,False,False
0,0.0,0,3.99,49,466.85,0.02,0.04,0.0,0.0,Mar,2,2,1,1,Returning_Visitor,False,False
2,52.63,1,73.68,40,188.0,0.03,0.04,0.0,0.01,Mar,3,2,3,3,Returning_Visitor,False,False
12,8.07,0,0.0,26,2988.88,0.0,0.01,1.65,0.0,Sep,2,2,1,2,Returning_Visitor,False,False
1,132.1,4,265.65,24,4114.08,0.0,0.0,20.92,0.0,Mar,1,1,1,2,New_Visitor,False,True
2,138.2,0,0.0,80,1699.2,0.0,0.01,10.1,0.0,Nov,4,2,3,2,Returning_Visitor,False,True
0,1.19,1,8.0,47,1093.15,0.0,0.0,0.0,0.0,May,1,1,6,4,Returning_Visitor,False,False
12,9.13,0,0.0,24,443.75,0.0,0.01,0.92,0.0,Aug,2,10,1,2,Returning_Visitor,False,False
3,75.97,1,52.33,6,1497.41,0.0,0.02,0.61,0.0,May,1,1,4,2,Returning_Visitor,False,False
0,0.0,0,0.0,6,78.67,0.0,0.03,0.0,0.0,May,2,2,5,4,New_Visitor,False,False
2,15.0,0,2.34,10,894.67,0.0,0.02,0.2,0.0,May,2,4,4,2,Returning_Visitor,False,False
0,0.66,0,3.58,13,105.0,0.0,0.02,0.0,0.0,May,4,1,1,3,Returning_Visitor,False,False
0,0.76,0,2.19,4,10.0,0.0,0.1,0.0,0.0,May,1,1,1,3,Returning_Visitor,False,False
8,7.9,6,182.17,30,5889.73,0.03,0.05,0.0,0.01,Nov,3,2,1,3,Returning_Visitor,False,False
2,31.5,0,2.49,27,1703.08,0.0,0.02,0.0,0.0,Nov,1,1,4,8,Returning_Visitor,True,False
0,0.96,0,0.0,7,1749.0,0.05,0.1,0.09,0.0,Dec,2,2,1,2,Returning_Visitor,False,False
2,146.44,0,0.0,21,1853.54,0.0,0.02,0.2,0.0,May,3,2,4,4,Returning_Visitor,True,False
6,88.29,1,10.5,10,39.5,0.0,0.02,0.69,0.0,May,2,2,6,5,New_Visitor,False,False
0,0.0,0,0.0,23,1591.05,0.0,0.02,0.0,0.0,Mar,2,4,7,2,Returning_Visitor,False,False
0,1.49,0,0.0,49,1539.37,0.08,0.11,0.08,0.0,Oct,3,2,1,3,Returning_Visitor,False,False
3,144.98,0,0.0,12,209.01,0.02,0.02,0.0,0.01,Nov,1,2,3,8,Returning_Visitor,False,False
4,97.61,0,0.0,24,1128.47,0.04,0.06,0.0,0.0,Mar,2,4,3,2,Returning_Visitor,False,False
0,0.0,0,0.0,48,0.0,0.2,0.2,0.0,0.01,Nov,1,1,9,1,Returning_Visitor,False,False
0,0.0,0,0.0,10,304.05,0.0,0.02,0.67,0.0,Sep,2,1,6,2,Returning_Visitor,False,False
24,35.93,6,191.87,36,3428.53,0.01,0.05,0.87,0.0,May,2,2,2,2,Returning_Visitor,False,False
1,4.0,0,0.0,13,2123.5,0.02,0.03,42.75,0.0,Nov,3,2,1,3,Returning_Visitor,False,True
0,1.73,0,3.23,4,104.82,0.0,0.05,0.08,0.0,Dec,2,2,2,2,Returning_Visitor,True,False
0,0.0,0,0.0,13,70.4,0.14,0.14,0.13,0.0,Aug,2,2,2,13,Returning_Visitor,False,False
7,46.25,2,280.5,149,7569.18,0.01,0.02,11.38,0.0,Nov,2,2,2,2,Returning_Visitor,False,True
3,99.5,0,0.0,46,1638.7,0.0,0.01,0.0,0.0,May,1,1,6,4,Returning_Visitor,True,False
9,227.6,0,0.0,54,1935.06,0.01,0.02,48.15,0.01,May,1,2,1,2,Returning_Visitor,False,True
0,0.0,0,0.0,15,1134.46,0.0,0.0,47.36,0.0,Dec,2,4,1,2,New_Visitor,False,True
0,0.0,0,11.49,13,412.0,0.0,0.03,0.0,0.0,Mar,2,2,4,3,Returning_Visitor,False,False
1,10.0,0,0.0,82,706.3,0.0,0.01,0.0,0.26,May,2,2,9,2,Returning_Visitor,True,False
5,59.5,0,0.0,116,3363.18,0.0,0.01,0.0,0.0,Nov,2,2,1,2,Returning_Visitor,False,False
0,0.63,0,0.0,2,0.0,0.2,0.18,0.81,0.0,May,3,2,4,3,Returning_Visitor,False,False
0,0.0,0,1.46,4,38.0,0.07,0.07,0.0,0.44,May,2,2,4,4,Returning_Visitor,False,False
0,0.0,1,5.41,18,1664.01,0.0,0.02,0.22,0.01,Nov,2,4,1,2,New_Visitor,False,False
0,0.0,0,0.0,31,1557.61,0.0,0.01,0.0,0.0,Dec,3,2,1,8,New_Visitor,False,False
3,20.5,0,0.0,21,1707.65,0.0,0.01,0.0,0.0,Mar,2,2,1,3,Returning_Visitor,False,False
3,83.66,0,7.11,119,1704.11,0.01,0.01,0.0,0.0,Nov,2,2,3,2,Returning_Visitor,True,False
5,86.0,0,1.78,40,267.3,0.0,0.02,0.0,0.0,Dec,1,1,3,1,Returning_Visitor,True,False
0,0.0,0,0.0,13,222.49,0.03,0.06,0.0,0.0,May,1,2,2,4,Returning_Visitor,False,False
0,0.0,0,0.0,6,114.0,0.0,0.03,0.0,0.0,May,2,2,1,1,Returning_Visitor,True,False
0,0.0,0,2.87,7,1803.67,0.08,0.08,0.0,0.01,May,2,5,1,2,Returning_Visitor,False,False
1,72.0,0,6.04,10,343.0,0.0,0.02,0.0,0.0,May,2,2,6,1,Returning_Visitor,False,False
0,0.0,0,1.81,1,45.85,0.2,0.2,0.0,0.0,Mar,3,2,3,1,Returning_Visitor,False,False
0,0.0,0,1.63,1,0.0,0.2,0.2,0.0,0.0,Mar,1,1,1,9,Returning_Visitor,True,False
1,0.0,0,0.0,17,1017.98,0.02,0.04,0.2,0.0,Oct,1,1,9,3,Returning_Visitor,False,True
0,0.0,0,0.0,2,96.0,0.0,0.05,0.0,0.0,Nov,2,2,3,2,New_Visitor,False,False
0,0.0,1,59.5,44,1569.94,0.0,0.0,0.0,0.0,Dec,3,3,2,20,Returning_Visitor,False,False
0,0.0,0,0.0,2,0.0,0.2,0.2,0.0,0.0,Dec,2,2,1,13,Returning_Visitor,False,False
0,0.89,0,0.0,1,0.0,0.17,0.2,0.0,0.01,Mar,2,2,1,1,Returning_Visitor,False,False
0,0.0,1,117.0,22,404.0,0.03,0.04,0.0,0.0,Dec,2,2,3,2,Returning_Visitor,False,False
3,109.0,0,0.0,45,1696.39,0.0,0.03,0.0,0.0,May,2,2,9,3,Returning_Visitor,True,False
1,0.64,0,3.17,11,874.0,0.0,0.03,0.0,0.45,May,2,2,4,3,Returning_Visitor,False,False
0,0.0,0,0.0,4,214.0,0.0,0.05,0.0,0.0,Mar,2,2,3,3,Returning_Visitor,False,False
0,0.0,0,0.0,16,541.37,0.0,0.02,0.07,0.0,Nov,2,1,3,3,Returning_Visitor,True,False
1,32.25,0,0.0,18,590.04,0.01,0.01,0.0,0.0,Dec,3,2,1,2,Returning_Visitor,False,False
0,0.0,0,0.0,47,559.0,0.05,0.06,0.0,0.0,Nov,1,1,4,3,Returning_Visitor,True,False
10,49.8,0,0.0,43,623.42,0.02,0.05,10.17,0.2,Nov,3,2,1,2,Returning_Visitor,False,False
3,131.2,0,0.0,12,234.17,0.02,0.01,0.0,0.0,Nov,3,2,1,2,New_Visitor,False,False
3,57.0,1,163.0,36,2928.78,0.0,0.02,1.07,0.01,May,2,10,2,2,Returning_Visitor,False,False
0,0.0,0,0.0,4,433.54,0.2,0.2,0.0,0.0,Aug,2,2,2,4,Returning_Visitor,False,False
0,0.0,0,2.37,3,207.29,0.0,0.03,0.0,0.01,Dec,1,1,3,1,Returning_Visitor,False,False
1,0.0,0,0.0,7,207.59,0.03,0.06,0.0,0.0,Dec,2,2,7,3,Returning_Visitor,True,False
0,0.0,2,19.5,48,1249.75,0.0,0.02,0.37,0.0,Dec,2,2,1,2,Returning_Visitor,False,False
8,133.13,0,0.0,13,201.3,0.0,0.0,0.0,0.0,Sep,2,2,1,5,New_Visitor,False,False
0,0.0,0,0.0,7,100.98,0.04,0.06,0.0,0.0,Dec,3,2,9,6,Returning_Visitor,False,False
14,25.83,4,400.38,195,7980.36,0.0,0.01,11.5,0.0,May,2,2,1,2,Returning_Visitor,True,True
0,0.0,0,2.83,16,340.65,0.03,0.06,0.0,0.0,Sep,3,2,2,3,Returning_Visitor,True,False
1,11.17,1,24.43,46,2245.33,0.0,0.01,36.2,0.0,Nov,4,2,1,11,Returning_Visitor,False,True
0,0.0,0,2.13,3,247.24,0.0,0.03,0.15,0.0,Mar,3,2,1,13,Returning_Visitor,True,False
0,0.0,0,5.53,7,189.2,0.0,0.06,78.57,0.0,Sep,2,2,3,2,Returning_Visitor,False,True
0,1.23,0,0.0,3,25.0,0.0,0.07,0.0,0.0,Mar,1,1,4,1,Returning_Visitor,False,False
2,2.36,0,0.0,48,1688.63,0.02,0.02,2.32,0.0,Aug,1,1,4,2,Returning_Visitor,False,False
0,0.0,0,0.0,2,18.0,0.11,0.15,0.76,0.0,Mar,2,5,3,10,Returning_Visitor,False,False
0,7.96,0,0.0,16,1547.01,0.0,0.03,59.75,0.01,Dec,1,1,2,8,New_Visitor,True,True
0,0.0,0,0.0,1,0.0,0.16,0.2,0.16,0.01,Mar,2,3,1,3,Returning_Visitor,True,False
0,0.0,1,3.0,20,1271.58,0.0,0.04,1.01,0.0,Jul,3,2,3,3,Returning_Visitor,False,False
7,278.83,2,15.0,38,2311.09,0.0,0.02,4.25,0.0,May,2,5,1,2,Returning_Visitor,False,False
0,0.0,0,0.0,14,1230.54,0.06,0.06,0.0,0.0,Dec,1,1,4,3,Returning_Visitor,False,False
0,0.0,0,1.99,13,171.5,0.02,0.08,0.0,0.79,May,2,2,1,1,Returning_Visitor,False,False
0,0.0,0,0.0,41,1678.79,0.0,0.05,10.52,0.0,May,2,2,7,4,Returning_Visitor,True,True
3,200.5,4,390.0,32,904.57,0.01,0.03,0.0,0.0,Mar,1,1,1,2,Returning_Visitor,False,False
0,0.0,0,0.0,1,211.13,0.2,0.2,0.0,0.0,Mar,2,2,1,2,Returning_Visitor,False,False
0,0.0,0,0.0,48,3357.05,0.02,0.04,0.0,0.0,Sep,2,1,4,1,Returning_Visitor,True,False
9,25.62,0,0.0,8,988.5,0.0,0.03,0.0,0.0,May,3,2,1,8,Returning_Visitor,False,False
3,6.7,0,0.0,1,0.0,0.0,0.06,0.0,0.0,Mar,3,2,8,8,New_Visitor,False,False
0,0.0,0,0.0,6,57.73,0.03,0.05,0.0,0.0,Nov,2,2,9,3,Returning_Visitor,False,False
15,190.55,2,6.0,35,280.65,0.0,0.02,0.0,0.0,May,1,1,1,2,Returning_Visitor,False,False
1,1.69,0,0.0,11,549.33,0.0,0.0,0.0,0.0,May,4,2,1,3,Returning_Visitor,False,False
5,95.8,0,0.0,39,1671.01,0.0,0.01,19.62,0.0,Sep,2,2,4,3,Returning_Visitor,False,True
0,0.0,0,2.55,5,95.5,0.0,0.01,0.28,0.0,May,2,4,1,3,Returning_Visitor,False,False
0,0.0,0,0.0,1,0.0,0.2,0.18,0.0,0.0,Dec,3,2,1,1,Returning_Visitor,False,False
0,0.0,0,2.49,12,666.0,0.0,0.02,0.0,0.0,May,2,4,8,2,Returning_Visitor,False,False
0,0.0,0,2.39,5,145.83,0.0,0.02,0.08,0.0,Sep,2,2,1,2,Returning_Visitor,False,False
1,24.0,0,0.0,8,482.08,0.03,0.06,4.56,0.01,May,2,6,4,13,Returning_Visitor,False,False
1,11.0,0,0.0,104,4877.26,0.0,0.02,0.0,0.0,May,2,2,1,6,Returning_Visitor,True,False
1,4.0,0,2.97,36,620.64,0.01,0.04,0.0,1.0,May,3,2,3,4,Returning_Visitor,True,False
0,0.0,0,0.0,1,34.44,0.2,0.2,0.0,0.8,May,2,4,1,3,Returning_Visitor,False,False
0,0.0,1,90.0,35,1701.99,0.02,0.06,0.0,0.0,Mar,4,2,1,2,Returning_Visitor,False,False
4,72.3,1,103.8,27,1514.43,0.01,0.06,0.0,0.0,Aug,2,2,3,13,Returning_Visitor,False,False
1,2.0,0,0.0,5,86.6,0.0,0.1,0.0,0.0,Sep,3,2,3,2,Returning_Visitor,False,False
0,0.0,3,8.54,137,4045.73,0.01,0.02,0.0,0.0,Nov,1,2,1,2,Returning_Visitor,False,False
0,0.0,0,2.15,7,50.59,0.0,0.06,0.0,0.0,Mar,3,2,4,15,Returning_Visitor,True,False
2,28.2,0,0.0,19,312.2,0.03,0.05,0.0,0.0,Oct,2,2,1,1,Returning_Visitor,False,False
3,0.0,0,3.26,49,889.37,0.0,0.0,8.42,0.0,Oct,2,2,3,2,Returning_Visitor,False,True
3,18.2,0,3.22,48,624.76,0.01,0.02,0.0,0.0,Oct,2,2,1,3,Returning_Visitor,False,False
0,0.0,0,0.0,15,194.07,0.0,0.05,0.16,0.0,May,2,5,4,2,Returning_Visitor,False,False
4,149.95,0,0.0,1,57.4,0.01,0.04,2.91,0.01,Jul,1,8,1,5,Returning_Visitor,False,False
7,131.08,1,124.9,48,4362.01,0.01,0.01,0.81,0.0,Jul,2,10,3,3,Returning_Visitor,False,False
11,131.67,0,0.0,87,2903.76,0.0,0.02,1.77,0.0,May,2,2,1,2,Returning_Visitor,False,False
14,44.96,6,449.33,45,11301.2,0.0,0.01,33.61,0.0,May,2,2,1,2,Returning_Visitor,False,True
0,0.0,0,0.0,7,131.39,0.03,0.06,0.0,0.0,May,2,2,1,4,Returning_Visitor,False,False
5,60.5,0,0.0,5,50.0,0.01,0.03,0.16,0.0,Dec,2,13,1,2,Returning_Visitor,False,True
1,0.0,0,10.0,49,1714.63,0.0,0.03,0.0,0.0,Nov,2,2,1,2,Returning_Visitor,False,False
1,43.4,0,0.0,29,432.02,0.0,0.01,0.0,0.0,Nov,1,1,1,3,New_Visitor,False,False
4,191.0,0,0.0,45,2171.17,0.0,0.02,0.0,0.43,May,2,4,7,3,Returning_Visitor,False,False
7,634.27,3,89.5,54,2864.63,0.01,0.02,7.45,0.0,Nov,3,2,3,1,Returning_Visitor,False,False
0,0.0,0,0.0,5,46.75,0.0,0.04,0.0,0.01,Dec,1,1,3,3,Returning_Visitor,False,False
1,77.0,0,5.23,9,312.0,0.0,0.04,0.0,0.0,Mar,1,1,3,3,Returning_Visitor,True,False
4,793.5,0,0.0,61,2440.47,0.01,0.01,12.58,0.0,Nov,3,2,9,2,Returning_Visitor,True,False
0,0.0,0,0.0,9,422.71,0.0,0.04,0.0,0.2,May,2,2,7,2,Returning_Visitor,False,False
1,71.6,0,0.0,48,216.05,0.0,0.01,0.0,0.0,Aug,1,1,7,3,New_Visitor,False,False
3,46.5,0,0.0,16,402.69,0.0,0.01,0.06,0.0,Mar,2,4,1,1,Returning_Visitor,True,False
0,0.0,0,9.83,20,486.27,0.02,0.04,0.0,0.0,Mar,2,2,7,1,Returning_Visitor,False,False
0,0.0,0,0.0,5,219.39,0.04,0.06,0.0,0.0,Mar,2,2,1,13,Returning_Visitor,False,False
1,0.0,0,2.96,3,21.0,0.01,0.07,0.36,0.0,Nov,2,4,2,2,Returning_Visitor,True,True
1,0.0,0,0.0,11,315.58,0.04,0.05,0.0,0.0,Jul,2,2,4,1,Returning_Visitor,True,False
3,144.71,0,0.0,12,175.18,0.02,0.03,0.0,0.0,Dec,3,2,9,2,New_Visitor,False,False
0,0.0,0,0.0,23,1202.75,0.01,0.0,0.69,0.0,Dec,2,13,9,2,New_Visitor,False,False
0,0.0,0,0.0,15,378.5,0.0,0.04,0.0,0.0,Nov,2,2,1,2,Returning_Visitor,False,False
2,145.77,0,0.0,32,558.5,0.0,0.03,0.23,0.0,Mar,2,2,7,2,New_Visitor,True,False
0,0.0,0,0.0,47,1777.52,0.0,0.03,0.0,0.0,Nov,1,2,1,10,Returning_Visitor,True,False
8,5.95,2,153.0,12,880.8,0.01,0.02,8.55,0.0,May,1,1,2,2,Returning_Visitor,True,True
0,2.67,0,1.42,2,96.0,0.0,0.06,0.0,0.0,Mar,4,1,1,1,Returning_Visitor,False,False
0,0.0,0,0.0,2,166.0,0.01,0.05,1.3,0.01,Dec,2,13,9,2,Other,False,False
0,0.0,0,0.0,12,217.36,0.02,0.08,0.0,0.0,Mar,2,2,3,2,Returning_Visitor,False,False
2,15.6,0,2.61,39,1639.67,0.02,0.05,0.0,0.2,May,2,2,2,3,Returning_Visitor,False,False
0,0.0,0,0.0,4,44.0,0.05,0.1,0.12,0.0,Mar,2,2,9,10,Returning_Visitor,False,False
0,0.0,2,3.75,144,7735.27,0.01,0.02,0.09,0.0,Nov,2,2,1,2,Returning_Visitor,False,False
3,145.98,3,144.5,83,6604.31,0.0,0.04,0.0,0.01,May,2,2,1,2,Returning_Visitor,False,False
0,0.0,7,840.58,162,5918.31,0.0,0.02,0.0,0.0,Nov,2,2,1,1,Returning_Visitor,False,False
0,0.0,0,0.0,11,606.5,0.0,0.05,0.0,0.25,May,2,8,9,4,Returning_Visitor,True,False
0,0.0,0,2.24,34,268.89,0.0,0.03,0.12,0.0,Mar,1,1,1,1,Returning_Visitor,False,False
0,1.18,0,2.14,4,48.5,0.0,0.1,0.0,0.0,Dec,2,2,9,2,New_Visitor,False,False
0,0.0,0,2.45,20,526.5,0.02,0.03,0.0,0.0,Nov,3,2,2,3,Returning_Visitor,False,False
0,5.0,0,4.19,12,1507.69,0.0,0.02,0.05,0.0,May,2,2,9,1,Returning_Visitor,False,False
0,0.0,0,7.41,7,495.0,0.0,0.01,0.0,0.0,Mar,4,2,3,2,Returning_Visitor,False,False
0,0.84,0,3.19,1,0.0,0.2,0.18,0.06,0.0,Dec,2,2,8,1,Returning_Visitor,False,False
0,0.0,0,6.46,1,0.0,0.17,0.2,0.0,0.0,Feb,2,2,7,3,Returning_Visitor,False,False
3,101.5,0,0.0,12,692.67,0.0,0.01,58.59,0.0,May,2,2,5,2,Returning_Visitor,False,True
8,142.12,0,2.27,49,1796.58,0.0,0.02,0.0,0.0,Nov,2,2,1,2,Returning_Visitor,False,False
11,46.5,1,10.0,58,3816.37,0.0,0.03,0.45,0.0,May,2,5,3,2,Returning_Visitor,False,False
0,0.0,0,6.75,1,89.08,0.2,0.18,0.0,0.0,Mar,2,2,2,3,Returning_Visitor,False,False
0,0.0,0,0.0,2,0.0,0.2,0.2,1.09,0.0,Nov,1,2,3,1,Returning_Visitor,True,False
6,224.88,0,0.0,21,845.75,0.0,0.01,0.26,0.01,Dec,8,13,9,2,Other,False,False
2,389.5,0,2.15,8,206.32,0.0,0.01,0.0,0.0,Nov,1,1,8,2,Returning_Visitor,False,False
10,110.44,0,0.0,255,8467.58,0.0,0.07,11.55,0.01,May,3,2,1,2,Returning_Visitor,False,False
0,0.87,0,1.99,4,36.89,0.15,0.17,0.0,0.44,May,1,1,1,3,Returning_Visitor,False,False
3,39.3,0,0.0,47,316.2,0.01,0.02,1.09,0.0,Sep,3,2,3,3,Returning_Visitor,False,False
0,0.0,0,2.49,26,409.3,0.01,0.04,0.21,0.0,Jul,1,1,1,1,Returning_Visitor,False,False
0,0.0,0,0.0,58,3200.37,0.0,0.03,0.0,0.0,Mar,2,2,6,1,Returning_Visitor,False,False
0,0.0,0,0.0,12,167.83,0.0,0.06,0.0,0.0,Nov,2,2,1,2,Returning_Visitor,False,False
4,36.0,0,0.0,45,708.92,0.0,0.01,0.08,0.0,May,2,6,1,4,Returning_Visitor,False,False
0,0.0,0,2.1,5,213.8,0.0,0.04,0.05,0.04,May,2,2,3,1,Returning_Visitor,False,False
1,7.0,0,0.0,5,78.5,0.0,0.03,0.47,0.0,Dec,2,2,7,1,Returning_Visitor,False,False
1,124.15,0,0.0,22,353.15,0.0,0.01,0.22,0.0,Nov,1,2,1,2,New_Visitor,False,False
3,145.2,0,0.0,28,425.1,0.0,0.02,0.0,0.0,Oct,3,2,7,11,New_Visitor,True,False
0,0.0,0,0.0,5,80.01,0.0,0.08,0.0,0.0,Nov,1,1,9,2,Returning_Visitor,False,False
5,42.65,1,19.2,45,504.03,0.0,0.01,0.0,0.0,Aug,1,1,1,4,Returning_Visitor,False,False
2,142.09,0,1.75,5,290.04,0.0,0.01,0.0,0.0,May,2,2,4,2,Returning_Visitor,False,False
12,44.07,0,0.0,13,97.5,0.0,0.04,0.0,0.0,May,3,2,1,1,Returning_Visitor,False,True
6,7.54,1,32.0,81,1100.45,0.0,0.0,27.9,0.0,May,4,2,6,3,Returning_Visitor,True,False
1,0.0,0,34.69,39,1713.94,0.0,0.03,0.1,0.0,Nov,2,2,6,2,Returning_Visitor,True,True
1,85.0,4,208.5,12,413.8,0.0,0.0,0.0,0.0,Mar,1,1,1,2,New_Visitor,False,False
2,0.0,0,2.78,4,19.6,0.08,0.11,0.13,0.0,May,3,2,6,13,Returning_Visitor,True,False
3,140.22,2,108.78,49,461.05,0.02,0.03,16.34,0.0,Mar,3,2,1,1,Returning_Visitor,False,False
3,19.0,0,0.0,13,1290.01,0.0,0.02,0.0,0.0,Mar,1,2,6,10,Returning_Visitor,False,False
2,75.6,1,3.35,28,2074.93,0.0,0.02,0.0,0.0,Oct,2,4,3,2,Returning_Visitor,False,False
6,129.75,0,0.0,42,1173.07,0.0,0.01,9.68,0.0,Mar,2,2,3,8,New_Visitor,True,True
0,0.0,0,0.0,22,1310.5,0.01,0.03,23.86,0.0,Mar,2,2,1,1,Returning_Visitor,False,True
2,32.5,0,0.0,48,423.82,0.01,0.04,0.12,0.0,Mar,3,2,1,3,Returning_Visitor,False,False
3,8.5,0,0.0,45,848.21,0.0,0.01,0.0,0.0,May,4,1,1,1,Returning_Visitor,True,False
0,1.15,0,0.0,39,1717.46,0.0,0.02,0.0,0.0,Sep,2,2,1,4,Returning_Visitor,False,False
0,0.0,0,7.75,36,1287.96,0.03,0.07,0.0,0.55,May,3,2,1,3,Returning_Visitor,False,False
3,200.83,0,3.63,44,1909.08,0.01,0.02,0.38,0.0,Dec,1,8,1,2,Returning_Visitor,False,False
12,39.48,4,1511.7,439,21857.05,0.0,0.01,11.44,0.0,May,2,2,1,2,Returning_Visitor,False,False
3,32.0,1,9.0,16,1760.6,0.0,0.03,0.0,0.0,Nov,2,2,3,2,Returning_Visitor,False,True
0,0.0,0,0.0,9,53.0,0.05,0.11,0.0,0.0,Dec,2,5,1,1,Returning_Visitor,False,False
0,0.0,0,0.0,30,530.47,0.01,0.03,0.0,0.0,Mar,4,1,1,3,Returning_Visitor,True,False
1,34.0,0,0.0,36,646.29,0.0,0.01,0.15,0.0,May,2,2,6,3,Returning_Visitor,False,False
0,0.0,0,4.98,11,210.14,0.07,0.09,0.0,0.4,May,1,1,1,3,Returning_Visitor,False,False
3,38.33,0,0.0,45,2277.38,0.01,0.03,12.76,1.0,May,2,2,2,2,Returning_Visitor,True,False
10,196.25,1,46.4,34,12292.46,0.0,0.02,0.04,0.0,May,2,2,2,2,Returning_Visitor,True,False
7,87.72,0,0.0,85,2694.83,0.0,0.0,0.16,0.0,May,2,4,3,2,New_Visitor,False,False
3,132.19,0,0.0,5,275.29,0.0,0.04,0.0,0.0,Nov,2,2,1,8,New_Visitor,False,False
3,55.5,0,0.0,48,1711.79,0.0,0.02,0.05,0.0,Mar,2,2,2,2,Returning_Visitor,True,False
3,164.5,0,0.0,73,3022.48,0.0,0.03,4.25,0.01,May,2,2,5,1,Returning_Visitor,False,False
0,0.0,0,7.03,22,2464.9,0.0,0.05,0.0,0.8,May,2,2,6,1,Returning_Visitor,False,False
4,378.75,1,0.0,15,638.92,0.01,0.03,0.0,0.0,Nov,2,2,1,2,New_Visitor,False,True
0,0.74,0,3.13,46,1685.07,0.0,0.01,0.0,0.0,May,1,1,1,2,Returning_Visitor,False,False
0,0.0,0,0.0,4,76.75,0.0,0.06,0.0,0.0,Nov,1,1,8,2,New_Visitor,False,True
5,64.02,0,0.0,3,212.0,0.0,0.03,0.16,0.0,Mar,1,1,9,8,New_Visitor,False,False
0,0.0,0,0.0,12,223.8,0.03,0.02,0.42,0.0,Jul,1,1,2,4,Returning_Visitor,True,False
0,0.0,0,4.31,42,1713.82,0.0,0.03,0.0,0.01,Nov,2,2,3,2,Returning_Visitor,False,False
3,39.0,0,1.61,15,787.0,0.0,0.02,0.0,0.0,Mar,4,1,1,10,Returning_Visitor,False,False
3,136.89,0,0.0,16,251.88,0.0,0.03,0.57,0.0,Aug,2,2,6,5,New_Visitor,False,False
0,0.0,0,0.0,2,40.8,0.0,0.05,0.17,0.0,May,3,2,3,3,Returning_Visitor,False,False
0,0.0,0,0.0,8,123.0,0.0,0.02,59.99,0.0,May,2,2,1,2,New_Visitor,False,True
0,0.0,0,5.59,49,1985.0,0.03,0.05,0.0,0.0,Mar,1,1,1,1,Returning_Visitor,False,False
0,0.0,0,0.0,38,253.33,0.03,0.07,0.0,0.8,May,2,2,5,3,Returning_Visitor,False,False
7,58.42,0,0.0,22,1043.58,0.01,0.06,0.03,0.0,Nov,2,2,3,2,New_Visitor,False,False
11,56.43,9,1146.67,42,3641.21,0.0,0.01,7.75,0.0,May,2,2,1,2,Returning_Visitor,False,True
4,181.5,0,0.0,11,2265.57,0.0,0.02,28.11,0.0,May,4,1,3,1,Returning_Visitor,True,True
0,0.66,0,0.0,26,1626.82,0.0,0.02,0.0,0.2,May,2,2,1,3,Returning_Visitor,False,False
0,0.0,0,8.27,62,1136.6,0.0,0.01,0.0,0.0,Mar,1,1,1,3,Returning_Visitor,True,False
3,15.0,0,0.0,18,343.83,0.01,0.01,0.09,0.0,Dec,3,13,9,2,New_Visitor,False,True
7,141.27,0,0.0,48,1500.42,0.0,0.02,39.04,0.0,Mar,2,4,3,2,Returning_Visitor,False,False
0,0.0,0,0.0,2,0.0,0.2,0.2,0.0,0.01,May,1,1,1,1,Returning_Visitor,False,False
0,0.0,0,0.0,12,396.5,0.0,0.04,0.02,0.0,Mar,2,4,3,2,Returning_Visitor,True,False
0,0.0,0,8.25,30,480.25,0.01,0.03,0.07,0.0,Mar,2,2,7,1,Returning_Visitor,False,False
1,147.5,3,73.96,48,1282.93,0.0,0.02,2.85,0.0,Nov,3,2,7,11,Returning_Visitor,False,True
4,93.75,0,0.0,70,2161.39,0.01,0.02,0.0,0.0,Nov,1,1,1,2,Returning_Visitor,False,True
0,0.0,1,0.0,20,571.23,0.02,0.04,0.25,0.0,Nov,4,1,7,2,Returning_Visitor,False,False
0,0.0,0,0.0,39,1684.59,0.0,0.02,0.0,0.0,Dec,2,2,8,2,Returning_Visitor,False,False
3,166.0,0,0.0,5,134.0,0.0,0.03,0.0,0.8,May,3,2,6,2,Returning_Visitor,False,False
2,28.06,0,3.24,49,2260.86,0.0,0.02,0.0,0.0,June,2,2,7,4,Returning_Visitor,True,False
1,15.2,1,37.08,45,1708.88,0.01,0.03,5.25,0.0,June,2,2,2,2,Returning_Visitor,True,False
3,71.4,0,0.0,13,449.4,0.04,0.08,0.0,0.0,Aug,1,1,1,3,Returning_Visitor,False,False
0,3.0,0,2.49,8,358.0,0.05,0.06,0.18,0.01,Oct,1,1,1,2,Returning_Visitor,True,False
8,146.19,3,273.5,44,2565.8,0.0,0.01,0.0,0.0,Nov,2,2,1,2,Returning_Visitor,True,False
0,0.0,0,0.0,4,17.0,0.07,0.08,0.17,0.0,May,3,2,1,3,Returning_Visitor,False,False
0,0.0,0,0.0,1,586.5,0.2,0.2,0.0,0.0,Feb,1,1,4,1,Returning_Visitor,False,False
8,128.02,0,0.0,19,548.88,0.0,0.01,5.74,0.0,May,3,2,1,2,Returning_Visitor,True,False
0,0.7,0,3.56,1,39.42,0.2,0.18,0.0,0.0,Nov,3,2,4,3,Returning_Visitor,False,False
0,0.0,0,0.0,8,866.0,0.05,0.06,0.0,0.0,Dec,2,2,2,6,Returning_Visitor,False,False
0,0.0,0,2.38,1,0.0,0.2,0.2,0.0,0.0,Nov,4,2,1,1,Returning_Visitor,True,False
0,0.0,8,54.48,51,3981.89,0.0,0.02,0.03,0.4,May,2,2,8,3,Returning_Visitor,False,False
8,156.25,0,0.0,48,1481.11,0.0,0.01,0.31,0.0,Dec,2,2,4,1,Returning_Visitor,False,False
1,4.83,0,0.0,4,277.0,0.0,0.05,0.0,0.0,Mar,2,2,2,10,Returning_Visitor,True,False
0,0.0,0,6.36,49,2345.95,0.0,0.01,0.03,0.0,Dec,3,2,1,1,Returning_Visitor,False,False
4,204.2,0,0.0,31,652.38,0.02,0.02,0.0,0.0,Nov,1,1,1,1,Returning_Visitor,False,False
1,23.2,0,0.0,0,0.0,0.0,0.03,0.48,0.0,Oct,2,2,6,3,Returning_Visitor,False,True
0,0.0,0,0.0,8,497.25,0.0,0.03,0.08,0.0,Dec,1,1,3,1,Returning_Visitor,True,False
2,0.0,0,0.0,8,230.17,0.08,0.1,0.0,0.0,May,1,2,1,2,Returning_Visitor,False,False
0,0.0,0,0.0,5,202.65,0.0,0.04,0.0,0.0,Mar,3,2,6,1,Returning_Visitor,False,False
2,27.25,0,0.0,27,31.5,0.05,0.07,0.0,0.0,Dec,3,2,2,3,Returning_Visitor,False,True
0,0.0,0,0.0,5,276.17,0.03,0.05,55.32,0.0,Nov,2,2,1,8,Returning_Visitor,False,False
4,22.5,0,0.0,15,289.85,0.0,0.02,57.96,0.0,Mar,2,2,2,3,New_Visitor,True,True
6,143.37,0,0.0,48,2678.06,0.0,0.01,0.05,0.0,Jul,2,2,1,2,Returning_Visitor,True,False
17,88.61,2,60.5,48,1929.19,0.01,0.04,10.98,0.0,May,3,2,1,2,Returning_Visitor,False,False
0,0.0,0,2.62,10,140.0,0.04,0.07,0.2,0.8,May,1,8,3,1,Returning_Visitor,False,False
0,0.0,0,0.0,6,657.5,0.0,0.01,0.0,0.0,May,2,2,1,13,Returning_Visitor,False,False
0,0.0,0,0.0,22,857.81,0.0,0.01,20.89,1.0,Nov,3,2,1,2,Returning_Visitor,True,True
0,0.0,0,3.4,19,1651.93,0.03,0.07,0.07,0.3,May,3,10,1,1,Returning_Visitor,False,False
0,0.0,0,0.0,5,331.33,0.05,0.1,0.16,0.0,May,2,2,3,4,Returning_Visitor,False,False
0,0.0,0,0.0,9,1710.27,0.04,0.07,0.0,0.4,May,2,2,6,2,Returning_Visitor,False,False
7,95.75,0,0.0,47,1164.2,0.0,0.01,27.08,0.0,Dec,3,2,5,1,Returning_Visitor,True,True
0,1.65,2,7.86,28,1085.25,0.0,0.01,0.0,0.01,Dec,3,2,1,11,New_Visitor,False,True
1,89.06,0,2.42,30,1714.57,0.0,0.01,0.0,0.0,May,1,1,1,4,Returning_Visitor,False,False
0,2.31,2,500.0,49,2663.82,0.01,0.03,5.48,0.01,May,4,2,1,3,Returning_Visitor,False,False
2,92.0,2,59.5,43,2207.76,0.01,0.02,0.0,0.0,Dec,3,2,1,2,Returning_Visitor,False,False
8,308.59,0,0.0,67,1784.76,0.0,0.01,0.38,0.0,Sep,3,2,1,2,Returning_Visitor,False,False
1,137.65,0,0.0,22,495.0,0.0,0.02,0.24,0.0,Nov,2,5,6,2,New_Visitor,False,False
1,54.5,0,0.0,26,2098.05,0.0,0.02,44.92,0.0,Nov,2,2,3,2,Returning_Visitor,False,False
0,0.0,0,0.0,1,0.0,0.2,0.2,0.0,0.0,Nov,4,2,1,8,New_Visitor,False,False
22,124.36,3,703.5,46,6241.69,0.0,0.03,2.04,0.0,May,2,2,1,2,Returning_Visitor,False,True
4,134.14,0,6.66,13,409.84,0.0,0.03,20.1,0.0,May,1,1,2,2,Returning_Visitor,False,True
3,108.49,0,0.0,3,127.6,0.0,0.03,0.0,0.0,Dec,2,2,1,2,New_Visitor,False,False
0,0.0,0,4.63,9,355.17,0.0,0.03,1.18,0.0,Mar,2,4,1,2,Returning_Visitor,False,True
0,0.0,0,4.02,90,1704.82,0.0,0.07,0.0,0.8,May,2,2,3,1,Returning_Visitor,False,False
0,0.0,0,4.55,20,469.98,0.02,0.06,0.16,0.0,Nov,2,2,1,2,Returning_Visitor,False,False
0,0.0,0,0.0,18,2335.12,0.0,0.03,0.05,0.0,Nov,2,2,1,3,Returning_Visitor,False,False
1,24.0,0,9.74,54,801.51,0.01,0.02,0.0,0.44,May,1,1,1,3,Returning_Visitor,False,False
3,1115.5,0,0.0,42,1469.67,0.01,0.01,0.0,0.0,Nov,1,1,1,8,Returning_Visitor,True,False
1,8.0,0,0.0,11,701.0,0.0,0.02,0.0,0.0,Aug,2,2,1,2,Returning_Visitor,False,False
7,199.83,0,0.0,27,1729.37,0.0,0.0,0.25,0.0,Aug,2,5,1,2,New_Visitor,True,False
1,23.0,0,2.78,35,1513.0,0.04,0.07,0.03,0.01,May,2,2,1,13,Returning_Visitor,False,False
2,53.5,0,0.0,20,559.38,0.0,0.01,0.0,1.0,May,2,2,1,4,New_Visitor,True,False
1,11.0,1,47.75,46,1925.98,0.02,0.03,0.0,0.0,Dec,2,2,7,2,Returning_Visitor,False,False
1,145.78,0,0.0,41,803.51,0.0,0.01,0.0,0.0,Dec,1,2,1,8,Returning_Visitor,True,False
0,0.0,0,2.23,1,50.05,0.2,0.2,0.12,0.0,Dec,3,5,1,8,New_Visitor,False,False
6,106.0,0,0.0,42,1384.2,0.01,0.01,0.15,0.01,Dec,3,13,9,2,Other,False,True
1,19.0,0,0.0,7,225.76,0.0,0.03,0.0,0.0,Mar,3,2,2,10,Returning_Visitor,False,False
2,45.5,0,0.0,5,317.25,0.0,0.06,0.09,0.0,Dec,2,2,1,2,Returning_Visitor,False,False
3,80.6,0,0.0,37,936.42,0.0,0.01,0.36,0.0,Oct,1,1,4,2,Returning_Visitor,True,False
0,0.0,0,2.96,49,950.02,0.01,0.03,0.0,0.0,Oct,3,2,1,20,Returning_Visitor,False,False
3,284.0,0,0.0,33,2270.75,0.0,0.01,0.0,0.0,May,2,2,7,2,Returning_Visitor,False,False
3,31.7,3,361.43,9,78.5,0.0,0.01,0.0,0.0,Sep,2,2,1,2,New_Visitor,False,False
3,196.6,0,0.0,31,1514.3,0.01,0.07,0.09,0.0,Aug,2,2,7,1,Returning_Visitor,False,False
0,0.0,0,0.0,30,360.47,0.01,0.04,0.0,0.0,Jul,1,1,1,1,Returning_Visitor,False,False
1,45.4,0,0.0,15,114.9,0.0,0.03,0.0,0.01,Jul,2,2,3,1,Returning_Visitor,False,False
0,0.0,0,0.0,4,159.2,0.05,0.05,0.0,0.0,June,3,2,5,13,Returning_Visitor,True,False
0,0.0,0,2.0,13,241.4,0.03,0.06,0.0,0.0,Nov,3,2,6,13,Returning_Visitor,False,False
3,144.39,0,2.24,9,627.09,0.07,0.11,14.56,0.0,Sep,3,2,1,3,Returning_Visitor,False,False
7,88.59,1,27.74,15,148.75,0.0,0.02,0.14,0.0,Nov,4,1,1,2,Returning_Visitor,False,False
3,99.3,2,3.3,48,1088.72,0.0,0.01,0.09,0.0,Sep,2,2,8,4,Returning_Visitor,True,False
0,0.0,0,0.0,5,0.0,0.2,0.2,0.0,0.0,Aug,3,2,2,3,Returning_Visitor,False,False
0,0.0,0,1.79,1,57.66,0.2,0.2,0.0,0.0,Dec,3,2,6,1,Returning_Visitor,False,False
0,0.0,0,2.08,5,1144.0,0.12,0.13,0.0,1.0,May,1,1,4,3,Returning_Visitor,True,False
0,3.53,0,0.0,11,291.24,0.03,0.07,0.0,0.0,Dec,3,2,7,1,Returning_Visitor,True,False
2,143.48,0,0.0,72,712.3,0.0,0.0,0.06,0.0,Nov,2,2,4,2,New_Visitor,False,False
0,1.13,0,1.82,40,700.13,0.01,0.03,0.0,0.0,Nov,1,1,1,10,Returning_Visitor,True,False
2,17.0,0,0.0,12,260.2,0.0,0.03,0.0,0.45,May,1,2,3,3,Returning_Visitor,False,False
3,145.03,0,0.0,92,2716.52,0.01,0.03,23.74,0.02,Nov,2,2,3,2,Returning_Visitor,True,False
0,0.0,3,83.0,68,1588.15,0.01,0.07,0.0,0.0,Dec,1,2,1,2,Returning_Visitor,True,False
3,206.67,0,0.0,15,936.17,0.01,0.02,0.0,0.0,Mar,2,4,3,1,Returning_Visitor,False,False
0,0.0,0,0.0,10,450.0,0.0,0.04,0.0,0.71,May,3,2,1,13,Returning_Visitor,False,False
8,47.72,1,168.2,47,755.88,0.03,0.06,0.0,0.0,Nov,2,2,3,3,Returning_Visitor,False,False
3,24.5,0,0.0,46,1560.73,0.0,0.01,107.22,0.0,May,2,2,2,4,Returning_Visitor,False,True
3,618.07,0,0.0,46,1342.08,0.0,0.0,28.07,0.0,June,2,2,6,4,New_Visitor,False,True
2,40.0,1,93.67,34,1711.39,0.0,0.02,0.4,0.0,May,3,3,3,4,Returning_Visitor,False,False
0,0.0,0,4.64,22,1422.27,0.0,0.01,14.01,0.0,Oct,2,2,9,2,New_Visitor,False,True
0,0.0,0,0.0,44,1331.16,0.0,0.02,0.17,0.2,May,2,2,5,1,Returning_Visitor,False,False
0,0.0,0,4.64,15,581.42,0.0,0.01,0.0,0.0,Mar,2,5,1,2,Returning_Visitor,False,False
3,143.67,0,0.0,9,1261.7,0.02,0.05,0.0,0.0,Aug,2,5,1,1,Returning_Visitor,False,False
0,0.0,2,6.0,7,162.62,0.0,0.02,0.49,0.0,Nov,2,2,1,2,Returning_Visitor,False,False
0,0.0,0,12.35,9,1070.12,0.0,0.04,0.04,0.0,Nov,2,2,6,13,Returning_Visitor,False,False
2,146.4,1,5.19,264,8584.03,0.01,0.02,0.0,0.0,Nov,2,2,1,2,Returning_Visitor,False,True
5,54.0,0,0.0,16,487.67,0.0,0.03,0.0,0.0,May,1,1,2,3,Returning_Visitor,False,False
2,27.47,3,245.8,28,524.06,0.02,0.05,20.43,0.0,Oct,2,2,7,1,Returning_Visitor,False,True
4,30.17,4,276.84,49,6186.17,0.01,0.05,3.09,0.0,Jul,3,2,8,2,Returning_Visitor,False,False
14,88.19,5,218.65,38,4316.26,0.0,0.02,11.72,0.0,May,2,2,1,1,Returning_Visitor,False,False
11,90.25,3,431.33,48,12595.63,0.0,0.01,1.18,0.0,May,2,2,1,2,Returning_Visitor,False,True
13,33.63,1,24.7,149,8147.11,0.01,0.05,1.56,0.0,Nov,2,2,1,2,Returning_Visitor,False,False
0,0.0,0,0.0,5,324.39,0.0,0.04,0.0,0.01,May,3,2,1,4,Returning_Visitor,False,False
2,45.77,2,148.1,44,2237.77,0.0,0.01,26.41,0.0,Oct,1,1,3,2,Returning_Visitor,False,False
0,0.0,0,3.94,4,16.0,0.1,0.15,0.09,0.0,Feb,2,5,1,1,Returning_Visitor,False,False
0,0.0,0,3.48,30,4262.97,0.0,0.01,14.8,0.0,Dec,2,2,7,1,Returning_Visitor,False,True
3,149.2,0,0.0,13,272.01,0.0,0.01,82.02,0.01,Nov,1,1,4,20,Returning_Visitor,False,True
0,0.0,0,0.0,1,0.0,0.2,0.03,0.0,0.0,Dec,2,2,3,1,Other,True,False
1,123.0,0,0.0,7,181.5,0.0,0.03,0.58,0.0,Mar,2,2,1,2,New_Visitor,True,True
1,73.0,1,740.0,50,1434.26,0.0,0.02,5.23,0.0,Mar,3,2,3,2,Returning_Visitor,True,False
0,0.0,0,0.0,3,41.0,0.0,0.06,0.0,0.01,Feb,1,1,3,3,Returning_Visitor,False,False
6,66.75,0,0.0,31,3633.95,0.0,0.02,16.15,0.0,Oct,4,2,8,1,Returning_Visitor,False,False
0,0.81,0,0.0,20,258.07,0.0,0.03,0.0,0.01,Nov,1,1,4,3,Returning_Visitor,False,False
0,0.0,0,0.0,1,0.0,0.17,0.18,0.04,0.0,May,2,2,6,3,Returning_Visitor,False,False
3,142.65,0,0.0,40,852.33,0.01,0.02,0.07,0.0,May,2,2,1,1,Returning_Visitor,True,False
5,139.61,0,0.0,48,3488.07,0.0,0.02,5.7,0.0,Nov,2,2,3,2,Returning_Visitor,False,False
0,0.0,0,2.12,4,40.96,0.0,0.05,0.0,0.0,May,2,2,1,3,Returning_Visitor,False,False
14,28.92,2,52.4,31,1760.66,0.0,0.04,2.01,0.0,May,1,1,1,4,Returning_Visitor,False,False
0,0.0,0,1.52,12,180.5,0.09,0.09,0.09,0.04,May,3,2,1,13,Returning_Visitor,False,False
3,197.67,0,0.0,13,88.75,0.01,0.06,0.0,1.0,Nov,3,2,8,2,Returning_Visitor,True,False
0,0.0,0,0.0,5,204.06,0.08,0.07,0.0,0.0,May,1,1,1,3,Returning_Visitor,False,False
0,0.64,0,0.0,49,1675.38,0.0,0.01,11.53,0.0,Nov,2,2,1,1,Returning_Visitor,False,True
3,2.92,0,0.0,1,0.0,0.1,0.15,0.0,0.01,Nov,1,1,1,1,Returning_Visitor,False,False
2,33.5,0,0.0,23,398.4,0.0,0.02,0.23,0.0,Dec,2,2,3,6,Returning_Visitor,False,False
0,0.0,2,55.02,35,2068.93,0.0,0.01,0.28,0.0,May,3,2,6,6,Returning_Visitor,False,True
2,0.0,0,0.0,48,191.0,0.0,0.03,0.0,0.01,Nov,1,1,3,1,Returning_Visitor,False,False
0,0.0,0,0.0,1,48.75,0.2,0.2,0.0,0.01,Mar,2,2,1,1,Returning_Visitor,False,False
4,26.1,0,0.0,18,1273.08,0.0,0.03,6.75,0.0,Dec,1,1,1,1,Returning_Visitor,False,True
10,68.31,9,991.25,216,7761.03,0.01,0.02,1.59,0.0,May,2,2,2,2,Returning_Visitor,True,True
1,0.0,0,0.0,10,677.67,0.0,0.02,0.0,0.0,Dec,4,1,3,2,New_Visitor,False,False
5,262.12,1,0.0,49,7468.86,0.01,0.02,11.54,0.0,Nov,3,2,1,2,Returning_Visitor,False,False
8,84.19,0,0.0,7,96.12,0.0,0.03,0.0,0.0,Nov,1,1,4,2,New_Visitor,False,False
2,69.01,0,0.0,7,330.17,0.0,0.02,0.0,0.0,Dec,3,2,9,2,Returning_Visitor,False,False
12,311.41,0,0.0,96,4233.48,0.01,0.03,11.48,0.0,May,2,4,1,2,Returning_Visitor,False,False
0,0.0,0,3.09,24,566.73,0.03,0.05,0.0,0.8,May,3,2,2,13,Returning_Visitor,False,False
1,12.0,1,6.27,74,6194.85,0.02,0.03,0.0,0.0,Nov,2,2,9,13,Returning_Visitor,False,False
0,0.0,0,1.87,9,258.29,0.0,0.02,0.37,0.0,Nov,2,5,3,2,Returning_Visitor,False,False
1,1.22,0,1.86,2,0.0,0.2,0.2,0.0,0.0,May,2,2,5,13,Returning_Visitor,False,False
4,218.58,0,0.0,11,370.46,0.0,0.0,0.47,0.0,Dec,3,7,4,2,Returning_Visitor,False,False
3,7.0,1,25.17,21,1372.38,0.02,0.03,32.39,0.0,Nov,2,2,1,1,Returning_Visitor,False,False
0,0.0,0,2.06,8,885.0,0.04,0.05,41.7,0.0,Nov,2,2,1,2,Returning_Visitor,False,True
0,0.0,0,0.0,2,1450.5,0.2,0.2,0.0,0.0,Dec,1,1,1,1,Returning_Visitor,True,False
0,0.0,0,0.0,64,1734.32,0.02,0.04,0.07,0.0,Sep,2,2,1,1,Returning_Visitor,False,False
0,0.0,0,1.73,4,39.25,0.0,0.06,0.0,0.0,Nov,4,2,1,1,Returning_Visitor,False,False
0,0.0,0,0.0,47,1315.18,0.01,0.03,0.0,0.0,Nov,2,2,3,2,Returning_Visitor,False,True
5,106.8,0,0.0,20,470.87,0.03,0.06,0.0,0.0,Oct,3,2,1,13,Returning_Visitor,False,False
3,49.12,0,0.0,19,344.35,0.01,0.02,0.39,0.0,Nov,3,2,1,13,Returning_Visitor,False,False
2,279.0,0,0.0,14,472.06,0.0,0.01,0.07,0.0,Nov,2,2,3,2,Returning_Visitor,False,False
0,0.0,0,3.4,22,225.47,0.0,0.05,0.21,0.4,Feb,1,1,8,3,Returning_Visitor,False,False
2,34.0,2,4.43,41,7217.72,0.01,0.02,0.0,0.0,Nov,1,2,1,8,Returning_Visitor,False,False
0,0.0,0,0.0,2,24.0,0.0,0.05,0.0,0.0,Mar,3,2,3,3,Returning_Visitor,False,False
6,179.75,2,8.0,49,1876.33,0.0,0.03,6.48,0.0,Dec,2,2,9,2,Returning_Visitor,False,False
3,95.0,0,0.0,15,449.5,0.01,0.06,0.0,0.01,Mar,2,2,4,1,Returning_Visitor,False,False
12,1106.39,9,627.46,44,7444.94,0.01,0.02,11.62,0.0,May,3,2,1,2,Returning_Visitor,False,True
3,145.1,0,0.0,5,198.0,0.0,0.03,0.33,0.0,May,3,3,4,2,New_Visitor,True,False
0,0.0,0,0.0,37,1604.77,0.0,0.02,0.0,0.0,Nov,2,2,4,1,Returning_Visitor,False,True
1,29.5,0,0.0,41,1715.93,0.0,0.04,0.0,0.0,Nov,3,2,1,2,Returning_Visitor,False,False
0,0.0,0,6.36,6,399.0,0.0,0.03,0.0,0.0,May,4,2,4,2,Returning_Visitor,False,False
0,0.0,0,0.0,23,1166.33,0.0,0.03,22.3,0.0,May,2,2,1,2,Returning_Visitor,False,False
4,118.96,0,2.45,16,307.62,0.0,0.01,0.0,0.0,Oct,1,1,3,2,Returning_Visitor,True,False
2,49.25,1,13.91,45,4130.94,0.01,0.03,43.99,0.0,Nov,4,1,1,2,Returning_Visitor,False,False
0,1.17,0,0.0,10,201.92,0.0,0.06,0.0,0.0,Nov,1,1,1,2,Returning_Visitor,False,False
1,3.8,0,3.17,14,1267.06,0.02,0.04,0.02,0.0,May,2,2,1,3,Returning_Visitor,False,False
3,10.28,1,14.0,89,910.92,0.0,0.01,0.08,0.0,May,1,2,7,3,Returning_Visitor,True,False
0,3.32,2,0.0,40,1693.57,0.02,0.06,0.0,0.0,May,3,2,1,3,Returning_Visitor,False,False
14,20.25,3,195.0,42,5610.69,0.0,0.02,4.45,0.0,May,2,2,1,2,Returning_Visitor,False,False
0,0.0,0,0.0,3,159.5,0.0,0.07,0.74,0.0,Nov,2,4,1,3,Returning_Visitor,False,False
9,37.8,2,31.0,38,374.38,0.0,0.01,37.7,0.0,May,1,1,1,5,New_Visitor,False,False
2,334.5,1,29.0,49,939.08,0.0,0.02,11.52,0.0,Dec,2,2,1,6,Returning_Visitor,False,True
0,0.0,0,0.0,7,277.17,0.03,0.06,0.98,0.0,Nov,3,2,4,13,Returning_Visitor,False,False
4,70.4,1,645.5,82,1455.12,0.0,0.02,0.77,0.0,Nov,2,5,1,3,Returning_Visitor,True,False
2,91.9,0,0.0,6,273.8,0.0,0.0,0.0,0.0,Sep,3,2,1,2,New_Visitor,True,False
4,206.25,0,0.0,16,515.86,0.0,0.01,10.18,0.0,Sep,3,2,1,4,Returning_Visitor,True,True
0,0.82,0,3.19,7,162.25,0.05,0.09,0.0,0.0,Dec,2,2,3,3,Returning_Visitor,False,False
0,0.0,0,1.75,7,212.5,0.0,0.03,0.0,0.0,Nov,3,2,1,11,Returning_Visitor,True,False
8,462.0,1,57.0,63,1621.15,0.01,0.04,0.0,0.01,May,3,2,1,1,Returning_Visitor,False,False
2,37.0,0,0.0,29,911.5,0.02,0.07,0.02,0.2,May,2,2,1,13,Returning_Visitor,False,False
2,109.8,0,0.0,32,897.36,0.0,0.03,9.42,0.0,Sep,2,2,1,2,Returning_Visitor,False,False
2,128.5,0,0.0,5,209.0,0.03,0.06,1.34,0.09,May,3,2,3,2,Returning_Visitor,False,False
1,143.16,1,8.82,42,1715.81,0.0,0.02,7.73,0.0,May,2,2,6,4,Returning_Visitor,False,True
0,0.0,0,0.0,2,73.0,0.05,0.15,0.0,0.0,Mar,2,2,1,1,Returning_Visitor,False,False
0,0.0,0,25.06,40,1161.9,0.02,0.06,0.21,0.0,Sep,1,8,6,1,Returning_Visitor,False,False
0,0.0,0,3.6,16,204.63,0.0,0.02,0.0,0.0,Aug,2,2,3,4,Returning_Visitor,False,False
5,144.13,0,4.33,81,2408.31,0.0,0.01,11.52,0.0,May,2,4,1,2,Returning_Visitor,False,True
4,145.87,1,9.0,43,4306.61,0.0,0.02,0.0,0.0,Oct,7,1,2,2,Returning_Visitor,False,True
3,180.9,0,0.0,26,1030.06,0.0,0.01,0.0,0.0,Aug,3,2,6,2,New_Visitor,False,False
0,0.0,0,3.28,13,911.79,0.0,0.03,0.0,0.0,Nov,4,1,1,8,Returning_Visitor,False,False
8,145.39,0,0.0,48,515.58,0.0,0.01,0.0,0.0,Mar,3,2,2,2,Returning_Visitor,True,False
0,0.0,0,3.02,1,0.0,0.2,0.18,0.0,0.0,May,3,2,3,3,Returning_Visitor,False,False
1,0.0,0,0.0,25,1639.62,0.03,0.06,0.0,0.0,Aug,2,2,1,3,Returning_Visitor,False,False
0,0.0,0,2.75,20,680.0,0.02,0.06,0.0,0.6,May,2,2,2,3,Returning_Visitor,False,False
3,15.0,0,0.0,3,56.76,0.0,0.05,0.0,0.0,Nov,3,2,4,8,Returning_Visitor,False,False
0,0.0,0,0.0,4,121.5,0.0,0.06,1.31,0.0,Nov,1,1,4,8,Returning_Visitor,False,False
2,46.4,0,0.0,8,349.0,0.02,0.08,0.0,0.0,Aug,4,1,1,1,Returning_Visitor,False,False
3,145.03,1,23.0,49,3503.02,0.01,0.02,21.76,0.0,May,2,2,1,2,Returning_Visitor,False,False
3,13.09,2,92.59,35,338.25,0.0,0.0,0.0,0.0,Nov,1,1,1,2,Returning_Visitor,True,False
0,0.0,0,0.0,1,0.0,0.2,0.2,0.0,0.0,May,1,1,1,6,Returning_Visitor,False,False
0,0.0,0,1.93,14,404.34,0.0,0.03,0.08,0.0,Dec,1,8,3,10,Returning_Visitor,True,False
0,0.0,0,3.66,15,578.55,0.0,0.01,4.15,0.0,May,2,2,3,2,Returning_Visitor,False,True
3,24.2,0,0.0,46,1376.3,0.01,0.03,6.01,0.0,Sep,2,4,3,1,Returning_Visitor,False,False
5,117.17,1,0.0,9,181.3,0.0,0.02,0.0,0.0,Dec,1,1,1,8,New_Visitor,False,False
0,0.0,0,2.53,5,125.0,0.0,0.03,0.0,0.0,May,2,2,1,1,Returning_Visitor,True,False
1,25.7,0,3.04,6,143.3,0.01,0.05,1.92,0.0,Jul,2,5,1,3,New_Visitor,True,True
1,115.0,0,4.13,19,1700.88,0.01,0.02,0.0,0.0,May,2,1,1,3,Returning_Visitor,False,False
3,44.3,0,3.16,17,468.85,0.01,0.01,53.31,0.0,Aug,1,2,1,3,Returning_Visitor,False,True
11,50.89,3,199.4,86,1618.4,0.0,0.02,3.89,0.0,May,3,2,6,2,Returning_Visitor,False,True
0,0.71,0,0.0,7,289.5,0.0,0.01,0.11,0.0,Mar,1,1,1,1,Returning_Visitor,True,False
4,39.35,0,0.0,14,315.47,0.0,0.01,34.75,0.0,Jul,2,2,1,2,Returning_Visitor,False,True
2,32.5,0,0.0,5,320.4,0.04,0.03,0.0,0.0,Dec,1,1,1,2,Returning_Visitor,True,False
0,0.0,0,4.71,49,1491.81,0.01,0.03,14.64,0.0,Nov,1,1,1,3,Returning_Visitor,False,True
0,0.0,0,0.0,53,462.69,0.0,0.01,0.0,0.0,Nov,3,2,1,11,Returning_Visitor,True,False
1,143.62,1,66.5,8,1199.47,0.02,0.03,26.45,0.0,May,2,2,2,2,Returning_Visitor,False,False
0,1.21,0,5.77,12,797.84,0.0,0.02,0.0,0.0,Aug,2,2,3,4,Returning_Visitor,False,False
0,0.0,0,0.0,4,0.0,0.2,0.2,0.43,0.0,June,2,4,3,3,Returning_Visitor,False,False
0,0.0,0,0.0,6,215.71,0.0,0.03,0.0,0.0,Nov,3,2,6,11,New_Visitor,True,False
0,0.0,0,0.0,27,1055.27,0.01,0.01,0.07,0.0,Nov,4,2,1,3,New_Visitor,True,False
0,1.15,0,0.0,11,419.44,0.05,0.06,0.0,0.4,May,2,2,2,4,Returning_Visitor,False,False
0,0.0,0,0.0,42,2058.25,0.02,0.05,2.65,0.2,May,2,10,7,1,Returning_Visitor,False,False
0,0.0,0,0.0,32,1696.37,0.0,0.01,83.81,0.0,Oct,2,2,6,2,New_Visitor,False,True
1,56.4,1,7.0,72,3196.99,0.02,0.03,11.47,0.0,June,2,2,1,13,Returning_Visitor,False,False
0,2.64,0,3.13,56,1294.64,0.01,0.03,0.0,0.0,Aug,1,1,3,3,Returning_Visitor,False,False
0,0.0,0,2.8,10,214.88,0.0,0.02,125.96,0.0,Nov,2,2,1,2,New_Visitor,False,True
3,4.53,1,0.0,15,2026.48,0.01,0.04,0.0,0.0,May,4,1,1,1,Returning_Visitor,False,False
0,0.0,0,0.0,8,1098.31,0.01,0.04,11.36,0.0,May,3,2,2,4,Returning_Visitor,True,True
1,13.7,0,0.0,46,1380.17,0.0,0.01,0.0,0.0,Mar,4,1,1,1,Returning_Visitor,False,False
0,2.46,0,0.0,48,1514.96,0.04,0.06,0.0,0.0,June,3,2,3,13,Returning_Visitor,False,False
3,78.68,0,0.0,19,723.48,0.0,0.02,10.87,0.0,Jul,2,2,2,2,Returning_Visitor,False,False
1,50.04,1,47.0,43,1994.5,0.01,0.03,0.0,0.0,May,2,2,2,4,Returning_Visitor,False,False
1,121.24,0,0.0,47,1277.84,0.0,0.02,0.0,0.01,Nov,3,2,1,2,New_Visitor,True,False
0,0.72,0,0.0,7,83.0,0.03,0.1,0.13,0.2,May,2,2,4,6,Returning_Visitor,False,False
3,143.8,0,0.0,19,1715.98,0.0,0.01,23.62,0.0,May,1,1,1,2,Returning_Visitor,False,True
0,0.69,0,0.0,2,203.0,0.0,0.1,0.0,0.0,May,2,2,1,3,Returning_Visitor,False,False
1,4.0,0,6.35,49,1415.75,0.0,0.01,0.0,0.0,May,4,1,2,1,Returning_Visitor,False,False
0,1.07,0,0.0,18,1544.75,0.01,0.03,0.0,0.0,Dec,1,1,3,1,Returning_Visitor,False,False
0,0.74,0,2.43,1,0.0,0.17,0.2,0.0,0.0,Mar,2,2,4,1,Returning_Visitor,False,False
6,144.22,1,51.5,41,841.78,0.0,0.02,0.0,0.0,Dec,1,2,3,1,Returning_Visitor,False,False
0,0.0,0,0.0,5,57.73,0.2,0.15,0.0,0.6,May,1,1,7,3,New_Visitor,False,False
0,1.65,0,0.0,47,819.17,0.0,0.01,24.74,0.04,May,2,2,5,2,New_Visitor,False,True
0,0.0,3,96.5,76,1966.09,0.01,0.01,0.0,0.0,Dec,3,2,1,2,Returning_Visitor,False,True
0,0.0,0,0.0,6,202.82,0.0,0.02,0.49,0.01,May,2,4,3,3,Returning_Visitor,False,False
3,55.75,0,0.0,19,685.95,0.0,0.02,7.14,0.0,Mar,3,2,7,2,Returning_Visitor,True,True
7,150.5,0,0.0,42,549.08,0.0,0.01,2.66,0.0,Nov,1,1,1,2,Returning_Visitor,False,True
1,14.99,0,0.0,29,906.57,0.0,0.01,0.0,0.0,Mar,4,1,1,2,New_Visitor,True,False
1,9.0,0,0.0,10,219.5,0.0,0.03,0.0,0.0,Dec,2,2,1,2,Returning_Visitor,False,False
9,61.79,0,0.0,48,2997.0,0.0,0.01,38.34,0.0,Nov,2,4,1,3,Returning_Visitor,False,True
1,5.09,0,0.0,29,605.67,0.0,0.03,0.0,0.8,May,3,2,3,6,Returning_Visitor,False,False
0,0.78,0,0.0,43,399.67,0.05,0.06,0.0,0.8,May,2,2,1,1,Returning_Visitor,False,False
0,0.0,0,0.0,21,1719.79,0.0,0.03,0.16,0.0,Dec,2,2,7,1,Returning_Visitor,False,False
4,88.62,3,170.58,5,124.96,0.01,0.01,0.05,0.0,Nov,2,4,7,2,Returning_Visitor,False,False
0,0.0,0,0.0,5,99.67,0.0,0.04,0.11,0.6,May,2,2,1,4,Returning_Visitor,False,False
0,0.62,0,0.0,6,210.32,0.0,0.02,0.0,0.0,May,1,1,3,1,Returning_Visitor,True,False
13,110.76,1,3.0,34,858.95,0.0,0.01,17.79,0.0,May,2,2,1,2,Returning_Visitor,True,False
0,0.0,0,4.86,24,810.5,0.0,0.02,0.0,0.0,Nov,1,1,1,3,Returning_Visitor,True,False
1,64.5,0,0.0,47,1720.5,0.0,0.01,57.49,0.0,Nov,2,2,1,2,Returning_Visitor,True,True
4,133.49,2,21.39,67,1222.47,0.01,0.03,3.28,0.0,May,3,2,2,4,Returning_Visitor,False,True
0,0.0,0,0.0,3,96.0,0.01,0.07,0.08,0.0,May,1,1,6,2,Returning_Visitor,True,False
2,42.0,0,22.48,41,420.0,0.0,0.01,0.0,0.0,Mar,2,2,8,1,Returning_Visitor,False,False
9,6.46,3,115.0,45,2889.25,0.0,0.01,54.98,0.0,Nov,2,2,1,3,Returning_Visitor,False,True
0,0.0,0,0.0,17,227.43,0.08,0.11,0.0,0.44,May,2,2,1,6,Returning_Visitor,False,False
2,72.04,2,206.6,24,709.43,0.01,0.02,15.71,0.0,Aug,2,2,7,2,New_Visitor,False,True
0,0.0,0,0.0,4,132.5,0.16,0.18,0.0,0.0,Nov,3,2,4,13,Returning_Visitor,True,False
0,0.0,0,0.0,1,1195.8,0.0,0.0,0.0,0.0,Nov,3,2,7,13,Returning_Visitor,False,False
0,0.0,0,0.0,16,2156.0,0.02,0.04,0.39,0.0,Mar,2,2,3,1,Returning_Visitor,False,False
0,0.0,0,1.71,1,0.0,0.2,0.18,0.0,0.17,May,1,1,2,3,Returning_Visitor,False,False
1,18.2,0,0.0,0,0.0,0.0,0.06,0.0,0.0,Oct,2,4,1,5,New_Visitor,False,False
0,0.91,1,29.0,15,225.83,0.0,0.02,0.28,0.0,Mar,2,2,1,3,Returning_Visitor,True,False
2,79.6,3,332.08,48,1011.02,0.02,0.06,5.13,0.0,Oct,2,2,7,1,Returning_Visitor,False,True
0,0.61,0,2.46,28,1564.04,0.02,0.03,0.0,0.0,Nov,3,2,1,2,Returning_Visitor,False,False
1,38.08,0,11.46,1,10.0,0.0,0.04,0.0,0.0,Nov,1,1,1,8,New_Visitor,False,True
4,144.44,0,1.49,48,268.07,0.05,0.06,0.0,0.0,Jul,3,2,1,13,Returning_Visitor,False,False
0,0.0,0,0.0,5,212.11,0.0,0.06,0.14,0.0,Nov,3,1,3,3,Returning_Visitor,False,False
0,0.0,0,1.51,5,219.56,0.0,0.04,0.0,0.0,May,3,2,4,2,Returning_Visitor,True,False
0,1.09,0,0.0,48,6793.38,0.01,0.02,2.38,0.0,Nov,2,2,1,1,Returning_Visitor,False,True
0,0.0,0,2.17,3,636.71,0.0,0.07,0.0,0.0,June,1,1,3,1,Returning_Visitor,True,False
5,106.5,6,1188.5,45,9648.18,0.0,0.02,3.36,0.0,Nov,2,2,1,2,Returning_Visitor,False,False
0,0.72,0,1.73,11,135.23,0.0,0.01,0.0,0.0,Nov,3,2,2,10,Returning_Visitor,False,False
4,28.0,3,37.83,378,12003.32,0.0,0.02,0.0,0.0,May,2,2,1,2,Returning_Visitor,False,False
7,75.49,0,0.0,5,50.0,0.04,0.06,0.0,0.0,Nov,1,1,3,2,Returning_Visitor,False,False
1,50.67,0,0.0,45,3731.08,0.01,0.04,0.0,0.84,May,2,2,3,6,Returning_Visitor,True,False
0,1.01,0,1.56,2,180.15,0.03,0.06,0.0,0.0,Aug,6,2,1,8,Returning_Visitor,False,False
1,0.0,0,6.35,46,6100.53,0.01,0.03,0.0,0.8,May,2,5,2,6,Returning_Visitor,False,False
0,0.0,0,0.0,2,54.5,0.1,0.12,0.0,0.0,May,3,2,1,6,Returning_Visitor,False,False
1,69.8,1,0.0,3,65.0,0.0,0.06,0.0,0.6,May,2,2,1,4,Returning_Visitor,False,False
4,0.0,1,0.0,7,340.5,0.0,0.03,0.0,0.0,Nov,2,4,4,2,New_Visitor,False,False
1,54.5,3,249.36,42,1958.08,0.02,0.04,18.72,0.0,Nov,3,2,3,1,Returning_Visitor,False,False
3,0.0,0,0.0,38,1710.44,0.03,0.04,0.09,0.0,Nov,2,2,1,3,Returning_Visitor,False,False
0,0.0,0,0.0,3,51.55,0.2,0.2,0.0,0.02,Mar,1,1,3,1,Returning_Visitor,False,False
0,0.0,0,1.78,1,0.0,0.16,0.18,0.0,0.0,Mar,3,2,3,1,Returning_Visitor,False,False
0,4.68,0,3.0,22,1720.16,0.02,0.06,0.29,0.0,Nov,2,2,2,11,Returning_Visitor,False,False
5,55.5,0,0.0,4,24.5,0.02,0.03,0.0,1.0,May,3,2,1,1,Returning_Visitor,True,False
0,0.0,0,0.0,8,210.67,0.0,0.03,0.0,0.0,May,1,1,1,3,Returning_Visitor,True,False
0,1.8,0,0.0,5,0.0,0.2,0.02,0.37,0.0,Feb,1,1,1,4,Returning_Visitor,True,False
4,51.59,4,261.83,13,214.69,0.03,0.03,0.0,0.0,May,3,2,4,2,Returning_Visitor,True,False
2,145.37,0,1.66,4,43.75,0.0,0.02,0.48,0.0,Nov,1,2,8,2,Returning_Visitor,False,False
0,3.81,0,0.0,1,0.0,0.2,0.2,0.0,0.0,Dec,1,1,4,1,Returning_Visitor,True,False
9,76.54,0,0.0,48,1579.26,0.0,0.02,0.0,0.0,May,3,2,1,10,Returning_Visitor,True,False
3,172.0,0,2.91,61,1689.45,0.0,0.02,0.08,0.0,May,2,2,2,1,Returning_Visitor,False,False
0,0.84,0,3.24,2,48.03,0.0,0.1,0.0,0.0,Dec,1,1,1,3,Returning_Visitor,False,False
2,5.75,0,3.81,79,4218.92,0.01,0.03,0.08,0.0,Mar,2,4,7,1,Returning_Visitor,False,False
3,35.0,0,9.83,16,352.0,0.0,0.01,0.0,0.0,Mar,2,2,2,1,Returning_Visitor,False,False
3,129.73,0,0.0,48,1660.59,0.07,0.09,0.0,0.0,Aug,1,1,1,3,Returning_Visitor,False,False
8,139.06,0,0.0,6,643.43,0.0,0.02,0.0,0.0,Oct,1,1,9,2,Returning_Visitor,False,False
4,9.02,0,3.65,4,24.0,0.0,0.06,0.29,0.0,Nov,1,1,3,2,New_Visitor,False,False
0,0.72,0,3.16,9,102.5,0.0,0.02,0.0,0.0,Mar,2,2,1,3,Returning_Visitor,False,False
4,145.78,0,0.0,3,21.0,0.0,0.03,0.0,0.0,Nov,1,1,2,2,New_Visitor,False,False
0,2.15,1,14.38,131,4597.58,0.01,0.03,0.0,0.0,Dec,3,2,1,2,Returning_Visitor,False,False
0,0.0,0,0.0,5,178.83,0.0,0.04,0.22,0.0,Nov,1,1,7,2,Returning_Visitor,True,False
3,588.3,0,0.0,13,631.07,0.0,0.03,2.34,0.0,Nov,2,1,1,2,Returning_Visitor,False,False
0,0.0,0,0.0,28,623.97,0.05,0.04,0.0,0.27,May,3,2,1,6,Returning_Visitor,False,False
5,137.56,0,0.0,47,930.37,0.02,0.06,0.0,0.0,Dec,2,2,3,2,Returning_Visitor,False,False
0,0.74,0,2.02,2,58.36,0.1,0.15,0.0,0.0,Mar,3,2,1,3,Returning_Visitor,False,False
8,142.73,0,0.0,48,2518.27,0.01,0.01,0.0,0.0,Jul,2,2,2,2,New_Visitor,True,False
0,0.0,0,0.0,3,1494.64,0.04,0.06,0.0,0.0,May,1,1,4,5,Returning_Visitor,False,False
3,145.69,0,4.1,40,1209.8,0.0,0.02,0.0,0.0,Mar,1,1,2,2,Returning_Visitor,False,False
1,53.0,0,0.0,19,1007.9,0.0,0.01,0.03,0.0,May,1,1,3,4,New_Visitor,False,False
3,5.0,0,0.0,16,246.39,0.04,0.08,1.07,0.0,Oct,3,2,1,4,Returning_Visitor,True,False
0,0.0,0,3.95,49,1712.4,0.0,0.03,0.0,0.0,Nov,2,2,8,1,Returning_Visitor,False,False
0,0.0,0,0.0,2,76.37,0.0,0.06,0.0,0.0,Nov,1,1,1,3,Returning_Visitor,False,False
3,142.64,3,10.0,111,5358.38,0.0,0.01,10.22,0.0,May,2,2,1,2,Returning_Visitor,False,True
0,0.0,0,0.0,2,39.25,0.17,0.18,0.0,0.0,Nov,3,2,1,13,Returning_Visitor,True,False
0,0.0,1,5.27,65,1712.42,0.02,0.04,0.0,0.0,Dec,3,2,2,2,Returning_Visitor,True,False
0,0.0,0,1.92,3,12.0,0.0,0.07,0.02,0.0,Mar,2,2,1,3,Returning_Visitor,False,False
0,0.0,0,34.35,2,24.5,0.0,0.1,0.0,0.0,Dec,3,2,1,11,Other,False,False
6,127.06,1,19.0,11,314.25,0.0,0.01,0.0,0.0,May,2,2,6,2,New_Visitor,True,False
0,0.0,0,0.0,48,2749.15,0.0,0.02,0.0,0.0,Nov,2,2,1,8,Returning_Visitor,False,True
2,341.6,0,4.48,7,177.9,0.05,0.06,0.0,0.0,Aug,3,2,1,4,Returning_Visitor,False,False
2,89.33,0,7.25,44,502.51,0.0,0.02,0.0,0.0,Sep,3,2,2,2,Returning_Visitor,True,False
3,47.2,0,0.0,2,87.78,0.0,0.04,0.63,0.0,Sep,2,5,7,2,New_Visitor,False,False
3,34.22,2,171.5,47,1405.13,0.0,0.01,37.42,0.0,May,3,2,3,2,New_Visitor,True,False
1,49.4,0,3.71,48,213.17,0.0,0.0,0.14,0.0,Oct,2,2,1,2,New_Visitor,False,False
0,0.0,0,7.49,12,267.28,0.0,0.03,53.99,0.0,May,1,1,1,4,New_Visitor,False,True
0,0.0,1,0.0,30,1039.3,0.04,0.07,0.0,0.0,Jul,2,2,2,1,Returning_Visitor,True,False
1,8.0,2,74.83,31,1126.25,0.0,0.02,0.0,0.0,Nov,4,1,1,2,Returning_Visitor,False,False
6,615.25,0,0.0,43,2524.72,0.0,0.0,0.0,0.0,Mar,1,2,6,1,Returning_Visitor,False,False
0,0.0,0,1.81,1,86.33,0.2,0.18,0.11,0.0,Nov,2,2,3,13,Returning_Visitor,False,False
3,149.5,0,0.0,32,1562.33,0.04,0.06,7.64,0.2,May,2,2,3,2,Returning_Visitor,False,False
3,98.86,1,33.5,47,2719.65,0.0,0.01,0.57,0.0,Dec,1,1,1,10,Returning_Visitor,False,False
5,32.6,0,0.0,70,939.78,0.0,0.01,0.0,0.0,Aug,2,4,1,4,New_Visitor,True,True
0,0.0,0,3.24,3,61.5,0.0,0.03,0.21,0.0,Dec,1,1,7,2,Returning_Visitor,False,False
0,0.0,0,3.81,2,44.0,0.0,0.1,0.0,0.0,May,1,1,8,1,Returning_Visitor,False,False
3,137.6,0,2.28,0,0.0,0.0,0.06,0.0,0.0,Mar,3,2,1,1,Returning_Visitor,True,False
0,0.0,0,3.25,48,1530.01,0.0,0.01,0.0,0.0,Oct,2,2,2,2,Returning_Visitor,True,False
8,145.63,0,0.0,47,3346.97,0.0,0.01,11.51,0.0,Nov,2,6,1,1,Returning_Visitor,False,False
1,145.64,0,4.18,61,2006.69,0.0,0.02,2.4,0.0,Aug,2,5,3,2,Returning_Visitor,False,False
0,0.8,0,0.0,5,210.06,0.0,0.04,0.0,0.0,Dec,1,1,4,2,Returning_Visitor,True,False
3,134.75,0,0.0,49,3283.72,0.0,0.02,24.9,0.4,May,1,2,1,4,Returning_Visitor,False,False
1,89.66,0,2.0,6,238.96,0.0,0.03,0.0,0.01,May,1,1,3,2,Returning_Visitor,True,False
3,135.55,0,4.57,26,812.1,0.01,0.04,0.47,0.01,May,1,1,3,2,Returning_Visitor,False,False
6,82.26,2,303.0,67,2199.98,0.01,0.03,0.07,0.0,Nov,1,1,1,2,Returning_Visitor,True,False
2,146.26,0,1.86,7,390.46,0.0,0.06,0.0,0.0,Aug,2,2,1,1,Returning_Visitor,False,False
0,0.0,0,5.29,15,1298.5,0.03,0.04,0.0,0.0,May,3,2,8,1,Returning_Visitor,False,False
0,0.0,0,0.0,4,110.75,0.0,0.03,0.0,0.0,May,3,2,1,4,Returning_Visitor,True,False
0,2.68,0,9.0,26,891.5,0.0,0.01,0.0,0.0,Dec,1,1,1,2,Returning_Visitor,False,False
9,216.23,1,140.5,310,8468.34,0.04,0.01,11.36,0.0,May,2,10,1,2,Returning_Visitor,True,False
0,0.0,0,0.0,30,1692.45,0.03,0.06,0.0,0.0,May,2,2,6,13,Returning_Visitor,False,False
9,38.66,0,0.0,35,1988.66,0.0,0.03,0.0,0.01,May,2,2,1,2,Returning_Visitor,False,False
2,338.0,0,0.0,17,1555.79,0.01,0.04,19.24,0.8,May,3,2,2,2,Returning_Visitor,False,True
0,0.0,0,15.1,2,64.4,0.0,0.06,0.0,0.0,Aug,3,2,6,20,Returning_Visitor,False,False
2,154.6,2,56.86,34,479.1,0.0,0.01,0.0,0.0,Sep,3,2,2,1,New_Visitor,False,False
0,1.16,0,1.5,2,213.25,0.0,0.1,0.0,0.0,Nov,2,2,3,3,Returning_Visitor,True,False
0,0.0,0,0.0,26,1035.82,0.0,0.03,0.11,0.0,May,2,7,1,2,Returning_Visitor,False,False
6,1.92,1,46.05,45,663.28,0.01,0.01,0.0,0.01,Nov,1,1,1,2,Returning_Visitor,False,False
0,0.0,1,38.0,10,205.39,0.02,0.04,0.2,0.0,May,2,10,2,3,Returning_Visitor,False,False
4,26.78,0,0.0,59,4200.6,0.02,0.04,3.08,0.01,May,3,2,1,3,Returning_Visitor,False,False
0,0.0,0,0.0,24,1715.94,0.02,0.04,0.0,0.0,Mar,3,2,2,3,Returning_Visitor,True,False
2,105.0,0,3.78,16,305.43,0.0,0.05,0.44,0.2,May,1,8,3,2,Returning_Visitor,False,False
8,342.75,0,0.0,23,653.12,0.0,0.03,0.0,0.0,Nov,2,2,7,2,Returning_Visitor,False,False
1,61.1,1,94.0,98,6212.78,0.0,0.03,7.31,0.0,Nov,2,2,1,10,Returning_Visitor,False,False
1,142.08,0,9.28,32,1427.68,0.0,0.02,6.1,0.0,Sep,2,4,3,2,Returning_Visitor,False,True
0,0.0,0,1.63,1,34.9,0.17,0.2,0.0,0.0,May,1,1,7,3,Returning_Visitor,False,False
0,0.0,0,2.03,11,200.0,0.03,0.06,0.0,0.4,May,2,2,1,1,Returning_Visitor,False,False
0,0.0,0,0.0,20,508.9,0.04,0.07,0.0,0.0,June,1,1,4,3,Returning_Visitor,False,False
0,0.0,0,1.99,5,335.11,0.05,0.07,0.0,0.0,May,2,2,2,13,Returning_Visitor,False,False
0,0.0,0,0.0,179,5996.02,0.01,0.06,0.0,0.0,May,2,2,8,4,Returning_Visitor,True,False
0,0.0,0,0.0,4,0.0,0.16,0.2,0.1,0.0,May,3,3,1,3,Returning_Visitor,False,False
0,2.21,0,2.19,2,57.53,0.17,0.17,0.0,0.0,Nov,1,1,1,1,Returning_Visitor,False,False
2,292.2,0,0.0,43,1391.38,0.0,0.02,18.85,0.0,Oct,3,2,1,2,New_Visitor,False,True
0,0.0,0,3.47,3,0.0,0.2,0.2,0.0,0.6,May,2,2,6,3,Returning_Visitor,False,False
0,3.76,0,0.0,14,198.52,0.0,0.07,0.0,0.0,Mar,1,1,9,1,Returning_Visitor,False,False
3,25.2,0,0.0,49,1645.55,0.01,0.01,0.37,0.0,May,3,2,4,13,Returning_Visitor,False,False
1,104.6,1,62.69,195,7125.79,0.01,0.02,0.0,0.0,Dec,2,2,1,2,Returning_Visitor,False,False
0,0.0,0,0.0,53,1618.2,0.04,0.05,0.05,0.0,Oct,2,2,6,1,Returning_Visitor,False,False
0,0.0,1,0.0,35,1742.88,0.01,0.04,0.0,0.0,May,2,2,1,4,Returning_Visitor,False,False
4,76.17,0,0.0,10,204.74,0.0,0.02,0.0,0.4,May,3,2,1,1,Returning_Visitor,False,False
15,32.86,12,689.83,38,2964.59,0.0,0.01,2.07,0.0,May,1,1,1,2,Returning_Visitor,False,True
4,124.0,4,172.0,28,1365.22,0.0,0.01,0.0,0.0,May,2,2,3,2,Returning_Visitor,False,False
11,83.32,0,0.0,48,2038.05,0.0,0.03,0.0,0.0,May,2,2,1,8,Returning_Visitor,True,False
0,0.0,0,0.0,12,214.25,0.09,0.1,0.09,0.8,May,3,2,3,13,Returning_Visitor,False,False
3,36.0,0,5.69,15,168.85,0.0,0.01,0.0,0.4,Feb,1,1,1,3,Returning_Visitor,False,False
0,0.0,1,0.0,2,33.54,0.2,0.1,0.0,0.0,Nov,1,1,1,8,New_Visitor,False,False
1,3.02,0,0.0,11,205.98,0.02,0.05,0.0,0.0,Mar,2,2,1,8,Returning_Visitor,False,False
0,3.1,0,14.91,5,1306.0,0.06,0.12,0.21,0.0,Mar,2,2,5,13,Returning_Visitor,False,False
0,1.46,0,0.0,7,262.38,0.01,0.03,0.0,0.0,May,1,1,1,6,Returning_Visitor,False,False
0,0.0,0,0.0,17,182.0,0.02,0.03,0.0,0.0,May,2,4,4,3,Returning_Visitor,False,False
2,90.0,0,0.0,19,1719.35,0.03,0.03,5.2,0.0,May,3,2,3,8,Returning_Visitor,False,True
8,112.07,0,0.0,83,1495.58,0.0,0.0,82.12,0.0,May,4,1,7,2,New_Visitor,True,True
3,321.6,0,4.37,30,1151.2,0.0,0.02,0.0,0.0,May,2,2,2,13,Returning_Visitor,False,False
0,0.0,0,0.0,7,534.25,0.03,0.09,0.0,0.0,Mar,4,1,4,1,Returning_Visitor,False,False
0,0.0,0,0.0,17,326.79,0.04,0.05,0.0,0.0,Jul,3,2,5,4,Returning_Visitor,True,False
2,145.18,0,5.04,42,458.61,0.01,0.01,0.12,0.0,Aug,3,2,1,4,Returning_Visitor,True,False
3,40.5,0,0.0,48,1735.77,0.0,0.02,38.27,0.0,Nov,2,2,8,3,Returning_Visitor,False,True
5,57.25,1,5.36,54,1603.33,0.01,0.03,0.0,0.4,May,2,2,6,4,Returning_Visitor,False,False
0,0.0,0,0.0,4,228.5,0.03,0.03,0.0,0.4,May,3,2,6,1,Returning_Visitor,False,False
0,0.0,0,15.12,13,253.76,0.02,0.04,0.0,0.0,Nov,1,1,1,10,Returning_Visitor,False,False
1,0.0,0,0.0,3,907.26,0.14,0.13,0.0,0.01,Dec,2,4,7,3,Returning_Visitor,False,False
6,138.44,0,0.0,29,672.12,0.0,0.01,22.82,0.0,Nov,2,2,1,8,New_Visitor,True,True
1,17.0,0,0.0,17,1340.58,0.05,0.07,0.0,0.0,Nov,3,2,1,2,Returning_Visitor,False,True
1,3.0,2,373.0,6,66.83,0.0,0.02,0.0,0.0,Mar,2,4,1,2,New_Visitor,False,False
1,15.0,0,4.0,108,6740.56,0.01,0.03,24.8,0.0,Nov,2,2,1,1,Returning_Visitor,False,True
0,0.74,0,0.0,6,254.62,0.0,0.02,0.0,0.0,Nov,2,2,7,13,Returning_Visitor,False,False
2,20.0,0,2.67,21,2008.83,0.0,0.02,0.0,0.6,May,4,1,3,2,Returning_Visitor,False,False
9,122.3,3,306.1,41,5194.86,0.0,0.01,11.56,0.0,May,2,2,1,2,Returning_Visitor,False,False
0,0.0,0,10.6,93,2835.42,0.0,0.03,0.0,0.0,Dec,2,2,4,1,Returning_Visitor,False,False
0,0.0,0,0.0,1,0.0,0.17,0.18,0.22,0.0,May,2,2,2,2,Returning_Visitor,False,False
6,86.2,0,0.0,49,3003.42,0.01,0.02,4.38,0.4,May,1,1,4,4,Returning_Visitor,False,False
2,166.92,1,8.49,233,1808.18,0.0,0.02,11.58,0.0,Nov,2,2,1,2,Returning_Visitor,False,True
0,0.0,0,0.0,1,0.0,0.15,0.2,0.0,0.01,Mar,3,2,3,1,Returning_Visitor,False,False
0,0.0,0,0.0,7,360.75,0.0,0.03,0.0,0.0,Mar,1,1,1,2,New_Visitor,True,False
12,142.99,0,0.0,98,2138.48,0.0,0.02,2.08,0.0,May,2,5,1,2,Returning_Visitor,False,False
0,0.71,0,0.0,19,801.58,0.0,0.03,0.0,0.12,May,1,1,1,2,Returning_Visitor,True,False
0,0.62,0,0.0,33,653.34,0.0,0.01,0.0,0.29,May,3,2,1,2,Returning_Visitor,False,False
0,0.81,0,0.0,46,1508.0,0.01,0.03,0.06,0.0,Dec,2,2,3,2,Returning_Visitor,True,False
0,1.11,0,0.0,19,500.36,0.08,0.06,0.26,0.0,Mar,2,2,5,1,Returning_Visitor,False,False
1,284.0,0,1.62,48,1688.32,0.0,0.03,9.96,0.0,Nov,1,1,3,2,Returning_Visitor,True,False
0,0.0,0,0.0,1,53.84,0.2,0.2,0.17,0.0,Dec,3,2,1,1,Returning_Visitor,False,False
10,2.96,3,357.0,42,6682.68,0.0,0.01,2.53,0.0,May,1,2,1,2,Returning_Visitor,False,False
0,0.0,0,0.0,39,1716.39,0.0,0.01,0.0,0.0,Nov,2,2,1,2,New_Visitor,False,False
0,0.0,1,35.5,130,3313.46,0.0,0.03,0.0,0.0,Nov,2,2,1,2,Returning_Visitor,True,False
4,504.3,0,0.0,3,7.0,0.04,0.06,0.0,0.0,Nov,3,2,3,3,Returning_Visitor,False,False
3,473.7,1,42.4,47,2101.69,0.0,0.02,0.0,0.0,Jul,3,2,3,1,Returning_Visitor,True,False
0,0.0,0,322.4,27,1747.7,0.01,0.03,0.0,0.01,Oct,3,4,5,3,Returning_Visitor,False,False
3,0.0,0,0.0,31,478.53,0.02,0.03,0.0,0.4,May,1,1,4,3,Returning_Visitor,False,False
3,132.5,0,0.0,36,1567.97,0.0,0.01,0.14,0.0,Mar,3,3,2,8,Returning_Visitor,False,False
0,0.0,1,11.86,46,1031.13,0.0,0.03,0.0,0.0,Nov,2,2,3,2,Returning_Visitor,True,False
0,0.0,0,0.0,5,201.58,0.0,0.04,0.0,0.0,Dec,2,2,1,2,New_Visitor,False,False
0,1.14,0,0.0,21,580.08,0.01,0.02,0.0,0.01,Nov,2,2,3,11,Returning_Visitor,True,False
2,58.5,0,0.0,28,1673.92,0.02,0.02,14.03,0.0,Nov,2,5,1,3,Returning_Visitor,False,True
0,0.0,0,0.0,5,717.73,0.0,0.03,0.0,0.0,Dec,3,2,1,11,New_Visitor,False,False
0,0.71,0,5.29,57,1642.8,0.04,0.06,0.01,0.0,Jul,3,2,6,3,Returning_Visitor,False,False
0,0.0,0,0.0,4,213.5,0.0,0.1,2.01,0.0,Dec,2,10,9,2,Returning_Visitor,False,False
0,0.0,0,0.0,10,1163.21,0.02,0.06,0.0,0.0,Jul,2,2,6,20,Returning_Visitor,False,False
8,146.6,1,18.2,198,8006.7,0.0,0.02,0.0,0.0,May,2,2,4,1,Returning_Visitor,False,False
0,0.0,0,3.06,1,47.23,0.2,0.2,0.0,0.0,May,2,2,3,3,Returning_Visitor,False,False
3,139.54,0,0.0,40,1572.74,0.02,0.04,1.99,0.0,Oct,2,2,2,20,New_Visitor,True,False
0,0.0,0,2.6,1,0.0,0.2,0.2,0.0,0.0,Nov,1,1,4,2,Returning_Visitor,False,False
0,0.0,0,1.63,1,31.99,0.17,0.2,0.0,0.0,Nov,2,2,1,1,Returning_Visitor,False,False
0,3.29,0,0.0,13,1715.79,0.0,0.02,239.98,0.0,May,2,2,5,2,Returning_Visitor,False,True
0,43.58,0,0.0,8,1611.2,0.0,0.03,109.12,0.0,Dec,2,2,3,2,New_Visitor,False,True
3,93.8,0,0.0,45,2139.7,0.0,0.05,11.5,0.01,Sep,2,4,2,2,New_Visitor,False,True
0,0.0,0,0.0,27,1797.35,0.01,0.03,0.11,0.0,Dec,3,2,2,1,Returning_Visitor,True,False
1,2.14,0,7.49,2,600.81,0.0,0.07,26.85,0.0,Oct,3,2,7,4,Returning_Visitor,False,True
4,118.8,0,29.79,8,206.37,0.0,0.01,0.74,0.0,Sep,2,2,1,2,New_Visitor,False,False
3,51.02,0,2.74,133,3068.92,0.0,0.01,1.79,0.0,May,2,2,3,3,Returning_Visitor,False,False
0,0.0,0,2.05,9,125.0,0.0,0.02,0.0,0.0,Mar,2,2,3,1,Returning_Visitor,False,False
1,131.5,1,19.0,48,1524.96,0.0,0.0,83.97,0.0,Nov,2,2,1,2,New_Visitor,False,True
0,1.87,0,0.0,26,938.58,0.01,0.02,0.0,0.0,Dec,2,2,6,1,Returning_Visitor,False,False
3,149.5,0,0.0,8,326.0,0.0,0.02,0.29,0.0,Dec,1,1,1,2,New_Visitor,False,True
3,145.83,2,129.0,45,4516.59,0.0,0.02,11.56,0.15,May,2,2,1,6,Returning_Visitor,False,False
0,0.0,0,2.79,6,212.54,0.0,0.05,0.0,0.0,Mar,2,2,7,2,Returning_Visitor,False,False
9,726.37,0,0.0,45,4322.78,0.0,0.02,8.07,0.0,May,2,2,1,2,Returning_Visitor,False,True
7,86.28,2,21.0,80,2170.29,0.0,0.03,25.77,0.0,Nov,3,2,1,10,Returning_Visitor,True,True
0,0.0,0,0.0,12,1659.28,0.02,0.08,0.0,0.0,May,2,2,3,1,Returning_Visitor,False,False
0,0.0,0,4.32,4,54.0,0.0,0.06,0.0,0.0,Dec,1,1,2,2,Returning_Visitor,True,False
3,548.31,6,448.5,102,7583.94,0.01,0.02,0.0,0.0,Nov,2,2,1,2,Returning_Visitor,True,False
2,143.01,0,0.0,10,445.0,0.02,0.04,0.16,0.0,Dec,2,2,4,2,New_Visitor,True,False
3,18.0,1,16.29,33,504.0,0.0,0.03,0.45,0.0,May,2,2,1,4,Returning_Visitor,False,False
3,51.8,0,10.78,23,864.01,0.0,0.01,13.52,0.0,Nov,2,2,5,2,Returning_Visitor,False,False
3,26.5,0,0.0,5,202.2,0.07,0.06,0.0,0.0,Nov,3,2,3,2,Returning_Visitor,False,True
0,0.0,2,40.0,12,306.33,0.01,0.08,0.0,0.8,May,2,6,1,13,Returning_Visitor,False,False
3,143.97,2,1652.0,48,1717.74,0.0,0.02,18.08,0.0,Dec,3,2,1,2,Returning_Visitor,False,True
3,91.0,0,0.0,23,297.12,0.0,0.01,0.0,0.0,Nov,2,2,6,2,New_Visitor,False,False
2,53.3,0,0.0,2,1801.68,0.0,0.0,40.28,0.0,Sep,2,2,1,6,New_Visitor,False,True
0,0.0,0,0.0,2,162.0,0.0,0.06,0.0,0.0,May,2,4,1,4,Returning_Visitor,False,False
0,1.12,0,1.95,43,1487.46,0.0,0.01,0.0,0.0,Nov,2,2,4,2,Returning_Visitor,False,False
0,0.0,0,0.0,10,267.25,0.0,0.01,0.47,0.0,Dec,2,4,7,2,New_Visitor,True,False
0,0.0,0,0.0,22,1522.21,0.0,0.02,0.16,0.6,May,2,7,3,3,Returning_Visitor,False,False
0,0.0,0,1.85,15,270.51,0.05,0.06,0.06,0.0,Aug,2,2,3,1,Returning_Visitor,False,False
0,1.41,0,0.0,20,504.1,0.02,0.04,0.38,0.0,Aug,2,2,2,13,Returning_Visitor,True,False
0,0.0,1,9.0,48,1711.8,0.0,0.03,0.0,0.0,Nov,2,2,1,2,Returning_Visitor,False,True
0,0.92,0,0.0,14,555.85,0.0,0.04,0.0,0.0,Mar,4,1,1,3,Returning_Visitor,False,False
3,2.34,2,53.4,43,1676.85,0.0,0.01,0.0,0.0,Nov,4,1,2,3,Returning_Visitor,False,False
0,0.0,0,2.73,103,1934.99,0.03,0.04,0.0,0.8,May,3,2,1,13,Returning_Visitor,False,False
2,5.25,1,9.0,49,1703.46,0.02,0.06,0.0,0.0,Nov,2,2,6,3,Returning_Visitor,False,False
0,0.0,0,0.0,1,0.0,0.2,0.2,0.46,0.0,Dec,3,2,3,1,Returning_Visitor,False,False
0,1.58,0,0.0,13,1539.99,0.04,0.03,47.99,0.0,Nov,4,1,1,2,New_Visitor,False,True
2,107.67,10,505.17,48,14988.59,0.01,0.03,0.0,0.0,Mar,2,2,1,2,Returning_Visitor,False,False
7,80.02,3,627.75,40,1358.87,0.01,0.02,10.07,0.0,May,1,2,1,2,Returning_Visitor,False,False
2,2.0,3,261.0,10,281.0,0.0,0.04,0.0,0.01,Mar,2,2,1,2,Returning_Visitor,False,False
11,286.93,0,0.0,119,7561.59,0.0,0.02,0.0,0.0,Dec,2,2,1,2,Returning_Visitor,False,False
0,0.76,0,0.0,8,138.38,0.0,0.03,0.0,0.0,Dec,2,2,1,2,New_Visitor,False,False
0,0.0,0,2.53,31,1189.33,0.0,0.03,0.0,0.0,May,2,2,2,4,Returning_Visitor,False,False
1,46.4,0,0.0,2,119.86,0.0,0.02,0.0,0.0,Aug,2,1,1,5,New_Visitor,False,True
4,122.5,0,0.0,39,1714.81,0.0,0.01,0.0,0.0,May,2,2,1,4,Returning_Visitor,False,False
5,243.0,3,106.0,35,1654.72,0.03,0.03,35.71,0.0,May,4,2,3,1,Returning_Visitor,False,False
0,0.0,0,1.68,1,0.0,0.2,0.18,0.02,0.0,Dec,2,2,1,1,Returning_Visitor,False,False
0,0.0,0,0.0,4,0.0,0.2,0.2,0.0,0.01,June,1,1,1,3,Returning_Visitor,False,False
1,10.0,3,90.81,34,944.3,0.0,0.01,0.0,0.0,May,2,2,3,6,Returning_Visitor,False,False
0,0.0,0,0.0,2,57.89,0.0,0.1,0.06,0.0,Mar,2,4,2,1,Returning_Visitor,False,False
0,0.0,0,0.0,75,1680.85,0.01,0.02,11.83,0.8,May,2,2,1,4,Returning_Visitor,True,True
0,0.0,0,1.48,7,205.5,0.03,0.04,0.0,0.0,Nov,2,2,3,13,Returning_Visitor,True,False
0,0.0,0,0.0,47,246.41,0.05,0.06,0.16,0.0,Nov,2,2,4,1,Returning_Visitor,False,False
3,89.0,0,0.0,12,417.75,0.01,0.03,0.0,0.0,Dec,2,2,1,2,New_Visitor,False,False
0,0.0,0,0.0,11,234.1,0.0,0.02,0.31,0.0,Dec,3,2,1,2,Returning_Visitor,False,False
1,130.62,0,0.0,79,1699.55,0.02,0.01,0.0,0.0,Nov,1,1,3,3,Returning_Visitor,False,False
7,253.1,0,0.0,40,1699.32,0.0,0.01,55.65,0.01,May,2,2,3,2,Returning_Visitor,False,True
0,0.0,0,1.98,3,68.74,0.0,0.07,0.03,0.0,Mar,2,2,1,1,Returning_Visitor,False,False
0,0.0,0,2.32,6,86.69,0.2,0.2,0.0,0.0,Oct,1,1,8,1,Returning_Visitor,True,False
0,0.0,0,0.0,9,242.75,0.0,0.06,0.0,0.0,Nov,2,5,7,2,Returning_Visitor,False,False
2,10.0,0,0.0,23,1492.29,0.0,0.03,1.17,0.0,Mar,2,4,1,3,Returning_Visitor,True,False
10,95.28,1,294.0,17,1979.3,0.0,0.02,19.73,0.0,May,2,1,3,2,Returning_Visitor,True,True
0,0.0,0,0.0,9,685.0,0.0,0.02,0.0,0.0,Mar,2,2,7,1,Returning_Visitor,False,False
1,0.0,0,4.32,3,58.6,0.0,0.05,113.32,0.0,Oct,2,2,9,2,New_Visitor,True,True
0,0.0,0,0.0,24,597.83,0.0,0.02,0.0,0.4,May,2,2,2,1,Returning_Visitor,False,False
0,1.0,0,0.0,43,1511.37,0.0,0.01,0.0,0.0,Nov,1,1,4,1,Returning_Visitor,True,False
3,77.33,2,7.0,24,1051.29,0.0,0.01,0.15,0.0,Dec,2,13,9,2,Returning_Visitor,False,False
1,88.7,0,4.56,34,620.13,0.05,0.08,0.0,0.0,Oct,3,2,6,13,Returning_Visitor,False,False
0,0.83,0,2.48,7,99.7,0.02,0.06,0.0,0.2,May,1,1,1,1,Returning_Visitor,False,False
0,0.0,0,0.0,4,71.79,0.01,0.06,0.0,0.0,Mar,2,2,1,1,Returning_Visitor,False,False
0,0.0,0,0.0,1,29.41,0.2,0.2,0.18,0.0,May,1,1,3,3,Returning_Visitor,False,False
3,138.24,0,0.0,10,231.75,0.01,0.07,0.0,0.01,June,2,2,2,3,Returning_Visitor,True,False
0,0.0,1,0.0,13,1297.25,0.03,0.06,0.04,0.02,May,2,8,3,1,Returning_Visitor,False,False
9,269.8,0,0.0,36,2478.62,0.0,0.02,32.56,0.2,May,2,2,4,2,Returning_Visitor,False,True
3,31.0,0,3.96,45,1697.38,0.0,0.01,0.0,0.0,Mar,2,2,1,1,Returning_Visitor,False,False
11,29.32,2,30.5,34,4643.28,0.0,0.01,10.12,0.0,May,2,2,1,3,Returning_Visitor,False,True
3,34.83,0,0.0,24,505.73,0.04,0.05,0.0,0.0,Mar,1,1,2,1,Returning_Visitor,True,False
0,0.0,0,0.0,4,117.5,0.05,0.05,0.0,0.6,May,2,2,3,4,Returning_Visitor,False,False
0,0.0,0,0.0,4,142.52,0.0,0.1,0.0,0.0,June,2,2,5,1,Returning_Visitor,False,False
1,58.5,1,109.52,47,1033.0,0.0,0.04,0.04,0.0,Dec,2,2,1,2,Returning_Visitor,False,False
0,0.0,0,0.0,21,716.4,0.0,0.01,0.05,0.0,Nov,2,2,1,13,Returning_Visitor,False,False
3,5.95,1,33.06,49,2338.57,0.0,0.03,9.61,0.6,May,3,2,4,4,Returning_Visitor,False,True
1,134.88,0,1.74,12,1353.08,0.02,0.04,0.0,0.4,May,2,2,5,1,Returning_Visitor,False,False
3,67.0,0,0.0,5,141.2,0.0,0.01,0.0,0.0,Oct,3,2,1,1,New_Visitor,False,False
1,42.64,0,0.0,50,1482.38,0.01,0.02,0.48,0.0,Nov,3,2,4,1,Returning_Visitor,True,False
0,0.0,0,0.0,9,125.27,0.05,0.06,0.0,0.0,Oct,2,2,3,4,Returning_Visitor,False,False
1,13.69,0,0.0,7,225.52,0.0,0.03,0.1,0.01,May,1,1,4,2,Returning_Visitor,False,False
1,3.0,0,0.0,34,1705.64,0.01,0.04,0.0,0.0,Nov,3,1,4,3,Returning_Visitor,False,False
9,18.41,0,0.0,22,304.52,0.0,0.01,0.0,0.0,May,1,2,1,2,Returning_Visitor,False,False
0,3.25,0,8.07,20,1116.47,0.03,0.03,0.0,0.0,Oct,3,2,6,1,Returning_Visitor,False,False
0,0.0,0,0.0,1,167.93,0.2,0.2,0.0,0.0,Dec,1,1,4,1,Returning_Visitor,True,False
0,0.0,0,0.0,50,1241.75,0.0,0.01,47.59,0.0,Nov,2,10,1,2,New_Visitor,False,True
15,85.09,6,606.75,47,1813.86,0.0,0.02,9.42,0.01,May,3,2,4,3,Returning_Visitor,True,False
3,51.96,0,0.0,49,1705.46,0.0,0.01,0.0,0.0,Nov,1,1,1,3,Returning_Visitor,False,False
0,0.0,0,4.95,19,421.0,0.0,0.02,0.0,0.0,Dec,2,2,6,3,Returning_Visitor,False,False
0,0.0,0,0.0,2,0.0,0.2,0.2,0.0,0.0,Nov,1,1,1,1,Returning_Visitor,True,False
1,0.71,0,0.0,12,680.5,0.0,0.02,42.42,0.0,Dec,2,2,6,10,Returning_Visitor,False,True
10,1005.67,0,0.0,36,2111.34,0.0,0.01,11.44,0.0,Nov,2,6,7,2,Returning_Visitor,False,True
0,0.0,0,2.35,14,1701.03,0.0,0.03,81.25,0.0,May,2,1,2,9,Returning_Visitor,True,True
0,0.0,0,4.76,8,235.86,0.0,0.1,0.04,0.0,Dec,2,2,3,2,Returning_Visitor,False,False
0,0.0,0,0.0,8,95.0,0.04,0.06,0.0,0.0,Dec,2,2,7,1,Returning_Visitor,True,False
3,42.75,0,0.0,31,2526.48,0.02,0.06,40.18,0.0,Dec,2,4,9,2,Returning_Visitor,False,False
2,81.6,0,0.0,16,308.7,0.01,0.02,1.15,0.01,Sep,2,4,2,5,New_Visitor,False,False
3,2.18,1,10.0,49,2109.92,0.02,0.03,23.87,0.0,Dec,3,2,3,1,Returning_Visitor,False,False
0,0.99,0,0.0,35,595.1,0.0,0.01,0.0,0.0,Dec,3,2,3,1,Returning_Visitor,False,False
0,0.0,0,2.41,4,110.0,0.0,0.05,0.0,0.0,May,2,4,3,1,Returning_Visitor,False,False
0,0.0,0,3.01,1,0.0,0.2,0.18,0.0,0.0,Mar,2,2,4,1,Returning_Visitor,False,False
0,0.0,0,2.52,5,135.75,0.04,0.05,0.11,0.0,Dec,2,2,3,2,New_Visitor,False,False
0,0.0,0,2.38,4,205.0,0.0,0.06,0.0,0.0,May,3,2,1,13,Returning_Visitor,False,False
3,19.0,0,14.83,12,344.0,0.0,0.01,0.54,0.0,Mar,2,4,2,2,Returning_Visitor,False,False
0,0.0,0,3.28,22,1674.05,0.0,0.01,0.05,0.0,May,2,4,1,1,Returning_Visitor,False,False
0,0.0,0,0.0,27,1166.68,0.01,0.03,0.0,0.0,Nov,3,2,7,3,Returning_Visitor,False,False
0,5.58,0,3.01,1,1225.61,0.2,0.2,0.0,0.0,Dec,1,1,1,3,New_Visitor,True,False
0,0.0,0,0.0,23,389.17,0.0,0.02,0.0,0.0,Nov,3,2,3,2,Returning_Visitor,True,True
4,35.5,0,0.0,2,9.5,0.0,0.02,0.0,0.0,Dec,2,2,9,2,New_Visitor,False,False
3,316.0,0,0.0,69,1618.53,0.0,0.03,0.04,0.0,Nov,2,5,1,2,Returning_Visitor,False,False
3,139.71,2,369.0,45,7221.0,0.0,0.0,13.46,0.0,Nov,2,2,3,2,Returning_Visitor,True,True
0,1.17,0,4.43,7,535.52,0.03,0.07,0.06,0.0,Mar,2,2,1,2,Returning_Visitor,False,False
0,0.0,0,6.28,3,74.5,0.05,0.1,0.0,0.0,Dec,2,2,2,3,New_Visitor,False,False
3,146.66,5,125.0,4,34.0,0.0,0.02,0.6,0.0,May,2,2,1,2,Returning_Visitor,False,False
3,104.12,0,0.0,13,218.82,0.05,0.06,0.0,0.0,Oct,3,2,2,13,Returning_Visitor,False,False
3,144.24,0,0.0,23,422.73,0.0,0.01,0.0,0.0,May,2,2,1,4,Returning_Visitor,False,False
0,0.0,0,12.33,13,454.5,0.0,0.02,0.0,0.0,May,3,2,4,13,Returning_Visitor,False,False
0,0.83,0,0.0,3,391.15,0.0,0.03,0.0,0.0,Nov,1,1,6,2,Returning_Visitor,False,False
3,52.0,0,0.0,23,3451.75,0.01,0.01,0.0,0.0,Mar,3,2,3,1,Returning_Visitor,True,False
2,175.2,0,0.0,60,1635.47,0.01,0.01,0.0,0.0,May,2,5,2,2,Returning_Visitor,False,False
0,0.0,0,0.0,1,0.0,0.16,0.18,0.0,0.0,June,3,2,3,13,Returning_Visitor,False,False
0,0.0,0,0.0,6,184.0,0.07,0.07,0.36,0.0,Nov,2,10,4,3,Returning_Visitor,False,False
2,1145.25,3,91.3,46,2756.19,0.0,0.02,0.0,0.0,Nov,3,2,1,2,Returning_Visitor,True,False
16,23.31,3,223.15,40,6606.73,0.0,0.02,4.08,0.0,May,4,1,4,1,Returning_Visitor,False,True
0,0.0,0,0.0,1,1446.1,0.2,0.18,0.0,0.0,Dec,1,1,1,1,Returning_Visitor,True,False
0,0.0,0,2.01,49,929.58,0.02,0.03,0.14,0.0,May,3,2,4,13,Returning_Visitor,False,False
1,146.08,0,0.0,8,233.28,0.0,0.02,0.0,0.01,Mar,1,1,9,9,Returning_Visitor,True,False
3,139.38,0,0.0,63,2461.25,0.0,0.01,0.04,0.0,May,2,2,8,3,New_Visitor,False,False
8,31.28,1,17.0,52,3095.98,0.01,0.02,12.13,0.01,May,4,1,1,6,Returning_Visitor,False,False
6,139.8,0,0.0,49,1622.53,0.01,0.02,0.0,0.0,May,3,2,5,13,Returning_Visitor,False,False
0,0.0,0,0.0,37,698.54,0.0,0.02,0.0,0.0,Nov,2,2,6,11,Returning_Visitor,False,False
0,0.0,0,0.0,7,206.26,0.0,0.03,0.0,0.0,Mar,2,2,1,1,Returning_Visitor,False,False
1,0.0,0,0.0,3,321.5,0.04,0.06,0.0,0.0,Mar,3,2,2,1,Returning_Visitor,False,False
8,2.37,0,0.0,16,315.25,0.0,0.01,0.0,0.0,May,3,2,1,5,New_Visitor,False,False
1,19.04,0,0.0,12,567.66,0.0,0.02,10.83,0.0,Mar,3,2,8,2,New_Visitor,False,True
0,0.0,0,1.74,4,34.0,0.1,0.12,0.34,0.0,Mar,3,2,3,3,Returning_Visitor,False,False
2,74.26,0,0.0,0,0.0,0.0,0.1,0.5,0.0,Dec,3,2,3,8,New_Visitor,False,False
16,133.9,0,0.0,39,3593.13,0.0,0.02,0.0,0.01,May,1,2,1,2,Returning_Visitor,False,False
1,11.0,0,0.0,8,98.57,0.01,0.1,0.75,0.01,Sep,1,8,3,2,Returning_Visitor,False,False
2,134.0,0,0.0,7,77.33,0.0,0.02,0.0,0.0,Mar,1,1,2,2,Returning_Visitor,False,False
0,0.0,0,0.0,3,1726.16,0.0,0.06,0.05,0.0,Nov,1,1,1,1,Returning_Visitor,False,False
2,120.0,0,0.0,8,588.17,0.0,0.01,0.0,0.0,Mar,1,1,1,2,Returning_Visitor,False,False
0,1.47,0,0.0,16,351.75,0.01,0.03,0.1,0.0,May,3,2,7,2,Returning_Visitor,False,False
0,0.0,0,0.0,1,0.0,0.17,0.2,0.18,0.0,Nov,2,2,3,1,Returning_Visitor,False,False
3,27.5,0,0.0,44,1026.45,0.0,0.04,0.0,0.0,Nov,2,2,1,3,Returning_Visitor,False,False
0,0.0,0,2.69,14,1380.51,0.0,0.0,47.33,0.0,Oct,2,2,1,2,New_Visitor,False,True
13,3.31,0,0.0,45,863.35,0.0,0.01,40.01,0.01,May,2,2,1,2,Returning_Visitor,False,True
0,0.0,0,16.53,32,1109.08,0.0,0.02,0.11,0.0,Dec,2,2,1,2,Returning_Visitor,True,False
0,0.0,0,0.0,40,4175.75,0.05,0.11,0.0,1.0,May,2,2,1,3,Returning_Visitor,True,False
0,12.66,0,0.0,6,1223.42,0.0,0.03,0.0,0.0,Mar,3,2,4,6,Returning_Visitor,True,False
10,41.12,2,55.5,40,7443.41,0.0,0.01,0.0,0.0,Nov,2,2,1,2,Returning_Visitor,False,False
3,143.12,0,0.0,2,18.2,0.0,0.02,0.0,0.0,Jul,3,2,3,2,New_Visitor,True,True
3,29.44,1,0.0,4,15.24,0.0,0.05,0.0,0.0,Sep,2,2,1,2,Returning_Visitor,False,True
0,0.0,2,82.28,49,1017.78,0.05,0.05,0.0,0.0,Nov,2,2,9,20,Returning_Visitor,False,False
0,0.75,0,0.0,1,78.74,0.2,0.2,0.0,0.0,Nov,2,2,1,13,Returning_Visitor,False,False
9,80.72,0,0.0,49,558.0,0.01,0.01,0.0,0.0,Nov,2,5,1,6,Returning_Visitor,False,False
1,47.5,0,2.68,123,3944.39,0.01,0.02,3.3,0.0,Nov,2,2,1,2,Returning_Visitor,False,False
0,1.24,0,7.02,13,231.5,0.02,0.05,0.0,0.05,May,1,1,3,4,Returning_Visitor,False,False
4,131.0,1,3.3,39,1752.94,0.02,0.03,0.1,0.2,May,1,1,3,4,Returning_Visitor,False,False
1,76.0,0,0.0,19,1378.27,0.01,0.03,60.34,0.6,May,2,2,1,3,Returning_Visitor,False,True
0,0.0,0,0.0,27,1631.92,0.01,0.02,0.0,0.0,Dec,2,2,3,2,Returning_Visitor,True,False
3,75.95,0,0.0,6,262.0,0.0,0.02,0.24,0.0,Dec,1,1,4,2,Returning_Visitor,True,False
0,0.0,0,0.0,13,1683.36,0.04,0.05,0.01,0.0,Dec,2,2,1,13,Returning_Visitor,False,False
0,0.67,0,0.0,39,1858.57,0.0,0.0,0.0,0.0,Nov,2,2,3,2,New_Visitor,False,False
0,0.0,0,0.0,19,1665.91,0.0,0.0,0.0,0.0,Aug,1,1,1,3,Returning_Visitor,False,False
0,0.0,0,2.14,44,831.61,0.0,0.01,0.0,0.0,May,2,2,2,2,Returning_Visitor,False,False
1,101.85,0,0.0,14,272.0,0.03,0.06,0.0,0.0,May,1,1,3,4,Returning_Visitor,False,False
1,27.5,0,0.0,114,1403.72,0.0,0.0,0.72,0.0,Nov,2,5,2,8,Returning_Visitor,False,True
0,0.61,0,5.69,20,1686.71,0.0,0.01,0.06,0.01,Nov,3,2,1,3,Returning_Visitor,False,False
0,0.0,0,6.0,10,1499.35,0.03,0.05,0.0,0.0,May,1,2,2,4,Returning_Visitor,True,False
2,213.5,0,0.0,6,108.92,0.0,0.03,0.0,0.0,Dec,1,1,1,2,New_Visitor,True,False
0,0.0,0,2.25,37,1696.29,0.01,0.02,0.0,0.0,Nov,1,2,4,2,Returning_Visitor,False,False
0,5.78,0,0.0,5,584.33,0.0,0.0,0.0,0.0,May,2,2,1,5,New_Visitor,False,False
6,545.0,4,101.5,49,2797.21,0.01,0.02,2.23,0.01,Nov,2,2,1,2,Returning_Visitor,False,False
0,0.0,0,4.68,7,126.0,0.03,0.06,0.0,0.0,Mar,2,5,2,3,Returning_Visitor,False,False
3,145.6,1,10.67,75,2755.34,0.0,0.01,8.57,0.0,May,4,2,1,13,Returning_Visitor,False,False
4,900.5,0,0.0,48,1659.47,0.01,0.03,105.26,0.0,Dec,1,1,3,10,Returning_Visitor,False,True
3,132.92,4,212.8,41,1335.77,0.02,0.03,6.81,0.0,Mar,1,7,1,2,Returning_Visitor,False,False
3,1.33,0,0.0,32,543.85,0.0,0.01,0.01,0.0,Mar,2,2,1,2,Returning_Visitor,True,False
1,39.2,4,120.8,7,80.5,0.0,0.01,0.0,0.0,Nov,3,2,4,2,New_Visitor,True,False
0,0.0,0,0.0,43,703.83,0.0,0.01,0.31,0.0,May,2,4,3,2,Returning_Visitor,False,False
0,0.0,0,0.0,8,208.51,0.0,0.03,0.0,0.0,Nov,2,2,3,2,Returning_Visitor,False,True
0,0.0,0,1.83,2,0.0,0.2,0.2,0.0,0.0,May,3,2,9,3,Returning_Visitor,False,False
0,0.0,0,2.81,6,201.67,0.0,0.04,0.0,0.0,Mar,2,2,1,2,Returning_Visitor,False,False
2,0.0,0,0.0,23,760.25,0.0,0.01,0.05,0.0,Mar,2,2,7,2,New_Visitor,False,False
1,29.5,0,0.0,36,1110.67,0.01,0.04,0.0,0.0,Dec,2,4,9,2,Returning_Visitor,False,False
3,60.11,0,0.0,13,717.6,0.0,0.0,0.0,0.0,May,1,1,3,3,New_Visitor,False,False
3,80.5,0,0.0,33,755.94,0.0,0.02,0.0,0.0,Dec,4,1,3,1,Returning_Visitor,True,False
0,0.0,0,0.0,6,551.5,0.0,0.04,0.0,0.0,Nov,3,2,4,11,Returning_Visitor,True,False
0,0.0,0,0.0,42,116.67,0.04,0.05,0.0,0.0,Oct,3,2,1,3,Returning_Visitor,True,False
1,397.5,4,89.5,8,249.0,0.07,0.09,0.0,0.0,May,3,2,1,6,Returning_Visitor,True,False
10,78.9,0,0.0,14,718.8,0.0,0.02,1.1,0.0,May,2,2,1,2,New_Visitor,False,False
11,213.97,4,92.3,46,3908.03,0.02,0.02,11.35,0.0,May,1,2,1,3,Returning_Visitor,False,False
1,39.0,0,0.0,45,314.83,0.0,0.01,0.33,0.0,May,3,2,7,4,Returning_Visitor,True,False
0,0.0,1,20.0,48,1686.35,0.02,0.03,0.0,0.0,Dec,3,2,1,10,Returning_Visitor,True,False
0,0.0,0,0.0,154,4800.57,0.0,0.03,0.0,0.0,Aug,2,2,1,1,Returning_Visitor,True,False
0,0.0,0,2.16,5,117.75,0.0,0.06,0.0,0.0,Dec,1,1,1,2,Returning_Visitor,False,False
3,116.5,0,0.0,15,320.25,0.0,0.04,0.0,0.0,Dec,1,1,4,2,New_Visitor,True,False
0,0.0,0,0.0,3,313.0,0.0,0.03,0.93,0.0,May,2,10,5,4,Returning_Visitor,False,False
3,6.14,2,407.5,14,1882.49,0.05,0.08,0.0,0.0,Nov,1,1,1,2,Returning_Visitor,True,False
0,0.0,0,0.0,48,832.08,0.05,0.06,0.0,0.0,Dec,3,2,1,3,Returning_Visitor,False,False
0,0.0,0,2.44,4,40.0,0.0,0.06,0.0,0.0,May,3,2,3,4,Returning_Visitor,False,False
2,33.0,0,8.52,13,1649.0,0.0,0.03,0.0,0.0,May,2,2,1,2,Returning_Visitor,False,False
2,102.0,0,10.37,12,177.5,0.0,0.03,0.0,0.01,May,2,2,1,3,New_Visitor,True,False
0,0.0,0,3.88,16,507.83,0.0,0.01,0.0,0.0,May,2,4,1,2,Returning_Visitor,False,False
11,3.25,0,0.0,41,678.48,0.0,0.03,13.57,0.0,May,4,1,3,1,Returning_Visitor,False,True
3,0.0,1,65.22,15,245.0,0.0,0.03,12.0,0.0,Mar,2,2,1,3,Returning_Visitor,True,True
5,6.12,0,0.0,32,646.83,0.0,0.03,0.0,0.0,May,3,2,9,13,Returning_Visitor,False,False
0,0.0,0,0.0,7,379.5,0.06,0.09,0.0,0.0,Mar,3,2,8,1,Returning_Visitor,False,False
4,113.0,2,20.33,14,381.75,0.0,0.04,0.75,0.0,Dec,2,10,2,2,Returning_Visitor,False,False
5,24.32,4,282.0,4,213.5,0.0,0.01,0.0,0.01,Nov,3,2,1,2,New_Visitor,False,True
9,6.62,0,0.0,48,550.71,0.0,0.01,0.0,0.0,Sep,2,2,1,2,Returning_Visitor,False,False
6,108.0,2,43.67,118,3712.81,0.01,0.01,9.57,0.0,May,2,10,3,2,Returning_Visitor,True,False
0,0.0,0,0.0,11,202.56,0.0,0.04,0.0,0.0,May,2,2,1,2,Returning_Visitor,False,False
4,171.9,4,145.17,171,4554.69,0.0,0.0,4.51,0.0,May,2,2,1,2,Returning_Visitor,False,False
0,0.84,0,0.0,13,612.0,0.0,0.01,0.35,0.0,Mar,3,3,1,2,New_Visitor,True,False
10,316.14,7,321.67,287,12983.79,0.0,0.05,0.07,0.0,May,2,4,3,2,New_Visitor,False,False
8,138.65,0,0.0,48,486.67,0.0,0.01,0.0,0.0,Dec,4,2,1,2,New_Visitor,False,False
0,0.0,0,3.26,18,1257.95,0.0,0.0,33.5,0.0,Oct,2,2,3,2,New_Visitor,False,True
3,0.0,0,3.76,20,2270.83,0.0,0.02,1.31,0.0,Mar,2,2,2,6,Returning_Visitor,False,True
3,143.82,3,127.5,42,7700.5,0.0,0.01,4.07,0.0,May,2,2,3,2,Returning_Visitor,False,False
8,235.19,2,138.5,49,1710.73,0.01,0.03,0.57,0.0,May,3,2,4,2,Returning_Visitor,True,True
3,58.4,0,0.0,12,235.96,0.0,0.03,0.0,0.0,Mar,2,2,2,2,Returning_Visitor,False,False
3,113.5,0,0.0,13,437.2,0.0,0.01,0.13,0.0,Mar,1,8,4,11,New_Visitor,False,False
3,59.5,0,5.84,6,223.08,0.0,0.01,0.0,0.0,Dec,2,2,8,6,New_Visitor,False,False
0,0.99,0,0.0,1,0.0,0.12,0.2,0.2,0.01,Mar,2,5,1,1,Returning_Visitor,False,False
7,146.98,0,28.5,12,1047.0,0.01,0.02,0.0,0.0,Dec,1,1,3,2,New_Visitor,False,True
1,142.2,0,3.13,45,207.79,0.0,0.02,0.0,0.01,May,1,1,5,4,Returning_Visitor,False,False
10,2.24,0,0.0,69,2464.29,0.0,0.01,0.0,0.0,Dec,2,2,1,2,New_Visitor,False,False
1,35.0,1,49.5,11,1584.71,0.0,0.03,15.96,0.2,May,2,2,4,4,Returning_Visitor,False,True
1,59.4,0,6.0,73,891.57,0.0,0.0,258.55,0.0,Sep,2,2,3,2,New_Visitor,False,True
0,0.0,0,0.0,1,1697.6,0.0,0.06,0.0,0.0,Aug,1,1,1,1,Returning_Visitor,True,False
7,138.58,2,5.0,46,5396.26,0.0,0.02,7.51,0.0,Nov,2,1,1,2,Returning_Visitor,False,True
2,135.87,2,99.5,15,771.88,0.01,0.03,15.4,0.0,May,2,2,3,3,Returning_Visitor,False,False
0,0.63,0,0.0,46,1708.21,0.0,0.02,0.0,0.0,Nov,2,2,3,1,Returning_Visitor,False,False
0,1.92,0,0.0,14,790.09,0.02,0.02,0.0,0.0,Dec,1,1,3,2,Returning_Visitor,False,False
3,29.0,1,13.9,106,1707.01,0.01,0.04,0.0,0.86,May,2,2,4,3,Returning_Visitor,True,False
1,21.0,0,8.65,81,2930.72,0.0,0.02,0.0,0.0,Nov,2,2,3,1,Returning_Visitor,True,True
0,1.1,0,0.0,55,1698.01,0.0,0.01,0.06,0.0,Nov,1,1,1,3,Returning_Visitor,False,False
3,26.0,0,0.0,16,638.83,0.0,0.01,11.34,0.0,Mar,2,2,2,2,New_Visitor,False,False
5,10.27,1,29.38,45,675.68,0.03,0.06,0.84,0.0,Jul,1,1,4,2,Returning_Visitor,False,False
4,298.0,1,0.0,21,625.0,0.0,0.01,0.0,0.0,May,1,1,6,2,New_Visitor,False,False
0,0.0,0,0.0,5,27.2,0.0,0.06,0.0,0.0,Nov,2,2,1,4,Returning_Visitor,False,False
3,140.01,1,181.0,47,3445.01,0.01,0.03,0.17,0.0,Dec,3,2,1,2,Returning_Visitor,False,False
0,0.0,0,13.78,2,1547.88,0.0,0.1,0.0,0.0,Dec,4,1,3,1,Returning_Visitor,False,False
11,39.44,4,333.5,85,5496.63,0.01,0.03,5.15,0.0,May,3,2,1,3,Returning_Visitor,False,False
0,0.0,0,6.82,18,3658.5,0.02,0.06,0.0,0.0,Nov,4,2,9,1,Returning_Visitor,False,False
3,143.28,0,0.0,45,1685.45,0.01,0.04,0.0,0.0,Sep,1,2,3,1,Returning_Visitor,True,False
0,0.0,0,0.0,14,263.17,0.01,0.02,0.23,0.0,Nov,5,11,1,8,Returning_Visitor,False,False
0,0.0,0,0.0,4,39.2,0.0,0.04,0.0,0.0,Nov,1,2,1,2,New_Visitor,False,False
0,0.0,0,0.0,6,492.57,0.0,0.03,0.06,0.0,Mar,2,2,7,13,Returning_Visitor,True,False
0,0.0,0,0.0,59,1682.23,0.01,0.02,0.64,0.0,Nov,1,2,3,2,Returning_Visitor,False,False
6,1541.5,0,0.0,12,188.5,0.0,0.02,0.0,0.0,May,2,2,5,4,New_Visitor,True,False
3,29.25,0,0.0,32,1729.75,0.0,0.04,11.43,0.0,Dec,2,4,3,2,New_Visitor,False,True
7,91.25,1,0.0,48,2900.79,0.0,0.02,11.55,0.02,Nov,2,2,1,2,Returning_Visitor,True,True
0,3.09,1,0.0,15,1390.58,0.03,0.05,0.49,0.0,Dec,3,2,2,1,Returning_Visitor,False,False
0,0.0,0,0.0,4,100.25,0.0,0.07,0.0,0.0,Dec,3,2,3,20,Returning_Visitor,True,False
0,0.0,1,844.0,6,1108.0,0.07,0.04,0.0,0.0,Mar,2,2,4,2,Returning_Visitor,False,False
3,29.25,1,39.33,3,67.67,0.01,0.06,0.42,0.0,Dec,3,13,9,2,Other,False,False
0,0.0,0,0.0,28,403.83,0.02,0.04,0.0,0.0,Jul,2,1,6,4,Returning_Visitor,False,False
1,81.0,0,0.0,12,221.19,0.0,0.0,0.37,1.0,May,3,2,1,4,Returning_Visitor,True,False
3,24.0,0,0.0,46,529.29,0.0,0.02,0.0,0.0,Nov,2,2,1,1,Returning_Visitor,False,False
6,140.34,0,0.0,14,211.47,0.0,0.04,0.0,0.0,Nov,3,2,1,10,Returning_Visitor,False,False
7,13.64,1,246.8,23,371.94,0.03,0.05,0.0,0.0,Oct,3,2,4,1,Returning_Visitor,False,False
0,0.0,0,0.0,51,1713.39,0.0,0.01,0.0,0.0,Nov,2,2,1,2,Returning_Visitor,True,False
1,0.0,0,0.0,55,872.59,0.01,0.0,0.66,0.0,Aug,2,4,1,4,New_Visitor,True,False
3,70.0,0,0.0,16,255.32,0.0,0.02,0.93,0.0,Aug,1,1,4,4,New_Visitor,False,False
3,210.5,0,0.0,26,549.55,0.0,0.04,0.05,0.0,May,3,2,8,4,Returning_Visitor,True,False
0,0.75,0,0.0,13,765.13,0.01,0.06,0.07,0.0,Oct,2,2,9,2,Returning_Visitor,False,False
0,0.0,0,0.0,13,328.9,0.02,0.06,0.0,0.01,June,2,2,3,3,Returning_Visitor,False,False
4,1660.3,0,0.0,2,45.7,0.01,0.02,0.26,0.0,Sep,2,10,1,3,Returning_Visitor,False,True
0,0.0,0,2.01,3,40.74,0.0,0.07,0.3,0.0,May,1,1,8,2,Returning_Visitor,True,False
0,0.0,1,8.0,38,2370.73,0.02,0.03,2.41,0.0,Nov,2,10,2,2,Returning_Visitor,False,False
1,9.0,0,0.0,111,2451.87,0.0,0.02,2.8,0.45,May,2,2,8,4,Returning_Visitor,False,True
1,0.0,4,399.33,46,2270.81,0.0,0.03,0.32,0.0,Mar,2,2,2,2,Returning_Visitor,False,False
9,96.99,0,0.0,48,3909.37,0.0,0.01,9.93,0.0,May,2,2,1,2,Returning_Visitor,False,False
1,0.66,0,0.0,4,334.0,0.08,0.12,0.0,0.0,May,1,1,3,1,Returning_Visitor,True,False
3,111.5,0,0.0,24,809.43,0.01,0.02,0.0,0.0,Dec,3,2,1,3,Returning_Visitor,False,False
1,47.0,0,0.0,5,495.32,0.0,0.03,42.27,0.0,Mar,1,1,7,3,Returning_Visitor,True,True
0,2.91,0,0.0,14,1657.28,0.0,0.02,57.59,0.6,May,2,1,3,4,New_Visitor,False,True
0,0.0,1,105.8,44,868.16,0.0,0.03,9.55,0.0,Sep,2,4,4,3,Returning_Visitor,False,False
0,0.0,0,0.0,1,0.0,0.2,0.2,0.0,0.0,June,3,2,1,1,Returning_Visitor,False,False
3,139.0,0,0.0,10,277.14,0.0,0.01,0.0,0.0,Mar,3,2,1,2,Returning_Visitor,True,False
4,80.46,0,0.0,23,1649.06,0.0,0.01,58.2,0.0,May,4,1,1,1,New_Visitor,False,True
0,0.0,0,2.62,48,1996.82,0.0,0.01,52.53,0.0,Nov,2,2,6,2,Returning_Visitor,False,True
0,0.0,0,0.0,14,331.3,0.0,0.02,0.6,0.0,Jul,2,8,1,1,Returning_Visitor,False,False
0,0.0,2,445.0,38,1582.3,0.0,0.02,0.0,0.0,Mar,2,2,3,2,Returning_Visitor,False,False
4,6.05,3,102.0,47,441.82,0.07,0.06,0.0,0.0,May,3,2,6,6,Returning_Visitor,False,False
4,37.25,1,5.0,49,1295.01,0.0,0.02,0.0,0.0,Nov,3,2,4,2,Returning_Visitor,True,True
1,13.0,0,3.52,15,634.87,0.0,0.02,57.53,0.0,May,3,2,1,6,Returning_Visitor,False,True
3,143.0,0,0.0,48,748.3,0.01,0.05,0.03,0.0,Dec,2,2,1,1,Returning_Visitor,True,False
0,0.0,1,2.69,64,7757.18,0.0,0.02,0.0,0.0,Nov,2,2,3,2,Returning_Visitor,False,True
0,0.0,0,5.46,22,480.97,0.0,0.03,0.0,0.0,Mar,2,2,2,3,Returning_Visitor,False,False
0,0.91,0,0.0,6,116.5,0.01,0.07,0.0,0.0,Mar,3,2,2,10,Returning_Visitor,False,False
3,141.52,0,0.0,49,1690.95,0.0,0.01,0.0,0.0,Nov,2,2,2,6,Returning_Visitor,False,False
2,146.56,0,0.0,10,197.2,0.0,0.02,38.99,0.01,Mar,1,1,1,3,Returning_Visitor,True,True
1,21.46,0,0.0,11,1714.26,0.0,0.02,0.0,0.0,Mar,4,1,3,2,Returning_Visitor,True,False
0,0.0,0,0.0,7,380.0,0.02,0.07,0.68,0.0,May,2,4,7,1,Returning_Visitor,False,False
0,0.0,0,0.0,11,482.49,0.04,0.05,0.0,0.0,Mar,2,2,5,1,Returning_Visitor,False,False
0,0.0,0,5.95,23,517.04,0.0,0.02,23.3,0.0,Nov,4,2,8,2,New_Visitor,False,True
1,0.0,0,0.0,16,2007.0,0.02,0.05,0.0,0.0,May,1,1,3,1,Returning_Visitor,False,False
3,66.0,0,0.0,2,74.67,0.0,0.06,0.0,0.8,May,3,2,3,2,Returning_Visitor,False,False
1,48.59,0,6.51,10,431.5,0.0,0.01,0.0,0.0,Mar,2,2,2,1,Returning_Visitor,False,False
1,6.0,0,0.0,41,634.67,0.03,0.02,0.0,0.0,May,2,4,7,3,Returning_Visitor,False,False
5,98.3,0,0.0,44,471.28,0.0,0.01,0.0,0.0,Nov,1,1,1,2,Returning_Visitor,False,False
0,0.0,0,3.91,4,82.0,0.15,0.18,0.0,0.44,May,2,2,3,1,Returning_Visitor,False,False
3,284.2,0,3.6,22,2366.6,0.04,0.06,1.86,0.0,May,1,1,8,1,Returning_Visitor,True,False
0,0.0,0,0.0,1,0.0,0.2,0.2,0.0,0.0,May,4,2,1,11,Returning_Visitor,False,False
0,0.0,0,0.0,5,53.4,0.12,0.14,1.61,0.0,June,3,2,3,13,Returning_Visitor,True,False
0,0.0,0,0.0,49,1703.46,0.0,0.02,0.02,0.0,Nov,2,2,3,11,Returning_Visitor,True,False
0,0.0,0,5.75,5,1661.02,0.04,0.06,1.78,0.0,Nov,2,6,2,2,Returning_Visitor,False,False
6,440.28,1,17.72,18,864.1,0.0,0.02,10.26,0.0,Sep,2,2,1,2,New_Visitor,False,False
3,140.29,0,2.41,44,2063.64,0.01,0.01,0.0,0.0,May,3,2,6,13,Returning_Visitor,False,False
0,0.0,0,2.34,6,399.0,0.0,0.03,44.99,0.0,May,2,2,2,5,Returning_Visitor,False,True
0,0.0,0,1.9,2,0.0,0.2,0.2,0.0,0.0,Mar,2,2,1,1,Returning_Visitor,False,False
0,0.72,0,3.22,19,989.33,0.0,0.01,25.11,0.0,May,2,2,1,2,New_Visitor,True,True
7,141.87,0,0.0,17,446.38,0.0,0.01,0.0,0.0,Dec,2,2,7,2,New_Visitor,False,False
6,121.95,0,0.0,13,291.3,0.0,0.01,53.11,0.0,Nov,1,1,4,3,New_Visitor,False,True
4,72.5,0,0.0,28,1248.06,0.02,0.02,0.09,0.0,Nov,2,6,4,2,Returning_Visitor,False,False
0,0.0,0,0.0,14,259.19,0.07,0.1,0.16,0.0,Nov,1,1,1,1,Returning_Visitor,False,False
0,0.0,0,4.34,8,254.03,0.1,0.12,0.0,0.0,Mar,1,1,1,3,Returning_Visitor,False,False
0,0.0,0,0.0,5,74.0,0.0,0.08,0.0,0.8,May,2,2,1,13,Returning_Visitor,False,False
3,23.47,3,8.0,43,8591.59,0.0,0.02,8.02,0.0,Nov,2,2,1,10,Returning_Visitor,False,True
3,134.14,1,32.75,42,1897.83,0.0,0.01,0.0,0.0,May,1,2,9,3,Returning_Visitor,True,False
1,0.0,0,4.32,11,689.99,0.0,0.01,0.08,0.0,Nov,3,2,3,6,Returning_Visitor,False,False
0,0.0,2,83.52,49,3509.13,0.01,0.02,5.56,0.0,May,2,4,1,6,Returning_Visitor,False,False
9,128.84,0,0.0,48,7706.55,0.0,0.03,6.74,0.03,Nov,2,2,1,3,Returning_Visitor,False,False
1,15.0,1,0.0,62,1710.33,0.0,0.03,0.18,0.0,May,2,2,3,2,Returning_Visitor,False,False
1,0.0,0,2.66,9,195.17,0.02,0.07,0.0,0.0,June,3,2,1,4,Returning_Visitor,False,False
0,0.0,0,0.0,53,1625.14,0.01,0.04,24.57,0.0,Jul,2,4,9,2,Returning_Visitor,False,True
1,9.1,0,0.0,9,115.6,0.05,0.04,0.38,0.0,Oct,3,2,2,4,Returning_Visitor,False,False
6,85.35,1,20.0,137,5380.69,0.01,0.02,6.54,0.0,Nov,2,4,8,2,Returning_Visitor,False,True
0,723.5,2,410.5,5,109.0,0.0,0.02,0.0,0.0,Nov,2,2,1,2,Other,False,True
0,0.0,0,0.0,25,686.5,0.02,0.03,0.52,0.0,Dec,3,2,7,1,Returning_Visitor,True,False
0,0.0,1,8.85,34,3900.43,0.04,0.08,0.0,0.6,May,1,1,1,4,Returning_Visitor,False,False
0,0.0,0,0.0,1,62.0,0.17,0.2,0.0,0.0,Nov,2,2,1,20,Returning_Visitor,True,False
0,0.0,0,3.75,39,706.2,0.04,0.09,0.06,0.0,Sep,3,2,1,13,Returning_Visitor,False,False
3,1.33,2,193.36,43,19.0,0.0,0.03,0.0,0.0,Mar,1,1,7,2,New_Visitor,False,False
0,0.0,0,0.0,1,313.43,0.2,0.2,0.06,0.0,Feb,1,1,1,3,Returning_Visitor,False,False
1,18.1,1,72.5,9,136.28,0.02,0.03,0.0,0.0,June,2,2,2,2,New_Visitor,False,False
3,115.78,0,6.47,42,1246.12,0.01,0.01,0.0,0.0,Aug,2,4,1,1,Returning_Visitor,False,False
0,1.12,0,2.37,49,1571.12,0.0,0.01,0.0,0.02,Jul,2,2,3,4,New_Visitor,True,False
0,1.27,0,0.0,17,344.33,0.01,0.03,9.84,0.0,May,2,2,1,5,Returning_Visitor,False,False
2,145.81,0,0.0,43,1253.18,0.0,0.01,41.54,0.0,Dec,3,2,9,2,Returning_Visitor,False,False
8,315.14,6,147.87,49,6255.02,0.0,0.01,0.0,0.0,May,2,2,1,2,Returning_Visitor,False,False
1,241.0,0,0.0,39,1680.22,0.03,0.05,0.0,0.44,May,2,2,4,13,Returning_Visitor,False,False
7,424.17,0,0.0,11,1212.0,0.0,0.01,0.4,0.01,May,2,4,4,2,Returning_Visitor,False,False
0,0.0,0,1.82,12,190.5,0.09,0.06,0.0,0.0,Jul,1,1,1,1,Returning_Visitor,True,False
10,117.66,1,12.0,42,2016.56,0.01,0.01,11.58,0.01,Nov,2,2,1,13,Returning_Visitor,False,True
0,1.77,0,0.0,8,388.0,0.05,0.05,0.0,0.0,Feb,3,2,1,4,Returning_Visitor,True,False
0,0.0,0,0.0,2,1665.3,0.0,0.1,0.0,0.0,May,4,2,4,13,Returning_Visitor,False,False
1,133.47,0,0.0,8,261.97,0.01,0.02,0.0,0.0,May,2,2,7,6,Returning_Visitor,False,False
0,0.0,0,0.0,6,308.17,0.0,0.09,0.0,0.01,Mar,1,1,6,1,Returning_Visitor,False,False
1,0.0,0,0.0,9,311.7,0.0,0.06,0.0,0.0,May,3,2,4,13,Returning_Visitor,False,False
4,15.0,1,17.0,17,3690.34,0.0,0.03,15.66,0.0,May,2,2,6,3,Returning_Visitor,False,True
2,27.2,0,0.0,62,976.33,0.0,0.02,0.04,0.0,Nov,2,5,7,2,Returning_Visitor,False,False
0,0.93,0,0.0,14,220.43,0.0,0.03,0.0,0.0,Nov,2,2,1,2,New_Visitor,True,False
0,190.58,2,1131.0,46,5492.37,0.02,0.04,0.59,0.01,May,2,6,6,6,Returning_Visitor,False,False
4,64.46,0,0.0,48,1414.59,0.0,0.01,21.05,0.01,Dec,2,2,1,2,Returning_Visitor,False,True
7,169.5,0,0.0,50,1557.92,0.0,0.01,0.42,0.0,Dec,1,1,3,2,Returning_Visitor,False,False
0,0.0,0,4.7,24,1456.61,0.0,0.0,0.08,0.8,May,3,2,1,13,Returning_Visitor,False,False
2,165.13,0,2.57,87,3220.34,0.0,0.03,0.07,0.0,May,2,5,8,1,Returning_Visitor,False,True
5,92.37,0,0.0,12,115.17,0.03,0.06,0.0,0.0,Mar,2,2,3,1,Returning_Visitor,False,False
3,46.4,0,0.0,30,2559.43,0.03,0.06,0.0,0.0,Sep,3,2,6,1,Returning_Visitor,True,False
0,0.65,0,2.63,40,768.44,0.07,0.08,0.23,0.0,Nov,3,2,1,13,Returning_Visitor,False,False
4,48.83,4,165.67,34,365.77,0.0,0.02,0.0,0.0,Aug,3,2,1,4,Returning_Visitor,False,False
0,0.0,0,0.0,16,630.75,0.0,0.04,0.0,0.0,Mar,3,2,1,1,Returning_Visitor,False,False
0,0.0,0,0.0,40,1712.46,0.0,0.0,0.08,0.0,May,3,2,4,6,Returning_Visitor,False,False
0,0.0,0,0.0,9,211.52,0.0,0.02,0.0,0.0,Mar,1,2,6,1,Returning_Visitor,False,False
8,84.58,0,0.0,34,991.37,0.0,0.01,10.02,0.0,Mar,2,2,2,2,Returning_Visitor,False,False
7,143.31,0,0.0,47,1011.5,0.0,0.01,0.0,0.0,Mar,2,2,1,1,Returning_Visitor,False,False
4,145.85,0,0.0,37,2517.05,0.01,0.02,0.35,0.0,Mar,3,2,2,1,Returning_Visitor,True,False
0,0.0,0,2.9,49,347.85,0.01,0.03,0.16,0.0,Nov,2,2,3,3,Returning_Visitor,False,False
0,0.0,0,10.73,7,93.7,0.03,0.06,0.0,1.0,May,3,2,2,4,Returning_Visitor,True,False
0,0.0,0,0.0,8,846.2,0.0,0.05,33.22,0.0,Jul,2,2,1,2,Returning_Visitor,False,True
0,0.0,0,5.05,12,519.87,0.0,0.0,0.0,0.0,Jul,1,1,1,4,Returning_Visitor,False,False
6,135.15,0,0.0,52,1199.23,0.0,0.02,0.0,0.0,Sep,3,2,3,13,Returning_Visitor,False,False
0,0.0,0,0.0,6,285.5,0.0,0.04,18.17,0.0,Nov,1,1,1,8,New_Visitor,False,True
0,0.0,0,0.0,4,1440.0,0.0,0.05,0.0,0.82,May,2,2,5,1,Returning_Visitor,False,False
3,77.0,0,0.0,48,1223.42,0.0,0.01,215.01,0.0,May,3,2,4,2,Returning_Visitor,False,True
3,76.0,0,0.0,49,1038.85,0.0,0.01,0.0,0.0,Mar,2,2,4,3,New_Visitor,False,False
7,135.67,2,190.42,17,7555.51,0.0,0.02,9.19,0.0,May,4,1,1,2,Returning_Visitor,False,False
0,0.0,0,0.0,15,205.0,0.03,0.05,0.0,0.0,Mar,2,2,6,1,Returning_Visitor,False,False
0,1.01,0,1.45,4,24.0,0.0,0.06,0.0,0.2,May,2,2,4,1,Returning_Visitor,False,False
0,1.54,0,0.0,1,0.0,0.2,0.18,0.24,0.0,Sep,2,2,2,1,Returning_Visitor,False,False
0,6.4,0,0.0,13,219.1,0.0,0.01,0.0,0.0,May,3,2,3,4,Returning_Visitor,False,False
3,67.5,0,0.0,7,393.5,0.0,0.03,0.5,0.0,Dec,2,2,1,2,New_Visitor,False,False
0,0.0,0,0.0,16,384.29,0.02,0.03,0.0,0.0,Jul,4,1,3,1,Returning_Visitor,True,False
0,0.0,0,0.0,13,265.17,0.0,0.05,0.05,0.0,Mar,2,2,4,2,Returning_Visitor,False,False
6,144.04,0,0.0,87,1836.98,0.01,0.03,11.56,0.0,Sep,2,2,3,3,Returning_Visitor,False,False
0,0.0,0,0.0,48,1916.87,0.02,0.05,0.24,0.0,Dec,2,2,5,1,Returning_Visitor,False,False
1,0.0,0,2.93,16,2214.67,0.0,0.0,92.9,0.0,Oct,2,2,1,2,New_Visitor,False,True
6,461.0,0,0.0,4,111.0,0.01,0.01,0.1,0.06,Dec,3,3,3,8,New_Visitor,False,False
0,0.0,0,0.0,11,1267.25,0.02,0.03,0.51,0.0,Nov,1,8,2,11,New_Visitor,True,False
3,142.16,0,0.0,49,1664.04,0.0,0.02,13.0,0.0,Nov,1,1,6,2,Returning_Visitor,False,True
0,0.0,0,9.23,12,278.96,0.0,0.03,0.0,0.0,May,2,4,6,6,Returning_Visitor,False,False
4,122.0,1,148.53,12,1040.33,0.0,0.01,0.0,0.0,May,2,2,5,2,Returning_Visitor,False,False
0,0.0,0,0.0,3,0.0,0.17,0.2,0.34,0.0,Mar,1,8,2,1,Returning_Visitor,False,False
0,0.0,0,3.14,74,1146.47,0.01,0.03,0.41,0.0,Nov,2,2,1,1,Returning_Visitor,False,False
3,24.0,0,4.9,6,58.0,0.0,0.03,0.0,0.0,Mar,2,2,8,2,New_Visitor,False,False
0,68.14,0,2.35,16,1599.27,0.0,0.01,0.0,0.0,May,4,2,2,13,Returning_Visitor,False,False
10,131.34,2,38.2,102,7467.4,0.0,0.02,4.22,0.0,Nov,2,2,1,1,Returning_Visitor,False,False
1,9.0,0,0.0,7,1624.65,0.04,0.06,0.0,0.0,Mar,1,1,1,3,Returning_Visitor,False,False
0,98.0,0,0.0,46,1407.38,0.0,0.01,39.59,0.0,Dec,2,2,4,1,Returning_Visitor,False,True
0,0.0,0,0.0,7,723.0,0.0,0.03,32.91,0.0,Dec,2,1,4,1,Returning_Visitor,True,True
0,0.0,0,2.29,3,36.0,0.0,0.07,0.31,0.0,May,2,7,3,2,Returning_Visitor,True,False
12,101.12,4,559.08,49,4876.01,0.01,0.03,5.75,0.0,May,2,4,1,2,Returning_Visitor,False,False
2,73.35,1,12.0,14,245.6,0.0,0.01,0.0,0.0,Oct,2,2,1,2,New_Visitor,False,False
0,0.99,0,0.0,2,549.99,0.0,0.03,0.82,0.0,Mar,2,5,2,1,Returning_Visitor,False,False
0,0.0,0,0.0,22,1703.07,0.0,0.03,0.0,0.0,Nov,2,2,1,2,New_Visitor,True,True
0,0.0,0,0.0,4,222.6,0.0,0.0,0.18,0.0,Jul,1,1,1,2,Returning_Visitor,True,False
0,0.0,0,2.62,13,231.5,0.0,0.03,0.09,0.0,May,2,4,3,2,Returning_Visitor,False,False
0,0.0,0,0.0,11,229.92,0.02,0.04,0.24,0.0,Nov,3,2,4,1,Returning_Visitor,True,False
0,0.0,0,5.79,37,607.47,0.0,0.0,39.98,0.0,May,1,1,1,2,Returning_Visitor,False,True
3,78.6,0,0.0,5,566.93,0.0,0.0,0.38,0.0,Sep,2,2,1,4,New_Visitor,False,False
0,0.0,0,4.55,11,1195.39,0.0,0.04,0.0,0.0,Dec,2,2,3,13,Returning_Visitor,False,False
2,143.58,0,0.0,137,7012.27,0.01,0.02,0.0,0.0,Nov,1,1,1,10,Returning_Visitor,True,True
0,0.0,0,3.24,21,1003.0,0.0,0.01,0.0,0.0,Mar,2,4,1,1,Returning_Visitor,False,False
1,4.0,0,0.0,19,760.25,0.0,0.01,33.79,0.0,May,1,2,1,3,New_Visitor,False,True
5,84.08,0,0.0,27,3220.89,0.02,0.05,0.98,0.0,Nov,4,1,2,1,Returning_Visitor,False,False
2,145.85,2,101.0,56,1086.07,0.01,0.02,14.84,0.0,May,2,2,3,2,Returning_Visitor,False,False
0,0.0,0,1.86,7,1565.18,0.03,0.07,0.25,0.0,Mar,2,2,2,1,Returning_Visitor,False,False
1,110.41,0,0.0,14,532.94,0.04,0.05,0.0,0.0,Mar,3,2,1,1,Returning_Visitor,True,False
0,0.62,0,0.0,27,1009.38,0.0,0.04,0.0,0.0,Nov,2,2,1,2,New_Visitor,True,True
9,3.78,3,377.43,37,5738.9,0.0,0.06,12.09,0.01,Oct,2,2,1,13,Returning_Visitor,False,True
0,0.0,0,0.0,11,200.81,0.0,0.04,0.0,0.0,Oct,2,2,1,1,Returning_Visitor,False,False
1,53.83,0,5.13,56,441.22,0.01,0.02,0.05,0.2,May,2,2,2,3,Returning_Visitor,False,False
5,142.23,0,0.0,49,936.13,0.0,0.02,23.28,0.0,Nov,2,2,1,2,Returning_Visitor,False,True
0,0.0,0,0.0,2,242.5,0.01,0.05,1.4,0.0,Dec,2,4,9,2,Other,False,False
0,0.0,0,4.36,17,341.67,0.03,0.06,0.19,0.0,Nov,2,6,9,1,Returning_Visitor,False,False
0,0.0,0,1.81,64,842.91,0.0,0.02,0.0,0.0,Jul,1,1,3,4,Returning_Visitor,False,False
0,0.0,0,4.04,63,3301.22,0.01,0.03,0.0,0.0,Nov,2,1,3,1,Returning_Visitor,True,False
7,158.36,3,177.8,46,4162.54,0.01,0.03,3.58,0.0,May,3,2,5,2,Returning_Visitor,False,False
5,0.63,4,116.8,41,1696.57,0.0,0.03,0.0,0.0,May,2,2,5,2,Returning_Visitor,False,False
1,40.25,0,0.0,44,501.77,0.0,0.01,0.0,0.0,May,2,2,1,4,Returning_Visitor,False,False
0,0.0,0,0.0,5,111.67,0.0,0.01,0.0,0.0,Mar,2,2,1,2,New_Visitor,True,False
0,0.0,2,3.66,32,898.83,0.07,0.1,0.35,0.0,May,3,2,4,1,Returning_Visitor,False,False
0,0.0,0,4.87,23,996.44,0.0,0.02,0.0,0.8,May,3,2,8,4,Returning_Visitor,False,False
0,11.79,0,33.75,9,442.7,0.03,0.03,0.61,0.0,Dec,3,2,2,10,Returning_Visitor,True,False
1,150.2,1,31.7,5,93.9,0.0,0.01,0.07,0.0,Nov,1,1,3,2,New_Visitor,True,False
2,1668.5,4,35.0,18,1372.97,0.0,0.02,41.65,0.0,May,2,2,3,6,Returning_Visitor,False,True
1,4.22,0,8.12,17,1093.14,0.0,0.02,0.02,0.0,Mar,2,2,7,2,Returning_Visitor,False,False
3,62.0,2,193.0,4,520.63,0.0,0.01,0.0,0.0,Nov,3,2,1,3,Returning_Visitor,False,False
0,0.0,0,0.0,1,56.5,0.0,0.1,0.0,0.0,Nov,2,2,3,3,Returning_Visitor,False,False
3,43.0,0,0.0,36,2362.5,0.0,0.02,0.0,0.6,May,2,5,1,2,Returning_Visitor,False,False
1,143.61,0,13.12,11,290.0,0.0,0.01,0.0,0.0,Mar,2,2,1,2,New_Visitor,False,False
0,0.0,0,0.0,35,1700.93,0.01,0.03,0.03,0.0,Mar,2,2,1,1,Returning_Visitor,False,False
1,27.2,0,0.0,21,1711.21,0.01,0.03,0.0,0.0,Oct,3,2,4,2,Returning_Visitor,False,False
0,0.0,0,90.0,9,213.22,0.02,0.06,0.74,0.0,Mar,3,2,1,1,Returning_Visitor,False,False
0,0.0,0,4.91,32,1085.16,0.0,0.02,0.0,0.0,Oct,4,1,1,5,Returning_Visitor,False,False
4,144.5,0,0.0,48,920.4,0.0,0.02,0.0,0.0,Nov,1,1,1,5,New_Visitor,False,False
1,87.7,2,60.5,24,448.19,0.0,0.01,0.0,0.0,Nov,2,5,1,3,New_Visitor,False,False
0,0.0,0,0.0,1,1559.53,0.2,0.2,0.0,0.0,Oct,1,1,1,1,New_Visitor,True,False
0,0.0,0,0.0,13,472.43,0.0,0.02,0.06,0.0,Jul,2,2,3,2,Returning_Visitor,False,False
0,0.0,0,0.0,102,3284.5,0.0,0.01,0.0,0.0,Dec,2,2,1,3,Returning_Visitor,False,False
2,11.0,0,0.0,14,249.67,0.0,0.03,0.09,0.0,Nov,4,2,1,3,Returning_Visitor,False,True
3,75.1,0,5.55,7,102.7,0.0,0.01,0.0,0.0,Sep,2,4,6,2,New_Visitor,False,True
0,0.0,0,2.37,2,13.0,0.05,0.1,0.0,0.0,Mar,1,1,2,1,Returning_Visitor,True,False
3,1.61,1,1.71,26,623.03,0.01,0.01,36.08,0.0,Nov,2,2,4,20,Returning_Visitor,False,False
4,26.96,0,0.0,45,380.17,0.0,0.02,0.51,0.01,May,4,1,1,1,Returning_Visitor,False,False
4,116.82,0,2.37,16,213.54,0.04,0.05,0.23,0.0,May,3,2,6,3,Returning_Visitor,False,False
0,0.0,0,0.0,27,1632.18,0.02,0.04,0.0,0.44,May,2,2,2,11,Returning_Visitor,False,False
0,0.0,0,0.0,5,799.46,0.08,0.09,0.0,0.0,Nov,2,2,1,2,Returning_Visitor,True,False
0,0.0,0,3.78,16,1668.85,0.04,0.07,0.0,0.0,Nov,2,2,3,13,Returning_Visitor,False,False
0,1.17,0,0.0,1,0.0,0.2,0.2,0.0,0.45,May,1,1,3,3,Returning_Visitor,False,False
13,109.91,1,103.0,46,2582.7,0.0,0.01,6.73,0.0,May,2,2,1,2,Returning_Visitor,False,False
1,37.5,0,0.0,45,2018.3,0.0,0.03,0.0,0.0,Nov,2,2,2,2,Returning_Visitor,False,False
0,0.0,0,4.86,6,36.27,0.0,0.07,0.0,0.0,Mar,2,4,1,3,Returning_Visitor,False,False
0,0.0,0,2.71,31,1350.5,0.0,0.02,0.28,0.0,Mar,2,5,2,2,Returning_Visitor,False,False
3,107.0,0,0.0,4,201.81,0.0,0.02,0.0,0.0,Mar,3,2,7,1,Returning_Visitor,False,False
0,0.0,0,6.78,37,1708.32,0.0,0.01,0.06,0.0,Nov,2,2,1,13,Returning_Visitor,False,False
0,7.03,0,0.0,47,9405.84,0.01,0.03,0.09,0.0,Nov,2,2,3,2,Returning_Visitor,False,True
1,116.44,0,0.0,28,630.65,0.0,0.02,12.59,0.0,Sep,2,4,7,4,Returning_Visitor,False,True
0,0.0,0,0.0,11,887.0,0.05,0.1,0.0,0.0,Nov,2,5,3,1,Returning_Visitor,False,False
1,4.0,0,0.0,37,1709.69,0.01,0.04,0.0,0.8,May,2,2,4,2,Returning_Visitor,False,False
9,199.39,0,0.0,45,1342.43,0.0,0.02,22.02,0.0,Nov,2,2,1,2,Returning_Visitor,True,True
0,0.0,0,0.0,3,150.86,0.0,0.07,0.0,0.0,Nov,2,2,3,10,Returning_Visitor,False,False
0,0.0,0,0.0,2,258.35,0.0,0.1,0.0,0.0,Feb,1,1,6,3,Returning_Visitor,False,False
0,0.0,0,0.0,48,4152.08,0.01,0.03,0.04,0.0,Nov,2,2,1,1,Returning_Visitor,True,False
0,0.0,0,1.89,2,22.0,0.0,0.1,0.0,0.0,Mar,2,2,1,1,Returning_Visitor,False,False
6,1279.5,0,0.0,72,1687.18,0.0,0.0,0.13,0.0,May,2,4,1,3,New_Visitor,False,False
18,49.35,6,114.33,42,3163.1,0.01,0.02,1.31,0.0,Nov,3,2,1,2,Returning_Visitor,False,False
4,145.42,0,0.0,7,56.5,0.0,0.02,1.25,0.0,Dec,3,2,2,2,New_Visitor,True,False
3,20.15,0,0.0,60,1521.15,0.0,0.02,16.44,0.0,Nov,2,4,1,2,Returning_Visitor,False,True
0,0.0,0,0.0,7,205.5,0.0,0.04,0.0,0.0,Nov,3,2,9,13,Returning_Visitor,False,False
2,104.2,0,7.53,45,580.94,0.01,0.01,0.23,0.0,Aug,2,2,1,2,Returning_Visitor,False,False
3,145.13,0,0.0,3,74.0,0.0,0.02,0.67,0.0,Nov,3,2,1,2,Returning_Visitor,False,False
12,137.23,1,3.0,43,7669.38,0.0,0.02,3.73,0.0,May,2,2,1,2,Returning_Visitor,False,True
13,407.57,0,0.0,38,2650.78,0.0,0.01,0.0,0.0,Nov,4,1,1,2,Returning_Visitor,False,False
3,45.5,0,2.68,9,122.25,0.0,0.02,0.14,0.0,Dec,2,2,7,2,New_Visitor,False,False
3,144.66,0,2.77,70,2802.12,0.0,0.02,0.0,0.0,Nov,2,1,3,3,Returning_Visitor,False,False
5,151.33,0,0.0,32,283.33,0.03,0.06,13.91,0.0,Nov,2,2,6,3,Returning_Visitor,False,True
6,92.4,0,0.0,48,1470.85,0.0,0.01,0.0,0.0,Mar,2,4,1,1,Returning_Visitor,True,False
0,0.0,0,1.81,12,130.5,0.0,0.01,0.0,0.0,Mar,2,2,1,10,Returning_Visitor,False,False
1,139.41,0,2.85,20,679.57,0.0,0.01,0.0,0.0,Nov,2,2,2,3,New_Visitor,False,False
4,113.22,0,0.0,8,132.8,0.0,0.01,0.0,0.0,Oct,1,1,1,2,Returning_Visitor,False,False
3,400.0,0,0.0,20,991.5,0.0,0.01,22.13,0.0,Dec,2,2,3,2,Returning_Visitor,False,True
4,24.5,0,2.85,49,749.12,0.01,0.03,0.12,0.0,Nov,1,1,3,2,Returning_Visitor,False,True
0,0.0,2,201.1,28,1726.27,0.01,0.02,0.0,0.0,May,3,2,4,1,Returning_Visitor,True,False
0,0.0,0,0.0,30,1500.21,0.0,0.0,0.0,0.0,Mar,2,6,1,1,Returning_Visitor,False,False
3,48.0,0,0.0,10,129.5,0.01,0.02,0.0,0.0,May,2,5,6,4,Returning_Visitor,False,False
0,0.74,0,1.51,10,221.47,0.1,0.12,0.0,0.2,May,3,2,6,13,Returning_Visitor,False,False
0,0.0,1,889.5,30,581.13,0.03,0.05,0.0,0.0,Jul,2,2,6,13,Returning_Visitor,False,False
0,0.0,0,594.13,39,922.4,0.0,0.0,9.32,0.01,Sep,3,2,1,2,New_Visitor,False,True
0,1.02,0,0.0,4,67.75,0.0,0.06,0.0,0.0,Nov,2,2,1,1,Returning_Visitor,False,False
6,86.33,1,24.0,131,5619.38,0.01,0.04,3.61,0.0,Nov,3,2,1,2,Returning_Visitor,False,False
0,0.0,0,0.0,4,249.93,0.0,0.06,0.17,0.4,Feb,2,2,3,3,Returning_Visitor,False,False
1,51.0,0,5.09,48,1503.25,0.01,0.01,0.0,0.01,May,2,2,2,2,Returning_Visitor,False,False
0,0.0,0,0.0,14,383.0,0.0,0.05,0.26,0.0,Nov,2,2,8,2,New_Visitor,True,False
0,0.71,0,0.0,22,1082.99,0.02,0.08,0.01,0.0,May,2,2,1,13,Returning_Visitor,False,False
0,0.0,0,0.0,2,0.0,0.2,0.2,0.84,0.0,Nov,3,2,4,3,Returning_Visitor,False,False
8,135.4,1,944.75,17,1464.42,0.02,0.03,0.0,0.01,May,1,1,4,3,Returning_Visitor,False,False
1,19.0,0,0.0,8,87.0,0.0,0.01,0.0,0.6,May,2,2,1,3,New_Visitor,False,False
0,0.0,0,1.79,6,25.0,0.13,0.18,0.15,0.0,May,3,2,1,4,Returning_Visitor,False,False
7,143.63,0,0.0,12,362.5,0.0,0.0,0.24,0.0,May,2,2,7,2,New_Visitor,False,False
4,464.5,0,0.0,9,635.72,0.0,0.0,0.0,0.0,May,1,1,3,2,New_Visitor,False,False
0,0.0,0,5.59,28,1495.3,0.0,0.0,93.78,0.0,Dec,1,1,1,2,New_Visitor,True,True
2,133.06,1,5.29,48,1555.52,0.0,0.01,4.6,0.0,May,4,2,9,8,Returning_Visitor,True,True
2,22.18,3,368.25,27,1559.48,0.02,0.04,39.52,0.0,Dec,3,2,1,2,Returning_Visitor,False,False
3,148.8,4,81.33,29,1715.69,0.0,0.04,0.0,0.0,Mar,2,2,9,1,Returning_Visitor,False,False
0,0.0,1,249.5,33,995.56,0.03,0.04,0.16,0.0,Dec,1,1,1,10,Returning_Visitor,False,False
0,0.0,0,0.0,3,1952.5,0.07,0.12,0.0,0.0,Nov,1,1,2,1,Returning_Visitor,False,False
0,0.0,0,0.0,4,105.0,0.0,0.05,0.45,0.0,Nov,2,5,1,1,Returning_Visitor,False,False
3,114.33,0,2.97,5,465.75,0.0,0.02,0.0,0.0,Nov,3,2,1,8,Returning_Visitor,True,False
0,1.82,0,0.0,6,272.5,0.0,0.03,0.0,0.0,Mar,2,2,6,2,New_Visitor,True,False
2,66.0,1,0.0,10,302.0,0.04,0.06,9.64,0.1,Mar,3,2,3,1,Returning_Visitor,False,True
0,0.0,0,0.0,5,63.0,0.0,0.04,0.0,0.0,Feb,2,2,1,3,Returning_Visitor,False,False
1,1.65,0,0.0,48,1053.95,0.0,0.01,0.0,0.0,Nov,1,1,1,2,Returning_Visitor,False,False
1,360.92,4,114.2,17,806.65,0.01,0.03,0.37,0.01,June,2,10,3,5,Returning_Visitor,True,False
1,30.0,0,0.0,7,225.1,0.0,0.03,0.0,0.0,Mar,2,2,3,3,New_Visitor,False,False
0,0.0,0,3.38,1,51.61,0.2,0.2,0.0,0.01,May,2,2,8,3,Returning_Visitor,False,False
3,262.5,0,0.0,45,1456.27,0.0,0.02,13.53,0.0,May,2,2,7,2,Returning_Visitor,False,True
4,206.07,0,2.9,46,113.43,0.0,0.02,0.28,0.0,Oct,2,2,1,2,Returning_Visitor,False,False
0,0.68,0,33.05,98,1715.37,0.0,0.01,0.0,0.0,Nov,2,2,1,2,Returning_Visitor,False,True
1,139.1,0,4.79,21,1688.87,0.0,0.02,42.28,0.0,Nov,2,2,1,13,Returning_Visitor,False,False
1,183.0,0,0.0,28,586.37,0.0,0.01,0.0,0.0,Dec,3,2,6,10,Returning_Visitor,False,True
0,0.0,0,0.0,2,181.96,0.17,0.2,0.2,0.0,May,2,2,6,6,Returning_Visitor,False,False
4,134.1,0,0.0,19,110.3,0.0,0.02,0.0,0.0,Sep,3,2,1,5,New_Visitor,False,False
0,0.0,0,1.88,43,1417.56,0.02,0.03,0.45,0.6,May,1,1,1,3,Returning_Visitor,False,False
0,0.0,0,0.0,4,216.88,0.0,0.02,0.0,0.0,May,1,2,2,2,Returning_Visitor,False,False
0,1.06,0,0.0,6,56.0,0.04,0.08,0.0,0.0,May,2,2,3,1,Returning_Visitor,True,False
0,0.0,0,1.81,39,1348.45,0.01,0.02,0.0,0.0,Jul,1,2,2,4,Returning_Visitor,False,False
0,0.0,0,0.0,11,2123.0,0.02,0.04,0.63,0.0,Dec,2,2,1,6,Returning_Visitor,False,False
0,0.0,0,0.0,23,736.23,0.0,0.01,35.64,0.0,Dec,2,8,1,2,New_Visitor,False,True
0,0.0,4,130.36,69,1701.48,0.01,0.02,0.0,0.0,Dec,3,2,3,2,Returning_Visitor,False,False
0,0.0,0,5.37,26,1685.27,0.02,0.03,0.0,0.0,Nov,2,2,6,3,Returning_Visitor,True,False
10,33.68,1,6.0,48,2396.27,0.0,0.01,1.95,0.0,May,2,2,4,2,Returning_Visitor,False,False
0,0.0,0,0.0,8,235.34,0.08,0.06,0.0,0.0,Mar,3,2,1,13,Returning_Visitor,True,False
0,0.0,0,0.0,10,300.0,0.0,0.05,0.11,0.0,Mar,2,2,1,1,Returning_Visitor,False,False
1,9.45,0,92.5,9,359.17,0.0,0.02,58.17,0.0,May,2,1,1,5,New_Visitor,False,True
0,0.0,0,1.64,20,593.7,0.0,0.01,2.7,0.0,Nov,2,5,2,5,New_Visitor,False,True
0,0.0,0,0.0,49,562.67,0.01,0.04,0.0,0.0,May,2,2,4,13,Returning_Visitor,False,False
0,2.54,0,8.46,15,825.07,0.03,0.03,0.0,0.0,Mar,1,1,5,3,Returning_Visitor,False,False
0,1.6,1,113.0,27,1482.89,0.03,0.04,0.12,0.0,Nov,2,2,1,3,Returning_Visitor,False,False
1,77.1,0,2.12,35,469.23,0.02,0.03,0.19,0.0,May,2,2,1,4,Returning_Visitor,False,False
0,0.0,0,0.0,32,3837.5,0.0,0.01,0.0,0.0,May,2,2,2,4,Returning_Visitor,False,False
3,137.11,0,0.0,47,1415.39,0.0,0.01,9.83,0.0,Dec,2,2,5,2,Returning_Visitor,False,False
2,9.0,1,0.0,106,1716.5,0.01,0.03,1.78,0.0,May,2,2,1,1,Returning_Visitor,True,True
7,44.76,0,0.0,46,489.15,0.01,0.02,27.38,0.0,Mar,2,2,5,3,Returning_Visitor,True,True
3,365.03,0,0.0,9,1319.36,0.03,0.03,33.61,0.0,Nov,2,2,1,2,New_Visitor,False,False
4,40.0,2,146.0,33,2866.9,0.0,0.01,85.75,0.01,May,2,2,2,2,Returning_Visitor,True,False
11,61.13,1,13.0,40,1904.65,0.0,0.03,0.0,0.01,May,1,1,1,3,Returning_Visitor,False,False
0,0.0,0,3.5,10,1584.25,0.02,0.06,0.23,0.0,Dec,2,2,1,8,Returning_Visitor,False,False
2,157.25,0,3.44,29,1687.78,0.0,0.01,0.06,0.0,Dec,3,2,2,2,Returning_Visitor,False,False
1,43.67,0,0.0,48,4555.02,0.0,0.03,9.1,0.0,May,2,2,1,1,Returning_Visitor,False,False
5,143.43,0,0.0,36,818.5,0.01,0.03,0.0,0.8,May,2,2,1,3,Returning_Visitor,False,False
0,0.0,0,0.0,1,42.28,0.2,0.2,0.0,0.0,June,2,2,1,3,Returning_Visitor,False,False
4,145.66,0,0.0,32,250.17,0.0,0.03,0.0,0.0,Mar,3,2,1,13,Returning_Visitor,False,False
6,190.92,0,0.0,7,603.26,0.02,0.03,0.0,0.0,Nov,1,1,3,3,Returning_Visitor,False,False
3,3.91,0,0.0,7,71.6,0.03,0.07,0.0,0.0,Nov,1,1,9,4,Returning_Visitor,False,False
2,119.42,0,1.93,45,360.54,0.01,0.02,0.0,0.0,Dec,1,1,1,1,Returning_Visitor,False,False
0,0.0,0,1.64,1,0.0,0.2,0.18,0.0,0.0,Nov,2,2,1,1,Returning_Visitor,False,False
0,0.0,0,0.0,48,1444.73,0.0,0.02,3.51,0.0,Mar,2,2,7,2,Returning_Visitor,False,False
3,139.25,0,0.0,43,1711.86,0.0,0.01,33.87,0.0,Nov,2,2,1,8,Returning_Visitor,False,True
3,44.0,0,0.0,14,469.88,0.0,0.01,0.0,0.0,Mar,2,4,1,10,Returning_Visitor,False,False
1,9.0,0,2.87,22,1889.25,0.0,0.03,0.0,0.0,Aug,2,2,7,6,Returning_Visitor,False,False
5,3.94,4,94.0,45,1603.5,0.0,0.01,0.05,0.0,May,1,1,1,3,Returning_Visitor,False,False
3,197.5,0,0.0,15,343.25,0.01,0.02,0.27,0.0,Mar,2,4,4,2,Returning_Visitor,False,False
1,250.8,2,39.26,2,247.58,0.0,0.02,0.0,0.0,Aug,2,2,1,6,New_Visitor,True,False
3,102.6,0,5.47,24,1647.95,0.0,0.0,0.06,0.0,Nov,1,1,1,2,New_Visitor,False,False
0,0.0,0,0.0,12,309.37,0.01,0.02,14.38,0.0,Sep,3,2,1,2,New_Visitor,False,True
3,101.64,0,0.0,137,3978.63,0.0,0.01,9.43,0.0,Nov,1,2,3,2,Returning_Visitor,False,False
2,12.0,0,0.0,8,60.0,0.0,0.02,0.0,0.0,Mar,2,2,3,2,New_Visitor,True,False
1,86.6,0,0.0,14,722.21,0.0,0.0,55.37,0.0,Nov,1,1,1,3,New_Visitor,False,True
0,0.0,0,1.51,2,34.18,0.2,0.18,0.0,0.0,June,1,1,3,2,Returning_Visitor,False,False
6,133.47,0,0.0,48,2664.45,0.0,0.01,97.86,0.0,Nov,2,2,1,3,Returning_Visitor,True,True
6,132.22,3,18.0,45,418.84,0.0,0.0,0.0,0.0,Oct,2,2,1,2,Returning_Visitor,True,False
1,145.85,0,5.08,43,1085.9,0.0,0.01,46.28,0.0,May,2,2,1,4,New_Visitor,False,True
0,0.0,0,6.73,44,525.88,0.0,0.03,0.02,0.0,Mar,2,2,1,3,Returning_Visitor,False,False
6,449.25,0,0.0,29,778.36,0.02,0.02,0.0,0.0,May,3,2,4,3,Returning_Visitor,True,False
1,140.41,0,0.0,29,1715.35,0.0,0.04,0.1,0.0,Nov,3,2,8,2,Returning_Visitor,False,False
3,138.5,0,0.0,27,546.61,0.0,0.03,0.18,0.01,Dec,1,8,1,2,Returning_Visitor,False,False
0,0.0,0,0.0,72,2129.33,0.0,0.02,0.32,0.8,May,2,5,1,3,Returning_Visitor,False,False
2,76.6,0,0.0,9,368.47,0.0,0.02,0.0,0.0,Oct,4,1,4,1,Returning_Visitor,True,False
0,0.0,0,9.51,37,1601.15,0.0,0.01,0.0,0.0,Mar,1,1,1,2,Returning_Visitor,True,False
0,0.0,0,0.0,1,59.83,0.2,0.2,0.0,0.0,Dec,3,2,2,1,Returning_Visitor,False,False
0,0.0,0,15.72,58,1714.21,0.01,0.03,0.0,0.75,May,2,2,3,4,Returning_Visitor,False,False
2,127.58,0,0.0,17,440.23,0.03,0.02,0.0,0.0,May,3,2,3,1,Returning_Visitor,False,False
4,104.0,0,0.0,8,243.5,0.0,0.02,0.31,0.0,Dec,2,2,1,2,New_Visitor,False,False
0,0.0,0,6.33,8,1700.3,0.0,0.05,0.0,0.0,May,2,2,2,13,Returning_Visitor,False,False
0,0.0,0,4.04,11,241.0,0.0,0.02,0.18,0.0,Mar,2,2,5,1,Returning_Visitor,False,False
0,5.38,0,4.99,8,240.0,0.0,0.03,48.58,0.2,May,2,2,3,2,New_Visitor,False,True
4,140.8,1,7.0,46,3087.0,0.01,0.02,55.41,0.0,Mar,2,2,3,8,Returning_Visitor,False,True
6,41.07,3,474.5,48,1431.33,0.01,0.02,6.08,0.0,May,1,1,1,2,Returning_Visitor,True,False
3,63.5,5,100.25,47,1573.23,0.0,0.01,0.0,0.0,Mar,2,2,1,3,Returning_Visitor,True,False
3,99.0,0,0.0,23,831.69,0.0,0.02,0.0,0.0,May,3,2,4,13,Returning_Visitor,False,False
0,0.6,0,0.0,30,1020.51,0.0,0.01,100.17,0.0,Nov,4,1,1,3,Returning_Visitor,False,True
3,149.0,0,1.84,48,1713.52,0.01,0.03,0.0,0.0,May,3,2,1,13,Returning_Visitor,False,False
0,0.0,0,0.0,3,1504.19,0.0,0.06,0.0,0.0,Mar,4,2,6,1,Returning_Visitor,False,False
0,0.0,0,2.73,10,216.98,0.0,0.01,0.0,0.0,Mar,1,1,1,2,Returning_Visitor,True,False
2,60.0,6,459.0,31,1370.07,0.02,0.04,0.0,0.0,Nov,1,1,1,1,Returning_Visitor,False,False
3,10.0,0,7.64,39,1692.57,0.01,0.02,0.0,0.0,Mar,2,2,1,3,Returning_Visitor,False,False
1,7.0,0,0.0,48,1118.83,0.01,0.02,0.09,0.0,Nov,2,2,6,13,Returning_Visitor,False,False
4,20.0,0,0.0,57,1008.92,0.0,0.02,5.3,0.0,May,2,2,1,2,Returning_Visitor,False,False
8,222.88,4,352.06,48,1622.88,0.0,0.02,15.26,0.0,Dec,3,2,1,2,Returning_Visitor,False,False
11,85.29,0,0.0,49,1081.71,0.0,0.03,27.51,0.04,May,2,2,1,2,Returning_Visitor,True,False
0,0.0,0,0.0,12,1952.75,0.03,0.07,0.0,0.0,Nov,2,4,8,1,Returning_Visitor,False,False
3,360.75,0,0.0,264,10497.15,0.0,0.01,8.83,0.0,Nov,2,2,1,2,Returning_Visitor,False,False
3,1.28,0,0.0,45,6707.54,0.01,0.03,11.51,0.0,Oct,2,2,8,2,Returning_Visitor,False,False
3,141.75,0,0.0,12,343.0,0.02,0.03,0.0,0.0,Mar,1,2,1,2,Returning_Visitor,True,False
1,12.6,0,0.0,6,140.7,0.01,0.01,1.5,0.0,Jul,2,10,2,1,Returning_Visitor,True,True
3,112.8,0,0.0,8,543.73,0.0,0.01,52.39,0.0,May,2,2,6,2,New_Visitor,True,True
3,38.2,0,9.0,48,1290.5,0.0,0.01,86.12,0.0,Nov,2,2,9,2,New_Visitor,False,True
6,145.06,1,16.0,143,4081.25,0.0,0.02,5.38,0.0,Nov,2,2,1,2,Returning_Visitor,False,False
3,152.5,5,243.5,43,1440.45,0.01,0.01,3.31,0.01,Mar,1,2,1,1,Returning_Visitor,True,True
4,94.23,2,72.0,145,2935.26,0.0,0.01,0.27,0.0,Aug,2,2,2,2,Returning_Visitor,False,False
0,0.0,0,0.0,12,272.67,0.0,0.01,0.22,0.0,May,3,2,1,4,New_Visitor,False,False
0,0.0,0,1.94,18,410.92,0.11,0.12,0.0,1.0,May,3,2,4,13,Returning_Visitor,True,False
0,0.0,0,0.0,48,280.93,0.0,0.02,0.02,0.44,May,2,2,1,13,Returning_Visitor,False,False
4,63.0,0,0.0,5,95.5,0.0,0.03,0.69,0.0,Mar,3,2,1,9,New_Visitor,True,False
2,0.0,0,0.0,1,1305.41,0.0,0.2,0.0,0.0,Jul,1,1,4,4,Returning_Visitor,False,False
3,53.4,0,0.0,5,189.88,0.0,0.0,11.09,0.0,Nov,2,2,1,4,Returning_Visitor,False,False
0,0.0,0,1.54,6,330.0,0.07,0.1,0.66,0.0,Mar,3,2,8,10,Returning_Visitor,False,False
1,34.5,0,0.0,46,279.83,0.01,0.01,0.0,0.0,Nov,2,2,1,2,Other,False,False
0,0.0,0,0.0,1,0.0,0.2,0.18,0.0,0.0,Aug,3,2,1,1,Returning_Visitor,True,False
3,123.0,0,0.0,5,210.52,0.01,0.02,0.0,0.0,May,3,2,1,1,Returning_Visitor,True,False
4,16.87,0,0.0,27,1639.91,0.0,0.02,14.89,0.0,Mar,2,2,7,2,Returning_Visitor,False,True
4,135.78,8,353.33,46,2003.42,0.0,0.01,5.58,0.0,May,2,2,4,2,Returning_Visitor,False,True
3,147.17,1,9.0,221,11431.0,0.01,0.02,1.58,0.0,May,2,5,1,3,Returning_Visitor,True,True
0,0.0,0,0.0,9,1704.43,0.04,0.09,0.0,0.0,May,1,1,3,2,Returning_Visitor,True,False
4,31.71,1,4.0,45,1678.51,0.02,0.04,10.37,0.0,Nov,1,1,3,2,Returning_Visitor,False,False
0,0.0,0,0.0,5,1076.52,0.0,0.04,0.0,0.0,Mar,2,4,3,1,Returning_Visitor,False,False
5,142.52,0,0.0,20,910.41,0.0,0.01,0.02,0.0,Nov,2,2,4,2,New_Visitor,True,False
3,171.2,0,0.0,13,207.24,0.01,0.03,0.11,0.0,Oct,3,2,6,4,Returning_Visitor,False,False
3,97.0,0,0.0,15,482.0,0.02,0.03,0.0,0.0,Mar,2,2,6,1,Returning_Visitor,False,False
0,0.0,0,0.0,28,219.8,0.0,0.03,0.0,0.0,Nov,2,2,1,1,Returning_Visitor,True,False
0,1.56,0,0.0,12,572.0,0.04,0.07,0.0,0.0,Nov,1,1,4,3,Returning_Visitor,False,False
3,110.5,0,0.0,10,284.0,0.0,0.01,0.03,1.0,May,1,2,1,4,New_Visitor,True,False
0,0.0,0,1.71,5,354.5,0.03,0.04,0.0,0.0,Nov,1,1,4,8,Returning_Visitor,False,False
3,114.85,3,87.7,29,379.3,0.02,0.06,0.31,0.0,Oct,7,2,1,3,Returning_Visitor,False,False
2,149.67,0,0.0,5,86.75,0.0,0.02,0.0,0.0,May,3,2,6,5,New_Visitor,False,False
3,45.8,0,2.82,48,2435.7,0.0,0.02,0.39,0.0,Jul,3,2,4,3,Returning_Visitor,False,False
3,270.0,1,1778.0,43,13259.29,0.0,0.01,0.0,0.0,May,2,2,1,19,Returning_Visitor,True,False
0,0.0,0,0.0,49,1211.17,0.0,0.01,0.0,0.0,Nov,2,2,4,2,New_Visitor,False,True
6,17.83,1,8.33,48,723.32,0.0,0.01,4.5,0.0,May,3,2,2,2,Returning_Visitor,False,False
6,262.25,3,298.0,46,2302.02,0.0,0.03,43.36,0.0,May,1,1,1,2,Returning_Visitor,False,True
0,0.0,0,6.08,52,1622.43,0.01,0.03,0.0,0.0,May,2,2,3,13,Returning_Visitor,False,False
1,0.0,1,14.0,19,1666.75,0.01,0.02,0.35,0.0,Dec,2,2,9,2,Other,False,False
0,0.0,0,0.0,12,265.71,0.0,0.01,0.08,0.0,Nov,2,2,3,2,New_Visitor,False,True
2,104.12,0,0.0,46,1668.02,0.01,0.03,24.08,0.0,Dec,1,1,2,8,New_Visitor,True,True
3,0.0,0,0.0,32,1708.95,0.0,0.01,19.61,0.0,Nov,2,2,1,10,Returning_Visitor,False,False
1,0.66,0,0.0,11,213.0,0.05,0.07,0.0,0.0,Nov,2,2,4,13,Returning_Visitor,True,False
0,0.0,0,2.58,1,0.0,0.2,0.16,0.0,0.8,May,2,2,1,11,Returning_Visitor,False,False
0,0.0,0,0.0,29,1732.58,0.05,0.07,0.0,0.0,Dec,2,2,1,1,Returning_Visitor,False,False
0,0.0,0,0.0,28,229.25,0.0,0.06,0.0,0.0,Mar,1,1,6,2,Returning_Visitor,False,False
0,0.0,0,0.0,17,557.4,0.0,0.02,83.93,0.0,Sep,3,2,2,2,New_Visitor,True,True
3,100.92,0,0.0,9,168.02,0.0,0.06,1.52,0.0,Jul,3,2,1,1,Returning_Visitor,True,False
2,11.0,0,0.0,51,1713.66,0.0,0.01,0.0,0.0,Nov,2,2,4,3,Returning_Visitor,False,False
4,166.5,0,27.0,21,452.81,0.04,0.05,0.94,0.0,May,3,2,4,3,Returning_Visitor,False,False
0,0.0,0,0.0,43,393.79,0.0,0.02,0.0,0.0,Nov,2,2,1,11,New_Visitor,True,False
0,0.0,0,0.0,3,32.79,0.04,0.1,0.21,0.0,Mar,3,2,3,3,Returning_Visitor,False,False
2,139.0,0,0.0,5,274.7,0.0,0.01,0.0,0.0,Jul,1,1,5,2,New_Visitor,False,False
10,12.59,0,0.0,32,71.35,0.0,0.0,0.0,0.0,Sep,2,2,1,2,New_Visitor,False,False
0,0.72,0,2.19,2,41.06,0.0,0.06,0.0,0.0,Nov,3,2,3,3,Returning_Visitor,False,False
3,143.74,2,64.0,48,964.05,0.0,0.02,0.23,0.0,May,3,2,7,2,Returning_Visitor,False,False
3,45.0,0,0.0,14,535.35,0.01,0.01,0.45,0.0,Mar,2,4,3,10,Returning_Visitor,False,False
1,4.33,0,1.82,3,14.33,0.01,0.05,0.0,0.0,May,4,2,1,5,Returning_Visitor,False,True
0,0.0,0,1.67,6,73.75,0.01,0.06,0.0,0.0,Mar,3,2,3,2,Returning_Visitor,False,False
1,216.6,0,9.17,37,1675.11,0.01,0.01,0.0,0.0,Nov,1,1,8,2,Returning_Visitor,False,False
3,318.67,0,0.0,32,1697.98,0.01,0.01,37.61,0.0,May,2,2,1,2,Returning_Visitor,True,False
0,0.0,0,3.77,16,219.98,0.0,0.02,0.0,0.0,May,2,2,1,3,Returning_Visitor,False,False
7,73.23,1,0.0,15,7710.73,0.0,0.01,0.1,0.0,May,4,1,1,2,Returning_Visitor,False,True
12,34.08,0,0.0,48,1352.75,0.0,0.03,0.0,0.0,Dec,2,2,1,2,Returning_Visitor,False,False
3,43.4,2,16.2,31,1279.81,0.01,0.03,4.31,0.0,Sep,1,1,3,2,Returning_Visitor,True,False
1,16.55,2,255.0,137,2668.73,0.0,0.02,0.0,0.0,Nov,2,2,1,2,Returning_Visitor,False,False
0,0.0,0,2.72,7,125.0,0.0,0.03,0.0,0.0,Mar,2,2,1,1,Returning_Visitor,False,False
0,0.72,1,1.97,7,117.5,0.0,0.03,0.0,0.0,May,2,2,8,3,Returning_Visitor,True,False
0,0.0,0,0.0,4,266.07,0.0,0.01,0.0,0.0,Aug,1,1,4,2,Returning_Visitor,False,False
4,134.39,1,191.9,24,1592.53,0.0,0.01,5.25,0.0,May,2,2,1,5,Returning_Visitor,False,False
0,0.0,0,0.0,2,0.0,0.2,0.2,0.0,0.0,Nov,2,2,8,6,Returning_Visitor,False,False
1,3.0,0,0.0,48,1714.71,0.0,0.03,18.12,0.0,May,2,2,1,4,Returning_Visitor,False,False
3,142.02,1,0.0,33,1606.83,0.0,0.03,0.0,0.0,May,3,2,4,2,Returning_Visitor,False,False
0,0.0,0,14.81,34,910.23,0.0,0.03,0.0,0.0,Dec,2,2,1,2,Returning_Visitor,False,False
9,160.0,0,0.0,48,3946.01,0.0,0.01,20.32,0.0,Mar,2,6,1,2,Returning_Visitor,True,True
0,0.0,0,0.0,4,63.0,0.0,0.06,0.33,0.08,Feb,2,2,1,3,Returning_Visitor,False,False
2,13.0,0,0.0,16,633.5,0.0,0.03,0.0,0.34,May,3,2,7,2,Returning_Visitor,False,False
0,0.0,0,0.0,37,565.38,0.02,0.05,0.0,0.0,Jul,2,2,1,1,Returning_Visitor,False,False
2,137.12,0,2.92,20,1031.08,0.0,0.02,68.2,0.0,Dec,2,2,1,10,Returning_Visitor,False,False
0,1.44,2,7.08,12,144.5,0.01,0.05,0.0,0.0,Dec,2,2,2,1,Returning_Visitor,False,False
3,143.68,0,0.0,23,1046.92,0.0,0.01,17.37,0.0,May,2,2,7,1,Returning_Visitor,True,True
3,109.0,0,0.0,25,204.95,0.0,0.03,0.25,0.0,May,1,1,7,3,New_Visitor,False,False
12,139.55,0,0.0,175,4877.12,0.01,0.03,0.0,0.0,Nov,2,2,1,2,Returning_Visitor,True,True
2,114.12,1,13.0,64,1602.94,0.02,0.03,29.88,0.0,May,3,2,1,2,Returning_Visitor,True,False
0,0.0,0,2.62,2,49.71,0.0,0.05,0.0,0.0,Mar,3,2,3,1,Returning_Visitor,False,False
3,49.5,0,3.85,9,635.76,0.0,0.04,0.0,0.0,Dec,2,2,1,7,New_Visitor,True,False
5,247.1,0,0.0,8,1188.2,0.01,0.07,2.38,0.0,Oct,1,8,1,2,Returning_Visitor,True,False
0,1.05,0,9.57,64,1690.78,0.01,0.03,0.0,0.0,Dec,1,1,1,2,Returning_Visitor,False,False
0,0.0,0,0.0,26,1672.6,0.0,0.02,20.79,0.01,Dec,3,2,4,2,Returning_Visitor,False,False
3,364.5,0,0.0,48,783.5,0.0,0.01,2.44,0.0,Mar,1,2,4,1,Returning_Visitor,True,False
15,317.02,3,126.75,43,9956.23,0.0,0.02,11.52,0.0,May,2,4,3,2,Returning_Visitor,False,True
3,214.6,0,0.0,59,1680.2,0.0,0.03,13.18,0.0,Sep,2,2,1,2,Returning_Visitor,True,False
1,2.0,0,2.79,143,7710.54,0.0,0.02,0.0,0.0,Nov,2,2,1,1,Returning_Visitor,True,False
3,67.0,0,0.0,7,274.25,0.0,0.04,0.0,0.0,May,3,2,1,1,Returning_Visitor,False,False
3,29.5,0,0.0,46,1653.4,0.0,0.02,68.25,0.0,Dec,3,2,1,2,Returning_Visitor,False,False
4,61.0,0,0.0,14,502.5,0.0,0.01,71.94,0.0,May,4,2,2,3,Returning_Visitor,True,True
3,326.0,0,0.0,19,364.53,0.0,0.03,0.0,0.0,Nov,1,1,3,2,Returning_Visitor,False,False
3,137.46,0,0.0,17,231.0,0.0,0.02,0.0,0.0,Sep,3,2,3,3,Returning_Visitor,False,False
0,0.0,0,2.76,29,2064.77,0.02,0.02,0.0,0.02,June,2,4,3,1,Returning_Visitor,False,False
3,130.15,0,0.0,8,210.85,0.0,0.01,0.0,0.01,Feb,1,1,4,4,Returning_Visitor,False,False
2,116.0,0,0.0,16,1098.0,0.02,0.04,0.0,0.0,May,3,2,7,2,Returning_Visitor,False,False
0,0.0,0,0.0,28,341.46,0.0,0.01,0.0,0.01,Dec,2,4,3,10,New_Visitor,False,False
3,19.0,0,2.37,28,88.0,0.0,0.02,0.0,0.0,Dec,1,1,1,3,Returning_Visitor,False,False
1,4.0,0,0.0,14,631.67,0.0,0.02,56.32,0.0,May,2,2,1,3,Returning_Visitor,False,True
0,0.0,0,0.0,5,24.0,0.04,0.07,0.17,0.0,May,1,1,1,4,Returning_Visitor,True,False
2,17.0,0,0.0,7,1093.0,0.04,0.06,0.26,0.0,Mar,2,2,3,1,Returning_Visitor,False,False
1,7.05,0,2.98,21,405.71,0.01,0.05,0.0,0.0,Feb,1,1,1,4,Returning_Visitor,False,False
4,82.5,0,0.0,18,219.38,0.0,0.01,0.0,0.0,Dec,1,1,7,2,Returning_Visitor,True,False
1,0.0,0,4.69,12,151.0,0.01,0.02,0.0,1.0,May,2,1,1,1,Returning_Visitor,True,False
4,356.5,0,0.0,15,1333.86,0.0,0.01,17.85,0.0,Dec,2,4,1,1,Returning_Visitor,False,True
3,110.6,0,0.0,58,1679.45,0.0,0.02,12.6,0.0,May,2,1,1,3,Returning_Visitor,True,False
1,141.07,0,0.0,3,32.83,0.0,0.05,0.52,0.0,Dec,2,2,9,2,New_Visitor,True,False
5,154.2,0,0.0,12,269.54,0.0,0.01,0.0,0.0,Aug,3,2,1,4,Returning_Visitor,False,False
0,7.0,0,4.39,28,471.0,0.03,0.06,0.0,1.0,May,2,2,7,3,Returning_Visitor,True,False
0,0.0,0,0.0,12,471.94,0.0,0.02,0.0,0.0,Nov,1,1,6,10,Returning_Visitor,False,False
0,0.0,0,0.0,49,1720.86,0.03,0.06,0.0,0.0,May,1,1,8,1,Returning_Visitor,True,True
0,0.0,0,0.0,11,1435.0,0.05,0.11,0.04,0.0,May,2,2,1,1,Returning_Visitor,False,False
0,0.65,0,0.0,6,84.0,0.0,0.03,0.0,0.0,Mar,1,1,8,3,Returning_Visitor,False,False
9,50.05,1,35.2,33,1345.14,0.0,0.02,2.1,0.0,Nov,2,2,1,13,Returning_Visitor,False,False
3,43.5,0,0.0,6,200.09,0.0,0.01,0.21,0.0,Dec,2,2,1,2,New_Visitor,False,False
0,145.0,2,349.0,33,1043.69,0.01,0.04,16.58,0.0,Nov,2,2,7,1,Returning_Visitor,False,True
0,0.0,0,2.77,34,132.63,0.01,0.01,0.0,0.0,Mar,1,1,1,2,Returning_Visitor,False,False
0,0.0,0,0.0,13,1314.08,0.01,0.01,0.37,0.0,Dec,2,2,9,2,Other,False,True
3,42.5,0,2.3,54,5972.42,0.0,0.01,48.96,0.0,Nov,2,2,1,3,Returning_Visitor,False,True
0,0.0,0,12.55,48,1711.15,0.07,0.1,0.0,0.82,May,2,2,1,2,Returning_Visitor,True,False
0,0.0,0,0.0,5,204.18,0.04,0.08,0.0,0.43,May,2,2,3,2,Returning_Visitor,False,False
0,0.0,0,0.0,4,51.5,0.0,0.06,0.0,0.0,Dec,2,2,1,2,New_Visitor,False,False
0,0.0,0,3.08,38,925.9,0.02,0.03,0.0,0.0,Nov,3,2,2,2,Returning_Visitor,False,False
0,0.0,0,0.0,5,208.89,0.0,0.04,0.58,0.01,May,2,5,8,2,Returning_Visitor,False,False
2,146.01,0,0.0,4,55.0,0.0,0.03,0.0,0.2,May,2,2,1,13,Returning_Visitor,False,False
2,256.0,0,0.0,14,574.5,0.0,0.03,0.0,0.0,Mar,3,2,8,2,New_Visitor,False,False
1,57.5,0,0.0,16,1226.0,0.0,0.01,143.48,0.0,Dec,2,2,9,2,New_Visitor,True,True
0,0.0,0,0.0,2,753.95,0.2,0.2,0.0,0.0,Jul,1,1,3,1,Returning_Visitor,False,False
2,56.73,0,0.0,33,1716.29,0.0,0.01,0.0,0.0,Oct,4,2,3,2,New_Visitor,True,False
0,0.68,0,0.0,5,210.2,0.06,0.07,0.0,0.0,May,3,2,4,20,Returning_Visitor,False,False
7,445.33,1,135.5,32,370.37,0.01,0.01,3.83,0.0,Mar,3,2,1,1,Returning_Visitor,False,False
0,0.0,1,6.57,29,1472.62,0.01,0.02,0.91,0.8,May,2,2,5,5,Returning_Visitor,False,False
1,37.2,0,0.0,14,387.77,0.01,0.03,0.46,0.0,Oct,1,8,3,3,Returning_Visitor,False,False
0,0.0,0,0.0,18,902.0,0.0,0.01,0.07,0.0,Feb,2,2,2,3,Returning_Visitor,False,False
0,0.0,0,3.71,46,1713.18,0.02,0.03,0.0,0.0,Nov,1,2,7,2,Returning_Visitor,False,False
0,0.0,0,2.49,2,8.0,0.0,0.1,0.04,0.0,Mar,2,2,5,1,Returning_Visitor,False,False
11,3.63,3,27.0,37,4829.62,0.0,0.03,12.34,0.0,May,1,1,1,3,Returning_Visitor,False,True
4,92.94,0,0.0,2,11.1,0.0,0.04,0.0,0.0,Oct,1,1,8,5,New_Visitor,True,False
0,0.0,0,2.43,1,112.5,0.2,0.2,0.0,0.0,Sep,1,1,2,2,Returning_Visitor,False,False
0,0.0,0,0.0,1,0.0,0.2,0.2,0.46,0.0,Nov,3,2,1,1,Returning_Visitor,False,False
1,8.0,0,2.3,49,1707.41,0.05,0.04,0.0,0.0,Nov,3,2,1,13,Returning_Visitor,True,False
0,1.46,0,0.0,16,475.05,0.0,0.02,0.0,0.0,May,2,2,2,1,Returning_Visitor,False,False
0,0.0,0,0.0,6,11.0,0.05,0.03,0.24,0.44,May,2,4,1,6,Returning_Visitor,False,False
7,155.9,0,0.0,25,1400.96,0.0,0.03,14.12,0.0,May,2,4,7,1,Returning_Visitor,False,False
0,0.0,0,0.0,16,1442.85,0.05,0.07,0.0,0.0,May,3,2,2,3,Returning_Visitor,False,False
8,110.04,0,0.0,49,571.42,0.03,0.03,0.3,0.0,Nov,3,2,1,2,Returning_Visitor,False,False
0,0.0,0,0.0,3,0.0,0.2,0.16,0.21,0.0,Nov,1,1,6,6,Returning_Visitor,False,False
6,358.08,1,18.0,49,3422.52,0.01,0.03,0.2,0.0,Nov,2,4,2,2,Returning_Visitor,False,False
1,0.0,0,0.0,11,297.3,0.0,0.04,0.0,0.0,May,2,2,4,2,Returning_Visitor,False,False
0,0.0,0,0.0,68,809.25,0.0,0.01,4.49,0.0,Mar,2,5,4,2,Returning_Visitor,False,True
0,0.0,0,2.51,9,531.0,0.0,0.07,0.53,0.8,May,4,1,1,2,Returning_Visitor,False,False
0,0.0,0,0.0,4,244.78,0.1,0.13,0.0,0.0,Nov,1,1,7,3,Returning_Visitor,False,False
3,127.0,0,0.0,12,473.5,0.02,0.04,0.19,0.0,May,1,1,1,2,Returning_Visitor,False,False
5,172.08,0,0.0,21,486.15,0.0,0.01,48.01,0.0,Nov,2,2,4,2,Returning_Visitor,False,True
0,0.7,0,0.0,7,301.36,0.0,0.03,0.0,0.2,May,2,2,4,1,Returning_Visitor,False,False
0,0.66,0,2.16,12,1437.75,0.02,0.06,0.0,0.01,Nov,2,2,3,1,Returning_Visitor,False,False
3,125.5,0,0.0,19,1409.42,0.0,0.02,0.37,0.0,Mar,1,8,3,2,Returning_Visitor,False,False
3,3.08,0,12.77,8,207.34,0.0,0.01,0.0,1.0,May,1,1,3,2,Returning_Visitor,True,False
3,6.0,0,2.4,49,762.33,0.03,0.06,0.0,0.2,May,2,2,1,3,Returning_Visitor,False,False
11,140.64,1,0.0,49,668.03,0.0,0.02,0.0,0.0,Nov,2,4,1,4,Returning_Visitor,False,False
0,0.0,0,0.0,42,1600.48,0.0,0.01,0.0,0.0,May,4,2,2,2,Returning_Visitor,False,False
7,156.9,0,0.0,32,1123.69,0.0,0.02,0.26,0.0,May,3,5,7,2,New_Visitor,False,True
3,101.67,0,4.15,22,1630.45,0.0,0.04,5.67,0.0,May,3,2,4,1,Returning_Visitor,False,True
0,0.71,0,0.0,5,0.0,0.2,0.15,0.34,0.0,Nov,2,2,2,1,Returning_Visitor,False,False
3,90.0,1,47.5,40,1186.14,0.0,0.01,0.18,0.0,Nov,2,10,3,2,Returning_Visitor,True,False
3,48.0,0,12.32,26,1066.67,0.02,0.04,0.02,0.0,May,3,2,8,11,Returning_Visitor,False,False
1,63.4,0,0.0,3,467.58,0.0,0.0,42.29,0.0,May,1,1,3,3,New_Visitor,False,True
0,0.0,0,0.0,19,1536.51,0.0,0.06,0.0,0.62,May,2,2,3,19,Returning_Visitor,False,False
2,93.0,3,52.91,44,1310.47,0.02,0.06,0.0,0.4,May,2,2,6,4,Returning_Visitor,False,False
3,31.2,0,0.0,4,36.2,0.05,0.06,0.0,0.01,June,2,2,3,13,Returning_Visitor,False,False
0,1.26,0,0.0,37,1712.55,0.03,0.03,0.0,0.0,Dec,3,2,2,13,Returning_Visitor,True,False
0,0.0,0,0.0,28,1107.92,0.01,0.01,0.5,0.0,Dec,2,2,9,2,Other,False,True
0,144.34,1,0.0,9,777.26,0.04,0.07,0.0,0.8,Feb,4,2,1,2,Returning_Visitor,False,False
4,45.33,0,0.0,53,1703.36,0.02,0.02,1.66,0.0,Mar,3,2,7,3,Returning_Visitor,True,True
3,0.69,0,2.98,30,1712.49,0.0,0.01,0.0,0.0,Mar,2,2,3,3,Returning_Visitor,True,False
1,7.0,1,0.0,79,1725.35,0.0,0.02,0.0,0.0,Mar,2,2,3,2,Returning_Visitor,True,False
2,0.67,0,10.95,14,2530.5,0.01,0.05,0.0,0.44,May,2,2,9,3,Returning_Visitor,False,False
0,0.0,0,0.0,47,1204.66,0.0,0.01,2.35,0.0,Dec,2,4,1,2,Returning_Visitor,True,False
2,91.0,3,865.0,27,1244.83,0.0,0.01,0.02,0.0,Mar,2,2,1,2,New_Visitor,True,False
0,0.0,0,5.6,10,570.5,0.0,0.02,0.0,0.0,May,2,4,1,3,Returning_Visitor,False,False
0,0.0,0,0.0,40,1717.3,0.01,0.05,0.02,0.0,Oct,2,2,2,1,Returning_Visitor,False,False
0,0.79,0,1.68,7,203.8,0.03,0.07,0.0,0.0,Mar,3,2,1,13,Returning_Visitor,True,False
0,0.0,0,0.0,14,363.32,0.01,0.02,0.0,0.0,Mar,1,1,1,3,Returning_Visitor,False,False
2,47.14,0,0.0,2,161.2,0.0,0.0,0.0,0.0,Aug,2,4,3,2,Returning_Visitor,False,False
4,182.0,0,0.0,15,484.0,0.0,0.04,0.39,0.0,May,2,6,4,4,Returning_Visitor,False,False
5,56.6,0,0.0,48,1058.34,0.0,0.01,37.21,0.0,Nov,2,2,1,3,Returning_Visitor,False,True
0,0.0,0,9.61,111,1715.51,0.01,0.02,0.0,0.0,Nov,2,2,1,2,Returning_Visitor,False,False
1,18.83,0,0.0,5,23.83,0.0,0.05,0.75,0.0,Dec,3,2,1,10,Returning_Visitor,False,False
0,0.76,0,2.12,4,4.0,0.14,0.16,0.0,0.6,May,3,2,1,13,Returning_Visitor,False,False
1,15.0,0,12.49,29,1712.59,0.01,0.06,0.01,0.8,May,2,4,7,3,Returning_Visitor,False,False
0,0.0,0,0.0,48,1695.12,0.0,0.04,0.0,0.0,Dec,2,2,2,3,Returning_Visitor,False,False
1,0.0,0,4.62,17,1314.25,0.05,0.06,0.0,0.0,Mar,2,2,7,1,Returning_Visitor,False,False
6,143.4,0,0.0,49,688.45,0.0,0.03,2.37,0.02,Sep,2,2,3,2,Returning_Visitor,False,False
3,587.0,0,0.0,47,4639.41,0.01,0.05,0.0,0.43,May,3,2,1,4,Returning_Visitor,False,False
3,125.0,0,0.0,24,677.33,0.0,0.03,0.0,0.0,Nov,3,2,8,1,Returning_Visitor,False,False
1,64.5,0,0.0,29,766.22,0.0,0.0,0.0,0.0,Dec,3,2,3,2,New_Visitor,False,False
1,140.77,0,0.0,30,1126.39,0.0,0.01,67.18,0.0,Nov,2,2,1,6,Returning_Visitor,False,True
3,218.6,0,5.51,19,513.16,0.0,0.01,0.0,0.0,Aug,3,2,1,2,Returning_Visitor,False,False
3,78.26,0,9.93,49,916.0,0.0,0.02,0.0,0.0,Dec,2,2,3,1,Returning_Visitor,False,False
0,0.0,0,2.14,101,2611.75,0.0,0.03,0.01,0.0,Oct,2,2,1,1,Returning_Visitor,False,False
1,13.0,1,28.5,39,1715.54,0.0,0.01,0.18,0.0,Dec,2,2,3,2,Returning_Visitor,False,False
2,28.0,0,0.0,9,194.64,0.0,0.02,0.63,0.0,Mar,1,2,3,2,New_Visitor,False,False
0,0.0,0,5.85,6,64.33,0.0,0.01,0.0,0.8,May,2,2,1,1,Returning_Visitor,False,False
1,69.5,0,0.0,8,205.87,0.0,0.01,0.0,0.0,Mar,3,2,1,13,Returning_Visitor,False,False
0,0.0,0,0.0,12,384.0,0.0,0.02,0.22,0.0,Dec,3,2,1,2,New_Visitor,False,False
0,0.0,0,2.81,39,537.0,0.01,0.01,0.02,0.0,May,4,2,3,13,Returning_Visitor,False,False
0,1.5,0,1.97,1,48.09,0.2,0.2,0.0,0.0,Mar,3,2,3,1,Returning_Visitor,True,False
0,0.0,0,0.0,25,903.97,0.0,0.03,0.0,0.0,Nov,2,2,3,13,Returning_Visitor,False,False
5,131.33,0,0.0,49,1711.41,0.01,0.02,0.13,0.0,Nov,3,2,8,2,Returning_Visitor,False,False
1,0.59,0,23.23,33,1715.61,0.02,0.05,0.0,0.0,Nov,2,2,1,2,Returning_Visitor,True,False
2,27.2,0,0.0,47,1648.47,0.01,0.05,0.0,0.0,Oct,2,2,1,1,Returning_Visitor,False,False
1,6.0,0,0.0,15,217.72,0.02,0.04,0.73,0.0,Nov,2,2,7,1,Returning_Visitor,False,False
0,0.0,0,0.0,21,1636.5,0.04,0.07,0.09,0.45,May,2,4,1,3,Returning_Visitor,False,False
0,2.3,0,3.01,21,1640.35,0.02,0.04,0.0,0.0,Mar,1,1,3,1,Returning_Visitor,False,False
1,142.41,0,3.72,10,107.2,0.02,0.03,0.0,0.0,Oct,2,2,3,20,Returning_Visitor,False,False
1,12.01,0,0.0,5,156.5,0.0,0.01,0.4,0.0,Nov,2,4,7,2,Returning_Visitor,False,True
2,131.0,2,3.15,14,237.75,0.0,0.02,0.66,0.0,Dec,2,10,4,2,New_Visitor,False,False
7,645.67,0,0.0,45,1674.48,0.0,0.02,0.0,0.0,Nov,1,1,1,1,Returning_Visitor,True,False
1,0.0,0,0.0,17,588.67,0.01,0.04,0.05,0.0,Mar,2,4,4,1,Returning_Visitor,False,False
3,92.0,0,0.0,91,4155.62,0.0,0.03,0.0,0.0,Nov,1,2,1,2,Returning_Visitor,True,False
15,23.34,7,243.28,43,6920.97,0.0,0.02,0.74,0.0,May,1,1,1,2,Returning_Visitor,True,False
0,0.0,0,4.28,12,129.0,0.0,0.03,0.0,0.0,May,1,1,3,2,Returning_Visitor,False,False
1,0.0,1,0.0,12,473.86,0.0,0.03,0.28,0.0,May,2,4,6,2,Returning_Visitor,False,False
0,0.0,0,5.29,29,0.0,0.2,0.2,0.0,0.0,June,1,1,9,5,Returning_Visitor,False,False
7,143.5,0,0.0,41,857.74,0.0,0.01,0.0,0.0,June,3,2,1,4,Returning_Visitor,False,False
2,38.0,0,0.0,11,713.0,0.0,0.02,113.98,0.0,May,2,2,1,2,Returning_Visitor,False,True
0,7.0,0,0.0,15,430.5,0.0,0.02,0.1,0.0,May,2,4,7,2,Returning_Visitor,False,False
0,0.0,0,18.28,21,1461.83,0.0,0.04,23.82,0.0,Nov,2,2,1,1,Returning_Visitor,False,True
0,0.0,0,0.0,10,274.3,0.0,0.06,0.0,0.0,June,3,2,4,3,Returning_Visitor,False,False
0,0.0,0,0.0,125,7453.77,0.0,0.02,0.0,0.0,Nov,2,2,3,2,Returning_Visitor,False,False
0,0.0,0,0.0,1,53.52,0.2,0.2,0.0,0.0,Mar,3,2,1,1,Returning_Visitor,False,False
3,92.94,1,34.2,25,242.45,0.09,0.06,0.46,0.0,Oct,3,2,1,13,Returning_Visitor,False,False
7,44.3,0,0.0,49,2747.62,0.02,0.06,0.0,0.0,Mar,2,2,7,1,Returning_Visitor,False,False
0,0.0,0,1.87,19,323.0,0.03,0.07,0.11,0.0,Mar,2,2,1,3,Returning_Visitor,True,False
0,0.0,0,0.0,24,1140.33,0.0,0.0,106.25,0.0,Nov,1,1,9,2,Returning_Visitor,False,True
0,0.0,0,6.3,48,1657.99,0.0,0.02,0.0,0.0,Mar,1,1,1,3,Returning_Visitor,False,False
3,123.93,1,30.0,27,1150.19,0.0,0.01,11.55,0.01,May,2,2,1,2,Returning_Visitor,False,True
0,5.95,1,0.0,12,1435.42,0.0,0.05,0.0,0.0,Mar,1,1,1,2,Returning_Visitor,False,False
6,113.28,0,0.0,12,129.76,0.01,0.05,0.0,0.0,June,3,2,1,3,Returning_Visitor,False,False
1,3.0,0,0.0,9,133.37,0.05,0.04,4.76,0.0,Jul,3,2,1,1,Returning_Visitor,False,True
0,1.58,0,0.0,47,1168.62,0.0,0.01,0.0,0.0,Nov,1,1,4,3,Returning_Visitor,False,False
2,126.0,0,0.0,41,127.17,0.05,0.04,0.0,0.0,Dec,3,2,4,3,Returning_Visitor,True,False
9,5.1,0,0.0,26,543.78,0.0,0.0,0.0,0.0,Nov,3,2,3,11,New_Visitor,True,False
1,20.2,0,0.0,12,227.6,0.0,0.0,56.71,0.0,Jul,2,2,3,3,New_Visitor,False,False
0,0.0,0,0.0,49,981.17,0.05,0.08,0.0,0.01,May,2,2,1,13,Returning_Visitor,True,False
3,424.0,0,0.0,3,61.5,0.0,0.05,0.0,0.01,Dec,2,4,1,2,New_Visitor,False,False
1,0.0,0,0.0,1,0.0,0.2,0.2,0.0,0.6,May,1,1,4,2,Returning_Visitor,False,False
3,43.32,5,1488.0,104,4513.69,0.0,0.01,1.56,0.0,Nov,1,1,1,2,Returning_Visitor,False,True
0,1.1,0,0.0,4,0.0,0.2,0.14,0.0,0.4,Feb,2,2,1,3,Returning_Visitor,False,False
0,0.0,0,5.79,8,429.0,0.0,0.06,0.05,0.0,May,2,2,1,2,Returning_Visitor,False,False
3,57.3,0,3.57,25,488.72,0.01,0.07,0.81,0.0,June,2,5,1,1,Returning_Visitor,False,False
0,0.0,0,1.96,2,240.01,0.04,0.1,0.0,0.0,May,2,2,1,13,Returning_Visitor,True,False
3,67.75,0,0.0,2,27.66,0.04,0.05,0.46,0.0,Dec,1,1,3,2,New_Visitor,False,True
0,0.0,0,0.0,4,247.0,0.0,0.05,0.0,0.54,May,2,2,1,2,Returning_Visitor,False,False
1,11.0,0,0.0,7,950.0,0.02,0.02,0.42,0.0,May,3,2,2,3,Returning_Visitor,False,False
0,0.0,2,131.0,36,868.42,0.0,0.0,33.85,0.0,May,3,2,7,2,Returning_Visitor,True,True
1,98.5,0,0.0,5,648.83,0.0,0.02,0.0,0.0,Mar,7,1,1,2,New_Visitor,True,False
0,34.13,0,2.93,15,860.17,0.0,0.02,0.0,0.0,Nov,2,2,3,11,Returning_Visitor,True,False
0,0.0,0,0.0,15,455.5,0.0,0.01,0.0,0.0,May,2,10,3,2,New_Visitor,False,False
4,65.33,0,0.0,25,773.56,0.0,0.03,5.17,0.0,May,3,2,2,2,Returning_Visitor,False,True
3,18.0,0,3.62,39,298.0,0.0,0.03,0.0,0.8,Feb,2,2,8,4,Returning_Visitor,False,False
4,302.5,0,0.0,15,257.17,0.05,0.06,0.0,0.0,Dec,3,2,7,3,Returning_Visitor,False,False
2,132.37,1,37.5,25,788.27,0.01,0.03,16.71,0.0,Aug,2,2,1,3,Returning_Visitor,False,True
7,164.58,1,4.17,115,3427.67,0.0,0.02,4.97,0.0,Nov,2,2,1,10,Returning_Visitor,False,True
0,0.0,0,0.0,1,96.68,0.2,0.2,2.02,0.0,Nov,3,2,9,13,Returning_Visitor,False,False
2,113.5,0,0.0,37,1344.34,0.0,0.01,11.78,0.0,Dec,2,2,3,2,New_Visitor,False,True
7,140.94,0,0.0,16,353.9,0.02,0.06,10.02,0.0,Oct,2,2,2,1,Returning_Visitor,False,False
2,19.4,3,45.27,46,136.07,0.0,0.05,0.0,0.0,Sep,2,2,1,5,Returning_Visitor,False,False
0,1.43,0,0.0,7,66.17,0.01,0.06,0.0,0.0,May,2,2,1,1,Returning_Visitor,False,False
2,53.29,0,0.0,10,121.0,0.02,0.03,0.69,0.0,May,3,2,3,3,New_Visitor,False,False
3,112.24,0,0.0,3,37.02,0.0,0.07,0.19,0.0,Nov,3,2,1,2,New_Visitor,False,False
7,145.35,0,0.0,49,1746.2,0.0,0.01,46.22,0.0,Nov,2,2,3,3,Returning_Visitor,False,True
0,0.0,0,4.04,62,1471.86,0.06,0.06,0.0,1.0,May,3,2,3,13,Returning_Visitor,True,False
3,32.0,2,3.0,33,1712.52,0.0,0.02,0.0,0.0,May,2,4,3,2,Returning_Visitor,True,False
0,0.0,0,0.0,2,510.9,0.2,0.2,0.0,0.0,Mar,1,1,1,9,Returning_Visitor,True,False
0,0.0,0,2.02,30,1703.57,0.01,0.06,0.0,0.6,May,2,2,1,1,Returning_Visitor,False,False
1,37.0,0,1.87,44,1656.61,0.0,0.02,3.36,0.0,May,3,2,9,4,Returning_Visitor,True,False
12,76.89,2,288.38,9,1276.59,0.0,0.01,5.45,0.0,Nov,4,1,4,2,Returning_Visitor,False,True
8,269.0,0,0.0,49,1109.88,0.01,0.03,0.0,0.02,Mar,1,1,4,1,Returning_Visitor,False,False
2,138.19,0,0.0,5,594.71,0.0,0.01,0.0,0.0,Mar,2,2,3,8,New_Visitor,False,False
3,24.0,0,0.0,37,1391.11,0.0,0.02,0.0,0.0,Dec,1,1,2,2,Returning_Visitor,False,False
0,0.67,0,0.0,7,204.46,0.0,0.06,0.0,0.0,Dec,2,2,6,3,Returning_Visitor,False,False
0,0.0,0,162.5,49,572.06,0.0,0.03,0.71,0.0,Dec,2,2,1,6,Returning_Visitor,False,False
5,53.0,4,97.0,66,4891.97,0.01,0.0,0.0,0.0,Nov,2,2,3,1,Returning_Visitor,False,False
2,37.78,0,0.0,81,1342.75,0.0,0.01,0.0,0.0,Sep,1,1,1,3,Returning_Visitor,False,True
0,0.0,0,3.07,3,0.0,0.2,0.2,0.51,0.0,June,3,2,1,1,Returning_Visitor,False,False
0,0.0,0,0.0,1,0.0,0.17,0.2,0.0,0.0,Nov,2,2,6,2,Returning_Visitor,False,False
1,20.0,2,75.49,156,8613.26,0.01,0.02,0.0,0.0,Nov,1,1,1,2,Returning_Visitor,True,False
0,0.0,0,0.0,11,543.3,0.02,0.04,0.0,1.0,May,3,2,1,1,Returning_Visitor,True,False
3,56.5,0,0.0,14,544.83,0.0,0.01,31.39,0.0,Dec,1,2,1,2,Other,True,False
3,74.0,0,3.31,30,1708.08,0.01,0.01,16.19,0.0,May,2,2,7,1,Returning_Visitor,True,True
5,143.81,0,0.0,4,137.25,0.02,0.05,0.0,0.0,Dec,1,2,3,3,New_Visitor,False,False
8,145.97,0,0.0,49,759.75,0.0,0.02,0.0,0.0,Dec,1,1,2,2,Returning_Visitor,False,False
0,0.0,0,0.0,1,619.76,0.16,0.18,0.05,0.0,Mar,2,4,6,2,Returning_Visitor,False,False
3,140.33,1,283.39,48,2073.92,0.0,0.03,0.0,0.0,Nov,2,2,3,2,Returning_Visitor,True,False
0,0.0,0,0.0,62,3299.52,0.0,0.01,5.17,0.0,Nov,2,2,1,2,Returning_Visitor,False,True
0,0.0,0,0.0,36,1166.73,0.0,0.03,11.48,0.0,Nov,1,1,1,3,Returning_Visitor,False,True
0,0.0,0,7.52,13,365.75,0.0,0.04,0.0,1.0,May,3,2,3,4,Returning_Visitor,True,False
0,0.0,0,3.78,42,433.13,0.02,0.07,0.0,1.0,May,3,2,4,4,Returning_Visitor,True,False
3,0.0,0,24.0,9,1589.67,0.02,0.03,0.0,0.0,May,3,2,5,13,Returning_Visitor,False,False
1,65.4,0,4.87,37,2097.42,0.0,0.01,0.0,0.0,Jul,1,1,5,2,Returning_Visitor,False,False
3,135.11,4,115.25,37,1711.96,0.0,0.01,0.0,0.0,Nov,1,1,1,2,Returning_Visitor,False,False
4,144.92,3,84.33,160,2006.59,0.0,0.03,9.45,0.0,June,2,2,1,2,Returning_Visitor,False,False
5,1652.0,0,0.0,15,446.38,0.0,0.01,0.27,0.0,Dec,3,2,9,2,Other,False,False
2,10.0,1,12.21,62,1279.33,0.0,0.02,0.0,0.8,May,2,5,1,3,Returning_Visitor,False,False
0,0.0,0,2.28,37,356.17,0.0,0.01,0.0,0.4,May,2,2,1,2,Returning_Visitor,False,False
3,142.5,0,0.0,46,1180.0,0.0,0.01,56.47,0.0,May,2,2,6,3,Returning_Visitor,False,True
0,0.0,0,22.92,49,1514.78,0.0,0.01,16.16,0.0,Nov,3,2,1,2,Returning_Visitor,True,True
1,0.82,0,5.7,63,1301.52,0.0,0.03,1.11,0.0,Nov,3,2,1,3,Returning_Visitor,False,False
3,132.23,0,0.0,47,830.34,0.0,0.03,0.0,0.0,Nov,1,1,4,2,Returning_Visitor,False,False
0,0.0,0,0.0,4,29.21,0.2,0.2,0.0,0.0,May,1,1,1,3,Returning_Visitor,False,False
3,145.87,0,0.0,29,491.1,0.0,0.0,0.0,0.0,Mar,2,2,3,2,New_Visitor,True,False
3,62.95,0,0.0,48,755.42,0.0,0.02,0.0,0.0,Nov,1,1,1,10,Returning_Visitor,True,False
0,2.92,2,3.65,47,1277.83,0.01,0.04,0.0,0.0,May,2,2,7,6,Returning_Visitor,True,False
4,144.2,0,0.0,25,475.65,0.01,0.04,0.0,0.0,Nov,1,1,3,3,Returning_Visitor,False,False
0,0.0,0,4.44,8,93.0,0.0,0.05,0.0,0.0,Dec,2,5,3,1,Returning_Visitor,False,False
0,0.0,0,0.0,20,472.92,0.04,0.07,0.0,0.0,Aug,3,2,3,3,Returning_Visitor,True,False
3,86.71,0,0.0,10,579.33,0.0,0.02,11.35,0.0,May,1,1,1,5,New_Visitor,False,False
3,0.0,1,98.67,94,995.13,0.0,0.01,0.0,0.0,Nov,2,2,2,3,Returning_Visitor,False,False
11,9.66,1,20.0,19,1721.87,0.01,0.02,16.42,0.0,May,1,1,1,4,Returning_Visitor,False,False
3,82.6,0,0.0,48,722.3,0.0,0.01,0.0,0.0,Sep,2,2,2,1,Returning_Visitor,False,False
0,0.0,0,0.0,39,1697.01,0.0,0.03,1.37,0.01,May,3,2,2,4,Returning_Visitor,False,False
0,0.0,0,2.13,2,96.95,0.0,0.05,0.0,0.6,Feb,3,2,3,3,Returning_Visitor,False,False
6,60.14,2,522.17,45,3708.38,0.0,0.01,0.0,0.0,Nov,2,2,1,2,Returning_Visitor,True,False
6,143.19,0,0.0,40,799.1,0.0,0.02,19.03,0.0,Sep,3,2,1,2,Returning_Visitor,True,False
4,176.91,1,40.8,72,1548.19,0.0,0.01,9.87,0.0,May,2,2,3,5,Returning_Visitor,False,True
0,0.0,0,0.0,1,0.0,0.2,0.2,0.0,0.0,May,2,2,5,13,Returning_Visitor,False,False
0,1.39,0,0.0,145,1712.44,0.01,0.02,0.0,0.0,Nov,2,2,4,2,Returning_Visitor,False,True
3,95.86,0,3.67,42,431.9,0.01,0.03,0.0,0.0,Jul,2,2,7,13,Returning_Visitor,True,False
0,0.0,0,1.82,49,1268.27,0.0,0.01,0.0,0.0,May,2,2,2,4,Returning_Visitor,False,False
3,61.5,0,0.0,24,794.5,0.0,0.02,10.91,0.11,May,2,2,1,2,Returning_Visitor,False,False
6,99.61,0,3.17,83,2585.62,0.0,0.01,6.87,0.0,May,2,2,2,2,Returning_Visitor,False,True
7,204.1,0,0.0,5,128.7,0.0,0.01,0.99,0.0,Sep,2,7,1,2,New_Visitor,False,False
0,0.0,0,28.0,49,1720.02,0.02,0.05,11.39,0.0,May,2,2,6,4,Returning_Visitor,True,True
2,28.0,0,0.0,6,147.27,0.0,0.01,0.0,0.0,Mar,3,2,7,1,Returning_Visitor,False,False
3,127.36,1,0.0,42,4484.67,0.0,0.02,11.56,0.0,May,3,2,1,10,Returning_Visitor,False,False
3,353.4,2,0.0,11,587.2,0.04,0.04,1.44,0.0,Jul,3,2,2,2,Returning_Visitor,True,False
1,0.0,0,0.0,1,38.87,0.0,0.1,0.0,0.0,Mar,2,2,1,1,Returning_Visitor,False,False
0,1.64,0,0.0,2,56.44,0.0,0.06,0.05,0.0,Mar,3,2,1,1,Returning_Visitor,False,False
0,0.76,0,2.26,13,227.27,0.05,0.06,0.0,0.0,Dec,2,2,3,1,Returning_Visitor,False,False
0,0.0,0,0.0,3,207.65,0.0,0.07,0.0,0.0,Nov,2,5,3,1,Returning_Visitor,True,False
7,73.26,7,373.5,15,176.5,0.0,0.06,0.0,0.0,May,3,2,3,3,Returning_Visitor,False,False
0,0.0,0,0.0,47,304.54,0.01,0.03,0.0,0.0,Dec,2,2,3,10,Returning_Visitor,False,False
2,60.08,0,3.1,48,1204.42,0.0,0.03,46.63,0.0,Nov,2,2,1,6,Returning_Visitor,False,False
3,37.33,1,3.94,39,1709.87,0.01,0.03,0.19,0.01,Nov,1,1,1,2,Returning_Visitor,False,False
2,94.87,0,0.0,17,490.53,0.0,0.01,11.52,0.0,May,2,4,2,2,Returning_Visitor,False,False
2,44.0,0,9.25,16,672.5,0.01,0.03,0.0,0.0,Mar,2,2,4,2,Returning_Visitor,False,False
0,0.0,0,0.0,27,1192.23,0.0,0.0,0.0,0.0,May,3,2,3,4,Returning_Visitor,True,False
2,13.0,0,0.0,13,477.5,0.01,0.06,0.01,0.0,Dec,2,5,1,2,Returning_Visitor,False,False
8,52.85,2,33.5,49,1714.78,0.02,0.04,0.0,0.0,Nov,2,2,1,1,Returning_Visitor,False,False
1,0.0,0,0.0,4,99.0,0.0,0.05,0.17,0.4,May,1,1,7,2,Returning_Visitor,False,False
3,130.98,1,0.0,49,4044.47,0.01,0.03,0.78,0.0,Nov,1,1,1,2,Returning_Visitor,False,False
0,0.0,0,11.62,48,1725.19,0.04,0.05,0.02,0.0,Dec,3,2,1,1,Returning_Visitor,False,False
0,0.0,0,2.54,4,7.0,0.0,0.06,0.0,0.01,May,1,1,1,3,Returning_Visitor,False,False
4,139.69,0,0.0,75,1713.96,0.0,0.03,0.0,0.0,Nov,2,2,2,1,Returning_Visitor,False,True
3,80.65,0,7.69,12,3908.75,0.0,0.0,1.3,0.0,Aug,4,1,6,4,Returning_Visitor,False,False
11,320.0,0,0.0,41,776.17,0.0,0.01,0.09,0.0,May,3,2,1,13,Returning_Visitor,False,False
0,0.74,1,21.0,25,3108.79,0.01,0.03,0.0,0.0,Nov,2,2,3,2,Returning_Visitor,True,False
1,14.0,0,0.0,64,2555.12,0.02,0.03,0.18,0.0,May,2,4,4,3,Returning_Visitor,False,False
0,0.0,0,0.0,4,587.7,0.03,0.08,0.0,0.38,May,2,2,5,6,Returning_Visitor,False,False
1,0.68,1,36.6,78,1983.23,0.0,0.01,0.13,0.01,June,2,2,1,2,Returning_Visitor,False,False
4,142.39,0,0.0,110,1694.79,0.0,0.01,0.0,0.0,Nov,1,2,6,2,Returning_Visitor,False,False
1,1.09,0,0.0,43,1459.58,0.01,0.02,0.0,0.0,Oct,1,1,3,3,Returning_Visitor,False,False
7,87.74,6,312.0,40,1123.05,0.01,0.02,0.0,0.0,June,1,1,3,2,Returning_Visitor,False,False
2,87.71,2,7.0,49,849.74,0.02,0.03,0.0,0.01,Oct,3,2,1,2,Returning_Visitor,True,False
0,0.0,0,0.0,4,18.0,0.05,0.1,0.0,0.0,Nov,2,2,1,13,Returning_Visitor,False,False
1,90.0,0,26.13,6,677.0,0.0,0.04,0.79,0.0,Dec,8,13,9,2,Other,False,False
7,100.31,0,0.0,48,1384.97,0.01,0.02,26.45,0.0,May,1,1,1,4,Returning_Visitor,False,True
10,13.42,1,14.8,24,718.96,0.0,0.0,0.0,0.01,May,3,2,1,4,Returning_Visitor,False,False
1,127.46,0,9.41,16,253.0,0.0,0.02,0.0,0.0,May,2,2,1,3,New_Visitor,False,False
3,159.17,1,8.0,46,2766.94,0.0,0.03,11.55,0.03,Dec,2,2,1,2,Returning_Visitor,False,False
0,0.0,0,21.65,31,1297.46,0.0,0.02,0.59,0.0,Nov,2,1,1,2,Returning_Visitor,True,False
3,120.17,0,0.0,12,307.67,0.0,0.02,0.0,0.0,Nov,2,2,9,8,New_Visitor,False,False
0,0.0,0,4.72,2,128.69,0.0,0.1,0.02,0.0,Aug,2,2,6,3,Returning_Visitor,False,False
0,0.0,0,0.0,1,39.83,0.2,0.17,0.0,0.0,May,2,4,1,3,Returning_Visitor,False,False
3,0.0,0,0.0,4,46.25,0.0,0.06,0.08,0.0,Nov,1,1,1,2,Returning_Visitor,False,True
0,0.0,0,0.0,4,202.83,0.0,0.04,0.12,0.0,Mar,2,2,1,1,Returning_Visitor,False,False
0,0.73,0,3.27,12,0.0,0.2,0.2,0.0,0.21,May,3,2,2,6,Returning_Visitor,False,False
4,137.89,3,112.25,42,1535.95,0.0,0.02,0.52,0.0,Nov,1,1,3,2,Returning_Visitor,False,False
0,0.0,0,0.0,12,292.88,0.0,0.03,0.06,0.0,Nov,4,2,3,2,Returning_Visitor,True,False
1,138.28,0,0.0,49,1616.08,0.0,0.02,0.0,0.0,Mar,2,2,6,1,Returning_Visitor,False,False
0,2.99,0,0.0,12,935.78,0.0,0.0,0.0,0.0,Dec,1,1,1,2,New_Visitor,False,False
0,0.61,0,3.66,28,1583.72,0.0,0.02,0.09,0.0,Nov,2,2,1,3,Returning_Visitor,False,False
6,0.74,0,0.0,46,1570.47,0.0,0.01,11.26,0.0,May,2,2,2,7,Returning_Visitor,True,True
10,61.41,0,0.0,44,811.38,0.0,0.02,14.93,0.0,Oct,2,2,1,2,Returning_Visitor,False,False
0,0.0,0,0.0,8,204.95,0.05,0.05,0.12,0.0,May,2,7,2,4,Returning_Visitor,False,False
3,74.6,3,43.4,48,1207.65,0.01,0.05,0.0,0.0,Aug,2,2,6,1,Returning_Visitor,False,False
8,249.0,1,36.33,48,1124.92,0.0,0.01,8.24,0.0,May,2,4,1,5,New_Visitor,False,True
0,0.0,0,0.0,2,0.0,0.2,0.18,0.0,0.0,Nov,1,1,3,3,Returning_Visitor,False,False
0,0.0,1,141.5,43,3044.05,0.0,0.0,3.94,0.01,Dec,2,4,1,10,Returning_Visitor,False,True
0,0.0,0,3.41,34,1714.4,0.02,0.03,0.0,0.0,Jul,3,2,7,1,Returning_Visitor,False,False
0,0.0,0,3.24,42,1714.91,0.0,0.04,0.0,0.0,Jul,2,5,7,1,Returning_Visitor,False,False
3,79.22,2,297.83,62,1685.75,0.0,0.01,0.0,0.0,Dec,2,2,3,2,Returning_Visitor,False,False
1,31.25,0,0.0,31,1549.92,0.0,0.01,0.0,0.0,Nov,3,2,3,8,New_Visitor,False,True
1,108.8,0,0.0,12,387.4,0.0,0.0,0.0,0.0,June,2,2,1,2,New_Visitor,False,False
0,0.68,0,0.0,6,202.9,0.03,0.06,0.0,0.0,Mar,2,2,1,1,Returning_Visitor,False,False
3,89.8,0,4.59,14,355.85,0.01,0.02,0.0,0.0,Oct,1,1,1,3,New_Visitor,True,False
5,316.5,4,185.5,39,5757.85,0.0,0.01,0.0,0.0,Nov,1,1,1,2,Returning_Visitor,False,False
2,48.67,0,2.03,14,3726.33,0.0,0.01,0.0,0.0,Mar,3,2,1,9,Returning_Visitor,True,False
2,34.0,0,0.0,47,1451.23,0.0,0.01,0.0,0.0,Mar,2,2,1,1,Returning_Visitor,False,False
1,129.74,0,0.0,47,1715.01,0.0,0.01,0.0,0.0,Dec,1,1,6,2,Returning_Visitor,False,False
0,0.0,0,0.0,13,956.33,0.01,0.05,20.14,0.0,Nov,2,2,3,1,Returning_Visitor,False,False
5,102.87,0,0.0,27,219.6,0.0,0.04,0.1,0.07,Oct,2,2,6,6,Returning_Visitor,False,False
3,86.75,0,6.87,49,1102.5,0.0,0.01,0.0,0.0,Dec,1,1,2,2,Returning_Visitor,False,False
3,182.64,3,119.38,64,2671.07,0.0,0.02,37.6,0.0,Nov,2,5,6,2,Returning_Visitor,False,True
0,0.0,0,0.0,2,211.09,0.0,0.05,0.15,0.0,Mar,2,5,6,1,Returning_Visitor,False,False
0,0.0,0,0.0,8,242.66,0.0,0.02,0.0,0.0,Dec,1,1,1,1,Returning_Visitor,True,False
1,197.4,0,5.38,83,1631.4,0.03,0.06,0.01,0.0,Oct,2,2,3,13,Returning_Visitor,False,False
1,0.0,0,4.21,20,219.33,0.0,0.01,0.06,0.0,Mar,1,8,7,2,Returning_Visitor,False,False
1,30.0,1,4.0,44,4376.9,0.0,0.02,0.0,0.0,Oct,2,2,7,4,Returning_Visitor,False,False
3,123.31,0,0.0,35,1776.08,0.0,0.01,0.0,0.0,Dec,2,2,4,1,Returning_Visitor,False,False
1,9.0,1,4.3,48,2454.45,0.0,0.01,11.14,0.02,May,2,2,9,6,Returning_Visitor,False,True
3,33.5,0,0.0,47,1713.81,0.01,0.02,29.38,0.0,Dec,2,2,1,2,Returning_Visitor,False,True
1,5.0,0,0.0,7,35.0,0.11,0.12,0.0,0.4,May,1,1,4,15,Returning_Visitor,False,False
0,0.0,0,0.0,10,123.0,0.0,0.02,0.08,0.0,May,2,2,3,3,Returning_Visitor,False,False
0,4.0,0,0.0,10,417.53,0.0,0.03,0.07,0.0,Nov,3,2,6,2,Returning_Visitor,False,False
1,20.1,1,32.5,145,6165.88,0.0,0.02,0.0,0.0,Nov,2,2,1,2,Returning_Visitor,False,True
0,0.0,0,2.61,48,663.23,0.03,0.06,0.02,0.75,May,3,2,3,13,Returning_Visitor,False,False
0,0.0,0,2.48,7,206.5,0.0,0.02,0.0,0.0,May,2,2,1,4,Returning_Visitor,False,False
8,114.49,2,0.0,20,695.19,0.01,0.05,0.17,0.0,Nov,1,1,8,2,Returning_Visitor,True,True
0,0.0,0,0.0,65,1931.51,0.0,0.03,0.0,0.0,Dec,2,2,3,2,Returning_Visitor,False,False
0,0.73,0,0.0,79,1562.87,0.02,0.04,0.0,0.05,May,3,2,1,13,Returning_Visitor,False,False
1,54.4,0,0.0,19,733.04,0.06,0.12,0.0,0.0,Jul,1,1,3,3,Returning_Visitor,False,False
0,12.0,0,0.0,11,331.25,0.01,0.03,0.0,0.0,Mar,2,2,2,2,Returning_Visitor,True,False
0,0.0,0,1.48,4,578.37,0.0,0.03,0.0,0.0,Dec,2,4,3,10,Returning_Visitor,False,False
5,68.8,0,0.0,49,781.52,0.01,0.01,22.54,0.0,Jul,2,2,6,2,New_Visitor,True,False
0,0.0,1,43.79,44,2807.16,0.03,0.03,0.0,0.0,Nov,1,1,1,2,Returning_Visitor,False,True
0,5.59,0,0.0,11,631.4,0.05,0.06,0.0,0.0,Aug,1,1,1,3,Returning_Visitor,False,False
0,0.0,0,0.0,1,0.0,0.2,0.16,0.0,0.0,Jul,1,1,1,1,Returning_Visitor,True,False
3,1178.6,2,124.8,18,1716.37,0.01,0.02,0.15,0.0,May,2,5,6,2,Returning_Visitor,False,False
0,0.79,0,1.68,2,0.0,0.2,0.2,0.0,0.0,Nov,2,2,1,1,Returning_Visitor,False,False
0,0.8,0,0.0,1,31.7,0.2,0.18,0.0,0.0,Nov,2,2,3,1,Returning_Visitor,False,False
0,0.0,0,2.14,3,261.0,0.0,0.06,0.24,0.0,Mar,2,5,1,10,Returning_Visitor,False,False
0,0.0,0,0.0,1,38.64,0.2,0.12,1.16,0.0,Jul,3,2,4,1,Returning_Visitor,True,False
3,46.0,3,53.5,15,270.57,0.04,0.07,12.15,0.0,May,3,2,1,5,Returning_Visitor,True,False
0,0.0,0,2.67,3,17.0,0.17,0.18,0.21,0.4,May,2,12,8,3,Returning_Visitor,False,False
2,86.39,1,0.0,22,1702.68,0.01,0.02,21.74,0.01,Nov,1,1,1,2,Returning_Visitor,True,False
3,179.0,0,0.0,15,501.06,0.0,0.01,0.14,0.0,Dec,2,2,1,2,New_Visitor,False,False
3,355.5,0,0.0,5,134.9,0.01,0.01,0.0,0.0,Mar,3,2,1,8,New_Visitor,True,False
4,122.24,0,3.57,49,1761.29,0.01,0.02,0.0,0.0,Nov,1,1,1,3,Returning_Visitor,True,False
0,0.0,0,0.0,3,320.78,0.2,0.2,0.17,0.4,May,3,2,1,4,Returning_Visitor,False,False
0,0.0,0,0.0,38,1712.18,0.0,0.03,0.0,0.0,Nov,2,2,4,2,New_Visitor,False,False
3,128.5,0,0.0,10,273.25,0.0,0.04,0.28,0.0,May,1,8,4,2,Returning_Visitor,False,False
6,143.5,0,0.0,8,188.3,0.0,0.01,11.11,0.0,Sep,2,2,1,2,Returning_Visitor,False,False
5,141.54,0,0.0,21,839.42,0.01,0.01,30.84,0.02,Dec,3,2,3,1,Returning_Visitor,False,True
0,0.0,0,2.51,2,174.11,0.1,0.18,0.0,0.0,Mar,3,2,1,3,Returning_Visitor,False,False
0,0.0,0,0.0,48,1447.58,0.0,0.01,0.0,0.6,May,2,2,3,3,Returning_Visitor,False,False
2,11.0,3,123.33,34,448.75,0.0,0.05,0.84,0.01,Mar,2,10,6,1,Returning_Visitor,False,False
12,138.3,1,0.0,41,161.33,0.0,0.02,0.0,0.0,May,1,1,2,2,Returning_Visitor,True,False
3,205.25,0,0.0,47,3679.13,0.0,0.01,11.48,0.0,Dec,2,2,1,3,Returning_Visitor,False,False
1,144.23,0,5.88,3,20.0,0.03,0.09,0.0,0.01,Nov,1,1,4,8,Returning_Visitor,False,False
0,1.44,0,0.0,35,2091.48,0.05,0.06,0.0,0.0,Oct,1,1,8,1,Returning_Visitor,False,False
0,1.52,0,0.0,5,66.0,0.0,0.05,0.12,0.0,Mar,2,2,3,1,Returning_Visitor,False,False
3,17.77,0,0.0,24,368.33,0.09,0.11,0.0,0.43,May,3,2,4,3,Returning_Visitor,False,False
0,0.0,0,3.85,10,466.75,0.0,0.03,0.0,0.0,May,3,2,1,4,Returning_Visitor,True,False
0,2.0,0,1.92,6,106.75,0.03,0.04,0.73,0.0,Nov,3,2,3,3,Returning_Visitor,False,False
2,27.25,1,5.32,9,219.25,0.0,0.03,75.51,0.0,Dec,2,2,7,2,Returning_Visitor,False,True
3,146.45,1,0.0,47,9952.35,0.0,0.02,0.0,0.0,Nov,2,2,1,2,Returning_Visitor,False,True
0,0.0,0,0.0,12,279.55,0.0,0.02,0.0,0.0,Nov,3,2,1,3,Returning_Visitor,False,False
0,0.0,0,4.1,21,1711.55,0.0,0.02,0.01,0.01,May,2,2,1,4,Returning_Visitor,False,False
0,0.0,0,3.85,14,632.0,0.01,0.04,0.0,0.01,May,2,2,3,3,Returning_Visitor,False,False
0,1.28,0,0.0,20,267.5,0.02,0.03,0.0,0.6,May,2,2,1,13,Returning_Visitor,False,False
0,0.0,0,0.0,2,76.73,0.0,0.06,0.0,0.0,Mar,2,2,7,2,Returning_Visitor,False,False
3,88.1,0,0.0,6,145.0,0.0,0.03,0.79,0.0,Mar,3,2,1,8,New_Visitor,False,False
3,504.0,0,0.0,13,922.08,0.02,0.03,0.0,0.0,Mar,3,2,8,2,Returning_Visitor,False,False
0,0.0,0,9.62,15,454.75,0.03,0.03,0.0,0.0,May,3,2,1,1,Returning_Visitor,True,False
6,140.87,0,0.0,10,204.04,0.03,0.04,0.52,0.0,Nov,2,2,4,1,Returning_Visitor,False,False
11,41.81,3,14.0,22,4575.48,0.02,0.03,3.4,0.0,May,1,1,1,2,Returning_Visitor,False,False
0,0.0,0,0.0,3,0.0,0.2,0.2,0.0,0.0,Aug,1,1,3,4,Returning_Visitor,False,False
2,145.92,0,0.0,3,202.83,0.0,0.01,0.0,0.0,May,3,2,7,2,Returning_Visitor,False,False
2,17.33,1,14.77,48,1713.6,0.0,0.01,5.13,0.02,Nov,2,2,1,2,Returning_Visitor,True,False
2,95.3,0,0.0,12,262.59,0.01,0.0,0.11,0.0,Nov,1,1,1,2,New_Visitor,False,False
6,211.0,1,58.0,41,2078.67,0.01,0.03,0.0,0.0,May,2,2,3,6,Returning_Visitor,False,False
3,118.0,0,0.0,32,2445.92,0.02,0.06,1.3,0.0,Sep,2,2,1,3,Returning_Visitor,False,False
0,0.0,0,0.0,9,211.91,0.02,0.04,0.12,0.01,Mar,2,2,3,1,Returning_Visitor,False,False
0,0.0,0,0.0,49,1708.25,0.0,0.01,0.0,0.0,Mar,2,2,1,2,Returning_Visitor,False,False
2,44.5,0,0.0,7,212.17,0.0,0.01,0.0,0.0,Mar,3,2,1,8,New_Visitor,True,False
6,105.9,0,35.47,18,513.47,0.0,0.01,0.0,0.0,Mar,1,1,3,3,New_Visitor,False,False
0,0.0,0,0.0,14,416.67,0.0,0.02,0.0,0.0,Dec,2,2,2,3,Returning_Visitor,False,False
0,0.0,0,0.0,8,493.75,0.0,0.05,0.44,0.0,Nov,1,2,4,20,Other,False,False
3,63.0,0,0.0,27,458.5,0.0,0.01,0.0,0.0,Dec,2,2,6,2,New_Visitor,True,False
2,0.0,0,11.61,15,272.33,0.01,0.02,0.04,1.0,May,2,1,1,3,Returning_Visitor,True,False
0,19.78,0,2.96,36,1083.75,0.0,0.01,0.0,0.0,June,2,2,3,2,Returning_Visitor,False,False
2,14.0,0,5.25,48,754.5,0.0,0.01,0.0,0.0,Mar,2,2,1,8,Returning_Visitor,True,False
10,144.73,0,0.0,27,760.77,0.01,0.02,53.08,0.0,May,2,2,3,2,Returning_Visitor,False,True
0,10.04,2,32.2,27,1321.32,0.0,0.02,3.98,0.0,Nov,4,1,1,2,Returning_Visitor,False,False
2,15.5,0,0.0,48,550.07,0.0,0.01,0.04,0.0,Mar,2,2,1,2,New_Visitor,False,False
3,16.0,0,5.29,24,1004.38,0.0,0.02,0.0,0.0,June,2,2,3,13,Returning_Visitor,False,False
0,0.0,0,0.0,10,206.88,0.03,0.08,0.0,0.0,Mar,2,2,3,1,Returning_Visitor,False,False
0,0.0,0,0.0,1,29.7,0.2,0.2,0.0,0.0,May,1,1,1,3,Returning_Visitor,False,False
1,96.25,0,0.0,48,3763.0,0.0,0.0,2.59,0.0,Nov,2,2,9,3,Other,False,True
3,144.62,0,0.0,46,2749.67,0.0,0.01,0.0,0.0,Mar,2,2,1,2,Returning_Visitor,False,False
0,0.0,0,0.0,5,209.38,0.0,0.06,0.0,0.0,Nov,1,1,3,11,Returning_Visitor,False,False
0,0.0,0,0.0,42,1657.68,0.0,0.03,0.0,0.0,May,2,2,1,1,Returning_Visitor,False,False
3,140.21,0,0.0,48,1406.1,0.0,0.01,0.0,0.0,Mar,1,1,4,2,Returning_Visitor,False,False
3,40.55,0,1.96,10,151.08,0.0,0.04,0.0,0.0,Jul,2,2,1,5,New_Visitor,False,False
10,137.56,0,0.0,47,1992.72,0.0,0.02,0.0,0.0,May,3,2,1,2,Returning_Visitor,False,False
0,0.0,0,0.0,4,15.0,0.0,0.1,0.0,0.0,Nov,2,2,1,1,Returning_Visitor,False,False
15,69.58,0,0.0,27,2504.41,0.0,0.01,8.18,0.0,May,3,2,1,2,Returning_Visitor,False,False
0,0.59,0,0.0,14,599.58,0.0,0.02,0.0,0.0,Nov,2,2,1,20,Returning_Visitor,False,False
0,0.0,0,6.79,37,854.55,0.01,0.02,0.0,0.0,Dec,2,2,6,3,Returning_Visitor,False,False
3,14.5,4,137.47,47,672.88,0.0,0.03,0.0,0.0,Nov,2,2,3,1,Returning_Visitor,False,False
0,0.0,0,1.7,10,235.5,0.0,0.01,0.0,0.0,Nov,3,2,6,1,Returning_Visitor,False,False
4,141.23,0,0.0,48,7462.08,0.0,0.02,8.67,0.0,Nov,2,2,1,2,Returning_Visitor,False,True
0,0.0,0,5.1,16,213.8,0.01,0.06,0.0,0.0,Aug,2,2,1,4,Returning_Visitor,False,True
1,15.2,0,0.0,12,270.59,0.0,0.04,0.0,0.01,May,1,1,3,3,Returning_Visitor,False,False
2,48.0,0,0.0,3,66.5,0.05,0.1,0.0,0.0,May,3,2,1,3,Returning_Visitor,False,False
3,43.2,0,0.0,7,137.0,0.0,0.02,0.09,0.0,May,2,4,6,2,New_Visitor,True,False
0,0.0,1,24.0,27,1614.58,0.0,0.01,0.0,0.0,Mar,3,2,1,1,Returning_Visitor,False,False
3,0.67,0,2.17,46,1713.37,0.0,0.01,2.77,0.0,Nov,2,2,3,2,Returning_Visitor,False,False
0,0.0,3,44.0,179,1738.47,0.01,0.03,1.36,0.01,Aug,2,4,9,2,Returning_Visitor,True,False
2,31.2,2,468.4,42,1063.64,0.0,0.06,12.14,0.0,Nov,2,2,5,3,Returning_Visitor,True,False
3,81.6,0,0.0,49,1657.64,0.0,0.02,0.0,0.01,Oct,2,2,1,2,Returning_Visitor,True,False
0,0.0,0,0.0,5,936.32,0.0,0.04,0.0,0.0,Mar,2,2,1,1,Returning_Visitor,False,False
5,41.3,0,0.0,24,446.93,0.0,0.01,0.0,1.0,Feb,2,2,8,1,Returning_Visitor,True,False
0,0.0,0,4.21,16,233.95,0.0,0.02,0.0,0.0,May,4,1,1,3,Returning_Visitor,False,False
0,0.85,0,2.04,9,205.08,0.0,0.04,0.03,0.0,Dec,2,2,7,2,Returning_Visitor,False,False
0,0.0,0,0.0,7,63.0,0.03,0.06,0.0,0.44,May,2,2,4,13,Returning_Visitor,False,False
0,0.0,0,0.0,7,67.0,0.0,0.03,0.03,0.0,Mar,2,2,1,2,Returning_Visitor,False,False
3,72.0,0,0.0,12,871.5,0.02,0.03,0.0,0.0,May,2,2,9,3,Returning_Visitor,False,False
0,0.0,0,0.0,20,0.0,0.2,0.2,0.0,0.4,May,1,1,7,6,Returning_Visitor,False,False
0,0.0,0,0.0,12,364.75,0.02,0.04,0.0,0.0,Nov,2,2,3,2,Returning_Visitor,False,False
0,0.0,0,0.0,4,27.0,0.07,0.1,0.0,0.6,May,2,2,1,3,Returning_Visitor,False,False
1,55.0,0,18.0,38,548.0,0.0,0.05,17.27,0.0,May,2,4,1,4,Returning_Visitor,False,True
0,1.03,0,4.53,5,67.91,0.0,0.04,0.0,0.0,Mar,2,4,7,2,Returning_Visitor,False,False
3,34.44,0,0.0,103,1843.76,0.0,0.02,0.0,0.01,May,2,2,1,2,Returning_Visitor,True,False
0,0.0,0,0.0,6,576.32,0.0,0.03,0.0,0.0,Dec,1,1,2,3,Returning_Visitor,True,False
3,11.09,2,11.74,26,4833.92,0.0,0.02,0.23,0.0,May,2,2,6,4,Returning_Visitor,False,False
0,0.0,2,11.93,6,204.0,0.04,0.1,1.15,0.0,Nov,3,2,1,13,Returning_Visitor,False,False
10,40.91,3,434.3,46,23050.1,0.0,0.01,0.0,0.0,May,2,2,1,2,Returning_Visitor,False,False
0,0.0,0,0.0,1,0.0,0.2,0.2,0.0,0.0,Dec,2,2,1,1,Returning_Visitor,True,False
0,253.07,1,36.2,67,2568.68,0.04,0.05,0.12,0.0,Nov,2,4,2,1,Returning_Visitor,False,True
0,0.0,0,1.43,1,0.0,0.2,0.04,0.33,0.0,Jul,3,2,1,4,Returning_Visitor,True,False
3,137.04,1,10.0,20,487.66,0.0,0.0,0.0,0.0,Nov,1,1,4,3,Returning_Visitor,False,False
0,0.0,0,6.18,11,891.87,0.04,0.04,0.0,0.0,Dec,1,1,8,2,Returning_Visitor,False,False
0,0.76,0,0.0,24,445.0,0.0,0.03,0.0,0.0,Dec,2,2,3,2,New_Visitor,False,False
0,0.0,0,0.0,1,132.24,0.2,0.18,0.07,0.02,Mar,2,2,1,10,Returning_Visitor,False,False
3,10.21,5,12.95,43,7272.43,0.02,0.04,11.54,0.0,Nov,1,1,3,2,Returning_Visitor,False,True
0,0.0,0,6.38,13,524.23,0.0,0.03,0.3,1.0,May,3,2,1,2,Returning_Visitor,True,False
0,0.0,0,8.94,7,148.17,0.0,0.06,0.0,0.4,May,1,1,3,20,Returning_Visitor,False,False
0,0.0,0,5.53,2,11.0,0.0,0.1,0.0,0.0,Aug,3,2,1,4,Returning_Visitor,False,False
0,0.0,1,5.85,43,2053.93,0.01,0.04,0.0,0.01,May,2,5,6,3,Returning_Visitor,False,False
0,0.0,0,0.0,45,44.8,0.0,0.03,56.47,0.0,Jul,4,1,3,1,Returning_Visitor,False,True
1,73.0,0,0.0,9,2151.0,0.0,0.02,10.91,0.0,Mar,2,5,1,1,Returning_Visitor,False,True
9,497.17,0,0.0,20,1170.17,0.01,0.03,0.0,0.0,May,3,2,1,2,Returning_Visitor,False,False
1,102.14,0,0.0,22,1693.14,0.0,0.0,0.0,0.0,Oct,3,2,4,6,New_Visitor,False,False
0,0.0,0,3.99,8,272.9,0.05,0.08,0.0,0.0,Oct,2,1,1,1,New_Visitor,False,False
0,0.0,0,5.18,9,488.81,0.0,0.03,17.54,1.0,May,2,2,2,4,Returning_Visitor,True,True
4,65.68,1,42.4,12,285.68,0.02,0.04,0.0,0.0,Aug,2,6,3,3,Returning_Visitor,False,False
2,124.0,0,0.0,2,112.8,0.0,0.03,0.0,0.0,Aug,2,2,1,1,Returning_Visitor,False,False
0,0.0,0,0.0,3,241.64,0.0,0.07,0.0,0.0,Aug,1,1,3,3,Returning_Visitor,True,False
0,1.51,0,0.0,6,269.25,0.0,0.01,0.0,0.0,Nov,3,2,1,11,New_Visitor,False,False
4,111.0,0,0.0,40,1714.82,0.0,0.01,0.0,0.0,Dec,1,1,4,2,Returning_Visitor,False,False
4,60.75,2,96.33,47,1041.32,0.0,0.01,2.69,0.0,May,2,2,6,4,Returning_Visitor,True,False
2,135.76,2,21.31,26,1705.4,0.02,0.03,14.5,0.0,Nov,3,2,1,2,Returning_Visitor,False,False
0,0.0,0,0.0,1,0.0,0.2,0.2,0.0,0.2,May,1,1,4,3,Returning_Visitor,False,False
0,0.0,0,1.44,12,168.0,0.04,0.06,0.04,0.0,Jul,2,2,1,1,Returning_Visitor,False,False
1,51.5,0,4.53,49,2689.29,0.0,0.03,0.05,0.0,Nov,2,2,9,2,Returning_Visitor,False,False
0,2.9,0,0.0,20,248.42,0.01,0.03,0.0,0.8,May,2,2,2,13,Returning_Visitor,False,False
0,0.67,0,0.0,42,1766.83,0.02,0.06,0.0,0.0,Nov,2,2,1,13,Returning_Visitor,False,False
4,75.0,2,7.0,9,297.08,0.0,0.01,0.0,0.0,Nov,2,2,6,8,New_Visitor,True,False
3,54.66,0,0.0,12,47.2,0.0,0.03,0.0,0.0,Aug,1,1,1,4,New_Visitor,False,False
0,0.0,0,0.0,6,520.61,0.03,0.07,0.0,0.0,May,2,2,3,3,Returning_Visitor,False,False
1,28.5,2,44.5,12,445.5,0.01,0.02,0.0,0.0,Nov,3,2,1,8,New_Visitor,False,False
0,0.0,1,7.19,25,954.08,0.03,0.06,10.17,0.0,Nov,3,2,1,13,Returning_Visitor,False,False
7,84.55,0,0.0,49,805.1,0.0,0.03,11.55,0.0,May,2,2,1,2,Returning_Visitor,False,False
0,0.0,0,2.43,20,1717.41,0.01,0.05,0.01,0.0,Nov,2,2,3,1,Returning_Visitor,False,False
0,0.0,0,1.52,1,0.0,0.2,0.2,0.0,1.0,May,1,1,4,1,Returning_Visitor,True,False
6,142.74,0,0.0,47,2690.33,0.0,0.02,30.22,0.0,Nov,2,4,1,2,Returning_Visitor,False,True
2,0.65,0,0.0,34,906.4,0.0,0.02,0.0,0.0,Oct,2,2,9,4,Returning_Visitor,False,False
0,0.0,0,4.68,20,1722.87,0.01,0.08,0.0,0.45,May,2,2,6,13,Returning_Visitor,False,False
0,0.0,0,2.65,20,412.83,0.02,0.04,0.0,0.0,May,2,2,3,3,Returning_Visitor,False,False
0,0.87,0,0.0,24,240.41,0.0,0.04,0.0,0.0,Dec,1,1,9,2,Returning_Visitor,True,False
1,156.0,1,201.0,14,1698.21,0.03,0.03,0.0,0.0,May,1,2,6,3,Returning_Visitor,True,False
2,129.62,0,0.0,13,238.53,0.0,0.01,36.7,0.0,Oct,2,2,1,3,Returning_Visitor,False,True
1,37.57,0,0.0,48,1199.16,0.0,0.0,0.0,0.0,Dec,2,2,1,2,New_Visitor,False,False
0,0.0,0,0.0,1,0.0,0.2,0.2,0.0,0.0,May,3,2,3,15,Returning_Visitor,True,False
2,52.0,0,10.16,17,1716.27,0.0,0.0,0.0,0.0,Mar,2,2,4,2,New_Visitor,False,False
3,145.89,0,0.0,16,314.0,0.0,0.05,0.0,0.0,Mar,2,5,7,2,Returning_Visitor,False,False
0,1.16,0,0.0,3,48.59,0.2,0.2,0.0,0.0,Nov,1,1,1,1,Returning_Visitor,False,False
12,139.29,0,0.0,15,366.58,0.01,0.01,0.0,0.0,Dec,2,4,1,1,New_Visitor,False,False
0,0.0,0,0.0,27,1708.32,0.0,0.02,0.0,0.01,Mar,2,2,3,1,Returning_Visitor,False,False
0,0.0,0,14.11,50,1716.01,0.0,0.01,0.0,0.0,Nov,2,2,1,2,New_Visitor,True,False
6,144.28,4,241.14,112,3556.35,0.0,0.02,0.0,0.0,Dec,2,2,1,2,Returning_Visitor,False,False
0,0.0,0,0.0,68,1707.99,0.0,0.01,0.0,0.0,Nov,2,2,1,3,Returning_Visitor,True,False
0,0.0,0,0.0,4,69.0,0.0,0.05,0.0,0.0,Nov,3,2,1,3,Returning_Visitor,False,False
0,33.27,3,101.0,10,225.7,0.0,0.03,0.0,0.0,May,2,2,1,5,New_Visitor,False,False
2,40.0,0,0.0,37,773.37,0.0,0.02,0.0,0.0,May,4,2,1,11,Returning_Visitor,True,False
0,0.0,0,0.0,36,1135.17,0.04,0.04,0.06,0.0,May,1,1,1,4,Returning_Visitor,True,False
0,0.62,0,0.0,28,803.58,0.01,0.03,0.0,0.0,Jul,3,2,4,15,Returning_Visitor,False,False
0,0.0,0,0.0,1,51.46,0.2,0.2,0.0,0.0,Mar,3,2,1,1,Returning_Visitor,False,False
7,170.83,1,39.0,36,45.33,0.01,0.01,0.0,0.01,May,3,2,3,2,Returning_Visitor,False,False
0,0.93,0,1.72,3,1259.46,0.2,0.08,0.28,0.0,Jul,1,1,1,1,Returning_Visitor,True,False
0,0.89,0,0.0,10,249.33,0.0,0.03,0.0,0.0,Nov,3,2,6,8,New_Visitor,False,False
0,0.0,0,0.0,2,875.21,0.0,0.1,0.0,0.0,Mar,4,1,4,2,Returning_Visitor,False,False
0,0.0,0,8.27,10,978.0,0.0,0.03,0.18,0.06,May,2,2,3,2,Returning_Visitor,False,False
7,54.11,4,256.07,125,1710.53,0.02,0.03,5.61,0.0,May,3,2,3,3,Returning_Visitor,False,False
0,0.0,0,1.61,4,173.5,0.0,0.05,0.0,0.0,Mar,2,2,4,3,Returning_Visitor,True,False
3,17.0,0,0.0,13,174.0,0.02,0.04,0.07,0.2,May,2,2,3,3,Returning_Visitor,False,False
0,0.0,0,14.51,11,1855.6,0.04,0.05,0.0,0.0,Sep,2,2,1,1,Returning_Visitor,False,False
8,6.05,1,91.0,33,2926.43,0.01,0.0,12.89,0.0,May,4,1,1,3,Returning_Visitor,False,True
3,1.32,1,0.0,31,1543.75,0.02,0.02,0.48,0.0,Nov,2,2,9,13,Returning_Visitor,False,False
3,144.65,0,0.0,42,1288.07,0.0,0.01,0.06,0.0,May,2,5,1,1,Returning_Visitor,False,False
3,548.5,0,0.0,9,117.0,0.0,0.02,0.12,0.0,Nov,2,4,1,2,Returning_Visitor,True,False
3,141.56,0,0.0,13,92.33,0.06,0.09,0.0,0.01,Nov,1,1,8,1,Returning_Visitor,False,False
0,0.0,0,0.0,21,952.53,0.0,0.01,25.26,0.01,Dec,2,4,1,3,New_Visitor,False,True
8,318.8,3,164.0,107,4447.11,0.0,0.01,0.0,0.0,Nov,2,2,1,3,Returning_Visitor,False,True
5,1023.0,0,0.0,46,4681.89,0.01,0.02,0.0,0.08,May,2,2,2,13,Returning_Visitor,False,False
12,0.84,0,0.0,16,139.43,0.0,0.01,47.3,0.0,May,3,2,1,5,New_Visitor,True,False
0,1.42,1,5.37,13,808.26,0.0,0.02,0.0,0.0,May,3,2,2,3,Returning_Visitor,True,False
5,141.51,2,13.0,49,3618.02,0.0,0.03,0.19,0.0,May,2,2,3,2,Returning_Visitor,False,False
0,0.0,0,2.79,12,862.79,0.01,0.03,0.0,0.0,Nov,1,1,1,10,Returning_Visitor,False,False
8,217.4,2,67.4,24,428.3,0.0,0.01,0.0,0.0,Sep,2,4,1,2,New_Visitor,False,False
4,143.81,0,0.0,73,2371.37,0.01,0.03,0.0,0.0,Nov,3,2,1,2,Returning_Visitor,True,False
1,44.0,0,0.0,25,773.47,0.0,0.03,11.55,0.0,Mar,2,2,1,2,Returning_Visitor,False,True
2,38.0,0,0.0,77,1230.31,0.0,0.0,46.02,0.6,May,2,2,4,3,Returning_Visitor,False,False
2,0.0,0,0.0,7,188.0,0.0,0.03,0.0,0.0,Nov,2,2,1,8,New_Visitor,False,False
0,0.0,9,1779.17,12,1171.11,0.01,0.02,0.0,0.6,May,2,2,6,3,New_Visitor,False,False
1,0.65,0,0.0,11,900.5,0.01,0.03,0.0,0.0,Nov,3,2,4,6,Returning_Visitor,False,False
1,61.4,0,4.25,27,1710.14,0.0,0.01,0.0,0.0,May,2,2,7,2,Returning_Visitor,False,False
1,576.0,0,0.0,13,587.75,0.03,0.06,0.0,0.0,Nov,1,1,4,1,Returning_Visitor,False,False
1,4.0,0,0.0,15,377.5,0.0,0.0,0.27,0.0,Nov,2,13,9,2,Other,False,False
2,136.9,0,0.0,38,813.6,0.0,0.03,0.0,0.0,Nov,1,1,1,1,Returning_Visitor,False,False
12,225.25,1,0.0,129,3367.04,0.01,0.02,1.04,0.02,May,2,4,1,2,Returning_Visitor,False,True
11,31.35,7,299.03,48,23342.08,0.01,0.05,0.15,0.0,May,2,2,1,2,Returning_Visitor,False,False
5,14.96,2,38.0,71,2632.19,0.01,0.01,0.04,0.0,Nov,4,2,1,2,Returning_Visitor,True,False
0,0.0,0,0.0,26,2607.5,0.02,0.05,0.0,0.0,May,1,1,2,3,Returning_Visitor,False,False
0,0.0,0,0.0,3,44.17,0.04,0.08,0.0,0.0,Nov,3,2,1,3,Returning_Visitor,False,True
3,77.16,0,0.0,48,888.0,0.0,0.01,0.0,0.0,Nov,1,1,1,3,Returning_Visitor,True,False
0,0.0,0,0.0,14,1066.34,0.01,0.04,0.0,0.0,Nov,3,2,1,3,Returning_Visitor,False,False
0,1.79,1,5.44,41,1678.73,0.01,0.01,0.24,0.02,May,3,2,4,6,Returning_Visitor,False,False
1,5.6,1,80.0,17,3835.56,0.02,0.04,1.0,0.0,Jul,1,1,1,3,Returning_Visitor,False,True
6,523.33,3,37.0,32,581.23,0.05,0.03,0.0,0.02,May,2,2,1,1,Returning_Visitor,True,False
6,97.88,2,9.0,41,2293.6,0.01,0.03,6.75,0.0,May,2,2,7,4,Returning_Visitor,False,True
0,0.0,0,0.0,6,241.0,0.02,0.03,0.78,0.0,May,2,10,2,2,Returning_Visitor,False,False
1,1.47,14,1165.17,49,2820.95,0.01,0.04,0.47,0.0,Mar,2,2,3,2,Returning_Visitor,False,False
0,0.0,0,0.0,8,781.0,0.03,0.06,0.13,0.0,Nov,3,2,4,1,Returning_Visitor,False,False
1,29.2,0,322.4,10,242.97,0.02,0.04,10.94,0.0,Sep,2,2,1,2,Returning_Visitor,False,True
4,143.88,0,3.17,3,20.0,0.0,0.04,0.0,0.0,Nov,2,2,6,2,Returning_Visitor,False,False
0,0.0,0,1.74,5,235.77,0.0,0.02,0.0,0.0,Dec,2,2,3,2,New_Visitor,False,False
3,117.0,0,7.83,20,1464.94,0.01,0.02,0.0,0.0,Mar,1,1,1,2,New_Visitor,False,False
3,23.2,0,0.0,3,0.0,0.08,0.06,1.4,0.0,Aug,3,2,3,5,New_Visitor,False,False
9,794.88,0,0.0,36,1697.55,0.02,0.03,24.61,0.01,May,2,2,1,2,Returning_Visitor,False,False
0,0.95,0,0.0,14,407.59,0.0,0.02,0.0,0.0,Dec,1,1,2,1,Returning_Visitor,False,False
2,38.5,0,3.75,49,770.31,0.03,0.04,0.0,0.0,Nov,1,1,1,3,Returning_Visitor,False,False
2,36.2,3,81.1,48,1703.05,0.05,0.06,0.0,0.0,Jul,1,1,1,4,Returning_Visitor,True,False
3,0.0,0,0.0,8,190.16,0.06,0.06,0.0,0.0,Dec,1,1,7,3,Returning_Visitor,False,False
3,57.5,1,0.0,66,1600.8,0.0,0.02,20.97,0.0,May,2,2,1,6,Returning_Visitor,False,True
0,0.0,0,3.86,15,645.0,0.03,0.03,0.0,0.0,Nov,2,2,6,1,Returning_Visitor,True,False
1,42.5,0,8.74,67,2413.75,0.01,0.01,0.0,0.0,Dec,1,1,6,1,Returning_Visitor,False,False
0,0.85,0,6.06,15,331.55,0.01,0.02,0.0,0.0,June,1,1,1,3,Returning_Visitor,True,False
3,142.09,1,34.16,47,1161.47,0.0,0.01,0.07,0.0,May,2,2,2,2,Returning_Visitor,True,False
3,57.5,2,66.13,95,2772.28,0.05,0.03,1.83,0.01,Oct,3,2,1,1,Returning_Visitor,False,False
0,0.0,0,0.0,6,272.89,0.03,0.05,0.0,0.02,Feb,1,1,1,2,Returning_Visitor,True,False
0,1.77,0,0.0,23,682.6,0.0,0.02,0.0,0.0,Dec,1,1,3,2,Returning_Visitor,True,False
3,107.0,0,0.0,34,1784.37,0.0,0.01,0.0,0.0,Dec,2,2,1,1,Returning_Visitor,True,False
1,34.0,0,0.0,11,765.17,0.0,0.01,0.0,0.0,May,4,2,4,6,Returning_Visitor,False,False
3,19.0,1,14.0,74,2408.58,0.0,0.02,0.0,0.0,Nov,2,2,1,2,Returning_Visitor,False,False
1,1.44,1,85.0,41,1540.01,0.0,0.01,0.0,0.0,May,2,2,5,2,New_Visitor,False,False
1,20.0,0,0.0,18,375.55,0.0,0.01,32.32,0.0,Nov,2,2,7,3,Returning_Visitor,False,True
2,4.0,0,0.0,2,44.4,0.0,0.05,4.39,0.0,Oct,3,2,3,5,New_Visitor,False,False
0,0.0,0,0.0,3,112.0,0.0,0.03,0.0,0.0,Dec,1,1,2,2,Returning_Visitor,False,False
2,169.5,1,105.0,46,990.46,0.01,0.03,14.78,0.0,Nov,1,1,1,2,Returning_Visitor,True,True
3,53.0,0,1.54,70,2720.7,0.02,0.03,10.12,0.0,May,3,2,1,13,Returning_Visitor,True,False
1,129.36,0,0.0,6,341.36,0.0,0.06,0.71,0.0,Nov,2,5,3,2,Returning_Visitor,False,False
6,174.46,1,28.78,107,1688.25,0.0,0.02,11.51,0.0,May,2,4,1,2,Returning_Visitor,True,False
0,0.0,0,0.0,22,1368.0,0.0,0.01,1.7,0.0,Nov,2,5,7,3,Returning_Visitor,False,False
2,208.0,3,50.0,30,1461.67,0.0,0.02,0.06,0.0,Mar,2,5,1,2,Returning_Visitor,False,False
0,0.0,0,0.0,4,218.08,0.0,0.06,0.11,0.6,May,3,2,3,13,Returning_Visitor,False,False
0,1.38,0,0.0,1,28.65,0.2,0.18,0.0,0.0,Mar,1,1,4,1,Returning_Visitor,False,False
0,0.69,0,2.11,5,296.43,0.0,0.02,0.11,0.0,May,1,1,3,3,Returning_Visitor,False,False
0,0.0,0,0.0,16,1500.03,0.0,0.01,0.0,0.0,Nov,3,2,4,6,Returning_Visitor,False,False
0,0.0,0,0.0,15,894.0,0.0,0.02,0.0,0.0,May,2,2,7,4,Returning_Visitor,False,False
3,63.75,0,0.0,13,774.73,0.0,0.01,0.0,0.0,Nov,2,2,6,2,Returning_Visitor,False,True
1,53.5,0,0.0,53,2019.83,0.01,0.02,0.0,0.0,Nov,2,2,3,2,Returning_Visitor,False,False
0,0.0,0,0.0,2,49.0,0.0,0.06,0.08,0.0,May,2,2,5,1,Returning_Visitor,False,False
0,0.0,0,10.72,15,478.26,0.0,0.02,0.0,0.0,Nov,2,2,8,20,Returning_Visitor,False,False
2,248.5,5,192.25,9,939.03,0.0,0.01,0.0,0.0,May,1,1,3,2,New_Visitor,False,False
0,1.24,0,0.0,5,111.25,0.0,0.03,0.0,0.0,Nov,2,2,1,20,Returning_Visitor,False,False
3,133.5,1,191.0,48,443.93,0.0,0.02,0.0,0.0,May,1,1,1,6,Returning_Visitor,False,False
1,0.88,0,0.0,12,175.75,0.0,0.03,0.0,0.0,Nov,2,2,2,2,New_Visitor,False,False
2,67.0,0,0.0,8,533.3,0.0,0.02,11.45,0.0,Sep,3,2,8,2,New_Visitor,False,False
0,0.0,0,0.0,7,124.5,0.05,0.07,0.0,0.6,May,2,2,6,3,Returning_Visitor,False,False
2,119.87,0,0.0,33,1710.13,0.0,0.03,0.63,0.01,Jul,2,2,1,2,Returning_Visitor,False,False
0,0.0,0,0.0,2,155.5,0.1,0.08,0.18,0.0,Dec,1,2,3,1,Returning_Visitor,True,False
7,1130.5,6,261.63,47,2559.9,0.01,0.02,20.3,0.0,May,1,2,1,2,Returning_Visitor,False,False
0,1.19,0,0.0,12,1077.0,0.02,0.05,0.04,0.0,May,2,2,2,1,Returning_Visitor,False,False
0,0.0,0,0.0,18,1713.43,0.02,0.03,0.0,0.0,May,2,2,7,6,Returning_Visitor,False,False
0,0.0,0,0.0,45,1682.25,0.03,0.06,0.0,0.0,May,2,2,4,1,Returning_Visitor,False,False
3,118.0,0,6.75,2,96.25,0.0,0.03,0.23,0.02,Dec,2,13,9,2,Other,False,False
0,0.0,0,2.28,3,140.41,0.2,0.2,0.0,0.6,May,3,2,1,13,Returning_Visitor,False,False
3,371.7,5,106.0,85,1695.63,0.0,0.01,43.72,0.0,Nov,2,2,1,2,Returning_Visitor,False,True
0,0.0,0,8.61,36,1652.92,0.01,0.04,0.0,0.0,Dec,2,2,3,2,Returning_Visitor,False,False
8,167.0,3,869.0,34,771.59,0.0,0.03,0.71,0.0,Mar,2,4,1,1,Returning_Visitor,False,False
0,0.0,0,1.77,2,0.0,0.2,0.2,0.25,0.0,Nov,1,1,8,3,Returning_Visitor,False,False
0,0.0,0,0.0,4,222.57,0.2,0.18,0.0,0.0,Nov,1,1,1,3,Returning_Visitor,True,False
9,123.33,0,0.0,66,2506.33,0.01,0.04,14.0,0.0,May,2,2,1,2,Returning_Visitor,False,True
16,1.11,0,0.0,26,1048.66,0.0,0.01,87.25,0.0,May,1,1,1,2,New_Visitor,False,True
1,25.5,0,2.56,12,250.83,0.0,0.02,0.0,0.0,Mar,3,2,2,1,Returning_Visitor,True,False
5,4.62,0,0.0,37,1685.28,0.01,0.02,0.0,0.8,May,3,2,3,4,Returning_Visitor,False,False
4,51.84,1,54.4,13,421.79,0.0,0.02,0.0,0.0,Nov,1,1,1,2,New_Visitor,False,False
6,140.08,1,11.0,92,2710.57,0.02,0.03,0.0,0.41,May,2,2,4,3,Returning_Visitor,False,False
4,66.33,2,122.71,38,1524.7,0.0,0.02,0.02,0.0,Mar,2,2,3,2,New_Visitor,True,False
0,0.0,0,3.11,23,501.67,0.01,0.02,0.27,0.6,May,2,2,4,2,Returning_Visitor,False,False
3,15.2,0,0.0,19,348.6,0.0,0.01,0.0,0.0,Mar,2,2,2,3,Returning_Visitor,False,True
0,0.0,0,1.94,3,61.75,0.0,0.07,0.31,0.0,Nov,2,10,1,3,Returning_Visitor,False,False
0,0.82,0,0.0,12,215.27,0.1,0.14,0.0,0.4,May,3,2,1,13,Returning_Visitor,False,False
0,0.0,0,11.57,22,1710.88,0.0,0.0,10.3,0.0,Nov,2,2,1,8,New_Visitor,False,False
4,48.5,0,3.93,7,31.5,0.0,0.03,0.0,0.0,Nov,2,2,1,2,New_Visitor,False,False
0,0.0,0,2.03,5,186.07,0.15,0.16,0.87,0.0,June,3,2,1,13,Returning_Visitor,False,False
6,190.42,0,0.0,78,3913.99,0.0,0.01,0.46,0.0,Nov,3,2,4,1,Returning_Visitor,True,False
3,59.0,0,3.27,29,527.21,0.0,0.01,0.0,0.0,Mar,2,4,1,1,Returning_Visitor,False,False
3,37.58,0,0.0,67,1982.52,0.0,0.01,0.0,0.0,Dec,2,2,3,1,Returning_Visitor,False,False
5,81.75,0,0.0,15,1007.99,0.0,0.01,0.03,0.0,May,2,2,6,3,Returning_Visitor,False,False
0,0.0,0,3.48,9,1262.2,0.02,0.08,0.0,0.0,Nov,2,2,9,3,Returning_Visitor,False,False
0,0.0,0,3.95,6,93.0,0.0,0.03,0.0,0.0,Mar,1,2,8,2,Returning_Visitor,False,False
6,89.17,4,94.88,11,138.42,0.0,0.02,0.72,0.0,May,2,2,1,2,New_Visitor,False,False
0,0.0,0,1.54,1,0.0,0.2,0.17,0.0,0.0,Dec,3,2,1,2,Returning_Visitor,False,False
5,138.49,0,0.0,133,2248.91,0.01,0.03,6.37,0.0,Nov,1,1,1,3,Returning_Visitor,False,True
2,60.0,0,0.0,20,717.62,0.0,0.0,0.1,0.0,Nov,2,5,9,2,Returning_Visitor,False,True
0,3.54,0,0.0,26,1693.76,0.0,0.01,14.13,0.01,Dec,4,1,1,2,New_Visitor,False,True
0,0.0,0,0.0,1,0.0,0.2,0.18,0.48,0.01,Nov,1,1,4,1,Returning_Visitor,False,False
5,144.81,2,48.5,71,3439.73,0.0,0.01,0.0,0.0,May,2,2,1,2,Returning_Visitor,False,False
2,87.25,4,199.5,41,4984.54,0.0,0.02,0.0,0.0,Nov,2,2,1,2,Returning_Visitor,False,False
2,146.49,0,0.0,10,728.18,0.01,0.07,14.29,0.0,Sep,3,2,1,1,Returning_Visitor,True,False
0,0.0,0,0.0,2,103.12,0.1,0.15,0.0,0.0,May,3,2,1,3,Returning_Visitor,False,False
0,0.0,0,0.0,7,133.5,0.0,0.04,0.0,0.0,Nov,2,2,6,6,Returning_Visitor,False,False
0,1.14,0,0.0,18,558.19,0.0,0.01,0.0,0.0,Aug,2,2,3,1,Returning_Visitor,False,False
0,0.0,0,7.22,13,244.17,0.0,0.03,0.0,0.0,Mar,2,2,3,3,Returning_Visitor,False,False
1,141.71,1,27.32,23,1483.6,0.02,0.03,7.1,0.0,Mar,3,2,6,2,Returning_Visitor,False,True
2,0.0,0,0.0,9,193.67,0.01,0.06,0.61,1.0,May,2,8,7,2,Returning_Visitor,True,False
0,37.0,0,0.0,23,813.0,0.02,0.05,0.0,0.0,May,2,2,7,4,Returning_Visitor,True,False
3,56.8,1,3.0,41,1677.67,0.01,0.04,0.0,0.0,June,2,2,7,1,Returning_Visitor,False,False
0,0.0,0,0.0,28,1283.75,0.02,0.02,0.0,0.0,Dec,2,2,1,2,Returning_Visitor,True,False
0,0.82,0,0.0,4,468.36,0.0,0.05,0.0,0.0,Feb,2,2,3,3,Returning_Visitor,False,False
0,0.0,0,1.72,4,136.73,0.1,0.18,0.0,0.0,Jul,1,1,3,3,Returning_Visitor,False,False
3,0.0,0,0.0,13,710.07,0.0,0.01,72.52,0.0,Nov,1,1,2,2,Returning_Visitor,False,True
0,0.0,0,0.0,96,5947.97,0.01,0.03,0.0,0.0,Nov,2,2,3,1,Returning_Visitor,True,True
3,94.87,0,0.0,22,812.14,0.01,0.02,18.09,0.0,Jul,3,2,2,2,Returning_Visitor,False,True
5,147.4,0,3.57,12,1226.1,0.02,0.06,5.03,0.0,Sep,3,2,2,1,Returning_Visitor,True,True
3,139.21,0,0.0,5,217.61,0.0,0.03,0.0,0.0,Dec,3,2,1,2,New_Visitor,False,False
1,5.75,4,14.0,31,750.59,0.01,0.04,0.0,0.0,Mar,2,2,7,2,Returning_Visitor,False,False
0,0.0,0,0.0,15,1069.7,0.01,0.05,0.0,0.0,Jul,3,2,6,1,Returning_Visitor,False,False
0,0.0,0,0.0,33,1659.87,0.02,0.04,9.43,0.0,Nov,3,2,4,2,Returning_Visitor,True,False
8,1040.25,0,0.0,48,5160.45,0.0,0.01,0.0,0.0,Nov,2,2,1,2,Returning_Visitor,False,False
3,22.83,0,2.7,48,2625.01,0.0,0.0,0.37,0.0,Mar,2,5,6,1,Returning_Visitor,False,False
1,1.35,0,5.34,36,493.3,0.0,0.02,0.0,0.0,Oct,2,2,5,2,Returning_Visitor,False,False
4,228.35,0,0.0,27,76.59,0.0,0.0,0.0,0.0,Oct,2,2,1,5,New_Visitor,False,False
1,11.0,0,0.0,11,453.31,0.0,0.02,0.0,0.0,May,2,2,1,4,New_Visitor,True,False
0,0.0,0,5.58,48,2001.83,0.01,0.01,0.0,0.0,Nov,2,2,9,6,Returning_Visitor,False,False
0,0.9,0,0.0,5,600.38,0.0,0.08,0.0,0.6,May,2,2,2,2,Returning_Visitor,False,False
1,4.0,4,80.65,79,2387.14,0.03,0.06,0.35,0.0,Nov,3,2,1,13,Returning_Visitor,True,False
0,0.0,0,0.0,17,376.52,0.0,0.02,0.09,0.0,Nov,2,2,6,2,Returning_Visitor,False,False
0,2.24,0,0.0,24,653.0,0.01,0.03,0.0,0.8,May,1,1,9,1,Returning_Visitor,False,False
3,50.59,2,28.4,23,5.0,0.0,0.03,0.0,0.0,Jul,2,2,1,5,New_Visitor,False,False
0,0.0,0,1.58,2,1742.65,0.0,0.1,0.0,0.0,Nov,1,1,1,1,Returning_Visitor,False,False
0,0.0,2,80.7,48,2762.41,0.0,0.03,0.0,0.0,Nov,2,2,1,2,New_Visitor,False,False
9,80.49,1,75.0,38,1688.53,0.01,0.03,24.64,0.0,May,1,1,7,2,Returning_Visitor,True,True
1,4.0,0,0.0,37,1691.43,0.0,0.02,0.0,0.0,Mar,2,2,6,10,Returning_Visitor,False,False
0,0.0,0,2.25,3,26.0,0.0,0.05,0.0,0.0,Mar,2,2,1,1,Returning_Visitor,False,False
0,0.0,0,0.0,11,205.53,0.0,0.03,18.85,0.0,Dec,1,1,1,8,New_Visitor,False,True
4,81.6,0,0.0,45,1096.42,0.04,0.07,0.0,0.0,Jul,3,2,6,13,Returning_Visitor,False,False
3,139.53,4,166.0,67,3872.51,0.03,0.06,2.34,0.01,May,1,1,3,2,Returning_Visitor,True,False
0,0.0,0,1.86,1,52.01,0.2,0.18,0.0,0.0,Mar,2,2,1,1,Returning_Visitor,False,False
0,0.0,1,0.0,34,4566.24,0.02,0.02,0.0,0.8,May,3,2,1,3,Returning_Visitor,False,False
2,11.0,0,0.0,19,476.61,0.01,0.04,0.0,0.0,Mar,2,2,1,1,Returning_Visitor,False,False
3,134.5,0,0.0,49,1714.55,0.0,0.02,0.0,0.0,Dec,3,2,2,2,Returning_Visitor,False,False
13,14.89,4,205.0,49,1626.63,0.0,0.03,6.83,0.0,May,3,2,2,2,Returning_Visitor,False,False
4,22.11,1,40.0,61,2072.99,0.01,0.04,0.0,0.6,May,2,2,3,2,Returning_Visitor,False,False
2,7.28,0,4.08,19,438.91,0.01,0.04,0.0,0.02,May,2,2,4,2,Returning_Visitor,False,False
11,27.69,0,0.0,12,1386.35,0.02,0.03,6.34,0.0,May,1,2,1,4,Returning_Visitor,False,False
0,0.0,0,0.0,1,0.0,0.17,0.2,0.0,0.0,Dec,1,1,4,1,Returning_Visitor,False,False
3,0.0,2,13.93,50,1505.69,0.06,0.08,0.0,0.0,Dec,1,1,1,3,Returning_Visitor,False,False
1,0.0,1,30.5,24,1689.13,0.0,0.01,0.0,0.0,Nov,2,2,9,2,Returning_Visitor,False,False
0,0.0,4,84.91,60,2068.25,0.0,0.03,0.08,0.0,Nov,2,1,1,2,Returning_Visitor,False,False
3,144.08,1,6.0,122,7141.21,0.01,0.02,0.0,0.0,Nov,3,2,1,2,Returning_Visitor,True,False
0,0.73,0,1.49,6,214.42,0.0,0.07,0.0,0.0,Mar,1,1,3,10,Returning_Visitor,False,False
0,0.0,0,1.73,4,123.0,0.0,0.07,0.31,0.0,May,3,2,4,3,Returning_Visitor,False,False
3,142.57,0,3.64,45,7563.24,0.0,0.01,21.03,0.0,Nov,2,2,3,3,Returning_Visitor,False,True
5,141.86,0,0.0,60,1516.73,0.01,0.02,0.0,0.0,Aug,2,2,4,3,Returning_Visitor,True,False
0,0.78,0,0.0,4,70.5,0.05,0.07,0.23,0.0,Mar,3,2,4,3,Returning_Visitor,False,False
8,447.12,3,168.38,36,4777.81,0.01,0.02,0.0,0.0,Nov,3,2,1,1,Returning_Visitor,True,False
9,38.08,2,724.0,18,706.98,0.0,0.04,0.0,0.0,Nov,1,1,1,1,Returning_Visitor,False,False
3,17.0,0,105.0,9,148.25,0.02,0.02,1.85,0.0,Mar,3,2,1,1,Returning_Visitor,False,False
0,0.0,0,0.0,21,517.54,0.0,0.01,16.16,0.0,Nov,1,2,3,8,Returning_Visitor,False,True
0,4.0,0,0.0,6,102.0,0.0,0.06,0.08,0.0,May,2,2,1,3,New_Visitor,False,False
9,105.24,0,0.0,33,3959.15,0.0,0.01,11.55,0.0,May,2,2,1,2,Returning_Visitor,False,True
3,22.0,1,238.31,22,602.17,0.0,0.01,0.0,0.0,Mar,2,2,1,2,Returning_Visitor,True,False
0,1.31,0,3.92,13,255.08,0.0,0.02,0.0,0.0,Dec,2,2,8,2,Returning_Visitor,True,False
0,0.0,0,4.04,45,1387.27,0.04,0.06,0.0,0.0,Jul,3,2,6,13,Returning_Visitor,False,False
1,55.4,0,8.93,9,949.6,0.0,0.05,1.17,0.01,Oct,1,8,5,2,Returning_Visitor,False,False
3,26.0,0,0.0,4,636.0,0.0,0.03,0.0,0.29,May,2,2,1,19,Returning_Visitor,False,False
1,2.57,0,0.0,1,137.15,0.2,0.2,0.0,0.0,Dec,1,1,1,10,Returning_Visitor,False,False
3,48.5,0,0.0,35,668.1,0.01,0.02,42.17,0.0,Nov,2,4,1,3,Returning_Visitor,False,True
0,0.74,0,3.41,2,69.69,0.0,0.1,0.0,0.0,Dec,2,2,2,2,Returning_Visitor,False,False
3,82.6,0,2.1,21,1375.13,0.0,0.02,4.82,0.0,Oct,4,1,3,2,Returning_Visitor,False,True
2,7.0,0,6.83,56,656.77,0.0,0.01,0.09,0.0,Nov,1,1,1,3,Returning_Visitor,True,False
3,49.33,5,303.25,7,148.5,0.0,0.01,0.0,0.0,Mar,3,2,1,2,Returning_Visitor,False,False
8,137.19,0,0.0,47,1483.37,0.0,0.01,19.78,0.4,May,2,2,2,4,Returning_Visitor,False,False
4,183.0,1,35.0,15,557.33,0.0,0.01,16.1,0.0,May,2,2,2,5,Returning_Visitor,False,True
3,25.43,0,3.57,48,3510.42,0.0,0.01,11.19,0.0,May,2,2,4,6,Returning_Visitor,False,True
4,107.53,1,298.0,16,570.33,0.01,0.01,0.0,0.0,May,3,2,6,1,Returning_Visitor,False,False
0,0.0,0,0.0,5,127.15,0.15,0.19,0.29,0.0,Mar,3,2,7,3,Returning_Visitor,False,False
0,0.0,0,7.85,14,510.5,0.0,0.02,31.31,0.0,Mar,2,2,1,2,New_Visitor,False,True
0,0.0,0,0.0,2,59.44,0.0,0.1,0.04,0.0,Aug,3,2,1,3,Returning_Visitor,False,False
0,0.0,0,8.62,67,1608.0,0.0,0.02,0.0,0.8,May,2,2,6,4,Returning_Visitor,False,False
0,0.0,0,0.0,3,249.0,0.0,0.07,0.09,0.0,Mar,2,2,9,2,Returning_Visitor,False,False
3,66.4,0,4.93,39,742.69,0.0,0.02,71.39,0.0,Dec,2,2,4,2,Returning_Visitor,False,True
3,81.0,0,0.0,19,448.03,0.0,0.01,0.0,0.0,May,3,2,5,4,Returning_Visitor,True,False
0,0.0,0,1.72,4,28.0,0.05,0.08,0.0,0.0,Nov,2,2,3,3,Returning_Visitor,False,False
0,0.66,0,0.0,2,286.81,0.0,0.1,0.0,0.0,Jul,2,2,7,13,Returning_Visitor,False,False
3,84.0,0,0.0,30,597.63,0.01,0.01,0.15,0.0,Nov,1,8,1,4,Returning_Visitor,True,False
6,186.5,0,0.0,21,476.25,0.01,0.04,16.04,0.0,Dec,2,2,1,2,Returning_Visitor,False,True
3,185.99,5,111.17,179,10415.78,0.0,0.02,18.08,0.0,Nov,2,2,3,2,Returning_Visitor,True,False
4,246.8,0,0.0,13,175.77,0.04,0.05,0.0,0.0,Sep,3,2,1,3,Returning_Visitor,False,False
0,1.77,0,0.0,17,681.56,0.02,0.03,0.0,0.0,Nov,3,2,3,1,Returning_Visitor,False,False
8,143.69,8,666.78,42,1822.84,0.0,0.02,10.11,0.0,May,2,2,1,2,Returning_Visitor,False,False
4,135.93,0,0.0,22,3410.88,0.02,0.06,0.0,0.0,Nov,2,2,1,2,Returning_Visitor,False,False
0,0.7,0,0.0,111,1714.94,0.01,0.03,0.0,0.0,Dec,2,2,1,2,Returning_Visitor,False,False
0,0.0,2,5.79,4,57.75,0.01,0.07,0.0,0.0,Nov,2,2,3,1,Returning_Visitor,False,False
3,25.41,0,0.0,26,1649.5,0.0,0.01,1.11,0.0,May,2,2,7,2,Returning_Visitor,False,True
0,0.0,0,0.0,73,517.34,0.04,0.02,6.14,0.0,Nov,3,2,5,2,Returning_Visitor,True,False
3,142.21,6,1343.25,48,3472.87,0.0,0.04,0.3,0.01,May,2,2,1,2,Returning_Visitor,False,False
3,105.0,0,0.0,17,999.0,0.0,0.01,0.0,0.0,May,3,2,3,4,New_Visitor,False,False
1,41.0,0,0.0,43,1087.25,0.0,0.01,0.0,0.0,Mar,4,2,1,1,Returning_Visitor,False,False
3,0.0,0,9.2,34,1675.34,0.0,0.02,0.0,0.0,Mar,2,2,7,3,Returning_Visitor,False,False
0,0.0,0,0.0,1,0.0,0.16,0.18,0.9,0.01,Nov,1,8,3,1,Returning_Visitor,False,False
11,139.5,2,73.26,44,1758.25,0.0,0.02,0.0,0.0,June,2,5,4,2,Returning_Visitor,False,True
0,0.8,0,2.28,3,514.0,0.0,0.07,0.0,0.0,Mar,2,2,3,1,Returning_Visitor,False,False
1,6.5,0,0.0,14,511.25,0.0,0.01,7.85,0.0,Dec,2,2,3,8,New_Visitor,True,True
3,79.6,0,0.0,18,627.65,0.0,0.02,0.39,0.0,Sep,1,2,2,2,Returning_Visitor,False,False
0,0.0,0,2.0,4,536.61,0.05,0.1,0.0,0.0,May,3,2,5,20,Returning_Visitor,False,False
0,0.75,0,6.35,11,253.0,0.0,0.03,0.15,0.0,Mar,2,2,2,1,Returning_Visitor,False,False
9,283.25,0,0.0,30,1166.17,0.0,0.0,18.61,0.01,Nov,1,1,1,20,New_Visitor,False,True
2,67.5,0,0.0,10,268.0,0.0,0.02,14.25,0.0,Dec,2,2,1,2,New_Visitor,False,True
0,0.6,0,0.0,74,1716.15,0.01,0.05,0.05,0.0,Nov,2,2,1,2,Returning_Visitor,False,False
0,0.0,0,6.11,9,138.5,0.02,0.05,0.0,0.6,May,1,1,2,2,Returning_Visitor,False,False
0,0.0,0,1.66,1,38.26,0.16,0.2,0.0,0.0,May,3,2,1,1,Returning_Visitor,True,False
0,0.0,0,1.9,25,581.03,0.0,0.01,0.0,0.0,Sep,2,2,3,4,Returning_Visitor,False,False
4,134.5,2,3.59,7,169.5,0.02,0.02,0.14,0.8,May,3,2,1,3,Returning_Visitor,False,False
3,29.0,1,0.0,9,602.15,0.0,0.02,56.91,0.0,May,2,2,1,4,New_Visitor,False,True
3,181.6,2,722.52,46,1717.87,0.01,0.02,0.0,0.0,Aug,3,2,1,1,Returning_Visitor,False,False
0,0.0,0,2.31,2,0.0,0.2,0.2,0.0,0.0,Nov,3,2,9,1,Returning_Visitor,False,False
11,135.1,0,0.0,23,620.03,0.02,0.03,0.27,0.0,May,2,5,1,2,Returning_Visitor,False,False
0,0.0,0,0.0,4,75.5,0.0,0.06,0.0,0.0,Mar,2,2,1,1,Returning_Visitor,True,False
0,0.0,0,0.0,5,403.47,0.17,0.14,0.73,0.0,Nov,1,1,1,10,Returning_Visitor,True,False
0,1.77,0,0.0,1,0.0,0.2,0.18,0.0,0.0,June,2,2,1,4,Returning_Visitor,False,False
3,13.62,0,0.0,27,957.88,0.0,0.02,8.5,0.0,Mar,3,2,4,2,Returning_Visitor,True,False
3,18.6,0,0.0,85,2834.28,0.0,0.01,57.27,0.0,Nov,2,2,1,1,Returning_Visitor,True,False
2,31.0,2,13.0,23,759.67,0.01,0.05,0.01,0.0,May,2,2,6,4,Returning_Visitor,False,False
7,123.5,0,0.0,48,477.5,0.0,0.01,0.0,0.0,May,2,2,9,4,Returning_Visitor,False,False
4,137.38,0,0.0,15,497.1,0.0,0.01,0.0,0.01,May,1,1,8,2,Returning_Visitor,True,False
8,143.17,0,0.0,35,1090.53,0.01,0.03,69.28,0.0,May,2,2,1,4,Returning_Visitor,False,True
0,0.0,0,2.26,28,1333.6,0.0,0.02,0.0,0.0,May,1,1,1,3,Returning_Visitor,True,False
0,0.0,0,0.0,5,1754.8,0.0,0.06,0.0,0.0,Mar,1,1,1,10,Returning_Visitor,False,False
9,1104.2,0,0.0,18,1826.44,0.01,0.01,0.0,0.0,Oct,1,1,1,2,Returning_Visitor,True,False
3,48.5,0,0.0,77,1069.97,0.0,0.01,0.0,0.0,Dec,2,2,3,2,Returning_Visitor,False,False
0,0.0,0,0.0,40,577.75,0.02,0.03,0.22,0.0,Nov,3,2,1,3,Returning_Visitor,False,False
6,142.91,0,0.0,23,264.34,0.0,0.03,0.0,0.0,Nov,1,1,1,5,Returning_Visitor,False,False
4,34.0,0,0.0,46,627.31,0.0,0.0,0.0,0.0,Mar,2,2,7,8,New_Visitor,False,False
3,37.0,0,7.73,46,775.33,0.0,0.01,0.0,0.0,Mar,4,1,1,2,Returning_Visitor,True,False
0,0.0,0,14.08,10,590.48,0.0,0.02,0.0,0.4,May,3,2,4,13,Returning_Visitor,False,False
3,70.6,0,0.0,30,515.23,0.0,0.02,0.0,0.0,Aug,2,2,3,1,Returning_Visitor,False,False
0,1.91,0,0.0,1,80.13,0.0,0.1,0.0,0.0,Nov,1,1,1,3,Other,False,False
0,0.0,0,0.0,1,0.0,0.2,0.2,0.16,0.0,Jul,2,2,7,1,Returning_Visitor,False,False
5,13.15,0,2.4,44,1665.05,0.0,0.01,0.0,0.0,Nov,4,1,1,2,Returning_Visitor,False,False
4,228.72,0,0.0,4,154.9,0.01,0.01,0.75,0.0,Oct,1,8,1,2,New_Visitor,False,False
0,0.0,0,0.0,48,1681.62,0.01,0.03,0.0,0.2,May,2,2,2,3,Returning_Visitor,False,False
0,11.0,1,5.59,35,1557.17,0.01,0.02,0.39,0.0,May,2,4,3,3,Returning_Visitor,False,False
0,0.0,0,0.0,1,0.0,0.2,0.18,0.0,0.0,Dec,2,2,1,13,Returning_Visitor,False,False
7,79.2,0,0.0,40,1011.92,0.0,0.02,12.91,0.0,Sep,2,2,4,4,Returning_Visitor,False,False
1,145.36,0,0.0,49,1998.25,0.01,0.04,0.04,0.0,Nov,2,2,1,2,Returning_Visitor,True,False
3,1.55,1,37.0,47,287.29,0.01,0.0,0.0,0.01,May,1,1,3,2,Returning_Visitor,False,False
0,0.0,0,0.0,18,849.54,0.0,0.01,0.0,0.0,Nov,1,1,1,2,Returning_Visitor,False,False
3,58.5,1,0.0,11,1012.17,0.01,0.04,62.87,0.0,May,2,2,6,1,Returning_Visitor,False,True
1,0.99,0,3.72,24,958.25,0.02,0.04,24.34,0.0,May,2,2,1,6,Returning_Visitor,False,False
0,0.0,0,0.0,16,318.75,0.0,0.0,0.0,0.0,Nov,3,2,7,1,Returning_Visitor,False,True
2,146.73,0,0.0,5,278.0,0.0,0.03,0.17,0.0,Mar,2,2,1,2,New_Visitor,True,False
0,0.0,0,0.0,1,181.93,0.2,0.18,0.14,0.0,Nov,2,2,6,13,Returning_Visitor,True,False
0,0.0,0,0.0,20,553.63,0.01,0.02,0.0,0.0,Mar,3,2,1,1,Returning_Visitor,False,False
0,1.91,1,8.0,31,651.67,0.0,0.01,0.0,0.0,May,4,1,1,2,New_Visitor,True,False
1,6.0,0,0.0,40,302.98,0.02,0.02,0.0,0.6,May,3,2,1,3,Returning_Visitor,False,False
0,0.0,0,4.55,1,0.0,0.2,0.18,0.33,0.2,May,3,2,3,3,Returning_Visitor,False,False
3,96.0,0,0.0,6,384.0,0.0,0.03,0.0,0.0,Mar,2,2,1,2,New_Visitor,False,False
3,98.5,1,21.25,46,1438.1,0.0,0.02,27.86,0.0,Dec,3,2,1,2,Returning_Visitor,False,False
0,0.0,0,0.0,8,255.36,0.0,0.03,0.76,0.0,Dec,3,2,3,10,Returning_Visitor,False,False
3,68.5,0,0.0,46,1121.21,0.01,0.0,0.0,0.0,Mar,1,1,1,2,Returning_Visitor,True,False
1,21.0,0,0.0,16,760.01,0.0,0.01,0.0,0.0,Dec,1,1,1,2,New_Visitor,False,False
0,1.78,0,8.34,12,426.33,0.0,0.01,0.0,0.0,Nov,1,1,4,3,Returning_Visitor,False,False
9,183.5,2,29.67,41,2211.61,0.01,0.01,1.82,0.0,May,4,2,4,2,Returning_Visitor,False,True
7,145.98,0,0.0,48,1723.26,0.0,0.02,0.0,0.0,Oct,2,2,1,4,Returning_Visitor,False,False
3,274.5,0,0.0,15,564.09,0.0,0.01,0.04,0.22,May,1,1,6,2,Returning_Visitor,False,False
2,14.0,0,0.0,58,1806.5,0.01,0.03,0.38,0.8,May,2,2,2,6,Returning_Visitor,False,False
3,120.35,1,0.0,49,829.8,0.07,0.09,0.0,0.0,Oct,3,2,1,13,Returning_Visitor,False,False
7,25.48,2,37.0,37,1941.08,0.01,0.03,0.0,0.0,May,2,2,2,13,Returning_Visitor,False,False
1,20.32,0,0.0,49,1692.08,0.02,0.02,0.0,0.0,May,1,1,3,3,Returning_Visitor,False,False
9,7.84,0,0.0,240,1552.43,0.0,0.0,20.62,0.0,Oct,2,5,4,2,Returning_Visitor,False,True
0,0.0,3,9.74,24,1342.26,0.02,0.04,72.07,0.0,Nov,1,1,8,10,Returning_Visitor,False,False
0,0.0,0,4.78,57,3635.73,0.01,0.04,12.36,0.0,Nov,3,2,3,1,Returning_Visitor,True,True
0,0.0,0,3.21,2,36.5,0.0,0.03,0.0,0.0,Mar,3,2,1,1,Returning_Visitor,False,False
11,66.27,7,258.25,40,1352.83,0.0,0.02,0.0,0.0,May,3,2,1,2,Returning_Visitor,False,False
1,5.5,0,1.51,7,286.0,0.03,0.05,0.0,0.0,Mar,2,2,1,1,Returning_Visitor,False,False
0,0.0,0,4.95,4,521.0,0.04,0.05,0.19,0.0,Mar,2,3,7,10,Returning_Visitor,False,False
0,5.0,0,0.0,47,1096.89,0.01,0.02,0.0,0.0,Dec,3,2,8,10,Returning_Visitor,False,False
3,75.6,0,5.14,46,1636.59,0.01,0.02,0.0,0.6,May,3,2,9,3,Returning_Visitor,False,False
1,0.0,3,82.0,120,1364.29,0.0,0.01,16.96,0.0,Nov,1,2,1,11,Returning_Visitor,False,True
0,0.0,0,0.0,15,598.6,0.0,0.03,0.07,0.0,Jul,2,2,1,2,Returning_Visitor,False,False
6,143.54,0,0.0,49,538.97,0.0,0.02,0.12,0.02,May,2,2,7,4,Returning_Visitor,False,False
8,124.23,0,0.0,10,195.5,0.0,0.01,0.0,0.0,May,1,1,3,2,Returning_Visitor,False,False
0,1.9,0,0.0,14,128.5,0.07,0.06,0.0,1.0,May,3,2,1,13,Returning_Visitor,True,False
4,69.83,0,0.0,133,4885.05,0.0,0.01,15.96,0.0,Nov,1,2,1,2,Returning_Visitor,True,False
0,0.0,0,10.41,49,1702.66,0.0,0.01,0.0,0.0,Nov,4,1,1,2,Returning_Visitor,False,False
1,35.93,0,1.99,22,863.41,0.0,0.06,0.0,0.0,Jul,3,2,1,4,Returning_Visitor,False,False
0,0.0,0,4.22,3,27.2,0.13,0.13,1.03,0.0,Oct,3,2,4,1,Returning_Visitor,False,False
0,0.0,0,0.0,3,207.96,0.0,0.03,0.0,0.0,Mar,1,2,1,2,Returning_Visitor,True,False
7,104.25,0,0.0,48,7661.65,0.01,0.03,0.0,0.0,Oct,2,2,8,13,Returning_Visitor,False,False
9,19.01,7,227.25,49,6254.42,0.0,0.04,3.43,0.0,May,3,2,1,2,Returning_Visitor,True,False
11,2.44,3,61.6,38,124.87,0.0,0.03,0.0,0.0,May,1,1,1,2,Returning_Visitor,False,True
0,0.0,0,1.46,4,82.0,0.0,0.05,0.0,0.0,Nov,2,2,4,1,Returning_Visitor,False,False
2,53.5,0,2.45,85,6902.66,0.0,0.02,0.0,0.0,Nov,2,2,1,2,Returning_Visitor,False,True
0,9.0,0,17.93,23,1729.98,0.02,0.03,17.73,0.0,June,2,2,5,2,Returning_Visitor,False,True
1,25.75,1,189.5,22,2297.8,0.01,0.02,19.0,0.4,May,3,2,1,13,Returning_Visitor,False,True
0,0.0,0,2.13,13,249.0,0.0,0.02,0.08,0.0,Nov,2,2,2,2,Returning_Visitor,False,False
3,100.0,0,0.0,18,954.91,0.0,0.01,0.0,0.0,May,3,2,8,2,Returning_Visitor,True,False
0,0.78,0,16.92,15,477.0,0.0,0.02,0.0,0.0,Mar,2,2,2,1,Returning_Visitor,False,False
5,112.54,0,0.0,5,71.4,0.01,0.02,11.21,0.0,Nov,2,4,7,2,New_Visitor,False,True
0,0.65,0,0.0,4,59.0,0.08,0.12,0.15,0.0,Mar,2,2,7,1,Returning_Visitor,False,False
2,12.0,0,5.43,43,1705.85,0.0,0.03,0.0,0.0,Mar,2,4,7,1,Returning_Visitor,False,False
6,146.69,3,53.2,42,5066.66,0.01,0.02,0.0,0.0,Nov,3,2,3,2,Returning_Visitor,True,False
12,345.83,0,0.0,22,3258.07,0.0,0.0,0.0,0.0,Nov,1,2,1,1,Returning_Visitor,True,False
2,6.0,0,4.3,7,501.02,0.03,0.06,2.02,0.0,Sep,1,1,4,4,Returning_Visitor,True,True
0,0.0,0,0.0,12,483.29,0.0,0.06,0.0,0.0,Dec,2,5,1,1,Returning_Visitor,False,False
0,0.8,0,0.0,13,123.0,0.0,0.02,0.0,0.0,Mar,2,2,1,3,Returning_Visitor,False,False
0,0.0,0,2.37,2,0.0,0.2,0.18,0.07,0.0,Mar,2,2,1,3,Returning_Visitor,False,False
3,11.33,0,0.0,20,302.39,0.0,0.0,0.0,0.0,Mar,2,2,1,3,Returning_Visitor,False,False
0,0.0,0,4.75,6,200.56,0.0,0.03,0.29,0.0,Dec,2,4,1,3,Returning_Visitor,False,False
3,90.6,0,0.0,23,424.6,0.02,0.06,0.0,0.0,Aug,3,2,6,1,Returning_Visitor,False,False
0,0.0,0,3.27,6,210.42,0.0,0.03,0.04,0.0,May,2,2,1,2,Returning_Visitor,False,False
4,138.84,2,1529.2,23,2128.7,0.0,0.02,16.2,0.01,May,2,2,1,2,Returning_Visitor,False,False
0,0.0,0,2.11,19,552.03,0.0,0.06,0.69,0.0,Nov,2,2,1,10,Returning_Visitor,True,False
7,146.67,0,0.0,42,612.75,0.01,0.02,43.81,0.0,May,2,2,2,1,Returning_Visitor,False,True
13,18.98,3,46.25,24,1249.48,0.04,0.03,0.0,0.0,Nov,1,1,1,2,Returning_Visitor,False,False
0,0.88,0,1.85,2,0.0,0.2,0.18,0.0,0.01,Mar,2,2,1,1,Returning_Visitor,False,False
3,29.0,0,8.16,49,1191.89,0.02,0.03,0.0,0.0,Nov,2,2,1,2,Returning_Visitor,False,False
9,294.66,2,97.64,44,3173.21,0.0,0.02,5.87,0.0,June,1,1,1,2,Returning_Visitor,False,False
8,6.85,0,102.0,19,357.17,0.01,0.02,0.0,0.0,May,4,1,3,2,Returning_Visitor,True,False
1,0.0,0,0.0,30,805.83,0.0,0.0,0.0,0.0,Nov,1,1,3,8,New_Visitor,False,False
0,0.0,0,0.0,14,248.49,0.0,0.0,0.0,0.0,Dec,2,2,5,2,New_Visitor,False,False
0,0.83,0,2.36,10,235.74,0.08,0.18,1.31,0.0,June,3,2,1,1,Returning_Visitor,False,False
0,0.0,0,1.53,1,0.0,0.17,0.12,0.11,0.4,May,1,8,7,4,Returning_Visitor,False,False
0,7.33,0,6.12,47,1726.47,0.0,0.02,0.0,0.0,Dec,3,2,3,1,Returning_Visitor,False,False
0,0.0,0,0.0,4,87.5,0.0,0.06,0.13,0.0,May,2,2,4,3,Returning_Visitor,False,False
2,70.0,0,0.0,18,443.0,0.0,0.03,0.18,0.0,May,2,5,5,4,New_Visitor,False,True
3,281.92,1,6.0,83,2616.91,0.0,0.03,0.0,0.0,Nov,3,2,3,2,Returning_Visitor,True,True
0,0.0,0,0.0,14,416.83,0.0,0.02,0.33,0.0,May,2,2,2,2,New_Visitor,True,False
0,0.0,0,1.77,1,0.0,0.2,0.2,0.0,0.0,Nov,2,2,6,10,Returning_Visitor,False,False
0,0.61,0,0.0,17,2641.42,0.02,0.03,0.0,0.0,Nov,3,2,4,13,Returning_Visitor,False,False
0,4.44,0,0.0,10,70.0,0.0,0.07,0.0,0.0,Nov,1,1,2,2,New_Visitor,True,False
2,58.4,0,0.0,54,3708.39,0.0,0.02,5.65,0.0,May,4,2,9,2,Returning_Visitor,False,True
0,0.0,1,4.2,48,926.67,0.02,0.06,0.0,0.56,May,3,2,1,4,Returning_Visitor,True,False
0,0.0,0,0.0,5,133.5,0.0,0.03,0.0,0.0,Dec,4,2,1,2,New_Visitor,False,False
0,0.0,0,0.0,27,4622.0,0.02,0.06,0.0,0.0,Oct,2,2,1,1,Returning_Visitor,False,False
0,0.0,0,0.0,1,45.77,0.2,0.17,0.22,0.01,Nov,1,1,5,2,Returning_Visitor,False,False
0,0.66,0,0.0,41,1837.2,0.05,0.07,0.0,0.0,Nov,2,2,1,3,Returning_Visitor,False,False
0,0.0,0,0.0,6,30.0,0.18,0.19,0.0,0.14,May,3,2,6,3,Returning_Visitor,False,False
9,44.25,4,343.88,82,5076.38,0.0,0.01,28.42,0.0,May,3,2,1,13,Returning_Visitor,False,True
0,0.91,0,3.79,20,172.11,0.04,0.05,0.03,0.82,May,3,2,1,3,Returning_Visitor,True,False
6,40.17,0,0.0,49,895.83,0.07,0.07,0.0,0.0,May,2,2,6,13,Returning_Visitor,False,False
3,26.0,1,21.98,103,1711.92,0.01,0.03,0.0,0.0,Nov,3,2,1,2,Returning_Visitor,False,False
2,42.0,0,2.22,16,602.0,0.01,0.06,0.0,0.0,May,2,2,1,3,Returning_Visitor,False,False
0,0.91,0,0.0,1,0.0,0.2,0.2,0.68,0.0,Mar,3,2,3,1,Returning_Visitor,False,False
0,0.0,0,0.0,7,355.67,0.0,0.04,0.0,1.0,May,2,1,2,2,Returning_Visitor,True,False
1,5.0,0,30.21,13,545.57,0.01,0.02,26.12,0.01,Mar,1,2,1,2,Returning_Visitor,True,True
0,0.0,0,2.89,4,7.0,0.1,0.15,0.0,0.0,May,2,5,8,1,Returning_Visitor,False,False
2,16.0,0,0.0,20,381.69,0.01,0.05,0.0,0.6,Feb,2,4,2,2,Returning_Visitor,False,False
0,1.93,0,0.0,49,1808.71,0.01,0.03,0.0,0.0,Nov,2,2,9,2,New_Visitor,True,False
0,0.71,0,0.0,33,2861.97,0.0,0.03,0.0,0.0,Nov,2,2,9,2,Returning_Visitor,False,False
0,0.0,0,2.08,15,250.25,0.05,0.08,0.0,0.0,Dec,1,1,1,3,Returning_Visitor,True,False
0,5.81,1,120.5,49,678.03,0.01,0.03,3.33,0.0,Dec,1,1,1,2,Returning_Visitor,False,False
1,5.0,0,0.0,49,1710.04,0.0,0.01,0.21,0.0,Dec,2,2,7,2,Returning_Visitor,False,False
0,0.0,0,0.0,4,78.75,0.03,0.07,0.0,0.0,Nov,2,2,9,3,Returning_Visitor,False,False
0,0.0,0,3.74,34,508.56,0.01,0.03,0.0,0.0,Dec,2,2,3,10,Returning_Visitor,False,False
3,6.45,2,72.1,46,1673.11,0.01,0.04,0.0,0.0,Oct,2,2,9,2,Returning_Visitor,False,False
3,112.0,0,0.0,20,1187.5,0.0,0.02,11.55,0.0,May,2,2,1,4,Returning_Visitor,False,False
3,47.0,0,0.0,48,3436.98,0.0,0.0,0.07,0.0,Nov,2,2,3,2,New_Visitor,False,True
5,115.64,0,0.0,45,657.26,0.0,0.0,0.0,0.0,Mar,1,1,2,2,New_Visitor,False,False
3,199.85,0,0.0,49,1267.45,0.0,0.02,17.93,0.0,Nov,2,4,1,4,Returning_Visitor,False,False
0,0.0,0,3.63,49,791.92,0.02,0.03,0.0,0.0,Nov,3,2,4,2,Returning_Visitor,False,False
11,34.09,0,0.0,40,1182.11,0.03,0.02,4.47,0.0,May,2,2,1,2,Returning_Visitor,False,False
0,0.0,0,0.0,1,0.0,0.2,0.18,0.0,0.0,Nov,3,2,1,3,Returning_Visitor,False,False
0,0.73,0,2.34,15,1861.5,0.01,0.02,0.18,0.0,May,2,3,4,2,Returning_Visitor,False,False
3,74.0,0,0.0,8,209.44,0.03,0.07,0.0,0.0,May,3,2,3,3,Returning_Visitor,False,False
0,0.0,0,1.61,9,116.33,0.0,0.06,0.13,0.0,Mar,2,2,1,1,Returning_Visitor,False,False
6,104.5,0,0.0,11,1206.75,0.0,0.01,0.0,0.0,May,4,1,3,8,New_Visitor,False,False
3,178.92,1,6.0,33,1017.58,0.02,0.01,0.0,0.0,Nov,3,2,1,3,Returning_Visitor,False,False
0,0.0,0,0.0,17,54.03,0.2,0.2,0.0,0.0,Nov,1,1,6,1,Returning_Visitor,True,False
0,0.64,0,2.52,49,2494.82,0.0,0.01,0.0,0.0,Nov,1,2,1,2,Returning_Visitor,False,False
3,23.96,0,2.75,94,2103.94,0.01,0.04,11.43,0.0,Jul,2,2,1,1,Returning_Visitor,False,False
2,94.39,0,4.33,48,2259.74,0.0,0.02,12.23,0.0,Dec,1,1,7,2,Returning_Visitor,False,True
3,89.0,0,0.0,48,655.54,0.0,0.04,0.0,0.0,Nov,2,2,4,1,Returning_Visitor,False,False
4,43.0,0,0.0,26,2544.05,0.0,0.03,62.41,0.0,May,4,1,2,2,Returning_Visitor,False,False
1,43.5,0,0.0,25,1055.58,0.01,0.02,0.0,0.0,Dec,1,1,1,2,Returning_Visitor,False,False
0,0.82,0,0.0,20,1690.83,0.02,0.03,0.0,0.0,Nov,3,2,8,1,Returning_Visitor,False,False
0,0.98,0,0.0,1,39.5,0.0,0.06,0.64,0.0,Dec,1,2,1,2,Returning_Visitor,False,False
0,0.0,0,0.0,6,212.16,0.12,0.13,0.25,0.0,Jul,3,2,1,3,Returning_Visitor,True,False
0,0.0,0,0.0,1,0.0,0.2,0.2,0.0,0.0,Nov,2,2,3,1,Returning_Visitor,False,False
4,144.34,0,0.0,11,512.9,0.0,0.01,0.0,0.0,Nov,1,1,3,2,New_Visitor,False,False
3,141.98,0,0.0,6,166.0,0.0,0.05,0.15,0.0,Jul,2,2,8,6,New_Visitor,False,True
1,129.81,0,0.0,21,1089.62,0.01,0.03,0.0,0.0,Nov,2,2,1,20,Returning_Visitor,False,False
4,137.57,0,0.0,16,360.0,0.0,0.01,0.0,0.0,May,2,2,1,3,New_Visitor,False,False
5,327.4,0,0.0,49,1684.96,0.0,0.0,0.0,0.0,Nov,3,2,9,3,Returning_Visitor,False,False
3,67.87,2,12.0,16,393.0,0.01,0.05,0.53,0.0,Sep,2,10,1,5,New_Visitor,False,False
0,0.0,0,0.0,12,166.0,0.03,0.06,0.07,0.0,Mar,2,2,1,1,Returning_Visitor,True,False
0,0.0,0,0.0,12,99.0,0.18,0.15,0.0,0.8,May,3,2,1,13,Returning_Visitor,False,False
2,160.0,0,5.35,17,1306.67,0.01,0.04,0.0,0.0,Mar,3,2,2,3,Returning_Visitor,False,False
0,0.0,0,7.27,4,49.5,0.01,0.02,0.0,0.0,Mar,2,2,9,2,Returning_Visitor,False,False
1,24.0,1,72.0,13,485.51,0.0,0.01,11.56,0.0,May,2,2,1,4,Returning_Visitor,False,True
5,76.0,0,0.0,20,535.25,0.0,0.02,0.0,0.0,Dec,1,1,1,3,Returning_Visitor,True,False
0,0.0,0,3.33,3,0.0,0.2,0.2,0.0,0.0,Jul,2,2,8,1,Returning_Visitor,False,False
0,0.92,0,2.19,6,140.0,0.0,0.06,0.0,0.0,Mar,3,2,1,1,Returning_Visitor,False,False
0,0.0,0,0.0,7,59.0,0.0,0.03,0.0,0.0,May,2,2,2,3,Returning_Visitor,False,False
0,5.02,0,0.0,31,4374.42,0.01,0.03,0.0,0.0,Dec,1,1,2,1,Returning_Visitor,False,False
2,17.0,0,0.0,6,214.98,0.0,0.08,0.0,0.0,Aug,2,2,5,1,Returning_Visitor,False,False
0,0.0,0,0.0,49,1682.94,0.0,0.03,10.98,0.01,Sep,2,4,1,1,Returning_Visitor,False,False
0,0.0,0,0.0,7,234.58,0.0,0.01,0.0,0.0,May,2,2,1,5,New_Visitor,False,False
0,0.0,0,0.0,10,326.67,0.0,0.05,0.0,0.0,May,1,1,4,1,Returning_Visitor,True,False
0,0.0,0,0.0,20,747.14,0.05,0.1,0.0,0.0,May,1,1,1,15,Returning_Visitor,True,False
15,26.13,3,119.5,27,2933.7,0.0,0.02,18.13,0.0,May,2,2,1,1,Returning_Visitor,False,True
2,23.2,0,0.0,11,331.13,0.0,0.02,0.0,0.0,Sep,3,2,2,2,New_Visitor,True,False
2,0.0,2,116.0,11,419.75,0.0,0.04,0.0,0.0,Dec,2,2,1,2,Returning_Visitor,False,False
3,78.63,0,0.0,5,176.83,0.0,0.02,0.93,0.0,Jul,2,4,1,5,New_Visitor,False,False
0,0.0,0,23.21,33,1609.89,0.0,0.03,0.02,0.0,Dec,4,1,3,1,Returning_Visitor,False,False
0,0.0,0,0.0,91,1711.96,0.01,0.02,0.0,0.0,Nov,2,2,1,2,Returning_Visitor,True,False
2,820.0,0,3.45,28,1688.52,0.0,0.01,54.45,0.0,May,2,2,9,2,Returning_Visitor,False,False
3,74.0,0,0.0,48,744.83,0.0,0.01,0.0,0.0,Nov,2,2,3,2,New_Visitor,True,False
1,142.5,1,48.5,9,906.32,0.0,0.02,1.27,0.0,May,1,1,8,2,New_Visitor,True,False
0,0.8,0,1.92,1,305.51,0.2,0.2,0.94,0.0,May,1,1,1,15,Returning_Visitor,True,False
0,0.0,0,2.66,4,22.0,0.0,0.1,0.15,0.0,Mar,1,2,9,2,Returning_Visitor,True,False
3,400.65,0,0.0,27,952.28,0.0,0.0,0.39,0.0,Aug,1,2,1,2,New_Visitor,False,True
3,33.0,1,103.71,48,1715.05,0.0,0.02,0.0,0.01,Dec,2,2,1,2,Returning_Visitor,False,False
11,27.55,2,110.41,45,2110.26,0.0,0.03,0.0,0.0,May,3,2,1,2,Returning_Visitor,False,False
1,0.62,0,0.0,15,247.0,0.0,0.02,0.27,0.0,Nov,4,1,1,3,New_Visitor,False,False
5,102.72,4,121.62,29,1406.92,0.02,0.02,20.75,0.0,May,3,2,6,1,Returning_Visitor,False,False
0,2.46,0,0.0,13,331.0,0.0,0.03,0.54,0.0,Nov,1,1,7,10,Returning_Visitor,True,False
0,0.0,0,7.87,4,67.0,0.0,0.05,0.18,0.6,May,2,4,1,3,Returning_Visitor,False,False
0,1.01,0,2.48,5,236.94,0.0,0.01,0.0,0.0,Nov,3,2,7,6,Returning_Visitor,False,False
8,145.1,6,2166.5,14,1805.43,0.0,0.03,0.2,0.0,May,4,5,1,3,Returning_Visitor,False,False
1,0.72,0,0.0,12,269.96,0.0,0.01,0.0,0.0,Jul,3,2,3,4,Returning_Visitor,False,False
3,136.47,0,5.26,14,382.03,0.0,0.02,0.0,0.0,Dec,2,2,1,1,Returning_Visitor,False,False
4,56.0,0,0.0,10,709.0,0.0,0.02,0.0,0.0,Mar,2,2,1,2,New_Visitor,False,False
3,119.0,0,0.0,6,197.5,0.02,0.02,0.0,0.02,May,6,2,3,2,New_Visitor,True,False
0,0.0,0,0.0,49,1656.41,0.0,0.02,0.0,0.2,May,2,2,3,1,Returning_Visitor,False,False
0,0.0,0,0.0,12,1207.5,0.04,0.06,0.05,0.82,May,2,2,1,6,Returning_Visitor,False,False
7,17.85,2,77.0,41,1021.62,0.0,0.03,2.08,0.02,May,1,1,1,2,Returning_Visitor,False,True
0,0.0,0,1.98,12,203.89,0.0,0.02,0.0,0.0,Nov,3,2,1,3,Returning_Visitor,False,False
7,117.08,0,0.0,49,916.5,0.0,0.03,0.0,0.0,Nov,3,2,3,3,Returning_Visitor,False,False
0,0.0,0,0.0,12,547.18,0.06,0.06,0.0,0.0,May,2,2,7,14,Returning_Visitor,False,False
7,167.38,6,135.0,155,1728.69,0.0,0.01,112.67,0.0,Nov,1,1,1,2,Returning_Visitor,False,True
4,101.75,1,65.5,37,1307.47,0.01,0.03,0.0,0.0,Nov,3,2,3,2,Returning_Visitor,False,False
16,97.57,0,0.0,47,1143.83,0.0,0.01,0.58,0.0,Nov,3,2,1,2,Returning_Visitor,True,False
0,0.0,0,0.0,12,555.49,0.0,0.02,0.0,0.0,May,4,2,1,3,Returning_Visitor,True,False
3,122.58,0,0.0,48,1940.29,0.02,0.03,0.0,0.0,Nov,1,1,3,10,Returning_Visitor,True,False
0,0.0,0,1.86,27,1543.22,0.0,0.04,0.0,0.0,Jul,2,2,2,1,Returning_Visitor,False,False
3,39.48,0,0.0,18,577.16,0.0,0.01,0.0,0.0,Sep,3,2,8,4,New_Visitor,False,False
2,298.2,0,3.66,47,1850.12,0.0,0.01,11.5,0.0,Nov,1,1,2,2,Returning_Visitor,True,True
8,0.91,1,141.0,25,651.77,0.0,0.01,19.13,0.0,Nov,2,2,4,2,Returning_Visitor,False,True
2,66.5,0,0.0,5,118.5,0.0,0.04,0.0,0.0,June,2,2,7,2,Returning_Visitor,False,False
0,0.0,0,0.0,5,157.0,0.0,0.05,0.18,0.0,May,2,5,6,4,Returning_Visitor,False,False
0,1.05,0,1.42,3,208.55,0.0,0.06,0.0,0.0,Nov,1,1,2,10,Returning_Visitor,False,False
0,0.0,0,3.03,2,64.3,0.2,0.2,0.0,0.0,May,2,2,6,1,Returning_Visitor,True,False
0,0.0,0,1.65,2,0.0,0.2,0.2,0.0,0.25,May,3,2,1,13,Returning_Visitor,False,False
2,135.0,0,0.0,49,1684.38,0.01,0.05,0.0,0.0,Jul,1,1,8,3,Returning_Visitor,True,False
0,0.0,0,4.71,27,444.1,0.0,0.02,0.0,0.6,May,2,2,4,3,Returning_Visitor,False,False
3,43.5,0,0.0,30,2264.33,0.0,0.01,0.0,0.0,Mar,2,2,1,3,Returning_Visitor,True,False
1,2.0,0,2.65,12,323.23,0.0,0.01,0.29,0.0,Dec,3,2,8,1,Returning_Visitor,False,False
0,0.0,0,2.51,13,1221.37,0.0,0.05,0.0,0.0,Mar,2,2,1,1,Returning_Visitor,True,False
5,133.27,0,0.0,49,2026.63,0.01,0.04,0.0,0.0,Nov,3,2,7,13,Returning_Visitor,False,True
2,135.08,0,0.0,20,814.32,0.0,0.01,0.0,0.0,Dec,4,2,1,2,Returning_Visitor,False,False
3,79.1,0,0.0,38,1081.11,0.03,0.03,0.0,0.0,Sep,1,2,2,2,Returning_Visitor,True,False
0,0.0,0,0.0,24,832.0,0.0,0.03,11.49,0.0,Mar,2,6,1,1,Returning_Visitor,False,False
3,88.0,2,10.0,47,1390.39,0.0,0.02,2.23,0.0,May,3,2,1,4,Returning_Visitor,False,False
11,71.0,5,514.0,47,2605.7,0.0,0.01,14.85,0.0,May,2,2,1,2,Returning_Visitor,False,True
0,0.0,0,0.0,48,3312.5,0.01,0.03,0.0,0.0,Mar,2,2,1,13,Returning_Visitor,False,False
0,0.0,0,2.68,12,903.06,0.03,0.03,0.0,0.0,Mar,3,2,4,11,Returning_Visitor,False,False
1,140.58,0,0.0,35,1679.28,0.01,0.02,0.0,0.0,Mar,2,2,3,1,Returning_Visitor,True,False
0,12.77,0,0.0,3,60.4,0.0,0.07,0.0,0.0,Sep,2,1,1,5,Returning_Visitor,False,False
3,281.0,0,0.0,12,453.75,0.0,0.01,0.0,0.0,Mar,2,2,1,2,New_Visitor,False,False
1,0.0,0,1.76,5,199.5,0.0,0.01,0.0,0.0,Nov,4,2,1,3,Returning_Visitor,False,False
1,55.0,0,18.13,47,1842.95,0.0,0.01,0.0,0.0,Mar,2,2,6,2,Returning_Visitor,True,False
0,0.0,0,2.25,13,503.0,0.0,0.01,0.0,0.0,Dec,3,2,4,2,Returning_Visitor,False,False
0,0.0,0,2.31,7,101.0,0.04,0.12,0.21,0.01,Mar,2,5,1,3,Returning_Visitor,False,False
16,111.75,2,47.64,49,5946.28,0.0,0.01,11.52,0.01,May,2,2,1,2,Returning_Visitor,False,False
2,10.67,0,0.0,34,1645.25,0.02,0.03,0.0,0.0,May,3,2,4,13,Returning_Visitor,False,False
0,0.0,0,0.0,5,53.0,0.04,0.08,0.89,0.0,Mar,2,5,2,3,Returning_Visitor,False,False
0,0.0,1,222.0,25,1545.83,0.01,0.03,8.36,0.0,May,2,4,1,3,Returning_Visitor,False,False
3,0.0,0,0.0,4,215.24,0.0,0.05,0.0,0.0,Aug,4,1,1,3,New_Visitor,False,False
0,0.0,0,0.0,30,397.0,0.0,0.02,0.0,0.0,Mar,2,2,7,2,Returning_Visitor,False,False
3,24.5,1,710.0,42,4566.95,0.0,0.02,0.0,0.0,Mar,3,2,2,2,Returning_Visitor,False,False
0,0.0,0,3.73,110,5244.47,0.0,0.02,0.0,0.0,Nov,2,2,1,2,Returning_Visitor,False,True
2,47.0,0,0.0,21,825.08,0.0,0.01,10.75,0.0,Mar,3,2,2,2,New_Visitor,False,True
0,0.0,0,0.0,19,926.63,0.01,0.03,0.0,0.0,Mar,2,2,2,1,Returning_Visitor,True,False
6,141.99,0,0.0,5,100.42,0.0,0.02,0.0,0.0,Dec,3,2,6,8,New_Visitor,False,False
4,226.0,0,0.0,81,4836.49,0.0,0.01,5.31,0.0,Nov,2,2,1,2,Returning_Visitor,False,True
0,0.0,0,10.86,9,110.5,0.0,0.05,0.19,0.16,May,2,4,6,2,Returning_Visitor,False,False
3,68.29,0,0.0,26,741.06,0.01,0.04,10.08,0.0,Nov,3,2,4,1,Returning_Visitor,False,True
3,146.4,3,353.13,140,8961.41,0.0,0.01,0.03,0.0,Mar,2,2,7,2,Returning_Visitor,True,False
2,132.57,0,4.0,48,463.49,0.01,0.03,0.0,0.45,May,2,2,1,4,Returning_Visitor,False,False
5,73.8,0,0.0,5,82.5,0.0,0.03,0.0,0.0,Aug,2,2,6,5,New_Visitor,False,False
5,145.96,0,0.0,13,837.38,0.0,0.01,0.0,0.0,Nov,1,1,1,8,New_Visitor,False,True
0,0.0,0,3.38,4,40.5,0.02,0.1,0.05,0.0,Dec,3,2,3,3,Returning_Visitor,False,False
0,0.0,0,0.0,48,1711.11,0.0,0.0,0.0,0.0,Nov,1,1,1,2,New_Visitor,True,False
0,0.0,0,3.7,10,224.0,0.0,0.01,0.1,0.02,May,2,2,1,3,Returning_Visitor,False,False
4,86.0,0,0.0,34,4656.8,0.0,0.04,5.19,0.0,May,2,2,1,3,Returning_Visitor,False,False
2,47.0,0,5.98,17,411.62,0.01,0.03,0.0,0.0,Mar,2,2,7,3,Returning_Visitor,False,False
1,56.5,0,0.0,16,541.88,0.0,0.06,1.6,0.0,Nov,2,4,9,8,New_Visitor,False,True
0,0.0,0,3.2,11,1688.53,0.0,0.01,0.0,0.0,Dec,4,2,1,2,New_Visitor,False,False
6,378.47,0,5.24,13,950.67,0.04,0.05,0.0,0.0,Oct,1,1,1,3,Returning_Visitor,False,False
9,126.59,0,0.0,43,717.22,0.0,0.02,0.0,0.0,May,2,2,5,2,Returning_Visitor,True,False
0,0.0,0,3.55,18,260.93,0.01,0.02,0.0,0.0,May,2,2,1,1,Returning_Visitor,False,False
0,0.0,0,0.0,4,274.0,0.04,0.08,0.0,0.06,May,1,1,1,3,Returning_Visitor,False,False
3,2.44,0,0.0,21,37.0,0.08,0.11,0.0,0.35,May,1,1,2,4,Returning_Visitor,False,False
3,20.75,0,0.0,47,868.68,0.0,0.02,62.52,0.0,Dec,2,2,1,2,Returning_Visitor,False,False
4,137.15,0,1.91,19,1430.66,0.0,0.03,0.0,0.01,Nov,1,1,1,1,Returning_Visitor,False,False
4,11.33,2,14.2,49,1662.85,0.05,0.06,0.0,0.0,Mar,1,1,3,3,Returning_Visitor,False,False
0,0.73,0,0.0,19,960.73,0.02,0.05,0.0,0.0,May,2,2,4,6,Returning_Visitor,True,False
8,355.0,0,0.0,44,1039.6,0.0,0.01,0.0,0.0,Nov,1,2,3,10,Returning_Visitor,False,False
0,0.0,0,3.08,4,200.1,0.0,0.06,0.48,0.0,Nov,2,1,2,2,Returning_Visitor,False,True
0,0.0,0,0.0,15,1603.02,0.02,0.04,0.05,0.2,May,2,2,7,11,Returning_Visitor,False,False
3,143.85,0,0.0,30,1655.3,0.0,0.02,0.0,0.0,Aug,2,2,1,2,Returning_Visitor,False,False
0,0.0,0,1.48,11,192.45,0.04,0.04,11.49,0.0,Jul,3,2,1,1,Returning_Visitor,True,True
3,135.46,1,0.0,49,1205.95,0.0,0.02,39.18,0.0,May,2,2,1,13,Returning_Visitor,False,True
0,0.0,0,0.0,4,33.56,0.04,0.1,0.31,0.0,May,3,2,3,3,Returning_Visitor,False,False
0,0.0,0,2.89,2,76.01,0.0,0.1,0.06,0.2,May,1,1,1,3,Returning_Visitor,False,False
1,0.0,1,15.0,46,3626.0,0.0,0.04,0.0,0.0,Nov,1,1,4,2,Returning_Visitor,True,False
1,92.0,0,3.99,117,13158.67,0.05,0.04,0.0,0.0,May,2,2,4,4,Returning_Visitor,True,False
0,0.0,0,0.0,47,1702.01,0.0,0.02,90.93,0.0,Nov,1,2,1,2,Returning_Visitor,False,True
1,0.0,0,2.86,2,11.0,0.0,0.06,0.0,0.0,Dec,2,4,1,2,Returning_Visitor,False,False
1,9.38,0,12.63,0,1696.4,0.0,0.03,0.0,0.0,Mar,4,1,8,6,Returning_Visitor,False,False
0,0.0,0,0.0,87,4403.38,0.0,0.01,0.16,0.0,Dec,2,2,6,2,New_Visitor,False,False
0,0.0,0,0.0,12,1653.6,0.04,0.07,0.16,0.0,Jul,3,2,4,3,Returning_Visitor,False,False
0,0.0,0,0.0,37,987.5,0.01,0.01,0.3,0.0,Aug,2,10,3,4,Returning_Visitor,False,True
3,53.83,2,725.5,101,4713.8,0.0,0.01,20.62,0.0,Nov,1,1,6,2,Returning_Visitor,True,True
4,0.93,0,0.0,16,657.17,0.0,0.03,0.0,0.0,Nov,2,2,2,11,Returning_Visitor,False,False
2,94.43,0,2.58,13,385.3,0.01,0.03,0.0,0.0,May,1,1,1,5,Returning_Visitor,False,False
11,136.93,2,11.0,48,2032.6,0.0,0.02,5.73,0.0,May,2,2,1,2,Returning_Visitor,False,False
0,0.0,0,1.83,5,23.0,0.11,0.15,0.0,0.05,May,2,2,3,3,Returning_Visitor,False,False
2,992.71,5,809.5,47,1793.21,0.01,0.02,9.7,0.0,May,2,2,1,10,Returning_Visitor,False,True
11,136.85,2,91.5,162,5399.23,0.0,0.02,11.54,0.02,May,2,2,1,2,Returning_Visitor,False,True
7,241.86,3,228.0,154,4755.22,0.01,0.03,1.1,0.0,May,1,2,1,2,Returning_Visitor,True,False
0,0.0,0,0.0,1,0.0,0.2,0.2,0.0,0.0,Nov,3,2,3,2,Returning_Visitor,False,False
6,120.39,0,0.0,20,284.78,0.0,0.02,31.99,0.0,Oct,4,1,1,2,Returning_Visitor,False,True
1,0.0,0,0.0,45,1715.64,0.0,0.05,16.2,0.02,May,2,2,1,6,Returning_Visitor,True,False
3,0.0,0,6.02,49,882.61,0.0,0.01,0.0,0.0,Mar,1,1,2,2,Returning_Visitor,False,False
0,0.0,0,0.0,1,0.0,0.2,0.2,0.0,0.0,May,2,2,4,3,Returning_Visitor,False,False
0,0.0,0,1.54,4,99.5,0.0,0.04,0.16,0.0,Nov,1,1,4,2,Returning_Visitor,False,False
0,0.0,0,0.0,21,577.22,0.0,0.03,0.0,0.41,May,2,2,7,2,Returning_Visitor,False,False
2,31.0,0,515.0,4,718.67,0.0,0.01,0.0,0.0,May,2,2,6,6,Returning_Visitor,False,False
4,102.7,0,0.0,41,643.64,0.0,0.03,17.54,0.03,Nov,1,1,7,4,Returning_Visitor,True,True
0,0.0,0,3.15,30,488.32,0.0,0.0,0.0,0.0,Jul,1,1,1,4,Returning_Visitor,False,False
8,245.33,4,168.5,14,361.5,0.01,0.01,0.0,0.0,Nov,1,1,1,3,Returning_Visitor,False,False
6,140.86,1,106.0,48,1508.52,0.05,0.04,11.08,0.0,Nov,3,2,3,13,Returning_Visitor,False,False
0,0.0,0,3.65,10,1706.62,0.08,0.09,0.03,0.0,Dec,2,2,1,1,Returning_Visitor,False,False
0,0.0,0,1.83,7,248.0,0.06,0.08,0.0,0.0,Nov,3,2,3,13,Returning_Visitor,False,False
1,8.0,1,76.09,12,205.98,0.02,0.02,0.55,0.02,Mar,2,2,3,1,Returning_Visitor,False,False
3,24.0,0,0.0,45,498.33,0.0,0.02,76.79,0.0,Mar,2,2,1,10,Returning_Visitor,False,True
0,0.0,0,1.75,12,325.5,0.02,0.06,0.0,0.0,Feb,2,2,1,1,Returning_Visitor,False,False
0,0.0,0,0.0,37,979.07,0.0,0.02,0.08,0.0,Dec,3,3,3,3,Returning_Visitor,False,False
0,0.0,0,3.67,49,1715.87,0.0,0.01,0.0,0.0,Nov,2,2,1,2,Returning_Visitor,False,False
0,0.0,0,10.47,34,1228.5,0.04,0.06,0.0,0.0,Aug,3,2,1,4,Returning_Visitor,False,False
3,246.5,0,0.0,74,2326.67,0.0,0.0,11.11,0.0,May,2,4,3,2,New_Visitor,False,False
0,0.0,0,0.0,9,232.83,0.03,0.06,0.0,0.01,May,1,1,3,1,Returning_Visitor,False,False
0,0.75,0,1.64,6,24.0,0.13,0.18,0.0,0.8,May,2,2,7,3,Returning_Visitor,False,False
0,0.0,0,3.49,74,3237.11,0.0,0.01,0.0,0.0,Nov,4,2,3,3,Returning_Visitor,False,False
0,0.0,0,0.0,1,0.0,0.2,0.2,0.0,0.0,Mar,3,2,1,1,Returning_Visitor,False,False
0,0.0,0,6.8,9,206.52,0.0,0.03,0.0,0.0,May,2,2,1,13,Returning_Visitor,False,False
2,84.99,0,0.0,67,2891.74,0.01,0.03,0.0,0.0,Nov,3,2,1,13,Returning_Visitor,True,False
1,7.0,2,3.36,17,2269.9,0.0,0.02,0.0,0.0,Jul,2,2,6,4,Returning_Visitor,False,True
1,5.06,0,0.0,9,300.33,0.04,0.06,0.0,0.0,Dec,3,2,9,1,Returning_Visitor,False,False
0,0.0,0,0.0,6,255.0,0.0,0.04,0.0,0.0,Mar,1,2,8,2,Returning_Visitor,True,False
0,0.0,0,0.0,4,44.4,0.0,0.05,1.54,0.01,June,2,10,1,3,Returning_Visitor,False,False
2,23.2,0,2.21,5,59.4,0.0,0.04,0.17,0.0,Nov,2,4,4,5,New_Visitor,False,False
8,140.55,0,0.0,46,3152.5,0.0,0.01,7.95,0.0,Dec,3,2,3,2,Returning_Visitor,False,True
0,0.0,0,0.0,1,0.0,0.2,0.2,0.05,0.01,May,2,2,1,3,Returning_Visitor,False,False
0,0.0,0,0.0,69,5793.52,0.0,0.01,0.0,0.0,Nov,4,2,1,8,New_Visitor,False,False
0,1.6,0,7.34,5,0.0,0.2,0.2,0.14,0.0,Mar,2,2,9,2,Returning_Visitor,True,False
0,0.0,0,1.43,3,16.0,0.0,0.07,0.08,0.6,May,2,2,4,1,Returning_Visitor,False,False
3,132.0,2,111.0,13,1001.0,0.0,0.04,0.0,0.0,Mar,2,2,1,1,Returning_Visitor,False,False
0,0.0,0,0.0,30,1682.28,0.0,0.01,41.13,0.0,Dec,2,2,4,2,Returning_Visitor,False,True
8,134.38,0,0.0,19,2081.5,0.0,0.01,24.55,0.0,Nov,2,2,3,2,New_Visitor,True,True
2,41.75,2,3.42,25,596.08,0.0,0.02,0.0,0.0,Nov,2,2,3,1,Returning_Visitor,False,False
4,103.62,0,0.0,14,1003.42,0.0,0.02,0.0,0.2,Feb,1,1,3,3,Returning_Visitor,False,False
0,1.25,0,0.0,12,197.0,0.0,0.03,0.0,0.2,May,2,2,1,4,Returning_Visitor,False,False
5,27.59,0,0.0,45,649.86,0.0,0.03,0.0,0.0,Jul,3,2,1,5,Returning_Visitor,False,False
0,0.0,0,2.11,1,0.0,0.0,0.1,0.21,0.0,May,2,2,3,18,Returning_Visitor,True,False
0,0.0,0,2.27,13,226.0,0.0,0.02,0.0,0.0,Dec,3,2,1,8,New_Visitor,False,False
0,0.0,0,0.0,9,202.53,0.0,0.03,0.0,0.0,Nov,1,1,1,3,Returning_Visitor,False,False
10,15.97,0,0.0,37,539.84,0.0,0.02,25.53,0.0,Nov,2,2,1,2,New_Visitor,False,False
0,0.0,0,4.3,13,305.0,0.0,0.02,0.0,0.0,Mar,2,1,1,2,New_Visitor,True,False
4,142.81,0,0.0,9,284.87,0.02,0.03,0.0,0.01,Mar,3,2,3,2,Returning_Visitor,False,False
6,88.28,0,0.0,44,310.97,0.04,0.04,0.0,0.0,Oct,3,2,1,13,Returning_Visitor,False,False
4,16.99,4,134.0,48,1273.48,0.02,0.06,6.06,0.0,Dec,1,1,6,1,Returning_Visitor,False,False
6,104.4,1,0.0,32,879.75,0.0,0.01,20.5,0.0,Nov,2,4,1,1,Returning_Visitor,False,True
0,0.0,0,2.43,53,2310.0,0.05,0.06,0.0,0.4,May,3,2,1,3,Returning_Visitor,False,False
0,0.0,0,2.62,1,0.0,0.2,0.2,0.0,0.0,May,2,2,9,3,Returning_Visitor,False,False
0,0.88,0,0.0,2,46.5,0.0,0.05,0.0,0.0,Dec,1,1,2,2,New_Visitor,False,False
0,0.0,0,5.1,7,1060.91,0.01,0.03,0.0,0.0,Sep,3,2,1,4,Returning_Visitor,False,False
0,0.0,0,15.0,15,328.42,0.0,0.04,0.0,0.0,May,3,2,1,1,Returning_Visitor,True,False
0,0.7,0,0.0,2,49.0,0.05,0.11,0.0,0.0,May,3,2,3,3,Returning_Visitor,False,False
0,0.0,0,115.8,95,2500.13,0.0,0.01,0.0,0.0,May,1,1,3,2,Returning_Visitor,False,False
0,8.76,0,0.0,40,1705.3,0.0,0.02,0.0,0.0,Mar,2,2,9,1,Returning_Visitor,False,False
3,255.5,0,0.0,49,770.5,0.0,0.01,0.0,0.0,Nov,3,2,7,8,Returning_Visitor,True,False
3,98.1,2,28.2,130,4994.85,0.02,0.04,0.0,0.0,Sep,2,2,1,1,Returning_Visitor,True,False
3,4.59,0,0.0,26,1602.5,0.0,0.01,0.0,0.0,Aug,2,2,1,1,Returning_Visitor,False,False
0,0.0,1,163.0,62,1652.45,0.0,0.01,9.31,0.0,May,2,2,5,2,Returning_Visitor,True,False
0,0.0,1,21.55,8,203.56,0.02,0.02,0.0,0.47,May,1,2,1,1,Returning_Visitor,False,False
0,1.53,0,0.0,3,428.5,0.0,0.07,0.87,0.0,Nov,1,1,3,8,Returning_Visitor,False,True
2,146.24,0,0.0,37,1568.5,0.0,0.04,0.0,0.0,Nov,2,2,7,2,Returning_Visitor,False,False
2,9.5,0,0.0,18,1712.25,0.0,0.01,0.04,0.0,May,2,2,4,2,Returning_Visitor,False,False
9,145.77,8,408.5,44,6566.87,0.0,0.02,67.4,0.0,May,2,2,1,2,Returning_Visitor,True,False
0,0.0,0,10.32,49,1712.49,0.0,0.02,0.0,0.0,Nov,2,2,1,2,Returning_Visitor,True,False
0,0.0,0,4.32,15,907.5,0.01,0.03,0.0,0.6,May,2,2,7,2,Returning_Visitor,False,False
0,0.0,0,0.0,46,2213.37,0.03,0.05,0.0,1.0,May,3,2,3,13,Returning_Visitor,True,False
1,16.2,0,0.0,42,1369.7,0.0,0.02,5.35,0.0,Oct,2,5,3,2,Returning_Visitor,False,False
3,257.5,0,0.0,49,2533.33,0.02,0.03,6.65,0.0,Nov,2,2,1,1,Returning_Visitor,False,True
3,131.67,0,0.0,3,835.19,0.0,0.02,0.0,0.0,Oct,2,2,6,6,New_Visitor,False,False
2,34.0,0,0.0,21,521.5,0.02,0.02,0.0,0.0,Mar,3,2,4,1,Returning_Visitor,True,False
0,0.0,0,0.0,17,1733.33,0.0,0.03,0.0,0.0,Mar,2,4,2,2,Returning_Visitor,False,False
0,0.0,0,0.0,3,943.35,0.0,0.02,0.45,0.4,Feb,2,2,1,1,Returning_Visitor,False,False
3,90.0,0,7.35,25,397.88,0.0,0.03,0.0,0.0,Mar,2,2,1,1,Returning_Visitor,True,False
8,122.28,0,0.0,39,3608.9,0.01,0.02,7.26,0.0,May,2,2,3,1,Returning_Visitor,False,False
0,2.84,0,17.7,32,804.19,0.03,0.04,4.03,0.0,Oct,1,1,6,2,Returning_Visitor,True,False
4,62.5,0,24.81,47,1840.37,0.01,0.02,46.78,0.0,Dec,1,1,2,2,Returning_Visitor,False,True
0,0.0,0,8.88,2,247.0,0.0,0.1,0.0,0.8,May,3,2,2,11,New_Visitor,False,False
4,87.5,1,20.0,36,1707.24,0.0,0.01,0.0,0.0,Mar,2,2,1,3,Returning_Visitor,False,False
0,1.65,0,0.0,1,40.56,0.2,0.2,0.0,0.0,Nov,1,1,1,3,Returning_Visitor,False,False
0,0.0,0,0.0,4,207.75,0.0,0.03,0.0,0.0,May,1,1,8,3,Returning_Visitor,False,False
1,0.0,0,9.97,26,1700.77,0.0,0.02,0.21,0.0,May,2,6,4,13,Returning_Visitor,False,False
3,68.11,6,1022.25,104,8130.96,0.0,0.02,5.91,0.0,Nov,1,1,4,2,Returning_Visitor,False,True
0,0.0,0,3.18,16,650.83,0.0,0.02,13.99,0.0,May,2,2,7,2,Returning_Visitor,False,True
0,504.25,2,1665.07,243,8768.48,0.0,0.02,11.55,0.0,Oct,2,2,1,1,Returning_Visitor,False,True
3,122.88,0,0.0,22,445.49,0.0,0.02,0.0,0.0,Dec,2,2,1,2,New_Visitor,False,False
3,44.75,0,0.0,7,102.0,0.07,0.06,0.0,0.01,May,3,2,2,13,Returning_Visitor,False,False
0,0.0,2,5.02,18,738.74,0.0,0.01,5.71,0.0,Jul,2,2,1,1,Returning_Visitor,False,True
5,102.53,0,0.0,48,2396.69,0.0,0.02,8.31,0.0,Mar,2,5,6,1,Returning_Visitor,False,False
3,142.37,0,0.0,4,75.6,0.0,0.03,0.0,0.0,Aug,2,2,7,4,Returning_Visitor,True,False
3,99.77,0,3.88,31,618.0,0.0,0.01,0.07,0.0,May,2,2,9,3,Returning_Visitor,False,False
3,138.73,1,174.66,86,1789.95,0.0,0.01,6.88,0.01,Dec,2,6,1,3,Returning_Visitor,True,False
8,149.5,0,3.58,45,2598.99,0.0,0.01,45.03,0.0,May,2,4,8,2,Returning_Visitor,True,False
3,65.17,2,5.59,23,599.33,0.0,0.01,11.23,0.0,Nov,2,2,2,11,Returning_Visitor,True,True
2,98.0,0,2.12,20,401.5,0.0,0.0,0.04,0.0,May,2,5,1,2,Returning_Visitor,True,False
0,0.0,0,0.0,7,203.08,0.06,0.15,0.0,0.01,Mar,2,2,1,1,Returning_Visitor,False,False
1,0.0,0,0.0,6,209.09,0.07,0.13,4.4,0.0,June,3,2,2,4,Returning_Visitor,False,False
5,65.94,3,148.5,50,3246.98,0.0,0.0,0.0,0.0,Mar,2,2,1,2,New_Visitor,False,False
3,21.33,1,30.82,71,2753.38,0.01,0.02,0.0,0.0,Mar,3,2,2,1,Returning_Visitor,True,False
0,0.0,0,0.0,2,48.4,0.0,0.0,0.21,0.0,Sep,2,2,4,1,Returning_Visitor,False,True
5,339.0,4,188.0,5,376.0,0.0,0.02,0.43,0.0,Dec,2,2,1,8,New_Visitor,False,False
4,131.0,0,0.0,30,548.96,0.01,0.03,6.93,0.0,Nov,2,2,2,3,Returning_Visitor,False,True
0,0.0,0,0.0,1,32.52,0.2,0.2,0.3,0.0,Nov,3,4,4,1,Returning_Visitor,False,False
0,0.0,0,0.0,9,445.29,0.0,0.01,0.0,0.0,May,2,2,4,1,Returning_Visitor,False,False
3,69.95,0,0.0,8,489.0,0.0,0.02,0.0,0.0,Mar,2,2,8,3,Returning_Visitor,False,False
3,140.25,0,0.0,17,678.25,0.0,0.03,0.0,0.0,Nov,1,1,1,3,Returning_Visitor,False,False
2,87.5,0,2.55,29,1352.13,0.0,0.03,34.6,0.0,May,3,2,6,2,Returning_Visitor,True,True
0,0.0,0,0.0,88,7173.24,0.0,0.02,0.0,0.0,Nov,2,2,2,2,Returning_Visitor,False,False
2,146.0,1,52.25,1,0.0,0.0,0.04,0.0,0.0,Dec,1,1,1,2,Returning_Visitor,False,False
0,0.0,0,0.0,17,945.01,0.01,0.02,0.0,0.0,Mar,3,2,3,10,Returning_Visitor,False,False
3,131.29,2,186.23,49,1088.64,0.02,0.03,0.37,0.0,June,1,1,3,3,Returning_Visitor,False,False
2,140.46,0,2.49,28,686.32,0.0,0.0,0.0,0.0,Mar,2,4,3,1,Returning_Visitor,False,False
1,145.34,4,38.0,46,1060.45,0.0,0.06,0.0,0.0,May,2,2,1,2,Returning_Visitor,True,False
1,15.36,2,68.98,27,538.55,0.01,0.03,0.0,0.0,Dec,1,1,2,3,Returning_Visitor,False,False
4,27.0,0,0.0,42,601.77,0.0,0.0,0.14,0.0,Mar,2,2,3,1,Returning_Visitor,True,False
7,138.06,3,84.0,43,1557.27,0.0,0.01,98.04,0.0,Nov,2,2,1,2,Returning_Visitor,False,False
2,68.33,0,0.0,38,1370.04,0.0,0.0,0.0,0.0,Nov,3,2,4,2,Returning_Visitor,True,False
10,779.45,0,0.0,39,1002.49,0.0,0.04,0.76,0.01,May,3,2,1,3,Returning_Visitor,False,False
0,0.0,0,0.0,14,116.83,0.06,0.06,0.0,0.6,May,2,2,2,4,Returning_Visitor,False,False
0,0.0,0,4.4,41,0.0,0.2,0.2,0.0,0.0,Nov,1,2,8,1,Returning_Visitor,False,False
0,0.0,0,2.09,5,427.0,0.0,0.05,0.0,0.0,Mar,3,3,3,1,Returning_Visitor,False,False
1,43.5,0,0.0,79,1677.14,0.0,0.01,0.0,0.0,Nov,3,3,1,3,Returning_Visitor,True,False
3,26.67,0,8.46,159,1650.02,0.0,0.01,14.76,0.0,May,2,2,5,2,Returning_Visitor,False,False
0,0.0,0,3.43,12,142.75,0.02,0.04,0.18,0.0,Nov,1,1,6,2,Returning_Visitor,False,False
0,0.0,0,0.0,1,68.0,0.0,0.1,0.0,0.03,May,2,2,3,2,Returning_Visitor,False,False
1,0.0,0,0.0,14,503.63,0.01,0.03,0.0,0.0,Aug,2,2,9,2,Returning_Visitor,False,False
2,76.6,0,0.0,42,2017.93,0.02,0.02,45.2,0.0,Mar,1,2,3,1,Returning_Visitor,True,True
0,0.0,0,0.0,1,381.8,0.1,0.13,0.0,0.0,June,3,2,1,4,Returning_Visitor,False,False
0,0.0,0,0.0,6,148.34,0.0,0.02,0.38,0.0,Nov,3,2,1,2,New_Visitor,False,False
0,0.0,0,0.0,7,82.75,0.03,0.06,0.32,0.0,Nov,2,2,7,3,Returning_Visitor,False,False
3,145.42,0,0.0,4,528.76,0.0,0.03,0.0,0.0,Sep,2,2,4,2,Returning_Visitor,True,False
0,0.0,0,0.0,1,0.0,0.1,0.2,0.82,0.0,Jul,2,2,2,5,New_Visitor,True,False
0,0.0,0,0.0,30,390.67,0.0,0.06,0.0,0.0,Mar,2,2,6,1,Returning_Visitor,False,False
0,0.0,0,0.0,4,102.0,0.0,0.05,0.05,0.0,Mar,2,2,3,2,Returning_Visitor,False,False
11,27.74,0,0.0,36,923.68,0.0,0.01,5.15,0.0,May,1,1,1,2,Returning_Visitor,False,False
0,0.79,0,4.15,3,20.0,0.0,0.06,0.0,0.0,May,2,2,1,4,Returning_Visitor,False,False
0,0.0,0,0.0,3,138.0,0.0,0.07,0.0,0.0,Feb,1,1,1,3,Returning_Visitor,False,False
1,38.5,0,0.0,28,705.12,0.0,0.02,0.0,0.0,Nov,1,1,1,2,Returning_Visitor,True,False
8,498.98,6,433.1,45,2129.99,0.01,0.01,129.1,0.03,Nov,2,2,1,1,Returning_Visitor,True,False
3,26.0,0,0.0,235,7245.28,0.01,0.02,0.0,0.0,Nov,2,2,1,2,Returning_Visitor,False,True
3,49.4,0,0.0,11,285.6,0.01,0.02,0.29,0.0,Oct,2,2,7,2,Returning_Visitor,False,False
3,75.0,0,2.67,45,1694.71,0.0,0.01,8.52,0.0,Nov,1,1,3,8,Returning_Visitor,True,True
3,142.2,0,0.0,24,755.0,0.0,0.01,0.0,0.0,Oct,2,2,1,2,New_Visitor,True,False
1,0.0,0,0.0,28,611.02,0.0,0.05,0.17,0.0,Nov,2,2,2,6,Returning_Visitor,True,False
3,46.0,0,0.0,13,195.0,0.0,0.01,0.0,0.0,May,2,2,1,4,Returning_Visitor,False,False
9,367.0,0,0.0,85,1708.95,0.0,0.02,3.93,0.0,May,3,2,1,4,Returning_Visitor,True,True
15,48.82,0,0.0,49,1557.95,0.01,0.07,0.0,0.0,May,2,2,1,1,Returning_Visitor,False,False
0,0.0,0,0.0,3,39.5,0.0,0.03,0.0,0.0,Dec,1,1,9,8,New_Visitor,False,False
0,0.0,0,2.31,37,1138.5,0.0,0.01,0.0,0.0,Mar,2,2,3,8,Returning_Visitor,False,False
10,123.82,0,0.0,48,1694.33,0.02,0.04,15.11,0.0,May,2,2,1,2,Returning_Visitor,False,False
3,0.0,0,7.08,6,50.0,0.0,0.07,3.4,0.0,May,2,5,6,4,Returning_Visitor,False,False
1,0.62,0,0.0,13,128.0,0.0,0.03,0.0,0.0,Mar,2,2,1,2,Returning_Visitor,False,False
0,0.0,0,6.22,30,1661.83,0.03,0.07,0.0,0.0,Dec,2,2,3,1,Returning_Visitor,False,False
0,0.0,0,0.0,32,495.0,0.01,0.03,0.0,0.8,May,3,2,1,13,Returning_Visitor,False,False
0,0.0,0,0.0,3,78.66,0.0,0.07,0.03,0.0,Mar,2,4,3,12,Returning_Visitor,True,False
3,86.33,0,0.0,14,364.13,0.0,0.02,0.0,0.0,Nov,2,2,4,2,Returning_Visitor,False,False
4,537.5,0,0.0,47,1711.63,0.01,0.05,0.0,0.0,Dec,2,5,7,2,Returning_Visitor,False,False
0,0.0,0,0.0,11,461.0,0.04,0.05,0.0,0.0,May,2,2,5,6,Returning_Visitor,False,False
4,141.23,0,0.0,4,77.0,0.0,0.02,0.0,0.0,Oct,3,2,8,2,New_Visitor,True,False
0,0.0,0,5.36,46,388.36,0.01,0.03,0.13,0.0,Mar,1,1,1,1,Returning_Visitor,True,False
0,0.0,0,2.31,1,0.0,0.17,0.2,0.0,0.0,Mar,2,2,1,10,Returning_Visitor,False,False
0,0.0,0,0.0,1,0.0,0.17,0.2,0.27,0.0,June,2,2,1,1,Returning_Visitor,False,False
0,0.0,0,8.81,38,1670.62,0.04,0.05,0.0,0.2,May,1,1,1,1,Returning_Visitor,False,False
2,44.31,2,7.0,47,2447.55,0.03,0.06,5.29,0.0,Nov,1,1,1,1,Returning_Visitor,True,False
2,124.01,1,32.44,67,4868.0,0.0,0.02,48.45,0.0,Dec,2,2,5,2,Returning_Visitor,False,True
0,0.0,0,2.17,4,82.45,0.2,0.2,0.0,0.0,Mar,1,2,9,1,Returning_Visitor,False,False
0,0.0,0,0.0,4,0.0,0.2,0.17,1.04,0.0,Nov,3,2,7,20,Returning_Visitor,False,False
13,345.02,0,0.0,90,1816.56,0.0,0.0,86.31,0.0,May,4,2,7,2,Returning_Visitor,False,False
3,127.7,4,36.0,48,1712.68,0.02,0.05,15.03,0.01,May,3,2,3,2,Returning_Visitor,False,False
3,81.83,0,0.0,7,166.5,0.0,0.02,0.37,0.0,May,2,2,3,3,New_Visitor,False,False
3,0.0,0,0.0,6,179.5,0.03,0.06,0.22,0.0,May,2,2,4,6,Returning_Visitor,True,False
3,20.0,0,0.0,30,1038.79,0.01,0.03,0.0,0.0,Nov,3,2,1,2,Returning_Visitor,False,False
2,81.0,0,5.9,18,631.0,0.01,0.03,0.0,0.0,May,2,2,1,1,Returning_Visitor,False,False
1,73.0,0,1.84,12,2156.5,0.02,0.03,68.89,0.0,Nov,3,2,1,2,New_Visitor,False,True
0,0.0,0,1.67,7,277.0,0.02,0.04,0.0,0.44,May,2,2,3,4,Returning_Visitor,False,False
0,0.0,0,0.0,19,187.2,0.07,0.13,0.0,0.0,Nov,2,2,3,13,Returning_Visitor,False,False
2,145.36,0,0.0,18,362.5,0.0,0.01,0.0,0.0,Dec,2,2,1,2,New_Visitor,False,False
0,1.36,0,0.0,12,1533.5,0.0,0.02,36.33,0.0,June,2,1,1,2,New_Visitor,False,True
2,38.04,0,0.0,24,1267.27,0.0,0.03,0.0,0.0,Nov,1,1,1,2,Returning_Visitor,False,False
0,0.0,0,0.0,47,873.99,0.01,0.02,0.0,0.0,Aug,3,2,4,1,Returning_Visitor,True,False
0,0.0,1,341.33,36,2946.6,0.0,0.01,9.38,0.0,May,3,1,3,2,Returning_Visitor,True,True
3,63.79,1,74.0,18,2090.04,0.02,0.04,12.01,0.0,Nov,3,2,3,2,Returning_Visitor,False,False
0,0.0,1,21.0,0,1645.28,0.0,0.05,0.0,0.0,Dec,1,1,4,10,Returning_Visitor,False,False
0,2.05,0,2.21,3,60.0,0.0,0.07,0.0,0.0,May,2,2,7,2,Returning_Visitor,True,False
5,2.17,0,4.0,4,13.0,0.03,0.06,0.0,0.8,May,2,2,3,4,Returning_Visitor,False,False
4,133.21,0,9.17,44,1611.15,0.0,0.03,0.0,0.0,Nov,2,2,9,2,Returning_Visitor,False,False
0,0.0,0,0.0,4,125.0,0.05,0.08,0.0,0.8,May,2,2,1,4,Returning_Visitor,False,False
8,144.43,2,62.0,47,1715.33,0.0,0.01,15.08,0.01,May,2,2,3,2,Returning_Visitor,False,True
0,0.0,0,2.29,14,1025.0,0.04,0.07,0.02,0.0,May,3,2,1,13,Returning_Visitor,False,False
0,0.0,0,2.06,23,553.15,0.03,0.06,0.0,0.0,Mar,2,2,3,1,Returning_Visitor,False,False
0,0.0,0,0.0,16,129.58,0.08,0.09,0.0,0.0,June,3,2,1,13,Returning_Visitor,False,False
4,16.0,0,2.18,7,136.0,0.0,0.01,1.63,0.0,May,2,10,3,2,Returning_Visitor,False,False
0,0.0,0,0.0,7,201.96,0.0,0.06,0.04,0.0,May,2,2,1,1,Returning_Visitor,False,False
8,108.21,1,46.5,48,5546.0,0.0,0.01,11.51,0.0,Nov,2,2,1,2,Returning_Visitor,False,True
0,0.0,0,0.0,10,478.5,0.0,0.02,0.69,0.0,Nov,4,1,1,2,New_Visitor,False,False
0,2.37,0,3.62,96,7725.35,0.0,0.02,0.0,0.0,Nov,2,2,1,1,Returning_Visitor,True,False
0,0.0,0,3.23,46,2425.08,0.0,0.03,0.0,0.44,May,1,1,3,2,Returning_Visitor,False,False
9,6.0,1,155.5,55,1743.07,0.0,0.01,0.0,0.01,May,2,2,1,2,Returning_Visitor,False,False
3,227.0,0,1.65,42,348.28,0.0,0.03,0.0,0.0,Mar,3,2,2,1,Returning_Visitor,True,False
12,194.04,3,61.5,36,625.31,0.01,0.03,0.6,0.02,Nov,3,2,1,1,Returning_Visitor,False,False
1,36.5,0,0.0,46,1668.12,0.0,0.03,0.0,0.0,Dec,1,1,8,2,Returning_Visitor,False,False
3,98.5,0,0.0,9,281.75,0.0,0.03,0.0,0.01,Dec,1,1,3,2,Returning_Visitor,False,False
0,0.0,0,0.0,16,576.3,0.02,0.01,0.0,0.0,Nov,3,2,1,2,Returning_Visitor,False,False
7,64.14,1,0.0,49,1409.81,0.01,0.03,0.0,0.0,Mar,3,2,3,2,Returning_Visitor,False,False
3,124.86,3,243.0,49,1971.19,0.01,0.03,24.9,0.0,May,2,2,1,4,Returning_Visitor,False,True
0,0.0,0,0.0,7,1018.0,0.0,0.03,0.0,0.0,Mar,2,2,1,2,Returning_Visitor,False,False
3,112.0,0,0.0,9,198.83,0.0,0.01,0.0,0.0,Mar,3,2,3,2,New_Visitor,True,False
9,243.25,3,1475.25,79,3497.21,0.0,0.01,32.6,0.0,Nov,2,2,1,2,Returning_Visitor,False,False
0,0.0,0,1.49,9,146.38,0.08,0.09,0.38,0.0,Nov,3,2,1,13,Returning_Visitor,False,False
0,0.0,0,2.49,18,224.5,0.04,0.06,0.07,0.0,May,3,2,4,4,Returning_Visitor,True,False
1,22.2,0,39.83,34,1616.65,0.02,0.03,0.0,0.01,Oct,2,2,6,1,Returning_Visitor,True,False
3,182.08,0,4.34,15,310.9,0.0,0.01,0.0,0.0,Mar,2,2,4,2,Returning_Visitor,False,False
0,0.0,0,2.76,19,496.78,0.01,0.0,0.0,0.0,Nov,3,2,3,3,Returning_Visitor,False,False
0,0.0,0,0.0,3,58.2,0.07,0.04,0.0,0.0,Aug,3,2,1,3,Returning_Visitor,False,False
3,142.12,0,0.0,34,671.64,0.0,0.02,0.0,0.0,Dec,4,5,3,1,Returning_Visitor,False,False
0,0.0,0,0.0,4,39.0,0.0,0.05,0.0,0.01,May,2,2,8,3,Returning_Visitor,False,False
3,97.5,0,0.0,5,224.61,0.0,0.01,0.22,0.0,Dec,2,2,7,2,New_Visitor,False,False
0,0.0,0,2.58,4,231.18,0.0,0.05,0.0,0.0,May,2,4,3,1,Returning_Visitor,False,False
0,0.0,0,0.0,5,41.4,0.0,0.06,0.0,0.0,Sep,2,2,7,2,Returning_Visitor,False,False
3,242.8,0,0.0,7,238.6,0.02,0.06,0.1,0.0,Oct,2,2,1,2,Returning_Visitor,True,False
0,0.0,0,0.0,36,641.41,0.06,0.08,0.0,0.0,Jul,3,2,2,13,Returning_Visitor,False,False
0,3.51,0,2.95,22,647.67,0.01,0.03,0.0,1.0,May,2,2,4,3,Returning_Visitor,True,False
6,43.5,3,230.17,48,3773.72,0.0,0.02,17.77,0.0,Nov,2,2,1,2,Returning_Visitor,False,True
2,48.0,0,4.43,24,543.75,0.02,0.04,0.0,0.8,May,2,2,3,2,Returning_Visitor,False,False
0,0.0,0,0.0,19,920.0,0.12,0.14,0.0,0.75,May,3,2,7,3,Returning_Visitor,True,False
3,134.02,0,0.0,26,745.17,0.0,0.02,0.0,0.0,May,2,2,4,2,Returning_Visitor,False,False
5,199.12,0,0.0,49,430.61,0.0,0.01,0.0,0.0,Nov,3,2,2,4,Returning_Visitor,False,False
5,112.17,0,0.0,60,1883.87,0.02,0.06,0.0,0.0,Nov,2,2,1,2,Returning_Visitor,False,False
0,0.0,0,0.0,16,1575.9,0.01,0.02,0.35,0.01,Nov,2,4,6,2,New_Visitor,True,False
0,0.0,0,0.0,11,1514.22,0.0,0.02,0.0,0.8,May,3,2,6,14,Returning_Visitor,False,False
3,5.0,2,60.0,23,5343.05,0.01,0.04,0.0,0.8,Nov,2,1,1,2,Returning_Visitor,False,False
11,56.06,3,70.25,49,10415.33,0.0,0.03,0.0,0.0,May,2,2,1,2,Returning_Visitor,False,False
0,3.92,0,0.0,4,150.25,0.04,0.12,0.0,0.0,Nov,1,1,3,3,Returning_Visitor,False,False
0,0.0,0,0.0,1,64.55,0.2,0.2,0.0,0.0,Mar,1,1,1,3,Returning_Visitor,True,False
0,0.0,0,0.0,4,202.91,0.0,0.05,0.0,0.0,Mar,2,2,1,1,Returning_Visitor,False,False
0,0.0,0,0.0,15,1687.74,0.03,0.06,35.48,0.01,May,2,2,1,4,Returning_Visitor,False,False
0,0.0,0,0.0,1,709.96,0.2,0.2,0.0,0.0,Dec,1,1,7,2,Returning_Visitor,True,False
0,3.17,0,0.0,43,1670.26,0.0,0.01,0.04,0.0,May,2,2,6,2,New_Visitor,True,False
6,200.33,0,0.0,19,235.95,0.0,0.02,0.0,0.01,Mar,1,1,1,1,Returning_Visitor,False,False
0,0.0,0,8.54,14,532.8,0.0,0.03,0.0,0.01,Nov,3,2,4,3,Returning_Visitor,False,False
0,0.0,1,9.96,62,1691.95,0.0,0.02,0.06,0.0,Aug,2,4,1,3,Returning_Visitor,False,False
0,0.0,0,0.0,2,58.4,0.0,0.1,0.07,0.0,Oct,2,2,1,2,New_Visitor,False,False
0,0.0,0,0.0,27,538.66,0.0,0.02,0.16,0.0,Nov,2,2,1,1,Returning_Visitor,False,False
0,0.0,0,6.17,12,645.04,0.0,0.03,0.0,0.0,Mar,2,2,1,2,Returning_Visitor,False,False
3,138.11,0,0.0,12,541.06,0.05,0.09,0.6,0.0,Dec,2,4,5,1,Returning_Visitor,False,False
0,0.0,0,8.41,109,1679.62,0.0,0.03,0.0,0.0,Nov,3,2,4,8,Returning_Visitor,True,False
2,145.05,0,21.0,18,2199.97,0.01,0.02,0.0,0.0,May,1,1,1,2,Returning_Visitor,True,False
1,20.5,1,7.85,49,1518.9,0.0,0.02,11.55,0.0,May,2,2,1,4,Returning_Visitor,False,False
1,138.14,1,284.0,78,2448.54,0.01,0.03,8.1,0.01,Dec,2,2,3,10,Returning_Visitor,False,False
1,67.5,1,0.0,11,816.5,0.0,0.02,0.0,0.0,Dec,1,1,1,2,New_Visitor,False,False
3,123.58,0,0.0,49,639.36,0.0,0.01,10.49,0.0,May,2,2,2,3,Returning_Visitor,False,False
2,1.11,0,0.0,9,65.81,0.09,0.12,0.44,0.47,May,1,1,4,15,Returning_Visitor,False,False
0,0.0,0,4.57,10,1678.68,0.0,0.02,40.43,0.0,May,2,2,1,4,New_Visitor,False,True
0,0.0,0,2.84,8,200.03,0.0,0.01,0.0,0.0,Mar,2,2,1,1,Returning_Visitor,False,False
3,131.0,0,0.0,6,117.67,0.0,0.01,0.0,0.0,Nov,1,1,6,5,New_Visitor,True,False
0,0.0,0,0.0,9,547.7,0.03,0.04,0.23,0.4,Feb,2,2,1,2,Returning_Visitor,False,False
0,0.0,0,4.3,113,1505.34,0.0,0.01,0.0,0.0,May,2,2,1,13,Returning_Visitor,False,False
0,0.0,0,0.0,40,436.0,0.0,0.03,68.2,0.0,Dec,1,2,2,2,New_Visitor,False,True
4,106.25,1,282.0,18,720.75,0.0,0.0,0.0,0.0,Nov,2,2,1,2,New_Visitor,False,False
5,140.94,0,5.87,45,1424.8,0.0,0.01,10.19,0.0,Nov,2,2,6,2,Returning_Visitor,True,True
0,0.0,0,0.0,12,1448.72,0.0,0.02,0.0,0.0,Mar,2,2,6,10,Returning_Visitor,False,False
3,103.0,0,16.03,49,2807.15,0.0,0.01,0.0,0.0,Nov,2,2,7,2,New_Visitor,True,False
4,124.6,0,2.19,4,71.0,0.0,0.04,0.0,0.0,Jul,3,3,4,1,New_Visitor,False,False
11,16.35,4,112.6,12,147.73,0.01,0.04,0.6,0.0,May,3,2,1,2,Returning_Visitor,True,False
2,23.0,0,3.45,12,284.5,0.0,0.01,0.4,0.0,Dec,2,2,3,2,Returning_Visitor,False,False
6,94.1,0,0.0,49,1701.12,0.01,0.02,6.66,0.0,Nov,1,1,1,2,Returning_Visitor,True,True
0,0.0,0,3.27,10,328.5,0.01,0.02,0.05,0.0,Nov,2,2,7,6,Returning_Visitor,False,False
1,14.02,0,2.36,43,857.0,0.02,0.08,0.0,0.0,May,4,2,4,2,Returning_Visitor,False,False
5,147.75,0,2.08,44,670.3,0.02,0.03,0.0,0.0,May,2,2,4,3,Returning_Visitor,False,False
3,80.6,1,16.2,33,1712.9,0.01,0.02,0.0,0.0,Oct,3,2,1,2,Returning_Visitor,False,False
1,13.0,0,0.0,17,296.98,0.02,0.04,0.0,0.0,May,1,1,3,4,Returning_Visitor,False,False
0,0.0,2,6.3,65,2163.13,0.0,0.01,0.0,0.0,Nov,2,2,8,2,New_Visitor,False,False
1,7.0,1,35.73,44,2247.61,0.0,0.02,50.33,0.0,May,2,2,6,4,Returning_Visitor,False,False
0,0.0,0,2.18,33,629.86,0.01,0.03,0.0,0.01,Nov,2,2,3,1,Returning_Visitor,True,False
0,2.7,0,0.0,27,314.18,0.01,0.04,0.55,0.0,Aug,4,1,1,1,Returning_Visitor,False,False
1,96.85,0,3.64,13,245.17,0.0,0.0,43.06,0.0,Aug,2,2,3,4,New_Visitor,False,True
3,96.0,0,0.0,11,565.0,0.0,0.01,0.0,0.0,May,3,2,6,14,New_Visitor,False,False
0,0.0,0,0.0,5,0.0,0.2,0.2,0.0,0.0,Nov,3,2,1,11,Returning_Visitor,True,True
3,22.2,0,9.38,43,1257.9,0.01,0.02,0.2,0.01,Aug,2,4,1,3,Returning_Visitor,False,False
8,448.06,2,504.5,48,5341.78,0.0,0.02,12.1,0.0,May,3,2,1,2,Returning_Visitor,False,True
0,6.0,0,0.0,14,1236.9,0.05,0.09,0.08,0.0,May,1,1,1,1,Returning_Visitor,False,False
1,21.5,1,323.0,14,836.83,0.0,0.0,0.0,0.0,Nov,2,2,1,2,New_Visitor,False,False
0,1.04,0,6.6,4,165.09,0.0,0.03,0.03,0.0,Mar,2,2,1,2,Returning_Visitor,False,False
0,0.0,0,0.0,32,1646.06,0.03,0.06,0.0,0.0,June,2,2,6,13,Returning_Visitor,False,False
0,1.32,0,0.0,9,898.74,0.0,0.01,92.84,0.0,May,3,1,1,5,Returning_Visitor,True,True
0,0.76,0,0.0,13,219.97,0.0,0.02,0.0,0.01,Mar,1,1,1,3,Returning_Visitor,False,False
17,23.72,0,0.0,45,4716.57,0.0,0.03,0.1,0.0,May,3,2,1,1,Returning_Visitor,False,False
0,0.0,0,0.0,16,622.0,0.0,0.01,2.48,0.0,Mar,2,10,2,2,Returning_Visitor,False,False
0,0.0,0,5.68,44,1236.64,0.0,0.01,1.95,0.0,Dec,2,4,1,2,New_Visitor,False,False
3,10.85,3,138.5,11,227.5,0.0,0.06,0.0,0.0,Dec,3,2,5,8,Returning_Visitor,True,False
12,10.62,0,0.0,48,161.87,0.0,0.01,0.0,0.0,Sep,2,2,1,5,New_Visitor,True,False
0,0.0,0,3.39,49,2371.12,0.0,0.01,0.0,0.0,Nov,2,2,1,2,Returning_Visitor,False,False
4,126.75,0,0.0,19,1629.48,0.01,0.04,0.0,0.0,May,2,2,1,2,Returning_Visitor,False,False
7,113.95,1,148.0,48,1029.17,0.0,0.02,11.55,0.0,May,2,2,8,2,Returning_Visitor,False,False
0,0.0,0,7.75,10,210.09,0.0,0.01,2.14,0.0,May,2,8,2,2,Returning_Visitor,False,False
0,0.0,0,7.22,64,1714.37,0.0,0.03,0.08,0.0,Nov,3,2,1,2,Returning_Visitor,False,False
0,0.66,0,0.0,37,1048.98,0.01,0.02,0.01,0.0,Nov,2,2,7,2,Returning_Visitor,True,False
4,138.33,0,0.0,3,277.5,0.0,0.01,0.0,0.0,May,3,2,3,2,New_Visitor,False,False
8,127.4,1,96.0,16,373.46,0.0,0.03,0.32,0.0,Nov,2,2,3,2,Returning_Visitor,False,False
3,1.94,0,0.0,17,348.85,0.04,0.02,0.0,0.0,Nov,2,2,3,20,Returning_Visitor,False,False
1,94.0,0,0.0,10,332.75,0.0,0.02,0.0,0.0,May,2,2,3,6,Returning_Visitor,False,False
0,0.64,0,2.03,26,532.0,0.03,0.04,0.0,0.0,Nov,2,2,1,1,Returning_Visitor,False,False
0,1.65,0,1.81,3,95.0,0.07,0.13,0.0,0.0,Nov,1,1,9,3,Returning_Visitor,False,False
11,361.48,1,68.0,41,625.09,0.01,0.02,6.07,0.0,May,2,2,7,2,Returning_Visitor,True,False
0,3.2,0,0.0,6,127.4,0.0,0.0,0.19,0.0,Aug,1,1,8,2,Returning_Visitor,False,False
0,0.0,0,5.78,34,437.25,0.04,0.1,0.0,0.0,Mar,1,1,3,3,Returning_Visitor,False,False
2,137.86,0,0.0,29,1279.09,0.0,0.02,35.61,0.0,Nov,2,2,3,11,Returning_Visitor,False,True
3,142.37,0,0.0,22,903.43,0.01,0.02,0.0,0.0,Nov,2,2,7,8,Returning_Visitor,False,False
0,0.0,0,0.0,5,221.77,0.04,0.06,0.01,0.8,May,2,2,1,1,Returning_Visitor,False,False
0,0.0,0,0.0,3,51.93,0.2,0.2,0.0,0.0,Nov,3,2,4,3,Returning_Visitor,True,False
1,6.0,0,4.03,49,1667.36,0.0,0.01,0.0,0.0,May,3,2,1,1,Returning_Visitor,True,False
0,0.0,0,2.92,18,1702.54,0.02,0.03,0.0,0.42,May,3,2,1,2,Returning_Visitor,False,False
2,98.0,0,0.0,47,947.0,0.0,0.01,0.04,0.0,Dec,2,2,3,2,Returning_Visitor,True,False
11,9.91,0,0.0,34,1466.09,0.0,0.02,10.73,0.0,Nov,1,1,7,8,New_Visitor,True,True
3,47.0,0,0.0,15,197.5,0.0,0.03,0.0,0.0,May,3,2,1,3,New_Visitor,False,False
7,0.6,0,0.0,34,3014.29,0.0,0.01,4.19,0.8,May,3,2,3,3,Returning_Visitor,False,False
8,59.01,2,19.0,47,753.64,0.0,0.01,31.64,0.0,May,2,2,1,2,Returning_Visitor,False,True
3,144.48,1,239.0,14,337.5,0.0,0.01,0.63,0.0,Nov,2,5,1,2,New_Visitor,False,False
0,0.0,4,218.25,25,1714.64,0.01,0.02,0.0,0.0,Nov,1,1,1,10,Returning_Visitor,False,True
1,492.17,0,0.0,63,4664.66,0.01,0.04,4.68,0.0,Nov,2,2,2,2,Returning_Visitor,False,True
0,8.0,0,0.0,49,543.5,0.01,0.03,0.0,0.0,Mar,2,2,3,13,Returning_Visitor,False,False
0,1.28,0,3.23,9,206.03,0.0,0.03,0.0,0.0,Dec,1,1,1,3,Returning_Visitor,False,False
0,0.0,0,0.0,8,194.4,0.02,0.03,0.0,0.0,Aug,2,2,6,2,Returning_Visitor,False,False
3,33.0,0,0.0,28,898.5,0.01,0.01,0.59,0.0,Mar,2,10,6,2,Returning_Visitor,False,False
1,1.93,4,161.97,52,591.15,0.01,0.03,2.19,0.09,May,2,2,1,2,Returning_Visitor,False,False
2,17.2,0,0.0,42,0.0,0.0,0.06,0.0,0.0,Sep,2,2,2,6,New_Visitor,True,True
0,0.0,0,6.03,14,406.87,0.0,0.01,0.02,0.0,Mar,2,4,1,1,Returning_Visitor,False,False
2,15.0,0,0.0,33,2081.5,0.0,0.02,0.51,0.6,May,2,10,1,2,Returning_Visitor,False,False
0,0.0,0,6.5,3,66.4,0.07,0.1,0.0,0.0,June,3,2,6,11,Returning_Visitor,True,False
2,60.5,0,5.62,26,1699.76,0.0,0.0,0.09,0.0,Nov,1,1,2,2,New_Visitor,True,False
0,0.0,0,0.0,6,29.0,0.0,0.1,3.63,1.0,Feb,2,4,4,2,Returning_Visitor,False,False
2,262.67,4,112.0,127,4214.78,0.01,0.02,0.0,0.0,Nov,2,2,4,2,Returning_Visitor,True,False
0,0.0,0,2.37,12,1716.38,0.07,0.1,0.0,0.0,Dec,2,2,7,1,Returning_Visitor,False,False
6,35.1,0,0.0,138,6440.24,0.0,0.03,2.77,0.0,Aug,2,2,3,3,Returning_Visitor,False,False
0,2.76,0,0.0,5,186.89,0.0,0.0,0.0,0.0,May,1,1,1,4,Returning_Visitor,True,False
0,0.0,0,0.0,26,2206.88,0.0,0.03,0.0,0.0,Mar,2,2,4,1,Returning_Visitor,False,False
0,1.39,0,0.0,5,81.08,0.04,0.05,0.0,0.0,Dec,3,2,1,2,New_Visitor,False,False
12,57.53,0,0.0,32,1158.78,0.0,0.02,0.3,0.0,May,3,2,1,4,Returning_Visitor,False,False
0,0.81,0,4.78,24,1705.31,0.0,0.0,72.3,0.0,May,2,2,1,4,New_Visitor,False,True
3,145.76,1,307.63,57,1707.62,0.0,0.01,5.12,0.0,Nov,2,2,3,2,Returning_Visitor,True,True
1,0.0,0,0.0,28,385.5,0.09,0.11,0.0,0.8,May,3,2,5,3,Returning_Visitor,False,False
6,153.5,0,0.0,34,1048.49,0.01,0.03,0.0,0.0,Nov,2,6,1,1,Returning_Visitor,True,False
4,142.54,0,0.0,16,1090.7,0.0,0.04,0.0,0.0,Nov,2,2,1,2,Returning_Visitor,False,False
0,0.64,0,1.69,4,259.0,0.03,0.06,0.0,0.0,Nov,2,2,8,2,Returning_Visitor,False,False
4,116.81,0,6.82,12,193.75,0.01,0.02,0.57,0.0,May,1,2,3,5,Returning_Visitor,False,False
0,0.0,0,0.0,1,45.78,0.2,0.18,0.05,0.0,Mar,2,4,1,3,Returning_Visitor,False,False
4,144.42,0,0.0,18,381.33,0.0,0.01,0.06,0.0,Mar,2,4,2,2,New_Visitor,True,False
0,0.0,0,0.0,36,1700.93,0.02,0.01,0.24,0.01,Dec,3,2,4,8,New_Visitor,True,True
5,44.5,0,4.0,37,1670.34,0.0,0.05,0.0,0.0,Mar,2,2,4,1,Returning_Visitor,False,False
0,0.0,0,0.0,47,2032.27,0.02,0.02,0.0,0.0,Nov,3,2,7,1,Returning_Visitor,True,False
3,65.1,0,0.0,47,3116.5,0.0,0.01,0.0,0.0,Dec,3,2,1,10,Returning_Visitor,False,True
6,139.19,0,0.0,8,163.22,0.0,0.02,0.0,0.0,Nov,1,1,1,2,New_Visitor,False,False
2,127.97,0,0.0,49,1692.85,0.0,0.03,0.0,0.0,Nov,1,1,1,3,Returning_Visitor,True,False
5,143.07,2,26.89,49,1714.28,0.0,0.03,0.0,0.0,Nov,3,2,1,2,Returning_Visitor,False,False
2,20.14,0,0.0,4,67.74,0.0,0.06,0.78,0.0,Dec,3,2,1,10,Returning_Visitor,False,False
3,144.53,0,0.0,20,769.9,0.02,0.03,0.37,0.0,Nov,2,10,7,1,Returning_Visitor,False,False
0,0.0,0,0.0,6,203.31,0.0,0.02,0.14,0.0,May,3,2,3,2,New_Visitor,True,False
0,0.0,1,5.0,9,279.0,0.04,0.05,0.0,0.0,May,3,2,7,8,New_Visitor,True,False
0,0.0,0,0.0,14,429.92,0.02,0.03,0.08,0.0,Nov,3,2,4,11,Returning_Visitor,True,False
0,0.0,0,0.0,5,0.0,0.2,0.2,0.0,0.01,Dec,1,1,5,1,Returning_Visitor,False,False
1,138.7,0,6.85,29,372.82,0.0,0.03,54.77,0.0,Dec,1,1,1,2,Returning_Visitor,False,True
0,0.0,0,1.51,6,67.0,0.02,0.05,0.06,0.01,Jul,2,4,1,1,Returning_Visitor,False,False
10,36.31,5,1307.0,47,9487.94,0.01,0.01,0.76,0.0,Nov,2,2,1,2,Returning_Visitor,False,False
12,15.55,4,11.0,47,4514.74,0.01,0.02,0.0,0.0,May,2,2,1,2,Returning_Visitor,False,True
0,0.0,0,0.0,13,187.0,0.0,0.0,0.0,0.0,Dec,2,5,4,1,Returning_Visitor,False,False
5,255.75,0,0.0,70,1787.48,0.0,0.02,0.04,0.0,Dec,2,2,1,3,Returning_Visitor,False,False
0,0.0,0,2.21,2,42.31,0.15,0.15,0.0,0.0,Nov,1,1,1,3,Returning_Visitor,False,False
3,135.81,0,0.0,30,144.0,0.03,0.05,0.52,0.0,Mar,3,2,7,3,Returning_Visitor,True,False
3,240.8,1,4.0,14,279.83,0.0,0.01,0.28,0.0,Nov,3,2,2,2,New_Visitor,False,False
1,5.0,0,7.03,43,1990.12,0.0,0.02,8.1,0.0,Dec,2,2,1,3,Returning_Visitor,False,False
0,20.9,0,4.42,37,1729.64,0.0,0.03,0.0,0.0,Sep,2,2,3,1,Returning_Visitor,False,False
0,0.0,0,0.0,64,3289.5,0.0,0.01,0.0,0.0,May,2,4,7,4,Returning_Visitor,True,False
0,0.0,1,16.0,65,2863.4,0.0,0.01,0.0,0.0,Nov,2,2,1,2,Returning_Visitor,False,False
3,66.77,1,83.0,38,1689.92,0.01,0.01,11.72,0.2,May,3,2,4,4,Returning_Visitor,False,True
4,0.62,0,2.83,39,639.49,0.0,0.0,0.26,0.0,Nov,1,2,1,20,Returning_Visitor,False,False
10,76.17,0,0.0,45,404.0,0.0,0.03,0.0,0.0,Nov,1,2,2,3,Returning_Visitor,True,False
5,69.03,0,0.0,24,658.85,0.0,0.01,57.52,0.0,Oct,2,2,3,2,Returning_Visitor,False,False
10,340.9,3,269.8,99,3611.98,0.0,0.01,0.85,0.0,Nov,2,2,1,7,Returning_Visitor,True,True
0,0.84,1,232.0,46,1396.59,0.0,0.02,0.0,0.4,May,2,2,1,2,Returning_Visitor,False,False
0,0.0,0,2.77,8,1406.08,0.0,0.01,0.0,0.02,May,3,2,4,3,Returning_Visitor,False,False
1,3.5,0,5.54,20,309.17,0.0,0.0,0.0,0.0,Nov,2,2,2,2,Returning_Visitor,False,False
1,1566.6,0,0.0,34,1708.62,0.0,0.01,0.11,0.0,Oct,2,2,3,2,Returning_Visitor,False,False
1,30.25,0,0.0,13,392.19,0.0,0.01,0.33,0.0,Dec,2,8,1,20,New_Visitor,False,True
0,0.0,0,0.0,35,1834.93,0.0,0.02,0.08,0.0,June,4,1,1,2,New_Visitor,False,True
0,0.0,0,0.0,5,210.0,0.09,0.16,0.0,0.0,Mar,2,5,1,1,Returning_Visitor,False,False
6,89.0,3,12.0,19,5378.05,0.02,0.05,4.37,0.2,May,2,2,3,2,Returning_Visitor,False,True
0,44.72,1,16.51,7,50.0,0.04,0.08,0.0,0.6,May,2,4,1,7,Returning_Visitor,False,False
8,130.4,0,0.0,20,326.93,0.03,0.06,0.0,0.0,Dec,3,2,1,1,Returning_Visitor,True,False
1,43.0,0,0.0,38,1348.7,0.0,0.03,11.56,0.0,May,2,6,1,1,Returning_Visitor,False,False
1,4.88,0,0.0,21,1684.24,0.0,0.01,0.02,0.0,Mar,2,2,3,1,Returning_Visitor,False,False
0,1.17,0,1.83,1,0.0,0.2,0.2,0.0,0.0,Mar,2,2,1,1,Returning_Visitor,True,False
26,25.41,9,503.72,41,9676.09,0.0,0.01,19.57,0.0,May,3,2,1,13,Returning_Visitor,False,True
0,0.0,0,2.32,1,0.0,0.2,0.2,0.08,0.02,Mar,2,6,1,1,Returning_Visitor,False,False
1,42.0,0,5.83,10,1057.0,0.02,0.06,0.0,0.0,May,2,2,8,15,New_Visitor,True,False
0,0.77,0,0.0,20,624.01,0.0,0.02,0.41,0.0,Dec,1,2,3,2,Returning_Visitor,False,False
0,0.0,1,6.0,50,1706.82,0.0,0.01,11.76,0.01,May,4,1,4,20,Returning_Visitor,False,True
0,0.0,0,0.0,1,991.01,0.2,0.2,0.87,0.0,Nov,3,2,2,11,Returning_Visitor,True,False
3,68.64,2,23.0,37,783.88,0.0,0.03,0.09,0.0,Nov,2,2,1,2,Returning_Visitor,True,False
0,0.0,0,2.43,6,82.5,0.0,0.04,0.0,0.0,Dec,2,2,1,2,Returning_Visitor,False,False
4,143.67,0,0.0,35,1059.0,0.0,0.01,0.0,0.0,Mar,2,2,3,2,New_Visitor,False,False
2,131.06,0,2.53,48,468.19,0.0,0.0,0.0,0.12,Nov,2,2,3,2,Returning_Visitor,False,False
0,0.0,0,1.79,7,218.91,0.03,0.02,0.0,0.0,Dec,3,2,6,1,Returning_Visitor,False,False
7,137.56,0,0.0,43,2660.28,0.06,0.06,0.0,0.0,Jul,2,2,2,13,Returning_Visitor,False,False
1,143.59,0,0.0,4,106.8,0.0,0.06,5.11,0.0,Oct,2,2,2,5,New_Visitor,False,True
7,135.2,5,430.33,68,3974.53,0.0,0.02,0.34,0.0,Mar,3,2,1,1,Returning_Visitor,True,False
0,0.0,0,0.0,6,339.5,0.0,0.02,0.36,0.0,Nov,2,2,9,20,New_Visitor,False,True
2,138.04,0,2.14,4,239.49,0.0,0.01,0.2,0.0,Mar,2,2,1,3,Returning_Visitor,False,False
3,44.0,0,0.0,15,310.25,0.01,0.01,0.0,0.0,Dec,3,2,1,2,Returning_Visitor,True,False
0,0.0,0,2.99,48,1713.4,0.05,0.07,0.22,0.24,May,3,2,1,6,Returning_Visitor,False,False
2,124.0,1,9.0,109,1684.8,0.0,0.02,0.0,0.45,May,1,1,3,4,Returning_Visitor,False,False
0,0.0,0,2.82,4,13.0,0.0,0.1,0.0,0.0,May,1,1,3,2,Returning_Visitor,True,False
3,64.0,0,0.0,15,565.67,0.0,0.01,0.26,0.0,Mar,3,2,1,2,New_Visitor,False,False
0,0.0,0,0.0,7,34.47,0.1,0.1,0.0,0.0,May,3,2,1,3,Returning_Visitor,False,False
0,0.76,0,0.0,1,0.0,0.2,0.18,0.0,0.0,Nov,2,2,1,1,Returning_Visitor,False,False
2,29.96,0,3.55,22,1608.84,0.0,0.0,0.2,0.0,May,1,1,7,4,Returning_Visitor,False,False
6,111.0,0,0.0,12,228.21,0.03,0.03,1.67,0.0,Mar,3,2,1,1,Returning_Visitor,True,False
3,145.12,0,0.0,31,1668.79,0.01,0.02,11.55,0.0,Nov,1,1,3,2,Returning_Visitor,False,True
1,19.2,0,8.16,55,3134.07,0.0,0.01,5.77,0.0,Aug,2,4,1,1,Returning_Visitor,False,False
0,0.0,0,0.0,5,118.75,0.04,0.05,0.26,0.0,Dec,1,1,1,8,Returning_Visitor,False,False
3,132.8,0,0.0,7,296.17,0.0,0.01,0.0,0.0,Mar,2,2,3,2,New_Visitor,False,False
5,145.5,0,0.0,96,1524.75,0.0,0.01,0.11,0.0,Mar,2,2,9,2,Returning_Visitor,False,False
0,0.86,0,1.93,5,251.0,0.04,0.08,0.12,0.0,Dec,1,1,1,3,Returning_Visitor,False,False
1,146.5,0,0.0,52,1697.38,0.0,0.02,7.88,0.01,Mar,1,1,3,2,Returning_Visitor,False,False
0,0.0,0,1.68,1,29.66,0.2,0.2,0.0,0.01,May,1,1,4,3,Returning_Visitor,False,False
3,122.84,0,0.0,45,1130.85,0.02,0.02,0.0,0.0,May,1,1,2,3,Returning_Visitor,True,False
0,0.62,0,0.0,57,1713.54,0.01,0.03,0.0,0.0,Nov,2,2,6,2,Returning_Visitor,False,False
0,0.0,0,0.0,12,2015.45,0.0,0.02,21.68,0.0,Nov,3,2,3,11,Returning_Visitor,True,True
0,0.0,0,4.16,12,468.0,0.07,0.03,0.43,0.0,May,4,1,4,3,Returning_Visitor,False,False
3,145.61,2,69.5,41,1430.25,0.0,0.01,3.84,0.0,May,2,2,2,2,Returning_Visitor,False,True
0,0.0,0,0.0,3,249.48,0.0,0.06,0.28,0.0,Mar,2,2,4,2,Returning_Visitor,False,False
0,0.0,0,0.0,1,0.0,0.2,0.2,0.34,0.0,May,3,2,1,13,Returning_Visitor,False,False
0,0.0,0,0.0,31,457.4,0.0,0.03,0.0,0.59,May,2,2,1,1,Returning_Visitor,False,False
2,353.0,0,3.39,24,1714.47,0.02,0.03,0.28,0.0,May,2,2,3,6,Returning_Visitor,False,False
6,30.67,0,0.0,16,475.3,0.01,0.03,0.0,0.01,Sep,2,2,2,13,Returning_Visitor,False,False
0,11.84,0,0.0,8,1577.0,0.0,0.03,0.49,0.0,Mar,1,1,1,3,Returning_Visitor,False,False
8,118.75,6,241.5,45,1998.44,0.0,0.02,2.84,0.0,Mar,3,2,1,2,Returning_Visitor,True,False
0,0.0,0,8.71,27,321.67,0.05,0.07,0.0,0.8,May,3,2,1,1,Returning_Visitor,False,False
2,25.65,0,0.0,13,343.62,0.0,0.01,0.15,0.0,Mar,2,2,2,2,New_Visitor,False,False
2,59.0,0,0.0,20,875.65,0.0,0.02,0.0,0.0,May,1,1,3,4,Returning_Visitor,True,False
0,0.0,0,7.41,8,828.66,0.0,0.03,58.61,0.0,May,2,2,1,2,Returning_Visitor,False,True
0,0.0,0,0.0,48,464.58,0.0,0.01,0.0,0.0,May,2,2,3,2,Returning_Visitor,False,False
3,202.13,0,0.0,47,1434.44,0.0,0.01,0.0,0.0,Sep,1,1,1,2,Returning_Visitor,False,False
8,143.58,0,18.64,101,2584.71,0.01,0.02,16.94,0.36,May,2,2,1,13,Returning_Visitor,False,False
0,0.0,0,0.0,21,626.06,0.01,0.04,0.02,0.0,Dec,2,2,1,2,Returning_Visitor,False,False
4,44.5,0,0.0,47,2037.04,0.0,0.02,0.0,0.2,May,2,2,6,13,Returning_Visitor,False,False
0,0.0,0,0.0,48,875.93,0.03,0.07,0.0,0.0,Oct,1,1,3,2,Returning_Visitor,False,False
0,0.64,0,3.36,14,515.49,0.0,0.02,0.04,0.0,May,2,2,1,4,Returning_Visitor,False,False
8,140.35,0,0.0,45,3007.69,0.01,0.01,0.0,0.0,Dec,3,2,1,3,Returning_Visitor,False,False
2,0.0,0,0.0,41,1202.9,0.01,0.03,0.0,0.0,Mar,2,2,2,3,Returning_Visitor,False,False
0,0.0,0,0.0,7,208.26,0.0,0.03,0.25,0.0,Dec,2,2,1,8,New_Visitor,False,False
2,56.2,0,0.0,48,5978.18,0.0,0.03,15.25,0.6,May,2,2,3,2,Returning_Visitor,False,False
0,1.25,0,0.0,3,75.5,0.0,0.06,0.0,0.0,Dec,3,2,4,2,Returning_Visitor,True,False
1,0.0,2,3.2,28,557.4,0.01,0.03,0.0,0.43,May,2,4,3,3,Returning_Visitor,False,False
0,0.0,0,0.0,100,7475.24,0.01,0.03,8.51,0.0,Nov,2,2,7,2,Returning_Visitor,True,True
0,0.0,0,2.35,10,158.75,0.0,0.02,0.0,0.0,Nov,2,2,1,2,Returning_Visitor,False,False
1,20.2,0,0.0,6,864.95,0.03,0.06,0.0,0.0,Nov,3,2,3,1,Returning_Visitor,True,False
0,0.0,0,2.96,39,428.77,0.01,0.03,0.0,0.0,Dec,1,1,1,2,Returning_Visitor,True,False
1,19.0,0,0.0,24,3209.0,0.01,0.02,64.33,0.0,May,2,2,9,3,New_Visitor,False,False
0,0.0,0,0.0,9,145.0,0.07,0.07,0.0,0.8,May,3,2,1,13,Returning_Visitor,False,False
0,0.0,0,0.0,13,1496.83,0.0,0.02,98.14,0.0,May,2,4,6,4,New_Visitor,False,True
0,0.0,0,0.0,5,180.17,0.0,0.02,0.0,0.0,May,1,1,7,2,Returning_Visitor,True,False
0,0.0,0,2.04,1,35.74,0.2,0.18,0.0,0.0,Nov,1,1,2,2,Returning_Visitor,False,False
2,15.0,0,0.0,1,8.0,0.0,0.06,0.13,0.0,Nov,2,4,1,2,Returning_Visitor,False,False
0,0.0,0,5.12,11,465.07,0.0,0.0,0.0,0.0,Nov,1,1,1,2,Returning_Visitor,False,False
3,295.67,0,0.0,48,2207.83,0.0,0.02,0.33,0.0,May,2,8,3,2,Returning_Visitor,False,False
2,28.0,0,0.0,46,1737.92,0.0,0.01,11.48,0.0,Nov,4,2,3,10,Returning_Visitor,False,True
0,1.7,0,0.0,17,1338.8,0.06,0.09,0.0,0.0,Aug,2,2,3,13,Returning_Visitor,False,False
0,0.0,0,0.0,14,390.9,0.01,0.07,0.0,0.0,Aug,2,2,6,3,Returning_Visitor,False,False
6,109.5,1,4.21,157,4643.76,0.0,0.01,0.29,0.8,May,2,5,1,4,Returning_Visitor,False,False
7,144.12,2,4.15,11,438.58,0.02,0.03,0.0,0.0,May,2,5,1,3,Returning_Visitor,False,False
1,24.0,0,2.48,7,238.5,0.0,0.01,0.0,0.0,May,2,4,1,2,New_Visitor,False,False
0,0.0,0,2.79,4,32.0,0.0,0.05,0.0,0.0,Dec,2,2,3,2,Returning_Visitor,False,False
6,125.7,2,40.02,47,2576.43,0.01,0.02,0.19,0.0,Mar,1,1,1,4,Returning_Visitor,True,False
0,0.0,0,0.0,9,143.0,0.02,0.12,0.0,1.0,May,2,6,4,3,Returning_Visitor,True,False
5,60.2,0,0.0,37,1554.19,0.0,0.02,10.58,0.0,May,2,2,1,4,Returning_Visitor,False,True
0,0.6,0,0.0,4,0.0,0.2,0.2,0.42,0.0,May,2,2,9,13,Returning_Visitor,False,False
3,118.55,0,0.0,34,1948.09,0.03,0.06,0.14,0.0,June,3,2,1,13,Returning_Visitor,True,False
1,1.95,0,0.0,2,15.2,0.0,0.04,0.12,0.0,Aug,1,1,6,3,Returning_Visitor,False,False
3,112.0,0,2.95,37,2043.5,0.01,0.02,0.77,0.0,Mar,2,5,3,2,Returning_Visitor,False,True
2,10.77,0,0.0,49,2094.14,0.02,0.05,0.01,0.0,Jul,2,2,1,1,Returning_Visitor,False,False
5,141.58,0,0.0,21,743.92,0.0,0.02,0.0,0.01,May,2,2,1,4,Returning_Visitor,False,False
4,67.07,0,0.0,21,2588.96,0.0,0.01,0.0,0.0,Mar,3,2,2,8,New_Visitor,True,False
0,0.0,0,1.78,4,84.66,0.05,0.08,0.0,0.0,May,2,2,1,1,Returning_Visitor,True,False
8,50.75,1,26.75,22,553.58,0.0,0.05,5.8,0.0,May,2,2,2,5,New_Visitor,False,False
6,140.48,0,0.0,22,472.75,0.04,0.03,0.26,0.0,Nov,3,2,2,4,Returning_Visitor,False,False
2,217.0,0,0.0,34,409.5,0.0,0.01,0.0,0.0,Dec,2,2,4,2,Returning_Visitor,False,False
0,0.0,1,0.0,5,222.0,0.03,0.03,0.0,0.0,Nov,2,2,1,2,Returning_Visitor,False,False
0,0.0,0,0.0,5,311.24,0.03,0.04,0.0,0.2,May,2,2,6,4,Returning_Visitor,False,False
0,0.67,0,0.0,15,524.14,0.0,0.04,0.18,0.0,Nov,2,2,1,2,New_Visitor,True,False
0,55.56,0,0.0,49,2268.9,0.0,0.02,0.0,0.0,Aug,1,2,9,2,Returning_Visitor,False,False
3,38.5,0,0.0,33,583.83,0.0,0.02,0.0,0.0,May,3,2,4,4,Returning_Visitor,True,False
3,142.19,0,0.0,18,1051.42,0.01,0.02,0.44,0.0,Oct,2,5,2,2,New_Visitor,False,False
0,0.0,0,0.0,7,58.5,0.0,0.06,0.33,0.0,Nov,2,6,9,2,Returning_Visitor,False,False
1,73.75,0,4.41,45,2674.34,0.0,0.02,0.05,0.0,Mar,1,1,8,1,Returning_Visitor,False,False
3,31.2,1,42.4,11,134.45,0.0,0.01,0.0,0.0,Nov,2,2,1,2,New_Visitor,False,False
0,0.82,0,0.0,1,0.0,0.2,0.2,0.0,0.0,May,1,1,2,2,Returning_Visitor,False,False
0,0.0,0,0.0,19,346.13,0.0,0.04,0.19,0.0,Aug,2,2,3,3,Returning_Visitor,False,False
3,145.24,2,28.7,16,223.42,0.0,0.02,0.0,0.0,Oct,3,2,6,1,Returning_Visitor,True,False
3,260.0,0,0.0,11,198.17,0.0,0.01,0.0,0.0,May,2,2,9,2,New_Visitor,False,False
0,0.0,0,0.0,8,121.38,0.0,0.03,0.0,0.0,Dec,3,2,4,2,New_Visitor,False,False
7,68.35,0,0.0,49,1719.42,0.0,0.03,4.24,0.0,May,1,1,3,3,Returning_Visitor,True,False
2,28.0,0,0.0,7,115.67,0.0,0.02,0.22,0.0,May,1,1,1,5,New_Visitor,True,False
0,0.0,0,2.01,6,205.05,0.0,0.07,0.11,0.0,Nov,1,1,3,3,Returning_Visitor,False,False
4,153.25,0,0.0,19,402.72,0.0,0.0,0.76,0.01,May,2,2,5,4,Returning_Visitor,True,True
2,77.0,1,335.0,33,3583.17,0.02,0.05,11.39,0.01,May,2,2,3,3,Returning_Visitor,True,False
4,202.0,0,0.0,28,1695.33,0.01,0.02,0.04,0.01,May,1,1,1,4,Returning_Visitor,False,False
14,132.93,3,11.5,182,3539.94,0.03,0.03,0.17,0.0,Nov,2,5,1,2,Returning_Visitor,False,False
0,0.0,0,3.44,27,1676.56,0.05,0.08,0.0,0.0,June,3,2,3,3,Returning_Visitor,False,False
3,145.98,0,0.0,57,1721.91,0.0,0.01,55.37,0.0,Nov,2,2,1,4,Returning_Visitor,True,True
3,54.5,0,0.0,6,210.92,0.02,0.03,0.0,0.0,Nov,3,2,1,3,Returning_Visitor,False,False
0,0.0,0,1.52,5,143.5,0.01,0.04,0.19,0.0,Mar,2,5,3,3,Returning_Visitor,False,False
3,311.14,0,0.0,47,1714.99,0.01,0.04,57.84,0.0,May,3,2,1,13,Returning_Visitor,False,False
1,90.51,0,0.0,14,590.55,0.0,0.01,38.07,0.0,Aug,2,2,1,5,New_Visitor,False,True
1,140.5,0,7.26,19,1475.17,0.02,0.04,16.98,0.0,Nov,2,2,2,10,Returning_Visitor,False,False
0,0.6,0,2.56,13,1073.62,0.02,0.05,0.0,0.03,May,3,2,4,3,Returning_Visitor,False,False
3,80.25,0,0.0,48,2618.68,0.01,0.01,17.61,0.0,Nov,3,2,1,8,Returning_Visitor,False,True
0,0.0,1,65.0,15,1088.26,0.01,0.02,0.0,0.0,Mar,1,1,6,1,Returning_Visitor,False,False
4,82.17,0,4.19,45,673.48,0.02,0.03,15.15,0.2,May,2,2,7,2,Returning_Visitor,False,False
0,0.68,0,1.72,1,40.72,0.2,0.2,0.0,0.0,Nov,3,2,3,13,Returning_Visitor,False,False
0,0.0,2,5.26,7,245.21,0.07,0.13,0.0,0.0,Nov,1,1,1,2,Returning_Visitor,False,False
0,0.77,0,2.62,2,41.43,0.0,0.07,0.04,0.0,Mar,1,1,8,3,Returning_Visitor,False,False
1,144.52,0,6.16,15,496.75,0.0,0.01,115.49,0.0,May,2,2,3,2,New_Visitor,False,True
2,138.2,0,0.0,4,454.33,0.0,0.03,0.97,0.0,Nov,2,2,1,3,New_Visitor,False,False
0,0.0,0,3.51,24,648.07,0.02,0.04,0.08,0.44,May,1,2,3,1,Returning_Visitor,False,False
3,119.5,0,0.0,17,673.62,0.02,0.02,0.0,0.0,Dec,3,2,1,10,Returning_Visitor,True,False
0,0.77,0,0.0,6,161.67,0.0,0.05,0.37,0.0,Dec,2,2,9,3,New_Visitor,False,False
2,45.0,0,0.0,8,71.0,0.02,0.04,0.12,0.0,May,2,2,1,13,Returning_Visitor,False,False
0,0.0,0,4.17,17,1731.62,0.0,0.04,0.06,0.0,Nov,2,1,1,3,Returning_Visitor,False,False
0,0.0,0,26.88,26,650.81,0.0,0.01,0.0,0.0,Nov,1,1,1,2,Returning_Visitor,True,True
0,0.0,0,1.61,26,2021.4,0.02,0.03,0.0,0.0,May,3,3,1,4,Returning_Visitor,False,False
0,0.0,0,6.25,15,471.55,0.0,0.04,0.0,0.0,Aug,2,2,1,1,Returning_Visitor,False,False
4,227.48,3,432.2,56,4895.26,0.01,0.04,2.22,0.01,Nov,2,4,3,3,Returning_Visitor,False,False
0,0.0,1,22.0,81,1691.02,0.01,0.02,0.0,0.0,Nov,3,2,1,2,Returning_Visitor,True,True
1,138.5,0,0.0,21,831.0,0.01,0.01,0.39,0.0,Dec,2,12,4,2,Returning_Visitor,False,False
11,79.75,0,0.0,44,419.25,0.01,0.03,0.0,0.8,May,2,2,1,2,Returning_Visitor,False,False
3,53.25,1,306.49,47,1168.19,0.0,0.0,11.98,0.03,May,2,2,5,1,Returning_Visitor,True,True
0,20.18,0,0.0,15,369.5,0.0,0.03,0.0,0.0,Nov,3,2,2,2,New_Visitor,True,False
0,0.0,0,0.0,22,925.83,0.02,0.05,0.0,0.0,Mar,2,2,3,1,Returning_Visitor,False,False
4,144.06,0,0.0,28,1598.24,0.0,0.02,0.17,0.0,Mar,2,2,4,1,Returning_Visitor,False,False
2,145.39,0,0.0,16,214.83,0.0,0.02,0.3,0.0,Feb,2,2,1,2,Returning_Visitor,False,False
1,0.0,0,2.47,53,3575.0,0.0,0.01,119.89,0.0,Nov,2,5,9,2,New_Visitor,False,True
0,5.99,0,2.66,1,289.92,0.2,0.2,0.0,0.18,Feb,4,2,1,3,Returning_Visitor,False,False
0,0.0,0,1.83,4,39.67,0.0,0.1,0.0,0.0,May,3,2,3,3,Returning_Visitor,False,False
0,0.0,0,0.0,62,1162.82,0.0,0.02,57.48,0.0,Nov,2,2,1,2,Returning_Visitor,True,False
0,0.0,0,0.0,20,366.5,0.0,0.01,0.0,0.0,Nov,2,2,1,2,Returning_Visitor,False,False
1,42.04,0,0.0,46,544.8,0.03,0.06,11.38,0.2,May,3,2,4,4,Returning_Visitor,False,False
0,1.49,0,0.0,5,59.0,0.0,0.07,0.0,0.0,Dec,1,1,3,2,Other,False,False
0,0.0,0,0.0,49,875.16,0.0,0.0,40.42,0.0,Nov,2,2,7,2,Returning_Visitor,False,True
0,0.0,0,0.0,8,220.18,0.04,0.07,0.48,0.0,Nov,3,2,4,13,Returning_Visitor,False,False
0,0.0,0,0.0,2,49.0,0.0,0.1,0.0,0.0,Mar,2,2,1,3,Returning_Visitor,True,False
3,16.0,0,0.0,13,399.0,0.02,0.06,0.0,0.0,Nov,1,1,1,8,Returning_Visitor,False,False
4,93.23,0,3.95,14,1694.35,0.0,0.06,9.25,0.0,Nov,1,1,6,5,New_Visitor,False,True
0,0.0,0,0.0,2,253.73,0.0,0.1,0.0,0.0,May,2,2,3,13,Returning_Visitor,False,False
0,0.0,0,6.06,33,73.67,0.0,0.02,0.0,0.43,May,2,2,1,3,Returning_Visitor,False,False
5,61.01,0,0.0,51,1141.07,0.0,0.01,0.0,0.0,Dec,2,2,6,2,New_Visitor,False,False
7,142.87,0,0.0,19,504.6,0.0,0.02,0.0,0.0,Dec,1,1,1,1,Returning_Visitor,False,True
3,141.94,0,6.14,18,1711.5,0.0,0.01,0.0,0.0,Nov,1,1,1,2,New_Visitor,False,False
0,0.72,0,3.3,28,1202.0,0.0,0.02,0.0,0.0,Mar,2,2,3,1,Returning_Visitor,False,False
3,60.5,0,0.0,31,1574.38,0.0,0.02,0.02,0.0,Dec,2,2,3,1,Returning_Visitor,False,False
0,0.0,0,3.31,1,1303.66,0.2,0.2,0.0,0.0,Nov,2,2,7,11,Returning_Visitor,True,False
1,18.5,0,0.0,32,814.61,0.0,0.02,3.11,0.47,May,2,2,1,4,Returning_Visitor,False,True
5,106.0,0,0.0,30,1716.42,0.0,0.01,0.0,0.0,Mar,2,2,3,2,New_Visitor,False,False
3,618.0,0,0.0,9,551.21,0.0,0.01,34.44,0.0,Mar,2,2,6,3,New_Visitor,False,True
10,130.73,0,0.0,54,2702.39,0.0,0.02,0.0,0.0,Nov,2,2,1,2,Returning_Visitor,False,True
3,140.99,0,0.0,94,2487.52,0.0,0.0,0.0,0.0,Oct,2,2,6,2,New_Visitor,False,False
0,2.5,0,0.0,48,1489.59,0.01,0.04,0.0,0.0,Sep,3,2,2,4,Returning_Visitor,False,False
0,0.0,0,0.0,4,45.9,0.0,0.07,0.0,0.0,May,1,1,6,3,Returning_Visitor,False,False
1,32.29,0,2.58,21,292.41,0.0,0.03,0.0,0.01,Mar,3,2,1,3,Returning_Visitor,False,False
3,437.39,2,235.55,46,2503.88,0.0,0.0,2.09,0.0,Mar,2,2,3,2,Returning_Visitor,False,True
1,17.75,0,0.0,22,610.97,0.04,0.07,0.0,0.0,Nov,1,1,1,2,Returning_Visitor,False,False
3,2.05,3,26.0,21,405.33,0.0,0.03,0.0,0.0,May,2,2,6,4,Returning_Visitor,False,False
0,0.0,0,0.0,14,422.13,0.07,0.1,0.28,0.0,Jul,3,2,4,2,Returning_Visitor,True,False
3,143.0,4,48.0,16,470.72,0.0,0.01,0.0,0.0,Mar,1,1,1,2,New_Visitor,False,False
5,52.47,1,34.8,6,106.3,0.0,0.02,0.0,0.0,Nov,2,2,3,2,New_Visitor,True,False
0,0.0,0,3.37,1,0.0,0.2,0.18,0.0,0.0,Nov,2,2,2,3,Returning_Visitor,False,False
3,334.6,0,8.04,49,1201.6,0.01,0.02,0.0,0.2,May,3,2,1,13,Returning_Visitor,False,False
1,148.0,0,0.0,9,416.67,0.0,0.0,0.06,0.0,Mar,3,2,6,2,New_Visitor,True,False
3,53.5,0,0.0,48,2874.97,0.0,0.02,0.0,0.0,May,2,2,1,4,Returning_Visitor,False,False
0,0.0,0,3.47,8,149.0,0.13,0.16,0.0,0.8,May,2,2,7,3,Returning_Visitor,False,False
2,30.71,0,0.0,3,171.59,0.0,0.05,0.0,0.02,Nov,1,1,3,2,Returning_Visitor,False,False
1,139.48,0,0.0,81,1714.12,0.0,0.01,0.05,0.0,May,2,2,3,2,Returning_Visitor,False,False
1,0.86,0,0.0,36,1195.73,0.01,0.02,19.11,0.0,May,2,2,6,4,Returning_Visitor,True,False
0,0.0,0,1.61,5,280.2,0.0,0.03,19.51,0.0,Nov,1,1,4,2,New_Visitor,False,True
5,58.83,0,0.0,128,6483.08,0.0,0.01,3.83,0.0,Nov,2,2,2,8,Returning_Visitor,True,False
0,5.39,0,0.0,12,749.8,0.0,0.02,23.0,0.01,Jul,2,2,1,4,New_Visitor,False,True
0,0.0,0,0.0,1,0.0,0.2,0.18,0.0,0.0,May,1,1,1,3,Returning_Visitor,False,False
3,0.69,2,125.0,55,1970.84,0.0,0.01,96.26,0.0,Mar,2,2,1,2,New_Visitor,True,True
0,0.0,1,55.0,63,1682.77,0.0,0.02,22.09,0.0,May,2,2,1,5,Returning_Visitor,False,True
2,7.65,0,0.0,3,192.5,0.0,0.05,0.0,0.0,Nov,2,2,8,2,New_Visitor,True,False
9,848.14,4,388.67,33,595.01,0.0,0.05,4.23,0.0,May,2,2,1,10,New_Visitor,False,False
0,0.0,0,2.05,11,202.57,0.04,0.07,0.0,0.0,Mar,1,1,3,1,Returning_Visitor,False,False
1,75.0,4,250.67,44,1679.83,0.0,0.0,0.23,0.0,Mar,2,2,1,2,New_Visitor,True,True
3,141.1,0,0.0,5,33.86,0.0,0.04,0.0,0.0,Nov,1,1,1,2,New_Visitor,False,False
0,0.0,0,0.0,12,531.91,0.0,0.08,0.0,0.0,Dec,2,2,1,2,Returning_Visitor,False,False
0,9.07,0,2.24,42,1022.38,0.01,0.03,0.0,0.0,Nov,1,1,2,10,Returning_Visitor,True,False
0,0.68,0,0.0,19,242.64,0.03,0.08,0.0,0.0,Nov,2,2,6,2,Returning_Visitor,False,False
0,0.0,0,4.51,12,471.5,0.02,0.05,0.06,0.0,Mar,2,1,6,3,Returning_Visitor,False,False
2,144.61,0,0.0,9,128.0,0.0,0.02,0.0,0.0,May,2,2,1,2,New_Visitor,False,False
0,0.0,0,0.0,13,96.5,0.03,0.08,1.59,0.0,Mar,2,6,4,1,Returning_Visitor,False,False
5,83.53,0,0.0,4,34.83,0.03,0.04,0.6,0.0,May,3,2,1,5,Returning_Visitor,False,False
3,0.0,0,0.0,32,1681.07,0.0,0.01,0.04,0.0,Mar,2,2,7,2,Returning_Visitor,False,False
4,143.77,0,0.0,66,2556.22,0.02,0.02,0.0,0.0,May,3,2,1,13,Returning_Visitor,False,False
15,11.03,4,848.42,46,5882.17,0.0,0.01,1.03,0.0,Nov,2,2,1,2,Returning_Visitor,False,False
5,39.0,0,0.0,13,137.0,0.0,0.01,0.0,0.0,Nov,2,4,1,2,New_Visitor,False,True
1,0.0,0,0.0,48,2780.61,0.02,0.05,9.14,0.0,Dec,2,2,8,3,Returning_Visitor,False,False
0,0.0,0,0.0,47,1153.54,0.0,0.04,0.0,0.0,Oct,1,1,6,2,Returning_Visitor,False,False
3,83.6,0,0.0,4,211.39,0.0,0.03,0.0,0.0,Oct,1,1,4,2,New_Visitor,False,False
0,0.64,0,0.0,14,875.0,0.0,0.01,0.0,0.0,Mar,1,1,1,3,Returning_Visitor,True,False
0,0.0,2,12.0,0,93.95,0.0,0.1,0.19,0.01,Dec,2,2,1,2,Returning_Visitor,False,False
0,0.0,0,0.0,1,0.0,0.2,0.2,0.0,0.0,May,3,2,3,6,Returning_Visitor,False,False
11,1.97,4,138.5,45,11940.02,0.01,0.01,9.22,0.01,May,1,1,1,3,Returning_Visitor,True,True
0,4.36,0,5.38,10,371.5,0.0,0.04,0.0,0.0,Nov,3,2,4,10,Returning_Visitor,False,False
8,114.5,0,0.0,49,513.4,0.0,0.03,16.09,0.6,May,2,2,1,3,Returning_Visitor,False,False
3,28.2,0,0.0,7,339.84,0.0,0.01,94.02,0.0,Nov,2,2,3,2,New_Visitor,True,True
0,0.0,0,0.0,3,34.74,0.07,0.06,0.0,0.0,May,1,1,1,3,Returning_Visitor,False,False
2,139.92,0,0.0,5,45.25,0.0,0.03,0.1,0.0,Dec,2,2,1,2,Returning_Visitor,False,False
0,0.0,0,0.0,33,778.82,0.0,0.02,0.0,0.0,Mar,2,5,1,1,Returning_Visitor,False,False
0,0.0,0,5.83,6,204.68,0.0,0.02,0.0,0.0,Nov,2,2,1,2,Returning_Visitor,False,False
3,136.5,0,0.0,25,806.5,0.0,0.01,39.97,0.0,Aug,1,1,1,4,Returning_Visitor,True,False
0,0.0,0,0.0,48,1713.87,0.0,0.02,0.08,0.0,Dec,2,2,1,2,Returning_Visitor,False,False
1,19.0,0,0.0,44,702.12,0.0,0.02,0.0,0.0,Nov,2,4,1,2,Returning_Visitor,False,False
0,0.89,0,0.0,15,1674.0,0.0,0.04,0.0,0.0,Mar,2,2,4,1,Returning_Visitor,False,False
0,0.0,0,5.44,14,1947.5,0.0,0.02,0.0,0.0,Nov,1,1,1,3,Returning_Visitor,False,False
3,0.0,4,225.77,222,9630.21,0.01,0.07,0.25,0.01,June,2,2,9,3,Other,False,False
8,305.67,1,0.0,38,796.25,0.01,0.01,0.0,0.0,Dec,1,1,3,10,Returning_Visitor,False,False
4,96.6,0,0.0,15,276.73,0.01,0.02,69.46,0.0,Oct,2,2,1,4,Returning_Visitor,True,True
0,0.0,0,0.0,6,205.87,0.0,0.01,0.0,0.0,Nov,1,1,1,2,New_Visitor,True,False
9,410.55,0,4.4,42,2791.06,0.0,0.01,11.55,0.0,May,2,2,1,2,Returning_Visitor,False,False
0,0.0,0,0.0,1,0.0,0.16,0.2,0.1,0.0,Nov,2,6,1,1,Returning_Visitor,False,False
0,0.0,0,0.0,31,865.08,0.0,0.02,0.11,0.0,Mar,1,1,1,3,Returning_Visitor,True,False
3,172.0,0,7.15,53,1299.38,0.0,0.0,2.59,0.0,Nov,2,6,2,2,Returning_Visitor,False,False
0,0.67,0,0.0,6,206.71,0.03,0.05,0.02,0.4,May,2,2,6,4,Returning_Visitor,False,False
0,0.0,0,2.49,5,22.0,0.08,0.12,0.54,0.0,May,3,2,3,13,Returning_Visitor,False,False
3,65.5,3,60.0,30,1606.44,0.01,0.03,43.21,0.0,Nov,2,2,1,1,Returning_Visitor,False,False
0,0.0,0,0.0,1,29.73,0.2,0.2,0.0,0.01,May,2,2,4,1,Returning_Visitor,False,False
2,20.2,0,0.0,14,1261.32,0.0,0.01,0.0,0.0,Aug,2,2,1,5,Returning_Visitor,False,False
7,490.5,0,0.0,47,1557.33,0.0,0.01,0.0,0.0,Dec,2,2,3,1,New_Visitor,False,False
0,0.0,0,0.0,13,1638.5,0.08,0.06,0.07,0.05,May,3,2,5,13,Returning_Visitor,False,False
0,0.0,1,3.54,49,1497.68,0.0,0.01,0.0,0.0,Mar,2,2,2,10,Returning_Visitor,False,False
0,0.68,0,2.33,3,33.3,0.07,0.18,0.0,0.0,May,3,2,3,3,Returning_Visitor,False,False
3,245.08,1,194.0,48,3646.97,0.0,0.02,4.63,0.0,May,3,2,1,13,Returning_Visitor,False,False
3,109.7,0,6.0,16,852.3,0.02,0.04,0.0,0.0,Oct,2,2,1,3,Returning_Visitor,False,False
0,0.0,0,0.0,5,41.5,0.14,0.06,0.0,0.0,Dec,1,1,3,1,Returning_Visitor,True,False
7,54.33,0,0.0,9,619.53,0.01,0.02,0.0,0.0,Oct,4,5,1,13,Returning_Visitor,False,False
0,0.0,0,0.0,15,1137.0,0.04,0.04,0.0,0.8,May,4,2,1,6,Returning_Visitor,False,False
0,0.0,0,0.0,14,1351.12,0.0,0.01,0.0,0.0,Mar,2,2,1,3,Returning_Visitor,False,False
3,0.0,3,620.25,23,1706.51,0.01,0.03,0.0,0.0,Nov,1,1,3,2,Returning_Visitor,True,False
6,143.62,0,0.0,48,643.05,0.0,0.02,0.0,0.0,Oct,1,1,3,4,Returning_Visitor,True,False
2,64.5,0,2.61,24,1688.73,0.0,0.02,15.28,0.0,Dec,3,2,3,2,Returning_Visitor,False,True
0,0.0,0,0.0,2,56.05,0.2,0.2,0.0,0.0,Mar,1,1,1,3,Returning_Visitor,False,False
3,1499.57,1,186.0,31,2905.94,0.0,0.01,0.94,0.0,Mar,2,6,7,2,Returning_Visitor,False,False
17,2.89,0,0.0,25,1534.83,0.02,0.02,7.18,0.0,May,1,1,1,10,Returning_Visitor,False,True
0,0.0,0,0.0,14,159.0,0.0,0.03,0.0,0.0,Nov,1,1,1,1,Returning_Visitor,False,False
0,0.0,0,2.01,11,673.0,0.01,0.06,0.0,0.0,Mar,2,2,1,1,Returning_Visitor,False,False
0,0.0,0,0.0,4,86.0,0.0,0.03,0.19,0.0,Dec,3,5,1,8,New_Visitor,True,False
0,0.0,0,3.75,22,641.52,0.01,0.01,34.52,0.0,Oct,1,1,1,2,Returning_Visitor,False,False
4,155.0,0,4.56,60,3086.4,0.0,0.02,0.0,0.4,May,2,5,2,3,Returning_Visitor,False,False
10,166.93,2,246.0,46,2697.49,0.0,0.02,3.1,0.6,Nov,2,2,2,19,Returning_Visitor,False,False
0,0.0,0,3.05,49,934.87,0.01,0.04,0.0,0.0,May,1,1,1,2,Returning_Visitor,True,False
3,189.8,0,0.0,12,208.83,0.0,0.02,70.32,0.0,Nov,2,2,1,2,New_Visitor,False,True
0,0.0,0,0.0,11,203.5,0.02,0.04,0.01,0.0,Dec,4,2,3,3,Returning_Visitor,False,False
6,127.72,0,0.0,22,383.2,0.0,0.01,0.07,0.0,May,2,2,1,2,Returning_Visitor,False,False
0,0.0,0,1.71,5,200.45,0.1,0.16,0.0,0.0,Nov,3,2,1,3,Returning_Visitor,True,False
6,175.0,1,10.0,46,2877.5,0.0,0.03,0.0,0.0,May,2,2,7,1,Returning_Visitor,False,False
1,75.0,0,0.0,19,1701.92,0.01,0.03,28.12,0.0,Nov,2,2,1,13,Returning_Visitor,False,True
4,144.67,0,0.0,10,285.5,0.03,0.06,0.0,0.0,Dec,3,2,4,3,Returning_Visitor,False,False
2,50.0,0,0.0,24,515.46,0.0,0.01,0.0,0.0,Nov,2,2,1,2,Returning_Visitor,True,False
0,0.0,0,0.0,1,40.0,0.0,0.06,0.31,0.0,Mar,2,2,1,1,Returning_Visitor,False,False
2,22.2,0,0.0,18,470.9,0.0,0.0,0.0,0.0,Nov,2,2,2,4,Returning_Visitor,False,False
1,29.5,0,0.0,29,569.17,0.0,0.02,12.45,0.0,May,2,2,3,2,Returning_Visitor,False,True
4,22.5,0,0.0,19,724.42,0.03,0.04,0.0,0.0,Dec,3,2,2,3,Returning_Visitor,False,False
4,144.32,0,0.0,4,180.5,0.03,0.03,0.0,0.0,Dec,3,2,6,10,Returning_Visitor,False,False
16,142.59,1,0.0,86,2351.83,0.0,0.02,11.56,0.0,May,2,2,1,2,Returning_Visitor,True,False
1,1.06,0,0.0,3,0.0,0.17,0.2,0.0,0.0,May,1,1,1,2,Returning_Visitor,True,False
0,0.0,0,0.0,11,980.25,0.0,0.06,0.01,0.0,Mar,2,2,4,3,Returning_Visitor,False,False
3,213.0,0,0.0,2,338.0,0.0,0.02,112.41,0.0,May,1,1,1,5,Returning_Visitor,False,True
3,120.0,1,0.0,44,1583.6,0.0,0.03,39.63,0.0,Dec,2,2,4,2,Returning_Visitor,False,False
5,110.73,0,0.0,48,572.98,0.01,0.02,0.0,0.0,Dec,3,2,1,3,Returning_Visitor,False,False
0,0.0,1,0.0,0,0.0,0.2,0.2,0.0,1.0,May,1,1,1,3,Returning_Visitor,True,False
3,53.4,0,0.0,21,216.7,0.0,0.01,0.0,0.0,Sep,2,2,1,2,New_Visitor,False,False
3,142.31,0,0.0,518,1685.99,0.0,0.0,0.0,0.0,May,4,2,9,2,Returning_Visitor,False,False
0,0.0,0,0.0,12,200.0,0.0,0.05,0.0,0.0,Mar,2,2,1,2,Returning_Visitor,True,False
1,0.0,0,0.0,12,892.08,0.02,0.06,0.0,0.0,Nov,2,2,6,2,New_Visitor,False,False
2,55.5,0,0.0,2,26.0,0.0,0.06,0.0,0.0,Dec,1,2,9,3,Returning_Visitor,True,True
5,116.1,3,97.67,170,5639.22,0.0,0.01,0.0,0.0,Dec,2,2,7,2,Returning_Visitor,False,False
2,144.76,0,0.0,72,2101.47,0.01,0.03,8.97,0.0,Aug,1,1,1,2,Returning_Visitor,False,False
0,0.0,0,0.0,8,459.0,0.0,0.03,26.98,0.0,May,2,4,3,2,Returning_Visitor,False,True
0,2.3,0,3.22,3,452.67,0.07,0.16,0.29,0.0,June,3,2,1,4,Returning_Visitor,False,False
0,0.0,0,4.85,2,152.23,0.0,0.1,0.0,0.0,June,2,4,6,3,Returning_Visitor,False,False
5,105.5,0,0.0,32,1403.54,0.0,0.0,0.3,0.01,Dec,8,2,9,2,Other,False,False
3,129.01,1,144.0,11,1706.09,0.0,0.02,2.15,0.04,Jul,3,2,1,3,Returning_Visitor,False,False
4,32.33,0,0.0,18,1319.67,0.0,0.01,0.0,0.0,Sep,2,2,3,3,New_Visitor,False,False
0,0.0,0,1.96,4,514.04,0.05,0.06,0.1,0.0,Mar,2,2,6,1,Returning_Visitor,False,False
6,322.35,0,0.0,48,1845.39,0.0,0.01,39.43,0.0,Jul,2,2,1,1,Returning_Visitor,False,True
3,32.7,0,0.0,27,687.2,0.0,0.02,0.0,0.0,Nov,3,2,1,1,Returning_Visitor,False,False
0,0.0,0,1.61,4,37.57,0.0,0.1,0.12,0.0,Dec,2,2,4,2,Returning_Visitor,False,False
1,47.4,0,6.6,6,146.4,0.02,0.06,0.92,0.02,Oct,2,2,1,2,Returning_Visitor,False,False
0,0.67,0,0.0,4,119.43,0.2,0.17,0.0,0.01,Mar,1,2,9,2,Returning_Visitor,False,False
5,44.0,0,0.0,54,1391.73,0.01,0.02,0.0,0.0,Mar,2,2,4,1,Returning_Visitor,False,False
5,146.23,0,0.0,6,181.27,0.04,0.02,0.0,0.0,Nov,1,1,8,3,Returning_Visitor,False,False
0,0.0,0,0.0,12,465.25,0.0,0.02,0.0,0.0,Dec,3,2,6,1,Returning_Visitor,True,False
3,133.95,0,3.11,5,206.26,0.0,0.03,0.0,0.0,Dec,2,4,6,2,New_Visitor,False,True
3,44.5,4,376.5,49,1222.25,0.01,0.02,0.0,0.0,Mar,2,2,2,2,Returning_Visitor,True,False
0,0.0,0,0.0,49,1696.56,0.03,0.08,0.07,0.0,Nov,3,2,3,3,Returning_Visitor,False,False
3,18.0,0,1.42,8,66.0,0.08,0.06,0.17,0.4,May,3,2,1,13,Returning_Visitor,False,False
3,173.94,0,0.0,14,890.53,0.01,0.03,52.74,0.0,Nov,4,5,1,10,Returning_Visitor,False,True
0,0.0,0,5.38,54,3978.25,0.0,0.02,0.0,0.0,Nov,2,2,6,1,Returning_Visitor,True,False
4,209.5,0,0.0,23,1780.7,0.0,0.01,0.0,0.0,Nov,2,2,3,2,New_Visitor,False,False
0,0.0,0,2.67,5,276.0,0.0,0.04,0.0,0.0,May,3,2,3,1,Returning_Visitor,True,False
0,0.0,0,0.0,21,472.88,0.01,0.04,0.0,0.0,Nov,2,2,1,2,Returning_Visitor,False,False
0,0.0,0,0.0,18,473.75,0.04,0.05,0.0,0.43,May,3,2,6,3,Returning_Visitor,False,False
0,0.0,0,0.0,15,189.5,0.0,0.04,0.5,0.0,Mar,3,2,3,3,Returning_Visitor,False,False
2,9.6,3,118.1,36,184.1,0.0,0.04,0.0,0.0,June,2,2,8,4,Returning_Visitor,False,False
2,112.6,0,12.78,25,497.0,0.0,0.05,10.63,0.6,May,2,2,1,6,Returning_Visitor,False,False
0,0.0,0,0.0,49,1140.17,0.03,0.03,0.19,0.0,Nov,3,2,6,13,Returning_Visitor,False,False
3,102.5,0,2.13,5,97.0,0.0,0.01,0.0,0.0,Mar,3,2,1,9,New_Visitor,True,False
5,114.25,0,0.0,48,9126.98,0.0,0.02,0.0,0.0,Nov,2,2,1,2,Returning_Visitor,False,True
3,45.0,0,1.93,9,205.64,0.0,0.02,0.0,0.0,Mar,2,2,1,1,Returning_Visitor,False,False
0,0.0,0,0.0,1,0.0,0.2,0.2,0.0,0.0,Mar,1,1,1,1,Returning_Visitor,True,False
8,35.08,0,0.0,46,5721.8,0.0,0.01,17.8,0.0,Oct,2,2,1,2,Returning_Visitor,False,False
0,0.0,0,2.03,2,0.0,0.2,0.2,0.0,0.6,May,1,1,1,3,Returning_Visitor,False,False
2,2.32,1,76.9,36,914.51,0.02,0.02,0.0,0.4,May,3,2,8,3,Returning_Visitor,False,False
3,145.55,0,13.31,7,68.75,0.0,0.03,0.18,0.0,Mar,2,2,5,2,New_Visitor,False,False
0,0.0,0,0.0,10,426.5,0.0,0.02,0.0,0.0,Nov,2,2,1,2,New_Visitor,False,False
0,0.0,0,2.55,1,0.0,0.2,0.18,0.0,0.0,Nov,3,2,3,3,Returning_Visitor,False,False
0,0.0,0,2.14,2,242.86,0.0,0.1,0.08,0.0,May,2,2,1,4,Returning_Visitor,True,False
0,2.19,0,1.85,1,73.12,0.2,0.18,0.04,0.0,Nov,2,4,1,3,Returning_Visitor,False,False
0,0.0,0,0.0,16,1092.33,0.03,0.07,0.0,0.0,Dec,2,2,5,1,Returning_Visitor,False,False
2,738.0,0,0.0,26,1840.67,0.01,0.04,0.02,0.0,May,2,2,7,13,Returning_Visitor,False,False
0,0.0,0,0.0,23,684.5,0.02,0.04,0.0,0.8,May,2,2,2,6,Returning_Visitor,False,False
0,0.0,0,0.0,10,146.92,0.04,0.09,0.0,0.0,Nov,3,2,4,13,Returning_Visitor,True,False
0,0.85,0,0.0,7,52.4,0.0,0.03,0.04,0.0,May,2,2,1,2,Returning_Visitor,False,False
3,47.0,1,51.0,16,463.42,0.0,0.02,0.0,1.0,May,3,2,1,4,New_Visitor,True,False
3,4.0,2,85.99,31,599.71,0.02,0.03,8.71,0.01,Mar,2,2,3,13,Returning_Visitor,False,False
3,199.0,0,0.0,5,155.0,0.0,0.05,0.0,0.0,May,3,2,3,1,Returning_Visitor,False,False
9,11.26,0,0.0,24,2346.22,0.0,0.01,10.68,0.0,May,1,1,1,3,Returning_Visitor,False,False
0,7.19,0,0.0,4,57.0,0.05,0.08,0.0,0.0,Nov,1,1,1,8,New_Visitor,False,False
10,297.21,0,0.0,22,778.67,0.0,0.02,13.28,0.0,May,1,1,1,3,Returning_Visitor,False,False
0,0.0,0,0.0,1,0.0,0.17,0.18,0.0,0.0,Mar,2,4,1,1,Returning_Visitor,False,False
1,39.2,0,0.0,23,969.85,0.0,0.0,0.0,0.0,Oct,4,2,3,2,Returning_Visitor,False,False
8,17.35,0,0.0,19,291.26,0.0,0.04,0.0,0.0,Mar,2,2,7,1,Returning_Visitor,False,False
0,0.0,0,0.0,3,139.0,0.0,0.06,0.33,0.0,Dec,2,10,1,2,Returning_Visitor,False,True
0,0.0,0,0.0,1,49.92,0.2,0.2,0.05,0.01,Mar,2,2,1,1,Returning_Visitor,False,False
0,0.0,1,0.0,17,1804.12,0.01,0.03,0.39,0.0,Sep,2,5,3,1,Returning_Visitor,False,False
3,65.5,1,89.36,51,1701.26,0.02,0.03,0.33,0.0,Nov,3,2,1,1,Returning_Visitor,True,False
6,133.33,1,398.0,129,4653.19,0.02,0.03,11.54,0.0,Nov,3,2,1,2,Returning_Visitor,False,True
2,39.4,0,4.04,62,1711.0,0.0,0.02,0.0,0.0,Oct,2,2,1,4,Returning_Visitor,False,False
0,0.0,0,0.0,12,338.75,0.0,0.03,0.17,0.0,Nov,2,1,6,2,Returning_Visitor,False,False
0,0.0,0,2.23,12,1145.42,0.02,0.06,0.0,0.0,Nov,3,2,8,10,Returning_Visitor,True,False
0,0.0,0,7.63,17,356.08,0.0,0.01,48.29,0.0,Nov,2,2,5,2,New_Visitor,False,True
2,83.0,0,0.0,3,264.0,0.0,0.05,0.0,0.6,May,1,3,7,2,New_Visitor,False,False
5,62.6,0,0.0,15,272.5,0.0,0.01,0.09,0.0,Oct,1,1,1,2,New_Visitor,True,False
0,1.89,0,0.0,28,527.83,0.05,0.05,0.0,0.0,Oct,2,2,2,13,Returning_Visitor,False,False
1,18.6,2,78.29,45,1713.6,0.02,0.02,0.0,0.0,Jul,2,2,7,2,Returning_Visitor,True,False
3,111.0,0,0.0,49,484.49,0.0,0.01,0.0,0.0,May,2,2,4,3,Returning_Visitor,False,False
0,0.0,0,3.52,20,1678.53,0.0,0.01,31.19,0.6,May,2,2,6,4,Returning_Visitor,False,True
4,1.41,1,3.7,13,94.6,0.04,0.07,0.0,0.01,Jul,3,2,2,4,Returning_Visitor,False,True
0,0.0,0,0.0,3,242.0,0.07,0.13,0.0,0.0,May,3,2,4,3,Returning_Visitor,False,False
1,6.0,0,6.33,21,1707.28,0.0,0.04,0.0,0.0,Sep,2,5,3,2,Returning_Visitor,False,False
6,134.36,0,9.73,22,568.97,0.01,0.04,12.39,0.0,Sep,1,2,6,2,Returning_Visitor,True,True
1,2.29,0,0.0,29,826.85,0.01,0.03,10.99,0.0,May,1,1,3,4,Returning_Visitor,False,True
0,0.0,0,0.0,49,785.38,0.05,0.08,0.01,0.6,May,2,2,3,11,Returning_Visitor,False,False
2,0.0,1,9.61,4,13.0,0.0,0.1,0.0,0.01,Mar,3,2,3,1,Returning_Visitor,False,False
3,142.51,2,125.11,39,1711.57,0.02,0.02,6.21,0.01,Nov,3,2,5,2,Returning_Visitor,False,False
9,17.34,3,143.5,16,8249.11,0.01,0.02,2.91,0.0,May,1,1,1,10,Returning_Visitor,False,True
5,39.5,3,62.25,339,16138.29,0.0,0.02,0.0,0.0,Nov,2,2,3,2,Returning_Visitor,False,False
3,138.4,0,0.0,15,327.77,0.0,0.01,11.78,0.01,Nov,1,1,1,5,Returning_Visitor,False,True
3,138.5,6,292.0,26,807.08,0.0,0.01,0.0,0.0,Dec,3,2,1,8,Returning_Visitor,True,False
0,0.0,0,0.0,27,1688.79,0.0,0.03,0.0,0.0,Jul,2,2,7,1,Returning_Visitor,True,False
0,0.64,0,2.0,1,278.33,0.17,0.2,0.0,0.0,Nov,2,2,2,13,Returning_Visitor,False,False
3,70.0,0,0.0,12,496.67,0.0,0.01,0.0,0.0,May,1,1,1,2,Returning_Visitor,False,False
0,30.5,0,0.0,13,157.0,0.0,0.02,0.0,0.0,Nov,2,2,5,2,Returning_Visitor,False,False
3,421.0,0,0.0,8,110.5,0.0,0.01,0.0,0.0,Mar,3,2,8,2,New_Visitor,True,False
3,79.75,0,4.89,47,1713.54,0.01,0.03,0.0,0.0,May,2,2,7,13,Returning_Visitor,False,False
12,99.61,8,261.0,47,1871.79,0.0,0.01,2.9,0.0,May,2,2,1,2,Returning_Visitor,False,False
0,0.0,0,0.0,4,402.0,0.0,0.07,0.0,0.0,Nov,4,2,3,10,Returning_Visitor,False,True
0,0.0,1,132.0,8,832.91,0.01,0.03,1.6,0.0,Mar,2,2,4,14,Returning_Visitor,True,False
0,0.0,0,4.42,4,106.0,0.1,0.15,0.0,0.0,Mar,3,2,1,1,Returning_Visitor,True,False
3,124.5,5,132.83,48,901.09,0.0,0.04,0.0,0.0,May,2,5,1,3,Returning_Visitor,False,False
0,0.0,0,0.0,2,86.25,0.2,0.18,0.0,0.0,Mar,2,2,6,1,Returning_Visitor,False,False
0,0.0,0,7.1,7,24.0,0.04,0.1,0.01,0.8,May,2,4,1,3,Returning_Visitor,False,False
0,0.0,1,7.17,124,1706.3,0.01,0.06,0.0,0.61,May,2,2,8,13,Returning_Visitor,False,False
10,41.3,12,405.15,46,1467.65,0.01,0.02,13.2,0.0,May,3,2,1,2,Returning_Visitor,True,False
1,126.73,7,315.0,31,2162.22,0.01,0.02,12.08,0.2,May,1,1,1,2,Returning_Visitor,False,False
0,0.0,0,0.0,19,536.27,0.04,0.07,0.0,0.0,May,2,2,6,6,Returning_Visitor,False,False
1,50.9,0,0.0,60,2686.4,0.03,0.02,0.59,0.0,Oct,2,4,5,4,Returning_Visitor,False,False
0,0.0,0,0.0,30,717.47,0.0,0.02,1.68,0.0,Jul,2,5,1,3,Returning_Visitor,False,False
0,0.68,0,4.87,1,71.71,0.2,0.2,0.13,0.0,Mar,2,2,2,1,Returning_Visitor,False,False
0,0.7,0,0.0,19,725.33,0.01,0.02,0.0,0.0,May,2,2,3,2,Returning_Visitor,False,False
12,55.95,5,480.12,29,1996.57,0.01,0.03,0.0,0.0,Nov,3,2,1,1,Returning_Visitor,False,False
5,97.83,0,0.0,15,489.0,0.0,0.01,0.12,0.0,Dec,2,13,9,2,New_Visitor,False,True
0,0.0,0,3.66,23,1678.59,0.05,0.06,0.0,0.0,Nov,2,2,8,13,Returning_Visitor,False,False
5,128.04,3,246.0,17,427.08,0.0,0.01,0.0,0.0,Mar,1,1,1,2,New_Visitor,False,False
3,84.0,0,0.0,49,1720.42,0.03,0.06,0.11,0.0,Oct,3,2,1,3,Returning_Visitor,True,False
3,138.89,0,0.0,5,25.75,0.0,0.05,0.0,0.0,Nov,4,2,6,8,New_Visitor,False,False
0,0.0,0,4.35,15,411.08,0.01,0.03,0.21,0.0,Nov,2,2,3,3,Returning_Visitor,False,False
4,21.64,2,86.0,46,237.1,0.0,0.01,0.0,0.0,May,1,1,1,6,Returning_Visitor,False,False
0,0.0,0,0.0,12,1476.3,0.01,0.01,0.0,0.0,Mar,2,2,3,8,Returning_Visitor,False,False
0,0.0,0,0.0,19,2177.33,0.0,0.01,1.23,0.0,Dec,2,4,1,2,New_Visitor,False,False
2,11.0,0,0.0,34,525.8,0.0,0.02,47.66,0.0,June,4,1,2,4,Returning_Visitor,False,False
1,145.1,0,2.77,3,331.01,0.0,0.0,92.98,0.0,Oct,2,2,7,2,New_Visitor,False,True
0,0.0,0,3.65,35,1715.91,0.0,0.02,0.0,0.0,Nov,2,2,1,2,Returning_Visitor,False,False
0,0.0,0,0.0,13,560.35,0.0,0.03,0.0,0.4,May,2,2,5,3,Returning_Visitor,False,False
0,0.0,0,1.66,3,0.0,0.1,0.2,0.0,0.0,Mar,2,2,1,1,Returning_Visitor,False,False
3,136.69,0,0.0,14,1345.71,0.0,0.03,0.0,0.0,Nov,1,1,3,2,Returning_Visitor,True,False
2,112.0,4,475.52,49,2163.5,0.01,0.03,11.63,0.0,May,2,2,1,1,Returning_Visitor,True,False
9,132.33,0,0.0,38,2621.62,0.02,0.04,10.72,0.0,May,2,2,1,2,Returning_Visitor,False,False
8,52.5,0,0.0,33,2714.96,0.0,0.02,18.17,0.0,Dec,2,2,7,1,Returning_Visitor,False,False
0,0.0,0,1.62,3,208.5,0.11,0.1,0.0,0.01,May,3,2,2,13,Returning_Visitor,False,False
2,45.2,0,0.0,19,1708.23,0.0,0.02,0.0,0.0,Jul,2,2,2,2,New_Visitor,False,False
1,1.63,0,0.0,18,691.5,0.0,0.01,0.14,0.0,May,2,2,4,2,Returning_Visitor,False,False
0,0.0,0,2.61,63,5220.08,0.0,0.0,0.22,0.0,Mar,2,5,3,1,Returning_Visitor,False,True
9,344.0,0,0.0,22,1860.25,0.0,0.01,11.53,0.0,May,2,2,7,2,Returning_Visitor,False,True
2,65.5,0,0.0,11,263.0,0.0,0.02,46.31,0.0,May,2,2,1,2,Returning_Visitor,False,True
0,0.0,0,3.7,4,47.0,0.0,0.05,0.0,0.0,Nov,3,2,6,1,Returning_Visitor,False,False
0,0.0,0,0.0,6,254.5,0.0,0.03,0.15,0.0,Nov,2,2,1,2,New_Visitor,False,True
0,0.0,0,0.0,2,38.42,0.2,0.2,0.04,0.0,May,4,1,1,3,Returning_Visitor,False,False
3,139.9,7,330.27,10,396.35,0.01,0.03,0.0,0.0,May,2,2,4,2,Returning_Visitor,False,False
0,0.0,0,0.0,6,66.25,0.0,0.06,0.0,0.0,Nov,2,2,9,1,Returning_Visitor,False,False
0,0.0,0,6.1,19,447.72,0.0,0.01,0.0,0.0,May,3,2,1,2,Returning_Visitor,True,False
0,8.05,0,0.0,25,383.08,0.02,0.04,0.0,0.0,Mar,2,2,3,1,Returning_Visitor,False,False
0,0.0,0,0.0,1,43.69,0.16,0.18,0.68,0.0,Mar,3,2,3,1,Returning_Visitor,False,False
0,0.0,0,0.0,20,499.67,0.01,0.03,0.0,0.6,May,2,2,1,4,Returning_Visitor,False,False
0,0.0,0,0.0,13,89.0,0.05,0.1,0.0,0.0,Mar,2,2,2,1,Returning_Visitor,False,False
3,145.01,1,5.5,49,1712.99,0.0,0.02,0.15,0.01,May,2,2,1,13,Returning_Visitor,False,False
3,16.33,0,0.0,47,2353.02,0.01,0.03,9.15,0.01,Mar,4,1,1,2,Returning_Visitor,False,True
0,0.0,0,0.0,4,29.0,0.1,0.12,0.0,0.8,May,2,2,2,3,Returning_Visitor,False,False
0,0.83,0,2.42,3,65.0,0.11,0.17,0.7,0.0,May,3,2,2,1,Returning_Visitor,False,False
3,144.81,0,2.76,18,490.07,0.0,0.02,0.0,0.0,Mar,1,1,4,1,Returning_Visitor,False,False
3,168.17,0,0.0,48,2146.76,0.01,0.01,67.31,0.0,Nov,2,4,7,2,Returning_Visitor,False,False
3,135.5,0,0.0,37,1238.38,0.01,0.03,7.94,0.01,May,2,2,1,2,Returning_Visitor,False,False
5,124.58,0,0.0,45,3923.59,0.0,0.01,0.0,0.0,Nov,2,2,8,2,Returning_Visitor,True,False
0,123.0,2,306.33,18,483.83,0.0,0.02,0.34,0.0,Mar,2,2,4,1,Returning_Visitor,False,False
2,30.2,0,0.0,32,776.88,0.0,0.01,0.0,0.0,Dec,2,4,1,5,New_Visitor,False,False
3,53.84,1,157.0,45,901.92,0.01,0.03,7.8,0.0,May,2,2,1,6,Returning_Visitor,False,False
3,65.5,0,0.0,49,1243.81,0.0,0.01,1.81,0.0,May,2,2,7,2,Returning_Visitor,False,False
0,0.0,0,0.0,22,848.84,0.0,0.01,0.13,0.0,May,2,4,3,2,Returning_Visitor,False,False
4,109.97,0,3.17,31,1141.83,0.0,0.01,11.17,0.0,Mar,1,1,1,1,Returning_Visitor,False,True
0,0.0,0,0.0,6,162.54,0.01,0.06,0.0,0.0,Nov,1,1,1,2,Returning_Visitor,False,False
0,1.17,0,6.4,4,143.8,0.07,0.13,0.0,0.0,June,3,2,1,1,Returning_Visitor,False,False
9,10.39,4,205.0,44,2816.44,0.0,0.0,0.0,0.0,Nov,2,2,1,8,New_Visitor,True,False
0,0.82,0,0.0,1,47.49,0.2,0.2,0.0,0.0,Nov,2,2,1,3,Returning_Visitor,False,False
3,86.75,2,74.6,11,145.67,0.0,0.02,0.0,0.0,Dec,1,1,1,2,New_Visitor,False,False
0,0.0,0,0.0,11,306.27,0.05,0.06,0.0,0.0,Mar,1,1,9,3,Returning_Visitor,False,False
0,0.0,0,0.0,34,1813.28,0.02,0.03,11.77,0.0,Mar,3,2,3,1,Returning_Visitor,False,False
4,58.0,2,28.5,82,4729.07,0.0,0.01,9.06,0.0,Nov,2,2,1,2,Returning_Visitor,False,True
3,204.75,0,0.0,46,1704.41,0.0,0.01,0.0,0.0,May,1,1,1,4,Returning_Visitor,False,False
0,0.0,0,0.0,10,341.55,0.0,0.02,63.59,0.0,Mar,2,1,1,2,New_Visitor,True,True
3,147.0,0,1.97,3,24.0,0.0,0.02,0.0,0.0,Mar,3,2,7,1,Returning_Visitor,False,False
0,0.0,0,0.0,9,140.2,0.0,0.06,0.0,0.0,Aug,2,2,9,2,New_Visitor,True,False
0,0.0,0,0.0,24,854.33,0.0,0.02,0.29,0.0,Mar,4,1,1,10,Returning_Visitor,False,False
1,33.5,0,32.12,46,1421.25,0.0,0.04,0.0,0.0,Dec,2,2,1,1,Returning_Visitor,True,False
3,99.0,0,0.0,32,886.96,0.01,0.02,57.69,0.02,May,1,1,3,4,Returning_Visitor,False,False
2,137.89,2,9.0,13,507.03,0.03,0.06,0.0,0.01,Dec,1,1,7,2,Returning_Visitor,False,False
12,58.26,0,0.0,47,3648.56,0.0,0.01,3.32,0.0,May,2,2,1,2,Returning_Visitor,False,False
10,237.83,2,23.0,82,1712.47,0.0,0.01,8.5,0.01,May,3,2,1,2,Returning_Visitor,False,False
3,113.96,2,66.0,16,315.37,0.03,0.06,1.35,0.0,May,3,2,1,3,Returning_Visitor,True,False
4,64.67,0,0.0,50,1714.84,0.0,0.0,0.0,0.0,Aug,2,2,4,2,New_Visitor,False,False
0,0.71,2,75.5,109,4008.58,0.0,0.04,0.0,0.0,Nov,2,2,1,2,Returning_Visitor,False,True
7,23.06,0,0.0,7,692.22,0.04,0.04,0.0,0.01,Oct,1,1,1,1,Returning_Visitor,False,False
0,1.23,0,0.0,26,556.92,0.01,0.01,0.0,0.0,Dec,3,2,1,8,Returning_Visitor,False,False
0,0.0,0,0.0,62,944.41,0.0,0.02,0.12,0.0,June,1,1,1,3,Returning_Visitor,False,False
4,49.3,0,0.0,9,212.87,0.02,0.03,0.4,0.0,June,1,1,3,3,Returning_Visitor,False,False
12,114.01,4,241.7,44,1975.12,0.0,0.02,0.0,0.0,May,4,2,1,2,Returning_Visitor,False,False
7,145.85,0,0.0,60,2126.46,0.01,0.02,0.0,0.0,Mar,3,2,4,2,Returning_Visitor,False,False
0,0.0,0,1.58,2,0.0,0.2,0.2,0.0,0.0,Mar,3,2,3,1,Returning_Visitor,False,False
5,144.34,1,6.32,61,1705.79,0.0,0.03,0.0,0.29,Nov,2,2,1,3,Returning_Visitor,False,False
0,0.0,0,0.0,12,580.37,0.02,0.05,0.0,0.0,May,2,2,4,10,Returning_Visitor,True,False
0,0.0,0,2.08,6,49.98,0.17,0.13,0.0,0.0,Mar,2,1,1,3,Returning_Visitor,True,False
6,49.18,0,0.0,45,1065.5,0.01,0.03,54.08,0.4,May,2,2,7,2,Returning_Visitor,False,False
0,0.0,0,0.0,17,847.09,0.02,0.05,0.0,0.0,Nov,2,2,1,2,Returning_Visitor,False,False
3,283.38,4,590.0,110,5442.09,0.0,0.03,9.29,0.0,Nov,2,2,4,2,Returning_Visitor,True,True
5,415.55,0,0.0,115,4424.62,0.0,0.08,13.29,0.0,Mar,2,4,4,2,Returning_Visitor,False,True
1,113.67,1,3.4,16,589.67,0.0,0.0,0.0,0.0,May,2,2,6,4,New_Visitor,True,False
9,58.57,4,256.5,86,4479.12,0.01,0.03,2.36,0.0,May,1,1,1,2,Returning_Visitor,False,False
0,0.0,0,0.0,2,42.92,0.0,0.1,0.0,0.0,Dec,1,1,1,2,New_Visitor,True,False
1,28.5,1,0.0,315,11232.66,0.0,0.02,0.17,0.0,Nov,2,2,1,2,Returning_Visitor,False,False
4,115.16,0,0.0,27,354.58,0.01,0.02,0.0,0.01,Nov,1,1,3,1,Returning_Visitor,False,False
0,0.63,0,2.26,23,1412.69,0.02,0.02,0.2,0.0,May,3,2,1,3,Returning_Visitor,False,False
0,0.0,0,0.0,1,0.0,0.2,0.2,0.0,0.0,Nov,2,2,3,1,Returning_Visitor,False,False
6,145.32,0,0.0,49,1568.53,0.0,0.01,1.29,0.0,June,2,5,1,2,Returning_Visitor,False,False
0,0.0,0,4.58,8,129.0,0.03,0.1,0.0,0.83,May,2,2,1,3,Returning_Visitor,True,False
3,231.0,1,8.0,104,3486.69,0.0,0.01,0.08,0.0,May,2,2,1,1,Returning_Visitor,True,False
0,0.0,0,2.16,21,838.17,0.0,0.01,0.0,0.0,May,2,2,4,4,Returning_Visitor,True,False
1,6.0,0,0.0,16,608.83,0.01,0.03,52.7,0.0,Mar,3,2,1,11,Returning_Visitor,True,True
1,0.0,0,0.0,3,58.5,0.0,0.06,0.12,0.01,Dec,2,4,1,2,Returning_Visitor,False,False
3,267.5,0,0.0,4,350.53,0.09,0.06,0.3,0.0,Nov,4,6,4,3,Returning_Visitor,False,False
0,0.0,0,0.0,10,724.0,0.0,0.02,58.7,0.0,May,2,1,1,2,New_Visitor,False,True
0,0.0,0,13.24,11,1055.5,0.02,0.04,0.0,0.0,May,2,2,8,18,Returning_Visitor,False,False
3,123.66,4,163.0,50,2424.75,0.0,0.02,2.97,0.0,May,2,2,1,3,Returning_Visitor,False,False
6,29.04,1,105.0,42,752.57,0.02,0.02,11.06,0.01,Nov,1,1,4,2,Returning_Visitor,True,False
0,0.0,0,1.96,48,1712.54,0.05,0.08,0.0,0.0,Nov,3,2,4,10,Returning_Visitor,True,False
0,0.0,0,0.0,1,0.0,0.17,0.06,0.03,0.0,May,2,4,4,3,Returning_Visitor,False,False
0,0.0,0,0.0,37,1711.88,0.01,0.01,0.31,0.0,Nov,2,2,1,8,New_Visitor,False,False
0,0.0,0,1.59,6,106.0,0.04,0.08,0.0,0.0,May,3,2,1,3,Returning_Visitor,False,False
1,13.1,0,0.0,62,1943.93,0.0,0.02,4.96,0.0,Sep,2,2,2,2,Returning_Visitor,True,False
0,0.0,0,9.52,35,1703.4,0.0,0.01,0.0,0.0,Dec,2,2,3,1,Returning_Visitor,False,False
0,0.64,0,0.0,2,124.5,0.0,0.06,0.0,0.0,Dec,1,1,1,2,Returning_Visitor,False,False
9,152.88,2,54.92,85,2971.25,0.01,0.01,1.02,0.0,May,2,2,3,1,Returning_Visitor,False,True
0,0.0,0,1.64,6,232.02,0.0,0.03,39.25,0.0,Jul,1,1,4,4,Returning_Visitor,True,False
3,408.41,2,47.5,54,1712.93,0.0,0.02,0.0,0.0,Nov,2,2,1,2,Returning_Visitor,True,True
0,0.0,0,0.0,12,120.0,0.0,0.04,0.02,0.8,May,2,2,6,2,Returning_Visitor,True,False
5,140.87,7,285.0,90,265.28,0.0,0.01,0.0,0.0,May,3,2,4,6,Returning_Visitor,False,False
0,0.0,0,4.08,118,1703.51,0.01,0.03,0.4,0.0,Nov,2,2,9,2,Returning_Visitor,True,True
4,38.0,3,420.23,23,542.33,0.0,0.02,25.41,0.0,May,2,6,1,3,Returning_Visitor,False,True
0,0.0,0,0.0,12,321.5,0.08,0.04,0.18,0.44,May,2,4,9,3,Returning_Visitor,False,False
0,0.0,0,4.67,48,662.97,0.03,0.05,0.0,0.0,Feb,3,2,2,1,Returning_Visitor,True,False
0,0.0,0,0.0,50,1675.55,0.03,0.06,0.0,0.0,Oct,1,1,1,4,Returning_Visitor,False,False
10,12.97,0,0.0,46,1778.66,0.0,0.0,16.44,0.01,Nov,1,1,1,8,New_Visitor,True,False
11,141.87,2,39.2,27,1171.47,0.0,0.02,16.44,0.0,May,2,2,2,2,Returning_Visitor,True,False
3,113.67,0,0.0,25,733.17,0.04,0.04,1.06,0.0,Mar,1,8,3,2,Returning_Visitor,False,False
6,142.3,0,0.0,108,1479.08,0.0,0.01,0.0,0.8,May,2,2,3,6,Returning_Visitor,False,False
0,0.0,0,0.0,63,1709.3,0.0,0.01,0.0,0.0,Mar,2,2,3,1,Returning_Visitor,False,False
5,66.9,0,0.0,12,86.63,0.0,0.03,42.94,0.0,Oct,4,1,1,5,Returning_Visitor,True,True
0,3.0,0,0.0,5,203.26,0.0,0.02,0.0,0.0,May,1,1,7,2,Returning_Visitor,False,False
3,26.0,0,0.0,85,768.5,0.0,0.01,0.0,0.02,May,2,5,4,2,Returning_Visitor,False,False
1,9.0,0,0.0,11,467.0,0.0,0.02,0.08,0.0,Sep,2,4,1,1,Returning_Visitor,False,True
2,142.21,0,0.0,21,1705.18,0.01,0.02,0.0,0.0,Nov,1,1,4,2,Returning_Visitor,False,False
4,11.0,0,12.99,44,2149.19,0.03,0.05,0.0,0.0,Aug,1,1,1,3,Returning_Visitor,False,False
0,0.0,0,7.74,21,1116.96,0.0,0.03,0.0,0.0,Nov,3,2,1,2,Returning_Visitor,True,False
0,0.63,0,0.0,46,1703.25,0.0,0.02,0.0,0.01,May,2,2,1,3,Returning_Visitor,False,False
0,0.0,0,6.1,47,2455.15,0.01,0.02,0.0,0.01,Nov,3,2,1,3,Returning_Visitor,False,False
1,143.76,0,34.5,100,1938.13,0.0,0.01,0.0,0.0,Nov,2,2,1,2,Returning_Visitor,False,True
0,0.0,0,0.0,3,41.0,0.0,0.03,0.04,0.0,Mar,2,2,1,2,Returning_Visitor,True,False
3,268.0,2,7.0,48,551.67,0.0,0.02,11.21,0.01,May,2,2,7,4,Returning_Visitor,False,False
0,0.0,0,4.36,1,70.87,0.2,0.16,0.0,0.0,Feb,2,2,4,3,Returning_Visitor,False,False
0,98.07,0,2.44,11,1716.72,0.01,0.03,0.0,0.0,May,2,2,2,6,Returning_Visitor,True,False
1,143.81,0,0.0,49,7502.34,0.0,0.03,0.69,0.0,Aug,2,2,1,5,Returning_Visitor,False,False
2,104.0,1,136.5,38,977.53,0.0,0.02,0.0,0.0,Dec,2,2,1,2,Returning_Visitor,False,False
0,0.0,0,0.0,6,99.22,0.0,0.02,0.0,0.0,Mar,1,1,1,2,Returning_Visitor,False,False
5,218.83,3,54.0,28,1715.23,0.02,0.02,9.51,0.0,Nov,3,2,1,2,Returning_Visitor,True,False
0,0.0,0,2.42,16,161.15,0.16,0.12,0.0,0.01,Aug,3,2,3,13,Returning_Visitor,False,False
15,65.18,0,0.0,39,2693.96,0.0,0.0,0.0,0.0,May,3,2,4,13,Returning_Visitor,False,False
3,71.0,0,0.0,57,1422.91,0.01,0.02,13.55,0.0,Nov,2,4,7,2,Returning_Visitor,False,True
5,363.33,0,0.0,59,2012.9,0.0,0.01,33.99,0.0,May,1,1,1,4,Returning_Visitor,False,False
0,0.0,0,10.35,27,954.67,0.0,0.0,0.0,0.0,Mar,2,2,1,2,Returning_Visitor,False,False
0,0.0,0,0.0,1,251.7,0.0,0.1,0.0,0.0,May,1,1,3,2,Returning_Visitor,False,False
4,34.93,0,0.0,5,22.8,0.0,0.03,0.0,0.0,Oct,2,2,4,2,New_Visitor,False,False
0,0.0,0,0.0,20,480.86,0.0,0.01,0.05,1.0,May,3,2,1,13,Returning_Visitor,False,False
0,0.76,0,0.0,46,1146.74,0.0,0.03,0.0,0.0,Dec,3,2,3,2,Returning_Visitor,False,False
0,0.7,0,1.68,16,277.3,0.01,0.06,0.0,0.0,Nov,2,2,1,2,Returning_Visitor,False,False
3,166.7,0,0.0,12,171.7,0.02,0.05,0.0,0.0,Nov,2,2,1,3,Returning_Visitor,False,False
9,58.84,2,46.67,41,1267.16,0.0,0.02,16.17,0.0,Mar,2,2,1,2,Returning_Visitor,False,True
5,114.75,0,0.0,16,301.5,0.0,0.03,0.0,0.0,Mar,2,4,4,2,Returning_Visitor,True,False
4,48.83,6,370.88,40,526.03,0.03,0.03,6.0,0.3,May,1,1,3,2,Returning_Visitor,False,False
1,14.0,0,0.0,49,334.79,0.0,0.05,0.0,0.0,Mar,2,2,1,1,Returning_Visitor,False,False
0,0.0,0,0.0,19,950.0,0.0,0.01,0.0,0.0,May,1,1,1,2,Returning_Visitor,False,False
3,724.0,0,0.0,6,159.0,0.0,0.01,0.0,0.0,Mar,4,2,1,7,New_Visitor,True,False
5,140.35,0,0.0,14,312.33,0.0,0.01,0.0,0.01,Nov,1,1,9,2,Returning_Visitor,False,False
0,0.0,0,0.0,30,632.58,0.0,0.02,0.07,0.0,Mar,2,2,1,1,Returning_Visitor,False,False
0,0.0,0,8.88,14,376.0,0.04,0.04,0.0,0.0,Nov,3,2,2,11,Returning_Visitor,True,True
0,0.0,0,5.3,40,606.83,0.03,0.06,0.0,0.0,Mar,2,2,1,3,Returning_Visitor,False,False
0,0.0,0,0.0,7,843.97,0.06,0.09,0.0,0.0,Dec,2,4,6,2,Returning_Visitor,False,False
3,137.84,0,3.89,30,1045.83,0.02,0.04,0.0,0.2,Feb,1,1,1,3,Returning_Visitor,False,False
0,0.0,0,3.45,9,482.0,0.01,0.02,0.0,0.0,Feb,2,5,1,6,Returning_Visitor,False,False
3,117.0,0,0.0,5,343.04,0.0,0.06,0.0,1.0,May,1,1,6,5,New_Visitor,True,False
0,0.0,0,4.31,4,42.0,0.0,0.06,1.01,0.0,Dec,3,10,1,2,Returning_Visitor,False,False
0,0.0,0,0.0,1,36.45,0.2,0.2,0.05,0.0,May,2,2,1,3,Returning_Visitor,False,False
6,92.57,1,793.8,38,2436.61,0.0,0.02,0.31,0.0,Jul,2,10,1,1,Returning_Visitor,False,False
2,141.32,0,0.0,48,1553.8,0.05,0.08,0.0,0.0,Oct,3,2,9,13,Returning_Visitor,False,False
8,466.62,5,81.4,44,1220.18,0.01,0.04,7.66,0.0,May,3,2,3,2,Returning_Visitor,True,False
0,0.0,0,2.29,11,292.9,0.01,0.04,0.28,0.0,Feb,2,2,3,1,Returning_Visitor,False,False
0,1.66,0,0.0,12,1706.13,0.02,0.05,0.09,0.0,Nov,1,1,1,3,Returning_Visitor,False,False
6,313.0,2,0.0,49,2382.43,0.02,0.06,5.51,0.0,Nov,4,2,1,2,Returning_Visitor,True,False
4,114.33,0,0.0,55,1247.36,0.0,0.01,0.0,0.0,May,3,2,3,2,Returning_Visitor,True,False
6,450.4,0,0.0,6,72.9,0.0,0.03,0.0,0.0,May,2,2,9,5,New_Visitor,False,False
3,32.75,0,0.0,13,1713.96,0.0,0.02,58.71,0.0,Dec,2,2,1,2,Returning_Visitor,False,True
0,0.0,0,0.0,10,240.73,0.0,0.02,0.02,0.0,May,2,2,8,4,Returning_Visitor,False,False
4,92.1,0,28.2,29,852.0,0.01,0.01,0.56,0.0,Oct,2,5,8,5,New_Visitor,False,True
0,0.0,0,3.95,4,321.02,0.2,0.2,0.0,1.0,Feb,1,1,1,3,Returning_Visitor,True,False
7,666.0,0,0.0,41,2061.07,0.02,0.04,11.55,0.01,May,2,2,1,1,Returning_Visitor,False,False
7,144.57,0,0.0,49,1678.96,0.01,0.03,5.56,0.0,Nov,1,1,1,2,Returning_Visitor,False,True
3,177.0,0,0.0,3,184.5,0.04,0.03,0.31,0.0,May,3,2,1,11,New_Visitor,False,False
2,0.81,0,2.35,12,1562.0,0.02,0.06,33.11,0.8,May,2,2,1,1,Returning_Visitor,False,False
3,130.32,0,4.7,48,777.05,0.0,0.0,0.0,0.0,May,2,2,1,2,Returning_Visitor,False,False
10,398.57,1,304.76,45,985.08,0.0,0.02,0.0,0.0,May,3,2,1,3,Returning_Visitor,True,False
0,0.71,0,0.0,3,38.26,0.0,0.06,0.0,0.0,Nov,2,2,7,3,Returning_Visitor,False,False
0,0.0,0,2.21,3,196.4,0.08,0.13,0.2,0.0,Dec,2,2,3,11,Returning_Visitor,False,False
0,0.0,0,2.03,50,1712.48,0.0,0.02,0.15,0.0,Nov,1,1,4,2,Returning_Visitor,False,False
0,0.0,0,3.14,17,284.25,0.0,0.01,0.0,0.0,Feb,3,2,6,1,Returning_Visitor,True,False
3,277.67,1,32.0,32,1716.27,0.01,0.02,0.0,0.0,May,3,2,3,2,Returning_Visitor,False,False
6,140.33,0,0.0,13,88.95,0.0,0.0,0.0,0.0,May,3,2,2,3,New_Visitor,False,False
11,133.31,5,251.5,116,2971.44,0.0,0.01,3.7,0.0,Nov,2,2,1,2,Returning_Visitor,False,False
0,0.0,0,0.0,2,0.0,0.2,0.2,0.21,0.0,Mar,2,2,3,3,Returning_Visitor,True,False
3,67.5,0,0.0,28,1257.62,0.0,0.01,0.0,0.0,Sep,3,2,1,6,Returning_Visitor,False,False
0,0.71,0,2.51,20,478.56,0.06,0.04,0.27,0.0,Nov,2,2,7,1,Returning_Visitor,False,False
3,52.0,0,0.0,56,1683.5,0.0,0.03,13.12,0.0,May,2,2,1,14,Returning_Visitor,False,True
0,0.0,0,8.23,15,827.17,0.01,0.05,0.0,0.0,Dec,1,1,8,20,Returning_Visitor,False,False
0,0.0,0,0.0,7,296.77,0.0,0.0,0.76,0.0,Aug,1,8,7,2,Returning_Visitor,False,False
0,0.0,0,1.67,5,113.25,0.01,0.08,0.0,0.0,Dec,2,2,1,10,Returning_Visitor,False,False
1,16.2,0,16.24,17,1180.37,0.03,0.04,0.0,0.0,Aug,2,2,3,4,Returning_Visitor,False,False
10,155.85,4,155.38,47,4391.88,0.01,0.02,0.0,0.01,May,1,2,1,2,Returning_Visitor,False,False
0,0.0,0,0.0,49,1658.66,0.0,0.01,0.05,0.0,Mar,1,1,1,3,Returning_Visitor,False,False
9,122.2,0,0.0,51,2303.96,0.0,0.04,0.0,0.0,Aug,2,4,1,2,Returning_Visitor,False,False
0,0.0,0,0.0,4,31.16,0.0,0.06,0.0,0.0,Mar,2,2,4,3,Returning_Visitor,False,False
3,0.0,0,0.0,46,1669.94,0.0,0.01,0.0,0.0,Dec,2,2,3,7,Returning_Visitor,True,False
3,143.14,0,0.0,12,233.88,0.03,0.03,0.0,0.0,Oct,1,1,4,2,New_Visitor,False,False
2,87.52,0,0.0,86,1704.06,0.02,0.04,0.04,0.0,Aug,2,2,7,3,Returning_Visitor,False,False
7,145.4,0,13.0,81,1713.33,0.02,0.01,6.49,0.0,Oct,1,1,6,2,Returning_Visitor,True,False
0,0.0,0,2.55,21,197.33,0.01,0.04,0.08,0.8,May,2,2,7,3,Returning_Visitor,False,False
9,48.74,5,923.9,47,7243.65,0.0,0.05,3.59,0.0,May,2,2,1,2,Returning_Visitor,False,True
3,90.82,2,114.0,44,2016.12,0.02,0.03,26.65,0.01,May,1,1,3,2,Returning_Visitor,False,False
0,0.76,0,0.0,13,282.21,0.0,0.02,0.0,0.0,Mar,2,2,1,10,Returning_Visitor,False,False
4,55.75,0,0.0,49,3817.2,0.0,0.02,0.09,0.0,Nov,2,2,1,2,Returning_Visitor,False,False
0,0.0,0,0.0,25,499.17,0.01,0.03,0.0,0.0,Feb,2,2,1,1,Returning_Visitor,False,False
3,141.94,0,0.0,35,1197.93,0.0,0.02,0.0,0.0,Mar,2,2,7,2,Returning_Visitor,False,False
0,1.65,1,28.4,46,5000.74,0.0,0.02,0.12,0.0,Nov,2,2,3,2,Returning_Visitor,True,False
0,0.0,0,7.14,77,1710.95,0.0,0.02,0.0,0.0,Mar,4,1,1,2,Returning_Visitor,False,False
5,205.5,1,7.26,37,1683.63,0.0,0.02,4.74,0.0,May,3,2,3,2,Returning_Visitor,True,False
0,0.0,0,0.0,9,196.0,0.0,0.02,0.0,0.0,Mar,2,2,3,10,Returning_Visitor,False,False
0,0.0,0,3.42,12,186.0,0.0,0.02,0.0,0.0,Dec,2,2,1,2,Returning_Visitor,False,False
1,144.21,13,1949.17,48,29970.47,0.01,0.03,0.0,0.0,May,2,2,1,2,Returning_Visitor,False,False
3,94.7,0,3.27,23,897.19,0.0,0.0,0.0,0.0,Aug,3,2,3,2,New_Visitor,True,False
0,0.0,0,0.0,9,127.5,0.0,0.02,0.75,0.0,May,2,7,2,4,Returning_Visitor,False,False
0,0.0,2,73.16,46,6460.19,0.0,0.02,1.79,0.0,Nov,2,2,3,2,Returning_Visitor,False,True
0,0.0,0,3.63,7,773.36,0.0,0.06,0.0,0.8,May,2,2,1,1,Returning_Visitor,False,False
0,0.0,0,0.0,18,1721.98,0.04,0.06,0.0,0.0,Nov,2,2,3,1,Returning_Visitor,False,False
3,104.0,0,0.0,5,152.5,0.0,0.06,0.07,0.0,Dec,2,13,9,2,Returning_Visitor,False,True
0,0.7,1,242.8,73,1669.41,0.01,0.02,0.0,0.0,June,2,2,1,2,Returning_Visitor,False,False
0,0.0,0,0.0,44,691.25,0.01,0.03,0.6,0.0,Nov,2,2,5,1,Returning_Visitor,False,False
3,11.82,0,0.0,49,901.29,0.0,0.01,34.15,0.0,Dec,2,2,7,2,New_Visitor,False,True
6,113.25,2,19.0,12,2049.75,0.02,0.03,95.35,0.0,Dec,1,1,2,2,Returning_Visitor,False,True
6,125.25,2,446.61,48,3697.73,0.0,0.02,73.36,0.0,Nov,2,2,1,2,Returning_Visitor,True,True
2,115.6,2,99.22,49,1880.27,0.0,0.01,1.04,0.0,May,2,2,1,4,Returning_Visitor,False,False
1,10.0,0,9.45,11,753.5,0.02,0.04,0.2,0.0,Nov,2,2,2,2,Returning_Visitor,False,False
0,0.0,0,0.0,12,217.92,0.02,0.04,0.02,0.0,Dec,2,2,1,2,Returning_Visitor,True,False
0,0.0,0,2.72,1,483.51,0.2,0.2,0.0,0.0,Nov,2,2,4,11,Returning_Visitor,True,False
0,0.0,0,0.0,48,1768.66,0.0,0.0,0.0,0.0,Nov,2,4,3,2,Returning_Visitor,False,False
0,0.0,0,6.01,18,588.5,0.05,0.06,0.0,0.0,Dec,3,2,4,1,Returning_Visitor,False,False
3,356.6,0,0.0,39,589.25,0.0,0.01,0.0,0.0,Jul,1,1,4,4,Returning_Visitor,False,False
2,51.0,0,0.0,25,698.83,0.0,0.01,0.36,0.0,May,2,10,1,2,Returning_Visitor,False,False
6,143.83,0,0.0,49,1547.62,0.0,0.02,23.53,0.0,Dec,2,2,1,1,Returning_Visitor,False,False
1,0.0,0,0.0,34,62.4,0.0,0.01,23.79,0.0,Aug,1,1,8,3,New_Visitor,False,True
3,60.29,0,0.0,8,267.56,0.01,0.05,0.0,0.0,Dec,2,2,1,6,Returning_Visitor,False,False
0,0.0,0,2.57,49,1511.0,0.0,0.03,0.03,0.6,May,2,2,3,6,Returning_Visitor,False,False
3,7.29,3,277.13,48,700.05,0.0,0.02,0.0,0.0,Mar,2,1,5,2,Returning_Visitor,True,False
5,142.0,2,234.5,5,60.5,0.03,0.05,0.0,0.0,May,3,5,3,3,Returning_Visitor,False,False
8,70.13,0,0.0,14,156.5,0.02,0.03,0.0,0.0,Mar,4,2,1,3,New_Visitor,False,False
4,55.58,0,6.71,9,42.58,0.0,0.01,0.0,0.0,Nov,1,1,1,8,New_Visitor,False,False
3,43.0,4,81.0,132,5091.89,0.0,0.03,0.07,0.0,Nov,2,2,4,2,Returning_Visitor,True,True
0,0.0,0,1.92,22,164.92,0.01,0.02,0.0,0.44,May,2,2,2,4,Returning_Visitor,False,False
1,5.0,0,0.0,41,764.13,0.0,0.01,0.0,0.0,June,2,2,1,4,Returning_Visitor,False,False
8,157.0,4,60.0,24,1484.0,0.02,0.03,5.69,0.0,May,2,2,1,7,Returning_Visitor,False,False
4,75.5,0,0.0,31,158.97,0.02,0.04,20.65,0.0,Oct,1,1,3,2,Returning_Visitor,True,True
0,0.76,0,0.0,13,481.99,0.04,0.06,0.0,0.0,Mar,3,2,2,1,Returning_Visitor,False,False
3,405.17,2,12.11,48,2042.25,0.05,0.06,0.0,0.6,May,2,2,1,6,Returning_Visitor,False,False
0,6.21,0,3.34,10,392.5,0.0,0.02,42.84,0.0,Nov,1,1,2,2,New_Visitor,False,True
7,125.01,7,300.9,33,1801.37,0.0,0.02,8.08,0.0,May,2,2,1,4,Returning_Visitor,True,False
2,77.07,0,0.0,4,212.1,0.05,0.1,0.0,0.0,Sep,3,2,1,13,Returning_Visitor,False,False
0,1.18,0,0.0,2,0.0,0.2,0.2,0.0,0.0,Mar,1,1,1,3,Returning_Visitor,False,False
11,336.5,0,0.0,47,1239.95,0.0,0.1,6.13,0.0,May,2,2,1,2,Returning_Visitor,True,True
1,146.02,4,62.29,423,17086.23,0.0,0.02,0.25,0.0,Nov,2,2,3,1,Returning_Visitor,True,False
3,363.05,0,0.0,8,345.0,0.0,0.02,0.17,0.0,Dec,2,2,6,13,Returning_Visitor,False,True
4,103.8,0,0.0,14,314.29,0.0,0.01,79.44,0.0,Jul,2,2,5,2,New_Visitor,False,True
3,63.4,0,0.0,10,70.93,0.0,0.05,0.0,0.0,Sep,2,2,1,5,New_Visitor,False,False
1,19.2,0,4.08,46,663.5,0.0,0.01,0.0,0.0,Jul,2,2,6,13,Returning_Visitor,False,False
5,145.09,1,16.2,97,7624.04,0.0,0.02,11.54,0.0,May,2,2,2,3,Returning_Visitor,False,False
0,0.0,0,0.0,46,2574.73,0.0,0.02,2.79,0.03,May,2,2,5,4,Returning_Visitor,False,False
0,0.0,0,0.0,10,316.6,0.0,0.02,0.0,0.0,Mar,2,2,1,10,Returning_Visitor,False,False
0,0.0,0,0.0,6,199.25,0.0,0.03,0.0,0.0,Dec,2,4,1,3,Returning_Visitor,False,False
0,10.82,0,2.45,4,64.25,0.0,0.03,0.0,0.0,Dec,3,3,2,8,New_Visitor,False,False
0,0.0,0,2.18,12,319.67,0.04,0.06,0.08,0.01,May,1,1,1,1,Returning_Visitor,False,False
0,0.0,0,0.0,3,189.0,0.0,0.07,0.0,0.0,Mar,3,2,8,1,Returning_Visitor,False,False
9,10.67,1,0.0,48,1060.69,0.02,0.03,0.13,0.0,May,3,2,1,2,Returning_Visitor,False,True
3,4.78,6,75.67,50,2387.44,0.02,0.04,0.3,1.0,May,2,2,3,15,Returning_Visitor,True,False
0,0.0,0,0.0,47,1107.27,0.06,0.07,39.04,0.0,Oct,2,2,3,3,Returning_Visitor,False,False
0,0.0,0,0.0,14,1697.3,0.0,0.02,0.0,0.0,Dec,2,2,1,2,New_Visitor,False,False
3,90.0,1,5.63,45,2581.21,0.03,0.03,0.0,0.4,May,3,2,6,1,Returning_Visitor,False,False
0,0.0,1,5.74,13,501.34,0.0,0.02,33.41,0.0,Mar,2,2,1,6,Returning_Visitor,True,True
3,1.34,0,0.0,7,213.92,0.05,0.09,0.0,0.0,Nov,1,1,2,3,Returning_Visitor,False,False
0,0.0,0,0.0,7,209.99,0.04,0.1,0.35,0.0,Nov,3,2,2,3,Returning_Visitor,False,False
4,15.15,0,0.0,16,337.53,0.0,0.02,0.36,0.0,Aug,2,2,7,2,New_Visitor,False,False
0,1.07,0,3.98,6,90.43,0.1,0.17,0.0,0.6,May,1,1,3,6,Returning_Visitor,False,False
4,19.67,3,254.92,147,4254.67,0.01,0.02,0.0,0.0,Nov,2,2,1,1,Returning_Visitor,False,False
0,0.0,0,0.0,15,861.73,0.06,0.07,0.0,0.0,Nov,2,2,3,13,Returning_Visitor,False,False
0,0.64,0,1.68,5,0.0,0.17,0.2,0.21,0.0,May,3,2,6,13,Returning_Visitor,False,False
0,0.0,0,2.95,3,77.33,0.0,0.06,0.04,0.0,Dec,3,2,3,6,Returning_Visitor,False,False
3,13.0,0,8.25,47,2058.5,0.0,0.04,8.89,1.0,May,2,2,1,3,Returning_Visitor,True,True
2,26.0,0,0.0,38,1712.32,0.01,0.03,0.0,0.0,Nov,2,2,1,13,Returning_Visitor,False,False
0,0.84,0,0.0,22,471.79,0.02,0.05,0.0,0.0,June,2,2,3,3,Returning_Visitor,True,False
0,0.0,0,0.0,1,0.0,0.2,0.2,0.02,0.0,Dec,2,2,1,13,Returning_Visitor,False,False
11,32.0,0,0.0,36,4637.54,0.0,0.01,17.28,0.0,May,4,1,1,2,Returning_Visitor,False,False
4,122.18,0,2.42,21,755.0,0.0,0.0,0.0,0.0,Nov,3,2,1,2,New_Visitor,False,False
1,47.4,0,8.85,5,238.2,0.0,0.03,0.0,0.01,Sep,2,2,5,4,New_Visitor,True,False
0,0.62,0,0.0,6,118.33,0.03,0.04,0.0,0.0,Nov,3,2,1,3,Returning_Visitor,True,False
0,0.0,0,5.34,12,337.0,0.0,0.01,0.21,0.0,Dec,2,5,4,3,Returning_Visitor,False,True
0,1.19,0,1.58,3,17.0,0.1,0.18,0.0,0.0,Mar,1,1,1,1,Returning_Visitor,False,False
14,1220.91,4,1005.4,49,18171.79,0.0,0.05,11.49,0.0,May,2,2,1,2,Returning_Visitor,False,False
0,0.0,0,2.11,4,36.0,0.05,0.1,0.0,0.0,Mar,2,2,6,1,Returning_Visitor,False,False
0,0.0,0,4.95,222,8068.74,0.01,0.03,4.79,0.0,Nov,2,2,2,1,Returning_Visitor,True,False
0,2.59,0,4.29,14,471.42,0.0,0.01,0.0,0.0,Nov,3,2,3,6,New_Visitor,False,False
0,0.0,0,0.0,10,486.31,0.0,0.02,88.78,0.0,Mar,2,2,1,2,Returning_Visitor,True,True
3,127.1,0,0.0,49,1502.93,0.0,0.04,0.0,0.0,Oct,2,2,1,1,Returning_Visitor,False,False
0,0.0,0,1.46,1,254.46,0.0,0.1,0.0,0.0,May,2,1,4,1,Returning_Visitor,True,False
5,143.52,0,1.71,15,90.33,0.05,0.04,0.0,0.0,May,3,2,1,13,Returning_Visitor,False,False
3,123.06,0,0.0,42,2502.82,0.01,0.01,0.0,0.0,Mar,4,1,1,10,Returning_Visitor,False,False
1,27.0,0,0.0,4,209.65,0.04,0.02,0.0,0.6,May,3,2,6,11,New_Visitor,False,False
0,0.0,0,0.0,9,167.0,0.02,0.07,0.13,0.0,May,2,6,4,3,Returning_Visitor,False,False
0,1.03,0,2.56,1,38.13,0.2,0.18,0.0,0.0,Nov,1,1,3,3,Returning_Visitor,False,False
3,141.96,2,571.5,14,645.27,0.0,0.01,15.43,0.0,Mar,1,1,1,2,Returning_Visitor,True,True
0,0.0,0,0.0,19,240.26,0.0,0.02,0.25,0.0,Mar,2,2,3,10,Returning_Visitor,False,False
3,8.38,0,0.0,18,339.75,0.0,0.01,0.0,0.0,Nov,1,1,5,2,Returning_Visitor,False,False
3,13.39,1,9.28,39,523.25,0.04,0.06,28.19,0.02,June,3,2,1,1,Returning_Visitor,False,True
6,105.5,0,0.0,49,1710.15,0.01,0.03,0.0,0.0,May,2,2,7,2,Returning_Visitor,False,False
2,29.0,1,38.5,32,1712.76,0.0,0.02,3.32,0.0,May,1,1,1,4,Returning_Visitor,True,False
2,101.61,1,81.0,46,2295.18,0.0,0.01,21.02,0.2,May,3,2,4,1,Returning_Visitor,False,False
7,145.25,0,0.0,48,1681.52,0.0,0.02,53.99,0.0,May,2,2,2,3,Returning_Visitor,False,False
0,0.0,0,0.0,21,517.42,0.02,0.03,0.53,0.0,Mar,2,5,2,1,Returning_Visitor,False,False
0,0.0,0,4.77,3,1532.21,0.07,0.07,0.16,0.0,Mar,3,2,5,1,Returning_Visitor,False,False
5,117.04,1,19.2,42,452.0,0.06,0.07,0.0,0.0,Aug,2,2,3,4,Returning_Visitor,False,False
0,0.0,0,1.98,3,35.19,0.1,0.18,0.0,0.8,May,1,1,1,1,Returning_Visitor,False,False
3,470.0,0,3.57,21,2046.5,0.02,0.03,21.6,0.0,May,2,6,1,1,Returning_Visitor,False,False
1,0.0,0,7.17,48,933.42,0.01,0.03,0.03,0.0,Mar,3,2,1,3,Returning_Visitor,False,False
0,0.0,0,0.0,7,140.46,0.03,0.03,0.24,0.0,Nov,3,3,9,2,Returning_Visitor,False,False
0,0.0,0,0.0,9,1056.02,0.0,0.09,0.0,0.0,May,3,5,5,1,Returning_Visitor,False,False
0,0.0,0,0.0,9,381.0,0.0,0.03,0.0,0.0,Mar,2,2,6,2,New_Visitor,False,False
0,0.0,0,1.96,1,615.42,0.2,0.2,0.0,0.0,Feb,1,1,1,3,Returning_Visitor,False,False
4,145.25,0,0.0,48,1714.91,0.01,0.01,0.0,0.0,Mar,2,2,6,2,Returning_Visitor,True,False
5,286.46,1,29.5,41,2058.6,0.01,0.01,6.49,0.0,Nov,3,2,1,10,Returning_Visitor,False,True
0,0.0,0,0.0,7,322.75,0.05,0.05,0.0,0.0,Nov,3,2,2,13,Returning_Visitor,False,False
2,0.0,0,0.0,3,52.0,0.1,0.11,0.0,0.0,May,1,2,1,6,Returning_Visitor,True,False
0,0.0,0,0.0,6,203.06,0.03,0.04,0.0,0.0,Mar,3,2,3,1,Returning_Visitor,False,False
0,0.0,0,0.0,28,2076.97,0.0,0.02,0.0,0.0,Dec,2,2,3,2,Returning_Visitor,False,False
2,46.33,0,0.0,9,177.4,0.01,0.04,0.0,0.02,May,3,2,5,4,Returning_Visitor,False,False
0,0.0,0,0.0,5,277.5,0.0,0.04,42.03,0.0,Nov,2,2,3,2,Returning_Visitor,False,True
1,140.01,0,2.22,14,723.17,0.0,0.04,0.0,0.01,May,1,1,3,4,Returning_Visitor,True,False
0,0.0,0,0.0,24,530.0,0.0,0.01,0.02,0.0,May,2,2,3,4,Returning_Visitor,False,False
3,13.0,0,0.0,16,278.52,0.0,0.02,0.16,0.0,Mar,2,5,1,3,Returning_Visitor,False,False
0,0.0,0,0.0,14,776.61,0.0,0.03,0.0,0.0,Dec,1,1,2,2,Returning_Visitor,False,False
10,90.13,4,608.45,47,9151.49,0.0,0.02,2.57,0.0,May,2,2,1,2,Returning_Visitor,False,True
4,183.0,3,48.0,33,2141.4,0.01,0.02,0.0,0.0,May,2,2,1,4,Returning_Visitor,True,False
1,1.06,0,0.0,14,1711.56,0.01,0.06,0.0,0.0,Nov,2,2,4,2,New_Visitor,False,True
0,3.0,0,0.0,3,220.99,0.0,0.03,0.0,0.0,Mar,3,2,1,3,Returning_Visitor,True,False
2,118.66,0,0.0,116,5389.88,0.01,0.02,0.0,0.0,Nov,3,2,1,1,Returning_Visitor,False,False
3,20.0,0,0.0,13,181.5,0.0,0.02,0.0,0.0,Mar,2,2,1,1,Returning_Visitor,False,False
4,275.33,1,6.0,19,719.88,0.0,0.02,0.0,0.0,Sep,2,2,1,5,Returning_Visitor,True,True
2,34.21,2,53.0,8,667.67,0.0,0.02,56.62,0.01,May,2,2,1,4,Returning_Visitor,True,True
0,0.0,0,0.0,2,61.38,0.17,0.2,0.0,0.01,Mar,1,1,1,1,Returning_Visitor,False,False
3,233.08,2,63.0,42,3135.44,0.0,0.01,0.0,0.0,Mar,3,2,1,10,Returning_Visitor,False,False
0,0.79,0,0.0,2,50.95,0.0,0.09,0.13,0.0,Mar,3,2,3,3,Returning_Visitor,False,False
0,1.37,0,4.5,13,227.7,0.03,0.07,0.0,0.4,May,1,1,3,2,Returning_Visitor,False,False
0,0.0,0,0.0,13,130.17,0.06,0.08,26.66,0.0,Mar,3,2,1,8,Returning_Visitor,False,False
0,0.0,0,0.0,49,1661.37,0.02,0.04,0.0,0.0,Nov,3,2,2,13,Returning_Visitor,False,False
0,0.0,0,0.0,4,27.0,0.17,0.13,0.0,0.01,Mar,2,2,3,1,Returning_Visitor,False,False
0,0.0,0,0.0,4,34.2,0.05,0.1,0.0,0.0,Oct,2,2,1,5,Returning_Visitor,False,False
0,0.0,1,0.0,34,1189.05,0.0,0.03,0.0,0.0,Nov,4,1,6,2,Returning_Visitor,False,False
3,140.2,0,2.45,17,665.98,0.0,0.0,51.61,0.0,May,2,2,4,2,New_Visitor,False,True
1,139.18,3,447.5,27,1381.75,0.0,0.03,0.0,0.0,Nov,2,2,1,2,Returning_Visitor,True,False
5,145.6,2,24.5,30,1288.73,0.0,0.01,54.12,0.0,Nov,1,2,3,2,Returning_Visitor,True,False
0,0.0,0,0.0,4,11.0,0.05,0.15,0.0,0.0,Mar,3,3,1,1,Returning_Visitor,False,False
0,0.0,0,0.0,2,46.0,0.0,0.1,0.19,0.0,May,2,4,3,4,Returning_Visitor,False,False
10,16.73,0,0.0,48,1572.82,0.0,0.02,0.0,0.0,Nov,3,2,1,1,Returning_Visitor,False,False
3,62.47,0,0.0,5,165.1,0.0,0.02,0.0,0.0,Sep,2,2,3,3,New_Visitor,False,False
0,0.0,0,0.0,11,257.75,0.0,0.02,0.0,0.0,Dec,3,2,2,2,New_Visitor,False,False
0,0.0,0,3.08,21,547.5,0.02,0.02,0.0,1.0,May,3,2,3,1,Returning_Visitor,True,False
3,25.5,0,0.0,42,860.21,0.0,0.01,0.21,0.0,Dec,2,2,2,10,Returning_Visitor,True,False
3,118.9,0,0.0,30,1664.95,0.0,0.01,4.71,0.0,Nov,4,2,6,2,New_Visitor,True,True
3,14.0,0,7.63,49,1585.67,0.03,0.06,0.0,0.0,Mar,2,2,6,1,Returning_Visitor,True,False
1,72.67,4,345.0,24,879.91,0.0,0.03,6.48,0.01,May,2,2,4,1,Returning_Visitor,False,True
5,141.89,0,0.0,13,276.25,0.02,0.05,0.0,0.0,Dec,3,2,1,3,Returning_Visitor,False,True
0,0.0,0,5.99,15,963.59,0.0,0.03,0.0,0.0,Dec,3,2,1,2,Returning_Visitor,True,True
7,198.26,4,428.5,81,2237.76,0.01,0.02,3.03,0.0,Nov,3,2,3,2,Returning_Visitor,True,False
2,237.83,0,2.83,66,471.9,0.01,0.03,0.0,1.0,May,2,2,2,10,Returning_Visitor,True,False
5,825.0,0,0.0,33,808.17,0.0,0.01,11.51,0.0,Mar,2,4,6,2,New_Visitor,False,True
1,331.25,3,365.25,6,267.0,0.0,0.02,0.0,0.0,Mar,1,2,7,2,Returning_Visitor,True,False
0,0.0,0,3.52,25,316.54,0.0,0.02,0.22,0.0,Dec,2,2,9,1,Returning_Visitor,False,False
1,4.0,0,1.77,50,1714.83,0.0,0.01,0.05,0.0,May,4,1,1,4,Returning_Visitor,False,False
0,0.0,0,0.0,11,2076.75,0.04,0.08,0.0,0.0,Nov,3,2,4,3,Returning_Visitor,False,False
0,0.0,0,1.95,3,217.45,0.0,0.03,0.0,0.0,Feb,2,2,1,1,Returning_Visitor,False,False
3,162.49,0,0.0,48,1162.8,0.0,0.01,48.0,0.0,Nov,1,2,1,2,New_Visitor,False,True
2,30.0,2,33.0,162,3753.19,0.0,0.0,77.11,0.0,Nov,2,2,1,8,New_Visitor,False,True
1,20.0,0,0.0,20,219.5,0.12,0.05,0.0,0.81,May,3,2,1,13,Returning_Visitor,False,False
0,0.0,0,3.52,7,96.0,0.0,0.03,39.5,0.0,Nov,2,2,1,2,New_Visitor,False,True
3,39.0,0,2.58,30,940.83,0.02,0.02,0.46,0.0,Mar,2,1,3,1,Returning_Visitor,False,False
3,9.5,1,0.0,47,1223.0,0.02,0.01,0.0,0.0,Mar,1,1,1,2,Returning_Visitor,True,False
0,0.0,0,1.57,15,202.2,0.0,0.02,0.53,0.0,Nov,2,2,7,1,Returning_Visitor,False,False
0,0.0,0,1.75,6,202.05,0.0,0.02,0.0,0.0,Dec,1,1,3,2,Returning_Visitor,True,False
0,1.02,0,3.93,6,330.97,0.0,0.03,0.0,0.0,Sep,3,2,1,2,Returning_Visitor,True,False
6,127.47,1,102.3,34,970.63,0.01,0.01,1.34,0.0,May,1,1,6,2,Returning_Visitor,False,False
0,0.0,0,0.0,49,907.94,0.0,0.01,11.55,0.0,Dec,2,2,1,2,Returning_Visitor,False,True
0,3.4,0,0.0,35,0.0,0.17,0.2,0.0,0.0,Nov,1,1,1,1,New_Visitor,False,False
4,143.36,1,235.33,44,950.62,0.0,0.0,0.0,0.0,Nov,2,2,8,1,Returning_Visitor,False,False
7,144.98,0,0.0,10,201.63,0.0,0.01,0.0,0.0,Nov,2,2,1,3,Returning_Visitor,False,False
17,42.32,4,808.5,44,3591.74,0.0,0.02,0.0,0.0,May,3,2,1,2,Returning_Visitor,False,False
5,142.38,0,0.0,41,304.32,0.02,0.03,0.0,0.0,Nov,1,1,1,3,New_Visitor,False,False
5,103.93,0,0.0,12,257.54,0.02,0.02,0.0,0.0,Oct,1,1,1,2,Returning_Visitor,False,True
2,68.6,0,0.0,12,279.77,0.0,0.03,0.0,0.0,Jul,2,2,7,4,New_Visitor,False,False
6,1.55,0,0.0,12,582.73,0.01,0.04,21.32,0.0,Sep,2,2,8,7,Returning_Visitor,False,False
1,273.0,2,14.62,4,224.01,0.0,0.07,0.0,0.8,May,2,2,3,2,New_Visitor,False,False
0,0.0,0,0.0,42,503.93,0.0,0.05,0.04,0.0,Jul,2,2,1,4,Returning_Visitor,False,False
5,73.5,0,0.0,26,463.76,0.0,0.01,0.0,0.0,Mar,2,2,3,2,New_Visitor,False,False
3,82.67,0,1.46,7,204.45,0.0,0.0,0.0,0.0,May,3,2,1,4,Returning_Visitor,False,False
3,115.23,0,0.0,16,982.6,0.0,0.01,0.0,0.0,Nov,3,2,2,20,Returning_Visitor,True,False
1,137.71,0,3.46,21,204.17,0.03,0.05,0.0,0.0,Jul,3,2,7,4,Returning_Visitor,True,False
8,139.43,0,0.0,49,1436.69,0.0,0.01,12.81,0.0,Nov,2,2,2,2,Returning_Visitor,True,False
0,1.46,0,4.19,4,0.0,0.16,0.2,0.0,0.0,Dec,3,2,3,6,Returning_Visitor,True,False
0,0.0,0,3.02,1,0.0,0.2,0.2,0.0,0.4,May,2,2,1,13,Returning_Visitor,False,False
0,0.0,0,0.0,12,296.5,0.04,0.08,0.0,0.0,Nov,2,2,1,1,Returning_Visitor,False,False
0,0.0,0,3.15,47,905.6,0.01,0.02,0.1,0.0,May,3,2,1,3,Returning_Visitor,False,False
1,38.8,0,1.43,5,214.05,0.02,0.03,0.31,0.0,Oct,3,2,1,2,Returning_Visitor,False,False
1,19.0,0,0.0,43,1457.11,0.02,0.04,0.63,0.0,Nov,3,2,1,2,Returning_Visitor,True,False
1,49.4,0,0.0,4,111.6,0.06,0.04,0.5,0.0,Jul,2,8,9,2,New_Visitor,False,False
1,1.98,0,0.0,3,324.0,0.0,0.07,0.0,0.0,May,4,1,1,4,Returning_Visitor,True,False
0,0.0,0,0.0,28,468.68,0.0,0.03,0.0,0.0,Nov,1,1,1,10,Returning_Visitor,False,False
3,390.87,2,29.2,39,2251.12,0.0,0.02,0.0,0.0,Sep,2,4,6,1,Returning_Visitor,False,False
0,0.0,0,1.63,2,203.76,0.0,0.05,0.0,0.0,Nov,2,2,3,2,New_Visitor,False,False
6,161.83,5,858.57,84,2701.34,0.01,0.03,7.48,0.0,Nov,1,2,1,1,Returning_Visitor,False,True
3,142.77,0,0.0,48,745.33,0.01,0.03,0.0,0.0,Mar,2,2,1,10,Returning_Visitor,False,False
1,125.79,0,0.0,15,203.78,0.0,0.01,0.98,0.0,May,2,4,2,2,Returning_Visitor,False,False
7,145.34,0,0.0,11,329.68,0.0,0.02,0.0,0.0,Dec,2,2,7,2,New_Visitor,False,False
0,0.0,0,0.0,48,835.24,0.0,0.01,0.0,0.0,Dec,2,2,1,10,Returning_Visitor,False,False
0,0.0,0,2.61,1,0.0,0.2,0.2,0.0,0.0,Mar,3,2,3,3,Returning_Visitor,False,False
0,0.0,0,0.0,19,1508.14,0.02,0.03,0.0,0.45,May,1,1,4,3,Returning_Visitor,False,False
0,0.79,0,1.73,29,1711.65,0.02,0.04,0.22,0.0,Nov,3,2,1,10,Returning_Visitor,True,False
5,117.04,0,3.89,44,4522.41,0.02,0.04,3.23,0.49,Nov,2,2,3,1,Returning_Visitor,True,False
0,0.0,0,0.0,1,643.0,0.13,0.11,0.0,0.0,May,2,2,1,5,Returning_Visitor,False,False
5,88.0,0,0.0,34,1715.68,0.0,0.02,0.0,0.0,May,2,2,3,2,Returning_Visitor,False,False
0,0.79,0,0.0,8,211.0,0.0,0.03,0.14,0.0,May,2,2,7,2,New_Visitor,False,False
3,95.0,0,0.0,27,707.95,0.0,0.03,0.0,0.0,Mar,2,2,2,2,Returning_Visitor,False,False
1,22.2,0,0.0,16,694.45,0.0,0.0,54.92,0.0,Sep,2,2,1,2,New_Visitor,False,True
0,0.0,0,1.68,7,114.6,0.03,0.06,0.33,0.0,Mar,3,2,1,10,Returning_Visitor,False,False
12,58.74,0,0.0,41,606.42,0.04,0.04,0.0,0.0,May,3,2,1,1,Returning_Visitor,True,False
0,0.0,0,0.0,6,314.75,0.01,0.05,0.04,0.0,Nov,4,2,9,3,Returning_Visitor,False,False
0,0.0,0,12.52,8,100.0,0.08,0.04,0.0,0.22,May,2,5,1,11,Returning_Visitor,False,False
1,463.75,4,337.5,39,6123.74,0.01,0.02,0.0,0.0,Nov,2,2,1,2,Returning_Visitor,True,True
0,0.87,0,2.3,22,1648.76,0.13,0.07,0.0,0.0,May,3,2,1,13,Returning_Visitor,False,False
4,196.5,3,72.5,48,7569.25,0.0,0.02,4.77,0.0,Nov,3,2,1,13,Returning_Visitor,True,False
0,0.0,0,0.0,2,51.81,0.2,0.2,0.22,0.0,May,1,1,1,20,Returning_Visitor,False,False
3,43.0,0,0.0,48,1707.81,0.0,0.0,0.0,0.01,Mar,1,1,3,2,Returning_Visitor,False,False
1,6.9,0,0.0,48,1707.57,0.0,0.02,4.8,0.0,Nov,1,1,1,10,Returning_Visitor,True,True
0,0.0,0,8.49,11,316.67,0.0,0.03,0.0,0.5,Feb,2,2,2,1,Returning_Visitor,False,False
0,0.0,0,0.0,12,139.8,0.05,0.09,0.0,0.0,Aug,3,2,1,13,Returning_Visitor,False,False
0,0.97,0,3.48,10,132.4,0.0,0.05,0.0,0.0,June,3,2,1,1,Returning_Visitor,False,False
13,1.31,0,0.0,49,1503.49,0.0,0.0,0.14,0.0,Nov,2,2,1,2,New_Visitor,False,False
1,11.83,0,27.0,31,424.75,0.02,0.04,7.69,0.0,Nov,2,2,3,20,Returning_Visitor,False,True
3,52.75,0,0.0,69,909.15,0.0,0.01,11.55,0.0,Dec,2,2,1,2,Returning_Visitor,False,False
0,0.0,0,0.0,5,309.42,0.0,0.06,0.06,0.0,Nov,2,2,1,1,Returning_Visitor,False,False
3,236.25,0,0.0,48,1955.78,0.0,0.0,21.08,0.0,Nov,1,1,6,2,Returning_Visitor,False,True
0,0.0,0,0.0,21,248.83,0.01,0.02,1.17,0.0,May,2,5,6,3,Returning_Visitor,False,False
0,0.0,0,5.23,1,0.0,0.2,0.2,0.0,0.0,Mar,2,2,7,1,Returning_Visitor,False,False
0,0.0,0,0.0,1,80.33,0.2,0.2,0.14,0.0,Mar,2,4,3,1,Returning_Visitor,False,False
3,0.0,0,0.0,19,867.83,0.01,0.03,0.14,0.0,May,2,2,7,6,Returning_Visitor,False,False
0,0.0,0,2.86,4,57.4,0.0,0.05,0.08,0.0,Nov,2,2,1,8,New_Visitor,False,False
4,57.07,0,0.0,6,173.0,0.01,0.04,0.05,0.0,May,1,2,2,2,Returning_Visitor,False,False
0,0.0,0,3.81,21,1294.57,0.04,0.07,0.0,0.0,Oct,1,1,1,1,Returning_Visitor,False,False
0,0.0,0,0.0,4,0.0,0.2,0.2,0.0,0.0,Mar,1,1,1,1,Returning_Visitor,False,False
2,23.0,0,0.0,49,1705.6,0.0,0.01,0.0,0.0,Dec,2,2,9,2,New_Visitor,False,False
11,147.46,4,216.5,68,1587.77,0.02,0.01,0.0,0.0,Dec,2,2,3,2,Returning_Visitor,False,False
0,0.0,0,1.95,16,1399.77,0.03,0.06,0.0,0.0,Oct,2,2,1,1,Returning_Visitor,False,False
0,0.0,0,0.0,62,2232.45,0.01,0.04,0.0,0.4,May,2,2,6,4,Returning_Visitor,False,False
0,0.0,0,3.32,49,1928.0,0.02,0.02,0.13,0.0,Mar,3,5,8,1,Returning_Visitor,False,False
0,0.89,0,0.0,5,235.05,0.0,0.06,0.0,0.0,May,3,2,8,1,Returning_Visitor,False,False
0,0.0,2,5.47,23,1698.68,0.0,0.01,0.0,0.75,May,3,2,1,4,Returning_Visitor,False,False
4,34.2,0,0.0,27,1714.18,0.02,0.03,10.2,0.0,Sep,3,2,4,2,Returning_Visitor,True,False
0,0.0,0,0.0,15,450.2,0.0,0.02,0.0,0.0,May,2,2,7,2,Returning_Visitor,False,False
0,0.0,0,6.42,4,249.0,0.0,0.03,0.0,0.0,Dec,2,4,1,1,Returning_Visitor,False,False
1,40.0,0,1.67,12,1637.67,0.02,0.06,0.12,0.0,Mar,2,2,4,1,Returning_Visitor,False,False
3,72.02,4,343.0,157,4461.29,0.0,0.01,31.86,0.0,Nov,2,4,1,2,Returning_Visitor,False,True
3,389.0,0,0.0,5,310.5,0.0,0.01,0.0,0.0,Nov,2,4,7,2,New_Visitor,False,False
7,114.41,0,3.54,48,587.92,0.0,0.01,0.6,0.08,Nov,1,1,6,3,New_Visitor,False,True
0,0.0,0,0.0,23,2225.29,0.0,0.04,0.0,0.0,Nov,1,1,4,1,Returning_Visitor,False,False
3,130.15,4,130.76,22,3856.83,0.02,0.06,7.94,0.0,May,2,2,6,1,Returning_Visitor,False,False
3,106.74,4,28.34,20,540.75,0.0,0.02,38.89,0.0,May,2,2,3,2,Returning_Visitor,False,True
0,0.0,0,0.0,35,1192.39,0.01,0.03,0.0,0.0,Mar,2,4,2,2,Returning_Visitor,False,False
7,134.62,0,0.0,14,1010.38,0.01,0.06,0.0,0.0,Mar,2,2,1,1,Returning_Visitor,False,False
0,0.0,0,0.0,12,269.0,0.0,0.02,0.0,0.0,May,2,2,3,2,Returning_Visitor,False,False
7,142.43,4,909.25,39,11835.1,0.01,0.02,0.6,0.0,Nov,1,2,1,2,Returning_Visitor,False,False
0,0.0,0,0.0,1,0.0,0.2,0.2,0.0,0.0,Nov,3,2,1,13,Returning_Visitor,False,False
0,0.0,0,0.0,19,5538.92,0.02,0.06,0.0,0.0,May,2,2,1,13,Returning_Visitor,True,False
22,1153.68,3,108.0,44,4295.31,0.01,0.01,177.53,0.0,May,2,5,1,3,Returning_Visitor,False,False
0,0.0,0,0.0,5,78.1,0.18,0.17,1.47,0.0,Sep,2,5,3,2,Returning_Visitor,False,False
3,1373.5,0,0.0,43,2798.07,0.0,0.01,8.22,0.0,Nov,2,6,2,2,Returning_Visitor,False,False
0,0.89,0,1.59,6,38.05,0.03,0.07,0.0,0.0,Nov,2,2,3,1,Returning_Visitor,False,False
0,2.06,0,0.0,1,339.55,0.2,0.2,0.16,0.0,Aug,2,2,1,4,Returning_Visitor,True,False
0,0.0,1,0.0,11,488.0,0.0,0.02,0.0,0.0,May,2,2,6,3,New_Visitor,False,False
0,0.0,0,0.0,45,468.54,0.01,0.02,0.0,0.0,Dec,3,2,3,3,Returning_Visitor,True,False
0,0.0,0,0.0,5,38.97,0.0,0.04,0.08,0.0,Mar,2,4,1,3,Returning_Visitor,True,False
0,0.0,0,0.0,1,0.0,0.2,0.2,0.0,0.0,Mar,2,2,5,1,Returning_Visitor,False,False
0,0.0,0,0.0,30,480.5,0.03,0.07,0.0,0.0,May,2,2,7,6,Returning_Visitor,False,False
3,70.6,0,0.0,27,221.16,0.0,0.01,58.81,0.0,Oct,2,2,1,3,New_Visitor,True,True
13,124.92,0,0.0,80,1807.23,0.02,0.03,11.52,0.0,Mar,4,1,3,2,Returning_Visitor,False,False
4,7.95,0,0.0,28,712.93,0.01,0.03,0.0,0.0,May,4,1,2,4,Returning_Visitor,False,False
0,0.0,0,1.97,8,72.0,0.03,0.05,0.06,0.44,May,2,2,1,4,Returning_Visitor,False,False
0,0.0,0,0.0,16,283.75,0.01,0.03,0.0,0.0,Nov,2,2,7,11,Returning_Visitor,False,False
0,0.0,0,4.65,20,457.58,0.02,0.07,0.0,0.67,May,2,2,9,4,Returning_Visitor,True,False
3,32.33,0,3.52,45,2414.9,0.0,0.01,30.46,0.0,May,2,2,9,2,Returning_Visitor,True,True
0,0.0,0,2.46,2,19.0,0.0,0.1,4.62,1.0,May,1,2,3,2,Returning_Visitor,True,False
0,0.0,0,0.0,1,0.0,0.2,0.2,0.47,0.0,May,3,2,7,3,Returning_Visitor,False,False
4,68.5,0,1.91,152,5426.82,0.0,0.02,0.84,0.0,Nov,2,2,4,10,Returning_Visitor,False,False
8,145.15,1,0.0,49,1879.0,0.0,0.02,0.18,0.0,Nov,2,2,1,2,Returning_Visitor,False,False
0,0.0,0,0.0,27,807.83,0.02,0.04,0.01,0.0,Mar,2,2,3,1,Returning_Visitor,False,False
6,105.63,2,105.95,8,246.39,0.0,0.01,0.86,0.0,May,3,2,2,3,Returning_Visitor,False,False
3,59.0,0,0.0,10,269.0,0.0,0.02,50.39,0.0,Nov,3,1,1,5,New_Visitor,True,True
6,23.83,0,0.0,11,501.5,0.0,0.01,0.2,0.0,Nov,4,1,1,2,New_Visitor,False,False
3,1.86,2,166.0,40,2559.54,0.0,0.01,2.09,0.0,May,3,2,2,5,Returning_Visitor,False,False
0,0.0,1,59.5,37,925.67,0.0,0.01,0.0,0.0,Nov,3,2,4,2,Returning_Visitor,True,False
0,0.0,0,3.35,84,4894.85,0.0,0.03,0.0,0.0,Nov,2,2,3,1,Returning_Visitor,True,True
4,598.38,0,0.0,49,7169.24,0.0,0.02,11.52,0.0,Dec,2,2,1,2,Returning_Visitor,False,False
3,126.0,1,13.4,28,217.72,0.05,0.06,0.0,0.0,Oct,2,2,1,13,Returning_Visitor,False,False
7,139.42,4,246.33,48,672.88,0.02,0.03,0.16,0.0,Mar,1,1,1,3,Returning_Visitor,False,False
3,51.0,0,0.0,45,536.0,0.0,0.01,0.03,0.0,May,2,2,1,4,Returning_Visitor,False,False
0,0.0,0,0.0,1,69.91,0.2,0.18,0.0,0.0,Nov,3,2,1,10,Returning_Visitor,False,False
12,51.85,2,56.5,41,4264.42,0.0,0.02,0.04,0.0,May,3,2,1,2,Returning_Visitor,True,False
0,0.0,0,0.0,3,299.04,0.0,0.06,0.02,0.0,May,2,2,6,13,Returning_Visitor,False,False
3,39.2,0,0.0,12,209.0,0.01,0.02,0.89,0.0,Sep,2,5,6,2,Returning_Visitor,False,False
5,142.5,1,56.0,44,1073.5,0.0,0.02,0.0,0.0,May,1,1,1,4,Returning_Visitor,False,False
0,0.0,0,2.51,27,359.0,0.0,0.03,0.0,0.0,May,1,1,1,2,Returning_Visitor,True,False
3,107.7,0,0.0,14,290.8,0.0,0.01,0.0,0.0,Sep,2,2,1,5,New_Visitor,False,False
0,0.0,0,0.0,1,0.0,0.17,0.2,0.31,0.0,Nov,1,1,3,2,Returning_Visitor,False,False
3,34.0,0,9.0,3,149.0,0.0,0.05,0.7,0.0,Mar,2,2,1,1,Returning_Visitor,False,False
5,47.33,0,0.0,65,1267.5,0.0,0.02,1.06,0.0,Nov,3,2,1,10,Returning_Visitor,False,False
3,89.05,0,0.0,94,1729.72,0.01,0.03,8.31,0.0,Aug,2,2,6,1,Returning_Visitor,False,False
9,27.0,0,0.0,39,1686.7,0.01,0.01,0.19,0.0,Nov,1,1,1,2,Returning_Visitor,False,False
0,11.0,0,0.0,20,510.0,0.02,0.03,0.0,0.0,Mar,4,1,6,1,Returning_Visitor,False,False
8,29.88,11,1258.83,45,7675.15,0.0,0.01,3.38,0.4,May,2,2,1,4,Returning_Visitor,False,False
2,144.5,0,2.37,7,416.5,0.04,0.03,0.0,0.0,Nov,3,2,3,8,Returning_Visitor,True,False
0,36.51,0,0.0,8,323.5,0.0,0.03,23.24,0.0,May,2,1,1,5,New_Visitor,False,True
0,0.0,0,0.0,1,13.0,0.0,0.06,0.0,0.0,May,3,2,1,3,New_Visitor,False,False
1,11.0,1,10.0,74,3487.12,0.0,0.01,0.0,0.0,Nov,3,2,4,3,Returning_Visitor,True,False
3,52.5,0,0.0,19,812.88,0.0,0.01,0.13,0.0,Nov,3,2,2,4,Returning_Visitor,True,False
0,0.0,0,0.0,7,215.85,0.04,0.09,0.33,0.0,Mar,2,2,2,1,Returning_Visitor,False,False
0,0.0,0,7.0,10,1721.67,0.0,0.02,60.71,0.0,Sep,3,1,7,2,Returning_Visitor,False,True
2,31.0,0,0.0,48,6881.58,0.02,0.02,11.54,0.0,Nov,3,2,1,2,Returning_Visitor,False,True
6,146.59,0,0.0,25,123.67,0.03,0.01,0.0,0.0,Nov,1,1,1,8,New_Visitor,True,False
0,0.0,1,111.97,43,1715.51,0.0,0.03,0.0,0.0,Nov,2,2,1,2,Returning_Visitor,True,False
3,27.0,0,0.0,9,79.25,0.0,0.06,0.0,0.0,May,3,2,3,1,Returning_Visitor,False,False
2,124.0,0,11.42,13,495.0,0.0,0.03,0.0,0.0,Mar,2,4,5,2,Returning_Visitor,False,False
0,0.0,0,0.0,5,66.6,0.08,0.12,0.0,0.0,Mar,2,2,1,1,Returning_Visitor,False,False
0,1.08,0,0.0,5,161.25,0.0,0.06,0.09,0.0,Nov,1,1,3,2,New_Visitor,True,False
0,0.0,0,0.0,6,185.5,0.0,0.06,0.0,0.0,Dec,2,2,3,8,New_Visitor,False,False
5,146.16,0,0.0,56,1432.22,0.0,0.0,49.69,0.0,Mar,2,2,1,3,Returning_Visitor,True,True
0,0.0,0,2.41,2,0.0,0.17,0.2,0.0,0.0,May,2,6,1,3,Returning_Visitor,False,False
3,0.0,0,0.0,91,4766.02,0.0,0.01,0.14,0.0,Dec,2,2,1,2,New_Visitor,False,False
2,53.5,0,32.33,13,287.33,0.0,0.01,0.0,0.0,Nov,2,2,1,6,New_Visitor,True,False
0,0.74,0,0.0,6,327.5,0.0,0.01,0.07,0.0,May,2,2,4,2,Returning_Visitor,False,False
4,209.06,0,8.1,49,3401.05,0.01,0.03,0.0,0.0,Mar,2,2,2,2,Returning_Visitor,False,False
0,0.0,0,0.0,3,67.5,0.0,0.07,0.0,0.0,Mar,1,1,3,3,Returning_Visitor,True,False
1,27.5,1,376.0,109,1741.97,0.01,0.03,0.0,0.0,Nov,1,2,3,10,Returning_Visitor,False,False
0,0.62,0,0.0,7,203.26,0.0,0.02,0.0,0.0,Mar,2,2,6,2,Returning_Visitor,False,False
3,6.57,4,114.87,118,3903.17,0.0,0.01,55.01,0.0,Nov,2,2,1,2,Returning_Visitor,False,True
20,33.58,3,132.67,25,27009.86,0.0,0.01,8.4,0.0,May,1,1,1,3,Returning_Visitor,False,True
0,0.0,0,0.0,51,1219.05,0.0,0.01,0.13,0.0,Aug,2,2,2,1,Returning_Visitor,False,True
0,0.0,0,121.25,49,500.8,0.0,0.02,0.0,0.0,Mar,1,1,4,2,Returning_Visitor,False,False
4,141.14,0,0.0,3,89.5,0.0,0.05,0.0,0.0,Nov,3,2,1,4,Returning_Visitor,False,False
0,0.0,0,0.0,6,172.21,0.03,0.06,0.0,0.0,Dec,2,2,6,2,New_Visitor,False,True
3,131.5,5,464.88,19,660.8,0.0,0.01,0.53,0.0,Nov,3,2,2,1,Returning_Visitor,False,False
0,0.0,0,0.0,16,154.83,0.0,0.01,0.38,0.0,Mar,2,4,7,1,Returning_Visitor,False,False
0,0.64,0,5.32,19,1429.4,0.0,0.02,0.0,0.0,Nov,4,1,1,2,Returning_Visitor,True,False
0,0.0,0,21.0,15,599.57,0.0,0.03,32.19,0.0,May,2,4,1,2,Returning_Visitor,False,True
0,0.0,0,4.92,58,1689.36,0.02,0.05,0.01,0.4,May,2,2,3,13,Returning_Visitor,False,False
0,0.0,0,0.0,49,1488.42,0.0,0.02,0.0,0.0,Mar,2,2,6,3,Returning_Visitor,False,False
0,0.0,0,0.0,2,212.84,0.0,0.03,0.0,0.0,Nov,3,2,1,11,Returning_Visitor,True,False
2,68.6,0,14.28,10,184.6,0.0,0.02,0.0,0.0,Sep,2,2,3,2,New_Visitor,False,False
1,4.0,1,2.15,274,7164.23,0.0,0.01,0.03,0.0,Oct,2,4,9,2,Returning_Visitor,False,False
5,99.17,1,27.0,33,483.27,0.0,0.01,0.62,0.6,May,3,2,1,2,Returning_Visitor,False,False
0,0.72,0,2.15,36,319.5,0.04,0.09,0.0,0.01,May,2,2,3,1,Returning_Visitor,False,False
4,315.0,0,0.0,8,465.83,0.0,0.02,0.76,0.0,Mar,3,2,3,2,Returning_Visitor,True,False
5,96.0,0,9.1,81,2833.81,0.0,0.04,0.21,0.0,May,4,1,2,2,Returning_Visitor,False,False
0,0.0,0,2.26,4,145.5,0.0,0.05,0.0,0.0,Nov,1,1,3,2,New_Visitor,False,False
0,0.75,0,0.0,1,0.0,0.2,0.2,0.31,0.44,May,3,2,1,13,Returning_Visitor,False,False
4,16.34,0,0.0,16,252.0,0.0,0.0,0.0,0.0,May,2,2,4,4,New_Visitor,True,False
1,56.34,0,172.0,58,1341.26,0.0,0.01,0.0,0.03,May,3,2,4,4,Returning_Visitor,False,False
3,0.73,0,0.0,3,217.06,0.0,0.04,36.14,0.01,Oct,2,2,1,4,Returning_Visitor,False,True
3,55.8,0,0.0,17,2023.2,0.0,0.01,0.0,0.0,Oct,2,2,1,2,New_Visitor,False,False
0,0.0,0,255.0,11,1418.25,0.0,0.01,0.0,0.0,Mar,2,1,3,1,Returning_Visitor,False,False
2,119.5,0,7.09,11,1055.75,0.0,0.03,0.0,0.0,Dec,2,2,1,2,New_Visitor,False,False
2,9.0,4,85.59,46,12433.22,0.0,0.03,0.0,0.0,Nov,2,2,1,2,Returning_Visitor,False,True
0,0.0,0,0.0,1,801.74,0.2,0.2,0.0,0.0,Nov,8,1,7,8,New_Visitor,False,False
0,1.93,0,0.0,7,323.5,0.0,0.06,0.26,0.0,May,2,2,1,5,New_Visitor,False,False
3,64.0,0,0.0,44,341.25,0.02,0.03,0.0,0.0,Nov,1,1,3,10,Returning_Visitor,False,False
11,86.6,2,41.6,47,1584.77,0.01,0.03,0.0,0.0,May,2,2,1,2,Returning_Visitor,False,False
5,137.85,0,0.0,15,1352.88,0.02,0.02,0.0,0.0,Nov,2,2,1,1,Returning_Visitor,False,False
3,25.4,0,0.0,73,2958.5,0.01,0.03,0.24,0.4,May,2,5,2,3,Returning_Visitor,False,False
0,0.0,0,0.0,5,43.0,0.0,0.04,0.0,0.0,Mar,2,1,1,9,Returning_Visitor,True,False
0,0.0,0,0.0,7,316.25,0.0,0.02,0.0,0.0,May,3,2,1,4,Returning_Visitor,True,False
4,239.6,2,70.5,50,1713.05,0.0,0.0,0.0,0.0,Oct,2,2,1,2,New_Visitor,True,False
1,3.04,0,0.0,14,453.4,0.0,0.01,0.0,0.0,Nov,3,2,4,3,Returning_Visitor,False,False
0,0.0,0,44.0,14,549.5,0.0,0.01,43.25,0.2,May,2,4,1,2,New_Visitor,False,True
0,0.0,0,0.0,16,205.0,0.0,0.06,0.0,0.0,Mar,2,2,1,3,Returning_Visitor,True,False
5,144.56,0,0.0,33,982.0,0.0,0.01,0.07,0.0,May,2,5,2,2,Returning_Visitor,False,False
0,0.0,0,1.53,12,208.85,0.03,0.06,0.0,0.0,Mar,2,2,7,1,Returning_Visitor,False,False
3,137.58,0,0.0,162,3608.43,0.0,0.0,54.05,0.0,Nov,2,2,7,2,New_Visitor,False,True
3,84.45,0,0.0,25,1586.47,0.0,0.03,0.0,0.0,Mar,1,1,3,1,Returning_Visitor,True,False
0,0.0,2,22.0,41,979.38,0.0,0.01,0.0,0.0,Nov,2,2,3,2,Returning_Visitor,True,False
8,2.14,3,41.0,18,914.17,0.0,0.01,0.0,0.0,Mar,1,1,1,3,Returning_Visitor,False,False
13,1013.06,2,102.8,77,2697.02,0.0,0.01,1.8,0.01,May,1,1,1,2,Returning_Visitor,False,False
3,144.27,0,0.0,36,1617.95,0.0,0.02,8.54,0.0,Nov,2,2,1,2,Returning_Visitor,False,True
0,0.0,0,0.0,6,139.0,0.0,0.01,0.0,0.0,Mar,1,2,1,3,New_Visitor,False,False
0,0.68,0,5.35,49,1717.47,0.02,0.06,0.0,0.0,May,2,2,8,6,Returning_Visitor,False,False
0,0.0,0,0.0,3,78.0,0.0,0.07,0.0,0.01,Feb,1,2,6,6,Returning_Visitor,False,False
1,3.0,0,0.0,17,1217.43,0.0,0.01,0.0,0.0,May,2,5,1,4,Returning_Visitor,False,False
3,125.67,3,15.75,48,1709.56,0.02,0.03,0.0,0.0,Nov,1,1,1,3,Returning_Visitor,True,False
1,20.0,1,217.32,35,946.6,0.0,0.01,0.0,0.0,Nov,2,2,1,2,Returning_Visitor,False,False
0,1.32,0,0.0,16,898.76,0.0,0.01,0.0,0.0,Nov,1,1,1,1,Returning_Visitor,False,True
0,0.0,0,0.0,42,1892.01,0.02,0.06,0.0,0.0,Nov,1,1,1,13,Returning_Visitor,True,True
0,0.0,2,48.5,59,2195.28,0.01,0.03,0.27,0.0,Nov,2,2,7,2,Returning_Visitor,False,True
1,178.0,0,0.0,3,110.0,0.0,0.02,0.0,0.45,May,2,2,3,4,Returning_Visitor,False,False
0,0.0,0,0.0,19,1711.93,0.01,0.04,0.0,0.0,Dec,1,2,4,2,Returning_Visitor,False,False
2,141.62,1,0.0,24,2095.82,0.0,0.02,0.0,0.0,Dec,3,2,3,1,Returning_Visitor,False,False
0,0.0,0,0.0,5,102.0,0.0,0.01,0.19,0.0,May,2,2,9,4,Returning_Visitor,False,False
0,3.4,0,0.0,3,43.4,0.04,0.07,0.0,0.0,Sep,1,1,3,4,Returning_Visitor,False,False
3,934.5,1,92.0,43,937.72,0.0,0.01,0.0,0.0,Nov,1,1,6,2,New_Visitor,False,False
3,68.0,0,2.4,47,4277.0,0.0,0.02,11.53,0.0,May,1,1,1,1,Returning_Visitor,True,False
0,0.0,0,0.0,17,317.36,0.0,0.02,0.0,0.2,May,2,2,3,4,Returning_Visitor,False,False
8,294.5,3,231.7,24,1034.58,0.0,0.02,6.15,0.0,May,2,4,3,2,Returning_Visitor,False,True
0,0.0,0,0.0,28,1384.07,0.0,0.03,11.54,0.0,May,2,2,3,2,Returning_Visitor,False,True
1,0.6,1,0.0,28,830.0,0.01,0.06,0.0,0.4,May,2,2,1,2,Returning_Visitor,False,False
0,0.61,0,0.0,24,1361.83,0.0,0.03,0.0,0.0,Nov,2,2,2,1,Returning_Visitor,False,False
0,0.0,0,0.0,14,202.9,0.0,0.03,0.0,0.0,June,2,2,1,3,Returning_Visitor,False,False
3,80.0,6,309.43,47,792.27,0.0,0.01,34.86,0.0,Dec,2,2,3,2,Returning_Visitor,False,False
0,0.0,0,0.0,1,0.0,0.2,0.18,0.06,0.0,Dec,2,2,3,1,Returning_Visitor,False,False
4,144.91,2,79.5,133,3713.58,0.0,0.02,28.04,0.0,Nov,2,2,1,6,Returning_Visitor,True,False
7,100.26,0,0.0,44,360.18,0.0,0.01,0.0,0.0,Nov,1,1,1,2,Returning_Visitor,False,False
0,0.0,0,0.0,89,1714.85,0.01,0.02,0.0,0.0,Nov,2,2,1,10,Returning_Visitor,False,True
3,115.0,0,0.0,43,861.33,0.0,0.01,0.0,0.0,May,1,2,4,6,Returning_Visitor,True,False
8,440.46,0,0.0,27,3236.87,0.01,0.03,7.33,0.0,Nov,1,1,1,10,Returning_Visitor,True,False
1,30.7,0,0.0,33,1697.5,0.0,0.04,0.39,0.0,Aug,2,5,6,1,Returning_Visitor,False,False
0,0.0,0,0.0,43,1225.35,0.0,0.02,0.0,0.0,Mar,2,2,7,1,Returning_Visitor,False,False
8,143.08,0,0.0,41,2651.94,0.0,0.01,0.9,0.0,Oct,2,2,9,4,Returning_Visitor,False,False
9,570.27,0,0.0,38,1687.4,0.01,0.05,6.8,0.0,May,3,2,1,2,Returning_Visitor,False,False
0,1.17,0,0.0,3,67.59,0.07,0.13,0.82,0.0,Mar,3,2,3,1,Returning_Visitor,True,False
0,0.0,0,0.0,1,44.78,0.2,0.04,0.0,0.0,May,2,4,1,6,Returning_Visitor,False,False
0,0.0,0,1.85,4,604.81,0.05,0.1,0.0,0.0,Feb,1,1,1,3,Returning_Visitor,False,False
3,139.1,0,5.61,7,414.87,0.0,0.01,0.0,0.0,Nov,1,1,6,2,Returning_Visitor,False,False
0,0.0,0,0.0,3,138.0,0.04,0.11,0.0,0.0,Nov,3,2,1,3,Returning_Visitor,False,False
0,0.95,0,4.95,11,1160.0,0.0,0.02,20.61,0.0,May,2,2,1,4,Returning_Visitor,False,True
2,109.69,0,0.0,0,136.04,0.0,0.03,0.0,0.0,Nov,3,2,9,5,New_Visitor,False,False
0,0.0,0,1.64,2,96.0,0.0,0.1,0.53,0.0,May,2,7,4,3,Returning_Visitor,False,False
3,125.08,0,9.69,13,1535.67,0.02,0.01,17.21,0.01,Jul,1,1,1,3,Returning_Visitor,False,False
1,46.5,0,0.0,14,398.98,0.0,0.01,0.15,0.01,Dec,8,13,9,2,New_Visitor,False,True
0,0.0,0,0.0,1,0.0,0.2,0.2,0.0,0.0,June,2,2,1,13,Returning_Visitor,False,False
0,0.0,0,0.0,20,320.71,0.0,0.06,0.0,0.0,Mar,1,1,1,1,Returning_Visitor,True,False
3,47.0,0,0.0,22,486.5,0.0,0.03,0.0,0.0,May,3,2,3,2,Returning_Visitor,False,False
7,36.71,2,42.0,36,879.92,0.02,0.03,11.19,0.0,May,1,1,1,4,Returning_Visitor,False,False
1,45.5,0,0.0,10,333.25,0.0,0.02,9.91,0.0,Dec,2,2,1,2,New_Visitor,True,True
7,169.35,2,182.2,48,1612.98,0.0,0.02,0.0,0.0,May,2,2,8,2,Returning_Visitor,False,False
1,134.85,0,0.0,39,581.94,0.0,0.0,68.32,0.01,Aug,2,2,5,1,Returning_Visitor,False,True
0,1.39,0,4.24,89,1706.29,0.01,0.02,0.0,0.0,Nov,1,1,1,2,Returning_Visitor,True,False
3,112.12,8,481.09,48,3459.48,0.0,0.01,5.65,0.0,Nov,2,2,1,8,Returning_Visitor,True,True
8,190.31,2,43.5,33,1259.87,0.01,0.03,0.0,0.0,May,2,2,1,2,Returning_Visitor,False,False
2,0.75,4,161.5,43,4791.46,0.0,0.02,5.48,0.0,Nov,2,2,1,2,Returning_Visitor,False,True
0,3.22,0,2.22,6,538.0,0.0,0.06,0.0,0.0,Mar,1,1,4,3,Returning_Visitor,True,False
2,21.0,0,0.0,65,2881.13,0.0,0.01,80.68,0.0,Mar,2,2,4,2,New_Visitor,False,True
1,16.6,0,0.0,84,1893.62,0.02,0.03,0.0,0.0,Oct,1,1,6,3,Returning_Visitor,False,False
1,6.0,0,0.0,21,902.28,0.02,0.05,0.0,0.0,June,2,1,5,1,Returning_Visitor,True,False
4,106.83,1,13.0,73,1675.63,0.01,0.02,2.32,0.2,May,3,2,1,13,Returning_Visitor,False,False
0,0.0,0,6.31,21,358.25,0.04,0.06,0.0,0.8,May,1,5,4,2,Returning_Visitor,False,False
0,0.0,0,0.0,48,1212.44,0.0,0.02,16.13,0.0,Nov,4,1,1,1,Returning_Visitor,False,False
1,12.0,0,0.0,16,404.25,0.01,0.03,0.41,0.0,Nov,3,2,1,10,Returning_Visitor,False,False
10,46.64,4,406.0,36,3121.28,0.01,0.01,13.72,0.4,Mar,3,2,3,6,Returning_Visitor,False,False
0,0.0,0,0.0,11,287.5,0.0,0.03,0.21,0.0,Oct,2,2,1,1,Returning_Visitor,True,False
0,0.0,0,0.0,20,196.83,0.04,0.06,0.0,0.44,May,2,2,1,4,Returning_Visitor,False,False
0,0.0,0,1.92,2,349.28,0.0,0.06,0.0,0.0,Feb,1,1,1,3,Returning_Visitor,False,False
0,0.79,0,0.0,14,467.28,0.0,0.02,0.0,0.0,Nov,2,2,9,2,Returning_Visitor,False,False
0,0.0,0,6.33,6,197.0,0.0,0.01,0.0,0.0,Mar,2,2,1,2,Returning_Visitor,True,False
0,0.0,0,3.02,7,286.5,0.0,0.04,0.06,0.0,Mar,3,3,3,1,Returning_Visitor,False,False
0,0.0,0,1.82,6,81.45,0.01,0.07,0.02,0.0,Nov,2,2,6,3,Returning_Visitor,False,False
0,0.76,0,2.13,4,156.18,0.2,0.2,0.0,0.2,May,3,2,1,13,Returning_Visitor,False,False
1,51.5,0,0.0,12,549.25,0.0,0.02,0.22,0.0,Dec,2,2,2,2,New_Visitor,False,False
2,28.64,0,4.9,22,894.09,0.0,0.03,0.0,0.0,Aug,2,4,3,3,Returning_Visitor,False,False
0,0.0,0,0.0,10,516.75,0.02,0.06,0.0,0.0,Dec,2,2,3,3,Returning_Visitor,True,False
0,0.0,0,1.93,12,221.13,0.05,0.07,0.0,0.4,May,2,2,1,6,Returning_Visitor,False,False
0,0.0,0,1.51,5,48.0,0.08,0.09,0.17,0.01,May,3,2,4,13,Returning_Visitor,False,False
0,0.0,0,0.0,41,1703.21,0.0,0.06,0.0,0.0,May,2,2,6,1,Returning_Visitor,False,False
1,0.0,2,45.75,47,1046.14,0.0,0.01,0.0,0.0,May,1,1,6,1,Returning_Visitor,False,False
6,0.61,0,0.0,37,892.92,0.01,0.01,0.0,0.0,May,3,2,3,5,New_Visitor,True,False
10,7.33,3,618.0,129,6657.15,0.01,0.03,0.0,0.4,Nov,2,2,1,2,Returning_Visitor,False,False
3,2.65,2,68.5,48,1602.35,0.0,0.03,0.0,0.01,Nov,2,2,3,2,Returning_Visitor,False,False
0,0.0,0,0.0,74,2763.25,0.01,0.02,3.97,0.0,May,2,5,3,6,Returning_Visitor,False,False
0,0.0,0,3.07,4,12.0,0.0,0.1,0.04,0.0,May,2,2,3,13,Returning_Visitor,False,False
1,25.0,0,0.0,14,492.85,0.02,0.05,14.99,0.0,May,1,1,3,3,Returning_Visitor,False,True
2,80.62,0,8.3,48,1828.19,0.02,0.03,8.44,0.0,Sep,2,1,1,2,Returning_Visitor,True,False
0,0.0,2,74.12,23,1669.03,0.0,0.02,0.0,0.0,June,2,2,4,2,Returning_Visitor,False,False
0,0.0,0,2.53,1,218.66,0.2,0.18,0.0,0.37,May,2,2,1,13,Returning_Visitor,False,False
0,0.0,0,0.0,3,15.0,0.0,0.07,0.14,0.01,Mar,2,4,3,1,Returning_Visitor,True,False
0,0.0,0,22.48,19,220.38,0.01,0.03,0.0,0.01,May,2,4,1,4,Returning_Visitor,False,False
3,30.5,0,0.0,324,14213.64,0.01,0.01,4.49,0.0,Nov,2,2,9,1,Returning_Visitor,True,True
0,0.61,0,0.0,20,1589.56,0.0,0.02,0.0,0.0,Dec,1,1,4,2,Returning_Visitor,False,False
0,0.0,0,4.74,11,679.9,0.02,0.04,0.26,0.0,Nov,3,2,1,2,Returning_Visitor,True,False
4,71.7,0,0.0,6,74.6,0.11,0.11,0.0,0.0,Jul,3,2,6,13,Returning_Visitor,False,False
0,0.0,0,0.0,3,202.0,0.07,0.06,0.34,0.0,May,3,2,1,3,Returning_Visitor,False,False
11,60.43,4,235.6,22,1755.6,0.0,0.02,19.44,0.01,May,3,2,3,2,Returning_Visitor,False,False
3,107.66,0,3.99,13,422.08,0.0,0.04,27.93,0.0,May,1,1,4,4,Returning_Visitor,False,True
1,0.0,0,0.0,19,401.9,0.06,0.09,0.0,0.0,Aug,1,1,2,3,Returning_Visitor,False,False
1,6.0,0,0.0,25,1629.71,0.01,0.04,0.0,0.0,Oct,2,2,1,1,Returning_Visitor,False,False
0,0.0,0,2.64,22,381.67,0.0,0.02,0.0,0.0,Mar,1,1,3,2,Returning_Visitor,False,False
8,310.07,1,49.4,71,1441.97,0.0,0.01,48.3,0.01,Nov,1,1,2,1,Returning_Visitor,False,True
3,112.75,0,0.0,35,658.75,0.0,0.01,0.0,0.0,Nov,3,2,6,2,New_Visitor,False,False
0,2.45,0,4.88,12,304.75,0.0,0.04,0.2,0.62,May,1,1,3,4,Returning_Visitor,False,False
0,0.0,0,1.7,1,67.09,0.2,0.2,0.04,0.0,Mar,2,4,1,1,Returning_Visitor,False,False
2,76.77,0,9.0,48,1157.14,0.0,0.05,4.28,0.0,Sep,2,2,3,5,New_Visitor,False,False
3,74.09,1,75.81,40,485.83,0.0,0.02,0.0,0.0,May,1,1,1,2,Returning_Visitor,True,False
3,30.0,0,2.73,49,1571.36,0.02,0.03,0.09,0.0,Nov,2,2,3,3,Returning_Visitor,False,False
11,89.8,0,0.0,141,2623.58,0.0,0.0,12.51,0.0,May,2,2,1,2,Returning_Visitor,False,False
3,116.8,0,0.0,5,170.4,0.0,0.03,48.76,0.0,Nov,2,2,1,2,New_Visitor,False,True
4,47.3,1,0.0,32,1870.97,0.0,0.04,0.1,0.0,Aug,2,2,6,2,Returning_Visitor,False,False
4,53.4,2,113.8,256,13453.25,0.0,0.0,0.25,0.0,Nov,2,2,1,2,Returning_Visitor,False,False
4,57.0,0,0.0,11,81.0,0.0,0.03,0.0,0.01,Nov,1,1,8,10,Returning_Visitor,False,False
9,130.32,1,18.0,33,332.33,0.0,0.02,0.0,0.0,May,1,1,1,2,Returning_Visitor,False,False
0,0.0,0,0.0,10,192.75,0.03,0.04,0.07,0.0,Dec,1,2,3,1,Returning_Visitor,True,False
3,61.65,7,380.96,102,3025.29,0.01,0.02,11.43,0.0,Sep,3,2,1,2,Returning_Visitor,False,False
6,1922.0,0,0.0,30,941.67,0.02,0.06,0.0,0.0,Nov,3,2,2,1,Returning_Visitor,False,False
0,0.0,4,8.0,66,1514.84,0.02,0.04,0.89,0.0,Dec,2,2,6,2,Returning_Visitor,False,False
0,0.0,0,0.0,1,0.0,0.2,0.2,0.0,0.0,Dec,3,2,7,3,Returning_Visitor,False,False
1,27.2,0,0.0,9,396.0,0.0,0.02,0.15,0.0,Nov,2,4,1,2,Returning_Visitor,False,False
3,0.0,0,0.0,53,1170.73,0.01,0.03,0.5,0.0,Aug,2,4,2,3,Returning_Visitor,False,True
0,0.0,0,0.0,3,400.67,0.0,0.05,0.0,0.44,May,2,2,1,1,Returning_Visitor,False,False
3,99.5,0,3.23,9,139.5,0.0,0.02,0.27,0.0,Dec,2,2,1,2,New_Visitor,False,False
0,0.0,0,2.12,1,30.16,0.2,0.18,0.21,0.0,May,1,1,3,3,Returning_Visitor,False,False
4,80.0,0,0.0,79,1011.67,0.01,0.04,0.23,0.6,May,3,2,3,4,Returning_Visitor,False,False
5,145.8,0,0.0,94,3210.85,0.0,0.02,0.0,0.0,Oct,2,2,3,2,Returning_Visitor,True,False
3,334.0,1,0.0,32,4316.83,0.01,0.0,0.16,0.0,Dec,3,13,9,2,Other,False,True
3,0.0,0,3.12,1,0.0,0.08,0.2,1.21,0.0,Dec,2,13,9,2,Other,False,False
5,107.5,0,0.0,31,2221.0,0.0,0.01,0.0,0.0,Nov,2,2,9,3,Returning_Visitor,False,False
3,14.0,0,4.56,30,513.94,0.0,0.03,45.31,0.03,June,2,2,1,13,Returning_Visitor,False,False
0,0.0,0,0.0,12,776.82,0.0,0.02,34.97,0.0,Nov,1,1,1,2,New_Visitor,False,True
0,0.0,0,2.77,5,29.0,0.0,0.04,0.0,0.0,Mar,2,2,7,2,Returning_Visitor,False,False
3,137.08,4,141.17,50,2871.26,0.0,0.01,11.8,0.0,May,1,1,1,2,Returning_Visitor,False,False
0,0.0,2,0.0,49,2622.6,0.02,0.03,0.0,0.0,Nov,3,2,2,13,Returning_Visitor,False,True
3,268.0,2,84.0,46,1679.67,0.01,0.03,0.0,0.0,Nov,3,2,1,13,Returning_Visitor,True,False
1,134.0,0,0.0,21,1429.62,0.0,0.01,0.13,0.0,Nov,1,1,2,2,New_Visitor,False,False
3,56.21,0,0.0,30,2136.0,0.0,0.01,0.0,0.23,May,2,2,1,2,New_Visitor,False,False
1,95.88,0,0.0,11,211.69,0.0,0.03,0.0,0.2,May,2,2,3,4,Returning_Visitor,False,False
3,144.25,0,0.0,48,1724.82,0.0,0.02,108.09,0.0,Dec,2,2,3,3,Returning_Visitor,False,True
0,0.0,0,4.57,27,864.94,0.01,0.05,11.41,0.0,Nov,1,1,2,3,Returning_Visitor,False,False
0,0.0,0,4.04,48,3025.33,0.0,0.01,0.0,0.0,Aug,1,1,1,20,Returning_Visitor,False,False
6,73.97,2,65.0,48,3283.72,0.0,0.02,2.44,0.0,May,1,2,1,2,Returning_Visitor,False,False
0,0.0,0,2.5,4,51.0,0.01,0.04,0.0,0.0,Nov,3,2,3,13,Returning_Visitor,False,False
1,0.0,0,0.0,49,575.41,0.02,0.03,0.0,0.0,Nov,2,2,2,3,Returning_Visitor,False,False
6,142.65,0,0.0,35,1760.61,0.0,0.01,16.82,0.0,Nov,2,2,1,2,Returning_Visitor,False,True
0,1.48,0,0.0,13,212.22,0.04,0.06,0.0,0.0,Nov,1,1,2,2,Returning_Visitor,False,False
0,0.0,2,35.67,16,1710.07,0.07,0.07,0.0,0.0,Dec,1,1,3,2,Returning_Visitor,False,False
3,69.8,0,0.0,87,1764.18,0.0,0.03,0.15,0.0,Mar,2,6,1,1,Returning_Visitor,False,False
0,0.0,0,0.0,18,328.32,0.0,0.0,0.0,0.2,May,2,2,3,6,Returning_Visitor,False,False
0,0.0,0,0.0,1,0.0,0.17,0.2,0.0,0.0,Mar,2,2,1,1,Returning_Visitor,False,False
4,4.4,1,8.0,49,1828.77,0.0,0.02,26.94,0.0,May,2,2,7,6,Returning_Visitor,False,False
3,0.0,0,1.61,8,1547.89,0.02,0.08,5.09,0.0,Nov,1,1,3,1,Returning_Visitor,False,True
1,56.5,1,41.5,87,1650.13,0.02,0.04,0.2,0.0,Nov,1,2,1,11,Returning_Visitor,True,False
3,135.0,0,0.0,25,1698.45,0.01,0.02,0.0,0.0,May,2,2,2,1,Returning_Visitor,False,False
0,0.0,0,0.0,48,735.44,0.0,0.0,0.0,0.0,May,4,2,4,2,Returning_Visitor,False,False
0,0.0,0,0.0,10,761.75,0.02,0.04,0.08,0.0,Nov,3,2,3,2,Returning_Visitor,True,False
3,143.8,1,0.0,6,90.75,0.02,0.06,0.0,0.0,May,3,2,8,3,Returning_Visitor,False,False
2,67.0,0,0.0,10,271.72,0.05,0.06,0.3,0.0,Nov,3,2,3,13,Returning_Visitor,True,False
1,1.23,6,209.77,73,1622.93,0.01,0.02,0.0,0.01,Nov,3,2,5,2,Returning_Visitor,False,False
0,0.0,0,2.88,11,250.8,0.0,0.02,0.11,0.0,Mar,2,2,4,1,Returning_Visitor,False,False
1,19.75,2,0.0,29,1712.04,0.05,0.08,0.0,0.0,Dec,3,2,1,2,Returning_Visitor,False,False
11,373.62,9,322.8,48,3677.26,0.01,0.02,0.0,0.0,Nov,2,2,1,1,Returning_Visitor,False,False
13,205.7,0,0.0,22,157.1,0.01,0.03,0.0,0.0,May,2,6,2,2,Returning_Visitor,False,True
0,0.0,0,0.0,7,251.67,0.03,0.01,0.21,0.0,Mar,3,2,1,6,Returning_Visitor,True,False
2,117.41,0,0.0,49,1697.31,0.0,0.02,0.0,0.0,Dec,1,1,1,3,Returning_Visitor,False,False
0,0.88,0,3.4,25,1712.1,0.0,0.02,0.0,0.0,Mar,2,2,3,2,Returning_Visitor,False,False
0,0.0,0,0.0,13,224.78,0.03,0.04,0.14,0.0,May,2,2,7,3,Returning_Visitor,False,False
15,831.62,0,0.0,47,845.28,0.0,0.01,1.53,0.0,May,2,2,1,2,Returning_Visitor,True,False
3,4.0,0,6.34,49,7392.23,0.02,0.05,0.0,0.8,May,2,2,2,2,Returning_Visitor,False,False
4,142.2,3,54.0,48,1667.4,0.0,0.01,0.0,0.0,Mar,2,2,1,2,Returning_Visitor,False,False
0,2.57,0,0.0,12,727.63,0.02,0.05,0.42,0.0,Nov,4,1,4,2,Returning_Visitor,False,False
3,144.07,2,34.6,48,1653.97,0.0,0.02,0.34,0.01,Aug,2,2,1,1,Returning_Visitor,False,False
0,0.0,0,3.36,12,1668.83,0.02,0.03,0.0,0.0,Nov,3,2,9,2,Returning_Visitor,True,False
1,73.6,1,19.01,52,1797.86,0.0,0.02,0.0,0.0,Sep,2,2,1,1,Returning_Visitor,False,False
3,143.5,1,9.5,20,1714.03,0.0,0.02,0.0,0.0,Mar,3,2,3,1,Returning_Visitor,False,False
4,80.0,0,0.0,17,1714.48,0.0,0.01,0.0,0.0,Nov,2,2,6,2,New_Visitor,True,False
10,247.15,4,788.0,47,2556.37,0.0,0.01,2.51,0.01,May,2,2,1,2,Returning_Visitor,False,False
11,23.39,2,102.75,305,5018.33,0.0,0.01,0.0,0.0,Nov,3,2,1,3,Returning_Visitor,False,False
2,14.0,2,189.0,134,6732.12,0.0,0.03,0.07,0.0,Nov,1,2,3,2,Returning_Visitor,True,False
2,136.21,2,31.0,47,1541.33,0.0,0.03,0.13,0.8,May,2,3,8,3,Returning_Visitor,False,False
1,13.0,0,7.6,13,220.33,0.0,0.02,0.06,0.0,May,2,2,8,3,Returning_Visitor,False,False
9,11.81,0,0.0,21,980.5,0.0,0.01,9.58,0.0,Nov,3,2,3,1,Returning_Visitor,False,True
0,0.0,0,1.72,5,32.65,0.08,0.18,0.66,0.0,Nov,2,5,3,1,Returning_Visitor,False,False
9,6.43,0,0.0,14,313.58,0.0,0.01,0.31,0.0,May,1,1,1,2,New_Visitor,False,False
4,92.0,0,0.0,19,473.0,0.0,0.01,0.0,0.0,May,3,2,3,1,Returning_Visitor,False,False
3,47.0,1,75.37,32,687.47,0.01,0.03,108.91,0.0,Nov,1,1,1,2,Returning_Visitor,True,True
0,0.0,0,0.0,4,121.0,0.0,0.05,0.0,0.0,May,3,2,1,3,Returning_Visitor,False,False
1,0.88,0,0.0,36,1712.05,0.01,0.03,0.54,0.0,Nov,2,2,1,13,Returning_Visitor,True,False
4,381.8,0,0.0,1,1441.38,0.0,0.04,0.19,0.0,Sep,2,4,4,2,Returning_Visitor,True,False
12,18.72,0,0.0,20,1553.58,0.0,0.02,34.27,0.0,May,1,1,1,2,Returning_Visitor,False,False
0,0.0,0,2.93,12,1694.97,0.02,0.06,0.0,0.0,May,3,2,1,13,Returning_Visitor,False,False
7,45.42,0,0.0,35,653.86,0.0,0.03,11.55,0.0,Dec,2,2,1,8,Returning_Visitor,False,False
3,94.7,0,0.0,20,366.62,0.01,0.0,0.0,0.0,Nov,1,1,2,4,New_Visitor,False,False
5,140.8,4,319.52,49,1740.05,0.0,0.02,14.62,0.0,Nov,2,2,2,2,Returning_Visitor,True,False
3,137.92,0,6.78,19,1709.6,0.0,0.0,0.1,0.0,June,2,2,1,2,New_Visitor,False,False
3,0.0,0,0.0,13,127.0,0.0,0.07,65.99,0.0,May,2,2,1,11,Returning_Visitor,False,True
0,0.79,0,0.0,8,424.73,0.0,0.05,0.0,0.0,Mar,1,1,1,3,Returning_Visitor,True,False
3,46.4,0,0.0,8,168.2,0.0,0.03,0.37,0.0,Oct,2,7,7,2,Returning_Visitor,False,True
4,57.0,1,0.0,10,479.87,0.0,0.02,0.09,0.0,Mar,4,2,1,1,Returning_Visitor,False,False
2,42.5,0,0.0,49,970.42,0.01,0.03,5.54,0.6,May,2,2,4,4,Returning_Visitor,False,True
0,0.0,0,3.72,10,157.07,0.0,0.05,50.91,0.0,Jul,2,2,3,2,Returning_Visitor,False,True
11,143.58,1,92.0,45,7793.16,0.0,0.0,0.14,0.0,May,3,2,1,8,Returning_Visitor,False,True
0,0.0,0,0.0,18,1110.87,0.0,0.01,0.13,0.0,Aug,3,10,4,4,Returning_Visitor,True,True
1,77.0,0,0.0,22,710.67,0.0,0.01,0.17,0.0,May,2,4,3,4,Returning_Visitor,False,False
0,1.5,1,4.44,13,286.1,0.01,0.05,0.0,1.0,May,2,2,1,2,Returning_Visitor,True,False
1,124.73,0,1.97,14,183.0,0.0,0.01,0.0,0.0,May,1,1,1,4,Returning_Visitor,False,False
2,1172.0,0,0.0,24,1244.07,0.0,0.03,0.28,0.0,May,1,8,2,3,Returning_Visitor,False,False
5,74.4,0,0.0,140,2810.8,0.01,0.04,0.0,0.0,Sep,2,2,3,1,Returning_Visitor,True,False
3,23.0,0,0.0,5,83.0,0.0,0.01,0.0,0.0,Mar,2,2,1,2,New_Visitor,False,False
0,0.0,1,127.99,43,1332.83,0.01,0.02,0.03,0.0,Mar,2,2,4,2,Returning_Visitor,True,False
5,54.83,0,0.0,46,986.92,0.01,0.01,58.86,0.0,May,6,1,4,5,Returning_Visitor,False,False
7,97.33,2,447.5,11,967.62,0.0,0.01,0.0,0.0,Dec,1,1,3,2,New_Visitor,False,False
0,0.0,0,5.15,9,719.58,0.02,0.06,0.4,0.0,Nov,1,4,4,2,Returning_Visitor,False,False
3,47.67,0,0.0,45,3025.28,0.0,0.01,28.94,0.2,May,2,2,7,3,Returning_Visitor,False,False
3,168.5,0,0.0,10,84.0,0.0,0.03,0.0,0.0,Dec,3,2,7,10,New_Visitor,False,False
2,36.0,0,0.0,13,680.1,0.0,0.01,0.0,0.0,Nov,3,2,4,8,Returning_Visitor,False,False
1,3.04,0,4.73,12,1232.08,0.0,0.0,0.0,0.0,Nov,2,2,1,2,New_Visitor,False,False
0,0.0,0,0.0,19,806.83,0.0,0.01,28.03,0.2,May,2,2,2,2,Returning_Visitor,False,True
3,137.53,1,70.0,29,705.4,0.0,0.02,0.14,0.0,Mar,2,2,1,1,Returning_Visitor,False,False
4,103.0,1,41.0,16,515.0,0.0,0.01,0.0,0.0,Mar,3,2,3,6,Returning_Visitor,True,False
5,69.5,4,116.0,84,2839.75,0.0,0.01,6.28,0.0,May,2,4,1,2,New_Visitor,False,False
0,0.0,0,0.0,37,1709.81,0.01,0.01,0.0,0.0,Nov,1,1,1,2,New_Visitor,True,True
5,215.5,0,8.37,61,1706.83,0.0,0.02,0.0,0.6,May,3,2,3,13,Returning_Visitor,False,False
0,0.0,0,3.12,5,205.62,0.0,0.01,0.2,0.0,June,2,2,1,2,Returning_Visitor,False,True
3,58.4,0,6.54,32,1531.6,0.01,0.06,1.7,0.0,Sep,2,2,1,3,Returning_Visitor,True,False
0,0.93,0,0.0,5,56.46,0.16,0.14,0.28,0.0,Mar,3,2,3,1,Returning_Visitor,False,False
4,99.12,0,0.0,35,876.3,0.0,0.02,0.0,0.0,Nov,4,1,2,3,Returning_Visitor,False,False
0,0.0,0,2.26,6,1054.3,0.02,0.1,0.04,0.0,Jul,2,2,6,13,Returning_Visitor,False,False
3,47.0,1,51.0,68,3008.12,0.01,0.02,17.01,0.0,May,2,2,1,1,Returning_Visitor,False,False
3,27.0,0,2.87,48,898.0,0.02,0.06,10.95,0.6,May,2,2,1,2,Returning_Visitor,False,True
3,144.99,2,11.5,129,5293.82,0.01,0.02,2.52,0.2,May,2,2,3,2,Returning_Visitor,False,False
3,137.25,0,0.0,46,672.58,0.01,0.04,8.08,0.0,May,2,2,4,4,Returning_Visitor,False,True
1,76.96,0,5.39,40,1709.88,0.01,0.03,0.0,0.0,Mar,3,2,1,2,Returning_Visitor,False,False
0,0.0,0,0.0,6,93.0,0.07,0.06,0.46,0.0,Nov,3,2,3,13,Returning_Visitor,False,False
3,143.88,0,0.0,53,1228.29,0.02,0.04,0.0,0.0,Nov,1,1,2,3,Returning_Visitor,False,False
0,0.0,0,0.0,45,1314.94,0.0,0.02,45.43,0.0,Mar,2,2,1,2,Returning_Visitor,True,True
1,36.3,0,0.0,20,0.0,0.05,0.09,0.0,0.0,Sep,3,2,3,6,Returning_Visitor,False,True
3,228.0,1,267.5,23,1715.88,0.02,0.03,0.0,0.0,Nov,2,2,3,2,Returning_Visitor,False,False
0,0.0,0,2.39,22,2473.25,0.0,0.01,0.0,0.01,May,3,2,1,2,Returning_Visitor,False,False
0,0.0,0,0.0,12,193.37,0.02,0.02,0.3,0.0,Nov,3,2,1,13,New_Visitor,True,False
0,0.0,0,2.99,48,1693.89,0.01,0.03,0.0,0.6,May,3,2,1,2,Returning_Visitor,False,False
1,0.0,0,3.04,9,205.5,0.0,0.01,0.0,0.01,Nov,8,2,1,3,Returning_Visitor,False,False
0,0.0,0,0.0,48,1710.48,0.0,0.03,0.0,0.0,Dec,3,2,1,2,Returning_Visitor,False,False
0,0.0,0,4.26,29,1562.57,0.01,0.06,0.12,0.0,Mar,1,6,1,1,Returning_Visitor,False,False
12,313.09,4,516.0,48,3083.05,0.02,0.01,0.06,0.0,Nov,2,5,1,2,Returning_Visitor,False,False
2,143.47,0,14.33,36,1715.77,0.0,0.02,0.0,0.0,Dec,3,2,1,2,Returning_Visitor,True,False
0,0.0,0,2.02,4,44.5,0.07,0.13,0.09,0.0,Dec,2,2,9,3,Returning_Visitor,False,False
0,0.0,0,2.08,8,122.75,0.0,0.03,0.0,0.0,Nov,3,2,1,2,New_Visitor,False,False
0,0.0,0,0.0,11,1713.56,0.02,0.06,0.02,0.0,Feb,2,2,6,1,Returning_Visitor,False,False
3,100.0,0,0.0,8,127.67,0.0,0.0,0.0,0.0,May,3,2,4,2,Returning_Visitor,False,False
0,0.0,0,4.04,45,472.36,0.01,0.04,0.0,0.0,Mar,1,1,1,2,Returning_Visitor,False,False
0,0.0,0,0.0,7,578.2,0.0,0.01,0.76,0.0,May,2,2,3,6,Returning_Visitor,True,True
3,170.0,1,22.0,39,1177.29,0.0,0.04,0.43,0.0,Nov,2,5,7,2,Returning_Visitor,False,False
5,139.9,0,0.0,18,251.9,0.0,0.03,0.1,0.0,Nov,1,1,1,2,Returning_Visitor,True,False
6,127.63,3,58.95,54,2407.32,0.0,0.01,0.0,0.0,May,3,2,1,1,Returning_Visitor,False,False
2,7.0,0,0.0,49,541.21,0.01,0.03,0.0,0.0,Nov,1,1,1,2,Returning_Visitor,True,False
5,134.26,1,13.0,55,1546.5,0.0,0.02,9.14,0.0,May,2,2,1,2,Returning_Visitor,True,False
0,0.0,0,4.1,28,2464.37,0.01,0.04,0.0,0.0,Dec,3,2,1,2,Returning_Visitor,True,False
2,116.75,1,94.0,36,1709.52,0.0,0.02,24.34,0.01,May,1,1,6,3,Returning_Visitor,False,True
4,91.0,0,0.0,28,82.08,0.03,0.02,0.0,0.0,Dec,1,1,1,2,New_Visitor,False,False
0,0.0,0,0.0,29,643.2,0.02,0.05,0.1,0.0,Nov,2,2,1,1,Returning_Visitor,False,False
7,100.39,0,0.0,44,910.04,0.02,0.06,5.32,0.0,May,1,1,3,1,Returning_Visitor,False,False
1,55.5,0,0.0,53,1710.07,0.01,0.02,0.0,0.0,May,4,1,1,1,Returning_Visitor,False,False
4,138.23,0,0.0,39,1115.88,0.0,0.01,0.0,0.0,May,3,2,1,11,New_Visitor,False,False
3,116.0,0,0.0,22,1713.11,0.01,0.03,27.82,0.0,May,3,1,3,2,Returning_Visitor,True,True
4,51.56,1,17.0,47,1143.37,0.0,0.05,12.45,0.0,May,1,1,3,2,Returning_Visitor,True,False
2,147.0,0,0.0,2,35.0,0.0,0.03,0.09,0.0,Mar,2,2,1,2,New_Visitor,False,False
3,109.41,0,0.0,71,2086.67,0.01,0.02,0.0,0.0,Dec,2,2,7,3,Returning_Visitor,False,False
0,0.0,1,97.0,143,7681.52,0.0,0.04,0.0,0.0,Nov,2,2,7,2,Returning_Visitor,False,False
6,83.51,3,33.0,19,569.51,0.0,0.03,0.0,0.2,May,3,2,1,3,Returning_Visitor,False,False
0,0.0,0,2.45,47,1631.57,0.0,0.01,0.21,0.0,Nov,1,1,3,10,Returning_Visitor,False,False
3,121.91,0,3.8,49,866.5,0.0,0.01,0.0,0.0,May,2,2,5,2,Returning_Visitor,False,False
3,100.07,0,0.0,30,1700.0,0.0,0.0,28.52,0.0,Jul,2,2,5,2,Returning_Visitor,True,True
2,10.19,0,4.89,5,48.4,0.0,0.06,0.4,0.0,Oct,1,1,1,3,Returning_Visitor,False,False
0,0.0,0,2.33,6,1426.05,0.05,0.13,0.0,0.0,Aug,1,1,1,3,Returning_Visitor,False,False
0,0.0,0,1.52,6,332.0,0.0,0.03,0.0,0.0,May,2,5,7,2,Returning_Visitor,False,False
0,0.0,0,0.0,2,38.4,0.2,0.2,0.14,0.01,Mar,1,1,1,3,Returning_Visitor,False,False
0,0.0,0,4.58,13,1001.71,0.02,0.05,0.0,0.0,Nov,4,1,7,6,Returning_Visitor,False,False
3,143.32,0,0.0,47,4502.51,0.0,0.01,3.8,0.0,May,2,2,1,3,Returning_Visitor,False,True
3,42.0,0,0.0,49,1381.73,0.0,0.02,0.0,0.0,May,2,2,4,3,Returning_Visitor,False,False
0,0.0,0,0.0,49,1093.83,0.0,0.02,0.0,0.0,Dec,2,2,2,1,Returning_Visitor,False,False
3,183.6,0,0.0,44,457.9,0.0,0.02,0.0,0.0,Nov,1,1,1,4,Returning_Visitor,True,False
3,63.5,0,3.0,8,253.25,0.0,0.02,0.0,0.0,Dec,2,2,7,2,New_Visitor,False,False
0,0.0,0,0.0,6,215.24,0.07,0.08,0.0,0.0,May,2,2,7,6,Returning_Visitor,False,False
3,209.62,1,118.75,21,1630.89,0.0,0.02,0.0,0.0,Dec,2,2,4,2,Returning_Visitor,False,False
3,61.24,0,0.0,48,545.5,0.03,0.06,0.0,0.0,May,2,2,3,13,Returning_Visitor,False,False
0,0.0,0,5.53,34,1716.02,0.05,0.07,0.0,0.8,May,2,2,4,6,Returning_Visitor,False,False
4,19.0,1,0.0,56,1394.33,0.01,0.05,0.32,0.6,May,2,2,3,6,Returning_Visitor,False,False
0,0.0,1,3.1,41,816.95,0.0,0.05,0.0,0.0,May,3,2,8,1,Returning_Visitor,False,False
1,0.63,0,0.0,52,1636.93,0.0,0.02,11.03,0.0,Nov,2,2,3,3,Returning_Visitor,True,False
0,0.0,0,2.86,8,245.3,0.0,0.08,0.0,0.0,Feb,4,1,1,3,Returning_Visitor,False,False
0,1.1,0,0.0,13,649.25,0.0,0.02,0.44,0.01,Feb,2,2,1,5,New_Visitor,False,False
3,63.77,0,0.0,31,1470.42,0.0,0.01,0.13,0.0,May,1,2,1,3,New_Visitor,False,False
0,4.0,0,0.0,31,1075.76,0.0,0.01,0.24,0.0,May,2,6,2,11,New_Visitor,False,False
3,55.0,0,0.0,16,284.9,0.0,0.03,18.86,0.0,Mar,1,1,7,10,Returning_Visitor,False,False
1,4.75,2,78.0,67,1231.14,0.0,0.01,0.7,0.0,Mar,2,6,1,3,Returning_Visitor,False,False
2,88.0,0,0.0,3,95.5,0.0,0.02,0.0,0.0,May,1,2,3,2,Returning_Visitor,False,False
3,123.54,0,0.0,12,189.0,0.0,0.01,0.99,0.0,Dec,3,12,1,8,New_Visitor,False,False
0,3.77,0,0.0,4,37.8,0.13,0.14,0.0,0.0,Aug,1,1,1,3,Returning_Visitor,False,False
0,0.0,0,3.36,15,212.51,0.0,0.03,0.0,0.0,May,1,1,2,2,Returning_Visitor,True,False
0,0.0,0,6.88,18,824.83,0.0,0.02,0.0,0.8,May,2,2,2,4,Returning_Visitor,False,False
3,92.83,0,0.0,24,463.82,0.0,0.02,17.84,0.05,Mar,1,1,1,2,Returning_Visitor,False,True
0,0.0,0,0.0,0,0.0,0.2,0.2,0.0,0.01,May,2,2,8,3,Returning_Visitor,False,False
2,11.92,2,139.0,80,4099.74,0.0,0.01,7.25,0.0,Mar,3,2,2,2,Returning_Visitor,True,True
3,146.21,0,0.0,43,1098.52,0.0,0.02,0.0,0.0,Nov,1,1,4,8,Returning_Visitor,False,False
0,0.0,2,5.64,1,0.0,0.07,0.13,0.0,0.6,May,2,2,8,3,Returning_Visitor,False,False
1,0.0,0,57.0,5,454.0,0.0,0.04,0.0,0.01,Mar,2,2,3,6,Returning_Visitor,False,False
0,0.0,0,0.0,57,1656.97,0.01,0.04,0.04,0.0,Nov,3,2,1,2,Returning_Visitor,True,False
0,0.0,0,5.36,9,237.33,0.0,0.03,0.09,0.0,May,1,2,3,3,Returning_Visitor,False,False
4,82.0,0,4.55,12,576.87,0.0,0.02,31.98,0.0,May,1,1,3,3,Returning_Visitor,False,True
0,0.0,0,0.0,6,177.5,0.03,0.04,0.0,0.0,Mar,2,2,8,1,Returning_Visitor,False,False
0,0.0,0,0.0,6,871.43,0.0,0.03,0.0,0.0,Mar,3,2,7,6,Returning_Visitor,False,False
3,146.0,0,0.0,7,221.4,0.03,0.02,0.0,0.0,Nov,1,1,4,3,Returning_Visitor,False,False
0,0.0,0,5.4,55,1713.97,0.0,0.03,0.0,0.0,Nov,2,2,6,1,Returning_Visitor,True,False
3,78.12,3,738.08,37,1726.68,0.01,0.01,27.79,0.0,May,1,1,1,2,Returning_Visitor,False,False
3,105.12,4,294.6,47,6412.23,0.0,0.03,0.0,0.0,May,2,4,9,2,Returning_Visitor,False,True
0,0.0,0,0.0,1,697.48,0.2,0.14,0.0,0.0,Feb,1,1,1,2,Returning_Visitor,True,False
0,0.0,0,1.51,2,33.04,0.0,0.1,0.0,0.0,Nov,2,2,4,1,Returning_Visitor,False,False
1,134.58,1,15.53,10,128.5,0.05,0.09,3.73,0.02,May,3,2,3,6,Returning_Visitor,False,False
0,0.0,0,0.0,4,36.0,0.1,0.15,0.14,0.6,May,2,1,1,3,Returning_Visitor,False,False
3,145.8,0,7.21,13,470.5,0.0,0.02,56.39,0.0,Nov,1,1,4,2,New_Visitor,False,True
1,0.67,1,69.5,65,1140.79,0.0,0.02,6.64,0.0,Nov,2,2,4,2,Returning_Visitor,False,True
0,0.96,0,1.87,1,0.0,0.2,0.2,0.0,0.0,June,3,2,3,13,Returning_Visitor,False,False
3,142.5,0,0.0,48,1052.26,0.04,0.06,0.12,0.0,Nov,1,8,6,3,Returning_Visitor,False,False
0,0.0,0,0.0,35,507.5,0.01,0.01,12.01,0.0,Oct,3,2,1,2,Returning_Visitor,True,True
0,0.0,0,0.0,13,221.5,0.0,0.02,0.0,0.0,Nov,2,2,1,2,New_Visitor,False,False
0,0.71,0,3.95,24,1716.65,0.02,0.05,0.0,0.0,Nov,2,2,7,1,Returning_Visitor,False,False
1,37.32,0,4.98,15,493.44,0.0,0.02,0.0,0.8,Nov,1,1,2,4,Returning_Visitor,True,False
0,0.0,0,0.0,1,29.28,0.17,0.2,0.26,0.0,May,1,1,4,3,Returning_Visitor,False,False
3,30.0,0,0.0,12,470.94,0.0,0.01,0.0,0.0,Mar,1,1,3,2,Returning_Visitor,False,False
1,15.61,1,9.29,49,668.5,0.0,0.01,0.03,0.0,Nov,2,2,3,1,Returning_Visitor,False,False
11,125.93,0,0.0,110,4006.36,0.01,0.03,0.71,0.0,May,2,7,1,2,Returning_Visitor,False,False
0,0.82,0,0.0,29,1155.5,0.06,0.1,0.0,0.68,May,2,2,1,13,Returning_Visitor,False,False
0,0.0,0,0.0,4,210.05,0.0,0.06,0.0,0.0,Nov,2,2,1,6,Returning_Visitor,False,False
1,8.0,0,1.97,48,709.33,0.0,0.01,0.0,0.0,Nov,2,2,1,1,Returning_Visitor,False,False
0,0.0,1,81.33,8,308.0,0.0,0.03,0.17,0.0,May,2,4,1,2,Returning_Visitor,False,True
0,0.0,0,3.92,1,0.0,0.2,0.2,0.0,0.0,Mar,2,2,8,1,Returning_Visitor,False,False
6,146.57,0,0.0,13,522.0,0.0,0.01,36.65,0.0,May,2,2,2,2,New_Visitor,False,True
3,125.69,1,12.25,26,934.15,0.01,0.03,0.0,0.0,Nov,1,1,1,3,Returning_Visitor,False,False
0,0.0,0,0.0,15,872.83,0.0,0.03,0.0,0.0,Mar,2,2,2,3,Returning_Visitor,True,False
0,1.1,0,0.0,45,518.22,0.0,0.04,0.0,0.0,Dec,2,2,6,11,New_Visitor,False,False
4,85.0,0,0.0,42,452.58,0.0,0.01,107.94,0.0,May,2,4,6,4,New_Visitor,False,True
0,0.0,0,0.0,5,93.02,0.03,0.08,0.0,0.0,Mar,2,2,1,1,Returning_Visitor,True,False
0,0.0,0,0.0,23,209.83,0.0,0.03,0.0,0.0,May,2,2,1,13,Returning_Visitor,False,False
0,0.0,0,3.98,24,1710.51,0.04,0.06,0.0,0.33,May,1,1,3,4,Returning_Visitor,True,False
1,103.33,0,0.0,49,3135.52,0.0,0.01,8.96,0.0,Mar,1,1,2,1,Returning_Visitor,False,False
2,37.0,0,0.0,49,1127.25,0.02,0.03,0.1,0.02,May,2,5,3,2,Returning_Visitor,False,False
17,74.84,4,428.55,45,3891.21,0.0,0.01,58.11,0.01,May,2,2,1,2,Returning_Visitor,False,False
0,0.0,0,1.82,5,137.0,0.0,0.04,2.21,0.01,Oct,2,4,9,2,Returning_Visitor,False,False
3,140.9,2,7.0,7,209.12,0.0,0.01,0.0,0.0,May,2,2,6,11,New_Visitor,False,False
0,0.0,0,0.0,2,10.0,0.0,0.1,0.0,0.0,Dec,1,1,2,2,New_Visitor,False,False
3,100.0,1,12.0,44,1515.78,0.0,0.01,0.0,0.0,May,1,1,2,2,Returning_Visitor,True,False
0,0.64,0,0.0,5,352.99,0.1,0.16,0.06,0.2,May,2,2,4,13,Returning_Visitor,False,False
3,121.36,2,31.7,6,104.25,0.0,0.02,0.56,0.0,June,2,5,7,11,New_Visitor,False,False
3,63.4,1,0.0,49,1115.4,0.06,0.06,0.0,0.0,Aug,3,2,6,13,Returning_Visitor,True,False
0,0.0,0,0.0,50,1803.77,0.0,0.02,1.8,0.0,Mar,2,4,7,2,Returning_Visitor,False,True
0,0.0,2,45.0,11,624.0,0.02,0.04,0.0,0.0,Mar,1,2,4,10,Returning_Visitor,False,False
0,1.28,0,0.0,23,647.14,0.0,0.02,1.22,0.0,Nov,1,8,1,11,Returning_Visitor,False,False
2,22.9,0,0.0,145,5962.73,0.01,0.01,11.14,0.0,Nov,2,2,7,2,Returning_Visitor,False,True
0,0.0,0,0.0,1,0.0,0.2,0.2,0.12,0.02,May,2,2,4,1,Returning_Visitor,False,False
0,0.0,0,2.0,1,0.0,0.2,0.2,0.0,0.0,Mar,2,2,1,1,Returning_Visitor,False,False
11,56.39,9,435.45,38,6515.45,0.01,0.02,2.98,0.0,May,3,2,1,2,Returning_Visitor,False,True
2,1.84,0,0.0,12,311.79,0.0,0.01,34.04,0.0,Nov,2,2,1,5,New_Visitor,False,True
14,295.2,3,56.9,80,1242.06,0.0,0.02,0.0,0.0,Nov,2,2,1,1,Returning_Visitor,False,False
0,0.0,0,0.0,3,10.0,0.0,0.07,0.0,0.0,Mar,2,2,7,1,Returning_Visitor,False,False
7,137.84,0,0.0,48,1540.29,0.01,0.02,0.0,0.0,Aug,2,2,1,1,Returning_Visitor,False,False
0,0.96,0,15.49,8,494.92,0.0,0.1,0.0,0.0,Dec,1,1,3,1,Returning_Visitor,False,False
3,144.2,2,139.5,42,3714.35,0.0,0.01,0.0,0.0,Nov,2,2,1,2,Returning_Visitor,False,False
3,82.0,0,0.0,32,1040.17,0.02,0.06,0.0,0.0,May,2,2,2,3,Returning_Visitor,True,False
2,0.0,0,5.9,9,336.88,0.0,0.04,30.22,0.0,Sep,1,2,6,4,Returning_Visitor,False,True
0,1.08,0,0.0,1,0.0,0.17,0.2,0.0,0.0,May,2,2,1,4,Returning_Visitor,False,False
3,112.27,0,0.0,81,1199.62,0.0,0.01,0.0,0.0,Sep,2,2,2,1,Returning_Visitor,True,True
2,0.0,0,0.0,17,222.11,0.0,0.03,0.0,0.8,May,1,1,3,2,Returning_Visitor,False,False
3,131.15,2,101.8,37,1722.81,0.0,0.01,4.68,0.0,Oct,1,1,1,2,Returning_Visitor,True,False
0,0.0,0,1.99,14,266.02,0.0,0.04,0.12,0.0,Mar,3,2,1,1,Returning_Visitor,True,False
0,1.05,0,2.89,3,88.68,0.0,0.07,0.0,0.0,Dec,2,1,2,2,Returning_Visitor,True,False
3,120.98,0,0.0,48,1012.51,0.0,0.03,0.0,0.0,Aug,2,2,1,6,Returning_Visitor,False,False
13,293.58,3,26.0,49,3457.63,0.0,0.02,15.99,0.0,May,2,5,6,2,Returning_Visitor,False,True
0,0.0,0,2.71,26,1634.68,0.0,0.02,0.01,0.0,Aug,3,2,4,4,Returning_Visitor,True,False
0,0.61,0,1.61,4,43.2,0.0,0.06,0.0,0.01,Jul,2,2,4,3,Returning_Visitor,False,False
0,0.0,0,0.0,11,1661.64,0.0,0.05,0.0,0.0,Nov,2,2,2,3,Returning_Visitor,False,False
0,0.0,0,0.0,12,1712.82,0.08,0.04,0.0,0.0,Dec,3,2,5,1,Returning_Visitor,False,False
0,0.0,0,2.24,2,19.0,0.0,0.1,0.0,0.0,May,1,1,3,3,Returning_Visitor,False,False
1,12.83,2,122.53,49,2372.33,0.0,0.01,10.32,0.0,Mar,1,1,1,2,Returning_Visitor,False,False
3,73.0,0,0.0,32,1715.23,0.0,0.01,1.67,0.0,Nov,2,2,3,6,Returning_Visitor,False,False
0,0.0,0,0.0,43,1264.05,0.0,0.04,0.03,0.0,Nov,2,2,3,20,Returning_Visitor,False,False
0,0.0,0,2.04,5,29.0,0.0,0.07,0.0,0.0,May,2,2,1,4,Returning_Visitor,True,False
11,108.02,2,23.0,48,1249.87,0.0,0.01,11.63,0.0,Dec,2,2,1,2,Returning_Visitor,False,False
0,0.0,0,3.63,150,3147.58,0.01,0.01,0.0,0.6,May,2,2,5,6,Returning_Visitor,False,False
3,46.46,0,0.0,82,2875.62,0.0,0.01,1.95,0.0,Nov,2,2,3,2,New_Visitor,False,True
4,367.0,5,2256.92,33,8981.58,0.0,0.04,0.06,0.02,Dec,2,2,1,8,Returning_Visitor,False,False
3,28.0,0,77.2,20,633.75,0.0,0.02,0.18,0.0,Dec,2,2,1,1,Returning_Visitor,True,True
0,0.0,0,2.88,49,566.88,0.0,0.04,0.0,0.0,Nov,2,2,3,1,Returning_Visitor,True,False
0,0.0,0,0.0,1,0.0,0.2,0.2,0.08,0.0,May,4,2,1,4,Returning_Visitor,False,False
0,0.0,0,1.86,1,46.27,0.2,0.2,0.0,0.0,Aug,3,2,1,13,Returning_Visitor,False,False
0,0.0,0,2.58,2,83.0,0.0,0.04,0.0,0.01,May,3,2,3,2,New_Visitor,False,False
5,136.67,0,0.0,49,2246.17,0.02,0.04,0.0,0.2,May,1,1,3,3,Returning_Visitor,False,False
0,1.14,0,0.0,2,44.0,0.0,0.1,0.0,0.0,May,2,2,3,1,Returning_Visitor,False,False
1,15.14,0,2.0,25,1109.23,0.0,0.01,61.3,0.0,Nov,2,2,6,5,New_Visitor,False,True
0,0.0,0,7.45,17,1204.09,0.05,0.06,0.0,0.0,June,3,2,6,13,Returning_Visitor,False,False
4,55.33,0,2.9,11,240.27,0.0,0.02,0.0,0.0,Mar,2,2,3,1,Returning_Visitor,False,False
0,0.0,0,5.53,41,614.82,0.01,0.03,0.0,0.0,Nov,2,2,6,11,Returning_Visitor,False,False
2,27.0,0,22.32,18,915.17,0.02,0.04,0.0,0.0,Mar,2,2,4,1,Returning_Visitor,False,False
0,0.0,0,2.48,1,0.0,0.2,0.2,0.0,0.0,Nov,1,1,3,3,Returning_Visitor,False,False
3,0.0,0,0.0,2,62.0,0.0,0.05,0.0,0.0,Mar,1,1,2,10,Returning_Visitor,False,False
2,70.5,0,0.0,12,541.54,0.0,0.01,0.07,0.0,Nov,2,5,3,2,New_Visitor,True,True
1,19.0,1,11.0,12,66.83,0.0,0.02,0.0,0.0,Nov,2,2,1,8,New_Visitor,False,False
0,0.0,0,2.94,2,26.5,0.0,0.05,0.0,0.0,Dec,3,2,1,1,Returning_Visitor,False,False
3,166.0,1,140.0,35,701.5,0.03,0.05,0.07,0.0,May,2,5,6,3,Returning_Visitor,False,False
1,0.0,0,4.13,16,544.83,0.0,0.04,0.0,0.0,May,1,1,3,2,Returning_Visitor,True,False
0,0.0,0,3.95,53,1716.12,0.0,0.02,0.0,0.0,Nov,2,2,1,2,Returning_Visitor,False,True
3,146.27,0,2.12,29,844.46,0.0,0.01,42.89,0.01,May,2,2,1,3,Returning_Visitor,False,True
1,0.0,0,0.0,7,460.93,0.03,0.06,0.0,0.0,Nov,2,2,1,11,Returning_Visitor,True,True
0,0.0,1,2.66,4,393.48,0.0,0.1,0.0,0.4,May,2,2,1,2,Returning_Visitor,False,False
1,6.0,0,2.55,61,1691.65,0.01,0.06,0.0,0.45,May,2,2,4,2,Returning_Visitor,False,False
3,46.9,0,0.0,26,561.4,0.0,0.06,5.72,0.0,Nov,2,5,1,5,New_Visitor,False,True
2,146.65,0,0.0,39,1828.97,0.01,0.02,20.59,0.0,Nov,1,1,1,2,Returning_Visitor,True,True
3,253.15,0,0.0,81,1839.13,0.0,0.02,0.0,0.0,Sep,3,2,3,13,Returning_Visitor,False,False
0,0.0,0,0.0,12,741.4,0.05,0.06,0.0,0.0,Oct,2,2,7,1,Returning_Visitor,False,False
9,175.93,4,54.5,229,6606.78,0.0,0.02,8.9,0.0,May,2,2,1,2,Returning_Visitor,False,True
0,0.0,0,2.12,5,98.0,0.0,0.06,0.0,0.0,Dec,1,1,9,2,Returning_Visitor,False,False
3,141.84,5,487.0,74,1730.07,0.0,0.02,51.65,0.0,Nov,2,2,1,2,Returning_Visitor,True,True
3,67.02,10,403.0,15,543.23,0.01,0.03,0.0,0.0,Mar,3,2,8,8,New_Visitor,False,False
3,20.17,0,0.0,87,2467.26,0.0,0.02,11.68,0.0,Dec,4,2,1,2,Returning_Visitor,False,False
0,0.0,0,0.0,5,98.5,0.07,0.06,0.0,0.0,Mar,1,1,6,3,Returning_Visitor,False,False
0,0.0,0,0.0,13,196.5,0.0,0.02,0.0,0.0,May,2,2,7,4,Returning_Visitor,True,False
0,0.0,0,0.0,1,34.88,0.17,0.2,0.0,0.0,May,2,2,1,1,Returning_Visitor,False,False
0,0.0,0,0.0,135,7091.7,0.02,0.04,0.0,0.0,Sep,2,2,2,3,Returning_Visitor,False,False
0,0.0,0,3.85,49,1645.26,0.03,0.06,0.0,0.0,May,3,2,1,1,Returning_Visitor,False,False
0,0.72,0,0.0,5,115.62,0.04,0.06,0.45,0.0,Nov,2,2,3,3,Returning_Visitor,False,False
3,142.06,0,0.0,13,956.5,0.0,0.04,0.14,0.0,Mar,2,2,1,3,Returning_Visitor,False,False
0,0.69,0,0.0,5,100.0,0.0,0.1,0.39,0.0,Nov,2,2,3,3,Returning_Visitor,True,False
3,53.5,0,0.0,49,1097.05,0.0,0.02,0.0,0.0,May,2,2,4,2,Returning_Visitor,False,False
0,0.0,0,7.11,12,202.27,0.0,0.01,0.0,0.0,Dec,2,2,2,2,Returning_Visitor,False,False
1,12.0,0,1.93,22,1540.73,0.02,0.01,0.0,0.0,Jul,3,2,3,2,Returning_Visitor,False,False
3,125.01,0,0.0,10,122.17,0.0,0.02,0.25,0.0,Nov,1,1,1,5,New_Visitor,True,False
2,39.5,1,7.47,34,1406.21,0.01,0.02,23.61,0.2,May,2,2,8,4,Returning_Visitor,False,True
0,2.9,0,0.0,1,0.0,0.2,0.2,0.0,0.0,Nov,7,1,1,3,Returning_Visitor,False,False
1,58.9,5,163.5,49,1687.21,0.0,0.02,0.0,0.0,Nov,2,2,1,2,Returning_Visitor,False,False
0,0.92,0,0.0,1,0.0,0.2,0.2,0.0,0.0,Dec,2,2,2,1,Returning_Visitor,False,False
0,0.0,0,33.84,10,145.04,0.0,0.02,1.37,0.0,Nov,4,2,4,1,Returning_Visitor,False,False
0,0.0,0,0.0,11,1708.86,0.0,0.01,0.0,0.0,Oct,2,2,3,20,Returning_Visitor,False,False
0,0.0,0,7.76,4,137.0,0.15,0.15,0.0,0.63,May,3,3,2,3,Returning_Visitor,False,False
4,72.0,0,0.0,47,2258.18,0.0,0.03,38.19,0.0,Nov,2,2,9,2,New_Visitor,False,False
0,0.0,0,0.0,2,442.5,0.01,0.1,0.0,0.0,Dec,4,2,4,3,Returning_Visitor,False,False
1,0.0,0,4.63,4,172.42,0.03,0.06,0.0,0.04,Mar,3,3,1,3,Returning_Visitor,False,False
0,0.0,0,0.0,10,240.75,0.0,0.02,0.0,0.0,Feb,2,2,9,2,Returning_Visitor,False,False
0,0.0,0,0.0,15,1506.92,0.02,0.03,0.11,0.0,Nov,3,2,2,11,Returning_Visitor,True,False
0,0.0,0,0.0,18,644.12,0.01,0.02,0.0,0.0,Mar,2,2,6,10,Returning_Visitor,False,False
5,626.0,1,66.0,77,2660.15,0.0,0.01,41.93,0.0,Nov,1,1,3,2,Returning_Visitor,False,False
2,138.04,1,10.12,46,1066.57,0.0,0.02,20.42,0.0,Dec,3,2,2,10,Returning_Visitor,False,True
4,37.0,0,0.0,9,208.77,0.0,0.02,0.0,0.0,Nov,2,2,3,2,New_Visitor,False,False
0,0.0,0,9.13,24,330.08,0.04,0.04,0.05,1.0,May,1,1,7,4,Returning_Visitor,True,False
2,37.5,0,0.0,70,6384.37,0.02,0.03,0.0,0.0,Nov,1,1,3,8,Returning_Visitor,False,True
7,139.57,0,0.0,30,986.5,0.02,0.01,0.11,0.0,Dec,2,10,1,1,New_Visitor,False,True
3,24.2,0,0.0,8,530.0,0.0,0.04,0.31,0.0,Aug,1,8,1,3,Returning_Visitor,False,False
3,141.6,0,0.0,3,133.73,0.0,0.06,0.59,0.0,Oct,3,2,6,20,New_Visitor,False,False
0,0.0,0,0.0,2,4.0,0.0,0.1,0.0,0.0,Aug,2,2,1,1,Returning_Visitor,False,False
2,844.0,0,2.0,6,192.5,0.05,0.06,0.19,0.18,May,3,2,6,2,Returning_Visitor,False,False
0,0.0,0,0.0,23,1888.5,0.01,0.01,5.54,0.0,May,2,2,4,4,New_Visitor,True,True
0,0.66,0,0.0,4,179.25,0.0,0.05,0.0,0.0,Dec,2,2,6,2,Returning_Visitor,False,False
4,151.0,0,10.62,30,1303.68,0.0,0.01,28.4,0.0,Sep,2,2,2,2,Returning_Visitor,True,True
0,0.0,0,0.0,3,55.0,0.05,0.11,0.13,0.01,May,3,5,1,3,Returning_Visitor,False,False
3,143.11,0,0.0,9,319.0,0.0,0.02,0.0,0.0,Mar,1,1,1,1,Returning_Visitor,False,False
0,0.0,0,0.0,80,3279.41,0.03,0.04,0.0,0.4,May,2,4,7,3,Returning_Visitor,False,False
0,0.0,0,1.63,3,22.0,0.0,0.06,0.0,0.6,Feb,1,2,3,1,Returning_Visitor,False,False
0,0.0,2,1.56,4,145.0,0.0,0.04,0.23,0.0,May,1,8,4,2,Returning_Visitor,True,False
1,6.0,0,3.39,97,1643.37,0.01,0.02,11.49,0.0,Jul,2,2,9,1,Returning_Visitor,False,False
0,0.0,0,0.0,18,490.3,0.01,0.02,0.0,0.0,Sep,2,2,1,13,Returning_Visitor,False,False
0,0.74,0,0.0,12,190.25,0.03,0.05,0.0,0.0,May,2,2,1,13,Returning_Visitor,False,False
12,47.38,1,22.2,154,7835.87,0.0,0.02,0.0,0.0,May,3,2,1,2,Returning_Visitor,False,False
1,42.94,0,1.48,1,74.6,0.1,0.1,0.6,0.0,Oct,2,2,1,1,Returning_Visitor,False,False
3,8.7,2,100.8,11,347.4,0.0,0.02,0.0,0.0,Nov,3,2,4,1,Returning_Visitor,False,True
7,146.15,1,17.33,25,874.58,0.0,0.01,2.81,0.0,May,2,5,2,2,Returning_Visitor,True,True
0,0.0,0,0.0,5,112.0,0.0,0.02,0.0,0.0,May,2,2,4,1,Returning_Visitor,True,False
0,0.0,0,3.51,1,0.0,0.13,0.2,0.43,0.0,Nov,8,5,3,3,Returning_Visitor,False,False
3,83.0,0,3.61,15,605.89,0.0,0.01,0.0,0.0,Mar,1,1,3,2,Returning_Visitor,True,False
0,0.0,0,0.0,5,99.0,0.0,0.06,0.58,0.0,Nov,2,4,1,3,Returning_Visitor,False,False
3,79.0,0,0.0,49,1272.92,0.0,0.02,8.52,0.0,Mar,2,1,2,2,Returning_Visitor,False,False
3,65.5,0,0.0,23,1717.36,0.0,0.04,0.03,0.0,Nov,2,5,3,2,Returning_Visitor,True,True
3,201.15,0,0.0,17,506.18,0.0,0.01,0.23,0.0,Dec,1,8,3,3,New_Visitor,False,False
0,0.75,0,0.0,5,48.18,0.08,0.07,0.0,0.0,May,1,1,1,2,Returning_Visitor,False,False
3,15.42,6,4.27,8,143.33,0.01,0.05,0.0,0.0,Nov,1,2,4,2,Returning_Visitor,False,False
1,0.62,0,0.0,22,684.08,0.0,0.03,0.13,0.0,Mar,2,2,2,3,Returning_Visitor,False,False
5,144.31,1,123.5,46,1610.78,0.0,0.02,4.65,0.01,Dec,3,2,3,2,Returning_Visitor,False,False
8,145.09,0,0.0,43,2088.44,0.0,0.02,54.08,0.0,May,4,2,3,3,Returning_Visitor,False,True
0,0.0,0,2.04,4,86.84,0.0,0.1,0.0,0.0,Mar,2,2,3,1,Returning_Visitor,False,False
0,0.0,0,0.0,17,1708.05,0.0,0.02,0.0,0.8,May,2,2,1,2,Returning_Visitor,False,False
0,0.0,0,5.41,4,135.25,0.0,0.03,0.0,0.0,Nov,2,2,1,2,Returning_Visitor,False,False
3,165.92,2,150.5,46,3127.08,0.01,0.02,5.14,0.0,May,1,1,3,2,Returning_Visitor,False,False
0,0.0,0,12.53,19,1527.61,0.04,0.08,0.0,1.0,May,3,2,1,4,Returning_Visitor,True,False
1,0.0,0,10.92,4,396.66,0.0,0.05,0.07,0.0,Dec,3,2,1,20,Returning_Visitor,False,False
2,4.47,0,0.0,32,1528.38,0.0,0.03,17.7,1.0,May,1,1,1,4,New_Visitor,True,True
0,0.0,0,2.46,5,207.51,0.0,0.04,0.03,0.01,May,1,1,1,1,Returning_Visitor,False,False
0,0.0,0,0.0,7,143.0,0.0,0.04,0.26,0.0,Nov,2,5,2,2,Returning_Visitor,False,False
1,10.0,1,0.0,49,2124.73,0.0,0.01,0.0,0.0,Mar,2,2,2,1,Returning_Visitor,False,False
2,44.05,1,584.0,25,1161.77,0.02,0.04,3.92,0.0,May,1,2,7,2,Returning_Visitor,True,False
8,141.78,0,0.0,49,4304.37,0.01,0.03,0.81,0.0,Aug,2,1,1,2,Returning_Visitor,False,False
0,0.0,0,0.0,1,83.53,0.2,0.2,0.0,0.0,May,2,2,4,3,New_Visitor,False,False
5,487.5,0,0.0,11,500.0,0.0,0.02,0.58,0.0,Dec,1,8,3,1,New_Visitor,False,False
2,118.0,0,1.68,4,42.0,0.04,0.07,0.48,0.0,Mar,3,2,7,1,Returning_Visitor,False,False
0,2.21,2,82.5,25,1065.69,0.02,0.06,0.0,0.0,Dec,1,2,6,3,Returning_Visitor,False,False
3,52.0,1,17.67,18,1714.77,0.0,0.01,0.19,0.0,Mar,2,2,1,2,New_Visitor,False,False
0,0.0,0,3.94,5,56.33,0.0,0.01,0.0,1.0,May,2,2,1,4,Returning_Visitor,True,False
3,17.2,0,0.0,48,781.56,0.01,0.02,0.0,0.0,Oct,1,1,3,2,Returning_Visitor,False,False
0,0.0,0,0.0,14,1501.0,0.09,0.08,0.0,0.0,May,3,2,4,4,Returning_Visitor,False,False
0,0.0,0,0.0,7,108.25,0.0,0.03,0.22,0.0,Dec,2,1,1,2,New_Visitor,True,False
5,108.67,1,34.25,32,14505.73,0.0,0.02,0.17,0.0,Nov,3,2,3,3,Returning_Visitor,False,False
3,28.95,5,124.27,10,239.7,0.0,0.0,0.0,0.0,Sep,2,2,5,2,New_Visitor,False,False
0,0.0,1,64.86,82,1554.36,0.0,0.01,0.1,0.0,Mar,3,3,2,10,Returning_Visitor,False,True
4,31.0,4,106.0,37,825.14,0.02,0.04,0.0,0.0,Nov,2,2,3,2,Returning_Visitor,True,False
0,0.0,0,68.5,58,1634.2,0.0,0.03,0.93,0.0,June,3,2,3,6,Returning_Visitor,False,False
1,0.0,0,13.4,49,725.53,0.0,0.01,0.0,0.0,Sep,2,2,2,2,New_Visitor,False,False
1,28.0,0,9.08,115,1822.01,0.0,0.01,0.0,0.0,May,2,2,2,2,Returning_Visitor,False,False
1,86.5,0,1.95,10,273.75,0.02,0.05,0.0,0.0,Nov,1,1,2,8,Returning_Visitor,False,True
7,101.08,0,0.0,43,349.12,0.0,0.02,39.42,0.0,Aug,2,4,3,4,Returning_Visitor,False,False
10,8.68,2,158.0,41,73.21,0.01,0.02,0.53,0.0,May,1,1,1,2,Returning_Visitor,False,False
0,0.0,0,0.0,4,25.0,0.15,0.16,0.03,0.65,May,2,5,3,3,Returning_Visitor,False,False
3,39.58,0,0.0,115,2547.72,0.0,0.01,11.57,0.0,Nov,2,2,4,10,Returning_Visitor,False,True
0,1.16,2,31.0,3,47.0,0.04,0.08,0.0,0.0,Mar,1,1,6,1,Returning_Visitor,True,False
4,189.67,0,0.0,27,687.5,0.0,0.01,0.05,0.0,Dec,2,2,3,2,New_Visitor,False,False
3,144.86,0,0.0,4,97.6,0.0,0.02,0.0,0.0,Nov,3,2,7,6,New_Visitor,False,False
0,0.0,0,20.24,19,283.5,0.0,0.03,0.0,0.35,May,2,4,1,6,Returning_Visitor,False,False
0,0.0,0,4.77,10,421.6,0.0,0.01,0.0,0.0,May,1,1,1,4,Returning_Visitor,False,False
0,1.59,1,14.0,47,7181.88,0.01,0.02,0.0,0.0,Nov,2,2,1,2,Returning_Visitor,False,False
8,671.08,0,0.0,47,1403.83,0.0,0.0,37.06,0.0,Nov,2,2,3,2,Returning_Visitor,False,True
10,47.14,1,0.0,7,2645.83,0.0,0.02,2.78,0.6,May,3,2,1,3,Returning_Visitor,False,False
9,146.3,4,137.82,7,197.07,0.01,0.01,0.0,0.0,May,2,5,1,2,Returning_Visitor,False,False
1,585.5,0,0.0,49,1702.41,0.0,0.01,11.28,0.0,Nov,2,2,2,2,Returning_Visitor,False,True
0,0.0,0,0.0,1,60.69,0.17,0.2,0.06,0.0,Nov,2,4,3,3,Returning_Visitor,False,False
3,36.68,3,66.0,20,374.42,0.03,0.08,0.0,0.0,Dec,3,2,1,13,Returning_Visitor,False,False
0,0.0,0,0.0,1,0.0,0.2,0.2,0.0,0.0,Dec,1,2,3,1,Returning_Visitor,False,False
0,0.94,0,0.0,11,267.57,0.0,0.01,7.69,0.0,Oct,2,2,1,3,New_Visitor,False,True
0,0.76,0,1.74,10,243.2,0.02,0.06,0.11,0.0,Mar,2,2,4,1,Returning_Visitor,False,False
0,0.0,0,0.0,3,275.0,0.04,0.05,32.9,0.0,Oct,3,2,2,2,Returning_Visitor,False,True
2,101.91,0,0.0,11,881.22,0.0,0.02,0.0,0.0,Mar,2,2,1,3,Returning_Visitor,False,False
8,133.4,0,0.0,47,2666.07,0.0,0.02,17.06,0.0,Mar,1,1,4,2,Returning_Visitor,False,False
0,0.0,0,0.0,17,1830.07,0.01,0.06,0.07,0.0,Dec,1,1,3,1,Returning_Visitor,True,False
0,15.79,0,0.0,25,701.88,0.0,0.02,0.0,0.0,Sep,2,2,1,2,Returning_Visitor,False,False
1,0.0,0,0.0,20,1340.43,0.01,0.06,0.14,0.0,June,1,1,6,4,Returning_Visitor,False,False
0,0.69,0,0.0,15,421.5,0.0,0.03,0.0,0.6,May,3,2,1,3,Returning_Visitor,False,False
0,0.0,0,0.0,40,1052.91,0.04,0.08,0.03,0.0,June,2,2,3,4,Returning_Visitor,False,False
0,0.0,0,0.0,28,1714.35,0.07,0.07,0.02,0.19,May,1,5,1,1,Returning_Visitor,False,False
3,54.0,4,32.0,37,46.0,0.0,0.03,0.0,0.0,Sep,1,1,1,5,New_Visitor,False,False
3,137.29,0,1.74,48,1203.1,0.02,0.04,0.0,0.17,Nov,4,2,3,11,Returning_Visitor,False,False
7,45.72,3,42.0,46,582.21,0.0,0.02,6.4,0.0,May,2,2,4,4,Returning_Visitor,True,False
7,194.08,1,71.25,12,446.25,0.0,0.02,0.0,0.0,Dec,2,2,1,2,Returning_Visitor,False,False
0,0.0,0,2.15,18,491.58,0.0,0.01,45.97,0.01,Dec,3,2,4,2,New_Visitor,False,True
0,0.0,0,1.44,1,0.0,0.2,0.18,0.0,0.0,Jul,3,2,1,1,Returning_Visitor,False,False
5,145.87,0,0.0,49,841.0,0.01,0.01,64.72,0.0,Nov,2,2,1,1,Returning_Visitor,False,True
0,0.0,0,0.0,10,103.0,0.02,0.03,0.64,0.0,May,2,2,1,6,Returning_Visitor,False,False
0,0.0,0,0.0,37,1669.56,0.01,0.05,0.01,0.0,May,3,2,3,1,Returning_Visitor,False,False
3,35.0,3,80.69,290,11240.98,0.0,0.02,0.0,0.0,Nov,3,2,1,13,Returning_Visitor,True,False
0,0.0,0,0.0,49,506.93,0.0,0.01,0.0,0.0,Mar,3,2,1,1,Returning_Visitor,True,False
4,223.75,3,165.0,41,1580.45,0.01,0.04,10.23,0.0,Nov,1,1,1,2,Returning_Visitor,False,False
4,28.5,0,0.0,20,500.5,0.0,0.03,1.55,0.01,May,4,1,2,1,Returning_Visitor,True,False
3,1172.0,0,0.0,19,1733.89,0.0,0.04,0.0,0.0,Dec,2,2,3,1,Returning_Visitor,False,False
0,0.0,0,3.45,4,47.5,0.0,0.05,2.93,0.0,Nov,2,5,1,2,Returning_Visitor,False,False
0,0.0,0,0.0,7,64.0,0.0,0.01,0.0,0.0,Mar,2,2,1,3,Returning_Visitor,False,False
0,3.67,0,1.41,1,176.21,0.2,0.18,0.65,0.0,Dec,1,1,4,1,Returning_Visitor,True,False
2,15.69,3,80.6,53,1693.73,0.03,0.05,0.0,0.0,Aug,2,2,7,1,Returning_Visitor,False,False
0,0.0,0,0.0,5,203.01,0.04,0.1,0.0,0.0,May,3,2,3,3,Returning_Visitor,True,False
0,0.0,0,0.0,3,215.71,0.0,0.1,0.0,0.0,May,2,2,1,1,Returning_Visitor,True,False
4,133.8,0,0.0,10,299.5,0.03,0.06,0.83,0.01,Jul,1,8,4,2,Returning_Visitor,False,False
0,0.0,0,7.66,29,438.87,0.0,0.02,0.05,0.0,Mar,4,2,1,1,Returning_Visitor,True,False
0,0.0,0,0.0,52,2529.17,0.02,0.06,0.04,0.4,May,2,8,8,3,Returning_Visitor,False,False
1,22.0,0,2.33,4,5.0,0.0,0.07,0.0,0.0,May,3,2,3,4,Returning_Visitor,False,False
0,0.0,0,2.83,1,0.0,0.2,0.01,0.05,0.6,May,2,4,7,6,Returning_Visitor,False,False
0,0.99,0,0.0,46,1615.77,0.01,0.01,0.0,0.0,May,3,2,6,13,Returning_Visitor,False,False
3,45.5,0,0.0,13,276.31,0.0,0.03,0.0,0.0,Nov,2,2,1,2,New_Visitor,False,False
0,0.0,0,0.0,48,616.5,0.0,0.01,0.0,0.0,Nov,3,3,1,3,New_Visitor,False,False
1,0.91,0,4.12,49,835.58,0.01,0.02,0.0,0.0,Nov,2,2,1,2,Returning_Visitor,True,False
2,15.0,0,0.0,11,620.5,0.05,0.09,0.0,0.0,Nov,2,2,1,3,Returning_Visitor,False,False
0,0.0,0,2.42,40,694.02,0.0,0.02,0.0,0.0,Dec,2,2,3,2,New_Visitor,False,False
8,102.0,0,0.0,9,374.0,0.02,0.04,0.0,0.0,May,3,2,3,2,Returning_Visitor,True,False
3,122.0,0,0.0,15,225.87,0.0,0.03,0.0,0.0,Dec,2,2,1,3,New_Visitor,False,False
4,37.5,2,82.0,4,96.62,0.0,0.02,0.0,0.0,Nov,2,2,8,2,New_Visitor,False,False
0,0.0,0,0.0,5,234.97,0.0,0.03,0.07,0.01,May,2,2,1,13,Returning_Visitor,False,False
0,0.0,0,0.0,3,40.4,0.0,0.07,0.14,0.0,June,2,2,1,4,Returning_Visitor,True,False
0,0.0,0,0.0,19,470.92,0.01,0.04,0.0,0.0,Mar,2,2,3,3,Returning_Visitor,False,False
0,0.0,0,0.0,21,192.9,0.06,0.1,0.0,0.0,Jul,1,1,1,3,Returning_Visitor,True,False
0,0.0,0,1.78,2,22.0,0.05,0.07,0.0,0.0,Dec,3,2,7,20,Returning_Visitor,False,False
0,0.0,0,0.0,5,239.0,0.0,0.06,0.1,0.0,Mar,2,2,9,1,Returning_Visitor,False,False
0,0.94,0,0.0,2,222.0,0.0,0.1,0.46,0.0,Feb,2,6,1,3,Returning_Visitor,False,False
0,2.93,0,0.0,3,923.86,0.0,0.07,0.0,0.0,Mar,4,1,1,1,Returning_Visitor,False,False
1,27.5,0,0.0,37,1673.59,0.02,0.06,0.0,0.0,Nov,2,2,3,10,New_Visitor,True,False
0,0.0,0,0.0,4,22.0,0.05,0.1,0.0,0.0,Mar,2,4,6,3,Returning_Visitor,True,False
3,52.4,0,4.07,48,1484.36,0.0,0.01,0.0,0.0,Aug,1,1,1,5,Returning_Visitor,True,False
3,17.95,1,6.0,38,268.45,0.0,0.02,0.0,0.0,Oct,2,2,1,2,Returning_Visitor,False,True
0,1.55,0,0.0,2,58.6,0.0,0.1,0.0,0.0,Mar,3,2,1,1,Returning_Visitor,False,False
1,0.95,0,0.0,24,629.2,0.02,0.04,0.36,0.0,Aug,1,1,2,3,Returning_Visitor,True,False
3,123.0,0,0.0,8,371.67,0.0,0.01,0.0,0.0,Mar,3,2,4,2,New_Visitor,False,False
0,0.69,0,1.62,4,74.49,0.11,0.13,0.0,0.0,Jul,2,2,4,1,Returning_Visitor,False,False
0,0.0,0,0.0,46,1716.59,0.0,0.02,0.0,0.0,Nov,2,2,3,2,Returning_Visitor,True,True
2,21.25,0,0.0,15,305.21,0.0,0.01,0.0,0.0,Nov,2,4,7,2,Returning_Visitor,False,False
0,0.0,0,3.08,15,301.44,0.0,0.02,40.4,0.0,Nov,2,2,9,2,Returning_Visitor,False,True
3,145.71,0,0.0,20,28.2,0.0,0.02,55.9,0.0,Sep,1,2,3,2,New_Visitor,False,False
0,0.0,0,4.32,11,761.41,0.02,0.05,0.0,0.0,Dec,2,2,1,2,Returning_Visitor,True,False
2,46.5,1,75.4,49,3309.45,0.01,0.02,0.0,0.0,Nov,3,2,1,13,Returning_Visitor,True,True
3,128.12,4,134.5,93,2697.18,0.0,0.02,14.67,0.0,May,2,2,1,2,Returning_Visitor,False,False
1,3.0,0,0.0,12,543.0,0.0,0.01,0.0,0.0,Dec,2,2,1,2,New_Visitor,False,False
11,28.92,4,208.67,44,1813.25,0.0,0.01,30.61,0.0,Nov,1,2,1,3,Returning_Visitor,False,True
0,0.0,0,2.07,12,211.95,0.09,0.07,0.1,0.8,May,3,2,3,13,Returning_Visitor,False,False
0,0.0,0,3.15,42,1539.98,0.0,0.03,0.0,0.4,May,2,2,1,11,Returning_Visitor,False,False
7,141.85,0,0.0,48,778.97,0.0,0.0,37.92,0.0,Aug,2,2,6,2,New_Visitor,False,True
4,143.0,1,20.5,31,386.15,0.0,0.02,64.6,0.0,Mar,1,1,7,8,Returning_Visitor,False,True
0,0.0,0,0.0,12,1012.2,0.0,0.05,0.0,0.01,Jul,2,2,7,2,Returning_Visitor,False,False
0,0.0,0,1.91,8,101.83,0.0,0.06,0.0,0.0,Nov,2,2,3,2,Returning_Visitor,False,False
0,1.87,0,1.69,4,91.91,0.1,0.18,0.2,0.0,Nov,1,1,1,1,Returning_Visitor,False,False
4,47.83,0,0.0,69,1716.11,0.0,0.01,0.04,0.0,Nov,2,2,8,2,New_Visitor,False,False
4,143.07,0,6.5,74,1218.31,0.0,0.01,0.0,0.0,Aug,2,2,1,1,Returning_Visitor,True,False
2,7.0,0,0.0,10,75.0,0.04,0.11,0.0,0.0,Mar,2,2,1,1,Returning_Visitor,False,False
0,0.0,0,0.0,4,48.0,0.0,0.03,0.0,0.0,Mar,2,2,5,1,Returning_Visitor,True,False
3,164.47,0,0.0,3,26.7,0.02,0.03,0.0,0.0,Dec,3,2,4,8,New_Visitor,True,False
0,0.0,0,3.87,4,81.0,0.0,0.06,0.0,0.25,May,2,4,2,4,Returning_Visitor,False,False
0,0.0,0,0.0,19,160.5,0.05,0.04,0.0,0.8,May,2,2,4,6,Returning_Visitor,False,False
3,121.0,0,8.4,30,1906.48,0.01,0.03,0.07,0.0,May,2,2,3,2,Returning_Visitor,False,False
0,0.0,0,0.0,21,1041.73,0.01,0.03,0.0,0.0,Nov,3,2,8,1,Returning_Visitor,False,False
3,129.06,0,0.0,20,1610.16,0.0,0.01,0.0,0.0,May,2,2,2,3,Returning_Visitor,False,False
0,0.0,0,0.0,38,1372.0,0.0,0.02,0.0,0.0,Mar,2,2,1,2,Returning_Visitor,False,False
8,146.53,0,0.0,49,3739.64,0.0,0.01,2.55,0.0,Oct,2,2,3,2,Returning_Visitor,False,False
0,0.0,0,0.0,8,139.0,0.0,0.05,0.14,0.0,May,2,4,3,2,Returning_Visitor,False,False
2,78.65,0,0.0,117,1386.16,0.01,0.04,2.43,0.0,Jul,2,2,1,1,Returning_Visitor,False,True
0,1.66,0,0.0,16,223.84,0.06,0.1,0.0,0.0,June,2,2,7,1,Returning_Visitor,False,False
0,16.6,1,18.47,32,783.21,0.0,0.01,0.37,0.0,Jul,2,4,2,2,New_Visitor,False,True
0,0.0,0,0.0,31,2767.62,0.01,0.01,0.4,0.0,Nov,2,2,9,2,Other,False,True
2,32.0,2,1150.0,58,6327.47,0.01,0.04,2.48,0.17,May,2,2,3,3,Returning_Visitor,False,False
0,0.64,0,1.69,11,223.56,0.03,0.06,0.05,0.0,May,2,2,1,3,Returning_Visitor,False,False
3,0.0,0,0.0,11,660.8,0.0,0.0,56.39,0.0,June,2,2,6,1,New_Visitor,False,True
0,0.0,1,339.52,49,1198.75,0.0,0.0,0.0,0.0,Mar,2,4,7,2,Returning_Visitor,False,False
0,0.0,0,4.42,8,100.0,0.0,0.03,0.0,0.0,Mar,2,2,7,1,Returning_Visitor,False,False
0,0.0,0,0.0,6,202.0,0.0,0.03,0.0,0.0,Dec,2,2,1,2,New_Visitor,False,False
0,1.0,0,2.8,14,221.5,0.0,0.01,0.0,0.0,May,2,2,1,2,Returning_Visitor,False,False
0,0.0,0,9.55,12,475.02,0.0,0.01,0.28,0.01,Nov,1,1,1,10,New_Visitor,False,False
0,1.77,0,0.0,18,496.94,0.0,0.03,0.0,0.44,May,3,2,3,13,Returning_Visitor,False,False
4,122.25,0,0.0,40,2007.52,0.01,0.02,0.0,0.0,Nov,1,1,4,2,Returning_Visitor,False,False
1,15.0,0,3.66,29,1714.4,0.02,0.05,0.0,0.0,May,2,5,1,2,Returning_Visitor,False,False
0,0.0,0,0.0,11,1390.17,0.01,0.01,0.0,0.0,Mar,1,1,1,3,Returning_Visitor,True,False
0,0.0,0,3.15,12,1435.95,0.06,0.06,0.0,0.0,Jul,2,2,6,13,Returning_Visitor,False,False
0,0.0,1,44.0,41,1089.75,0.0,0.01,0.0,0.0,Mar,2,2,3,2,Returning_Visitor,False,False
6,146.0,0,0.0,18,843.02,0.0,0.02,9.54,0.0,Sep,2,2,1,2,Returning_Visitor,False,False
0,0.92,0,0.0,7,180.0,0.03,0.06,0.0,0.6,May,2,2,1,4,Returning_Visitor,False,False
13,38.51,3,47.75,12,1458.99,0.02,0.02,11.4,0.01,May,1,1,1,3,New_Visitor,False,False
0,0.0,0,1.62,7,1688.68,0.0,0.03,0.0,0.0,Mar,1,1,1,10,Returning_Visitor,False,False
3,76.75,1,0.0,49,1100.92,0.01,0.02,11.55,0.0,May,2,2,1,2,Returning_Visitor,False,False
1,141.37,0,0.0,19,1701.72,0.02,0.03,0.0,0.0,Mar,2,2,2,10,Returning_Visitor,False,False
1,2.0,1,92.68,77,1715.16,0.0,0.03,0.0,0.0,Dec,2,2,1,2,Returning_Visitor,False,True
0,0.0,0,0.0,52,1710.51,0.0,0.01,0.0,0.0,Dec,2,2,4,2,Returning_Visitor,False,False
3,14.75,0,0.0,38,609.35,0.0,0.02,0.0,0.0,Dec,2,2,1,2,New_Visitor,False,False
6,67.4,0,0.0,7,217.76,0.01,0.03,0.7,0.01,May,2,2,4,7,Returning_Visitor,True,False
2,11.0,0,0.0,48,2562.08,0.0,0.01,0.21,0.0,May,2,5,7,4,Returning_Visitor,False,False
6,77.5,0,0.0,71,1361.78,0.0,0.01,0.0,0.0,Feb,2,2,4,2,Returning_Visitor,False,False
1,128.47,1,21.8,78,3621.61,0.0,0.01,1.06,0.0,Jul,2,4,1,3,Returning_Visitor,False,False
0,0.0,0,4.24,3,52.5,0.07,0.1,0.0,0.0,Dec,3,2,3,3,Returning_Visitor,False,False
0,0.0,0,2.52,49,2347.72,0.03,0.06,0.0,0.19,May,3,2,1,13,Returning_Visitor,False,False
1,27.0,0,22.0,32,408.25,0.0,0.01,0.0,0.0,May,4,1,1,4,Returning_Visitor,False,False
0,0.0,0,12.56,16,641.5,0.0,0.04,2.41,0.0,May,4,1,7,1,Returning_Visitor,False,False
0,0.0,0,0.0,12,541.5,0.05,0.08,0.4,0.0,May,2,2,4,1,Returning_Visitor,False,False
6,71.5,0,0.0,47,1532.2,0.0,0.02,9.6,0.0,Nov,2,2,1,1,Returning_Visitor,False,True
4,120.5,0,0.0,66,3960.65,0.0,0.01,0.04,0.0,Nov,2,2,1,2,Returning_Visitor,False,False
3,11.0,0,3.58,5,71.0,0.0,0.04,0.0,0.0,Mar,2,2,6,3,Returning_Visitor,False,False
4,149.5,3,56.5,10,368.0,0.0,0.01,0.0,0.0,May,3,2,8,2,Returning_Visitor,False,False
11,251.31,2,1655.4,46,1249.05,0.0,0.01,11.63,0.01,May,3,2,1,2,Returning_Visitor,True,False
0,0.0,1,4.59,24,657.67,0.01,0.03,0.0,0.8,May,3,2,1,3,Returning_Visitor,False,False
1,0.0,0,2.13,3,178.5,0.0,0.07,8.05,0.0,Nov,2,6,2,1,Returning_Visitor,False,False
5,169.98,4,106.0,43,4792.38,0.0,0.01,41.56,0.0,Nov,3,2,1,1,Returning_Visitor,False,True
0,1.31,0,0.0,9,463.4,0.0,0.02,3.67,0.0,Oct,3,2,1,2,New_Visitor,False,False
0,0.0,1,1210.4,5,366.67,0.0,0.01,4.24,0.0,Mar,2,2,1,8,Returning_Visitor,False,False
1,24.5,0,0.0,47,1330.38,0.0,0.02,0.0,0.0,Dec,2,2,7,8,New_Visitor,False,False
0,0.0,0,0.0,22,266.17,0.01,0.02,0.0,0.0,Oct,2,4,1,3,Returning_Visitor,True,False
0,0.0,0,0.0,1,24.0,0.0,0.06,0.0,0.0,May,1,1,4,3,Returning_Visitor,True,False
3,142.79,0,0.0,11,1646.37,0.0,0.03,0.0,0.0,June,2,2,7,1,Returning_Visitor,False,False
0,0.0,0,0.0,27,1708.47,0.01,0.03,0.0,0.0,Aug,3,2,7,6,Returning_Visitor,False,False
3,314.5,0,0.0,22,2837.17,0.0,0.01,0.48,0.0,May,2,4,2,2,Returning_Visitor,False,False
9,52.84,2,98.82,54,2802.37,0.01,0.03,16.97,0.0,May,3,2,1,2,Returning_Visitor,False,False
3,65.0,0,5.04,5,1248.0,0.0,0.01,0.0,0.0,Nov,1,2,8,6,New_Visitor,False,False
1,0.0,0,0.0,10,400.43,0.04,0.05,0.0,0.0,Jul,3,2,4,1,Returning_Visitor,False,False
0,0.0,0,0.0,16,1544.96,0.01,0.05,0.0,0.0,May,1,1,1,3,Returning_Visitor,False,False
0,1.19,0,4.04,37,1065.26,0.02,0.05,0.13,0.0,Dec,1,1,8,1,Returning_Visitor,True,False
3,5.46,0,0.0,7,25.8,0.0,0.02,0.0,0.0,May,1,1,3,4,New_Visitor,False,False
4,82.47,0,2.17,12,153.9,0.0,0.02,0.0,0.0,Jul,3,2,6,4,Returning_Visitor,False,True
0,0.0,1,18.0,85,1736.45,0.0,0.06,0.0,0.6,May,2,2,2,2,Returning_Visitor,False,False
0,0.0,0,2.11,1,35.37,0.2,0.2,0.0,0.0,Dec,1,1,1,3,Returning_Visitor,False,False
3,115.06,2,385.0,53,1609.99,0.0,0.03,10.78,0.02,May,2,2,7,2,Returning_Visitor,True,False
1,120.5,0,0.0,75,1702.1,0.0,0.02,0.0,0.0,Dec,2,2,1,1,Returning_Visitor,False,False
0,0.97,0,1.82,5,19.0,0.0,0.08,0.0,0.45,May,2,2,1,3,Returning_Visitor,False,False
0,0.0,2,499.0,12,755.0,0.0,0.08,71.49,0.0,May,2,5,2,2,Returning_Visitor,False,True
3,140.42,0,0.0,6,892.0,0.0,0.02,0.59,0.0,Mar,3,2,3,1,Returning_Visitor,True,False
8,160.5,2,11.37,47,1167.32,0.0,0.02,0.0,0.0,Dec,2,2,3,1,Returning_Visitor,False,False
0,3.12,0,5.06,3,497.93,0.0,0.02,0.04,0.0,Mar,2,2,7,11,Returning_Visitor,True,False
0,0.0,0,0.0,6,1183.2,0.03,0.07,1.35,0.0,Oct,2,6,2,1,Returning_Visitor,False,False
0,0.0,0,0.0,7,200.35,0.03,0.04,0.07,0.0,Dec,3,2,1,20,Returning_Visitor,False,False
2,144.26,0,2.41,11,294.0,0.0,0.01,0.0,0.0,Dec,1,1,3,8,New_Visitor,True,False
0,13.0,1,177.24,16,1121.16,0.0,0.02,0.0,0.0,May,1,1,1,1,Returning_Visitor,False,False
2,145.64,0,0.0,37,1238.5,0.01,0.02,0.0,0.0,Mar,2,2,1,2,New_Visitor,False,False
2,109.0,0,0.0,35,1516.25,0.0,0.04,0.0,0.0,Dec,2,2,1,2,Returning_Visitor,False,False
0,0.0,0,4.64,16,824.23,0.01,0.05,0.02,0.0,Dec,2,2,3,2,Returning_Visitor,False,True
3,138.02,0,0.0,70,1438.71,0.01,0.03,0.0,0.0,Jul,2,2,7,1,Returning_Visitor,False,False
2,61.48,0,0.0,40,797.0,0.01,0.01,10.21,0.0,Oct,2,2,3,2,Returning_Visitor,False,False
4,146.27,1,0.0,28,707.91,0.0,0.02,0.0,0.0,Sep,1,1,3,2,Returning_Visitor,False,False
1,0.0,0,2.84,12,136.17,0.0,0.01,0.0,0.02,Mar,2,2,5,1,Returning_Visitor,True,False
0,0.0,0,0.0,6,81.67,0.0,0.07,0.0,0.0,Dec,2,2,7,2,Returning_Visitor,True,False
1,64.5,0,0.0,41,1705.51,0.0,0.02,0.0,0.0,Dec,2,2,1,2,New_Visitor,False,False
6,155.0,0,0.0,49,2566.22,0.0,0.01,10.44,0.0,Mar,2,2,7,2,Returning_Visitor,False,False
3,14.0,0,0.0,13,986.35,0.01,0.04,0.0,0.0,Mar,1,1,1,2,Returning_Visitor,True,False
2,33.5,0,0.0,108,2270.91,0.01,0.03,0.0,0.0,Nov,2,2,1,3,Returning_Visitor,False,False
6,352.37,0,0.0,13,605.62,0.0,0.01,0.71,0.0,June,2,2,1,2,Returning_Visitor,False,True
5,78.37,2,8.28,36,91.5,0.04,0.06,0.0,0.2,May,2,2,4,6,Returning_Visitor,False,False
0,0.0,0,0.0,48,1654.16,0.0,0.01,0.0,0.0,May,2,2,5,2,Returning_Visitor,False,False
3,1.88,0,377.0,6,117.5,0.05,0.06,0.0,0.4,May,1,1,3,1,Returning_Visitor,False,False
4,699.0,0,0.0,6,261.7,0.0,0.01,0.0,0.0,May,3,2,3,11,New_Visitor,False,False
0,0.0,0,0.0,12,231.75,0.0,0.02,0.48,0.0,Nov,1,1,2,1,Returning_Visitor,False,False
0,0.0,0,0.0,12,206.03,0.04,0.08,0.22,0.0,Nov,3,2,1,3,Returning_Visitor,False,False
1,17.2,0,6.18,11,394.8,0.0,0.03,0.08,0.0,May,2,2,4,13,Returning_Visitor,False,False
4,56.63,7,309.73,58,2026.11,0.02,0.03,0.05,0.0,Aug,2,2,1,1,Returning_Visitor,True,False
0,0.0,0,0.0,9,869.0,0.0,0.02,0.19,0.0,May,2,5,1,2,Returning_Visitor,False,False
8,106.43,2,86.0,56,3408.27,0.03,0.03,11.19,0.0,Nov,1,2,1,2,Returning_Visitor,False,True
1,10.93,0,5.73,39,908.33,0.0,0.01,56.94,0.0,May,2,2,3,2,Returning_Visitor,False,False
3,146.22,0,0.0,27,119.33,0.0,0.02,0.0,0.0,Mar,3,2,6,2,New_Visitor,True,False
3,394.1,4,489.6,40,1190.4,0.0,0.01,17.19,0.0,May,3,2,1,11,Returning_Visitor,False,False
6,90.6,0,0.0,10,384.8,0.0,0.02,0.0,0.0,Aug,1,2,8,2,New_Visitor,True,False
3,37.0,0,0.0,11,17.0,0.0,0.05,0.0,0.0,Mar,3,2,1,2,New_Visitor,True,False
0,1.16,0,7.12,113,5178.53,0.0,0.03,0.0,0.0,Nov,2,2,3,2,Returning_Visitor,False,True
3,66.27,1,348.6,42,207.94,0.03,0.05,11.12,0.0,May,3,2,3,7,Returning_Visitor,False,False
0,1.01,1,5.58,5,219.2,0.01,0.05,0.0,0.0,June,3,2,6,13,Returning_Visitor,False,False
3,142.74,0,2.25,11,224.51,0.0,0.02,0.0,0.0,Dec,2,2,1,2,Returning_Visitor,False,False
0,0.0,0,0.0,11,510.43,0.04,0.07,0.0,0.0,Dec,2,2,1,10,Returning_Visitor,False,False
2,52.91,0,0.0,16,473.28,0.0,0.0,0.0,0.0,Oct,2,2,1,2,New_Visitor,True,False
0,0.0,0,0.0,88,1658.32,0.0,0.01,0.0,0.44,May,2,4,3,2,Returning_Visitor,False,False
5,121.27,0,0.0,12,114.6,0.0,0.01,0.0,0.0,Nov,1,1,1,2,New_Visitor,True,False
9,192.92,2,114.5,42,1394.24,0.0,0.01,63.65,0.0,May,2,2,4,2,Returning_Visitor,False,True
3,0.0,0,0.0,11,225.15,0.02,0.04,0.0,0.0,Nov,2,2,3,3,New_Visitor,False,False
2,138.6,0,0.0,13,155.98,0.0,0.04,0.0,0.0,Dec,2,2,1,2,Returning_Visitor,False,False
0,0.0,0,0.0,18,550.5,0.0,0.03,0.0,0.0,Mar,1,1,1,2,Returning_Visitor,True,False
0,0.0,0,1.57,1,459.57,0.2,0.2,0.0,0.0,May,4,2,1,5,Returning_Visitor,False,False
0,0.0,0,0.0,4,352.0,0.1,0.15,0.0,0.8,May,2,2,1,13,Returning_Visitor,False,False
3,106.5,2,49.5,29,1715.27,0.01,0.02,0.0,0.0,Nov,3,2,4,2,Returning_Visitor,True,False
0,0.0,0,3.3,15,208.36,0.0,0.03,0.09,0.0,Nov,2,2,3,2,Returning_Visitor,False,False
0,0.85,0,0.0,1,0.0,0.2,0.2,0.0,0.0,Mar,2,2,1,3,Returning_Visitor,False,False
3,62.0,0,0.0,30,3815.17,0.0,0.03,0.04,0.0,Nov,2,2,4,2,Returning_Visitor,False,False
3,200.5,0,0.0,49,2656.18,0.0,0.01,11.54,0.0,May,2,2,1,2,Returning_Visitor,False,False
0,0.0,0,0.0,8,600.1,0.0,0.01,4.7,0.0,May,3,2,4,6,New_Visitor,False,False
0,0.0,0,0.0,37,4339.37,0.0,0.04,13.66,0.0,Sep,2,2,4,2,Returning_Visitor,False,False
2,30.0,1,148.5,46,1530.19,0.01,0.01,10.1,0.0,Mar,1,2,1,10,Returning_Visitor,False,False
2,380.43,0,0.0,39,1526.21,0.0,0.01,0.0,0.0,Nov,2,6,7,2,Returning_Visitor,False,False
1,96.22,0,25.75,16,411.94,0.0,0.01,0.25,0.0,Nov,3,2,8,2,New_Visitor,True,False
1,21.2,0,0.0,12,249.41,0.02,0.02,0.0,0.0,Dec,2,2,8,2,Returning_Visitor,True,False
2,0.0,0,0.0,19,601.33,0.0,0.0,52.77,0.0,May,1,1,5,2,New_Visitor,False,True
1,124.04,0,1.87,50,824.67,0.0,0.0,0.15,0.0,May,2,2,2,4,Returning_Visitor,False,False
6,78.75,0,0.0,24,465.73,0.0,0.02,0.0,0.0,Dec,4,2,1,2,New_Visitor,False,False
2,22.0,0,0.0,10,53.83,0.03,0.04,0.8,0.0,Nov,4,2,3,10,Returning_Visitor,True,False
0,0.0,0,0.0,3,167.5,0.0,0.02,0.15,0.2,May,3,2,3,1,Returning_Visitor,False,False
2,40.2,2,26.1,10,215.94,0.0,0.02,0.0,0.0,Oct,2,2,3,3,New_Visitor,False,False
2,0.67,0,0.0,142,4204.43,0.0,0.02,0.77,0.0,Jul,2,2,4,3,Returning_Visitor,False,False
0,0.0,0,0.0,26,1711.29,0.05,0.05,0.0,0.6,May,2,2,2,6,Returning_Visitor,False,False
0,0.0,0,2.75,43,1146.5,0.01,0.04,0.0,0.44,May,2,2,1,4,Returning_Visitor,False,False
1,154.5,0,3.3,9,226.89,0.0,0.01,0.73,0.0,Nov,1,1,2,10,Returning_Visitor,True,False
2,112.48,0,0.0,8,209.23,0.0,0.01,0.0,0.0,Aug,3,2,1,2,New_Visitor,False,True
0,0.0,0,0.0,15,593.75,0.0,0.01,0.12,0.0,Nov,1,2,3,11,Returning_Visitor,True,True
0,0.0,0,0.0,1,361.17,0.2,0.2,0.0,0.0,Dec,1,1,6,2,Returning_Visitor,True,False
2,33.0,0,0.0,9,354.0,0.0,0.02,0.0,0.0,Mar,3,2,1,3,New_Visitor,False,False
0,0.0,5,306.36,26,1740.1,0.0,0.02,0.0,0.0,Nov,2,2,1,2,New_Visitor,True,False
7,146.25,0,0.0,42,1030.27,0.0,0.01,0.0,0.0,Mar,2,2,1,2,New_Visitor,False,False
0,0.0,0,0.0,5,205.27,0.05,0.06,0.0,0.0,Feb,1,1,1,3,Returning_Visitor,False,False
5,135.25,0,0.0,45,794.99,0.01,0.03,33.44,0.0,Dec,1,1,1,2,Returning_Visitor,False,False
0,0.63,0,5.46,11,1716.23,0.02,0.06,0.0,0.02,May,2,2,1,2,Returning_Visitor,True,False
3,244.0,0,0.0,4,142.5,0.0,0.03,0.0,0.0,May,3,2,4,4,Returning_Visitor,False,False
0,0.0,0,0.0,8,883.93,0.0,0.01,0.22,0.0,Nov,2,1,1,2,New_Visitor,True,False
3,0.0,0,0.0,6,415.0,0.0,0.03,0.0,0.4,Feb,1,1,3,2,Returning_Visitor,False,False
0,0.0,2,84.95,43,1555.53,0.04,0.04,4.21,0.0,Jul,1,1,1,3,Returning_Visitor,False,False
5,115.24,0,0.0,29,957.67,0.0,0.0,0.26,0.0,May,2,4,1,3,New_Visitor,False,False
2,5.0,0,5.84,3,85.92,0.05,0.08,0.0,0.8,May,1,1,1,4,Returning_Visitor,False,False
0,0.0,0,0.0,1,53.62,0.2,0.2,0.0,0.0,Mar,1,2,1,1,Returning_Visitor,False,False
5,145.57,0,0.0,6,65.97,0.0,0.03,0.0,0.0,Dec,1,1,3,2,Returning_Visitor,True,False
2,139.24,0,0.0,29,2147.38,0.0,0.01,0.0,0.0,Dec,2,2,7,2,New_Visitor,False,False
0,1.14,0,0.0,2,254.0,0.0,0.1,0.0,0.01,Mar,3,2,4,1,Returning_Visitor,False,False
4,2.26,2,310.37,37,2304.5,0.0,0.0,14.54,0.0,May,2,2,9,2,New_Visitor,False,True
2,20.2,0,0.0,7,201.29,0.0,0.05,0.0,0.0,Oct,2,2,1,1,Returning_Visitor,False,False
0,0.0,0,0.0,1,0.0,0.2,0.09,0.0,0.0,Dec,3,2,4,2,Returning_Visitor,False,False
2,268.08,0,0.0,14,420.25,0.04,0.06,0.0,0.0,Sep,3,2,1,13,Returning_Visitor,True,True
0,0.79,0,0.0,2,0.0,0.15,0.18,0.14,0.0,Nov,2,2,1,3,Returning_Visitor,False,False
0,0.0,0,1.86,2,403.0,0.16,0.15,0.17,0.0,Mar,2,2,3,3,Returning_Visitor,False,False
4,138.61,0,0.0,48,1696.52,0.0,0.01,0.0,0.0,Nov,2,2,9,2,New_Visitor,False,False
0,0.0,0,7.63,48,1714.15,0.03,0.06,0.0,0.0,Dec,3,2,1,3,Returning_Visitor,False,False
3,63.0,2,204.25,20,457.25,0.01,0.01,11.53,0.0,Mar,3,2,7,2,New_Visitor,False,True
0,0.0,0,3.23,7,245.4,0.03,0.08,3.27,0.0,Sep,3,2,3,4,Returning_Visitor,False,False
0,0.0,0,0.0,39,2808.67,0.0,0.01,0.0,0.0,Mar,2,2,1,10,Returning_Visitor,False,False
7,15.44,1,41.0,89,1399.21,0.01,0.03,0.94,0.4,May,3,2,1,6,Returning_Visitor,False,False
0,1.05,0,0.0,8,338.86,0.05,0.11,0.0,0.0,Dec,3,2,1,2,Returning_Visitor,True,False
1,256.5,0,0.0,15,117.25,0.11,0.13,0.05,0.0,Nov,2,2,7,11,Returning_Visitor,True,True
0,0.0,0,0.0,48,2719.73,0.0,0.03,0.0,0.0,Nov,2,2,5,1,Returning_Visitor,False,False
3,50.77,0,0.0,25,812.0,0.0,0.01,0.0,0.0,Mar,2,2,1,1,Returning_Visitor,False,False
3,140.75,2,8.0,16,393.88,0.0,0.02,0.0,0.0,Nov,3,2,3,1,Returning_Visitor,False,False
0,0.0,0,0.0,1,0.0,0.2,0.18,0.0,0.0,Dec,2,2,1,13,Returning_Visitor,False,False
0,0.0,0,9.81,16,203.4,0.0,0.03,0.11,0.0,Dec,2,2,1,2,Returning_Visitor,True,False
0,0.0,0,4.16,16,370.67,0.03,0.05,0.08,0.0,Dec,3,2,2,3,Returning_Visitor,False,False
0,0.68,0,0.0,49,1014.39,0.0,0.01,0.0,0.0,May,2,2,1,13,Returning_Visitor,False,False
0,0.0,0,0.0,6,213.54,0.1,0.11,0.0,0.0,May,1,1,3,4,Returning_Visitor,False,False
9,363.88,0,0.0,29,2351.05,0.02,0.02,0.04,0.0,Nov,2,4,1,2,Returning_Visitor,False,False
5,119.0,0,0.0,49,1143.35,0.0,0.01,0.0,0.0,May,1,1,1,2,Returning_Visitor,False,False
0,0.0,0,0.0,4,34.0,0.1,0.15,0.0,0.0,Mar,3,2,6,1,Returning_Visitor,False,False
0,0.0,0,0.0,3,158.0,0.03,0.03,0.0,0.0,Dec,1,1,1,3,New_Visitor,False,False
0,0.0,0,2.61,12,410.25,0.0,0.02,0.0,0.0,Nov,2,2,3,2,Returning_Visitor,False,False
4,48.67,0,0.0,49,1692.89,0.01,0.03,12.03,0.01,Nov,2,2,3,6,Returning_Visitor,False,False
0,0.0,0,3.36,8,1702.71,0.03,0.06,0.05,0.0,Jul,2,2,9,1,Returning_Visitor,False,False
0,48.35,2,358.6,46,676.27,0.01,0.01,0.0,0.0,Jul,2,2,2,2,New_Visitor,False,False
0,0.0,0,0.0,26,338.23,0.02,0.06,0.0,0.0,Nov,2,2,2,2,Returning_Visitor,True,False
0,0.66,0,1.42,11,187.0,0.03,0.06,0.13,0.0,Mar,2,2,1,1,Returning_Visitor,False,False
2,20.2,0,0.0,16,565.67,0.0,0.01,0.0,0.0,Oct,1,2,2,2,New_Visitor,True,False
0,0.0,0,3.65,47,936.68,0.0,0.02,0.0,0.0,Aug,2,2,5,13,Returning_Visitor,False,False
2,16.0,0,2.34,49,1702.36,0.0,0.01,0.0,0.0,Nov,2,2,1,2,Returning_Visitor,False,False
3,106.71,2,2.56,14,361.23,0.0,0.04,0.0,0.0,Oct,1,1,1,2,Returning_Visitor,True,False
3,124.79,0,2.72,7,829.2,0.0,0.03,0.43,0.0,Nov,2,4,9,2,Returning_Visitor,False,False
0,0.0,0,0.0,1,104.0,0.0,0.1,1.35,0.0,Dec,3,6,4,1,Returning_Visitor,False,False
0,0.0,0,0.0,14,706.5,0.0,0.01,0.0,0.0,Feb,2,2,5,4,Returning_Visitor,True,False
0,0.0,0,0.0,2,33.0,0.0,0.1,1.69,0.0,May,1,8,3,2,Returning_Visitor,False,False
0,0.0,0,2.41,65,1803.58,0.02,0.03,0.08,0.8,May,3,2,6,13,Returning_Visitor,False,False
1,29.2,0,2.65,13,240.28,0.0,0.01,0.0,0.0,Jul,1,1,1,4,Returning_Visitor,False,False
0,0.0,0,2.05,1,0.0,0.2,0.2,0.0,0.0,Dec,2,2,3,13,Returning_Visitor,False,False
3,91.0,0,4.71,16,1280.17,0.0,0.01,16.17,0.0,May,2,4,4,4,New_Visitor,False,True
11,376.5,4,63.0,41,2743.82,0.01,0.02,1.13,0.02,May,1,1,1,3,Returning_Visitor,False,False
0,0.0,0,0.0,14,1539.0,0.02,0.03,0.65,0.0,May,2,5,2,2,Returning_Visitor,False,False
3,145.85,0,3.48,11,92.4,0.0,0.02,0.18,0.0,Jul,2,2,9,2,New_Visitor,False,False
0,0.0,0,0.0,23,373.5,0.02,0.06,0.0,0.0,June,3,2,1,1,Returning_Visitor,False,False
0,0.0,0,1.85,2,0.0,0.2,0.2,0.0,0.0,May,3,2,3,4,Returning_Visitor,True,False
3,145.14,0,0.0,10,355.0,0.0,0.02,0.0,0.0,Dec,2,2,1,2,New_Visitor,False,False
0,0.0,0,0.0,1,0.0,0.2,0.2,0.0,0.0,Dec,2,2,2,1,Returning_Visitor,False,False
0,0.67,0,0.0,2,648.0,0.0,0.07,0.22,0.78,May,1,1,4,1,Returning_Visitor,False,False
0,0.0,0,0.0,1,0.0,0.2,0.2,0.11,0.0,May,2,4,3,2,Returning_Visitor,False,False
1,0.0,0,0.0,6,198.75,0.02,0.02,0.0,0.0,Nov,1,1,7,3,Returning_Visitor,False,False
8,33.54,3,225.33,48,1896.97,0.01,0.03,7.52,0.0,May,1,1,1,1,Returning_Visitor,False,False
5,78.0,0,0.0,21,406.8,0.0,0.01,0.0,0.0,May,2,4,1,3,Returning_Visitor,False,False
3,60.2,0,1.84,12,165.4,0.02,0.04,0.04,0.0,Aug,2,5,3,2,Returning_Visitor,False,False
0,0.0,0,1.65,7,1451.55,0.0,0.03,0.0,0.0,Nov,2,2,2,1,Returning_Visitor,False,False
0,0.0,0,6.91,17,65.0,0.05,0.08,0.0,0.8,May,2,2,1,3,Returning_Visitor,False,False
1,144.74,0,0.0,6,213.7,0.0,0.02,0.0,0.0,Jul,2,2,1,2,New_Visitor,False,True
0,0.0,0,5.05,17,1715.29,0.01,0.05,0.0,0.84,May,2,2,2,6,Returning_Visitor,False,False
3,308.0,0,0.0,54,1306.15,0.0,0.01,0.0,0.0,Mar,2,2,4,1,Returning_Visitor,False,False
1,14.0,0,1.82,7,170.75,0.0,0.03,0.0,0.0,Nov,1,1,1,2,New_Visitor,False,False
3,0.0,0,0.0,8,240.33,0.0,0.03,0.0,0.0,Nov,2,2,4,13,Returning_Visitor,False,False
0,0.0,0,8.96,9,208.58,0.02,0.06,0.02,0.4,May,2,2,3,3,Returning_Visitor,False,False
0,0.0,0,0.0,7,76.0,0.0,0.06,0.04,0.0,May,2,2,1,3,Returning_Visitor,False,False
2,0.0,1,5.0,66,2537.45,0.0,0.02,0.0,0.4,May,2,6,1,3,Returning_Visitor,False,False
0,1.58,0,1.98,9,177.33,0.07,0.09,0.0,0.85,May,3,2,4,1,Returning_Visitor,True,False
1,1.2,0,10.41,1,19.0,0.0,0.06,0.0,0.0,Mar,1,1,3,1,Returning_Visitor,False,False
0,0.0,0,0.0,1,77.64,0.2,0.2,0.0,0.0,Feb,2,3,1,2,Returning_Visitor,True,False
0,0.0,0,2.06,15,248.02,0.03,0.05,0.0,0.6,May,2,2,6,13,Returning_Visitor,False,False
0,0.0,0,4.84,25,1690.98,0.01,0.03,0.0,0.0,Mar,1,1,8,1,Returning_Visitor,False,False
8,143.09,1,49.73,12,309.7,0.01,0.01,2.35,0.0,Sep,3,2,1,3,Returning_Visitor,False,False
0,1.07,0,2.44,10,1764.54,0.03,0.07,0.15,0.0,May,2,2,2,1,Returning_Visitor,False,False
12,238.48,0,0.0,13,269.23,0.01,0.01,0.51,0.0,Nov,2,10,1,2,New_Visitor,False,False
6,19.19,2,62.5,48,1190.42,0.01,0.03,11.55,0.0,May,2,2,1,4,Returning_Visitor,False,False
0,0.83,0,0.0,24,778.17,0.0,0.01,0.02,0.0,Mar,2,2,1,2,Returning_Visitor,False,False
3,83.6,0,2.1,43,1634.89,0.0,0.01,0.18,0.0,Nov,3,2,3,1,Returning_Visitor,False,False
0,5.0,0,0.0,92,1688.06,0.0,0.02,0.75,0.0,May,2,2,1,6,Returning_Visitor,True,False
0,0.0,1,15.09,41,3389.8,0.0,0.05,0.0,0.01,Sep,2,4,3,1,Returning_Visitor,False,False
0,0.0,0,0.0,2,720.19,0.17,0.2,0.0,0.31,May,2,2,2,13,Returning_Visitor,False,False
0,0.0,0,6.04,46,1703.19,0.02,0.04,0.0,0.0,Jul,3,2,8,1,Returning_Visitor,False,False
2,75.0,2,365.18,42,1887.23,0.0,0.03,0.0,0.0,Dec,2,2,8,1,Returning_Visitor,False,False
3,109.43,0,0.0,4,45.0,0.0,0.01,0.31,0.0,May,3,2,3,1,Returning_Visitor,False,False
3,145.43,0,0.0,35,1334.55,0.0,0.01,0.0,0.0,Mar,3,2,4,2,Returning_Visitor,True,False
0,0.0,3,34.0,18,2033.63,0.01,0.03,1.95,0.0,Nov,2,4,9,2,New_Visitor,False,False
3,38.58,2,9.0,7,584.38,0.0,0.06,0.0,0.0,May,1,1,1,2,Returning_Visitor,True,True
3,50.4,0,5.69,49,1463.48,0.0,0.02,24.69,0.0,May,2,2,9,1,Returning_Visitor,False,False
0,0.64,0,1.75,7,82.0,0.0,0.06,0.0,0.0,May,4,1,1,3,Returning_Visitor,False,False
0,0.0,0,0.0,5,530.39,0.0,0.02,0.0,0.0,Mar,2,2,2,10,Returning_Visitor,False,False
0,0.86,0,0.0,16,306.5,0.0,0.02,0.0,0.0,Dec,1,1,4,2,Returning_Visitor,True,False
3,144.56,0,0.0,45,427.17,0.0,0.02,0.06,0.0,Mar,3,2,9,3,Returning_Visitor,False,False
2,53.5,0,2.63,16,329.16,0.0,0.06,0.0,0.0,Dec,2,2,1,2,Returning_Visitor,False,False
1,19.0,0,2.59,17,336.58,0.0,0.03,0.0,0.0,Nov,1,1,1,1,Returning_Visitor,False,False
0,0.0,0,0.0,28,1702.49,0.06,0.08,0.0,0.0,Jul,3,2,3,13,Returning_Visitor,False,False
0,0.0,3,56.0,10,369.0,0.0,0.02,0.0,0.0,Mar,2,1,4,2,New_Visitor,True,False
1,55.53,0,0.0,26,385.0,0.0,0.02,0.0,0.6,May,2,2,3,2,Returning_Visitor,False,False
8,91.68,4,298.33,51,1788.37,0.02,0.01,8.22,0.0,Nov,3,2,1,2,Returning_Visitor,True,True
0,0.0,0,2.13,45,1716.15,0.02,0.03,0.0,0.0,Nov,3,2,1,13,Returning_Visitor,False,False
11,201.84,0,0.0,48,2074.4,0.01,0.02,0.38,0.0,May,2,7,1,2,Returning_Visitor,False,False
0,0.0,0,0.0,16,394.56,0.0,0.02,0.0,0.0,Oct,2,2,1,20,New_Visitor,False,False
0,0.72,0,4.0,8,224.42,0.0,0.05,0.0,0.0,Dec,2,2,1,1,Returning_Visitor,False,False
0,0.0,0,0.0,33,1713.87,0.01,0.03,0.0,0.0,Nov,2,2,1,3,Returning_Visitor,False,False
0,0.0,0,0.0,9,153.2,0.02,0.06,27.89,0.0,Aug,2,2,7,13,Returning_Visitor,False,True
0,0.64,0,1.92,3,164.0,0.0,0.1,0.0,0.01,May,3,2,1,3,Returning_Visitor,False,False
6,206.03,0,0.0,49,3778.34,0.01,0.02,2.17,0.0,Oct,2,2,1,3,Returning_Visitor,False,True
5,46.14,0,0.0,51,1346.63,0.01,0.03,0.0,0.01,Nov,2,2,1,2,Returning_Visitor,True,False
0,0.0,0,0.0,25,421.48,0.0,0.03,22.32,0.0,May,1,1,4,2,Returning_Visitor,False,False
3,6.0,0,2.65,18,199.5,0.02,0.06,0.0,0.4,May,3,2,4,2,Returning_Visitor,False,False
0,0.0,0,0.0,21,530.58,0.02,0.02,0.0,0.0,Nov,3,2,4,3,Returning_Visitor,False,False
3,52.53,0,7.64,16,2059.3,0.0,0.03,8.8,0.01,Jul,2,11,1,13,Returning_Visitor,False,True
0,0.69,0,0.0,48,1621.45,0.0,0.03,11.45,0.0,Nov,1,2,1,3,Returning_Visitor,True,True
0,0.0,0,0.0,11,297.25,0.0,0.02,0.15,0.0,May,2,2,3,1,Returning_Visitor,False,False
3,183.0,0,0.0,190,7227.51,0.0,0.02,0.0,0.0,Nov,2,2,1,2,Returning_Visitor,False,False
0,0.0,0,0.0,23,798.3,0.05,0.06,0.2,0.0,Aug,2,2,5,1,Returning_Visitor,False,False
0,0.0,0,2.22,4,30.0,0.0,0.06,0.0,0.0,Mar,2,2,4,1,Returning_Visitor,False,False
1,53.22,2,134.0,101,5459.97,0.04,0.06,0.0,0.2,May,1,1,1,6,Returning_Visitor,False,False
3,114.48,0,0.0,42,586.19,0.0,0.01,0.05,0.6,May,1,1,1,2,Returning_Visitor,False,False
4,143.14,0,3.6,30,1307.67,0.01,0.04,0.0,0.0,May,2,2,4,2,Returning_Visitor,False,False
0,0.0,0,1.83,4,39.31,0.1,0.15,0.19,0.0,May,2,2,3,3,Returning_Visitor,False,False
3,32.0,0,0.0,50,1593.07,0.0,0.02,10.57,0.0,Mar,2,2,7,9,Returning_Visitor,True,False
3,137.57,2,23.0,22,739.07,0.0,0.02,3.25,0.0,May,3,6,7,6,Returning_Visitor,False,True
3,72.94,2,125.1,17,318.07,0.02,0.03,0.0,0.0,Mar,3,2,8,2,Returning_Visitor,False,False
7,145.06,1,229.8,151,4249.12,0.0,0.04,0.05,0.0,Jul,2,5,3,3,Returning_Visitor,False,False
3,92.64,0,5.16,13,229.99,0.0,0.01,0.0,0.0,Mar,1,1,1,3,New_Visitor,True,False
6,71.38,0,0.0,73,1485.2,0.0,0.01,11.26,0.0,Nov,2,2,7,11,Returning_Visitor,False,True
1,5.07,0,0.0,32,441.6,0.01,0.01,0.0,0.0,Sep,2,2,6,3,New_Visitor,False,False
0,0.0,0,3.03,5,103.0,0.0,0.06,0.0,0.0,Mar,2,2,1,2,Returning_Visitor,False,False
4,83.5,0,0.0,9,430.5,0.0,0.02,0.0,0.0,Mar,2,2,1,2,New_Visitor,False,False
0,0.0,0,2.56,47,902.3,0.0,0.02,0.0,0.0,Nov,1,1,1,3,Returning_Visitor,True,False
2,110.5,1,48.0,5,681.17,0.0,0.03,0.49,0.0,Dec,2,2,1,2,New_Visitor,False,False
3,136.55,2,91.0,60,1548.09,0.01,0.03,22.92,0.0,Nov,1,1,1,2,Returning_Visitor,True,False
8,143.25,3,20.0,84,1854.92,0.0,0.01,3.17,0.0,May,2,2,7,1,Returning_Visitor,False,False
0,0.0,0,3.21,10,203.0,0.0,0.03,0.29,0.0,Mar,3,2,2,3,Returning_Visitor,False,False
0,0.0,1,10.78,41,446.42,0.0,0.03,0.0,0.0,Nov,2,2,1,2,Returning_Visitor,False,False
0,0.0,0,2.0,2,56.44,0.17,0.18,0.0,0.0,Mar,3,2,1,1,Returning_Visitor,True,False
0,0.0,0,1.84,38,708.12,0.04,0.07,0.0,0.4,May,1,1,4,3,Returning_Visitor,False,False
9,132.0,3,109.75,41,1284.66,0.02,0.03,21.22,0.0,May,2,2,1,1,Returning_Visitor,False,False
2,5.0,1,4.81,31,561.09,0.05,0.05,0.0,0.0,Jul,3,2,3,13,Returning_Visitor,False,False
3,0.0,0,0.0,1,35.25,0.0,0.07,0.0,0.0,May,1,1,3,2,Returning_Visitor,False,False
0,0.0,0,0.0,4,89.59,0.01,0.08,0.0,0.01,May,2,2,3,6,Returning_Visitor,False,False
3,143.72,1,7.0,27,916.92,0.0,0.01,0.0,0.0,Nov,1,2,1,8,New_Visitor,True,True
0,2.62,0,2.0,12,155.0,0.07,0.06,0.29,0.0,Nov,4,2,1,1,Returning_Visitor,False,False
3,86.0,0,0.0,12,905.5,0.02,0.03,23.64,0.0,Dec,4,1,1,2,Returning_Visitor,False,True
2,72.5,0,0.0,12,1580.0,0.0,0.02,59.0,0.0,May,2,2,1,2,Returning_Visitor,False,True
1,112.84,0,2.12,34,1694.41,0.01,0.03,0.0,0.0,Nov,1,1,4,1,Returning_Visitor,True,False
0,0.0,0,0.0,30,465.35,0.03,0.04,0.0,0.0,Mar,3,2,6,1,Returning_Visitor,False,False
3,106.8,0,0.0,17,327.54,0.0,0.01,0.0,0.0,Oct,3,2,3,2,New_Visitor,False,False
0,0.0,0,0.0,18,908.47,0.0,0.03,0.0,0.0,Dec,2,2,1,2,New_Visitor,False,False
0,1.92,2,3.46,1,46.0,0.0,0.07,0.0,0.0,Mar,2,2,7,10,Returning_Visitor,False,False
3,33.0,0,0.0,17,386.42,0.0,0.01,0.0,0.0,Dec,2,2,1,2,New_Visitor,False,True
0,0.0,0,0.0,3,0.0,0.2,0.18,0.0,0.0,Dec,1,1,1,3,Returning_Visitor,False,False
0,0.0,0,0.0,5,97.83,0.03,0.08,0.0,0.0,Dec,3,2,3,1,Returning_Visitor,True,False
5,84.33,1,3.04,55,1699.33,0.0,0.01,16.48,0.0,May,2,2,6,4,Returning_Visitor,False,False
0,0.0,0,3.79,30,1224.75,0.0,0.01,6.04,0.0,Mar,2,4,2,2,New_Visitor,False,True
3,52.5,0,0.0,24,1365.5,0.0,0.03,0.07,0.0,May,2,5,2,2,Returning_Visitor,False,False
5,237.25,0,0.0,12,454.23,0.0,0.04,0.0,0.0,May,1,1,8,3,Returning_Visitor,True,False
3,51.0,2,176.0,37,1420.73,0.0,0.01,102.35,0.0,May,2,5,2,3,Returning_Visitor,False,True
0,0.0,2,10.3,6,56.75,0.1,0.18,0.0,0.0,Nov,1,1,1,2,Returning_Visitor,False,False
0,0.0,0,1.55,4,279.0,0.0,0.06,0.19,0.0,Mar,2,2,2,1,Returning_Visitor,False,False
0,0.0,0,2.32,3,26.0,0.0,0.06,0.0,0.0,Dec,2,2,1,2,New_Visitor,False,False
3,131.5,0,3.33,26,1708.71,0.01,0.02,33.69,0.0,Nov,1,1,1,2,Returning_Visitor,False,True
1,0.0,0,12.26,20,1117.33,0.0,0.0,0.05,0.0,Mar,2,4,7,2,Returning_Visitor,False,False
1,5.35,0,0.0,10,1331.0,0.0,0.02,49.39,0.0,May,2,2,1,4,Returning_Visitor,True,True
0,0.0,0,0.0,62,1200.35,0.0,0.02,0.14,0.0,Nov,2,2,4,1,Returning_Visitor,False,False
4,292.19,1,57.27,56,1948.71,0.0,0.02,14.69,0.0,May,1,2,3,2,Returning_Visitor,False,True
2,88.71,0,3.71,49,675.2,0.0,0.02,0.0,0.0,Dec,2,2,3,2,Returning_Visitor,False,False
5,71.1,0,0.0,237,6817.94,0.0,0.02,11.54,0.0,Nov,2,2,1,3,Returning_Visitor,False,True
0,0.0,0,0.0,4,31.0,0.0,0.03,0.13,0.0,Dec,2,2,1,2,New_Visitor,False,False
1,35.18,0,2.19,46,1702.88,0.0,0.02,0.0,0.0,Nov,4,1,2,3,Returning_Visitor,True,False
4,59.2,0,0.0,4,38.36,0.0,0.04,0.0,0.0,Dec,3,2,8,2,Returning_Visitor,False,False
3,104.17,0,0.0,12,299.27,0.0,0.03,0.0,0.01,Sep,3,2,1,6,Returning_Visitor,False,False
1,194.0,0,18.47,21,1709.48,0.0,0.0,0.0,0.0,May,1,1,3,2,Returning_Visitor,False,False
3,1155.67,0,0.0,49,1069.17,0.0,0.03,0.07,0.0,Mar,2,2,1,2,Returning_Visitor,True,False
6,88.92,1,10.07,23,1707.26,0.0,0.01,0.0,0.0,Jul,4,2,2,2,New_Visitor,True,False
2,142.58,0,0.0,37,4815.7,0.0,0.01,11.54,0.0,Nov,2,2,3,1,Returning_Visitor,False,True
4,148.25,0,0.0,7,179.96,0.0,0.02,0.0,0.0,Nov,2,2,1,8,New_Visitor,True,True
0,0.0,0,2.97,3,17.0,0.0,0.03,0.1,0.0,Mar,1,1,1,3,Returning_Visitor,False,False
0,0.0,0,0.0,37,619.22,0.0,0.02,0.0,0.0,Nov,2,2,5,2,Returning_Visitor,False,False
9,8.44,4,83.5,34,4096.16,0.01,0.02,8.96,0.0,Nov,3,2,1,2,Returning_Visitor,True,True
3,5.0,0,70.5,125,3507.01,0.01,0.01,0.0,0.0,Nov,4,1,3,2,Returning_Visitor,False,False
3,43.75,0,0.0,46,1292.45,0.0,0.01,0.0,0.0,Aug,2,2,1,2,Returning_Visitor,True,False
7,398.0,0,0.0,27,770.31,0.01,0.04,11.47,0.0,Oct,1,8,3,2,Returning_Visitor,False,True
1,45.4,0,0.0,41,1227.71,0.02,0.06,0.0,0.02,Nov,1,1,3,3,Returning_Visitor,False,False
4,102.72,1,29.5,49,529.33,0.0,0.0,0.0,0.0,May,3,3,2,3,New_Visitor,False,False
0,0.0,0,0.0,49,1425.58,0.01,0.03,11.52,0.0,Dec,2,4,4,1,Returning_Visitor,False,False
0,0.0,0,1.45,8,335.25,0.1,0.14,0.16,0.0,Nov,3,12,1,1,Returning_Visitor,False,True
3,28.5,0,0.0,15,608.42,0.02,0.04,0.33,0.0,Mar,2,5,1,3,Returning_Visitor,False,False
5,46.0,1,17.0,33,1540.58,0.0,0.02,10.84,0.0,Mar,2,2,2,2,Returning_Visitor,True,False
0,0.0,0,3.27,4,127.0,0.0,0.06,0.0,0.8,May,2,2,3,4,Returning_Visitor,False,False
0,0.0,0,0.0,9,1498.02,0.02,0.04,0.0,0.0,Mar,1,1,6,1,Returning_Visitor,False,False
0,0.0,0,0.0,11,201.67,0.02,0.06,0.0,0.6,May,2,2,3,1,Returning_Visitor,False,False
1,11.43,0,9.06,20,1329.26,0.01,0.02,20.79,0.0,Jul,2,2,4,3,Returning_Visitor,False,False
0,0.0,2,84.25,141,1708.43,0.0,0.02,0.0,0.0,Nov,2,2,7,2,Returning_Visitor,False,False
3,38.5,0,0.0,13,130.05,0.02,0.05,0.0,0.0,Nov,1,1,3,1,Returning_Visitor,False,False
4,142.41,0,0.0,46,867.99,0.0,0.02,0.0,0.0,Sep,3,2,3,4,Returning_Visitor,False,False
8,146.45,0,0.0,17,835.42,0.0,0.02,35.89,0.0,Dec,3,2,3,2,New_Visitor,False,True
0,2.61,0,7.74,1,177.18,0.17,0.11,0.31,0.0,Nov,4,1,4,3,Returning_Visitor,False,False
0,0.0,0,0.0,48,809.17,0.03,0.05,0.0,0.6,May,2,2,4,3,Returning_Visitor,False,False
7,96.0,3,313.0,49,2091.66,0.02,0.03,11.61,0.0,May,3,2,1,2,Returning_Visitor,True,False
0,3.86,0,0.0,17,3998.33,0.0,0.04,0.0,0.0,Nov,4,2,4,1,Returning_Visitor,False,False
2,0.78,0,4.86,47,1360.46,0.05,0.07,0.15,0.0,June,3,2,2,3,Returning_Visitor,False,False
0,2.44,0,0.0,12,312.67,0.0,0.03,0.0,0.0,May,1,1,1,4,Returning_Visitor,False,False
2,35.0,0,0.0,7,130.73,0.0,0.05,0.12,0.0,Nov,2,2,9,2,New_Visitor,False,False
4,127.0,0,2.4,49,2423.75,0.0,0.02,11.41,0.0,May,1,1,3,4,Returning_Visitor,False,True
0,0.0,0,0.0,20,678.0,0.0,0.03,0.0,0.0,Dec,2,2,3,10,Returning_Visitor,False,False
3,85.25,0,0.0,3,36.25,0.0,0.01,0.16,0.0,Nov,2,4,4,2,Returning_Visitor,False,False
4,15.5,0,0.0,30,365.61,0.01,0.05,0.0,0.8,May,4,1,3,2,Returning_Visitor,False,False
3,498.6,1,101.57,49,1556.49,0.0,0.03,5.69,0.0,Jul,2,5,1,1,Returning_Visitor,True,True
0,0.0,0,0.0,11,113.8,0.08,0.12,0.1,0.0,Nov,2,2,1,3,Returning_Visitor,False,True
3,34.2,0,0.0,49,1701.98,0.0,0.02,0.0,0.0,Nov,2,2,1,2,Returning_Visitor,False,False
3,112.0,0,0.0,4,111.67,0.0,0.03,3.65,0.0,Sep,3,2,4,1,Returning_Visitor,True,False
0,0.0,0,1.61,8,282.75,0.1,0.12,0.0,0.0,Nov,3,2,1,10,Returning_Visitor,False,False
0,0.0,0,0.0,9,464.0,0.0,0.02,29.32,0.0,May,2,2,1,2,Returning_Visitor,False,True
0,0.82,0,0.0,12,1531.98,0.0,0.02,9.64,0.4,May,2,2,8,2,Returning_Visitor,False,True
3,15.0,0,4.0,49,711.36,0.0,0.0,0.44,0.0,Dec,1,1,1,2,New_Visitor,False,False
0,0.76,0,0.0,23,480.92,0.02,0.03,0.0,0.0,Dec,2,2,1,2,Returning_Visitor,False,False
0,0.0,0,0.0,25,1072.1,0.0,0.02,0.0,0.0,Mar,3,2,1,1,Returning_Visitor,True,False
1,11.0,0,0.0,48,1341.59,0.01,0.02,0.0,0.0,Mar,3,2,6,3,Returning_Visitor,False,False
3,31.96,0,0.0,12,349.7,0.0,0.02,0.34,0.0,Oct,1,1,1,2,Returning_Visitor,False,False
1,36.0,1,32.41,42,1715.23,0.0,0.05,0.0,0.0,May,3,2,3,1,Returning_Visitor,False,False
0,0.0,0,0.0,41,638.95,0.0,0.02,0.0,0.0,Mar,4,2,1,3,Returning_Visitor,False,False
0,0.0,0,0.0,8,286.7,0.05,0.08,0.0,0.0,Jul,3,2,1,1,Returning_Visitor,False,False
0,0.0,0,2.08,8,293.73,0.04,0.06,0.0,0.0,Dec,1,2,2,1,Returning_Visitor,False,False
3,0.79,0,2.29,15,313.25,0.01,0.04,0.36,0.0,Nov,2,2,3,10,Returning_Visitor,False,False
0,0.0,0,3.71,1,106.72,0.2,0.2,0.31,0.0,Mar,2,2,2,1,Returning_Visitor,True,False
0,1.18,0,0.0,2,0.0,0.2,0.2,0.0,0.0,Mar,2,2,1,3,Returning_Visitor,True,False
0,1.25,0,4.1,5,288.5,0.0,0.01,0.0,0.0,Mar,2,2,1,2,Returning_Visitor,True,False
0,0.0,0,0.0,10,105.62,0.02,0.05,0.06,0.0,Nov,1,1,3,2,Returning_Visitor,False,False
9,37.59,0,0.0,40,4409.3,0.0,0.01,12.08,0.0,May,3,2,1,2,Returning_Visitor,False,True
3,94.83,2,38.9,262,6774.82,0.0,0.02,0.67,0.0,June,2,5,1,4,Returning_Visitor,False,False
0,68.6,1,29.2,97,1656.73,0.0,0.01,0.0,0.0,Jul,2,4,2,2,Returning_Visitor,False,False
9,4.63,2,28.1,20,7009.1,0.0,0.01,4.95,0.8,Nov,6,2,2,3,Returning_Visitor,False,False
0,0.84,0,2.6,20,1656.39,0.0,0.02,0.0,0.0,Dec,2,2,3,2,Returning_Visitor,False,False
1,81.0,0,0.0,15,914.5,0.0,0.01,56.58,0.0,Nov,2,2,2,11,Returning_Visitor,True,True
2,47.5,0,0.0,23,472.42,0.0,0.03,0.08,0.0,Dec,1,1,1,3,Returning_Visitor,False,False
0,0.0,0,0.0,26,234.8,0.05,0.06,0.0,0.0,Jul,2,2,7,13,Returning_Visitor,False,False
0,0.89,0,0.0,21,795.36,0.04,0.06,0.06,0.0,Dec,3,1,1,3,Returning_Visitor,False,False
0,0.0,0,0.0,1,0.0,0.14,0.2,0.95,0.01,Dec,1,1,9,20,Returning_Visitor,False,False
0,0.0,0,0.0,11,398.69,0.0,0.06,1.24,0.0,Nov,1,8,8,2,Returning_Visitor,False,False
3,144.73,0,0.0,11,203.98,0.0,0.01,0.0,0.0,Oct,2,2,1,2,New_Visitor,False,False
3,47.4,0,0.0,46,494.16,0.04,0.05,0.0,0.01,Aug,3,2,4,4,Returning_Visitor,False,False
3,2.66,0,0.0,21,2923.25,0.02,0.03,0.0,0.0,Dec,1,1,3,1,Returning_Visitor,False,False
3,95.0,0,0.0,49,808.7,0.01,0.01,0.0,0.0,Mar,3,2,7,3,Returning_Visitor,True,False
3,145.21,0,4.91,9,525.99,0.04,0.06,0.0,0.0,Sep,3,2,6,13,Returning_Visitor,False,False
0,0.0,0,12.48,15,291.2,0.18,0.17,0.0,0.0,Oct,3,2,8,20,Returning_Visitor,False,False
10,128.33,0,2.59,49,4010.06,0.02,0.03,5.78,0.01,May,2,2,1,2,Returning_Visitor,False,False
0,0.0,2,110.87,67,1597.53,0.01,0.03,0.0,0.0,Nov,1,1,1,2,Returning_Visitor,False,False
4,57.4,0,0.0,21,423.5,0.0,0.01,0.0,0.0,Sep,2,2,1,2,Returning_Visitor,False,False
0,0.0,0,0.0,3,16.0,0.03,0.1,0.13,0.0,Mar,2,6,1,3,Returning_Visitor,False,False
0,1.01,0,5.36,3,518.04,0.0,0.03,0.0,0.56,May,2,2,3,2,Returning_Visitor,False,False
0,0.63,0,0.0,97,2300.89,0.0,0.02,0.12,0.0,Nov,2,2,1,2,Returning_Visitor,False,False
0,0.0,0,3.9,12,1677.28,0.02,0.06,0.0,0.0,Dec,2,2,3,2,Returning_Visitor,True,False
3,215.0,0,0.0,53,1481.43,0.01,0.01,42.95,0.0,Nov,1,8,1,2,Returning_Visitor,True,True
1,5.0,0,2.65,41,236.39,0.0,0.03,0.0,0.0,May,1,1,3,3,Returning_Visitor,False,False
1,8.0,0,2.07,14,269.5,0.0,0.02,0.0,0.0,Mar,2,2,3,1,Returning_Visitor,False,False
1,0.62,0,0.0,12,167.22,0.0,0.0,0.0,0.0,Mar,3,2,1,3,Returning_Visitor,True,False
1,145.22,0,0.0,34,1699.32,0.0,0.04,0.0,0.0,Nov,1,1,1,2,Returning_Visitor,False,True
2,58.0,0,0.0,50,952.43,0.0,0.01,9.31,0.0,May,4,2,2,11,Returning_Visitor,True,True
0,0.0,0,0.0,1,0.0,0.2,0.17,0.0,0.0,Mar,2,2,7,1,Returning_Visitor,True,False
3,136.12,0,0.0,48,1039.89,0.0,0.04,0.0,0.0,Dec,2,2,3,2,Returning_Visitor,False,False
1,8.0,0,5.42,51,1714.52,0.0,0.02,0.5,0.6,May,2,5,4,6,Returning_Visitor,False,False
3,49.5,1,29.5,45,1692.77,0.0,0.01,20.97,0.0,Mar,2,2,3,8,Returning_Visitor,True,True
1,0.77,0,5.65,12,207.3,0.0,0.03,0.0,0.0,May,2,2,2,3,Returning_Visitor,False,False
7,85.53,3,255.5,45,2996.49,0.01,0.03,2.09,0.0,May,2,2,1,2,Returning_Visitor,False,False
0,0.0,0,0.0,5,55.5,0.0,0.04,0.0,0.0,Dec,3,2,3,6,Returning_Visitor,False,False
3,134.75,0,0.0,12,1138.25,0.03,0.05,0.0,0.0,Dec,1,1,1,3,Returning_Visitor,False,False
0,0.0,0,0.0,5,97.17,0.0,0.03,0.0,0.01,May,1,1,3,3,Returning_Visitor,False,False
12,5.84,6,1024.25,31,3247.64,0.01,0.02,48.86,0.0,May,3,1,1,2,Returning_Visitor,True,True
1,24.0,2,239.0,11,1809.83,0.02,0.05,0.0,0.0,Mar,1,1,4,2,Returning_Visitor,False,False
0,0.0,0,0.0,1,0.0,0.2,0.2,0.0,0.0,Dec,2,2,5,2,Returning_Visitor,True,False
0,0.0,0,0.0,26,852.77,0.0,0.02,0.0,1.0,May,2,2,4,1,Returning_Visitor,True,False
0,0.0,0,0.0,12,442.5,0.0,0.01,0.0,0.0,Nov,2,2,1,2,New_Visitor,False,False
2,140.72,0,13.43,23,1875.74,0.03,0.06,0.0,0.0,May,3,2,4,1,Returning_Visitor,False,False
6,112.5,0,0.0,86,2041.23,0.0,0.01,5.91,0.0,Nov,2,4,1,2,Returning_Visitor,False,True
4,19.8,0,0.0,2,10.0,0.01,0.03,0.0,0.0,Sep,1,1,6,5,New_Visitor,True,True
3,139.63,0,0.0,46,987.12,0.0,0.01,22.26,0.0,Sep,2,2,8,2,Returning_Visitor,False,True
1,118.91,0,3.24,5,204.3,0.0,0.02,0.0,0.0,Mar,2,2,7,2,Returning_Visitor,False,False
2,190.0,1,64.38,44,1299.16,0.0,0.01,0.0,0.0,Mar,1,2,6,2,Returning_Visitor,True,False
1,139.78,0,13.82,55,1033.65,0.02,0.02,0.0,0.0,Oct,3,2,1,1,Returning_Visitor,False,False
0,0.0,1,108.8,10,322.37,0.01,0.01,61.81,0.0,Nov,2,5,1,3,Returning_Visitor,False,True
2,22.25,0,0.0,27,2958.22,0.01,0.03,7.87,0.0,Nov,2,2,1,2,Returning_Visitor,False,True
3,141.73,1,121.0,14,311.25,0.0,0.01,0.0,0.0,Nov,3,2,1,10,Returning_Visitor,False,False
1,5.0,0,0.0,21,1711.68,0.0,0.01,0.0,0.0,Dec,2,2,4,3,Returning_Visitor,False,False
0,0.0,0,1.45,5,109.5,0.08,0.09,0.0,0.4,May,3,2,1,13,Returning_Visitor,False,False
0,0.0,0,0.0,16,228.02,0.0,0.01,0.09,0.0,Dec,2,2,1,2,Returning_Visitor,True,False
4,144.38,0,0.0,21,221.25,0.01,0.04,0.11,0.0,Nov,2,2,1,2,Returning_Visitor,False,False
0,0.0,0,3.06,8,148.75,0.0,0.03,0.05,0.0,Mar,2,2,3,2,Returning_Visitor,True,False
4,45.0,0,0.0,21,819.83,0.0,0.0,0.0,0.0,May,3,2,1,2,New_Visitor,False,False
0,0.79,0,0.0,7,255.75,0.0,0.03,0.0,0.0,May,2,2,1,4,Returning_Visitor,False,False
1,10.0,0,0.0,12,220.27,0.0,0.02,60.62,0.0,Nov,2,1,1,8,New_Visitor,True,True
4,61.0,0,0.0,14,175.67,0.0,0.01,0.0,0.0,Mar,2,2,5,2,Returning_Visitor,False,False
0,0.0,0,4.22,10,383.5,0.0,0.02,0.48,0.0,Nov,1,1,1,2,New_Visitor,False,False
0,0.0,0,0.0,9,396.17,0.0,0.05,0.0,0.0,Nov,2,2,8,13,Other,False,False
0,0.0,0,0.0,2,93.6,0.0,0.05,0.0,0.0,Oct,2,4,1,2,Returning_Visitor,True,False
0,0.0,0,1.83,12,225.34,0.08,0.06,0.0,0.8,May,3,2,6,13,Returning_Visitor,False,False
3,3.69,0,0.0,16,742.21,0.0,0.03,22.9,0.0,Nov,1,1,3,5,New_Visitor,False,True
1,8.0,0,0.0,45,690.25,0.01,0.03,10.06,0.0,Dec,1,1,3,2,Returning_Visitor,True,False
5,127.8,0,1.85,15,766.82,0.0,0.03,0.72,0.0,Aug,1,8,4,2,Returning_Visitor,True,True
0,0.0,0,0.0,1,0.0,0.2,0.2,0.08,0.0,May,2,5,1,2,Returning_Visitor,True,False
0,0.0,0,0.0,1,0.0,0.2,0.2,0.0,0.0,Mar,2,2,5,1,Returning_Visitor,False,False
3,149.07,0,1.8,19,1705.48,0.02,0.02,0.0,0.01,Nov,3,2,1,2,Returning_Visitor,False,False
0,0.0,0,0.0,16,228.62,0.0,0.01,0.0,0.0,Dec,2,2,1,2,New_Visitor,False,False
3,39.0,0,0.0,10,176.8,0.0,0.04,0.0,0.0,June,3,2,5,4,Returning_Visitor,False,False
4,102.24,2,10.0,48,2806.83,0.0,0.04,0.55,0.02,Sep,2,2,1,2,Returning_Visitor,True,False
4,146.01,0,0.0,7,101.74,0.0,0.04,0.0,0.0,Nov,1,1,6,5,New_Visitor,False,False
0,0.77,0,0.0,42,1635.0,0.0,0.01,0.0,0.0,Mar,2,2,1,1,Returning_Visitor,False,False
0,0.0,0,6.35,33,960.12,0.01,0.02,0.06,0.0,Dec,2,6,1,3,Returning_Visitor,False,False
0,0.0,0,0.0,30,3223.73,0.03,0.03,21.14,0.0,Sep,2,2,7,2,Returning_Visitor,False,False
8,66.2,3,276.0,25,641.8,0.01,0.01,0.0,0.0,Oct,2,2,1,2,Returning_Visitor,False,False
0,0.0,0,1.58,2,119.61,0.2,0.17,0.0,0.0,Nov,3,2,7,3,Returning_Visitor,False,False
13,331.98,5,128.0,43,8217.68,0.0,0.01,3.65,0.0,May,2,2,1,3,Returning_Visitor,True,True
0,0.0,0,3.89,16,332.17,0.0,0.01,0.0,0.0,Dec,2,2,3,2,New_Visitor,False,False
4,101.06,1,38.3,36,725.21,0.0,0.03,0.34,0.0,Oct,2,2,9,2,Returning_Visitor,True,False
5,48.98,1,65.0,40,1159.57,0.0,0.02,12.49,0.0,May,1,1,4,13,Returning_Visitor,True,False
0,0.0,0,0.0,32,2787.75,0.01,0.01,0.0,0.0,Nov,2,2,1,2,New_Visitor,False,False
2,32.0,1,70.0,16,504.08,0.01,0.02,9.54,0.0,May,2,2,3,8,Returning_Visitor,False,False
4,138.03,0,0.0,12,197.0,0.0,0.04,0.0,0.0,Nov,2,2,1,2,New_Visitor,False,False
0,0.0,0,0.0,47,1779.16,0.0,0.02,0.0,0.0,Aug,2,2,1,1,Returning_Visitor,False,False
1,140.61,0,0.0,4,45.27,0.07,0.08,0.0,0.0,Mar,3,2,3,1,Returning_Visitor,False,False
2,34.92,1,21.23,21,496.48,0.0,0.03,0.0,0.0,Dec,3,2,1,2,Returning_Visitor,False,False
0,0.0,0,3.51,7,499.5,0.0,0.03,0.6,0.8,May,2,2,1,5,New_Visitor,False,False
2,143.65,0,7.21,11,572.39,0.0,0.02,34.26,0.4,May,1,1,3,4,Returning_Visitor,False,True
0,0.0,0,9.59,17,1741.69,0.0,0.03,0.0,0.0,Dec,3,2,2,1,Returning_Visitor,False,False
5,69.5,0,0.0,4,34.5,0.0,0.03,0.6,0.0,May,2,2,1,4,Returning_Visitor,True,False
1,3.4,0,2.72,37,665.45,0.02,0.07,0.46,0.0,Nov,3,2,3,3,Returning_Visitor,False,False
3,15.2,0,0.0,81,4536.31,0.03,0.05,0.3,0.0,Jul,3,2,1,1,Returning_Visitor,False,False
0,0.0,0,1.83,1,0.0,0.17,0.18,0.04,0.0,Mar,2,2,1,1,Returning_Visitor,False,False
2,5.92,0,0.0,5,112.0,0.03,0.09,0.15,0.0,Nov,2,2,1,2,Returning_Visitor,False,False
15,136.98,1,27.5,42,10014.27,0.0,0.02,1.61,0.0,May,2,2,1,2,Returning_Visitor,False,True
0,0.0,0,0.0,5,47.0,0.0,0.06,0.0,0.0,Nov,2,2,3,3,Returning_Visitor,False,False
0,0.0,0,5.72,14,206.5,0.0,0.04,0.0,0.29,May,2,2,1,2,Returning_Visitor,False,False
1,15.0,0,0.0,19,189.67,0.02,0.03,0.26,0.0,May,3,2,6,1,Returning_Visitor,False,False
4,144.47,0,0.0,59,1714.35,0.01,0.02,8.13,0.0,May,2,2,1,2,Returning_Visitor,False,True
0,0.0,0,0.0,7,193.33,0.03,0.06,0.12,0.01,May,2,4,3,3,Returning_Visitor,False,False
0,0.0,0,0.0,11,242.98,0.04,0.08,0.17,0.0,Nov,1,1,4,3,Returning_Visitor,False,False
6,15.8,0,0.0,46,1820.57,0.03,0.06,15.18,0.6,May,2,2,4,6,Returning_Visitor,False,False
0,0.0,0,0.0,6,203.34,0.0,0.06,0.0,0.2,May,2,2,1,4,Returning_Visitor,False,False
9,156.61,5,156.75,83,2694.51,0.02,0.01,0.1,0.0,Nov,2,2,1,2,Returning_Visitor,False,True
5,91.5,0,0.0,106,2980.89,0.0,0.01,0.96,0.0,Dec,4,2,3,6,Returning_Visitor,False,False
11,303.93,0,0.0,47,1853.29,0.0,0.02,11.53,0.01,May,2,2,1,2,Returning_Visitor,False,False
4,83.25,0,0.0,48,4307.41,0.0,0.01,11.55,0.01,Dec,2,2,1,2,Returning_Visitor,False,True
3,98.81,0,0.0,26,1296.18,0.04,0.06,0.0,0.0,May,2,2,1,3,Returning_Visitor,False,False
8,143.47,3,491.25,48,2062.89,0.01,0.03,5.61,0.0,Mar,1,1,4,2,Returning_Visitor,False,True
0,0.0,0,0.0,1,0.0,0.2,0.2,0.04,0.0,Dec,2,4,3,1,Returning_Visitor,False,False
0,0.0,1,5.0,89,2744.54,0.0,0.02,0.0,0.0,Nov,2,1,6,10,Returning_Visitor,True,False
0,0.0,0,4.48,26,1492.17,0.0,0.01,0.0,0.0,Mar,2,1,8,3,Returning_Visitor,False,False
3,37.68,2,29.76,47,9227.37,0.01,0.02,0.0,0.0,Nov,4,1,1,3,Returning_Visitor,True,False
0,0.0,0,0.0,4,49.23,0.05,0.1,0.0,0.44,May,1,1,1,3,Returning_Visitor,False,False
4,88.0,1,1174.0,173,6014.4,0.01,0.03,1.54,0.0,Nov,3,2,1,2,Returning_Visitor,True,True
0,0.62,0,10.13,48,1065.9,0.02,0.06,0.0,0.01,May,1,1,1,6,Returning_Visitor,True,False
6,122.8,0,2.23,6,175.4,0.0,0.02,0.0,0.0,Dec,2,5,1,2,New_Visitor,False,False
0,0.0,0,4.25,19,295.83,0.0,0.01,0.0,0.0,Nov,2,2,2,2,New_Visitor,True,False
0,0.0,0,0.0,10,443.75,0.0,0.06,2.75,0.0,Nov,1,8,8,2,Returning_Visitor,False,True
0,0.0,0,0.0,1,36.88,0.0,0.2,0.0,0.0,Mar,2,2,1,1,Returning_Visitor,False,False
1,8.31,0,0.0,10,320.94,0.02,0.02,0.0,0.0,May,2,2,3,3,New_Visitor,True,False
0,0.7,0,2.49,62,1685.67,0.05,0.06,0.0,0.0,Jul,3,2,3,13,Returning_Visitor,True,False
0,0.0,2,21.0,43,1825.56,0.0,0.02,0.43,0.0,Nov,2,6,1,2,Returning_Visitor,True,False
1,6.0,0,0.0,53,2241.5,0.0,0.03,0.08,0.4,May,2,4,9,3,Returning_Visitor,False,False
2,24.5,0,0.0,22,353.17,0.02,0.03,0.53,0.0,Mar,2,5,3,3,Returning_Visitor,False,False
0,0.0,0,2.7,6,50.0,0.0,0.03,0.0,0.0,May,2,2,3,3,Returning_Visitor,False,False
3,72.57,10,208.6,27,1091.32,0.0,0.03,0.0,0.0,Sep,2,2,1,2,New_Visitor,False,True
7,356.67,0,0.0,47,1636.26,0.01,0.01,0.19,0.0,Oct,2,2,4,2,Returning_Visitor,False,False
0,0.0,0,6.88,4,146.68,0.0,0.03,0.0,0.0,Mar,2,2,1,2,Returning_Visitor,False,False
3,97.2,2,16.0,26,1544.29,0.0,0.0,59.34,0.0,Jul,2,4,8,2,Returning_Visitor,False,True
7,221.0,0,9.26,49,1694.42,0.0,0.02,0.0,0.3,May,1,1,1,3,Returning_Visitor,False,False
6,135.5,0,0.0,23,619.5,0.0,0.01,0.17,0.05,May,2,6,1,3,Returning_Visitor,False,False
0,0.0,0,7.65,122,1945.32,0.02,0.03,0.11,1.0,May,1,6,1,4,Returning_Visitor,True,False
1,7.0,1,12.0,21,1269.44,0.0,0.03,0.0,0.0,Dec,2,2,1,2,Returning_Visitor,False,False
3,87.0,0,0.0,10,320.5,0.0,0.02,0.0,0.0,Feb,1,1,2,3,Returning_Visitor,False,False
0,0.0,0,0.0,16,355.5,0.0,0.01,11.13,0.0,May,3,2,1,3,Returning_Visitor,False,True
0,0.0,0,0.0,5,88.0,0.0,0.05,0.0,0.0,Feb,4,1,1,3,Returning_Visitor,False,False
3,21.0,0,3.24,13,1474.5,0.0,0.02,69.46,0.0,Dec,2,2,4,3,Returning_Visitor,False,True
0,0.0,0,0.0,31,3888.17,0.02,0.03,0.18,0.0,Mar,2,4,3,1,Returning_Visitor,False,False
2,142.65,0,5.31,24,1703.45,0.0,0.01,0.06,0.0,Mar,2,2,1,2,Returning_Visitor,False,False
0,0.0,0,0.0,71,1799.83,0.04,0.05,0.0,0.6,May,2,4,8,2,Returning_Visitor,False,False
0,0.0,0,0.0,60,1722.11,0.01,0.02,0.05,0.0,Aug,2,2,1,2,Returning_Visitor,False,False
0,0.0,0,5.2,18,5188.5,0.0,0.02,0.33,0.0,Mar,2,5,1,1,Returning_Visitor,False,False
3,30.0,0,0.0,24,300.67,0.01,0.03,0.0,0.01,May,2,2,1,4,Returning_Visitor,False,False
0,0.0,0,4.34,26,364.67,0.07,0.06,0.0,0.8,May,2,2,3,13,Returning_Visitor,False,False
3,12.17,1,260.5,47,1148.17,0.01,0.04,7.52,0.0,May,2,2,1,1,Returning_Visitor,True,True
0,0.0,0,2.79,10,237.34,0.0,0.03,0.0,0.0,Jul,2,2,1,1,Returning_Visitor,True,False
1,0.0,0,0.0,15,708.53,0.0,0.04,54.86,0.0,Mar,1,4,3,2,Returning_Visitor,False,False
4,114.21,0,4.06,31,736.78,0.0,0.01,0.0,0.6,May,2,2,8,3,Returning_Visitor,False,False
1,46.05,1,4.0,17,326.32,0.0,0.01,0.0,0.0,May,2,2,9,2,Returning_Visitor,True,False
0,0.0,0,0.0,49,1714.24,0.05,0.06,0.14,0.0,May,1,1,1,3,Returning_Visitor,False,False
0,0.95,0,0.0,1,0.0,0.2,0.2,0.0,0.8,May,2,2,1,1,Returning_Visitor,False,False
0,0.0,0,0.0,1,0.0,0.2,0.2,0.0,0.0,May,1,1,4,2,New_Visitor,False,False
0,0.0,0,1.59,4,1735.97,0.05,0.06,0.0,0.0,June,1,1,1,4,Returning_Visitor,True,False
3,12.0,0,24.0,3,5.33,0.03,0.08,0.0,0.0,Mar,2,2,1,3,Returning_Visitor,False,False
3,33.0,0,0.0,8,182.58,0.0,0.03,0.0,0.0,Mar,2,2,6,3,Returning_Visitor,False,False
0,4.22,1,5.0,27,1095.66,0.02,0.02,60.73,0.0,Nov,1,1,1,10,Returning_Visitor,True,True
0,0.81,0,0.0,2,38.69,0.0,0.1,0.03,0.0,May,2,2,1,3,Returning_Visitor,False,False
3,52.25,0,0.0,3,28.0,0.0,0.03,0.16,0.0,Nov,2,2,1,6,New_Visitor,False,False
0,1.0,0,1.96,4,7.0,0.0,0.06,0.0,0.0,Mar,2,2,1,1,Returning_Visitor,False,False
0,0.0,0,2.15,12,276.0,0.0,0.02,0.0,0.0,Dec,2,2,8,2,New_Visitor,False,False
0,0.0,0,2.31,1,0.0,0.2,0.2,0.13,0.0,May,2,2,2,1,Returning_Visitor,False,False
0,0.0,0,30.0,11,1114.92,0.0,0.03,0.0,0.0,Nov,3,2,1,3,Returning_Visitor,False,False
0,0.0,0,1.51,5,95.0,0.04,0.12,0.0,0.0,Mar,2,2,1,1,Returning_Visitor,False,False
0,0.0,0,0.0,9,249.41,0.0,0.01,0.0,0.0,Nov,1,2,1,4,Returning_Visitor,False,False
1,0.0,0,1.94,1,148.01,0.12,0.15,0.0,0.0,Dec,2,2,4,13,Returning_Visitor,False,False
2,135.48,0,7.83,46,1852.75,0.0,0.01,0.0,0.0,Mar,2,2,2,2,Returning_Visitor,False,False
4,47.8,0,1.5,7,206.21,0.02,0.07,0.0,0.01,Jul,3,2,1,4,Returning_Visitor,False,False
0,0.0,0,0.0,3,1549.34,0.07,0.13,0.53,0.0,Aug,2,4,1,1,Returning_Visitor,True,False
5,41.38,3,178.5,48,1565.96,0.01,0.02,8.05,0.0,Nov,2,2,4,2,Returning_Visitor,False,True
0,0.0,0,3.5,19,621.73,0.01,0.02,0.0,0.0,Jul,1,1,1,2,Returning_Visitor,False,False
0,0.88,0,2.45,21,1708.61,0.0,0.01,0.0,0.0,Dec,3,2,1,2,New_Visitor,False,False
0,6.52,0,9.49,40,1445.84,0.0,0.03,0.0,0.0,Nov,3,2,6,8,Returning_Visitor,True,False
0,0.65,0,0.0,19,579.74,0.0,0.01,0.0,0.0,Nov,2,2,4,2,Returning_Visitor,False,True
5,95.32,0,0.0,15,743.67,0.01,0.03,19.43,0.0,May,2,2,1,2,Returning_Visitor,False,True
0,0.0,0,1.74,9,140.0,0.02,0.06,0.04,0.0,Mar,2,2,6,1,Returning_Visitor,False,False
3,150.0,0,0.0,49,1722.5,0.0,0.01,0.0,0.0,May,2,2,4,2,Returning_Visitor,False,False
0,0.0,0,1.5,6,279.0,0.0,0.05,0.0,0.0,Dec,1,2,3,10,Returning_Visitor,True,False
0,5.58,0,3.19,3,9.0,0.07,0.13,0.0,0.0,May,2,2,2,3,Returning_Visitor,True,False
0,0.0,0,0.0,48,1713.33,0.0,0.01,0.0,0.0,Oct,2,2,2,2,New_Visitor,True,False
3,146.4,0,0.0,14,1713.19,0.0,0.02,58.98,0.0,May,2,2,1,2,Returning_Visitor,False,False
0,0.0,0,0.0,4,0.0,0.17,0.2,0.0,0.0,May,2,2,2,3,Returning_Visitor,False,False
5,60.08,0,5.94,44,842.42,0.0,0.01,52.29,0.0,Oct,1,1,1,2,Returning_Visitor,True,True
0,0.0,0,11.49,4,226.0,0.09,0.13,0.0,0.0,May,1,1,1,1,Returning_Visitor,False,False
1,38.5,0,0.0,44,311.03,0.0,0.04,0.65,0.0,Dec,1,1,2,8,New_Visitor,True,False
0,0.0,0,6.36,4,108.0,0.0,0.05,0.88,0.8,May,3,2,3,2,Returning_Visitor,False,False
3,793.75,1,4.15,48,3186.96,0.01,0.02,0.0,0.0,Nov,1,1,1,2,Returning_Visitor,False,False
1,59.5,0,0.0,20,646.17,0.0,0.03,0.0,0.02,Dec,2,2,9,3,Returning_Visitor,False,False
3,107.8,12,886.25,40,7838.56,0.01,0.02,0.0,0.0,Nov,3,2,6,2,Returning_Visitor,True,False
0,0.0,0,1.56,3,51.5,0.0,0.07,0.0,0.0,Mar,3,2,1,10,Returning_Visitor,True,False
0,0.0,0,1.93,2,0.0,0.2,0.2,0.0,0.6,May,3,2,8,13,Returning_Visitor,False,False
3,13.0,1,4.13,51,4651.61,0.0,0.02,0.0,0.0,May,2,4,6,4,Returning_Visitor,False,False
0,0.0,2,4.85,106,5633.54,0.01,0.04,0.0,1.0,May,3,2,8,2,Returning_Visitor,True,False
6,109.6,0,0.0,47,495.1,0.0,0.04,0.0,0.0,Nov,2,4,8,2,New_Visitor,False,False
3,26.67,1,55.84,48,819.27,0.01,0.02,0.07,0.0,Nov,2,2,1,2,Returning_Visitor,True,False
5,62.0,0,0.0,125,1935.34,0.0,0.01,0.0,0.0,Nov,4,2,3,3,Returning_Visitor,False,False
0,0.0,0,0.0,11,281.9,0.03,0.06,0.01,0.0,Dec,2,2,1,2,Returning_Visitor,True,False
1,0.0,0,0.0,34,2161.98,0.01,0.02,0.0,0.0,Mar,3,2,1,1,Returning_Visitor,False,False
0,0.0,0,0.0,3,111.52,0.0,0.07,0.0,0.0,May,2,2,4,1,Returning_Visitor,True,False
0,0.0,0,2.4,6,1563.0,0.0,0.01,0.15,0.0,May,2,2,1,4,Returning_Visitor,False,False
0,2.01,0,2.55,4,18.2,0.15,0.15,0.36,0.0,Sep,2,2,1,13,Returning_Visitor,False,False
1,4.0,0,3.3,32,673.12,0.01,0.02,17.06,0.8,May,2,2,3,4,Returning_Visitor,False,True
5,64.58,0,0.0,36,1334.08,0.0,0.01,0.0,0.0,Nov,2,2,3,2,Returning_Visitor,False,False
3,241.67,5,442.27,38,1710.29,0.0,0.01,8.22,0.0,Mar,2,4,1,2,Returning_Visitor,True,False
2,273.0,0,8.6,10,384.4,0.04,0.04,0.58,0.0,May,3,2,1,2,Returning_Visitor,False,False
0,0.76,0,0.0,9,152.6,0.04,0.06,0.57,0.0,June,3,2,1,3,Returning_Visitor,False,False
0,1.75,0,0.0,12,1693.11,0.0,0.02,57.7,0.0,Nov,2,2,6,2,New_Visitor,True,True
7,351.08,1,18.67,42,1691.25,0.0,0.01,13.78,0.0,Nov,1,1,1,10,Returning_Visitor,False,False
4,139.17,1,29.0,78,3098.99,0.0,0.02,0.0,0.0,May,3,2,1,13,Returning_Visitor,True,False
0,0.0,0,0.0,24,1884.7,0.03,0.07,0.07,0.01,Sep,3,2,4,3,Returning_Visitor,False,False
1,32.75,1,1.95,44,2949.55,0.02,0.03,0.0,0.8,May,3,2,1,13,Returning_Visitor,False,False
0,0.0,0,7.52,44,1661.48,0.0,0.03,0.0,0.0,Dec,2,2,1,2,New_Visitor,False,False
0,0.76,0,0.0,43,3747.83,0.02,0.05,0.0,0.0,Jul,2,2,3,13,Returning_Visitor,False,False
0,0.0,0,2.93,4,62.92,0.2,0.18,0.0,0.6,May,3,2,4,3,Returning_Visitor,False,False
0,6.43,0,0.0,9,1022.42,0.0,0.02,56.86,0.0,Nov,2,2,1,2,Returning_Visitor,False,True
11,13.71,0,0.0,63,1276.84,0.01,0.01,0.0,0.0,Jul,2,2,3,6,New_Visitor,False,True
1,57.97,0,0.0,12,1687.27,0.0,0.04,0.0,0.0,Nov,1,1,1,2,Returning_Visitor,False,False
3,51.4,0,0.0,41,1482.07,0.02,0.03,48.79,0.0,May,2,2,3,3,Returning_Visitor,False,True
12,12.35,0,0.0,43,6065.02,0.01,0.01,0.15,0.0,Nov,1,1,1,2,Returning_Visitor,False,True
11,15.29,9,985.48,47,11492.21,0.0,0.03,0.0,0.01,May,1,1,1,2,Returning_Visitor,False,False
